game_id,season,week,p_home,margin,p_home_cover
2006_01_ATL_CAR,2006,1,0.66773,5.51819,0.50670
2006_01_BAL_TB,2006,1,0.59951,3.28097,0.48705
2006_01_BUF_NE,2006,1,0.79224,10.43708,0.49121
2006_01_CHI_GB,2006,1,0.37393,-3.74140,0.47315
2006_01_CIN_KC,2006,1,0.48667,-0.24012,0.51314
2006_01_DAL_JAX,2006,1,0.50232,0.20444,0.55147
2006_01_DEN_STL,2006,1,0.39443,-3.09383,0.49039
2006_01_IND_NYG,2006,1,0.41406,-2.47229,0.49363
2006_01_MIA_PIT,2006,1,0.59071,2.97255,0.51880
2006_01_MIN_WAS,2006,1,0.64205,4.65664,0.49706
2006_01_NO_CLE,2006,1,0.59925,3.27301,0.48684
2006_01_NYJ_TEN,2006,1,0.55699,1.96488,0.46535
2006_01_PHI_HOU,2006,1,0.33724,-4.99861,0.50625
2006_01_SD_OAK,2006,1,0.42017,-2.28460,0.49863
2006_01_SEA_DET,2006,1,0.31594,-5.72263,0.48696
2006_01_SF_ARI,2006,1,0.76416,9.20772,0.47180
2006_02_ARI_SEA,2006,2,0.74660,8.43763,0.51787
2006_02_BUF_MIA,2006,2,0.69754,6.59487,0.48210
2006_02_CAR_MIN,2006,2,0.59014,2.96662,0.50533
2006_02_CLE_CIN,2006,2,0.81505,11.53054,0.50703
2006_02_DET_CHI,2006,2,0.75900,8.93580,0.53112
2006_02_HOU_IND,2006,2,0.86434,14.33363,0.52841
2006_02_KC_DEN,2006,2,0.79763,10.70787,0.47180
2006_02_NE_NYJ,2006,2,0.35264,-4.48907,0.51982
2006_02_NO_GB,2006,2,0.47524,-0.57034,0.49101
2006_02_NYG_PHI,2006,2,0.60396,3.41971,0.49075
2006_02_OAK_BAL,2006,2,0.86546,14.41699,0.51732
2006_02_PIT_JAX,2006,2,0.40690,-2.68164,0.47474
2006_02_STL_SF,2006,2,0.41500,-2.44356,0.49439
2006_02_TB_ATL,2006,2,0.67426,5.73927,0.51259
2006_02_TEN_SD,2006,2,0.83418,12.55547,0.49437
2006_02_WAS_DAL,2006,2,0.66707,5.55531,0.44132
2006_03_ATL_NO,2006,3,0.38573,-3.37896,0.49611
2006_03_BAL_CLE,2006,3,0.29943,-6.31423,0.48452
2006_03_CAR_TB,2006,3,0.41943,-2.30729,0.49802
2006_03_CHI_MIN,2006,3,0.37958,-3.56179,0.47793
2006_03_CIN_PIT,2006,3,0.59018,2.96784,0.50536
2006_03_DEN_NE,2006,3,0.71550,7.24237,0.49935
2006_03_GB_DET,2006,3,0.69111,6.36818,0.47606
2006_03_JAX_IND,2006,3,0.71022,7.04962,0.49421
2006_03_NYG_SEA,2006,3,0.65431,5.05848,0.50777
2006_03_NYJ_BUF,2006,3,0.65420,5.10235,0.45575
2006_03_PHI_SF,2006,3,0.35056,-4.55700,0.51802
2006_03_STL_ARI,2006,3,0.65475,5.10866,0.46917
2006_03_TEN_MIA,2006,3,0.79878,10.74910,0.48620
2006_03_WAS_HOU,2006,3,0.38912,-3.26036,0.48595
2006_04_ARI_ATL,2006,4,0.72886,7.75216,0.49961
2006_04_CLE_OAK,2006,4,0.48561,-0.25986,0.49929
2006_04_DAL_TEN,2006,4,0.21968,-9.51795,0.49241
2006_04_DET_STL,2006,4,0.69261,6.39736,0.50348
2006_04_GB_PHI,2006,4,0.81878,11.75231,0.47298
2006_04_IND_NYJ,2006,4,0.29824,-6.38020,0.50941
2006_04_JAX_WAS,2006,4,0.44810,-1.42252,0.50828
2006_04_MIA_HOU,2006,4,0.37933,-3.56966,0.47772
2006_04_MIN_BUF,2006,4,0.53621,1.30239,0.48762
2006_04_NE_CIN,2006,4,0.66959,5.60461,0.48235
2006_04_NO_CAR,2006,4,0.69966,6.68171,0.47111
2006_04_SD_BAL,2006,4,0.52578,0.98942,0.47929
2006_04_SEA_CHI,2006,4,0.62747,4.17453,0.49754
2006_04_SF_KC,2006,4,0.72148,7.47544,0.49223
2006_05_BAL_DEN,2006,5,0.69418,6.45251,0.50495
2006_05_BUF_CHI,2006,5,0.79597,10.59578,0.50877
2006_05_CLE_CAR,2006,5,0.74263,8.29337,0.50071
2006_05_DAL_PHI,2006,5,0.52075,0.79125,0.52728
2006_05_DET_MIN,2006,5,0.66655,5.46665,0.51865
2006_05_KC_ARI,2006,5,0.36473,-4.03691,0.46530
2006_05_MIA_NE,2006,5,0.80151,10.85342,0.51563
2006_05_NYJ_JAX,2006,5,0.70431,6.84804,0.47553
2006_05_OAK_SF,2006,5,0.64003,4.56726,0.52132
2006_05_PIT_SD,2006,5,0.59087,3.02464,0.46694
2006_05_STL_GB,2006,5,0.41537,-2.42032,0.48169
2006_05_TB_NO,2006,5,0.68892,6.30346,0.46107
2006_05_TEN_IND,2006,5,0.89731,16.71833,0.56498
2006_05_WAS_NYG,2006,5,0.67377,5.75834,0.47314
2006_06_BUF_DET,2006,6,0.44571,-1.45928,0.46736
2006_06_CAR_BAL,2006,6,0.59538,3.15275,0.48364
2006_06_CHI_ARI,2006,6,0.16045,-12.44921,0.45438
2006_06_CIN_TB,2006,6,0.35419,-4.40286,0.48216
2006_06_HOU_DAL,2006,6,0.82290,11.98542,0.45266
2006_06_KC_PIT,2006,6,0.69633,6.55178,0.48095
2006_06_MIA_NYJ,2006,6,0.59212,3.02791,0.50696
2006_06_NYG_ATL,2006,6,0.60378,3.41424,0.49060
2006_06_OAK_DEN,2006,6,0.89412,16.47486,0.54540
2006_06_PHI_NO,2006,6,0.42035,-2.27912,0.49877
2006_06_SD_SF,2006,6,0.23007,-9.06047,0.49128
2006_06_SEA_STL,2006,6,0.41186,-2.54022,0.49182
2006_06_TEN_WAS,2006,6,0.84475,13.13015,0.52300
2006_07_ARI_OAK,2006,7,0.42035,-2.27910,0.49878
2006_07_CAR_CIN,2006,7,0.58115,2.71348,0.47195
2006_07_DEN_CLE,2006,7,0.34577,-4.67945,0.47480
2006_07_DET_NYJ,2006,7,0.66838,5.52828,0.52029
2006_07_GB_MIA,2006,7,0.67526,5.80880,0.47448
2006_07_JAX_HOU,2006,7,0.22765,-9.11563,0.43683
2006_07_MIN_SEA,2006,7,0.68845,6.26365,0.48659
2006_07_NE_BUF,2006,7,0.29757,-6.35685,0.45683
2006_07_NYG_DAL,2006,7,0.57433,2.50449,0.46640
2006_07_PHI_TB,2006,7,0.34863,-4.62052,0.51632
2006_07_PIT_ATL,2006,7,0.39513,-3.04808,0.46501
2006_07_SD_KC,2006,7,0.30858,-5.97882,0.48013
2006_07_WAS_IND,2006,7,0.78447,10.04151,0.53393
2006_08_ARI_GB,2006,8,0.68307,6.02938,0.53360
2006_08_ATL_CIN,2006,8,0.63951,4.56239,0.50788
2006_08_BAL_NO,2006,8,0.55073,1.74014,0.49929
2006_08_DAL_CAR,2006,8,0.69311,6.39097,0.52993
2006_08_HOU_TEN,2006,8,0.60508,3.45478,0.49168
2006_08_IND_DEN,2006,8,0.56921,2.34819,0.46226
2006_08_JAX_PHI,2006,8,0.74026,8.23659,0.45930
2006_08_NE_MIN,2006,8,0.45988,-1.03185,0.47872
2006_08_NYJ_CLE,2006,8,0.48563,-0.21184,0.44745
2006_08_PIT_OAK,2006,8,0.21308,-9.78562,0.45871
2006_08_SEA_KC,2006,8,0.64504,4.75416,0.49966
2006_08_SF_CHI,2006,8,0.89794,16.82916,0.50166
2006_08_STL_SD,2006,8,0.77019,9.45979,0.47850
2006_08_TB_NYG,2006,8,0.77888,9.83200,0.48841
2006_09_ATL_DET,2006,9,0.35513,-4.38393,0.49598
2006_09_CIN_BAL,2006,9,0.59914,3.26957,0.48675
2006_09_CLE_SD,2006,9,0.87395,14.97755,0.53223
2006_09_DAL_WAS,2006,9,0.47183,-0.71999,0.54025
2006_09_DEN_PIT,2006,9,0.57653,2.57166,0.46818
2006_09_GB_BUF,2006,9,0.62369,4.05395,0.49433
2006_09_HOU_NYG,2006,9,0.86824,14.59714,0.52212
2006_09_IND_NE,2006,9,0.58368,2.79134,0.47402
2006_09_KC_STL,2006,9,0.56824,2.30664,0.47443
2006_09_MIA_CHI,2006,9,0.85303,13.64844,0.49684
2006_09_MIN_SF,2006,9,0.36874,-3.91945,0.48171
2006_09_NO_TB,2006,9,0.53871,1.37757,0.48962
2006_09_OAK_SEA,2006,9,0.74898,8.53193,0.52038
2006_09_TEN_JAX,2006,9,0.79845,10.71036,0.51182
2006_10_BAL_TEN,2006,10,0.25377,-8.03495,0.45212
2006_10_BUF_IND,2006,10,0.86298,14.23539,0.53907
2006_10_CHI_NYG,2006,10,0.56631,2.21250,0.51188
2006_10_CLE_ATL,2006,10,0.77045,9.45933,0.49180
2006_10_DAL_ARI,2006,10,0.28777,-6.73442,0.47334
2006_10_DEN_OAK,2006,10,0.19397,-10.66738,0.43547
2006_10_GB_MIN,2006,10,0.66936,5.58507,0.49515
2006_10_HOU_JAX,2006,10,0.81615,11.57333,0.52148
2006_10_KC_MIA,2006,10,0.49622,0.10477,0.45581
2006_10_NO_PIT,2006,10,0.69864,6.63393,0.48314
2006_10_NYJ_NE,2006,10,0.80087,10.84683,0.48881
2006_10_SD_CIN,2006,10,0.45331,-1.22967,0.47346
2006_10_SF_DET,2006,10,0.70571,6.88652,0.48986
2006_10_STL_SEA,2006,10,0.61155,3.65795,0.49710
2006_10_TB_CAR,2006,10,0.79797,10.69972,0.49821
2006_10_WAS_PHI,2006,10,0.74378,8.37416,0.46294
2006_11_ATL_BAL,2006,11,0.67047,5.58706,0.53513
2006_11_BUF_HOU,2006,11,0.57940,2.65979,0.47052
2006_11_CHI_NYJ,2006,11,0.33265,-5.14057,0.48914
2006_11_CIN_NO,2006,11,0.60814,3.56252,0.48123
2006_11_DET_ARI,2006,11,0.54630,1.64184,0.45679
2006_11_IND_DAL,2006,11,0.43953,-1.64673,0.46239
2006_11_MIN_MIA,2006,11,0.61719,3.83591,0.50184
2006_11_NE_GB,2006,11,0.32134,-5.52481,0.47891
2006_11_NYG_JAX,2006,11,0.61628,3.83082,0.47507
2006_11_OAK_KC,2006,11,0.79355,10.47307,0.51882
2006_11_PIT_CLE,2006,11,0.35219,-4.45642,0.46744
2006_11_SD_DEN,2006,11,0.57095,2.38945,0.47663
2006_11_SEA_SF,2006,11,0.40751,-2.67483,0.48823
2006_11_STL_CAR,2006,11,0.69890,6.64301,0.48338
2006_11_TEN_PHI,2006,11,0.85261,13.62355,0.49618
2006_11_WAS_TB,2006,11,0.58799,2.92386,0.47754
2006_12_ARI_MIN,2006,12,0.73968,8.16659,0.51065
2006_12_CAR_WAS,2006,12,0.34753,-4.64515,0.50235
2006_12_CHI_NE,2006,12,0.64856,4.88118,0.48972
2006_12_CIN_CLE,2006,12,0.38172,-3.48208,0.46676
2006_12_DEN_KC,2006,12,0.52283,0.90089,0.47693
2006_12_GB_SEA,2006,12,0.80000,10.79436,0.50073
2006_12_HOU_NYJ,2006,12,0.66967,5.58353,0.50844
2006_12_JAX_BUF,2006,12,0.42288,-2.20154,0.50084
2006_12_MIA_DET,2006,12,0.39928,-2.93052,0.48142
2006_12_NO_ATL,2006,12,0.58531,2.84134,0.47535
2006_12_NYG_TEN,2006,12,0.37313,-3.77881,0.48546
2006_12_OAK_SD,2006,12,0.88440,15.72505,0.53879
2006_12_PHI_IND,2006,12,0.83538,12.57305,0.54800
2006_12_PIT_BAL,2006,12,0.60869,3.56802,0.49470
2006_12_SF_STL,2006,12,0.64428,4.74115,0.48599
2006_12_TB_DAL,2006,12,0.84838,13.36272,0.50256
2006_13_ARI_STL,2006,13,0.70919,7.00052,0.50623
2006_13_ATL_WAS,2006,13,0.51551,0.63455,0.52311
2006_13_BAL_CIN,2006,13,0.58315,2.77500,0.47359
2006_13_CAR_PHI,2006,13,0.40081,-2.88275,0.48269
2006_13_DAL_NYG,2006,13,0.38894,-3.25408,0.47281
2006_13_DET_NE,2006,13,0.88576,15.81275,0.55432
2006_13_HOU_OAK,2006,13,0.61244,3.68579,0.49784
2006_13_IND_TEN,2006,13,0.24693,-8.31907,0.45783
2006_13_JAX_MIA,2006,13,0.53596,1.29488,0.48742
2006_13_KC_CLE,2006,13,0.34066,-4.83722,0.45735
2006_13_MIN_CHI,2006,13,0.77488,9.64768,0.49682
2006_13_NYJ_GB,2006,13,0.51919,0.79211,0.47404
2006_13_SD_BUF,2006,13,0.32444,-5.41895,0.48173
2006_13_SEA_DEN,2006,13,0.63927,4.57819,0.48165
2006_13_SF_NO,2006,13,0.73231,7.88319,0.50310
2006_13_TB_PIT,2006,13,0.77689,9.73426,0.49913
2006_14_ATL_TB,2006,14,0.38898,-3.27636,0.49885
2006_14_BAL_KC,2006,14,0.58818,2.92993,0.47771
2006_14_BUF_NYJ,2006,14,0.64464,4.75305,0.48631
2006_14_CHI_STL,2006,14,0.29414,-6.49178,0.46650
2006_14_CLE_PIT,2006,14,0.73780,8.09397,0.50872
2006_14_DEN_SD,2006,14,0.79128,10.36981,0.51607
2006_14_GB_SF,2006,14,0.63989,4.58655,0.49519
2006_14_IND_JAX,2006,14,0.46907,-0.75564,0.48608
2006_14_MIN_DET,2006,14,0.49866,0.17774,0.45774
2006_14_NE_MIA,2006,14,0.37157,-3.80523,0.45819
2006_14_NO_DAL,2006,14,0.74919,8.55223,0.50761
2006_14_NYG_CAR,2006,14,0.41904,-2.31917,0.49771
2006_14_OAK_CIN,2006,14,0.83913,12.79078,0.54053
2006_14_PHI_WAS,2006,14,0.45929,-1.07329,0.50426
2006_14_SEA_ARI,2006,14,0.37869,-3.57825,0.46421
2006_14_TEN_HOU,2006,14,0.50306,0.30939,0.46123
2006_15_CIN_IND,2006,15,0.61316,3.72040,0.48544
2006_15_CLE_BAL,2006,15,0.86509,14.39307,0.51669
2006_15_DAL_ATL,2006,15,0.37247,-3.80011,0.48489
2006_15_DEN_ARI,2006,15,0.42365,-2.16594,0.48847
2006_15_DET_GB,2006,15,0.71061,7.05193,0.50760
2006_15_HOU_NE,2006,15,0.87212,14.85393,0.52895
2006_15_JAX_TEN,2006,15,0.38776,-3.30296,0.48482
2006_15_KC_SD,2006,15,0.79547,10.57268,0.50815
2006_15_MIA_BUF,2006,15,0.56284,2.10700,0.50907
2006_15_NYJ_MIN,2006,15,0.60673,3.51837,0.48006
2006_15_PHI_NYG,2006,15,0.68954,6.28974,0.50061
2006_15_PIT_CAR,2006,15,0.38645,-3.33265,0.47072
2006_15_SF_SEA,2006,15,0.80969,11.25577,0.51303
2006_15_STL_OAK,2006,15,0.59610,3.17487,0.48423
2006_15_TB_CHI,2006,15,0.87261,14.88698,0.52982
2006_15_WAS_NO,2006,15,0.80923,11.23343,0.51243
2006_16_ARI_SF,2006,16,0.62698,4.15908,0.49713
2006_16_BAL_PIT,2006,16,0.60451,3.46076,0.46524
2006_16_CAR_ATL,2006,16,0.69261,6.40917,0.49047
2006_16_CHI_DET,2006,16,0.23212,-8.89151,0.40370
2006_16_CIN_DEN,2006,16,0.59723,3.21001,0.48516
2006_16_IND_HOU,2006,16,0.19116,-10.80253,0.43193
2006_16_KC_OAK,2006,16,0.24586,-8.35043,0.44380
2006_16_MIN_GB,2006,16,0.60693,3.53635,0.46725
2006_16_NE_JAX,2006,16,0.57652,2.57154,0.46818
2006_16_NO_NYG,2006,16,0.58672,2.88492,0.47651
2006_16_NYJ_MIA,2006,16,0.57182,2.41592,0.47733
2006_16_PHI_DAL,2006,16,0.72691,7.66680,0.51066
2006_16_SD_SEA,2006,16,0.34927,-4.55235,0.46489
2006_16_TB_CLE,2006,16,0.61256,3.70143,0.48493
2006_16_TEN_BUF,2006,16,0.68484,6.12635,0.49625
2006_16_WAS_STL,2006,16,0.53258,1.19359,0.48472
2006_17_ARI_SD,2006,17,0.88111,15.48710,0.53248
2006_17_ATL_PHI,2006,17,0.72136,7.47069,0.49211
2006_17_BUF_BAL,2006,17,0.78008,9.88438,0.48981
2006_17_CAR_NO,2006,17,0.42773,-2.05315,0.50480
2006_17_CLE_HOU,2006,17,0.66845,5.57784,0.46835
2006_17_DET_DAL,2006,17,0.88002,15.40997,0.53043
2006_17_GB_CHI,2006,17,0.68417,6.03214,0.57318
2006_17_JAX_KC,2006,17,0.56403,2.14296,0.51002
2006_17_MIA_IND,2006,17,0.80801,11.16267,0.52386
2006_17_NE_TEN,2006,17,0.57379,2.49974,0.45303
2006_17_NYG_WAS,2006,17,0.50058,0.18793,0.51122
2006_17_OAK_NYJ,2006,17,0.82739,12.14684,0.53672
2006_17_PIT_CIN,2006,17,0.67434,5.77762,0.47365
2006_17_SEA_TB,2006,17,0.57966,2.66756,0.47073
2006_17_SF_DEN,2006,17,0.82056,11.80679,0.51439
2006_17_STL_MIN,2006,17,0.47664,-0.52853,0.49213
2006_18_DAL_SEA,2006,18,0.56760,2.25171,0.51292
2006_18_KC_IND,2006,18,0.73857,8.12357,0.50951
2006_18_NYG_PHI,2006,18,0.71648,7.27833,0.50031
2006_18_NYJ_NE,2006,18,0.78218,9.97600,0.49225
2006_19_IND_BAL,2006,19,0.65663,5.13527,0.50982
2006_19_NE_SD,2006,19,0.68572,6.14508,0.51008
2006_19_PHI_NO,2006,19,0.66943,5.59918,0.48221
2006_19_SEA_CHI,2006,19,0.64943,4.88590,0.51650
2006_20_NE_IND,2006,20,0.60249,3.38581,0.47653
2006_20_NO_CHI,2006,20,0.59816,3.22728,0.49895
2006_21_IND_CHI,2006,21,0.29326,-6.53537,0.47863
2007_01_ARI_SF,2007,1,0.59949,3.26799,0.48369
2007_01_ATL_MIN,2007,1,0.59210,2.96862,0.48931
2007_01_BAL_CIN,2007,1,0.53564,1.46500,0.46123
2007_01_CAR_STL,2007,1,0.53844,1.30531,0.48473
2007_01_CHI_SD,2007,1,0.70474,6.88669,0.48701
2007_01_DEN_BUF,2007,1,0.46132,-1.58819,0.52977
2007_01_DET_OAK,2007,1,0.58622,2.82175,0.48519
2007_01_KC_HOU,2007,1,0.53344,1.52530,0.44899
2007_01_MIA_WAS,2007,1,0.57015,2.42319,0.47403
2007_01_NE_NYJ,2007,1,0.34101,-5.31751,0.50934
2007_01_NO_IND,2007,1,0.68680,6.03253,0.50513
2007_01_NYG_DAL,2007,1,0.65674,5.32138,0.47118
2007_01_PHI_GB,2007,1,0.42155,-2.56418,0.50242
2007_01_PIT_CLE,2007,1,0.34711,-4.81261,0.48143
2007_01_TB_SEA,2007,1,0.66865,5.64380,0.48021
2007_01_TEN_JAX,2007,1,0.68304,6.38256,0.45893
2007_02_ATL_JAX,2007,2,0.77841,9.90632,0.48757
2007_02_BUF_PIT,2007,2,0.74700,8.85569,0.45818
2007_02_CIN_CLE,2007,2,0.28960,-6.98733,0.49055
2007_02_DAL_MIA,2007,2,0.43083,-2.44838,0.51969
2007_02_GB_NYG,2007,2,0.59375,3.00999,0.49047
2007_02_HOU_CAR,2007,2,0.70498,6.77980,0.49804
2007_02_IND_TEN,2007,2,0.31966,-6.12873,0.51464
2007_02_KC_CHI,2007,2,0.76464,9.77548,0.44206
2007_02_MIN_DET,2007,2,0.58093,2.69016,0.48151
2007_02_NO_TB,2007,2,0.42871,-2.84236,0.55056
2007_02_NYJ_BAL,2007,2,0.75575,9.02509,0.47688
2007_02_OAK_DEN,2007,2,0.80867,11.02481,0.51894
2007_02_SD_NE,2007,2,0.64563,4.45648,0.51703
2007_02_SEA_ARI,2007,2,0.40309,-3.02485,0.48950
2007_02_SF_STL,2007,2,0.59096,2.94010,0.48851
2007_02_WAS_PHI,2007,2,0.67853,6.02916,0.47700
2007_03_ARI_BAL,2007,3,0.72217,7.40218,0.50148
2007_03_BUF_NE,2007,3,0.87497,15.55364,0.46370
2007_03_CAR_ATL,2007,3,0.35646,-4.45060,0.47756
2007_03_CIN_SEA,2007,3,0.59452,3.14320,0.48019
2007_03_CLE_OAK,2007,3,0.54320,1.76271,0.45559
2007_03_DAL_CHI,2007,3,0.56135,2.20675,0.46798
2007_03_DET_PHI,2007,3,0.64228,4.70962,0.48205
2007_03_IND_HOU,2007,3,0.33113,-5.69910,0.51266
2007_03_JAX_DEN,2007,3,0.61792,3.73595,0.49681
2007_03_MIA_NYJ,2007,3,0.60679,3.33855,0.49969
2007_03_MIN_KC,2007,3,0.57877,2.63641,0.48000
2007_03_NYG_WAS,2007,3,0.62878,4.01573,0.50466
2007_03_SD_GB,2007,3,0.39469,-3.80585,0.53766
2007_03_SF_PIT,2007,3,0.79590,10.53809,0.50529
2007_03_STL_TB,2007,3,0.63155,4.08764,0.50668
2007_03_TEN_NO,2007,3,0.57029,2.76815,0.44186
2007_04_BAL_CLE,2007,4,0.37089,-3.95973,0.47731
2007_04_CHI_DET,2007,4,0.41057,-2.72351,0.48392
2007_04_DEN_IND,2007,4,0.76632,9.49043,0.47591
2007_04_GB_MIN,2007,4,0.43288,-1.82885,0.46698
2007_04_HOU_ATL,2007,4,0.41094,-2.71440,0.48418
2007_04_KC_SD,2007,4,0.79714,11.03957,0.46331
2007_04_NE_CIN,2007,4,0.28643,-7.19489,0.49875
2007_04_NYJ_BUF,2007,4,0.42892,-2.49557,0.51837
2007_04_OAK_MIA,2007,4,0.66914,5.08780,0.53469
2007_04_PHI_NYG,2007,4,0.43308,-2.05156,0.48875
2007_04_PIT_ARI,2007,4,0.31646,-5.87653,0.47964
2007_04_SEA_SF,2007,4,0.44915,-1.42954,0.47815
2007_04_STL_DAL,2007,4,0.83751,12.90777,0.48761
2007_04_TB_CAR,2007,4,0.55906,2.15051,0.46640
2007_05_ARI_STL,2007,5,0.40512,-3.08759,0.50176
2007_05_ATL_TEN,2007,5,0.76918,9.35981,0.50029
2007_05_BAL_SF,2007,5,0.37607,-3.93961,0.49189
2007_05_CAR_NO,2007,5,0.59381,3.12536,0.47969
2007_05_CHI_GB,2007,5,0.63727,4.12283,0.52169
2007_05_CLE_NE,2007,5,0.88305,15.78572,0.49821
2007_05_DAL_BUF,2007,5,0.26090,-8.65473,0.54187
2007_05_DET_WAS,2007,5,0.64464,4.54422,0.50546
2007_05_JAX_KC,2007,5,0.44040,-1.64386,0.47215
2007_05_MIA_HOU,2007,5,0.66265,5.13906,0.50812
2007_05_NYJ_NYG,2007,5,0.58181,2.82591,0.47131
2007_05_SD_DEN,2007,5,0.51788,0.23736,0.52489
2007_05_SEA_PIT,2007,5,0.65750,5.22811,0.48257
2007_05_TB_IND,2007,5,0.76670,9.27557,0.49792
2007_06_CAR_ARI,2007,6,0.65959,5.39812,0.47333
2007_06_CIN_KC,2007,6,0.46595,-1.02023,0.48963
2007_06_HOU_JAX,2007,6,0.71298,7.01418,0.50462
2007_06_MIA_CLE,2007,6,0.64324,4.50725,0.50443
2007_06_MIN_CHI,2007,6,0.65397,4.90578,0.50158
2007_06_NE_DAL,2007,6,0.35166,-4.80515,0.49566
2007_06_NO_SEA,2007,6,0.72605,7.17815,0.53721
2007_06_NYG_ATL,2007,6,0.37424,-4.10065,0.50140
2007_06_OAK_SD,2007,6,0.76943,9.48218,0.48969
2007_06_PHI_NYJ,2007,6,0.39751,-3.39309,0.50722
2007_06_STL_BAL,2007,6,0.78860,10.04202,0.51942
2007_06_TEN_TB,2007,6,0.53942,1.21538,0.49624
2007_06_WAS_GB,2007,6,0.61535,3.55651,0.50581
2007_07_ARI_WAS,2007,7,0.74878,8.68516,0.48137
2007_07_ATL_NO,2007,7,0.71908,7.76465,0.45564
2007_07_BAL_BUF,2007,7,0.45497,-1.74277,0.52545
2007_07_CHI_PHI,2007,7,0.62275,4.31547,0.45706
2007_07_IND_JAX,2007,7,0.39540,-3.21857,0.48406
2007_07_KC_OAK,2007,7,0.47175,-0.42401,0.45040
2007_07_MIN_DAL,2007,7,0.76708,9.40224,0.48745
2007_07_NE_MIA,2007,7,0.11141,-16.05259,0.47471
2007_07_NYJ_CIN,2007,7,0.67694,5.87133,0.48658
2007_07_PIT_DEN,2007,7,0.37993,-3.84058,0.49467
2007_07_SF_NYG,2007,7,0.75638,9.04598,0.47747
2007_07_STL_SEA,2007,7,0.76376,9.17663,0.49515
2007_07_TB_DET,2007,7,0.52987,1.32488,0.45732
2007_07_TEN_HOU,2007,7,0.55303,1.77516,0.48389
2007_08_BUF_NYJ,2007,8,0.54269,1.75030,0.45524
2007_08_CLE_STL,2007,8,0.35029,-4.38621,0.45145
2007_08_DET_CHI,2007,8,0.71548,6.97447,0.51753
2007_08_GB_DEN,2007,8,0.54372,1.77541,0.45594
2007_08_HOU_SD,2007,8,0.80571,10.90991,0.51572
2007_08_IND_CAR,2007,8,0.28340,-7.17074,0.48540
2007_08_JAX_TB,2007,8,0.59194,3.07860,0.47838
2007_08_NO_SF,2007,8,0.47406,-0.82329,0.49515
2007_08_NYG_MIA,2007,8,0.21714,-9.99888,0.49022
2007_08_OAK_TEN,2007,8,0.74320,8.05193,0.51970
2007_08_PHI_MIN,2007,8,0.51906,0.72116,0.48237
2007_08_PIT_CIN,2007,8,0.37379,-3.99844,0.49024
2007_08_WAS_NE,2007,8,0.88629,15.86424,0.51444
2007_09_ARI_TB,2007,9,0.61873,3.75689,0.49740
2007_09_BAL_PIT,2007,9,0.72888,8.17526,0.45315
2007_09_CAR_TEN,2007,9,0.65529,5.05491,0.49173
2007_09_CIN_BUF,2007,9,0.50574,-0.05647,0.51666
2007_09_DAL_PHI,2007,9,0.41512,-2.72395,0.49794
2007_09_DEN_DET,2007,9,0.55962,2.16420,0.46679
2007_09_GB_KC,2007,9,0.53533,1.11586,0.49344
2007_09_HOU_OAK,2007,9,0.58384,2.76251,0.48353
2007_09_JAX_NO,2007,9,0.57553,2.66999,0.46695
2007_09_NE_IND,2007,9,0.38110,-4.03802,0.51718
2007_09_SD_MIN,2007,9,0.27731,-7.35355,0.48028
2007_09_SEA_CLE,2007,9,0.53038,0.99567,0.49007
2007_09_SF_ATL,2007,9,0.62452,3.90567,0.50158
2007_09_WAS_NYJ,2007,9,0.38838,-3.51070,0.48989
2007_10_ATL_CAR,2007,10,0.65025,4.57909,0.52046
2007_10_BUF_MIA,2007,10,0.44086,-1.63265,0.47247
2007_10_CHI_OAK,2007,10,0.33810,-4.82683,0.45310
2007_10_CIN_BAL,2007,10,0.59966,3.15844,0.49464
2007_10_CLE_PIT,2007,10,0.77493,9.78508,0.48417
2007_10_DAL_NYG,2007,10,0.48751,-0.49746,0.50429
2007_10_DEN_KC,2007,10,0.59475,3.03506,0.49118
2007_10_DET_ARI,2007,10,0.50850,0.69322,0.45365
2007_10_IND_SD,2007,10,0.36778,-4.04042,0.47505
2007_10_JAX_TEN,2007,10,0.61614,3.91821,0.47389
2007_10_MIN_GB,2007,10,0.72425,7.12342,0.53569
2007_10_PHI_WAS,2007,10,0.56687,2.34253,0.47177
2007_10_SF_SEA,2007,10,0.78235,9.93151,0.50230
2007_10_STL_NO,2007,10,0.78711,10.32958,0.48541
2007_11_ARI_CIN,2007,11,0.64373,4.29255,0.52644
2007_11_CAR_GB,2007,11,0.81087,11.11141,0.52137
2007_11_CHI_SEA,2007,11,0.69007,6.23839,0.49688
2007_11_CLE_BAL,2007,11,0.47697,-0.75295,0.49712
2007_11_KC_IND,2007,11,0.87248,14.96202,0.50316
2007_11_MIA_PHI,2007,11,0.80213,10.65877,0.52269
2007_11_NE_BUF,2007,11,0.12567,-15.22644,0.49787
2007_11_NO_HOU,2007,11,0.53439,1.09312,0.49280
2007_11_NYG_DET,2007,11,0.44916,-1.77089,0.51065
2007_11_OAK_MIN,2007,11,0.67232,5.40271,0.51552
2007_11_PIT_NYJ,2007,11,0.21338,-10.01993,0.47562
2007_11_SD_JAX,2007,11,0.62723,3.86189,0.51437
2007_11_STL_SF,2007,11,0.41684,-2.68098,0.49914
2007_11_TB_ATL,2007,11,0.38479,-3.48834,0.47651
2007_11_TEN_DEN,2007,11,0.54921,1.45415,0.50294
2007_11_WAS_DAL,2007,11,0.80836,11.24057,0.49694
2007_12_BAL_SD,2007,12,0.75466,8.87556,0.48670
2007_12_BUF_JAX,2007,12,0.75267,8.92469,0.47407
2007_12_DEN_CHI,2007,12,0.49783,0.20748,0.46800
2007_12_GB_DET,2007,12,0.33092,-5.02178,0.44768
2007_12_HOU_CLE,2007,12,0.61371,3.51469,0.50463
2007_12_IND_ATL,2007,12,0.14885,-13.58506,0.48781
2007_12_MIA_PIT,2007,12,0.89252,16.24706,0.52516
2007_12_MIN_NYG,2007,12,0.71397,7.15717,0.49460
2007_12_NO_CAR,2007,12,0.42150,-2.56522,0.50239
2007_12_NYJ_DAL,2007,12,0.87634,15.06102,0.51995
2007_12_OAK_KC,2007,12,0.66409,5.06434,0.52005
2007_12_PHI_NE,2007,12,0.95106,23.43716,0.47442
2007_12_SEA_STL,2007,12,0.39456,-3.23984,0.48347
2007_12_SF_ARI,2007,12,0.78101,9.99793,0.49013
2007_12_TEN_CIN,2007,12,0.50278,0.32728,0.47135
2007_12_WAS_TB,2007,12,0.62075,3.80860,0.49885
2007_13_ATL_STL,2007,13,0.56325,2.25340,0.46928
2007_13_BUF_WAS,2007,13,0.62930,4.71235,0.44031
2007_13_CIN_PIT,2007,13,0.73060,7.65871,0.50867
2007_13_CLE_ARI,2007,13,0.49283,0.08655,0.46462
2007_13_DEN_OAK,2007,13,0.33172,-4.99998,0.44829
2007_13_DET_MIN,2007,13,0.67441,5.68777,0.49546
2007_13_GB_DAL,2007,13,0.65376,5.46951,0.44744
2007_13_HOU_TEN,2007,13,0.60235,3.34022,0.48571
2007_13_JAX_IND,2007,13,0.68645,6.36420,0.47238
2007_13_NE_BAL,2007,13,0.08255,-18.85559,0.49424
2007_13_NYG_CHI,2007,13,0.49891,-0.22168,0.51203
2007_13_NYJ_MIA,2007,13,0.52658,0.90354,0.48749
2007_13_SD_KC,2007,13,0.31410,-6.05661,0.48860
2007_13_SEA_PHI,2007,13,0.58033,2.67529,0.48109
2007_13_SF_CAR,2007,13,0.63087,3.95611,0.51701
2007_13_TB_NO,2007,13,0.67593,5.72958,0.49663
2007_14_ARI_SEA,2007,14,0.72026,7.45858,0.48903
2007_14_CAR_JAX,2007,14,0.82017,11.71297,0.51020
2007_14_CHI_WAS,2007,14,0.58987,2.91293,0.48775
2007_14_CLE_NYJ,2007,14,0.39497,-3.22948,0.48376
2007_14_DAL_DET,2007,14,0.20652,-10.38363,0.47944
2007_14_IND_BAL,2007,14,0.22759,-9.29221,0.46800
2007_14_KC_DEN,2007,14,0.70977,7.14739,0.48031
2007_14_MIA_BUF,2007,14,0.79280,9.74034,0.56669
2007_14_MIN_SF,2007,14,0.25811,-8.05952,0.47451
2007_14_NO_ATL,2007,14,0.35264,-4.55162,0.47473
2007_14_NYG_PHI,2007,14,0.59975,3.16073,0.49470
2007_14_OAK_GB,2007,14,0.84100,12.49500,0.54604
2007_14_PIT_NE,2007,14,0.80712,11.19233,0.49559
2007_14_SD_TEN,2007,14,0.44536,-1.52225,0.47556
2007_14_STL_CIN,2007,14,0.76255,9.36400,0.47237
2007_14_TB_HOU,2007,14,0.41749,-2.66485,0.49960
2007_15_ARI_NO,2007,15,0.65512,4.82271,0.51327
2007_15_ATL_TB,2007,15,0.84114,13.07065,0.49217
2007_15_BAL_MIA,2007,15,0.41559,-2.71216,0.49827
2007_15_BUF_CLE,2007,15,0.60102,3.53434,0.46316
2007_15_CHI_MIN,2007,15,0.78352,10.20094,0.48181
2007_15_CIN_SF,2007,15,0.28778,-7.49629,0.53234
2007_15_DEN_HOU,2007,15,0.43980,-2.00010,0.50422
2007_15_DET_SD,2007,15,0.79954,10.56053,0.51994
2007_15_GB_STL,2007,15,0.25121,-8.16560,0.45758
2007_15_IND_OAK,2007,15,0.17132,-11.66213,0.42998
2007_15_JAX_PIT,2007,15,0.57927,2.76274,0.46954
2007_15_NYJ_NE,2007,15,0.94050,21.39195,0.51522
2007_15_PHI_DAL,2007,15,0.80021,10.69964,0.50982
2007_15_SEA_CAR,2007,15,0.29970,-6.69349,0.49879
2007_15_TEN_KC,2007,15,0.39552,-3.32945,0.49498
2007_15_WAS_NYG,2007,15,0.69835,6.47431,0.50350
2007_16_ATL_ARI,2007,16,0.80713,11.19257,0.49560
2007_16_BAL_SEA,2007,16,0.82808,12.38427,0.48695
2007_16_CLE_CIN,2007,16,0.45369,-1.31870,0.48126
2007_16_DAL_CAR,2007,16,0.23219,-9.59034,0.51571
2007_16_DEN_SD,2007,16,0.77212,9.46039,0.50311
2007_16_GB_CHI,2007,16,0.22478,-9.50303,0.47609
2007_16_HOU_IND,2007,16,0.77133,8.86412,0.55629
2007_16_KC_DET,2007,16,0.65800,5.35541,0.47213
2007_16_MIA_NE,2007,16,0.95130,23.01316,0.51861
2007_16_NYG_BUF,2007,16,0.52802,0.48308,0.53177
2007_16_NYJ_TEN,2007,16,0.74053,8.42271,0.47402
2007_16_OAK_JAX,2007,16,0.88407,15.50393,0.53235
2007_16_PHI_NO,2007,16,0.60282,3.23825,0.49688
2007_16_PIT_STL,2007,16,0.23624,-9.11236,0.48704
2007_16_TB_SF,2007,16,0.32614,-5.83574,0.50883
2007_16_WAS_MIN,2007,16,0.71754,7.03563,0.51924
2007_17_BUF_PHI,2007,17,0.75708,9.06899,0.47811
2007_17_CAR_TB,2007,17,0.47263,-1.31352,0.53745
2007_17_CIN_MIA,2007,17,0.44841,-1.44781,0.47764
2007_17_DAL_WAS,2007,17,0.63860,5.52373,0.39426
2007_17_DET_GB,2007,17,0.68570,5.54617,0.54747
2007_17_JAX_HOU,2007,17,0.60380,4.17355,0.41181
2007_17_KC_NYJ,2007,17,0.62080,3.92362,0.48805
2007_17_MIN_DEN,2007,17,0.41795,-2.65348,0.49992
2007_17_NE_NYG,2007,17,0.14772,-13.52526,0.47547
2007_17_NO_CHI,2007,17,0.53914,1.20850,0.49604
2007_17_PIT_BAL,2007,17,0.38474,-3.48971,0.47647
2007_17_SD_OAK,2007,17,0.19231,-10.69461,0.44289
2007_17_SEA_ATL,2007,17,0.34428,-4.31892,0.42567
2007_17_SF_CLE,2007,17,0.80534,11.23722,0.48282
2007_17_STL_ARI,2007,17,0.69318,6.32665,0.49936
2007_17_TEN_IND,2007,17,0.49235,-1.06346,0.57209
2007_18_JAX_PIT,2007,18,0.44498,-1.87320,0.50778
2007_18_NYG_TB,2007,18,0.58376,2.76038,0.48347
2007_18_TEN_SD,2007,18,0.78768,10.35041,0.48600
2007_18_WAS_SEA,2007,18,0.59484,3.03725,0.49124
2007_19_JAX_NE,2007,19,0.85115,13.64964,0.49439
2007_19_NYG_DAL,2007,19,0.71674,7.23968,0.49692
2007_19_SD_IND,2007,19,0.78279,10.17506,0.48108
2007_19_SEA_GB,2007,19,0.75083,8.75138,0.48322
2007_20_NYG_GB,2007,20,0.70067,6.88260,0.47289
2007_20_SD_NE,2007,20,0.82589,12.63342,0.45199
2007_21_NYG_NE,2007,21,0.81450,11.82458,0.47127
2008_01_ARI_SF,2008,1,0.42136,-2.30925,0.49676
2008_01_CAR_SD,2008,1,0.77495,9.64248,0.49537
2008_01_CHI_IND,2008,1,0.77099,9.51798,0.47740
2008_01_CIN_BAL,2008,1,0.45333,-1.34620,0.51009
2008_01_DAL_CLE,2008,1,0.36404,-4.28055,0.54069
2008_01_DEN_OAK,2008,1,0.40106,-2.94364,0.49289
2008_01_DET_ATL,2008,1,0.42905,-2.12160,0.51656
2008_01_HOU_PIT,2008,1,0.68238,6.06040,0.47862
2008_01_JAX_TEN,2008,1,0.41248,-2.60640,0.50260
2008_01_KC_NE,2008,1,0.89257,16.39637,0.50268
2008_01_MIN_GB,2008,1,0.55055,1.76322,0.47008
2008_01_NYJ_MIA,2008,1,0.39733,-3.05450,0.48970
2008_01_SEA_BUF,2008,1,0.52845,1.01934,0.49182
2008_01_STL_PHI,2008,1,0.75794,8.85543,0.51589
2008_01_TB_NO,2008,1,0.58012,2.65797,0.48142
2008_01_WAS_NYG,2008,1,0.64141,4.60807,0.49438
2008_02_ATL_TB,2008,2,0.67777,5.94603,0.46099
2008_02_BUF_JAX,2008,2,0.63170,4.27250,0.49911
2008_02_CHI_CAR,2008,2,0.56625,2.25376,0.46981
2008_02_GB_DET,2008,2,0.39302,-3.18312,0.48600
2008_02_IND_MIN,2008,2,0.46491,-0.94087,0.49297
2008_02_MIA_ARI,2008,2,0.72741,7.60618,0.52310
2008_02_NE_NYJ,2008,2,0.52460,0.90950,0.48866
2008_02_NO_WAS,2008,2,0.55861,1.88631,0.51678
2008_02_NYG_STL,2008,2,0.23844,-8.72821,0.47033
2008_02_OAK_KC,2008,2,0.61455,3.71542,0.49747
2008_02_PHI_DAL,2008,2,0.66403,5.46565,0.46156
2008_02_PIT_CLE,2008,2,0.31935,-5.73511,0.51329
2008_02_SD_DEN,2008,2,0.49755,0.13742,0.46648
2008_02_SF_SEA,2008,2,0.70558,6.83973,0.50105
2008_02_TEN_CIN,2008,2,0.49986,0.20328,0.46836
2008_03_ARI_WAS,2008,3,0.58939,2.93004,0.48925
2008_03_CAR_MIN,2008,3,0.55654,1.97234,0.46175
2008_03_CIN_NYG,2008,3,0.85691,13.84290,0.51553
2008_03_CLE_BAL,2008,3,0.60571,3.37754,0.51653
2008_03_DAL_GB,2008,3,0.44604,-1.62931,0.53070
2008_03_DET_SF,2008,3,0.66832,5.49387,0.50549
2008_03_HOU_TEN,2008,3,0.64295,4.69259,0.48242
2008_03_JAX_IND,2008,3,0.63989,4.52476,0.50638
2008_03_KC_ATL,2008,3,0.67647,5.86700,0.47306
2008_03_MIA_NE,2008,3,0.85028,13.42819,0.51799
2008_03_NO_DEN,2008,3,0.68600,6.10686,0.50874
2008_03_NYJ_SD,2008,3,0.76910,9.29613,0.52856
2008_03_OAK_BUF,2008,3,0.79152,10.37492,0.50206
2008_03_PIT_PHI,2008,3,0.59407,3.10470,0.47989
2008_03_STL_SEA,2008,3,0.74278,8.27843,0.49928
2008_03_TB_CHI,2008,3,0.64056,4.47260,0.53362
2008_04_ARI_NYJ,2008,4,0.52590,0.98313,0.47640
2008_04_ATL_CAR,2008,4,0.69013,6.35373,0.47268
2008_04_BAL_PIT,2008,4,0.67917,5.91859,0.48892
2008_04_BUF_STL,2008,4,0.24578,-8.47945,0.49186
2008_04_CLE_CIN,2008,4,0.51986,0.77397,0.48476
2008_04_DEN_KC,2008,4,0.22161,-9.47873,0.47749
2008_04_GB_TB,2008,4,0.53681,1.33192,0.47206
2008_04_HOU_JAX,2008,4,0.71674,7.22683,0.51219
2008_04_MIN_TEN,2008,4,0.63447,4.28458,0.52823
2008_04_PHI_CHI,2008,4,0.42939,-2.11177,0.51684
2008_04_SD_OAK,2008,4,0.22353,-9.32663,0.45320
2008_04_SF_NO,2008,4,0.62650,4.11350,0.49453
2008_04_WAS_DAL,2008,4,0.75102,8.73487,0.45496
2008_05_ATL_GB,2008,5,0.69113,6.24102,0.52698
2008_05_BUF_ARI,2008,5,0.52125,0.81352,0.48590
2008_05_CHI_DET,2008,5,0.37035,-3.90450,0.47963
2008_05_CIN_DAL,2008,5,0.87765,15.34871,0.47254
2008_05_IND_HOU,2008,5,0.35734,-4.34184,0.48143
2008_05_KC_CAR,2008,5,0.78455,10.07747,0.49350
2008_05_MIN_NO,2008,5,0.61004,3.54348,0.50692
2008_05_NE_SF,2008,5,0.39327,-3.17571,0.48621
2008_05_PIT_JAX,2008,5,0.65740,5.18193,0.48211
2008_05_SD_MIA,2008,5,0.30659,-6.12156,0.48777
2008_05_SEA_NYG,2008,5,0.74795,8.36315,0.54480
2008_05_TB_DEN,2008,5,0.62664,4.08154,0.50801
2008_05_TEN_BAL,2008,5,0.42964,-1.95857,0.46373
2008_05_WAS_PHI,2008,5,0.64584,4.89193,0.44518
2008_06_BAL_IND,2008,6,0.66603,5.34728,0.53003
2008_06_CAR_TB,2008,6,0.51110,0.52378,0.47757
2008_06_CHI_ATL,2008,6,0.37238,-3.80628,0.46809
2008_06_CIN_NYJ,2008,6,0.79895,10.66408,0.52477
2008_06_DAL_ARI,2008,6,0.38938,-3.40153,0.52288
2008_06_DET_MIN,2008,6,0.83848,12.82425,0.48621
2008_06_GB_SEA,2008,6,0.48538,-0.20986,0.45653
2008_06_JAX_DEN,2008,6,0.59622,3.16815,0.48172
2008_06_MIA_HOU,2008,6,0.58481,2.79520,0.48537
2008_06_NE_SD,2008,6,0.69567,6.46642,0.50470
2008_06_NYG_CLE,2008,6,0.23290,-9.02031,0.49068
2008_06_OAK_NO,2008,6,0.71082,7.05674,0.49290
2008_06_PHI_SF,2008,6,0.36172,-4.24262,0.49868
2008_06_STL_WAS,2008,6,0.84235,12.95702,0.51882
2008_07_BAL_MIA,2008,7,0.60696,3.45128,0.50426
2008_07_CLE_WAS,2008,7,0.70298,6.78703,0.48514
2008_07_DAL_STL,2008,7,0.26022,-7.97106,0.52088
2008_07_DEN_NE,2008,7,0.61147,3.58628,0.50815
2008_07_DET_HOU,2008,7,0.80615,11.09735,0.49407
2008_07_IND_GB,2008,7,0.46862,-0.83460,0.49603
2008_07_MIN_CHI,2008,7,0.62981,4.14162,0.52412
2008_07_NO_CAR,2008,7,0.58329,2.75059,0.48409
2008_07_NYJ_OAK,2008,7,0.38102,-3.54376,0.47563
2008_07_PIT_CIN,2008,7,0.20958,-9.98593,0.46294
2008_07_SD_BUF,2008,7,0.46439,-0.95596,0.49253
2008_07_SEA_TB,2008,7,0.79638,10.62317,0.49481
2008_07_SF_NYG,2008,7,0.82627,11.98143,0.54818
2008_07_TEN_KC,2008,7,0.22262,-9.43698,0.47869
2008_08_ARI_CAR,2008,8,0.61154,3.73426,0.45494
2008_08_ATL_PHI,2008,8,0.75437,8.82697,0.47191
2008_08_BUF_MIA,2008,8,0.47436,-0.52460,0.44755
2008_08_CIN_HOU,2008,8,0.77725,9.70060,0.51144
2008_08_CLE_JAX,2008,8,0.73398,7.88067,0.51662
2008_08_IND_TEN,2008,8,0.62946,4.20385,0.49714
2008_08_KC_NYJ,2008,8,0.84067,13.01310,0.46291
2008_08_NYG_PIT,2008,8,0.57480,2.50252,0.47696
2008_08_OAK_BAL,2008,8,0.77026,9.41557,0.50323
2008_08_SD_NO,2008,8,0.34752,-4.57568,0.44610
2008_08_SEA_SF,2008,8,0.61427,3.81623,0.45728
2008_08_STL_NE,2008,8,0.78998,10.23585,0.52683
2008_08_TB_DAL,2008,8,0.46863,-0.68856,0.44289
2008_08_WAS_DET,2008,8,0.25149,-8.15211,0.45819
2008_09_ARI_STL,2008,9,0.36821,-3.93369,0.46444
2008_09_ATL_OAK,2008,9,0.40217,-2.91073,0.49384
2008_09_BAL_CLE,2008,9,0.54239,1.41895,0.50333
2008_09_DAL_NYG,2008,9,0.79409,10.44994,0.51861
2008_09_DET_CHI,2008,9,0.86834,14.49440,0.54855
2008_09_GB_TEN,2008,9,0.59212,3.04704,0.47824
2008_09_HOU_MIN,2008,9,0.67705,5.88581,0.47360
2008_09_JAX_CIN,2008,9,0.25702,-7.94414,0.46414
2008_09_MIA_DEN,2008,9,0.64483,4.67808,0.51079
2008_09_NE_IND,2008,9,0.64465,4.85465,0.44412
2008_09_NYJ_BUF,2008,9,0.66521,5.39408,0.50261
2008_09_PHI_SEA,2008,9,0.31756,-5.83009,0.52494
2008_09_PIT_WAS,2008,9,0.56192,1.98211,0.51954
2008_09_TB_KC,2008,9,0.23082,-9.13993,0.50163
2008_10_BAL_HOU,2008,10,0.52360,0.99025,0.44798
2008_10_BUF_NE,2008,10,0.64245,4.56744,0.52199
2008_10_CAR_OAK,2008,10,0.19743,-10.59370,0.47419
2008_10_DEN_CLE,2008,10,0.59771,3.17579,0.49633
2008_10_GB_MIN,2008,10,0.54236,1.52746,0.46332
2008_10_IND_PIT,2008,10,0.59349,3.08744,0.47940
2008_10_JAX_DET,2008,10,0.29959,-6.32129,0.46766
2008_10_KC_SD,2008,10,0.88834,15.97724,0.53376
2008_10_NO_ATL,2008,10,0.50471,0.34147,0.47233
2008_10_NYG_PHI,2008,10,0.57232,2.43007,0.47487
2008_10_SEA_MIA,2008,10,0.75159,8.68384,0.48217
2008_10_SF_ARI,2008,10,0.78994,10.27037,0.51345
2008_10_STL_NYJ,2008,10,0.77678,9.71743,0.49753
2008_10_TEN_CHI,2008,10,0.43598,-1.77431,0.46901
2008_11_ARI_SEA,2008,11,0.37899,-3.60512,0.47386
2008_11_BAL_NYG,2008,11,0.69770,6.60782,0.47998
2008_11_CHI_GB,2008,11,0.56980,2.39312,0.45948
2008_11_CLE_BUF,2008,11,0.62749,4.18034,0.48207
2008_11_DAL_WAS,2008,11,0.47731,-0.58611,0.50318
2008_11_DEN_ATL,2008,11,0.69753,6.56555,0.49315
2008_11_DET_CAR,2008,11,0.86222,14.22956,0.49788
2008_11_HOU_IND,2008,11,0.78920,10.20227,0.52587
2008_11_MIN_TB,2008,11,0.68293,5.93284,0.53248
2008_11_NO_KC,2008,11,0.33734,-5.11679,0.51669
2008_11_NYJ_NE,2008,11,0.63732,4.37234,0.53075
2008_11_OAK_MIA,2008,11,0.80658,11.04414,0.52132
2008_11_PHI_CIN,2008,11,0.23070,-9.14471,0.50150
2008_11_SD_PIT,2008,11,0.59825,3.30123,0.45685
2008_11_STL_SF,2008,11,0.68642,6.23018,0.46914
2008_11_TEN_JAX,2008,11,0.43742,-1.73264,0.47020
2008_12_BUF_KC,2008,12,0.40696,-2.76901,0.49792
2008_12_CAR_ATL,2008,12,0.53324,1.15661,0.49578
2008_12_CHI_STL,2008,12,0.24864,-8.26033,0.45509
2008_12_CIN_PIT,2008,12,0.83142,12.34981,0.51573
2008_12_GB_NO,2008,12,0.49679,0.11580,0.46586
2008_12_HOU_CLE,2008,12,0.62106,3.87526,0.51647
2008_12_IND_SD,2008,12,0.58520,2.80677,0.48571
2008_12_MIN_JAX,2008,12,0.55786,1.86474,0.51616
2008_12_NE_MIA,2008,12,0.42438,-2.11172,0.45934
2008_12_NYG_ARI,2008,12,0.42188,-2.33077,0.51054
2008_12_NYJ_TEN,2008,12,0.70689,6.81152,0.52900
2008_12_OAK_DEN,2008,12,0.78550,10.04487,0.52134
2008_12_PHI_BAL,2008,12,0.53359,1.16674,0.49607
2008_12_SF_DAL,2008,12,0.79802,10.62294,0.52359
2008_12_TB_DET,2008,12,0.20293,-10.27542,0.45466
2008_12_WAS_SEA,2008,12,0.41976,-2.39273,0.50875
2008_13_ARI_PHI,2008,13,0.57161,2.40945,0.47428
2008_13_ATL_SD,2008,13,0.68770,6.23615,0.48367
2008_13_BAL_CIN,2008,13,0.25679,-7.95261,0.46390
2008_13_CAR_GB,2008,13,0.59954,3.23019,0.49789
2008_13_CHI_MIN,2008,13,0.61116,3.72293,0.45461
2008_13_DEN_NYJ,2008,13,0.75559,8.72783,0.52660
2008_13_IND_CLE,2008,13,0.33229,-5.13249,0.45875
2008_13_JAX_HOU,2008,13,0.57751,2.58139,0.47922
2008_13_KC_OAK,2008,13,0.61214,3.60639,0.50873
2008_13_MIA_STL,2008,13,0.27631,-7.24078,0.48434
2008_13_NO_TB,2008,13,0.61019,3.58450,0.49370
2008_13_NYG_WAS,2008,13,0.35228,-4.46295,0.46360
2008_13_PIT_NE,2008,13,0.58240,2.57874,0.53666
2008_13_SEA_DAL,2008,13,0.82249,11.90487,0.50293
2008_13_SF_BUF,2008,13,0.73021,7.70710,0.52600
2008_13_TEN_DET,2008,13,0.14604,-13.25832,0.42676
2008_14_ATL_NO,2008,14,0.55467,1.91855,0.46021
2008_14_CIN_IND,2008,14,0.87682,15.11161,0.53761
2008_14_CLE_TEN,2008,14,0.86995,14.70524,0.51157
2008_14_DAL_PIT,2008,14,0.62813,4.16337,0.49597
2008_14_HOU_GB,2008,14,0.69002,6.35003,0.47258
2008_14_JAX_CHI,2008,14,0.69040,6.32605,0.48626
2008_14_KC_DEN,2008,14,0.76214,9.09255,0.49393
2008_14_MIA_BUF,2008,14,0.48787,-0.13860,0.45857
2008_14_MIN_DET,2008,14,0.17525,-11.67397,0.45756
2008_14_NE_SEA,2008,14,0.26844,-7.56031,0.48953
2008_14_NYJ_SF,2008,14,0.37007,-3.94968,0.49272
2008_14_OAK_SD,2008,14,0.79341,10.42036,0.51776
2008_14_PHI_NYG,2008,14,0.72744,7.60716,0.52313
2008_14_STL_ARI,2008,14,0.86943,14.67239,0.51063
2008_14_TB_CAR,2008,14,0.58148,2.69757,0.48256
2008_14_WAS_BAL,2008,14,0.69816,6.55031,0.50711
2008_15_BUF_NYJ,2008,15,0.75710,8.89578,0.48827
2008_15_CLE_PHI,2008,15,0.87945,15.43232,0.48932
2008_15_DEN_CAR,2008,15,0.71255,7.11709,0.49464
2008_15_DET_IND,2008,15,0.91193,18.00177,0.53446
2008_15_GB_JAX,2008,15,0.40393,-2.82227,0.48199
2008_15_MIN_ARI,2008,15,0.58798,2.96148,0.46144
2008_15_NE_OAK,2008,15,0.25790,-7.87479,0.45183
2008_15_NO_CHI,2008,15,0.57805,2.59741,0.47968
2008_15_NYG_DAL,2008,15,0.53831,1.44786,0.44677
2008_15_PIT_BAL,2008,15,0.57407,2.48102,0.47634
2008_15_SD_KC,2008,15,0.28455,-6.87643,0.46608
2008_15_SEA_STL,2008,15,0.42979,-1.95411,0.46385
2008_15_SF_MIA,2008,15,0.67952,5.89365,0.50260
2008_15_TB_ATL,2008,15,0.68572,6.09782,0.50848
2008_15_TEN_HOU,2008,15,0.39922,-2.99837,0.49131
2008_15_WAS_CIN,2008,15,0.28361,-6.94584,0.47844
2008_16_ARI_NE,2008,16,0.78390,9.97705,0.51939
2008_16_ATL_MIN,2008,16,0.61562,3.71100,0.51174
2008_16_BAL_DAL,2008,16,0.63901,4.57050,0.47891
2008_16_BUF_DEN,2008,16,0.67170,5.71234,0.46862
2008_16_CAR_NYG,2008,16,0.62659,4.11643,0.49462
2008_16_CIN_CLE,2008,16,0.53775,1.28582,0.49950
2008_16_GB_CHI,2008,16,0.59821,3.26355,0.47009
2008_16_HOU_OAK,2008,16,0.27121,-7.42339,0.47909
2008_16_IND_JAX,2008,16,0.28494,-6.82660,0.45320
2008_16_MIA_KC,2008,16,0.36384,-4.10448,0.47388
2008_16_NO_DET,2008,16,0.26705,-7.57419,0.47475
2008_16_NYJ_SEA,2008,16,0.40117,-2.97680,0.50633
2008_16_PHI_WAS,2008,16,0.33474,-5.09033,0.47429
2008_16_PIT_TEN,2008,16,0.44430,-1.64311,0.51594
2008_16_SD_TB,2008,16,0.62320,4.04975,0.47831
2008_16_SF_STL,2008,16,0.36943,-3.93280,0.47881
2008_17_CAR_NO,2008,17,0.47632,-0.61439,0.50237
2008_17_CHI_HOU,2008,17,0.58101,2.68402,0.48217
2008_17_CLE_PIT,2008,17,0.83828,12.66801,0.53922
2008_17_DAL_PHI,2008,17,0.58832,2.86208,0.50169
2008_17_DEN_SD,2008,17,0.74092,8.13625,0.52397
2008_17_DET_GB,2008,17,0.82719,12.09994,0.52293
2008_17_JAX_BAL,2008,17,0.79931,10.75275,0.49854
2008_17_KC_CIN,2008,17,0.56593,2.13480,0.50955
2008_17_MIA_NYJ,2008,17,0.55310,1.83657,0.47219
2008_17_NE_BUF,2008,17,0.30328,-6.19665,0.47124
2008_17_NYG_MIN,2008,17,0.65238,5.13286,0.43782
2008_17_OAK_TB,2008,17,0.80550,11.06779,0.49322
2008_17_SEA_ARI,2008,17,0.67490,5.85243,0.45832
2008_17_STL_ATL,2008,17,0.88128,15.44708,0.53289
2008_17_TEN_IND,2008,17,0.39258,-3.19634,0.48562
2008_17_WAS_SF,2008,17,0.52439,0.90347,0.48849
2008_18_ATL_ARI,2008,18,0.52280,0.93080,0.46056
2008_18_BAL_MIA,2008,18,0.39412,-3.18661,0.50029
2008_18_IND_SD,2008,18,0.42750,-2.05730,0.47524
2008_18_PHI_MIN,2008,18,0.43831,-1.85274,0.52428
2008_19_ARI_CAR,2008,19,0.80003,10.74834,0.51281
2008_19_BAL_TEN,2008,19,0.60101,3.27393,0.49915
2008_19_PHI_NYG,2008,19,0.62915,4.19459,0.49687
2008_19_SD_PIT,2008,19,0.69545,6.49527,0.49113
2008_20_BAL_PIT,2008,20,0.64591,4.85765,0.45846
2008_20_PHI_ARI,2008,20,0.38068,-3.59039,0.48866
2008_21_PIT_ARI,2008,21,0.29018,-6.71687,0.48502
2009_01_BUF_NE,2009,1,0.83580,12.08543,0.44744
2009_01_CHI_GB,2009,1,0.59773,2.67007,0.42245
2009_01_DAL_TB,2009,1,0.37008,-3.63033,0.51067
2009_01_DEN_CIN,2009,1,0.66779,5.64507,0.51831
2009_01_DET_NO,2009,1,0.85987,13.71703,0.47868
2009_01_JAX_IND,2009,1,0.73492,8.15972,0.53257
2009_01_KC_BAL,2009,1,0.85545,13.63267,0.50409
2009_01_MIA_ATL,2009,1,0.62349,3.94772,0.48508
2009_01_MIN_CLE,2009,1,0.35636,-4.31718,0.47773
2009_01_NYJ_HOU,2009,1,0.66589,5.56453,0.51608
2009_01_PHI_CAR,2009,1,0.44949,-1.42880,0.47464
2009_01_SD_OAK,2009,1,0.23554,-8.29697,0.53376
2009_01_SF_ARI,2009,1,0.66160,5.25484,0.49360
2009_01_STL_SEA,2009,1,0.71293,6.99472,0.48638
2009_01_TEN_PIT,2009,1,0.68633,5.93008,0.47073
2009_01_WAS_NYG,2009,1,0.68172,5.85780,0.48258
2009_02_ARI_JAX,2009,2,0.56382,1.87138,0.45530
2009_02_BAL_SD,2009,2,0.58121,2.54086,0.47380
2009_02_CAR_ATL,2009,2,0.67766,5.81045,0.49514
2009_02_CIN_GB,2009,2,0.71633,7.02335,0.47331
2009_02_CLE_DEN,2009,2,0.58623,2.73523,0.47918
2009_02_HOU_TEN,2009,2,0.72462,7.53940,0.50150
2009_02_IND_MIA,2009,2,0.36950,-4.03868,0.45778
2009_02_MIN_DET,2009,2,0.19002,-10.86436,0.46259
2009_02_NE_NYJ,2009,2,0.36511,-4.08845,0.47022
2009_02_NO_PHI,2009,2,0.44578,-1.18486,0.52303
2009_02_NYG_DAL,2009,2,0.57802,2.41742,0.47038
2009_02_OAK_KC,2009,2,0.54887,1.68586,0.49169
2009_02_PIT_CHI,2009,2,0.44761,-1.50030,0.47266
2009_02_SEA_SF,2009,2,0.54172,1.54274,0.50159
2009_02_STL_WAS,2009,2,0.78834,10.04176,0.48769
2009_02_TB_BUF,2009,2,0.65098,4.93975,0.49873
2009_03_ATL_NE,2009,3,0.63345,4.22118,0.47879
2009_03_CAR_DAL,2009,3,0.74478,8.00034,0.45886
2009_03_CHI_SEA,2009,3,0.44183,-1.72073,0.46656
2009_03_CLE_BAL,2009,3,0.86725,14.43592,0.51251
2009_03_DEN_OAK,2009,3,0.49483,0.28596,0.52222
2009_03_GB_STL,2009,3,0.29189,-6.45414,0.48780
2009_03_IND_ARI,2009,3,0.54859,1.29006,0.43934
2009_03_JAX_HOU,2009,3,0.65762,5.34496,0.52385
2009_03_KC_PHI,2009,3,0.73301,7.81111,0.49516
2009_03_MIA_SD,2009,3,0.69367,6.51029,0.51457
2009_03_NO_BUF,2009,3,0.34121,-4.56056,0.51261
2009_03_NYG_TB,2009,3,0.28889,-6.71979,0.46659
2009_03_PIT_CIN,2009,3,0.35485,-4.50792,0.45863
2009_03_SF_MIN,2009,3,0.71653,7.16095,0.49099
2009_03_TEN_NYJ,2009,3,0.51847,0.66357,0.47720
2009_03_WAS_DET,2009,3,0.27198,-7.38083,0.46214
2009_04_BAL_NE,2009,4,0.51033,0.35641,0.46869
2009_04_BUF_MIA,2009,4,0.50967,0.33159,0.46801
2009_04_CIN_CLE,2009,4,0.32066,-5.30636,0.50578
2009_04_DAL_DEN,2009,4,0.46029,-1.01842,0.48602
2009_04_DET_CHI,2009,4,0.80975,11.42729,0.53996
2009_04_GB_MIN,2009,4,0.65212,4.98701,0.50005
2009_04_NYG_KC,2009,4,0.21185,-9.83976,0.46327
2009_04_NYJ_NO,2009,4,0.72697,7.52241,0.48715
2009_04_OAK_HOU,2009,4,0.76171,8.85888,0.48261
2009_04_SD_PIT,2009,4,0.67682,5.77407,0.49413
2009_04_SEA_IND,2009,4,0.81770,11.79246,0.53623
2009_04_STL_SF,2009,4,0.79034,10.28334,0.50828
2009_04_TB_WAS,2009,4,0.76929,9.12783,0.47621
2009_04_TEN_JAX,2009,4,0.40532,-2.61636,0.49718
2009_05_ATL_SF,2009,5,0.50681,0.22383,0.46503
2009_05_CIN_BAL,2009,5,0.77072,9.33260,0.49576
2009_05_CLE_BUF,2009,5,0.66894,5.30881,0.46738
2009_05_DAL_KC,2009,5,0.28123,-6.81692,0.49161
2009_05_HOU_ARI,2009,5,0.67174,5.55635,0.48809
2009_05_IND_TEN,2009,5,0.35446,-4.65207,0.44092
2009_05_JAX_SEA,2009,5,0.52262,0.81998,0.48153
2009_05_MIN_STL,2009,5,0.17367,-11.90014,0.43414
2009_05_NE_DEN,2009,5,0.39058,-3.19596,0.48109
2009_05_NYJ_MIA,2009,5,0.42548,-1.83450,0.51888
2009_05_OAK_NYG,2009,5,0.89650,16.57880,0.51647
2009_05_PIT_DET,2009,5,0.15475,-12.94296,0.43298
2009_05_TB_PHI,2009,5,0.89329,16.25709,0.50755
2009_05_WAS_CAR,2009,5,0.64121,4.40894,0.47015
2009_06_ARI_SEA,2009,6,0.57343,2.24054,0.46549
2009_06_BAL_MIN,2009,6,0.59538,3.09194,0.48908
2009_06_BUF_NYJ,2009,6,0.75870,8.57462,0.46091
2009_06_CAR_TB,2009,6,0.39982,-2.83173,0.49120
2009_06_CHI_ATL,2009,6,0.59765,2.92397,0.45675
2009_06_CLE_PIT,2009,6,0.87884,15.29308,0.52242
2009_06_DEN_SD,2009,6,0.62867,4.28439,0.50830
2009_06_DET_GB,2009,6,0.86747,14.32532,0.49556
2009_06_HOU_CIN,2009,6,0.63203,4.29186,0.49463
2009_06_KC_WAS,2009,6,0.71117,7.04235,0.50158
2009_06_NYG_NO,2009,6,0.58844,2.69296,0.46417
2009_06_PHI_OAK,2009,6,0.13885,-13.36991,0.50402
2009_06_STL_JAX,2009,6,0.77689,9.53608,0.48753
2009_06_TEN_NE,2009,6,0.77865,9.63180,0.49018
2009_07_ARI_NYG,2009,7,0.75437,8.48161,0.47216
2009_07_ATL_DAL,2009,7,0.64356,4.37706,0.45546
2009_07_BUF_CAR,2009,7,0.70701,6.72391,0.47887
2009_07_CHI_CIN,2009,7,0.45723,-1.13469,0.48279
2009_07_GB_CLE,2009,7,0.22733,-8.86037,0.50429
2009_07_IND_STL,2009,7,0.10085,-16.78823,0.41009
2009_07_MIN_PIT,2009,7,0.67421,5.53349,0.47359
2009_07_NE_TB,2009,7,0.09800,-16.70292,0.45326
2009_07_NO_MIA,2009,7,0.31548,-5.53163,0.49953
2009_07_NYJ_OAK,2009,7,0.34786,-4.15469,0.53769
2009_07_PHI_WAS,2009,7,0.23803,-8.42412,0.50252
2009_07_SD_KC,2009,7,0.31477,-5.69099,0.48123
2009_07_SF_HOU,2009,7,0.60612,3.51346,0.50078
2009_08_ATL_NO,2009,8,0.78536,9.61739,0.44832
2009_08_CAR_ARI,2009,8,0.79582,10.46945,0.49956
2009_08_CLE_CHI,2009,8,0.82753,12.04193,0.50157
2009_08_DEN_BAL,2009,8,0.64501,4.69339,0.49189
2009_08_HOU_BUF,2009,8,0.37207,-3.80658,0.47802
2009_08_JAX_TEN,2009,8,0.58753,2.78574,0.48058
2009_08_MIA_NYJ,2009,8,0.62324,4.06618,0.50225
2009_08_MIN_GB,2009,8,0.57532,2.18471,0.45017
2009_08_NYG_PHI,2009,8,0.48013,-0.26814,0.50685
2009_08_OAK_SD,2009,8,0.88950,15.76073,0.47989
2009_08_SEA_DAL,2009,8,0.78493,9.85028,0.48237
2009_08_SF_IND,2009,8,0.87655,15.34906,0.55157
2009_08_STL_DET,2009,8,0.63898,4.70312,0.51992
2009_09_ARI_CHI,2009,9,0.54508,1.67032,0.50514
2009_09_BAL_CIN,2009,9,0.42403,-1.89008,0.51734
2009_09_CAR_NO,2009,9,0.83821,12.50802,0.48675
2009_09_DAL_PHI,2009,9,0.60028,3.28394,0.49441
2009_09_DET_SEA,2009,9,0.80186,10.56703,0.47452
2009_09_GB_TB,2009,9,0.23936,-8.22695,0.52186
2009_09_HOU_IND,2009,9,0.74301,8.29792,0.50868
2009_09_KC_JAX,2009,9,0.69930,6.37597,0.46923
2009_09_MIA_NE,2009,9,0.83332,12.68637,0.54710
2009_09_PIT_DEN,2009,9,0.36287,-4.30773,0.45037
2009_09_SD_NYG,2009,9,0.64423,4.53305,0.47358
2009_09_TEN_SF,2009,9,0.60170,2.95431,0.44384
2009_09_WAS_ATL,2009,9,0.75889,8.71298,0.47857
2009_10_ATL_CAR,2009,10,0.45197,-1.33419,0.47726
2009_10_BAL_CLE,2009,10,0.19179,-10.62858,0.48296
2009_10_BUF_TEN,2009,10,0.73794,7.66418,0.44960
2009_10_CHI_SF,2009,10,0.55967,1.58412,0.43371
2009_10_CIN_PIT,2009,10,0.70530,6.77463,0.49415
2009_10_DAL_GB,2009,10,0.38562,-3.39258,0.47564
2009_10_DEN_WAS,2009,10,0.37008,-3.88699,0.47580
2009_10_DET_MIN,2009,10,0.92447,19.45082,0.55436
2009_10_JAX_NYJ,2009,10,0.70933,6.95797,0.49924
2009_10_KC_OAK,2009,10,0.56409,2.39545,0.52525
2009_10_NE_IND,2009,10,0.54287,1.58638,0.50281
2009_10_NO_STL,2009,10,0.12852,-14.21005,0.48070
2009_10_PHI_SD,2009,10,0.53189,1.17019,0.49125
2009_10_SEA_ARI,2009,10,0.77227,9.41527,0.49805
2009_10_TB_MIA,2009,10,0.76236,8.63585,0.44882
2009_11_ARI_STL,2009,11,0.19832,-10.49359,0.45902
2009_11_ATL_NYG,2009,11,0.71434,7.05971,0.48818
2009_11_BUF_JAX,2009,11,0.75352,8.43839,0.47096
2009_11_CIN_OAK,2009,11,0.20999,-9.94512,0.46036
2009_11_CLE_DET,2009,11,0.59264,2.85641,0.46869
2009_11_IND_BAL,2009,11,0.44865,-1.46056,0.47376
2009_11_MIA_CAR,2009,11,0.61585,3.77087,0.49405
2009_11_NO_TB,2009,11,0.18199,-11.23583,0.46614
2009_11_NYJ_NE,2009,11,0.81426,11.44821,0.51285
2009_11_PHI_CHI,2009,11,0.36249,-4.19508,0.46727
2009_11_PIT_KC,2009,11,0.17292,-11.82133,0.45000
2009_11_SD_DEN,2009,11,0.29270,-6.41739,0.48882
2009_11_SEA_MIN,2009,11,0.82594,12.19431,0.53352
2009_11_SF_GB,2009,11,0.71141,7.18174,0.51933
2009_11_TEN_HOU,2009,11,0.63833,4.54822,0.50175
2009_11_WAS_DAL,2009,11,0.81346,11.27052,0.49404
2009_12_ARI_TEN,2009,12,0.62666,4.20353,0.50606
2009_12_CAR_NYJ,2009,12,0.58207,2.44551,0.45735
2009_12_CHI_MIN,2009,12,0.81638,11.70921,0.53393
2009_12_CLE_CIN,2009,12,0.84703,13.26299,0.52158
2009_12_GB_DET,2009,12,0.18594,-10.85971,0.49042
2009_12_IND_HOU,2009,12,0.36678,-4.14905,0.45474
2009_12_JAX_SF,2009,12,0.57268,2.21168,0.46469
2009_12_KC_SD,2009,12,0.86218,14.15582,0.51861
2009_12_MIA_BUF,2009,12,0.37379,-3.73731,0.47994
2009_12_NE_NO,2009,12,0.53407,1.25281,0.49354
2009_12_NYG_DEN,2009,12,0.36418,-3.86958,0.50403
2009_12_OAK_DAL,2009,12,0.86037,13.88513,0.49722
2009_12_PIT_BAL,2009,12,0.74811,8.16597,0.46343
2009_12_SEA_STL,2009,12,0.37673,-3.61936,0.48322
2009_12_TB_ATL,2009,12,0.82835,11.96781,0.48563
2009_12_WAS_PHI,2009,12,0.79151,10.35004,0.51013
2009_13_BAL_GB,2009,13,0.59096,2.66261,0.44956
2009_13_DAL_NYG,2009,13,0.46579,-0.81015,0.49180
2009_13_DEN_KC,2009,13,0.28718,-6.79816,0.46442
2009_13_DET_CIN,2009,13,0.87665,15.22921,0.53449
2009_13_HOU_JAX,2009,13,0.44806,-1.48330,0.47313
2009_13_MIN_ARI,2009,13,0.38071,-3.46014,0.48763
2009_13_NE_MIA,2009,13,0.33300,-5.16350,0.46814
2009_13_NO_WAS,2009,13,0.20120,-10.45190,0.44641
2009_13_NYJ_BUF,2009,13,0.39933,-2.72246,0.50811
2009_13_OAK_PIT,2009,13,0.88255,15.49674,0.51420
2009_13_PHI_ATL,2009,13,0.34638,-4.72980,0.46631
2009_13_SD_CLE,2009,13,0.13680,-13.66022,0.48208
2009_13_SF_SEA,2009,13,0.47944,-0.29409,0.50613
2009_13_STL_CHI,2009,13,0.78017,9.71517,0.49250
2009_13_TB_CAR,2009,13,0.63062,4.36349,0.51050
2009_13_TEN_IND,2009,13,0.70371,6.83108,0.50960
2009_14_ARI_SF,2009,14,0.33381,-5.25760,0.45175
2009_14_BUF_KC,2009,14,0.39662,-2.95747,0.48771
2009_14_CAR_NE,2009,14,0.83803,12.49603,0.48642
2009_14_CIN_MIN,2009,14,0.69585,6.47863,0.49981
2009_14_DEN_IND,2009,14,0.73970,8.39232,0.53899
2009_14_DET_BAL,2009,14,0.88171,15.54914,0.52951
2009_14_GB_CHI,2009,14,0.34543,-4.76942,0.46521
2009_14_MIA_JAX,2009,14,0.51373,0.48470,0.47224
2009_14_NO_ATL,2009,14,0.17662,-11.70780,0.43940
2009_14_NYJ_TB,2009,14,0.35864,-4.35226,0.46293
2009_14_PHI_NYG,2009,14,0.44913,-1.44239,0.47426
2009_14_PIT_CLE,2009,14,0.19154,-10.77188,0.46515
2009_14_SD_DAL,2009,14,0.57589,2.20696,0.45078
2009_14_SEA_HOU,2009,14,0.71422,7.05388,0.48802
2009_14_STL_TEN,2009,14,0.86935,14.60839,0.51730
2009_14_WAS_OAK,2009,14,0.48771,0.01765,0.51478
2009_15_ARI_DET,2009,15,0.12150,-14.81499,0.46395
2009_15_ATL_NYJ,2009,15,0.65491,4.84630,0.46841
2009_15_CHI_BAL,2009,15,0.80567,10.92255,0.49826
2009_15_CIN_SD,2009,15,0.71902,7.40501,0.51165
2009_15_CLE_KC,2009,15,0.50082,-0.00170,0.45880
2009_15_DAL_NO,2009,15,0.74885,8.58821,0.51674
2009_15_GB_PIT,2009,15,0.56410,2.01036,0.47295
2009_15_HOU_STL,2009,15,0.13432,-13.73157,0.49398
2009_15_IND_JAX,2009,15,0.30674,-6.55736,0.40287
2009_15_MIA_TEN,2009,15,0.64787,4.81134,0.49517
2009_15_MIN_CAR,2009,15,0.22158,-9.29960,0.47822
2009_15_NE_BUF,2009,15,0.26131,-7.89464,0.44798
2009_15_NYG_WAS,2009,15,0.45171,-1.34427,0.47698
2009_15_OAK_DEN,2009,15,0.85262,13.29040,0.48071
2009_15_SF_PHI,2009,15,0.75667,9.11244,0.54506
2009_15_TB_SEA,2009,15,0.71448,7.19431,0.50580
2009_16_BAL_PIT,2009,16,0.57773,2.40626,0.47007
2009_16_BUF_ATL,2009,16,0.76456,9.00732,0.48673
2009_16_CAR_NYG,2009,16,0.75206,8.36454,0.46892
2009_16_DAL_WAS,2009,16,0.27108,-7.29534,0.47834
2009_16_DEN_PHI,2009,16,0.73271,7.92504,0.51221
2009_16_DET_SF,2009,16,0.86196,13.88197,0.48325
2009_16_HOU_MIA,2009,16,0.53646,1.34320,0.49605
2009_16_JAX_NE,2009,16,0.79747,10.69365,0.51966
2009_16_KC_CIN,2009,16,0.86395,14.29683,0.52252
2009_16_MIN_CHI,2009,16,0.21718,-9.54155,0.47152
2009_16_NYJ_IND,2009,16,0.67850,6.48879,0.58264
2009_16_OAK_CLE,2009,16,0.57573,2.32910,0.46794
2009_16_SD_TEN,2009,16,0.51175,0.41020,0.47018
2009_16_SEA_GB,2009,16,0.86655,14.37847,0.51092
2009_16_STL_ARI,2009,16,0.90586,17.44168,0.52653
2009_16_TB_NO,2009,16,0.88547,15.89397,0.53904
2009_17_ATL_TB,2009,17,0.37764,-3.71107,0.46683
2009_17_BAL_OAK,2009,17,0.19829,-10.36684,0.47635
2009_17_CHI_DET,2009,17,0.32667,-5.56170,0.44340
2009_17_CIN_NYJ,2009,17,0.73559,7.42180,0.42929
2009_17_GB_ARI,2009,17,0.58228,2.58193,0.47494
2009_17_IND_BUF,2009,17,0.60829,2.05865,0.30472
2009_17_JAX_CLE,2009,17,0.50515,0.16141,0.46330
2009_17_KC_DEN,2009,17,0.80484,11.12945,0.53173
2009_17_NE_HOU,2009,17,0.68637,5.28981,0.38556
2009_17_NO_CAR,2009,17,0.77279,9.18652,0.46400
2009_17_NYG_MIN,2009,17,0.74493,8.00772,0.45906
2009_17_PHI_DAL,2009,17,0.58459,2.67164,0.47742
2009_17_PIT_MIA,2009,17,0.39868,-2.87656,0.48995
2009_17_SF_STL,2009,17,0.26117,-7.77355,0.46510
2009_17_TEN_SEA,2009,17,0.28674,-6.81849,0.46386
2009_17_WAS_SD,2009,17,0.64284,4.98921,0.54166
2009_18_BAL_NE,2009,18,0.62076,3.96690,0.49949
2009_18_GB_ARI,2009,18,0.40743,-2.66227,0.48202
2009_18_NYJ_CIN,2009,18,0.54416,1.25036,0.45197
2009_18_PHI_DAL,2009,18,0.62512,4.14141,0.50433
2009_19_ARI_NO,2009,19,0.72858,7.72701,0.50671
2009_19_BAL_IND,2009,19,0.69994,6.53294,0.48744
2009_19_DAL_MIN,2009,19,0.57286,2.34681,0.48228
2009_19_NYJ_SD,2009,19,0.77811,9.73113,0.50683
2009_20_MIN_NO,2009,20,0.62203,3.88931,0.48346
2009_20_NYJ_IND,2009,20,0.70990,6.59884,0.44781
2009_21_NO_IND,2009,21,0.59750,2.78963,0.43933
2010_01_ARI_STL,2010,1,0.40311,-2.79918,0.48892
2010_01_ATL_PIT,2010,1,0.46636,-0.86908,0.48737
2010_01_BAL_NYJ,2010,1,0.54670,1.69900,0.50000
2010_01_CAR_NYG,2010,1,0.63095,3.74987,0.44572
2010_01_CIN_NE,2010,1,0.65336,4.87449,0.48167
2010_01_CLE_TB,2010,1,0.56643,2.02208,0.47384
2010_01_DAL_WAS,2010,1,0.37095,-3.98801,0.47362
2010_01_DEN_JAX,2010,1,0.58567,2.64691,0.47661
2010_01_DET_CHI,2010,1,0.72112,7.54052,0.50760
2010_01_GB_PHI,2010,1,0.40944,-2.53880,0.49471
2010_01_IND_HOU,2010,1,0.46472,-0.93449,0.48591
2010_01_MIA_BUF,2010,1,0.42411,-1.94013,0.50803
2010_01_MIN_NO,2010,1,0.63849,4.38617,0.48193
2010_01_OAK_TEN,2010,1,0.70604,6.80870,0.49132
2010_01_SD_KC,2010,1,0.33601,-5.34884,0.45456
2010_01_SF_SEA,2010,1,0.38783,-3.43341,0.47483
2010_02_ARI_ATL,2010,2,0.70321,6.51669,0.47372
2010_02_BAL_CIN,2010,2,0.41129,-2.61958,0.48180
2010_02_BUF_GB,2010,2,0.83097,12.03339,0.47409
2010_02_CHI_DAL,2010,2,0.70959,6.82192,0.48050
2010_02_HOU_WAS,2010,2,0.41753,-2.36467,0.48746
2010_02_JAX_SD,2010,2,0.72719,7.68523,0.49970
2010_02_KC_CLE,2010,2,0.60852,3.58914,0.49756
2010_02_MIA_MIN,2010,2,0.67520,5.68924,0.48866
2010_02_NE_NYJ,2010,2,0.42631,-1.85093,0.51002
2010_02_NO_SF,2010,2,0.33807,-5.10045,0.47112
2010_02_NYG_IND,2010,2,0.63212,4.26999,0.49046
2010_02_PHI_DET,2010,2,0.29047,-6.66755,0.48073
2010_02_PIT_TEN,2010,2,0.67729,5.62731,0.47618
2010_02_SEA_DEN,2010,2,0.61281,3.61157,0.48694
2010_02_STL_OAK,2010,2,0.62389,4.23427,0.51191
2010_02_TB_CAR,2010,2,0.64147,4.67097,0.49938
2010_03_ATL_NO,2010,3,0.61729,3.95610,0.50572
2010_03_BUF_NE,2010,3,0.84622,12.68114,0.45522
2010_03_CIN_CAR,2010,3,0.41710,-2.22539,0.50169
2010_03_CLE_BAL,2010,3,0.80859,10.68542,0.45532
2010_03_DAL_HOU,2010,3,0.55698,1.95459,0.49457
2010_03_DET_MIN,2010,3,0.84291,12.74427,0.47877
2010_03_GB_CHI,2010,3,0.39731,-3.03909,0.48359
2010_03_IND_DEN,2010,3,0.33090,-5.10644,0.49321
2010_03_NYJ_MIA,2010,3,0.50614,0.08445,0.46414
2010_03_OAK_ARI,2010,3,0.66422,5.19701,0.47772
2010_03_PHI_JAX,2010,3,0.42517,-2.21066,0.47977
2010_03_PIT_TB,2010,3,0.43864,-1.66595,0.49188
2010_03_SD_SEA,2010,3,0.35746,-4.56574,0.46082
2010_03_SF_KC,2010,3,0.43555,-1.63383,0.50372
2010_03_TEN_NYG,2010,3,0.58604,2.66205,0.47695
2010_03_WAS_STL,2010,3,0.34212,-4.92129,0.47510
2010_04_ARI_SD,2010,4,0.78731,10.00257,0.48451
2010_04_BAL_PIT,2010,4,0.57493,2.52293,0.49609
2010_04_CAR_NO,2010,4,0.84115,12.77033,0.49047
2010_04_CHI_NYG,2010,4,0.56752,1.75239,0.44578
2010_04_CIN_CLE,2010,4,0.44427,-1.59618,0.48232
2010_04_DEN_TEN,2010,4,0.68104,5.79791,0.47996
2010_04_DET_GB,2010,4,0.88103,15.47081,0.50605
2010_04_HOU_OAK,2010,4,0.37552,-3.79412,0.47792
2010_04_IND_JAX,2010,4,0.25306,-8.38840,0.45369
2010_04_NE_MIA,2010,4,0.52138,0.68945,0.47756
2010_04_NYJ_BUF,2010,4,0.29734,-6.65292,0.45889
2010_04_SEA_STL,2010,4,0.44617,-1.51980,0.48402
2010_04_SF_ATL,2010,4,0.73603,8.13204,0.50964
2010_04_WAS_PHI,2010,4,0.68374,6.23491,0.51193
2010_05_ATL_CLE,2010,5,0.38561,-3.52601,0.47277
2010_05_CHI_CAR,2010,5,0.56637,2.01976,0.47379
2010_05_DEN_BAL,2010,5,0.73727,7.88172,0.48183
2010_05_GB_WAS,2010,5,0.38981,-3.50720,0.46211
2010_05_JAX_BUF,2010,5,0.57452,2.34934,0.48111
2010_05_KC_IND,2010,5,0.72995,7.66719,0.48817
2010_05_MIN_NYJ,2010,5,0.65317,5.17934,0.51069
2010_05_NO_ARI,2010,5,0.28956,-6.71153,0.47975
2010_05_NYG_HOU,2010,5,0.62456,4.26247,0.51254
2010_05_PHI_SF,2010,5,0.57063,2.03489,0.46304
2010_05_SD_OAK,2010,5,0.26119,-7.96613,0.46302
2010_05_STL_DET,2010,5,0.57073,2.03915,0.46314
2010_05_TB_CIN,2010,5,0.68119,5.64801,0.46555
2010_05_TEN_DAL,2010,5,0.71171,7.08122,0.49738
2010_06_ATL_PHI,2010,6,0.51591,0.47206,0.47273
2010_06_BAL_NE,2010,6,0.60002,3.23648,0.48971
2010_06_CLE_PIT,2010,6,0.87373,14.95420,0.50568
2010_06_DAL_MIN,2010,6,0.51673,0.50475,0.47346
2010_06_DET_NYG,2010,6,0.78329,9.76550,0.47924
2010_06_IND_WAS,2010,6,0.37426,-4.00426,0.46218
2010_06_KC_HOU,2010,6,0.63446,4.21333,0.47809
2010_06_MIA_GB,2010,6,0.60803,3.56877,0.49711
2010_06_NO_TB,2010,6,0.32990,-5.15135,0.49221
2010_06_NYJ_DEN,2010,6,0.36417,-4.27699,0.46721
2010_06_OAK_SF,2010,6,0.73142,7.27070,0.44618
2010_06_SD_STL,2010,6,0.21168,-9.91052,0.47534
2010_06_SEA_CHI,2010,6,0.69086,6.25038,0.49002
2010_06_TEN_JAX,2010,6,0.39666,-3.06587,0.48299
2010_07_ARI_SEA,2010,7,0.64764,4.15433,0.43267
2010_07_BUF_BAL,2010,7,0.82633,11.86603,0.48148
2010_07_CIN_ATL,2010,7,0.61173,3.56634,0.48593
2010_07_CLE_NO,2010,7,0.83865,12.74219,0.50096
2010_07_JAX_KC,2010,7,0.76058,8.79873,0.47998
2010_07_MIN_GB,2010,7,0.59522,3.19547,0.49992
2010_07_NE_SD,2010,7,0.56479,1.95581,0.47237
2010_07_NYG_DAL,2010,7,0.61156,3.55946,0.48578
2010_07_OAK_DEN,2010,7,0.71691,7.17704,0.48839
2010_07_PHI_TEN,2010,7,0.57096,2.04841,0.46334
2010_07_PIT_MIA,2010,7,0.38174,-3.68841,0.46917
2010_07_SF_CAR,2010,7,0.49884,0.42162,0.51608
2010_07_STL_TB,2010,7,0.62126,4.12308,0.50944
2010_07_WAS_CHI,2010,7,0.60313,3.36531,0.49258
2010_08_BUF_KC,2010,8,0.71421,7.04531,0.48546
2010_08_CAR_STL,2010,8,0.55122,1.41003,0.46028
2010_08_DEN_SF,2010,8,0.54115,1.16357,0.46589
2010_08_GB_NYJ,2010,8,0.72111,7.54026,0.50760
2010_08_HOU_IND,2010,8,0.69226,6.47188,0.50607
2010_08_JAX_DAL,2010,8,0.67775,5.49119,0.46208
2010_08_MIA_CIN,2010,8,0.47785,-0.41184,0.49754
2010_08_MIN_NE,2010,8,0.67847,5.99426,0.50657
2010_08_PIT_NO,2010,8,0.50136,-0.10561,0.45994
2010_08_SEA_OAK,2010,8,0.55272,1.78350,0.49076
2010_08_TB_ARI,2010,8,0.57986,2.40971,0.47135
2010_08_TEN_SD,2010,8,0.64242,4.08495,0.44210
2010_08_WAS_DET,2010,8,0.54274,1.07057,0.45279
2010_09_ARI_MIN,2010,9,0.70799,6.74509,0.47879
2010_09_CHI_BUF,2010,9,0.39532,-3.12144,0.48176
2010_09_DAL_GB,2010,9,0.74360,8.52203,0.51831
2010_09_IND_PHI,2010,9,0.59683,2.94803,0.47220
2010_09_KC_OAK,2010,9,0.48479,-0.13611,0.50367
2010_09_MIA_BAL,2010,9,0.68530,6.30678,0.51352
2010_09_NE_CLE,2010,9,0.35290,-4.60667,0.47098
2010_09_NO_CAR,2010,9,0.31070,-6.02652,0.47276
2010_09_NYG_SEA,2010,9,0.27747,-7.14505,0.48123
2010_09_NYJ_DET,2010,9,0.27365,-7.80542,0.43355
2010_09_PIT_CIN,2010,9,0.32257,-5.63878,0.47027
2010_09_SD_HOU,2010,9,0.40210,-2.84078,0.48800
2010_09_TB_ATL,2010,9,0.78686,9.97573,0.48392
2010_10_BAL_ATL,2010,10,0.52169,0.70188,0.47783
2010_10_CAR_TB,2010,10,0.73600,8.13056,0.50960
2010_10_CIN_IND,2010,10,0.72643,7.80403,0.51346
2010_10_DAL_NYG,2010,10,0.83381,12.54889,0.50779
2010_10_DET_BUF,2010,10,0.55077,1.70527,0.48902
2010_10_HOU_JAX,2010,10,0.56101,2.27363,0.51279
2010_10_KC_DEN,2010,10,0.46153,-1.06189,0.48308
2010_10_MIN_CHI,2010,10,0.52758,0.93602,0.48303
2010_10_NE_PIT,2010,10,0.64007,4.45408,0.48343
2010_10_NYJ_CLE,2010,10,0.36238,-4.35397,0.46550
2010_10_PHI_WAS,2010,10,0.36646,-4.17925,0.46938
2010_10_SEA_ARI,2010,10,0.61248,3.59763,0.48663
2010_10_STL_SF,2010,10,0.65547,5.12360,0.49833
2010_10_TEN_MIA,2010,10,0.49335,-0.42324,0.45292
2010_11_ARI_KC,2010,11,0.71662,7.16275,0.48807
2010_11_ATL_STL,2010,11,0.34127,-5.27258,0.44523
2010_11_BAL_CAR,2010,11,0.14684,-13.22574,0.47944
2010_11_BUF_CIN,2010,11,0.62108,3.80176,0.48005
2010_11_CHI_MIA,2010,11,0.56726,2.05560,0.47458
2010_11_CLE_JAX,2010,11,0.58145,2.63152,0.48738
2010_11_DEN_SD,2010,11,0.78177,9.99065,0.50649
2010_11_DET_DAL,2010,11,0.66298,5.29833,0.49109
2010_11_GB_MIN,2010,11,0.36158,-4.54492,0.45024
2010_11_HOU_NYJ,2010,11,0.73933,8.45801,0.52799
2010_11_IND_NE,2010,11,0.62317,3.88995,0.48201
2010_11_NYG_PHI,2010,11,0.63955,4.74536,0.51216
2010_11_OAK_PIT,2010,11,0.70565,6.63294,0.47630
2010_11_SEA_NO,2010,11,0.81802,11.61530,0.49814
2010_11_TB_SF,2010,11,0.60076,3.11044,0.47580
2010_11_WAS_TEN,2010,11,0.74234,8.45662,0.51685
2010_12_CAR_CLE,2010,12,0.76137,8.84198,0.48094
2010_12_CIN_NYJ,2010,12,0.81620,11.80774,0.52465
2010_12_GB_ATL,2010,12,0.57439,2.34417,0.48099
2010_12_JAX_NYG,2010,12,0.72280,7.15355,0.46567
2010_12_KC_SEA,2010,12,0.47648,-0.46642,0.49632
2010_12_MIA_OAK,2010,12,0.57743,2.31095,0.46916
2010_12_MIN_WAS,2010,12,0.47771,-0.41727,0.49742
2010_12_NE_DET,2010,12,0.26828,-7.91809,0.44203
2010_12_NO_DAL,2010,12,0.34693,-4.71020,0.47978
2010_12_PHI_CHI,2010,12,0.39086,-3.30693,0.47764
2010_12_PIT_BUF,2010,12,0.28398,-6.98226,0.47374
2010_12_SD_IND,2010,12,0.57727,2.61778,0.49820
2010_12_SF_ARI,2010,12,0.47386,-0.57044,0.49401
2010_12_STL_DEN,2010,12,0.59999,3.23562,0.48969
2010_12_TB_BAL,2010,12,0.72812,7.57536,0.48613
2010_12_TEN_HOU,2010,12,0.63344,4.01282,0.46256
2010_13_ATL_TB,2010,13,0.38520,-3.54334,0.47239
2010_13_BUF_MIN,2010,13,0.64753,4.61985,0.47601
2010_13_CAR_SEA,2010,13,0.66776,5.66816,0.51044
2010_13_CHI_DET,2010,13,0.27563,-7.86376,0.42139
2010_13_CLE_MIA,2010,13,0.69874,6.61869,0.49822
2010_13_DAL_IND,2010,13,0.67159,5.52635,0.48504
2010_13_DEN_KC,2010,13,0.77021,9.33060,0.49181
2010_13_HOU_PHI,2010,13,0.76891,9.41498,0.50481
2010_13_JAX_TEN,2010,13,0.58430,2.59089,0.47537
2010_13_NO_CIN,2010,13,0.26828,-7.76145,0.45649
2010_13_NYJ_NE,2010,13,0.61738,3.64645,0.47660
2010_13_OAK_SD,2010,13,0.83855,12.57867,0.48620
2010_13_PIT_BAL,2010,13,0.58721,2.70966,0.47800
2010_13_SF_GB,2010,13,0.78526,10.19484,0.51103
2010_13_STL_ARI,2010,13,0.40486,-2.72713,0.49052
2010_13_WAS_NYG,2010,13,0.72767,7.70938,0.50023
2010_14_ATL_CAR,2010,14,0.23091,-9.58669,0.42741
2010_14_BAL_HOU,2010,14,0.37983,-3.76866,0.46739
2010_14_CIN_PIT,2010,14,0.79697,10.89818,0.52666
2010_14_CLE_BUF,2010,14,0.51656,0.49794,0.47330
2010_14_DEN_ARI,2010,14,0.39117,-2.98063,0.50713
2010_14_GB_DET,2010,14,0.22447,-9.95016,0.41951
2010_14_IND_TEN,2010,14,0.39274,-3.22868,0.47937
2010_14_KC_SD,2010,14,0.78517,9.87622,0.48170
2010_14_MIA_NYJ,2010,14,0.67954,6.04328,0.50766
2010_14_NE_CHI,2010,14,0.38574,-3.52056,0.47289
2010_14_NYG_MIN,2010,14,0.34132,-4.95670,0.47431
2010_14_OAK_JAX,2010,14,0.61517,3.71047,0.48913
2010_14_PHI_DAL,2010,14,0.35744,-4.41006,0.47535
2010_14_SEA_SF,2010,14,0.62494,3.80834,0.46910
2010_14_STL_NO,2010,14,0.79304,10.50192,0.50674
2010_14_TB_WAS,2010,14,0.44179,-1.85286,0.46553
2010_15_ARI_CAR,2010,15,0.55538,1.57697,0.46397
2010_15_ATL_SEA,2010,15,0.29452,-6.78717,0.45592
2010_15_BUF_MIA,2010,15,0.68033,5.92243,0.49385
2010_15_CHI_MIN,2010,15,0.32980,-5.15589,0.49211
2010_15_CLE_CIN,2010,15,0.48993,-0.55917,0.44993
2010_15_DEN_OAK,2010,15,0.78808,10.36164,0.51474
2010_15_DET_TB,2010,15,0.66995,6.08006,0.54176
2010_15_GB_NE,2010,15,0.87699,15.25074,0.51228
2010_15_HOU_TEN,2010,15,0.56276,2.03083,0.48514
2010_15_JAX_IND,2010,15,0.62715,4.05846,0.48575
2010_15_KC_STL,2010,15,0.55028,1.21562,0.44497
2010_15_NO_BAL,2010,15,0.53080,1.06451,0.48589
2010_15_NYJ_PIT,2010,15,0.62524,4.13460,0.49857
2010_15_PHI_NYG,2010,15,0.55600,1.44486,0.45001
2010_15_SF_SD,2010,15,0.78086,9.62452,0.47611
2010_15_WAS_DAL,2010,15,0.78854,10.23211,0.50074
2010_16_BAL_CLE,2010,16,0.36250,-4.34895,0.46562
2010_16_CAR_PIT,2010,16,0.88044,15.57143,0.51941
2010_16_DAL_ARI,2010,16,0.27014,-7.51102,0.47311
2010_16_DET_MIA,2010,16,0.63170,4.40882,0.50467
2010_16_HOU_DEN,2010,16,0.40631,-2.98093,0.46269
2010_16_IND_OAK,2010,16,0.46210,-1.03895,0.48359
2010_16_MIN_PHI,2010,16,0.87183,14.78412,0.50190
2010_16_NE_BUF,2010,16,0.24048,-9.05990,0.43892
2010_16_NO_ATL,2010,16,0.57363,2.47026,0.49491
2010_16_NYG_GB,2010,16,0.60214,3.32437,0.49167
2010_16_NYJ_CHI,2010,16,0.53721,1.16302,0.47697
2010_16_SD_CIN,2010,16,0.22418,-9.33992,0.47690
2010_16_SEA_TB,2010,16,0.68451,6.27024,0.51271
2010_16_SF_STL,2010,16,0.54511,1.32209,0.46940
2010_16_TEN_KC,2010,16,0.62906,4.13993,0.48757
2010_16_WAS_JAX,2010,16,0.72618,7.63479,0.49857
2010_17_ARI_SF,2010,17,0.68571,6.01212,0.48472
2010_17_BUF_NYJ,2010,17,0.60404,4.03011,0.55169
2010_17_CAR_ATL,2010,17,0.88250,15.76734,0.52376
2010_17_CHI_GB,2010,17,0.78615,9.62001,0.45388
2010_17_CIN_BAL,2010,17,0.79693,10.73849,0.51201
2010_17_DAL_PHI,2010,17,0.50143,0.68122,0.53294
2010_17_JAX_HOU,2010,17,0.64625,4.72127,0.48938
2010_17_MIA_NE,2010,17,0.70143,7.37298,0.55922
2010_17_MIN_DET,2010,17,0.58350,2.40137,0.46009
2010_17_NYG_WAS,2010,17,0.33276,-5.33696,0.46588
2010_17_OAK_KC,2010,17,0.66474,5.53331,0.50744
2010_17_PIT_CLE,2010,17,0.28581,-6.89327,0.47572
2010_17_SD_DEN,2010,17,0.30659,-6.37429,0.45400
2010_17_STL_SEA,2010,17,0.40588,-2.68523,0.49145
2010_17_TB_NO,2010,17,0.71995,7.32621,0.49171
2010_17_TEN_IND,2010,17,0.76377,8.97363,0.48387
2010_18_BAL_KC,2010,18,0.37604,-3.92889,0.46385
2010_18_GB_PHI,2010,18,0.52325,0.76404,0.47921
2010_18_NO_SEA,2010,18,0.21940,-9.45789,0.48539
2010_18_NYJ_IND,2010,18,0.51928,0.60602,0.47570
2010_19_BAL_PIT,2010,19,0.61375,3.65072,0.48781
2010_19_GB_ATL,2010,19,0.54769,1.73883,0.50089
2010_19_NYJ_NE,2010,19,0.78482,10.01224,0.49585
2010_19_SEA_CHI,2010,19,0.80113,10.84167,0.50318
2010_20_GB_CHI,2010,20,0.36791,-4.11712,0.47075
2010_20_NYJ_PIT,2010,20,0.61295,3.46073,0.47248
2010_21_PIT_GB,2010,21,0.58103,2.45765,0.47241
2011_01_ATL_CHI,2011,1,0.47166,-0.42518,0.49763
2011_01_BUF_KC,2011,1,0.61233,3.63590,0.48977
2011_01_CAR_ARI,2011,1,0.68621,5.59030,0.47108
2011_01_CIN_CLE,2011,1,0.69485,6.14364,0.48096
2011_01_DAL_NYJ,2011,1,0.70543,6.83302,0.49330
2011_01_DET_TB,2011,1,0.55993,2.75789,0.51880
2011_01_IND_HOU,2011,1,0.74261,7.30150,0.45702
2011_01_MIN_SD,2011,1,0.74811,7.69779,0.46408
2011_01_NE_MIA,2011,1,0.27850,-6.90213,0.48909
2011_01_NO_GB,2011,1,0.65184,5.12952,0.49861
2011_01_NYG_WAS,2011,1,0.44281,-2.01545,0.46919
2011_01_OAK_DEN,2011,1,0.55274,0.69606,0.44628
2011_01_PHI_STL,2011,1,0.37327,-3.88127,0.48052
2011_01_PIT_BAL,2011,1,0.52946,1.07701,0.48871
2011_01_SEA_SF,2011,1,0.68105,5.68009,0.48161
2011_01_TEN_JAX,2011,1,0.45872,-1.13678,0.48489
2011_02_ARI_WAS,2011,2,0.63876,4.34782,0.48461
2011_02_BAL_TEN,2011,2,0.31084,-6.01957,0.47804
2011_02_CHI_NO,2011,2,0.62726,3.67077,0.47251
2011_02_CIN_DEN,2011,2,0.58501,2.08070,0.46199
2011_02_CLE_IND,2011,2,0.47046,-0.49105,0.49645
2011_02_DAL_SF,2011,2,0.40876,-2.25773,0.50062
2011_02_GB_CAR,2011,2,0.19250,-10.58208,0.48587
2011_02_HOU_MIA,2011,2,0.41099,-2.13182,0.50288
2011_02_JAX_NYJ,2011,2,0.77545,9.76008,0.50094
2011_02_KC_DET,2011,2,0.75740,8.38022,0.47625
2011_02_OAK_BUF,2011,2,0.60154,3.01730,0.47870
2011_02_PHI_ATL,2011,2,0.41110,-2.54138,0.48660
2011_02_SD_NE,2011,2,0.71573,7.51783,0.50556
2011_02_SEA_PIT,2011,2,0.85143,12.94498,0.47741
2011_02_STL_NYG,2011,2,0.71895,7.31949,0.49305
2011_02_TB_MIN,2011,2,0.52211,0.67363,0.48150
2011_03_ARI_SEA,2011,3,0.40017,-2.74534,0.49189
2011_03_ATL_TB,2011,3,0.53104,1.16359,0.49026
2011_03_BAL_STL,2011,3,0.30027,-6.70121,0.46588
2011_03_DEN_TEN,2011,3,0.72690,7.86220,0.50277
2011_03_DET_MIN,2011,3,0.39869,-2.82967,0.49038
2011_03_GB_CHI,2011,3,0.35153,-4.75287,0.47388
2011_03_HOU_NO,2011,3,0.61742,3.92983,0.49503
2011_03_JAX_CAR,2011,3,0.60867,3.42563,0.48600
2011_03_KC_SD,2011,3,0.86066,13.55334,0.47935
2011_03_MIA_CLE,2011,3,0.47998,0.03089,0.50579
2011_03_NE_BUF,2011,3,0.27295,-7.28178,0.48229
2011_03_NYG_PHI,2011,3,0.74941,7.79252,0.46576
2011_03_NYJ_OAK,2011,3,0.45270,-1.46877,0.47895
2011_03_PIT_IND,2011,3,0.19713,-10.17899,0.49308
2011_03_SF_CIN,2011,3,0.52969,1.08974,0.48894
2011_03_WAS_DAL,2011,3,0.62341,4.27785,0.50126
2011_04_ATL_SEA,2011,4,0.31385,-5.41228,0.49786
2011_04_BUF_CIN,2011,4,0.38120,-3.83577,0.47240
2011_04_CAR_CHI,2011,4,0.70682,6.50841,0.47854
2011_04_DEN_GB,2011,4,0.84848,13.87596,0.52091
2011_04_DET_DAL,2011,4,0.57582,2.39596,0.48547
2011_04_IND_TB,2011,4,0.78625,9.79198,0.48361
2011_04_MIA_SD,2011,4,0.70184,6.59745,0.48908
2011_04_MIN_KC,2011,4,0.39761,-2.89138,0.48928
2011_04_NE_OAK,2011,4,0.31228,-5.51204,0.49607
2011_04_NO_JAX,2011,4,0.22827,-8.87924,0.48950
2011_04_NYG_ARI,2011,4,0.44962,-1.63864,0.47592
2011_04_NYJ_BAL,2011,4,0.64355,4.21703,0.47334
2011_04_PIT_HOU,2011,4,0.60100,2.57080,0.46182
2011_04_SF_PHI,2011,4,0.76328,8.40628,0.46779
2011_04_TEN_CLE,2011,4,0.51130,0.08201,0.47093
2011_04_WAS_STL,2011,4,0.38663,-3.52150,0.47801
2011_05_ARI_MIN,2011,5,0.60642,3.29635,0.48369
2011_05_CHI_DET,2011,5,0.69211,5.96731,0.47781
2011_05_CIN_JAX,2011,5,0.46104,-1.00893,0.48718
2011_05_GB_ATL,2011,5,0.29583,-6.57526,0.47705
2011_05_KC_IND,2011,5,0.52982,1.09658,0.48906
2011_05_NO_CAR,2011,5,0.29148,-6.44638,0.48830
2011_05_NYJ_NE,2011,5,0.73598,8.07875,0.49770
2011_05_OAK_HOU,2011,5,0.63268,3.98918,0.47820
2011_05_PHI_BUF,2011,5,0.41004,-2.18520,0.50192
2011_05_SD_DEN,2011,5,0.36402,-4.42506,0.47080
2011_05_SEA_NYG,2011,5,0.79420,10.44726,0.49534
2011_05_TB_SF,2011,5,0.57261,2.21656,0.48226
2011_05_TEN_PIT,2011,5,0.58281,2.37237,0.47611
2011_06_BUF_NYG,2011,6,0.58524,2.50922,0.47856
2011_06_CAR_ATL,2011,6,0.61825,3.97820,0.49590
2011_06_CLE_OAK,2011,6,0.69918,6.42412,0.48598
2011_06_DAL_NE,2011,6,0.71260,7.30825,0.50181
2011_06_HOU_BAL,2011,6,0.73102,8.14744,0.50788
2011_06_IND_CIN,2011,6,0.64873,4.52694,0.47887
2011_06_JAX_PIT,2011,6,0.84632,13.23163,0.50043
2011_06_MIA_NYJ,2011,6,0.71972,7.37146,0.49398
2011_06_MIN_CHI,2011,6,0.54256,1.79753,0.50161
2011_06_NO_TB,2011,6,0.30543,-5.95101,0.48821
2011_06_PHI_WAS,2011,6,0.41184,-2.08378,0.50374
2011_06_SF_DET,2011,6,0.66411,5.04397,0.47918
2011_06_STL_GB,2011,6,0.88088,16.01562,0.52341
2011_07_ATL_DET,2011,7,0.62483,3.52888,0.46998
2011_07_BAL_JAX,2011,7,0.19091,-11.13866,0.46699
2011_07_CHI_TB,2011,7,0.43636,-1.95795,0.47914
2011_07_DEN_MIA,2011,7,0.46178,-0.96827,0.48790
2011_07_GB_MIN,2011,7,0.18256,-11.89043,0.45362
2011_07_HOU_TEN,2011,7,0.61329,4.10716,0.50716
2011_07_IND_NO,2011,7,0.85362,13.18266,0.48166
2011_07_KC_OAK,2011,7,0.59797,2.81396,0.47507
2011_07_PIT_ARI,2011,7,0.35182,-4.73546,0.47419
2011_07_SD_NYJ,2011,7,0.47170,-0.42281,0.49767
2011_07_SEA_CLE,2011,7,0.57636,2.01049,0.46965
2011_07_STL_DAL,2011,7,0.85913,13.38038,0.47626
2011_07_WAS_CAR,2011,7,0.54736,1.64649,0.48996
2011_08_ARI_BAL,2011,8,0.83792,12.78325,0.50136
2011_08_CIN_SEA,2011,8,0.44120,-2.10512,0.46759
2011_08_CLE_SF,2011,8,0.77700,9.88192,0.50313
2011_08_DAL_PHI,2011,8,0.60425,3.58799,0.49786
2011_08_DET_DEN,2011,8,0.38707,-3.49604,0.47846
2011_08_IND_TEN,2011,8,0.75957,8.54247,0.47915
2011_08_JAX_HOU,2011,8,0.79802,10.76968,0.50112
2011_08_MIA_NYG,2011,8,0.79951,11.31175,0.51976
2011_08_MIN_CAR,2011,8,0.59968,3.32745,0.49320
2011_08_NE_PIT,2011,8,0.38911,-3.37848,0.48057
2011_08_NO_STL,2011,8,0.13392,-14.00784,0.47825
2011_08_SD_KC,2011,8,0.40616,-2.40527,0.49798
2011_08_WAS_BUF,2011,8,0.65142,5.52003,0.51455
2011_09_ATL_IND,2011,9,0.26775,-8.05872,0.45951
2011_09_BAL_PIT,2011,9,0.61725,3.92040,0.49486
2011_09_CHI_PHI,2011,9,0.73737,6.92927,0.45042
2011_09_CIN_TEN,2011,9,0.53770,1.11417,0.48043
2011_09_CLE_HOU,2011,9,0.79992,10.51543,0.48761
2011_09_DEN_OAK,2011,9,0.74620,9.22269,0.52711
2011_09_GB_SD,2011,9,0.28644,-7.61342,0.44966
2011_09_MIA_KC,2011,9,0.67616,6.20491,0.50891
2011_09_NYG_NE,2011,9,0.77044,8.95373,0.47757
2011_09_NYJ_BUF,2011,9,0.54760,0.82760,0.45749
2011_09_SEA_DAL,2011,9,0.79677,9.83181,0.46646
2011_09_SF_WAS,2011,9,0.32102,-5.79144,0.47319
2011_09_STL_ARI,2011,9,0.52983,1.09707,0.48907
2011_09_TB_NO,2011,9,0.74930,7.78457,0.46562
2011_10_ARI_PHI,2011,10,0.85641,13.49074,0.48717
2011_10_BAL_SEA,2011,10,0.26796,-7.62828,0.47610
2011_10_BUF_DAL,2011,10,0.63533,4.14494,0.48098
2011_10_DEN_KC,2011,10,0.60043,3.36991,0.49396
2011_10_DET_CHI,2011,10,0.57254,2.21235,0.48219
2011_10_HOU_TB,2011,10,0.38068,-3.44998,0.48823
2011_10_JAX_IND,2011,10,0.39871,-2.82853,0.49040
2011_10_MIN_GB,2011,10,0.84613,13.21171,0.50008
2011_10_NE_NYJ,2011,10,0.57063,2.10612,0.48029
2011_10_NO_ATL,2011,10,0.52789,0.99067,0.48717
2011_10_NYG_SF,2011,10,0.62492,3.95002,0.48644
2011_10_OAK_SD,2011,10,0.71273,6.48490,0.46919
2011_10_PIT_CIN,2011,10,0.37523,-3.76689,0.48256
2011_10_STL_CLE,2011,10,0.59107,3.25443,0.50084
2011_10_TEN_CAR,2011,10,0.60691,3.32436,0.48419
2011_10_WAS_MIA,2011,10,0.62772,4.11345,0.48937
2011_11_ARI_SF,2011,11,0.79861,10.81978,0.50201
2011_11_BUF_MIA,2011,11,0.58838,2.68623,0.48172
2011_11_CAR_DET,2011,11,0.71709,7.19341,0.49080
2011_11_CIN_BAL,2011,11,0.71232,6.87350,0.48507
2011_11_DAL_WAS,2011,11,0.26839,-7.59781,0.47664
2011_11_JAX_CLE,2011,11,0.53292,1.26713,0.49212
2011_11_KC_NE,2011,11,0.90985,17.77364,0.50119
2011_11_NYJ_DEN,2011,11,0.28740,-6.71816,0.48343
2011_11_OAK_MIN,2011,11,0.51784,0.43998,0.47732
2011_11_PHI_NYG,2011,11,0.69572,6.61565,0.49836
2011_11_SD_CHI,2011,11,0.66304,5.81000,0.51079
2011_11_SEA_STL,2011,11,0.56656,1.46298,0.45990
2011_11_TB_GB,2011,11,0.87342,15.48393,0.52284
2011_11_TEN_ATL,2011,11,0.68114,5.68595,0.48172
2011_12_ARI_STL,2011,12,0.51917,0.51274,0.47862
2011_12_BUF_NYJ,2011,12,0.77715,9.47773,0.48694
2011_12_CAR_IND,2011,12,0.39811,-2.44728,0.50618
2011_12_CHI_OAK,2011,12,0.58168,2.30878,0.47498
2011_12_CLE_CIN,2011,12,0.70426,6.75611,0.49192
2011_12_DEN_SD,2011,12,0.63913,4.37014,0.48501
2011_12_GB_DET,2011,12,0.33152,-5.96975,0.45221
2011_12_HOU_JAX,2011,12,0.29994,-6.30654,0.48185
2011_12_MIA_DAL,2011,12,0.71710,7.19462,0.49082
2011_12_MIN_ATL,2011,12,0.79642,10.63385,0.49868
2011_12_NE_PHI,2011,12,0.36822,-4.59333,0.45889
2011_12_NYG_NO,2011,12,0.72370,7.64220,0.49883
2011_12_PIT_KC,2011,12,0.16854,-12.80017,0.44635
2011_12_SF_BAL,2011,12,0.59669,3.15720,0.49015
2011_12_TB_TEN,2011,12,0.60327,3.53207,0.49686
2011_12_WAS_SEA,2011,12,0.61155,4.00673,0.50536
2011_13_ATL_HOU,2011,13,0.44590,-1.84434,0.47224
2011_13_BAL_CLE,2011,13,0.25776,-8.34827,0.46326
2011_13_CAR_TB,2011,13,0.46444,-0.82201,0.49052
2011_13_CIN_PIT,2011,13,0.72058,7.42969,0.49503
2011_13_DAL_ARI,2011,13,0.35173,-4.74050,0.47410
2011_13_DEN_MIN,2011,13,0.52257,0.69911,0.48195
2011_13_DET_NO,2011,13,0.77841,9.57800,0.48873
2011_13_GB_NYG,2011,13,0.25768,-8.35367,0.46316
2011_13_IND_NE,2011,13,0.94287,21.58952,0.50684
2011_13_KC_CHI,2011,13,0.78130,10.22412,0.50925
2011_13_NYJ_WAS,2011,13,0.38047,-3.87793,0.47164
2011_13_OAK_MIA,2011,13,0.59795,2.81290,0.47505
2011_13_PHI_SEA,2011,13,0.40634,-2.39464,0.49817
2011_13_SD_JAX,2011,13,0.40186,-2.64941,0.49361
2011_13_STL_SF,2011,13,0.87134,14.81308,0.50189
2011_13_TEN_BUF,2011,13,0.51559,0.31638,0.47511
2011_14_ATL_CAR,2011,14,0.37929,-3.94646,0.47042
2011_14_BUF_SD,2011,14,0.71630,7.14047,0.48985
2011_14_CHI_DEN,2011,14,0.60236,3.06403,0.47954
2011_14_CLE_PIT,2011,14,0.87328,15.05102,0.50615
2011_14_HOU_CIN,2011,14,0.56843,1.98334,0.47810
2011_14_IND_BAL,2011,14,0.90177,16.89457,0.49440
2011_14_KC_NYJ,2011,14,0.80969,11.36626,0.50284
2011_14_MIN_DET,2011,14,0.78161,9.41727,0.47691
2011_14_NE_WAS,2011,14,0.23188,-9.84797,0.44551
2011_14_NO_TEN,2011,14,0.36373,-4.44187,0.47050
2011_14_NYG_DAL,2011,14,0.63810,4.30874,0.48391
2011_14_OAK_GB,2011,14,0.83909,13.31758,0.51987
2011_14_PHI_MIA,2011,14,0.59556,3.09280,0.48900
2011_14_SF_ARI,2011,14,0.36344,-4.45909,0.47019
2011_14_STL_SEA,2011,14,0.77566,9.77624,0.50123
2011_14_TB_JAX,2011,14,0.40473,-2.48627,0.49653
2011_15_BAL_SD,2011,15,0.44053,-2.14207,0.46693
2011_15_CAR_HOU,2011,15,0.67013,6.24614,0.51859
2011_15_CIN_STL,2011,15,0.26936,-7.53058,0.47785
2011_15_CLE_ARI,2011,15,0.67670,5.40701,0.47673
2011_15_DAL_TB,2011,15,0.26885,-7.56569,0.47722
2011_15_DET_OAK,2011,15,0.46842,-0.60298,0.49444
2011_15_GB_KC,2011,15,0.16324,-12.90857,0.45329
2011_15_JAX_ATL,2011,15,0.86545,14.10849,0.48928
2011_15_MIA_BUF,2011,15,0.45587,-1.29340,0.48209
2011_15_NE_DEN,2011,15,0.25950,-8.22361,0.46548
2011_15_NO_MIN,2011,15,0.24809,-9.04795,0.45082
2011_15_NYJ_PHI,2011,15,0.56380,1.30924,0.45716
2011_15_PIT_SF,2011,15,0.56528,1.39208,0.45864
2011_15_SEA_CHI,2011,15,0.60404,3.16030,0.48126
2011_15_TEN_IND,2011,15,0.28866,-6.63377,0.48494
2011_15_WAS_NYG,2011,15,0.68816,6.54631,0.50607
2011_16_ARI_CIN,2011,16,0.62724,4.50125,0.50526
2011_16_ATL_NO,2011,16,0.70946,6.68362,0.48168
2011_16_CHI_GB,2011,16,0.85436,13.67961,0.49950
2011_16_CLE_BAL,2011,16,0.81493,11.83612,0.51126
2011_16_DEN_BUF,2011,16,0.39079,-3.28218,0.48229
2011_16_HOU_IND,2011,16,0.27428,-7.19027,0.48393
2011_16_JAX_TEN,2011,16,0.74733,8.05697,0.47941
2011_16_MIA_NE,2011,16,0.75892,9.74111,0.52744
2011_16_MIN_WAS,2011,16,0.69033,6.26925,0.49215
2011_16_NYG_NYJ,2011,16,0.55993,2.34226,0.50241
2011_16_OAK_KC,2011,16,0.58897,2.71998,0.48233
2011_16_PHI_DAL,2011,16,0.46166,-0.55866,0.50419
2011_16_SD_DET,2011,16,0.46636,-0.71610,0.49242
2011_16_SF_SEA,2011,16,0.43481,-2.04402,0.47761
2011_16_STL_PIT,2011,16,0.80430,11.30877,0.51077
2011_16_TB_CAR,2011,16,0.76557,8.99615,0.48727
2011_17_BAL_CIN,2011,17,0.40214,-3.04934,0.47751
2011_17_BUF_NE,2011,17,0.81879,12.60470,0.53392
2011_17_CAR_NO,2011,17,0.74207,8.92649,0.52182
2011_17_CHI_MIN,2011,17,0.51417,-0.17675,0.45741
2011_17_DAL_NYG,2011,17,0.58744,2.63321,0.48077
2011_17_DET_GB,2011,17,0.31513,-4.91549,0.51570
2011_17_IND_JAX,2011,17,0.58058,2.24725,0.47388
2011_17_KC_DEN,2011,17,0.52040,0.57988,0.47982
2011_17_NYJ_MIA,2011,17,0.54336,1.42552,0.48600
2011_17_PIT_CLE,2011,17,0.24748,-9.09298,0.45002
2011_17_SD_OAK,2011,17,0.56684,1.89435,0.47650
2011_17_SEA_ARI,2011,17,0.55307,1.13038,0.46288
2011_17_SF_STL,2011,17,0.14529,-13.54459,0.46867
2011_17_TB_ATL,2011,17,0.81182,11.97200,0.52263
2011_17_TEN_HOU,2011,17,0.47699,-0.13293,0.50286
2011_17_WAS_PHI,2011,17,0.72917,8.01899,0.50558
2011_18_ATL_NYG,2011,18,0.57142,1.73397,0.46472
2011_18_CIN_HOU,2011,18,0.61683,3.48016,0.47804
2011_18_DET_NO,2011,18,0.80056,10.56984,0.48859
2011_18_PIT_DEN,2011,18,0.24429,-8.91214,0.46212
2011_19_DEN_NE,2011,19,0.88031,15.94204,0.52209
2011_19_HOU_BAL,2011,19,0.74055,8.40171,0.50348
2011_19_NO_SF,2011,19,0.38854,-2.99550,0.49637
2011_19_NYG_GB,2011,19,0.77491,10.13382,0.51658
2011_20_BAL_NE,2011,20,0.71787,7.24645,0.49175
2011_20_NYG_SF,2011,20,0.56343,2.12041,0.48949
2011_21_NYG_NE,2011,21,0.59675,3.16048,0.49021
2012_01_ATL_KC,2012,1,0.45337,-1.24470,0.48160
2012_01_BUF_NYJ,2012,1,0.60983,3.77262,0.50244
2012_01_CAR_TB,2012,1,0.38833,-3.22089,0.48208
2012_01_CIN_BAL,2012,1,0.72124,7.39641,0.49473
2012_01_DAL_NYG,2012,1,0.64272,5.05964,0.51856
2012_01_IND_CHI,2012,1,0.79305,10.27263,0.49219
2012_01_JAX_MIN,2012,1,0.60427,3.29769,0.48246
2012_01_MIA_HOU,2012,1,0.83564,11.96612,0.46547
2012_01_NE_TEN,2012,1,0.32969,-5.29194,0.47041
2012_01_PHI_CLE,2012,1,0.22892,-8.69977,0.49276
2012_01_PIT_DEN,2012,1,0.55561,1.59689,0.46814
2012_01_SD_OAK,2012,1,0.52163,0.79945,0.48250
2012_01_SEA_ARI,2012,1,0.47211,-0.43439,0.49819
2012_01_SF_GB,2012,1,0.67958,5.70765,0.48062
2012_01_STL_DET,2012,1,0.78349,10.10547,0.50926
2012_01_WAS_NO,2012,1,0.79704,10.76023,0.51243
2012_02_ARI_NE,2012,2,0.84638,12.82937,0.48311
2012_02_BAL_PHI,2012,2,0.56047,1.58443,0.45769
2012_02_CHI_GB,2012,2,0.64826,4.64667,0.47937
2012_02_CLE_CIN,2012,2,0.71529,7.08029,0.48825
2012_02_DAL_SEA,2012,2,0.40086,-2.65694,0.49363
2012_02_DEN_ATL,2012,2,0.60952,3.75875,0.50215
2012_02_DET_SF,2012,2,0.72004,7.33231,0.49341
2012_02_HOU_JAX,2012,2,0.28931,-6.42752,0.48809
2012_02_KC_BUF,2012,2,0.57869,2.38362,0.47399
2012_02_MIN_IND,2012,2,0.39722,-2.81986,0.49030
2012_02_NO_CAR,2012,2,0.38007,-3.59600,0.47441
2012_02_NYJ_PIT,2012,2,0.62845,3.94832,0.47532
2012_02_OAK_MIA,2012,2,0.46616,-0.69125,0.49293
2012_02_TB_NYG,2012,2,0.78286,10.06591,0.50845
2012_02_TEN_SD,2012,2,0.71264,7.16475,0.50023
2012_02_WAS_STL,2012,2,0.36569,-4.03302,0.47570
2012_03_ATL_SD,2012,3,0.58734,2.76592,0.48181
2012_03_BUF_CLE,2012,3,0.41422,-2.28627,0.49098
2012_03_CIN_WAS,2012,3,0.59174,2.96162,0.48582
2012_03_DET_TEN,2012,3,0.37486,-3.61010,0.48435
2012_03_GB_SEA,2012,3,0.40262,-2.57807,0.49525
2012_03_HOU_DEN,2012,3,0.44479,-1.61753,0.47397
2012_03_JAX_IND,2012,3,0.59098,2.92777,0.48513
2012_03_KC_NO,2012,3,0.76623,9.04123,0.48745
2012_03_NE_BAL,2012,3,0.56844,2.15734,0.47959
2012_03_NYG_CAR,2012,3,0.54305,1.05139,0.45702
2012_03_NYJ_MIA,2012,3,0.42230,-1.92936,0.49830
2012_03_PHI_ARI,2012,3,0.41625,-1.97208,0.50767
2012_03_PIT_OAK,2012,3,0.37252,-3.71737,0.48216
2012_03_SF_MIN,2012,3,0.27936,-6.95359,0.47732
2012_03_STL_CHI,2012,3,0.72186,7.42940,0.49540
2012_03_TB_DAL,2012,3,0.71904,7.27871,0.49231
2012_04_CAR_ATL,2012,4,0.74491,8.69756,0.52138
2012_04_CHI_DAL,2012,4,0.57687,2.30319,0.47235
2012_04_CIN_JAX,2012,4,0.50186,-0.05129,0.46511
2012_04_CLE_BAL,2012,4,0.83863,12.87474,0.51477
2012_04_MIA_ARI,2012,4,0.64609,4.99336,0.50696
2012_04_MIN_DET,2012,4,0.60897,3.50946,0.48680
2012_04_NE_BUF,2012,4,0.36051,-4.27375,0.47078
2012_04_NO_GB,2012,4,0.71892,7.04783,0.47735
2012_04_NYG_PHI,2012,4,0.50851,0.01010,0.45618
2012_04_OAK_DEN,2012,4,0.68566,5.78536,0.47199
2012_04_SD_KC,2012,4,0.41069,-2.44273,0.48778
2012_04_SEA_STL,2012,4,0.40593,-2.87911,0.46863
2012_04_SF_NYJ,2012,4,0.39071,-2.88850,0.49913
2012_04_TEN_HOU,2012,4,0.84515,12.72793,0.48104
2012_04_WAS_TB,2012,4,0.51470,0.27661,0.46161
2012_05_ARI_STL,2012,5,0.42920,-2.29896,0.46007
2012_05_ATL_WAS,2012,5,0.37676,-3.74723,0.47132
2012_05_BAL_KC,2012,5,0.28000,-7.14358,0.46323
2012_05_BUF_SF,2012,5,0.79886,10.65728,0.50007
2012_05_CHI_JAX,2012,5,0.29570,-6.32007,0.48005
2012_05_CLE_NYG,2012,5,0.76552,9.67216,0.53108
2012_05_DEN_NE,2012,5,0.70655,7.07182,0.50857
2012_05_GB_IND,2012,5,0.29424,-6.17092,0.49335
2012_05_HOU_NYJ,2012,5,0.21835,-9.12998,0.49419
2012_05_MIA_CIN,2012,5,0.61416,3.96871,0.50645
2012_05_PHI_PIT,2012,5,0.64864,5.11364,0.50942
2012_05_SD_NO,2012,5,0.60046,3.12631,0.47896
2012_05_SEA_CAR,2012,5,0.53195,1.24457,0.49162
2012_05_TEN_MIN,2012,5,0.68565,6.00915,0.48679
2012_06_BUF_ARI,2012,6,0.66657,5.52118,0.49728
2012_06_CIN_CLE,2012,6,0.42447,-2.50704,0.45583
2012_06_DAL_BAL,2012,6,0.63396,4.87639,0.52504
2012_06_DEN_SD,2012,6,0.53127,1.21527,0.49101
2012_06_DET_PHI,2012,6,0.59586,2.92070,0.47475
2012_06_GB_HOU,2012,6,0.64608,4.99287,0.50695
2012_06_IND_NYJ,2012,6,0.60783,3.45802,0.48575
2012_06_KC_TB,2012,6,0.65089,4.77092,0.48192
2012_06_MIN_WAS,2012,6,0.44343,-1.45258,0.48758
2012_06_NE_SEA,2012,6,0.36128,-4.23802,0.47151
2012_06_NYG_SF,2012,6,0.71251,6.93368,0.48525
2012_06_OAK_ATL,2012,6,0.79881,10.65422,0.50001
2012_06_PIT_TEN,2012,6,0.30716,-5.95924,0.47721
2012_06_STL_MIA,2012,6,0.68689,6.29539,0.50290
2012_07_ARI_MIN,2012,7,0.70980,6.79165,0.48234
2012_07_BAL_HOU,2012,7,0.67430,5.22400,0.46053
2012_07_CLE_IND,2012,7,0.53192,1.24314,0.49159
2012_07_DAL_CAR,2012,7,0.43885,-1.20346,0.51317
2012_07_DET_CHI,2012,7,0.72001,7.55519,0.50823
2012_07_GB_STL,2012,7,0.33580,-5.22048,0.46167
2012_07_JAX_OAK,2012,7,0.67905,5.68191,0.48009
2012_07_NO_TB,2012,7,0.41266,-3.02899,0.44524
2012_07_NYJ_NE,2012,7,0.81428,11.27187,0.49217
2012_07_PIT_CIN,2012,7,0.44471,-1.62123,0.47389
2012_07_SEA_SF,2012,7,0.72222,7.22408,0.48096
2012_07_TEN_BUF,2012,7,0.61474,3.54620,0.47732
2012_07_WAS_NYG,2012,7,0.71529,7.30446,0.50309
2012_08_ATL_PHI,2012,8,0.51154,0.14050,0.45883
2012_08_CAR_CHI,2012,8,0.74828,8.88913,0.52530
2012_08_IND_TEN,2012,8,0.61681,3.86482,0.49408
2012_08_JAX_GB,2012,8,0.89048,16.11570,0.50947
2012_08_MIA_NYJ,2012,8,0.50987,0.29298,0.47214
2012_08_NE_STL,2012,8,0.22726,-9.47441,0.44635
2012_08_NO_DEN,2012,8,0.68242,5.84836,0.48350
2012_08_NYG_DAL,2012,8,0.41168,-2.84771,0.45907
2012_08_OAK_KC,2012,8,0.52652,1.01042,0.48682
2012_08_SD_CLE,2012,8,0.40282,-2.79358,0.48060
2012_08_SEA_DET,2012,8,0.58831,2.80920,0.48270
2012_08_SF_ARI,2012,8,0.27191,-7.13023,0.48394
2012_08_TB_MIN,2012,8,0.66866,5.62230,0.49936
2012_08_WAS_PIT,2012,8,0.65090,4.99577,0.49676
2012_09_ARI_GB,2012,9,0.81746,11.72369,0.51168
2012_09_BAL_CLE,2012,9,0.34057,-5.21551,0.45160
2012_09_BUF_HOU,2012,9,0.81951,11.64734,0.49987
2012_09_CAR_WAS,2012,9,0.61504,4.00868,0.50727
2012_09_CHI_TEN,2012,9,0.33807,-4.88649,0.47869
2012_09_DAL_ATL,2012,9,0.67596,6.42747,0.53629
2012_09_DEN_CIN,2012,9,0.34134,-4.50546,0.49674
2012_09_DET_JAX,2012,9,0.30161,-6.01671,0.48626
2012_09_KC_SD,2012,9,0.73798,8.08438,0.49858
2012_09_MIA_IND,2012,9,0.40774,-2.57394,0.48509
2012_09_MIN_SEA,2012,9,0.64895,4.90377,0.49488
2012_09_PHI_NO,2012,9,0.58892,3.06057,0.49809
2012_09_PIT_NYG,2012,9,0.61507,3.78565,0.49246
2012_09_TB_OAK,2012,9,0.53110,1.20810,0.49087
2012_10_ATL_NO,2012,10,0.43853,-1.89062,0.46839
2012_10_BUF_NE,2012,10,0.87260,14.94599,0.51623
2012_10_DAL_PHI,2012,10,0.48328,0.04713,0.50806
2012_10_DEN_CAR,2012,10,0.35370,-4.59270,0.46427
2012_10_DET_MIN,2012,10,0.38415,-3.41020,0.47821
2012_10_HOU_CHI,2012,10,0.52552,0.96712,0.48593
2012_10_IND_JAX,2012,10,0.38044,-3.57937,0.47475
2012_10_KC_PIT,2012,10,0.85520,13.80129,0.51327
2012_10_NYG_CIN,2012,10,0.35551,-4.50775,0.46600
2012_10_NYJ_SEA,2012,10,0.65749,5.08449,0.48834
2012_10_OAK_BAL,2012,10,0.79363,10.53503,0.50781
2012_10_SD_TB,2012,10,0.59871,3.27280,0.49219
2012_10_STL_SF,2012,10,0.86514,14.24183,0.50181
2012_10_TEN_MIA,2012,10,0.71496,7.28732,0.50274
2012_11_ARI_ATL,2012,11,0.79516,10.63604,0.50988
2012_11_BAL_PIT,2012,11,0.38123,-3.54343,0.47549
2012_11_CHI_SF,2012,11,0.59880,3.05199,0.47744
2012_11_CIN_KC,2012,11,0.37004,-4.05604,0.46502
2012_11_CLE_DAL,2012,11,0.71214,6.91436,0.48485
2012_11_GB_DET,2012,11,0.36818,-4.14232,0.46326
2012_11_IND_NE,2012,11,0.79855,10.63693,0.49966
2012_11_JAX_HOU,2012,11,0.89131,16.20820,0.51136
2012_11_MIA_BUF,2012,11,0.52991,1.15633,0.48981
2012_11_NO_OAK,2012,11,0.29946,-6.12687,0.48401
2012_11_NYJ_STL,2012,11,0.60338,3.25744,0.48164
2012_11_PHI_WAS,2012,11,0.62947,4.44418,0.50595
2012_11_SD_DEN,2012,11,0.74253,8.33853,0.50379
2012_11_TB_CAR,2012,11,0.43367,-2.10338,0.46405
2012_12_ATL_TB,2012,12,0.43875,-1.88100,0.46859
2012_12_BAL_SD,2012,12,0.43114,-2.21406,0.46180
2012_12_BUF_IND,2012,12,0.56826,2.37369,0.49426
2012_12_CAR_PHI,2012,12,0.41814,-1.88814,0.50939
2012_12_DEN_KC,2012,12,0.17609,-11.78440,0.45020
2012_12_GB_NYG,2012,12,0.52228,0.82741,0.48307
2012_12_HOU_DET,2012,12,0.35573,-4.49744,0.46621
2012_12_MIN_CHI,2012,12,0.69419,6.21395,0.48075
2012_12_NE_NYJ,2012,12,0.25134,-8.27534,0.46055
2012_12_OAK_CIN,2012,12,0.78593,10.03631,0.49759
2012_12_PIT_CLE,2012,12,0.43094,-2.22267,0.46162
2012_12_SEA_MIA,2012,12,0.38142,-3.53463,0.47567
2012_12_SF_NO,2012,12,0.47733,-0.20922,0.50281
2012_12_STL_ARI,2012,12,0.55520,2.25244,0.51227
2012_12_TEN_JAX,2012,12,0.36068,-4.26593,0.47094
2012_12_WAS_DAL,2012,12,0.61082,3.59292,0.48851
2012_13_ARI_NYJ,2012,13,0.69471,6.46458,0.49612
2012_13_CAR_KC,2012,13,0.32284,-5.40217,0.47837
2012_13_CIN_SD,2012,13,0.50926,0.26692,0.47161
2012_13_CLE_OAK,2012,13,0.43108,-1.54316,0.50621
2012_13_HOU_TEN,2012,13,0.26483,-7.51797,0.47601
2012_13_IND_DET,2012,13,0.68896,5.72593,0.46057
2012_13_JAX_BUF,2012,13,0.67918,5.68787,0.48022
2012_13_MIN_GB,2012,13,0.73631,8.21584,0.51152
2012_13_NE_MIA,2012,13,0.25016,-8.34293,0.45917
2012_13_NO_ATL,2012,13,0.63652,4.77076,0.51264
2012_13_NYG_WAS,2012,13,0.40218,-2.82204,0.48001
2012_13_PHI_DAL,2012,13,0.79997,10.50761,0.48676
2012_13_PIT_BAL,2012,13,0.73232,7.99618,0.50702
2012_13_SEA_CHI,2012,13,0.59891,3.28134,0.49237
2012_13_SF_STL,2012,13,0.25341,-8.15746,0.46295
2012_13_TB_DEN,2012,13,0.77537,9.37345,0.48401
2012_14_ARI_SEA,2012,14,0.81587,11.60928,0.50933
2012_14_ATL_CAR,2012,14,0.34687,-5.13967,0.44300
2012_14_BAL_WAS,2012,14,0.50031,-0.11788,0.46376
2012_14_CHI_MIN,2012,14,0.42691,-2.39975,0.45802
2012_14_DAL_CIN,2012,14,0.61353,3.71583,0.49103
2012_14_DEN_OAK,2012,14,0.18931,-10.83219,0.46959
2012_14_DET_GB,2012,14,0.71004,7.25309,0.51228
2012_14_HOU_NE,2012,14,0.67580,5.74625,0.49165
2012_14_KC_CLE,2012,14,0.71682,7.16096,0.48990
2012_14_MIA_SF,2012,14,0.81260,11.37680,0.50457
2012_14_NO_NYG,2012,14,0.64833,5.09872,0.50912
2012_14_NYJ_JAX,2012,14,0.39640,-2.85679,0.48954
2012_14_PHI_TB,2012,14,0.74763,8.40298,0.49486
2012_14_SD_PIT,2012,14,0.74213,8.54100,0.51818
2012_14_STL_BUF,2012,14,0.60841,3.48425,0.48628
2012_14_TEN_IND,2012,14,0.62221,4.11093,0.49912
2012_15_CAR_SD,2012,15,0.59940,3.30368,0.49283
2012_15_CIN_PHI,2012,15,0.34782,-4.42143,0.48821
2012_15_DEN_BAL,2012,15,0.41249,-2.13836,0.50426
2012_15_DET_ARI,2012,15,0.32532,-5.05609,0.49570
2012_15_GB_CHI,2012,15,0.39075,-3.11121,0.48433
2012_15_IND_HOU,2012,15,0.80115,10.58700,0.48839
2012_15_JAX_MIA,2012,15,0.73546,7.94437,0.49571
2012_15_KC_OAK,2012,15,0.64704,4.81348,0.49303
2012_15_MIN_STL,2012,15,0.53376,1.32271,0.49322
2012_15_NYG_ATL,2012,15,0.53589,1.41503,0.49511
2012_15_NYJ_TEN,2012,15,0.52457,0.92623,0.48509
2012_15_PIT_DAL,2012,15,0.46714,-0.64876,0.49380
2012_15_SEA_BUF,2012,15,0.33317,-5.12315,0.47386
2012_15_SF_NE,2012,15,0.65161,5.25409,0.51230
2012_15_TB_NO,2012,15,0.60381,3.27682,0.48204
2012_15_WAS_CLE,2012,15,0.62750,4.12917,0.48925
2012_16_ATL_DET,2012,16,0.32466,-5.98650,0.43600
2012_16_BUF_MIA,2012,16,0.67287,5.82748,0.50356
2012_16_CHI_ARI,2012,16,0.28177,-6.60076,0.49478
2012_16_CIN_PIT,2012,16,0.60458,3.31139,0.48274
2012_16_CLE_DEN,2012,16,0.83413,12.74582,0.52237
2012_16_IND_KC,2012,16,0.31504,-6.01290,0.45571
2012_16_MIN_HOU,2012,16,0.75105,8.82311,0.51371
2012_16_NE_JAX,2012,16,0.11377,-15.46932,0.45660
2012_16_NO_DAL,2012,16,0.53440,1.35050,0.49379
2012_16_NYG_BAL,2012,16,0.46421,-0.77552,0.49120
2012_16_OAK_CAR,2012,16,0.78447,9.94318,0.49568
2012_16_SD_NYJ,2012,16,0.60618,3.60779,0.49906
2012_16_SF_SEA,2012,16,0.56246,1.89579,0.47424
2012_16_STL_TB,2012,16,0.59553,3.13031,0.48927
2012_16_TEN_GB,2012,16,0.81424,11.49300,0.50695
2012_16_WAS_PHI,2012,16,0.35364,-4.59573,0.46421
2012_17_ARI_SF,2012,17,0.89471,16.14149,0.48950
2012_17_BAL_CIN,2012,17,0.65835,4.90143,0.47436
2012_17_CAR_NO,2012,17,0.63595,4.51973,0.49725
2012_17_CHI_DET,2012,17,0.37899,-3.64552,0.47340
2012_17_CLE_PIT,2012,17,0.79453,10.37005,0.49419
2012_17_DAL_WAS,2012,17,0.59974,3.31868,0.49313
2012_17_GB_MIN,2012,17,0.37657,-3.75595,0.47114
2012_17_HOU_IND,2012,17,0.29867,-5.94268,0.49802
2012_17_JAX_TEN,2012,17,0.68973,6.21321,0.49097
2012_17_KC_DEN,2012,17,0.92347,19.46283,0.53701
2012_17_MIA_NE,2012,17,0.83050,12.24196,0.50181
2012_17_NYJ_BUF,2012,17,0.59619,2.93544,0.47505
2012_17_OAK_SD,2012,17,0.78400,9.91346,0.49508
2012_17_PHI_NYG,2012,17,0.71914,7.50884,0.50728
2012_17_STL_SEA,2012,17,0.82940,12.38275,0.51494
2012_17_TB_ATL,2012,17,0.67651,6.90327,0.56620
2012_18_CIN_HOU,2012,18,0.62082,3.82294,0.48298
2012_18_IND_BAL,2012,18,0.71986,7.09814,0.47838
2012_18_MIN_GB,2012,18,0.79701,10.30954,0.48271
2012_18_SEA_WAS,2012,18,0.39054,-3.12095,0.48413
2012_19_BAL_DEN,2012,19,0.78341,9.87610,0.49431
2012_19_GB_SF,2012,19,0.61236,3.88698,0.50478
2012_19_HOU_NE,2012,19,0.79306,10.49790,0.50705
2012_19_SEA_ATL,2012,19,0.57913,2.62726,0.48921
2012_20_BAL_NE,2012,20,0.73761,7.83934,0.48332
2012_20_SF_ATL,2012,20,0.39153,-2.85160,0.49989
2012_21_BAL_SF,2012,21,0.62388,3.73852,0.47103
2013_01_ARI_STL,2013,1,0.60175,3.12179,0.47976
2013_01_ATL_NO,2013,1,0.58672,2.47313,0.47192
2013_01_BAL_DEN,2013,1,0.70553,6.27725,0.46956
2013_01_CIN_CHI,2013,1,0.58988,2.81435,0.48209
2013_01_GB_SF,2013,1,0.66710,5.44489,0.48972
2013_01_HOU_SD,2013,1,0.34244,-4.47352,0.49071
2013_01_KC_JAX,2013,1,0.38506,-3.17130,0.48831
2013_01_MIA_CLE,2013,1,0.55841,1.67943,0.47442
2013_01_MIN_DET,2013,1,0.58076,2.01188,0.46034
2013_01_NE_BUF,2013,1,0.20270,-9.88409,0.48574
2013_01_NYG_DAL,2013,1,0.59350,2.76495,0.47545
2013_01_OAK_IND,2013,1,0.81495,11.17590,0.48646
2013_01_PHI_WAS,2013,1,0.64366,4.77514,0.49372
2013_01_SEA_CAR,2013,1,0.38472,-3.39220,0.47959
2013_01_TB_NYJ,2013,1,0.39025,-2.73826,0.49961
2013_01_TEN_PIT,2013,1,0.68929,6.09257,0.48546
2013_02_CAR_BUF,2013,2,0.38219,-3.29784,0.48678
2013_02_CLE_BAL,2013,2,0.71593,7.62619,0.51008
2013_02_DAL_KC,2013,2,0.57995,2.38860,0.47694
2013_02_DEN_NYG,2013,2,0.37327,-3.69318,0.48200
2013_02_DET_ARI,2013,2,0.49506,0.46899,0.50212
2013_02_JAX_OAK,2013,2,0.62660,4.21432,0.49298
2013_02_MIA_IND,2013,2,0.53238,1.20292,0.48679
2013_02_MIN_CHI,2013,2,0.68189,5.73521,0.48113
2013_02_NO_TB,2013,2,0.38681,-3.30001,0.48071
2013_02_NYJ_NE,2013,2,0.79919,10.32742,0.48225
2013_02_PIT_CIN,2013,2,0.71121,6.76891,0.48154
2013_02_SD_PHI,2013,2,0.71070,6.53748,0.47270
2013_02_SF_SEA,2013,2,0.58106,2.43605,0.47752
2013_02_STL_ATL,2013,2,0.63356,4.31970,0.48821
2013_02_TEN_HOU,2013,2,0.73273,7.68024,0.48652
2013_02_WAS_GB,2013,2,0.76709,8.97363,0.48402
2013_03_ARI_NO,2013,3,0.73834,7.77512,0.48162
2013_03_ATL_MIA,2013,3,0.58188,2.47106,0.47794
2013_03_BUF_NYJ,2013,3,0.57610,2.42958,0.48348
2013_03_CHI_PIT,2013,3,0.40344,-2.78099,0.48094
2013_03_CLE_MIN,2013,3,0.72971,7.72591,0.49312
2013_03_DET_WAS,2013,3,0.48867,0.20259,0.49890
2013_03_GB_CIN,2013,3,0.39463,-2.95797,0.48484
2013_03_HOU_BAL,2013,3,0.55088,1.97856,0.49618
2013_03_IND_SF,2013,3,0.80184,10.50040,0.48434
2013_03_JAX_SEA,2013,3,0.93777,20.48939,0.49631
2013_03_KC_PHI,2013,3,0.59087,2.85714,0.48261
2013_03_NYG_CAR,2013,3,0.46572,-0.75517,0.48730
2013_03_OAK_DEN,2013,3,0.90402,17.03493,0.49687
2013_03_SD_TEN,2013,3,0.57928,2.36007,0.47660
2013_03_STL_DAL,2013,3,0.60374,3.20841,0.48081
2013_03_TB_NE,2013,3,0.74712,8.45922,0.49595
2013_04_ARI_TB,2013,4,0.56714,2.04893,0.47888
2013_04_BAL_BUF,2013,4,0.32686,-5.61374,0.46485
2013_04_CHI_DET,2013,4,0.56001,1.54138,0.46672
2013_04_CIN_CLE,2013,4,0.35164,-4.66774,0.47022
2013_04_DAL_SD,2013,4,0.47413,-0.40351,0.49156
2013_04_IND_JAX,2013,4,0.19315,-10.71616,0.46964
2013_04_MIA_NO,2013,4,0.70091,6.25245,0.47530
2013_04_NE_ATL,2013,4,0.58773,2.72193,0.48097
2013_04_NYG_KC,2013,4,0.61410,3.66167,0.48629
2013_04_NYJ_TEN,2013,4,0.61047,3.50250,0.48437
2013_04_PHI_DEN,2013,4,0.83331,12.70199,0.51100
2013_04_PIT_MIN,2013,4,0.40626,-2.45390,0.49095
2013_04_SEA_HOU,2013,4,0.44213,-1.74648,0.47531
2013_04_SF_STL,2013,4,0.39090,-3.12090,0.48287
2013_04_WAS_OAK,2013,4,0.38605,-3.12798,0.48884
2013_05_BAL_MIA,2013,5,0.55647,1.59730,0.47342
2013_05_BUF_CLE,2013,5,0.60825,3.40511,0.48319
2013_05_CAR_ARI,2013,5,0.38499,-3.37994,0.47974
2013_05_DEN_DAL,2013,5,0.24697,-8.26029,0.47514
2013_05_DET_GB,2013,5,0.79618,10.33889,0.48844
2013_05_HOU_SF,2013,5,0.63812,4.52462,0.49069
2013_05_JAX_STL,2013,5,0.81633,11.27199,0.48763
2013_05_KC_TEN,2013,5,0.42715,-1.76425,0.49324
2013_05_NE_CIN,2013,5,0.41529,-2.47661,0.47857
2013_05_NO_CHI,2013,5,0.51478,0.46795,0.47790
2013_05_NYJ_ATL,2013,5,0.78782,9.81029,0.48204
2013_05_PHI_NYG,2013,5,0.47707,-0.28110,0.49304
2013_05_SD_OAK,2013,5,0.29449,-6.36599,0.47991
2013_05_SEA_IND,2013,5,0.39992,-2.72792,0.48763
2013_06_ARI_SF,2013,6,0.79174,10.05620,0.48502
2013_06_CAR_MIN,2013,6,0.60451,3.65313,0.49830
2013_06_CIN_BUF,2013,6,0.29741,-6.22034,0.48167
2013_06_DET_CLE,2013,6,0.46386,-0.83326,0.48635
2013_06_GB_BAL,2013,6,0.48134,-0.10294,0.49520
2013_06_IND_SD,2013,6,0.45777,-1.08852,0.48327
2013_06_JAX_DEN,2013,6,0.97646,27.94945,0.49583
2013_06_NO_NE,2013,6,0.56593,1.99728,0.47826
2013_06_NYG_CHI,2013,6,0.78286,9.70991,0.48688
2013_06_OAK_KC,2013,6,0.73634,7.87273,0.48885
2013_06_PHI_TB,2013,6,0.43105,-1.59860,0.49525
2013_06_PIT_NYJ,2013,6,0.47497,-0.36876,0.49198
2013_06_STL_HOU,2013,6,0.77202,9.05695,0.47898
2013_06_TEN_SEA,2013,6,0.82181,11.65675,0.49229
2013_06_WAS_DAL,2013,6,0.66649,5.21069,0.48084
2013_07_BAL_PIT,2013,7,0.53463,0.68023,0.46236
2013_07_BUF_MIA,2013,7,0.71101,7.17015,0.49850
2013_07_CHI_WAS,2013,7,0.44314,-1.70374,0.47583
2013_07_CIN_DET,2013,7,0.55430,1.50593,0.47232
2013_07_CLE_GB,2013,7,0.75146,8.69963,0.49886
2013_07_DAL_PHI,2013,7,0.57344,2.11087,0.47359
2013_07_DEN_IND,2013,7,0.29454,-6.36380,0.47994
2013_07_HOU_KC,2013,7,0.72141,7.29156,0.48786
2013_07_MIN_NYG,2013,7,0.60802,3.18966,0.47454
2013_07_NE_NYJ,2013,7,0.35209,-4.64722,0.47047
2013_07_SD_JAX,2013,7,0.24563,-8.33522,0.47424
2013_07_SEA_ARI,2013,7,0.31056,-5.98410,0.47244
2013_07_SF_TEN,2013,7,0.39422,-2.97592,0.48463
2013_07_STL_CAR,2013,7,0.73757,7.73324,0.48111
2013_07_TB_ATL,2013,7,0.72923,8.11142,0.50990
2013_08_ATL_ARI,2013,8,0.54654,1.17957,0.46838
2013_08_BUF_NO,2013,8,0.82387,12.00956,0.50261
2013_08_CAR_TB,2013,8,0.27274,-7.27524,0.47496
2013_08_CLE_KC,2013,8,0.72517,7.48719,0.49023
2013_08_DAL_DET,2013,8,0.58110,2.43745,0.47753
2013_08_GB_MIN,2013,8,0.26073,-7.70931,0.47576
2013_08_MIA_NE,2013,8,0.71085,6.95651,0.48986
2013_08_NYG_PHI,2013,8,0.66568,5.17265,0.48038
2013_08_NYJ_CIN,2013,8,0.71415,7.32967,0.50043
2013_08_PIT_OAK,2013,8,0.42042,-2.05136,0.48977
2013_08_SEA_STL,2013,8,0.14315,-13.02201,0.48407
2013_08_SF_JAX,2013,8,0.08735,-17.58806,0.46516
2013_08_WAS_DEN,2013,8,0.82862,12.14814,0.49824
2013_09_ATL_CAR,2013,9,0.78037,9.35219,0.47650
2013_09_BAL_CLE,2013,9,0.40708,-3.24068,0.45730
2013_09_CHI_GB,2013,9,0.78991,9.94118,0.48362
2013_09_CIN_MIA,2013,9,0.36627,-4.21119,0.46970
2013_09_IND_HOU,2013,9,0.43123,-2.20771,0.46974
2013_09_KC_BUF,2013,9,0.33809,-4.88091,0.47973
2013_09_MIN_DAL,2013,9,0.79330,10.15505,0.48621
2013_09_NO_NYJ,2013,9,0.28211,-6.99413,0.47232
2013_09_PHI_OAK,2013,9,0.47913,-0.19501,0.49408
2013_09_PIT_NE,2013,9,0.68785,6.22838,0.49315
2013_09_SD_WAS,2013,9,0.48745,-0.67040,0.46416
2013_09_TB_SEA,2013,9,0.90887,17.63162,0.50409
2013_09_TEN_STL,2013,9,0.37076,-4.01054,0.47212
2013_10_BUF_PIT,2013,10,0.60519,3.47707,0.49011
2013_10_CAR_SF,2013,10,0.71133,7.18654,0.49870
2013_10_CIN_BAL,2013,10,0.52032,0.69899,0.48070
2013_10_DAL_NO,2013,10,0.68383,5.82853,0.48226
2013_10_DEN_SD,2013,10,0.26441,-7.51124,0.47815
2013_10_DET_CHI,2013,10,0.46195,-0.91330,0.48539
2013_10_HOU_ARI,2013,10,0.63186,4.24354,0.48728
2013_10_JAX_TEN,2013,10,0.82424,11.62477,0.48585
2013_10_MIA_TB,2013,10,0.43274,-2.14350,0.47052
2013_10_OAK_NYG,2013,10,0.75238,8.75063,0.49948
2013_10_PHI_GB,2013,10,0.47165,-0.50710,0.49030
2013_10_SEA_ATL,2013,10,0.35521,-4.50491,0.47219
2013_10_STL_IND,2013,10,0.75636,8.97466,0.50219
2013_10_WAS_MIN,2013,10,0.45934,-1.02234,0.48407
2013_11_ARI_JAX,2013,11,0.21506,-9.31072,0.48663
2013_11_ATL_TB,2013,11,0.50746,0.16301,0.47422
2013_11_BAL_CHI,2013,11,0.61147,3.34069,0.47636
2013_11_CLE_CIN,2013,11,0.63114,4.21123,0.48689
2013_11_DET_PIT,2013,11,0.39465,-2.95723,0.48485
2013_11_GB_NYG,2013,11,0.60220,3.14146,0.48000
2013_11_IND_TEN,2013,11,0.40662,-2.64364,0.48260
2013_11_KC_DEN,2013,11,0.73279,7.68321,0.48655
2013_11_MIN_SEA,2013,11,0.86395,14.16448,0.49843
2013_11_NE_CAR,2013,11,0.56319,1.67597,0.46834
2013_11_NYJ_BUF,2013,11,0.43903,-1.87732,0.47373
2013_11_OAK_HOU,2013,11,0.80579,10.76114,0.48750
2013_11_SD_MIA,2013,11,0.42200,-1.98387,0.49058
2013_11_SF_NO,2013,11,0.60912,3.44311,0.48365
2013_11_WAS_PHI,2013,11,0.64783,4.75953,0.48748
2013_12_CAR_MIA,2013,12,0.34272,-4.66634,0.48232
2013_12_CHI_STL,2013,12,0.52067,0.71385,0.48088
2013_12_DAL_NYG,2013,12,0.50726,0.15470,0.47412
2013_12_DEN_NE,2013,12,0.51452,0.45701,0.47777
2013_12_IND_ARI,2013,12,0.60204,3.13455,0.47992
2013_12_JAX_HOU,2013,12,0.80349,10.60863,0.48565
2013_12_MIN_GB,2013,12,0.68032,5.65983,0.48022
2013_12_NO_ATL,2013,12,0.24297,-8.48539,0.47243
2013_12_NYJ_BAL,2013,12,0.66373,5.69862,0.50490
2013_12_PIT_CLE,2013,12,0.55073,1.35581,0.47051
2013_12_SD_KC,2013,12,0.61475,3.68994,0.48663
2013_12_SF_WAS,2013,12,0.30740,-5.93240,0.47911
2013_12_TB_DET,2013,12,0.72521,7.48970,0.49026
2013_12_TEN_OAK,2013,12,0.40712,-2.62233,0.48286
2013_13_ARI_PHI,2013,13,0.62211,4.01476,0.49057
2013_13_ATL_BUF,2013,13,0.65193,4.74129,0.48121
2013_13_CHI_MIN,2013,13,0.54143,0.96516,0.46580
2013_13_CIN_SD,2013,13,0.41049,-2.47718,0.48461
2013_13_DEN_KC,2013,13,0.32286,-5.39245,0.47959
2013_13_GB_DET,2013,13,0.70939,6.67694,0.48043
2013_13_JAX_CLE,2013,13,0.72378,7.20920,0.48082
2013_13_MIA_NYJ,2013,13,0.43854,-1.89788,0.47348
2013_13_NE_HOU,2013,13,0.24847,-8.38194,0.46764
2013_13_NO_SEA,2013,13,0.72010,7.42943,0.49559
2013_13_NYG_WAS,2013,13,0.51574,0.50793,0.47839
2013_13_OAK_DAL,2013,13,0.80334,10.80428,0.49407
2013_13_PIT_BAL,2013,13,0.59594,3.07577,0.48525
2013_13_STL_SF,2013,13,0.74785,8.49926,0.49643
2013_13_TB_CAR,2013,13,0.75067,8.65569,0.49833
2013_13_TEN_IND,2013,13,0.60749,3.37198,0.48279
2013_14_ATL_GB,2013,14,0.59850,2.98115,0.47806
2013_14_BUF_TB,2013,14,0.58810,2.73800,0.48117
2013_14_CAR_NO,2013,14,0.58188,2.47096,0.47794
2013_14_CLE_NE,2013,14,0.81202,11.59176,0.50966
2013_14_DAL_CHI,2013,14,0.56655,2.22943,0.48711
2013_14_DET_PHI,2013,14,0.58823,2.94908,0.48977
2013_14_HOU_JAX,2013,14,0.40496,-2.50981,0.49027
2013_14_IND_CIN,2013,14,0.71701,7.06470,0.48512
2013_14_KC_WAS,2013,14,0.36858,-3.90218,0.47947
2013_14_MIA_PIT,2013,14,0.59814,3.17098,0.48641
2013_14_MIN_BAL,2013,14,0.71165,7.20288,0.49890
2013_14_NYG_SD,2013,14,0.64899,4.81246,0.48812
2013_14_OAK_NYJ,2013,14,0.59229,2.91816,0.48335
2013_14_SEA_SF,2013,14,0.55892,1.70088,0.47467
2013_14_STL_ARI,2013,14,0.63647,4.45006,0.48978
2013_14_TEN_DEN,2013,14,0.86203,13.99510,0.49638
2013_15_ARI_TEN,2013,15,0.38336,-3.45206,0.47887
2013_15_BAL_DET,2013,15,0.60545,2.87196,0.46467
2013_15_BUF_JAX,2013,15,0.38288,-3.06174,0.49569
2013_15_CHI_CLE,2013,15,0.49994,-0.15012,0.47044
2013_15_CIN_PIT,2013,15,0.41115,-2.65433,0.47642
2013_15_GB_DAL,2013,15,0.64534,4.85145,0.49464
2013_15_HOU_IND,2013,15,0.70996,7.11701,0.49786
2013_15_KC_OAK,2013,15,0.27637,-7.08562,0.47725
2013_15_NE_MIA,2013,15,0.54883,1.27586,0.46954
2013_15_NO_STL,2013,15,0.27593,-7.10862,0.47698
2013_15_NYJ_CAR,2013,15,0.80981,11.23621,0.49930
2013_15_PHI_MIN,2013,15,0.29211,-6.28025,0.48700
2013_15_SD_DEN,2013,15,0.79975,10.56939,0.49123
2013_15_SEA_NYG,2013,15,0.19952,-10.29535,0.47472
2013_15_SF_TB,2013,15,0.31102,-6.16733,0.46420
2013_15_WAS_ATL,2013,15,0.68407,6.04559,0.49094
2013_16_ARI_SEA,2013,16,0.75470,8.67547,0.49251
2013_16_ATL_SF,2013,16,0.90085,16.86625,0.50088
2013_16_CHI_PHI,2013,16,0.57282,2.28991,0.48179
2013_16_CLE_NYJ,2013,16,0.57545,2.40189,0.48315
2013_16_DAL_WAS,2013,16,0.37483,-3.82900,0.47431
2013_16_DEN_HOU,2013,16,0.19524,-10.78248,0.46281
2013_16_IND_KC,2013,16,0.72364,7.20212,0.48073
2013_16_MIA_BUF,2013,16,0.48302,-0.85513,0.46194
2013_16_MIN_CIN,2013,16,0.73818,7.97173,0.49005
2013_16_NE_BAL,2013,16,0.45352,-1.26661,0.48111
2013_16_NO_CAR,2013,16,0.60689,3.34595,0.48247
2013_16_NYG_DET,2013,16,0.76288,8.52401,0.47254
2013_16_OAK_SD,2013,16,0.81727,11.74820,0.50550
2013_16_PIT_GB,2013,16,0.44671,-1.55331,0.47765
2013_16_TB_STL,2013,16,0.63419,4.55353,0.49709
2013_16_TEN_JAX,2013,16,0.35372,-4.36750,0.47989
2013_17_BAL_CIN,2013,17,0.71090,6.95908,0.48989
2013_17_BUF_NE,2013,17,0.76067,9.21942,0.50515
2013_17_CAR_ATL,2013,17,0.29591,-6.50039,0.47224
2013_17_CLE_PIT,2013,17,0.79662,10.57263,0.49732
2013_17_DEN_OAK,2013,17,0.16534,-12.48149,0.45441
2013_17_DET_MIN,2013,17,0.42732,-1.75705,0.49333
2013_17_GB_CHI,2013,17,0.38891,-3.20794,0.48182
2013_17_HOU_TEN,2013,17,0.72999,7.74057,0.49330
2013_17_JAX_IND,2013,17,0.83100,12.32402,0.50037
2013_17_KC_SD,2013,17,0.88123,14.75667,0.47535
2013_17_NYJ_MIA,2013,17,0.73146,7.61292,0.48570
2013_17_PHI_DAL,2013,17,0.26896,-7.06349,0.48962
2013_17_SF_ARI,2013,17,0.56132,1.59672,0.46738
2013_17_STL_SEA,2013,17,0.85253,13.18649,0.48659
2013_17_TB_NO,2013,17,0.82262,11.71474,0.49299
2013_17_WAS_NYG,2013,17,0.63471,4.57679,0.49737
2013_18_KC_IND,2013,18,0.46223,-0.49031,0.50261
2013_18_NO_PHI,2013,18,0.57878,2.33853,0.47634
2013_18_SD_CIN,2013,18,0.70898,6.86179,0.48871
2013_18_SF_GB,2013,18,0.39042,-3.14205,0.48262
2013_19_IND_NE,2013,19,0.73817,7.97152,0.49004
2013_19_NO_SEA,2013,19,0.79303,10.13788,0.48600
2013_19_SD_DEN,2013,19,0.75581,8.73775,0.49327
2013_19_SF_CAR,2013,19,0.48615,-0.31342,0.48055
2013_20_NE_DEN,2013,20,0.65582,4.92020,0.48337
2013_20_SF_SEA,2013,20,0.59346,2.55727,0.46691
2013_21_SEA_DEN,2013,21,0.54161,1.38375,0.48293
2014_01_BUF_CHI,2014,1,0.71492,6.66582,0.48398
2014_01_CAR_TB,2014,1,0.67345,5.28923,0.48577
2014_01_CIN_BAL,2014,1,0.51852,0.49016,0.48144
2014_01_CLE_PIT,2014,1,0.69865,6.53482,0.50378
2014_01_GB_SEA,2014,1,0.66704,5.45035,0.50256
2014_01_IND_DEN,2014,1,0.73735,7.39665,0.48009
2014_01_JAX_PHI,2014,1,0.79975,10.20734,0.49181
2014_01_MIN_STL,2014,1,0.61152,3.58944,0.49734
2014_01_NE_MIA,2014,1,0.37536,-3.60314,0.48732
2014_01_NO_ATL,2014,1,0.38122,-3.57279,0.48053
2014_01_NYG_DET,2014,1,0.68043,5.15964,0.46946
2014_01_OAK_NYJ,2014,1,0.73373,7.90283,0.50910
2014_01_SD_ARI,2014,1,0.60410,3.25823,0.49255
2014_01_SF_DAL,2014,1,0.36317,-4.15998,0.47927
2014_01_TEN_KC,2014,1,0.61414,3.70726,0.49904
2014_01_WAS_HOU,2014,1,0.60738,3.40457,0.49466
2014_02_ARI_NYG,2014,2,0.51687,0.41992,0.48043
2014_02_ATL_CIN,2014,2,0.69509,6.35540,0.50119
2014_02_CHI_SF,2014,2,0.75078,8.61646,0.51219
2014_02_DAL_TEN,2014,2,0.61064,3.54996,0.49677
2014_02_DET_CAR,2014,2,0.55770,2.16827,0.50571
2014_02_HOU_OAK,2014,2,0.39146,-3.11364,0.48717
2014_02_JAX_WAS,2014,2,0.65197,4.50182,0.48161
2014_02_KC_DEN,2014,2,0.85070,12.57974,0.48274
2014_02_MIA_BUF,2014,2,0.53049,1.00099,0.48883
2014_02_NE_MIN,2014,2,0.39263,-2.82656,0.49855
2014_02_NO_CLE,2014,2,0.33550,-4.98617,0.48179
2014_02_NYJ_GB,2014,2,0.70964,6.39169,0.48002
2014_02_PHI_IND,2014,2,0.60357,3.23474,0.49221
2014_02_PIT_BAL,2014,2,0.56381,1.72800,0.47766
2014_02_SEA_SD,2014,2,0.33856,-4.84058,0.48389
2014_02_STL_TB,2014,2,0.62857,3.89001,0.48722
2014_03_BAL_CLE,2014,3,0.41423,-2.57572,0.48049
2014_03_CHI_NYJ,2014,3,0.54427,1.35578,0.48673
2014_03_DAL_STL,2014,3,0.46065,-0.80209,0.49891
2014_03_DEN_SEA,2014,3,0.63434,4.15395,0.49104
2014_03_GB_DET,2014,3,0.53280,0.86480,0.47963
2014_03_HOU_NYG,2014,3,0.52688,0.84687,0.48660
2014_03_IND_JAX,2014,3,0.28342,-6.87936,0.47611
2014_03_KC_MIA,2014,3,0.67995,5.37094,0.47972
2014_03_MIN_NO,2014,3,0.78996,9.56884,0.48258
2014_03_OAK_NE,2014,3,0.88425,15.22951,0.50660
2014_03_PIT_CAR,2014,3,0.61906,3.92833,0.50224
2014_03_SD_BUF,2014,3,0.56981,1.98775,0.48141
2014_03_SF_ARI,2014,3,0.39961,-2.75096,0.49241
2014_03_TB_ATL,2014,3,0.68493,5.38027,0.47264
2014_03_TEN_CIN,2014,3,0.72537,7.45204,0.50258
2014_03_WAS_PHI,2014,3,0.67162,5.90543,0.51637
2014_04_ATL_MIN,2014,4,0.33871,-4.36370,0.50525
2014_04_BUF_HOU,2014,4,0.58941,2.60882,0.48316
2014_04_CAR_BAL,2014,4,0.60628,3.12091,0.48333
2014_04_DET_NYJ,2014,4,0.55924,1.76537,0.48542
2014_04_GB_CHI,2014,4,0.45924,-0.62795,0.50866
2014_04_JAX_SD,2014,4,0.87499,14.76797,0.51438
2014_04_MIA_OAK,2014,4,0.34300,-4.86498,0.47631
2014_04_NE_KC,2014,4,0.39777,-2.83240,0.49124
2014_04_NO_DAL,2014,4,0.41534,-2.05781,0.50244
2014_04_NYG_WAS,2014,4,0.57433,1.94955,0.47364
2014_04_PHI_SF,2014,4,0.62840,4.11704,0.49774
2014_04_TB_PIT,2014,4,0.76270,9.07051,0.51153
2014_04_TEN_IND,2014,4,0.75470,8.60570,0.50481
2014_05_ARI_DEN,2014,5,0.72506,6.73145,0.47049
2014_05_ATL_NYG,2014,5,0.64099,4.46026,0.49547
2014_05_BAL_IND,2014,5,0.58463,2.63411,0.49075
2014_05_BUF_DET,2014,5,0.65168,4.72294,0.49204
2014_05_CHI_CAR,2014,5,0.56052,2.05532,0.49684
2014_05_CIN_NE,2014,5,0.39891,-3.01665,0.48135
2014_05_CLE_TEN,2014,5,0.45950,-1.08608,0.48757
2014_05_HOU_DAL,2014,5,0.68322,6.00067,0.50329
2014_05_KC_SF,2014,5,0.64215,4.51367,0.49624
2014_05_MIN_GB,2014,5,0.75886,8.37665,0.48703
2014_05_NYJ_SD,2014,5,0.75478,8.84505,0.51550
2014_05_PIT_JAX,2014,5,0.27931,-7.09526,0.47299
2014_05_SEA_WAS,2014,5,0.23067,-9.35638,0.45484
2014_05_STL_PHI,2014,5,0.60648,3.12961,0.48346
2014_05_TB_NO,2014,5,0.82030,11.15991,0.49113
2014_06_BAL_TB,2014,6,0.36031,-4.29187,0.47737
2014_06_CAR_CIN,2014,6,0.71459,6.64856,0.48373
2014_06_CHI_ATL,2014,6,0.59678,2.69919,0.47724
2014_06_DAL_SEA,2014,6,0.79280,9.75165,0.48522
2014_06_DEN_NYJ,2014,6,0.19793,-10.01929,0.48853
2014_06_DET_MIN,2014,6,0.54030,1.42036,0.49489
2014_06_GB_MIA,2014,6,0.44490,-1.47870,0.48912
2014_06_IND_HOU,2014,6,0.38552,-3.61404,0.47272
2014_06_JAX_TEN,2014,6,0.65345,5.04040,0.50386
2014_06_NE_BUF,2014,6,0.50465,-0.10041,0.47292
2014_06_NYG_PHI,2014,6,0.53439,1.16755,0.49124
2014_06_PIT_CLE,2014,6,0.55009,1.13632,0.46912
2014_06_SD_OAK,2014,6,0.24229,-8.67129,0.46469
2014_06_SF_STL,2014,6,0.37340,-3.69206,0.48604
2014_06_WAS_ARI,2014,6,0.71880,7.80814,0.52940
2014_07_ARI_OAK,2014,7,0.32926,-5.75471,0.45630
2014_07_ATL_BAL,2014,7,0.75043,8.59675,0.51191
2014_07_CAR_GB,2014,7,0.70488,6.38160,0.48710
2014_07_CIN_IND,2014,7,0.59960,3.05879,0.48966
2014_07_CLE_JAX,2014,7,0.34535,-4.75414,0.47792
2014_07_HOU_PIT,2014,7,0.61824,3.89163,0.50171
2014_07_KC_SD,2014,7,0.61792,3.87710,0.50150
2014_07_MIA_CHI,2014,7,0.61895,3.92364,0.50217
2014_07_MIN_BUF,2014,7,0.71977,6.92006,0.48766
2014_07_NO_DET,2014,7,0.53304,0.87538,0.47979
2014_07_NYG_DAL,2014,7,0.68484,6.08017,0.50444
2014_07_NYJ_NE,2014,7,0.81130,11.22690,0.51379
2014_07_SEA_STL,2014,7,0.26637,-7.31969,0.48419
2014_07_SF_DEN,2014,7,0.70095,5.94672,0.47360
2014_07_TEN_WAS,2014,7,0.65969,4.39611,0.46566
2014_08_BAL_CIN,2014,8,0.40426,-2.77982,0.48477
2014_08_BUF_NYJ,2014,8,0.57177,1.83796,0.47203
2014_08_CHI_NE,2014,8,0.70858,7.04134,0.51111
2014_08_DET_ATL,2014,8,0.35073,-4.73665,0.47095
2014_08_GB_NO,2014,8,0.53532,0.73787,0.47059
2014_08_HOU_TEN,2014,8,0.39442,-2.74670,0.49971
2014_08_IND_PIT,2014,8,0.32982,-5.02347,0.48847
2014_08_MIA_JAX,2014,8,0.25727,-7.82059,0.47696
2014_08_MIN_TB,2014,8,0.54272,1.52410,0.49639
2014_08_OAK_CLE,2014,8,0.71736,7.02836,0.49645
2014_08_PHI_ARI,2014,8,0.54493,1.61900,0.49777
2014_08_SD_DEN,2014,8,0.76306,8.38776,0.47996
2014_08_SEA_CAR,2014,8,0.30888,-5.57935,0.49490
2014_08_STL_KC,2014,8,0.73921,7.73372,0.49219
2014_08_WAS_DAL,2014,8,0.82466,12.18149,0.52758
2014_09_ARI_DAL,2014,9,0.51065,-0.07976,0.46601
2014_09_BAL_PIT,2014,9,0.57805,2.34613,0.48659
2014_09_DEN_NE,2014,9,0.42161,-1.78336,0.50641
2014_09_IND_NYG,2014,9,0.41021,-2.28276,0.49919
2014_09_JAX_CIN,2014,9,0.82291,11.81904,0.51512
2014_09_NO_CAR,2014,9,0.39757,-2.84133,0.49111
2014_09_NYJ_KC,2014,9,0.80201,10.59298,0.50462
2014_09_OAK_SEA,2014,9,0.88420,15.45873,0.51714
2014_09_PHI_HOU,2014,9,0.43446,-1.92926,0.48261
2014_09_SD_MIA,2014,9,0.57671,2.05323,0.47513
2014_09_STL_SF,2014,9,0.82983,12.09703,0.51191
2014_09_TB_CLE,2014,9,0.72439,7.16486,0.49120
2014_09_WAS_MIN,2014,9,0.49454,0.40844,0.50919
2014_10_ATL_TB,2014,10,0.37950,-3.41570,0.49003
2014_10_CAR_PHI,2014,10,0.71451,6.64423,0.48367
2014_10_CHI_GB,2014,10,0.78900,9.74211,0.49231
2014_10_CLE_CIN,2014,10,0.72414,7.38636,0.50163
2014_10_DAL_JAX,2014,10,0.21389,-10.15450,0.45057
2014_10_DEN_OAK,2014,10,0.12489,-14.43674,0.46807
2014_10_KC_BUF,2014,10,0.56118,1.84912,0.48663
2014_10_MIA_DET,2014,10,0.59736,2.95962,0.48823
2014_10_NYG_SEA,2014,10,0.78688,9.84210,0.50099
2014_10_PIT_NYJ,2014,10,0.31079,-6.18824,0.46445
2014_10_SF_NO,2014,10,0.68812,5.77302,0.48553
2014_10_STL_ARI,2014,10,0.75521,8.87019,0.51586
2014_10_TEN_BAL,2014,10,0.81165,10.78168,0.49289
2014_11_ATL_CAR,2014,11,0.43089,-1.61452,0.50162
2014_11_BUF_MIA,2014,11,0.64113,4.46647,0.49556
2014_11_CIN_NO,2014,11,0.76072,8.48513,0.48860
2014_11_DEN_STL,2014,11,0.22495,-9.23250,0.47101
2014_11_DET_ARI,2014,11,0.50412,0.81620,0.51508
2014_11_HOU_CLE,2014,11,0.65457,4.85862,0.49400
2014_11_MIN_CHI,2014,11,0.55615,1.39694,0.47288
2014_11_NE_IND,2014,11,0.57135,1.81979,0.47177
2014_11_OAK_SD,2014,11,0.84167,13.01474,0.52517
2014_11_PHI_GB,2014,11,0.66684,5.44070,0.50242
2014_11_PIT_TEN,2014,11,0.25281,-8.07040,0.47335
2014_11_SEA_KC,2014,11,0.46721,-0.75650,0.49233
2014_11_SF_NYG,2014,11,0.36514,-3.83500,0.49120
2014_11_TB_WAS,2014,11,0.71383,6.84383,0.49379
2014_12_ARI_SEA,2014,12,0.71807,6.59576,0.47575
2014_12_BAL_NO,2014,12,0.55798,1.47592,0.47402
2014_12_CIN_HOU,2014,12,0.56353,1.48092,0.46688
2014_12_CLE_ATL,2014,12,0.60066,3.10550,0.49034
2014_12_DAL_NYG,2014,12,0.33093,-5.43990,0.46802
2014_12_DET_NE,2014,12,0.76847,9.41292,0.51648
2014_12_GB_MIN,2014,12,0.24184,-8.46279,0.47490
2014_12_JAX_IND,2014,12,0.86792,14.09612,0.50467
2014_12_KC_OAK,2014,12,0.21988,-9.77945,0.45595
2014_12_MIA_DEN,2014,12,0.70673,6.47660,0.48847
2014_12_NYJ_BUF,2014,12,0.56723,1.87578,0.47979
2014_12_STL_SD,2014,12,0.64905,4.83440,0.50088
2014_12_TB_CHI,2014,12,0.64191,4.50239,0.49608
2014_12_TEN_PHI,2014,12,0.82072,11.18995,0.49156
2014_12_WAS_SF,2014,12,0.81001,11.37242,0.52312
2014_13_ARI_ATL,2014,13,0.41645,-2.71326,0.47129
2014_13_CAR_MIN,2014,13,0.57559,2.23904,0.48504
2014_13_CHI_DET,2014,13,0.72428,6.92448,0.48049
2014_13_CIN_TB,2014,13,0.28864,-6.60712,0.48004
2014_13_CLE_BUF,2014,13,0.61885,3.91912,0.50211
2014_13_DEN_KC,2014,13,0.51957,0.53518,0.48209
2014_13_MIA_NYJ,2014,13,0.26980,-7.36889,0.47626
2014_13_NE_GB,2014,13,0.57340,1.90885,0.47305
2014_13_NO_PIT,2014,13,0.64395,4.83208,0.50808
2014_13_NYG_JAX,2014,13,0.36986,-4.08834,0.47309
2014_13_OAK_STL,2014,13,0.73096,7.75267,0.50693
2014_13_PHI_DAL,2014,13,0.61998,3.97008,0.50284
2014_13_SD_BAL,2014,13,0.71224,6.76078,0.49258
2014_13_SEA_SF,2014,13,0.52557,0.79076,0.48579
2014_13_TEN_HOU,2014,13,0.72818,7.36772,0.49413
2014_13_WAS_IND,2014,13,0.77175,9.60962,0.51932
2014_14_ATL_GB,2014,14,0.87314,14.35433,0.50117
2014_14_BAL_MIA,2014,14,0.58592,2.45574,0.48095
2014_14_BUF_DEN,2014,14,0.77905,9.35176,0.49390
2014_14_CAR_NO,2014,14,0.77495,9.33436,0.50088
2014_14_DAL_CHI,2014,14,0.37506,-3.61701,0.48712
2014_14_HOU_JAX,2014,14,0.26593,-7.57842,0.47323
2014_14_IND_CLE,2014,14,0.36331,-4.38860,0.46876
2014_14_KC_ARI,2014,14,0.44719,-0.91054,0.51180
2014_14_NE_SD,2014,14,0.34772,-4.64283,0.47952
2014_14_NYG_TEN,2014,14,0.39546,-2.93514,0.48975
2014_14_NYJ_MIN,2014,14,0.67345,5.75907,0.50703
2014_14_PIT_CIN,2014,14,0.59210,2.72742,0.48487
2014_14_SEA_PHI,2014,14,0.44845,-1.32590,0.49133
2014_14_SF_OAK,2014,14,0.21558,-9.81276,0.46266
2014_14_STL_WAS,2014,14,0.39449,-3.21291,0.47851
2014_14_TB_DET,2014,14,0.81655,11.12604,0.49787
2014_15_ARI_STL,2014,15,0.66246,4.52753,0.46755
2014_15_CIN_CLE,2014,15,0.53575,0.52144,0.46027
2014_15_DAL_PHI,2014,15,0.60886,3.23571,0.48499
2014_15_DEN_SD,2014,15,0.36142,-4.00580,0.48873
2014_15_GB_BUF,2014,15,0.35170,-4.69129,0.47161
2014_15_HOU_IND,2014,15,0.72233,7.05554,0.48962
2014_15_JAX_BAL,2014,15,0.89489,16.38266,0.52326
2014_15_MIA_NE,2014,15,0.80838,11.02545,0.51088
2014_15_MIN_DET,2014,15,0.74290,7.70370,0.48453
2014_15_NO_CHI,2014,15,0.41252,-2.18135,0.50065
2014_15_NYJ_TEN,2014,15,0.40278,-2.37559,0.50508
2014_15_OAK_KC,2014,15,0.82986,11.86467,0.50132
2014_15_PIT_ATL,2014,15,0.38075,-3.59425,0.48022
2014_15_SF_SEA,2014,15,0.81040,10.92962,0.50226
2014_15_TB_CAR,2014,15,0.64075,4.68389,0.50594
2014_15_WAS_NYG,2014,15,0.74213,8.13019,0.50516
2014_16_ATL_NO,2014,16,0.69251,5.99127,0.48869
2014_16_BAL_HOU,2014,16,0.27603,-7.26927,0.47048
2014_16_BUF_OAK,2014,16,0.25748,-7.80894,0.47712
2014_16_CLE_CAR,2014,16,0.71582,7.18209,0.50591
2014_16_DEN_CIN,2014,16,0.37305,-3.70823,0.48580
2014_16_DET_CHI,2014,16,0.19726,-10.06439,0.48788
2014_16_GB_TB,2014,16,0.15290,-12.64253,0.47231
2014_16_IND_DAL,2014,16,0.62394,3.91418,0.49480
2014_16_KC_PIT,2014,16,0.60872,3.69907,0.50616
2014_16_MIN_MIA,2014,16,0.64880,4.58789,0.49008
2014_16_NE_NYJ,2014,16,0.16213,-12.60626,0.45126
2014_16_NYG_STL,2014,16,0.70616,6.21277,0.47744
2014_16_PHI_WAS,2014,16,0.23977,-8.81783,0.46258
2014_16_SD_SF,2014,16,0.56647,2.07794,0.48994
2014_16_SEA_ARI,2014,16,0.21311,-9.26497,0.49221
2014_16_TEN_JAX,2014,16,0.61088,3.09136,0.47568
2014_17_ARI_SF,2014,17,0.67866,5.30793,0.47881
2014_17_BUF_NE,2014,17,0.66537,5.37064,0.50141
2014_17_CAR_ATL,2014,17,0.58495,2.64789,0.49095
2014_17_CHI_MIN,2014,17,0.72646,7.27580,0.49280
2014_17_CIN_PIT,2014,17,0.61271,3.64269,0.49811
2014_17_CLE_BAL,2014,17,0.87471,14.27166,0.49274
2014_17_DAL_WAS,2014,17,0.24984,-8.70819,0.44980
2014_17_DET_GB,2014,17,0.76830,8.69821,0.48445
2014_17_IND_TEN,2014,17,0.23904,-8.62583,0.47255
2014_17_JAX_HOU,2014,17,0.77145,9.12229,0.49781
2014_17_NO_TB,2014,17,0.29040,-6.51610,0.48135
2014_17_NYJ_MIA,2014,17,0.74482,8.28042,0.50733
2014_17_OAK_DEN,2014,17,0.91518,17.72825,0.50658
2014_17_PHI_NYG,2014,17,0.46417,-0.88638,0.49046
2014_17_SD_KC,2014,17,0.57895,2.15082,0.47654
2014_17_STL_SEA,2014,17,0.84646,13.16730,0.52015
2014_18_ARI_CAR,2014,18,0.67227,5.23224,0.48494
2014_18_BAL_PIT,2014,18,0.61136,3.58230,0.49723
2014_18_CIN_IND,2014,18,0.60970,3.27351,0.48554
2014_18_DET_DAL,2014,18,0.70939,6.84837,0.50108
2014_19_BAL_NE,2014,19,0.73997,8.01064,0.50343
2014_19_CAR_SEA,2014,19,0.87776,14.80571,0.50770
2014_19_DAL_GB,2014,19,0.68182,5.69694,0.49166
2014_19_IND_DEN,2014,19,0.77968,9.15548,0.48383
2014_20_GB_SEA,2014,20,0.76012,8.44986,0.48809
2014_20_IND_NE,2014,20,0.72774,7.34438,0.49379
2014_21_NE_SEA,2014,21,0.45925,-1.09692,0.48741
2015_01_BAL_DEN,2015,1,0.62501,3.65104,0.47688
2015_01_CAR_JAX,2015,1,0.37420,-3.66848,0.47930
2015_01_CIN_OAK,2015,1,0.38074,-3.42453,0.48258
2015_01_CLE_NYJ,2015,1,0.63384,4.20509,0.49779
2015_01_DET_SD,2015,1,0.59815,2.88189,0.47998
2015_01_GB_CHI,2015,1,0.30646,-5.76460,0.48473
2015_01_IND_BUF,2015,1,0.46160,-0.95442,0.48891
2015_01_KC_HOU,2015,1,0.45903,-1.04492,0.48769
2015_01_MIA_WAS,2015,1,0.35642,-4.11864,0.48670
2015_01_MIN_SF,2015,1,0.43981,-1.39296,0.50320
2015_01_NO_ARI,2015,1,0.60662,3.52479,0.50883
2015_01_NYG_DAL,2015,1,0.72730,7.21641,0.49121
2015_01_PHI_ATL,2015,1,0.37824,-3.40647,0.48955
2015_01_PIT_NE,2015,1,0.74865,8.07329,0.49601
2015_01_SEA_STL,2015,1,0.36713,-3.82295,0.48395
2015_01_TEN_TB,2015,1,0.60001,3.06056,0.48911
2015_02_ARI_CHI,2015,2,0.39320,-3.18613,0.47235
2015_02_ATL_NYG,2015,2,0.58364,2.68860,0.49757
2015_02_BAL_OAK,2015,2,0.29336,-6.20047,0.48560
2015_02_DAL_PHI,2015,2,0.69135,5.68661,0.47064
2015_02_DEN_KC,2015,2,0.60495,3.24137,0.49154
2015_02_DET_MIN,2015,2,0.56318,1.84453,0.47948
2015_02_HOU_CAR,2015,2,0.62367,3.93413,0.50087
2015_02_MIA_JAX,2015,2,0.31478,-5.53492,0.48110
2015_02_NE_BUF,2015,2,0.51963,0.41705,0.46702
2015_02_NYJ_IND,2015,2,0.68585,5.68383,0.48404
2015_02_SD_CIN,2015,2,0.63312,4.17787,0.49742
2015_02_SEA_GB,2015,2,0.60730,3.21686,0.48448
2015_02_SF_PIT,2015,2,0.69127,5.90561,0.48702
2015_02_STL_WAS,2015,2,0.36797,-3.90235,0.47616
2015_02_TB_NO,2015,2,0.79698,10.04958,0.49569
2015_02_TEN_CLE,2015,2,0.52075,0.67847,0.48397
2015_03_ATL_DAL,2015,3,0.54037,1.36890,0.49326
2015_03_BUF_MIA,2015,3,0.52877,0.96023,0.48776
2015_03_CHI_SEA,2015,3,0.91166,16.96626,0.49457
2015_03_CIN_BAL,2015,3,0.56739,1.99469,0.48150
2015_03_DEN_DET,2015,3,0.40682,-2.46672,0.49547
2015_03_IND_TEN,2015,3,0.38477,-3.27507,0.48459
2015_03_JAX_NE,2015,3,0.90045,16.25566,0.51193
2015_03_KC_GB,2015,3,0.67077,5.41095,0.50056
2015_03_NO_CAR,2015,3,0.81471,10.93234,0.50085
2015_03_OAK_CLE,2015,3,0.62476,3.86369,0.49319
2015_03_PHI_NYJ,2015,3,0.61107,3.46642,0.49457
2015_03_PIT_STL,2015,3,0.50824,0.12843,0.46986
2015_03_SD_MIN,2015,3,0.58550,2.64478,0.49024
2015_03_SF_ARI,2015,3,0.73240,7.44327,0.49426
2015_03_TB_HOU,2015,3,0.70494,6.47417,0.49468
2015_03_WAS_NYG,2015,3,0.62218,3.87841,0.50012
2015_04_BAL_PIT,2015,4,0.40045,-2.69859,0.49235
2015_04_CAR_TB,2015,4,0.34522,-4.77157,0.46449
2015_04_CLE_SD,2015,4,0.65259,4.69926,0.49098
2015_04_DAL_NO,2015,4,0.57198,2.04778,0.47549
2015_04_DET_SEA,2015,4,0.81005,10.66411,0.49724
2015_04_GB_SF,2015,4,0.25960,-7.34832,0.49034
2015_04_HOU_ATL,2015,4,0.64935,4.68536,0.49752
2015_04_JAX_IND,2015,4,0.65004,4.71177,0.49788
2015_04_KC_CIN,2015,4,0.64480,4.62141,0.50339
2015_04_MIN_DEN,2015,4,0.72733,7.21764,0.49122
2015_04_NYG_BUF,2015,4,0.70569,6.50573,0.49510
2015_04_NYJ_MIA,2015,4,0.39282,-3.08920,0.48037
2015_04_OAK_CHI,2015,4,0.40772,-2.43413,0.49591
2015_04_PHI_WAS,2015,4,0.37964,-3.46531,0.48203
2015_04_STL_ARI,2015,4,0.76129,8.78349,0.51231
2015_05_ARI_DET,2015,5,0.32898,-5.07588,0.48055
2015_05_BUF_TEN,2015,5,0.49621,-0.18236,0.47240
2015_05_CHI_KC,2015,5,0.78920,9.52287,0.48187
2015_05_CLE_BAL,2015,5,0.70125,6.31888,0.49259
2015_05_DEN_OAK,2015,5,0.31632,-5.47269,0.48193
2015_05_IND_HOU,2015,5,0.61899,3.42686,0.47386
2015_05_JAX_TB,2015,5,0.50662,0.18275,0.47730
2015_05_NE_DAL,2015,5,0.21792,-9.25081,0.47148
2015_05_NO_PHI,2015,5,0.71717,6.88497,0.49348
2015_05_PIT_SD,2015,5,0.64407,4.48278,0.49479
2015_05_SEA_CIN,2015,5,0.61019,3.43415,0.49414
2015_05_SF_NYG,2015,5,0.74573,7.93795,0.49419
2015_05_STL_GB,2015,5,0.78418,9.59342,0.50302
2015_05_WAS_ATL,2015,5,0.74823,8.05406,0.49575
2015_06_ARI_PIT,2015,6,0.30033,-6.01862,0.48132
2015_06_ATL_NO,2015,6,0.37634,-3.58855,0.48038
2015_06_BAL_SF,2015,6,0.43246,-1.65484,0.49967
2015_06_CAR_SEA,2015,6,0.70351,6.19179,0.47742
2015_06_CHI_DET,2015,6,0.60969,3.30462,0.48566
2015_06_CIN_BUF,2015,6,0.37133,-3.77599,0.47786
2015_06_DEN_CLE,2015,6,0.36721,-3.82000,0.48399
2015_06_HOU_JAX,2015,6,0.57536,2.27977,0.48533
2015_06_KC_MIN,2015,6,0.63359,4.19549,0.49766
2015_06_MIA_TEN,2015,6,0.55814,1.66522,0.47707
2015_06_NE_IND,2015,6,0.23234,-8.52636,0.48121
2015_06_NYG_PHI,2015,6,0.60110,2.98964,0.48143
2015_06_SD_GB,2015,6,0.82314,11.31935,0.49933
2015_06_WAS_NYJ,2015,6,0.75886,8.55556,0.50251
2015_07_ATL_TEN,2015,7,0.28407,-6.70792,0.47205
2015_07_BAL_ARI,2015,7,0.80410,10.32929,0.49273
2015_07_BUF_JAX,2015,7,0.33939,-4.88759,0.46964
2015_07_CLE_STL,2015,7,0.70422,6.33281,0.48604
2015_07_DAL_NYG,2015,7,0.60686,3.31157,0.49249
2015_07_HOU_MIA,2015,7,0.63146,3.89338,0.48013
2015_07_MIN_DET,2015,7,0.51778,0.57431,0.48257
2015_07_NO_IND,2015,7,0.68797,5.88135,0.49343
2015_07_NYJ_NE,2015,7,0.75275,8.37643,0.50683
2015_07_OAK_SD,2015,7,0.61976,3.67723,0.49068
2015_07_PHI_CAR,2015,7,0.60715,3.32226,0.49263
2015_07_PIT_KC,2015,7,0.60930,3.17939,0.47726
2015_07_SEA_SF,2015,7,0.29867,-5.86617,0.49683
2015_07_TB_WAS,2015,7,0.59346,2.82201,0.48590
2015_08_ARI_CLE,2015,8,0.25315,-7.75569,0.47813
2015_08_CIN_PIT,2015,8,0.51129,0.34637,0.47950
2015_08_DET_KC,2015,8,0.59615,2.92013,0.48722
2015_08_GB_DEN,2015,8,0.42097,-2.06658,0.49413
2015_08_IND_CAR,2015,8,0.68328,5.80149,0.49909
2015_08_MIA_NE,2015,8,0.79533,10.29347,0.51917
2015_08_MIN_CHI,2015,8,0.45402,-1.22201,0.48531
2015_08_NYG_NO,2015,8,0.58252,2.42642,0.48058
2015_08_NYJ_OAK,2015,8,0.39047,-3.06443,0.48743
2015_08_SD_BAL,2015,8,0.65799,4.90890,0.49380
2015_08_SEA_DAL,2015,8,0.32304,-5.31262,0.47736
2015_08_SF_STL,2015,8,0.72522,6.90258,0.47354
2015_08_TB_ATL,2015,8,0.76153,8.57305,0.49601
2015_08_TEN_HOU,2015,8,0.66713,5.48889,0.51507
2015_09_ATL_SF,2015,9,0.22559,-8.52861,0.50137
2015_09_CHI_SD,2015,9,0.62629,3.92101,0.49396
2015_09_CLE_CIN,2015,9,0.88310,15.00978,0.51535
2015_09_DEN_IND,2015,9,0.35345,-4.34323,0.47695
2015_09_GB_CAR,2015,9,0.45094,-1.10906,0.50029
2015_09_JAX_NYJ,2015,9,0.74531,7.91878,0.49393
2015_09_MIA_BUF,2015,9,0.66610,5.33754,0.50630
2015_09_NYG_TB,2015,9,0.42364,-2.19239,0.47898
2015_09_OAK_PIT,2015,9,0.71560,6.92817,0.50079
2015_09_PHI_DAL,2015,9,0.37493,-3.64119,0.47967
2015_09_STL_MIN,2015,9,0.59674,3.16358,0.50396
2015_09_TEN_NO,2015,9,0.75619,8.53909,0.50902
2015_09_WAS_NE,2015,9,0.88584,15.13406,0.51030
2015_10_ARI_SEA,2015,10,0.58501,2.51613,0.48178
2015_10_BUF_NYJ,2015,10,0.57321,2.20289,0.48430
2015_10_CAR_TEN,2015,10,0.32651,-5.39594,0.46283
2015_10_CHI_STL,2015,10,0.72092,6.82549,0.47922
2015_10_CLE_PIT,2015,10,0.74170,7.86379,0.49992
2015_10_DAL_TB,2015,10,0.46542,-0.81980,0.49072
2015_10_DET_GB,2015,10,0.81359,10.75647,0.49175
2015_10_HOU_CIN,2015,10,0.81284,10.82395,0.49939
2015_10_JAX_BAL,2015,10,0.68381,6.04505,0.51583
2015_10_KC_DEN,2015,10,0.64184,4.39765,0.49365
2015_10_MIA_PHI,2015,10,0.69435,6.14336,0.49696
2015_10_MIN_OAK,2015,10,0.57399,2.11990,0.47646
2015_10_NE_NYG,2015,10,0.24735,-8.02659,0.47449
2015_10_NO_WAS,2015,10,0.44895,-1.40130,0.48289
2015_11_BUF_NE,2015,11,0.75938,8.69167,0.51107
2015_11_CIN_ARI,2015,11,0.63573,4.16557,0.49052
2015_11_DAL_MIA,2015,11,0.41772,-2.18357,0.49255
2015_11_DEN_CHI,2015,11,0.41116,-2.42041,0.48937
2015_11_GB_MIN,2015,11,0.48426,-0.15726,0.49964
2015_11_IND_ATL,2015,11,0.60262,3.04525,0.48218
2015_11_KC_SD,2015,11,0.40065,-2.69150,0.49245
2015_11_NYJ_HOU,2015,11,0.38079,-3.20073,0.49906
2015_11_OAK_DET,2015,11,0.44209,-1.42285,0.49606
2015_11_SF_SEA,2015,11,0.86721,13.51139,0.48172
2015_11_STL_BAL,2015,11,0.61266,3.52514,0.49536
2015_11_TB_PHI,2015,11,0.74760,8.13554,0.50358
2015_11_TEN_JAX,2015,11,0.60024,3.06915,0.48922
2015_11_WAS_CAR,2015,11,0.75710,8.58239,0.50960
2015_12_ARI_SF,2015,12,0.23005,-8.75011,0.47149
2015_12_BAL_CLE,2015,12,0.67632,5.29923,0.47887
2015_12_BUF_KC,2015,12,0.65302,4.71567,0.49120
2015_12_CAR_DAL,2015,12,0.43703,-1.82467,0.47720
2015_12_CHI_GB,2015,12,0.75273,8.26438,0.49859
2015_12_MIA_NYJ,2015,12,0.64732,4.49605,0.48824
2015_12_MIN_ATL,2015,12,0.53876,1.09037,0.47606
2015_12_NE_DEN,2015,12,0.38518,-3.37071,0.47658
2015_12_NO_HOU,2015,12,0.60872,3.26897,0.48519
2015_12_NYG_WAS,2015,12,0.42119,-2.39158,0.46959
2015_12_OAK_TEN,2015,12,0.45497,-1.18843,0.48576
2015_12_PHI_DET,2015,12,0.57346,2.10063,0.47620
2015_12_PIT_SEA,2015,12,0.58946,2.67693,0.48395
2015_12_SD_JAX,2015,12,0.65761,4.78275,0.48537
2015_12_STL_CIN,2015,12,0.83052,11.77156,0.50542
2015_12_TB_IND,2015,12,0.61311,3.54199,0.49559
2015_13_ARI_STL,2015,13,0.31924,-5.68733,0.45893
2015_13_ATL_TB,2015,13,0.54126,1.40040,0.49368
2015_13_BAL_MIA,2015,13,0.59895,2.91103,0.48037
2015_13_CAR_NO,2015,13,0.26590,-7.50705,0.46134
2015_13_CIN_CLE,2015,13,0.20840,-9.85958,0.45663
2015_13_DAL_WAS,2015,13,0.57906,2.52366,0.49534
2015_13_DEN_SD,2015,13,0.28062,-6.74616,0.47826
2015_13_GB_DET,2015,13,0.40932,-2.48713,0.48847
2015_13_HOU_BUF,2015,13,0.60672,3.30639,0.49242
2015_13_IND_PIT,2015,13,0.78170,9.13277,0.47663
2015_13_JAX_TEN,2015,13,0.58187,2.40274,0.48026
2015_13_KC_OAK,2015,13,0.37500,-3.63847,0.47970
2015_13_NYJ_NYG,2015,13,0.44976,-1.15082,0.49973
2015_13_PHI_NE,2015,13,0.82118,11.42410,0.51420
2015_13_SEA_MIN,2015,13,0.40734,-2.55874,0.48750
2015_13_SF_CHI,2015,13,0.70125,6.31888,0.49259
2015_14_ATL_CAR,2015,14,0.80521,10.72400,0.51823
2015_14_BUF_PHI,2015,14,0.51418,0.44802,0.48087
2015_14_DAL_GB,2015,14,0.71474,6.89121,0.50029
2015_14_DET_STL,2015,14,0.39518,-2.89168,0.48975
2015_14_IND_JAX,2015,14,0.48756,-0.48551,0.46833
2015_14_MIN_ARI,2015,14,0.81274,10.81819,0.49931
2015_14_NE_HOU,2015,14,0.34493,-4.56083,0.48075
2015_14_NO_TB,2015,14,0.69977,6.25714,0.49176
2015_14_NYG_MIA,2015,14,0.41801,-2.17312,0.49269
2015_14_OAK_DEN,2015,14,0.74296,8.14358,0.51715
2015_14_PIT_CIN,2015,14,0.54664,1.59045,0.49624
2015_14_SD_KC,2015,14,0.84959,12.79461,0.50573
2015_14_SEA_BAL,2015,14,0.16962,-11.41732,0.47596
2015_14_SF_CLE,2015,14,0.54250,1.11107,0.46963
2015_14_TEN_NYJ,2015,14,0.77180,9.07644,0.50279
2015_14_WAS_CHI,2015,14,0.62544,3.77820,0.48531
2015_15_ARI_PHI,2015,15,0.35114,-4.43197,0.47576
2015_15_ATL_JAX,2015,15,0.55986,1.83719,0.48610
2015_15_BUF_WAS,2015,15,0.40334,-2.70446,0.48554
2015_15_CAR_NYG,2015,15,0.31066,-5.81405,0.47063
2015_15_CHI_MIN,2015,15,0.65651,4.96207,0.50125
2015_15_CIN_SF,2015,15,0.28696,-6.25105,0.49838
2015_15_CLE_SEA,2015,15,0.91060,17.29579,0.52592
2015_15_DEN_PIT,2015,15,0.73320,7.36783,0.48652
2015_15_DET_NO,2015,15,0.58472,2.61675,0.48987
2015_15_GB_OAK,2015,15,0.33869,-4.80414,0.47748
2015_15_HOU_IND,2015,15,0.58450,2.60859,0.48976
2015_15_KC_BAL,2015,15,0.26236,-7.44486,0.47559
2015_15_MIA_SD,2015,15,0.53544,1.19502,0.49092
2015_15_NYJ_DAL,2015,15,0.38730,-3.18140,0.48585
2015_15_TB_STL,2015,15,0.52758,0.91845,0.48720
2015_15_TEN_NE,2015,15,0.90636,16.84909,0.51992
2015_16_CAR_ATL,2015,16,0.22792,-8.96686,0.46188
2015_16_CHI_TB,2015,16,0.60480,3.23590,0.49147
2015_16_CIN_DEN,2015,16,0.63240,4.15046,0.49705
2015_16_CLE_KC,2015,16,0.85757,13.35450,0.51326
2015_16_DAL_BUF,2015,16,0.72492,7.22231,0.49802
2015_16_GB_ARI,2015,16,0.71492,6.89888,0.50040
2015_16_HOU_TEN,2015,16,0.31946,-5.67843,0.45905
2015_16_IND_MIA,2015,16,0.56953,2.07122,0.48252
2015_16_JAX_NO,2015,16,0.59912,3.13909,0.49690
2015_16_NE_NYJ,2015,16,0.38015,-3.55758,0.47407
2015_16_NYG_MIN,2015,16,0.72525,7.12611,0.48999
2015_16_PIT_BAL,2015,16,0.16480,-11.60975,0.48009
2015_16_SD_OAK,2015,16,0.61162,3.26497,0.47841
2015_16_SF_DET,2015,16,0.76775,8.76489,0.49186
2015_16_STL_SEA,2015,16,0.85620,13.36758,0.52016
2015_16_WAS_PHI,2015,16,0.60100,2.98571,0.48137
2015_17_BAL_CIN,2015,17,0.79884,10.03960,0.48883
2015_17_DET_CHI,2015,17,0.41169,-2.40122,0.48962
2015_17_JAX_HOU,2015,17,0.69291,6.19472,0.50438
2015_17_MIN_GB,2015,17,0.58735,2.60054,0.48292
2015_17_NE_MIA,2015,17,0.17586,-11.14564,0.47289
2015_17_NO_ATL,2015,17,0.68304,5.56980,0.48251
2015_17_NYJ_BUF,2015,17,0.42660,-1.86452,0.49685
2015_17_OAK_KC,2015,17,0.76352,9.00230,0.52198
2015_17_PHI_NYG,2015,17,0.61624,3.43565,0.48070
2015_17_PIT_CLE,2015,17,0.12178,-14.25757,0.47139
2015_17_SD_DEN,2015,17,0.82229,11.37931,0.50687
2015_17_SEA_ARI,2015,17,0.68128,5.49884,0.48155
2015_17_STL_SF,2015,17,0.38276,-3.34956,0.48359
2015_17_TB_CAR,2015,17,0.83345,12.06574,0.51611
2015_17_TEN_IND,2015,17,0.66291,5.32303,0.51284
2015_17_WAS_DAL,2015,17,0.55602,1.47884,0.46785
2015_18_GB_WAS,2015,18,0.58092,2.59085,0.49625
2015_18_KC_HOU,2015,18,0.37961,-3.46651,0.48202
2015_18_PIT_CIN,2015,18,0.42773,-1.93488,0.48917
2015_18_SEA_MIN,2015,18,0.34150,-4.69427,0.47895
2015_19_GB_ARI,2015,19,0.74494,8.01251,0.50193
2015_19_KC_NE,2015,19,0.68438,5.62421,0.48324
2015_19_PIT_DEN,2015,19,0.71175,6.54088,0.48212
2015_19_SEA_CAR,2015,19,0.59566,3.01315,0.49520
2015_20_ARI_CAR,2015,20,0.62901,4.02302,0.49534
2015_20_NE_DEN,2015,20,0.43314,-1.63046,0.50000
2015_21_CAR_DEN,2015,21,0.32853,-5.09361,0.48031
2016_01_BUF_BAL,2016,1,0.57052,2.15094,0.47188
2016_01_CAR_DEN,2016,1,0.43326,-1.82412,0.50673
2016_01_CHI_HOU,2016,1,0.68446,5.84280,0.49238
2016_01_CIN_NYJ,2016,1,0.50417,0.17569,0.47230
2016_01_CLE_PHI,2016,1,0.64202,4.47073,0.50319
2016_01_DET_IND,2016,1,0.56780,2.09323,0.47948
2016_01_GB_JAX,2016,1,0.36132,-4.15079,0.47528
2016_01_LA_SF,2016,1,0.40714,-2.69228,0.48317
2016_01_MIA_SEA,2016,1,0.82104,11.41383,0.50221
2016_01_MIN_TEN,2016,1,0.37746,-3.66695,0.46642
2016_01_NE_ARI,2016,1,0.76773,8.93547,0.48537
2016_01_NYG_DAL,2016,1,0.53969,1.29008,0.49147
2016_01_OAK_NO,2016,1,0.60690,3.35630,0.50122
2016_01_PIT_WAS,2016,1,0.41571,-2.41532,0.48793
2016_01_SD_KC,2016,1,0.74994,8.31983,0.51781
2016_01_TB_ATL,2016,1,0.60272,3.21941,0.49887
2016_02_ATL_OAK,2016,2,0.62300,3.80135,0.48306
2016_02_BAL_CLE,2016,2,0.36599,-3.96381,0.48710
2016_02_CIN_PIT,2016,2,0.59600,2.97137,0.48598
2016_02_DAL_WAS,2016,2,0.61996,3.72929,0.49042
2016_02_GB_MIN,2016,2,0.46995,-0.75124,0.49937
2016_02_IND_DEN,2016,2,0.68783,5.99446,0.50360
2016_02_JAX_SD,2016,2,0.61385,3.55615,0.49605
2016_02_KC_HOU,2016,2,0.45131,-1.36749,0.48015
2016_02_MIA_NE,2016,2,0.69557,6.24939,0.49938
2016_02_NO_NYG,2016,2,0.59713,2.97899,0.47751
2016_02_NYJ_BUF,2016,2,0.54966,1.57541,0.48777
2016_02_PHI_CHI,2016,2,0.54416,1.31473,0.45755
2016_02_SEA_LA,2016,2,0.30077,-6.17864,0.47480
2016_02_SF_CAR,2016,2,0.83170,11.90814,0.48490
2016_02_TB_ARI,2016,2,0.74274,7.96390,0.49446
2016_02_TEN_DET,2016,2,0.74746,8.24565,0.52513
2016_03_ARI_BUF,2016,3,0.35311,-4.34372,0.49778
2016_03_ATL_NO,2016,3,0.55082,1.55397,0.47021
2016_03_BAL_JAX,2016,3,0.41146,-2.63961,0.45833
2016_03_CHI_DAL,2016,3,0.73164,7.57369,0.50497
2016_03_CLE_MIA,2016,3,0.78454,9.63443,0.48019
2016_03_DEN_CIN,2016,3,0.58100,2.45766,0.46856
2016_03_DET_GB,2016,3,0.66690,5.18663,0.47249
2016_03_HOU_NE,2016,3,0.52672,0.88229,0.48445
2016_03_LA_TB,2016,3,0.58403,2.55517,0.47023
2016_03_MIN_CAR,2016,3,0.68707,5.90860,0.48490
2016_03_NYJ_KC,2016,3,0.59933,3.07974,0.48785
2016_03_OAK_TEN,2016,3,0.44380,-1.57612,0.48517
2016_03_PIT_PHI,2016,3,0.37877,-3.56517,0.48535
2016_03_SD_IND,2016,3,0.57186,2.28088,0.49992
2016_03_SF_SEA,2016,3,0.80071,10.37553,0.48433
2016_03_WAS_NYG,2016,3,0.60845,3.34911,0.48388
2016_04_BUF_NE,2016,4,0.61332,3.50949,0.48664
2016_04_CAR_ATL,2016,4,0.42928,-1.98020,0.49543
2016_04_CLE_WAS,2016,4,0.73820,7.77910,0.49128
2016_04_DAL_SF,2016,4,0.44235,-1.65113,0.47528
2016_04_DEN_TB,2016,4,0.29155,-6.64097,0.43278
2016_04_DET_CHI,2016,4,0.35412,-4.42506,0.46200
2016_04_IND_JAX,2016,4,0.44535,-1.67232,0.44072
2016_04_KC_PIT,2016,4,0.57841,2.40358,0.47622
2016_04_LA_ARI,2016,4,0.76645,8.82116,0.46622
2016_04_MIA_CIN,2016,4,0.73786,7.76553,0.49105
2016_04_NO_SD,2016,4,0.62953,4.01954,0.48681
2016_04_NYG_MIN,2016,4,0.66546,5.28135,0.51715
2016_04_OAK_BAL,2016,4,0.63355,4.18402,0.49826
2016_04_SEA_NYJ,2016,4,0.43885,-1.76228,0.47337
2016_04_TEN_HOU,2016,4,0.69257,6.22605,0.52480
2016_05_ARI_SF,2016,5,0.41023,-2.53418,0.50311
2016_05_ATL_DEN,2016,5,0.63688,4.29618,0.50019
2016_05_BUF_LA,2016,5,0.44085,-1.61157,0.50178
2016_05_CHI_IND,2016,5,0.63446,4.18563,0.48967
2016_05_CIN_DAL,2016,5,0.45254,-1.24154,0.50815
2016_05_HOU_MIN,2016,5,0.70656,6.63073,0.49734
2016_05_NE_CLE,2016,5,0.19481,-10.41980,0.47925
2016_05_NYG_GB,2016,5,0.76016,8.72335,0.51615
2016_05_NYJ_PIT,2016,5,0.79588,10.17016,0.48941
2016_05_PHI_DET,2016,5,0.35593,-4.33444,0.47213
2016_05_SD_OAK,2016,5,0.62347,3.84587,0.49243
2016_05_TB_CAR,2016,5,0.71692,7.02602,0.50415
2016_05_TEN_MIA,2016,5,0.62402,3.92245,0.51097
2016_05_WAS_BAL,2016,5,0.62663,3.92257,0.48514
2016_06_ATL_SEA,2016,6,0.73154,7.54050,0.49578
2016_06_BAL_NYG,2016,6,0.57527,2.27384,0.46541
2016_06_CAR_NO,2016,6,0.42728,-2.04399,0.49433
2016_06_CIN_NE,2016,6,0.73335,7.58400,0.48792
2016_06_CLE_TEN,2016,6,0.70592,6.51952,0.46962
2016_06_DAL_GB,2016,6,0.64205,4.38469,0.47589
2016_06_DEN_SD,2016,6,0.33024,-5.25580,0.44781
2016_06_IND_HOU,2016,6,0.59633,2.98230,0.48617
2016_06_JAX_CHI,2016,6,0.57751,2.40370,0.48482
2016_06_KC_OAK,2016,6,0.43697,-1.82219,0.47234
2016_06_LA_DET,2016,6,0.59977,3.12328,0.49721
2016_06_NYJ_ARI,2016,6,0.73573,7.67951,0.48957
2016_06_PHI_WAS,2016,6,0.38049,-3.53692,0.47724
2016_06_PIT_MIA,2016,6,0.22433,-9.16881,0.45783
2016_06_SF_BUF,2016,6,0.76843,9.05353,0.51323
2016_07_BAL_NYJ,2016,7,0.53439,1.06495,0.47040
2016_07_BUF_MIA,2016,7,0.37870,-3.62562,0.46713
2016_07_CHI_GB,2016,7,0.74943,8.24044,0.49923
2016_07_CLE_CIN,2016,7,0.82990,11.83727,0.49228
2016_07_HOU_DEN,2016,7,0.77342,9.21629,0.49881
2016_07_IND_TEN,2016,7,0.58337,2.50494,0.46080
2016_07_MIN_PHI,2016,7,0.39530,-3.07779,0.47654
2016_07_NE_PIT,2016,7,0.25467,-7.86410,0.48021
2016_07_NO_KC,2016,7,0.71766,7.05443,0.50464
2016_07_NYG_LA,2016,7,0.42253,-2.16699,0.50082
2016_07_OAK_JAX,2016,7,0.52403,0.76867,0.47390
2016_07_SD_ATL,2016,7,0.68665,5.98063,0.51197
2016_07_SEA_ARI,2016,7,0.53959,1.19974,0.46414
2016_07_TB_SF,2016,7,0.53225,1.05601,0.48744
2016_07_WAS_DET,2016,7,0.50073,0.18429,0.50687
2016_08_ARI_CAR,2016,8,0.59213,2.87489,0.49293
2016_08_DET_HOU,2016,8,0.50655,0.25022,0.47358
2016_08_GB_ATL,2016,8,0.58549,2.63125,0.48013
2016_08_JAX_TEN,2016,8,0.60515,3.26998,0.49112
2016_08_KC_IND,2016,8,0.38542,-3.37369,0.48005
2016_08_MIN_CHI,2016,8,0.26993,-7.36302,0.45451
2016_08_NE_BUF,2016,8,0.32212,-5.39946,0.48821
2016_08_NYJ_CLE,2016,8,0.39412,-3.11657,0.47587
2016_08_OAK_TB,2016,8,0.53022,0.99201,0.48634
2016_08_PHI_DAL,2016,8,0.68156,5.76732,0.49969
2016_08_SD_DEN,2016,8,0.67924,5.77070,0.52556
2016_08_SEA_NO,2016,8,0.41501,-2.52497,0.46029
2016_08_WAS_CIN,2016,8,0.58456,2.60141,0.47962
2016_09_ATL_TB,2016,9,0.33140,-5.12749,0.47568
2016_09_BUF_SEA,2016,9,0.68711,5.93932,0.49404
2016_09_CAR_LA,2016,9,0.43917,-1.63587,0.50997
2016_09_DAL_CLE,2016,9,0.23559,-8.70038,0.45729
2016_09_DEN_OAK,2016,9,0.47967,-0.59169,0.45915
2016_09_DET_MIN,2016,9,0.63373,4.16102,0.48925
2016_09_IND_GB,2016,9,0.74293,7.97187,0.49460
2016_09_JAX_KC,2016,9,0.75782,8.62299,0.51443
2016_09_NO_SF,2016,9,0.36661,-3.88479,0.50568
2016_09_NYJ_MIA,2016,9,0.61694,3.62923,0.48870
2016_09_PHI_NYG,2016,9,0.56742,2.05194,0.47018
2016_09_PIT_BAL,2016,9,0.35245,-4.45322,0.47009
2016_09_TEN_SD,2016,9,0.62529,3.90663,0.49348
2016_10_ATL_PHI,2016,10,0.53750,1.16278,0.47208
2016_10_CHI_TB,2016,10,0.43730,-1.72446,0.49983
2016_10_CIN_NYG,2016,10,0.42916,-2.07119,0.46807
2016_10_CLE_BAL,2016,10,0.74252,7.95494,0.49431
2016_10_DAL_PIT,2016,10,0.54119,1.22112,0.45595
2016_10_DEN_NO,2016,10,0.54278,1.27111,0.45680
2016_10_GB_TEN,2016,10,0.35750,-4.30974,0.46398
2016_10_HOU_JAX,2016,10,0.49515,-0.22311,0.43139
2016_10_KC_CAR,2016,10,0.54437,1.32126,0.45766
2016_10_LA_NYJ,2016,10,0.47397,-0.65413,0.49243
2016_10_MIA_SD,2016,10,0.63209,4.10566,0.48830
2016_10_MIN_WAS,2016,10,0.59573,2.99161,0.49494
2016_10_SEA_NE,2016,10,0.76558,8.92870,0.51108
2016_10_SF_ARI,2016,10,0.87596,14.58585,0.49656
2016_11_ARI_MIN,2016,11,0.57099,2.22415,0.49034
2016_11_BAL_DAL,2016,11,0.76167,8.78830,0.51727
2016_11_BUF_CIN,2016,11,0.55319,1.62899,0.47150
2016_11_CHI_NYG,2016,11,0.74087,7.91678,0.50226
2016_11_GB_WAS,2016,11,0.58465,2.63336,0.48877
2016_11_HOU_OAK,2016,11,0.67458,5.42972,0.46808
2016_11_JAX_DET,2016,11,0.75255,8.48723,0.53786
2016_11_MIA_LA,2016,11,0.52984,0.98015,0.48613
2016_11_NE_SF,2016,11,0.16524,-11.96162,0.46137
2016_11_NO_CAR,2016,11,0.62134,3.77499,0.49121
2016_11_PHI_SEA,2016,11,0.72527,7.32170,0.50063
2016_11_PIT_CLE,2016,11,0.22638,-9.04777,0.46847
2016_11_TB_KC,2016,11,0.76387,8.88345,0.51891
2016_11_TEN_IND,2016,11,0.63113,4.13151,0.50596
2016_12_ARI_ATL,2016,12,0.65811,5.02444,0.51273
2016_12_CAR_OAK,2016,12,0.61712,3.63517,0.48880
2016_12_CIN_BAL,2016,12,0.58897,2.71449,0.47297
2016_12_GB_PHI,2016,12,0.62320,3.80811,0.48317
2016_12_JAX_BUF,2016,12,0.79649,10.28658,0.51724
2016_12_KC_DEN,2016,12,0.62543,3.91129,0.49356
2016_12_LA_NO,2016,12,0.72482,7.24600,0.48211
2016_12_MIN_DET,2016,12,0.55497,1.71438,0.48156
2016_12_NE_NYJ,2016,12,0.22145,-9.21192,0.48283
2016_12_NYG_CLE,2016,12,0.26524,-7.49207,0.46942
2016_12_PIT_IND,2016,12,0.27533,-7.00478,0.50362
2016_12_SD_HOU,2016,12,0.46789,-0.75807,0.51647
2016_12_SEA_TB,2016,12,0.31187,-5.79914,0.47273
2016_12_SF_MIA,2016,12,0.75411,8.46569,0.51172
2016_12_TEN_CHI,2016,12,0.31028,-5.77003,0.49905
2016_12_WAS_DAL,2016,12,0.69960,6.39871,0.50195
2016_13_BUF_OAK,2016,13,0.60717,3.33630,0.49227
2016_13_CAR_SEA,2016,13,0.76181,8.70716,0.49004
2016_13_DAL_MIN,2016,13,0.36282,-4.12922,0.46707
2016_13_DEN_JAX,2016,13,0.31395,-5.81058,0.44687
2016_13_DET_NO,2016,13,0.66600,5.12590,0.46287
2016_13_HOU_GB,2016,13,0.72394,7.24060,0.49062
2016_13_IND_NYJ,2016,13,0.51761,0.59649,0.47953
2016_13_KC_ATL,2016,13,0.60765,3.23565,0.45619
2016_13_LA_NE,2016,13,0.88062,14.98457,0.52065
2016_13_MIA_BAL,2016,13,0.58871,2.70601,0.47282
2016_13_NYG_PIT,2016,13,0.71013,6.70789,0.48145
2016_13_PHI_CIN,2016,13,0.52346,0.77991,0.48269
2016_13_SF_CHI,2016,13,0.50864,0.37372,0.49291
2016_13_TB_SD,2016,13,0.59071,2.77069,0.47393
2016_13_WAS_ARI,2016,13,0.54303,1.30818,0.46600
2016_14_ARI_MIA,2016,14,0.44802,-1.41363,0.49657
2016_14_ATL_LA,2016,14,0.32858,-5.22724,0.47397
2016_14_BAL_NE,2016,14,0.71729,7.04004,0.50439
2016_14_CHI_DET,2016,14,0.76610,8.95119,0.51147
2016_14_CIN_CLE,2016,14,0.28879,-6.71692,0.43996
2016_14_DAL_NYG,2016,14,0.34246,-4.79801,0.46418
2016_14_DEN_TEN,2016,14,0.49817,-0.07028,0.45097
2016_14_HOU_IND,2016,14,0.70379,6.49749,0.48643
2016_14_MIN_JAX,2016,14,0.33312,-5.15383,0.44955
2016_14_NO_TB,2016,14,0.60038,3.17211,0.50666
2016_14_NYJ_SF,2016,14,0.58972,2.76795,0.48248
2016_14_OAK_KC,2016,14,0.64314,4.50884,0.50385
2016_14_PIT_BUF,2016,14,0.44606,-1.53367,0.47730
2016_14_SD_CAR,2016,14,0.58288,2.66357,0.51512
2016_14_SEA_GB,2016,14,0.41191,-2.50877,0.49493
2016_14_WAS_PHI,2016,14,0.44644,-1.49270,0.48660
2016_15_CAR_WAS,2016,15,0.70298,6.43785,0.47681
2016_15_CLE_BUF,2016,15,0.84821,12.95740,0.52877
2016_15_DET_NYG,2016,15,0.57770,2.32260,0.45768
2016_15_GB_CHI,2016,15,0.29861,-6.31742,0.45529
2016_15_IND_MIN,2016,15,0.65431,4.80545,0.48313
2016_15_JAX_HOU,2016,15,0.70095,6.56533,0.53919
2016_15_LA_SEA,2016,15,0.88932,15.53735,0.49573
2016_15_MIA_NYJ,2016,15,0.42116,-2.23992,0.49095
2016_15_NE_DEN,2016,15,0.42110,-2.21283,0.50003
2016_15_NO_ARI,2016,15,0.62469,3.91579,0.50225
2016_15_OAK_SD,2016,15,0.38964,-3.26376,0.47334
2016_15_PHI_BAL,2016,15,0.65793,4.93083,0.48529
2016_15_PIT_CIN,2016,15,0.40925,-2.59473,0.49345
2016_15_SF_ATL,2016,15,0.88566,15.33831,0.51813
2016_15_TB_DAL,2016,15,0.71719,6.97819,0.48610
2016_15_TEN_KC,2016,15,0.74499,8.14353,0.52338
2016_16_ARI_SEA,2016,16,0.77061,9.06245,0.48755
2016_16_ATL_CAR,2016,16,0.40783,-2.64073,0.49266
2016_16_BAL_PIT,2016,16,0.68486,5.85757,0.49263
2016_16_CIN_HOU,2016,16,0.57090,2.16302,0.47209
2016_16_DEN_KC,2016,16,0.62111,3.76733,0.49108
2016_16_DET_DAL,2016,16,0.71619,6.96864,0.49455
2016_16_IND_OAK,2016,16,0.60465,3.22444,0.48173
2016_16_MIA_BUF,2016,16,0.62986,4.00158,0.47790
2016_16_MIN_GB,2016,16,0.70719,6.65456,0.49775
2016_16_NYG_PHI,2016,16,0.54299,1.33574,0.47505
2016_16_NYJ_NE,2016,16,0.92465,18.73478,0.51635
2016_16_SD_CLE,2016,16,0.31890,-5.57337,0.46803
2016_16_SF_LA,2016,16,0.68353,5.78031,0.48270
2016_16_TB_NO,2016,16,0.56872,2.09343,0.47089
2016_16_TEN_JAX,2016,16,0.31870,-5.60963,0.45884
2016_16_WAS_CHI,2016,16,0.37927,-3.57735,0.47655
2016_17_ARI_LA,2016,17,0.25889,-7.72020,0.47409
2016_17_BAL_CIN,2016,17,0.43462,-1.80971,0.49836
2016_17_BUF_NYJ,2016,17,0.40754,-2.62125,0.50161
2016_17_CAR_TB,2016,17,0.59793,3.00511,0.47796
2016_17_CHI_MIN,2016,17,0.71615,6.99611,0.50363
2016_17_CLE_PIT,2016,17,0.72513,7.49044,0.55499
2016_17_DAL_PHI,2016,17,0.65503,4.74318,0.45632
2016_17_GB_DET,2016,17,0.37069,-3.83481,0.48072
2016_17_HOU_TEN,2016,17,0.50856,0.19666,0.43850
2016_17_JAX_IND,2016,17,0.74742,8.27303,0.53419
2016_17_KC_SD,2016,17,0.27121,-7.31211,0.45538
2016_17_NE_MIA,2016,17,0.26129,-7.59358,0.48487
2016_17_NO_ATL,2016,17,0.75011,8.26884,0.49972
2016_17_NYG_WAS,2016,17,0.75798,8.45536,0.45995
2016_17_OAK_DEN,2016,17,0.56656,2.14087,0.50612
2016_17_SEA_SF,2016,17,0.15820,-12.30970,0.47255
2016_18_DET_SEA,2016,18,0.74942,8.21102,0.49011
2016_18_MIA_PIT,2016,18,0.79938,10.28141,0.47412
2016_18_NYG_GB,2016,18,0.69015,6.07905,0.50506
2016_18_OAK_HOU,2016,18,0.61620,3.57554,0.47917
2016_19_GB_DAL,2016,19,0.66662,5.20606,0.48142
2016_19_HOU_NE,2016,19,0.90852,17.13716,0.50606
2016_19_PIT_KC,2016,19,0.62362,3.90906,0.51074
2016_19_SEA_ATL,2016,19,0.71368,6.87219,0.49288
2016_20_GB_ATL,2016,20,0.66481,5.08410,0.46216
2016_20_PIT_NE,2016,20,0.69043,6.06027,0.49612
2016_21_NE_ATL,2016,21,0.38693,-3.32395,0.48090
2017_01_ARI_DET,2017,1,0.43786,-1.77357,0.49999
2017_01_ATL_CHI,2017,1,0.25814,-7.68491,0.46500
2017_01_BAL_CIN,2017,1,0.58231,2.55787,0.48773
2017_01_CAR_SF,2017,1,0.35879,-4.21030,0.49198
2017_01_IND_LA,2017,1,0.57656,2.41693,0.46685
2017_01_JAX_HOU,2017,1,0.69904,6.31579,0.50163
2017_01_KC_NE,2017,1,0.73441,7.64233,0.48012
2017_01_LAC_DEN,2017,1,0.66442,5.09516,0.52507
2017_01_NO_MIN,2017,1,0.61772,3.63404,0.49830
2017_01_NYG_DAL,2017,1,0.69549,6.20932,0.49051
2017_01_NYJ_BUF,2017,1,0.71043,6.75295,0.48215
2017_01_OAK_TEN,2017,1,0.55146,1.65364,0.47118
2017_01_PHI_WAS,2017,1,0.45167,-1.35680,0.49846
2017_01_PIT_CLE,2017,1,0.18675,-10.77513,0.47248
2017_01_SEA_GB,2017,1,0.60560,3.25238,0.50047
2017_02_ARI_IND,2017,2,0.32818,-5.25917,0.51858
2017_02_BUF_CAR,2017,2,0.67378,5.50041,0.46838
2017_02_CHI_TB,2017,2,0.76146,8.64639,0.51686
2017_02_CLE_BAL,2017,2,0.77741,9.30753,0.51981
2017_02_DAL_DEN,2017,2,0.45075,-1.39795,0.50688
2017_02_DET_NYG,2017,2,0.59123,2.83671,0.48368
2017_02_GB_ATL,2017,2,0.61886,3.68301,0.49003
2017_02_HOU_CIN,2017,2,0.63979,4.38631,0.46630
2017_02_MIA_LAC,2017,2,0.56089,1.95732,0.45847
2017_02_MIN_PIT,2017,2,0.75317,8.36502,0.48420
2017_02_NE_NO,2017,2,0.31510,-5.64728,0.48397
2017_02_NYJ_OAK,2017,2,0.86461,13.83572,0.48366
2017_02_PHI_KC,2017,2,0.67311,5.40640,0.51246
2017_02_SF_SEA,2017,2,0.86691,13.96390,0.49518
2017_02_TEN_JAX,2017,2,0.48042,-0.49674,0.49590
2017_02_WAS_LA,2017,2,0.60916,3.37427,0.49353
2017_03_ATL_DET,2017,3,0.38324,-3.41333,0.47910
2017_03_BAL_JAX,2017,3,0.32533,-5.23716,0.44585
2017_03_CIN_GB,2017,3,0.75844,8.52714,0.51467
2017_03_CLE_IND,2017,3,0.60905,3.31335,0.52906
2017_03_DAL_ARI,2017,3,0.43740,-1.80131,0.50865
2017_03_DEN_BUF,2017,3,0.37913,-3.55294,0.48570
2017_03_HOU_NE,2017,3,0.86482,13.83431,0.49280
2017_03_KC_LAC,2017,3,0.32629,-5.20553,0.44643
2017_03_LA_SF,2017,3,0.37223,-3.75000,0.47294
2017_03_MIA_NYJ,2017,3,0.34347,-4.72276,0.50092
2017_03_NO_CAR,2017,3,0.69476,6.17020,0.49896
2017_03_NYG_PHI,2017,3,0.68311,5.76454,0.50069
2017_03_OAK_WAS,2017,3,0.37588,-3.65232,0.48388
2017_03_PIT_CHI,2017,3,0.23867,-8.44959,0.46017
2017_03_SEA_TEN,2017,3,0.54894,1.56604,0.47872
2017_03_TB_MIN,2017,3,0.50323,0.18864,0.49013
2017_04_BUF_ATL,2017,4,0.75132,8.27938,0.49179
2017_04_CAR_NE,2017,4,0.80060,10.35333,0.51149
2017_04_CHI_GB,2017,4,0.77751,9.31165,0.51988
2017_04_CIN_CLE,2017,4,0.38294,-3.42225,0.47894
2017_04_DET_MIN,2017,4,0.59364,2.89424,0.49390
2017_04_IND_SEA,2017,4,0.82118,11.42035,0.46692
2017_04_JAX_NYJ,2017,4,0.41761,-2.41174,0.51579
2017_04_LA_DAL,2017,4,0.68430,5.80443,0.50142
2017_04_NO_MIA,2017,4,0.36882,-3.88414,0.48879
2017_04_NYG_TB,2017,4,0.58987,2.78198,0.49184
2017_04_OAK_DEN,2017,4,0.62716,3.93743,0.49469
2017_04_PHI_LAC,2017,4,0.48036,-0.42642,0.45149
2017_04_PIT_BAL,2017,4,0.38102,-3.49513,0.48676
2017_04_SF_ARI,2017,4,0.75417,8.34594,0.52051
2017_04_TEN_HOU,2017,4,0.45950,-1.14423,0.51153
2017_04_WAS_KC,2017,4,0.74251,7.90081,0.51236
2017_05_ARI_PHI,2017,5,0.70896,6.67270,0.49900
2017_05_BAL_OAK,2017,5,0.62086,3.72966,0.50005
2017_05_BUF_CIN,2017,5,0.54384,1.44679,0.45828
2017_05_CAR_DET,2017,5,0.55562,1.76028,0.48228
2017_05_GB_DAL,2017,5,0.55907,1.87519,0.47523
2017_05_JAX_PIT,2017,5,0.75928,8.57453,0.50637
2017_05_KC_HOU,2017,5,0.40349,-2.77394,0.47250
2017_05_LAC_NYG,2017,5,0.64262,4.40273,0.51239
2017_05_MIN_CHI,2017,5,0.34796,-4.52228,0.46796
2017_05_NE_TB,2017,5,0.35087,-4.43036,0.46964
2017_05_NYJ_CLE,2017,5,0.38268,-3.38699,0.45221
2017_05_SEA_LA,2017,5,0.53776,1.24175,0.47279
2017_05_SF_IND,2017,5,0.56776,2.02843,0.54211
2017_05_TEN_MIA,2017,5,0.54328,1.34398,0.51131
2017_06_CHI_BAL,2017,6,0.71051,6.71245,0.50890
2017_06_CLE_HOU,2017,6,0.81175,10.82371,0.54748
2017_06_DET_NO,2017,6,0.70173,6.42254,0.49442
2017_06_GB_MIN,2017,6,0.38720,-3.29288,0.48131
2017_06_IND_TEN,2017,6,0.69350,6.17060,0.47149
2017_06_LAC_OAK,2017,6,0.62009,3.70619,0.49962
2017_06_LA_JAX,2017,6,0.55763,1.79020,0.50116
2017_06_MIA_ATL,2017,6,0.86859,14.08348,0.48820
2017_06_NE_NYJ,2017,6,0.21771,-9.36376,0.48001
2017_06_NYG_DEN,2017,6,0.87006,14.17627,0.48990
2017_06_PHI_CAR,2017,6,0.57678,2.40878,0.47584
2017_06_PIT_KC,2017,6,0.71087,6.66743,0.54464
2017_06_SF_WAS,2017,6,0.86489,13.79513,0.51958
2017_06_TB_ARI,2017,6,0.46901,-0.86914,0.51657
2017_07_ARI_LA,2017,7,0.55713,1.83311,0.46532
2017_07_ATL_NE,2017,7,0.65685,4.85230,0.52063
2017_07_BAL_MIN,2017,7,0.68838,5.94068,0.50392
2017_07_CAR_CHI,2017,7,0.36596,-3.92927,0.46054
2017_07_CIN_PIT,2017,7,0.62532,3.89512,0.48475
2017_07_DAL_SF,2017,7,0.23164,-8.71636,0.44623
2017_07_DEN_LAC,2017,7,0.45017,-1.37155,0.47987
2017_07_JAX_IND,2017,7,0.43257,-1.94278,0.50606
2017_07_KC_OAK,2017,7,0.33718,-4.85235,0.45284
2017_07_NO_GB,2017,7,0.40963,-2.63394,0.50255
2017_07_NYJ_MIA,2017,7,0.59483,2.94406,0.48565
2017_07_SEA_NYG,2017,7,0.36206,-4.09380,0.48495
2017_07_TB_BUF,2017,7,0.65284,4.72468,0.51829
2017_07_TEN_CLE,2017,7,0.26922,-7.24556,0.45478
2017_07_WAS_PHI,2017,7,0.67312,5.43541,0.49465
2017_08_ATL_NYJ,2017,8,0.32156,-5.46196,0.50570
2017_08_CAR_TB,2017,8,0.55175,1.63313,0.48911
2017_08_CHI_NO,2017,8,0.76442,8.77855,0.51011
2017_08_DAL_WAS,2017,8,0.42593,-2.13768,0.50248
2017_08_DEN_KC,2017,8,0.77284,9.10473,0.52525
2017_08_HOU_SEA,2017,8,0.67155,5.41292,0.47592
2017_08_IND_CIN,2017,8,0.78836,9.87202,0.46603
2017_08_LAC_NE,2017,8,0.77839,9.31969,0.53830
2017_08_MIA_BAL,2017,8,0.55204,1.68488,0.46262
2017_08_MIN_CLE,2017,8,0.14042,-13.25350,0.44556
2017_08_OAK_BUF,2017,8,0.61101,3.41585,0.50346
2017_08_PIT_DET,2017,8,0.40904,-2.63722,0.49332
2017_08_SF_PHI,2017,8,0.90561,16.73468,0.55494
2017_09_ARI_SF,2017,9,0.34094,-4.71707,0.44622
2017_09_ATL_CAR,2017,9,0.42166,-2.26353,0.50017
2017_09_BAL_TEN,2017,9,0.62780,3.94244,0.50395
2017_09_BUF_NYJ,2017,9,0.38367,-3.40015,0.47934
2017_09_CIN_JAX,2017,9,0.70388,6.49671,0.49578
2017_09_DEN_PHI,2017,9,0.76135,8.64171,0.51677
2017_09_DET_GB,2017,9,0.48379,-0.44296,0.52437
2017_09_IND_HOU,2017,9,0.67283,5.45474,0.47669
2017_09_KC_DAL,2017,9,0.51427,0.56403,0.46042
2017_09_LA_NYG,2017,9,0.35152,-4.46727,0.50561
2017_09_OAK_MIA,2017,9,0.43686,-1.81719,0.50836
2017_09_TB_NO,2017,9,0.74532,8.02136,0.50540
2017_09_WAS_SEA,2017,9,0.77763,9.33129,0.51108
2017_10_CIN_TEN,2017,10,0.64242,4.43967,0.48557
2017_10_CLE_DET,2017,10,0.84035,12.34425,0.52048
2017_10_DAL_ATL,2017,10,0.55726,1.85144,0.45654
2017_10_GB_CHI,2017,10,0.62930,4.03206,0.47810
2017_10_HOU_LA,2017,10,0.85348,13.11652,0.50714
2017_10_LAC_JAX,2017,10,0.65940,4.99148,0.48652
2017_10_MIA_CAR,2017,10,0.73985,7.84415,0.48382
2017_10_MIN_WAS,2017,10,0.42934,-1.97986,0.46874
2017_10_NE_DEN,2017,10,0.22851,-8.85796,0.45274
2017_10_NO_BUF,2017,10,0.44752,-1.47733,0.49625
2017_10_NYG_SF,2017,10,0.35761,-4.20388,0.46465
2017_10_NYJ_TB,2017,10,0.49169,-0.11451,0.46628
2017_10_PIT_IND,2017,10,0.17993,-11.11717,0.47537
2017_10_SEA_ARI,2017,10,0.29379,-6.38551,0.47961
2017_11_ARI_HOU,2017,11,0.55207,1.67131,0.47150
2017_11_ATL_SEA,2017,11,0.57784,2.38247,0.51202
2017_11_BAL_GB,2017,11,0.43555,-1.84104,0.49875
2017_11_BUF_LAC,2017,11,0.70907,6.70530,0.48127
2017_11_CIN_DEN,2017,11,0.59247,2.85912,0.49325
2017_11_DET_CHI,2017,11,0.36203,-4.06580,0.46717
2017_11_JAX_CLE,2017,11,0.21614,-9.38683,0.45221
2017_11_KC_NYG,2017,11,0.17609,-11.29143,0.46305
2017_11_LA_MIN,2017,11,0.54184,1.33107,0.49274
2017_11_NE_OAK,2017,11,0.25598,-7.78047,0.47238
2017_11_PHI_DAL,2017,11,0.31497,-5.66585,0.49280
2017_11_TB_MIA,2017,11,0.51989,0.63956,0.51673
2017_11_TEN_PIT,2017,11,0.73884,7.77781,0.50093
2017_11_WAS_NO,2017,11,0.79615,10.16901,0.49894
2017_12_BUF_KC,2017,12,0.77905,9.40458,0.50326
2017_12_CAR_NYJ,2017,12,0.32615,-5.28213,0.49066
2017_12_CHI_PHI,2017,12,0.89087,15.60162,0.51604
2017_12_CLE_CIN,2017,12,0.79684,10.14204,0.53506
2017_12_DEN_OAK,2017,12,0.64045,4.34930,0.50224
2017_12_GB_PIT,2017,12,0.87723,14.64386,0.49848
2017_12_HOU_BAL,2017,12,0.73969,7.82398,0.49261
2017_12_JAX_ARI,2017,12,0.30904,-5.87911,0.49805
2017_12_LAC_DAL,2017,12,0.51753,0.57137,0.51548
2017_12_MIA_NE,2017,12,0.93082,19.28277,0.52850
2017_12_MIN_DET,2017,12,0.42427,-2.17219,0.49268
2017_12_NO_LA,2017,12,0.55632,1.79501,0.47376
2017_12_NYG_WAS,2017,12,0.70469,6.55319,0.47849
2017_12_SEA_SF,2017,12,0.23970,-8.40888,0.46091
2017_12_TB_ATL,2017,12,0.81343,10.98952,0.49565
2017_12_TEN_IND,2017,12,0.43500,-1.87142,0.50736
2017_13_CAR_NO,2017,13,0.66013,5.02948,0.47805
2017_13_CLE_LAC,2017,13,0.89590,15.96736,0.53187
2017_13_DEN_MIA,2017,13,0.48992,-0.22316,0.50091
2017_13_DET_BAL,2017,13,0.56040,1.91413,0.47594
2017_13_HOU_TEN,2017,13,0.71608,6.95147,0.48578
2017_13_IND_JAX,2017,13,0.79552,10.15554,0.48952
2017_13_KC_NYJ,2017,13,0.36668,-3.93585,0.47869
2017_13_LA_ARI,2017,13,0.25758,-7.73462,0.48237
2017_13_MIN_ATL,2017,13,0.55682,1.79531,0.48292
2017_13_NE_BUF,2017,13,0.23440,-8.63391,0.46593
2017_13_NYG_OAK,2017,13,0.79118,9.96510,0.48603
2017_13_PHI_SEA,2017,13,0.40686,-2.71668,0.50103
2017_13_PIT_CIN,2017,13,0.31184,-5.72732,0.46422
2017_13_SF_CHI,2017,13,0.60766,3.31468,0.50161
2017_13_TB_GB,2017,13,0.59528,2.95738,0.48589
2017_13_WAS_DAL,2017,13,0.47585,-0.64299,0.50238
2017_14_BAL_PIT,2017,14,0.71913,7.03089,0.50557
2017_14_CHI_CIN,2017,14,0.71188,6.77474,0.50088
2017_14_DAL_NYG,2017,14,0.37884,-3.57631,0.49444
2017_14_DET_TB,2017,14,0.47394,-0.65484,0.47468
2017_14_GB_CLE,2017,14,0.33777,-4.81900,0.44437
2017_14_IND_BUF,2017,14,0.60113,3.14698,0.48020
2017_14_MIN_CAR,2017,14,0.41132,-2.55512,0.48566
2017_14_NE_MIA,2017,14,0.16861,-11.66878,0.45618
2017_14_NO_ATL,2017,14,0.56866,2.15580,0.48037
2017_14_NYJ_DEN,2017,14,0.44057,-1.65106,0.47475
2017_14_OAK_KC,2017,14,0.66252,5.07741,0.49726
2017_14_PHI_LA,2017,14,0.47932,-0.52831,0.49532
2017_14_SEA_JAX,2017,14,0.54945,1.60970,0.46125
2017_14_SF_HOU,2017,14,0.58351,2.55007,0.51509
2017_14_TEN_ARI,2017,14,0.40746,-2.66990,0.48356
2017_14_WAS_LAC,2017,14,0.72324,7.17818,0.50827
2017_15_ARI_WAS,2017,15,0.63592,4.22251,0.49075
2017_15_ATL_TB,2017,15,0.26457,-7.45973,0.47825
2017_15_BAL_CLE,2017,15,0.22077,-9.16321,0.43815
2017_15_CHI_DET,2017,15,0.68532,5.83823,0.50204
2017_15_CIN_MIN,2017,15,0.85466,13.19911,0.49949
2017_15_DAL_OAK,2017,15,0.42840,-2.06499,0.50382
2017_15_DEN_IND,2017,15,0.41092,-2.58136,0.49435
2017_15_GB_CAR,2017,15,0.60670,3.29993,0.49217
2017_15_HOU_JAX,2017,15,0.81560,11.09263,0.49754
2017_15_LAC_KC,2017,15,0.55656,1.75894,0.50059
2017_15_LA_SEA,2017,15,0.52386,0.75391,0.51882
2017_15_MIA_BUF,2017,15,0.61880,3.68118,0.48999
2017_15_NE_PIT,2017,15,0.45398,-1.30408,0.50860
2017_15_NYJ_NO,2017,15,0.90532,16.81092,0.49237
2017_15_PHI_NYG,2017,15,0.25783,-7.72514,0.48255
2017_15_TEN_SF,2017,15,0.56165,1.95049,0.47661
2017_16_ATL_NO,2017,16,0.64879,4.66872,0.47145
2017_16_BUF_NE,2017,16,0.83061,11.84931,0.50224
2017_16_CLE_CHI,2017,16,0.75055,8.17769,0.53571
2017_16_DEN_WAS,2017,16,0.58472,2.64332,0.48014
2017_16_DET_CIN,2017,16,0.35883,-4.16575,0.46534
2017_16_IND_BAL,2017,16,0.87153,14.25591,0.50053
2017_16_JAX_SF,2017,16,0.34792,-4.53807,0.47682
2017_16_LAC_NYJ,2017,16,0.26705,-7.38251,0.48882
2017_16_LA_TEN,2017,16,0.31824,-5.54272,0.48589
2017_16_MIA_KC,2017,16,0.82162,11.39907,0.49399
2017_16_MIN_GB,2017,16,0.24498,-8.24526,0.49134
2017_16_NYG_ARI,2017,16,0.63212,4.07577,0.50640
2017_16_OAK_PHI,2017,16,0.79484,10.12558,0.48897
2017_16_PIT_HOU,2017,16,0.20172,-10.02894,0.44963
2017_16_SEA_DAL,2017,16,0.63014,4.05802,0.47858
2017_16_TB_CAR,2017,16,0.81306,10.95751,0.50423
2017_17_ARI_SEA,2017,17,0.76664,8.88181,0.50284
2017_17_BUF_MIA,2017,17,0.42189,-2.24223,0.49140
2017_17_CAR_ATL,2017,17,0.63459,4.20993,0.47221
2017_17_CHI_MIN,2017,17,0.86482,13.83405,0.49279
2017_17_CIN_BAL,2017,17,0.77584,9.25689,0.50972
2017_17_CLE_PIT,2017,17,0.80442,10.41150,0.58508
2017_17_DAL_PHI,2017,17,0.48126,-0.54469,0.54078
2017_17_GB_DET,2017,17,0.72432,7.26027,0.48228
2017_17_HOU_IND,2017,17,0.65683,4.92396,0.47612
2017_17_JAX_TEN,2017,17,0.52026,0.75110,0.45472
2017_17_KC_DEN,2017,17,0.53573,1.21195,0.45401
2017_17_NO_TB,2017,17,0.27899,-6.90680,0.47007
2017_17_NYJ_NE,2017,17,0.92892,19.07241,0.52465
2017_17_OAK_LAC,2017,17,0.72813,7.38352,0.49370
2017_17_SF_LA,2017,17,0.39987,-3.01189,0.55046
2017_17_WAS_NYG,2017,17,0.33177,-5.08482,0.48512
2017_18_ATL_LA,2017,18,0.66956,5.36250,0.46586
2017_18_BUF_JAX,2017,18,0.71754,7.04665,0.46010
2017_18_CAR_NO,2017,18,0.68750,5.95443,0.47668
2017_18_TEN_KC,2017,18,0.78559,9.68116,0.50833
2017_19_ATL_PHI,2017,19,0.43425,-1.87900,0.49806
2017_19_JAX_PIT,2017,19,0.77616,9.24120,0.52774
2017_19_NO_MIN,2017,19,0.69093,6.04056,0.49658
2017_19_TEN_NE,2017,19,0.88357,15.06267,0.51532
2017_20_JAX_NE,2017,20,0.76215,8.68816,0.50846
2017_20_MIN_PHI,2017,20,0.41002,-2.60810,0.49386
2017_21_PHI_NE,2017,21,0.62486,3.89547,0.47560
2018_01_ATL_PHI,2018,1,0.57793,2.29284,0.51483
2018_01_BUF_BAL,2018,1,0.74032,7.74169,0.49360
2018_01_CHI_GB,2018,1,0.70130,6.37282,0.48615
2018_01_CIN_IND,2018,1,0.47889,-0.51338,0.49855
2018_01_DAL_CAR,2018,1,0.59790,2.98403,0.49850
2018_01_HOU_NE,2018,1,0.72681,7.13774,0.51170
2018_01_JAX_NYG,2018,1,0.38265,-3.23662,0.47386
2018_01_KC_LAC,2018,1,0.62654,3.87356,0.49626
2018_01_LA_OAK,2018,1,0.31642,-5.49880,0.49884
2018_01_NYJ_DET,2018,1,0.73309,7.44752,0.49776
2018_01_PIT_CLE,2018,1,0.30873,-5.47747,0.44895
2018_01_SEA_DEN,2018,1,0.58424,2.66625,0.48198
2018_01_SF_MIN,2018,1,0.70024,6.28893,0.49456
2018_01_TB_NO,2018,1,0.79494,10.00263,0.48877
2018_01_TEN_MIA,2018,1,0.47881,-0.51551,0.49851
2018_01_WAS_ARI,2018,1,0.58837,2.67522,0.50236
2018_02_ARI_LA,2018,2,0.85164,12.92123,0.47704
2018_02_BAL_CIN,2018,2,0.50483,0.36798,0.47597
2018_02_CAR_ATL,2018,2,0.64651,4.64099,0.47140
2018_02_CLE_NO,2018,2,0.82362,11.21679,0.51329
2018_02_DET_SF,2018,2,0.68331,5.77068,0.48409
2018_02_HOU_TEN,2018,2,0.39868,-2.89922,0.50085
2018_02_IND_WAS,2018,2,0.70509,6.44030,0.49761
2018_02_KC_PIT,2018,2,0.64476,4.48910,0.48850
2018_02_LAC_BUF,2018,2,0.29719,-6.24226,0.51412
2018_02_MIA_NYJ,2018,2,0.59354,2.91683,0.48704
2018_02_MIN_GB,2018,2,0.43302,-1.82322,0.49229
2018_02_NE_JAX,2018,2,0.42108,-2.14164,0.48586
2018_02_NYG_DAL,2018,2,0.65194,4.54157,0.51985
2018_02_OAK_DEN,2018,2,0.70128,6.27024,0.50428
2018_02_PHI_TB,2018,2,0.39138,-3.04738,0.48776
2018_02_SEA_CHI,2018,2,0.61438,3.68969,0.46232
2018_03_BUF_MIN,2018,3,0.89616,15.88867,0.47639
2018_03_CHI_ARI,2018,3,0.34058,-4.78386,0.51328
2018_03_CIN_CAR,2018,3,0.58894,2.74149,0.49360
2018_03_DAL_SEA,2018,3,0.53955,1.27652,0.49430
2018_03_DEN_BAL,2018,3,0.67306,5.41328,0.48697
2018_03_GB_WAS,2018,3,0.43532,-1.81303,0.50260
2018_03_IND_PHI,2018,3,0.75758,8.23901,0.52383
2018_03_LAC_LA,2018,3,0.71537,6.91941,0.47701
2018_03_NE_DET,2018,3,0.26746,-7.14936,0.48571
2018_03_NO_ATL,2018,3,0.56442,1.98405,0.49850
2018_03_NYG_HOU,2018,3,0.71675,6.86187,0.49603
2018_03_NYJ_CLE,2018,3,0.55003,1.75648,0.46366
2018_03_OAK_MIA,2018,3,0.63540,4.07090,0.51035
2018_03_PIT_TB,2018,3,0.52766,0.96483,0.48801
2018_03_SF_KC,2018,3,0.74636,7.79543,0.52497
2018_03_TEN_JAX,2018,3,0.81049,10.64339,0.50172
2018_04_BAL_PIT,2018,4,0.61645,3.54257,0.49968
2018_04_BUF_GB,2018,4,0.71693,7.07150,0.45995
2018_04_CIN_ATL,2018,4,0.63347,4.06763,0.50018
2018_04_CLE_OAK,2018,4,0.63387,3.97666,0.51854
2018_04_DET_DAL,2018,4,0.58053,2.51562,0.48904
2018_04_HOU_IND,2018,4,0.48652,-0.31394,0.50258
2018_04_KC_DEN,2018,4,0.33367,-4.73068,0.46392
2018_04_MIA_NE,2018,4,0.69971,6.32349,0.48516
2018_04_MIN_LA,2018,4,0.75199,8.14413,0.50173
2018_04_NO_NYG,2018,4,0.34967,-4.26645,0.47326
2018_04_NYJ_JAX,2018,4,0.75466,8.23777,0.50362
2018_04_PHI_TEN,2018,4,0.36092,-3.89476,0.47068
2018_04_SEA_ARI,2018,4,0.37448,-3.56517,0.48740
2018_04_SF_LAC,2018,4,0.80488,10.40795,0.49696
2018_04_TB_CHI,2018,4,0.56116,2.05050,0.46958
2018_05_ARI_SF,2018,5,0.58562,2.70320,0.48273
2018_05_ATL_PIT,2018,5,0.59855,3.10353,0.48072
2018_05_BAL_CLE,2018,5,0.30606,-5.50809,0.43837
2018_05_DAL_HOU,2018,5,0.59385,2.97612,0.47815
2018_05_DEN_NYJ,2018,5,0.46464,-0.88664,0.49101
2018_05_GB_DET,2018,5,0.53776,1.22942,0.49335
2018_05_IND_NE,2018,5,0.81537,10.90405,0.49688
2018_05_JAX_KC,2018,5,0.64293,4.28395,0.51465
2018_05_LA_SEA,2018,5,0.26792,-7.18504,0.49508
2018_05_MIA_CIN,2018,5,0.70493,6.43551,0.49752
2018_05_MIN_PHI,2018,5,0.65051,4.55151,0.50996
2018_05_NYG_CAR,2018,5,0.76647,8.60990,0.52123
2018_05_OAK_LAC,2018,5,0.69579,6.10019,0.50084
2018_05_TEN_BUF,2018,5,0.32600,-5.21225,0.50463
2018_05_WAS_NO,2018,5,0.68019,5.62581,0.49126
2018_06_ARI_MIN,2018,6,0.80105,10.24999,0.49377
2018_06_BAL_TEN,2018,6,0.42038,-2.21129,0.49455
2018_06_BUF_HOU,2018,6,0.78003,9.47202,0.46800
2018_06_CAR_WAS,2018,6,0.44105,-1.50796,0.47847
2018_06_CHI_MIA,2018,6,0.26294,-7.35175,0.49171
2018_06_IND_NYJ,2018,6,0.58766,2.70701,0.49290
2018_06_JAX_DAL,2018,6,0.41174,-2.49440,0.49893
2018_06_KC_NE,2018,6,0.58021,2.66015,0.46173
2018_06_LAC_CLE,2018,6,0.45058,-1.05225,0.44746
2018_06_LA_DEN,2018,6,0.24660,-7.86250,0.47133
2018_06_PHI_NYG,2018,6,0.38565,-3.05182,0.45747
2018_06_PIT_CIN,2018,6,0.51917,0.74259,0.48352
2018_06_SEA_OAK,2018,6,0.35459,-4.07465,0.46706
2018_06_SF_GB,2018,6,0.78571,9.53698,0.49957
2018_06_TB_ATL,2018,6,0.61524,3.50923,0.49900
2018_07_BUF_IND,2018,7,0.67539,5.63545,0.46123
2018_07_CAR_PHI,2018,7,0.68218,5.63464,0.50154
2018_07_CIN_KC,2018,7,0.73848,7.57751,0.51048
2018_07_CLE_TB,2018,7,0.68036,5.42669,0.52761
2018_07_DAL_WAS,2018,7,0.45472,-1.19822,0.49481
2018_07_DEN_ARI,2018,7,0.47020,-0.74078,0.49395
2018_07_DET_MIA,2018,7,0.39924,-2.83272,0.49210
2018_07_HOU_JAX,2018,7,0.64216,4.36413,0.49607
2018_07_LA_SF,2018,7,0.21415,-9.16046,0.46533
2018_07_MIN_NYJ,2018,7,0.39364,-3.03645,0.49808
2018_07_NE_CHI,2018,7,0.45860,-1.04537,0.48780
2018_07_NO_BAL,2018,7,0.54262,1.51032,0.46877
2018_07_NYG_ATL,2018,7,0.71204,6.50686,0.52922
2018_07_TEN_LAC,2018,7,0.68814,5.96783,0.47798
2018_08_BAL_CAR,2018,8,0.44026,-1.68218,0.50524
2018_08_CLE_PIT,2018,8,0.84548,12.09849,0.56110
2018_08_DEN_KC,2018,8,0.80884,10.42080,0.52749
2018_08_GB_LA,2018,8,0.74799,8.00484,0.49892
2018_08_IND_OAK,2018,8,0.42928,-2.07570,0.51748
2018_08_MIA_HOU,2018,8,0.70605,6.62363,0.47105
2018_08_NE_BUF,2018,8,0.12970,-13.65997,0.48549
2018_08_NO_MIN,2018,8,0.41763,-2.28501,0.49306
2018_08_NYJ_CHI,2018,8,0.76967,8.88016,0.49640
2018_08_PHI_JAX,2018,8,0.30091,-5.76939,0.45312
2018_08_SEA_DET,2018,8,0.57708,2.47413,0.47811
2018_08_SF_ARI,2018,8,0.43159,-1.91206,0.50059
2018_08_TB_CIN,2018,8,0.62932,3.95118,0.49783
2018_08_WAS_NYG,2018,8,0.44231,-1.47471,0.47914
2018_09_ATL_WAS,2018,9,0.49418,0.14100,0.46134
2018_09_CHI_BUF,2018,9,0.18660,-10.53921,0.48793
2018_09_DET_MIN,2018,9,0.64653,4.53962,0.48952
2018_09_GB_NE,2018,9,0.70896,6.46044,0.51821
2018_09_HOU_DEN,2018,9,0.51957,0.75300,0.48373
2018_09_KC_CLE,2018,9,0.17714,-10.64809,0.42568
2018_09_LAC_SEA,2018,9,0.53103,1.05304,0.48979
2018_09_LA_NO,2018,9,0.45428,-1.31183,0.51272
2018_09_NYJ_MIA,2018,9,0.61585,3.52601,0.49934
2018_09_OAK_SF,2018,9,0.46153,-1.01941,0.49843
2018_09_PIT_BAL,2018,9,0.52636,0.98173,0.47826
2018_09_TB_CAR,2018,9,0.72545,7.09288,0.51079
2018_09_TEN_DAL,2018,9,0.65113,4.67133,0.49218
2018_10_ARI_KC,2018,10,0.92255,17.99164,0.51884
2018_10_ATL_CLE,2018,10,0.24304,-7.83516,0.44181
2018_10_BUF_NYJ,2018,10,0.69230,6.09489,0.48055
2018_10_CAR_PIT,2018,10,0.61946,3.67674,0.49229
2018_10_DAL_PHI,2018,10,0.78222,9.24956,0.52404
2018_10_DET_CHI,2018,10,0.73073,7.42006,0.48711
2018_10_JAX_IND,2018,10,0.60797,3.30945,0.49497
2018_10_LAC_OAK,2018,10,0.17371,-11.10892,0.47644
2018_10_MIA_GB,2018,10,0.82632,11.64505,0.46143
2018_10_NE_TEN,2018,10,0.30567,-5.82639,0.49223
2018_10_NO_CIN,2018,10,0.32422,-5.21415,0.49449
2018_10_NYG_SF,2018,10,0.60619,3.26090,0.49399
2018_10_SEA_LA,2018,10,0.78645,9.66789,0.48202
2018_10_WAS_TB,2018,10,0.59891,3.11335,0.48092
2018_11_CAR_DET,2018,11,0.34829,-4.35698,0.48152
2018_11_CIN_BAL,2018,11,0.71021,6.65279,0.49181
2018_11_DAL_ATL,2018,11,0.62778,3.90805,0.49696
2018_11_DEN_LAC,2018,11,0.73878,7.68971,0.49255
2018_11_GB_SEA,2018,11,0.62771,3.85529,0.50600
2018_11_HOU_WAS,2018,11,0.40695,-2.62371,0.49632
2018_11_KC_LA,2018,11,0.56859,2.24782,0.47355
2018_11_MIN_CHI,2018,11,0.56700,2.15440,0.48175
2018_11_OAK_ARI,2018,11,0.64761,4.57042,0.49014
2018_11_PHI_NO,2018,11,0.74607,7.88745,0.50664
2018_11_PIT_JAX,2018,11,0.30572,-5.62085,0.45609
2018_11_TB_NYG,2018,11,0.58403,2.66052,0.48187
2018_11_TEN_IND,2018,11,0.53477,1.25314,0.47366
2018_12_ARI_LAC,2018,12,0.88750,15.04694,0.50987
2018_12_ATL_NO,2018,12,0.84654,12.45758,0.50806
2018_12_CHI_DET,2018,12,0.42403,-2.16462,0.50559
2018_12_CLE_CIN,2018,12,0.50959,0.28827,0.51474
2018_12_GB_MIN,2018,12,0.64094,4.32956,0.49538
2018_12_JAX_BUF,2018,12,0.44890,-1.50476,0.51891
2018_12_MIA_IND,2018,12,0.77051,8.96245,0.48796
2018_12_NE_NYJ,2018,12,0.14086,-12.98638,0.48900
2018_12_NYG_PHI,2018,12,0.68635,5.70943,0.51315
2018_12_OAK_BAL,2018,12,0.86315,13.48495,0.49851
2018_12_PIT_DEN,2018,12,0.34303,-4.40674,0.46039
2018_12_SEA_CAR,2018,12,0.61748,3.57107,0.50025
2018_12_SF_TB,2018,12,0.53455,1.19631,0.48259
2018_12_TEN_HOU,2018,12,0.60922,3.39477,0.48660
2018_12_WAS_DAL,2018,12,0.73954,7.66449,0.50214
2018_13_ARI_GB,2018,13,0.86188,13.46613,0.48804
2018_13_BAL_ATL,2018,13,0.58666,2.68010,0.49236
2018_13_BUF_MIA,2018,13,0.59396,2.97922,0.47821
2018_13_CAR_TB,2018,13,0.35204,-4.19852,0.47463
2018_13_CHI_NYG,2018,13,0.37691,-3.49764,0.48877
2018_13_CLE_HOU,2018,13,0.69753,6.10280,0.51099
2018_13_DEN_CIN,2018,13,0.37399,-3.57896,0.48713
2018_13_IND_JAX,2018,13,0.33642,-4.70126,0.47458
2018_13_KC_OAK,2018,13,0.09538,-15.96951,0.44911
2018_13_LAC_PIT,2018,13,0.63780,4.18961,0.50265
2018_13_LA_DET,2018,13,0.17141,-11.21398,0.47432
2018_13_MIN_NE,2018,13,0.69595,6.15604,0.49187
2018_13_NO_DAL,2018,13,0.26146,-7.35052,0.48165
2018_13_NYJ_TEN,2018,13,0.81641,10.94914,0.49779
2018_13_SF_SEA,2018,13,0.83268,11.63271,0.52169
2018_13_WAS_PHI,2018,13,0.70983,6.53888,0.50970
2018_14_ATL_GB,2018,14,0.61008,3.46947,0.47802
2018_14_BAL_KC,2018,14,0.75075,7.99875,0.51898
2018_14_CAR_CLE,2018,14,0.42773,-1.86177,0.47134
2018_14_CIN_LAC,2018,14,0.92052,17.85916,0.50607
2018_14_DEN_SF,2018,14,0.36369,-3.81674,0.47225
2018_14_DET_ARI,2018,14,0.43029,-1.94686,0.49989
2018_14_IND_HOU,2018,14,0.64721,4.50800,0.49898
2018_14_JAX_TEN,2018,14,0.69330,6.02346,0.49929
2018_14_LA_CHI,2018,14,0.41772,-2.33370,0.50218
2018_14_MIN_SEA,2018,14,0.63226,3.98266,0.50857
2018_14_NE_MIA,2018,14,0.22225,-8.90164,0.48062
2018_14_NO_TB,2018,14,0.21216,-9.28908,0.47281
2018_14_NYG_WAS,2018,14,0.42860,-2.04273,0.50805
2018_14_NYJ_BUF,2018,14,0.69125,5.85883,0.51616
2018_14_PHI_DAL,2018,14,0.61086,3.43963,0.48750
2018_14_PIT_OAK,2018,14,0.16720,-11.40936,0.47038
2018_15_ARI_ATL,2018,15,0.80306,10.33269,0.49544
2018_15_CLE_DEN,2018,15,0.57048,2.09418,0.51082
2018_15_DAL_IND,2018,15,0.56131,2.05462,0.46966
2018_15_DET_BUF,2018,15,0.58611,2.66546,0.49206
2018_15_GB_CHI,2018,15,0.71424,6.73009,0.50347
2018_15_HOU_NYJ,2018,15,0.26303,-7.29776,0.48271
2018_15_LAC_KC,2018,15,0.64313,4.34069,0.50570
2018_15_MIA_MIN,2018,15,0.73311,7.49931,0.48871
2018_15_NE_PIT,2018,15,0.43311,-1.87176,0.50141
2018_15_NO_CAR,2018,15,0.28173,-6.57990,0.47702
2018_15_OAK_CIN,2018,15,0.60887,3.33418,0.49547
2018_15_PHI_LA,2018,15,0.84723,12.69619,0.47251
2018_15_SEA_SF,2018,15,0.32430,-5.00761,0.45836
2018_15_TB_BAL,2018,15,0.76394,8.67134,0.49218
2018_15_TEN_NYG,2018,15,0.42354,-2.12674,0.49626
2018_15_WAS_JAX,2018,15,0.70694,6.65166,0.47161
2018_16_ATL_CAR,2018,16,0.42953,-1.96711,0.49948
2018_16_BAL_LAC,2018,16,0.66183,4.92979,0.50750
2018_16_BUF_NE,2018,16,0.87064,14.01046,0.48893
2018_16_CHI_SF,2018,16,0.34257,-4.47125,0.46914
2018_16_CIN_CLE,2018,16,0.76980,9.03803,0.46933
2018_16_DEN_OAK,2018,16,0.38233,-3.24532,0.47369
2018_16_GB_NYJ,2018,16,0.39125,-3.05104,0.48769
2018_16_HOU_PHI,2018,16,0.54757,1.48746,0.49857
2018_16_JAX_MIA,2018,16,0.61159,3.40866,0.49697
2018_16_KC_SEA,2018,16,0.45102,-1.24484,0.48378
2018_16_LA_ARI,2018,16,0.11736,-14.50650,0.48859
2018_16_MIN_DET,2018,16,0.30337,-5.94823,0.49986
2018_16_NYG_IND,2018,16,0.80053,10.22863,0.49334
2018_16_PIT_NO,2018,16,0.70476,6.48098,0.48834
2018_16_TB_DAL,2018,16,0.74780,7.94706,0.50785
2018_16_WAS_TEN,2018,16,0.83283,11.89478,0.47651
2018_17_ARI_SEA,2018,17,0.91519,17.24490,0.52395
2018_17_ATL_TB,2018,17,0.41033,-2.48154,0.48909
2018_17_CAR_NO,2018,17,0.77318,8.95900,0.50809
2018_17_CHI_MIN,2018,17,0.64555,4.66465,0.46182
2018_17_CIN_PIT,2018,17,0.88170,14.67647,0.50238
2018_17_CLE_BAL,2018,17,0.74442,7.83064,0.50550
2018_17_DAL_NYG,2018,17,0.65540,5.10048,0.44053
2018_17_DET_GB,2018,17,0.69903,6.40428,0.46663
2018_17_IND_TEN,2018,17,0.34440,-4.57121,0.49738
2018_17_JAX_HOU,2018,17,0.73310,7.44788,0.49777
2018_17_LAC_DEN,2018,17,0.28916,-6.44410,0.49995
2018_17_MIA_BUF,2018,17,0.68222,5.68680,0.49249
2018_17_NYJ_NE,2018,17,0.88164,14.67229,0.50230
2018_17_OAK_KC,2018,17,0.90197,16.10233,0.52107
2018_17_PHI_WAS,2018,17,0.28399,-6.50714,0.47849
2018_17_SF_LA,2018,17,0.82030,11.12000,0.50124
2018_18_IND_HOU,2018,18,0.55773,1.85762,0.48585
2018_18_LAC_BAL,2018,18,0.61906,3.61461,0.50113
2018_18_PHI_CHI,2018,18,0.69027,6.03288,0.47929
2018_18_SEA_DAL,2018,18,0.58338,2.59216,0.49058
2018_19_DAL_LA,2018,19,0.72547,7.24664,0.48361
2018_19_IND_KC,2018,19,0.67367,5.27812,0.51453
2018_19_LAC_NE,2018,19,0.67178,5.22218,0.51340
2018_19_PHI_NO,2018,19,0.75590,8.38357,0.48637
2018_20_LA_NO,2018,20,0.62720,3.84084,0.50570
2018_20_NE_KC,2018,20,0.60365,3.19147,0.49259
2018_21_NE_LA,2018,21,0.39644,-2.80707,0.47244
2019_01_ATL_MIN,2019,1,0.62471,3.68781,0.49117
2019_01_BAL_MIA,2019,1,0.30849,-6.00658,0.50708
2019_01_BUF_NYJ,2019,1,0.55046,1.62924,0.47029
2019_01_CIN_SEA,2019,1,0.78786,9.53988,0.48824
2019_01_DEN_OAK,2019,1,0.40692,-2.75808,0.49223
2019_01_DET_ARI,2019,1,0.44513,-1.71126,0.50303
2019_01_GB_CHI,2019,1,0.66003,4.64919,0.51015
2019_01_HOU_NO,2019,1,0.70463,6.35513,0.48460
2019_01_IND_LAC,2019,1,0.70158,6.19410,0.49129
2019_01_KC_JAX,2019,1,0.38931,-3.28738,0.49166
2019_01_LA_CAR,2019,1,0.46994,-0.94685,0.49838
2019_01_NYG_DAL,2019,1,0.73581,7.39274,0.49521
2019_01_PIT_NE,2019,1,0.67845,5.44843,0.48644
2019_01_SF_TB,2019,1,0.55373,1.50258,0.49738
2019_01_TEN_CLE,2019,1,0.64069,4.39657,0.46571
2019_01_WAS_PHI,2019,1,0.80354,10.28258,0.48317
2019_02_ARI_BAL,2019,2,0.87148,13.79066,0.50307
2019_02_BUF_NYG,2019,2,0.48265,-0.55866,0.49617
2019_02_CHI_DEN,2019,2,0.40850,-2.71723,0.49304
2019_02_CLE_NYJ,2019,2,0.33317,-5.22863,0.51257
2019_02_DAL_WAS,2019,2,0.30698,-5.91125,0.48921
2019_02_IND_TEN,2019,2,0.63129,3.79389,0.50314
2019_02_JAX_HOU,2019,2,0.75061,7.94721,0.49629
2019_02_KC_OAK,2019,2,0.27000,-7.17796,0.48394
2019_02_LAC_DET,2019,2,0.46666,-0.95949,0.48826
2019_02_MIN_GB,2019,2,0.56563,2.08338,0.46939
2019_02_NE_MIA,2019,2,0.10124,-16.14284,0.52412
2019_02_NO_LA,2019,2,0.56303,1.87786,0.48505
2019_02_PHI_ATL,2019,2,0.42230,-2.08316,0.46611
2019_02_SEA_PIT,2019,2,0.61373,3.46647,0.47693
2019_02_SF_CIN,2019,2,0.55330,1.49168,0.49717
2019_02_TB_CAR,2019,2,0.72858,7.09270,0.49916
2019_03_ATL_IND,2019,3,0.56112,1.68968,0.50108
2019_03_BAL_KC,2019,3,0.63385,4.07200,0.47901
2019_03_CAR_ARI,2019,3,0.59122,2.66969,0.49081
2019_03_CHI_WAS,2019,3,0.35641,-4.37620,0.49978
2019_03_CIN_BUF,2019,3,0.69321,5.87664,0.49489
2019_03_DEN_GB,2019,3,0.71090,6.61438,0.47985
2019_03_DET_PHI,2019,3,0.65375,4.54474,0.49821
2019_03_HOU_LAC,2019,3,0.62016,3.49701,0.49727
2019_03_LA_CLE,2019,3,0.36216,-4.08061,0.48587
2019_03_MIA_DAL,2019,3,0.95460,22.11905,0.48981
2019_03_NO_SEA,2019,3,0.70328,6.10555,0.50929
2019_03_NYG_TB,2019,3,0.66487,4.99363,0.48733
2019_03_NYJ_NE,2019,3,0.94579,20.74369,0.49227
2019_03_OAK_MIN,2019,3,0.77221,8.83041,0.49398
2019_03_PIT_SF,2019,3,0.72182,6.81075,0.50347
2019_03_TEN_JAX,2019,3,0.41296,-2.39286,0.46985
2019_04_CAR_HOU,2019,4,0.67886,5.46021,0.48667
2019_04_CIN_PIT,2019,4,0.60603,3.19453,0.48143
2019_04_CLE_BAL,2019,4,0.78143,9.02330,0.51754
2019_04_DAL_NO,2019,4,0.39293,-3.05275,0.47655
2019_04_JAX_DEN,2019,4,0.58439,2.49352,0.48733
2019_04_KC_DET,2019,4,0.27115,-7.21127,0.49316
2019_04_LAC_MIA,2019,4,0.13492,-13.69063,0.51332
2019_04_MIN_CHI,2019,4,0.50827,0.08201,0.50883
2019_04_NE_BUF,2019,4,0.27253,-7.09796,0.48552
2019_04_OAK_IND,2019,4,0.73075,7.02185,0.51751
2019_04_PHI_GB,2019,4,0.59420,2.88642,0.47535
2019_04_SEA_ARI,2019,4,0.30813,-5.80778,0.48138
2019_04_TB_LA,2019,4,0.81053,10.35392,0.51420
2019_04_TEN_ATL,2019,4,0.59823,2.99106,0.47742
2019_04_WAS_NYG,2019,4,0.59570,2.85556,0.48461
2019_05_ARI_CIN,2019,5,0.59576,2.85703,0.48463
2019_05_ATL_HOU,2019,5,0.64265,4.24052,0.49221
2019_05_BAL_PIT,2019,5,0.37153,-3.75870,0.48235
2019_05_BUF_TEN,2019,5,0.63772,4.03700,0.49806
2019_05_CHI_OAK,2019,5,0.27427,-6.97337,0.47812
2019_05_CLE_SF,2019,5,0.68176,5.47359,0.49681
2019_05_DEN_LAC,2019,5,0.68438,5.40994,0.51530
2019_05_GB_DAL,2019,5,0.66118,4.68117,0.51079
2019_05_IND_KC,2019,5,0.81701,10.83053,0.49398
2019_05_JAX_CAR,2019,5,0.61758,3.42852,0.49592
2019_05_LA_SEA,2019,5,0.57235,2.04528,0.49823
2019_05_MIN_NYG,2019,5,0.35305,-4.53789,0.50646
2019_05_NE_WAS,2019,5,0.10218,-15.72937,0.48293
2019_05_NYJ_PHI,2019,5,0.87530,14.14617,0.49034
2019_05_TB_NO,2019,5,0.61033,3.23738,0.49214
2019_06_ATL_ARI,2019,6,0.43611,-2.00970,0.50702
2019_06_CAR_TB,2019,6,0.40729,-2.60908,0.47544
2019_06_CIN_BAL,2019,6,0.83775,11.73892,0.51193
2019_06_DAL_NYJ,2019,6,0.25830,-7.55428,0.47652
2019_06_DET_GB,2019,6,0.59978,3.03128,0.47821
2019_06_HOU_KC,2019,6,0.64598,4.26153,0.50250
2019_06_NO_JAX,2019,6,0.53408,1.21682,0.46218
2019_06_NYG_NE,2019,6,0.91251,16.97010,0.49674
2019_06_PHI_MIN,2019,6,0.60800,3.24594,0.48244
2019_06_PIT_LAC,2019,6,0.70140,6.18869,0.49118
2019_06_SEA_CLE,2019,6,0.47876,-0.37722,0.46033
2019_06_SF_LA,2019,6,0.61318,3.31251,0.49363
2019_06_TEN_DEN,2019,6,0.51131,0.43694,0.47635
2019_06_WAS_MIA,2019,6,0.35759,-4.48375,0.51740
2019_07_ARI_NYG,2019,7,0.58354,2.61120,0.46993
2019_07_BAL_SEA,2019,7,0.61339,3.31806,0.49374
2019_07_HOU_IND,2019,7,0.55574,1.62321,0.48989
2019_07_JAX_CIN,2019,7,0.38301,-3.52316,0.49687
2019_07_KC_DEN,2019,7,0.37574,-3.57651,0.47608
2019_07_LAC_TEN,2019,7,0.58328,2.53463,0.47828
2019_07_LA_ATL,2019,7,0.42587,-2.27071,0.50186
2019_07_MIA_BUF,2019,7,0.90800,16.69486,0.48144
2019_07_MIN_DET,2019,7,0.40360,-2.77441,0.48204
2019_07_NE_NYJ,2019,7,0.18492,-10.58110,0.46615
2019_07_NO_CHI,2019,7,0.64463,4.29438,0.49327
2019_07_OAK_GB,2019,7,0.68687,5.69133,0.49123
2019_07_PHI_DAL,2019,7,0.60707,3.15180,0.49045
2019_07_SF_WAS,2019,7,0.21992,-9.29321,0.50142
2019_08_ARI_NO,2019,8,0.86102,13.15639,0.50042
2019_08_CAR_SF,2019,8,0.62923,3.94804,0.47657
2019_08_CIN_LA,2019,8,0.83591,11.86382,0.48477
2019_08_CLE_NE,2019,8,0.81273,10.51340,0.50747
2019_08_DEN_IND,2019,8,0.73746,7.30659,0.51326
2019_08_GB_KC,2019,8,0.32938,-5.12642,0.48496
2019_08_LAC_CHI,2019,8,0.64613,4.26561,0.50258
2019_08_MIA_PIT,2019,8,0.87424,14.08566,0.48915
2019_08_NYG_DET,2019,8,0.74224,7.53139,0.50783
2019_08_NYJ_JAX,2019,8,0.74184,7.58809,0.49907
2019_08_OAK_HOU,2019,8,0.70926,6.28564,0.51285
2019_08_PHI_BUF,2019,8,0.55230,1.46649,0.49667
2019_08_SEA_ATL,2019,8,0.23826,-8.29528,0.47177
2019_08_TB_TEN,2019,8,0.56228,1.85875,0.48467
2019_08_WAS_MIN,2019,8,0.91625,17.26824,0.50263
2019_09_CHI_PHI,2019,9,0.66353,4.95609,0.48659
2019_09_CLE_DEN,2019,9,0.40292,-3.00142,0.50718
2019_09_DAL_NYG,2019,9,0.23969,-8.10654,0.45583
2019_09_DET_OAK,2019,9,0.56029,1.87799,0.47519
2019_09_GB_LAC,2019,9,0.35857,-4.17793,0.48394
2019_09_HOU_JAX,2019,9,0.47380,-0.50130,0.45790
2019_09_IND_PIT,2019,9,0.52522,0.78512,0.48322
2019_09_MIN_KC,2019,9,0.29419,-6.22195,0.47322
2019_09_NE_BAL,2019,9,0.43668,-1.99517,0.50730
2019_09_NYJ_MIA,2019,9,0.44672,-1.81058,0.52081
2019_09_SF_ARI,2019,9,0.20609,-9.87896,0.49972
2019_09_TB_SEA,2019,9,0.70124,5.90508,0.52507
2019_09_TEN_CAR,2019,9,0.60555,3.18184,0.48118
2019_09_WAS_BUF,2019,9,0.81728,10.84164,0.49420
2019_10_ARI_TB,2019,10,0.66641,5.10679,0.47970
2019_10_ATL_NO,2019,10,0.89359,15.26688,0.51248
2019_10_BAL_CIN,2019,10,0.15757,-11.92709,0.45935
2019_10_BUF_CLE,2019,10,0.54890,1.65956,0.46105
2019_10_CAR_GB,2019,10,0.67595,5.30710,0.49352
2019_10_DET_CHI,2019,10,0.70936,6.42825,0.49591
2019_10_KC_TEN,2019,10,0.32367,-5.28859,0.48176
2019_10_LAC_OAK,2019,10,0.47612,-0.72212,0.49294
2019_10_LA_PIT,2019,10,0.37383,-3.76697,0.49206
2019_10_MIA_IND,2019,10,0.81185,10.68690,0.48128
2019_10_MIN_DAL,2019,10,0.58755,2.71444,0.47197
2019_10_NYG_NYJ,2019,10,0.43183,-2.11855,0.50487
2019_10_SEA_SF,2019,10,0.69767,6.14756,0.48050
2019_11_ARI_SF,2019,11,0.80768,10.37800,0.49492
2019_11_ATL_CAR,2019,11,0.63256,3.89794,0.49532
2019_11_BUF_MIA,2019,11,0.29964,-6.26805,0.50191
2019_11_CHI_LA,2019,11,0.67147,5.17981,0.49101
2019_11_CIN_OAK,2019,11,0.87811,14.16950,0.51055
2019_11_DAL_DET,2019,11,0.25000,-7.89771,0.47961
2019_11_DEN_MIN,2019,11,0.82047,10.90634,0.50536
2019_11_HOU_BAL,2019,11,0.64623,4.33814,0.49413
2019_11_JAX_IND,2019,11,0.58465,2.50008,0.48746
2019_11_KC_LAC,2019,11,0.28717,-6.43473,0.46903
2019_11_NE_PHI,2019,11,0.35237,-4.41678,0.48910
2019_11_NO_TB,2019,11,0.31800,-5.45134,0.47855
2019_11_NYJ_WAS,2019,11,0.55361,1.49950,0.49732
2019_11_PIT_CLE,2019,11,0.55007,1.68922,0.46164
2019_12_BAL_LA,2019,12,0.35540,-4.19450,0.47376
2019_12_CAR_NO,2019,12,0.81859,10.82711,0.50379
2019_12_DAL_NE,2019,12,0.69036,5.79289,0.49324
2019_12_DEN_BUF,2019,12,0.67603,5.10018,0.51905
2019_12_DET_WAS,2019,12,0.35116,-4.38024,0.47995
2019_12_GB_SF,2019,12,0.59138,2.74354,0.48240
2019_12_IND_HOU,2019,12,0.61272,3.36998,0.48489
2019_12_JAX_TEN,2019,12,0.67793,5.29395,0.50314
2019_12_MIA_CLE,2019,12,0.81022,10.62021,0.47996
2019_12_NYG_CHI,2019,12,0.71506,6.60206,0.49935
2019_12_OAK_NYJ,2019,12,0.39460,-3.14863,0.49440
2019_12_PIT_CIN,2019,12,0.26481,-7.13435,0.45529
2019_12_SEA_PHI,2019,12,0.45494,-1.25434,0.48244
2019_12_TB_ATL,2019,12,0.64968,4.36288,0.50450
2019_13_BUF_DAL,2019,13,0.69777,6.15060,0.48056
2019_13_CHI_DET,2019,13,0.32299,-5.37788,0.48987
2019_13_CLE_PIT,2019,13,0.49268,-0.30777,0.50113
2019_13_GB_NYG,2019,13,0.26346,-7.31718,0.47134
2019_13_LAC_DEN,2019,13,0.34551,-4.60565,0.48537
2019_13_LA_ARI,2019,13,0.42517,-2.21879,0.49301
2019_13_MIN_SEA,2019,13,0.52502,0.98937,0.45771
2019_13_NE_HOU,2019,13,0.38112,-3.50342,0.48739
2019_13_NO_ATL,2019,13,0.25831,-7.55376,0.47653
2019_13_NYJ_CIN,2019,13,0.39107,-3.10151,0.47559
2019_13_OAK_KC,2019,13,0.85404,12.66013,0.51037
2019_13_PHI_MIA,2019,13,0.21624,-9.49780,0.50725
2019_13_SF_BAL,2019,13,0.73057,7.01626,0.51740
2019_13_TB_JAX,2019,13,0.43040,-2.15503,0.50415
2019_13_TEN_IND,2019,13,0.49172,-0.33170,0.50066
2019_13_WAS_CAR,2019,13,0.82439,11.14374,0.50017
2019_14_BAL_BUF,2019,14,0.28172,-6.74142,0.48269
2019_14_CAR_ATL,2019,14,0.59619,2.93805,0.47637
2019_14_CIN_CLE,2019,14,0.73185,7.19637,0.50121
2019_14_DAL_CHI,2019,14,0.42985,-2.16908,0.50387
2019_14_DEN_HOU,2019,14,0.78343,9.16654,0.51050
2019_14_DET_MIN,2019,14,0.86311,13.19685,0.51109
2019_14_IND_TB,2019,14,0.58271,2.51999,0.47799
2019_14_KC_NE,2019,14,0.61744,3.42495,0.49585
2019_14_LAC_JAX,2019,14,0.40308,-2.92757,0.49876
2019_14_MIA_NYJ,2019,14,0.65177,4.62966,0.48015
2019_14_NYG_PHI,2019,14,0.79776,9.91667,0.49569
2019_14_PIT_ARI,2019,14,0.37744,-3.46165,0.46850
2019_14_SEA_LA,2019,14,0.53573,1.04898,0.48842
2019_14_SF_NO,2019,14,0.56772,1.85765,0.50440
2019_14_TEN_OAK,2019,14,0.38634,-3.29574,0.48162
2019_14_WAS_GB,2019,14,0.87371,13.91596,0.50555
2019_15_ATL_SF,2019,15,0.83494,11.61076,0.50939
2019_15_BUF_PIT,2019,15,0.54641,1.31770,0.49373
2019_15_CHI_GB,2019,15,0.62197,3.68444,0.48123
2019_15_CLE_ARI,2019,15,0.37353,-3.63557,0.47492
2019_15_DEN_KC,2019,15,0.80413,10.23617,0.49212
2019_15_HOU_TEN,2019,15,0.62984,3.75500,0.50237
2019_15_IND_NO,2019,15,0.77062,8.70409,0.50136
2019_15_JAX_OAK,2019,15,0.72923,7.18278,0.49107
2019_15_LA_DAL,2019,15,0.45623,-1.22172,0.48308
2019_15_MIA_NYG,2019,15,0.58077,2.54003,0.46853
2019_15_MIN_LAC,2019,15,0.43835,-1.67397,0.47416
2019_15_NE_CIN,2019,15,0.16915,-11.39742,0.46976
2019_15_NYJ_BAL,2019,15,0.92625,18.20126,0.51118
2019_15_PHI_WAS,2019,15,0.26269,-7.41171,0.47933
2019_15_SEA_CAR,2019,15,0.30485,-5.97405,0.48797
2019_15_TB_DET,2019,15,0.32266,-5.38718,0.48968
2019_16_ARI_SEA,2019,16,0.80331,9.92494,0.52546
2019_16_BAL_CLE,2019,16,0.17759,-10.89008,0.46008
2019_16_BUF_NE,2019,16,0.71620,6.77647,0.48305
2019_16_CAR_IND,2019,16,0.74359,7.71505,0.49170
2019_16_CIN_MIA,2019,16,0.51269,0.12275,0.51950
2019_16_DAL_PHI,2019,16,0.46012,-1.26348,0.50200
2019_16_DET_DEN,2019,16,0.79573,9.83840,0.49414
2019_16_GB_MIN,2019,16,0.66918,4.97544,0.50672
2019_16_HOU_TB,2019,16,0.43719,-1.98238,0.50756
2019_16_JAX_ATL,2019,16,0.74649,7.81036,0.49359
2019_16_KC_CHI,2019,16,0.29972,-6.19584,0.49346
2019_16_LA_SF,2019,16,0.70860,6.54459,0.47847
2019_16_NO_TEN,2019,16,0.38421,-3.42174,0.48900
2019_16_NYG_WAS,2019,16,0.49372,-0.28188,0.50164
2019_16_OAK_LAC,2019,16,0.73901,7.56588,0.48876
2019_16_PIT_NYJ,2019,16,0.38542,-3.32002,0.48114
2019_17_ARI_LA,2019,17,0.75092,7.88795,0.50499
2019_17_ATL_TB,2019,17,0.55221,1.46407,0.49662
2019_17_CHI_MIN,2019,17,0.38826,-3.59390,0.52509
2019_17_CLE_CIN,2019,17,0.38958,-3.14074,0.47482
2019_17_GB_DET,2019,17,0.13638,-13.40359,0.48936
2019_17_IND_JAX,2019,17,0.32922,-5.13069,0.48488
2019_17_LAC_KC,2019,17,0.83145,11.38390,0.51479
2019_17_MIA_NE,2019,17,0.92088,17.79536,0.49329
2019_17_NO_CAR,2019,17,0.11519,-14.61023,0.46558
2019_17_NYJ_BUF,2019,17,0.53779,0.75197,0.53190
2019_17_OAK_DEN,2019,17,0.67982,5.48759,0.48721
2019_17_PHI_NYG,2019,17,0.33261,-4.89560,0.46980
2019_17_PIT_BAL,2019,17,0.52657,0.40063,0.53482
2019_17_SF_SEA,2019,17,0.40412,-2.90054,0.49930
2019_17_TEN_HOU,2019,17,0.23267,-8.83822,0.51040
2019_17_WAS_DAL,2019,17,0.85670,13.00376,0.48753
2019_18_BUF_HOU,2019,18,0.59081,2.65898,0.49060
2019_18_MIN_NO,2019,18,0.76057,8.28459,0.50295
2019_18_SEA_PHI,2019,18,0.57274,1.98573,0.50693
2019_18_TEN_NE,2019,18,0.64600,4.40161,0.48551
2019_19_HOU_KC,2019,19,0.81467,10.66323,0.50056
2019_19_MIN_SF,2019,19,0.72112,6.92846,0.48604
2019_19_SEA_GB,2019,19,0.66542,4.93939,0.49613
2019_19_TEN_BAL,2019,19,0.82625,11.15456,0.51026
2019_20_GB_SF,2019,20,0.73172,7.40139,0.47565
2019_20_TEN_KC,2019,20,0.71639,6.85205,0.47468
2019_21_SF_KC,2019,21,0.57264,2.05294,0.49838
2020_01_ARI_SF,2020,1,0.73907,7.45763,0.49337
2020_01_CHI_DET,2020,1,0.56298,1.84104,0.47473
2020_01_CLE_BAL,2020,1,0.74877,7.77728,0.49871
2020_01_DAL_LA,2020,1,0.55497,1.41331,0.49263
2020_01_GB_MIN,2020,1,0.53583,0.92882,0.48453
2020_01_HOU_KC,2020,1,0.78297,9.34871,0.48320
2020_01_IND_JAX,2020,1,0.29955,-6.49723,0.49412
2020_01_LAC_CIN,2020,1,0.43664,-2.09386,0.49251
2020_01_LV_CAR,2020,1,0.42893,-2.36562,0.49632
2020_01_MIA_NE,2020,1,0.73467,7.38967,0.48388
2020_01_NYJ_BUF,2020,1,0.70183,6.22117,0.48107
2020_01_PHI_WAS,2020,1,0.30904,-5.99232,0.47751
2020_01_PIT_NYG,2020,1,0.30031,-6.32550,0.48029
2020_01_SEA_ATL,2020,1,0.52819,0.73610,0.48132
2020_01_TB_NO,2020,1,0.66583,4.80214,0.49913
2020_01_TEN_DEN,2020,1,0.38962,-3.38684,0.47927
2020_02_ATL_DAL,2020,2,0.59939,2.85509,0.48330
2020_02_BAL_HOU,2020,2,0.26286,-7.71271,0.48217
2020_02_BUF_MIA,2020,2,0.32083,-5.64927,0.48323
2020_02_CAR_TB,2020,2,0.70907,6.58875,0.47052
2020_02_CIN_CLE,2020,2,0.69375,5.90600,0.48415
2020_02_DEN_PIT,2020,2,0.70350,6.19665,0.48901
2020_02_DET_GB,2020,2,0.74478,7.64461,0.49649
2020_02_JAX_TEN,2020,2,0.74073,7.51166,0.49427
2020_02_KC_LAC,2020,2,0.21882,-9.37701,0.47109
2020_02_LA_PHI,2020,2,0.54011,1.18596,0.47214
2020_02_MIN_IND,2020,2,0.58897,2.65824,0.47168
2020_02_NE_SEA,2020,2,0.63674,3.99784,0.48569
2020_02_NO_LV,2020,2,0.36068,-4.31123,0.48053
2020_02_NYG_CHI,2020,2,0.67905,5.25362,0.49832
2020_02_SF_NYJ,2020,2,0.29304,-6.69351,0.49084
2020_02_WAS_ARI,2020,2,0.73718,7.47063,0.48523
2020_03_CAR_LAC,2020,3,0.68388,5.61688,0.47933
2020_03_CHI_ATL,2020,3,0.56677,1.93765,0.47634
2020_03_CIN_PHI,2020,3,0.67607,5.31713,0.48267
2020_03_DAL_SEA,2020,3,0.69289,5.80605,0.49084
2020_03_DET_ARI,2020,3,0.66739,4.92087,0.49275
2020_03_GB_NO,2020,3,0.58984,2.68089,0.47206
2020_03_HOU_PIT,2020,3,0.65038,4.37107,0.49192
2020_03_KC_BAL,2020,3,0.61406,3.31542,0.48264
2020_03_LA_BUF,2020,3,0.55352,1.45100,0.48491
2020_03_LV_NE,2020,3,0.73292,7.25881,0.49005
2020_03_MIA_JAX,2020,3,0.61124,3.16636,0.48850
2020_03_NYJ_IND,2020,3,0.82923,11.66132,0.47173
2020_03_SF_NYG,2020,3,0.37340,-3.81820,0.47207
2020_03_TB_DEN,2020,3,0.35156,-4.85909,0.50479
2020_03_TEN_MIN,2020,3,0.37412,-3.79895,0.47239
2020_03_WAS_CLE,2020,3,0.73077,7.26476,0.48180
2020_04_ARI_CAR,2020,4,0.41511,-2.72126,0.49038
2020_04_ATL_GB,2020,4,0.70703,6.15413,0.50501
2020_04_BAL_WAS,2020,4,0.11878,-14.86345,0.47966
2020_04_BUF_LV,2020,4,0.38608,-3.48047,0.47770
2020_04_CLE_DAL,2020,4,0.62422,3.58586,0.48716
2020_04_DEN_NYJ,2020,4,0.52862,0.74699,0.48150
2020_04_IND_CHI,2020,4,0.40834,-2.97108,0.49456
2020_04_JAX_CIN,2020,4,0.52414,0.63403,0.47961
2020_04_LAC_TB,2020,4,0.74042,7.57598,0.48699
2020_04_MIN_HOU,2020,4,0.60471,3.06877,0.47853
2020_04_NE_KC,2020,4,0.75960,8.14397,0.50484
2020_04_NO_DET,2020,4,0.38130,-3.60710,0.47559
2020_04_NYG_LA,2020,4,0.88117,14.46820,0.50190
2020_04_PHI_SF,2020,4,0.78668,9.33750,0.49972
2020_04_SEA_MIA,2020,4,0.34197,-4.90115,0.47903
2020_05_ARI_NYJ,2020,5,0.29754,-6.55772,0.49311
2020_05_BUF_TEN,2020,5,0.44068,-2.06539,0.50134
2020_05_CAR_ATL,2020,5,0.57255,2.08580,0.47881
2020_05_CIN_BAL,2020,5,0.85497,12.87857,0.49205
2020_05_IND_CLE,2020,5,0.52193,0.57841,0.47869
2020_05_JAX_HOU,2020,5,0.69611,6.05028,0.47822
2020_05_LAC_NO,2020,5,0.74524,7.66003,0.49675
2020_05_LA_WAS,2020,5,0.25801,-7.79614,0.47244
2020_05_LV_KC,2020,5,0.84246,12.04298,0.50315
2020_05_MIA_SF,2020,5,0.77374,8.86398,0.49180
2020_05_MIN_SEA,2020,5,0.72270,6.86057,0.49175
2020_05_NYG_DAL,2020,5,0.75935,8.21007,0.49759
2020_05_PHI_PIT,2020,5,0.75103,7.92733,0.49286
2020_05_TB_CHI,2020,5,0.40396,-3.08509,0.49266
2020_06_ARI_DAL,2020,6,0.50946,0.26500,0.47346
2020_06_ATL_MIN,2020,6,0.64619,4.18117,0.49711
2020_06_BAL_PHI,2020,6,0.20029,-10.37794,0.48776
2020_06_CHI_CAR,2020,6,0.56933,1.92863,0.48453
2020_06_CIN_IND,2020,6,0.74658,7.77885,0.49038
2020_06_CLE_PIT,2020,6,0.61621,3.29785,0.49070
2020_06_DEN_NE,2020,6,0.74579,7.67827,0.49706
2020_06_DET_JAX,2020,6,0.40113,-3.08446,0.48431
2020_06_GB_TB,2020,6,0.35432,-4.33579,0.46346
2020_06_HOU_TEN,2020,6,0.68190,5.26118,0.50680
2020_06_KC_BUF,2020,6,0.33211,-5.32723,0.48861
2020_06_LA_SF,2020,6,0.40990,-2.70692,0.47393
2020_06_NYJ_MIA,2020,6,0.80084,10.02981,0.49458
2020_06_WAS_NYG,2020,6,0.55151,1.47450,0.47695
2020_07_BUF_NYJ,2020,7,0.19397,-10.47951,0.46939
2020_07_CAR_NO,2020,7,0.74747,7.73389,0.49799
2020_07_CHI_LA,2020,7,0.70925,6.44523,0.48481
2020_07_CLE_CIN,2020,7,0.35155,-4.63572,0.48346
2020_07_DAL_WAS,2020,7,0.47484,-0.90282,0.48735
2020_07_DET_ATL,2020,7,0.55738,1.47467,0.49365
2020_07_GB_HOU,2020,7,0.40320,-2.95578,0.47812
2020_07_JAX_LAC,2020,7,0.75895,8.27088,0.49025
2020_07_KC_DEN,2020,7,0.24706,-8.16024,0.46638
2020_07_NYG_PHI,2020,7,0.68493,5.49837,0.49405
2020_07_PIT_TEN,2020,7,0.56066,1.55811,0.49505
2020_07_SEA_ARI,2020,7,0.35907,-4.28055,0.47270
2020_07_SF_NE,2020,7,0.60129,2.90473,0.48413
2020_07_TB_LV,2020,7,0.41842,-2.71026,0.49892
2020_08_ATL_CAR,2020,8,0.54082,1.12930,0.47954
2020_08_DAL_PHI,2020,8,0.79990,10.06734,0.48685
2020_08_IND_DET,2020,8,0.36561,-4.10281,0.47566
2020_08_LAC_DEN,2020,8,0.41311,-2.77303,0.48951
2020_08_LA_MIA,2020,8,0.37653,-3.80910,0.48056
2020_08_LV_CLE,2020,8,0.56366,1.63462,0.49633
2020_08_MIN_GB,2020,8,0.68820,5.66830,0.48853
2020_08_NE_BUF,2020,8,0.64922,4.33904,0.49139
2020_08_NO_CHI,2020,8,0.32336,-5.57665,0.48444
2020_08_NYJ_KC,2020,8,0.94910,21.22491,0.50619
2020_08_PIT_BAL,2020,8,0.63722,4.01102,0.48591
2020_08_SF_SEA,2020,8,0.53854,0.99703,0.48567
2020_08_TB_NYG,2020,8,0.13347,-13.80223,0.47234
2020_08_TEN_CIN,2020,8,0.23408,-8.68081,0.46604
2020_09_BAL_IND,2020,9,0.52985,0.77793,0.48202
2020_09_CAR_KC,2020,9,0.83248,11.43351,0.50968
2020_09_CHI_TEN,2020,9,0.72234,6.84914,0.49156
2020_09_DEN_ATL,2020,9,0.66372,4.81739,0.49103
2020_09_DET_MIN,2020,9,0.62886,3.63589,0.49635
2020_09_GB_SF,2020,9,0.32862,-5.50086,0.49406
2020_09_HOU_JAX,2020,9,0.26814,-7.46790,0.47791
2020_09_LV_LAC,2020,9,0.46622,-1.12020,0.48372
2020_09_MIA_ARI,2020,9,0.72922,6.99150,0.50229
2020_09_NE_NYJ,2020,9,0.20919,-9.88552,0.47929
2020_09_NO_TB,2020,9,0.60386,2.97191,0.48525
2020_09_NYG_WAS,2020,9,0.62799,3.61252,0.49596
2020_09_PIT_DAL,2020,9,0.11718,-14.88544,0.47095
2020_09_SEA_BUF,2020,9,0.40996,-2.85447,0.48815
2020_10_BAL_NE,2020,10,0.28500,-6.93904,0.48674
2020_10_BUF_ARI,2020,10,0.57654,2.26267,0.47342
2020_10_CIN_PIT,2020,10,0.73178,7.14769,0.49655
2020_10_DEN_LV,2020,10,0.62757,3.67566,0.48866
2020_10_HOU_CLE,2020,10,0.65631,4.61001,0.48756
2020_10_IND_TEN,2020,10,0.51077,-0.00021,0.50243
2020_10_JAX_GB,2020,10,0.88836,14.91085,0.50930
2020_10_LAC_MIA,2020,10,0.56109,1.56921,0.49523
2020_10_MIN_CHI,2020,10,0.39118,-3.42028,0.48706
2020_10_PHI_NYG,2020,10,0.32925,-5.25927,0.47306
2020_10_SEA_LA,2020,10,0.58615,2.51076,0.47756
2020_10_SF_NO,2020,10,0.79630,9.85264,0.49161
2020_10_TB_CAR,2020,10,0.30915,-6.06372,0.48466
2020_10_WAS_DET,2020,10,0.59649,2.70470,0.48914
2020_11_ARI_SEA,2020,11,0.60709,3.05702,0.48668
2020_11_ATL_NO,2020,11,0.59309,2.76521,0.47346
2020_11_CIN_WAS,2020,11,0.55292,1.51043,0.47755
2020_11_DAL_MIN,2020,11,0.74889,7.78129,0.49878
2020_11_DET_CAR,2020,11,0.38959,-3.38746,0.47926
2020_11_GB_IND,2020,11,0.52347,0.69171,0.47224
2020_11_KC_LV,2020,11,0.23452,-8.66533,0.46629
2020_11_LA_TB,2020,11,0.64957,4.34867,0.49155
2020_11_MIA_DEN,2020,11,0.37453,-3.93703,0.48678
2020_11_NE_HOU,2020,11,0.41542,-2.63858,0.48341
2020_11_NYJ_LAC,2020,11,0.78425,9.47088,0.47689
2020_11_PHI_CLE,2020,11,0.59458,2.65505,0.48831
2020_11_PIT_JAX,2020,11,0.14392,-12.95471,0.45319
2020_11_TEN_BAL,2020,11,0.69105,5.82632,0.48282
2020_12_ARI_NE,2020,12,0.49418,-0.41677,0.49547
2020_12_BAL_PIT,2020,12,0.81695,10.83363,0.49130
2020_12_CAR_MIN,2020,12,0.63034,3.67566,0.49701
2020_12_CHI_GB,2020,12,0.72784,7.17156,0.48024
2020_12_CLE_JAX,2020,12,0.25102,-8.10196,0.47568
2020_12_HOU_DET,2020,12,0.38257,-3.57340,0.47615
2020_12_KC_TB,2020,12,0.35724,-4.33032,0.47187
2020_12_LAC_BUF,2020,12,0.69931,5.84729,0.50824
2020_12_LV_ATL,2020,12,0.40282,-3.11499,0.49216
2020_12_MIA_NYJ,2020,12,0.22644,-8.95135,0.46154
2020_12_NO_DEN,2020,12,0.10855,-15.87367,0.50455
2020_12_NYG_CIN,2020,12,0.28806,-6.77051,0.48121
2020_12_SEA_PHI,2020,12,0.28565,-6.84454,0.47997
2020_12_SF_LA,2020,12,0.65573,4.66847,0.48019
2020_12_TEN_IND,2020,12,0.59308,2.69041,0.48055
2020_12_WAS_DAL,2020,12,0.57459,2.13817,0.47968
2020_13_BUF_SF,2020,13,0.50987,0.34998,0.46655
2020_13_CIN_MIA,2020,13,0.81991,10.95852,0.49338
2020_13_CLE_TEN,2020,13,0.66174,4.68705,0.49720
2020_13_DAL_BAL,2020,13,0.80464,10.03129,0.51131
2020_13_DEN_KC,2020,13,0.87967,14.30410,0.50752
2020_13_DET_CHI,2020,13,0.63761,3.87226,0.50030
2020_13_IND_HOU,2020,13,0.40318,-3.10556,0.49231
2020_13_JAX_MIN,2020,13,0.83467,11.60747,0.50423
2020_13_LA_ARI,2020,13,0.42587,-2.36935,0.48791
2020_13_LV_NYJ,2020,13,0.25342,-8.02191,0.47701
2020_13_NE_LAC,2020,13,0.55554,1.65162,0.47157
2020_13_NO_ATL,2020,13,0.39960,-3.05003,0.47654
2020_13_NYG_SEA,2020,13,0.84257,12.04853,0.50325
2020_13_PHI_GB,2020,13,0.78688,9.27072,0.50696
2020_13_WAS_PIT,2020,13,0.74137,7.30897,0.51595
2020_14_ARI_NYG,2020,14,0.42945,-2.35214,0.49655
2020_14_ATL_LAC,2020,14,0.50214,0.08134,0.47040
2020_14_BAL_CLE,2020,14,0.40532,-2.97516,0.48614
2020_14_DAL_CIN,2020,14,0.40574,-2.96439,0.48632
2020_14_DEN_CAR,2020,14,0.64432,4.20442,0.48914
2020_14_GB_DET,2020,14,0.19393,-10.48096,0.46936
2020_14_HOU_CHI,2020,14,0.47421,-0.91873,0.48708
2020_14_IND_LV,2020,14,0.40887,-2.80827,0.48058
2020_14_KC_MIA,2020,14,0.23924,-8.50158,0.46902
2020_14_MIN_TB,2020,14,0.72632,7.04900,0.48654
2020_14_NE_LA,2020,14,0.66210,4.84626,0.48316
2020_14_NO_PHI,2020,14,0.23672,-8.58894,0.46756
2020_14_NYJ_SEA,2020,14,0.91300,17.09481,0.49566
2020_14_PIT_BUF,2020,14,0.55436,1.54689,0.47816
2020_14_TEN_JAX,2020,14,0.22089,-9.15206,0.45820
2020_14_WAS_SF,2020,14,0.60196,2.92215,0.48442
2020_15_BUF_DEN,2020,15,0.31449,-5.83279,0.48017
2020_15_CAR_GB,2020,15,0.81616,10.65143,0.50496
2020_15_CHI_MIN,2020,15,0.58750,2.47107,0.48524
2020_15_CLE_NYG,2020,15,0.27966,-6.95539,0.46979
2020_15_DET_TEN,2020,15,0.80924,10.36576,0.50019
2020_15_HOU_IND,2020,15,0.75406,8.02967,0.49457
2020_15_JAX_BAL,2020,15,0.87727,14.16280,0.50516
2020_15_KC_NO,2020,15,0.42696,-2.34158,0.48837
2020_15_LAC_LV,2020,15,0.63119,3.77322,0.49029
2020_15_NE_MIA,2020,15,0.46561,-1.21008,0.49057
2020_15_NYJ_LA,2020,15,0.92910,18.63896,0.50476
2020_15_PHI_ARI,2020,15,0.70991,6.46536,0.48515
2020_15_PIT_CIN,2020,15,0.10573,-15.68605,0.46595
2020_15_SEA_WAS,2020,15,0.31434,-5.91188,0.48720
2020_15_SF_DAL,2020,15,0.37720,-3.86575,0.48797
2020_15_TB_ATL,2020,15,0.30327,-6.23750,0.48176
2020_16_ATL_KC,2020,16,0.84649,12.23566,0.50637
2020_16_BUF_NE,2020,16,0.27038,-7.39667,0.47910
2020_16_CAR_WAS,2020,16,0.49194,-0.47295,0.49453
2020_16_CHI_JAX,2020,16,0.19477,-10.44709,0.46993
2020_16_CIN_HOU,2020,16,0.74736,7.80469,0.49081
2020_16_CLE_NYJ,2020,16,0.24759,-8.06794,0.45960
2020_16_DEN_LAC,2020,16,0.57854,2.23970,0.48138
2020_16_IND_PIT,2020,16,0.44897,-1.55632,0.47644
2020_16_LA_SEA,2020,16,0.55532,1.49672,0.48567
2020_16_MIA_LV,2020,16,0.42808,-2.23820,0.48175
2020_16_MIN_NO,2020,16,0.74016,7.41841,0.50107
2020_16_NYG_BAL,2020,16,0.82481,11.09466,0.50402
2020_16_PHI_DAL,2020,16,0.41309,-2.77350,0.48951
2020_16_SF_ARI,2020,16,0.69913,6.06581,0.48682
2020_16_TB_DET,2020,16,0.16360,-12.15330,0.48316
2020_16_TEN_GB,2020,16,0.59656,2.78102,0.48207
2020_17_ARI_LA,2020,17,0.57487,1.92157,0.50112
2020_17_ATL_TB,2020,17,0.76010,8.23561,0.49802
2020_17_BAL_CIN,2020,17,0.13439,-13.82664,0.48027
2020_17_DAL_NYG,2020,17,0.44620,-1.70127,0.48236
2020_17_GB_CHI,2020,17,0.34359,-4.85587,0.47978
2020_17_JAX_IND,2020,17,0.90750,16.52309,0.50282
2020_17_LAC_KC,2020,17,0.36908,-4.53087,0.52696
2020_17_LV_DEN,2020,17,0.44089,-1.98535,0.49432
2020_17_MIA_BUF,2020,17,0.47464,-1.28079,0.52280
2020_17_MIN_DET,2020,17,0.37898,-3.66903,0.47456
2020_17_NO_CAR,2020,17,0.25805,-7.64582,0.45831
2020_17_NYJ_NE,2020,17,0.64357,4.03497,0.50302
2020_17_PIT_CLE,2020,17,0.77680,9.27248,0.46526
2020_17_SEA_SF,2020,17,0.26656,-7.51864,0.47707
2020_17_TEN_HOU,2020,17,0.26619,-7.53053,0.47687
2020_17_WAS_PHI,2020,17,0.33076,-5.51447,0.50219
2020_18_BAL_TEN,2020,18,0.39156,-3.41014,0.48722
2020_18_CHI_NO,2020,18,0.82528,11.26388,0.49013
2020_18_CLE_PIT,2020,18,0.65581,4.67078,0.48023
2020_18_IND_BUF,2020,18,0.73415,7.29832,0.49071
2020_18_LA_SEA,2020,18,0.61389,3.23645,0.48967
2020_18_TB_WAS,2020,18,0.18836,-10.78167,0.47268
2020_19_BAL_BUF,2020,19,0.58650,2.44510,0.48481
2020_19_CLE_KC,2020,19,0.76567,8.42891,0.50125
2020_19_LA_GB,2020,19,0.75369,7.94252,0.50147
2020_19_TB_NO,2020,19,0.59290,2.61121,0.48758
2020_20_BUF_KC,2020,20,0.59399,2.71407,0.48095
2020_20_TB_GB,2020,20,0.60165,2.91404,0.48429
2020_21_KC_TB,2020,21,0.40339,-3.02563,0.48530
2021_01_ARI_TEN,2021,1,0.60047,2.89014,0.49083
2021_01_BAL_LV,2021,1,0.37612,-3.58895,0.48126
2021_01_CHI_LA,2021,1,0.78282,9.05212,0.48263
2021_01_CLE_KC,2021,1,0.68011,5.32803,0.48533
2021_01_DAL_TB,2021,1,0.80725,10.12636,0.48825
2021_01_DEN_NYG,2021,1,0.39784,-2.92579,0.48774
2021_01_GB_NO,2021,1,0.35800,-4.12914,0.48575
2021_01_JAX_HOU,2021,1,0.39432,-3.02023,0.49170
2021_01_LAC_WAS,2021,1,0.59169,2.62623,0.48825
2021_01_MIA_NE,2021,1,0.59853,2.80713,0.48024
2021_01_MIN_CIN,2021,1,0.39429,-3.03331,0.48669
2021_01_NYJ_CAR,2021,1,0.60242,2.92450,0.48139
2021_01_PHI_ATL,2021,1,0.61772,3.39032,0.48594
2021_01_PIT_BUF,2021,1,0.71309,6.43441,0.48637
2021_01_SEA_IND,2021,1,0.40034,-2.85024,0.48848
2021_01_SF_DET,2021,1,0.21173,-9.28343,0.48913
2021_02_ATL_TB,2021,2,0.87843,13.98950,0.49180
2021_02_BUF_MIA,2021,2,0.38216,-3.39071,0.48808
2021_02_CIN_CHI,2021,2,0.56044,1.71171,0.48419
2021_02_DAL_LAC,2021,2,0.59553,2.72909,0.48436
2021_02_DEN_JAX,2021,2,0.27059,-7.03124,0.47694
2021_02_DET_GB,2021,2,0.83732,11.58259,0.48782
2021_02_HOU_CLE,2021,2,0.85968,12.79510,0.48012
2021_02_KC_BAL,2021,2,0.37721,-3.54315,0.48659
2021_02_LA_IND,2021,2,0.33696,-4.80118,0.47918
2021_02_LV_PIT,2021,2,0.68239,5.40393,0.48607
2021_02_MIN_ARI,2021,2,0.62982,3.75136,0.48458
2021_02_NE_NYJ,2021,2,0.30159,-5.94382,0.48267
2021_02_NO_CAR,2021,2,0.33667,-4.83510,0.46910
2021_02_NYG_WAS,2021,2,0.62589,3.62956,0.48339
2021_02_SF_PHI,2021,2,0.40214,-2.79598,0.48901
2021_02_TEN_SEA,2021,2,0.71662,6.55957,0.48759
2021_03_ARI_JAX,2021,3,0.22229,-8.86997,0.47851
2021_03_ATL_NYG,2021,3,0.60198,2.92351,0.48626
2021_03_BAL_DET,2021,3,0.23035,-8.54887,0.47677
2021_03_CAR_HOU,2021,3,0.24597,-7.91330,0.48786
2021_03_CHI_CLE,2021,3,0.73321,7.13752,0.48347
2021_03_CIN_PIT,2021,3,0.59677,2.77889,0.48974
2021_03_GB_SF,2021,3,0.61243,3.22854,0.48436
2021_03_IND_TEN,2021,3,0.64761,4.29745,0.48503
2021_03_LAC_KC,2021,3,0.72755,6.95414,0.49145
2021_03_MIA_LV,2021,3,0.64073,4.09233,0.48791
2021_03_NO_NE,2021,3,0.57386,2.08297,0.47805
2021_03_NYJ_DEN,2021,3,0.83023,11.23667,0.49422
2021_03_PHI_DAL,2021,3,0.61169,3.20614,0.48414
2021_03_SEA_MIN,2021,3,0.43032,-1.98054,0.48720
2021_03_TB_LA,2021,3,0.46411,-1.01526,0.48686
2021_03_WAS_BUF,2021,3,0.75230,7.86125,0.49054
2021_04_ARI_LA,2021,4,0.63496,3.92375,0.49115
2021_04_BAL_DEN,2021,4,0.53024,0.85407,0.48559
2021_04_CAR_DAL,2021,4,0.63676,3.95544,0.48169
2021_04_CLE_MIN,2021,4,0.46769,-0.91102,0.48788
2021_04_DET_CHI,2021,4,0.60780,3.10004,0.48799
2021_04_HOU_BUF,2021,4,0.93882,19.30767,0.49002
2021_04_IND_MIA,2021,4,0.59331,2.67488,0.48872
2021_04_JAX_CIN,2021,4,0.76392,8.32011,0.49503
2021_04_KC_PHI,2021,4,0.24808,-7.84345,0.48365
2021_04_LV_LAC,2021,4,0.58917,2.53840,0.48250
2021_04_NYG_NO,2021,4,0.76388,8.31867,0.49502
2021_04_PIT_GB,2021,4,0.71900,6.64482,0.48843
2021_04_SEA_SF,2021,4,0.58827,2.52394,0.48725
2021_04_TB_NE,2021,4,0.27777,-6.76990,0.47949
2021_04_TEN_NYJ,2021,4,0.27796,-6.77536,0.47455
2021_04_WAS_ATL,2021,4,0.45994,-1.13670,0.48568
2021_05_BUF_KC,2021,5,0.57795,2.21632,0.48424
2021_05_CHI_LV,2021,5,0.68313,5.42897,0.48632
2021_05_CLE_LAC,2021,5,0.58093,2.30507,0.48511
2021_05_DEN_PIT,2021,5,0.41993,-2.28840,0.48419
2021_05_DET_MIN,2021,5,0.80640,10.08693,0.48786
2021_05_GB_CIN,2021,5,0.41068,-2.56434,0.48150
2021_05_IND_BAL,2021,5,0.75069,7.79894,0.48993
2021_05_LA_SEA,2021,5,0.40246,-2.79870,0.48409
2021_05_MIA_TB,2021,5,0.83079,11.25346,0.48949
2021_05_NE_HOU,2021,5,0.22947,-8.57277,0.48141
2021_05_NO_WAS,2021,5,0.39593,-2.99577,0.48217
2021_05_NYG_DAL,2021,5,0.73518,7.21072,0.48418
2021_05_NYJ_ATL,2021,5,0.59423,2.69009,0.48398
2021_05_PHI_CAR,2021,5,0.58846,2.52946,0.48730
2021_05_SF_ARI,2021,5,0.71685,6.58021,0.49268
2021_05_TEN_JAX,2021,5,0.32381,-5.23166,0.47498
2021_06_ARI_CLE,2021,6,0.57805,2.20711,0.47926
2021_06_BUF_TEN,2021,6,0.28017,-6.68366,0.48033
2021_06_CIN_DET,2021,6,0.34188,-4.65459,0.47573
2021_06_DAL_NE,2021,6,0.38311,-3.36168,0.48836
2021_06_GB_CHI,2021,6,0.30179,-5.93692,0.48274
2021_06_HOU_IND,2021,6,0.81667,10.56128,0.48761
2021_06_KC_WAS,2021,6,0.29290,-6.23265,0.48474
2021_06_LAC_BAL,2021,6,0.61866,3.43134,0.49123
2021_06_LA_NYG,2021,6,0.24282,-8.04886,0.48165
2021_06_LV_DEN,2021,6,0.66329,4.78797,0.48494
2021_06_MIA_JAX,2021,6,0.36422,-3.97066,0.47265
2021_06_MIN_CAR,2021,6,0.41387,-2.45671,0.48743
2021_06_SEA_PIT,2021,6,0.67234,5.07116,0.48282
2021_06_TB_PHI,2021,6,0.24053,-8.15178,0.47576
2021_07_ATL_MIA,2021,7,0.43185,-1.94789,0.48263
2021_07_CAR_NYG,2021,7,0.40033,-2.85057,0.48847
2021_07_CHI_TB,2021,7,0.86025,12.85393,0.49047
2021_07_CIN_BAL,2021,7,0.72458,6.84584,0.49039
2021_07_DEN_CLE,2021,7,0.55523,1.55870,0.48270
2021_07_DET_LA,2021,7,0.92958,18.26714,0.49940
2021_07_HOU_ARI,2021,7,0.94884,20.64291,0.48841
2021_07_IND_SF,2021,7,0.62773,3.69890,0.48896
2021_07_KC_TEN,2021,7,0.36014,-4.06183,0.48641
2021_07_NO_SEA,2021,7,0.27099,-7.01648,0.47708
2021_07_NYJ_NE,2021,7,0.72666,6.90941,0.48613
2021_07_PHI_LV,2021,7,0.55530,1.58529,0.49273
2021_07_WAS_GB,2021,7,0.78556,9.19382,0.49380
2021_08_CAR_ATL,2021,8,0.59781,2.80996,0.49004
2021_08_CIN_NYJ,2021,8,0.15620,-11.92946,0.48281
2021_08_DAL_MIN,2021,8,0.64715,4.28299,0.48489
2021_08_GB_ARI,2021,8,0.69090,5.66593,0.47886
2021_08_JAX_SEA,2021,8,0.64862,4.34169,0.49035
2021_08_LA_HOU,2021,8,0.07258,-18.02788,0.47697
2021_08_MIA_BUF,2021,8,0.89962,15.51209,0.49202
2021_08_NE_LAC,2021,8,0.63219,3.83749,0.49031
2021_08_NYG_KC,2021,8,0.81263,10.36708,0.48571
2021_08_PHI_DET,2021,8,0.36751,-3.85572,0.47865
2021_08_PIT_CLE,2021,8,0.65407,4.47874,0.47703
2021_08_SF_CHI,2021,8,0.35868,-4.09560,0.49097
2021_08_TB_NO,2021,8,0.35803,-4.12809,0.48576
2021_08_TEN_IND,2021,8,0.57698,2.17522,0.47895
2021_08_WAS_DEN,2021,8,0.64094,4.09903,0.48798
2021_09_ARI_SF,2021,9,0.66110,4.70472,0.47924
2021_09_ATL_NO,2021,9,0.73697,7.28953,0.48984
2021_09_BUF_JAX,2021,9,0.09692,-15.80315,0.47428
2021_09_CHI_PIT,2021,9,0.72047,6.68520,0.48393
2021_09_CLE_CIN,2021,9,0.58856,2.53236,0.48733
2021_09_DEN_DAL,2021,9,0.81040,10.26198,0.48469
2021_09_GB_KC,2021,9,0.70472,6.12830,0.47849
2021_09_HOU_MIA,2021,9,0.62607,3.63520,0.48345
2021_09_LAC_PHI,2021,9,0.46369,-1.02735,0.48674
2021_09_LV_NYG,2021,9,0.36606,-3.90113,0.47821
2021_09_MIN_BAL,2021,9,0.75498,7.96567,0.49156
2021_09_NE_CAR,2021,9,0.36305,-3.98293,0.48229
2021_09_NYJ_IND,2021,9,0.80764,10.13244,0.48342
2021_09_TEN_LA,2021,9,0.72783,6.95212,0.48654
2021_10_ATL_DAL,2021,10,0.74723,7.65344,0.48362
2021_10_BAL_MIA,2021,10,0.22335,-8.81330,0.48395
2021_10_BUF_NYJ,2021,10,0.13193,-13.32046,0.48388
2021_10_CAR_ARI,2021,10,0.75230,7.87351,0.49555
2021_10_CLE_NE,2021,10,0.57825,2.22537,0.48433
2021_10_DET_PIT,2021,10,0.79088,9.41232,0.49104
2021_10_JAX_IND,2021,10,0.82814,11.13004,0.49317
2021_10_KC_LV,2021,10,0.40715,-2.65784,0.48547
2021_10_LA_SF,2021,10,0.35592,-4.20703,0.48010
2021_10_MIN_LAC,2021,10,0.61234,3.23802,0.48934
2021_10_NO_TEN,2021,10,0.61170,3.21866,0.48915
2021_10_PHI_DEN,2021,10,0.54921,1.40686,0.49099
2021_10_SEA_GB,2021,10,0.61497,3.31855,0.49013
2021_10_TB_WAS,2021,10,0.17273,-11.09459,0.47632
2021_11_ARI_SEA,2021,11,0.57416,2.10405,0.48314
2021_11_BAL_CHI,2021,11,0.35887,-4.07708,0.49604
2021_11_CIN_LV,2021,11,0.45085,-1.40196,0.48308
2021_11_DAL_KC,2021,11,0.57895,2.24603,0.48453
2021_11_DET_CLE,2021,11,0.86803,13.32157,0.49016
2021_11_GB_MIN,2021,11,0.42418,-2.18690,0.47542
2021_11_HOU_TEN,2021,11,0.82750,11.09726,0.49285
2021_11_IND_BUF,2021,11,0.74025,7.40038,0.48604
2021_11_MIA_NYJ,2021,11,0.36126,-4.03898,0.48174
2021_11_NE_ATL,2021,11,0.25537,-7.57529,0.48139
2021_11_NO_PHI,2021,11,0.55552,1.55475,0.47778
2021_11_NYG_TB,2021,11,0.83102,11.25279,0.48460
2021_11_PIT_LAC,2021,11,0.66177,4.72640,0.47945
2021_11_SF_JAX,2021,11,0.26044,-7.39596,0.47826
2021_11_WAS_CAR,2021,11,0.61592,3.33521,0.48540
2021_12_ATL_JAX,2021,12,0.42688,-2.09451,0.48120
2021_12_BUF_NO,2021,12,0.28575,-6.45978,0.49229
2021_12_CAR_MIA,2021,12,0.48264,-0.47673,0.49213
2021_12_CHI_DET,2021,12,0.37433,-3.66890,0.47072
2021_12_CLE_BAL,2021,12,0.61052,3.18268,0.48880
2021_12_LAC_DEN,2021,12,0.41873,-2.31189,0.48885
2021_12_LA_GB,2021,12,0.45920,-1.13368,0.49548
2021_12_LV_DAL,2021,12,0.73633,7.26590,0.48961
2021_12_MIN_SF,2021,12,0.61324,3.25334,0.48460
2021_12_NYJ_HOU,2021,12,0.62677,3.68152,0.49368
2021_12_PHI_NYG,2021,12,0.34130,-4.66101,0.48055
2021_12_PIT_CIN,2021,12,0.60042,2.86414,0.48080
2021_12_SEA_WAS,2021,12,0.48377,-0.44414,0.49245
2021_12_TB_IND,2021,12,0.40027,-2.85250,0.48845
2021_12_TEN_NE,2021,12,0.72489,6.83277,0.48049
2021_13_ARI_CHI,2021,13,0.24190,-8.08524,0.48129
2021_13_BAL_PIT,2021,13,0.35304,-4.28608,0.48422
2021_13_DAL_NO,2021,13,0.32692,-5.07992,0.49601
2021_13_DEN_KC,2021,13,0.77666,8.81689,0.49011
2021_13_IND_HOU,2021,13,0.18041,-10.71216,0.48005
2021_13_JAX_LA,2021,13,0.88532,14.45629,0.49147
2021_13_LAC_CIN,2021,13,0.58789,2.51248,0.48713
2021_13_MIN_DET,2021,13,0.23373,-8.42393,0.47311
2021_13_NE_BUF,2021,13,0.59116,2.59816,0.48308
2021_13_NYG_MIA,2021,13,0.72200,6.75243,0.48948
2021_13_PHI_NYJ,2021,13,0.30832,-5.72596,0.47992
2021_13_SF_SEA,2021,13,0.37962,-3.48104,0.48231
2021_13_TB_ATL,2021,13,0.16248,-11.60238,0.48112
2021_13_WAS_LV,2021,13,0.52324,0.65050,0.48360
2021_14_ATL_CAR,2021,14,0.59717,2.79077,0.48985
2021_14_BAL_CLE,2021,14,0.58068,2.28534,0.48003
2021_14_BUF_TB,2021,14,0.62369,3.57401,0.48774
2021_14_CHI_GB,2021,14,0.85482,12.55647,0.49734
2021_14_DAL_WAS,2021,14,0.30440,-5.82290,0.49363
2021_14_DET_DEN,2021,14,0.86169,12.92877,0.48632
2021_14_JAX_TEN,2021,14,0.80525,10.07053,0.50237
2021_14_LA_ARI,2021,14,0.61545,3.33320,0.49027
2021_14_LV_KC,2021,14,0.80948,10.23098,0.48927
2021_14_NO_NYJ,2021,14,0.31606,-5.47743,0.47746
2021_14_NYG_LAC,2021,14,0.80293,9.93959,0.49131
2021_14_PIT_MIN,2021,14,0.60803,3.09449,0.48305
2021_14_SEA_HOU,2021,14,0.18846,-10.32479,0.48384
2021_14_SF_CIN,2021,14,0.41354,-2.46646,0.48734
2021_15_ARI_DET,2021,15,0.11941,-14.14665,0.47581
2021_15_ATL_SF,2021,15,0.79174,9.43815,0.48641
2021_15_CAR_BUF,2021,15,0.87706,13.88494,0.48589
2021_15_CIN_DEN,2021,15,0.59142,2.60577,0.48316
2021_15_DAL_NYG,2021,15,0.16653,-11.37653,0.48822
2021_15_GB_BAL,2021,15,0.19890,-9.85302,0.48356
2021_15_HOU_JAX,2021,15,0.67377,5.10576,0.47827
2021_15_KC_LAC,2021,15,0.39264,-3.08332,0.48620
2021_15_LV_CLE,2021,15,0.42644,-2.07075,0.49610
2021_15_MIN_CHI,2021,15,0.27481,-6.85268,0.48845
2021_15_NE_IND,2021,15,0.45601,-1.25133,0.48455
2021_15_NO_TB,2021,15,0.82792,11.09428,0.48305
2021_15_NYJ_MIA,2021,15,0.84108,11.80875,0.49981
2021_15_SEA_LA,2021,15,0.73399,7.16651,0.48375
2021_15_TEN_PIT,2021,15,0.50737,0.19041,0.47910
2021_15_WAS_PHI,2021,15,0.79790,9.69924,0.48407
2021_16_BAL_CIN,2021,16,0.71480,6.47022,0.47695
2021_16_BUF_NE,2021,16,0.53578,1.01506,0.48716
2021_16_CHI_SEA,2021,16,0.72933,7.00700,0.48708
2021_16_CLE_GB,2021,16,0.76489,8.35935,0.49542
2021_16_DEN_LV,2021,16,0.47816,-0.60671,0.49086
2021_16_DET_ATL,2021,16,0.74371,7.53130,0.48732
2021_16_IND_ARI,2021,16,0.56973,1.96081,0.47686
2021_16_JAX_NYJ,2021,16,0.58871,2.53700,0.48737
2021_16_LAC_HOU,2021,16,0.12808,-13.55521,0.48647
2021_16_LA_MIN,2021,16,0.37196,-3.70543,0.48500
2021_16_MIA_NO,2021,16,0.41593,-2.38303,0.49304
2021_16_NYG_PHI,2021,16,0.81795,10.61083,0.48321
2021_16_PIT_KC,2021,16,0.81728,10.59047,0.48790
2021_16_SF_TEN,2021,16,0.38442,-3.32149,0.48876
2021_16_TB_CAR,2021,16,0.15178,-12.17509,0.48041
2021_16_WAS_DAL,2021,16,0.80777,10.13841,0.48348
2021_17_ARI_DAL,2021,17,0.71004,6.32667,0.48532
2021_17_ATL_BUF,2021,17,0.87946,14.04722,0.48747
2021_17_CAR_NO,2021,17,0.75018,7.79146,0.49475
2021_17_CLE_PIT,2021,17,0.46482,-0.99451,0.48707
2021_17_DEN_LAC,2021,17,0.75649,8.01268,0.48714
2021_17_DET_SEA,2021,17,0.78423,9.13704,0.49324
2021_17_HOU_SF,2021,17,0.85776,12.66796,0.47400
2021_17_JAX_NE,2021,17,0.93029,18.33322,0.49516
2021_17_KC_CIN,2021,17,0.35465,-4.24708,0.47971
2021_17_LA_BAL,2021,17,0.28179,-6.60097,0.49091
2021_17_LV_IND,2021,17,0.78851,9.32129,0.49504
2021_17_MIA_TEN,2021,17,0.58560,2.43182,0.48146
2021_17_MIN_GB,2021,17,0.87283,13.62986,0.49317
2021_17_NYG_CHI,2021,17,0.73197,7.10417,0.48803
2021_17_PHI_WAS,2021,17,0.27712,-6.78102,0.48426
2021_17_TB_NYJ,2021,17,0.10173,-15.41384,0.47808
2021_18_CAR_TB,2021,18,0.85226,12.42065,0.50091
2021_18_CHI_MIN,2021,18,0.61715,3.37284,0.48577
2021_18_CIN_CLE,2021,18,0.68120,5.33971,0.47568
2021_18_DAL_PHI,2021,18,0.30035,-5.96191,0.49227
2021_18_GB_DET,2021,18,0.27622,-6.87515,0.45898
2021_18_IND_JAX,2021,18,0.10028,-15.54199,0.47195
2021_18_KC_DEN,2021,18,0.14579,-12.51790,0.47707
2021_18_LAC_LV,2021,18,0.37330,-3.66387,0.48541
2021_18_NE_MIA,2021,18,0.29740,-6.07613,0.48627
2021_18_NO_ATL,2021,18,0.32635,-5.13568,0.48080
2021_18_NYJ_BUF,2021,18,0.91459,16.77624,0.49460
2021_18_PIT_BAL,2021,18,0.60083,2.88890,0.48593
2021_18_SEA_ARI,2021,18,0.66978,4.98727,0.48200
2021_18_SF_LA,2021,18,0.60088,2.89023,0.48594
2021_18_TEN_HOU,2021,18,0.17440,-10.99806,0.48214
2021_18_WAS_NYG,2021,18,0.30681,-5.75275,0.48943
2021_19_ARI_LA,2021,19,0.64621,4.26525,0.48960
2021_19_LV_CIN,2021,19,0.70520,6.16951,0.48867
2021_19_NE_BUF,2021,19,0.65280,4.46255,0.48665
2021_19_PHI_TB,2021,19,0.75364,7.91359,0.49106
2021_19_PIT_KC,2021,19,0.86075,12.87177,0.48576
2021_19_SF_DAL,2021,19,0.60937,3.14764,0.48845
2021_20_BUF_KC,2021,20,0.58043,2.29007,0.48496
2021_20_CIN_TEN,2021,20,0.63838,4.01855,0.48719
2021_20_LA_TB,2021,20,0.59829,2.82448,0.49018
2021_20_SF_GB,2021,20,0.69588,5.86001,0.49053
2021_21_CIN_KC,2021,21,0.74157,7.46239,0.49153
2021_21_SF_LA,2021,21,0.61900,3.42972,0.48632
2021_22_LA_CIN,2021,22,0.32384,-5.21852,0.47999
2022_01_BAL_NYJ,2022,1,0.28106,-6.58751,0.48478
2022_01_BUF_LA,2022,1,0.46015,-0.94737,0.48512
2022_01_CLE_CAR,2022,1,0.56729,2.03123,0.48388
2022_01_DEN_SEA,2022,1,0.31864,-5.06529,0.48720
2022_01_GB_MIN,2022,1,0.55943,1.73354,0.48318
2022_01_IND_HOU,2022,1,0.26641,-7.12680,0.48469
2022_01_JAX_WAS,2022,1,0.60672,3.40033,0.48594
2022_01_KC_ARI,2022,1,0.29001,-6.32618,0.48422
2022_01_LV_LAC,2022,1,0.60903,3.34275,0.48462
2022_01_NE_MIA,2022,1,0.58624,2.60718,0.48406
2022_01_NO_ATL,2022,1,0.28373,-6.61254,0.48354
2022_01_NYG_TEN,2022,1,0.68129,5.70135,0.48547
2022_01_PHI_DET,2022,1,0.29739,-5.99464,0.48500
2022_01_PIT_CIN,2022,1,0.72096,6.87717,0.48352
2022_01_SF_CHI,2022,1,0.29013,-6.17299,0.48576
2022_01_TB_DAL,2022,1,0.40895,-2.44808,0.48511
2022_02_ARI_LV,2022,2,0.66150,4.86532,0.48349
2022_02_ATL_LA,2022,2,0.80466,10.33828,0.48461
2022_02_CAR_NYG,2022,2,0.45801,-1.02792,0.48493
2022_02_CHI_GB,2022,2,0.79352,9.69125,0.48308
2022_02_CIN_DAL,2022,2,0.26553,-7.02087,0.48612
2022_02_HOU_DEN,2022,2,0.79682,9.87992,0.48353
2022_02_IND_JAX,2022,2,0.36910,-3.86405,0.48295
2022_02_LAC_KC,2022,2,0.64455,4.61098,0.48643
2022_02_MIA_BAL,2022,2,0.58557,2.58154,0.48400
2022_02_MIN_PHI,2022,2,0.57189,2.20606,0.48430
2022_02_NE_PIT,2022,2,0.39990,-2.65082,0.48582
2022_02_NYJ_CLE,2022,2,0.70448,6.42206,0.48481
2022_02_SEA_SF,2022,2,0.73874,7.42245,0.48245
2022_02_TB_NO,2022,2,0.40890,-2.45014,0.48511
2022_02_TEN_BUF,2022,2,0.79479,9.91136,0.48478
2022_02_WAS_DET,2022,2,0.44420,-1.54776,0.48370
2022_03_ATL_SEA,2022,3,0.53949,1.42566,0.48600
2022_03_BAL_NE,2022,3,0.41073,-2.37976,0.48528
2022_03_BUF_MIA,2022,3,0.35413,-4.17302,0.48458
2022_03_CIN_NYJ,2022,3,0.28286,-6.50433,0.48498
2022_03_DAL_NYG,2022,3,0.51166,0.38514,0.48354
2022_03_DET_MIN,2022,3,0.70037,6.23909,0.48437
2022_03_GB_TB,2022,3,0.54038,1.45904,0.48608
2022_03_HOU_CHI,2022,3,0.59933,3.11266,0.48526
2022_03_JAX_LAC,2022,3,0.70728,6.54766,0.48510
2022_03_KC_IND,2022,3,0.31976,-5.46005,0.48272
2022_03_LA_ARI,2022,3,0.36895,-3.72260,0.48447
2022_03_LV_TEN,2022,3,0.45697,-0.91926,0.48636
2022_03_NO_CAR,2022,3,0.40716,-2.66496,0.48342
2022_03_PHI_WAS,2022,3,0.29615,-6.04987,0.48487
2022_03_PIT_CLE,2022,3,0.62980,3.86892,0.48350
2022_03_SF_DEN,2022,3,0.44319,-1.58570,0.48361
2022_04_ARI_CAR,2022,4,0.52174,0.76152,0.48443
2022_04_BUF_BAL,2022,4,0.38086,-3.39663,0.48405
2022_04_CHI_NYG,2022,4,0.58175,2.43497,0.48366
2022_04_CLE_ATL,2022,4,0.44921,-1.35873,0.48414
2022_04_DEN_LV,2022,4,0.57215,2.21615,0.48432
2022_04_JAX_PHI,2022,4,0.70692,6.53178,0.48507
2022_04_KC_TB,2022,4,0.51756,0.60535,0.48406
2022_04_LAC_HOU,2022,4,0.31246,-5.47936,0.48504
2022_04_LA_SF,2022,4,0.51607,0.54974,0.48393
2022_04_MIA_CIN,2022,4,0.60560,3.06128,0.48277
2022_04_MIN_NO,2022,4,0.35124,-4.29107,0.48430
2022_04_NE_GB,2022,4,0.79133,9.71497,0.48432
2022_04_NYJ_PIT,2022,4,0.61419,3.69301,0.48663
2022_04_SEA_DET,2022,4,0.58204,2.44598,0.48368
2022_04_TEN_IND,2022,4,0.62713,3.76227,0.48325
2022_04_WAS_DAL,2022,4,0.60677,3.40233,0.48594
2022_05_ATL_TB,2022,5,0.80436,10.32006,0.48457
2022_05_CHI_MIN,2022,5,0.78711,9.47847,0.48376
2022_05_CIN_BAL,2022,5,0.58523,2.56831,0.48397
2022_05_DAL_LA,2022,5,0.66292,4.92440,0.48363
2022_05_DET_NE,2022,5,0.58999,2.75126,0.48440
2022_05_HOU_JAX,2022,5,0.72160,7.05450,0.48512
2022_05_IND_DEN,2022,5,0.59550,2.81630,0.48338
2022_05_LAC_CLE,2022,5,0.46948,-0.59790,0.48594
2022_05_LV_KC,2022,5,0.74926,8.23257,0.48672
2022_05_MIA_NYJ,2022,5,0.36766,-3.92172,0.48281
2022_05_NYG_GB,2022,5,0.75093,8.02017,0.48386
2022_05_PHI_ARI,2022,5,0.31044,-5.56725,0.48483
2022_05_PIT_BUF,2022,5,0.87380,14.14382,0.48533
2022_05_SEA_NO,2022,5,0.65763,4.70482,0.48311
2022_05_SF_CAR,2022,5,0.28232,-6.67694,0.48339
2022_05_TEN_WAS,2022,5,0.43542,-1.87986,0.48291
2022_06_ARI_SEA,2022,6,0.42252,-1.92768,0.48634
2022_06_BAL_NYG,2022,6,0.31030,-5.57335,0.48482
2022_06_BUF_KC,2022,6,0.40795,-2.48677,0.48502
2022_06_CAR_LA,2022,6,0.79481,9.91261,0.48478
2022_06_CIN_NO,2022,6,0.38888,-3.08067,0.48480
2022_06_DAL_PHI,2022,6,0.69810,6.13850,0.48414
2022_06_DEN_LAC,2022,6,0.61968,3.76193,0.48561
2022_06_JAX_IND,2022,6,0.53636,1.30817,0.48572
2022_06_MIN_MIA,2022,6,0.39400,-2.88060,0.48527
2022_06_NE_CLE,2022,6,0.57509,2.32788,0.48458
2022_06_NYJ_GB,2022,6,0.73523,7.54892,0.48511
2022_06_SF_ATL,2022,6,0.35834,-4.14984,0.48346
2022_06_TB_PIT,2022,6,0.19253,-10.16168,0.48461
2022_06_WAS_CHI,2022,6,0.47048,-0.56071,0.48603
2022_07_ATL_CIN,2022,7,0.70250,6.33387,0.48460
2022_07_CHI_NE,2022,7,0.78532,9.52670,0.48505
2022_07_CLE_BAL,2022,7,0.70423,6.41088,0.48478
2022_07_DET_DAL,2022,7,0.72416,7.17336,0.48540
2022_07_GB_WAS,2022,7,0.35468,-4.15090,0.48463
2022_07_HOU_LV,2022,7,0.71850,6.91108,0.48478
2022_07_IND_TEN,2022,7,0.58340,2.64566,0.48534
2022_07_KC_SF,2022,7,0.45029,-1.31817,0.48424
2022_07_NO_ARI,2022,7,0.56597,1.98117,0.48377
2022_07_NYG_JAX,2022,7,0.57435,2.15214,0.48299
2022_07_NYJ_DEN,2022,7,0.41789,-2.25232,0.48439
2022_07_PIT_MIA,2022,7,0.72902,7.25365,0.48441
2022_07_SEA_LAC,2022,7,0.65646,4.65634,0.48300
2022_07_TB_CAR,2022,7,0.13150,-13.50749,0.48379
2022_08_ARI_MIN,2022,8,0.64057,4.44983,0.48605
2022_08_BAL_TB,2022,8,0.55805,1.82885,0.48459
2022_08_CAR_ATL,2022,8,0.64620,4.53063,0.48506
2022_08_CHI_DAL,2022,8,0.80274,10.22442,0.48434
2022_08_CIN_CLE,2022,8,0.36778,-3.91725,0.48282
2022_08_DEN_JAX,2022,8,0.51930,0.67024,0.48421
2022_08_GB_BUF,2022,8,0.82305,11.47016,0.48728
2022_08_LV_NO,2022,8,0.46371,-0.81407,0.48543
2022_08_MIA_DET,2022,8,0.35398,-4.32712,0.48304
2022_08_NE_NYJ,2022,8,0.38757,-3.13209,0.48468
2022_08_NYG_SEA,2022,8,0.59441,2.92212,0.48481
2022_08_PIT_PHI,2022,8,0.82183,11.24492,0.48557
2022_08_SF_LA,2022,8,0.45971,-0.96404,0.48508
2022_08_TEN_HOU,2022,8,0.43838,-1.76773,0.48318
2022_08_WAS_IND,2022,8,0.59943,3.11650,0.48527
2022_09_BAL_NO,2022,9,0.45160,-1.26859,0.48436
2022_09_BUF_NYJ,2022,9,0.16244,-11.79135,0.48312
2022_09_CAR_CIN,2022,9,0.72618,7.26817,0.48562
2022_09_GB_DET,2022,9,0.35110,-4.29702,0.48429
2022_09_IND_NE,2022,9,0.65512,4.74887,0.48440
2022_09_LAC_ATL,2022,9,0.41780,-2.10807,0.48592
2022_09_LA_TB,2022,9,0.59979,3.13034,0.48530
2022_09_LV_JAX,2022,9,0.40224,-2.70753,0.48450
2022_09_MIA_CHI,2022,9,0.34952,-4.36175,0.48414
2022_09_MIN_WAS,2022,9,0.37649,-3.56952,0.48365
2022_09_PHI_HOU,2022,9,0.11685,-14.46882,0.48388
2022_09_SEA_ARI,2022,9,0.52586,0.76756,0.48326
2022_09_TEN_KC,2022,9,0.87665,14.38761,0.48591
2022_10_ARI_LA,2022,10,0.60528,3.19646,0.48427
2022_10_ATL_CAR,2022,10,0.39294,-3.06949,0.48365
2022_10_CLE_MIA,2022,10,0.59703,3.02315,0.48505
2022_10_DAL_GB,2022,10,0.34376,-4.74627,0.48205
2022_10_DEN_TEN,2022,10,0.59334,3.02831,0.48624
2022_10_DET_CHI,2022,10,0.60312,3.25983,0.48560
2022_10_HOU_NYG,2022,10,0.69824,6.43974,0.48721
2022_10_IND_LV,2022,10,0.62942,3.85376,0.48346
2022_10_JAX_KC,2022,10,0.81405,11.05325,0.48748
2022_10_LAC_SF,2022,10,0.76843,8.91404,0.48597
2022_10_MIN_BUF,2022,10,0.70773,6.56824,0.48515
2022_10_NO_PIT,2022,10,0.52473,0.87304,0.48469
2022_10_SEA_TB,2022,10,0.55477,1.55733,0.48276
2022_10_WAS_PHI,2022,10,0.82393,11.37920,0.48589
2022_11_CAR_BAL,2022,11,0.85983,13.31106,0.48573
2022_11_CHI_ATL,2022,11,0.58439,2.53599,0.48389
2022_11_CIN_PIT,2022,11,0.35132,-4.43569,0.48278
2022_11_CLE_BUF,2022,11,0.73306,7.44536,0.48486
2022_11_DAL_MIN,2022,11,0.44355,-1.42451,0.48517
2022_11_DET_NYG,2022,11,0.60612,3.37664,0.48588
2022_11_KC_LAC,2022,11,0.28495,-6.70414,0.48215
2022_11_LA_NO,2022,11,0.57574,2.35269,0.48464
2022_11_LV_DEN,2022,11,0.56624,1.99133,0.48379
2022_11_NYJ_NE,2022,11,0.61267,3.48546,0.48496
2022_11_PHI_IND,2022,11,0.27160,-7.02846,0.48374
2022_11_SF_ARI,2022,11,0.18841,-10.41046,0.48402
2022_11_TEN_GB,2022,11,0.56716,1.87853,0.48234
2022_11_WAS_HOU,2022,11,0.37957,-3.44740,0.48393
2022_12_ATL_WAS,2022,12,0.60790,3.29872,0.48452
2022_12_BAL_JAX,2022,12,0.35879,-4.13149,0.48350
2022_12_BUF_DET,2022,12,0.18668,-10.51626,0.48377
2022_12_CHI_NYJ,2022,12,0.75314,8.13067,0.48412
2022_12_CIN_TEN,2022,12,0.46369,-0.81480,0.48543
2022_12_DEN_CAR,2022,12,0.46151,-0.89659,0.48524
2022_12_GB_PHI,2022,12,0.71193,6.75838,0.48560
2022_12_HOU_MIA,2022,12,0.88181,14.84008,0.48698
2022_12_LAC_ARI,2022,12,0.41077,-2.37819,0.48528
2022_12_LA_KC,2022,12,0.91132,17.08606,0.48638
2022_12_LV_SEA,2022,12,0.64624,4.67990,0.48660
2022_12_NE_MIN,2022,12,0.57149,2.19099,0.48426
2022_12_NO_SF,2022,12,0.78879,9.71982,0.48551
2022_12_NYG_DAL,2022,12,0.80969,10.63911,0.48532
2022_12_PIT_IND,2022,12,0.58308,2.63360,0.48531
2022_12_TB_CLE,2022,12,0.37534,-3.61520,0.48354
2022_13_BUF_NE,2022,13,0.36105,-4.04010,0.48372
2022_13_CLE_HOU,2022,13,0.24854,-7.85050,0.48416
2022_13_DEN_BAL,2022,13,0.79875,10.28725,0.48685
2022_13_GB_CHI,2022,13,0.36568,-3.70576,0.48569
2022_13_IND_DAL,2022,13,0.82137,11.21564,0.48550
2022_13_JAX_DET,2022,13,0.53009,1.07354,0.48516
2022_13_KC_CIN,2022,13,0.39263,-3.08160,0.48362
2022_13_LAC_LV,2022,13,0.57525,2.33415,0.48460
2022_13_MIA_SF,2022,13,0.64132,4.33222,0.48459
2022_13_NO_TB,2022,13,0.61311,3.50286,0.48500
2022_13_NYJ_MIN,2022,13,0.59533,2.95755,0.48489
2022_13_PIT_ATL,2022,13,0.45291,-1.21966,0.48447
2022_13_SEA_LA,2022,13,0.26314,-7.28297,0.48432
2022_13_TEN_PHI,2022,13,0.64847,4.47568,0.48375
2022_13_WAS_NYG,2022,13,0.40636,-2.54829,0.48488
2022_14_BAL_PIT,2022,14,0.53709,1.18813,0.48425
2022_14_CAR_SEA,2022,14,0.62280,3.88525,0.48590
2022_14_CLE_CIN,2022,14,0.65770,5.00317,0.48618
2022_14_HOU_DAL,2022,14,0.91852,17.80059,0.48688
2022_14_JAX_TEN,2022,14,0.61905,3.88456,0.48708
2022_14_KC_DEN,2022,14,0.20060,-10.12837,0.48114
2022_14_LV_LA,2022,14,0.27726,-6.76320,0.48437
2022_14_MIA_LAC,2022,14,0.38016,-3.42410,0.48399
2022_14_MIN_DET,2022,14,0.55711,1.64555,0.48297
2022_14_NE_ARI,2022,14,0.43018,-1.78324,0.48550
2022_14_NYJ_BUF,2022,14,0.79913,10.16119,0.48537
2022_14_PHI_NYG,2022,14,0.24337,-8.11027,0.48355
2022_14_TB_SF,2022,14,0.60707,3.26636,0.48444
2022_15_ARI_DEN,2022,15,0.52313,0.66549,0.48302
2022_15_ATL_NO,2022,15,0.66498,5.15812,0.48536
2022_15_BAL_CLE,2022,15,0.56154,1.81317,0.48337
2022_15_CIN_TB,2022,15,0.36118,-4.03487,0.48373
2022_15_DAL_JAX,2022,15,0.33229,-5.07658,0.48245
2022_15_DET_NYJ,2022,15,0.54067,1.17464,0.48304
2022_15_IND_MIN,2022,15,0.61483,3.57041,0.48516
2022_15_KC_HOU,2022,15,0.10209,-15.73459,0.48207
2022_15_LA_GB,2022,15,0.75150,8.19622,0.48545
2022_15_MIA_BUF,2022,15,0.72533,7.22821,0.48553
2022_15_NE_LV,2022,15,0.51861,0.64443,0.48415
2022_15_NYG_WAS,2022,15,0.65259,4.79212,0.48568
2022_15_PHI_CHI,2022,15,0.22135,-8.96620,0.48389
2022_15_PIT_CAR,2022,15,0.56350,1.88729,0.48354
2022_15_SF_SEA,2022,15,0.38484,-3.23933,0.48443
2022_15_TEN_LAC,2022,15,0.58058,2.38986,0.48355
2022_16_ATL_BAL,2022,16,0.71051,6.69362,0.48545
2022_16_BUF_CHI,2022,16,0.22157,-9.10175,0.48239
2022_16_CIN_NE,2022,16,0.37685,-3.55528,0.48368
2022_16_DEN_LA,2022,16,0.40100,-2.60789,0.48592
2022_16_DET_CAR,2022,16,0.39539,-2.97378,0.48387
2022_16_GB_MIA,2022,16,0.61156,3.44206,0.48485
2022_16_HOU_TEN,2022,16,0.60655,3.39342,0.48592
2022_16_JAX_NYJ,2022,16,0.56541,1.95995,0.48372
2022_16_LAC_IND,2022,16,0.37804,-3.36034,0.48532
2022_16_LV_PIT,2022,16,0.57779,2.43118,0.48483
2022_16_NO_CLE,2022,16,0.58798,2.67413,0.48422
2022_16_NYG_MIN,2022,16,0.65429,4.86233,0.48585
2022_16_PHI_DAL,2022,16,0.63138,4.07971,0.48518
2022_16_SEA_KC,2022,16,0.81567,11.00532,0.48619
2022_16_TB_ARI,2022,16,0.25477,-7.54204,0.48489
2022_16_WAS_SF,2022,16,0.71711,6.99507,0.48616
2022_17_ARI_ATL,2022,17,0.71061,6.55045,0.48393
2022_17_CAR_TB,2022,17,0.60351,3.12747,0.48411
2022_17_CHI_DET,2022,17,0.65480,4.88336,0.48590
2022_17_CLE_WAS,2022,17,0.52296,0.80710,0.48454
2022_17_DAL_TEN,2022,17,0.11994,-14.19288,0.48454
2022_17_DEN_KC,2022,17,0.87763,14.61971,0.48764
2022_17_IND_NYG,2022,17,0.67877,5.59379,0.48521
2022_17_JAX_HOU,2022,17,0.35589,-4.24929,0.48322
2022_17_LA_LAC,2022,17,0.70001,6.22311,0.48434
2022_17_MIA_NE,2022,17,0.59988,3.13398,0.48531
2022_17_MIN_GB,2022,17,0.57456,2.16005,0.48301
2022_17_NO_PHI,2022,17,0.67761,5.54406,0.48510
2022_17_NYJ_SEA,2022,17,0.46506,-0.76329,0.48555
2022_17_PIT_BAL,2022,17,0.52131,0.74532,0.48439
2022_17_SF_LV,2022,17,0.18521,-10.60703,0.48356
2022_18_ARI_SF,2022,18,0.87919,14.60846,0.48643
2022_18_BAL_CIN,2022,18,0.81581,10.86620,0.48467
2022_18_CAR_NO,2022,18,0.61116,3.42615,0.48482
2022_18_CLE_PIT,2022,18,0.58152,2.57385,0.48517
2022_18_DAL_WAS,2022,18,0.23662,-8.45495,0.48274
2022_18_DET_GB,2022,18,0.66681,5.08707,0.48402
2022_18_HOU_IND,2022,18,0.59724,3.03151,0.48507
2022_18_KC_LV,2022,18,0.20276,-9.85557,0.48297
2022_18_LAC_DEN,2022,18,0.64699,4.11984,0.48055
2022_18_LA_SEA,2022,18,0.67514,5.43888,0.48485
2022_18_MIN_CHI,2022,18,0.26141,-7.51436,0.48259
2022_18_NE_BUF,2022,18,0.75510,8.37670,0.48588
2022_18_NYG_PHI,2022,18,0.90498,16.37681,0.48470
2022_18_NYJ_MIA,2022,18,0.60533,3.19828,0.48428
2022_18_TB_ATL,2022,18,0.66530,4.87609,0.48234
2022_18_TEN_JAX,2022,18,0.69270,6.04823,0.48511
2022_19_BAL_CIN,2022,19,0.73700,7.63368,0.48531
2022_19_DAL_TB,2022,19,0.39797,-2.87334,0.48411
2022_19_LAC_JAX,2022,19,0.42990,-1.79400,0.48548
2022_19_MIA_BUF,2022,19,0.87987,14.66829,0.48657
2022_19_NYG_MIN,2022,19,0.58750,2.80310,0.48571
2022_19_SEA_SF,2022,19,0.80042,10.23650,0.48555
2022_20_CIN_BUF,2022,20,0.68186,5.57825,0.48399
2022_20_DAL_SF,2022,20,0.61632,3.62908,0.48530
2022_20_JAX_KC,2022,20,0.80831,10.70407,0.48665
2022_20_NYG_PHI,2022,20,0.74868,8.05619,0.48512
2022_21_CIN_KC,2022,21,0.55961,1.88786,0.48473
2022_21_SF_PHI,2022,21,0.56170,1.81932,0.48338
2022_22_KC_PHI,2022,22,0.49976,-0.05834,0.48249
2023_01_ARI_WAS,2023,1,0.72322,6.88675,0.48545
2023_01_BUF_NYJ,2023,1,0.39468,-2.85413,0.48595
2023_01_CAR_ATL,2023,1,0.59926,2.93484,0.48640
2023_01_CIN_CLE,2023,1,0.43820,-1.62718,0.48653
2023_01_DAL_NYG,2023,1,0.37157,-3.50369,0.48522
2023_01_DET_KC,2023,1,0.63941,4.20498,0.48478
2023_01_GB_CHI,2023,1,0.51234,0.46717,0.48633
2023_01_HOU_BAL,2023,1,0.79123,9.50134,0.48521
2023_01_JAX_IND,2023,1,0.35610,-3.96781,0.48514
2023_01_LA_SEA,2023,1,0.64192,4.23397,0.48577
2023_01_LV_DEN,2023,1,0.57563,2.23185,0.48682
2023_01_MIA_LAC,2023,1,0.59685,2.91251,0.48540
2023_01_PHI_NE,2023,1,0.36719,-3.64984,0.48553
2023_01_SF_PIT,2023,1,0.44123,-1.47568,0.48516
2023_01_TB_MIN,2023,1,0.64337,4.33903,0.48450
2023_01_TEN_NO,2023,1,0.59937,2.99427,0.48522
2023_02_BAL_CIN,2023,2,0.60628,3.16309,0.48592
2023_02_CHI_TB,2023,2,0.59181,2.80589,0.48457
2023_02_CLE_PIT,2023,2,0.41011,-2.35509,0.48491
2023_02_GB_ATL,2023,2,0.57611,2.24719,0.48679
2023_02_IND_HOU,2023,2,0.45469,-1.10800,0.48544
2023_02_KC_JAX,2023,2,0.36695,-3.65800,0.48554
2023_02_LAC_TEN,2023,2,0.40936,-2.37921,0.48496
2023_02_LV_BUF,2023,2,0.72944,7.07454,0.48610
2023_02_MIA_NE,2023,2,0.42296,-1.99939,0.48521
2023_02_MIN_PHI,2023,2,0.69550,5.95172,0.48531
2023_02_NO_CAR,2023,2,0.38313,-3.17662,0.48558
2023_02_NYG_ARI,2023,2,0.33108,-4.71973,0.48463
2023_02_NYJ_DAL,2023,2,0.77141,8.70970,0.48477
2023_02_SEA_DET,2023,2,0.65377,4.63817,0.48492
2023_02_SF_LA,2023,2,0.25255,-7.41105,0.48503
2023_02_WAS_DEN,2023,2,0.61403,3.36064,0.48655
2023_03_ATL_DET,2023,3,0.59592,2.88269,0.48546
2023_03_BUF_WAS,2023,3,0.31065,-5.39363,0.48499
2023_03_CAR_SEA,2023,3,0.66118,4.83841,0.48555
2023_03_CHI_KC,2023,3,0.86718,13.34234,0.48449
2023_03_DAL_ARI,2023,3,0.15609,-11.65303,0.48553
2023_03_DEN_MIA,2023,3,0.70509,6.30713,0.48457
2023_03_HOU_JAX,2023,3,0.73533,7.30839,0.48561
2023_03_IND_BAL,2023,3,0.73966,7.48247,0.48525
2023_03_LAC_MIN,2023,3,0.53357,1.12923,0.48494
2023_03_LA_CIN,2023,3,0.59915,2.98701,0.48524
2023_03_NE_NYJ,2023,3,0.40049,-2.66544,0.48556
2023_03_NO_GB,2023,3,0.44976,-1.20699,0.48460
2023_03_NYG_SF,2023,3,0.81908,10.77269,0.48464
2023_03_PHI_TB,2023,3,0.29261,-6.00447,0.48522
2023_03_PIT_LV,2023,3,0.59349,2.80420,0.48562
2023_03_TEN_CLE,2023,3,0.60682,3.18042,0.48588
2023_04_ARI_SF,2023,4,0.89250,14.98938,0.48523
2023_04_ATL_JAX,2023,4,0.59334,2.74360,0.48680
2023_04_BAL_CLE,2023,4,0.41911,-2.12226,0.48547
2023_04_CIN_TEN,2023,4,0.39561,-2.82402,0.48589
2023_04_DEN_CHI,2023,4,0.38377,-3.15542,0.48554
2023_04_DET_GB,2023,4,0.42023,-2.03051,0.48423
2023_04_KC_NYJ,2023,4,0.18969,-10.04319,0.48635
2023_04_LA_IND,2023,4,0.46149,-0.89469,0.48499
2023_04_LV_LAC,2023,4,0.73037,7.16715,0.48486
2023_04_MIA_BUF,2023,4,0.58188,2.48704,0.48524
2023_04_MIN_CAR,2023,4,0.33841,-4.51959,0.48525
2023_04_NE_DAL,2023,4,0.71008,6.43897,0.48534
2023_04_PIT_HOU,2023,4,0.38449,-3.13199,0.48549
2023_04_SEA_NYG,2023,4,0.40606,-2.48540,0.48518
2023_04_TB_NO,2023,4,0.63245,3.97100,0.48527
2023_04_WAS_PHI,2023,4,0.79225,9.54941,0.48511
2023_05_BAL_PIT,2023,5,0.33552,-4.62012,0.48546
2023_05_CAR_DET,2023,5,0.79110,9.49509,0.48522
2023_05_CHI_WAS,2023,5,0.70417,6.27292,0.48464
2023_05_CIN_ARI,2023,5,0.39409,-2.81752,0.48483
2023_05_DAL_SF,2023,5,0.63074,3.96973,0.48423
2023_05_GB_LV,2023,5,0.51936,0.68587,0.48587
2023_05_HOU_ATL,2023,5,0.55917,1.76573,0.48675
2023_05_JAX_BUF,2023,5,0.69186,5.87418,0.48443
2023_05_KC_MIN,2023,5,0.35664,-4.00545,0.48627
2023_05_NO_NE,2023,5,0.57435,2.24688,0.48574
2023_05_NYG_MIA,2023,5,0.85086,12.34904,0.48553
2023_05_NYJ_DEN,2023,5,0.58664,2.63954,0.48492
2023_05_PHI_LA,2023,5,0.36820,-3.61609,0.48546
2023_05_TEN_IND,2023,5,0.41187,-2.29830,0.48479
2023_06_ARI_LA,2023,6,0.72406,6.91935,0.48538
2023_06_BAL_TEN,2023,6,0.30166,-5.72283,0.48568
2023_06_CAR_MIA,2023,6,0.87295,13.62858,0.48599
2023_06_DAL_LAC,2023,6,0.44943,-1.21744,0.48462
2023_06_DEN_KC,2023,6,0.82448,11.05982,0.48404
2023_06_DET_TB,2023,6,0.40160,-2.57365,0.48432
2023_06_IND_JAX,2023,6,0.63071,3.91282,0.48539
2023_06_MIN_CHI,2023,6,0.38279,-3.18774,0.48561
2023_06_NE_LV,2023,6,0.60539,3.18976,0.48481
2023_06_NO_HOU,2023,6,0.42162,-2.04200,0.48530
2023_06_NYG_BUF,2023,6,0.90061,15.61390,0.48497
2023_06_PHI_NYJ,2023,6,0.25909,-7.25533,0.48679
2023_06_SEA_CIN,2023,6,0.58695,2.59381,0.48606
2023_06_SF_CLE,2023,6,0.19470,-9.79218,0.48582
2023_06_WAS_ATL,2023,6,0.54261,1.35644,0.48551
2023_07_ARI_SEA,2023,7,0.78958,9.42360,0.48537
2023_07_ATL_TB,2023,7,0.60153,3.06421,0.48508
2023_07_BUF_NE,2023,7,0.23335,-8.22360,0.48673
2023_07_CLE_IND,2023,7,0.36697,-3.65721,0.48554
2023_07_DET_BAL,2023,7,0.58472,2.52212,0.48621
2023_07_GB_DEN,2023,7,0.51733,0.56664,0.48717
2023_07_JAX_NO,2023,7,0.57556,2.28550,0.48566
2023_07_LAC_KC,2023,7,0.69417,5.95847,0.48425
2023_07_LV_CHI,2023,7,0.40730,-2.44549,0.48510
2023_07_MIA_PHI,2023,7,0.60138,3.05928,0.48509
2023_07_PIT_LA,2023,7,0.60196,3.02249,0.48621
2023_07_SF_MIN,2023,7,0.25315,-7.44238,0.48614
2023_07_WAS_NYG,2023,7,0.38144,-3.23234,0.48570
2023_08_ATL_TEN,2023,8,0.41971,-2.04741,0.48426
2023_08_BAL_ARI,2023,8,0.19138,-9.95793,0.48617
2023_08_CHI_LAC,2023,8,0.78601,9.25773,0.48572
2023_08_CIN_SF,2023,8,0.64237,4.30511,0.48457
2023_08_CLE_SEA,2023,8,0.63399,4.02286,0.48516
2023_08_HOU_CAR,2023,8,0.37920,-3.30632,0.48585
2023_08_JAX_PIT,2023,8,0.41295,-2.26369,0.48472
2023_08_KC_DEN,2023,8,0.23807,-8.07576,0.48747
2023_08_LA_DAL,2023,8,0.71949,6.79806,0.48459
2023_08_LV_DET,2023,8,0.72622,7.00374,0.48520
2023_08_MIN_GB,2023,8,0.45143,-1.21045,0.48565
2023_08_NE_MIA,2023,8,0.73806,7.41766,0.48538
2023_08_NO_IND,2023,8,0.42276,-2.00577,0.48522
2023_08_NYJ_NYG,2023,8,0.38372,-3.15713,0.48554
2023_08_PHI_WAS,2023,8,0.25177,-7.49900,0.48626
2023_08_TB_BUF,2023,8,0.80324,10.02383,0.48516
2023_09_ARI_CLE,2023,9,0.85755,12.71088,0.48582
2023_09_BUF_CIN,2023,9,0.53613,1.15373,0.48594
2023_09_CHI_NO,2023,9,0.77910,8.99732,0.48522
2023_09_DAL_PHI,2023,9,0.61647,3.49664,0.48522
2023_09_IND_CAR,2023,9,0.44164,-1.46289,0.48513
2023_09_LAC_NYJ,2023,9,0.38760,-3.02991,0.48527
2023_09_LA_GB,2023,9,0.61604,3.48236,0.48525
2023_09_MIA_KC,2023,9,0.53149,1.06434,0.48508
2023_09_MIN_ATL,2023,9,0.59794,2.89198,0.48649
2023_09_NYG_LV,2023,9,0.52565,0.88194,0.48546
2023_09_SEA_BAL,2023,9,0.69847,6.06096,0.48508
2023_09_TB_HOU,2023,9,0.57806,2.36499,0.48550
2023_09_TEN_PIT,2023,9,0.61549,3.46443,0.48529
2023_09_WAS_NE,2023,9,0.57297,2.20310,0.48583
2023_10_ATL_ARI,2023,10,0.42479,-1.94115,0.48509
2023_10_CAR_CHI,2023,10,0.59663,2.90561,0.48541
2023_10_CLE_BAL,2023,10,0.69685,6.00138,0.48521
2023_10_DEN_BUF,2023,10,0.74431,7.67114,0.48485
2023_10_DET_LAC,2023,10,0.40556,-2.50167,0.48522
2023_10_GB_PIT,2023,10,0.60088,3.04313,0.48512
2023_10_HOU_CIN,2023,10,0.68559,5.64663,0.48491
2023_10_IND_NE,2023,10,0.44644,-1.36711,0.48598
2023_10_NO_MIN,2023,10,0.39412,-2.81655,0.48483
2023_10_NYG_DAL,2023,10,0.92138,17.39271,0.48544
2023_10_NYJ_LV,2023,10,0.46574,-0.76178,0.48471
2023_10_SF_JAX,2023,10,0.39054,-2.93337,0.48507
2023_10_TEN_TB,2023,10,0.57983,2.42170,0.48538
2023_10_WAS_SEA,2023,10,0.69052,5.76945,0.48570
2023_11_ARI_HOU,2023,11,0.69112,5.84704,0.48449
2023_11_CHI_DET,2023,11,0.76143,8.33158,0.48452
2023_11_CIN_BAL,2023,11,0.62040,3.57038,0.48611
2023_11_DAL_CAR,2023,11,0.15881,-11.54974,0.48636
2023_11_LAC_GB,2023,11,0.38876,-2.99161,0.48519
2023_11_LV_MIA,2023,11,0.87500,13.77300,0.48569
2023_11_MIN_DEN,2023,11,0.56216,1.86026,0.48655
2023_11_NYG_WAS,2023,11,0.73964,7.48160,0.48525
2023_11_NYJ_BUF,2023,11,0.75892,8.22448,0.48474
2023_11_PHI_KC,2023,11,0.57021,2.11535,0.48602
2023_11_PIT_CLE,2023,11,0.56218,1.86096,0.48655
2023_11_SEA_LA,2023,11,0.57472,2.25852,0.48572
2023_11_TB_SF,2023,11,0.86882,13.39818,0.48543
2023_11_TEN_JAX,2023,11,0.71104,6.47548,0.48526
2023_12_BAL_LAC,2023,12,0.38573,-3.09111,0.48540
2023_12_BUF_PHI,2023,12,0.58860,2.70237,0.48479
2023_12_CAR_TEN,2023,12,0.62077,3.63839,0.48492
2023_12_CHI_MIN,2023,12,0.61466,3.49290,0.48418
2023_12_CLE_DEN,2023,12,0.54000,1.27473,0.48568
2023_12_GB_DET,2023,12,0.75829,8.14206,0.48596
2023_12_JAX_HOU,2023,12,0.45721,-1.02887,0.48527
2023_12_KC_LV,2023,12,0.20598,-9.29996,0.48584
2023_12_LA_ARI,2023,12,0.38441,-3.13441,0.48549
2023_12_MIA_NYJ,2023,12,0.21185,-8.96819,0.48410
2023_12_NE_NYG,2023,12,0.34200,-4.39512,0.48499
2023_12_NO_ATL,2023,12,0.41169,-2.35983,0.48597
2023_12_PIT_CIN,2023,12,0.42972,-1.78433,0.48476
2023_12_SF_SEA,2023,12,0.25548,-7.34686,0.48594
2023_12_TB_IND,2023,12,0.58117,2.46451,0.48529
2023_12_WAS_DAL,2023,12,0.86419,13.14253,0.48491
2023_13_ARI_PIT,2023,13,0.71608,6.72281,0.48370
2023_13_ATL_NYJ,2023,13,0.42637,-1.89071,0.48498
2023_13_CAR_TB,2023,13,0.64487,4.38995,0.48440
2023_13_CIN_JAX,2023,13,0.79292,9.52550,0.48621
2023_13_CLE_LA,2023,13,0.60668,3.17604,0.48589
2023_13_DEN_HOU,2023,13,0.61272,3.37356,0.48548
2023_13_DET_NO,2023,13,0.35898,-3.87046,0.48494
2023_13_IND_TEN,2023,13,0.43628,-1.63217,0.48549
2023_13_KC_GB,2023,13,0.30768,-5.50204,0.48522
2023_13_LAC_NE,2023,13,0.34274,-4.36938,0.48494
2023_13_MIA_WAS,2023,13,0.22536,-8.46410,0.48514
2023_13_SEA_DAL,2023,13,0.79658,9.75548,0.48468
2023_13_SF_PHI,2023,13,0.39901,-2.65785,0.48450
2023_14_BUF_KC,2023,14,0.55108,1.56685,0.48612
2023_14_CAR_NO,2023,14,0.68926,5.77928,0.48463
2023_14_DEN_LAC,2023,14,0.59980,3.00811,0.48520
2023_14_DET_CHI,2023,14,0.37904,-3.31149,0.48586
2023_14_GB_NYG,2023,14,0.29000,-6.10277,0.48543
2023_14_HOU_NYJ,2023,14,0.35758,-3.97371,0.48620
2023_14_IND_CIN,2023,14,0.60585,3.20471,0.48478
2023_14_JAX_CLE,2023,14,0.56030,1.80155,0.48668
2023_14_LA_BAL,2023,14,0.74916,7.87099,0.48443
2023_14_MIN_LV,2023,14,0.38447,-3.13250,0.48549
2023_14_NE_PIT,2023,14,0.69835,6.05651,0.48509
2023_14_PHI_DAL,2023,14,0.61441,3.42897,0.48536
2023_14_SEA_SF,2023,14,0.88938,14.79536,0.48459
2023_14_TB_ATL,2023,14,0.53850,1.22779,0.48578
2023_14_TEN_MIA,2023,14,0.87305,13.63536,0.48598
2023_15_ATL_CAR,2023,15,0.37459,-3.45892,0.48617
2023_15_BAL_JAX,2023,15,0.34964,-4.18817,0.48561
2023_15_CHI_CLE,2023,15,0.60529,3.18659,0.48482
2023_15_DAL_BUF,2023,15,0.54649,1.42239,0.48642
2023_15_DEN_DET,2023,15,0.67232,5.17297,0.48590
2023_15_HOU_TEN,2023,15,0.60395,3.14284,0.48491
2023_15_KC_NE,2023,15,0.18908,-10.01873,0.48525
2023_15_LAC_LV,2023,15,0.58864,2.64810,0.48595
2023_15_MIN_CIN,2023,15,0.60780,3.26835,0.48465
2023_15_NYG_NO,2023,15,0.68805,5.67965,0.48588
2023_15_NYJ_MIA,2023,15,0.74574,7.72996,0.48473
2023_15_PHI_SEA,2023,15,0.31454,-5.30873,0.48586
2023_15_PIT_IND,2023,15,0.54746,1.50856,0.48519
2023_15_SF_ARI,2023,15,0.13178,-13.08010,0.48643
2023_15_TB_GB,2023,15,0.63595,4.08852,0.48503
2023_15_WAS_LA,2023,15,0.71339,6.56471,0.48508
2023_16_ARI_CHI,2023,16,0.64512,4.34256,0.48554
2023_16_BAL_SF,2023,16,0.71354,6.57032,0.48506
2023_16_BUF_LAC,2023,16,0.12935,-13.19065,0.48561
2023_16_CIN_PIT,2023,16,0.36728,-3.70282,0.48668
2023_16_CLE_HOU,2023,16,0.38080,-3.25331,0.48574
2023_16_DAL_MIA,2023,16,0.53317,1.06092,0.48613
2023_16_DET_MIN,2023,16,0.41162,-2.30626,0.48481
2023_16_GB_CAR,2023,16,0.34836,-4.28769,0.48686
2023_16_IND_ATL,2023,16,0.57797,2.30644,0.48667
2023_16_JAX_TB,2023,16,0.43290,-1.68349,0.48455
2023_16_LV_KC,2023,16,0.82405,10.98109,0.48525
2023_16_NE_DEN,2023,16,0.72443,6.93400,0.48535
2023_16_NO_LA,2023,16,0.63064,3.91046,0.48540
2023_16_NYG_PHI,2023,16,0.87607,13.84944,0.48553
2023_16_SEA_TEN,2023,16,0.38340,-3.16782,0.48556
2023_16_WAS_NYJ,2023,16,0.60375,3.13620,0.48493
2023_17_ARI_PHI,2023,17,0.85212,12.48193,0.48420
2023_17_ATL_CHI,2023,17,0.58556,2.54930,0.48616
2023_17_CAR_JAX,2023,17,0.62267,3.70136,0.48479
2023_17_CIN_KC,2023,17,0.72135,6.75842,0.48677
2023_17_DET_DAL,2023,17,0.67617,5.30925,0.48561
2023_17_GB_MIN,2023,17,0.51837,0.65478,0.48594
2023_17_LAC_DEN,2023,17,0.61771,3.53760,0.48513
2023_17_LA_NYG,2023,17,0.28906,-6.13815,0.48550
2023_17_LV_IND,2023,17,0.61350,3.39915,0.48542
2023_17_MIA_BAL,2023,17,0.61360,3.45826,0.48425
2023_17_NE_BUF,2023,17,0.89128,14.89037,0.48544
2023_17_NO_TB,2023,17,0.58877,2.70783,0.48478
2023_17_NYJ_CLE,2023,17,0.71857,6.76273,0.48466
2023_17_PIT_SEA,2023,17,0.64487,4.33427,0.48556
2023_17_SF_WAS,2023,17,0.10862,-14.62094,0.48651
2023_17_TEN_HOU,2023,17,0.65814,4.73309,0.48577
2023_18_ATL_NO,2023,18,0.62474,3.76983,0.48465
2023_18_BUF_MIA,2023,18,0.40294,-2.58618,0.48539
2023_18_CHI_GB,2023,18,0.59370,2.86679,0.48444
2023_18_CLE_CIN,2023,18,0.72396,6.85963,0.48655
2023_18_DAL_WAS,2023,18,0.12435,-13.54207,0.48635
2023_18_DEN_LV,2023,18,0.60772,3.20999,0.48582
2023_18_HOU_IND,2023,18,0.44886,-1.23549,0.48466
2023_18_JAX_TEN,2023,18,0.36288,-3.79477,0.48583
2023_18_KC_LAC,2023,18,0.58724,2.54719,0.48721
2023_18_LA_SF,2023,18,0.68559,5.64656,0.48491
2023_18_MIN_DET,2023,18,0.61801,3.54735,0.48511
2023_18_NYJ_NE,2023,18,0.57491,2.26470,0.48571
2023_18_PHI_NYG,2023,18,0.31817,-5.23371,0.48675
2023_18_PIT_BAL,2023,18,0.41274,-2.21457,0.48357
2023_18_SEA_ARI,2023,18,0.39427,-2.86757,0.48598
2023_18_TB_CAR,2023,18,0.30006,-5.83798,0.48697
2023_19_CLE_HOU,2023,19,0.40317,-2.57868,0.48538
2023_19_GB_DAL,2023,19,0.72125,6.81032,0.48561
2023_19_LA_DET,2023,19,0.61431,3.42564,0.48537
2023_19_MIA_KC,2023,19,0.64496,4.33726,0.48555
2023_19_PHI_TB,2023,19,0.41212,-2.29044,0.48477
2023_19_PIT_BUF,2023,19,0.79189,9.47666,0.48631
2023_20_GB_SF,2023,20,0.80859,10.23399,0.48577
2023_20_HOU_BAL,2023,20,0.81252,10.48880,0.48419
2023_20_KC_BUF,2023,20,0.58684,2.64597,0.48491
2023_20_TB_DET,2023,20,0.68728,5.65188,0.48594
2023_21_DET_SF,2023,21,0.73814,7.42124,0.48538
2023_21_KC_BAL,2023,21,0.65548,4.69709,0.48480
2023_22_SF_KC,2023,22,0.42697,-1.92744,0.48611
2024_01_ARI_BUF,2024,1,0.71446,6.80385,0.47807
2024_01_BAL_KC,2024,1,0.59449,2.85908,0.49174
2024_01_CAR_NO,2024,1,0.62363,3.99092,0.47233
2024_01_DAL_CLE,2024,1,0.57687,2.34199,0.49226
2024_01_DEN_SEA,2024,1,0.71035,6.55614,0.48568
2024_01_GB_PHI,2024,1,0.55336,1.54025,0.50154
2024_01_HOU_IND,2024,1,0.38948,-2.86103,0.48313
2024_01_JAX_MIA,2024,1,0.61323,3.44727,0.48902
2024_01_LA_DET,2024,1,0.66245,4.94312,0.48915
2024_01_LV_LAC,2024,1,0.59086,2.67385,0.49743
2024_01_MIN_NYG,2024,1,0.45788,-0.91416,0.48477
2024_01_NE_CIN,2024,1,0.75143,8.00033,0.48739
2024_01_NYJ_SF,2024,1,0.62103,3.85442,0.47652
2024_01_PIT_ATL,2024,1,0.62538,3.70402,0.49650
2024_01_TEN_CHI,2024,1,0.62853,3.87061,0.49138
2024_01_WAS_TB,2024,1,0.63923,4.43926,0.47392
2024_02_ATL_PHI,2024,2,0.67999,5.54491,0.48602
2024_02_BUF_MIA,2024,2,0.57279,2.13625,0.49859
2024_02_CHI_HOU,2024,2,0.69611,6.09276,0.48455
2024_02_CIN_KC,2024,2,0.71270,6.69733,0.48134
2024_02_CLE_JAX,2024,2,0.59647,2.96093,0.48861
2024_02_IND_GB,2024,2,0.38997,-2.83601,0.48237
2024_02_LAC_CAR,2024,2,0.32375,-4.88814,0.48397
2024_02_LA_ARI,2024,2,0.45316,-1.14914,0.49199
2024_02_LV_BAL,2024,2,0.77961,9.18198,0.48181
2024_02_NO_DAL,2024,2,0.70587,6.28853,0.49391
2024_02_NYG_WAS,2024,2,0.54483,1.49386,0.48759
2024_02_NYJ_TEN,2024,2,0.36913,-3.54932,0.48892
2024_02_PIT_DEN,2024,2,0.38169,-3.26701,0.49561
2024_02_SEA_NE,2024,2,0.37420,-3.28114,0.48068
2024_02_SF_MIN,2024,2,0.33884,-4.42632,0.48514
2024_02_TB_DET,2024,2,0.73292,7.18514,0.49709
2024_03_BAL_DAL,2024,3,0.43836,-1.50913,0.48768
2024_03_CAR_LV,2024,3,0.68363,5.75214,0.47966
2024_03_CHI_IND,2024,3,0.54805,1.65434,0.48266
2024_03_DEN_TB,2024,3,0.70248,6.46704,0.47306
2024_03_DET_ARI,2024,3,0.39217,-2.72195,0.47886
2024_03_GB_TEN,2024,3,0.58894,2.57604,0.50044
2024_03_HOU_MIN,2024,3,0.42707,-1.69810,0.47813
2024_03_JAX_BUF,2024,3,0.64160,4.56666,0.47001
2024_03_KC_ATL,2024,3,0.38152,-3.27588,0.49589
2024_03_LAC_PIT,2024,3,0.60443,3.37041,0.47603
2024_03_MIA_SEA,2024,3,0.63882,4.41769,0.47458
2024_03_NE_NYJ,2024,3,0.70829,6.43278,0.48947
2024_03_NYG_CLE,2024,3,0.71031,6.55348,0.48576
2024_03_PHI_NO,2024,3,0.58608,2.80900,0.47791
2024_03_SF_LA,2024,3,0.29194,-5.97386,0.48660
2024_03_WAS_CIN,2024,3,0.73793,7.50335,0.48730
2024_04_BUF_BAL,2024,4,0.57471,2.23292,0.49562
2024_04_CIN_CAR,2024,4,0.33916,-4.40878,0.48460
2024_04_CLE_LV,2024,4,0.40946,-2.21214,0.47856
2024_04_DAL_NYG,2024,4,0.30940,-5.32769,0.48211
2024_04_DEN_NYJ,2024,4,0.73920,7.58448,0.48481
2024_04_JAX_HOU,2024,4,0.67970,5.52857,0.48653
2024_04_KC_LAC,2024,4,0.24853,-7.55809,0.48919
2024_04_LA_CHI,2024,4,0.59054,2.65747,0.49794
2024_04_MIN_GB,2024,4,0.57955,2.47770,0.48809
2024_04_NE_SF,2024,4,0.81467,10.72605,0.48046
2024_04_NO_ATL,2024,4,0.57017,2.00411,0.50265
2024_04_PHI_TB,2024,4,0.45762,-0.92688,0.48516
2024_04_PIT_IND,2024,4,0.39807,-2.79588,0.49650
2024_04_SEA_DET,2024,4,0.61367,3.47024,0.48832
2024_04_TEN_MIA,2024,4,0.58463,2.73541,0.48017
2024_04_WAS_ARI,2024,4,0.61273,3.42100,0.48983
2024_05_ARI_SF,2024,5,0.72918,7.32923,0.47729
2024_05_BAL_CIN,2024,5,0.40052,-2.66989,0.49263
2024_05_BUF_HOU,2024,5,0.52047,0.66518,0.49770
2024_05_CAR_CHI,2024,5,0.62933,3.91278,0.49009
2024_05_CLE_WAS,2024,5,0.60260,3.27599,0.47893
2024_05_DAL_PIT,2024,5,0.58213,2.60866,0.48407
2024_05_GB_LA,2024,5,0.38710,-2.98490,0.48694
2024_05_IND_JAX,2024,5,0.60953,3.25480,0.49494
2024_05_LV_DEN,2024,5,0.59633,2.95368,0.48883
2024_05_MIA_NE,2024,5,0.42775,-1.66370,0.47707
2024_05_NO_KC,2024,5,0.68067,5.58369,0.48483
2024_05_NYG_SEA,2024,5,0.72683,7.18330,0.48177
2024_05_NYJ_MIN,2024,5,0.57883,2.44148,0.48920
2024_05_TB_ATL,2024,5,0.57450,2.22257,0.49593
2024_06_ARI_GB,2024,6,0.68444,5.79804,0.47825
2024_06_ATL_CAR,2024,6,0.29059,-6.05460,0.48908
2024_06_BUF_NYJ,2024,6,0.45109,-1.25197,0.49515
2024_06_CIN_NYG,2024,6,0.33980,-4.37362,0.48352
2024_06_CLE_PHI,2024,6,0.75309,8.11041,0.48401
2024_06_DET_DAL,2024,6,0.37144,-3.42678,0.48515
2024_06_HOU_NE,2024,6,0.27628,-6.54540,0.48880
2024_06_IND_TEN,2024,6,0.57643,2.31997,0.49294
2024_06_JAX_CHI,2024,6,0.44103,-1.37534,0.48357
2024_06_LAC_DEN,2024,6,0.39126,-2.76875,0.48030
2024_06_PIT_LV,2024,6,0.36834,-3.59103,0.49020
2024_06_SF_SEA,2024,6,0.37079,-3.46103,0.48621
2024_06_TB_NO,2024,6,0.37196,-3.39959,0.48432
2024_06_WAS_BAL,2024,6,0.71200,6.65500,0.48264
2024_07_BAL_TB,2024,7,0.33619,-4.57280,0.48964
2024_07_CAR_WAS,2024,7,0.80340,10.20429,0.48113
2024_07_CIN_CLE,2024,7,0.30394,-5.64505,0.49186
2024_07_DEN_NO,2024,7,0.40586,-2.39609,0.48421
2024_07_DET_MIN,2024,7,0.52718,0.99726,0.48749
2024_07_HOU_GB,2024,7,0.59993,3.13861,0.48314
2024_07_KC_SF,2024,7,0.57353,2.17331,0.49745
2024_07_LAC_ARI,2024,7,0.45556,-1.02947,0.48831
2024_07_LV_LA,2024,7,0.72349,6.97616,0.48814
2024_07_MIA_IND,2024,7,0.59752,3.01448,0.48696
2024_07_NE_JAX,2024,7,0.70561,6.27326,0.49438
2024_07_NYJ_PIT,2024,7,0.39595,-2.52615,0.47285
2024_07_PHI_NYG,2024,7,0.38788,-2.94433,0.48569
2024_07_SEA_ATL,2024,7,0.60018,3.15146,0.48275
2024_07_TEN_BUF,2024,7,0.79245,9.74517,0.47987
2024_08_ARI_MIA,2024,8,0.62712,3.79613,0.49367
2024_08_ATL_TB,2024,8,0.44699,-1.07734,0.47442
2024_08_BAL_CLE,2024,8,0.24263,-7.95114,0.50128
2024_08_BUF_SEA,2024,8,0.38607,-3.03858,0.48859
2024_08_CAR_DEN,2024,8,0.86380,13.35424,0.47652
2024_08_CHI_WAS,2024,8,0.54133,1.32010,0.49293
2024_08_DAL_SF,2024,8,0.67761,5.41015,0.49017
2024_08_GB_JAX,2024,8,0.36759,-3.63058,0.49142
2024_08_IND_HOU,2024,8,0.66229,4.93387,0.48944
2024_08_KC_LV,2024,8,0.20710,-9.33398,0.49767
2024_08_MIN_LA,2024,8,0.38373,-3.16053,0.49234
2024_08_NO_LAC,2024,8,0.72686,7.18507,0.48172
2024_08_NYG_PIT,2024,8,0.70154,6.41115,0.47478
2024_08_NYJ_NE,2024,8,0.26398,-6.93626,0.48545
2024_08_PHI_CIN,2024,8,0.58113,2.55799,0.48562
2024_08_TEN_DET,2024,8,0.85446,12.78115,0.47877
2024_09_CHI_ARI,2024,9,0.54279,1.39254,0.49071
2024_09_DAL_ATL,2024,9,0.59713,2.99467,0.48757
2024_09_DEN_BAL,2024,9,0.77862,9.11043,0.48401
2024_09_DET_GB,2024,9,0.40483,-2.44911,0.48584
2024_09_HOU_NYJ,2024,9,0.57566,2.28082,0.49414
2024_09_IND_MIN,2024,9,0.70947,6.50365,0.48729
2024_09_JAX_PHI,2024,9,0.74050,7.66727,0.48226
2024_09_LAC_CLE,2024,9,0.42624,-1.73966,0.47941
2024_09_LA_SEA,2024,9,0.44296,-1.27904,0.48062
2024_09_LV_CIN,2024,9,0.75494,8.23322,0.48024
2024_09_MIA_BUF,2024,9,0.71830,7.03670,0.47093
2024_09_NE_TEN,2024,9,0.59747,3.01196,0.48704
2024_09_NO_CAR,2024,9,0.25798,-7.32035,0.49725
2024_09_TB_KC,2024,9,0.78007,9.21486,0.48080
2024_09_WAS_NYG,2024,9,0.34159,-4.27524,0.48050
2024_10_ATL_NO,2024,10,0.37261,-3.36500,0.48326
2024_10_BUF_IND,2024,10,0.33040,-4.89432,0.49953
2024_10_CIN_BAL,2024,10,0.69971,6.30391,0.47807
2024_10_DEN_KC,2024,10,0.74375,7.87740,0.47581
2024_10_DET_HOU,2024,10,0.33347,-4.72363,0.49428
2024_10_MIA_LA,2024,10,0.58348,2.67701,0.48197
2024_10_MIN_JAX,2024,10,0.26013,-7.18167,0.49299
2024_10_NE_CHI,2024,10,0.71119,6.60666,0.48413
2024_10_NYG_CAR,2024,10,0.27607,-6.55829,0.48920
2024_10_NYJ_ARI,2024,10,0.42551,-1.77668,0.48054
2024_10_PHI_DAL,2024,10,0.24772,-7.61137,0.49083
2024_10_PIT_WAS,2024,10,0.53095,0.80473,0.50878
2024_10_SF_TB,2024,10,0.27881,-6.38964,0.48401
2024_10_TEN_LAC,2024,10,0.75300,8.10453,0.48419
2024_11_ATL_DEN,2024,11,0.56471,2.10844,0.48407
2024_11_BAL_PIT,2024,11,0.38497,-3.09563,0.49034
2024_11_CIN_LAC,2024,11,0.52959,1.11639,0.48383
2024_11_CLE_NO,2024,11,0.45967,-0.82534,0.48204
2024_11_GB_CHI,2024,11,0.28619,-6.31898,0.49721
2024_11_HOU_DAL,2024,11,0.25070,-7.41478,0.48479
2024_11_IND_NYJ,2024,11,0.63032,3.96543,0.48847
2024_11_JAX_DET,2024,11,0.88079,14.48145,0.47262
2024_11_KC_BUF,2024,11,0.57550,2.27272,0.49439
2024_11_LA_NE,2024,11,0.35719,-3.80735,0.48148
2024_11_LV_MIA,2024,11,0.75063,7.94746,0.48902
2024_11_MIN_TEN,2024,11,0.28912,-6.14289,0.49180
2024_11_SEA_SF,2024,11,0.69791,6.19795,0.48132
2024_11_WAS_PHI,2024,11,0.65525,4.92662,0.47430
2024_12_ARI_SEA,2024,12,0.45306,-1.15404,0.49214
2024_12_BAL_LAC,2024,12,0.38499,-3.09452,0.49031
2024_12_DAL_WAS,2024,12,0.81075,10.40784,0.49024
2024_12_DEN_LV,2024,12,0.27317,-6.73797,0.49472
2024_12_DET_IND,2024,12,0.25484,-7.52352,0.50350
2024_12_KC_CAR,2024,12,0.16345,-11.40046,0.49972
2024_12_MIN_CHI,2024,12,0.38083,-3.31221,0.49700
2024_12_NE_MIA,2024,12,0.73991,7.62990,0.48341
2024_12_PHI_LA,2024,12,0.38533,-3.07692,0.48977
2024_12_PIT_CLE,2024,12,0.36441,-3.79976,0.49662
2024_12_SF_GB,2024,12,0.71285,6.70669,0.48105
2024_12_TB_NYG,2024,12,0.27663,-6.52345,0.48812
2024_12_TEN_HOU,2024,12,0.75279,8.09047,0.48462
2024_13_ARI_MIN,2024,13,0.62232,3.92244,0.47443
2024_13_CHI_DET,2024,13,0.79655,10.05527,0.47036
2024_13_CLE_DEN,2024,13,0.71321,6.72812,0.48040
2024_13_HOU_JAX,2024,13,0.37579,-3.19738,0.47811
2024_13_IND_NE,2024,13,0.40580,-2.39947,0.48431
2024_13_LAC_ATL,2024,13,0.45851,-0.88261,0.48380
2024_13_LA_NO,2024,13,0.41546,-1.90638,0.46918
2024_13_LV_KC,2024,13,0.87474,14.16397,0.46703
2024_13_MIA_GB,2024,13,0.61694,3.64062,0.48308
2024_13_NYG_DAL,2024,13,0.64839,4.55354,0.48576
2024_13_PHI_BAL,2024,13,0.59859,3.06960,0.48526
2024_13_PIT_CIN,2024,13,0.59540,2.90570,0.49030
2024_13_SEA_NYJ,2024,13,0.52953,1.11364,0.48391
2024_13_SF_BUF,2024,13,0.71460,6.81224,0.47781
2024_13_TB_CAR,2024,13,0.27273,-6.76498,0.49555
2024_13_TEN_WAS,2024,13,0.69041,5.76191,0.49472
2024_14_ATL_MIN,2024,14,0.70199,6.43773,0.47396
2024_14_BUF_LA,2024,14,0.36474,-3.78231,0.49608
2024_14_CAR_PHI,2024,14,0.88126,14.53638,0.47094
2024_14_CHI_SF,2024,14,0.60572,3.43684,0.47399
2024_14_CIN_DAL,2024,14,0.32356,-4.89895,0.48430
2024_14_CLE_PIT,2024,14,0.70060,6.35618,0.47646
2024_14_GB_DET,2024,14,0.60211,3.25038,0.47971
2024_14_JAX_TEN,2024,14,0.60130,3.20864,0.48099
2024_14_LAC_KC,2024,14,0.67113,5.42508,0.47435
2024_14_LV_TB,2024,14,0.72992,7.37592,0.47586
2024_14_NO_NYG,2024,14,0.30416,-5.63173,0.49145
2024_14_NYJ_MIA,2024,14,0.71340,6.73965,0.48004
2024_14_SEA_ARI,2024,14,0.59363,2.81550,0.49308
2024_15_ATL_LV,2024,15,0.28170,-6.21259,0.47858
2024_15_BAL_NYG,2024,15,0.08203,-16.88536,0.49925
2024_15_BUF_DET,2024,15,0.58087,2.54453,0.48604
2024_15_CHI_MIN,2024,15,0.73201,7.50689,0.47184
2024_15_CIN_TEN,2024,15,0.28663,-6.29276,0.49641
2024_15_DAL_CAR,2024,15,0.57028,2.00933,0.50249
2024_15_GB_SEA,2024,15,0.38705,-2.98720,0.48701
2024_15_IND_DEN,2024,15,0.65575,4.95395,0.47347
2024_15_KC_CLE,2024,15,0.32659,-5.10750,0.50609
2024_15_LA_SF,2024,15,0.59887,3.08389,0.48483
2024_15_MIA_HOU,2024,15,0.57912,2.45602,0.48876
2024_15_NE_ARI,2024,15,0.69139,5.81866,0.49298
2024_15_NYJ_JAX,2024,15,0.37207,-3.39341,0.48413
2024_15_PIT_PHI,2024,15,0.67773,5.41691,0.48996
2024_15_TB_LAC,2024,15,0.59902,3.09171,0.48459
2024_15_WAS_NO,2024,15,0.24691,-7.66550,0.49249
2024_16_ARI_CAR,2024,16,0.30193,-5.76199,0.49546
2024_16_CLE_CIN,2024,16,0.80097,10.01558,0.48693
2024_16_DEN_LAC,2024,16,0.59024,2.64218,0.49841
2024_16_DET_CHI,2024,16,0.25259,-7.67018,0.50801
2024_16_HOU_KC,2024,16,0.62646,4.14010,0.46776
2024_16_JAX_LV,2024,16,0.57868,2.43357,0.48945
2024_16_LA_NYJ,2024,16,0.38598,-3.04337,0.48874
2024_16_MIN_SEA,2024,16,0.39961,-2.71682,0.49407
2024_16_NE_BUF,2024,16,0.88179,14.59961,0.46900
2024_16_NO_GB,2024,16,0.87941,14.31989,0.47758
2024_16_NYG_ATL,2024,16,0.78687,9.33019,0.49262
2024_16_PHI_WAS,2024,16,0.35039,-4.17430,0.49276
2024_16_PIT_BAL,2024,16,0.72402,7.00875,0.48714
2024_16_SF_MIA,2024,16,0.42479,-1.81283,0.48165
2024_16_TB_DAL,2024,16,0.33568,-4.60084,0.49050
2024_16_TEN_IND,2024,16,0.63215,4.06222,0.48549
2024_17_ARI_LA,2024,17,0.71348,6.74468,0.47989
2024_17_ATL_WAS,2024,17,0.62301,3.95842,0.47333
2024_17_BAL_HOU,2024,17,0.30287,-5.70716,0.49377
2024_17_CAR_TB,2024,17,0.79618,10.02678,0.47123
2024_17_DAL_PHI,2024,17,0.74415,7.90280,0.47503
2024_17_DEN_CIN,2024,17,0.61066,3.31381,0.49313
2024_17_DET_SF,2024,17,0.34753,-4.32958,0.49754
2024_17_GB_MIN,2024,17,0.45923,-0.84720,0.48271
2024_17_IND_NYG,2024,17,0.24954,-7.49105,0.48713
2024_17_KC_PIT,2024,17,0.38168,-3.26753,0.49563
2024_17_LAC_NE,2024,17,0.29088,-6.03737,0.48855
2024_17_LV_NO,2024,17,0.42780,-1.66121,0.47700
2024_17_MIA_CLE,2024,17,0.39137,-2.76333,0.48013
2024_17_NYJ_BUF,2024,17,0.80820,10.58305,0.46951
2024_17_SEA_CHI,2024,17,0.37074,-3.46374,0.48629
2024_17_TEN_JAX,2024,17,0.45846,-0.88538,0.48388
2024_18_BUF_NE,2024,18,0.37358,-3.69281,0.50871
2024_18_CAR_ATL,2024,18,0.73920,7.58446,0.48481
2024_18_CHI_GB,2024,18,0.80616,10.42100,0.47448
2024_18_CIN_PIT,2024,18,0.40621,-2.37826,0.48366
2024_18_CLE_BAL,2024,18,0.94145,19.90897,0.47484
2024_18_HOU_TEN,2024,18,0.57268,2.13058,0.49876
2024_18_JAX_IND,2024,18,0.61518,3.54857,0.48591
2024_18_KC_DEN,2024,18,0.80205,9.72001,0.51139
2024_18_LAC_LV,2024,18,0.26058,-7.15333,0.49212
2024_18_MIA_NYJ,2024,18,0.53392,0.95225,0.50425
2024_18_MIN_DET,2024,18,0.60173,3.23104,0.48031
2024_18_NO_TB,2024,18,0.88613,14.74236,0.47996
2024_18_NYG_PHI,2024,18,0.61267,3.79684,0.46296
2024_18_SEA_LA,2024,18,0.25804,-6.93713,0.47013
2024_18_SF_ARI,2024,18,0.64593,4.42039,0.48985
2024_18_WAS_DAL,2024,18,0.26425,-6.91887,0.48491
2024_19_DEN_BUF,2024,19,0.73786,7.49865,0.48745
2024_19_GB_PHI,2024,19,0.68048,5.57266,0.48517
2024_19_LAC_HOU,2024,19,0.38455,-3.11766,0.49102
2024_19_MIN_LA,2024,19,0.40095,-2.64776,0.49195
2024_19_PIT_BAL,2024,19,0.79201,9.71229,0.48088
2024_19_WAS_TB,2024,19,0.59839,3.05904,0.48559
2024_20_BAL_BUF,2024,20,0.44309,-1.27229,0.48041
2024_20_HOU_KC,2024,20,0.79532,9.96162,0.47323
2024_20_LA_PHI,2024,20,0.72683,7.18320,0.48178
2024_20_WAS_DET,2024,20,0.77047,8.91401,0.47469
2024_21_BUF_KC,2024,21,0.54574,1.53912,0.48620
2024_21_WAS_PHI,2024,21,0.69402,5.97143,0.48828
2024_22_KC_PHI,2024,22,0.43648,-1.60337,0.49058
2025_01_ARI_NO,2025,1,0.29215,-5.72077,0.48852
2025_01_BAL_BUF,2025,1,0.44096,-1.26976,0.48917
2025_01_CAR_JAX,2025,1,0.64788,4.48454,0.49240
2025_01_CIN_CLE,2025,1,0.30035,-5.58151,0.49328
2025_01_DAL_PHI,2025,1,0.77535,9.02146,0.48533
2025_01_DET_GB,2025,1,0.53738,1.21093,0.49601
2025_01_HOU_LA,2025,1,0.61795,3.65947,0.49010
2025_01_KC_LAC,2025,1,0.37600,-3.33462,0.49661
2025_01_LV_NE,2025,1,0.57806,2.42933,0.49313
2025_01_MIA_IND,2025,1,0.53955,1.30574,0.49476
2025_01_MIN_CHI,2025,1,0.43472,-1.54551,0.49280
2025_01_NYG_WAS,2025,1,0.70675,6.55639,0.48487
2025_01_PIT_NYJ,2025,1,0.38283,-3.01871,0.49245
2025_01_SF_SEA,2025,1,0.40904,-2.11431,0.48712
2025_01_TB_ATL,2025,1,0.42905,-1.79723,0.49612
2025_01_TEN_DEN,2025,1,0.77846,9.21651,0.48277
2025_02_ATL_MIN,2025,2,0.62039,3.77202,0.48862
2025_02_BUF_NYJ,2025,2,0.28220,-6.25023,0.49550
2025_02_CAR_ARI,2025,2,0.73158,7.31757,0.48802
2025_02_CHI_DET,2025,2,0.70596,6.51500,0.48542
2025_02_CLE_BAL,2025,2,0.85997,12.98390,0.48583
2025_02_DEN_IND,2025,2,0.40461,-2.31439,0.48976
2025_02_JAX_CIN,2025,2,0.62134,3.81602,0.48804
2025_02_LAC_LV,2025,2,0.36572,-3.52566,0.49254
2025_02_LA_TEN,2025,2,0.29200,-6.01764,0.49902
2025_02_NE_MIA,2025,2,0.55570,2.01557,0.48541
2025_02_NYG_DAL,2025,2,0.65857,4.99804,0.48564
2025_02_PHI_KC,2025,2,0.43457,-1.55232,0.49289
2025_02_SEA_PIT,2025,2,0.62439,3.95733,0.48618
2025_02_SF_NO,2025,2,0.38633,-2.85778,0.49033
2025_02_TB_HOU,2025,2,0.57510,2.29746,0.49487
2025_02_WAS_GB,2025,2,0.61450,3.50040,0.49220
2025_03_ARI_SF,2025,3,0.54411,1.50599,0.49212
2025_03_ATL_CAR,2025,3,0.30309,-5.44013,0.49141
2025_03_CIN_MIN,2025,3,0.59765,3.02104,0.49192
2025_03_DAL_CHI,2025,3,0.43081,-1.71903,0.49509
2025_03_DEN_LAC,2025,3,0.58345,2.67034,0.48996
2025_03_DET_BAL,2025,3,0.64813,4.49653,0.49225
2025_03_GB_CLE,2025,3,0.21143,-8.97270,0.49843
2025_03_HOU_JAX,2025,3,0.54107,1.37226,0.49388
2025_03_IND_TEN,2025,3,0.27716,-6.52212,0.49908
2025_03_KC_NYG,2025,3,0.28169,-6.27746,0.49586
2025_03_LA_PHI,2025,3,0.62711,4.08351,0.48452
2025_03_LV_WAS,2025,3,0.58735,2.84536,0.48765
2025_03_MIA_BUF,2025,3,0.85941,12.93309,0.48650
2025_03_NO_SEA,2025,3,0.74914,8.02335,0.48531
2025_03_NYJ_TB,2025,3,0.72287,7.12865,0.48392
2025_03_PIT_NE,2025,3,0.43381,-1.58601,0.49333
2025_04_BAL_KC,2025,4,0.40756,-2.18133,0.48800
2025_04_CAR_NE,2025,4,0.67742,5.34601,0.49423
2025_04_CHI_LV,2025,4,0.54320,1.46571,0.49265
2025_04_CIN_DEN,2025,4,0.74509,7.79032,0.48838
2025_04_CLE_DET,2025,4,0.81570,10.86225,0.48085
2025_04_GB_DAL,2025,4,0.26117,-6.82990,0.48996
2025_04_IND_LA,2025,4,0.61513,3.52942,0.49181
2025_04_JAX_SF,2025,4,0.62687,4.07264,0.48466
2025_04_LAC_NYG,2025,4,0.27805,-6.47415,0.49845
2025_04_MIN_PIT,2025,4,0.40007,-2.51964,0.49246
2025_04_NO_BUF,2025,4,0.90601,16.15803,0.48353
2025_04_NYJ_MIA,2025,4,0.58292,2.64648,0.49027
2025_04_PHI_TB,2025,4,0.36343,-3.63314,0.49396
2025_04_SEA_ARI,2025,4,0.43372,-1.59017,0.49339
2025_04_TEN_HOU,2025,4,0.75129,8.14823,0.48366
2025_04_WAS_ATL,2025,4,0.56361,1.78729,0.50159
2025_05_DAL_NYJ,2025,5,0.53742,1.21238,0.49599
2025_05_DEN_PHI,2025,5,0.62911,4.17667,0.48329
2025_05_DET_CIN,2025,5,0.16851,-10.86360,0.49699
2025_05_HOU_BAL,2025,5,0.40307,-2.38393,0.49067
2025_05_KC_JAX,2025,5,0.35935,-3.82570,0.49649
2025_05_LV_IND,2025,5,0.73477,7.49511,0.48568
2025_05_MIA_CAR,2025,5,0.43316,-1.61495,0.49372
2025_05_MIN_CLE,2025,5,0.35355,-4.10069,0.50012
2025_05_NE_BUF,2025,5,0.75201,8.19009,0.48311
2025_05_NYG_NO,2025,5,0.54743,1.65159,0.49020
2025_05_SF_LA,2025,5,0.77108,8.75645,0.48882
2025_05_TB_SEA,2025,5,0.62092,3.79629,0.48830
2025_05_TEN_ARI,2025,5,0.75231,8.20758,0.48288
2025_05_WAS_LAC,2025,5,0.58377,2.68463,0.48977
2025_06_ARI_IND,2025,6,0.77782,9.17609,0.48330
2025_06_BUF_ATL,2025,6,0.36140,-3.72892,0.49522
2025_06_CHI_WAS,2025,6,0.68338,5.64459,0.49030
2025_06_CIN_GB,2025,6,0.88645,14.72976,0.48259
2025_06_CLE_PIT,2025,6,0.69651,6.31274,0.48150
2025_06_DAL_CAR,2025,6,0.37590,-3.33926,0.49667
2025_06_DEN_NYJ,2025,6,0.23585,-8.01810,0.49903
2025_06_DET_KC,2025,6,0.57745,2.40244,0.49349
2025_06_LAC_MIA,2025,6,0.37295,-3.18776,0.48809
2025_06_LA_BAL,2025,6,0.25750,-7.03755,0.49270
2025_06_NE_NO,2025,6,0.36623,-3.50176,0.49222
2025_06_PHI_NYG,2025,6,0.24046,-8.03019,0.50578
2025_06_SEA_JAX,2025,6,0.43451,-1.55480,0.49292
2025_06_SF_TB,2025,6,0.62498,3.98470,0.48582
2025_06_TEN_LV,2025,6,0.62392,3.93546,0.48647
2025_07_ATL_SF,2025,7,0.54866,1.70559,0.48949
2025_07_CAR_NYJ,2025,7,0.53983,1.31816,0.49460
2025_07_GB_ARI,2025,7,0.25076,-7.42465,0.49780
2025_07_HOU_SEA,2025,7,0.59815,3.04371,0.49163
2025_07_IND_LAC,2025,7,0.57767,2.41211,0.49336
2025_07_LA_JAX,2025,7,0.37703,-3.28672,0.49598
2025_07_LV_KC,2025,7,0.87894,14.22805,0.48261
2025_07_MIA_CLE,2025,7,0.57234,2.17478,0.49649
2025_07_NE_TEN,2025,7,0.26126,-7.11335,0.50028
2025_07_NO_CHI,2025,7,0.65444,4.79897,0.48826
2025_07_NYG_DEN,2025,7,0.75182,8.17930,0.48325
2025_07_PHI_MIN,2025,7,0.40779,-2.17069,0.48786
2025_07_PIT_CIN,2025,7,0.29594,-5.81074,0.49630
2025_07_TB_DET,2025,7,0.69557,5.97553,0.49252
2025_07_WAS_DAL,2025,7,0.54433,1.51531,0.49200
2025_08_BUF_CAR,2025,8,0.25093,-7.41480,0.49767
2025_08_CHI_BAL,2025,8,0.57886,2.46512,0.49266
2025_08_CLE_NE,2025,8,0.73398,7.45111,0.48626
2025_08_DAL_DEN,2025,8,0.61816,3.66916,0.48997
2025_08_GB_PIT,2025,8,0.38396,-2.96684,0.49176
2025_08_MIA_ATL,2025,8,0.72884,7.16611,0.49001
2025_08_MIN_LAC,2025,8,0.59598,2.94552,0.49292
2025_08_NYG_PHI,2025,8,0.74095,7.84305,0.48110
2025_08_NYJ_CIN,2025,8,0.68802,5.87895,0.48721
2025_08_SF_HOU,2025,8,0.58514,2.74639,0.48896
2025_08_TB_NO,2025,8,0.32519,-4.90049,0.49748
2025_08_TEN_IND,2025,8,0.90782,16.39217,0.48045
2025_08_WAS_KC,2025,8,0.81894,10.80963,0.48812
2025_09_ARI_DAL,2025,9,0.62345,3.91348,0.48675
2025_09_ATL_NE,2025,9,0.69029,5.99420,0.48569
2025_09_BAL_MIA,2025,9,0.24433,-7.51177,0.49236
2025_09_CAR_GB,2025,9,0.86167,13.13809,0.48380
2025_09_CHI_CIN,2025,9,0.38943,-2.71559,0.48845
2025_09_DEN_HOU,2025,9,0.54012,1.33073,0.49443
2025_09_IND_PIT,2025,9,0.36542,-3.53953,0.49272
2025_09_JAX_LV,2025,9,0.40119,-2.46918,0.49180
2025_09_KC_BUF,2025,9,0.39931,-2.55449,0.49292
2025_09_LAC_TEN,2025,9,0.17611,-10.57279,0.49975
2025_09_MIN_DET,2025,9,0.80491,10.38701,0.48052
2025_09_NO_LA,2025,9,0.88944,15.05628,0.47829
2025_09_SEA_WAS,2025,9,0.39419,-2.78696,0.49598
2025_09_SF_NYG,2025,9,0.40544,-2.27684,0.48926
2025_10_ARI_SEA,2025,10,0.74170,7.88570,0.48054
2025_10_ATL_IND,2025,10,0.71455,6.68053,0.48982
2025_10_BAL_MIN,2025,10,0.32941,-4.69181,0.49473
2025_10_BUF_MIA,2025,10,0.21184,-8.94581,0.49808
2025_10_CLE_NYJ,2025,10,0.43827,-1.38871,0.49074
2025_10_DET_WAS,2025,10,0.21808,-8.54333,0.49277
2025_10_JAX_HOU,2025,10,0.44457,-1.11032,0.48707
2025_10_LA_SF,2025,10,0.30308,-5.44027,0.49141
2025_10_LV_DEN,2025,10,0.80470,10.37225,0.48072
2025_10_NE_TB,2025,10,0.58853,2.89820,0.48696
2025_10_NO_CAR,2025,10,0.68857,5.90667,0.48684
2025_10_NYG_CHI,2025,10,0.65387,4.77142,0.48863
2025_10_PHI_GB,2025,10,0.53481,1.09827,0.49749
2025_10_PIT_LAC,2025,10,0.60138,3.19001,0.48970
2025_11_BAL_CLE,2025,11,0.23566,-8.02940,0.49918
2025_11_CAR_ATL,2025,11,0.64688,4.43695,0.49303
2025_11_CHI_MIN,2025,11,0.58985,2.66910,0.49656
2025_11_CIN_PIT,2025,11,0.67601,5.27595,0.49515
2025_11_DAL_LV,2025,11,0.35593,-3.98766,0.49863
2025_11_DET_PHI,2025,11,0.58464,2.72363,0.48926
2025_11_GB_NYG,2025,11,0.23483,-8.07975,0.49984
2025_11_HOU_TEN,2025,11,0.29385,-5.92033,0.49774
2025_11_KC_DEN,2025,11,0.36399,-3.60673,0.49361
2025_11_LAC_JAX,2025,11,0.37918,-3.18714,0.49467
2025_11_NYJ_NE,2025,11,0.85873,12.87207,0.48730
2025_11_SEA_LA,2025,11,0.59824,3.04768,0.49157
2025_11_SF_ARI,2025,11,0.36151,-3.72347,0.49515
2025_11_TB_BUF,2025,11,0.70021,6.21492,0.48937
2025_11_WAS_MIA,2025,11,0.57421,2.25765,0.49539
2025_12_ATL_NO,2025,12,0.55274,1.88532,0.48713
2025_12_BUF_HOU,2025,12,0.30251,-5.46975,0.49180
2025_12_CAR_SF,2025,12,0.74902,8.01653,0.48540
2025_12_CLE_LV,2025,12,0.59328,2.82353,0.49453
2025_12_IND_KC,2025,12,0.61629,3.58295,0.49111
2025_12_JAX_ARI,2025,12,0.40375,-2.35330,0.49027
2025_12_MIN_GB,2025,12,0.72444,7.21390,0.48280
2025_12_NE_CIN,2025,12,0.24394,-7.53470,0.49266
2025_12_NYG_DET,2025,12,0.88441,14.51081,0.48547
2025_12_NYJ_BAL,2025,12,0.88375,14.44004,0.48641
2025_12_PHI_DAL,2025,12,0.37284,-3.48165,0.49855
2025_12_PIT_CHI,2025,12,0.59590,2.94181,0.49297
2025_12_SEA_TEN,2025,12,0.12788,-13.23108,0.50183
2025_12_TB_LA,2025,12,0.73656,7.59552,0.48436
2025_13_ARI_TB,2025,13,0.65584,4.86657,0.48737
2025_13_ATL_NYJ,2025,13,0.38474,-2.93090,0.49129
2025_13_BUF_PIT,2025,13,0.38194,-3.05979,0.49299
2025_13_CHI_PHI,2025,13,0.73525,7.52202,0.48533
2025_13_CIN_BAL,2025,13,0.73182,7.33110,0.48784
2025_13_DEN_WAS,2025,13,0.26789,-6.74247,0.49540
2025_13_GB_DET,2025,13,0.57688,2.37689,0.49382
2025_13_HOU_IND,2025,13,0.59182,2.75765,0.49539
2025_13_JAX_TEN,2025,13,0.27917,-6.41333,0.49765
2025_13_KC_DAL,2025,13,0.35947,-3.81987,0.49642
2025_13_LA_CAR,2025,13,0.17849,-10.39475,0.49740
2025_13_LV_LAC,2025,13,0.81630,10.90594,0.48027
2025_13_MIN_SEA,2025,13,0.85726,12.74048,0.48903
2025_13_NO_MIA,2025,13,0.69624,6.29879,0.48168
2025_13_NYG_NE,2025,13,0.73564,7.54386,0.48504
2025_13_SF_CLE,2025,13,0.29921,-5.64074,0.49406
2025_14_CHI_GB,2025,14,0.71636,6.77715,0.48855
2025_14_CIN_BUF,2025,14,0.70417,6.42111,0.48665
2025_14_DAL_DET,2025,14,0.61956,3.73334,0.48913
2025_14_DEN_LV,2025,14,0.20221,-9.58436,0.50649
2025_14_HOU_KC,2025,14,0.64941,4.55763,0.49144
2025_14_IND_JAX,2025,14,0.40538,-2.27966,0.48930
2025_14_LA_ARI,2025,14,0.18865,-9.94552,0.49807
2025_14_MIA_NYJ,2025,14,0.39880,-2.57767,0.49322
2025_14_NO_TB,2025,14,0.74917,8.02534,0.48528
2025_14_PHI_LAC,2025,14,0.43246,-1.64595,0.49412
2025_14_PIT_BAL,2025,14,0.68086,5.51778,0.49197
2025_14_SEA_ATL,2025,14,0.25162,-7.37515,0.49714
2025_14_TEN_CLE,2025,14,0.66021,5.07781,0.48459
2025_14_WAS_MIN,2025,14,0.43601,-1.48837,0.49205
2025_15_ARI_HOU,2025,15,0.82619,11.35027,0.48100
2025_15_ATL_TB,2025,15,0.69981,6.19403,0.48965
2025_15_BAL_CIN,2025,15,0.40831,-2.14712,0.48755
2025_15_BUF_NE,2025,15,0.40642,-2.23241,0.48868
2025_15_CAR_NO,2025,15,0.39208,-2.88359,0.49726
2025_15_CLE_CHI,2025,15,0.74651,7.87177,0.48730
2025_15_DET_LA,2025,15,0.68476,5.71377,0.48939
2025_15_GB_DEN,2025,15,0.44202,-1.22291,0.48855
2025_15_IND_SEA,2025,15,0.87704,14.03535,0.48515
2025_15_LAC_KC,2025,15,0.68570,5.76128,0.48876
2025_15_LV_PHI,2025,15,0.86478,13.42540,0.48002
2025_15_MIA_PIT,2025,15,0.60099,3.17216,0.48993
2025_15_MIN_DAL,2025,15,0.68360,5.65561,0.49015
2025_15_NYJ_JAX,2025,15,0.87709,14.04013,0.48509
2025_15_TEN_SF,2025,15,0.86951,13.87185,0.47415
2025_15_WAS_NYG,2025,15,0.58312,2.65573,0.49015
2025_16_ATL_ARI,2025,16,0.40590,-2.25602,0.48899
2025_16_BUF_CLE,2025,16,0.16313,-11.28738,0.50258
2025_16_CIN_MIA,2025,16,0.37344,-3.16485,0.48779
2025_16_GB_CHI,2025,16,0.53524,1.11725,0.49724
2025_16_JAX_DEN,2025,16,0.62541,4.00438,0.48556
2025_16_KC_TEN,2025,16,0.35314,-4.12042,0.50038
2025_16_LAC_DAL,2025,16,0.54064,1.35367,0.49413
2025_16_LA_SEA,2025,16,0.54415,1.50750,0.49210
2025_16_LV_HOU,2025,16,0.89780,15.72591,0.47606
2025_16_MIN_NYG,2025,16,0.39073,-2.94493,0.49806
2025_16_NE_BAL,2025,16,0.60985,3.28732,0.49500
2025_16_NYJ_NO,2025,16,0.71500,6.70436,0.48951
2025_16_PHI_WAS,2025,16,0.25176,-7.36694,0.49704
2025_16_PIT_DET,2025,16,0.74020,7.51181,0.49205
2025_16_SF_IND,2025,16,0.32582,-4.86933,0.49707
2025_16_TB_CAR,2025,16,0.39131,-2.62985,0.48733
2025_17_ARI_CIN,2025,17,0.73523,7.52094,0.48534
2025_17_BAL_GB,2025,17,0.58479,2.73042,0.48917
2025_17_CHI_SF,2025,17,0.62373,3.92675,0.48658
2025_17_DAL_WAS,2025,17,0.22305,-8.22868,0.48863
2025_17_DEN_KC,2025,17,0.12007,-13.43632,0.49136
2025_17_DET_MIN,2025,17,0.25902,-6.95164,0.49156
2025_17_HOU_LAC,2025,17,0.54046,1.34586,0.49423
2025_17_JAX_IND,2025,17,0.35306,-4.12398,0.50042
2025_17_LA_ATL,2025,17,0.23543,-8.04320,0.49936
2025_17_NE_NYJ,2025,17,0.13112,-12.91853,0.49772
2025_17_NO_TEN,2025,17,0.43063,-1.72714,0.49519
2025_17_NYG_LV,2025,17,0.39008,-2.68603,0.48807
2025_17_PHI_BUF,2025,17,0.59771,3.02362,0.49189
2025_17_PIT_CLE,2025,17,0.31797,-5.26111,0.50223
2025_17_SEA_CAR,2025,17,0.26715,-6.78370,0.49594
2025_17_TB_MIA,2025,17,0.30714,-5.23210,0.48867
2025_18_ARI_LA,2025,18,0.89463,15.35461,0.48095
2025_18_BAL_PIT,2025,18,0.33957,-4.19525,0.48819
2025_18_CAR_TB,2025,18,0.60040,3.14568,0.49028
2025_18_CLE_CIN,2025,18,0.79735,9.87025,0.48732
2025_18_DAL_NYG,2025,18,0.37962,-3.16705,0.49440
2025_18_DET_CHI,2025,18,0.61850,3.68446,0.48977
2025_18_GB_MIN,2025,18,0.85431,12.48070,0.49246
2025_18_IND_HOU,2025,18,0.80440,10.35160,0.48099
2025_18_KC_LV,2025,18,0.35713,-3.93084,0.49788
2025_18_LAC_DEN,2025,18,0.88694,14.49407,0.49228
2025_18_MIA_NE,2025,18,0.88250,14.30842,0.48814
2025_18_NO_ATL,2025,18,0.64613,4.40108,0.49350
2025_18_NYJ_BUF,2025,18,0.86178,13.14877,0.48366
2025_18_SEA_SF,2025,18,0.40978,-2.08099,0.48668
2025_18_TEN_JAX,2025,18,0.86663,13.59837,0.47774
2025_18_WAS_PHI,2025,18,0.61908,4.00016,0.47903
2025_19_BUF_JAX,2025,19,0.54745,1.65237,0.49019
2025_19_GB_CHI,2025,19,0.40589,-2.25640,0.48899
2025_19_HOU_PIT,2025,19,0.38042,-3.13019,0.49392
2025_19_LAC_NE,2025,19,0.62436,3.95595,0.48620
2025_19_LA_CAR,2025,19,0.17826,-10.41193,0.49763
2025_19_SF_PHI,2025,19,0.69496,5.94390,0.49294
2025_20_BUF_DEN,2025,20,0.55075,1.79773,0.48828
2025_20_HOU_NE,2025,20,0.59344,2.83071,0.49443
2025_20_LA_CHI,2025,20,0.36638,-3.49472,0.49213
2025_20_SF_SEA,2025,20,0.71746,6.83613,0.48777
2025_21_LA_SEA,2025,21,0.58370,2.68151,0.48981
2025_21_NE_DEN,2025,21,0.37141,-3.25934,0.48903
2025_22_SEA_NE,2025,22,0.32237,-5.04067,0.49933
2026_01_ARI_LAC,2026,1,0.77129,8.92633,0.48862
2026_01_ATL_PIT,2026,1,0.71305,6.72914,0.49174
2026_01_BAL_IND,2026,1,0.38642,-2.85518,0.49307
2026_01_BUF_HOU,2026,1,0.44145,-1.22798,0.49106
2026_01_CHI_CAR,2026,1,0.38005,-3.15037,0.49774
2026_01_CLE_JAX,2026,1,0.77270,9.01390,0.48723
2026_01_DAL_NYG,2026,1,0.39053,-2.66517,0.49007
2026_01_DEN_KC,2026,1,0.57149,2.20706,0.50000
2026_01_GB_MIN,2026,1,0.55342,1.97724,0.48781
2026_01_MIA_LV,2026,1,0.59243,2.86363,0.49752
2026_01_NE_SEA,2026,1,0.61083,3.70523,0.48421
2026_01_NO_DET,2026,1,0.72675,7.18607,0.49242
2026_01_NYJ_TEN,2026,1,0.55007,1.82908,0.49016
2026_01_SF_LA,2026,1,0.61450,3.58722,0.49398
2026_01_TB_CIN,2026,1,0.61715,3.71013,0.49204
2026_01_WAS_PHI,2026,1,0.69948,6.29943,0.49063
2026_02_CAR_ATL,2026,2,0.40838,-2.13699,0.48962
2026_02_CIN_HOU,2026,2,0.60482,3.42867,0.48858
2026_02_CLE_TB,2026,2,0.76276,8.40293,0.49690
2026_02_DET_BUF,2026,2,0.68532,5.85821,0.48970
2026_02_GB_NYJ,2026,2,0.36341,-3.64390,0.49764
2026_02_IND_KC,2026,2,0.70063,6.35951,0.48968
2026_02_JAX_DEN,2026,2,0.57339,2.29235,0.49865
2026_02_LV_LAC,2026,2,0.71255,6.70231,0.49216
2026_02_MIA_SF,2026,2,0.85774,12.99530,0.48753
2026_02_MIN_CHI,2026,2,0.64687,4.53628,0.49479
2026_02_NO_BAL,2026,2,0.77045,8.87419,0.48944
2026_02_NYG_LA,2026,2,0.71429,6.79576,0.49068
2026_02_PHI_TEN,2026,2,0.25118,-7.46019,0.50265
2026_02_PIT_NE,2026,2,0.65045,4.70862,0.49206
2026_02_SEA_ARI,2026,2,0.35959,-3.82563,0.50052
2026_02_WAS_DAL,2026,2,0.61315,3.52458,0.49497
2026_03_ARI_SF,2026,3,0.75294,8.39179,0.48126
2026_03_ATL_GB,2026,3,0.65367,4.86419,0.48960
2026_03_BAL_DAL,2026,3,0.37835,-3.22970,0.49900
2026_03_CAR_CLE,2026,3,0.40436,-2.31958,0.49251
2026_03_CIN_PIT,2026,3,0.36634,-3.50534,0.49545
2026_03_HOU_IND,2026,3,0.43252,-1.62609,0.49736
2026_03_KC_MIA,2026,3,0.18677,-9.88795,0.49359
2026_03_LAC_BUF,2026,3,0.74113,7.99414,0.47964
2026_03_LA_DEN,2026,3,0.54406,1.56281,0.49437
2026_03_LV_NO,2026,3,0.62099,3.88845,0.48922
2026_03_MIN_TB,2026,3,0.41897,-2.23366,0.50697
2026_03_NE_JAX,2026,3,0.60071,3.24067,0.49156
2026_03_NYJ_DET,2026,3,0.73411,7.59617,0.48593
2026_03_PHI_CHI,2026,3,0.36361,-3.63448,0.49749
2026_03_SEA_WAS,2026,3,0.21465,-8.84281,0.50079
2026_03_TEN_NYG,2026,3,0.58684,2.89787,0.48907
2026_04_ARI_NYG,2026,4,0.40839,-2.13649,0.48961
2026_04_ATL_NO,2026,4,0.57895,2.54215,0.49470
2026_04_DAL_HOU,2026,4,0.59977,3.19770,0.49224
2026_04_DEN_SF,2026,4,0.60566,3.46731,0.48797
2026_04_DET_CAR,2026,4,0.36612,-3.51591,0.49562
2026_04_GB_TB,2026,4,0.38253,-3.03540,0.49592
2026_04_IND_WAS,2026,4,0.33473,-4.45326,0.49462
2026_04_JAX_CIN,2026,4,0.57235,2.24571,0.49939
2026_04_KC_LV,2026,4,0.33308,-4.53453,0.49591
2026_04_LAC_SEA,2026,4,0.74050,7.95787,0.48022
2026_04_LA_PHI,2026,4,0.37262,-3.20990,0.49077
2026_04_MIA_MIN,2026,4,0.81316,10.86001,0.48176
2026_04_NE_BUF,2026,4,0.73335,7.55370,0.48660
2026_04_NYJ_CHI,2026,4,0.62614,4.12926,0.48541
2026_04_PIT_CLE,2026,4,0.40693,-2.20290,0.49066
2026_04_TEN_BAL,2026,4,0.84293,12.29407,0.48280
2026_05_BAL_ATL,2026,5,0.28866,-5.94780,0.49454
2026_05_BUF_LA,2026,5,0.57414,2.32577,0.49812
2026_05_CHI_GB,2026,5,0.57379,2.31026,0.49837
2026_05_CIN_MIA,2026,5,0.21983,-8.50911,0.49551
2026_05_CLE_NYJ,2026,5,0.53448,1.14039,0.50105
2026_05_DEN_LAC,2026,5,0.39254,-2.86053,0.50107
2026_05_DET_ARI,2026,5,0.30066,-5.60269,0.49699
2026_05_HOU_TEN,2026,5,0.26691,-6.84944,0.50089
2026_05_IND_PIT,2026,5,0.55011,1.83061,0.49013
2026_05_LV_NE,2026,5,0.61851,3.77304,0.49104
2026_05_MIN_NO,2026,5,0.39232,-2.87048,0.50123
2026_05_NYG_WAS,2026,5,0.58421,2.77885,0.49095
2026_05_PHI_JAX,2026,5,0.60492,3.43357,0.48850
2026_05_SF_SEA,2026,5,0.59675,3.06003,0.49441
2026_05_TB_DAL,2026,5,0.79432,9.83715,0.49003
