game_id,season,week,p_home,margin,p_home_cover
2006_01_ATL_CAR,2006,1,0.66048,5.28927,0.49542
2006_01_BAL_TB,2006,1,0.54381,1.53639,0.47420
2006_01_BUF_NE,2006,1,0.73115,7.85658,0.46781
2006_01_CHI_GB,2006,1,0.42851,-2.01620,0.50196
2006_01_CIN_KC,2006,1,0.59134,3.02166,0.53057
2006_01_DAL_JAX,2006,1,0.65839,5.21791,0.56044
2006_01_DEN_STL,2006,1,0.42256,-2.20264,0.50021
2006_01_IND_NYG,2006,1,0.46362,-0.92674,0.50752
2006_01_MIA_PIT,2006,1,0.64638,4.81196,0.51919
2006_01_MIN_WAS,2006,1,0.67315,5.72641,0.50425
2006_01_NO_CLE,2006,1,0.59810,3.23641,0.49021
2006_01_NYJ_TEN,2006,1,0.47772,-0.49311,0.45985
2006_01_PHI_HOU,2006,1,0.45370,-1.23292,0.53287
2006_01_SD_OAK,2006,1,0.49699,0.09796,0.51718
2006_01_SEA_DET,2006,1,0.39559,-3.05777,0.51571
2006_01_SF_ARI,2006,1,0.70805,6.97873,0.46427
2006_02_ARI_SEA,2006,2,0.75450,8.79360,0.50489
2006_02_BUF_MIA,2006,2,0.61757,3.86246,0.46318
2006_02_CAR_MIN,2006,2,0.60093,3.32674,0.50048
2006_02_CLE_CIN,2006,2,0.78284,10.01590,0.48342
2006_02_DET_CHI,2006,2,0.77159,9.51802,0.51171
2006_02_HOU_IND,2006,2,0.86215,14.23771,0.50436
2006_02_KC_DEN,2006,2,0.66023,5.28053,0.43444
2006_02_NE_NYJ,2006,2,0.52918,1.08550,0.55456
2006_02_NO_GB,2006,2,0.51687,0.70751,0.50407
2006_02_NYG_PHI,2006,2,0.56929,2.32762,0.48165
2006_02_OAK_BAL,2006,2,0.86401,14.35853,0.50078
2006_02_PIT_JAX,2006,2,0.42494,-2.12807,0.49148
2006_02_STL_SF,2006,2,0.46561,-0.86548,0.50810
2006_02_TB_ATL,2006,2,0.73821,8.13410,0.52222
2006_02_TEN_SD,2006,2,0.83355,12.53467,0.49302
2006_02_WAS_DAL,2006,2,0.53575,1.28770,0.43450
2006_03_ATL_NO,2006,3,0.43758,-1.73295,0.50935
2006_03_BAL_CLE,2006,3,0.29623,-6.44063,0.48854
2006_03_CAR_TB,2006,3,0.46038,-1.02682,0.50658
2006_03_CHI_MIN,2006,3,0.32591,-5.37853,0.47030
2006_03_CIN_PIT,2006,3,0.56659,2.24332,0.49027
2006_03_DEN_NE,2006,3,0.67464,5.77834,0.48118
2006_03_GB_DET,2006,3,0.60704,3.52260,0.45999
2006_03_JAX_IND,2006,3,0.70621,6.91060,0.49185
2006_03_NYG_SEA,2006,3,0.64499,4.76565,0.49519
2006_03_NYJ_BUF,2006,3,0.52752,1.03457,0.44144
2006_03_PHI_SF,2006,3,0.45197,-1.28652,0.53237
2006_03_STL_ARI,2006,3,0.58852,2.93228,0.46383
2006_03_TEN_MIA,2006,3,0.74296,8.32364,0.46750
2006_03_WAS_HOU,2006,3,0.44532,-1.49249,0.50690
2006_04_ARI_ATL,2006,4,0.69593,6.53497,0.48360
2006_04_CLE_OAK,2006,4,0.53941,1.40072,0.51061
2006_04_DAL_TEN,2006,4,0.27693,-7.16416,0.51471
2006_04_DET_STL,2006,4,0.65513,5.10698,0.48428
2006_04_GB_PHI,2006,4,0.72190,7.49974,0.44576
2006_04_IND_NYJ,2006,4,0.42276,-2.19657,0.53790
2006_04_JAX_WAS,2006,4,0.53612,1.29923,0.52378
2006_04_MIA_HOU,2006,4,0.42881,-2.00669,0.50205
2006_04_MIN_BUF,2006,4,0.57206,2.41431,0.50131
2006_04_NE_CIN,2006,4,0.65826,5.21353,0.48528
2006_04_NO_CAR,2006,4,0.58711,2.88766,0.44938
2006_04_SD_BAL,2006,4,0.46629,-0.84450,0.47062
2006_04_SEA_CHI,2006,4,0.66601,5.47899,0.50663
2006_04_SF_KC,2006,4,0.75714,8.90327,0.50592
2006_05_BAL_DEN,2006,5,0.64508,4.76854,0.48109
2006_05_BUF_CHI,2006,5,0.79430,10.54280,0.49781
2006_05_CLE_CAR,2006,5,0.68231,6.04767,0.47431
2006_05_DAL_PHI,2006,5,0.59393,3.10367,0.52664
2006_05_DET_MIN,2006,5,0.68017,5.97220,0.50657
2006_05_KC_ARI,2006,5,0.27220,-7.34589,0.45187
2006_05_MIA_NE,2006,5,0.80003,10.81468,0.50037
2006_05_NYJ_JAX,2006,5,0.62969,4.25817,0.46220
2006_05_OAK_SF,2006,5,0.59004,2.98046,0.48779
2006_05_PIT_SD,2006,5,0.67541,5.80503,0.50971
2006_05_STL_GB,2006,5,0.47093,-0.70178,0.50493
2006_05_TB_NO,2006,5,0.60883,3.58019,0.45585
2006_05_TEN_IND,2006,5,0.92692,19.65558,0.54588
2006_05_WAS_NYG,2006,5,0.62219,4.01288,0.46928
2006_06_BUF_DET,2006,6,0.47912,-0.45027,0.49316
2006_06_CAR_BAL,2006,6,0.65187,4.99670,0.50680
2006_06_CHI_ARI,2006,6,0.16035,-12.49649,0.47860
2006_06_CIN_TB,2006,6,0.39873,-2.95727,0.50252
2006_06_HOU_DAL,2006,6,0.75130,8.66163,0.44727
2006_06_KC_PIT,2006,6,0.55840,1.98825,0.44566
2006_06_MIA_NYJ,2006,6,0.60343,3.40694,0.50124
2006_06_NYG_ATL,2006,6,0.57628,2.54664,0.48371
2006_06_OAK_DEN,2006,6,0.88257,15.64620,0.50350
2006_06_PHI_NO,2006,6,0.45536,-1.18188,0.50512
2006_06_SD_SF,2006,6,0.18077,-11.38958,0.47020
2006_06_SEA_STL,2006,6,0.47770,-0.49379,0.51160
2006_06_TEN_WAS,2006,6,0.83779,12.77136,0.49996
2006_07_ARI_OAK,2006,7,0.48775,-0.18531,0.51451
2006_07_CAR_CIN,2006,7,0.55458,1.86987,0.47734
2006_07_DEN_CLE,2006,7,0.41919,-2.30850,0.50864
2006_07_DET_NYJ,2006,7,0.65354,5.05318,0.49791
2006_07_GB_MIA,2006,7,0.60471,3.44772,0.46398
2006_07_JAX_HOU,2006,7,0.15581,-12.75764,0.43872
2006_07_MIN_SEA,2006,7,0.62502,4.10523,0.47015
2006_07_NE_BUF,2006,7,0.30240,-6.21507,0.48124
2006_07_NYG_DAL,2006,7,0.58703,2.88524,0.48690
2006_07_PHI_TB,2006,7,0.43417,-1.83931,0.52717
2006_07_PIT_ATL,2006,7,0.37144,-3.84078,0.47536
2006_07_SD_KC,2006,7,0.27814,-7.11800,0.47745
2006_07_WAS_IND,2006,7,0.77751,9.77781,0.50474
2006_08_ARI_GB,2006,8,0.71613,7.28077,0.51890
2006_08_ATL_CIN,2006,8,0.63628,4.47566,0.49717
2006_08_BAL_NO,2006,8,0.51427,0.62776,0.48447
2006_08_DAL_CAR,2006,8,0.64941,4.91392,0.49188
2006_08_HOU_TEN,2006,8,0.60985,3.61299,0.49376
2006_08_IND_DEN,2006,8,0.51325,0.59654,0.46537
2006_08_JAX_PHI,2006,8,0.61389,3.74335,0.43873
2006_08_NE_MIN,2006,8,0.46788,-0.79563,0.48990
2006_08_NYJ_CLE,2006,8,0.48197,-0.36282,0.47515
2006_08_PIT_OAK,2006,8,0.23768,-8.74029,0.49043
2006_08_SEA_KC,2006,8,0.70509,6.86930,0.51502
2006_08_SF_CHI,2006,8,0.90238,17.23142,0.49959
2006_08_STL_SD,2006,8,0.81132,11.36703,0.50558
2006_08_TB_NYG,2006,8,0.74638,8.46153,0.47820
2006_09_ATL_DET,2006,9,0.45369,-1.23332,0.52347
2006_09_CIN_BAL,2006,9,0.64038,4.61184,0.50317
2006_09_CLE_SD,2006,9,0.91028,17.94516,0.53454
2006_09_DAL_WAS,2006,9,0.56318,2.13714,0.53634
2006_09_DEN_PIT,2006,9,0.59085,3.00620,0.48804
2006_09_GB_BUF,2006,9,0.58569,2.84288,0.48179
2006_09_HOU_NYG,2006,9,0.86508,14.42868,0.50145
2006_09_IND_NE,2006,9,0.57685,2.56463,0.48388
2006_09_KC_STL,2006,9,0.50012,0.19380,0.46629
2006_09_MIA_CHI,2006,9,0.81530,11.56779,0.47450
2006_09_MIN_SF,2006,9,0.35188,-4.49024,0.48336
2006_09_NO_TB,2006,9,0.53163,1.16105,0.48950
2006_09_OAK_SEA,2006,9,0.71891,7.38595,0.49162
2006_09_TEN_JAX,2006,9,0.82072,11.84710,0.51010
2006_10_BAL_TEN,2006,10,0.20351,-10.26567,0.45729
2006_10_BUF_IND,2006,10,0.85486,13.77803,0.50474
2006_10_CHI_NYG,2006,10,0.56518,2.19936,0.49928
2006_10_CLE_ATL,2006,10,0.69103,6.35831,0.46314
2006_10_DAL_ARI,2006,10,0.27988,-7.05163,0.48278
2006_10_DEN_OAK,2006,10,0.21069,-9.93059,0.47922
2006_10_GB_MIN,2006,10,0.61966,3.93038,0.47791
2006_10_HOU_JAX,2006,10,0.83403,12.56143,0.51212
2006_10_KC_MIA,2006,10,0.44738,-1.42865,0.46514
2006_10_NO_PIT,2006,10,0.70734,6.95240,0.49224
2006_10_NYJ_NE,2006,10,0.76222,9.11625,0.47495
2006_10_SD_CIN,2006,10,0.36204,-4.15098,0.45837
2006_10_SF_DET,2006,10,0.77030,9.46214,0.51590
2006_10_STL_SEA,2006,10,0.59908,3.26768,0.49050
2006_10_TB_CAR,2006,10,0.74853,8.54859,0.47432
2006_10_WAS_PHI,2006,10,0.68889,6.28162,0.46242
2006_11_ATL_BAL,2006,11,0.74652,8.46689,0.53475
2006_11_BUF_HOU,2006,11,0.55077,1.75159,0.47622
2006_11_CHI_NYJ,2006,11,0.31641,-5.71263,0.48598
2006_11_CIN_NO,2006,11,0.56079,2.06263,0.47445
2006_11_DET_ARI,2006,11,0.49818,0.13443,0.46573
2006_11_IND_DAL,2006,11,0.57154,2.39821,0.52000
2006_11_MIN_MIA,2006,11,0.64846,4.88201,0.50572
2006_11_NE_GB,2006,11,0.35409,-4.41592,0.49820
2006_11_NYG_JAX,2006,11,0.61617,3.81729,0.48626
2006_11_OAK_KC,2006,11,0.77229,9.54840,0.49315
2006_11_PIT_CLE,2006,11,0.32446,-5.42932,0.47452
2006_11_SD_DEN,2006,11,0.42132,-2.24157,0.44352
2006_11_SEA_SF,2006,11,0.38297,-3.46454,0.48360
2006_11_STL_CAR,2006,11,0.62262,4.02678,0.46472
2006_11_TEN_PHI,2006,11,0.84376,13.11329,0.48905
2006_11_WAS_TB,2006,11,0.54110,1.45289,0.47342
2006_12_ARI_MIN,2006,12,0.71772,7.34074,0.49119
2006_12_CAR_WAS,2006,12,0.46930,-0.75206,0.53269
2006_12_CHI_NE,2006,12,0.62504,4.10571,0.48426
2006_12_CIN_CLE,2006,12,0.40370,-2.79892,0.48987
2006_12_DEN_KC,2006,12,0.49953,0.17568,0.48022
2006_12_GB_SEA,2006,12,0.74897,8.56674,0.47449
2006_12_HOU_NYJ,2006,12,0.63871,4.55606,0.48851
2006_12_JAX_BUF,2006,12,0.41993,-2.28534,0.49471
2006_12_MIA_DET,2006,12,0.46400,-0.91506,0.50763
2006_12_NO_ATL,2006,12,0.53682,1.32087,0.47218
2006_12_NYG_TEN,2006,12,0.38477,-3.40620,0.49357
2006_12_OAK_SD,2006,12,0.88800,16.05540,0.51206
2006_12_PHI_IND,2006,12,0.77118,9.50031,0.48327
2006_12_PIT_BAL,2006,12,0.57982,2.65770,0.48475
2006_12_SF_STL,2006,12,0.72914,7.77836,0.51887
2006_12_TB_DAL,2006,12,0.85380,13.71279,0.49941
2006_13_ARI_STL,2006,13,0.65721,5.17785,0.48024
2006_13_ATL_WAS,2006,13,0.58983,2.97388,0.52542
2006_13_BAL_CIN,2006,13,0.51557,0.66753,0.46604
2006_13_CAR_PHI,2006,13,0.51384,0.61460,0.52204
2006_13_DAL_NYG,2006,13,0.35241,-4.47219,0.47412
2006_13_DET_NE,2006,13,0.89672,16.75137,0.52333
2006_13_HOU_OAK,2006,13,0.65023,4.94150,0.50628
2006_13_IND_TEN,2006,13,0.26585,-7.59363,0.48710
2006_13_JAX_MIA,2006,13,0.45268,-1.26473,0.46668
2006_13_KC_CLE,2006,13,0.36851,-3.93695,0.48857
2006_13_MIN_CHI,2006,13,0.76759,9.34547,0.49123
2006_13_NYJ_GB,2006,13,0.49639,0.07953,0.47931
2006_13_SD_BUF,2006,13,0.31575,-5.73605,0.48575
2006_13_SEA_DEN,2006,13,0.65852,5.22247,0.49479
2006_13_SF_NO,2006,13,0.80299,10.95708,0.52526
2006_13_TB_PIT,2006,13,0.78309,10.02741,0.49766
2006_14_ATL_TB,2006,14,0.43729,-1.74206,0.50926
2006_14_BAL_KC,2006,14,0.49017,-0.11107,0.45874
2006_14_BUF_NYJ,2006,14,0.59547,3.15270,0.47529
2006_14_CHI_STL,2006,14,0.28564,-6.83400,0.48012
2006_14_CLE_PIT,2006,14,0.73536,8.02143,0.49761
2006_14_DEN_SD,2006,14,0.79688,10.66455,0.50367
2006_14_GB_SF,2006,14,0.54547,1.58762,0.46529
2006_14_IND_JAX,2006,14,0.57395,2.47342,0.52071
2006_14_MIN_DET,2006,14,0.46600,-0.85346,0.47054
2006_14_NE_MIA,2006,14,0.35490,-4.38889,0.47490
2006_14_NO_DAL,2006,14,0.77561,9.69401,0.50866
2006_14_NYG_CAR,2006,14,0.46270,-0.95526,0.50725
2006_14_OAK_CIN,2006,14,0.81410,11.50703,0.49747
2006_14_PHI_WAS,2006,14,0.47551,-0.56100,0.50154
2006_14_SEA_ARI,2006,14,0.45565,-1.17284,0.50520
2006_14_TEN_HOU,2006,14,0.51064,0.51650,0.48342
2006_15_CIN_IND,2006,15,0.55129,1.76789,0.47168
2006_15_CLE_BAL,2006,15,0.83974,12.88202,0.48687
2006_15_DAL_ATL,2006,15,0.34948,-4.57077,0.48260
2006_15_DEN_ARI,2006,15,0.45218,-1.28006,0.49948
2006_15_DET_GB,2006,15,0.62185,4.00176,0.46918
2006_15_HOU_NE,2006,15,0.85546,13.81540,0.49566
2006_15_JAX_TEN,2006,15,0.32344,-5.46491,0.46949
2006_15_KC_SD,2006,15,0.79501,10.57614,0.49812
2006_15_MIA_BUF,2006,15,0.59288,3.07042,0.50749
2006_15_NYJ_MIN,2006,15,0.57200,2.41248,0.47774
2006_15_PHI_NYG,2006,15,0.63817,4.53812,0.47892
2006_15_PIT_CAR,2006,15,0.38392,-3.43400,0.48389
2006_15_SF_SEA,2006,15,0.80945,11.27397,0.49999
2006_15_STL_OAK,2006,15,0.65227,5.01024,0.50693
2006_15_TB_CHI,2006,15,0.87246,14.92446,0.50612
2006_15_WAS_NO,2006,15,0.77579,9.70180,0.48517
2006_16_ARI_SF,2006,16,0.50996,0.49559,0.45974
2006_16_BAL_PIT,2006,16,0.53919,1.39374,0.46347
2006_16_CAR_ATL,2006,16,0.64002,4.59973,0.47480
2006_16_CHI_DET,2006,16,0.18408,-11.21936,0.43908
2006_16_CIN_DEN,2006,16,0.54123,1.45667,0.47345
2006_16_IND_HOU,2006,16,0.20408,-10.23889,0.47631
2006_16_KC_OAK,2006,16,0.29817,-6.36923,0.49392
2006_16_MIN_GB,2006,16,0.47190,-0.67214,0.44416
2006_16_NE_JAX,2006,16,0.54271,1.50263,0.47388
2006_16_NO_NYG,2006,16,0.56421,2.16934,0.48016
2006_16_NYJ_MIA,2006,16,0.55957,2.02472,0.48350
2006_16_PHI_DAL,2006,16,0.74485,8.39941,0.50588
2006_16_SD_SEA,2006,16,0.29042,-6.65534,0.46301
2006_16_TB_CLE,2006,16,0.60084,3.32393,0.48632
2006_16_TEN_BUF,2006,16,0.69946,6.66308,0.49894
2006_16_WAS_STL,2006,16,0.51972,0.79502,0.48605
2006_17_ARI_SD,2006,17,0.87926,15.40401,0.50593
2006_17_ATL_PHI,2006,17,0.65278,5.02741,0.46942
2006_17_BUF_BAL,2006,17,0.73436,7.98203,0.47369
2006_17_CAR_NO,2006,17,0.53215,1.17699,0.52733
2006_17_CLE_HOU,2006,17,0.53734,1.33686,0.44425
2006_17_DET_DAL,2006,17,0.86945,14.71924,0.49947
2006_17_GB_CHI,2006,17,0.83499,12.61469,0.58257
2006_17_JAX_KC,2006,17,0.54733,1.64529,0.49406
2006_17_MIA_IND,2006,17,0.78471,10.10059,0.49364
2006_17_NE_TEN,2006,17,0.36241,-4.13859,0.41675
2006_17_NYG_WAS,2006,17,0.53788,1.35350,0.51016
2006_17_OAK_NYJ,2006,17,0.76528,9.24642,0.48088
2006_17_PIT_CIN,2006,17,0.56153,2.08567,0.45123
2006_17_SEA_TB,2006,17,0.54255,1.49757,0.47384
2006_17_SF_DEN,2006,17,0.83254,12.47910,0.50663
2006_17_STL_MIN,2006,17,0.54923,1.70396,0.51346
2006_18_DAL_SEA,2006,18,0.50059,0.20823,0.48052
2006_18_KC_IND,2006,18,0.70184,6.75023,0.48563
2006_18_NYG_PHI,2006,18,0.66494,5.44209,0.47802
2006_18_NYJ_NE,2006,18,0.74974,8.59815,0.47949
2006_19_IND_BAL,2006,19,0.69161,6.37921,0.51040
2006_19_NE_SD,2006,19,0.68691,6.21082,0.49939
2006_19_PHI_NO,2006,19,0.64298,4.69828,0.48043
2006_19_SEA_CHI,2006,19,0.73321,7.93680,0.52977
2006_20_NE_IND,2006,20,0.50165,0.24068,0.45735
2006_20_NO_CHI,2006,20,0.60169,3.35109,0.49600
2006_21_IND_CHI,2006,21,0.40793,-2.66441,0.52412
2007_01_ARI_SF,2007,1,0.50442,0.23297,0.45800
2007_01_ATL_MIN,2007,1,0.58081,2.58986,0.48631
2007_01_BAL_CIN,2007,1,0.47959,-0.52613,0.46038
2007_01_CAR_STL,2007,1,0.52885,0.98087,0.48523
2007_01_CHI_SD,2007,1,0.67743,5.76780,0.47815
2007_01_DEN_BUF,2007,1,0.57651,2.45502,0.54452
2007_01_DET_OAK,2007,1,0.59715,3.10578,0.49144
2007_01_KC_HOU,2007,1,0.42891,-2.08979,0.44006
2007_01_MIA_WAS,2007,1,0.52259,0.78905,0.46844
2007_01_NE_NYJ,2007,1,0.39575,-3.13587,0.51886
2007_01_NO_IND,2007,1,0.65010,4.83152,0.48375
2007_01_NYG_DAL,2007,1,0.64277,4.58644,0.47635
2007_01_PHI_GB,2007,1,0.43391,-1.93398,0.50099
2007_01_PIT_CLE,2007,1,0.37504,-3.80395,0.49731
2007_01_TB_SEA,2007,1,0.63109,4.20059,0.47252
2007_01_TEN_JAX,2007,1,0.68281,5.95657,0.47506
2007_02_ATL_JAX,2007,2,0.77117,9.38175,0.48425
2007_02_BUF_PIT,2007,2,0.69239,6.29749,0.45370
2007_02_CIN_CLE,2007,2,0.31494,-5.84026,0.50192
2007_02_DAL_MIA,2007,2,0.49637,-0.01281,0.52505
2007_02_GB_NYG,2007,2,0.65564,5.01834,0.51046
2007_02_HOU_CAR,2007,2,0.67778,5.77995,0.48323
2007_02_IND_TEN,2007,2,0.37524,-3.79769,0.52222
2007_02_KC_CHI,2007,2,0.63846,4.44339,0.42088
2007_02_MIN_DET,2007,2,0.54470,1.46802,0.47517
2007_02_NO_TB,2007,2,0.61396,3.64364,0.57576
2007_02_NYJ_BAL,2007,2,0.72463,7.49141,0.47045
2007_02_OAK_DEN,2007,2,0.77476,9.53781,0.48580
2007_02_SD_NE,2007,2,0.71028,6.95021,0.52468
2007_02_SEA_ARI,2007,2,0.44762,-1.50885,0.50522
2007_02_SF_STL,2007,2,0.62921,4.13910,0.50172
2007_02_WAS_PHI,2007,2,0.63466,4.31817,0.46873
2007_03_ARI_BAL,2007,3,0.71469,7.11468,0.49153
2007_03_BUF_NE,2007,3,0.84276,12.92719,0.45498
2007_03_CAR_ATL,2007,3,0.40395,-2.87459,0.50158
2007_03_CIN_SEA,2007,3,0.55561,1.80473,0.47355
2007_03_CLE_OAK,2007,3,0.53572,1.19175,0.47243
2007_03_DAL_CHI,2007,3,0.43311,-1.95893,0.44134
2007_03_DET_PHI,2007,3,0.59473,3.02880,0.47082
2007_03_IND_HOU,2007,3,0.43431,-1.92158,0.53586
2007_03_JAX_DEN,2007,3,0.55102,1.66291,0.47215
2007_03_MIA_NYJ,2007,3,0.57813,2.50569,0.48548
2007_03_MIN_KC,2007,3,0.50499,0.25061,0.46311
2007_03_NYG_WAS,2007,3,0.63560,4.34898,0.49883
2007_03_SD_GB,2007,3,0.52762,0.94308,0.55425
2007_03_SF_PIT,2007,3,0.86490,14.28506,0.53296
2007_03_STL_TB,2007,3,0.67295,5.61155,0.51139
2007_03_TEN_NO,2007,3,0.42995,-2.05735,0.42573
2007_04_BAL_CLE,2007,4,0.40166,-2.94757,0.49588
2007_04_CHI_DET,2007,4,0.42991,-2.05842,0.49478
2007_04_DEN_IND,2007,4,0.70406,6.72067,0.45788
2007_04_GB_MIN,2007,4,0.48704,-0.29812,0.49737
2007_04_HOU_ATL,2007,4,0.44872,-1.47494,0.50058
2007_04_KC_SD,2007,4,0.71135,6.98995,0.44084
2007_04_NE_CIN,2007,4,0.32085,-5.63179,0.50897
2007_04_NYJ_BUF,2007,4,0.49065,-0.18776,0.52331
2007_04_OAK_MIA,2007,4,0.73664,7.95767,0.53467
2007_04_PHI_NYG,2007,4,0.40188,-2.94060,0.48104
2007_04_PIT_ARI,2007,4,0.30652,-6.14068,0.48402
2007_04_SEA_SF,2007,4,0.37128,-3.92679,0.46136
2007_04_STL_DAL,2007,4,0.85663,13.75758,0.49792
2007_04_TB_CAR,2007,4,0.47846,-0.56075,0.45510
2007_05_ARI_STL,2007,5,0.39240,-3.24315,0.49294
2007_05_ATL_TEN,2007,5,0.71532,7.13840,0.47190
2007_05_BAL_SF,2007,5,0.35911,-4.32797,0.48713
2007_05_CAR_NO,2007,5,0.52778,0.94800,0.46507
2007_05_CHI_GB,2007,5,0.66396,5.30180,0.51328
2007_05_CLE_NE,2007,5,0.88499,15.69019,0.49228
2007_05_DAL_BUF,2007,5,0.26730,-7.60722,0.51915
2007_05_DET_WAS,2007,5,0.67909,5.82585,0.50855
2007_05_JAX_KC,2007,5,0.37999,-3.64321,0.46416
2007_05_MIA_HOU,2007,5,0.65834,5.10988,0.49645
2007_05_NYJ_NYG,2007,5,0.57632,2.44916,0.47995
2007_05_SD_DEN,2007,5,0.59050,2.89499,0.52909
2007_05_SEA_PIT,2007,5,0.68742,6.12017,0.49656
2007_05_TB_IND,2007,5,0.73851,8.03159,0.48077
2007_06_CAR_ARI,2007,6,0.63288,4.25935,0.47310
2007_06_CIN_KC,2007,6,0.46232,-1.05572,0.48984
2007_06_HOU_JAX,2007,6,0.71704,7.20311,0.49738
2007_06_MIA_CLE,2007,6,0.60812,3.45562,0.48498
2007_06_MIN_CHI,2007,6,0.57278,2.33855,0.46893
2007_06_NE_DAL,2007,6,0.41150,-2.63587,0.51390
2007_06_NO_SEA,2007,6,0.79221,10.32450,0.53830
2007_06_NYG_ATL,2007,6,0.46560,-0.95509,0.52562
2007_06_OAK_SD,2007,6,0.71706,7.20377,0.46760
2007_06_PHI_NYJ,2007,6,0.37697,-3.74117,0.49296
2007_06_STL_BAL,2007,6,0.80554,10.95841,0.50986
2007_06_TEN_TB,2007,6,0.55960,1.92839,0.49962
2007_06_WAS_GB,2007,6,0.57289,2.34200,0.48385
2007_07_ARI_WAS,2007,7,0.74930,8.46421,0.48507
2007_07_ATL_NO,2007,7,0.54487,1.47318,0.41633
2007_07_BAL_BUF,2007,7,0.52525,0.87060,0.52885
2007_07_CHI_PHI,2007,7,0.60935,3.49510,0.47048
2007_07_IND_JAX,2007,7,0.44612,-1.55527,0.50476
2007_07_KC_OAK,2007,7,0.44835,-1.48639,0.46572
2007_07_MIN_DAL,2007,7,0.74820,8.41963,0.47966
2007_07_NE_MIA,2007,7,0.13742,-13.93832,0.50592
2007_07_NYJ_CIN,2007,7,0.67290,5.60977,0.48651
2007_07_PIT_DEN,2007,7,0.31810,-5.72870,0.47322
2007_07_SF_NYG,2007,7,0.78397,9.94717,0.49484
2007_07_STL_SEA,2007,7,0.77717,9.64385,0.49679
2007_07_TB_DET,2007,7,0.42919,-2.08097,0.44505
2007_07_TEN_HOU,2007,7,0.53871,1.28369,0.48327
2007_08_BUF_NYJ,2007,8,0.53419,1.14464,0.47197
2007_08_CLE_STL,2007,8,0.25858,-7.95104,0.44142
2007_08_DET_CHI,2007,8,0.75178,8.56575,0.51590
2007_08_GB_DEN,2007,8,0.45658,-1.23240,0.44848
2007_08_HOU_SD,2007,8,0.81147,11.25135,0.50283
2007_08_IND_CAR,2007,8,0.29026,-6.73437,0.49303
2007_08_JAX_TB,2007,8,0.52213,0.77502,0.46335
2007_08_NO_SF,2007,8,0.46201,-1.06529,0.48974
2007_08_NYG_MIA,2007,8,0.30854,-6.06832,0.52946
2007_08_OAK_TEN,2007,8,0.71875,7.26770,0.49305
2007_08_PHI_MIN,2007,8,0.50286,0.18558,0.48230
2007_08_PIT_CIN,2007,8,0.36032,-4.28801,0.48753
2007_08_WAS_NE,2007,8,0.88637,15.79445,0.49829
2007_09_ARI_TB,2007,9,0.62822,4.10667,0.49642
2007_09_BAL_PIT,2007,9,0.68646,6.08580,0.45654
2007_09_CAR_TEN,2007,9,0.64614,4.69894,0.48740
2007_09_CIN_BUF,2007,9,0.46902,-0.85025,0.49188
2007_09_DAL_PHI,2007,9,0.45159,-1.38617,0.50644
2007_09_DEN_DET,2007,9,0.47115,-0.78487,0.45289
2007_09_GB_KC,2007,9,0.56396,2.06382,0.50097
2007_09_HOU_OAK,2007,9,0.62715,4.07156,0.50105
2007_09_JAX_NO,2007,9,0.46075,-1.10415,0.44483
2007_09_NE_IND,2007,9,0.36558,-4.11413,0.49920
2007_09_SD_MIN,2007,9,0.35481,-4.47133,0.51553
2007_09_SEA_CLE,2007,9,0.52454,0.84882,0.48889
2007_09_SF_ATL,2007,9,0.74616,8.33710,0.53842
2007_09_WAS_NYJ,2007,9,0.43998,-1.74554,0.50784
2007_10_ATL_CAR,2007,10,0.64232,4.57146,0.50105
2007_10_BUF_MIA,2007,10,0.56379,2.05859,0.52080
2007_10_CHI_OAK,2007,10,0.37099,-3.93622,0.48605
2007_10_CIN_BAL,2007,10,0.52714,0.92828,0.46982
2007_10_CLE_PIT,2007,10,0.78941,10.19495,0.49233
2007_10_DAL_NYG,2007,10,0.45855,-1.17174,0.48868
2007_10_DEN_KC,2007,10,0.62766,4.08832,0.50121
2007_10_DET_ARI,2007,10,0.48682,-0.30485,0.46751
2007_10_IND_SD,2007,10,0.39265,-3.23502,0.49302
2007_10_JAX_TEN,2007,10,0.52430,0.84137,0.45413
2007_10_MIN_GB,2007,10,0.67029,5.51956,0.49058
2007_10_PHI_WAS,2007,10,0.44866,-1.47662,0.44608
2007_10_SF_SEA,2007,10,0.81496,11.42692,0.50955
2007_10_STL_NO,2007,10,0.75081,8.52595,0.47079
2007_11_ARI_CIN,2007,11,0.72009,7.31816,0.53329
2007_11_CAR_GB,2007,11,0.80513,10.93860,0.49972
2007_11_CHI_SEA,2007,11,0.69833,6.51177,0.49548
2007_11_CLE_BAL,2007,11,0.49068,-0.18698,0.49847
2007_11_KC_IND,2007,11,0.85945,13.93413,0.48477
2007_11_MIA_PHI,2007,11,0.78362,9.93159,0.49468
2007_11_NE_BUF,2007,11,0.10423,-16.33889,0.48205
2007_11_NO_HOU,2007,11,0.55045,1.64538,0.49681
2007_11_NYG_DET,2007,11,0.47763,-0.58622,0.50942
2007_11_OAK_MIN,2007,11,0.68148,5.90969,0.50441
2007_11_PIT_NYJ,2007,11,0.22454,-9.37259,0.49166
2007_11_SD_JAX,2007,11,0.63368,4.28585,0.50318
2007_11_STL_SF,2007,11,0.46955,-0.83382,0.51193
2007_11_TB_ATL,2007,11,0.38916,-3.34699,0.48694
2007_11_TEN_DEN,2007,11,0.53088,1.04323,0.49082
2007_11_WAS_DAL,2007,11,0.81098,11.22687,0.49265
2007_12_BAL_SD,2007,12,0.76019,8.91411,0.48954
2007_12_BUF_JAX,2007,12,0.75147,8.55289,0.48098
2007_12_DEN_CHI,2007,12,0.54654,1.52458,0.49561
2007_12_GB_DET,2007,12,0.30567,-6.17134,0.46388
2007_12_HOU_CLE,2007,12,0.63557,4.34803,0.50380
2007_12_IND_ATL,2007,12,0.18951,-11.00648,0.51518
2007_12_MIA_PIT,2007,12,0.87281,14.81572,0.48856
2007_12_MIN_NYG,2007,12,0.66104,5.20177,0.47253
2007_12_NO_CAR,2007,12,0.48961,-0.21965,0.51803
2007_12_NYJ_DAL,2007,12,0.87647,15.07064,0.50104
2007_12_OAK_KC,2007,12,0.65370,4.95276,0.49986
2007_12_PHI_NE,2007,12,0.92990,19.85186,0.44931
2007_12_SEA_STL,2007,12,0.32784,-5.38806,0.46669
2007_12_SF_ARI,2007,12,0.77160,9.40048,0.48443
2007_12_TEN_CIN,2007,12,0.50648,0.29617,0.48340
2007_12_WAS_TB,2007,12,0.59669,3.09101,0.48633
2007_13_ATL_STL,2007,13,0.45530,-1.27199,0.44809
2007_13_BUF_WAS,2007,13,0.63548,4.34494,0.46900
2007_13_CIN_PIT,2007,13,0.73344,7.83229,0.49867
2007_13_CLE_ARI,2007,13,0.48303,-0.42083,0.47628
2007_13_DEN_OAK,2007,13,0.40219,-2.93060,0.49605
2007_13_DET_MIN,2007,13,0.66834,5.45226,0.48992
2007_13_GB_DAL,2007,13,0.62223,3.91138,0.45976
2007_13_HOU_TEN,2007,13,0.57757,2.48837,0.48034
2007_13_JAX_IND,2007,13,0.65073,4.85272,0.46907
2007_13_NE_BAL,2007,13,0.09276,-17.32671,0.50703
2007_13_NYG_CHI,2007,13,0.54799,1.56942,0.51594
2007_13_NYJ_MIA,2007,13,0.62556,4.01973,0.52041
2007_13_SD_KC,2007,13,0.36022,-4.29128,0.50738
2007_13_SEA_PHI,2007,13,0.62231,3.91374,0.49948
2007_13_SF_CAR,2007,13,0.72879,7.65132,0.53658
2007_13_TB_NO,2007,13,0.64986,4.82359,0.48367
2007_14_ARI_SEA,2007,14,0.69217,6.28950,0.47836
2007_14_CAR_JAX,2007,14,0.80588,10.97517,0.49014
2007_14_CHI_WAS,2007,14,0.59151,2.92701,0.48966
2007_14_CLE_NYJ,2007,14,0.43404,-1.92989,0.50103
2007_14_DAL_DET,2007,14,0.21227,-9.92194,0.49117
2007_14_IND_BAL,2007,14,0.26435,-7.72287,0.49812
2007_14_KC_DEN,2007,14,0.57963,2.55271,0.44146
2007_14_MIA_BUF,2007,14,0.72442,7.48314,0.49519
2007_14_MIN_SF,2007,14,0.21073,-9.99247,0.46566
2007_14_NO_ATL,2007,14,0.36927,-3.99281,0.49046
2007_14_NYG_PHI,2007,14,0.66169,5.22401,0.51250
2007_14_OAK_GB,2007,14,0.83786,12.64778,0.51175
2007_14_PIT_NE,2007,14,0.80227,10.80014,0.48840
2007_14_SD_TEN,2007,14,0.37589,-3.77647,0.46285
2007_14_STL_CIN,2007,14,0.77039,9.34786,0.48391
2007_14_TB_HOU,2007,14,0.48246,-0.43817,0.51586
2007_15_ARI_NO,2007,15,0.69167,6.27180,0.51298
2007_15_ATL_TB,2007,15,0.78106,9.81644,0.45882
2007_15_BAL_MIA,2007,15,0.54511,1.48049,0.53489
2007_15_BUF_CLE,2007,15,0.58824,2.82348,0.47374
2007_15_CHI_MIN,2007,15,0.71557,7.14797,0.45716
2007_15_CIN_SF,2007,15,0.35433,-4.48717,0.53521
2007_15_DEN_HOU,2007,15,0.48554,-0.34417,0.51183
2007_15_DET_SD,2007,15,0.80983,11.16974,0.50699
2007_15_GB_STL,2007,15,0.20601,-10.21143,0.45855
2007_15_IND_OAK,2007,15,0.16599,-12.23775,0.46323
2007_15_JAX_PIT,2007,15,0.54616,1.51292,0.47066
2007_15_NYJ_NE,2007,15,0.93666,20.68182,0.49220
2007_15_PHI_DAL,2007,15,0.75238,8.59025,0.47639
2007_15_SEA_CAR,2007,15,0.35494,-4.46679,0.51558
2007_15_TEN_KC,2007,15,0.47545,-0.65307,0.51869
2007_15_WAS_NYG,2007,15,0.65206,4.89743,0.47944
2007_16_ATL_ARI,2007,16,0.77606,9.59488,0.47643
2007_16_BAL_SEA,2007,16,0.76749,9.22308,0.45790
2007_16_CLE_CIN,2007,16,0.52676,0.91661,0.50945
2007_16_DAL_CAR,2007,16,0.26982,-7.50912,0.52012
2007_16_DEN_SD,2007,16,0.78124,9.82487,0.49859
2007_16_GB_CHI,2007,16,0.29405,-6.59405,0.51431
2007_16_HOU_IND,2007,16,0.84367,12.97990,0.55461
2007_16_KC_DET,2007,16,0.54243,1.39812,0.44485
2007_16_MIA_NE,2007,16,0.93296,20.21874,0.47270
2007_16_NYG_BUF,2007,16,0.53543,1.18270,0.51209
2007_16_NYJ_TEN,2007,16,0.62713,4.07103,0.44164
2007_16_OAK_JAX,2007,16,0.86729,14.44213,0.49479
2007_16_PHI_NO,2007,16,0.52239,0.78277,0.46838
2007_16_PIT_STL,2007,16,0.21739,-9.69027,0.48353
2007_16_TB_SF,2007,16,0.33406,-5.17347,0.50358
2007_16_WAS_MIN,2007,16,0.74409,8.25395,0.51280
2007_17_BUF_PHI,2007,17,0.77580,9.58347,0.49122
2007_17_CAR_TB,2007,17,0.64237,4.57341,0.56533
2007_17_CIN_MIA,2007,17,0.50887,0.36930,0.50401
2007_17_DAL_WAS,2007,17,0.35554,-4.44673,0.36046
2007_17_DET_GB,2007,17,0.78453,9.97249,0.55454
2007_17_JAX_HOU,2007,17,0.35945,-4.31688,0.38021
2007_17_KC_NYJ,2007,17,0.58777,2.80886,0.47856
2007_17_MIN_DEN,2007,17,0.43085,-2.02909,0.50005
2007_17_NE_NYG,2007,17,0.14693,-13.34220,0.48699
2007_17_NO_CHI,2007,17,0.57478,2.40083,0.50432
2007_17_PIT_BAL,2007,17,0.37373,-3.84683,0.48198
2007_17_SD_OAK,2007,17,0.17362,-11.82379,0.46238
2007_17_SEA_ATL,2007,17,0.26250,-7.79570,0.43315
2007_17_SF_CLE,2007,17,0.79479,10.44471,0.47990
2007_17_STL_ARI,2007,17,0.70662,6.81480,0.49849
2007_17_TEN_IND,2007,17,0.71208,7.01734,0.59865
2007_18_JAX_PIT,2007,18,0.52067,0.73020,0.52250
2007_18_NYG_TB,2007,18,0.58765,2.80497,0.48845
2007_18_TEN_SD,2007,18,0.79132,10.28309,0.48823
2007_18_WAS_SEA,2007,18,0.63764,4.41641,0.50448
2007_19_JAX_NE,2007,19,0.81959,11.66382,0.47216
2007_19_NYG_DAL,2007,19,0.73975,8.08073,0.50114
2007_19_SD_IND,2007,19,0.72622,7.55235,0.46115
2007_19_SEA_GB,2007,19,0.70303,6.68306,0.46739
2007_20_NYG_GB,2007,20,0.66559,5.35751,0.46912
2007_20_SD_NE,2007,20,0.75075,8.52355,0.43627
2007_21_NYG_NE,2007,21,0.78164,9.84281,0.46402
2008_01_ARI_SF,2008,1,0.41723,-2.41570,0.49317
2008_01_CAR_SD,2008,1,0.77726,9.74072,0.49504
2008_01_CHI_IND,2008,1,0.70553,6.85505,0.45471
2008_01_CIN_BAL,2008,1,0.52656,0.96506,0.52757
2008_01_DAL_CLE,2008,1,0.45102,-1.35950,0.54747
2008_01_DEN_OAK,2008,1,0.47186,-0.71591,0.51945
2008_01_DET_ATL,2008,1,0.51922,0.73944,0.53678
2008_01_HOU_PIT,2008,1,0.69290,6.39425,0.49090
2008_01_JAX_TEN,2008,1,0.42173,-2.27380,0.50084
2008_01_KC_NE,2008,1,0.84375,13.09201,0.45752
2008_01_MIN_GB,2008,1,0.48820,-0.21321,0.45983
2008_01_NYJ_MIA,2008,1,0.47437,-0.63860,0.52037
2008_01_SEA_BUF,2008,1,0.50264,0.23006,0.48297
2008_01_STL_PHI,2008,1,0.80416,10.98967,0.52786
2008_01_TB_NO,2008,1,0.52498,0.91638,0.46731
2008_01_WAS_NYG,2008,1,0.60386,3.38439,0.47885
2008_02_ATL_TB,2008,2,0.62051,3.92292,0.45552
2008_02_BUF_JAX,2008,2,0.65623,5.11110,0.50544
2008_02_CHI_CAR,2008,2,0.46413,-0.95399,0.44514
2008_02_GB_DET,2008,2,0.37723,-3.69864,0.48382
2008_02_IND_MIN,2008,2,0.52314,0.85983,0.51438
2008_02_MIA_ARI,2008,2,0.68923,6.26221,0.48932
2008_02_NE_NYJ,2008,2,0.51214,0.52180,0.48645
2008_02_NO_WAS,2008,2,0.60359,3.37587,0.52054
2008_02_NYG_STL,2008,2,0.22196,-9.47760,0.47453
2008_02_OAK_KC,2008,2,0.70117,6.69458,0.53030
2008_02_PHI_DAL,2008,2,0.55578,1.86867,0.43716
2008_02_PIT_CLE,2008,2,0.32718,-5.38415,0.50550
2008_02_SD_DEN,2008,2,0.48396,-0.34361,0.47613
2008_02_SF_SEA,2008,2,0.72527,7.59946,0.50530
2008_02_TEN_CIN,2008,2,0.47241,-0.69886,0.47190
2008_03_ARI_WAS,2008,3,0.57233,2.38528,0.48482
2008_03_CAR_MIN,2008,3,0.57101,2.34375,0.48433
2008_03_CIN_NYG,2008,3,0.83765,12.74205,0.48908
2008_03_CLE_BAL,2008,3,0.66611,5.44940,0.52738
2008_03_DAL_GB,2008,3,0.55579,1.86899,0.55017
2008_03_DET_SF,2008,3,0.65996,5.23841,0.49501
2008_03_HOU_TEN,2008,3,0.63483,4.39304,0.48492
2008_03_JAX_IND,2008,3,0.62600,4.10236,0.49339
2008_03_KC_ATL,2008,3,0.53222,1.13952,0.42861
2008_03_MIA_NE,2008,3,0.81279,11.41776,0.47925
2008_03_NO_DEN,2008,3,0.69674,6.53302,0.50451
2008_03_NYJ_SD,2008,3,0.78064,9.89151,0.51476
2008_03_OAK_BUF,2008,3,0.77040,9.44003,0.48548
2008_03_PIT_PHI,2008,3,0.59934,3.23972,0.48906
2008_03_STL_SEA,2008,3,0.79388,10.49835,0.52200
2008_03_TB_CHI,2008,3,0.68339,6.05381,0.52862
2008_04_ARI_NYJ,2008,4,0.49001,-0.15764,0.47239
2008_04_ATL_CAR,2008,4,0.57161,2.36272,0.43709
2008_04_BAL_PIT,2008,4,0.66088,5.26963,0.48344
2008_04_BUF_STL,2008,4,0.23057,-9.10000,0.48500
2008_04_CLE_CIN,2008,4,0.56565,2.17602,0.50622
2008_04_DEN_KC,2008,4,0.27858,-7.15371,0.51422
2008_04_GB_TB,2008,4,0.49716,0.06171,0.46904
2008_04_HOU_JAX,2008,4,0.78420,10.05177,0.53455
2008_04_MIN_TEN,2008,4,0.64520,4.73851,0.51293
2008_04_PHI_CHI,2008,4,0.47567,-0.59840,0.52085
2008_04_SD_OAK,2008,4,0.22003,-9.56341,0.47351
2008_04_SF_NO,2008,4,0.69711,6.54647,0.52258
2008_04_WAS_DAL,2008,4,0.68319,6.04691,0.44515
2008_05_ATL_GB,2008,5,0.75203,8.66416,0.53588
2008_05_BUF_ARI,2008,5,0.57499,2.46858,0.50971
2008_05_CHI_DET,2008,5,0.31226,-5.91086,0.46342
2008_05_CIN_DAL,2008,5,0.79543,10.57122,0.42781
2008_05_IND_HOU,2008,5,0.34189,-4.87721,0.48169
2008_05_KC_CAR,2008,5,0.70975,7.01162,0.45657
2008_05_MIN_NO,2008,5,0.61776,3.83325,0.50212
2008_05_NE_SF,2008,5,0.40201,-2.89870,0.49338
2008_05_PIT_JAX,2008,5,0.58463,2.77222,0.45966
2008_05_SD_MIA,2008,5,0.40294,-2.86895,0.52954
2008_05_SEA_NYG,2008,5,0.78903,10.27286,0.53718
2008_05_TB_DEN,2008,5,0.60841,3.53085,0.49253
2008_05_TEN_BAL,2008,5,0.43587,-1.83059,0.48225
2008_05_WAS_PHI,2008,5,0.60720,3.49167,0.45633
2008_06_BAL_IND,2008,6,0.67089,5.61515,0.51146
2008_06_CAR_TB,2008,6,0.51403,0.57968,0.48715
2008_06_CHI_ATL,2008,6,0.33689,-5.04834,0.46773
2008_06_CIN_NYJ,2008,6,0.78385,10.03612,0.49857
2008_06_DAL_ARI,2008,6,0.50062,0.16809,0.54780
2008_06_DET_MIN,2008,6,0.84345,13.07413,0.49305
2008_06_GB_SEA,2008,6,0.33141,-5.23744,0.41837
2008_06_JAX_DEN,2008,6,0.54737,1.60762,0.46959
2008_06_MIA_HOU,2008,6,0.49957,0.13581,0.45804
2008_06_NE_SD,2008,6,0.72202,7.47458,0.50978
2008_06_NYG_CLE,2008,6,0.25246,-8.18246,0.50193
2008_06_OAK_NO,2008,6,0.71668,7.27149,0.49541
2008_06_PHI_SF,2008,6,0.31993,-5.63847,0.47857
2008_06_STL_WAS,2008,6,0.88749,16.00043,0.53988
2008_07_BAL_MIA,2008,7,0.64908,4.86908,0.51449
2008_07_CLE_WAS,2008,7,0.65338,5.01447,0.46848
2008_07_DAL_STL,2008,7,0.24096,-8.65717,0.49626
2008_07_DEN_NE,2008,7,0.60847,3.53279,0.49853
2008_07_DET_HOU,2008,7,0.78038,9.87988,0.47879
2008_07_IND_GB,2008,7,0.49838,0.09934,0.50530
2008_07_MIN_CHI,2008,7,0.69957,6.63610,0.53555
2008_07_NO_CAR,2008,7,0.51755,0.68807,0.46460
2008_07_NYJ_OAK,2008,7,0.36900,-3.96852,0.48060
2008_07_PIT_CIN,2008,7,0.25437,-8.10488,0.50286
2008_07_SD_BUF,2008,7,0.44166,-1.65022,0.48440
2008_07_SEA_TB,2008,7,0.82954,12.29332,0.51359
2008_07_SF_NYG,2008,7,0.87407,15.01878,0.55194
2008_07_TEN_KC,2008,7,0.26761,-7.57782,0.50916
2008_08_ARI_CAR,2008,8,0.54419,1.50910,0.45061
2008_08_ATL_PHI,2008,8,0.73023,7.79171,0.47178
2008_08_BUF_MIA,2008,8,0.50568,0.32334,0.48408
2008_08_CIN_HOU,2008,8,0.70563,6.85872,0.46663
2008_08_CLE_JAX,2008,8,0.75537,8.80222,0.51370
2008_08_IND_TEN,2008,8,0.58101,2.65796,0.47615
2008_08_KC_NYJ,2008,8,0.77769,9.75970,0.44176
2008_08_NYG_PIT,2008,8,0.57845,2.57730,0.48712
2008_08_OAK_BAL,2008,8,0.79497,10.54966,0.51068
2008_08_SD_NO,2008,8,0.34527,-4.76227,0.47114
2008_08_SEA_SF,2008,8,0.53262,1.15180,0.44639
2008_08_STL_NE,2008,8,0.85814,13.96328,0.55129
2008_08_TB_DAL,2008,8,0.37341,-3.82370,0.43490
2008_08_WAS_DET,2008,8,0.25360,-8.13590,0.47861
2008_09_ARI_STL,2008,9,0.27359,-7.34521,0.44053
2008_09_ATL_OAK,2008,9,0.40173,-2.90749,0.49327
2008_09_BAL_CLE,2008,9,0.52159,0.81232,0.48992
2008_09_DAL_NYG,2008,9,0.75897,8.95219,0.48562
2008_09_DET_CHI,2008,9,0.89486,16.58365,0.54087
2008_09_GB_TEN,2008,9,0.50383,0.26663,0.45366
2008_09_HOU_MIN,2008,9,0.65309,5.00438,0.47432
2008_09_JAX_CIN,2008,9,0.27004,-7.48292,0.48640
2008_09_MIA_DEN,2008,9,0.59250,3.02168,0.48048
2008_09_NE_IND,2008,9,0.57589,2.49682,0.44456
2008_09_NYJ_BUF,2008,9,0.62801,4.16834,0.48223
2008_09_PHI_SEA,2008,9,0.36276,-4.17504,0.52590
2008_09_PIT_WAS,2008,9,0.52298,0.85500,0.49043
2008_09_TB_KC,2008,9,0.25825,-7.94872,0.51070
2008_10_BAL_HOU,2008,10,0.42761,-2.08919,0.43766
2008_10_BUF_NE,2008,10,0.68640,6.16110,0.52394
2008_10_CAR_OAK,2008,10,0.21295,-9.88370,0.49355
2008_10_DEN_CLE,2008,10,0.60527,3.42968,0.49730
2008_10_GB_MIN,2008,10,0.44865,-1.43286,0.44539
2008_10_IND_PIT,2008,10,0.57490,2.46590,0.47982
2008_10_JAX_DET,2008,10,0.30096,-6.31884,0.48239
2008_10_KC_SD,2008,10,0.88488,15.80177,0.50772
2008_10_NO_ATL,2008,10,0.47351,-0.66511,0.47230
2008_10_NYG_PHI,2008,10,0.59113,2.97838,0.49191
2008_10_SEA_MIA,2008,10,0.74018,8.18393,0.48242
2008_10_SF_ARI,2008,10,0.79308,10.46067,0.50364
2008_10_STL_NYJ,2008,10,0.78622,10.14368,0.49986
2008_10_TEN_CHI,2008,10,0.43651,-1.81058,0.48249
2008_11_ARI_SEA,2008,11,0.37961,-3.62105,0.48475
2008_11_BAL_NYG,2008,11,0.59807,3.19912,0.44695
2008_11_CHI_GB,2008,11,0.52285,0.85105,0.46060
2008_11_CLE_BUF,2008,11,0.56598,2.18639,0.46458
2008_11_DAL_WAS,2008,11,0.48215,-0.39920,0.49934
2008_11_DEN_ATL,2008,11,0.70549,6.85345,0.49639
2008_11_DET_CAR,2008,11,0.81530,11.54483,0.46290
2008_11_HOU_IND,2008,11,0.80381,10.97270,0.51573
2008_11_MIN_TB,2008,11,0.75245,8.68114,0.54202
2008_11_NO_KC,2008,11,0.44870,-1.43133,0.54662
2008_11_NYJ_NE,2008,11,0.65353,5.01941,0.51629
2008_11_OAK_MIA,2008,11,0.83352,12.51145,0.52216
2008_11_PHI_CIN,2008,11,0.27575,-7.26217,0.51889
2008_11_SD_PIT,2008,11,0.57372,2.42870,0.46746
2008_11_STL_SF,2008,11,0.72406,7.55275,0.49877
2008_11_TEN_JAX,2008,11,0.46949,-0.78884,0.49469
2008_12_BUF_KC,2008,12,0.51686,0.66688,0.53592
2008_12_CAR_ATL,2008,12,0.57063,2.33183,0.50808
2008_12_CHI_STL,2008,12,0.17216,-11.90367,0.43396
2008_12_CIN_PIT,2008,12,0.81745,11.65464,0.49401
2008_12_GB_NO,2008,12,0.41009,-2.64155,0.44883
2008_12_HOU_CLE,2008,12,0.64212,4.63547,0.51170
2008_12_IND_SD,2008,12,0.57921,2.60144,0.48741
2008_12_MIN_JAX,2008,12,0.61968,3.89580,0.52674
2008_12_NE_MIA,2008,12,0.40026,-2.95443,0.46885
2008_12_NYG_ARI,2008,12,0.51299,0.54787,0.53450
2008_12_NYJ_TEN,2008,12,0.70289,6.75781,0.50719
2008_12_OAK_DEN,2008,12,0.76127,9.04914,0.49275
2008_12_PHI_BAL,2008,12,0.49370,-0.04429,0.47970
2008_12_SF_DAL,2008,12,0.80247,10.90772,0.50898
2008_12_TB_DET,2008,12,0.19950,-10.51460,0.47409
2008_12_WAS_SEA,2008,12,0.52939,1.05229,0.54049
2008_13_ARI_PHI,2008,13,0.58359,2.73944,0.48905
2008_13_ATL_SD,2008,13,0.64947,4.88229,0.47286
2008_13_BAL_CIN,2008,13,0.27219,-7.39954,0.48739
2008_13_CAR_GB,2008,13,0.66283,5.33655,0.52007
2008_13_CHI_MIN,2008,13,0.52154,0.81079,0.44237
2008_13_DEN_NYJ,2008,13,0.77478,9.63126,0.51762
2008_13_IND_CLE,2008,13,0.33800,-5.01007,0.48011
2008_13_JAX_HOU,2008,13,0.49238,-0.08509,0.45542
2008_13_KC_OAK,2008,13,0.56513,2.15996,0.48213
2008_13_MIA_STL,2008,13,0.22897,-9.16923,0.46630
2008_13_NO_TB,2008,13,0.59782,3.19134,0.48848
2008_13_NYG_WAS,2008,13,0.33412,-5.14348,0.47255
2008_13_PIT_NE,2008,13,0.61116,3.61957,0.52345
2008_13_SEA_DAL,2008,13,0.77226,9.52085,0.46856
2008_13_SF_BUF,2008,13,0.75617,8.83545,0.52006
2008_13_TEN_DET,2008,13,0.14616,-13.39755,0.46358
2008_14_ATL_NO,2008,14,0.51579,0.63404,0.46396
2008_14_CIN_IND,2008,14,0.84488,13.15772,0.48808
2008_14_CLE_TEN,2008,14,0.81666,11.61428,0.46372
2008_14_DAL_PIT,2008,14,0.65137,4.94636,0.50347
2008_14_HOU_GB,2008,14,0.69492,6.46696,0.48580
2008_14_JAX_CHI,2008,14,0.58601,2.81601,0.44833
2008_14_KC_DEN,2008,14,0.65649,5.11977,0.44601
2008_14_MIA_BUF,2008,14,0.46226,-1.01187,0.46817
2008_14_MIN_DET,2008,14,0.17868,-11.55742,0.47954
2008_14_NE_SEA,2008,14,0.34060,-4.92125,0.52296
2008_14_NYJ_SF,2008,14,0.40399,-2.83540,0.50608
2008_14_OAK_SD,2008,14,0.80973,11.26402,0.51324
2008_14_PHI_NYG,2008,14,0.66634,5.45766,0.47972
2008_14_STL_ARI,2008,14,0.88462,15.78234,0.51346
2008_14_TB_CAR,2008,14,0.52588,0.94421,0.46765
2008_14_WAS_BAL,2008,14,0.74527,8.38843,0.52069
2008_15_BUF_NYJ,2008,15,0.70063,6.67473,0.46444
2008_15_CLE_PHI,2008,15,0.81392,11.47480,0.44430
2008_15_DEN_CAR,2008,15,0.70493,6.83273,0.49017
2008_15_DET_IND,2008,15,0.89617,16.69105,0.49445
2008_15_GB_JAX,2008,15,0.40316,-2.86211,0.48784
2008_15_MIN_ARI,2008,15,0.51891,0.72967,0.45323
2008_15_NE_OAK,2008,15,0.26123,-7.82965,0.47629
2008_15_NO_CHI,2008,15,0.51888,0.72874,0.46508
2008_15_NYG_DAL,2008,15,0.46202,-1.01912,0.44437
2008_15_PIT_BAL,2008,15,0.55021,1.69570,0.47660
2008_15_SD_KC,2008,15,0.28962,-6.73711,0.48336
2008_15_SEA_STL,2008,15,0.29838,-6.41318,0.42799
2008_15_SF_MIA,2008,15,0.69546,6.48668,0.50395
2008_15_TB_ATL,2008,15,0.67335,5.70095,0.49457
2008_15_TEN_HOU,2008,15,0.41517,-2.48067,0.49837
2008_15_WAS_CIN,2008,15,0.33548,-5.09671,0.50893
2008_16_ARI_NE,2008,16,0.76998,9.42168,0.49720
2008_16_ATL_MIN,2008,16,0.62102,3.93959,0.50339
2008_16_BAL_DAL,2008,16,0.53251,1.14834,0.44635
2008_16_BUF_DEN,2008,16,0.53385,1.18962,0.42919
2008_16_CAR_NYG,2008,16,0.62930,4.21077,0.49468
2008_16_CIN_CLE,2008,16,0.59537,3.11318,0.51741
2008_16_GB_CHI,2008,16,0.41694,-2.42480,0.41620
2008_16_HOU_OAK,2008,16,0.31774,-5.71591,0.50751
2008_16_IND_JAX,2008,16,0.33545,-5.09775,0.49697
2008_16_MIA_KC,2008,16,0.46231,-1.01025,0.52190
2008_16_NO_DET,2008,16,0.28001,-7.09911,0.49098
2008_16_NYJ_SEA,2008,16,0.46776,-0.84207,0.52390
2008_16_PHI_WAS,2008,16,0.31879,-5.67887,0.47809
2008_16_PIT_TEN,2008,16,0.52700,0.97874,0.53368
2008_16_SD_TB,2008,16,0.58209,2.69211,0.47060
2008_16_SF_STL,2008,16,0.33828,-5.00057,0.47426
2008_17_CAR_NO,2008,17,0.57585,2.49563,0.53388
2008_17_CHI_HOU,2008,17,0.58073,2.64918,0.48798
2008_17_CLE_PIT,2008,17,0.83048,12.34456,0.50823
2008_17_DAL_PHI,2008,17,0.63988,4.56096,0.51678
2008_17_DEN_SD,2008,17,0.78927,10.28394,0.53136
2008_17_DET_GB,2008,17,0.87489,15.07576,0.54077
2008_17_JAX_BAL,2008,17,0.73145,7.83928,0.46046
2008_17_KC_CIN,2008,17,0.51130,0.49591,0.48018
2008_17_MIA_NYJ,2008,17,0.57893,2.59248,0.49327
2008_17_NE_BUF,2008,17,0.30795,-6.06559,0.48541
2008_17_NYG_MIN,2008,17,0.51806,0.70377,0.41769
2008_17_OAK_TB,2008,17,0.81877,11.72282,0.50080
2008_17_SEA_ARI,2008,17,0.57908,2.59721,0.43985
2008_17_STL_ATL,2008,17,0.89517,16.60919,0.52332
2008_17_TEN_IND,2008,17,0.40762,-2.72006,0.49551
2008_17_WAS_SF,2008,17,0.50508,0.30497,0.48387
2008_18_ATL_ARI,2008,18,0.47583,-0.59373,0.46125
2008_18_BAL_MIA,2008,18,0.36867,-3.97952,0.48644
2008_18_IND_SD,2008,18,0.49787,0.08368,0.51109
2008_18_PHI_MIN,2008,18,0.47348,-0.66585,0.52004
2008_19_ARI_CAR,2008,19,0.79298,10.45614,0.49761
2008_19_BAL_TEN,2008,19,0.58270,2.71124,0.48872
2008_19_PHI_NYG,2008,19,0.56885,2.27631,0.47160
2008_19_SD_PIT,2008,19,0.68795,6.21641,0.48878
2008_20_BAL_PIT,2008,20,0.55831,1.94733,0.44398
2008_20_PHI_ARI,2008,20,0.34975,-4.61052,0.47891
2008_21_PIT_ARI,2008,21,0.26311,-7.75492,0.47719
2009_01_BUF_NE,2009,1,0.71062,7.03339,0.41119
2009_01_CHI_GB,2009,1,0.50736,0.34038,0.43197
2009_01_DAL_TB,2009,1,0.51498,0.57510,0.54622
2009_01_DEN_CIN,2009,1,0.70730,6.90951,0.51491
2009_01_DET_NO,2009,1,0.81518,11.54448,0.45764
2009_01_JAX_IND,2009,1,0.74791,8.49007,0.50997
2009_01_KC_BAL,2009,1,0.81012,11.28851,0.46637
2009_01_MIA_ATL,2009,1,0.61227,3.63257,0.48217
2009_01_MIN_CLE,2009,1,0.39921,-3.03514,0.49788
2009_01_NYJ_HOU,2009,1,0.67066,5.59148,0.49937
2009_01_PHI_CAR,2009,1,0.42340,-2.26547,0.47161
2009_01_SD_OAK,2009,1,0.35028,-4.64529,0.54949
2009_01_SF_ARI,2009,1,0.64784,4.80882,0.48425
2009_01_STL_SEA,2009,1,0.71349,7.14127,0.48817
2009_01_TEN_PIT,2009,1,0.60639,3.44239,0.45060
2009_01_WAS_NYG,2009,1,0.65591,5.08248,0.47570
2009_02_ARI_JAX,2009,2,0.59021,2.92378,0.48561
2009_02_BAL_SD,2009,2,0.54348,1.45665,0.46834
2009_02_CAR_ATL,2009,2,0.67855,5.86840,0.49085
2009_02_CIN_GB,2009,2,0.71497,7.19727,0.48294
2009_02_CLE_DEN,2009,2,0.54016,1.35351,0.46713
2009_02_HOU_TEN,2009,2,0.75596,8.82243,0.50799
2009_02_IND_MIA,2009,2,0.35793,-4.38770,0.47017
2009_02_MIN_DET,2009,2,0.20570,-10.29295,0.48305
2009_02_NE_NYJ,2009,2,0.43198,-1.99537,0.50425
2009_02_NO_PHI,2009,2,0.59770,3.16289,0.55309
2009_02_NYG_DAL,2009,2,0.54593,1.53273,0.46924
2009_02_OAK_KC,2009,2,0.62934,4.19116,0.51823
2009_02_PIT_CHI,2009,2,0.44513,-1.58388,0.47963
2009_02_SEA_SF,2009,2,0.51943,0.71253,0.48312
2009_02_STL_WAS,2009,2,0.79828,10.70886,0.49486
2009_02_TB_BUF,2009,2,0.64645,4.76167,0.48959
2009_03_ATL_NE,2009,3,0.62393,4.01304,0.48077
2009_03_CAR_DAL,2009,3,0.67895,5.88239,0.44990
2009_03_CHI_SEA,2009,3,0.47307,-0.71716,0.48984
2009_03_CLE_BAL,2009,3,0.85416,13.72854,0.48920
2009_03_DEN_OAK,2009,3,0.56164,2.02249,0.52213
2009_03_GB_STL,2009,3,0.27282,-7.43783,0.47546
2009_03_IND_ARI,2009,3,0.46316,-1.02348,0.43935
2009_03_JAX_HOU,2009,3,0.65454,5.03579,0.49872
2009_03_KC_PHI,2009,3,0.70669,6.88704,0.47928
2009_03_MIA_SD,2009,3,0.75447,8.76034,0.52493
2009_03_NO_BUF,2009,3,0.42068,-2.35115,0.52362
2009_03_NYG_TB,2009,3,0.34994,-4.65691,0.50234
2009_03_PIT_CIN,2009,3,0.34064,-4.97372,0.46916
2009_03_SF_MIN,2009,3,0.70925,6.98218,0.48629
2009_03_TEN_NYJ,2009,3,0.52697,0.94529,0.48586
2009_03_WAS_DET,2009,3,0.29323,-6.66275,0.48459
2009_04_BAL_NE,2009,4,0.44360,-1.63159,0.45558
2009_04_BUF_MIA,2009,4,0.45459,-1.28960,0.45959
2009_04_CIN_CLE,2009,4,0.38745,-3.41478,0.51698
2009_04_DAL_DEN,2009,4,0.47702,-0.59492,0.49128
2009_04_DET_CHI,2009,4,0.82243,11.92091,0.51505
2009_04_GB_MIN,2009,4,0.58912,2.88892,0.46755
2009_04_NYG_KC,2009,4,0.24878,-8.39896,0.49359
2009_04_NYJ_NO,2009,4,0.72569,7.60729,0.48777
2009_04_OAK_HOU,2009,4,0.73764,8.07602,0.47562
2009_04_SD_PIT,2009,4,0.66201,5.29164,0.48405
2009_04_SEA_IND,2009,4,0.81586,11.57910,0.50512
2009_04_STL_SF,2009,4,0.81128,11.34674,0.50828
2009_04_TB_WAS,2009,4,0.68522,6.10500,0.44666
2009_04_TEN_JAX,2009,4,0.47551,-0.64156,0.51431
2009_05_ATL_SF,2009,5,0.52913,1.01214,0.48665
2009_05_CIN_BAL,2009,5,0.78384,10.03576,0.49872
2009_05_CLE_BUF,2009,5,0.62502,4.04879,0.46355
2009_05_DAL_KC,2009,5,0.36410,-4.18159,0.51973
2009_05_HOU_ARI,2009,5,0.61998,3.88353,0.46748
2009_05_IND_TEN,2009,5,0.32717,-5.44033,0.45782
2009_05_JAX_SEA,2009,5,0.49699,0.02079,0.47497
2009_05_MIN_STL,2009,5,0.13598,-14.12936,0.43812
2009_05_NE_DEN,2009,5,0.44720,-1.51945,0.50396
2009_05_NYJ_MIA,2009,5,0.54837,1.60862,0.54076
2009_05_OAK_NYG,2009,5,0.90677,17.63591,0.51169
2009_05_PIT_DET,2009,5,0.15248,-13.09880,0.46182
2009_05_TB_PHI,2009,5,0.87396,15.02892,0.48095
2009_05_WAS_CAR,2009,5,0.57698,2.50441,0.45717
2009_06_ARI_SEA,2009,6,0.62135,3.92857,0.49745
2009_06_BAL_MIN,2009,6,0.54626,1.54292,0.46935
2009_06_BUF_NYJ,2009,6,0.68013,5.92416,0.44456
2009_06_CAR_TB,2009,6,0.50628,0.30695,0.52548
2009_06_CHI_ATL,2009,6,0.55920,1.94594,0.46235
2009_06_CLE_PIT,2009,6,0.86768,14.59880,0.49356
2009_06_DEN_SD,2009,6,0.65653,5.10379,0.50542
2009_06_DET_GB,2009,6,0.85189,13.58909,0.48166
2009_06_HOU_CIN,2009,6,0.61819,3.82525,0.48444
2009_06_KC_WAS,2009,6,0.66340,5.33948,0.47284
2009_06_NYG_NO,2009,6,0.54943,1.64135,0.46464
2009_06_PHI_OAK,2009,6,0.16383,-12.44159,0.50488
2009_06_STL_JAX,2009,6,0.80456,11.01324,0.50435
2009_06_TEN_NE,2009,6,0.72999,7.77415,0.46620
2009_07_ARI_NYG,2009,7,0.73484,7.96484,0.47431
2009_07_ATL_DAL,2009,7,0.54610,1.53797,0.44006
2009_07_BUF_CAR,2009,7,0.60102,3.26937,0.44275
2009_07_CHI_CIN,2009,7,0.46403,-0.99673,0.48654
2009_07_GB_CLE,2009,7,0.24407,-8.59441,0.49718
2009_07_IND_STL,2009,7,0.07039,-19.76426,0.41923
2009_07_MIN_PIT,2009,7,0.58278,2.68783,0.44763
2009_07_NE_TB,2009,7,0.10921,-16.05332,0.47999
2009_07_NO_MIA,2009,7,0.35815,-4.38009,0.50561
2009_07_NYJ_OAK,2009,7,0.40453,-2.86443,0.52346
2009_07_PHI_WAS,2009,7,0.29565,-6.57325,0.51512
2009_07_SD_KC,2009,7,0.37806,-3.72088,0.50748
2009_07_SF_HOU,2009,7,0.62419,4.02173,0.49855
2009_08_ATL_NO,2009,8,0.69766,6.55442,0.43445
2009_08_CAR_ARI,2009,8,0.76786,9.32776,0.47859
2009_08_CLE_CHI,2009,8,0.79829,10.70938,0.47719
2009_08_DEN_BAL,2009,8,0.68760,6.19030,0.50644
2009_08_HOU_BUF,2009,8,0.42288,-2.28177,0.50087
2009_08_JAX_TEN,2009,8,0.52011,0.73331,0.45985
2009_08_MIA_NYJ,2009,8,0.66891,5.53045,0.51045
2009_08_MIN_GB,2009,8,0.58592,2.78722,0.47811
2009_08_NYG_PHI,2009,8,0.53023,1.04598,0.51063
2009_08_OAK_SD,2009,8,0.88695,15.98052,0.48627
2009_08_SEA_DAL,2009,8,0.69967,6.62773,0.44693
2009_08_SF_IND,2009,8,0.89939,16.98570,0.53346
2009_08_STL_DET,2009,8,0.75802,8.90867,0.55012
2009_09_ARI_CHI,2009,9,0.59587,3.10424,0.51132
2009_09_BAL_CIN,2009,9,0.47860,-0.54638,0.51543
2009_09_CAR_NO,2009,9,0.83261,12.47053,0.48616
2009_09_DAL_PHI,2009,9,0.63680,4.43854,0.50347
2009_09_DET_SEA,2009,9,0.76930,9.39041,0.46756
2009_09_GB_TB,2009,9,0.31038,-6.03594,0.52733
2009_09_HOU_IND,2009,9,0.75223,8.66753,0.50027
2009_09_KC_JAX,2009,9,0.60211,3.30448,0.44316
2009_09_MIA_NE,2009,9,0.89268,16.43072,0.55621
2009_09_PIT_DEN,2009,9,0.38851,-3.38015,0.48202
2009_09_SD_NYG,2009,9,0.63314,4.31676,0.47846
2009_09_TEN_SF,2009,9,0.60825,3.50222,0.47475
2009_09_WAS_ATL,2009,9,0.71272,7.11220,0.46430
2009_10_ATL_CAR,2009,10,0.41732,-2.45742,0.46935
2009_10_BAL_CLE,2009,10,0.17232,-11.97390,0.46916
2009_10_BUF_TEN,2009,10,0.55434,1.79449,0.40277
2009_10_CHI_SF,2009,10,0.50438,0.24845,0.44834
2009_10_CIN_PIT,2009,10,0.63402,4.34603,0.46118
2009_10_DAL_GB,2009,10,0.50379,0.23038,0.52458
2009_10_DEN_WAS,2009,10,0.41904,-2.40296,0.49944
2009_10_DET_MIN,2009,10,0.91881,18.80263,0.50776
2009_10_JAX_NYJ,2009,10,0.78366,10.02767,0.52808
2009_10_KC_OAK,2009,10,0.55524,1.82231,0.49620
2009_10_NE_IND,2009,10,0.49896,0.08155,0.47569
2009_10_NO_STL,2009,10,0.11931,-15.28409,0.47139
2009_10_PHI_SD,2009,10,0.51239,0.49520,0.48056
2009_10_SEA_ARI,2009,10,0.70613,6.86608,0.46141
2009_10_TB_MIA,2009,10,0.66281,5.31917,0.43173
2009_11_ARI_STL,2009,11,0.19642,-10.73813,0.47193
2009_11_ATL_NYG,2009,11,0.69203,6.34963,0.47884
2009_11_BUF_JAX,2009,11,0.67343,5.68809,0.44763
2009_11_CIN_OAK,2009,11,0.20807,-10.18161,0.47259
2009_11_CLE_DET,2009,11,0.59810,3.17579,0.48268
2009_11_IND_BAL,2009,11,0.52027,0.73825,0.50700
2009_11_MIA_CAR,2009,11,0.56967,2.27415,0.47207
2009_11_NO_TB,2009,11,0.22856,-9.25633,0.50117
2009_11_NYJ_NE,2009,11,0.79618,10.60908,0.48779
2009_11_PHI_CHI,2009,11,0.30789,-6.12565,0.45565
2009_11_PIT_KC,2009,11,0.20856,-10.15917,0.49052
2009_11_SD_DEN,2009,11,0.37316,-3.88162,0.51737
2009_11_SEA_MIN,2009,11,0.80335,10.95403,0.49186
2009_11_SF_GB,2009,11,0.78183,9.94502,0.53298
2009_11_TEN_HOU,2009,11,0.70373,6.77734,0.51925
2009_11_WAS_DAL,2009,11,0.78829,10.23992,0.47755
2009_12_ARI_TEN,2009,12,0.63667,4.43412,0.49752
2009_12_CAR_NYJ,2009,12,0.59563,3.09651,0.48175
2009_12_CHI_MIN,2009,12,0.81467,11.51854,0.50441
2009_12_CLE_CIN,2009,12,0.85768,13.94865,0.50948
2009_12_GB_DET,2009,12,0.21567,-9.83109,0.50029
2009_12_IND_HOU,2009,12,0.37829,-3.71334,0.47810
2009_12_JAX_SF,2009,12,0.61511,3.72468,0.49505
2009_12_KC_SD,2009,12,0.85986,14.08721,0.49932
2009_12_MIA_BUF,2009,12,0.39769,-3.08401,0.49141
2009_12_NE_NO,2009,12,0.49587,-0.01385,0.47457
2009_12_NYG_DEN,2009,12,0.42029,-2.36356,0.51169
2009_12_OAK_DAL,2009,12,0.86272,14.27167,0.49560
2009_12_PIT_BAL,2009,12,0.72396,7.54018,0.46932
2009_12_SEA_STL,2009,12,0.34167,-4.93827,0.46958
2009_12_TB_ATL,2009,12,0.79699,10.64740,0.47058
2009_12_WAS_PHI,2009,12,0.79793,10.69224,0.50056
2009_13_BAL_GB,2009,13,0.52000,0.72991,0.44812
2009_13_DAL_NYG,2009,13,0.54784,1.59195,0.51706
2009_13_DEN_KC,2009,13,0.29344,-6.65509,0.47879
2009_13_DET_CIN,2009,13,0.86344,14.31814,0.49615
2009_13_HOU_JAX,2009,13,0.39716,-3.10095,0.46180
2009_13_MIN_ARI,2009,13,0.40133,-2.96687,0.49279
2009_13_NE_MIA,2009,13,0.29435,-6.62126,0.46156
2009_13_NO_WAS,2009,13,0.21423,-9.89684,0.47594
2009_13_NYJ_BUF,2009,13,0.40987,-2.69405,0.49601
2009_13_OAK_PIT,2009,13,0.89272,16.43372,0.50931
2009_13_PHI_ATL,2009,13,0.35033,-4.64356,0.47892
2009_13_SD_CLE,2009,13,0.18141,-11.49282,0.51017
2009_13_SF_SEA,2009,13,0.50877,0.38370,0.50282
2009_13_STL_CHI,2009,13,0.77345,9.57136,0.48734
2009_13_TB_CAR,2009,13,0.65564,5.07328,0.50506
2009_13_TEN_IND,2009,13,0.74654,8.43408,0.51520
2009_14_ARI_SF,2009,14,0.41013,-2.68577,0.50200
2009_14_BUF_KC,2009,14,0.41175,-2.63443,0.49081
2009_14_CAR_NE,2009,14,0.83131,12.39873,0.48531
2009_14_CIN_MIN,2009,14,0.72353,7.52359,0.50447
2009_14_DEN_IND,2009,14,0.76185,9.07047,0.51681
2009_14_DET_BAL,2009,14,0.89140,16.32810,0.51395
2009_14_GB_CHI,2009,14,0.28056,-7.13986,0.44964
2009_14_MIA_JAX,2009,14,0.44570,-1.56618,0.45635
2009_14_NO_ATL,2009,14,0.18952,-11.07951,0.47379
2009_14_NYJ_TB,2009,14,0.34098,-4.96201,0.46930
2009_14_PHI_NYG,2009,14,0.43106,-2.02413,0.47444
2009_14_PIT_CLE,2009,14,0.21746,-9.75016,0.48945
2009_14_SD_DAL,2009,14,0.50168,0.16538,0.44737
2009_14_SEA_HOU,2009,14,0.72567,7.60649,0.49365
2009_14_STL_TEN,2009,14,0.83689,12.70919,0.47719
2009_14_WAS_OAK,2009,14,0.46553,-0.95026,0.48709
2009_15_ARI_DET,2009,15,0.17848,-11.64618,0.51426
2009_15_ATL_NYJ,2009,15,0.60803,3.49534,0.46293
2009_15_CHI_BAL,2009,15,0.82603,12.11207,0.50551
2009_15_CIN_SD,2009,15,0.75021,8.58420,0.51108
2009_15_CLE_KC,2009,15,0.47416,-0.68329,0.46670
2009_15_DAL_NO,2009,15,0.72810,7.70049,0.48887
2009_15_GB_PIT,2009,15,0.49201,-0.13285,0.45557
2009_15_HOU_STL,2009,15,0.15558,-12.91570,0.49929
2009_15_IND_JAX,2009,15,0.22957,-9.21223,0.41983
2009_15_MIA_TEN,2009,15,0.61085,3.58639,0.47574
2009_15_MIN_CAR,2009,15,0.29796,-6.48787,0.51612
2009_15_NE_BUF,2009,15,0.19664,-10.72754,0.43698
2009_15_NYG_WAS,2009,15,0.44734,-1.51498,0.48044
2009_15_OAK_DEN,2009,15,0.82943,12.29577,0.47233
2009_15_SF_PHI,2009,15,0.81211,11.38843,0.53818
2009_15_TB_SEA,2009,15,0.68846,6.22110,0.48322
2009_16_BAL_PIT,2009,16,0.44441,-1.60626,0.43259
2009_16_BUF_ATL,2009,16,0.73233,7.86609,0.47315
2009_16_CAR_NYG,2009,16,0.71004,7.01177,0.46312
2009_16_DAL_WAS,2009,16,0.34234,-4.91539,0.51108
2009_16_DEN_PHI,2009,16,0.75497,8.78118,0.50751
2009_16_DET_SF,2009,16,0.82804,12.22061,0.46557
2009_16_HOU_MIA,2009,16,0.55752,1.89357,0.49704
2009_16_JAX_NE,2009,16,0.83815,12.78088,0.52517
2009_16_KC_CIN,2009,16,0.84519,13.18760,0.48872
2009_16_MIN_CHI,2009,16,0.24959,-8.36573,0.49398
2009_16_NYJ_IND,2009,16,0.73251,7.87318,0.54386
2009_16_OAK_CLE,2009,16,0.54362,1.46082,0.46839
2009_16_SD_TEN,2009,16,0.46341,-1.01583,0.46280
2009_16_SEA_GB,2009,16,0.86985,14.74595,0.50119
2009_16_STL_ARI,2009,16,0.89726,16.80639,0.49601
2009_16_TB_NO,2009,16,0.88870,16.11602,0.51145
2009_17_ATL_TB,2009,17,0.34245,-4.91183,0.46402
2009_17_BAL_OAK,2009,17,0.16951,-12.12687,0.46149
2009_17_CHI_DET,2009,17,0.30318,-6.29678,0.45950
2009_17_CIN_NYJ,2009,17,0.60967,3.54839,0.41708
2009_17_GB_ARI,2009,17,0.42441,-2.23360,0.42534
2009_17_IND_BUF,2009,17,0.21203,-9.99805,0.27884
2009_17_JAX_CLE,2009,17,0.42619,-2.17731,0.44920
2009_17_KC_DEN,2009,17,0.82450,12.03054,0.51634
2009_17_NE_HOU,2009,17,0.35388,-4.52383,0.33359
2009_17_NO_CAR,2009,17,0.63079,4.23901,0.41927
2009_17_NYG_MIN,2009,17,0.62531,4.05827,0.42871
2009_17_PHI_DAL,2009,17,0.55829,1.91776,0.47376
2009_17_PIT_MIA,2009,17,0.48674,-0.29510,0.51839
2009_17_SF_STL,2009,17,0.23047,-9.17335,0.46095
2009_17_TEN_SEA,2009,17,0.34506,-4.82269,0.50039
2009_17_WAS_SD,2009,17,0.70634,6.87395,0.53214
2009_18_BAL_NE,2009,18,0.63041,4.22655,0.49507
2009_18_GB_ARI,2009,18,0.34428,-4.84903,0.45889
2009_18_NYJ_CIN,2009,18,0.38807,-3.39454,0.41774
2009_18_PHI_DAL,2009,18,0.64473,4.70396,0.50070
2009_19_ARI_NO,2009,19,0.79188,10.40654,0.52665
2009_19_BAL_IND,2009,19,0.58680,2.81515,0.44329
2009_19_DAL_MIN,2009,19,0.60872,3.51748,0.49850
2009_19_NYJ_SD,2009,19,0.71383,7.15431,0.46479
2009_20_MIN_NO,2009,20,0.59255,2.99814,0.47471
2009_20_NYJ_IND,2009,20,0.55751,1.89320,0.41530
2009_21_NO_IND,2009,21,0.41850,-2.42018,0.40602
2010_01_ARI_STL,2010,1,0.45967,-1.25123,0.50109
2010_01_ATL_PIT,2010,1,0.49101,-0.26514,0.49110
2010_01_BAL_NYJ,2010,1,0.57980,2.54282,0.49906
2010_01_CAR_NYG,2010,1,0.50079,0.04207,0.43050
2010_01_CIN_NE,2010,1,0.69412,6.44555,0.49811
2010_01_CLE_TB,2010,1,0.59877,3.15771,0.49034
2010_01_DAL_WAS,2010,1,0.42537,-2.34236,0.49527
2010_01_DEN_JAX,2010,1,0.52548,0.81752,0.46241
2010_01_DET_CHI,2010,1,0.73122,7.86828,0.49734
2010_01_GB_PHI,2010,1,0.46495,-1.08440,0.50274
2010_01_IND_HOU,2010,1,0.50376,0.13526,0.49505
2010_01_MIA_BUF,2010,1,0.52238,0.71992,0.52052
2010_01_MIN_NO,2010,1,0.58144,2.59557,0.46513
2010_01_OAK_TEN,2010,1,0.68585,6.14229,0.48034
2010_01_SD_KC,2010,1,0.31533,-6.06517,0.46356
2010_01_SF_SEA,2010,1,0.40169,-3.10847,0.48279
2010_02_ARI_ATL,2010,2,0.69033,6.30599,0.47703
2010_02_BAL_CIN,2010,2,0.39870,-3.20633,0.47691
2010_02_BUF_GB,2010,2,0.76358,9.21458,0.45161
2010_02_CHI_DAL,2010,2,0.69838,6.60379,0.47996
2010_02_HOU_WAS,2010,2,0.50934,0.31021,0.51156
2010_02_JAX_SD,2010,2,0.73382,7.97242,0.49344
2010_02_KC_CLE,2010,2,0.62762,4.11243,0.49482
2010_02_MIA_MIN,2010,2,0.69007,6.29654,0.49171
2010_02_NE_NYJ,2010,2,0.51351,0.44123,0.51777
2010_02_NO_SF,2010,2,0.35055,-4.82028,0.48071
2010_02_NYG_IND,2010,2,0.60846,3.47553,0.47870
2010_02_PHI_DET,2010,2,0.35644,-4.61816,0.50241
2010_02_PIT_TEN,2010,2,0.59923,3.17294,0.45609
2010_02_SEA_DEN,2010,2,0.62158,3.91010,0.48790
2010_02_STL_OAK,2010,2,0.69689,6.54839,0.51883
2010_02_TB_CAR,2010,2,0.66594,5.42914,0.49794
2010_03_ATL_NO,2010,3,0.60084,3.22552,0.48608
2010_03_BUF_NE,2010,3,0.76560,9.30277,0.43787
2010_03_CIN_CAR,2010,3,0.52425,0.77853,0.52109
2010_03_CLE_BAL,2010,3,0.73110,7.86381,0.44332
2010_03_DAL_HOU,2010,3,0.57249,2.30796,0.49182
2010_03_DET_MIN,2010,3,0.77543,9.73889,0.45185
2010_03_GB_CHI,2010,3,0.35192,-4.77296,0.46642
2010_03_IND_DEN,2010,3,0.45621,-1.36041,0.52465
2010_03_NYJ_MIA,2010,3,0.45659,-1.34854,0.46078
2010_03_OAK_ARI,2010,3,0.60209,3.26638,0.46191
2010_03_PHI_JAX,2010,3,0.41854,-2.56191,0.47833
2010_03_PIT_TB,2010,3,0.50944,0.31336,0.50666
2010_03_SD_SEA,2010,3,0.34164,-5.12896,0.46784
2010_03_SF_KC,2010,3,0.55045,1.60560,0.52431
2010_03_TEN_NYG,2010,3,0.55349,1.70207,0.47109
2010_03_WAS_STL,2010,3,0.34180,-5.12357,0.47772
2010_04_ARI_SD,2010,4,0.80621,11.20040,0.49569
2010_04_BAL_PIT,2010,4,0.58972,2.86340,0.49237
2010_04_CAR_NO,2010,4,0.79392,10.59765,0.46515
2010_04_CHI_NYG,2010,4,0.45373,-1.43906,0.43552
2010_04_CIN_CLE,2010,4,0.46584,-1.05640,0.48823
2010_04_DEN_TEN,2010,4,0.61307,3.62771,0.46055
2010_04_DET_GB,2010,4,0.86782,14.78012,0.48662
2010_04_HOU_OAK,2010,4,0.39397,-3.36141,0.48522
2010_04_IND_JAX,2010,4,0.20575,-10.57904,0.44875
2010_04_NE_MIA,2010,4,0.49419,-0.16505,0.47239
2010_04_NYJ_BUF,2010,4,0.26989,-7.79014,0.46135
2010_04_SEA_STL,2010,4,0.47486,-0.77232,0.49103
2010_04_SF_ATL,2010,4,0.82335,12.09223,0.53401
2010_04_WAS_PHI,2010,4,0.74497,8.42666,0.51763
2010_05_ATL_CLE,2010,5,0.35436,-4.68914,0.46725
2010_05_CHI_CAR,2010,5,0.56812,2.16815,0.48059
2010_05_DEN_BAL,2010,5,0.70248,6.75707,0.47163
2010_05_GB_WAS,2010,5,0.34121,-5.14410,0.45788
2010_05_JAX_BUF,2010,5,0.57488,2.38476,0.48272
2010_05_KC_IND,2010,5,0.70964,7.02764,0.47921
2010_05_MIN_NYJ,2010,5,0.70084,6.69545,0.51043
2010_05_NO_ARI,2010,5,0.29506,-6.81528,0.48075
2010_05_NYG_HOU,2010,5,0.68905,6.25927,0.51598
2010_05_PHI_SF,2010,5,0.45800,-1.30407,0.44169
2010_05_SD_OAK,2010,5,0.20666,-10.53578,0.44917
2010_05_STL_DET,2010,5,0.57691,2.44996,0.47844
2010_05_TB_CIN,2010,5,0.62101,3.89137,0.45823
2010_05_TEN_DAL,2010,5,0.69163,6.35371,0.48242
2010_06_ATL_PHI,2010,6,0.50879,0.29310,0.47690
2010_06_BAL_NE,2010,6,0.63351,4.31081,0.49678
2010_06_CLE_PIT,2010,6,0.86282,14.44324,0.48823
2010_06_DAL_MIN,2010,6,0.54617,1.47022,0.48849
2010_06_DET_NYG,2010,6,0.62331,3.96784,0.42495
2010_06_IND_WAS,2010,6,0.35151,-4.78728,0.46628
2010_06_KC_HOU,2010,6,0.55894,1.87529,0.45807
2010_06_MIA_GB,2010,6,0.69295,6.40246,0.51739
2010_06_NO_TB,2010,6,0.43566,-2.01303,0.51822
2010_06_NYJ_DEN,2010,6,0.38880,-3.53152,0.48355
2010_06_OAK_SF,2010,6,0.60510,3.36499,0.42878
2010_06_SD_STL,2010,6,0.21842,-9.98443,0.47909
2010_06_SEA_CHI,2010,6,0.66593,5.42893,0.47824
2010_06_TEN_JAX,2010,6,0.38447,-3.67478,0.47722
2010_07_ARI_SEA,2010,7,0.55246,1.66950,0.43657
2010_07_BUF_BAL,2010,7,0.80063,10.92327,0.47326
2010_07_CIN_ATL,2010,7,0.62914,4.16344,0.49040
2010_07_CLE_NO,2010,7,0.80673,11.22688,0.47625
2010_07_JAX_KC,2010,7,0.75207,8.72234,0.48112
2010_07_MIN_GB,2010,7,0.65691,5.11296,0.50961
2010_07_NE_SD,2010,7,0.55341,1.69953,0.47598
2010_07_NYG_DAL,2010,7,0.64116,4.57030,0.49441
2010_07_OAK_DEN,2010,7,0.74941,8.61115,0.49974
2010_07_PHI_TEN,2010,7,0.49585,-0.11300,0.45330
2010_07_PIT_MIA,2010,7,0.37488,-3.99429,0.47407
2010_07_SF_CAR,2010,7,0.64741,4.78412,0.54079
2010_07_STL_TB,2010,7,0.67832,5.86987,0.51215
2010_07_WAS_CHI,2010,7,0.59109,2.90770,0.48295
2010_08_BUF_KC,2010,8,0.70399,6.81364,0.48202
2010_08_CAR_STL,2010,8,0.46856,-0.97072,0.44980
2010_08_DEN_SF,2010,8,0.49945,-0.00013,0.46420
2010_08_GB_NYJ,2010,8,0.70267,6.76420,0.48646
2010_08_HOU_IND,2010,8,0.74009,8.22651,0.51073
2010_08_JAX_DAL,2010,8,0.68824,6.22956,0.48120
2010_08_MIA_CIN,2010,8,0.56320,2.01113,0.51354
2010_08_MIN_NE,2010,8,0.70118,6.70812,0.50069
2010_08_PIT_NO,2010,8,0.41085,-2.81054,0.44649
2010_08_SEA_OAK,2010,8,0.60879,3.48621,0.50344
2010_08_TB_ARI,2010,8,0.50933,0.30987,0.45743
2010_08_TEN_SD,2010,8,0.53242,1.03596,0.43528
2010_08_WAS_DET,2010,8,0.53974,1.26672,0.47172
2010_09_ARI_MIN,2010,9,0.77496,9.71739,0.51064
2010_09_CHI_BUF,2010,9,0.47398,-0.80022,0.50554
2010_09_DAL_GB,2010,9,0.77750,9.83214,0.51177
2010_09_IND_PHI,2010,9,0.58230,2.62354,0.47523
2010_09_KC_OAK,2010,9,0.58840,2.82067,0.52151
2010_09_MIA_BAL,2010,9,0.75002,8.63662,0.51970
2010_09_NE_CLE,2010,9,0.31701,-6.00436,0.46415
2010_09_NO_CAR,2010,9,0.36140,-4.44893,0.49422
2010_09_NYG_SEA,2010,9,0.34304,-5.08032,0.50278
2010_09_NYJ_DET,2010,9,0.27550,-7.56806,0.46353
2010_09_PIT_CIN,2010,9,0.35179,-4.77748,0.48605
2010_09_SD_HOU,2010,9,0.39554,-3.30976,0.48081
2010_09_TB_ATL,2010,9,0.78534,10.19244,0.48575
2010_10_BAL_ATL,2010,10,0.50122,0.05537,0.47456
2010_10_CAR_TB,2010,10,0.72576,7.65203,0.49028
2010_10_CIN_IND,2010,10,0.72872,7.76886,0.49636
2010_10_DAL_NYG,2010,10,0.81912,11.86611,0.48747
2010_10_DET_BUF,2010,10,0.47758,-0.68697,0.46236
2010_10_HOU_JAX,2010,10,0.59790,3.12949,0.50485
2010_10_KC_DEN,2010,10,0.48112,-0.57555,0.48804
2010_10_MIN_CHI,2010,10,0.46647,-1.03668,0.46384
2010_10_NE_PIT,2010,10,0.60103,3.23176,0.47138
2010_10_NYJ_CLE,2010,10,0.33860,-5.23548,0.46679
2010_10_PHI_WAS,2010,10,0.37652,-3.93946,0.47953
2010_10_SEA_ARI,2010,10,0.60766,3.44922,0.48336
2010_10_STL_SF,2010,10,0.71305,7.15772,0.51005
2010_10_TEN_MIA,2010,10,0.37793,-3.89245,0.43597
2010_11_ARI_KC,2010,11,0.75728,8.94317,0.50301
2010_11_ATL_STL,2010,11,0.27969,-7.40411,0.44558
2010_11_BAL_CAR,2010,11,0.20996,-10.37886,0.50969
2010_11_BUF_CIN,2010,11,0.62587,4.05362,0.48439
2010_11_CHI_MIA,2010,11,0.56478,2.06146,0.47954
2010_11_CLE_JAX,2010,11,0.52835,0.90758,0.46820
2010_11_DEN_SD,2010,11,0.79699,10.74580,0.50107
2010_11_DET_DAL,2010,11,0.53493,1.11506,0.44577
2010_11_GB_MIN,2010,11,0.29887,-6.67193,0.44784
2010_11_HOU_NYJ,2010,11,0.80710,11.24549,0.53060
2010_11_IND_NE,2010,11,0.62433,4.00210,0.48388
2010_11_NYG_PHI,2010,11,0.70998,7.04075,0.51875
2010_11_OAK_PIT,2010,11,0.67558,5.77169,0.47177
2010_11_SEA_NO,2010,11,0.83569,12.77710,0.50137
2010_11_TB_SF,2010,11,0.62450,4.00775,0.48886
2010_11_WAS_TEN,2010,11,0.80250,11.01549,0.52343
2010_12_CAR_CLE,2010,12,0.71143,7.09608,0.46514
2010_12_CIN_NYJ,2010,12,0.78194,10.03526,0.48421
2010_12_GB_ATL,2010,12,0.47205,-0.86089,0.45088
2010_12_JAX_NYG,2010,12,0.72262,7.52872,0.47922
2010_12_KC_SEA,2010,12,0.45675,-1.34350,0.48048
2010_12_MIA_OAK,2010,12,0.50840,0.28073,0.45715
2010_12_MIN_WAS,2010,12,0.52571,0.82461,0.50184
2010_12_NE_DET,2010,12,0.32419,-5.74574,0.48636
2010_12_NO_DAL,2010,12,0.41580,-2.65038,0.50209
2010_12_PHI_CHI,2010,12,0.37175,-4.09937,0.47304
2010_12_PIT_BUF,2010,12,0.30447,-6.46348,0.48422
2010_12_SD_IND,2010,12,0.59603,3.06840,0.49439
2010_12_SF_ARI,2010,12,0.49374,-0.17927,0.49195
2010_12_STL_DEN,2010,12,0.63976,4.52253,0.49886
2010_12_TB_BAL,2010,12,0.76502,9.27739,0.50138
2010_12_TEN_HOU,2010,12,0.49525,-0.13187,0.43365
2010_13_ATL_TB,2010,13,0.38493,-3.65947,0.47737
2010_13_BUF_MIN,2010,13,0.59356,2.98812,0.46408
2010_13_CAR_SEA,2010,13,0.67111,5.61236,0.49482
2010_13_CHI_DET,2010,13,0.30020,-6.62219,0.46790
2010_13_CLE_MIA,2010,13,0.71021,7.04927,0.49420
2010_13_DAL_IND,2010,13,0.65039,4.88697,0.47782
2010_13_DEN_KC,2010,13,0.71973,7.41578,0.46828
2010_13_HOU_PHI,2010,13,0.77993,9.94297,0.49808
2010_13_JAX_TEN,2010,13,0.66465,5.38388,0.50736
2010_13_NO_CIN,2010,13,0.35746,-4.58318,0.50275
2010_13_NYJ_NE,2010,13,0.60662,3.41506,0.47810
2010_13_OAK_SD,2010,13,0.80129,10.95590,0.46867
2010_13_PIT_BAL,2010,13,0.54377,1.39406,0.46806
2010_13_SF_GB,2010,13,0.85588,13.99254,0.53303
2010_13_STL_ARI,2010,13,0.46942,-0.94357,0.50413
2010_13_WAS_NYG,2010,13,0.72360,7.56695,0.48944
2010_14_ATL_CAR,2010,14,0.19739,-10.98702,0.44477
2010_14_BAL_HOU,2010,14,0.38095,-3.79182,0.47606
2010_14_CIN_PIT,2010,14,0.79918,10.85222,0.50211
2010_14_CLE_BUF,2010,14,0.53803,1.21266,0.48595
2010_14_DEN_ARI,2010,14,0.46655,-1.03419,0.51309
2010_14_GB_DET,2010,14,0.18256,-11.74302,0.43742
2010_14_IND_TEN,2010,14,0.46189,-1.18109,0.50179
2010_14_KC_SD,2010,14,0.75921,9.02593,0.47427
2010_14_MIA_NYJ,2010,14,0.68035,5.94284,0.49315
2010_14_NE_CHI,2010,14,0.33137,-5.48981,0.45940
2010_14_NYG_MIN,2010,14,0.40280,-3.07223,0.49793
2010_14_OAK_JAX,2010,14,0.58272,2.63690,0.47536
2010_14_PHI_DAL,2010,14,0.38122,-3.78271,0.48600
2010_14_SEA_SF,2010,14,0.61128,3.56853,0.47469
2010_14_STL_NO,2010,14,0.79263,10.53612,0.49407
2010_14_TB_WAS,2010,14,0.45714,-1.33104,0.48060
2010_15_ARI_CAR,2010,15,0.51960,0.63240,0.46550
2010_15_ATL_SEA,2010,15,0.27767,-7.48281,0.46436
2010_15_BUF_MIA,2010,15,0.65805,5.15264,0.48044
2010_15_CHI_MIN,2010,15,0.52832,0.90662,0.54688
2010_15_CLE_CIN,2010,15,0.47936,-0.63088,0.46782
2010_15_DEN_OAK,2010,15,0.77130,9.55388,0.48932
2010_15_DET_TB,2010,15,0.69737,6.56606,0.51408
2010_15_GB_NE,2010,15,0.82526,12.19536,0.46611
2010_15_HOU_TEN,2010,15,0.59571,3.05793,0.49428
2010_15_JAX_IND,2010,15,0.71510,7.23657,0.51576
2010_15_KC_STL,2010,15,0.38777,-3.56567,0.41982
2010_15_NO_BAL,2010,15,0.60447,3.34425,0.50697
2010_15_NYJ_PIT,2010,15,0.69458,6.46255,0.51306
2010_15_PHI_NYG,2010,15,0.44173,-1.81959,0.43668
2010_15_SF_SD,2010,15,0.76031,9.07334,0.47474
2010_15_WAS_DAL,2010,15,0.76507,9.27948,0.48169
2010_16_BAL_CLE,2010,16,0.36375,-4.36917,0.47530
2010_16_CAR_PIT,2010,16,0.89679,16.97861,0.51322
2010_16_DAL_ARI,2010,16,0.31664,-6.01772,0.49354
2010_16_DET_MIA,2010,16,0.60132,3.24111,0.48131
2010_16_HOU_DEN,2010,16,0.36676,-4.26734,0.46158
2010_16_IND_OAK,2010,16,0.47463,-0.77975,0.48603
2010_16_MIN_PHI,2010,16,0.80540,11.16005,0.45597
2010_16_NE_BUF,2010,16,0.19086,-11.31429,0.44159
2010_16_NO_ATL,2010,16,0.59346,2.98477,0.49356
2010_16_NYG_GB,2010,16,0.68603,6.14884,0.51489
2010_16_NYJ_CHI,2010,16,0.50656,0.22290,0.47129
2010_16_SD_CIN,2010,16,0.30586,-6.41197,0.50937
2010_16_SEA_TB,2010,16,0.77535,9.73522,0.53050
2010_16_SF_STL,2010,16,0.50532,0.18413,0.46600
2010_16_TEN_KC,2010,16,0.53303,1.05517,0.45494
2010_16_WAS_JAX,2010,16,0.62136,3.90302,0.45345
2010_17_ARI_SF,2010,17,0.65867,5.17432,0.47573
2010_17_BUF_NYJ,2010,17,0.78660,10.25144,0.57451
2010_17_CAR_ATL,2010,17,0.87589,15.34629,0.49713
2010_17_CHI_GB,2010,17,0.76316,9.19615,0.46612
2010_17_CIN_BAL,2010,17,0.76234,9.16058,0.48052
2010_17_DAL_PHI,2010,17,0.72128,7.47623,0.57185
2010_17_JAX_HOU,2010,17,0.73629,8.07189,0.51906
2010_17_MIA_NE,2010,17,0.86263,14.43034,0.58583
2010_17_MIN_DET,2010,17,0.54939,1.57218,0.46490
2010_17_NYG_WAS,2010,17,0.33454,-5.37811,0.47522
2010_17_OAK_KC,2010,17,0.69942,6.64255,0.50498
2010_17_PIT_CLE,2010,17,0.31861,-5.94645,0.48931
2010_17_SD_DEN,2010,17,0.23977,-9.03544,0.44430
2010_17_STL_SEA,2010,17,0.48370,-0.49466,0.50855
2010_17_TB_NO,2010,17,0.67907,5.89673,0.47300
2010_17_TEN_IND,2010,17,0.64558,4.72163,0.44194
2010_18_BAL_KC,2010,18,0.38219,-3.75048,0.47647
2010_18_GB_PHI,2010,18,0.45052,-1.54078,0.45890
2010_18_NO_SEA,2010,18,0.28669,-7.13356,0.50718
2010_18_NYJ_IND,2010,18,0.49055,-0.27932,0.47127
2010_19_BAL_PIT,2010,19,0.67435,5.72778,0.50582
2010_19_GB_ATL,2010,19,0.51362,0.44460,0.47839
2010_19_NYJ_NE,2010,19,0.79227,10.51886,0.49390
2010_19_SEA_CHI,2010,19,0.81994,11.90931,0.50268
2010_20_GB_CHI,2010,20,0.29298,-6.89395,0.45055
2010_20_NYJ_PIT,2010,20,0.62070,3.88078,0.48268
2010_21_PIT_GB,2010,21,0.55689,1.81023,0.47215
2011_01_ATL_CHI,2011,1,0.55011,1.55792,0.51154
2011_01_BUF_KC,2011,1,0.62658,4.06881,0.49181
2011_01_CAR_ARI,2011,1,0.58695,2.75006,0.44913
2011_01_CIN_CLE,2011,1,0.59157,2.90156,0.45061
2011_01_DAL_NYJ,2011,1,0.69476,6.48741,0.48604
2011_01_DET_TB,2011,1,0.64742,4.78377,0.52369
2011_01_IND_HOU,2011,1,0.58714,2.75642,0.42478
2011_01_MIN_SD,2011,1,0.63013,4.18941,0.43873
2011_01_NE_MIA,2011,1,0.35147,-4.89722,0.50703
2011_01_NO_GB,2011,1,0.69885,6.64121,0.50741
2011_01_NYG_WAS,2011,1,0.40846,-2.97553,0.46661
2011_01_OAK_DEN,2011,1,0.42562,-2.41541,0.43283
2011_01_PHI_STL,2011,1,0.36082,-4.57396,0.47552
2011_01_PIT_BAL,2011,1,0.52156,0.64705,0.48267
2011_01_SEA_SF,2011,1,0.67069,5.60564,0.48225
2011_01_TEN_JAX,2011,1,0.41537,-2.74904,0.46884
2011_02_ARI_WAS,2011,2,0.67604,5.79874,0.49905
2011_02_BAL_TEN,2011,2,0.36120,-4.56070,0.49548
2011_02_CHI_NO,2011,2,0.56006,1.87764,0.46022
2011_02_CIN_DEN,2011,2,0.45540,-1.45643,0.43731
2011_02_CLE_IND,2011,2,0.52046,0.61208,0.50216
2011_02_DAL_SF,2011,2,0.50245,0.04028,0.51632
2011_02_GB_CAR,2011,2,0.27322,-7.79912,0.51296
2011_02_HOU_MIA,2011,2,0.51515,0.44335,0.52032
2011_02_JAX_NYJ,2011,2,0.77549,9.79654,0.49407
2011_02_KC_DET,2011,2,0.73671,8.12557,0.47750
2011_02_OAK_BUF,2011,2,0.63199,4.25256,0.49363
2011_02_PHI_ATL,2011,2,0.40820,-2.98392,0.48137
2011_02_SD_NE,2011,2,0.76744,9.43415,0.51527
2011_02_SEA_PIT,2011,2,0.78386,10.18331,0.45338
2011_02_STL_NYG,2011,2,0.73877,8.20987,0.49817
2011_02_TB_MIN,2011,2,0.57525,2.36888,0.49974
2011_03_ARI_SEA,2011,3,0.43906,-1.98084,0.49627
2011_03_ATL_TB,2011,3,0.57141,2.24430,0.49851
2011_03_BAL_STL,2011,3,0.25371,-8.59692,0.45555
2011_03_DEN_TEN,2011,3,0.76014,9.11318,0.50713
2011_03_DET_MIN,2011,3,0.41975,-2.60630,0.49007
2011_03_GB_CHI,2011,3,0.35317,-4.83838,0.47786
2011_03_HOU_NO,2011,3,0.61621,3.71892,0.48834
2011_03_JAX_CAR,2011,3,0.65655,5.10293,0.50207
2011_03_KC_SD,2011,3,0.85904,14.30072,0.48915
2011_03_MIA_CLE,2011,3,0.58412,2.65774,0.52244
2011_03_NE_BUF,2011,3,0.30614,-6.52898,0.49084
2011_03_NYG_PHI,2011,3,0.64662,4.75586,0.44428
2011_03_NYJ_OAK,2011,3,0.44419,-1.81588,0.47808
2011_03_PIT_IND,2011,3,0.30744,-6.48032,0.52603
2011_03_SF_CIN,2011,3,0.62506,4.01704,0.51609
2011_03_WAS_DAL,2011,3,0.68867,6.26091,0.51355
2011_04_ATL_SEA,2011,4,0.40921,-2.95071,0.51641
2011_04_BUF_CIN,2011,4,0.42426,-2.45951,0.49152
2011_04_CAR_CHI,2011,4,0.64938,4.85207,0.46490
2011_04_DEN_GB,2011,4,0.84977,13.70983,0.50313
2011_04_DET_DAL,2011,4,0.49185,-0.29623,0.45851
2011_04_IND_TB,2011,4,0.69151,6.36621,0.45027
2011_04_MIA_SD,2011,4,0.66278,5.32333,0.47451
2011_04_MIN_KC,2011,4,0.34741,-5.03916,0.46598
2011_04_NE_OAK,2011,4,0.38744,-3.67157,0.50927
2011_04_NO_JAX,2011,4,0.28630,-7.28410,0.50319
2011_04_NYG_ARI,2011,4,0.45029,-1.62006,0.48002
2011_04_NYJ_BAL,2011,4,0.61248,3.59405,0.47224
2011_04_PIT_HOU,2011,4,0.54756,1.47649,0.46120
2011_04_SF_PHI,2011,4,0.68196,6.01422,0.45172
2011_04_TEN_CLE,2011,4,0.42376,-2.47583,0.45182
2011_04_WAS_STL,2011,4,0.33929,-5.32495,0.46316
2011_05_ARI_MIN,2011,5,0.63836,4.47082,0.49579
2011_05_CHI_DET,2011,5,0.69354,6.44204,0.48559
2011_05_CIN_JAX,2011,5,0.41684,-2.70124,0.46932
2011_05_GB_ATL,2011,5,0.30046,-6.74218,0.47881
2011_05_KC_IND,2011,5,0.63450,4.33831,0.51928
2011_05_NO_CAR,2011,5,0.38000,-3.92114,0.51175
2011_05_NYJ_NE,2011,5,0.75922,9.07349,0.50177
2011_05_OAK_HOU,2011,5,0.64703,4.77023,0.48884
2011_05_PHI_BUF,2011,5,0.53583,1.10135,0.52683
2011_05_SD_DEN,2011,5,0.38581,-3.72619,0.48392
2011_05_SEA_NYG,2011,5,0.80099,11.00980,0.49618
2011_05_TB_SF,2011,5,0.60429,3.32141,0.49431
2011_05_TEN_PIT,2011,5,0.51599,0.47028,0.46114
2011_06_BUF_NYG,2011,6,0.51421,0.41367,0.46058
2011_06_CAR_ATL,2011,6,0.61269,3.60113,0.48717
2011_06_CLE_OAK,2011,6,0.66593,5.43534,0.47562
2011_06_DAL_NE,2011,6,0.74603,8.51106,0.50612
2011_06_HOU_BAL,2011,6,0.77657,9.84583,0.51440
2011_06_IND_CIN,2011,6,0.61854,3.79710,0.47425
2011_06_JAX_PIT,2011,6,0.85071,13.76793,0.49874
2011_06_MIA_NYJ,2011,6,0.69765,6.59590,0.48216
2011_06_MIN_CHI,2011,6,0.56077,1.90065,0.49510
2011_06_NO_TB,2011,6,0.33379,-5.52018,0.49092
2011_06_PHI_WAS,2011,6,0.51045,0.29419,0.51884
2011_06_SF_DET,2011,6,0.63122,4.22630,0.47355
2011_06_STL_GB,2011,6,0.91057,18.37260,0.52952
2011_07_ATL_DET,2011,7,0.63243,4.26769,0.48386
2011_07_BAL_JAX,2011,7,0.17615,-12.27581,0.46364
2011_07_CHI_TB,2011,7,0.35924,-4.62838,0.45524
2011_07_DEN_MIA,2011,7,0.51062,0.29964,0.49906
2011_07_GB_MIN,2011,7,0.20205,-10.93413,0.47691
2011_07_HOU_TEN,2011,7,0.65227,4.95286,0.50554
2011_07_IND_NO,2011,7,0.75856,9.04492,0.44221
2011_07_KC_OAK,2011,7,0.61021,3.51831,0.48635
2011_07_PIT_ARI,2011,7,0.36817,-4.32195,0.48297
2011_07_SD_NYJ,2011,7,0.61222,3.58533,0.53162
2011_07_SEA_CLE,2011,7,0.55578,1.74013,0.47368
2011_07_STL_DAL,2011,7,0.80455,11.18817,0.45835
2011_07_WAS_CAR,2011,7,0.57343,2.30986,0.49420
2011_08_ARI_BAL,2011,8,0.86048,14.39573,0.50993
2011_08_CIN_SEA,2011,8,0.35023,-4.94064,0.44725
2011_08_CLE_SF,2011,8,0.82955,12.51663,0.52104
2011_08_DAL_PHI,2011,8,0.62228,3.92315,0.49532
2011_08_DET_DEN,2011,8,0.35484,-4.78036,0.46854
2011_08_IND_TEN,2011,8,0.71160,7.12755,0.46763
2011_08_JAX_HOU,2011,8,0.83372,12.75294,0.51348
2011_08_MIA_NYG,2011,8,0.79874,10.89823,0.50004
2011_08_MIN_CAR,2011,8,0.59131,2.89295,0.48510
2011_08_NE_PIT,2011,8,0.39898,-3.28807,0.48331
2011_08_NO_STL,2011,8,0.14480,-14.12690,0.47995
2011_08_SD_KC,2011,8,0.45500,-1.46924,0.50135
2011_08_WAS_BUF,2011,8,0.74110,8.30598,0.52886
2011_09_ATL_IND,2011,9,0.24368,-9.02284,0.46120
2011_09_BAL_PIT,2011,9,0.56390,2.00131,0.47132
2011_09_CHI_PHI,2011,9,0.56651,2.08570,0.41829
2011_09_CIN_TEN,2011,9,0.49607,-0.16231,0.46970
2011_09_CLE_HOU,2011,9,0.78392,10.18612,0.48305
2011_09_DEN_OAK,2011,9,0.79263,10.59991,0.52187
2011_09_GB_SD,2011,9,0.25062,-8.72720,0.45426
2011_09_MIA_KC,2011,9,0.62402,3.98189,0.47608
2011_09_NYG_NE,2011,9,0.72402,7.61426,0.46749
2011_09_NYJ_BUF,2011,9,0.45114,-1.59303,0.44576
2011_09_SEA_DAL,2011,9,0.73334,7.98817,0.45638
2011_09_SF_WAS,2011,9,0.33985,-5.30511,0.48314
2011_09_STL_ARI,2011,9,0.64292,4.62788,0.52215
2011_09_TB_NO,2011,9,0.73363,8.00023,0.47626
2011_10_ARI_PHI,2011,10,0.82739,12.39613,0.47523
2011_10_BAL_SEA,2011,10,0.27225,-7.83774,0.47786
2011_10_BUF_DAL,2011,10,0.58425,2.66196,0.46797
2011_10_DEN_KC,2011,10,0.56326,1.98070,0.47606
2011_10_DET_CHI,2011,10,0.43479,-2.11852,0.44061
2011_10_HOU_TB,2011,10,0.36716,-4.35670,0.47767
2011_10_JAX_IND,2011,10,0.43173,-2.21761,0.49392
2011_10_MIN_GB,2011,10,0.78324,10.15421,0.46295
2011_10_NE_NYJ,2011,10,0.51350,0.39115,0.46529
2011_10_NO_ATL,2011,10,0.47052,-0.97417,0.46662
2011_10_NYG_SF,2011,10,0.68079,5.97137,0.50572
2011_10_OAK_SD,2011,10,0.64489,4.69588,0.45843
2011_10_PIT_CIN,2011,10,0.43428,-2.13513,0.49970
2011_10_STL_CLE,2011,10,0.67595,5.79538,0.51885
2011_10_TEN_CAR,2011,10,0.60706,3.41338,0.48531
2011_10_WAS_MIA,2011,10,0.65730,5.12958,0.49737
2011_11_ARI_SF,2011,11,0.79151,10.54630,0.49158
2011_11_BUF_MIA,2011,11,0.59869,3.13598,0.48751
2011_11_CAR_DET,2011,11,0.74695,8.54983,0.50154
2011_11_CIN_BAL,2011,11,0.69377,6.45067,0.48072
2011_11_DAL_WAS,2011,11,0.31175,-6.32024,0.49291
2011_11_JAX_CLE,2011,11,0.58607,2.72123,0.50324
2011_11_KC_NE,2011,11,0.90433,17.78345,0.49394
2011_11_NYJ_DEN,2011,11,0.34389,-5.16261,0.49943
2011_11_OAK_MIN,2011,11,0.55887,1.83936,0.49449
2011_11_PHI_NYG,2011,11,0.61593,3.70945,0.46350
2011_11_SD_CHI,2011,11,0.71149,7.12352,0.51219
2011_11_SEA_STL,2011,11,0.44714,-1.72131,0.43961
2011_11_TB_GB,2011,11,0.91577,18.89322,0.53960
2011_11_TEN_ATL,2011,11,0.61184,3.57250,0.46214
2011_12_ARI_STL,2011,12,0.47766,-0.74683,0.46887
2011_12_BUF_NYJ,2011,12,0.73380,8.00692,0.47138
2011_12_CAR_IND,2011,12,0.47253,-0.91019,0.51186
2011_12_CHI_OAK,2011,12,0.49109,-0.32030,0.45335
2011_12_CLE_CIN,2011,12,0.72378,7.60485,0.49712
2011_12_DEN_SD,2011,12,0.68175,6.00630,0.50111
2011_12_GB_DET,2011,12,0.35997,-4.60316,0.48019
2011_12_HOU_JAX,2011,12,0.31563,-6.17726,0.48441
2011_12_MIA_DAL,2011,12,0.68529,6.13615,0.47760
2011_12_MIN_ATL,2011,12,0.75184,8.75613,0.47384
2011_12_NE_PHI,2011,12,0.33299,-5.54874,0.46095
2011_12_NYG_NO,2011,12,0.76990,9.54411,0.51140
2011_12_PIT_KC,2011,12,0.12988,-15.12700,0.44053
2011_12_SF_BAL,2011,12,0.65652,5.10207,0.50702
2011_12_TB_TEN,2011,12,0.69730,6.58259,0.52170
2011_12_WAS_SEA,2011,12,0.62227,3.92298,0.49532
2011_13_ATL_HOU,2011,13,0.49169,-0.30123,0.49310
2011_13_BAL_CLE,2011,13,0.24162,-9.11190,0.46526
2011_13_CAR_TB,2011,13,0.48284,-0.58231,0.49031
2011_13_CIN_PIT,2011,13,0.66457,5.38676,0.47019
2011_13_DAL_ARI,2011,13,0.33602,-5.44072,0.47189
2011_13_DEN_MIN,2011,13,0.58910,2.82052,0.50423
2011_13_DET_NO,2011,13,0.68531,6.13714,0.45293
2011_13_GB_NYG,2011,13,0.26055,-8.31305,0.47316
2011_13_IND_NE,2011,13,0.92512,19.90776,0.48029
2011_13_KC_CHI,2011,13,0.82679,12.36264,0.51952
2011_13_NYJ_WAS,2011,13,0.38392,-3.78936,0.47834
2011_13_OAK_MIA,2011,13,0.66338,5.34440,0.50446
2011_13_PHI_SEA,2011,13,0.45909,-1.33871,0.50265
2011_13_SD_JAX,2011,13,0.47926,-0.69598,0.50902
2011_13_STL_SF,2011,13,0.85980,14.35091,0.48964
2011_13_TEN_BUF,2011,13,0.48980,-0.36111,0.47268
2011_14_ATL_CAR,2011,14,0.38606,-3.71782,0.47905
2011_14_BUF_SD,2011,14,0.71180,7.13552,0.48751
2011_14_CHI_DEN,2011,14,0.50625,0.16083,0.45316
2011_14_CLE_PIT,2011,14,0.83481,12.81556,0.47443
2011_14_HOU_CIN,2011,14,0.51486,0.43417,0.46571
2011_14_IND_BAL,2011,14,0.85742,14.19543,0.46336
2011_14_KC_NYJ,2011,14,0.83630,12.90179,0.50999
2011_14_MIN_DET,2011,14,0.73837,8.19367,0.46828
2011_14_NE_WAS,2011,14,0.20157,-10.95793,0.45200
2011_14_NO_TEN,2011,14,0.32187,-5.94936,0.46193
2011_14_NYG_DAL,2011,14,0.64430,4.67545,0.48790
2011_14_OAK_GB,2011,14,0.87279,15.24131,0.52327
2011_14_PHI_MIA,2011,14,0.61044,3.52604,0.49138
2011_14_SF_ARI,2011,14,0.32276,-5.91712,0.46225
2011_14_STL_SEA,2011,14,0.77376,9.71789,0.49328
2011_14_TB_JAX,2011,14,0.54700,1.45833,0.53036
2011_15_BAL_SD,2011,15,0.44619,-1.75167,0.47871
2011_15_CAR_HOU,2011,15,0.76444,9.30147,0.53376
2011_15_CIN_STL,2011,15,0.29922,-6.78892,0.48826
2011_15_CLE_ARI,2011,15,0.56836,2.14544,0.44810
2011_15_DAL_TB,2011,15,0.28674,-7.26697,0.48352
2011_15_DET_OAK,2011,15,0.41473,-2.77004,0.46864
2011_15_GB_KC,2011,15,0.14319,-14.23059,0.45423
2011_15_JAX_ATL,2011,15,0.77056,9.57371,0.44249
2011_15_MIA_BUF,2011,15,0.44410,-1.81888,0.47805
2011_15_NE_DEN,2011,15,0.24320,-9.04351,0.46594
2011_15_NO_MIN,2011,15,0.23802,-9.26831,0.46372
2011_15_NYJ_PHI,2011,15,0.45180,-1.57174,0.44107
2011_15_PIT_SF,2011,15,0.50382,0.08389,0.45733
2011_15_SEA_CHI,2011,15,0.63360,4.30768,0.49418
2011_15_TEN_IND,2011,15,0.37335,-4.14592,0.50952
2011_15_WAS_NYG,2011,15,0.68472,6.11544,0.49227
2011_16_ARI_CIN,2011,16,0.72556,7.67534,0.52757
2011_16_ATL_NO,2011,16,0.66858,5.53006,0.47160
2011_16_CHI_GB,2011,16,0.79496,10.71285,0.46353
2011_16_CLE_BAL,2011,16,0.82720,12.38582,0.50487
2011_16_DEN_BUF,2011,16,0.53405,1.04461,0.52627
2011_16_HOU_IND,2011,16,0.31908,-6.05089,0.49558
2011_16_JAX_TEN,2011,16,0.68157,5.99969,0.46143
2011_16_MIA_NE,2011,16,0.80464,11.19295,0.52279
2011_16_MIN_WAS,2011,16,0.66059,5.24549,0.47869
2011_16_NYG_NYJ,2011,16,0.62990,4.18133,0.51277
2011_16_OAK_KC,2011,16,0.53987,1.23040,0.46864
2011_16_PHI_DAL,2011,16,0.60109,3.21536,0.53290
2011_16_SD_DET,2011,16,0.58145,2.57044,0.52158
2011_16_SF_SEA,2011,16,0.40209,-3.18511,0.46948
2011_16_STL_PIT,2011,16,0.81235,11.58774,0.50192
2011_16_TB_CAR,2011,16,0.71489,7.25531,0.46889
2011_17_BAL_CIN,2011,17,0.39284,-3.49171,0.47634
2011_17_BUF_NE,2011,17,0.85401,13.97599,0.52559
2011_17_CAR_NO,2011,17,0.82469,12.24696,0.53815
2011_17_CHI_MIN,2011,17,0.39466,-3.43101,0.43756
2011_17_DAL_NYG,2011,17,0.50851,0.23270,0.45879
2011_17_DET_GB,2011,17,0.47136,-0.94736,0.54117
2011_17_IND_JAX,2011,17,0.56120,1.91437,0.47541
2011_17_KC_DEN,2011,17,0.54051,1.25103,0.48865
2011_17_NYJ_MIA,2011,17,0.58607,2.72145,0.49828
2011_17_PIT_CLE,2011,17,0.24250,-9.07363,0.46564
2011_17_SD_OAK,2011,17,0.42576,-2.41108,0.43775
2011_17_SEA_ARI,2011,17,0.45743,-1.39176,0.44773
2011_17_SF_STL,2011,17,0.20516,-10.78201,0.50321
2011_17_TB_ATL,2011,17,0.85927,14.31594,0.52896
2011_17_TEN_HOU,2011,17,0.63325,4.29556,0.53863
2011_17_WAS_PHI,2011,17,0.73299,7.97392,0.49583
2011_18_ATL_NYG,2011,18,0.46873,-1.03112,0.44637
2011_18_CIN_HOU,2011,18,0.62598,4.04820,0.48664
2011_18_DET_NO,2011,18,0.71391,7.21723,0.45372
2011_18_PIT_DEN,2011,18,0.25272,-8.63843,0.47488
2011_19_DEN_NE,2011,19,0.90298,17.66021,0.52247
2011_19_HOU_BAL,2011,19,0.71903,7.41733,0.48534
2011_19_NO_SF,2011,19,0.46030,-1.29984,0.50799
2011_19_NYG_GB,2011,19,0.81040,11.48675,0.51579
2011_20_BAL_NE,2011,20,0.70363,6.82197,0.48440
2011_20_NYG_SF,2011,20,0.61157,3.56358,0.50168
2011_21_NYG_NE,2011,21,0.64702,4.77004,0.50373
2012_01_ATL_KC,2012,1,0.40163,-2.95035,0.46316
2012_01_BUF_NYJ,2012,1,0.67425,5.75876,0.52006
2012_01_CAR_TB,2012,1,0.40845,-2.73163,0.48994
2012_01_CIN_BAL,2012,1,0.70109,6.72566,0.48338
2012_01_DAL_NYG,2012,1,0.65602,5.12570,0.50636
2012_01_IND_CHI,2012,1,0.75278,8.74410,0.47153
2012_01_JAX_MIN,2012,1,0.60457,3.41622,0.48568
2012_01_MIA_HOU,2012,1,0.69470,6.49121,0.40897
2012_01_NE_TEN,2012,1,0.34348,-4.87733,0.48214
2012_01_PHI_CLE,2012,1,0.35273,-4.56197,0.54030
2012_01_PIT_DEN,2012,1,0.43443,-1.90734,0.43376
2012_01_SD_OAK,2012,1,0.46927,-0.81894,0.46474
2012_01_SEA_ARI,2012,1,0.53508,1.21992,0.51355
2012_01_SF_GB,2012,1,0.64461,4.73764,0.47145
2012_01_STL_DET,2012,1,0.82615,12.18649,0.52523
2012_01_WAS_NO,2012,1,0.81331,11.51433,0.51106
2012_02_ARI_NE,2012,2,0.81016,11.35489,0.46684
2012_02_BAL_PHI,2012,2,0.40745,-2.76342,0.41771
2012_02_CHI_GB,2012,2,0.57895,2.59583,0.45771
2012_02_CLE_CIN,2012,2,0.59264,3.03218,0.43899
2012_02_DAL_SEA,2012,2,0.44664,-1.52415,0.50455
2012_02_DEN_ATL,2012,2,0.69467,6.49031,0.52889
2012_02_DET_SF,2012,2,0.68316,6.07491,0.47552
2012_02_HOU_JAX,2012,2,0.33623,-5.12710,0.50330
2012_02_KC_BUF,2012,2,0.58709,2.85479,0.48494
2012_02_MIN_IND,2012,2,0.44047,-1.71749,0.50221
2012_02_NO_CAR,2012,2,0.36329,-4.20667,0.47212
2012_02_NYJ_PIT,2012,2,0.50145,0.17771,0.43477
2012_02_OAK_MIA,2012,2,0.59143,2.99339,0.53495
2012_02_TB_NYG,2012,2,0.77758,9.81221,0.49652
2012_02_TEN_SD,2012,2,0.73478,8.01345,0.50501
2012_02_WAS_STL,2012,2,0.38050,-3.63672,0.48504
2012_03_ATL_SD,2012,3,0.60890,3.55641,0.49343
2012_03_BUF_CLE,2012,3,0.52221,0.82018,0.52684
2012_03_CIN_WAS,2012,3,0.66538,5.44868,0.51632
2012_03_DET_TEN,2012,3,0.34781,-4.72900,0.47185
2012_03_GB_SEA,2012,3,0.50839,0.39229,0.52771
2012_03_HOU_DEN,2012,3,0.34262,-4.90660,0.43972
2012_03_JAX_IND,2012,3,0.55301,1.77876,0.47195
2012_03_KC_NO,2012,3,0.77865,9.86029,0.49710
2012_03_NE_BAL,2012,3,0.55948,1.98153,0.48043
2012_03_NYG_CAR,2012,3,0.48763,-0.25001,0.45355
2012_03_NYJ_MIA,2012,3,0.51820,0.69621,0.52534
2012_03_PHI_ARI,2012,3,0.52542,0.91974,0.53407
2012_03_PIT_OAK,2012,3,0.38073,-3.62925,0.48513
2012_03_SF_MIN,2012,3,0.35470,-4.49546,0.51095
2012_03_STL_CHI,2012,3,0.70548,6.88841,0.48535
2012_03_TB_DAL,2012,3,0.73167,7.89051,0.49747
2012_04_CAR_ATL,2012,4,0.82225,11.97801,0.54679
2012_04_CHI_DAL,2012,4,0.50929,0.42027,0.45560
2012_04_CIN_JAX,2012,4,0.47582,-0.61573,0.46719
2012_04_CLE_BAL,2012,4,0.83003,12.39721,0.49755
2012_04_MIA_ARI,2012,4,0.67055,5.62898,0.50640
2012_04_MIN_DET,2012,4,0.61356,3.70813,0.48921
2012_04_NE_BUF,2012,4,0.34916,-4.68311,0.47241
2012_04_NO_GB,2012,4,0.65264,5.01013,0.45668
2012_04_NYG_PHI,2012,4,0.42854,-2.09287,0.44346
2012_04_OAK_DEN,2012,4,0.63281,4.34203,0.46066
2012_04_SD_KC,2012,4,0.39581,-3.13816,0.47898
2012_04_SEA_STL,2012,4,0.38389,-3.52560,0.46828
2012_04_SF_NYJ,2012,4,0.54531,1.53836,0.54751
2012_04_TEN_HOU,2012,4,0.83267,12.54285,0.48117
2012_04_WAS_TB,2012,4,0.40277,-2.91362,0.43368
2012_05_ARI_STL,2012,5,0.39077,-3.30143,0.45894
2012_05_ATL_WAS,2012,5,0.41754,-2.44140,0.49345
2012_05_BAL_KC,2012,5,0.22226,-9.55410,0.44393
2012_05_BUF_SF,2012,5,0.81545,11.62380,0.50634
2012_05_CHI_JAX,2012,5,0.31200,-5.98285,0.48690
2012_05_CLE_NYG,2012,5,0.77810,9.83556,0.51495
2012_05_DEN_NE,2012,5,0.74401,8.38406,0.51553
2012_05_GB_IND,2012,5,0.36778,-4.05682,0.51625
2012_05_HOU_NYJ,2012,5,0.27706,-7.28448,0.51350
2012_05_MIA_CIN,2012,5,0.58489,2.78450,0.48409
2012_05_PHI_PIT,2012,5,0.71044,7.07376,0.52387
2012_05_SD_NO,2012,5,0.59039,2.96009,0.48017
2012_05_SEA_CAR,2012,5,0.54923,1.66063,0.49469
2012_05_TEN_MIN,2012,5,0.70226,6.76911,0.49600
2012_06_BUF_ARI,2012,6,0.73391,7.97920,0.52272
2012_06_CIN_CLE,2012,6,0.43495,-1.89088,0.47593
2012_06_DAL_BAL,2012,6,0.72759,7.73044,0.54382
2012_06_DEN_SD,2012,6,0.54892,1.65115,0.49457
2012_06_DET_PHI,2012,6,0.49245,-0.10083,0.44337
2012_06_GB_HOU,2012,6,0.71478,7.23784,0.52585
2012_06_IND_NYJ,2012,6,0.59968,3.25831,0.48377
2012_06_KC_TB,2012,6,0.66415,5.40590,0.49161
2012_06_MIN_WAS,2012,6,0.52314,0.84930,0.51511
2012_06_NE_SEA,2012,6,0.39058,-3.30783,0.48902
2012_06_NYG_SF,2012,6,0.76153,9.11246,0.51225
2012_06_OAK_ATL,2012,6,0.81630,11.66714,0.50686
2012_06_PIT_TEN,2012,6,0.29586,-6.57286,0.47374
2012_06_STL_MIA,2012,6,0.73204,7.90520,0.51579
2012_07_ARI_MIN,2012,7,0.66128,5.30662,0.46626
2012_07_BAL_HOU,2012,7,0.62073,3.94278,0.45587
2012_07_CLE_IND,2012,7,0.49071,-0.15460,0.47275
2012_07_DAL_CAR,2012,7,0.55471,1.83198,0.53903
2012_07_DET_CHI,2012,7,0.76635,9.31903,0.52079
2012_07_GB_STL,2012,7,0.31056,-6.03482,0.46215
2012_07_JAX_OAK,2012,7,0.64369,4.70653,0.47108
2012_07_NO_TB,2012,7,0.33188,-5.27849,0.43529
2012_07_NYJ_NE,2012,7,0.75964,9.03203,0.46295
2012_07_PIT_CIN,2012,7,0.40323,-2.89881,0.46378
2012_07_SEA_SF,2012,7,0.70507,6.87299,0.47912
2012_07_TEN_BUF,2012,7,0.57050,2.32830,0.46652
2012_07_WAS_NYG,2012,7,0.68044,5.97794,0.48039
2012_08_ATL_PHI,2012,8,0.48195,-0.42590,0.46346
2012_08_CAR_CHI,2012,8,0.82408,12.07534,0.54795
2012_08_IND_TEN,2012,8,0.58414,2.76052,0.47776
2012_08_JAX_GB,2012,8,0.89826,16.97685,0.51061
2012_08_MIA_NYJ,2012,8,0.49152,-0.12965,0.47305
2012_08_NE_STL,2012,8,0.23142,-9.14980,0.46678
2012_08_NO_DEN,2012,8,0.65405,5.05827,0.47532
2012_08_NYG_DAL,2012,8,0.41760,-2.43964,0.47534
2012_08_OAK_KC,2012,8,0.52963,1.05047,0.48731
2012_08_SD_CLE,2012,8,0.46554,-0.93477,0.50563
2012_08_SEA_DET,2012,8,0.58549,2.80365,0.48432
2012_08_SF_ARI,2012,8,0.30163,-6.36001,0.49444
2012_08_TB_MIN,2012,8,0.63056,4.26746,0.47784
2012_08_WAS_PIT,2012,8,0.59957,3.25474,0.47166
2012_09_ARI_GB,2012,9,0.81261,11.47853,0.49853
2012_09_BAL_CLE,2012,9,0.35169,-4.59719,0.47344
2012_09_BUF_HOU,2012,9,0.87520,15.19592,0.53739
2012_09_CAR_WAS,2012,9,0.66183,5.32560,0.51483
2012_09_CHI_TEN,2012,9,0.28663,-6.91873,0.45753
2012_09_DAL_ATL,2012,9,0.72525,7.63947,0.53069
2012_09_DEN_CIN,2012,9,0.40634,-2.79900,0.51332
2012_09_DET_JAX,2012,9,0.32233,-5.61389,0.49137
2012_09_KC_SD,2012,9,0.78847,10.30839,0.52066
2012_09_MIA_IND,2012,9,0.38722,-3.41697,0.47562
2012_09_MIN_SEA,2012,9,0.69293,6.42681,0.51001
2012_09_PHI_NO,2012,9,0.60727,3.50351,0.49884
2012_09_PIT_NYG,2012,9,0.60303,3.36628,0.48508
2012_09_TB_OAK,2012,9,0.45961,-1.11925,0.46113
2012_10_ATL_NO,2012,10,0.46674,-0.89766,0.48793
2012_10_BUF_NE,2012,10,0.89797,16.95284,0.52844
2012_10_DAL_PHI,2012,10,0.56333,2.10237,0.52421
2012_10_DEN_CAR,2012,10,0.36910,-4.01301,0.48050
2012_10_DET_MIN,2012,10,0.39711,-3.09617,0.48553
2012_10_HOU_CHI,2012,10,0.52534,0.91750,0.48570
2012_10_IND_JAX,2012,10,0.43628,-1.84902,0.50062
2012_10_KC_PIT,2012,10,0.85913,14.11596,0.50625
2012_10_NYG_CIN,2012,10,0.35964,-4.32905,0.47668
2012_10_NYJ_SEA,2012,10,0.64935,4.89811,0.48546
2012_10_OAK_BAL,2012,10,0.79887,10.79927,0.50241
2012_10_SD_TB,2012,10,0.63042,4.26284,0.50197
2012_10_STL_SF,2012,10,0.86507,14.50212,0.49882
2012_10_TEN_MIA,2012,10,0.78555,10.17362,0.53110
2012_11_ARI_ATL,2012,11,0.76193,9.12942,0.48222
2012_11_BAL_PIT,2012,11,0.37510,-3.81447,0.47686
2012_11_CHI_SF,2012,11,0.53961,1.36080,0.46089
2012_11_CIN_KC,2012,11,0.33215,-5.26903,0.45933
2012_11_CLE_DAL,2012,11,0.65757,5.17875,0.46472
2012_11_GB_DET,2012,11,0.38369,-3.53243,0.48026
2012_11_IND_NE,2012,11,0.81862,11.78741,0.50832
2012_11_JAX_HOU,2012,11,0.89889,17.03024,0.51126
2012_11_MIA_BUF,2012,11,0.52000,0.75180,0.48370
2012_11_NO_OAK,2012,11,0.32404,-5.55337,0.49210
2012_11_NYJ_STL,2012,11,0.56954,2.29802,0.47218
2012_11_PHI_WAS,2012,11,0.69214,6.39826,0.52175
2012_11_SD_DEN,2012,11,0.73852,8.16268,0.49471
2012_11_TB_CAR,2012,11,0.40605,-2.80845,0.46487
2012_12_ATL_TB,2012,12,0.47646,-0.59604,0.49158
2012_12_BAL_SD,2012,12,0.46472,-0.96029,0.48718
2012_12_BUF_IND,2012,12,0.54206,1.43697,0.47989
2012_12_CAR_PHI,2012,12,0.52696,0.96764,0.53464
2012_12_DEN_KC,2012,12,0.15103,-13.21949,0.44793
2012_12_GB_NYG,2012,12,0.52508,0.90946,0.48560
2012_12_HOU_DET,2012,12,0.37091,-3.95285,0.48122
2012_12_MIN_CHI,2012,12,0.66621,5.47748,0.47434
2012_12_NE_NYJ,2012,12,0.24449,-8.59224,0.46747
2012_12_OAK_CIN,2012,12,0.80736,11.21481,0.50744
2012_12_PIT_CLE,2012,12,0.46225,-1.03730,0.48625
2012_12_SEA_MIA,2012,12,0.37824,-3.71113,0.47810
2012_12_SF_NO,2012,12,0.51703,0.65994,0.50678
2012_12_STL_ARI,2012,12,0.64713,4.82277,0.53290
2012_12_TEN_JAX,2012,12,0.42965,-2.05803,0.50414
2012_12_WAS_DAL,2012,12,0.56693,2.21586,0.47119
2012_13_ARI_NYJ,2012,13,0.66281,5.35971,0.47896
2012_13_CAR_KC,2012,13,0.30883,-6.09736,0.47344
2012_13_CIN_SD,2012,13,0.51795,0.68825,0.48293
2012_13_CLE_OAK,2012,13,0.43138,-2.00355,0.49270
2012_13_HOU_TEN,2012,13,0.25911,-7.99234,0.47471
2012_13_IND_DET,2012,13,0.69440,6.48037,0.48042
2012_13_JAX_BUF,2012,13,0.61619,3.79398,0.46009
2012_13_MIN_GB,2012,13,0.73628,8.07311,0.49968
2012_13_NE_MIA,2012,13,0.22486,-9.43790,0.45730
2012_13_NO_ATL,2012,13,0.64412,4.72121,0.50147
2012_13_NYG_WAS,2012,13,0.48289,-0.39654,0.51214
2012_13_PHI_DAL,2012,13,0.74192,8.29939,0.46015
2012_13_PIT_BAL,2012,13,0.71513,7.25101,0.48973
2012_13_SEA_CHI,2012,13,0.61396,3.72112,0.49542
2012_13_SF_STL,2012,13,0.26193,-7.87891,0.47608
2012_13_TB_DEN,2012,13,0.69210,6.39656,0.44932
2012_14_ARI_SEA,2012,14,0.79845,10.77925,0.49007
2012_14_ATL_CAR,2012,14,0.37396,-3.85220,0.47640
2012_14_BAL_WAS,2012,14,0.50808,0.38279,0.47924
2012_14_CHI_MIN,2012,14,0.31977,-5.70492,0.43022
2012_14_DAL_CIN,2012,14,0.56916,2.28607,0.47203
2012_14_DEN_OAK,2012,14,0.20395,-10.39877,0.48188
2012_14_DET_GB,2012,14,0.66737,5.51791,0.48087
2012_14_HOU_NE,2012,14,0.68700,6.21235,0.49531
2012_14_KC_CLE,2012,14,0.73568,8.04937,0.49939
2012_14_MIA_SF,2012,14,0.82059,11.89085,0.50352
2012_14_NO_NYG,2012,14,0.70856,7.00334,0.52302
2012_14_NYJ_JAX,2012,14,0.43934,-1.75288,0.50178
2012_14_PHI_TB,2012,14,0.69634,6.55121,0.46920
2012_14_SD_PIT,2012,14,0.73096,7.86255,0.49713
2012_14_STL_BUF,2012,14,0.54833,1.63271,0.46416
2012_14_TEN_IND,2012,14,0.59293,3.04123,0.48115
2012_15_CAR_SD,2012,15,0.62080,3.94497,0.49813
2012_15_CIN_PHI,2012,15,0.46497,-0.95273,0.52958
2012_15_DEN_BAL,2012,15,0.54632,1.56976,0.54189
2012_15_DET_ARI,2012,15,0.38099,-3.62056,0.50943
2012_15_GB_CHI,2012,15,0.55286,1.77427,0.54434
2012_15_IND_HOU,2012,15,0.81326,11.51146,0.49893
2012_15_JAX_MIA,2012,15,0.73668,8.08893,0.49382
2012_15_KC_OAK,2012,15,0.62915,4.22061,0.48332
2012_15_MIN_STL,2012,15,0.56525,2.16278,0.50076
2012_15_NYG_ATL,2012,15,0.50933,0.42161,0.47971
2012_15_NYJ_TEN,2012,15,0.49987,0.12877,0.47617
2012_15_PIT_DAL,2012,15,0.57619,2.50834,0.52911
2012_15_SEA_BUF,2012,15,0.27526,-7.35406,0.45231
2012_15_SF_NE,2012,15,0.71929,7.40974,0.52792
2012_15_TB_NO,2012,15,0.53650,1.26390,0.45972
2012_15_WAS_CLE,2012,15,0.60357,3.38372,0.47925
2012_16_ATL_DET,2012,16,0.31747,-5.78676,0.45912
2012_16_BUF_MIA,2012,16,0.74119,8.26969,0.52623
2012_16_CHI_ARI,2012,16,0.33080,-5.31614,0.50707
2012_16_CIN_PIT,2012,16,0.58481,2.78201,0.47802
2012_16_CLE_DEN,2012,16,0.80895,11.29402,0.49025
2012_16_IND_KC,2012,16,0.34693,-4.75917,0.48356
2012_16_MIN_HOU,2012,16,0.77236,9.58084,0.51187
2012_16_NE_JAX,2012,16,0.11909,-15.34278,0.47048
2012_16_NO_DAL,2012,16,0.57242,2.38912,0.50350
2012_16_NYG_BAL,2012,16,0.49178,-0.12142,0.49732
2012_16_OAK_CAR,2012,16,0.81399,11.54890,0.51148
2012_16_SD_NYJ,2012,16,0.60113,3.30491,0.49038
2012_16_SF_SEA,2012,16,0.58503,2.78899,0.49019
2012_16_STL_TB,2012,16,0.60167,3.32235,0.49059
2012_16_TEN_GB,2012,16,0.80820,11.25641,0.49585
2012_16_WAS_PHI,2012,16,0.35161,-4.60008,0.47341
2012_17_ARI_SF,2012,17,0.82999,12.39469,0.44332
2012_17_BAL_CIN,2012,17,0.57682,2.52804,0.45089
2012_17_CAR_NO,2012,17,0.64282,4.67743,0.49489
2012_17_CHI_DET,2012,17,0.39016,-3.32120,0.48281
2012_17_CLE_PIT,2012,17,0.73009,7.82833,0.46050
2012_17_DAL_WAS,2012,17,0.59309,3.04657,0.48726
2012_17_GB_MIN,2012,17,0.35465,-4.49708,0.46862
2012_17_HOU_IND,2012,17,0.31467,-5.88694,0.49411
2012_17_JAX_TEN,2012,17,0.57604,2.50348,0.44462
2012_17_KC_DEN,2012,17,0.92405,19.45656,0.51641
2012_17_MIA_NE,2012,17,0.81465,11.58253,0.48769
2012_17_NYJ_BUF,2012,17,0.50027,0.14127,0.44626
2012_17_OAK_SD,2012,17,0.79189,10.46778,0.49840
2012_17_PHI_NYG,2012,17,0.69787,6.60733,0.48799
2012_17_STL_SEA,2012,17,0.87793,15.39077,0.53974
2012_17_TB_ATL,2012,17,0.82462,12.10424,0.59566
2012_18_CIN_HOU,2012,18,0.63712,4.48588,0.49257
2012_18_IND_BAL,2012,18,0.74625,8.47524,0.49849
2012_18_MIN_GB,2012,18,0.74548,8.44360,0.46189
2012_18_SEA_WAS,2012,18,0.37563,-3.79709,0.47706
2012_19_BAL_DEN,2012,19,0.75075,8.66001,0.47655
2012_19_GB_SF,2012,19,0.69998,6.68495,0.53124
2012_19_HOU_NE,2012,19,0.81366,11.53186,0.51128
2012_19_SEA_ATL,2012,19,0.51322,0.54190,0.46307
2012_20_BAL_NE,2012,20,0.72505,7.63187,0.48225
2012_20_SF_ATL,2012,20,0.47774,-0.55624,0.52230
2012_21_BAL_SF,2012,21,0.59467,3.09719,0.46976
2013_01_ARI_STL,2013,1,0.55970,1.94508,0.46882
2013_01_ATL_NO,2013,1,0.50272,0.18391,0.45141
2013_01_BAL_DEN,2013,1,0.59140,2.94323,0.43921
2013_01_CIN_CHI,2013,1,0.62353,3.98000,0.49401
2013_01_GB_SF,2013,1,0.67743,5.80561,0.49227
2013_01_HOU_SD,2013,1,0.48669,-0.30929,0.53089
2013_01_KC_JAX,2013,1,0.52450,0.85422,0.52755
2013_01_MIA_CLE,2013,1,0.51875,0.67718,0.46617
2013_01_MIN_DET,2013,1,0.47423,-0.69328,0.43788
2013_01_NE_BUF,2013,1,0.28340,-7.03302,0.51377
2013_01_NYG_DAL,2013,1,0.52991,1.02125,0.45968
2013_01_OAK_IND,2013,1,0.69360,6.38227,0.43862
2013_01_PHI_WAS,2013,1,0.66729,5.45143,0.49870
2013_01_SEA_CAR,2013,1,0.38271,-3.57588,0.47854
2013_01_TB_NYJ,2013,1,0.57608,2.45833,0.54837
2013_01_TEN_PIT,2013,1,0.71867,7.31166,0.49731
2013_02_CAR_BUF,2013,2,0.46044,-1.11927,0.50794
2013_02_CLE_BAL,2013,2,0.74850,8.48619,0.51396
2013_02_DAL_KC,2013,2,0.49454,-0.06782,0.45386
2013_02_DEN_NYG,2013,2,0.44501,-1.59815,0.50318
2013_02_DET_ARI,2013,2,0.62850,4.14299,0.53537
2013_02_JAX_OAK,2013,2,0.70087,6.64731,0.51557
2013_02_MIA_IND,2013,2,0.45924,-1.15635,0.46287
2013_02_MIN_CHI,2013,2,0.66187,5.26461,0.47695
2013_02_NO_TB,2013,2,0.44020,-1.74798,0.49671
2013_02_NYJ_NE,2013,2,0.71789,7.28200,0.45238
2013_02_PIT_CIN,2013,2,0.62322,3.96966,0.45423
2013_02_SD_PHI,2013,2,0.58236,2.65649,0.43641
2013_02_SF_SEA,2013,2,0.55686,1.85646,0.47290
2013_02_STL_ATL,2013,2,0.63800,4.45751,0.48881
2013_02_TEN_HOU,2013,2,0.73553,7.96542,0.48889
2013_02_WAS_GB,2013,2,0.69210,6.32828,0.45777
2013_03_ARI_NO,2013,3,0.65414,5.00057,0.45453
2013_03_ATL_MIA,2013,3,0.51851,0.66973,0.46115
2013_03_BUF_NYJ,2013,3,0.56905,2.23752,0.48165
2013_03_CHI_PIT,2013,3,0.43064,-2.04696,0.48876
2013_03_CLE_MIN,2013,3,0.69482,6.42656,0.47856
2013_03_DET_WAS,2013,3,0.56598,2.14143,0.51551
2013_03_GB_CIN,2013,3,0.44840,-1.49259,0.49925
2013_03_HOU_BAL,2013,3,0.60462,3.36612,0.50780
2013_03_IND_SF,2013,3,0.76966,9.37646,0.47310
2013_03_JAX_SEA,2013,3,0.92246,19.14026,0.48068
2013_03_KC_PHI,2013,3,0.59235,2.97341,0.48399
2013_03_NYG_CAR,2013,3,0.53358,1.13445,0.50549
2013_03_OAK_DEN,2013,3,0.88206,15.57196,0.48001
2013_03_SD_TEN,2013,3,0.46962,-0.83545,0.44630
2013_03_STL_DAL,2013,3,0.57031,2.27715,0.47211
2013_03_TB_NE,2013,3,0.72196,7.43746,0.48364
2013_04_ARI_TB,2013,4,0.58905,2.86845,0.48792
2013_04_BAL_BUF,2013,4,0.33801,-5.06843,0.47365
2013_04_CHI_DET,2013,4,0.45158,-1.39367,0.44081
2013_04_CIN_CLE,2013,4,0.36851,-4.04149,0.47888
2013_04_DAL_SD,2013,4,0.55061,1.66210,0.51074
2013_04_IND_JAX,2013,4,0.26126,-7.89241,0.50025
2013_04_MIA_NO,2013,4,0.61545,3.71628,0.45173
2013_04_NE_ATL,2013,4,0.54943,1.62558,0.47061
2013_04_NYG_KC,2013,4,0.63817,4.46314,0.49384
2013_04_NYJ_TEN,2013,4,0.52165,0.76650,0.45716
2013_04_PHI_DEN,2013,4,0.86944,14.67929,0.52582
2013_04_PIT_MIN,2013,4,0.54310,1.42892,0.52829
2013_04_SEA_HOU,2013,4,0.32612,-5.48053,0.43996
2013_04_SF_STL,2013,4,0.47313,-0.72698,0.50687
2013_04_WAS_OAK,2013,4,0.50116,0.13594,0.52042
2013_05_BAL_MIA,2013,5,0.49104,-0.17550,0.45773
2013_05_BUF_CLE,2013,5,0.59585,3.08526,0.48014
2013_05_CAR_ARI,2013,5,0.34980,-4.66663,0.46772
2013_05_DEN_DAL,2013,5,0.30401,-6.26872,0.49651
2013_05_DET_GB,2013,5,0.71067,7.01021,0.45463
2013_05_HOU_SF,2013,5,0.65610,5.06721,0.49487
2013_05_JAX_STL,2013,5,0.77131,9.44802,0.46885
2013_05_KC_TEN,2013,5,0.51295,0.49839,0.51409
2013_05_NE_CIN,2013,5,0.42846,-2.11552,0.48311
2013_05_NO_CHI,2013,5,0.49139,-0.16476,0.47269
2013_05_NYJ_ATL,2013,5,0.71646,7.22779,0.45678
2013_05_PHI_NYG,2013,5,0.52875,0.98551,0.50401
2013_05_SD_OAK,2013,5,0.37201,-3.92588,0.50489
2013_05_SEA_IND,2013,5,0.41689,-2.48006,0.48943
2013_06_ARI_SF,2013,6,0.73034,7.76128,0.46205
2013_06_CAR_MIN,2013,6,0.64081,4.55122,0.50466
2013_06_CIN_BUF,2013,6,0.41042,-2.68515,0.51723
2013_06_DET_CLE,2013,6,0.48825,-0.26133,0.49160
2013_06_GB_BAL,2013,6,0.51701,0.62363,0.50041
2013_06_IND_SD,2013,6,0.54634,1.52948,0.50942
2013_06_JAX_DEN,2013,6,0.95430,23.46663,0.44927
2013_06_NO_NE,2013,6,0.50115,0.13564,0.46081
2013_06_NYG_CHI,2013,6,0.78512,10.06365,0.48986
2013_06_OAK_KC,2013,6,0.70423,6.77068,0.47701
2013_06_PHI_TB,2013,6,0.61417,3.67454,0.54557
2013_06_PIT_NYJ,2013,6,0.55526,1.80666,0.51218
2013_06_STL_HOU,2013,6,0.65497,5.02854,0.44005
2013_06_TEN_SEA,2013,6,0.84090,12.90226,0.50318
2013_06_WAS_DAL,2013,6,0.64820,4.79939,0.47730
2013_07_BAL_PIT,2013,7,0.41810,-2.44190,0.43544
2013_07_BUF_MIA,2013,7,0.71663,7.23414,0.49653
2013_07_CHI_WAS,2013,7,0.42346,-2.27276,0.47162
2013_07_CIN_DET,2013,7,0.52820,0.96853,0.46905
2013_07_CLE_GB,2013,7,0.76621,9.22762,0.50144
2013_07_DAL_PHI,2013,7,0.43100,-2.03572,0.43452
2013_07_DEN_IND,2013,7,0.34439,-4.85002,0.49570
2013_07_HOU_KC,2013,7,0.71849,7.30503,0.48729
2013_07_MIN_NYG,2013,7,0.50684,0.31068,0.44774
2013_07_NE_NYJ,2013,7,0.33272,-5.25088,0.46688
2013_07_SD_JAX,2013,7,0.26654,-7.68350,0.48244
2013_07_SEA_ARI,2013,7,0.29147,-6.72982,0.46709
2013_07_SF_TEN,2013,7,0.46940,-0.84208,0.50573
2013_07_STL_CAR,2013,7,0.72973,7.73764,0.48165
2013_07_TB_ATL,2013,7,0.79276,10.41642,0.52817
2013_08_ATL_ARI,2013,8,0.45341,-1.33691,0.44628
2013_08_BUF_NO,2013,8,0.83740,12.70294,0.50617
2013_08_CAR_TB,2013,8,0.31422,-5.90090,0.49022
2013_08_CLE_KC,2013,8,0.67443,5.70019,0.47135
2013_08_DAL_DET,2013,8,0.52188,0.77354,0.46217
2013_08_GB_MIN,2013,8,0.28679,-6.90487,0.48520
2013_08_MIA_NE,2013,8,0.70778,6.90220,0.48826
2013_08_NYG_PHI,2013,8,0.60834,3.48599,0.46427
2013_08_NYJ_CIN,2013,8,0.74974,8.53686,0.50950
2013_08_PIT_OAK,2013,8,0.54911,1.61548,0.52518
2013_08_SEA_STL,2013,8,0.24156,-8.69764,0.52704
2013_08_SF_JAX,2013,8,0.11827,-15.34695,0.49075
2013_08_WAS_DEN,2013,8,0.81635,11.57086,0.48994
2013_09_ATL_CAR,2013,9,0.69719,6.51264,0.44972
2013_09_BAL_CLE,2013,9,0.34261,-4.91102,0.44555
2013_09_CHI_GB,2013,9,0.68976,6.24387,0.44708
2013_09_CIN_MIA,2013,9,0.33010,-5.34190,0.46103
2013_09_IND_HOU,2013,9,0.39091,-3.30996,0.46135
2013_09_KC_BUF,2013,9,0.44166,-1.70244,0.51209
2013_09_MIN_DAL,2013,9,0.75900,8.92133,0.47355
2013_09_NO_NYJ,2013,9,0.23829,-8.83524,0.45615
2013_09_PHI_OAK,2013,9,0.57309,2.36447,0.51772
2013_09_PIT_NE,2013,9,0.68690,6.14141,0.49064
2013_09_SD_WAS,2013,9,0.38969,-3.34925,0.44125
2013_09_TB_SEA,2013,9,0.88225,15.58551,0.48014
2013_09_TEN_STL,2013,9,0.36145,-4.27554,0.47159
2013_10_BUF_PIT,2013,10,0.58565,2.76076,0.48188
2013_10_CAR_SF,2013,10,0.71099,7.02215,0.49442
2013_10_CIN_BAL,2013,10,0.47120,-0.78678,0.46652
2013_10_DAL_NO,2013,10,0.61108,3.57458,0.46020
2013_10_DEN_SD,2013,10,0.31789,-5.77048,0.49649
2013_10_DET_CHI,2013,10,0.49717,0.01315,0.49434
2013_10_HOU_ARI,2013,10,0.64898,4.82559,0.49247
2013_10_JAX_TEN,2013,10,0.78903,10.24299,0.47178
2013_10_MIA_TB,2013,10,0.47854,-0.56047,0.48863
2013_10_OAK_NYG,2013,10,0.79052,10.31189,0.51223
2013_10_PHI_GB,2013,10,0.58318,2.68253,0.52088
2013_10_SEA_ATL,2013,10,0.36447,-4.17519,0.47755
2013_10_STL_IND,2013,10,0.74145,8.20108,0.49123
2013_10_WAS_MIN,2013,10,0.53661,1.22810,0.50642
2013_11_ARI_JAX,2013,11,0.30085,-6.38393,0.51526
2013_11_ATL_TB,2013,11,0.51982,0.71013,0.48138
2013_11_BAL_CHI,2013,11,0.60532,3.38878,0.47819
2013_11_CLE_CIN,2013,11,0.63159,4.24510,0.48670
2013_11_DET_PIT,2013,11,0.41313,-2.59897,0.48825
2013_11_GB_NYG,2013,11,0.47933,-0.53601,0.44433
2013_11_IND_TEN,2013,11,0.49414,-0.07999,0.50833
2013_11_KC_DEN,2013,11,0.72728,7.64248,0.48568
2013_11_MIN_SEA,2013,11,0.83587,12.61671,0.48045
2013_11_NE_CAR,2013,11,0.53538,1.19007,0.46630
2013_11_NYJ_BUF,2013,11,0.51068,0.42853,0.49847
2013_11_OAK_HOU,2013,11,0.74865,8.49255,0.46434
2013_11_SD_MIA,2013,11,0.52859,0.98045,0.51888
2013_11_SF_NO,2013,11,0.64328,4.63386,0.49554
2013_11_WAS_PHI,2013,11,0.64222,4.59848,0.48524
2013_12_CAR_MIA,2013,12,0.34276,-4.90587,0.48023
2013_12_CHI_STL,2013,12,0.48361,-0.40405,0.47032
2013_12_DAL_NYG,2013,12,0.40500,-2.85788,0.44608
2013_12_DEN_NE,2013,12,0.49591,-0.02564,0.47407
2013_12_IND_ARI,2013,12,0.60104,3.25117,0.48179
2013_12_JAX_HOU,2013,12,0.78499,10.05746,0.47986
2013_12_MIN_GB,2013,12,0.64612,4.72937,0.47164
2013_12_NO_ATL,2013,12,0.25698,-8.06361,0.47866
2013_12_NYJ_BAL,2013,12,0.77638,9.67113,0.54059
2013_12_PIT_CLE,2013,12,0.49225,-0.13830,0.45810
2013_12_SD_KC,2013,12,0.56583,2.13671,0.47072
2013_12_SF_WAS,2013,12,0.36905,-4.02366,0.49894
2013_12_TB_DET,2013,12,0.68532,6.08511,0.47517
2013_12_TEN_OAK,2013,12,0.45337,-1.33827,0.49581
2013_13_ARI_PHI,2013,13,0.65265,4.94970,0.49868
2013_13_ATL_BUF,2013,13,0.58681,2.79757,0.46241
2013_13_CHI_MIN,2013,13,0.39177,-3.28220,0.42724
2013_13_CIN_SD,2013,13,0.49434,-0.07389,0.50839
2013_13_DEN_KC,2013,13,0.35560,-4.47133,0.48952
2013_13_GB_DET,2013,13,0.62473,4.01918,0.45472
2013_13_JAX_CLE,2013,13,0.72257,7.46084,0.48387
2013_13_MIA_NYJ,2013,13,0.36483,-4.16328,0.45292
2013_13_NE_HOU,2013,13,0.29260,-6.68793,0.48736
2013_13_NO_SEA,2013,13,0.72389,7.51155,0.49432
2013_13_NYG_WAS,2013,13,0.51925,0.69250,0.48120
2013_13_OAK_DAL,2013,13,0.79252,10.40524,0.48829
2013_13_PIT_BAL,2013,13,0.58658,2.79012,0.48217
2013_13_STL_SF,2013,13,0.77948,9.80897,0.50723
2013_13_TB_CAR,2013,13,0.77126,9.44604,0.50362
2013_13_TEN_IND,2013,13,0.52743,0.94467,0.45892
2013_14_ATL_GB,2013,14,0.54109,1.36687,0.46310
2013_14_BUF_TB,2013,14,0.57437,2.40472,0.47834
2013_14_CAR_NO,2013,14,0.48987,-0.21158,0.45244
2013_14_CLE_NE,2013,14,0.82292,11.91285,0.50826
2013_14_DAL_CHI,2013,14,0.61209,3.60719,0.50025
2013_14_DET_PHI,2013,14,0.55123,1.68140,0.47613
2013_14_HOU_JAX,2013,14,0.39727,-3.10530,0.48321
2013_14_IND_CIN,2013,14,0.71137,7.03630,0.48462
2013_14_KC_WAS,2013,14,0.44397,-1.63042,0.50286
2013_14_MIA_PIT,2013,14,0.57903,2.55140,0.47980
2013_14_MIN_BAL,2013,14,0.71711,7.25258,0.49672
2013_14_NYG_SD,2013,14,0.70878,6.93953,0.50853
2013_14_OAK_NYJ,2013,14,0.53253,1.10220,0.46543
2013_14_SEA_SF,2013,14,0.47466,-0.68000,0.45275
2013_14_STL_ARI,2013,14,0.65308,4.96441,0.49385
2013_14_TEN_DEN,2013,14,0.82618,12.08616,0.47518
2013_15_ARI_TEN,2013,15,0.41140,-2.65404,0.48770
2013_15_BAL_DET,2013,15,0.55583,1.82463,0.45773
2013_15_BUF_JAX,2013,15,0.41708,-2.47400,0.49944
2013_15_CHI_CLE,2013,15,0.44943,-1.46072,0.45986
2013_15_CIN_PIT,2013,15,0.41367,-2.58197,0.47848
2013_15_GB_DAL,2013,15,0.67612,5.75952,0.50176
2013_15_HOU_IND,2013,15,0.65435,5.00756,0.47440
2013_15_KC_OAK,2013,15,0.35247,-4.57661,0.50339
2013_15_NE_MIA,2013,15,0.47309,-0.72822,0.45228
2013_15_NO_STL,2013,15,0.33315,-5.23608,0.49683
2013_15_NYJ_CAR,2013,15,0.87605,15.13696,0.53531
2013_15_PHI_MIN,2013,15,0.44834,-1.49449,0.53401
2013_15_SD_DEN,2013,15,0.74282,8.25606,0.46695
2013_15_SEA_NYG,2013,15,0.22511,-9.40462,0.48521
2013_15_SF_TB,2013,15,0.31871,-5.74135,0.47193
2013_15_WAS_ATL,2013,15,0.70197,6.68737,0.49607
2013_16_ARI_SEA,2013,16,0.76769,9.29135,0.49710
2013_16_ATL_SF,2013,16,0.86942,14.67784,0.47609
2013_16_CHI_PHI,2013,16,0.54248,1.40976,0.47343
2013_16_CLE_NYJ,2013,16,0.44855,-1.48802,0.44480
2013_16_DAL_WAS,2013,16,0.40386,-2.89408,0.48531
2013_16_DEN_HOU,2013,16,0.21524,-9.84670,0.47585
2013_16_IND_KC,2013,16,0.68914,6.22161,0.47156
2013_16_MIA_BUF,2013,16,0.40412,-2.88569,0.44580
2013_16_MIN_CIN,2013,16,0.72068,7.38850,0.48315
2013_16_NE_BAL,2013,16,0.43311,-1.96956,0.47463
2013_16_NO_CAR,2013,16,0.58946,2.88149,0.47811
2013_16_NYG_DET,2013,16,0.69639,6.48343,0.45437
2013_16_OAK_SD,2013,16,0.83363,12.49180,0.50905
2013_16_PIT_GB,2013,16,0.48182,-0.45923,0.48964
2013_16_TB_STL,2013,16,0.65936,5.17853,0.50096
2013_16_TEN_JAX,2013,16,0.32724,-5.44162,0.46995
2013_17_BAL_CIN,2013,17,0.75877,8.91148,0.50825
2013_17_BUF_NE,2013,17,0.78212,9.92763,0.50841
2013_17_CAR_ATL,2013,17,0.30731,-6.14919,0.47781
2013_17_CLE_PIT,2013,17,0.70291,6.72193,0.45672
2013_17_DEN_OAK,2013,17,0.14265,-13.69012,0.44773
2013_17_DET_MIN,2013,17,0.46299,-1.04016,0.49878
2013_17_GB_CHI,2013,17,0.41019,-2.69231,0.48732
2013_17_HOU_TEN,2013,17,0.69235,6.33703,0.47767
2013_17_JAX_IND,2013,17,0.81560,11.53246,0.48955
2013_17_KC_SD,2013,17,0.70761,6.89603,0.40001
2013_17_NYJ_MIA,2013,17,0.71255,7.08055,0.48009
2013_17_PHI_DAL,2013,17,0.42118,-2.34465,0.53549
2013_17_SF_ARI,2013,17,0.42171,-2.32767,0.43167
2013_17_STL_SEA,2013,17,0.82186,11.85698,0.47291
2013_17_TB_NO,2013,17,0.77940,9.80519,0.47239
2013_17_WAS_NYG,2013,17,0.62552,4.04497,0.48968
2013_18_KC_IND,2013,18,0.54403,1.45776,0.51865
2013_18_NO_PHI,2013,18,0.45364,-1.32997,0.44144
2013_18_SD_CIN,2013,18,0.70512,6.80362,0.48728
2013_18_SF_GB,2013,18,0.47203,-0.76115,0.50653
2013_19_IND_NE,2013,19,0.73648,8.00268,0.48926
2013_19_NO_SEA,2013,19,0.73645,8.00182,0.46443
2013_19_SD_DEN,2013,19,0.79082,10.32590,0.50740
2013_19_SF_CAR,2013,19,0.56478,2.10384,0.50519
2013_20_NE_DEN,2013,20,0.67521,5.72736,0.49149
2013_20_SF_SEA,2013,20,0.53856,1.28843,0.45738
2013_21_SEA_DEN,2013,21,0.53168,1.07579,0.48004
2014_01_BUF_CHI,2014,1,0.61778,3.67371,0.45689
2014_01_CAR_TB,2014,1,0.59938,3.08858,0.46572
2014_01_CIN_BAL,2014,1,0.41990,-2.40859,0.45610
2014_01_CLE_PIT,2014,1,0.66216,5.13325,0.48552
2014_01_GB_SEA,2014,1,0.72544,7.39448,0.51717
2014_01_IND_DEN,2014,1,0.67703,5.64210,0.46623
2014_01_JAX_PHI,2014,1,0.77098,9.22867,0.48160
2014_01_MIN_STL,2014,1,0.66436,5.20771,0.51051
2014_01_NE_MIA,2014,1,0.45994,-1.17736,0.51163
2014_01_NO_ATL,2014,1,0.38014,-3.66360,0.48264
2014_01_NYG_DET,2014,1,0.59475,2.94310,0.45467
2014_01_OAK_NYJ,2014,1,0.73668,7.82739,0.50196
2014_01_SD_ARI,2014,1,0.62721,3.97748,0.49857
2014_01_SF_DAL,2014,1,0.39543,-3.17591,0.49222
2014_01_TEN_KC,2014,1,0.68334,5.86173,0.51685
2014_01_WAS_HOU,2014,1,0.63913,4.36583,0.50234
2014_02_ARI_NYG,2014,2,0.43505,-1.93997,0.46061
2014_02_ATL_CIN,2014,2,0.69401,6.23855,0.49625
2014_02_CHI_SF,2014,2,0.80001,10.53476,0.52338
2014_02_DAL_TEN,2014,2,0.64775,4.65037,0.50510
2014_02_DET_CAR,2014,2,0.62833,4.01359,0.51833
2014_02_HOU_OAK,2014,2,0.44075,-1.76458,0.50107
2014_02_JAX_WAS,2014,2,0.63757,4.31473,0.48243
2014_02_KC_DEN,2014,2,0.72267,7.28948,0.43402
2014_02_MIA_BUF,2014,2,0.54535,1.41542,0.49311
2014_02_NE_MIN,2014,2,0.55729,1.78106,0.54026
2014_02_NO_CLE,2014,2,0.38210,-3.60074,0.49781
2014_02_NYJ_GB,2014,2,0.65632,4.93653,0.46908
2014_02_PHI_IND,2014,2,0.56837,2.12187,0.48056
2014_02_PIT_BAL,2014,2,0.50088,0.06486,0.46549
2014_02_SEA_SD,2014,2,0.35911,-4.34700,0.49056
2014_02_STL_TB,2014,2,0.66874,5.35703,0.50225
2014_03_BAL_CLE,2014,3,0.47843,-0.61541,0.50252
2014_03_CHI_NYJ,2014,3,0.48308,-0.47441,0.46994
2014_03_DAL_STL,2014,3,0.50916,0.31587,0.50671
2014_03_DEN_SEA,2014,3,0.66564,5.25127,0.50123
2014_03_GB_DET,2014,3,0.56752,2.09566,0.49486
2014_03_HOU_NYG,2014,3,0.43867,-1.82852,0.46169
2014_03_IND_JAX,2014,3,0.27150,-7.43475,0.47517
2014_03_KC_MIA,2014,3,0.56918,2.14696,0.45182
2014_03_MIN_NO,2014,3,0.73413,7.72837,0.46707
2014_03_OAK_NE,2014,3,0.86214,13.91741,0.48828
2014_03_PIT_CAR,2014,3,0.75383,8.51173,0.54249
2014_03_SD_BUF,2014,3,0.55692,1.76976,0.48199
2014_03_SF_ARI,2014,3,0.48193,-0.50916,0.51326
2014_03_TB_ATL,2014,3,0.52675,0.84935,0.43459
2014_03_TEN_CIN,2014,3,0.75734,8.65566,0.51000
2014_03_WAS_PHI,2014,3,0.72389,7.33593,0.52145
2014_04_ATL_MIN,2014,4,0.44452,-1.64892,0.52644
2014_04_BUF_HOU,2014,4,0.57068,2.19338,0.48125
2014_04_CAR_BAL,2014,4,0.51119,0.37732,0.45885
2014_04_DET_NYJ,2014,4,0.43727,-1.87149,0.45164
2014_04_GB_CHI,2014,4,0.62464,3.89421,0.54617
2014_04_JAX_SD,2014,4,0.91781,18.30782,0.54052
2014_04_MIA_OAK,2014,4,0.38368,-3.55018,0.49344
2014_04_NE_KC,2014,4,0.52638,0.83812,0.52632
2014_04_NO_DAL,2014,4,0.49249,-0.18910,0.51636
2014_04_NYG_WAS,2014,4,0.59112,2.82896,0.48742
2014_04_PHI_SF,2014,4,0.68940,6.07494,0.51407
2014_04_TB_PIT,2014,4,0.79109,10.11957,0.51451
2014_04_TEN_IND,2014,4,0.75872,8.71230,0.50085
2014_05_ARI_DEN,2014,5,0.57988,2.47825,0.43582
2014_05_ATL_NYG,2014,5,0.58147,2.52770,0.47480
2014_05_BAL_IND,2014,5,0.58623,2.67626,0.49079
2014_05_BUF_DET,2014,5,0.65599,4.92535,0.49321
2014_05_CHI_CAR,2014,5,0.62105,3.77847,0.51120
2014_05_CIN_NE,2014,5,0.33256,-5.23599,0.46258
2014_05_CLE_TEN,2014,5,0.40906,-2.74689,0.47214
2014_05_HOU_DAL,2014,5,0.69162,6.15381,0.50028
2014_05_KC_SF,2014,5,0.60587,3.29384,0.48223
2014_05_MIN_GB,2014,5,0.67146,5.45021,0.45955
2014_05_NYJ_SD,2014,5,0.83318,12.21527,0.53963
2014_05_PIT_JAX,2014,5,0.25220,-8.19098,0.46785
2014_05_SEA_WAS,2014,5,0.19708,-10.59627,0.45429
2014_05_STL_PHI,2014,5,0.58745,2.71432,0.48146
2014_05_TB_NO,2014,5,0.79213,10.16707,0.48100
2014_06_BAL_TB,2014,6,0.34236,-4.90404,0.47546
2014_06_CAR_CIN,2014,6,0.67252,5.48673,0.47441
2014_06_CHI_ATL,2014,6,0.58273,2.56696,0.48003
2014_06_DAL_SEA,2014,6,0.73897,7.91699,0.46889
2014_06_DEN_NYJ,2014,6,0.25024,-8.26991,0.50587
2014_06_DET_MIN,2014,6,0.49446,-0.12930,0.47813
2014_06_GB_MIA,2014,6,0.49894,0.00620,0.50370
2014_06_IND_HOU,2014,6,0.39589,-3.16134,0.48266
2014_06_JAX_TEN,2014,6,0.76260,8.87380,0.53633
2014_06_NE_BUF,2014,6,0.48080,-0.54333,0.47412
2014_06_NYG_PHI,2014,6,0.53966,1.24190,0.49143
2014_06_PIT_CLE,2014,6,0.54095,1.28145,0.47726
2014_06_SD_OAK,2014,6,0.21612,-9.71671,0.46277
2014_06_SF_STL,2014,6,0.42848,-2.14246,0.50226
2014_06_WAS_ARI,2014,6,0.80681,10.86066,0.54585
2014_07_ARI_OAK,2014,7,0.28514,-6.92053,0.45598
2014_07_ATL_BAL,2014,7,0.77650,9.46724,0.51303
2014_07_CAR_GB,2014,7,0.65715,4.96436,0.47419
2014_07_CIN_IND,2014,7,0.57600,2.35808,0.48285
2014_07_CLE_JAX,2014,7,0.26721,-7.59969,0.45426
2014_07_HOU_PIT,2014,7,0.56146,1.90912,0.47850
2014_07_KC_SD,2014,7,0.61421,3.55940,0.49451
2014_07_MIA_CHI,2014,7,0.64556,4.57772,0.50439
2014_07_MIN_BUF,2014,7,0.70202,6.52655,0.48448
2014_07_NO_DET,2014,7,0.54306,1.34560,0.48758
2014_07_NYG_DAL,2014,7,0.73341,7.70038,0.51529
2014_07_NYJ_NE,2014,7,0.84198,12.70527,0.52019
2014_07_SEA_STL,2014,7,0.30547,-6.18067,0.49703
2014_07_SF_DEN,2014,7,0.61335,3.53168,0.45552
2014_07_TEN_WAS,2014,7,0.57275,2.25717,0.45288
2014_08_BAL_CIN,2014,8,0.39904,-3.06170,0.48363
2014_08_BUF_NYJ,2014,8,0.42898,-2.12713,0.43959
2014_08_CHI_NE,2014,8,0.73435,7.73695,0.51079
2014_08_DET_ATL,2014,8,0.33240,-5.24155,0.47220
2014_08_GB_NO,2014,8,0.42418,-2.27562,0.44776
2014_08_HOU_TEN,2014,8,0.45773,-1.24477,0.51097
2014_08_IND_PIT,2014,8,0.32546,-5.47935,0.48443
2014_08_MIA_JAX,2014,8,0.23445,-8.92108,0.47046
2014_08_MIN_TB,2014,8,0.55582,1.73595,0.49622
2014_08_OAK_CLE,2014,8,0.71825,7.12358,0.49513
2014_08_PHI_ARI,2014,8,0.59212,2.86047,0.50714
2014_08_SD_DEN,2014,8,0.67162,5.45582,0.45479
2014_08_SEA_CAR,2014,8,0.38796,-3.41328,0.51419
2014_08_STL_KC,2014,8,0.76276,8.88038,0.50248
2014_08_WAS_DAL,2014,8,0.84598,12.93518,0.52241
2014_09_ARI_DAL,2014,9,0.41552,-2.54495,0.44997
2014_09_BAL_PIT,2014,9,0.44618,-1.59782,0.44946
2014_09_DEN_NE,2014,9,0.53658,1.14822,0.52932
2014_09_IND_NYG,2014,9,0.48954,-0.27837,0.51550
2014_09_JAX_CIN,2014,9,0.85875,13.70409,0.52502
2014_09_NO_CAR,2014,9,0.46719,-0.95678,0.50891
2014_09_NYJ_KC,2014,9,0.85234,13.31111,0.52606
2014_09_OAK_SEA,2014,9,0.87058,14.46955,0.49849
2014_09_PHI_HOU,2014,9,0.49710,-0.04947,0.50316
2014_09_SD_MIA,2014,9,0.48891,-0.29754,0.45717
2014_09_STL_SF,2014,9,0.84354,12.79455,0.51135
2014_09_TB_CLE,2014,9,0.74695,8.23342,0.50105
2014_09_WAS_MIN,2014,9,0.58362,2.59489,0.52396
2014_10_ATL_TB,2014,10,0.40077,-3.00710,0.49386
2014_10_CAR_PHI,2014,10,0.63515,4.23564,0.46231
2014_10_CHI_GB,2014,10,0.75088,8.39156,0.47833
2014_10_CLE_CIN,2014,10,0.67913,5.71496,0.48146
2014_10_DAL_JAX,2014,10,0.16026,-12.50164,0.44079
2014_10_DEN_OAK,2014,10,0.19446,-10.72226,0.51119
2014_10_KC_BUF,2014,10,0.49224,-0.19674,0.46779
2014_10_MIA_DET,2014,10,0.55613,1.74540,0.47691
2014_10_NYG_SEA,2014,10,0.78313,9.75969,0.49645
2014_10_PIT_NYJ,2014,10,0.30400,-6.23320,0.47228
2014_10_SF_NO,2014,10,0.65275,4.81677,0.47760
2014_10_STL_ARI,2014,10,0.80722,10.88044,0.52673
2014_10_TEN_BAL,2014,10,0.76549,8.99527,0.47449
2014_11_ATL_CAR,2014,11,0.52315,0.73980,0.52052
2014_11_BUF_MIA,2014,11,0.67499,5.57182,0.50434
2014_11_CIN_NO,2014,11,0.71586,7.03410,0.47487
2014_11_DEN_STL,2014,11,0.19063,-10.90878,0.46091
2014_11_DET_ARI,2014,11,0.64051,4.41132,0.54152
2014_11_HOU_CLE,2014,11,0.60556,3.28387,0.47728
2014_11_MIN_CHI,2014,11,0.43659,-1.89244,0.44663
2014_11_NE_IND,2014,11,0.49674,-0.06039,0.45945
2014_11_OAK_SD,2014,11,0.85480,13.46036,0.51781
2014_11_PHI_GB,2014,11,0.73204,7.64740,0.51962
2014_11_PIT_TEN,2014,11,0.32025,-5.65990,0.50209
2014_11_SEA_KC,2014,11,0.58208,2.54683,0.52350
2014_11_SF_NYG,2014,11,0.49742,-0.03978,0.52750
2014_11_TB_WAS,2014,11,0.73610,7.80476,0.50174
2014_12_ARI_SEA,2014,12,0.66142,5.10832,0.46591
2014_12_BAL_NO,2014,12,0.46786,-0.93623,0.45583
2014_12_CIN_HOU,2014,12,0.50928,0.31938,0.46312
2014_12_CLE_ATL,2014,12,0.58362,2.59473,0.48515
2014_12_DAL_NYG,2014,12,0.32694,-5.42860,0.47523
2014_12_DET_NE,2014,12,0.79781,10.43092,0.51753
2014_12_GB_MIN,2014,12,0.22143,-9.48114,0.46988
2014_12_JAX_IND,2014,12,0.85779,13.64433,0.49533
2014_12_KC_OAK,2014,12,0.21080,-9.95656,0.46528
2014_12_MIA_DEN,2014,12,0.67237,5.48161,0.47920
2014_12_NYJ_BUF,2014,12,0.57974,2.47409,0.48883
2014_12_STL_SD,2014,12,0.72863,7.51637,0.52320
2014_12_TB_CHI,2014,12,0.61769,3.67079,0.48588
2014_12_TEN_PHI,2014,12,0.72228,7.27481,0.45305
2014_12_WAS_SF,2014,12,0.81569,11.29966,0.51140
2014_13_ARI_ATL,2014,13,0.44932,-1.50180,0.48906
2014_13_CAR_MIN,2014,13,0.55297,1.64848,0.48082
2014_13_CHI_DET,2014,13,0.67828,5.68556,0.47149
2014_13_CIN_TB,2014,13,0.38652,-3.45925,0.51374
2014_13_CLE_BUF,2014,13,0.69564,6.29672,0.52107
2014_13_DEN_KC,2014,13,0.49905,0.00969,0.47947
2014_13_MIA_NYJ,2014,13,0.23417,-8.93306,0.46551
2014_13_NE_GB,2014,13,0.53199,1.00849,0.46978
2014_13_NO_PIT,2014,13,0.64142,4.44140,0.49822
2014_13_NYG_JAX,2014,13,0.32445,-5.51434,0.46472
2014_13_OAK_STL,2014,13,0.68286,5.84504,0.48272
2014_13_PHI_DAL,2014,13,0.66022,5.06768,0.50915
2014_13_SD_BAL,2014,13,0.71969,7.17748,0.49565
2014_13_SEA_SF,2014,13,0.45234,-1.40944,0.46574
2014_13_TEN_HOU,2014,13,0.72664,7.44026,0.49335
2014_13_WAS_IND,2014,13,0.79652,10.37076,0.51694
2014_14_ATL_GB,2014,14,0.84141,12.67266,0.48105
2014_14_BAL_MIA,2014,14,0.56336,1.96745,0.47906
2014_14_BUF_DEN,2014,14,0.73467,7.74917,0.47695
2014_14_CAR_NO,2014,14,0.76462,8.95878,0.49353
2014_14_DAL_CHI,2014,14,0.41740,-2.48640,0.49892
2014_14_HOU_JAX,2014,14,0.22590,-9.28622,0.46210
2014_14_IND_CLE,2014,14,0.32313,-5.56009,0.46428
2014_14_KC_ARI,2014,14,0.55298,1.64896,0.52933
2014_14_NE_SD,2014,14,0.36410,-4.18344,0.48730
2014_14_NYG_TEN,2014,14,0.47430,-0.74066,0.51101
2014_14_NYJ_MIN,2014,14,0.74653,8.21653,0.52514
2014_14_PIT_CIN,2014,14,0.54507,1.40687,0.47363
2014_14_SEA_PHI,2014,14,0.49765,-0.03282,0.50332
2014_14_SF_OAK,2014,14,0.24848,-8.34103,0.48577
2014_14_STL_WAS,2014,14,0.45262,-1.40081,0.49975
2014_14_TB_DET,2014,14,0.76570,9.00396,0.47457
2014_15_ARI_STL,2014,15,0.54156,1.30001,0.44368
2014_15_CIN_CLE,2014,15,0.44631,-1.59384,0.44950
2014_15_DAL_PHI,2014,15,0.59689,3.01031,0.48433
2014_15_DEN_SD,2014,15,0.40855,-2.76273,0.50109
2014_15_GB_BUF,2014,15,0.36161,-4.26496,0.48166
2014_15_HOU_IND,2014,15,0.63701,4.29657,0.46290
2014_15_JAX_BAL,2014,15,0.91341,17.87594,0.52668
2014_15_MIA_NE,2014,15,0.78538,9.86052,0.49258
2014_15_MIN_DET,2014,15,0.66395,5.19405,0.46191
2014_15_NO_CHI,2014,15,0.47213,-0.80668,0.51037
2014_15_NYJ_TEN,2014,15,0.57507,2.32905,0.54554
2014_15_OAK_KC,2014,15,0.84566,12.91677,0.50769
2014_15_PIT_ATL,2014,15,0.48363,-0.45750,0.51376
2014_15_SF_SEA,2014,15,0.79131,10.12945,0.49033
2014_15_TB_CAR,2014,15,0.69360,6.22423,0.51552
2014_15_WAS_NYG,2014,15,0.71448,6.98308,0.48891
2014_16_ATL_NO,2014,16,0.62615,3.94293,0.46914
2014_16_BAL_HOU,2014,16,0.34821,-4.70812,0.50162
2014_16_BUF_OAK,2014,16,0.28860,-6.79222,0.49109
2014_16_CLE_CAR,2014,16,0.70992,6.81472,0.49699
2014_16_DEN_CIN,2014,16,0.38569,-3.48578,0.48922
2014_16_DET_CHI,2014,16,0.30339,-6.25473,0.52542
2014_16_GB_TB,2014,16,0.20511,-10.21823,0.50152
2014_16_IND_DAL,2014,16,0.58090,2.51023,0.47948
2014_16_KC_PIT,2014,16,0.56198,1.92522,0.48350
2014_16_MIN_MIA,2014,16,0.66552,5.24742,0.49633
2014_16_NE_NYJ,2014,16,0.12635,-14.60120,0.44463
2014_16_NYG_STL,2014,16,0.60724,3.33722,0.45365
2014_16_PHI_WAS,2014,16,0.26882,-7.53751,0.48386
2014_16_SD_SF,2014,16,0.55101,1.58861,0.48509
2014_16_SEA_ARI,2014,16,0.33886,-5.02214,0.53251
2014_16_TEN_JAX,2014,16,0.48222,-0.50040,0.44560
2014_17_ARI_SF,2014,17,0.62550,3.92216,0.46894
2014_17_BUF_NE,2014,17,0.65084,4.75306,0.49153
2014_17_CAR_ATL,2014,17,0.62234,3.82004,0.50189
2014_17_CHI_MIN,2014,17,0.70687,6.70263,0.48619
2014_17_CIN_PIT,2014,17,0.62389,3.87019,0.49753
2014_17_CLE_BAL,2014,17,0.77043,9.20500,0.44277
2014_17_DAL_WAS,2014,17,0.23898,-8.73129,0.46263
2014_17_DET_GB,2014,17,0.71946,7.16866,0.47133
2014_17_IND_TEN,2014,17,0.30976,-6.02786,0.50337
2014_17_JAX_HOU,2014,17,0.78292,9.75043,0.50122
2014_17_NO_TB,2014,17,0.33714,-5.08016,0.49801
2014_17_NYJ_MIA,2014,17,0.79063,10.09851,0.51915
2014_17_OAK_DEN,2014,17,0.89143,15.97887,0.48402
2014_17_PHI_NYG,2014,17,0.47955,-0.58144,0.49314
2014_17_SD_KC,2014,17,0.57877,2.44401,0.48368
2014_17_STL_SEA,2014,17,0.85062,13.20824,0.51051
2014_18_ARI_CAR,2014,18,0.62288,3.83737,0.47296
2014_18_BAL_PIT,2014,18,0.56002,1.86477,0.47807
2014_18_CIN_IND,2014,18,0.58479,2.63117,0.48065
2014_18_DET_DAL,2014,18,0.70957,6.80185,0.49686
2014_19_BAL_NE,2014,19,0.77138,9.24574,0.51088
2014_19_CAR_SEA,2014,19,0.86810,14.30474,0.49689
2014_19_DAL_GB,2014,19,0.70717,6.71384,0.50086
2014_19_IND_DEN,2014,19,0.73039,7.58366,0.47050
2014_20_GB_SEA,2014,20,0.65702,4.95999,0.45483
2014_20_IND_NE,2014,20,0.72622,7.42420,0.49320
2014_21_NE_SEA,2014,21,0.46412,-1.05007,0.48859
2015_01_BAL_DEN,2015,1,0.57924,2.45609,0.47067
2015_01_CAR_JAX,2015,1,0.38662,-3.26685,0.48627
2015_01_CIN_OAK,2015,1,0.42171,-2.19875,0.49566
2015_01_CLE_NYJ,2015,1,0.61986,3.69607,0.49034
2015_01_DET_SD,2015,1,0.54103,1.31927,0.46948
2015_01_GB_CHI,2015,1,0.35116,-4.38321,0.49843
2015_01_IND_BUF,2015,1,0.55579,1.75587,0.51284
2015_01_KC_HOU,2015,1,0.46781,-0.83037,0.49010
2015_01_MIA_WAS,2015,1,0.40761,-2.62451,0.50071
2015_01_MIN_SF,2015,1,0.59560,2.95041,0.53647
2015_01_NO_ARI,2015,1,0.68936,5.95375,0.52336
2015_01_NYG_DAL,2015,1,0.67569,5.49162,0.47537
2015_01_PHI_ATL,2015,1,0.46258,-0.98427,0.51073
2015_01_PIT_NE,2015,1,0.75775,8.46841,0.49713
2015_01_SEA_STL,2015,1,0.44759,-1.42713,0.50684
2015_01_TEN_TB,2015,1,0.59532,2.94188,0.48810
2015_02_ARI_CHI,2015,2,0.37477,-3.63511,0.47426
2015_02_ATL_NYG,2015,2,0.65563,4.83111,0.51350
2015_02_BAL_OAK,2015,2,0.34046,-4.72981,0.49978
2015_02_DAL_PHI,2015,2,0.57533,2.33846,0.44782
2015_02_DEN_KC,2015,2,0.60031,3.09398,0.48944
2015_02_DET_MIN,2015,2,0.46308,-0.96947,0.45821
2015_02_HOU_CAR,2015,2,0.64420,4.46304,0.50148
2015_02_MIA_JAX,2015,2,0.31783,-5.48058,0.48439
2015_02_NE_BUF,2015,2,0.41187,-2.49547,0.44926
2015_02_NYJ_IND,2015,2,0.56132,1.92031,0.45288
2015_02_SD_CIN,2015,2,0.67242,5.38241,0.50516
2015_02_SEA_GB,2015,2,0.57697,2.38769,0.47884
2015_02_SF_PIT,2015,2,0.60530,3.24679,0.46446
2015_02_STL_WAS,2015,2,0.37543,-3.61421,0.48322
2015_02_TB_NO,2015,2,0.78419,9.56633,0.48920
2015_02_TEN_CLE,2015,2,0.44117,-1.61754,0.46565
2015_03_ATL_DAL,2015,3,0.55613,1.76594,0.49535
2015_03_BUF_MIA,2015,3,0.53893,1.25747,0.49088
2015_03_CHI_SEA,2015,3,0.85711,13.23814,0.46002
2015_03_CIN_BAL,2015,3,0.53408,1.11444,0.47645
2015_03_DEN_DET,2015,3,0.49818,0.06092,0.51552
2015_03_IND_TEN,2015,3,0.51205,0.46761,0.51909
2015_03_JAX_NE,2015,3,0.89050,15.46802,0.49712
2015_03_KC_GB,2015,3,0.67306,5.40379,0.49656
2015_03_NO_CAR,2015,3,0.75471,8.34747,0.47411
2015_03_OAK_CLE,2015,3,0.69084,6.00449,0.51063
2015_03_PHI_NYJ,2015,3,0.62568,3.87769,0.49633
2015_03_PIT_STL,2015,3,0.38631,-3.27627,0.44682
2015_03_SD_MIN,2015,3,0.55275,1.66581,0.48129
2015_03_SF_ARI,2015,3,0.72016,7.03880,0.48896
2015_03_TB_HOU,2015,3,0.73070,7.42672,0.50116
2015_03_WAS_NYG,2015,3,0.65636,4.85480,0.50492
2015_04_BAL_PIT,2015,4,0.47171,-0.71564,0.50870
2015_04_CAR_TB,2015,4,0.29923,-6.11958,0.46126
2015_04_CLE_SD,2015,4,0.64463,4.47685,0.48841
2015_04_DAL_NO,2015,4,0.52110,0.73303,0.46872
2015_04_DET_SEA,2015,4,0.79336,9.96920,0.48834
2015_04_GB_SF,2015,4,0.32402,-5.27258,0.50820
2015_04_HOU_ATL,2015,4,0.66165,5.02717,0.49764
2015_04_JAX_IND,2015,4,0.69877,6.27857,0.50865
2015_04_KC_CIN,2015,4,0.65263,4.73404,0.49946
2015_04_MIN_DEN,2015,4,0.72340,7.15719,0.49000
2015_04_NYG_BUF,2015,4,0.70469,6.48567,0.49288
2015_04_NYJ_MIA,2015,4,0.38067,-3.45097,0.48026
2015_04_OAK_CHI,2015,4,0.53674,1.19283,0.52546
2015_04_PHI_WAS,2015,4,0.42613,-2.06618,0.49682
2015_04_STL_ARI,2015,4,0.84337,12.44728,0.53644
2015_05_ARI_DET,2015,5,0.35044,-4.40645,0.48944
2015_05_BUF_TEN,2015,5,0.41221,-2.48501,0.45807
2015_05_CHI_KC,2015,5,0.72812,7.33066,0.46520
2015_05_CLE_BAL,2015,5,0.66187,5.03457,0.48013
2015_05_DEN_OAK,2015,5,0.33851,-4.79332,0.49043
2015_05_IND_HOU,2015,5,0.53746,1.21408,0.45981
2015_05_JAX_TB,2015,5,0.46623,-0.87663,0.47214
2015_05_NE_DAL,2015,5,0.23664,-8.46550,0.48452
2015_05_NO_PHI,2015,5,0.68665,5.86133,0.48300
2015_05_PIT_SD,2015,5,0.63730,4.24344,0.49075
2015_05_SEA_CIN,2015,5,0.61747,3.62199,0.49408
2015_05_SF_NYG,2015,5,0.79299,9.95304,0.51018
2015_05_STL_GB,2015,5,0.75944,8.53581,0.48893
2015_05_WAS_ATL,2015,5,0.72078,7.06138,0.48476
2015_06_ARI_PIT,2015,6,0.30338,-5.97518,0.48444
2015_06_ATL_NO,2015,6,0.38769,-3.23358,0.48656
2015_06_BAL_SF,2015,6,0.50972,0.39912,0.51410
2015_06_CAR_SEA,2015,6,0.65483,4.80518,0.46935
2015_06_CHI_DET,2015,6,0.61217,3.45796,0.48824
2015_06_CIN_BUF,2015,6,0.44077,-1.62940,0.50066
2015_06_DEN_CLE,2015,6,0.44995,-1.35708,0.50745
2015_06_HOU_JAX,2015,6,0.53002,0.99511,0.47540
2015_06_KC_MIN,2015,6,0.63176,4.06852,0.49361
2015_06_MIA_TEN,2015,6,0.55644,1.77520,0.48225
2015_06_NE_IND,2015,6,0.22040,-9.14052,0.47860
2015_06_NYG_PHI,2015,6,0.56385,1.99555,0.47540
2015_06_SD_GB,2015,6,0.79132,9.87848,0.48315
2015_06_WAS_NYJ,2015,6,0.74978,8.15362,0.49436
2015_07_ATL_TEN,2015,7,0.28989,-6.44874,0.48028
2015_07_BAL_ARI,2015,7,0.79047,9.84095,0.48722
2015_07_BUF_JAX,2015,7,0.25558,-7.71734,0.45168
2015_07_CLE_STL,2015,7,0.64828,4.59376,0.47188
2015_07_DAL_NYG,2015,7,0.62429,3.83424,0.49595
2015_07_HOU_MIA,2015,7,0.58046,2.49273,0.47100
2015_07_MIN_DET,2015,7,0.50852,0.36397,0.48303
2015_07_NO_IND,2015,7,0.61476,3.53811,0.47139
2015_07_NYJ_NE,2015,7,0.76913,8.92987,0.50558
2015_07_OAK_SD,2015,7,0.64415,4.46157,0.49707
2015_07_PHI_CAR,2015,7,0.53547,1.15533,0.47242
2015_07_PIT_KC,2015,7,0.53951,1.27438,0.46471
2015_07_SEA_SF,2015,7,0.37801,-3.53385,0.51469
2015_07_TB_WAS,2015,7,0.63541,4.18364,0.49902
2015_08_ARI_CLE,2015,8,0.27105,-7.13273,0.48745
2015_08_CIN_PIT,2015,8,0.50977,0.40054,0.48335
2015_08_DET_KC,2015,8,0.59307,2.87377,0.48750
2015_08_GB_DEN,2015,8,0.50723,0.32624,0.51346
2015_08_IND_CAR,2015,8,0.69708,6.21951,0.49933
2015_08_MIA_NE,2015,8,0.84768,12.68880,0.52980
2015_08_MIN_CHI,2015,8,0.47913,-0.49752,0.49303
2015_08_NYG_NO,2015,8,0.54572,1.45788,0.47507
2015_08_NYJ_OAK,2015,8,0.39827,-2.90892,0.48941
2015_08_SD_BAL,2015,8,0.68340,5.75075,0.49961
2015_08_SEA_DAL,2015,8,0.32400,-5.27323,0.48182
2015_08_SF_STL,2015,8,0.65594,4.84127,0.46092
2015_08_TB_ATL,2015,8,0.74363,7.91550,0.48787
2015_08_TEN_HOU,2015,8,0.73444,7.56653,0.52435
2015_09_ATL_SF,2015,9,0.37867,-3.51325,0.54116
2015_09_CHI_SD,2015,9,0.69409,6.11625,0.51161
2015_09_CLE_CIN,2015,9,0.85649,13.20108,0.49038
2015_09_DEN_IND,2015,9,0.35192,-4.35880,0.48107
2015_09_GB_CAR,2015,9,0.54114,1.32258,0.51782
2015_09_JAX_NYJ,2015,9,0.75758,8.46160,0.49707
2015_09_MIA_BUF,2015,9,0.77037,8.98108,0.53236
2015_09_NYG_TB,2015,9,0.41903,-2.27922,0.48177
2015_09_OAK_PIT,2015,9,0.77819,9.30884,0.51770
2015_09_PHI_DAL,2015,9,0.37126,-3.74494,0.48207
2015_09_STL_MIN,2015,9,0.61039,3.40325,0.50095
2015_09_TEN_NO,2015,9,0.75092,8.19829,0.49915
2015_09_WAS_NE,2015,9,0.87198,14.16898,0.49449
2015_10_ARI_SEA,2015,10,0.49076,-0.15637,0.46094
2015_10_BUF_NYJ,2015,10,0.51784,0.63740,0.47226
2015_10_CAR_TEN,2015,10,0.33472,-4.91776,0.47616
2015_10_CHI_STL,2015,10,0.65334,4.75708,0.46455
2015_10_CLE_PIT,2015,10,0.73111,7.44169,0.49250
2015_10_DAL_TB,2015,10,0.48930,-0.19929,0.49565
2015_10_DET_GB,2015,10,0.74492,7.96505,0.46637
2015_10_HOU_CIN,2015,10,0.76967,8.95205,0.47941
2015_10_JAX_BAL,2015,10,0.80436,10.47120,0.54538
2015_10_KC_DEN,2015,10,0.57688,2.38512,0.47444
2015_10_MIA_PHI,2015,10,0.71214,6.74973,0.49960
2015_10_MIN_OAK,2015,10,0.54083,1.31350,0.47381
2015_10_NE_NYG,2015,10,0.23115,-8.68982,0.47378
2015_10_NO_WAS,2015,10,0.47915,-0.49687,0.49304
2015_11_BUF_NE,2015,11,0.78783,9.72453,0.51256
2015_11_CIN_ARI,2015,11,0.67405,5.43676,0.50124
2015_11_DAL_MIA,2015,11,0.48745,-0.25338,0.50836
2015_11_DEN_CHI,2015,11,0.46740,-0.84236,0.50319
2015_11_GB_MIN,2015,11,0.53708,1.20288,0.50798
2015_11_IND_ATL,2015,11,0.58733,2.69978,0.48158
2015_11_KC_SD,2015,11,0.49869,0.07584,0.51565
2015_11_NYJ_HOU,2015,11,0.46987,-0.76976,0.51701
2015_11_OAK_DET,2015,11,0.54350,1.39206,0.51843
2015_11_SF_SEA,2015,11,0.79732,10.14770,0.45486
2015_11_STL_BAL,2015,11,0.62196,3.76146,0.49531
2015_11_TB_PHI,2015,11,0.78696,9.68672,0.51223
2015_11_TEN_JAX,2015,11,0.57126,2.21676,0.48173
2015_11_WAS_CAR,2015,11,0.72425,7.18819,0.49027
2015_12_ARI_SF,2015,12,0.19665,-10.19546,0.46497
2015_12_BAL_CLE,2015,12,0.55424,1.71006,0.45105
2015_12_BUF_KC,2015,12,0.65036,4.66062,0.49003
2015_12_CAR_DAL,2015,12,0.45230,-1.28752,0.48609
2015_12_CHI_GB,2015,12,0.72514,7.22080,0.48616
2015_12_MIA_NYJ,2015,12,0.64611,4.52435,0.48883
2015_12_MIN_ATL,2015,12,0.51316,0.50007,0.47544
2015_12_NE_DEN,2015,12,0.40173,-2.80321,0.48595
2015_12_NO_HOU,2015,12,0.56003,1.88175,0.47441
2015_12_NYG_WAS,2015,12,0.37252,-3.70537,0.46488
2015_12_OAK_TEN,2015,12,0.51513,0.55794,0.50231
2015_12_PHI_DET,2015,12,0.43332,-1.85118,0.44617
2015_12_PIT_SEA,2015,12,0.57681,2.38294,0.48319
2015_12_SD_JAX,2015,12,0.56577,2.05283,0.46277
2015_12_STL_CIN,2015,12,0.78613,9.65056,0.48115
2015_12_TB_IND,2015,12,0.62651,3.90370,0.49656
2015_13_ARI_STL,2015,13,0.26656,-7.30024,0.45532
2015_13_ATL_TB,2015,13,0.53894,1.25754,0.49088
2015_13_BAL_MIA,2015,13,0.54279,1.37111,0.46993
2015_13_CAR_NO,2015,13,0.23398,-8.57353,0.46166
2015_13_CIN_CLE,2015,13,0.17451,-11.26977,0.45558
2015_13_DAL_WAS,2015,13,0.60780,3.32334,0.50025
2015_13_DEN_SD,2015,13,0.35387,-4.29612,0.50359
2015_13_GB_DET,2015,13,0.45258,-1.27940,0.49934
2015_13_HOU_BUF,2015,13,0.68186,5.69889,0.51234
2015_13_IND_PIT,2015,13,0.69219,6.05095,0.45402
2015_13_JAX_TEN,2015,13,0.54378,1.40033,0.47457
2015_13_KC_OAK,2015,13,0.34711,-4.51378,0.47532
2015_13_NYJ_NYG,2015,13,0.51858,0.65908,0.51199
2015_13_PHI_NE,2015,13,0.84891,12.75872,0.51726
2015_13_SEA_MIN,2015,13,0.41012,-2.54830,0.48819
2015_13_SF_CHI,2015,13,0.70008,6.32423,0.49146
2015_14_ATL_CAR,2015,14,0.80456,10.48045,0.50602
2015_14_BUF_PHI,2015,14,0.42672,-2.04860,0.46188
2015_14_DAL_GB,2015,14,0.73193,7.47234,0.50156
2015_14_DET_STL,2015,14,0.49558,-0.01519,0.51485
2015_14_IND_JAX,2015,14,0.46554,-0.89716,0.47196
2015_14_MIN_ARI,2015,14,0.82864,11.65959,0.50320
2015_14_NE_HOU,2015,14,0.35487,-4.26418,0.48629
2015_14_NO_TB,2015,14,0.63945,4.31186,0.47379
2015_14_NYG_MIA,2015,14,0.50977,0.40060,0.51411
2015_14_OAK_DEN,2015,14,0.80294,10.40491,0.52731
2015_14_PIT_CIN,2015,14,0.59869,3.04471,0.50659
2015_14_SD_KC,2015,14,0.84171,12.35545,0.49613
2015_14_SEA_BAL,2015,14,0.22472,-8.95745,0.50217
2015_14_SF_CLE,2015,14,0.46826,-0.81704,0.45954
2015_14_TEN_NYJ,2015,14,0.76769,8.87082,0.49627
2015_14_WAS_CHI,2015,14,0.58656,2.67647,0.47699
2015_15_ARI_PHI,2015,15,0.32584,-5.21168,0.47359
2015_15_ATL_JAX,2015,15,0.55844,1.83452,0.48716
2015_15_BUF_WAS,2015,15,0.39209,-3.09831,0.48336
2015_15_CAR_NYG,2015,15,0.30063,-6.07077,0.47482
2015_15_CHI_MIN,2015,15,0.64725,4.56076,0.49354
2015_15_CIN_SF,2015,15,0.39193,-3.10312,0.52286
2015_15_CLE_SEA,2015,15,0.94348,20.73591,0.54333
2015_15_DEN_PIT,2015,15,0.68342,5.75162,0.47327
2015_15_DET_NO,2015,15,0.53218,1.05850,0.47596
2015_15_GB_OAK,2015,15,0.36569,-3.92013,0.48932
2015_15_HOU_IND,2015,15,0.52985,0.99009,0.47536
2015_15_KC_BAL,2015,15,0.26910,-7.20545,0.48242
2015_15_MIA_SD,2015,15,0.60964,3.37993,0.50954
2015_15_NYJ_DAL,2015,15,0.40119,-2.81962,0.49020
2015_15_TB_STL,2015,15,0.56878,2.14253,0.49866
2015_15_TEN_NE,2015,15,0.91304,17.33950,0.51357
2015_16_CAR_ATL,2015,16,0.21132,-9.53349,0.46639
2015_16_CHI_TB,2015,16,0.58415,2.60384,0.48513
2015_16_CIN_DEN,2015,16,0.63619,4.20829,0.49484
2015_16_CLE_KC,2015,16,0.87955,14.67918,0.51656
2015_16_DAL_BUF,2015,16,0.76734,8.85639,0.50933
2015_16_GB_ARI,2015,16,0.74892,8.12016,0.50725
2015_16_HOU_TEN,2015,16,0.27377,-7.03223,0.45766
2015_16_IND_MIA,2015,16,0.59334,2.88172,0.49197
2015_16_JAX_NO,2015,16,0.60614,3.27255,0.49540
2015_16_NE_NYJ,2015,16,0.34577,-4.55698,0.47056
2015_16_NYG_MIN,2015,16,0.66261,5.05863,0.47157
2015_16_PIT_BAL,2015,16,0.23722,-8.44182,0.51110
2015_16_SD_OAK,2015,16,0.49457,-0.04476,0.45319
2015_16_SF_DET,2015,16,0.72834,7.33889,0.47842
2015_16_STL_SEA,2015,16,0.89908,16.13598,0.53372
2015_16_WAS_PHI,2015,16,0.52183,0.75453,0.46453
2015_17_BAL_CIN,2015,17,0.76258,8.66243,0.47687
2015_17_DET_CHI,2015,17,0.47996,-0.47335,0.50643
2015_17_JAX_HOU,2015,17,0.69552,6.16575,0.49886
2015_17_MIN_GB,2015,17,0.51612,0.58672,0.46744
2015_17_NE_MIA,2015,17,0.22516,-8.93884,0.49794
2015_17_NO_ATL,2015,17,0.56990,2.17593,0.45511
2015_17_NYJ_BUF,2015,17,0.57695,2.38725,0.53154
2015_17_OAK_KC,2015,17,0.85866,13.33092,0.54852
2015_17_PHI_NYG,2015,17,0.53742,1.21290,0.46417
2015_17_PIT_CLE,2015,17,0.17238,-11.37834,0.50287
2015_17_SD_DEN,2015,17,0.79017,9.82747,0.48710
2015_17_SEA_ARI,2015,17,0.55576,1.75492,0.45144
2015_17_STL_SF,2015,17,0.43537,-1.79000,0.49925
2015_17_TB_CAR,2015,17,0.84039,12.28321,0.50869
2015_17_TEN_IND,2015,17,0.70541,6.51095,0.51508
2015_17_WAS_DAL,2015,17,0.45671,-1.15750,0.45220
2015_18_GB_WAS,2015,18,0.57574,2.35082,0.49170
2015_18_KC_HOU,2015,18,0.39234,-3.09064,0.48782
2015_18_PIT_CIN,2015,18,0.50740,0.33117,0.50911
2015_18_SEA_MIN,2015,18,0.30469,-5.92976,0.47168
2015_19_GB_ARI,2015,19,0.79864,10.20748,0.51681
2015_19_KC_NE,2015,19,0.64207,4.39517,0.47452
2015_19_PIT_DEN,2015,19,0.60474,3.22958,0.45558
2015_19_SEA_CAR,2015,19,0.58274,2.56115,0.48915
2015_20_ARI_CAR,2015,20,0.61016,3.39596,0.48770
2015_20_NE_DEN,2015,20,0.52378,0.81156,0.51772
2015_21_CAR_DEN,2015,21,0.36555,-3.92454,0.49367
2016_01_BUF_BAL,2016,1,0.50162,0.14659,0.45895
2016_01_CAR_DEN,2016,1,0.52669,0.88881,0.52399
2016_01_CHI_HOU,2016,1,0.64772,4.60277,0.47777
2016_01_CIN_NYJ,2016,1,0.43356,-1.87850,0.45871
2016_01_CLE_PHI,2016,1,0.63739,4.27012,0.49387
2016_01_DET_IND,2016,1,0.48633,-0.30603,0.45940
2016_01_GB_JAX,2016,1,0.39839,-2.94984,0.49175
2016_01_LA_SF,2016,1,0.43191,-1.92830,0.49196
2016_01_MIA_SEA,2016,1,0.82863,11.75377,0.49855
2016_01_MIN_TEN,2016,1,0.37108,-3.80331,0.47386
2016_01_NE_ARI,2016,1,0.68946,5.99720,0.45752
2016_01_NYG_DAL,2016,1,0.58304,2.57815,0.50168
2016_01_OAK_NO,2016,1,0.61864,3.67642,0.49780
2016_01_PIT_WAS,2016,1,0.42699,-2.07684,0.49052
2016_01_SD_KC,2016,1,0.77306,9.16287,0.51216
2016_01_TB_ATL,2016,1,0.61725,3.63276,0.49738
2016_02_ATL_OAK,2016,2,0.64405,4.48414,0.49111
2016_02_BAL_CLE,2016,2,0.42447,-2.15288,0.50428
2016_02_CIN_PIT,2016,2,0.58658,2.68585,0.48340
2016_02_DAL_WAS,2016,2,0.58057,2.50294,0.47681
2016_02_GB_MIN,2016,2,0.56508,2.03477,0.52058
2016_02_IND_DEN,2016,2,0.72292,7.19076,0.50760
2016_02_JAX_SD,2016,2,0.68892,5.97842,0.51521
2016_02_KC_HOU,2016,2,0.45780,-1.15282,0.48496
2016_02_MIA_NE,2016,2,0.70615,6.58254,0.49689
2016_02_NO_NYG,2016,2,0.58523,2.64462,0.47818
2016_02_NYJ_BUF,2016,2,0.56285,1.96756,0.49095
2016_02_PHI_CHI,2016,2,0.45973,-1.09536,0.44705
2016_02_SEA_LA,2016,2,0.30081,-6.13914,0.48026
2016_02_SF_CAR,2016,2,0.75288,8.33751,0.45119
2016_02_TB_ARI,2016,2,0.73337,7.58124,0.48722
2016_02_TEN_DET,2016,2,0.79275,10.02026,0.52526
2016_03_ARI_BUF,2016,3,0.44479,-1.54122,0.51984
2016_03_ATL_NO,2016,3,0.49729,0.01830,0.46252
2016_03_BAL_JAX,2016,3,0.37103,-3.80481,0.45942
2016_03_CHI_DAL,2016,3,0.72837,7.39324,0.49506
2016_03_CLE_MIA,2016,3,0.73598,7.68022,0.46407
2016_03_DEN_CIN,2016,3,0.57911,2.45849,0.47638
2016_03_DET_GB,2016,3,0.60245,3.17276,0.45920
2016_03_HOU_NE,2016,3,0.58630,2.67717,0.50264
2016_03_LA_TB,2016,3,0.52008,0.69286,0.45939
2016_03_MIN_CAR,2016,3,0.68695,5.91064,0.48557
2016_03_NYJ_KC,2016,3,0.59048,2.80481,0.48455
2016_03_OAK_TEN,2016,3,0.49850,0.05426,0.50145
2016_03_PIT_PHI,2016,3,0.41440,-2.45877,0.49649
2016_03_SD_IND,2016,3,0.49763,0.02859,0.47224
2016_03_SF_SEA,2016,3,0.71888,7.04222,0.45315
2016_03_WAS_NYG,2016,3,0.60064,3.11690,0.48273
2016_04_BUF_NE,2016,4,0.61468,3.55233,0.48694
2016_04_CAR_ATL,2016,4,0.45430,-1.25715,0.49844
2016_04_CLE_WAS,2016,4,0.63151,4.08252,0.45354
2016_04_DAL_SF,2016,4,0.45619,-1.20069,0.48450
2016_04_DEN_TB,2016,4,0.21451,-9.50062,0.42893
2016_04_DET_CHI,2016,4,0.35968,-4.16696,0.47517
2016_04_IND_JAX,2016,4,0.37454,-3.69369,0.44134
2016_04_KC_PIT,2016,4,0.51869,0.65185,0.46380
2016_04_LA_ARI,2016,4,0.72597,7.30387,0.46046
2016_04_MIA_CIN,2016,4,0.70101,6.40045,0.47582
2016_04_NO_SD,2016,4,0.71553,6.92005,0.51464
2016_04_NYG_MIN,2016,4,0.73391,7.60179,0.52604
2016_04_OAK_BAL,2016,4,0.62992,4.03199,0.49157
2016_04_SEA_NYJ,2016,4,0.42364,-2.17821,0.47507
2016_04_TEN_HOU,2016,4,0.72967,7.44194,0.51968
2016_05_ARI_SF,2016,5,0.49608,-0.01744,0.52007
2016_05_ATL_DEN,2016,5,0.65475,4.83154,0.49930
2016_05_BUF_LA,2016,5,0.47016,-0.78523,0.50300
2016_05_CHI_IND,2016,5,0.56610,2.06558,0.46778
2016_05_CIN_DAL,2016,5,0.53978,1.27778,0.52292
2016_05_HOU_MIN,2016,5,0.73240,7.54466,0.50136
2016_05_NE_CLE,2016,5,0.27225,-7.17292,0.51375
2016_05_NYG_GB,2016,5,0.78316,9.59555,0.51151
2016_05_NYJ_PIT,2016,5,0.76052,8.64426,0.47335
2016_05_PHI_DET,2016,5,0.30363,-6.04015,0.46196
2016_05_SD_OAK,2016,5,0.57085,2.20875,0.47398
2016_05_TB_CAR,2016,5,0.77975,9.44816,0.51974
2016_05_TEN_MIA,2016,5,0.67493,5.50156,0.51543
2016_05_WAS_BAL,2016,5,0.60640,3.29498,0.47963
2016_06_ATL_SEA,2016,6,0.73993,7.83124,0.49446
2016_06_BAL_NYG,2016,6,0.51591,0.56951,0.45821
2016_06_CAR_NO,2016,6,0.47845,-0.53935,0.50538
2016_06_CIN_NE,2016,6,0.70412,6.51042,0.47688
2016_06_CLE_TEN,2016,6,0.62087,3.74624,0.45032
2016_06_DAL_GB,2016,6,0.56311,1.97542,0.45731
2016_06_DEN_SD,2016,6,0.36264,-4.07209,0.47609
2016_06_IND_HOU,2016,6,0.60492,3.24911,0.48884
2016_06_JAX_CHI,2016,6,0.58864,2.74860,0.48883
2016_06_KC_OAK,2016,6,0.47524,-0.63438,0.48996
2016_06_LA_DET,2016,6,0.66939,5.31574,0.51364
2016_06_NYJ_ARI,2016,6,0.74585,8.06073,0.49185
2016_06_PHI_WAS,2016,6,0.31800,-5.54398,0.46192
2016_06_PIT_MIA,2016,6,0.23870,-8.47888,0.47699
2016_06_SF_BUF,2016,6,0.79502,10.12280,0.51177
2016_07_BAL_NYJ,2016,7,0.45906,-1.11534,0.45644
2016_07_BUF_MIA,2016,7,0.35159,-4.42793,0.46784
2016_07_CHI_GB,2016,7,0.69634,6.23633,0.47424
2016_07_CLE_CIN,2016,7,0.76766,8.93732,0.46174
2016_07_HOU_DEN,2016,7,0.79719,10.22190,0.50307
2016_07_IND_TEN,2016,7,0.55949,1.86670,0.46587
2016_07_MIN_PHI,2016,7,0.46890,-0.82253,0.50264
2016_07_NE_PIT,2016,7,0.30554,-5.97372,0.50118
2016_07_NO_KC,2016,7,0.71911,7.05088,0.49659
2016_07_NYG_LA,2016,7,0.47883,-0.52810,0.51032
2016_07_OAK_JAX,2016,7,0.49594,-0.02145,0.47176
2016_07_SD_ATL,2016,7,0.68123,5.71508,0.49817
2016_07_SEA_ARI,2016,7,0.54387,1.39980,0.47582
2016_07_TB_SF,2016,7,0.60706,3.31544,0.50880
2016_07_WAS_DET,2016,7,0.60582,3.27693,0.52773
2016_08_ARI_CAR,2016,8,0.59179,2.84502,0.48977
2016_08_DET_HOU,2016,8,0.46886,-0.82379,0.46885
2016_08_GB_ATL,2016,8,0.58807,2.73117,0.48384
2016_08_JAX_TEN,2016,8,0.64433,4.49310,0.50086
2016_08_KC_IND,2016,8,0.39509,-3.05166,0.48593
2016_08_MIN_CHI,2016,8,0.26030,-7.62547,0.46594
2016_08_NE_BUF,2016,8,0.40294,-2.80954,0.51243
2016_08_NYJ_CLE,2016,8,0.47584,-0.61673,0.50463
2016_08_OAK_TB,2016,8,0.51557,0.55927,0.48218
2016_08_PHI_DAL,2016,8,0.65954,4.98876,0.48632
2016_08_SD_DEN,2016,8,0.72450,7.24930,0.52265
2016_08_SEA_NO,2016,8,0.41243,-2.51888,0.47178
2016_08_WAS_CIN,2016,8,0.61309,3.50288,0.49129
2016_09_ATL_TB,2016,9,0.33871,-4.84952,0.48306
2016_09_BUF_SEA,2016,9,0.63772,4.28056,0.47467
2016_09_CAR_LA,2016,9,0.54437,1.41457,0.52906
2016_09_DAL_CLE,2016,9,0.29130,-6.47662,0.49149
2016_09_DEN_OAK,2016,9,0.40366,-2.78755,0.45000
2016_09_DET_MIN,2016,9,0.67235,5.41480,0.50010
2016_09_IND_GB,2016,9,0.74911,8.18844,0.49308
2016_09_JAX_KC,2016,9,0.76046,8.64198,0.50230
2016_09_NO_SF,2016,9,0.51503,0.54334,0.53991
2016_09_NYJ_MIA,2016,9,0.66095,5.03544,0.50127
2016_09_PHI_NYG,2016,9,0.44763,-1.45630,0.44361
2016_09_PIT_BAL,2016,9,0.32167,-5.41930,0.46793
2016_09_TEN_SD,2016,9,0.68932,5.99245,0.51051
2016_10_ATL_PHI,2016,10,0.53909,1.25729,0.47926
2016_10_CHI_TB,2016,10,0.51044,0.40744,0.51452
2016_10_CIN_NYG,2016,10,0.37545,-3.66499,0.46076
2016_10_CLE_BAL,2016,10,0.67925,5.64771,0.46857
2016_10_DAL_PIT,2016,10,0.49674,0.00220,0.45756
2016_10_DEN_NO,2016,10,0.43409,-1.86258,0.43973
2016_10_GB_TEN,2016,10,0.37543,-3.66578,0.48001
2016_10_HOU_JAX,2016,10,0.40765,-2.66506,0.43211
2016_10_KC_CAR,2016,10,0.49439,-0.06739,0.45690
2016_10_LA_NYJ,2016,10,0.53049,1.00161,0.50577
2016_10_MIA_SD,2016,10,0.69887,6.32503,0.50890
2016_10_MIN_WAS,2016,10,0.57190,2.24042,0.48393
2016_10_SEA_NE,2016,10,0.82310,11.46895,0.52476
2016_10_SF_ARI,2016,10,0.85624,13.29529,0.47963
2016_11_ARI_MIN,2016,11,0.58874,2.75174,0.49369
2016_11_BAL_DAL,2016,11,0.78706,9.76651,0.51316
2016_11_BUF_CIN,2016,11,0.45574,-1.21410,0.45070
2016_11_CHI_NYG,2016,11,0.73348,7.58551,0.49209
2016_11_GB_WAS,2016,11,0.54704,1.49409,0.47673
2016_11_HOU_OAK,2016,11,0.63459,4.18045,0.46408
2016_11_JAX_DET,2016,11,0.78200,9.54532,0.52550
2016_11_MIA_LA,2016,11,0.54729,1.50163,0.49128
2016_11_NE_SF,2016,11,0.20114,-10.10109,0.49029
2016_11_NO_CAR,2016,11,0.62365,3.83388,0.48966
2016_11_PHI_SEA,2016,11,0.68458,5.82939,0.47996
2016_11_PIT_CLE,2016,11,0.23833,-8.49408,0.48166
2016_11_TB_KC,2016,11,0.76735,8.92442,0.50503
2016_11_TEN_IND,2016,11,0.58784,2.72435,0.48377
2016_12_ARI_ATL,2016,12,0.69681,6.25280,0.51303
2016_12_CAR_OAK,2016,12,0.59503,2.94421,0.48107
2016_12_CIN_BAL,2016,12,0.50783,0.33009,0.45591
2016_12_GB_PHI,2016,12,0.62316,3.81837,0.48468
2016_12_JAX_BUF,2016,12,0.81645,11.13623,0.51190
2016_12_KC_DEN,2016,12,0.67628,5.54700,0.50621
2016_12_LA_NO,2016,12,0.70321,6.47814,0.47657
2016_12_MIN_DET,2016,12,0.44884,-1.42031,0.45351
2016_12_NE_NYJ,2016,12,0.26525,-7.43659,0.50154
2016_12_NYG_CLE,2016,12,0.35045,-4.46487,0.50610
2016_12_PIT_IND,2016,12,0.31182,-5.75608,0.50811
2016_12_SD_HOU,2016,12,0.48001,-0.49298,0.50582
2016_12_SEA_TB,2016,12,0.37607,-3.64558,0.49952
2016_12_SF_MIA,2016,12,0.74588,8.06182,0.49669
2016_12_TEN_CHI,2016,12,0.40975,-2.60089,0.52409
2016_12_WAS_DAL,2016,12,0.71796,7.00883,0.50101
2016_13_BUF_OAK,2016,13,0.57710,2.39774,0.48062
2016_13_CAR_SEA,2016,13,0.68860,5.96737,0.46203
2016_13_DAL_MIN,2016,13,0.42583,-2.11179,0.49501
2016_13_DEN_JAX,2016,13,0.30152,-6.11410,0.46125
2016_13_DET_NO,2016,13,0.66672,5.22654,0.47415
2016_13_HOU_GB,2016,13,0.72923,7.42554,0.49054
2016_13_IND_NYJ,2016,13,0.57427,2.31198,0.49911
2016_13_KC_ATL,2016,13,0.55837,1.83325,0.45594
2016_13_LA_NE,2016,13,0.89706,16.10947,0.51647
2016_13_MIA_BAL,2016,13,0.56483,2.02715,0.47223
2016_13_NYG_PIT,2016,13,0.71221,6.79980,0.48450
2016_13_PHI_CIN,2016,13,0.51682,0.59626,0.48254
2016_13_SF_CHI,2016,13,0.54273,1.36565,0.49963
2016_13_TB_SD,2016,13,0.62856,3.98896,0.49116
2016_13_WAS_ARI,2016,13,0.53537,1.14669,0.47338
2016_14_ARI_MIA,2016,14,0.47059,-0.77251,0.49829
2016_14_ATL_LA,2016,14,0.33408,-5.00271,0.48158
2016_14_BAL_NE,2016,14,0.72489,7.26377,0.49864
2016_14_CHI_DET,2016,14,0.70218,6.44164,0.47622
2016_14_CIN_CLE,2016,14,0.22004,-9.25983,0.43596
2016_14_DAL_NYG,2016,14,0.36623,-3.95723,0.48202
2016_14_DEN_TEN,2016,14,0.40841,-2.64170,0.44184
2016_14_HOU_IND,2016,14,0.63704,4.25900,0.46483
2016_14_MIN_JAX,2016,14,0.31252,-5.73185,0.46012
2016_14_NO_TB,2016,14,0.58588,2.66446,0.49285
2016_14_NYJ_SF,2016,14,0.62670,3.93022,0.49542
2016_14_OAK_KC,2016,14,0.66881,5.29604,0.50379
2016_14_PIT_BUF,2016,14,0.44163,-1.63620,0.48029
2016_14_SD_CAR,2016,14,0.62627,3.91653,0.51461
2016_14_SEA_GB,2016,14,0.50670,0.29666,0.51828
2016_14_WAS_PHI,2016,14,0.54036,1.29507,0.51344
2016_15_CAR_WAS,2016,15,0.63050,4.05030,0.45802
2016_15_CLE_BUF,2016,15,0.86741,13.98934,0.52014
2016_15_DET_NYG,2016,15,0.52200,0.74966,0.45514
2016_15_GB_CHI,2016,15,0.30680,-5.92963,0.47264
2016_15_IND_MIN,2016,15,0.67739,5.58475,0.49208
2016_15_JAX_HOU,2016,15,0.72463,7.25421,0.52269
2016_15_LA_SEA,2016,15,0.84421,12.59612,0.46327
2016_15_MIA_NYJ,2016,15,0.52561,0.85670,0.51886
2016_15_NE_DEN,2016,15,0.56383,1.99713,0.53466
2016_15_NO_ARI,2016,15,0.64398,4.48169,0.50075
2016_15_OAK_SD,2016,15,0.50300,0.18737,0.51240
2016_15_PHI_BAL,2016,15,0.57181,2.23753,0.45982
2016_15_PIT_CIN,2016,15,0.49145,-0.15449,0.51392
2016_15_SF_ATL,2016,15,0.86991,14.15158,0.49273
2016_15_TB_DAL,2016,15,0.67986,5.66838,0.47359
2016_15_TEN_KC,2016,15,0.73506,7.64527,0.50233
2016_16_ARI_SEA,2016,16,0.66940,5.31596,0.45099
2016_16_ATL_CAR,2016,16,0.41663,-2.39106,0.49232
2016_16_BAL_PIT,2016,16,0.66307,5.10551,0.48262
2016_16_CIN_HOU,2016,16,0.42894,-2.01798,0.43826
2016_16_DEN_KC,2016,16,0.53112,1.02045,0.46254
2016_16_DET_DAL,2016,16,0.72726,7.35171,0.49466
2016_16_IND_OAK,2016,16,0.59212,2.85522,0.48021
2016_16_MIA_BUF,2016,16,0.67805,5.60680,0.49713
2016_16_MIN_GB,2016,16,0.65024,4.68451,0.47374
2016_16_NYG_PHI,2016,16,0.62385,3.84026,0.50421
2016_16_NYJ_NE,2016,16,0.89900,16.26634,0.47935
2016_16_SD_CLE,2016,16,0.29817,-6.23217,0.46973
2016_16_SF_LA,2016,16,0.56336,1.98296,0.44780
2016_16_TB_NO,2016,16,0.57203,2.24442,0.47914
2016_16_TEN_JAX,2016,16,0.37831,-3.57489,0.49054
2016_16_WAS_CHI,2016,16,0.44072,-1.66346,0.49935
2016_17_ARI_LA,2016,17,0.25878,-7.68411,0.47983
2016_17_BAL_CIN,2016,17,0.54520,1.43931,0.52448
2016_17_BUF_NYJ,2016,17,0.42748,-2.06184,0.50033
2016_17_CAR_TB,2016,17,0.55670,1.78314,0.46988
2016_17_CHI_MIN,2016,17,0.72020,7.09088,0.49697
2016_17_CLE_PIT,2016,17,0.84439,12.60657,0.57389
2016_17_DAL_PHI,2016,17,0.61859,3.67494,0.45922
2016_17_GB_DET,2016,17,0.35718,-4.24732,0.47922
2016_17_HOU_TEN,2016,17,0.42770,-2.05543,0.43790
2016_17_JAX_IND,2016,17,0.75924,8.59254,0.51631
2016_17_KC_SD,2016,17,0.39731,-2.98309,0.51075
2016_17_NE_MIA,2016,17,0.29303,-6.41471,0.49692
2016_17_NO_ATL,2016,17,0.74051,7.85355,0.48985
2016_17_NYG_WAS,2016,17,0.63736,4.26897,0.43148
2016_17_OAK_DEN,2016,17,0.71266,6.81621,0.54253
2016_17_SEA_SF,2016,17,0.24407,-8.26200,0.51771
2016_18_DET_SEA,2016,18,0.76171,8.69281,0.49313
2016_18_MIA_PIT,2016,18,0.73848,7.77591,0.45539
2016_18_NYG_GB,2016,18,0.71787,7.00527,0.50581
2016_18_OAK_HOU,2016,18,0.59156,2.83794,0.47522
2016_19_GB_DAL,2016,19,0.62604,3.90922,0.47109
2016_19_HOU_NE,2016,19,0.88964,15.53364,0.48193
2016_19_PIT_KC,2016,19,0.65947,4.98663,0.51046
2016_19_SEA_ATL,2016,19,0.71475,6.89184,0.49022
2016_20_GB_ATL,2016,20,0.60081,3.12211,0.45392
2016_20_PIT_NE,2016,20,0.70064,6.38743,0.49501
2016_21_NE_ATL,2016,21,0.44878,-1.42195,0.50168
2017_01_ARI_DET,2017,1,0.44690,-1.48343,0.49562
2017_01_ATL_CHI,2017,1,0.29032,-6.53528,0.48726
2017_01_BAL_CIN,2017,1,0.57753,2.41963,0.48690
2017_01_CAR_SF,2017,1,0.47950,-0.50979,0.51925
2017_01_IND_LA,2017,1,0.50385,0.21339,0.46149
2017_01_JAX_HOU,2017,1,0.62856,4.00357,0.47566
2017_01_KC_NE,2017,1,0.67941,5.67385,0.46909
2017_01_LAC_DEN,2017,1,0.70144,6.43929,0.51487
2017_01_NO_MIN,2017,1,0.64968,4.68349,0.50092
2017_01_NYG_DAL,2017,1,0.68627,5.90895,0.48682
2017_01_NYJ_BUF,2017,1,0.70663,6.62399,0.48456
2017_01_OAK_TEN,2017,1,0.53425,1.11758,0.47657
2017_01_PHI_WAS,2017,1,0.50596,0.27621,0.50563
2017_01_PIT_CLE,2017,1,0.27301,-7.17060,0.51003
2017_01_SEA_GB,2017,1,0.60831,3.36661,0.49443
2017_02_ARI_IND,2017,2,0.39333,-3.11730,0.51839
2017_02_BUF_CAR,2017,2,0.56618,2.07559,0.45252
2017_02_CHI_TB,2017,2,0.74384,8.01192,0.49558
2017_02_CLE_BAL,2017,2,0.79648,10.22686,0.50921
2017_02_DAL_DEN,2017,2,0.56482,2.03442,0.52356
2017_02_DET_NYG,2017,2,0.55749,1.81363,0.47812
2017_02_GB_ATL,2017,2,0.63827,4.31416,0.49401
2017_02_HOU_CIN,2017,2,0.60235,3.18139,0.46915
2017_02_MIA_LAC,2017,2,0.60920,3.39431,0.48670
2017_02_MIN_PIT,2017,2,0.62748,3.96925,0.45168
2017_02_NE_NO,2017,2,0.43371,-1.88072,0.51630
2017_02_NYJ_OAK,2017,2,0.79937,10.35971,0.45870
2017_02_PHI_KC,2017,2,0.68182,5.75624,0.50150
2017_02_SF_SEA,2017,2,0.81218,10.96742,0.46746
2017_02_TEN_JAX,2017,2,0.61102,3.45125,0.52291
2017_02_WAS_LA,2017,2,0.64724,4.60414,0.50029
2017_03_ATL_DET,2017,3,0.38357,-3.42245,0.48419
2017_03_BAL_JAX,2017,3,0.28548,-6.71071,0.45814
2017_03_CIN_GB,2017,3,0.74596,8.09473,0.49624
2017_03_CLE_IND,2017,3,0.60371,3.22355,0.50521
2017_03_DAL_ARI,2017,3,0.60150,3.15516,0.53640
2017_03_DEN_BUF,2017,3,0.43519,-1.83601,0.50077
2017_03_HOU_NE,2017,3,0.83003,11.87002,0.47461
2017_03_KC_LAC,2017,3,0.37878,-3.57307,0.48299
2017_03_LA_SF,2017,3,0.37528,-3.68371,0.48211
2017_03_MIA_NYJ,2017,3,0.45638,-1.19932,0.52171
2017_03_NO_CAR,2017,3,0.70079,6.41624,0.49482
2017_03_NYG_PHI,2017,3,0.75576,8.48342,0.51522
2017_03_OAK_WAS,2017,3,0.43239,-1.92072,0.50009
2017_03_PIT_CHI,2017,3,0.28158,-6.85306,0.48871
2017_03_SEA_TEN,2017,3,0.58380,2.61101,0.49240
2017_03_TB_MIN,2017,3,0.54455,1.42524,0.49887
2017_04_BUF_ATL,2017,4,0.66925,5.33062,0.46637
2017_04_CAR_NE,2017,4,0.76148,8.71534,0.48528
2017_04_CHI_GB,2017,4,0.75672,8.52208,0.49566
2017_04_CIN_CLE,2017,4,0.42904,-2.02193,0.49531
2017_04_DET_MIN,2017,4,0.65072,4.71742,0.50517
2017_04_IND_SEA,2017,4,0.76960,9.05117,0.46021
2017_04_JAX_NYJ,2017,4,0.41048,-2.58782,0.49876
2017_04_LA_DAL,2017,4,0.63346,4.15984,0.48087
2017_04_NO_MIA,2017,4,0.36623,-3.97170,0.48777
2017_04_NYG_TB,2017,4,0.61080,3.44438,0.49505
2017_04_OAK_DEN,2017,4,0.67749,5.60849,0.50430
2017_04_PHI_LAC,2017,4,0.45740,-1.16863,0.46638
2017_04_PIT_BAL,2017,4,0.45140,-1.34841,0.50464
2017_04_SF_ARI,2017,4,0.76939,9.04248,0.50775
2017_04_TEN_HOU,2017,4,0.53992,1.28693,0.51763
2017_04_WAS_KC,2017,4,0.72893,7.44160,0.49502
2017_05_ARI_PHI,2017,5,0.72973,7.47164,0.49924
2017_05_BAL_OAK,2017,5,0.66597,5.22083,0.50519
2017_05_BUF_CIN,2017,5,0.47486,-0.64799,0.45864
2017_05_CAR_DET,2017,5,0.50320,0.19400,0.47321
2017_05_GB_DAL,2017,5,0.51533,0.55444,0.47210
2017_05_JAX_PIT,2017,5,0.65849,4.97244,0.46750
2017_05_KC_HOU,2017,5,0.47194,-0.73488,0.49760
2017_05_LAC_NYG,2017,5,0.61548,3.59078,0.49224
2017_05_MIN_CHI,2017,5,0.31347,-5.71983,0.46993
2017_05_NE_TB,2017,5,0.37048,-3.83605,0.48487
2017_05_NYJ_CLE,2017,5,0.38420,-3.40255,0.47245
2017_05_SEA_LA,2017,5,0.49567,-0.02951,0.47144
2017_05_SF_IND,2017,5,0.58713,2.71284,0.51705
2017_05_TEN_MIA,2017,5,0.60040,3.12118,0.51235
2017_06_CHI_BAL,2017,6,0.71683,6.99297,0.49941
2017_06_CLE_HOU,2017,6,0.88020,14.90227,0.54625
2017_06_DET_NO,2017,6,0.72354,7.24040,0.49740
2017_06_GB_MIN,2017,6,0.46546,-0.92793,0.50401
2017_06_IND_TEN,2017,6,0.68639,5.91332,0.47891
2017_06_LAC_OAK,2017,6,0.55823,1.83592,0.47830
2017_06_LA_JAX,2017,6,0.68202,5.76311,0.52538
2017_06_MIA_ATL,2017,6,0.83471,12.11930,0.47262
2017_06_NE_NYJ,2017,6,0.27176,-7.21717,0.50171
2017_06_NYG_DEN,2017,6,0.81834,11.27126,0.46590
2017_06_PHI_CAR,2017,6,0.49819,0.04529,0.46412
2017_06_PIT_KC,2017,6,0.79875,10.33130,0.54174
2017_06_SF_WAS,2017,6,0.84848,12.88641,0.49459
2017_06_TB_ARI,2017,6,0.57876,2.45717,0.52692
2017_07_ARI_LA,2017,7,0.54412,1.41259,0.47494
2017_07_ATL_NE,2017,7,0.68527,5.87449,0.51039
2017_07_BAL_MIN,2017,7,0.70970,6.73451,0.50133
2017_07_CAR_CHI,2017,7,0.33175,-5.09860,0.46693
2017_07_CIN_PIT,2017,7,0.55465,1.72831,0.46952
2017_07_DAL_SF,2017,7,0.30430,-6.03856,0.49121
2017_07_DEN_LAC,2017,7,0.50479,0.24122,0.49741
2017_07_JAX_IND,2017,7,0.31290,-5.73956,0.46582
2017_07_KC_OAK,2017,7,0.32428,-5.35015,0.46890
2017_07_NO_GB,2017,7,0.46406,-0.96970,0.50765
2017_07_NYJ_MIA,2017,7,0.55967,1.87936,0.47865
2017_07_SEA_NYG,2017,7,0.43478,-1.84849,0.50464
2017_07_TB_BUF,2017,7,0.72654,7.35210,0.52212
2017_07_TEN_CLE,2017,7,0.32447,-5.34373,0.48878
2017_07_WAS_PHI,2017,7,0.66747,5.27104,0.48970
2017_08_ATL_NYJ,2017,8,0.43341,-1.88967,0.52417
2017_08_CAR_TB,2017,8,0.56536,2.05088,0.49192
2017_08_CHI_NO,2017,8,0.77490,9.27498,0.50165
2017_08_DAL_WAS,2017,8,0.53372,1.10187,0.52013
2017_08_DEN_KC,2017,8,0.77081,9.10180,0.50425
2017_08_HOU_SEA,2017,8,0.56448,2.02420,0.45605
2017_08_IND_CIN,2017,8,0.78353,9.64706,0.47680
2017_08_LAC_NE,2017,8,0.76484,8.85336,0.50625
2017_08_MIA_BAL,2017,8,0.56702,2.10088,0.48040
2017_08_MIN_CLE,2017,8,0.18630,-10.84338,0.48879
2017_08_OAK_BUF,2017,8,0.65284,4.78664,0.50572
2017_08_PIT_DET,2017,8,0.45188,-1.33413,0.50078
2017_08_SF_PHI,2017,8,0.91635,17.86692,0.52620
2017_09_ARI_SF,2017,9,0.39153,-3.17341,0.48219
2017_09_ATL_CAR,2017,9,0.54818,1.53402,0.52356
2017_09_BAL_TEN,2017,9,0.57206,2.25345,0.48161
2017_09_BUF_NYJ,2017,9,0.38303,-3.43920,0.48405
2017_09_CIN_JAX,2017,9,0.76497,8.85872,0.51026
2017_09_DEN_PHI,2017,9,0.76308,8.78074,0.50169
2017_09_DET_GB,2017,9,0.63010,4.05258,0.53954
2017_09_IND_HOU,2017,9,0.74625,8.10606,0.50428
2017_09_KC_DAL,2017,9,0.46607,-0.90971,0.46447
2017_09_LA_NYG,2017,9,0.45708,-1.17843,0.52188
2017_09_OAK_MIA,2017,9,0.46826,-0.84443,0.50467
2017_09_TB_NO,2017,9,0.71325,6.86278,0.48645
2017_09_WAS_SEA,2017,9,0.76108,8.69911,0.49310
2017_10_CIN_TEN,2017,10,0.52644,0.88498,0.45890
2017_10_CLE_DET,2017,10,0.79177,10.01300,0.48367
2017_10_DAL_ATL,2017,10,0.44397,-1.57142,0.44742
2017_10_GB_CHI,2017,10,0.57855,2.45072,0.47128
2017_10_HOU_LA,2017,10,0.82043,11.37594,0.48259
2017_10_LAC_JAX,2017,10,0.67978,5.68656,0.49300
2017_10_MIA_CAR,2017,10,0.75173,8.32219,0.49010
2017_10_MIN_WAS,2017,10,0.42391,-2.17777,0.47819
2017_10_NE_DEN,2017,10,0.29738,-6.28289,0.49324
2017_10_NO_BUF,2017,10,0.50763,0.32560,0.50602
2017_10_NYG_SF,2017,10,0.44447,-1.55626,0.49902
2017_10_NYJ_TB,2017,10,0.51207,0.45756,0.48323
2017_10_PIT_IND,2017,10,0.18815,-10.75340,0.48553
2017_10_SEA_ARI,2017,10,0.30382,-6.05548,0.48710
2017_11_ARI_HOU,2017,11,0.58962,2.78909,0.48984
2017_11_ATL_SEA,2017,11,0.67256,5.44175,0.52283
2017_11_BAL_GB,2017,11,0.47809,-0.55166,0.50303
2017_11_BUF_LAC,2017,11,0.73722,7.75616,0.49355
2017_11_CIN_DEN,2017,11,0.58601,2.67847,0.48896
2017_11_DET_CHI,2017,11,0.40031,-2.90083,0.48833
2017_11_JAX_CLE,2017,11,0.19398,-10.47309,0.46397
2017_11_KC_NYG,2017,11,0.23506,-8.65932,0.49820
2017_11_LA_MIN,2017,11,0.50373,0.20996,0.48127
2017_11_NE_OAK,2017,11,0.32543,-5.31146,0.50096
2017_11_PHI_DAL,2017,11,0.37383,-3.72962,0.50559
2017_11_TB_MIA,2017,11,0.52103,0.72381,0.50124
2017_11_TEN_PIT,2017,11,0.75250,8.35310,0.49830
2017_11_WAS_NO,2017,11,0.77131,9.12267,0.48455
2017_12_BUF_KC,2017,12,0.76935,9.04080,0.49184
2017_12_CAR_NYJ,2017,12,0.37274,-3.76404,0.50134
2017_12_CHI_PHI,2017,12,0.86214,13.70623,0.48521
2017_12_CLE_CIN,2017,12,0.80052,10.41314,0.51069
2017_12_DEN_OAK,2017,12,0.61347,3.52790,0.48776
2017_12_GB_PIT,2017,12,0.80654,10.69597,0.46135
2017_12_HOU_BAL,2017,12,0.70788,6.66882,0.48094
2017_12_JAX_ARI,2017,12,0.31492,-5.66982,0.49414
2017_12_LAC_DAL,2017,12,0.51535,0.55509,0.49990
2017_12_MIA_NE,2017,12,0.92368,18.60634,0.50031
2017_12_MIN_DET,2017,12,0.46081,-1.06687,0.49893
2017_12_NO_LA,2017,12,0.56446,2.02372,0.48376
2017_12_NYG_WAS,2017,12,0.67437,5.50274,0.47566
2017_12_SEA_SF,2017,12,0.30125,-6.14580,0.49433
2017_12_TB_ATL,2017,12,0.74111,7.90558,0.46697
2017_12_TEN_IND,2017,12,0.53441,1.12243,0.52030
2017_13_CAR_NO,2017,13,0.63271,4.13594,0.47671
2017_13_CLE_LAC,2017,13,0.90012,16.41769,0.51073
2017_13_DEN_MIA,2017,13,0.48188,-0.43903,0.49200
2017_13_DET_BAL,2017,13,0.55622,1.77550,0.48179
2017_13_HOU_TEN,2017,13,0.53468,1.13048,0.44116
2017_13_IND_JAX,2017,13,0.84642,12.76787,0.50954
2017_13_KC_NYJ,2017,13,0.40292,-2.82012,0.49294
2017_13_LA_ARI,2017,13,0.26511,-7.46890,0.48779
2017_13_MIN_ATL,2017,13,0.52359,0.80013,0.47802
2017_13_NE_BUF,2017,13,0.27141,-7.23058,0.48968
2017_13_NYG_OAK,2017,13,0.69683,6.27667,0.45804
2017_13_PHI_SEA,2017,13,0.45369,-1.27982,0.50519
2017_13_PIT_CIN,2017,13,0.35939,-4.19105,0.49000
2017_13_SF_CHI,2017,13,0.62994,4.04760,0.49984
2017_13_TB_GB,2017,13,0.60345,3.21548,0.48925
2017_13_WAS_DAL,2017,13,0.51421,0.52100,0.50360
2017_14_BAL_PIT,2017,14,0.64483,4.52581,0.47584
2017_14_CHI_CIN,2017,14,0.68927,6.01260,0.48764
2017_14_DAL_NYG,2017,14,0.49154,-0.15201,0.51812
2017_14_DET_TB,2017,14,0.48076,-0.47228,0.48379
2017_14_GB_CLE,2017,14,0.33855,-4.87236,0.46872
2017_14_IND_BUF,2017,14,0.58237,2.56730,0.48014
2017_14_MIN_CAR,2017,14,0.49271,-0.11720,0.50648
2017_14_NE_MIA,2017,14,0.19366,-10.48836,0.48366
2017_14_NO_ATL,2017,14,0.49633,-0.00997,0.46763
2017_14_NYJ_DEN,2017,14,0.48230,-0.42670,0.49210
2017_14_OAK_KC,2017,14,0.72905,7.44600,0.51095
2017_14_PHI_LA,2017,14,0.52212,0.75634,0.50150
2017_14_SEA_JAX,2017,14,0.58804,2.74050,0.48548
2017_14_SF_HOU,2017,14,0.66358,5.14107,0.52044
2017_14_TEN_ARI,2017,14,0.53253,1.06639,0.51588
2017_14_WAS_LAC,2017,14,0.76827,8.99554,0.51135
2017_15_ARI_WAS,2017,15,0.69506,6.21432,0.50514
2017_15_ATL_TB,2017,15,0.37332,-3.74580,0.51340
2017_15_BAL_CLE,2017,15,0.22906,-8.90895,0.46843
2017_15_CHI_DET,2017,15,0.65128,4.73579,0.48544
2017_15_CIN_MIN,2017,15,0.78243,9.59913,0.46454
2017_15_DAL_OAK,2017,15,0.50686,0.30283,0.51379
2017_15_DEN_IND,2017,15,0.42413,-2.17088,0.49413
2017_15_GB_CAR,2017,15,0.61407,3.54646,0.49188
2017_15_HOU_JAX,2017,15,0.77584,9.31502,0.47813
2017_15_LAC_KC,2017,15,0.54350,1.39406,0.49067
2017_15_LA_SEA,2017,15,0.58628,2.68680,0.51684
2017_15_MIA_BUF,2017,15,0.61871,3.69228,0.48907
2017_15_NE_PIT,2017,15,0.51287,0.48132,0.51124
2017_15_NYJ_NO,2017,15,0.86893,14.13903,0.46881
2017_15_PHI_NYG,2017,15,0.29838,-6.24738,0.49750
2017_15_TEN_SF,2017,15,0.65256,4.77749,0.50564
2017_16_ATL_NO,2017,16,0.63551,4.22540,0.47742
2017_16_BUF_NE,2017,16,0.81290,11.00241,0.48756
2017_16_CLE_CHI,2017,16,0.77519,9.28727,0.51764
2017_16_DEN_WAS,2017,16,0.59035,2.81140,0.48604
2017_16_DET_CIN,2017,16,0.38096,-3.50427,0.48354
2017_16_IND_BAL,2017,16,0.86033,13.59374,0.48829
2017_16_JAX_SF,2017,16,0.33084,-5.12938,0.47858
2017_16_LAC_NYJ,2017,16,0.30756,-5.92459,0.50006
2017_16_LA_TEN,2017,16,0.28810,-6.61537,0.47869
2017_16_MIA_KC,2017,16,0.80922,10.82448,0.48615
2017_16_MIN_GB,2017,16,0.34851,-4.54442,0.51897
2017_16_NYG_ARI,2017,16,0.63697,4.27237,0.49765
2017_16_OAK_PHI,2017,16,0.79442,10.13281,0.48860
2017_16_PIT_HOU,2017,16,0.28539,-6.71392,0.49776
2017_16_SEA_DAL,2017,16,0.55253,1.66439,0.46506
2017_16_TB_CAR,2017,16,0.75061,8.27779,0.47387
2017_17_ARI_SEA,2017,17,0.74743,8.15240,0.48875
2017_17_BUF_MIA,2017,17,0.50875,0.35908,0.51026
2017_17_CAR_ATL,2017,17,0.56006,1.89098,0.46290
2017_17_CHI_MIN,2017,17,0.77632,9.33535,0.45456
2017_17_CIN_BAL,2017,17,0.78486,9.70548,0.50110
2017_17_CLE_PIT,2017,17,0.86066,13.61416,0.55578
2017_17_DAL_PHI,2017,17,0.71117,6.78744,0.56887
2017_17_GB_DET,2017,17,0.63934,4.34848,0.46256
2017_17_HOU_IND,2017,17,0.54034,1.29953,0.45428
2017_17_JAX_TEN,2017,17,0.28182,-6.84438,0.41412
2017_17_KC_DEN,2017,17,0.44381,-1.57610,0.45132
2017_17_NO_TB,2017,17,0.34450,-4.67569,0.49807
2017_17_NYJ_NE,2017,17,0.88797,15.46472,0.47536
2017_17_OAK_LAC,2017,17,0.75201,8.33350,0.49814
2017_17_SF_LA,2017,17,0.68333,5.80810,0.58455
2017_17_WAS_NYG,2017,17,0.40980,-2.60841,0.50655
2017_18_ATL_LA,2017,18,0.65873,4.98041,0.47548
2017_18_BUF_JAX,2017,18,0.76109,8.69940,0.48913
2017_18_CAR_NO,2017,18,0.65835,4.96784,0.47538
2017_18_TEN_KC,2017,18,0.80202,10.48296,0.50330
2017_19_ATL_PHI,2017,19,0.59635,2.99591,0.53118
2017_19_JAX_PIT,2017,19,0.69916,6.35848,0.48245
2017_19_NO_MIN,2017,19,0.65626,4.89904,0.48277
2017_19_TEN_NE,2017,19,0.86897,14.14173,0.49264
2017_20_JAX_NE,2017,20,0.66224,5.09672,0.46848
2017_20_MIN_PHI,2017,20,0.52227,0.76085,0.51743
2017_21_PHI_NE,2017,21,0.49455,-0.06262,0.45143
2018_01_ATL_PHI,2018,1,0.68846,5.90926,0.52448
2018_01_BUF_BAL,2018,1,0.74399,7.89424,0.49321
2018_01_CHI_GB,2018,1,0.61742,3.63123,0.47063
2018_01_CIN_IND,2018,1,0.52621,0.92316,0.50381
2018_01_DAL_CAR,2018,1,0.63330,4.12270,0.50173
2018_01_HOU_NE,2018,1,0.71927,6.98159,0.49728
2018_01_JAX_NYG,2018,1,0.33395,-4.84115,0.47428
2018_01_KC_LAC,2018,1,0.67769,5.54864,0.50468
2018_01_LA_OAK,2018,1,0.37493,-3.54174,0.50752
2018_01_NYJ_DET,2018,1,0.69966,6.29174,0.48558
2018_01_PIT_CLE,2018,1,0.30968,-5.64734,0.47562
2018_01_SEA_DEN,2018,1,0.55042,1.62930,0.48099
2018_01_SF_MIN,2018,1,0.67917,5.59788,0.48770
2018_01_TB_NO,2018,1,0.72088,7.03929,0.47000
2018_01_TEN_MIA,2018,1,0.55722,1.82876,0.51008
2018_01_WAS_ARI,2018,1,0.60527,3.26056,0.49922
2018_02_ARI_LA,2018,2,0.79598,10.02916,0.46648
2018_02_BAL_CIN,2018,2,0.34657,-4.43364,0.45297
2018_02_CAR_ATL,2018,2,0.53261,1.10937,0.46014
2018_02_CLE_NO,2018,2,0.77450,9.10526,0.48429
2018_02_DET_SF,2018,2,0.66814,5.23443,0.48518
2018_02_HOU_TEN,2018,2,0.42528,-2.02008,0.50074
2018_02_IND_WAS,2018,2,0.73105,7.40991,0.50025
2018_02_KC_PIT,2018,2,0.57990,2.49879,0.47663
2018_02_LAC_BUF,2018,2,0.33162,-4.91695,0.50838
2018_02_MIA_NYJ,2018,2,0.64567,4.51167,0.50096
2018_02_MIN_GB,2018,2,0.48988,-0.13099,0.50343
2018_02_NE_JAX,2018,2,0.52705,0.94742,0.51090
2018_02_NYG_DAL,2018,2,0.70556,6.49635,0.51471
2018_02_OAK_DEN,2018,2,0.72096,7.04213,0.50117
2018_02_PHI_TB,2018,2,0.46630,-0.81598,0.50562
2018_02_SEA_CHI,2018,2,0.50954,0.43908,0.45897
2018_03_BUF_MIN,2018,3,0.84117,12.24391,0.46107
2018_03_CHI_ARI,2018,3,0.41996,-2.17803,0.51696
2018_03_CIN_CAR,2018,3,0.58988,2.79682,0.49254
2018_03_DAL_SEA,2018,3,0.59725,3.01811,0.50447
2018_03_DEN_BAL,2018,3,0.72761,7.28369,0.50284
2018_03_GB_WAS,2018,3,0.57152,2.25030,0.52338
2018_03_IND_PHI,2018,3,0.80785,10.57100,0.51868
2018_03_LAC_LA,2018,3,0.66843,5.24374,0.47487
2018_03_NE_DET,2018,3,0.33940,-4.66415,0.50667
2018_03_NO_ATL,2018,3,0.58213,2.56544,0.49786
2018_03_NYG_HOU,2018,3,0.69102,5.99610,0.48699
2018_03_NYJ_CLE,2018,3,0.49459,0.00561,0.46977
2018_03_OAK_MIA,2018,3,0.67539,5.47275,0.50762
2018_03_PIT_TB,2018,3,0.58269,2.58209,0.50144
2018_03_SF_KC,2018,3,0.80995,10.66917,0.52282
2018_03_TEN_JAX,2018,3,0.82639,11.47081,0.50067
2018_04_BAL_PIT,2018,4,0.50502,0.30806,0.47186
2018_04_BUF_GB,2018,4,0.62087,3.73734,0.45758
2018_04_CIN_ATL,2018,4,0.63271,4.10431,0.49467
2018_04_CLE_OAK,2018,4,0.64031,4.34230,0.50325
2018_04_DET_DAL,2018,4,0.58399,2.62076,0.49132
2018_04_HOU_IND,2018,4,0.53919,1.30111,0.50643
2018_04_KC_DEN,2018,4,0.32278,-5.20818,0.47866
2018_04_MIA_NE,2018,4,0.62967,4.00948,0.47325
2018_04_MIN_LA,2018,4,0.82539,11.42004,0.51764
2018_04_NO_NYG,2018,4,0.40642,-2.58278,0.49684
2018_04_NYJ_JAX,2018,4,0.72317,7.12212,0.48786
2018_04_PHI_TEN,2018,4,0.33908,-4.67445,0.47889
2018_04_SEA_ARI,2018,4,0.35690,-4.10510,0.48629
2018_04_SF_LAC,2018,4,0.78156,9.40185,0.48634
2018_04_TB_CHI,2018,4,0.48009,-0.41509,0.46686
2018_05_ARI_SF,2018,5,0.60397,3.22135,0.49202
2018_05_ATL_PIT,2018,5,0.51704,0.65675,0.47081
2018_05_BAL_CLE,2018,5,0.23347,-8.45375,0.45283
2018_05_DAL_HOU,2018,5,0.58305,2.59259,0.48420
2018_05_DEN_NYJ,2018,5,0.55979,1.90433,0.51061
2018_05_GB_DET,2018,5,0.55129,1.65479,0.49502
2018_05_IND_NE,2018,5,0.74769,8.03582,0.47343
2018_05_JAX_KC,2018,5,0.62449,3.84916,0.49637
2018_05_LA_SEA,2018,5,0.31511,-5.46407,0.50459
2018_05_MIA_CIN,2018,5,0.74032,7.75539,0.50265
2018_05_MIN_PHI,2018,5,0.67563,5.48045,0.50420
2018_05_NYG_CAR,2018,5,0.77276,9.03344,0.50457
2018_05_OAK_LAC,2018,5,0.71468,6.81749,0.49961
2018_05_TEN_BUF,2018,5,0.39921,-2.79995,0.51265
2018_05_WAS_NO,2018,5,0.59933,3.08095,0.47374
2018_06_ARI_MIN,2018,6,0.77115,8.96719,0.48333
2018_06_BAL_TEN,2018,6,0.37140,-3.65131,0.48251
2018_06_BUF_HOU,2018,6,0.73731,7.64249,0.47071
2018_06_CAR_WAS,2018,6,0.47532,-0.55361,0.49357
2018_06_CHI_MIA,2018,6,0.26500,-7.23117,0.49234
2018_06_IND_NYJ,2018,6,0.62267,3.79283,0.49944
2018_06_JAX_DAL,2018,6,0.45066,-1.27248,0.50245
2018_06_KC_NE,2018,6,0.48304,-0.32920,0.46056
2018_06_LAC_CLE,2018,6,0.41510,-2.32291,0.46750
2018_06_LA_DEN,2018,6,0.22834,-8.66298,0.47897
2018_06_PHI_NYG,2018,6,0.38973,-3.08772,0.47949
2018_06_PIT_CIN,2018,6,0.50773,0.38664,0.48623
2018_06_SEA_OAK,2018,6,0.29830,-6.03705,0.46947
2018_06_SF_GB,2018,6,0.74202,7.81970,0.48231
2018_06_TB_ATL,2018,6,0.62963,4.00833,0.49747
2018_07_BUF_IND,2018,7,0.61744,3.63183,0.46719
2018_07_CAR_PHI,2018,7,0.68272,5.71640,0.49545
2018_07_CIN_KC,2018,7,0.73106,7.41040,0.49679
2018_07_CLE_TB,2018,7,0.68786,5.88905,0.50704
2018_07_DAL_WAS,2018,7,0.48248,-0.34547,0.49848
2018_07_DEN_ARI,2018,7,0.45819,-1.05228,0.49012
2018_07_DET_MIA,2018,7,0.41792,-2.23863,0.49576
2018_07_HOU_JAX,2018,7,0.65171,4.70375,0.49536
2018_07_LA_SF,2018,7,0.23332,-8.45945,0.48730
2018_07_MIN_NYJ,2018,7,0.55572,1.78458,0.52708
2018_07_NE_CHI,2018,7,0.56182,1.96391,0.51102
2018_07_NO_BAL,2018,7,0.53581,1.20247,0.48150
2018_07_NYG_ATL,2018,7,0.73621,7.60130,0.51197
2018_07_TEN_LAC,2018,7,0.68451,5.77654,0.48547
2018_08_BAL_CAR,2018,8,0.43447,-1.74825,0.49569
2018_08_CLE_PIT,2018,8,0.86358,13.53685,0.52536
2018_08_DEN_KC,2018,8,0.82365,11.33295,0.51011
2018_08_GB_LA,2018,8,0.78667,9.62034,0.50517
2018_08_IND_OAK,2018,8,0.53111,1.06558,0.52211
2018_08_MIA_HOU,2018,8,0.62500,3.86484,0.46535
2018_08_NE_BUF,2018,8,0.17639,-11.00594,0.50776
2018_08_NO_MIN,2018,8,0.46511,-0.85045,0.50191
2018_08_NYJ_CHI,2018,8,0.75201,8.20258,0.48842
2018_08_PHI_JAX,2018,8,0.27312,-6.93160,0.47020
2018_08_SEA_DET,2018,8,0.45875,-1.03599,0.46258
2018_08_SF_ARI,2018,8,0.43911,-1.61157,0.49664
2018_08_TB_CIN,2018,8,0.62542,3.87789,0.49310
2018_08_WAS_NYG,2018,8,0.50474,0.29989,0.49949
2018_09_ATL_WAS,2018,9,0.42975,-1.88773,0.46705
2018_09_CHI_BUF,2018,9,0.17378,-11.13687,0.48607
2018_09_DET_MIN,2018,9,0.61627,3.59609,0.48422
2018_09_GB_NE,2018,9,0.73140,7.42286,0.50727
2018_09_HOU_DEN,2018,9,0.57182,2.25900,0.49921
2018_09_KC_CLE,2018,9,0.16250,-11.72182,0.46130
2018_09_LAC_SEA,2018,9,0.55210,1.67842,0.49518
2018_09_LA_NO,2018,9,0.52622,0.92344,0.51420
2018_09_NYJ_MIA,2018,9,0.54267,1.40267,0.47942
2018_09_OAK_SF,2018,9,0.57237,2.27549,0.51664
2018_09_PIT_BAL,2018,9,0.58099,2.53135,0.49763
2018_09_TB_CAR,2018,9,0.72258,7.10048,0.49811
2018_09_TEN_DAL,2018,9,0.70029,6.31357,0.50305
2018_10_ARI_KC,2018,10,0.92163,18.02613,0.50106
2018_10_ATL_CLE,2018,10,0.29024,-6.31832,0.48481
2018_10_BUF_NYJ,2018,10,0.73149,7.42615,0.49690
2018_10_CAR_PIT,2018,10,0.60070,3.12242,0.48787
2018_10_DAL_PHI,2018,10,0.77967,9.32177,0.50311
2018_10_DET_CHI,2018,10,0.73327,7.49181,0.49043
2018_10_JAX_IND,2018,10,0.60615,3.28750,0.49247
2018_10_LAC_OAK,2018,10,0.20126,-9.82804,0.49514
2018_10_MIA_GB,2018,10,0.73281,7.47491,0.45234
2018_10_NE_TEN,2018,10,0.37201,-3.63235,0.50689
2018_10_NO_CIN,2018,10,0.39944,-2.79308,0.50924
2018_10_NYG_SF,2018,10,0.60533,3.26255,0.49230
2018_10_SEA_LA,2018,10,0.71005,6.65386,0.46734
2018_10_WAS_TB,2018,10,0.57310,2.29700,0.48215
2018_11_CAR_DET,2018,11,0.42636,-1.98783,0.50442
2018_11_CIN_BAL,2018,11,0.79146,9.82888,0.51355
2018_11_DAL_ATL,2018,11,0.58416,2.62572,0.48443
2018_11_DEN_LAC,2018,11,0.65199,4.71271,0.47120
2018_11_GB_SEA,2018,11,0.70305,6.40884,0.51410
2018_11_HOU_WAS,2018,11,0.46562,-0.83583,0.50548
2018_11_KC_LA,2018,11,0.55695,1.82080,0.48232
2018_11_MIN_CHI,2018,11,0.59885,3.06654,0.49441
2018_11_OAK_ARI,2018,11,0.59913,3.07500,0.48062
2018_11_PHI_NO,2018,11,0.74506,7.93499,0.49696
2018_11_PIT_JAX,2018,11,0.31431,-5.49089,0.48016
2018_11_TB_NYG,2018,11,0.59084,2.82563,0.48927
2018_11_TEN_IND,2018,11,0.52885,0.99983,0.48356
2018_12_ARI_LAC,2018,12,0.87477,14.25060,0.49222
2018_12_ATL_NO,2018,12,0.84158,12.26636,0.49579
2018_12_CHI_DET,2018,12,0.46557,-0.83716,0.50547
2018_12_CLE_CIN,2018,12,0.50047,0.17624,0.49863
2018_12_GB_MIN,2018,12,0.59274,2.88261,0.48274
2018_12_JAX_BUF,2018,12,0.47065,-0.68942,0.50649
2018_12_MIA_IND,2018,12,0.77111,8.96523,0.49024
2018_12_NE_NYJ,2018,12,0.28402,-6.53851,0.53520
2018_12_NYG_PHI,2018,12,0.65715,4.87791,0.49310
2018_12_OAK_BAL,2018,12,0.86561,13.66266,0.49507
2018_12_PIT_DEN,2018,12,0.37818,-3.44145,0.48742
2018_12_SEA_CAR,2018,12,0.56468,2.04808,0.48389
2018_12_SF_TB,2018,12,0.48222,-0.35324,0.47765
2018_12_TEN_HOU,2018,12,0.61050,3.41980,0.48993
2018_12_WAS_DAL,2018,12,0.74650,7.99035,0.49734
2018_13_ARI_GB,2018,13,0.84291,12.33883,0.48244
2018_13_BAL_ATL,2018,13,0.51983,0.73777,0.47828
2018_13_BUF_MIA,2018,13,0.56227,1.97708,0.47994
2018_13_CAR_TB,2018,13,0.40411,-2.65221,0.49636
2018_13_CHI_NYG,2018,13,0.45150,-1.24793,0.50609
2018_13_CLE_HOU,2018,13,0.65527,4.81744,0.48922
2018_13_DEN_CIN,2018,13,0.36939,-3.71373,0.48900
2018_13_IND_JAX,2018,13,0.41037,-2.46433,0.50112
2018_13_KC_OAK,2018,13,0.10483,-15.38153,0.48092
2018_13_LAC_PIT,2018,13,0.61814,3.65348,0.49155
2018_13_LA_DET,2018,13,0.21384,-9.27354,0.49898
2018_13_MIN_NE,2018,13,0.65021,4.65569,0.48117
2018_13_NO_DAL,2018,13,0.28928,-6.35206,0.49497
2018_13_NYJ_TEN,2018,13,0.70528,6.48672,0.46274
2018_13_SF_SEA,2018,13,0.81583,10.94930,0.49706
2018_13_WAS_PHI,2018,13,0.68852,5.91148,0.49333
2018_14_ATL_GB,2018,14,0.58134,2.54173,0.48039
2018_14_BAL_KC,2018,14,0.74896,8.08454,0.50146
2018_14_CAR_CLE,2018,14,0.46907,-0.73532,0.49232
2018_14_CIN_LAC,2018,14,0.89705,15.85261,0.48254
2018_14_DEN_SF,2018,14,0.38541,-3.21950,0.48896
2018_14_DET_ARI,2018,14,0.44918,-1.31583,0.49869
2018_14_IND_HOU,2018,14,0.61964,3.69947,0.48840
2018_14_JAX_TEN,2018,14,0.59329,2.89919,0.47249
2018_14_LA_CHI,2018,14,0.53956,1.31189,0.52035
2018_14_MIN_SEA,2018,14,0.72061,7.02942,0.51840
2018_14_NE_MIA,2018,14,0.25658,-7.54774,0.49708
2018_14_NO_TB,2018,14,0.22195,-8.92822,0.48752
2018_14_NYG_WAS,2018,14,0.50451,0.29343,0.51330
2018_14_NYJ_BUF,2018,14,0.63756,4.25602,0.48879
2018_14_PHI_DAL,2018,14,0.62592,3.89328,0.49321
2018_14_PIT_OAK,2018,14,0.22847,-8.65775,0.50325
2018_15_ARI_ATL,2018,15,0.80054,10.23452,0.49211
2018_15_CLE_DEN,2018,15,0.65406,4.77875,0.51666
2018_15_DAL_IND,2018,15,0.50220,0.22636,0.47129
2018_15_DET_BUF,2018,15,0.54303,1.41315,0.48296
2018_15_GB_CHI,2018,15,0.70290,6.40377,0.49328
2018_15_HOU_NYJ,2018,15,0.36709,-3.78540,0.51275
2018_15_LAC_KC,2018,15,0.64908,4.61993,0.49824
2018_15_MIA_MIN,2018,15,0.73233,7.45695,0.49018
2018_15_NE_PIT,2018,15,0.56221,1.97541,0.52148
2018_15_NO_CAR,2018,15,0.30189,-5.91338,0.49108
2018_15_OAK_CIN,2018,15,0.63875,4.29335,0.49944
2018_15_PHI_LA,2018,15,0.78279,9.45389,0.46251
2018_15_SEA_SF,2018,15,0.28612,-6.46403,0.46998
2018_15_TB_BAL,2018,15,0.75151,8.18350,0.48829
2018_15_TEN_NYG,2018,15,0.57104,2.23615,0.52328
2018_15_WAS_JAX,2018,15,0.62211,3.77545,0.46473
2018_16_ATL_CAR,2018,16,0.50120,0.19734,0.50917
2018_16_BAL_LAC,2018,16,0.66515,5.13682,0.49836
2018_16_BUF_NE,2018,16,0.80977,10.66083,0.46739
2018_16_CHI_SF,2018,16,0.34318,-4.54238,0.48326
2018_16_CIN_CLE,2018,16,0.65651,4.85736,0.45497
2018_16_DEN_OAK,2018,16,0.34032,-4.63436,0.47571
2018_16_GB_NYJ,2018,16,0.43141,-1.83851,0.49853
2018_16_HOU_PHI,2018,16,0.55728,1.83033,0.49624
2018_16_JAX_MIA,2018,16,0.50380,0.27275,0.47161
2018_16_KC_SEA,2018,16,0.52712,0.94952,0.50399
2018_16_LA_ARI,2018,16,0.15408,-12.17955,0.50656
2018_16_MIN_DET,2018,16,0.42152,-2.13161,0.52074
2018_16_NYG_IND,2018,16,0.70486,6.47195,0.46608
2018_16_PIT_NO,2018,16,0.66694,5.19506,0.48145
2018_16_TB_DAL,2018,16,0.72403,7.15319,0.49154
2018_16_WAS_TEN,2018,16,0.66828,5.23904,0.44045
2018_17_ARI_SEA,2018,17,0.92400,18.26708,0.50966
2018_17_ATL_TB,2018,17,0.46817,-0.76139,0.50253
2018_17_CAR_NO,2018,17,0.74072,7.77031,0.48889
2018_17_CHI_MIN,2018,17,0.48577,-0.25017,0.44736
2018_17_CIN_PIT,2018,17,0.83006,11.65748,0.47427
2018_17_CLE_BAL,2018,17,0.73615,7.59885,0.49463
2018_17_DAL_NYG,2018,17,0.49420,-0.00559,0.43878
2018_17_DET_GB,2018,17,0.58284,2.58652,0.45654
2018_17_IND_TEN,2018,17,0.39939,-2.79463,0.50576
2018_17_JAX_HOU,2018,17,0.67643,5.50713,0.48015
2018_17_LAC_DEN,2018,17,0.44757,-1.36292,0.52951
2018_17_MIA_BUF,2018,17,0.65351,4.76129,0.48537
2018_17_NYJ_NE,2018,17,0.77846,9.27084,0.45781
2018_17_OAK_KC,2018,17,0.89461,15.66310,0.49854
2018_17_PHI_WAS,2018,17,0.38306,-3.29147,0.50925
2018_17_SF_LA,2018,17,0.79270,9.88346,0.48621
2018_18_IND_HOU,2018,18,0.55844,1.86441,0.48954
2018_18_LAC_BAL,2018,18,0.65401,4.77735,0.50280
2018_18_PHI_CHI,2018,18,0.64592,4.51958,0.47677
2018_18_SEA_DAL,2018,18,0.55176,1.66839,0.48472
2018_19_DAL_LA,2018,19,0.72551,7.20682,0.48845
2018_19_IND_KC,2018,19,0.76460,8.70075,0.52304
2018_19_LAC_NE,2018,19,0.73140,7.42287,0.51420
2018_19_PHI_NO,2018,19,0.75435,8.29390,0.48905
2018_20_LA_NO,2018,20,0.65362,4.76477,0.50271
2018_20_NE_KC,2018,20,0.62135,3.75209,0.49569
2018_21_NE_LA,2018,21,0.42385,-2.06240,0.49005
2019_01_ATL_MIN,2019,1,0.62373,3.67227,0.48979
2019_01_BAL_MIA,2019,1,0.39958,-2.88182,0.51910
2019_01_BUF_NYJ,2019,1,0.51929,0.59685,0.47439
2019_01_CIN_SEA,2019,1,0.73689,7.43859,0.47322
2019_01_DEN_OAK,2019,1,0.39931,-2.89015,0.48933
2019_01_DET_ARI,2019,1,0.52319,0.70926,0.51235
2019_01_GB_CHI,2019,1,0.69064,5.81021,0.50567
2019_01_HOU_NO,2019,1,0.66246,4.88504,0.47653
2019_01_IND_LAC,2019,1,0.70853,6.42183,0.49164
2019_01_KC_JAX,2019,1,0.44600,-1.51474,0.50326
2019_01_LA_CAR,2019,1,0.53191,0.96056,0.50679
2019_01_NYG_DAL,2019,1,0.67371,5.24948,0.47552
2019_01_PIT_NE,2019,1,0.61349,3.36049,0.47264
2019_01_SF_TB,2019,1,0.61080,3.27918,0.50544
2019_01_TEN_CLE,2019,1,0.57889,2.32784,0.46500
2019_01_WAS_PHI,2019,1,0.69771,6.04930,0.45556
2019_02_ARI_BAL,2019,2,0.90705,16.40299,0.51379
2019_02_BUF_NYG,2019,2,0.58685,2.56302,0.51498
2019_02_CHI_DEN,2019,2,0.50505,0.18750,0.51219
2019_02_CLE_NYJ,2019,2,0.56051,1.78940,0.54993
2019_02_DAL_WAS,2019,2,0.40091,-2.84228,0.51197
2019_02_IND_TEN,2019,2,0.68183,5.51642,0.50720
2019_02_JAX_HOU,2019,2,0.73375,7.32292,0.48719
2019_02_KC_OAK,2019,2,0.29374,-6.25803,0.49402
2019_02_LAC_DET,2019,2,0.52245,0.68802,0.50105
2019_02_MIN_GB,2019,2,0.47559,-0.65913,0.46140
2019_02_NE_MIA,2019,2,0.19067,-10.33957,0.54530
2019_02_NO_LA,2019,2,0.57417,2.18911,0.48991
2019_02_PHI_ATL,2019,2,0.40216,-2.80474,0.47512
2019_02_SEA_PIT,2019,2,0.53412,1.02412,0.46645
2019_02_SF_CIN,2019,2,0.60687,3.16052,0.50456
2019_02_TB_CAR,2019,2,0.71357,6.59787,0.48924
2019_03_ATL_IND,2019,3,0.62609,3.74451,0.50890
2019_03_BAL_KC,2019,3,0.55108,1.51504,0.46638
2019_03_CAR_ARI,2019,3,0.59775,2.88716,0.49138
2019_03_CHI_WAS,2019,3,0.47840,-0.57826,0.52135
2019_03_CIN_BUF,2019,3,0.63755,4.09835,0.47811
2019_03_DEN_GB,2019,3,0.60746,3.17835,0.46020
2019_03_DET_PHI,2019,3,0.61891,3.52514,0.48498
2019_03_HOU_LAC,2019,3,0.64502,4.33169,0.49840
2019_03_LA_CLE,2019,3,0.36876,-3.81784,0.48986
2019_03_MIA_DAL,2019,3,0.95126,21.38079,0.48391
2019_03_NO_SEA,2019,3,0.73018,7.19214,0.50479
2019_03_NYG_TB,2019,3,0.64653,4.37908,0.48390
2019_03_NYJ_NE,2019,3,0.91833,17.42116,0.46569
2019_03_OAK_MIN,2019,3,0.79049,9.57889,0.49652
2019_03_PIT_SF,2019,3,0.80560,10.25246,0.52009
2019_03_TEN_JAX,2019,3,0.39703,-2.95835,0.47769
2019_04_CAR_HOU,2019,4,0.61905,3.52921,0.47389
2019_04_CIN_PIT,2019,4,0.52962,0.89443,0.46919
2019_04_CLE_BAL,2019,4,0.84906,12.44680,0.52524
2019_04_DAL_NO,2019,4,0.38625,-3.28328,0.48269
2019_04_JAX_DEN,2019,4,0.58479,2.50215,0.48853
2019_04_KC_DET,2019,4,0.34001,-4.72085,0.50916
2019_04_LAC_MIA,2019,4,0.17277,-11.20488,0.51670
2019_04_MIN_CHI,2019,4,0.56165,1.82262,0.50948
2019_04_NE_BUF,2019,4,0.23769,-8.32703,0.47866
2019_04_OAK_IND,2019,4,0.79582,9.81245,0.52054
2019_04_PHI_GB,2019,4,0.59559,2.82278,0.48348
2019_04_SEA_ARI,2019,4,0.36829,-3.83237,0.50090
2019_04_TB_LA,2019,4,0.83170,11.51692,0.50721
2019_04_TEN_ATL,2019,4,0.50992,0.32758,0.46499
2019_04_WAS_NYG,2019,4,0.57167,2.11552,0.48194
2019_05_ARI_CIN,2019,5,0.58214,2.42361,0.48423
2019_05_ATL_HOU,2019,5,0.64648,4.37731,0.49131
2019_05_BAL_PIT,2019,5,0.35250,-4.32439,0.48239
2019_05_BUF_TEN,2019,5,0.67723,5.36453,0.50236
2019_05_CHI_OAK,2019,5,0.27161,-7.04194,0.48449
2019_05_CLE_SF,2019,5,0.72338,6.94615,0.50297
2019_05_DEN_LAC,2019,5,0.70799,6.40290,0.50636
2019_05_GB_DAL,2019,5,0.68068,5.47845,0.50321
2019_05_IND_KC,2019,5,0.79895,9.95144,0.48444
2019_05_JAX_CAR,2019,5,0.60720,3.17065,0.48978
2019_05_LA_SEA,2019,5,0.56034,1.78446,0.49062
2019_05_MIN_NYG,2019,5,0.48850,-0.28786,0.52721
2019_05_NE_WAS,2019,5,0.13331,-13.40188,0.50410
2019_05_NYJ_PHI,2019,5,0.74831,7.86781,0.44319
2019_05_TB_NO,2019,5,0.56859,2.02527,0.48127
2019_06_ATL_ARI,2019,6,0.55467,1.61931,0.52281
2019_06_CAR_TB,2019,6,0.43222,-1.91665,0.48913
2019_06_CIN_BAL,2019,6,0.84910,12.44905,0.50299
2019_06_DAL_NYJ,2019,6,0.28620,-6.52091,0.49207
2019_06_DET_GB,2019,6,0.56354,1.87780,0.47647
2019_06_HOU_KC,2019,6,0.67182,5.18754,0.50105
2019_06_NO_JAX,2019,6,0.48880,-0.27912,0.46790
2019_06_NYG_NE,2019,6,0.88418,14.64002,0.47471
2019_06_PHI_MIN,2019,6,0.65053,4.50513,0.49598
2019_06_PIT_LAC,2019,6,0.65802,4.74276,0.47918
2019_06_SEA_CLE,2019,6,0.37929,-3.49499,0.45523
2019_06_SF_LA,2019,6,0.58646,2.55136,0.48518
2019_06_TEN_DEN,2019,6,0.50110,0.07424,0.48164
2019_06_WAS_MIA,2019,6,0.37432,-3.64685,0.50599
2019_07_ARI_NYG,2019,7,0.54972,1.47545,0.47349
2019_07_BAL_SEA,2019,7,0.58476,2.50105,0.48480
2019_07_HOU_IND,2019,7,0.50955,0.31701,0.47973
2019_07_JAX_CIN,2019,7,0.45689,-1.19894,0.50932
2019_07_KC_DEN,2019,7,0.38949,-3.18526,0.48713
2019_07_LAC_TEN,2019,7,0.53185,0.95870,0.47337
2019_07_LA_ATL,2019,7,0.48202,-0.47432,0.50727
2019_07_MIA_BUF,2019,7,0.90088,15.89281,0.48029
2019_07_MIN_DET,2019,7,0.38947,-3.18582,0.48342
2019_07_NE_NYJ,2019,7,0.14691,-12.59062,0.46560
2019_07_NO_CHI,2019,7,0.67158,5.17973,0.49727
2019_07_OAK_GB,2019,7,0.70965,6.46069,0.49565
2019_07_PHI_DAL,2019,7,0.64025,4.18229,0.49729
2019_07_SF_WAS,2019,7,0.26027,-7.45910,0.50739
2019_08_ARI_NO,2019,8,0.82793,11.32505,0.47979
2019_08_CAR_SF,2019,8,0.62677,3.76554,0.48306
2019_08_CIN_LA,2019,8,0.76817,8.64610,0.46365
2019_08_CLE_NE,2019,8,0.86938,13.65545,0.51937
2019_08_DEN_IND,2019,8,0.70890,6.43450,0.49174
2019_08_GB_KC,2019,8,0.41746,-2.35046,0.50819
2019_08_LAC_CHI,2019,8,0.66247,4.88541,0.49880
2019_08_MIA_PIT,2019,8,0.90426,16.16858,0.50462
2019_08_NYG_DET,2019,8,0.74647,7.79798,0.49815
2019_08_NYJ_JAX,2019,8,0.78451,9.32215,0.50576
2019_08_OAK_HOU,2019,8,0.80316,10.14097,0.52668
2019_08_PHI_BUF,2019,8,0.58194,2.41777,0.49904
2019_08_SEA_ATL,2019,8,0.28154,-6.68567,0.49456
2019_08_TB_TEN,2019,8,0.49833,-0.00534,0.47363
2019_08_WAS_MIN,2019,8,0.90366,16.11878,0.48568
2019_09_CHI_PHI,2019,9,0.55264,1.56027,0.46302
2019_09_CLE_DEN,2019,9,0.58905,2.62831,0.53768
2019_09_DAL_NYG,2019,9,0.23069,-8.60721,0.47288
2019_09_DET_OAK,2019,9,0.48858,-0.28562,0.46785
2019_09_GB_LAC,2019,9,0.44273,-1.60978,0.50627
2019_09_HOU_JAX,2019,9,0.41012,-2.56768,0.46207
2019_09_IND_PIT,2019,9,0.58532,2.51782,0.49978
2019_09_MIN_KC,2019,9,0.34242,-4.64368,0.49487
2019_09_NE_BAL,2019,9,0.47273,-0.74161,0.50529
2019_09_NYJ_MIA,2019,9,0.50072,0.06324,0.51498
2019_09_SF_ARI,2019,9,0.22330,-8.90976,0.50032
2019_09_TB_SEA,2019,9,0.73143,7.23789,0.51256
2019_09_TEN_CAR,2019,9,0.53312,0.99528,0.46993
2019_09_WAS_BUF,2019,9,0.73829,7.49053,0.46620
2019_10_ARI_TB,2019,10,0.69620,5.99791,0.49221
2019_10_ATL_NO,2019,10,0.86249,13.22912,0.48279
2019_10_BAL_CIN,2019,10,0.18078,-10.80969,0.48621
2019_10_BUF_CLE,2019,10,0.49581,-0.07786,0.46569
2019_10_CAR_GB,2019,10,0.70225,6.20470,0.49746
2019_10_DET_CHI,2019,10,0.69048,5.80487,0.48706
2019_10_KC_TEN,2019,10,0.32704,-5.13974,0.48747
2019_10_LAC_OAK,2019,10,0.45987,-1.11266,0.48767
2019_10_LA_PIT,2019,10,0.41037,-2.56044,0.49920
2019_10_MIA_IND,2019,10,0.80918,10.41790,0.48419
2019_10_MIN_DAL,2019,10,0.50679,0.23763,0.46433
2019_10_NYG_NYJ,2019,10,0.46866,-0.85893,0.50442
2019_10_SEA_SF,2019,10,0.71468,6.63700,0.48953
2019_11_ARI_SF,2019,11,0.81223,10.56075,0.49267
2019_11_ATL_CAR,2019,11,0.61903,3.52879,0.48872
2019_11_BUF_MIA,2019,11,0.31897,-5.40475,0.50036
2019_11_CHI_LA,2019,11,0.70668,6.35763,0.49859
2019_11_CIN_OAK,2019,11,0.83773,11.83052,0.47983
2019_11_DAL_DET,2019,11,0.29734,-6.13365,0.49866
2019_11_DEN_MIN,2019,11,0.79226,9.65575,0.48595
2019_11_HOU_BAL,2019,11,0.68861,5.74222,0.50145
2019_11_JAX_IND,2019,11,0.53007,0.90728,0.47669
2019_11_KC_LAC,2019,11,0.27623,-6.87530,0.47830
2019_11_NE_PHI,2019,11,0.26871,-7.14772,0.46888
2019_11_NO_TB,2019,11,0.38957,-3.18297,0.50201
2019_11_NYJ_WAS,2019,11,0.61015,3.25955,0.50530
2019_11_PIT_CLE,2019,11,0.43526,-1.82771,0.45278
2019_12_BAL_LA,2019,12,0.34342,-4.61175,0.48026
2019_12_CAR_NO,2019,12,0.81470,10.67733,0.49354
2019_12_DAL_NE,2019,12,0.72968,7.17383,0.50094
2019_12_DEN_BUF,2019,12,0.67843,5.40416,0.50266
2019_12_DET_WAS,2019,12,0.33456,-4.89585,0.48186
2019_12_GB_SF,2019,12,0.63244,3.93998,0.49549
2019_12_IND_HOU,2019,12,0.59682,2.85939,0.48375
2019_12_JAX_TEN,2019,12,0.68954,5.77345,0.49797
2019_12_MIA_CLE,2019,12,0.81989,10.92724,0.48797
2019_12_NYG_CHI,2019,12,0.68964,5.77653,0.48685
2019_12_OAK_NYJ,2019,12,0.49259,-0.17043,0.51324
2019_12_PIT_CIN,2019,12,0.24283,-8.12484,0.46904
2019_12_SEA_PHI,2019,12,0.47843,-0.57746,0.49165
2019_12_TB_ATL,2019,12,0.62554,3.72765,0.49020
2019_13_BUF_DAL,2019,13,0.69601,5.99167,0.48474
2019_13_CHI_DET,2019,13,0.44079,-1.66645,0.51698
2019_13_CLE_PIT,2019,13,0.55973,1.76653,0.50906
2019_13_GB_NYG,2019,13,0.34889,-4.43834,0.50383
2019_13_LAC_DEN,2019,13,0.39630,-2.98023,0.49980
2019_13_LA_ARI,2019,13,0.46255,-1.03521,0.49939
2019_13_MIN_SEA,2019,13,0.38294,-3.38378,0.44501
2019_13_NE_HOU,2019,13,0.33100,-5.01092,0.47730
2019_13_NO_ATL,2019,13,0.31779,-5.44398,0.50007
2019_13_NYJ_CIN,2019,13,0.46806,-0.87622,0.50057
2019_13_OAK_KC,2019,13,0.88778,14.89578,0.51373
2019_13_PHI_MIA,2019,13,0.29097,-6.35416,0.51930
2019_13_SF_BAL,2019,13,0.81835,10.85238,0.52825
2019_13_TB_JAX,2019,13,0.50992,0.32743,0.51323
2019_13_TEN_IND,2019,13,0.53007,0.90731,0.50268
2019_13_WAS_CAR,2019,13,0.79535,9.79159,0.48325
2019_14_BAL_BUF,2019,14,0.22111,-9.00087,0.46996
2019_14_CAR_ATL,2019,14,0.53056,0.92153,0.46939
2019_14_CIN_CLE,2019,14,0.71804,6.75577,0.49041
2019_14_DAL_CHI,2019,14,0.46932,-0.83999,0.50456
2019_14_DEN_HOU,2019,14,0.74156,7.61261,0.48563
2019_14_DET_MIN,2019,14,0.82230,11.04483,0.48142
2019_14_IND_TB,2019,14,0.55071,1.50421,0.47741
2019_14_KC_NE,2019,14,0.66665,5.02004,0.50352
2019_14_LAC_JAX,2019,14,0.46246,-1.03777,0.50680
2019_14_MIA_NYJ,2019,14,0.69846,6.07497,0.49649
2019_14_NYG_PHI,2019,14,0.70177,6.18803,0.46396
2019_14_PIT_ARI,2019,14,0.37596,-3.59652,0.48037
2019_14_SEA_LA,2019,14,0.63122,3.90233,0.51007
2019_14_SF_NO,2019,14,0.52157,0.66264,0.48600
2019_14_TEN_OAK,2019,14,0.37326,-3.67938,0.48347
2019_14_WAS_GB,2019,14,0.85448,12.75530,0.48669
2019_15_ATL_SF,2019,15,0.86577,13.42939,0.51027
2019_15_BUF_PIT,2019,15,0.56897,2.03641,0.49621
2019_15_CHI_GB,2019,15,0.55855,1.73234,0.47169
2019_15_CLE_ARI,2019,15,0.40045,-2.85597,0.48958
2019_15_DEN_KC,2019,15,0.76914,8.68537,0.47875
2019_15_HOU_TEN,2019,15,0.66914,5.10068,0.50412
2019_15_IND_NO,2019,15,0.73330,7.30611,0.48336
2019_15_JAX_OAK,2019,15,0.63783,4.10713,0.46706
2019_15_LA_DAL,2019,15,0.50384,0.15296,0.49707
2019_15_MIA_NYG,2019,15,0.66793,5.06137,0.50011
2019_15_MIN_LAC,2019,15,0.49144,-0.20346,0.49443
2019_15_NE_CIN,2019,15,0.17210,-11.23854,0.48303
2019_15_NYJ_BAL,2019,15,0.93478,19.16356,0.50458
2019_15_PHI_WAS,2019,15,0.31084,-5.67546,0.49835
2019_15_SEA_CAR,2019,15,0.44184,-1.63590,0.52092
2019_15_TB_DET,2019,15,0.45691,-1.19844,0.52046
2019_16_ARI_SEA,2019,16,0.81078,10.49253,0.50703
2019_16_BAL_CLE,2019,16,0.15540,-12.11522,0.46912
2019_16_BUF_NE,2019,16,0.75773,8.23150,0.49766
2019_16_CAR_IND,2019,16,0.67060,5.14786,0.47106
2019_16_CIN_MIA,2019,16,0.52090,0.64337,0.50443
2019_16_DAL_PHI,2019,16,0.45676,-1.20264,0.49443
2019_16_DET_DEN,2019,16,0.70145,6.17706,0.46388
2019_16_GB_MIN,2019,16,0.74473,7.73197,0.51623
2019_16_HOU_TB,2019,16,0.60301,3.04469,0.53337
2019_16_JAX_ATL,2019,16,0.71190,6.53922,0.48138
2019_16_KC_CHI,2019,16,0.35675,-4.19090,0.50566
2019_16_LA_SF,2019,16,0.67636,5.33623,0.47616
2019_16_NO_TEN,2019,16,0.43738,-1.76595,0.50139
2019_16_NYG_WAS,2019,16,0.50942,0.31316,0.49826
2019_16_OAK_LAC,2019,16,0.76616,8.56522,0.49642
2019_16_PIT_NYJ,2019,16,0.37523,-3.61898,0.48391
2019_17_ARI_LA,2019,17,0.79759,9.89072,0.50998
2019_17_ATL_TB,2019,17,0.61883,3.52266,0.50725
2019_17_CHI_MIN,2019,17,0.62439,3.69236,0.55656
2019_17_CLE_CIN,2019,17,0.39222,-3.10291,0.48403
2019_17_GB_DET,2019,17,0.34128,-4.68023,0.55383
2019_17_IND_JAX,2019,17,0.36609,-3.90027,0.49668
2019_17_LAC_KC,2019,17,0.80822,10.37334,0.49128
2019_17_MIA_NE,2019,17,0.93100,18.73088,0.49765
2019_17_NO_CAR,2019,17,0.17469,-11.10880,0.50627
2019_17_NYJ_BUF,2019,17,0.73578,7.39769,0.55440
2019_17_OAK_DEN,2019,17,0.68351,5.57221,0.48905
2019_17_PHI_NYG,2019,17,0.38658,-3.27347,0.49391
2019_17_PIT_BAL,2019,17,0.76771,8.62758,0.56706
2019_17_SF_SEA,2019,17,0.39882,-2.90475,0.49293
2019_17_TEN_HOU,2019,17,0.35382,-4.28279,0.53095
2019_17_WAS_DAL,2019,17,0.82548,11.20216,0.47517
2019_18_BUF_HOU,2019,18,0.55541,1.64083,0.48213
2019_18_MIN_NO,2019,18,0.72359,6.95381,0.48445
2019_18_SEA_PHI,2019,18,0.61332,3.35550,0.50601
2019_18_TEN_NE,2019,18,0.67789,5.38651,0.49509
2019_19_HOU_KC,2019,19,0.82444,11.15040,0.49705
2019_19_MIN_SF,2019,19,0.71082,6.50154,0.48481
2019_19_SEA_GB,2019,19,0.61891,3.52514,0.48127
2019_19_TEN_BAL,2019,19,0.85965,13.05827,0.51123
2019_20_GB_SF,2019,20,0.75818,8.24936,0.49036
2019_20_TEN_KC,2019,20,0.66152,4.85481,0.46889
2019_21_SF_KC,2019,21,0.58522,2.51471,0.49605
2020_01_ARI_SF,2020,1,0.77241,8.90065,0.49231
2020_01_CHI_DET,2020,1,0.54839,1.33387,0.47871
2020_01_CLE_BAL,2020,1,0.79475,9.87113,0.49662
2020_01_DAL_LA,2020,1,0.60109,2.92288,0.49241
2020_01_GB_MIN,2020,1,0.61404,3.32277,0.49419
2020_01_HOU_KC,2020,1,0.72859,7.17414,0.47358
2020_01_IND_JAX,2020,1,0.44697,-1.66342,0.50756
2020_01_LAC_CIN,2020,1,0.51212,0.26123,0.49613
2020_01_LV_CAR,2020,1,0.61848,3.46073,0.51255
2020_01_MIA_NE,2020,1,0.79951,10.08765,0.49536
2020_01_NYJ_BUF,2020,1,0.68244,5.53618,0.47961
2020_01_PHI_WAS,2020,1,0.36953,-4.02881,0.49041
2020_01_PIT_NYG,2020,1,0.38761,-3.46291,0.49514
2020_01_SEA_ATL,2020,1,0.52607,0.67266,0.48243
2020_01_TB_NO,2020,1,0.72024,6.86608,0.49660
2020_01_TEN_DEN,2020,1,0.43375,-2.05816,0.48806
2020_02_ATL_DAL,2020,2,0.67203,5.18551,0.49358
2020_02_BAL_HOU,2020,2,0.25286,-8.07198,0.48135
2020_02_BUF_MIA,2020,2,0.34864,-4.69708,0.48744
2020_02_CAR_TB,2020,2,0.59560,2.75470,0.46288
2020_02_CIN_CLE,2020,2,0.61264,3.27928,0.47183
2020_02_DEN_PIT,2020,2,0.69811,6.07588,0.48422
2020_02_DET_GB,2020,2,0.67340,5.23130,0.47604
2020_02_JAX_TEN,2020,2,0.73275,7.32964,0.48534
2020_02_KC_LAC,2020,2,0.31752,-5.72903,0.49617
2020_02_LA_PHI,2020,2,0.44221,-1.80508,0.46703
2020_02_MIN_IND,2020,2,0.49163,-0.34212,0.46687
2020_02_NE_SEA,2020,2,0.58531,2.44128,0.47697
2020_02_NO_LV,2020,2,0.38005,-3.69829,0.48522
2020_02_NYG_CHI,2020,2,0.70550,6.33592,0.49203
2020_02_SF_NYJ,2020,2,0.38114,-3.66413,0.49868
2020_02_WAS_ARI,2020,2,0.70757,6.40937,0.47905
2020_03_CAR_LAC,2020,3,0.68339,5.56856,0.48197
2020_03_CHI_ATL,2020,3,0.53577,0.95928,0.47705
2020_03_CIN_PHI,2020,3,0.56495,1.82768,0.46762
2020_03_DAL_SEA,2020,3,0.65390,4.58829,0.47984
2020_03_DET_ARI,2020,3,0.69041,5.80896,0.48969
2020_03_GB_NO,2020,3,0.54125,1.12186,0.47334
2020_03_HOU_PIT,2020,3,0.69684,6.03162,0.49289
2020_03_KC_BAL,2020,3,0.71357,6.62414,0.49774
2020_03_LA_BUF,2020,3,0.53555,0.95302,0.48146
2020_03_LV_NE,2020,3,0.79930,10.07825,0.49754
2020_03_MIA_JAX,2020,3,0.69326,5.90721,0.49678
2020_03_NYJ_IND,2020,3,0.73541,7.42998,0.46145
2020_03_SF_NYG,2020,3,0.36600,-4.14055,0.47883
2020_03_TB_DEN,2020,3,0.57285,2.06496,0.51966
2020_03_TEN_MIN,2020,3,0.42087,-2.44590,0.48634
2020_03_WAS_CLE,2020,3,0.65504,4.62541,0.47115
2020_04_ARI_CAR,2020,4,0.52480,0.63507,0.50001
2020_04_ATL_GB,2020,4,0.76211,8.47581,0.49930
2020_04_BAL_WAS,2020,4,0.15297,-12.69617,0.49188
2020_04_BUF_LV,2020,4,0.43628,-1.98253,0.48839
2020_04_CLE_DAL,2020,4,0.69733,6.04868,0.49519
2020_04_DEN_NYJ,2020,4,0.45197,-1.51452,0.47274
2020_04_IND_CHI,2020,4,0.44458,-1.73442,0.49171
2020_04_JAX_CIN,2020,4,0.53838,1.03678,0.48404
2020_04_LAC_TB,2020,4,0.67788,5.38199,0.47450
2020_04_MIN_HOU,2020,4,0.51613,0.37945,0.47006
2020_04_NE_KC,2020,4,0.75601,8.23023,0.48934
2020_04_NO_DET,2020,4,0.38807,-3.44853,0.48189
2020_04_NYG_LA,2020,4,0.88754,15.11292,0.49104
2020_04_PHI_SF,2020,4,0.86870,13.81471,0.50747
2020_04_SEA_MIA,2020,4,0.38306,-3.60443,0.48785
2020_05_ARI_NYJ,2020,5,0.39873,-3.11987,0.50110
2020_05_BUF_TEN,2020,5,0.59485,2.73165,0.50932
2020_05_CAR_ATL,2020,5,0.52565,0.66022,0.47573
2020_05_CIN_BAL,2020,5,0.84156,12.19816,0.48254
2020_05_IND_CLE,2020,5,0.43946,-1.88748,0.47109
2020_05_JAX_HOU,2020,5,0.59589,2.76339,0.46734
2020_05_LAC_NO,2020,5,0.70697,6.38797,0.48117
2020_05_LA_WAS,2020,5,0.29423,-6.53706,0.48593
2020_05_LV_KC,2020,5,0.85760,13.12270,0.49330
2020_05_MIA_SF,2020,5,0.82874,11.51240,0.49725
2020_05_MIN_SEA,2020,5,0.68262,5.54246,0.47964
2020_05_NYG_DAL,2020,5,0.80269,10.23480,0.49601
2020_05_PHI_PIT,2020,5,0.75156,8.05386,0.48634
2020_05_TB_CHI,2020,5,0.47466,-0.84259,0.49567
2020_06_ARI_DAL,2020,6,0.48345,-0.58335,0.47686
2020_06_ATL_MIN,2020,6,0.72727,7.12526,0.49997
2020_06_BAL_PHI,2020,6,0.23275,-8.87739,0.49108
2020_06_CHI_CAR,2020,6,0.60241,2.96325,0.48815
2020_06_CIN_IND,2020,6,0.74215,7.68729,0.48471
2020_06_CLE_PIT,2020,6,0.62926,3.79914,0.48743
2020_06_DEN_NE,2020,6,0.81116,10.63474,0.50001
2020_06_DET_JAX,2020,6,0.45888,-1.30929,0.49138
2020_06_GB_TB,2020,6,0.37044,-4.00015,0.47945
2020_06_HOU_TEN,2020,6,0.75102,8.03244,0.50177
2020_06_KC_BUF,2020,6,0.39921,-3.10516,0.49451
2020_06_LA_SF,2020,6,0.41933,-2.49238,0.48170
2020_06_NYJ_MIA,2020,6,0.81356,10.75093,0.48943
2020_06_WAS_NYG,2020,6,0.56387,1.79535,0.48297
2020_07_BUF_NYJ,2020,7,0.20804,-9.93707,0.48194
2020_07_CAR_NO,2020,7,0.75673,8.25897,0.48947
2020_07_CHI_LA,2020,7,0.72315,6.97284,0.48598
2020_07_CLE_CIN,2020,7,0.51316,0.29176,0.50514
2020_07_DAL_WAS,2020,7,0.52161,0.54111,0.49072
2020_07_DET_ATL,2020,7,0.59510,2.73926,0.49160
2020_07_GB_HOU,2020,7,0.47714,-0.76955,0.49156
2020_07_JAX_LAC,2020,7,0.80810,10.48857,0.49492
2020_07_KC_DEN,2020,7,0.26241,-7.70424,0.48076
2020_07_NYG_PHI,2020,7,0.66327,4.89493,0.48342
2020_07_PIT_TEN,2020,7,0.58696,2.49142,0.49050
2020_07_SEA_ARI,2020,7,0.45594,-1.39672,0.49321
2020_07_SF_NE,2020,7,0.62631,3.70601,0.48701
2020_07_TB_LV,2020,7,0.50809,0.14239,0.50004
2020_08_ATL_CAR,2020,8,0.55381,1.49511,0.48386
2020_08_DAL_PHI,2020,8,0.71969,6.84618,0.46991
2020_08_IND_DET,2020,8,0.39786,-3.14662,0.48545
2020_08_LAC_DEN,2020,8,0.39378,-3.27215,0.48267
2020_08_LA_MIA,2020,8,0.38739,-3.46987,0.48401
2020_08_LV_CLE,2020,8,0.64172,4.19519,0.49806
2020_08_MIN_GB,2020,8,0.61093,3.22619,0.47381
2020_08_NE_BUF,2020,8,0.56438,1.81073,0.47418
2020_08_NO_CHI,2020,8,0.41536,-2.61247,0.49669
2020_08_NYJ_KC,2020,8,0.94307,20.57243,0.48642
2020_08_PIT_BAL,2020,8,0.70249,6.22960,0.49377
2020_08_SF_SEA,2020,8,0.46878,-1.01637,0.47495
2020_08_TB_NYG,2020,8,0.20197,-10.21142,0.49625
2020_08_TEN_CIN,2020,8,0.29882,-6.37514,0.48887
2020_09_BAL_IND,2020,9,0.46387,-1.16150,0.47430
2020_09_CAR_KC,2020,9,0.84278,12.26577,0.49393
2020_09_CHI_TEN,2020,9,0.69627,6.01181,0.48172
2020_09_DEN_ATL,2020,9,0.68925,5.76910,0.48951
2020_09_DET_MIN,2020,9,0.68215,5.52632,0.49509
2020_09_GB_SF,2020,9,0.58793,2.52078,0.52168
2020_09_HOU_JAX,2020,9,0.35158,-4.60213,0.49452
2020_09_LV_LAC,2020,9,0.65206,4.52841,0.50841
2020_09_MIA_ARI,2020,9,0.81318,10.73249,0.50488
2020_09_NE_NYJ,2020,9,0.20298,-10.16526,0.48093
2020_09_NO_TB,2020,9,0.65430,4.60125,0.49098
2020_09_NYG_WAS,2020,9,0.62775,3.75152,0.48721
2020_09_PIT_DAL,2020,9,0.20435,-10.10305,0.50117
2020_09_SEA_BUF,2020,9,0.49056,-0.37380,0.49553
2020_10_BAL_NE,2020,10,0.36225,-4.25998,0.49604
2020_10_BUF_ARI,2020,10,0.59579,2.76033,0.48282
2020_10_CIN_PIT,2020,10,0.70908,6.46331,0.48372
2020_10_DEN_LV,2020,10,0.59758,2.81502,0.48084
2020_10_HOU_CLE,2020,10,0.61012,3.20119,0.47812
2020_10_IND_TEN,2020,10,0.59485,2.73178,0.50044
2020_10_JAX_GB,2020,10,0.86913,13.84272,0.48540
2020_10_LAC_MIA,2020,10,0.51473,0.33814,0.48095
2020_10_MIN_CHI,2020,10,0.47077,-0.95750,0.49516
2020_10_PHI_NYG,2020,10,0.40844,-2.82279,0.49132
2020_10_SEA_LA,2020,10,0.61838,3.45774,0.48591
2020_10_SF_NO,2020,10,0.71462,6.66215,0.47131
2020_10_TB_CAR,2020,10,0.45510,-1.42168,0.50420
2020_10_WAS_DET,2020,10,0.63033,3.83284,0.48979
2020_11_ARI_SEA,2020,11,0.58834,2.53332,0.48181
2020_11_ATL_NO,2020,11,0.53254,0.86370,0.47220
2020_11_CIN_WAS,2020,11,0.54600,1.26275,0.48061
2020_11_DAL_MIN,2020,11,0.75496,8.18844,0.48915
2020_11_DET_CAR,2020,11,0.47273,-0.89965,0.49320
2020_11_GB_IND,2020,11,0.50355,0.00883,0.47727
2020_11_KC_LV,2020,11,0.23533,-8.77174,0.47824
2020_11_LA_TB,2020,11,0.67936,5.43191,0.49023
2020_11_MIA_DEN,2020,11,0.49825,-0.14716,0.50098
2020_11_NE_HOU,2020,11,0.47055,-0.96387,0.49069
2020_11_NYJ_LAC,2020,11,0.80390,10.29086,0.48517
2020_11_PHI_CLE,2020,11,0.56720,1.89523,0.48120
2020_11_PIT_JAX,2020,11,0.17628,-11.44622,0.48190
2020_11_TEN_BAL,2020,11,0.72800,7.15232,0.48899
2020_12_ARI_NE,2020,12,0.63816,4.08154,0.50643
2020_12_BAL_PIT,2020,12,0.67986,5.44892,0.46153
2020_12_CAR_MIN,2020,12,0.65898,4.75404,0.49166
2020_12_CHI_GB,2020,12,0.60261,2.96954,0.46383
2020_12_CLE_JAX,2020,12,0.40967,-2.78545,0.50480
2020_12_HOU_DET,2020,12,0.42781,-2.23658,0.48727
2020_12_KC_TB,2020,12,0.44326,-1.77373,0.49154
2020_12_LAC_BUF,2020,12,0.68684,5.68634,0.48914
2020_12_LV_ATL,2020,12,0.53666,0.98567,0.50379
2020_12_MIA_NYJ,2020,12,0.21991,-9.41737,0.47538
2020_12_NO_DEN,2020,12,0.34683,-4.75583,0.53815
2020_12_NYG_CIN,2020,12,0.35077,-4.62840,0.49218
2020_12_SEA_PHI,2020,12,0.41693,-2.56476,0.50134
2020_12_SF_LA,2020,12,0.55494,1.52870,0.46851
2020_12_TEN_IND,2020,12,0.58564,2.45139,0.48145
2020_12_WAS_DAL,2020,12,0.54634,1.27293,0.47844
2020_13_BUF_SF,2020,13,0.55541,1.54280,0.48407
2020_13_CIN_MIA,2020,13,0.74679,7.86679,0.47222
2020_13_CLE_TEN,2020,13,0.73588,7.44786,0.49918
2020_13_DAL_BAL,2020,13,0.89021,15.31240,0.51411
2020_13_DEN_KC,2020,13,0.88005,14.57591,0.49087
2020_13_DET_CHI,2020,13,0.70325,6.25644,0.49833
2020_13_IND_HOU,2020,13,0.52140,0.53482,0.50178
2020_13_JAX_MIN,2020,13,0.81607,10.87353,0.48554
2020_13_LA_ARI,2020,13,0.50168,-0.04637,0.49477
2020_13_LV_NYJ,2020,13,0.34631,-4.77283,0.49598
2020_13_NE_LAC,2020,13,0.56672,1.88073,0.48114
2020_13_NO_ATL,2020,13,0.40748,-2.85221,0.48232
2020_13_NYG_SEA,2020,13,0.80643,10.40992,0.48126
2020_13_PHI_GB,2020,13,0.79894,10.06134,0.49303
2020_13_WAS_PIT,2020,13,0.82220,11.17817,0.50908
2020_14_ARI_NYG,2020,14,0.55428,1.50914,0.50389
2020_14_ATL_LAC,2020,14,0.48983,-0.39516,0.47770
2020_14_BAL_CLE,2020,14,0.30570,-6.13487,0.47000
2020_14_DAL_CIN,2020,14,0.47732,-0.76416,0.49380
2020_14_DEN_CAR,2020,14,0.74023,7.61338,0.49991
2020_14_GB_DET,2020,14,0.26626,-7.55837,0.49249
2020_14_HOU_CHI,2020,14,0.55469,1.52125,0.49507
2020_14_IND_LV,2020,14,0.40382,-2.96374,0.48182
2020_14_KC_MIA,2020,14,0.29611,-6.47061,0.48845
2020_14_MIN_TB,2020,14,0.74025,7.61448,0.48661
2020_14_NE_LA,2020,14,0.63056,3.84028,0.47874
2020_14_NO_PHI,2020,14,0.28775,-6.76810,0.48713
2020_14_NYJ_SEA,2020,14,0.86795,13.76647,0.47177
2020_14_PIT_BUF,2020,14,0.43398,-2.05125,0.46595
2020_14_TEN_JAX,2020,14,0.26119,-7.75070,0.48277
2020_14_WAS_SF,2020,14,0.67401,5.25183,0.49387
2020_15_BUF_DEN,2020,15,0.41284,-2.68890,0.49635
2020_15_CAR_GB,2020,15,0.76505,8.59563,0.47987
2020_15_CHI_MIN,2020,15,0.55030,1.39043,0.47896
2020_15_CLE_NYG,2020,15,0.38396,-3.57621,0.49463
2020_15_DET_TEN,2020,15,0.77270,8.91263,0.48128
2020_15_HOU_IND,2020,15,0.72827,7.16222,0.48238
2020_15_JAX_BAL,2020,15,0.87856,14.47264,0.49041
2020_15_KC_NO,2020,15,0.59415,2.71036,0.50700
2020_15_LAC_LV,2020,15,0.54496,1.23175,0.47383
2020_15_NE_MIA,2020,15,0.50183,-0.04191,0.49035
2020_15_NYJ_LA,2020,15,0.93258,19.24400,0.49162
2020_15_PHI_ARI,2020,15,0.70127,6.18683,0.48249
2020_15_PIT_CIN,2020,15,0.16282,-12.15050,0.49430
2020_15_SEA_WAS,2020,15,0.43765,-1.94141,0.50189
2020_15_SF_DAL,2020,15,0.43134,-2.13065,0.49217
2020_15_TB_ATL,2020,15,0.37287,-3.92332,0.49309
2020_16_ATL_KC,2020,16,0.78187,9.30246,0.47636
2020_16_BUF_NE,2020,16,0.45208,-1.51123,0.50824
2020_16_CAR_WAS,2020,16,0.51930,0.47275,0.49041
2020_16_CHI_JAX,2020,16,0.27215,-7.33796,0.49347
2020_16_CIN_HOU,2020,16,0.72621,7.08589,0.48204
2020_16_CLE_NYJ,2020,16,0.24051,-8.56144,0.47475
2020_16_DEN_LAC,2020,16,0.64821,4.40390,0.49233
2020_16_IND_PIT,2020,16,0.50851,0.15489,0.48900
2020_16_LA_SEA,2020,16,0.51510,0.34919,0.47878
2020_16_MIA_LV,2020,16,0.47690,-0.77650,0.48931
2020_16_MIN_NO,2020,16,0.76252,8.49228,0.49272
2020_16_NYG_BAL,2020,16,0.85325,12.86376,0.49659
2020_16_PHI_DAL,2020,16,0.51444,0.32950,0.49865
2020_16_SF_ARI,2020,16,0.59586,2.76264,0.46954
2020_16_TB_DET,2020,16,0.29493,-6.51205,0.50823
2020_16_TEN_GB,2020,16,0.54327,1.18165,0.47582
2020_17_ARI_LA,2020,17,0.69256,5.88323,0.50555
2020_17_ATL_TB,2020,17,0.76488,8.58865,0.48871
2020_17_BAL_CIN,2020,17,0.18970,-10.78513,0.49593
2020_17_DAL_NYG,2020,17,0.52422,0.61800,0.49328
2020_17_GB_CHI,2020,17,0.45891,-1.30847,0.49804
2020_17_JAX_IND,2020,17,0.85666,13.06610,0.47310
2020_17_LAC_KC,2020,17,0.64655,4.35040,0.53420
2020_17_LV_DEN,2020,17,0.55222,1.44781,0.50140
2020_17_MIA_BUF,2020,17,0.75499,8.18946,0.53570
2020_17_MIN_DET,2020,17,0.36272,-4.24470,0.47836
2020_17_NO_CAR,2020,17,0.25934,-7.82170,0.47581
2020_17_NYJ_NE,2020,17,0.79638,9.94492,0.51470
2020_17_PIT_CLE,2020,17,0.49283,-0.30695,0.43626
2020_17_SEA_SF,2020,17,0.44619,-1.68660,0.50746
2020_17_TEN_HOU,2020,17,0.37917,-3.72568,0.49841
2020_17_WAS_PHI,2020,17,0.56152,1.72510,0.52037
2020_18_BAL_TEN,2020,18,0.36839,-4.06488,0.48138
2020_18_CHI_NO,2020,18,0.76660,8.65941,0.47351
2020_18_CLE_PIT,2020,18,0.66946,5.09988,0.48432
2020_18_IND_BUF,2020,18,0.68784,5.72051,0.47821
2020_18_LA_SEA,2020,18,0.56322,1.77601,0.47846
2020_18_TB_WAS,2020,18,0.22485,-9.20718,0.48740
2020_19_BAL_BUF,2020,19,0.45776,-1.34273,0.46687
2020_19_CLE_KC,2020,19,0.79288,9.78673,0.49403
2020_19_LA_GB,2020,19,0.73400,7.37694,0.48555
2020_19_TB_NO,2020,19,0.57936,2.26123,0.48282
2020_20_BUF_KC,2020,20,0.54534,1.24298,0.47609
2020_20_TB_GB,2020,20,0.52705,0.70146,0.47370
2020_21_KC_TB,2020,21,0.58211,2.34438,0.50760
2021_01_ARI_TEN,2021,1,0.61685,3.41943,0.48927
2021_01_BAL_LV,2021,1,0.33867,-4.89369,0.47798
2021_01_CHI_LA,2021,1,0.69078,5.79700,0.47074
2021_01_CLE_KC,2021,1,0.63717,4.05016,0.47976
2021_01_DAL_TB,2021,1,0.74356,7.68968,0.47631
2021_01_DEN_NYG,2021,1,0.55513,1.57025,0.50393
2021_01_GB_NO,2021,1,0.50626,0.14517,0.50222
2021_01_JAX_HOU,2021,1,0.55332,1.51725,0.50572
2021_01_LAC_WAS,2021,1,0.65254,4.53738,0.49376
2021_01_MIA_NE,2021,1,0.57521,2.16344,0.48022
2021_01_MIN_CIN,2021,1,0.44551,-1.62496,0.49110
2021_01_NYJ_CAR,2021,1,0.60954,3.19567,0.48436
2021_01_PHI_ATL,2021,1,0.61146,3.25432,0.48459
2021_01_PIT_BUF,2021,1,0.60316,3.00187,0.47156
2021_01_SEA_IND,2021,1,0.51184,0.30710,0.49886
2021_01_SF_DET,2021,1,0.33240,-5.09783,0.50325
2021_02_ATL_TB,2021,2,0.81629,10.78749,0.47470
2021_02_BUF_MIA,2021,2,0.48880,-0.36173,0.49818
2021_02_CIN_CHI,2021,2,0.57031,2.01813,0.48565
2021_02_DAL_LAC,2021,2,0.53257,0.91019,0.47720
2021_02_DEN_JAX,2021,2,0.30201,-6.11686,0.48511
2021_02_DET_GB,2021,2,0.70145,6.16290,0.46420
2021_02_HOU_CLE,2021,2,0.66338,4.88696,0.45114
2021_02_KC_BAL,2021,2,0.57769,2.23730,0.50861
2021_02_LA_IND,2021,2,0.30259,-6.09676,0.47717
2021_02_LV_PIT,2021,2,0.70061,6.13401,0.48812
2021_02_MIN_ARI,2021,2,0.65896,4.74371,0.48856
2021_02_NE_NYJ,2021,2,0.33093,-5.14587,0.48700
2021_02_NO_CAR,2021,2,0.19386,-10.37971,0.45605
2021_02_NYG_WAS,2021,2,0.58141,2.34811,0.47895
2021_02_SF_PHI,2021,2,0.54113,1.16023,0.50228
2021_02_TEN_SEA,2021,2,0.73881,7.50996,0.48963
2021_03_ARI_JAX,2021,3,0.23383,-8.65007,0.48297
2021_03_ATL_NYG,2021,3,0.63068,3.84728,0.48898
2021_03_BAL_DET,2021,3,0.21891,-9.26883,0.47848
2021_03_CAR_HOU,2021,3,0.37892,-3.62308,0.50315
2021_03_CHI_CLE,2021,3,0.62665,3.72185,0.47044
2021_03_CIN_PIT,2021,3,0.69044,5.78536,0.49877
2021_03_GB_SF,2021,3,0.69075,5.79584,0.49479
2021_03_IND_TEN,2021,3,0.56586,1.88651,0.47510
2021_03_LAC_KC,2021,3,0.70405,6.25319,0.48459
2021_03_MIA_LV,2021,3,0.70566,6.30968,0.49485
2021_03_NO_NE,2021,3,0.43505,-1.93301,0.46582
2021_03_NYJ_DEN,2021,3,0.83224,11.58728,0.48994
2021_03_PHI_DAL,2021,3,0.54655,1.31871,0.47683
2021_03_SEA_MIN,2021,3,0.54283,1.20971,0.49846
2021_03_TB_LA,2021,3,0.57071,2.03005,0.49774
2021_03_WAS_BUF,2021,3,0.74663,7.80706,0.48681
2021_04_ARI_LA,2021,4,0.65442,4.59751,0.48998
2021_04_BAL_DEN,2021,4,0.55946,1.69760,0.48838
2021_04_CAR_DAL,2021,4,0.55462,1.55537,0.47377
2021_04_CLE_MIN,2021,4,0.58940,2.58697,0.49998
2021_04_DET_CHI,2021,4,0.57177,2.06129,0.48181
2021_04_HOU_BUF,2021,4,0.88326,14.65054,0.46815
2021_04_IND_MIA,2021,4,0.57140,2.05044,0.48378
2021_04_JAX_CIN,2021,4,0.77055,8.75552,0.49062
2021_04_KC_PHI,2021,4,0.42324,-2.28298,0.50652
2021_04_LV_LAC,2021,4,0.58456,2.44198,0.48334
2021_04_NYG_NO,2021,4,0.82118,11.02699,0.49974
2021_04_PIT_GB,2021,4,0.61289,3.29801,0.47274
2021_04_SEA_SF,2021,4,0.63612,4.01728,0.49167
2021_04_TB_NE,2021,4,0.32993,-5.17877,0.48887
2021_04_TEN_NYJ,2021,4,0.25331,-7.88254,0.47603
2021_04_WAS_ATL,2021,4,0.49031,-0.31797,0.48832
2021_05_BUF_KC,2021,5,0.45653,-1.30171,0.47034
2021_05_CHI_LV,2021,5,0.65495,4.61478,0.48203
2021_05_CLE_LAC,2021,5,0.60697,3.11742,0.48806
2021_05_DEN_PIT,2021,5,0.48441,-0.48926,0.49164
2021_05_DET_MIN,2021,5,0.76805,8.65347,0.48018
2021_05_GB_CIN,2021,5,0.43792,-1.84819,0.48619
2021_05_IND_BAL,2021,5,0.74170,7.61889,0.48606
2021_05_LA_SEA,2021,5,0.42352,-2.27437,0.48648
2021_05_MIA_TB,2021,5,0.80493,10.25054,0.48257
2021_05_NE_HOU,2021,5,0.27096,-7.22008,0.48871
2021_05_NO_WAS,2021,5,0.34713,-4.62117,0.47707
2021_05_NYG_DAL,2021,5,0.69252,5.85606,0.47899
2021_05_NYJ_ATL,2021,5,0.60928,3.18780,0.48633
2021_05_PHI_CAR,2021,5,0.61390,3.32906,0.48891
2021_05_SF_ARI,2021,5,0.73537,7.38100,0.49112
2021_05_TEN_JAX,2021,5,0.34240,-4.77315,0.48248
2021_06_ARI_CLE,2021,6,0.44777,-1.55838,0.46732
2021_06_BUF_TEN,2021,6,0.24411,-8.24009,0.47660
2021_06_CIN_DET,2021,6,0.36407,-4.08460,0.48323
2021_06_DAL_NE,2021,6,0.44330,-1.68989,0.49284
2021_06_GB_CHI,2021,6,0.38408,-3.46420,0.49375
2021_06_HOU_IND,2021,6,0.76184,8.40267,0.47717
2021_06_KC_WAS,2021,6,0.40411,-2.85536,0.49820
2021_06_LAC_BAL,2021,6,0.68287,5.53002,0.49573
2021_06_LA_NYG,2021,6,0.30811,-5.90789,0.49197
2021_06_LV_DEN,2021,6,0.66676,4.99707,0.48557
2021_06_MIA_JAX,2021,6,0.37578,-3.72006,0.48068
2021_06_MIN_CAR,2021,6,0.54897,1.38956,0.50119
2021_06_SEA_PIT,2021,6,0.61405,3.33365,0.47689
2021_06_TB_PHI,2021,6,0.27296,-7.14665,0.48499
2021_07_ATL_MIA,2021,7,0.42350,-2.27499,0.48247
2021_07_CAR_NYG,2021,7,0.41686,-2.47280,0.48769
2021_07_CHI_TB,2021,7,0.83488,11.72530,0.48247
2021_07_CIN_BAL,2021,7,0.73994,7.55250,0.48980
2021_07_DEN_CLE,2021,7,0.49429,-0.20236,0.47675
2021_07_DET_LA,2021,7,0.92630,18.33435,0.49093
2021_07_HOU_ARI,2021,7,0.91357,17.07730,0.47186
2021_07_IND_SF,2021,7,0.68662,5.65614,0.49423
2021_07_KC_TEN,2021,7,0.46267,-1.12237,0.49713
2021_07_NO_SEA,2021,7,0.28214,-6.81436,0.48231
2021_07_NYJ_NE,2021,7,0.72406,6.96478,0.48544
2021_07_PHI_LV,2021,7,0.57621,2.19312,0.49037
2021_07_WAS_GB,2021,7,0.75663,8.19559,0.48436
2021_08_CAR_ATL,2021,8,0.54641,1.31463,0.48082
2021_08_CIN_NYJ,2021,8,0.20256,-9.98229,0.49167
2021_08_DAL_MIN,2021,8,0.57574,2.17907,0.47627
2021_08_GB_ARI,2021,8,0.69441,5.92070,0.48325
2021_08_JAX_SEA,2021,8,0.72679,7.06420,0.49788
2021_08_LA_HOU,2021,8,0.10960,-15.24066,0.49264
2021_08_MIA_BUF,2021,8,0.90339,16.18821,0.49035
2021_08_NE_LAC,2021,8,0.59609,2.78811,0.48272
2021_08_NYG_KC,2021,8,0.71179,6.52497,0.46965
2021_08_PHI_DET,2021,8,0.35807,-4.27326,0.48047
2021_08_PIT_CLE,2021,8,0.46702,-0.99549,0.45958
2021_08_SF_CHI,2021,8,0.38011,-3.58645,0.48924
2021_08_TB_NO,2021,8,0.43535,-1.92397,0.49391
2021_08_TEN_IND,2021,8,0.52659,0.73604,0.47650
2021_08_WAS_DEN,2021,8,0.68413,5.57230,0.49189
2021_09_ARI_SF,2021,9,0.53659,1.02742,0.46766
2021_09_ATL_NO,2021,9,0.76139,8.38476,0.49114
2021_09_BUF_JAX,2021,9,0.11268,-15.01432,0.48352
2021_09_CHI_PIT,2021,9,0.69265,5.86047,0.48101
2021_09_CLE_CIN,2021,9,0.60398,3.02661,0.48769
2021_09_DEN_DAL,2021,9,0.74330,7.67961,0.47427
2021_09_GB_KC,2021,9,0.59930,2.88496,0.46909
2021_09_HOU_MIA,2021,9,0.58359,2.41303,0.47921
2021_09_LAC_PHI,2021,9,0.63461,3.97010,0.50553
2021_09_LV_NYG,2021,9,0.41257,-2.60119,0.48718
2021_09_MIN_BAL,2021,9,0.73909,7.52040,0.48566
2021_09_NE_CAR,2021,9,0.41142,-2.63574,0.48905
2021_09_NYJ_IND,2021,9,0.79884,9.97240,0.48346
2021_09_TEN_LA,2021,9,0.71686,6.70524,0.48440
2021_10_ATL_DAL,2021,10,0.72641,7.05033,0.48177
2021_10_BAL_MIA,2021,10,0.30894,-5.87971,0.49610
2021_10_BUF_NYJ,2021,10,0.15377,-12.41341,0.48793
2021_10_CAR_ARI,2021,10,0.80522,10.26404,0.49868
2021_10_CLE_NE,2021,10,0.60557,3.07495,0.48789
2021_10_DET_PIT,2021,10,0.74751,7.84066,0.48093
2021_10_JAX_IND,2021,10,0.82610,11.27268,0.48868
2021_10_KC_LV,2021,10,0.50669,0.15760,0.49625
2021_10_LA_SF,2021,10,0.40851,-2.72298,0.48870
2021_10_MIN_LAC,2021,10,0.58777,2.53799,0.48373
2021_10_NO_TEN,2021,10,0.58934,2.58515,0.48391
2021_10_PHI_DEN,2021,10,0.55847,1.66864,0.48826
2021_10_SEA_GB,2021,10,0.54115,1.16080,0.47820
2021_10_TB_WAS,2021,10,0.17752,-11.16449,0.48091
2021_11_ARI_SEA,2021,11,0.51841,0.49819,0.47755
2021_11_BAL_CHI,2021,11,0.53594,1.00866,0.50970
2021_11_CIN_LV,2021,11,0.45892,-1.23180,0.48465
2021_11_DAL_KC,2021,11,0.41126,-2.64050,0.46499
2021_11_DET_CLE,2021,11,0.77122,8.78322,0.46868
2021_11_GB_MIN,2021,11,0.42811,-2.13818,0.48101
2021_11_HOU_TEN,2021,11,0.79135,9.63854,0.48212
2021_11_IND_BUF,2021,11,0.74126,7.60236,0.48599
2021_11_MIA_NYJ,2021,11,0.36499,-4.05588,0.48335
2021_11_NE_ATL,2021,11,0.23317,-8.67704,0.47885
2021_11_NO_PHI,2021,11,0.48955,-0.34022,0.47419
2021_11_NYG_TB,2021,11,0.79338,9.72813,0.47847
2021_11_PIT_LAC,2021,11,0.59657,2.80249,0.47476
2021_11_SF_JAX,2021,11,0.26117,-7.58397,0.48123
2021_11_WAS_CAR,2021,11,0.64635,4.34015,0.48895
2021_12_ATL_JAX,2021,12,0.51005,0.25514,0.49262
2021_12_BUF_NO,2021,12,0.44515,-1.63552,0.50712
2021_12_CAR_MIA,2021,12,0.49757,-0.10713,0.48916
2021_12_CHI_DET,2021,12,0.32810,-5.23906,0.47259
2021_12_CLE_BAL,2021,12,0.66759,5.02415,0.49370
2021_12_LAC_DEN,2021,12,0.54848,1.37522,0.50114
2021_12_LA_GB,2021,12,0.57065,2.02826,0.50175
2021_12_LV_DAL,2021,12,0.81125,10.54649,0.49982
2021_12_MIN_SF,2021,12,0.64739,4.37316,0.48908
2021_12_NYJ_HOU,2021,12,0.72850,7.12704,0.50215
2021_12_PHI_NYG,2021,12,0.29771,-6.26534,0.47649
2021_12_PIT_CIN,2021,12,0.53081,0.85906,0.47499
2021_12_SEA_WAS,2021,12,0.54049,1.14130,0.49417
2021_12_TB_IND,2021,12,0.44599,-1.61063,0.49116
2021_12_TEN_NE,2021,12,0.68627,5.64414,0.47814
2021_13_ARI_CHI,2021,13,0.24242,-8.30644,0.48234
2021_13_BAL_PIT,2021,13,0.39330,-3.18267,0.48886
2021_13_DAL_NO,2021,13,0.51072,0.27453,0.51077
2021_13_DEN_KC,2021,13,0.70479,6.27922,0.47667
2021_13_IND_HOU,2021,13,0.22383,-9.06163,0.48934
2021_13_JAX_LA,2021,13,0.84724,12.39671,0.47915
2021_13_LAC_CIN,2021,13,0.60575,3.08056,0.48791
2021_13_MIN_DET,2021,13,0.23996,-8.40414,0.47995
2021_13_NE_BUF,2021,13,0.57117,2.04351,0.48174
2021_13_NYG_MIA,2021,13,0.69590,5.97158,0.48346
2021_13_PHI_NYJ,2021,13,0.22543,-8.99496,0.46957
2021_13_SF_SEA,2021,13,0.41638,-2.48726,0.48764
2021_13_TB_ATL,2021,13,0.17048,-11.51996,0.48349
2021_13_WAS_LV,2021,13,0.52971,0.82693,0.48488
2021_14_ATL_CAR,2021,14,0.71785,6.74065,0.50260
2021_14_BAL_CLE,2021,14,0.48419,-0.49588,0.47157
2021_14_BUF_TB,2021,14,0.57959,2.29374,0.48074
2021_14_CHI_GB,2021,14,0.84852,12.46887,0.48947
2021_14_DAL_WAS,2021,14,0.39440,-3.14920,0.49903
2021_14_DET_DEN,2021,14,0.75188,8.00989,0.46559
2021_14_JAX_TEN,2021,14,0.84395,12.21374,0.50049
2021_14_LA_ARI,2021,14,0.63504,3.98332,0.48953
2021_14_LV_KC,2021,14,0.74080,7.58511,0.47590
2021_14_NO_NYJ,2021,14,0.21869,-9.27794,0.46644
2021_14_NYG_LAC,2021,14,0.78636,9.42099,0.48526
2021_14_PIT_MIN,2021,14,0.63471,3.97309,0.48748
2021_14_SEA_HOU,2021,14,0.24044,-8.38512,0.49206
2021_14_SF_CIN,2021,14,0.43047,-2.06832,0.48731
2021_15_ARI_DET,2021,15,0.15837,-12.16032,0.48895
2021_15_ATL_SF,2021,15,0.81780,10.86079,0.49104
2021_15_CAR_BUF,2021,15,0.82281,11.10746,0.47398
2021_15_CIN_DEN,2021,15,0.56341,1.81406,0.48082
2021_15_DAL_NYG,2021,15,0.27211,-7.17786,0.50293
2021_15_GB_BAL,2021,15,0.33862,-4.89527,0.50407
2021_15_HOU_JAX,2021,15,0.59159,2.65263,0.47216
2021_15_KC_LAC,2021,15,0.48703,-0.41325,0.49596
2021_15_LV_CLE,2021,15,0.64092,4.16821,0.51436
2021_15_MIN_CHI,2021,15,0.38194,-3.53000,0.49951
2021_15_NE_IND,2021,15,0.46828,-0.95872,0.48574
2021_15_NO_TB,2021,15,0.68748,5.68519,0.46230
2021_15_NYJ_MIA,2021,15,0.86379,13.36961,0.49710
2021_15_SEA_LA,2021,15,0.64648,4.34423,0.47293
2021_15_TEN_PIT,2021,15,0.43045,-2.06885,0.47328
2021_15_WAS_PHI,2021,15,0.75555,8.15314,0.47817
2021_16_BAL_CIN,2021,16,0.54442,1.25637,0.46058
2021_16_BUF_NE,2021,16,0.52919,0.81174,0.48482
2021_16_CHI_SEA,2021,16,0.74571,7.77167,0.48868
2021_16_CLE_GB,2021,16,0.77692,9.01963,0.49168
2021_16_DEN_LV,2021,16,0.49068,-0.30719,0.48836
2021_16_DET_ATL,2021,16,0.63044,3.83980,0.47091
2021_16_IND_ARI,2021,16,0.51698,0.45661,0.47538
2021_16_JAX_NYJ,2021,16,0.53927,1.10582,0.47999
2021_16_LAC_HOU,2021,16,0.24014,-8.39712,0.50607
2021_16_LA_MIN,2021,16,0.41837,-2.42800,0.48988
2021_16_MIA_NO,2021,16,0.68528,5.61105,0.52014
2021_16_NYG_PHI,2021,16,0.73965,7.54140,0.47172
2021_16_PIT_KC,2021,16,0.75566,8.15774,0.47619
2021_16_SF_TEN,2021,16,0.45792,-1.26125,0.49457
2021_16_TB_CAR,2021,16,0.22946,-8.82835,0.49630
2021_16_WAS_DAL,2021,16,0.75623,8.18021,0.47628
2021_17_ARI_DAL,2021,17,0.63662,4.03304,0.47569
2021_17_ATL_BUF,2021,17,0.88743,14.94869,0.48939
2021_17_CAR_NO,2021,17,0.77992,9.14584,0.49419
2021_17_CLE_PIT,2021,17,0.48896,-0.35725,0.48816
2021_17_DEN_LAC,2021,17,0.67933,5.41160,0.47520
2021_17_DET_SEA,2021,17,0.81237,10.59965,0.49401
2021_17_HOU_SF,2021,17,0.75870,8.27751,0.46266
2021_17_JAX_NE,2021,17,0.91405,17.12204,0.48406
2021_17_KC_CIN,2021,17,0.38967,-3.29333,0.48641
2021_17_LA_BAL,2021,17,0.47284,-0.82581,0.51037
2021_17_LV_IND,2021,17,0.84942,12.51974,0.50172
2021_17_MIA_TEN,2021,17,0.59271,2.68627,0.48432
2021_17_MIN_GB,2021,17,0.78924,9.54632,0.47174
2021_17_NYG_CHI,2021,17,0.69544,5.95593,0.48139
2021_17_PHI_WAS,2021,17,0.29938,-6.20747,0.48675
2021_17_TB_NYJ,2021,17,0.11862,-14.59239,0.48521
2021_18_CAR_TB,2021,18,0.87126,13.84125,0.49698
2021_18_CHI_MIN,2021,18,0.60307,2.99918,0.48357
2021_18_CIN_CLE,2021,18,0.51800,0.48623,0.46150
2021_18_DAL_PHI,2021,18,0.43975,-1.79419,0.50447
2021_18_GB_DET,2021,18,0.16710,-11.69509,0.45480
2021_18_IND_JAX,2021,18,0.12958,-13.86020,0.48614
2021_18_KC_DEN,2021,18,0.24172,-8.33437,0.49829
2021_18_LAC_LV,2021,18,0.36367,-4.09728,0.48318
2021_18_NE_MIA,2021,18,0.24482,-8.21221,0.47671
2021_18_NO_ATL,2021,18,0.27035,-7.24242,0.47458
2021_18_NYJ_BUF,2021,18,0.91778,17.47287,0.49149
2021_18_PIT_BAL,2021,18,0.65710,4.68387,0.49234
2021_18_SEA_ARI,2021,18,0.61018,3.21536,0.47642
2021_18_SF_LA,2021,18,0.54195,1.18416,0.47830
2021_18_TEN_HOU,2021,18,0.23342,-8.66707,0.49294
2021_18_WAS_NYG,2021,18,0.46193,-1.14404,0.50507
2021_19_ARI_LA,2021,19,0.59347,2.70931,0.48040
2021_19_LV_CIN,2021,19,0.76248,8.42839,0.49533
2021_19_NE_BUF,2021,19,0.58542,2.46784,0.47743
2021_19_PHI_TB,2021,19,0.75646,8.18925,0.48834
2021_19_PIT_KC,2021,19,0.79656,9.86990,0.47303
2021_19_SF_DAL,2021,19,0.66666,4.99391,0.49358
2021_20_BUF_KC,2021,20,0.45950,-1.21486,0.47069
2021_20_CIN_TEN,2021,20,0.62452,3.65602,0.48420
2021_20_LA_TB,2021,20,0.67157,5.15479,0.49624
2021_20_SF_GB,2021,20,0.67202,5.16976,0.48425
2021_21_CIN_KC,2021,21,0.73539,7.38182,0.48711
2021_21_SF_LA,2021,21,0.61473,3.35455,0.48500
2021_22_LA_CIN,2021,22,0.30342,-6.06847,0.47929
2022_01_BAL_NYJ,2022,1,0.37635,-3.73845,0.48831
2022_01_BUF_LA,2022,1,0.48897,-0.25321,0.48573
2022_01_CLE_CAR,2022,1,0.54527,1.45353,0.48343
2022_01_DEN_SEA,2022,1,0.61636,3.66544,0.49718
2022_01_GB_MIN,2022,1,0.44823,-1.49075,0.47965
2022_01_IND_HOU,2022,1,0.33757,-5.01684,0.48732
2022_01_JAX_WAS,2022,1,0.66424,5.23895,0.48764
2022_01_KC_ARI,2022,1,0.45412,-1.31105,0.49079
2022_01_LV_LAC,2022,1,0.64097,4.46271,0.48601
2022_01_NE_MIA,2022,1,0.39938,-3.00486,0.47707
2022_01_NO_ATL,2022,1,0.28224,-6.97671,0.48352
2022_01_NYG_TEN,2022,1,0.68858,6.08014,0.48551
2022_01_PHI_DET,2022,1,0.40816,-2.72905,0.48897
2022_01_PIT_CIN,2022,1,0.59045,2.84654,0.47880
2022_01_SF_CHI,2022,1,0.49489,-0.07405,0.49302
2022_01_TB_DAL,2022,1,0.53997,1.29186,0.48964
2022_02_ARI_LV,2022,2,0.46719,-0.91313,0.47655
2022_02_ATL_LA,2022,2,0.71069,6.87576,0.48012
2022_02_CAR_NYG,2022,2,0.49558,-0.05323,0.48599
2022_02_CHI_GB,2022,2,0.56090,1.93148,0.47378
2022_02_CIN_DAL,2022,2,0.57631,2.40663,0.49749
2022_02_HOU_DEN,2022,2,0.69485,6.30227,0.47939
2022_02_IND_JAX,2022,2,0.31661,-5.73702,0.48126
2022_02_LAC_KC,2022,2,0.74310,8.11120,0.49005
2022_02_MIA_BAL,2022,2,0.58953,2.81774,0.48454
2022_02_MIN_PHI,2022,2,0.54330,1.39337,0.48335
2022_02_NE_PIT,2022,2,0.46077,-1.10838,0.48720
2022_02_NYJ_CLE,2022,2,0.65964,5.08342,0.48295
2022_02_SEA_SF,2022,2,0.50090,0.10779,0.47401
2022_02_TB_NO,2022,2,0.45723,-1.21629,0.48642
2022_02_TEN_BUF,2022,2,0.77842,9.58070,0.48423
2022_02_WAS_DET,2022,2,0.45916,-1.15734,0.48457
2022_03_ATL_SEA,2022,3,0.65736,5.00692,0.48991
2022_03_BAL_NE,2022,3,0.55200,1.65892,0.49011
2022_03_BUF_MIA,2022,3,0.29781,-6.40507,0.48168
2022_03_CIN_NYJ,2022,3,0.41955,-2.37388,0.49007
2022_03_DAL_NYG,2022,3,0.41026,-2.66330,0.48007
2022_03_DET_MIN,2022,3,0.61952,3.76669,0.48126
2022_03_GB_TB,2022,3,0.70548,6.68519,0.49207
2022_03_HOU_CHI,2022,3,0.64066,4.45266,0.48663
2022_03_JAX_LAC,2022,3,0.67985,5.77458,0.48384
2022_03_KC_IND,2022,3,0.28679,-6.80784,0.48181
2022_03_LA_ARI,2022,3,0.48452,-0.38779,0.48876
2022_03_LV_TEN,2022,3,0.60859,3.41792,0.49108
2022_03_NO_CAR,2022,3,0.42227,-2.28965,0.48440
2022_03_PHI_WAS,2022,3,0.37241,-3.86559,0.48751
2022_03_PIT_CLE,2022,3,0.52274,0.76881,0.47998
2022_03_SF_DEN,2022,3,0.42751,-2.12760,0.48332
2022_04_ARI_CAR,2022,4,0.55191,1.65615,0.48561
2022_04_BUF_BAL,2022,4,0.32652,-5.39353,0.48170
2022_04_CHI_NYG,2022,4,0.51590,0.56148,0.48164
2022_04_CLE_ATL,2022,4,0.47796,-0.58653,0.48530
2022_04_DEN_LV,2022,4,0.49815,0.02452,0.48159
2022_04_JAX_PHI,2022,4,0.65701,4.99497,0.48284
2022_04_KC_TB,2022,4,0.53933,1.27258,0.48512
2022_04_LAC_HOU,2022,4,0.45653,-1.23761,0.49024
2022_04_LA_SF,2022,4,0.53559,1.15865,0.48497
2022_04_MIA_CIN,2022,4,0.47830,-0.57611,0.47890
2022_04_MIN_NO,2022,4,0.45471,-1.29294,0.48824
2022_04_NE_GB,2022,4,0.63100,4.13717,0.47725
2022_04_NYJ_PIT,2022,4,0.71101,6.88764,0.48976
2022_04_SEA_DET,2022,4,0.53456,1.12727,0.48237
2022_04_TEN_IND,2022,4,0.54970,1.58859,0.48104
2022_04_WAS_DAL,2022,4,0.72280,7.32683,0.49032
2022_05_ATL_TB,2022,5,0.74969,8.37477,0.48204
2022_05_CHI_MIN,2022,5,0.62041,3.79519,0.47681
2022_05_CIN_BAL,2022,5,0.57044,2.22523,0.48378
2022_05_DAL_LA,2022,5,0.49466,-0.08089,0.47761
2022_05_DET_NE,2022,5,0.59704,3.05293,0.48484
2022_05_HOU_JAX,2022,5,0.73429,7.76631,0.48575
2022_05_IND_DEN,2022,5,0.52029,0.69451,0.48117
2022_05_LAC_CLE,2022,5,0.60679,3.36066,0.49037
2022_05_LV_KC,2022,5,0.80030,10.57643,0.48872
2022_05_MIA_NYJ,2022,5,0.32922,-5.30080,0.48182
2022_05_NYG_GB,2022,5,0.61319,3.56413,0.47844
2022_05_PHI_ARI,2022,5,0.43804,-1.80311,0.48952
2022_05_PIT_BUF,2022,5,0.85798,13.68003,0.48436
2022_05_SEA_NO,2022,5,0.55147,1.64280,0.47982
2022_05_SF_CAR,2022,5,0.33835,-4.99033,0.48607
2022_05_TEN_WAS,2022,5,0.40805,-2.73235,0.48255
2022_06_ARI_SEA,2022,6,0.59621,3.02709,0.49187
2022_06_BAL_NYG,2022,6,0.38627,-3.42046,0.48744
2022_06_BUF_KC,2022,6,0.36225,-4.19600,0.48259
2022_06_CAR_LA,2022,6,0.68907,6.09722,0.47976
2022_06_CIN_NO,2022,6,0.48942,-0.23942,0.48831
2022_06_DAL_PHI,2022,6,0.60126,3.18588,0.48052
2022_06_DEN_LAC,2022,6,0.61541,3.63512,0.48494
2022_06_JAX_IND,2022,6,0.55646,1.79550,0.48579
2022_06_MIN_MIA,2022,6,0.53606,1.17298,0.49013
2022_06_NE_CLE,2022,6,0.47843,-0.57219,0.48083
2022_06_NYJ_GB,2022,6,0.70184,6.55325,0.48356
2022_06_SF_ATL,2022,6,0.33650,-5.05278,0.48278
2022_06_TB_PIT,2022,6,0.27830,-7.12439,0.48846
2022_06_WAS_CHI,2022,6,0.61804,3.71922,0.49083
2022_07_ATL_CIN,2022,7,0.64289,4.52579,0.48224
2022_07_CHI_NE,2022,7,0.77526,9.44316,0.48470
2022_07_CLE_BAL,2022,7,0.69698,6.37846,0.48461
2022_07_DET_DAL,2022,7,0.73108,7.64247,0.48559
2022_07_GB_WAS,2022,7,0.43728,-1.82653,0.48756
2022_07_HOU_LV,2022,7,0.68378,5.91146,0.48337
2022_07_IND_TEN,2022,7,0.56601,2.08863,0.48424
2022_07_KC_SF,2022,7,0.52519,0.84287,0.48714
2022_07_NO_ARI,2022,7,0.50963,0.37193,0.48204
2022_07_NYG_JAX,2022,7,0.54371,1.40590,0.48273
2022_07_NYJ_DEN,2022,7,0.55087,1.62436,0.48942
2022_07_PIT_MIA,2022,7,0.67529,5.61660,0.48235
2022_07_SEA_LAC,2022,7,0.49322,-0.12456,0.47756
2022_07_TB_CAR,2022,7,0.23134,-8.99852,0.48991
2022_08_ARI_MIN,2022,8,0.63235,4.18078,0.48500
2022_08_BAL_TB,2022,8,0.56395,2.02526,0.48480
2022_08_CAR_ATL,2022,8,0.61107,3.49672,0.48348
2022_08_CHI_DAL,2022,8,0.71156,6.90801,0.48016
2022_08_CIN_CLE,2022,8,0.32202,-5.54853,0.48150
2022_08_DEN_JAX,2022,8,0.53574,1.16317,0.48498
2022_08_GB_BUF,2022,8,0.89588,16.35350,0.49228
2022_08_LV_NO,2022,8,0.59340,2.93885,0.48983
2022_08_MIA_DET,2022,8,0.35385,-4.47237,0.48352
2022_08_NE_NYJ,2022,8,0.37136,-3.89952,0.48362
2022_08_NYG_SEA,2022,8,0.61566,3.64315,0.48560
2022_08_PIT_PHI,2022,8,0.79737,10.43866,0.48405
2022_08_SF_LA,2022,8,0.49046,-0.20803,0.48579
2022_08_TEN_HOU,2022,8,0.44181,-1.68755,0.48389
2022_08_WAS_IND,2022,8,0.63239,4.18221,0.48629
2022_09_BAL_NO,2022,9,0.51428,0.51236,0.48671
2022_09_BUF_NYJ,2022,9,0.16952,-11.93414,0.48357
2022_09_CAR_CIN,2022,9,0.70885,6.80840,0.48452
2022_09_GB_DET,2022,9,0.40977,-2.67851,0.48647
2022_09_IND_NE,2022,9,0.66170,5.15290,0.48497
2022_09_LAC_ATL,2022,9,0.57736,2.43897,0.49111
2022_09_LA_TB,2022,9,0.69213,6.20552,0.48888
2022_09_LV_JAX,2022,9,0.55652,1.79712,0.49029
2022_09_MIA_CHI,2022,9,0.44370,-1.62934,0.48781
2022_09_MIN_WAS,2022,9,0.42321,-2.26035,0.48572
2022_09_PHI_HOU,2022,9,0.21299,-9.80158,0.49016
2022_09_SEA_ARI,2022,9,0.49752,0.00564,0.48285
2022_09_TEN_KC,2022,9,0.86490,14.11824,0.48492
2022_10_ARI_LA,2022,10,0.51889,0.65193,0.48112
2022_10_ATL_CAR,2022,10,0.42201,-2.29751,0.48503
2022_10_CLE_MIA,2022,10,0.55872,1.86460,0.48331
2022_10_DAL_GB,2022,10,0.26716,-7.54926,0.47958
2022_10_DEN_TEN,2022,10,0.58494,2.67455,0.48499
2022_10_DET_CHI,2022,10,0.65248,4.84364,0.48714
2022_10_HOU_NYG,2022,10,0.79297,10.23419,0.49085
2022_10_IND_LV,2022,10,0.54557,1.46261,0.48087
2022_10_JAX_KC,2022,10,0.79854,10.49338,0.48540
2022_10_LAC_SF,2022,10,0.79106,10.14676,0.48688
2022_10_MIN_BUF,2022,10,0.79335,10.25206,0.48959
2022_10_NO_PIT,2022,10,0.45558,-1.26659,0.48186
2022_10_SEA_TB,2022,10,0.48720,-0.30669,0.48117
2022_10_WAS_PHI,2022,10,0.79853,10.49300,0.48412
2022_11_CAR_BAL,2022,11,0.81076,11.08131,0.48231
2022_11_CHI_ATL,2022,11,0.50001,0.08075,0.48103
2022_11_CIN_PIT,2022,11,0.26069,-7.80079,0.47925
2022_11_CLE_BUF,2022,11,0.75098,8.42679,0.48596
2022_11_DAL_MIN,2022,11,0.44374,-1.62819,0.48461
2022_11_DET_NYG,2022,11,0.64305,4.53106,0.48674
2022_11_KC_LAC,2022,11,0.26678,-7.56401,0.48212
2022_11_LA_NO,2022,11,0.61292,3.55552,0.48613
2022_11_LV_DEN,2022,11,0.53637,1.18247,0.48308
2022_11_NYJ_NE,2022,11,0.67174,5.49452,0.48733
2022_11_PHI_IND,2022,11,0.29100,-6.65270,0.48457
2022_11_SF_ARI,2022,11,0.32748,-5.36036,0.49073
2022_11_TEN_GB,2022,11,0.49197,-0.16234,0.48071
2022_11_WAS_HOU,2022,11,0.43980,-1.74921,0.48638
2022_12_ATL_WAS,2022,12,0.56610,2.09150,0.48296
2022_12_BAL_JAX,2022,12,0.44356,-1.63374,0.48717
2022_12_BUF_DET,2022,12,0.22087,-9.45082,0.48548
2022_12_CHI_NYJ,2022,12,0.61954,3.76716,0.47870
2022_12_CIN_TEN,2022,12,0.48113,-0.49044,0.48542
2022_12_DEN_CAR,2022,12,0.48672,-0.32133,0.48564
2022_12_GB_PHI,2022,12,0.69500,6.30790,0.48452
2022_12_HOU_MIA,2022,12,0.85168,13.29610,0.48387
2022_12_LAC_ARI,2022,12,0.53547,1.15512,0.48946
2022_12_LA_KC,2022,12,0.82973,12.05519,0.47907
2022_12_LV_SEA,2022,12,0.71860,7.16924,0.48884
2022_12_NE_MIN,2022,12,0.41599,-2.48466,0.47838
2022_12_NO_SF,2022,12,0.73906,7.95216,0.48278
2022_12_NYG_DAL,2022,12,0.79072,10.13106,0.48430
2022_12_PIT_IND,2022,12,0.63840,4.37842,0.48718
2022_12_TB_CLE,2022,12,0.38789,-3.36866,0.48430
2022_13_BUF_NE,2022,13,0.39741,-3.06677,0.48533
2022_13_CLE_HOU,2022,13,0.35379,-4.47436,0.48865
2022_13_DEN_BAL,2022,13,0.78245,9.75880,0.48510
2022_13_GB_CHI,2022,13,0.50048,0.09506,0.49003
2022_13_IND_DAL,2022,13,0.79304,10.23763,0.48379
2022_13_JAX_DET,2022,13,0.52445,0.82068,0.48454
2022_13_KC_CIN,2022,13,0.44063,-1.72361,0.48577
2022_13_LAC_LV,2022,13,0.55528,1.75929,0.48382
2022_13_MIA_SF,2022,13,0.65870,5.05196,0.48548
2022_13_NO_TB,2022,13,0.60178,3.20233,0.48439
2022_13_NYJ_MIN,2022,13,0.51458,0.52144,0.48159
2022_13_PIT_ATL,2022,13,0.52247,0.76040,0.48703
2022_13_SEA_LA,2022,13,0.40506,-2.82599,0.49013
2022_13_TEN_PHI,2022,13,0.61006,3.46447,0.48280
2022_13_WAS_NYG,2022,13,0.53498,1.14015,0.48944
2022_14_BAL_PIT,2022,14,0.47839,-0.57363,0.48211
2022_14_CAR_SEA,2022,14,0.68485,5.94915,0.48791
2022_14_CLE_CIN,2022,14,0.70315,6.60058,0.48747
2022_14_HOU_DAL,2022,14,0.90583,17.19660,0.48502
2022_14_JAX_TEN,2022,14,0.65362,4.88163,0.48719
2022_14_KC_DEN,2022,14,0.23899,-8.67682,0.48454
2022_14_LV_LA,2022,14,0.45048,-1.42204,0.49129
2022_14_MIA_LAC,2022,14,0.46306,-1.03878,0.48729
2022_14_MIN_DET,2022,14,0.53118,1.02483,0.48288
2022_14_NE_ARI,2022,14,0.51441,0.51634,0.48800
2022_14_NYJ_BUF,2022,14,0.75911,8.75904,0.48318
2022_14_PHI_NYG,2022,14,0.29421,-6.53541,0.48601
2022_14_TB_SF,2022,14,0.57433,2.34518,0.48329
2022_15_ARI_DEN,2022,15,0.48846,-0.26869,0.48250
2022_15_ATL_NO,2022,15,0.70217,6.56537,0.48678
2022_15_BAL_CLE,2022,15,0.48954,-0.23577,0.48126
2022_15_CIN_TB,2022,15,0.41893,-2.39326,0.48619
2022_15_DAL_JAX,2022,15,0.28079,-7.03110,0.48088
2022_15_DET_NYJ,2022,15,0.46216,-1.06608,0.48084
2022_15_IND_MIN,2022,15,0.58343,2.62747,0.48365
2022_15_KC_HOU,2022,15,0.18660,-11.05117,0.48920
2022_15_LA_GB,2022,15,0.72672,7.47561,0.48410
2022_15_MIA_BUF,2022,15,0.74594,8.22415,0.48634
2022_15_NE_LV,2022,15,0.44004,-1.74164,0.48125
2022_15_NYG_WAS,2022,15,0.65406,4.89650,0.48528
2022_15_PHI_CHI,2022,15,0.33665,-5.04769,0.48920
2022_15_PIT_CAR,2022,15,0.49734,-0.00004,0.48156
2022_15_SF_SEA,2022,15,0.44012,-1.73930,0.48639
2022_15_TEN_LAC,2022,15,0.53123,1.02615,0.48224
2022_16_ATL_BAL,2022,16,0.67611,5.64507,0.48367
2022_16_BUF_CHI,2022,16,0.25458,-8.04246,0.48472
2022_16_CIN_NE,2022,16,0.49065,-0.20238,0.48836
2022_16_DEN_LA,2022,16,0.52825,0.93586,0.48982
2022_16_DET_CAR,2022,16,0.42367,-2.24637,0.48510
2022_16_GB_MIA,2022,16,0.59799,3.08299,0.48424
2022_16_HOU_TEN,2022,16,0.61473,3.61331,0.48556
2022_16_JAX_NYJ,2022,16,0.52570,0.85837,0.48266
2022_16_LAC_IND,2022,16,0.53492,1.13829,0.49072
2022_16_LV_PIT,2022,16,0.57252,2.28931,0.48450
2022_16_NO_CLE,2022,16,0.50861,0.34087,0.48136
2022_16_NYG_MIN,2022,16,0.65099,4.79407,0.48515
2022_16_PHI_DAL,2022,16,0.68579,5.98181,0.48731
2022_16_SEA_KC,2022,16,0.75366,8.53552,0.48225
2022_16_TB_ARI,2022,16,0.43382,-1.93277,0.49192
2022_16_WAS_SF,2022,16,0.76612,9.05198,0.48805
2022_17_ARI_ATL,2022,17,0.57475,2.35822,0.47882
2022_17_CAR_TB,2022,17,0.57430,2.34428,0.48329
2022_17_CHI_DET,2022,17,0.65355,4.87942,0.48526
2022_17_CLE_WAS,2022,17,0.50506,0.23358,0.48379
2022_17_DAL_TEN,2022,17,0.24252,-8.53102,0.49179
2022_17_DEN_KC,2022,17,0.82587,11.85003,0.48265
2022_17_IND_NYG,2022,17,0.64867,4.71695,0.48377
2022_17_JAX_HOU,2022,17,0.37188,-3.88284,0.48428
2022_17_LA_LAC,2022,17,0.52542,0.84996,0.47752
2022_17_MIA_NE,2022,17,0.67747,5.69217,0.48823
2022_17_MIN_GB,2022,17,0.53153,1.03539,0.48225
2022_17_NO_PHI,2022,17,0.65427,4.90334,0.48400
2022_17_NYJ_SEA,2022,17,0.56280,1.98981,0.48861
2022_17_PIT_BAL,2022,17,0.56501,2.05783,0.48613
2022_17_SF_LV,2022,17,0.25248,-8.12660,0.48717
2022_18_ARI_SF,2022,18,0.80134,10.62593,0.48044
2022_18_BAL_CIN,2022,18,0.68188,5.84528,0.47816
2022_18_CAR_NO,2022,18,0.59577,3.01333,0.48415
2022_18_CLE_PIT,2022,18,0.54057,1.31008,0.48324
2022_18_DAL_WAS,2022,18,0.24233,-8.53860,0.48344
2022_18_DET_GB,2022,18,0.54698,1.50552,0.47965
2022_18_HOU_IND,2022,18,0.58657,2.72550,0.48442
2022_18_KC_LV,2022,18,0.30227,-6.24433,0.48831
2022_18_LAC_DEN,2022,18,0.40729,-2.75622,0.47354
2022_18_LA_SEA,2022,18,0.60519,3.31016,0.48196
2022_18_MIN_CHI,2022,18,0.35166,-4.54509,0.48728
2022_18_NE_BUF,2022,18,0.71563,7.05848,0.48356
2022_18_NYG_PHI,2022,18,0.81547,11.31567,0.47812
2022_18_NYJ_MIA,2022,18,0.54378,1.40812,0.48209
2022_18_TB_ATL,2022,18,0.45890,-1.16540,0.47558
2022_18_TEN_JAX,2022,18,0.66163,5.15053,0.48368
2022_19_BAL_CIN,2022,19,0.65670,4.98462,0.48154
2022_19_DAL_TB,2022,19,0.41502,-2.51470,0.48475
2022_19_LAC_JAX,2022,19,0.56411,2.03032,0.48994
2022_19_MIA_BUF,2022,19,0.84578,12.94826,0.48342
2022_19_NYG_MIN,2022,19,0.57266,2.29384,0.48451
2022_19_SEA_SF,2022,19,0.74892,8.34376,0.48265
2022_20_CIN_BUF,2022,20,0.62613,3.97936,0.48218
2022_20_DAL_SF,2022,20,0.60893,3.42854,0.48468
2022_20_JAX_KC,2022,20,0.78504,9.87423,0.48461
2022_20_NYG_PHI,2022,20,0.72671,7.47496,0.48410
2022_21_CIN_KC,2022,21,0.55953,1.88949,0.48463
2022_21_SF_PHI,2022,21,0.52468,0.82765,0.48262
2022_22_KC_PHI,2022,22,0.48340,-0.42167,0.48295
2023_01_ARI_WAS,2023,1,0.63631,4.20542,0.48212
2023_01_BUF_NYJ,2023,1,0.42531,-2.10070,0.48620
2023_01_CAR_ATL,2023,1,0.49844,0.05973,0.48130
2023_01_CIN_CLE,2023,1,0.41056,-2.54499,0.48372
2023_01_DAL_NYG,2023,1,0.41194,-2.50344,0.48696
2023_01_DET_KC,2023,1,0.62179,3.74929,0.48537
2023_01_GB_CHI,2023,1,0.44915,-1.39055,0.48264
2023_01_HOU_BAL,2023,1,0.74547,7.98128,0.48375
2023_01_JAX_IND,2023,1,0.46150,-1.02537,0.48949
2023_01_LA_SEA,2023,1,0.54557,1.44527,0.48179
2023_01_LV_DEN,2023,1,0.47487,-0.63188,0.48105
2023_01_MIA_LAC,2023,1,0.57746,2.39475,0.48492
2023_01_PHI_NE,2023,1,0.44020,-1.65603,0.48805
2023_01_SF_PIT,2023,1,0.47264,-0.69727,0.48672
2023_01_TB_MIN,2023,1,0.64728,4.55512,0.48640
2023_01_TEN_NO,2023,1,0.60470,3.22097,0.48597
2023_02_BAL_CIN,2023,2,0.46452,-0.93634,0.48002
2023_02_CHI_TB,2023,2,0.68395,5.76338,0.48986
2023_02_CLE_PIT,2023,2,0.41466,-2.42097,0.48579
2023_02_GB_ATL,2023,2,0.43203,-1.89942,0.47943
2023_02_IND_HOU,2023,2,0.49693,0.01554,0.48699
2023_02_KC_JAX,2023,2,0.48609,-0.30230,0.48978
2023_02_LAC_TEN,2023,2,0.53911,1.25448,0.49049
2023_02_LV_BUF,2023,2,0.64383,4.44465,0.48179
2023_02_MIA_NE,2023,2,0.52613,0.87234,0.48936
2023_02_MIN_PHI,2023,2,0.70773,6.58743,0.48644
2023_02_NO_CAR,2023,2,0.41463,-2.42212,0.48643
2023_02_NYG_ARI,2023,2,0.62518,3.85504,0.49701
2023_02_NYJ_DAL,2023,2,0.79634,10.09918,0.48773
2023_02_SEA_DET,2023,2,0.68840,5.91508,0.48750
2023_02_SF_LA,2023,2,0.42007,-2.25803,0.49239
2023_02_WAS_DEN,2023,2,0.54712,1.49093,0.48249
2023_03_ATL_DET,2023,3,0.56885,2.13699,0.48459
2023_03_BUF_WAS,2023,3,0.36292,-4.01865,0.48758
2023_03_CAR_SEA,2023,3,0.63215,4.07396,0.48451
2023_03_CHI_KC,2023,3,0.80084,10.30442,0.48225
2023_03_DAL_ARI,2023,3,0.21215,-9.51046,0.48823
2023_03_DEN_MIA,2023,3,0.73209,7.47336,0.48757
2023_03_HOU_JAX,2023,3,0.65172,4.69805,0.48211
2023_03_IND_BAL,2023,3,0.70885,6.62689,0.48457
2023_03_LAC_MIN,2023,3,0.55699,1.78371,0.48669
2023_03_LA_CIN,2023,3,0.50602,0.28203,0.48222
2023_03_NE_NYJ,2023,3,0.41154,-2.51547,0.48567
2023_03_NO_GB,2023,3,0.59893,3.04448,0.49150
2023_03_NYG_SF,2023,3,0.85885,13.34033,0.48932
2023_03_PHI_TB,2023,3,0.42680,-2.05593,0.49073
2023_03_PIT_LV,2023,3,0.59478,2.91821,0.48559
2023_03_TEN_CLE,2023,3,0.56531,2.03107,0.48381
2023_04_ARI_SF,2023,4,0.80411,10.45577,0.47989
2023_04_ATL_JAX,2023,4,0.43677,-1.75831,0.47898
2023_04_BAL_CLE,2023,4,0.50856,0.35649,0.48870
2023_04_CIN_TEN,2023,4,0.43251,-1.88537,0.48648
2023_04_DEN_CHI,2023,4,0.44424,-1.53607,0.48756
2023_04_DET_GB,2023,4,0.57290,2.25790,0.49177
2023_04_KC_NYJ,2023,4,0.27897,-6.85423,0.48907
2023_04_LA_IND,2023,4,0.48781,-0.25203,0.48665
2023_04_LV_LAC,2023,4,0.76409,8.71887,0.48789
2023_04_MIA_BUF,2023,4,0.57446,2.30473,0.48544
2023_04_MIN_CAR,2023,4,0.44295,-1.57441,0.48943
2023_04_NE_DAL,2023,4,0.71704,6.92019,0.48623
2023_04_PIT_HOU,2023,4,0.53858,1.23888,0.49111
2023_04_SEA_NYG,2023,4,0.43984,-1.66668,0.48676
2023_04_TB_NO,2023,4,0.60505,3.23179,0.48471
2023_04_WAS_PHI,2023,4,0.79121,9.86979,0.48616
2023_05_BAL_PIT,2023,5,0.29317,-6.34457,0.48333
2023_05_CAR_DET,2023,5,0.74506,7.96559,0.48373
2023_05_CHI_WAS,2023,5,0.72063,7.05068,0.48703
2023_05_CIN_ARI,2023,5,0.62159,3.74308,0.49431
2023_05_DAL_SF,2023,5,0.62660,3.89949,0.48620
2023_05_GB_LV,2023,5,0.46117,-1.03516,0.48309
2023_05_HOU_ATL,2023,5,0.39747,-2.94361,0.47874
2023_05_JAX_BUF,2023,5,0.82567,11.50397,0.49336
2023_05_KC_MIN,2023,5,0.35119,-4.39328,0.48455
2023_05_NO_NE,2023,5,0.56510,2.02486,0.48508
2023_05_NYG_MIA,2023,5,0.85081,12.86535,0.48616
2023_05_NYJ_DEN,2023,5,0.53002,0.98677,0.48376
2023_05_PHI_LA,2023,5,0.54595,1.45648,0.49203
2023_05_TEN_IND,2023,5,0.54587,1.45419,0.49074
2023_06_ARI_LA,2023,6,0.70295,6.41860,0.48495
2023_06_BAL_TEN,2023,6,0.35200,-4.36733,0.48714
2023_06_CAR_MIA,2023,6,0.78913,9.77774,0.48030
2023_06_DAL_LAC,2023,6,0.48628,-0.29677,0.48723
2023_06_DEN_KC,2023,6,0.84338,12.44477,0.48818
2023_06_DET_TB,2023,6,0.57857,2.42827,0.49263
2023_06_IND_JAX,2023,6,0.60030,3.08654,0.48452
2023_06_MIN_CHI,2023,6,0.40346,-2.76076,0.48600
2023_06_NE_LV,2023,6,0.64971,4.63336,0.48778
2023_06_NO_HOU,2023,6,0.49368,-0.07982,0.48814
2023_06_NYG_BUF,2023,6,0.92029,18.03448,0.48893
2023_06_PHI_NYJ,2023,6,0.29089,-6.42534,0.48579
2023_06_SEA_CIN,2023,6,0.46212,-1.00706,0.48057
2023_06_SF_CLE,2023,6,0.25668,-7.68741,0.48801
2023_06_WAS_ATL,2023,6,0.58766,2.70228,0.48723
2023_07_ARI_SEA,2023,7,0.71117,6.70969,0.48213
2023_07_ATL_TB,2023,7,0.63011,4.00954,0.48698
2023_07_BUF_NE,2023,7,0.16579,-11.73679,0.48028
2023_07_CLE_IND,2023,7,0.39894,-2.89847,0.48646
2023_07_DET_BAL,2023,7,0.50539,0.26344,0.48219
2023_07_GB_DEN,2023,7,0.32629,-5.20825,0.47712
2023_07_JAX_NO,2023,7,0.57679,2.37461,0.48553
2023_07_LAC_KC,2023,7,0.71311,6.77915,0.48732
2023_07_LV_CHI,2023,7,0.52571,0.85983,0.48998
2023_07_MIA_PHI,2023,7,0.53282,1.06906,0.48322
2023_07_PIT_LA,2023,7,0.66425,5.10605,0.48774
2023_07_SF_MIN,2023,7,0.22262,-9.05927,0.48306
2023_07_WAS_NYG,2023,7,0.43490,-1.81404,0.48721
2023_08_ATL_TEN,2023,8,0.61147,3.42925,0.49327
2023_08_BAL_ARI,2023,8,0.23616,-8.49774,0.48697
2023_08_CHI_LAC,2023,8,0.72313,7.14199,0.48268
2023_08_CIN_SF,2023,8,0.80584,10.53664,0.49405
2023_08_CLE_SEA,2023,8,0.62052,3.70978,0.48532
2023_08_HOU_CAR,2023,8,0.36733,-3.87934,0.48457
2023_08_JAX_PIT,2023,8,0.46810,-0.83095,0.48782
2023_08_KC_DEN,2023,8,0.18246,-10.88679,0.48073
2023_08_LA_DAL,2023,8,0.74665,8.02713,0.48764
2023_08_LV_DET,2023,8,0.73402,7.54531,0.48639
2023_08_MIN_GB,2023,8,0.50065,0.12456,0.48713
2023_08_NE_MIA,2023,8,0.74705,8.04240,0.48638
2023_08_NO_IND,2023,8,0.48339,-0.38153,0.48776
2023_08_NYJ_NYG,2023,8,0.36581,-3.92730,0.48451
2023_08_PHI_WAS,2023,8,0.25307,-7.82702,0.48463
2023_08_TB_BUF,2023,8,0.79483,10.03146,0.48573
2023_09_ARI_CLE,2023,9,0.74898,8.11770,0.47945
2023_09_BUF_CIN,2023,9,0.35309,-4.33229,0.47824
2023_09_CHI_NO,2023,9,0.76714,8.84343,0.48549
2023_09_DAL_PHI,2023,9,0.50757,0.32756,0.48164
2023_09_IND_CAR,2023,9,0.45636,-1.17707,0.48610
2023_09_LAC_NYJ,2023,9,0.46667,-0.87311,0.48841
2023_09_LA_GB,2023,9,0.57700,2.38094,0.48426
2023_09_MIA_KC,2023,9,0.50676,0.30363,0.48480
2023_09_MIN_ATL,2023,9,0.52298,0.77968,0.48222
2023_09_NYG_LV,2023,9,0.53954,1.26700,0.48603
2023_09_SEA_BAL,2023,9,0.73541,7.59777,0.48773
2023_09_TB_HOU,2023,9,0.55774,1.80571,0.48480
2023_09_TEN_PIT,2023,9,0.52238,0.76215,0.48219
2023_09_WAS_NE,2023,9,0.55522,1.73107,0.48471
2023_10_ATL_ARI,2023,10,0.51911,0.66601,0.48910
2023_10_CAR_CHI,2023,10,0.59265,2.85343,0.48550
2023_10_CLE_BAL,2023,10,0.67511,5.46597,0.48501
2023_10_DEN_BUF,2023,10,0.81941,11.18985,0.49041
2023_10_DET_LAC,2023,10,0.51859,0.65088,0.48972
2023_10_GB_PIT,2023,10,0.52826,0.93479,0.48305
2023_10_HOU_CIN,2023,10,0.60143,3.12106,0.48265
2023_10_IND_NE,2023,10,0.41881,-2.29595,0.48403
2023_10_NO_MIN,2023,10,0.45876,-1.10641,0.48811
2023_10_NYG_DAL,2023,10,0.90203,16.37590,0.48425
2023_10_NYJ_LV,2023,10,0.54986,1.57216,0.48898
2023_10_SF_JAX,2023,10,0.40234,-2.79489,0.48595
2023_10_TEN_TB,2023,10,0.60165,3.12761,0.48649
2023_10_WAS_SEA,2023,10,0.64397,4.44893,0.48371
2023_11_ARI_HOU,2023,11,0.73323,7.51579,0.48827
2023_11_CHI_DET,2023,11,0.75595,8.39172,0.48619
2023_11_CIN_BAL,2023,11,0.65400,4.77162,0.48668
2023_11_DAL_CAR,2023,11,0.15253,-12.46320,0.48382
2023_11_LAC_GB,2023,11,0.49485,-0.04556,0.48947
2023_11_LV_MIA,2023,11,0.84773,12.68925,0.48402
2023_11_MIN_DEN,2023,11,0.44668,-1.46348,0.48063
2023_11_NYG_WAS,2023,11,0.71582,6.87629,0.48489
2023_11_NYJ_BUF,2023,11,0.78887,9.76617,0.48795
2023_11_PHI_KC,2023,11,0.52824,0.93424,0.48369
2023_11_PIT_CLE,2023,11,0.58302,2.56227,0.48577
2023_11_SEA_LA,2023,11,0.64766,4.56718,0.48833
2023_11_TB_SF,2023,11,0.82041,11.23925,0.48280
2023_11_TEN_JAX,2023,11,0.60870,3.34385,0.48166
2023_12_BAL_LAC,2023,12,0.44572,-1.49210,0.48762
2023_12_BUF_PHI,2023,12,0.51157,0.44483,0.48306
2023_12_CAR_TEN,2023,12,0.66346,5.08010,0.48771
2023_12_CHI_MIN,2023,12,0.67197,5.36139,0.48871
2023_12_CLE_DEN,2023,12,0.42893,-1.99228,0.48123
2023_12_GB_DET,2023,12,0.59379,2.88798,0.47852
2023_12_JAX_HOU,2023,12,0.54418,1.40406,0.48876
2023_12_KC_LV,2023,12,0.27194,-7.11214,0.48810
2023_12_LA_ARI,2023,12,0.42070,-2.23904,0.48666
2023_12_MIA_NYJ,2023,12,0.41134,-2.52143,0.49461
2023_12_NE_NYG,2023,12,0.37080,-3.76994,0.48662
2023_12_NO_ATL,2023,12,0.41088,-2.53546,0.48501
2023_12_PIT_CIN,2023,12,0.55907,1.84522,0.49060
2023_12_SF_SEA,2023,12,0.21627,-9.33107,0.48271
2023_12_TB_IND,2023,12,0.54368,1.38930,0.48427
2023_12_WAS_DAL,2023,12,0.87807,14.57525,0.48770
2023_13_ARI_PIT,2023,13,0.73461,7.56751,0.48769
2023_13_ATL_NYJ,2023,13,0.51745,0.61728,0.48903
2023_13_CAR_TB,2023,13,0.74332,7.89848,0.49067
2023_13_CIN_JAX,2023,13,0.63880,4.28419,0.47839
2023_13_CLE_LA,2023,13,0.55890,1.84028,0.48357
2023_13_DEN_HOU,2023,13,0.64914,4.61475,0.48711
2023_13_DET_NO,2023,13,0.53266,1.06439,0.49216
2023_13_IND_TEN,2023,13,0.48410,-0.36068,0.48715
2023_13_KC_GB,2023,13,0.43999,-1.66219,0.49060
2023_13_LAC_NE,2023,13,0.46229,-1.00211,0.49016
2023_13_MIA_WAS,2023,13,0.30252,-6.01677,0.48886
2023_13_SEA_DAL,2023,13,0.87336,14.25840,0.49177
2023_13_SF_PHI,2023,13,0.42668,-2.05967,0.48689
2023_14_BUF_KC,2023,14,0.39856,-2.91013,0.47942
2023_14_CAR_NO,2023,14,0.72506,7.21277,0.48788
2023_14_DEN_LAC,2023,14,0.67330,5.40556,0.48876
2023_14_DET_CHI,2023,14,0.42007,-2.25791,0.48664
2023_14_GB_NYG,2023,14,0.31478,-5.59545,0.48621
2023_14_HOU_NYJ,2023,14,0.38386,-3.36275,0.48587
2023_14_IND_CIN,2023,14,0.62119,3.73050,0.48662
2023_14_JAX_CLE,2023,14,0.51985,0.68781,0.48338
2023_14_LA_BAL,2023,14,0.77365,9.11341,0.48775
2023_14_MIN_LV,2023,14,0.45739,-1.14673,0.48806
2023_14_NE_PIT,2023,14,0.61153,3.43107,0.48241
2023_14_PHI_DAL,2023,14,0.74411,7.92885,0.49135
2023_14_SEA_SF,2023,14,0.88472,15.04147,0.48638
2023_14_TB_ATL,2023,14,0.45833,-1.11885,0.48235
2023_14_TEN_MIA,2023,14,0.77071,8.99101,0.47929
2023_15_ATL_CAR,2023,15,0.38595,-3.29793,0.48531
2023_15_BAL_JAX,2023,15,0.37073,-3.77234,0.48598
2023_15_CHI_CLE,2023,15,0.68389,5.76158,0.48922
2023_15_DAL_BUF,2023,15,0.43201,-1.90029,0.48071
2023_15_DEN_DET,2023,15,0.62755,3.92939,0.48368
2023_15_HOU_TEN,2023,15,0.65896,4.93282,0.48816
2023_15_KC_NE,2023,15,0.33096,-5.05324,0.49201
2023_15_LAC_LV,2023,15,0.47118,-0.74025,0.48091
2023_15_MIN_CIN,2023,15,0.66181,5.02610,0.48828
2023_15_NYG_NO,2023,15,0.72217,7.10685,0.48710
2023_15_NYJ_MIA,2023,15,0.76750,8.85839,0.48743
2023_15_PHI_SEA,2023,15,0.41848,-2.30595,0.48913
2023_15_PIT_IND,2023,15,0.58756,2.69932,0.48722
2023_15_SF_ARI,2023,15,0.14965,-12.62783,0.48553
2023_15_TB_GB,2023,15,0.62066,3.71416,0.48533
2023_15_WAS_LA,2023,15,0.77339,9.10260,0.48902
2023_16_ARI_CHI,2023,16,0.61142,3.42778,0.48432
2023_16_BAL_SF,2023,16,0.73945,7.75071,0.48729
2023_16_BUF_LAC,2023,16,0.21125,-9.54989,0.49010
2023_16_CIN_PIT,2023,16,0.33766,-4.83231,0.48335
2023_16_CLE_HOU,2023,16,0.38898,-3.20430,0.48543
2023_16_DAL_MIA,2023,16,0.43570,-1.79011,0.48149
2023_16_DET_MIN,2023,16,0.50768,0.33056,0.48931
2023_16_GB_CAR,2023,16,0.30138,-6.05653,0.48242
2023_16_IND_ATL,2023,16,0.48376,-0.37072,0.48138
2023_16_JAX_TB,2023,16,0.58819,2.71824,0.49172
2023_16_LV_KC,2023,16,0.75526,8.36467,0.48232
2023_16_NE_DEN,2023,16,0.61115,3.41936,0.48112
2023_16_NO_LA,2023,16,0.61546,3.55271,0.48512
2023_16_NYG_PHI,2023,16,0.81498,10.97228,0.48182
2023_16_SEA_TEN,2023,16,0.48743,-0.26298,0.48919
2023_16_WAS_NYJ,2023,16,0.65286,4.73484,0.48791
2023_17_ARI_PHI,2023,17,0.82013,11.22532,0.48470
2023_17_ATL_CHI,2023,17,0.49283,-0.10474,0.48172
2023_17_CAR_JAX,2023,17,0.61376,3.50004,0.48569
2023_17_CIN_KC,2023,17,0.59055,2.78968,0.47967
2023_17_DET_DAL,2023,17,0.73076,7.42371,0.48815
2023_17_GB_MIN,2023,17,0.46282,-0.98641,0.48315
2023_17_LAC_DEN,2023,17,0.56059,1.89062,0.48363
2023_17_LA_NYG,2023,17,0.29864,-6.15209,0.48550
2023_17_LV_IND,2023,17,0.60401,3.19996,0.48531
2023_17_MIA_BAL,2023,17,0.65949,4.95013,0.48818
2023_17_NE_BUF,2023,17,0.82610,11.52633,0.48125
2023_17_NO_TB,2023,17,0.59987,3.07337,0.48642
2023_17_NYJ_CLE,2023,17,0.74552,7.98342,0.48759
2023_17_PIT_SEA,2023,17,0.62993,4.00409,0.48506
2023_17_SF_WAS,2023,17,0.12289,-14.29887,0.48531
2023_17_TEN_HOU,2023,17,0.54744,1.50046,0.48122
2023_18_ATL_NO,2023,18,0.68333,5.74241,0.48856
2023_18_BUF_MIA,2023,18,0.46017,-1.06472,0.48752
2023_18_CHI_GB,2023,18,0.68001,5.63028,0.48969
2023_18_CLE_CIN,2023,18,0.52553,0.85471,0.47720
2023_18_DAL_WAS,2023,18,0.13218,-13.68691,0.48481
2023_18_DEN_LV,2023,18,0.59684,2.98097,0.48503
2023_18_HOU_IND,2023,18,0.54831,1.52619,0.48956
2023_18_JAX_TEN,2023,18,0.42903,-1.98930,0.48762
2023_18_KC_LAC,2023,18,0.44338,-1.56153,0.47923
2023_18_LA_SF,2023,18,0.72328,7.14735,0.48780
2023_18_MIN_DET,2023,18,0.62704,3.91337,0.48622
2023_18_NYJ_NE,2023,18,0.57889,2.43784,0.48561
2023_18_PHI_NYG,2023,18,0.25859,-7.61443,0.48171
2023_18_PIT_BAL,2023,18,0.71019,6.67476,0.49806
2023_18_SEA_ARI,2023,18,0.40635,-2.67270,0.48547
2023_18_TB_CAR,2023,18,0.25883,-7.60511,0.48236
2023_19_CLE_HOU,2023,19,0.44234,-1.59256,0.48685
2023_19_GB_DAL,2023,19,0.73419,7.55174,0.48640
2023_19_LA_DET,2023,19,0.58733,2.69225,0.48466
2023_19_MIA_KC,2023,19,0.56942,2.15400,0.48269
2023_19_PHI_TB,2023,19,0.57105,2.20277,0.49170
2023_19_PIT_BUF,2023,19,0.71028,6.67788,0.48145
2023_20_GB_SF,2023,20,0.77532,9.18348,0.48401
2023_20_HOU_BAL,2023,20,0.84733,12.66660,0.48910
2023_20_KC_BUF,2023,20,0.63705,4.22882,0.48790
2023_20_TB_DET,2023,20,0.56843,2.12420,0.48074
2023_21_DET_SF,2023,21,0.75375,8.30493,0.48672
2023_21_KC_BAL,2023,21,0.72636,7.26038,0.48922
2023_22_SF_KC,2023,22,0.34905,-4.46219,0.48191
2024_01_ARI_BUF,2024,1,0.75646,8.61408,0.48439
2024_01_BAL_KC,2024,1,0.45947,-1.04431,0.49206
2024_01_CAR_NO,2024,1,0.74152,8.02135,0.48140
2024_01_DAL_CLE,2024,1,0.44520,-1.47359,0.49197
2024_01_DEN_SEA,2024,1,0.66302,5.21079,0.48863
2024_01_GB_PHI,2024,1,0.39506,-3.00916,0.49326
2024_01_HOU_IND,2024,1,0.51127,0.50282,0.48267
2024_01_JAX_MIA,2024,1,0.57341,2.37121,0.48843
2024_01_LA_DET,2024,1,0.58167,2.62365,0.48999
2024_01_LV_LAC,2024,1,0.48977,-0.13830,0.49093
2024_01_MIN_NYG,2024,1,0.46002,-1.02767,0.48706
2024_01_NE_CIN,2024,1,0.63113,4.16958,0.49180
2024_01_NYJ_SF,2024,1,0.75763,8.66132,0.48060
2024_01_PIT_ATL,2024,1,0.53337,1.16295,0.49056
2024_01_TEN_CHI,2024,1,0.53027,1.07035,0.49067
2024_01_WAS_TB,2024,1,0.76204,8.84150,0.48100
2024_02_ATL_PHI,2024,2,0.61744,3.73466,0.48922
2024_02_BUF_MIA,2024,2,0.45562,-1.15976,0.49158
2024_02_CHI_HOU,2024,2,0.64610,4.65297,0.48870
2024_02_CIN_KC,2024,2,0.69710,6.37920,0.48718
2024_02_CLE_JAX,2024,2,0.56861,2.22502,0.48799
2024_02_IND_GB,2024,2,0.51706,0.67538,0.48245
2024_02_LAC_CAR,2024,2,0.38566,-3.30347,0.48491
2024_02_LA_ARI,2024,2,0.43119,-1.89790,0.48814
2024_02_LV_BAL,2024,2,0.77531,9.39770,0.48653
2024_02_NO_DAL,2024,2,0.55521,1.81940,0.49286
2024_02_NYG_WAS,2024,2,0.58574,2.74844,0.48547
2024_02_NYJ_TEN,2024,2,0.46365,-0.91899,0.48381
2024_02_PIT_DEN,2024,2,0.39248,-3.08954,0.48714
2024_02_SEA_NE,2024,2,0.57718,2.48618,0.47958
2024_02_SF_MIN,2024,2,0.45459,-1.19101,0.48291
2024_02_TB_DET,2024,2,0.51942,0.74580,0.49544
2024_03_BAL_DAL,2024,3,0.49741,0.08941,0.48505
2024_03_CAR_LV,2024,3,0.75427,8.52549,0.48326
2024_03_CHI_IND,2024,3,0.59208,2.94358,0.48523
2024_03_DEN_TB,2024,3,0.78159,9.66912,0.48246
2024_03_DET_ARI,2024,3,0.63028,4.14242,0.47814
2024_03_GB_TEN,2024,3,0.44513,-1.47584,0.49260
2024_03_HOU_MIN,2024,3,0.63282,4.22364,0.47928
2024_03_JAX_BUF,2024,3,0.77417,9.34889,0.48037
2024_03_KC_ATL,2024,3,0.40648,-2.65475,0.48660
2024_03_LAC_PIT,2024,3,0.60708,3.40928,0.48652
2024_03_MIA_SEA,2024,3,0.71594,7.05641,0.48322
2024_03_NE_NYJ,2024,3,0.56091,1.99178,0.49264
2024_03_NYG_CLE,2024,3,0.70237,6.56610,0.48694
2024_03_PHI_NO,2024,3,0.76985,9.16630,0.47873
2024_03_SF_LA,2024,3,0.33501,-4.94324,0.48571
2024_03_WAS_CIN,2024,3,0.69114,6.16982,0.48868
2024_04_BUF_BAL,2024,4,0.42111,-2.20496,0.49289
2024_04_CIN_CAR,2024,4,0.40091,-2.82697,0.48494
2024_04_CLE_LV,2024,4,0.58467,2.71545,0.48053
2024_04_DAL_NYG,2024,4,0.37336,-3.69293,0.48478
2024_04_DEN_NYJ,2024,4,0.67749,5.69883,0.48927
2024_04_JAX_HOU,2024,4,0.61550,3.67323,0.48930
2024_04_KC_LAC,2024,4,0.45171,-1.27748,0.47928
2024_04_LA_CHI,2024,4,0.49001,-0.13120,0.49093
2024_04_MIN_GB,2024,4,0.51535,0.62441,0.48936
2024_04_NE_SF,2024,4,0.81235,11.08813,0.48629
2024_04_NO_ATL,2024,4,0.30543,-5.95662,0.49756
2024_04_PHI_TB,2024,4,0.52548,0.92693,0.48463
2024_04_PIT_IND,2024,4,0.37963,-3.49361,0.48826
2024_04_SEA_DET,2024,4,0.58174,2.62578,0.48811
2024_04_TEN_MIA,2024,4,0.60603,3.37655,0.48593
2024_04_WAS_ARI,2024,4,0.65964,5.09833,0.48504
2024_05_ARI_SF,2024,5,0.75906,8.71964,0.48488
2024_05_BAL_CIN,2024,5,0.34697,-4.54667,0.48957
2024_05_BUF_HOU,2024,5,0.32748,-5.19652,0.49474
2024_05_CAR_CHI,2024,5,0.60656,3.39293,0.48778
2024_05_CLE_WAS,2024,5,0.65903,5.07827,0.48444
2024_05_DAL_PIT,2024,5,0.53827,1.30995,0.48851
2024_05_GB_LA,2024,5,0.42639,-2.04388,0.48584
2024_05_IND_JAX,2024,5,0.45970,-1.03738,0.49268
2024_05_LV_DEN,2024,5,0.59292,2.96958,0.48706
2024_05_MIA_NE,2024,5,0.61262,3.58287,0.48008
2024_05_NO_KC,2024,5,0.50543,0.32865,0.49347
2024_05_NYG_SEA,2024,5,0.72999,7.57954,0.48630
2024_05_NYJ_MIN,2024,5,0.59452,3.01905,0.48638
2024_05_TB_ATL,2024,5,0.46002,-1.02781,0.49142
2024_06_ARI_GB,2024,6,0.69453,6.28862,0.48604
2024_06_ATL_CAR,2024,6,0.30031,-6.13728,0.48720
2024_06_BUF_NYJ,2024,6,0.36645,-3.91366,0.49065
2024_06_CIN_NYG,2024,6,0.41199,-2.48485,0.48452
2024_06_CLE_PHI,2024,6,0.70942,6.81915,0.48850
2024_06_DET_DAL,2024,6,0.49714,0.08150,0.48257
2024_06_HOU_NE,2024,6,0.41986,-2.24319,0.48173
2024_06_IND_TEN,2024,6,0.51213,0.52834,0.48948
2024_06_JAX_CHI,2024,6,0.60546,3.35875,0.48098
2024_06_LAC_DEN,2024,6,0.49557,0.03463,0.48325
2024_06_PIT_LV,2024,6,0.41403,-2.42199,0.48568
2024_06_SF_SEA,2024,6,0.40762,-2.61949,0.48593
2024_06_TB_NO,2024,6,0.53432,1.19154,0.48119
2024_06_WAS_BAL,2024,6,0.70175,6.54381,0.48697
2024_07_BAL_TB,2024,7,0.42912,-1.96076,0.48386
2024_07_CAR_WAS,2024,7,0.81672,11.30382,0.48540
2024_07_CIN_CLE,2024,7,0.34204,-4.70934,0.48604
2024_07_DEN_NO,2024,7,0.53853,1.31776,0.48227
2024_07_DET_MIN,2024,7,0.53603,1.24274,0.48672
2024_07_HOU_GB,2024,7,0.68785,6.05532,0.48322
2024_07_KC_SF,2024,7,0.52727,0.98060,0.48892
2024_07_LAC_ARI,2024,7,0.47103,-0.69782,0.48665
2024_07_LV_LA,2024,7,0.67362,5.56718,0.48881
2024_07_MIA_IND,2024,7,0.62276,3.90296,0.48590
2024_07_NE_JAX,2024,7,0.53803,1.30268,0.49350
2024_07_NYJ_PIT,2024,7,0.57438,2.40072,0.48030
2024_07_PHI_NYG,2024,7,0.45349,-1.22401,0.48481
2024_07_SEA_ATL,2024,7,0.64691,4.67960,0.48493
2024_07_TEN_BUF,2024,7,0.75647,8.61448,0.48813
2024_08_ARI_MIA,2024,8,0.45959,-1.04060,0.49330
2024_08_ATL_TB,2024,8,0.66945,5.42637,0.47841
2024_08_BAL_CLE,2024,8,0.21990,-9.27080,0.48923
2024_08_BUF_SEA,2024,8,0.40684,-2.64362,0.48658
2024_08_CAR_DEN,2024,8,0.89775,16.35846,0.48285
2024_08_CHI_WAS,2024,8,0.49651,0.06268,0.48882
2024_08_DAL_SF,2024,8,0.64298,4.55159,0.48821
2024_08_GB_JAX,2024,8,0.34789,-4.51636,0.48829
2024_08_IND_HOU,2024,8,0.57539,2.43166,0.49022
2024_08_KC_LV,2024,8,0.27056,-7.22544,0.48482
2024_08_MIN_LA,2024,8,0.35620,-4.24485,0.48858
2024_08_NO_LAC,2024,8,0.70966,6.82770,0.48724
2024_08_NYG_PIT,2024,8,0.77434,9.35629,0.48285
2024_08_NYJ_NE,2024,8,0.36471,-3.96956,0.48325
2024_08_PHI_CIN,2024,8,0.57244,2.34165,0.48722
2024_08_TEN_DET,2024,8,0.81753,11.34432,0.48846
2024_09_CHI_ARI,2024,9,0.51164,0.51374,0.48825
2024_09_DAL_ATL,2024,9,0.58169,2.62407,0.48749
2024_09_DEN_BAL,2024,9,0.72127,7.25302,0.48920
2024_09_DET_GB,2024,9,0.41926,-2.26152,0.48673
2024_09_HOU_NYJ,2024,9,0.54369,1.47244,0.48831
2024_09_IND_MIN,2024,9,0.69429,6.28031,0.48730
2024_09_JAX_PHI,2024,9,0.71579,7.05117,0.48758
2024_09_LAC_CLE,2024,9,0.52081,0.78731,0.48356
2024_09_LA_SEA,2024,9,0.56425,2.09286,0.48255
2024_09_LV_CIN,2024,9,0.73141,7.63304,0.48748
2024_09_MIA_BUF,2024,9,0.83782,12.40539,0.47968
2024_09_NE_TEN,2024,9,0.58870,2.83942,0.48723
2024_09_NO_CAR,2024,9,0.17628,-11.32456,0.49241
2024_09_TB_KC,2024,9,0.64294,4.55023,0.49257
2024_09_WAS_NYG,2024,9,0.42786,-1.99904,0.48391
2024_10_ATL_NO,2024,10,0.54277,1.44503,0.48087
2024_10_BUF_IND,2024,10,0.27132,-7.19652,0.49038
2024_10_CIN_BAL,2024,10,0.76413,8.92744,0.48338
2024_10_DEN_KC,2024,10,0.71617,7.06490,0.48757
2024_10_DET_HOU,2024,10,0.28362,-6.73937,0.48981
2024_10_MIA_LA,2024,10,0.61488,3.65395,0.48559
2024_10_MIN_JAX,2024,10,0.27150,-7.18970,0.48726
2024_10_NE_CHI,2024,10,0.71569,7.04730,0.48634
2024_10_NYG_CAR,2024,10,0.30738,-5.88816,0.48626
2024_10_NYJ_ARI,2024,10,0.58858,2.83555,0.48101
2024_10_PHI_DAL,2024,10,0.35768,-4.19669,0.48291
2024_10_PIT_WAS,2024,10,0.34181,-4.71689,0.49477
2024_10_SF_TB,2024,10,0.48413,-0.30661,0.47932
2024_10_TEN_LAC,2024,10,0.76237,8.85491,0.48596
2024_11_ATL_DEN,2024,11,0.59828,3.13544,0.48561
2024_11_BAL_PIT,2024,11,0.34899,-4.48032,0.48887
2024_11_CIN_LAC,2024,11,0.61779,3.74562,0.48361
2024_11_CLE_NO,2024,11,0.57960,2.56023,0.48259
2024_11_GB_CHI,2024,11,0.30460,-5.98571,0.48701
2024_11_HOU_DAL,2024,11,0.38496,-3.32544,0.48183
2024_11_IND_NYJ,2024,11,0.56967,2.25736,0.48920
2024_11_JAX_DET,2024,11,0.87693,14.80250,0.48603
2024_11_KC_BUF,2024,11,0.57451,2.40482,0.48714
2024_11_LA_NE,2024,11,0.48713,-0.21701,0.48232
2024_11_LV_MIA,2024,11,0.65210,4.84927,0.49095
2024_11_MIN_TEN,2024,11,0.31122,-5.75436,0.48672
2024_11_SEA_SF,2024,11,0.69985,6.47653,0.48643
2024_11_WAS_PHI,2024,11,0.69296,6.23355,0.48487
2024_12_ARI_SEA,2024,12,0.39350,-3.05784,0.48959
2024_12_BAL_LAC,2024,12,0.42139,-2.19659,0.48603
2024_12_DAL_WAS,2024,12,0.73604,7.81004,0.49038
2024_12_DEN_LV,2024,12,0.27807,-6.94403,0.48758
2024_12_DET_IND,2024,12,0.17650,-11.31299,0.49240
2024_12_KC_CAR,2024,12,0.18161,-11.05386,0.48709
2024_12_MIN_CHI,2024,12,0.37725,-3.56928,0.48773
2024_12_NE_MIA,2024,12,0.70229,6.56309,0.48819
2024_12_PHI_LA,2024,12,0.44820,-1.38327,0.48501
2024_12_PIT_CLE,2024,12,0.37950,-3.49779,0.48702
2024_12_SF_GB,2024,12,0.69411,6.27403,0.48731
2024_12_TB_NYG,2024,12,0.29381,-6.36930,0.48686
2024_12_TEN_HOU,2024,12,0.68179,5.84613,0.48971
2024_13_ARI_MIN,2024,13,0.67833,5.72745,0.48425
2024_13_CHI_DET,2024,13,0.83277,12.13220,0.48375
2024_13_CLE_DEN,2024,13,0.73832,7.89775,0.48529
2024_13_HOU_JAX,2024,13,0.50975,0.45748,0.48210
2024_13_IND_NE,2024,13,0.46849,-0.77397,0.48488
2024_13_LAC_ATL,2024,13,0.50182,0.22079,0.48551
2024_13_LA_NO,2024,13,0.70823,6.77622,0.47548
2024_13_LV_KC,2024,13,0.85102,13.15483,0.48746
2024_13_MIA_GB,2024,13,0.67033,5.45604,0.48459
2024_13_NYG_DAL,2024,13,0.59280,2.96583,0.48894
2024_13_PHI_BAL,2024,13,0.63562,4.31367,0.48539
2024_13_PIT_CIN,2024,13,0.58111,2.60636,0.48752
2024_13_SEA_NYJ,2024,13,0.60109,3.22266,0.48426
2024_13_SF_BUF,2024,13,0.73130,7.62902,0.48562
2024_13_TB_CAR,2024,13,0.18790,-10.74292,0.49231
2024_13_TEN_WAS,2024,13,0.60833,3.44827,0.49020
2024_14_ATL_MIN,2024,14,0.74662,8.22118,0.48426
2024_14_BUF_LA,2024,14,0.32847,-5.16325,0.48910
2024_14_CAR_PHI,2024,14,0.87788,14.86827,0.48594
2024_14_CHI_SF,2024,14,0.65025,4.78863,0.48480
2024_14_CIN_DAL,2024,14,0.37490,-3.64392,0.48534
2024_14_CLE_PIT,2024,14,0.69979,6.47445,0.48644
2024_14_GB_DET,2024,14,0.68313,5.89212,0.48343
2024_14_JAX_TEN,2024,14,0.65046,4.79569,0.48479
2024_14_LAC_KC,2024,14,0.64940,4.76083,0.48732
2024_14_LV_TB,2024,14,0.78350,9.75280,0.48360
2024_14_NO_NYG,2024,14,0.32315,-5.34359,0.48683
2024_14_NYJ_MIA,2024,14,0.70588,6.69152,0.48679
2024_14_SEA_ARI,2024,14,0.60198,3.25038,0.48671
2024_15_ATL_LV,2024,15,0.52164,0.81226,0.47793
2024_15_BAL_NYG,2024,15,0.12823,-14.11918,0.48406
2024_15_BUF_DET,2024,15,0.59005,2.88090,0.48655
2024_15_CHI_MIN,2024,15,0.73381,7.72446,0.48612
2024_15_CIN_TEN,2024,15,0.28844,-6.56334,0.48773
2024_15_DAL_CAR,2024,15,0.39253,-3.08815,0.49399
2024_15_GB_SEA,2024,15,0.40201,-2.79291,0.48677
2024_15_IND_DEN,2024,15,0.75107,8.39760,0.48217
2024_15_KC_CLE,2024,15,0.32961,-5.12472,0.48780
2024_15_LA_SF,2024,15,0.63898,4.42199,0.48526
2024_15_MIA_HOU,2024,15,0.55094,1.69058,0.48803
2024_15_NE_ARI,2024,15,0.65985,5.10540,0.48814
2024_15_NYJ_JAX,2024,15,0.42510,-2.08310,0.48526
2024_15_PIT_PHI,2024,15,0.58229,2.64235,0.49058
2024_15_TB_LAC,2024,15,0.58673,2.77869,0.48730
2024_15_WAS_NO,2024,15,0.29500,-6.32662,0.48556
2024_16_ARI_CAR,2024,16,0.25082,-7.98907,0.49013
2024_16_CLE_CIN,2024,16,0.69905,6.44804,0.49145
2024_16_DEN_LAC,2024,16,0.47067,-0.70874,0.49164
2024_16_DET_CHI,2024,16,0.19160,-10.56334,0.49146
2024_16_HOU_KC,2024,16,0.70910,6.80760,0.48291
2024_16_JAX_LV,2024,16,0.61606,3.69096,0.48554
2024_16_LA_NYJ,2024,16,0.49525,0.02494,0.48326
2024_16_MIN_SEA,2024,16,0.37357,-3.68610,0.48850
2024_16_NE_BUF,2024,16,0.88461,15.34788,0.48535
2024_16_NO_GB,2024,16,0.82149,11.54406,0.49008
2024_16_NYG_ATL,2024,16,0.61367,3.61589,0.49435
2024_16_PHI_WAS,2024,16,0.45532,-1.16890,0.48350
2024_16_PIT_BAL,2024,16,0.72297,7.31600,0.48663
2024_16_SF_MIA,2024,16,0.51915,0.73776,0.48362
2024_16_TB_DAL,2024,16,0.31002,-5.79595,0.48864
2024_16_TEN_IND,2024,16,0.60159,3.23810,0.48797
2024_17_ARI_LA,2024,17,0.59538,3.04544,0.49133
2024_17_ATL_WAS,2024,17,0.74317,8.08583,0.48132
2024_17_BAL_HOU,2024,17,0.29678,-6.26320,0.48798
2024_17_CAR_TB,2024,17,0.87128,14.41954,0.48090
2024_17_DAL_PHI,2024,17,0.78294,9.72839,0.48425
2024_17_DEN_CIN,2024,17,0.49135,-0.09110,0.49150
2024_17_DET_SF,2024,17,0.32612,-5.24286,0.48857
2024_17_GB_MIN,2024,17,0.48312,-0.33682,0.48620
2024_17_IND_NYG,2024,17,0.38713,-3.25736,0.48174
2024_17_KC_PIT,2024,17,0.43269,-1.85239,0.48560
2024_17_LAC_NE,2024,17,0.39331,-3.06356,0.48337
2024_17_LV_NO,2024,17,0.58611,2.75974,0.48110
2024_17_MIA_CLE,2024,17,0.55746,1.88728,0.48094
2024_17_NYJ_BUF,2024,17,0.82721,11.83811,0.48474
2024_17_SEA_CHI,2024,17,0.54250,1.43677,0.48088
2024_17_TEN_JAX,2024,17,0.50745,0.38889,0.48530
2024_18_BUF_NE,2024,18,0.24248,-8.32335,0.49366
2024_18_CAR_ATL,2024,18,0.73169,7.64368,0.48685
2024_18_CHI_GB,2024,18,0.78606,9.86588,0.48719
2024_18_CIN_PIT,2024,18,0.47494,-0.58100,0.48464
2024_18_CLE_BAL,2024,18,0.90839,17.26556,0.48981
2024_18_HOU_TEN,2024,18,0.48101,-0.39971,0.49064
2024_18_JAX_IND,2024,18,0.61709,3.72362,0.48675
2024_18_KC_DEN,2024,18,0.59506,3.03574,0.49632
2024_18_LAC_LV,2024,18,0.31585,-5.59383,0.48528
2024_18_MIA_NYJ,2024,18,0.38341,-3.37436,0.49310
2024_18_MIN_DET,2024,18,0.70183,6.54675,0.48261
2024_18_NO_TB,2024,18,0.83876,12.45715,0.48957
2024_18_NYG_PHI,2024,18,0.79450,10.24536,0.47801
2024_18_SEA_LA,2024,18,0.52240,0.83496,0.47665
2024_18_SF_ARI,2024,18,0.59954,3.17443,0.48868
2024_18_WAS_DAL,2024,18,0.33600,-4.91024,0.48442
2024_19_DEN_BUF,2024,19,0.63944,4.43686,0.49084
2024_19_GB_PHI,2024,19,0.56076,1.98719,0.49140
2024_19_LAC_HOU,2024,19,0.35605,-4.24986,0.48858
2024_19_MIN_LA,2024,19,0.40605,-2.66807,0.48724
2024_19_PIT_BAL,2024,19,0.80379,10.67696,0.48556
2024_19_WAS_TB,2024,19,0.64594,4.64781,0.48497
2024_20_BAL_BUF,2024,20,0.53579,1.23555,0.48362
2024_20_HOU_KC,2024,20,0.76334,8.89494,0.48778
2024_20_LA_PHI,2024,20,0.73461,7.75500,0.48609
2024_20_WAS_DET,2024,20,0.81645,11.29034,0.48355
2024_21_BUF_KC,2024,21,0.41969,-2.24858,0.49169
2024_21_WAS_PHI,2024,21,0.60770,3.42872,0.49023
2024_22_KC_PHI,2024,22,0.54293,1.44962,0.48335
2025_01_ARI_NO,2025,1,0.46294,-0.88510,0.48750
2025_01_BAL_BUF,2025,1,0.50510,0.37412,0.48975
2025_01_CAR_JAX,2025,1,0.60996,3.55617,0.49169
2025_01_CIN_CLE,2025,1,0.40843,-2.54010,0.48899
2025_01_DAL_PHI,2025,1,0.74600,8.25582,0.49121
2025_01_DET_GB,2025,1,0.44986,-1.27848,0.49296
2025_01_HOU_LA,2025,1,0.59814,3.18774,0.49126
2025_01_KC_LAC,2025,1,0.49005,-0.07479,0.48902
2025_01_LV_NE,2025,1,0.51280,0.60401,0.49235
2025_01_MIA_IND,2025,1,0.47629,-0.48561,0.49242
2025_01_MIN_CHI,2025,1,0.51284,0.60530,0.48959
2025_01_NYG_WAS,2025,1,0.69322,6.30092,0.49083
2025_01_PIT_NYJ,2025,1,0.44621,-1.38832,0.48993
2025_01_SF_SEA,2025,1,0.49257,0.00065,0.48931
2025_01_TB_ATL,2025,1,0.37306,-3.64878,0.49253
2025_01_TEN_DEN,2025,1,0.78252,9.76942,0.49016
2025_02_ATL_MIN,2025,2,0.57372,2.43718,0.49178
2025_02_BUF_NYJ,2025,2,0.34044,-4.70919,0.49015
2025_02_CAR_ARI,2025,2,0.77798,9.57217,0.48926
2025_02_CHI_DET,2025,2,0.69528,6.37323,0.49078
2025_02_CLE_BAL,2025,2,0.80687,10.88365,0.49216
2025_02_DEN_IND,2025,2,0.52780,1.05204,0.48858
2025_02_JAX_CIN,2025,2,0.59679,3.14601,0.49129
2025_02_LAC_LV,2025,2,0.44021,-1.56988,0.48971
2025_02_LA_TEN,2025,2,0.36884,-3.78341,0.48985
2025_02_NE_MIA,2025,2,0.62085,3.89928,0.48938
2025_02_NYG_DAL,2025,2,0.69751,6.45197,0.48969
2025_02_PHI_KC,2025,2,0.45339,-1.17208,0.49081
2025_02_SEA_PIT,2025,2,0.66786,5.43064,0.48971
2025_02_SF_NO,2025,2,0.49697,0.13177,0.48888
2025_02_TB_HOU,2025,2,0.43947,-1.59215,0.49387
2025_02_WAS_GB,2025,2,0.62717,4.10036,0.49063
2025_03_ARI_SF,2025,3,0.53867,1.37780,0.49113
2025_03_ATL_CAR,2025,3,0.34682,-4.49814,0.49035
2025_03_CIN_MIN,2025,3,0.56181,2.07516,0.49168
2025_03_DAL_CHI,2025,3,0.46675,-0.77099,0.49054
2025_03_DEN_LAC,2025,3,0.57431,2.45520,0.49107
2025_03_DET_BAL,2025,3,0.55874,1.98220,0.49278
2025_03_GB_CLE,2025,3,0.21114,-9.60619,0.49181
2025_03_HOU_JAX,2025,3,0.52387,0.93460,0.49143
2025_03_IND_TEN,2025,3,0.28840,-6.51246,0.49140
2025_03_KC_NYG,2025,3,0.40023,-2.79421,0.48882
2025_03_LA_PHI,2025,3,0.67689,5.73623,0.48949
2025_03_LV_WAS,2025,3,0.61471,3.70537,0.49021
2025_03_MIA_BUF,2025,3,0.81886,11.47119,0.49175
2025_03_NO_SEA,2025,3,0.69123,6.23117,0.49192
2025_03_NYJ_TB,2025,3,0.77741,9.54766,0.48893
2025_03_PIT_NE,2025,3,0.47275,-0.59131,0.49041
2025_04_BAL_KC,2025,4,0.42061,-2.16604,0.49081
2025_04_CAR_NE,2025,4,0.55368,1.82947,0.49358
2025_04_CHI_LV,2025,4,0.50127,0.26006,0.49190
2025_04_CIN_DEN,2025,4,0.78387,9.82902,0.48943
2025_04_CLE_DET,2025,4,0.86572,14.11832,0.48819
2025_04_GB_DAL,2025,4,0.34335,-4.61280,0.48939
2025_04_IND_LA,2025,4,0.52402,0.93920,0.49281
2025_04_JAX_SF,2025,4,0.71940,7.24240,0.48845
2025_04_LAC_NYG,2025,4,0.30858,-5.79343,0.49090
2025_04_MIN_PIT,2025,4,0.40612,-2.61141,0.49112
2025_04_NO_BUF,2025,4,0.84268,12.73671,0.49295
2025_04_NYJ_MIA,2025,4,0.56091,2.04799,0.49135
2025_04_PHI_TB,2025,4,0.49106,-0.04467,0.48865
2025_04_SEA_ARI,2025,4,0.47059,-0.65596,0.49046
2025_04_TEN_HOU,2025,4,0.75245,8.51177,0.49034
2025_04_WAS_ATL,2025,4,0.37056,-3.72830,0.49535
2025_05_DAL_NYJ,2025,5,0.49884,0.18748,0.49195
2025_05_DEN_PHI,2025,5,0.62124,3.91191,0.49076
2025_05_DET_CIN,2025,5,0.13915,-13.36648,0.49302
2025_05_HOU_BAL,2025,5,0.53050,1.13308,0.48853
2025_05_KC_JAX,2025,5,0.42621,-1.99493,0.49000
2025_05_LV_IND,2025,5,0.75542,8.63113,0.48991
2025_05_MIA_CAR,2025,5,0.44468,-1.43465,0.49100
2025_05_MIN_CLE,2025,5,0.27117,-7.14996,0.49357
2025_05_NE_BUF,2025,5,0.74498,8.21585,0.49055
2025_05_NYG_NO,2025,5,0.58892,2.90291,0.49007
2025_05_SF_LA,2025,5,0.64380,4.63551,0.49371
2025_05_TB_SEA,2025,5,0.64508,4.67728,0.49023
2025_05_TEN_ARI,2025,5,0.80381,10.73775,0.48880
2025_05_WAS_LAC,2025,5,0.60799,3.49452,0.49035
2025_06_ARI_IND,2025,6,0.80958,11.01370,0.48930
2025_06_BUF_ATL,2025,6,0.39579,-2.93232,0.49065
2025_06_CHI_WAS,2025,6,0.61148,3.60390,0.49235
2025_06_CIN_GB,2025,6,0.90307,16.86413,0.48906
2025_06_CLE_PIT,2025,6,0.74146,8.07809,0.48926
2025_06_DAL_CAR,2025,6,0.36421,-3.93219,0.49169
2025_06_DEN_NYJ,2025,6,0.27523,-6.99774,0.49069
2025_06_DET_KC,2025,6,0.42414,-2.05798,0.49419
2025_06_LAC_MIA,2025,6,0.51408,0.64219,0.48818
2025_06_LA_BAL,2025,6,0.42078,-2.16084,0.48769
2025_06_NE_NO,2025,6,0.45321,-1.17761,0.48944
2025_06_PHI_NYG,2025,6,0.21949,-9.23748,0.49259
2025_06_SEA_JAX,2025,6,0.45795,-1.03493,0.49072
2025_06_SF_TB,2025,6,0.66582,5.36211,0.48975
2025_06_TEN_LV,2025,6,0.63716,4.42068,0.49040
2025_07_ATL_SF,2025,7,0.61713,3.78173,0.48946
2025_07_CAR_NYJ,2025,7,0.53771,1.34895,0.49115
2025_07_GB_ARI,2025,7,0.32223,-5.32226,0.48988
2025_07_HOU_SEA,2025,7,0.51796,0.75815,0.49259
2025_07_IND_LAC,2025,7,0.46958,-0.68629,0.49325
2025_07_LA_JAX,2025,7,0.43357,-1.77088,0.49019
2025_07_LV_KC,2025,7,0.83320,12.21602,0.49193
2025_07_MIA_CLE,2025,7,0.45863,-1.01452,0.49347
2025_07_NE_TEN,2025,7,0.27563,-6.98273,0.49138
2025_07_NO_CHI,2025,7,0.63433,4.32937,0.49116
2025_07_NYG_DEN,2025,7,0.78158,9.72866,0.48950
2025_07_PHI_MIN,2025,7,0.61226,3.62848,0.48680
2025_07_PIT_CIN,2025,7,0.30022,-6.08785,0.49145
2025_07_TB_DET,2025,7,0.64742,4.75358,0.49190
2025_07_WAS_DAL,2025,7,0.51985,0.81452,0.49152
2025_08_BUF_CAR,2025,8,0.25815,-7.64899,0.49149
2025_08_CHI_BAL,2025,8,0.55088,1.74497,0.49156
2025_08_CLE_NE,2025,8,0.72328,7.38625,0.49077
2025_08_DAL_DEN,2025,8,0.60592,3.42996,0.49109
2025_08_GB_PIT,2025,8,0.41649,-2.29208,0.49055
2025_08_MIA_ATL,2025,8,0.67067,5.52520,0.49206
2025_08_MIN_LAC,2025,8,0.51612,0.70309,0.49263
2025_08_NYG_PHI,2025,8,0.73350,7.77148,0.49051
2025_08_NYJ_CIN,2025,8,0.57403,2.44651,0.49315
2025_08_SF_HOU,2025,8,0.65997,5.16699,0.48920
2025_08_TB_NO,2025,8,0.35531,-4.22020,0.49085
2025_08_TEN_IND,2025,8,0.88617,15.52481,0.49102
2025_08_WAS_KC,2025,8,0.74781,8.32734,0.49254
2025_09_ARI_DAL,2025,9,0.58014,2.63306,0.49164
2025_09_ATL_NE,2025,9,0.71933,7.23974,0.48984
2025_09_BAL_MIA,2025,9,0.33820,-4.78366,0.48916
2025_09_CAR_GB,2025,9,0.85177,13.26002,0.49052
2025_09_CHI_CIN,2025,9,0.42758,-1.95312,0.49032
2025_09_DEN_HOU,2025,9,0.54973,1.71044,0.49090
2025_09_IND_PIT,2025,9,0.34856,-4.44092,0.49169
2025_09_JAX_LV,2025,9,0.41296,-2.40058,0.49097
2025_09_KC_BUF,2025,9,0.46196,-0.91455,0.48994
2025_09_LAC_TEN,2025,9,0.22310,-9.08113,0.49041
2025_09_MIN_DET,2025,9,0.85509,13.45808,0.48830
2025_09_NO_LA,2025,9,0.87553,14.76801,0.49051
2025_09_SEA_WAS,2025,9,0.37905,-3.45823,0.49170
2025_09_SF_NYG,2025,9,0.51999,0.81870,0.48875
2025_10_ARI_SEA,2025,10,0.77179,9.30753,0.48945
2025_10_ATL_IND,2025,10,0.70542,6.73334,0.49088
2025_10_BAL_MIN,2025,10,0.35244,-4.31376,0.49091
2025_10_BUF_MIA,2025,10,0.24730,-8.07729,0.49075
2025_10_CLE_NYJ,2025,10,0.53400,1.23773,0.48915
2025_10_DET_WAS,2025,10,0.27374,-7.05324,0.49004
2025_10_JAX_HOU,2025,10,0.65001,4.83829,0.48666
2025_10_LA_SF,2025,10,0.41018,-2.48618,0.48896
2025_10_LV_DEN,2025,10,0.84018,12.59675,0.48890
2025_10_NE_TB,2025,10,0.65308,4.93913,0.48935
2025_10_NO_CAR,2025,10,0.60049,3.26079,0.49259
2025_10_NYG_CHI,2025,10,0.62017,3.87794,0.49147
2025_10_PHI_GB,2025,10,0.46678,-0.77001,0.49261
2025_10_PIT_LAC,2025,10,0.64109,4.54756,0.48997
2025_11_BAL_CLE,2025,11,0.25462,-7.78705,0.49124
2025_11_CAR_ATL,2025,11,0.63474,4.34282,0.49115
2025_11_CHI_MIN,2025,11,0.49009,-0.07353,0.49317
2025_11_CIN_PIT,2025,11,0.56793,2.26083,0.49328
2025_11_DAL_LV,2025,11,0.31329,-5.62957,0.49251
2025_11_DET_PHI,2025,11,0.48179,-0.32133,0.49299
2025_11_GB_NYG,2025,11,0.27551,-6.98704,0.49069
2025_11_HOU_TEN,2025,11,0.27612,-6.96448,0.49205
2025_11_KC_DEN,2025,11,0.36907,-3.77610,0.49123
2025_11_LAC_JAX,2025,11,0.42668,-1.98052,0.49034
2025_11_NYJ_NE,2025,11,0.75359,8.55758,0.49377
2025_11_SEA_LA,2025,11,0.57293,2.41306,0.49145
2025_11_SF_ARI,2025,11,0.40403,-2.67623,0.49047
2025_11_TB_BUF,2025,11,0.64990,4.83489,0.49185
2025_11_WAS_MIA,2025,11,0.49893,0.19020,0.49264
2025_12_ATL_NO,2025,12,0.59188,2.99394,0.49001
2025_12_BUF_HOU,2025,12,0.46340,-0.87141,0.48784
2025_12_CAR_SF,2025,12,0.80187,10.64675,0.48887
2025_12_CLE_LV,2025,12,0.47159,-0.62615,0.49355
2025_12_IND_KC,2025,12,0.54813,1.66202,0.49231
2025_12_JAX_ARI,2025,12,0.53486,1.26362,0.48844
2025_12_MIN_GB,2025,12,0.73967,8.00854,0.49000
2025_12_NE_CIN,2025,12,0.32893,-5.09452,0.48938
2025_12_NYG_DET,2025,12,0.81772,11.41442,0.49283
2025_12_NYJ_BAL,2025,12,0.79213,10.19739,0.49367
2025_12_PHI_DAL,2025,12,0.38651,-3.22288,0.49120
2025_12_PIT_CHI,2025,12,0.53634,1.30781,0.49221
2025_12_SEA_TEN,2025,12,0.18662,-10.75483,0.48983
2025_12_TB_LA,2025,12,0.74094,8.05798,0.49031
2025_13_ARI_TB,2025,13,0.62943,4.17244,0.49127
2025_13_ATL_NYJ,2025,13,0.47147,-0.62981,0.48940
2025_13_BUF_PIT,2025,13,0.39222,-3.04384,0.49107
2025_13_CHI_PHI,2025,13,0.72382,7.40652,0.49076
2025_13_CIN_BAL,2025,13,0.73084,7.67054,0.49058
2025_13_DEN_WAS,2025,13,0.37035,-3.73506,0.48913
2025_13_GB_DET,2025,13,0.55513,1.87305,0.49148
2025_13_HOU_IND,2025,13,0.51351,0.62521,0.49268
2025_13_JAX_TEN,2025,13,0.34239,-4.64457,0.49010
2025_13_KC_DAL,2025,13,0.33358,-4.93818,0.49204
2025_13_LA_CAR,2025,13,0.21219,-9.55907,0.49074
2025_13_LV_LAC,2025,13,0.82638,11.85574,0.48976
2025_13_MIN_SEA,2025,13,0.74822,8.34348,0.49392
2025_13_NO_MIA,2025,13,0.71125,6.94379,0.49004
2025_13_NYG_NE,2025,13,0.65921,5.14167,0.49233
2025_13_SF_CLE,2025,13,0.38316,-3.32844,0.48954
2025_14_CHI_GB,2025,14,0.70612,6.75876,0.49086
2025_14_CIN_BUF,2025,14,0.76451,9.00272,0.48896
2025_14_DAL_DET,2025,14,0.69400,6.32833,0.48909
2025_14_DEN_LV,2025,14,0.18632,-10.76974,0.49261
2025_14_HOU_KC,2025,14,0.56539,2.18377,0.49264
2025_14_IND_JAX,2025,14,0.46050,-0.95859,0.48998
2025_14_LA_ARI,2025,14,0.28525,-6.62704,0.48905
2025_14_MIA_NYJ,2025,14,0.49803,0.16347,0.48920
2025_14_NO_TB,2025,14,0.70790,6.82264,0.49151
2025_14_PHI_LAC,2025,14,0.47539,-0.51262,0.49036
2025_14_PIT_BAL,2025,14,0.61436,3.69434,0.49229
2025_14_SEA_ATL,2025,14,0.31490,-5.57377,0.49006
2025_14_TEN_CLE,2025,14,0.66943,5.48349,0.49036
2025_14_WAS_MIN,2025,14,0.49029,-0.06758,0.49005
2025_15_ARI_HOU,2025,15,0.79648,10.39592,0.49111
2025_15_ATL_TB,2025,15,0.64405,4.64378,0.49198
2025_15_BAL_CIN,2025,15,0.46872,-0.71203,0.48980
2025_15_BUF_NE,2025,15,0.48825,-0.12830,0.48940
2025_15_CAR_NO,2025,15,0.44478,-1.43154,0.49030
2025_15_CLE_CHI,2025,15,0.64252,4.59394,0.49305
2025_15_DET_LA,2025,15,0.66101,5.20176,0.49125
2025_15_GB_DEN,2025,15,0.50566,0.39086,0.48973
2025_15_IND_SEA,2025,15,0.78495,9.87654,0.49355
2025_15_LAC_KC,2025,15,0.70343,6.66216,0.49024
2025_15_LV_PHI,2025,15,0.85174,13.25850,0.49052
2025_15_MIA_PIT,2025,15,0.62443,4.01308,0.49034
2025_15_MIN_DAL,2025,15,0.58513,2.78614,0.49292
2025_15_NYJ_JAX,2025,15,0.81888,11.47231,0.49244
2025_15_TEN_SF,2025,15,0.89057,15.85501,0.48872
2025_15_WAS_NYG,2025,15,0.63842,4.46141,0.48968
2025_16_ATL_ARI,2025,16,0.57994,2.62700,0.48750
2025_16_BUF_CLE,2025,16,0.19239,-10.47486,0.49102
2025_16_CIN_MIA,2025,16,0.52317,0.91381,0.48799
2025_16_GB_CHI,2025,16,0.41188,-2.43380,0.49376
2025_16_JAX_DEN,2025,16,0.58096,2.65817,0.49162
2025_16_KC_TEN,2025,16,0.30179,-6.03225,0.49279
2025_16_LAC_DAL,2025,16,0.51018,0.52575,0.49172
2025_16_LA_SEA,2025,16,0.51542,0.68211,0.49161
2025_16_LV_HOU,2025,16,0.91518,17.95865,0.48865
2025_16_MIN_NYG,2025,16,0.42046,-2.17061,0.49081
2025_16_NE_BAL,2025,16,0.52909,1.09071,0.49271
2025_16_NYJ_NO,2025,16,0.68125,5.88561,0.49147
2025_16_PHI_WAS,2025,16,0.27467,-7.01842,0.49105
2025_16_PIT_DET,2025,16,0.69261,6.27950,0.49189
2025_16_SF_IND,2025,16,0.44980,-1.28012,0.48881
2025_16_TB_CAR,2025,16,0.47615,-0.48974,0.48931
2025_17_ARI_CIN,2025,17,0.62529,4.04038,0.49309
2025_17_BAL_GB,2025,17,0.56677,2.22566,0.49123
2025_17_CHI_SF,2025,17,0.70086,6.57063,0.48892
2025_17_DAL_WAS,2025,17,0.41522,-2.33120,0.48678
2025_17_DEN_KC,2025,17,0.41470,-2.34701,0.48333
2025_17_DET_MIN,2025,17,0.32999,-5.05897,0.48970
2025_17_HOU_LAC,2025,17,0.45309,-1.18123,0.49290
2025_17_JAX_IND,2025,17,0.38373,-3.31030,0.49091
2025_17_LA_ATL,2025,17,0.23251,-8.68242,0.49186
2025_17_NE_NYJ,2025,17,0.22803,-8.87099,0.48853
2025_17_NO_TEN,2025,17,0.44356,-1.46858,0.49102
2025_17_NYG_LV,2025,17,0.48161,-0.32661,0.48919
2025_17_PHI_BUF,2025,17,0.54292,1.50558,0.49208
2025_17_PIT_CLE,2025,17,0.30473,-5.92847,0.49203
2025_17_SEA_CAR,2025,17,0.28415,-6.66752,0.49116
2025_17_TB_MIA,2025,17,0.40857,-2.53579,0.48899
2025_18_ARI_LA,2025,18,0.85192,13.26891,0.49189
2025_18_BAL_PIT,2025,18,0.47526,-0.51647,0.48829
2025_18_CAR_TB,2025,18,0.66155,5.21962,0.48951
2025_18_CLE_CIN,2025,18,0.69876,6.49595,0.49312
2025_18_DAL_NYG,2025,18,0.50052,0.23752,0.48880
2025_18_DET_CHI,2025,18,0.49446,0.05689,0.49342
2025_18_GB_MIN,2025,18,0.65192,4.90093,0.49630
2025_18_IND_HOU,2025,18,0.73244,7.73116,0.49227
2025_18_KC_LV,2025,18,0.30439,-5.94071,0.49273
2025_18_LAC_DEN,2025,18,0.68354,5.96448,0.49695
2025_18_MIA_NE,2025,18,0.79683,10.41234,0.49352
2025_18_NO_ATL,2025,18,0.53945,1.40128,0.49319
2025_18_NYJ_BUF,2025,18,0.81895,11.47592,0.49175
2025_18_SEA_SF,2025,18,0.53599,1.29755,0.48842
2025_18_TEN_JAX,2025,18,0.84331,12.77175,0.49085
2025_18_WAS_PHI,2025,18,0.75988,8.81217,0.48702
2025_19_BUF_JAX,2025,19,0.57523,2.48327,0.49036
2025_19_GB_CHI,2025,19,0.48846,-0.12211,0.48940
2025_19_HOU_PIT,2025,19,0.42560,-2.01361,0.49036
2025_19_LAC_NE,2025,19,0.70025,6.54889,0.48893
2025_19_LA_CAR,2025,19,0.20768,-9.76183,0.49088
2025_19_SF_PHI,2025,19,0.60309,3.34177,0.49288
2025_20_BUF_DEN,2025,20,0.55418,1.84446,0.49080
2025_20_HOU_NE,2025,20,0.53487,1.26377,0.49224
2025_20_LA_CHI,2025,20,0.39046,-3.09877,0.49076
2025_20_SF_SEA,2025,20,0.68925,6.16216,0.49128
2025_21_LA_SEA,2025,21,0.57165,2.37406,0.49113
2025_21_NE_DEN,2025,21,0.45778,-1.04016,0.48934
2025_22_SEA_NE,2025,22,0.27613,-6.96415,0.49275
2026_01_ARI_LAC,2026,1,0.64635,4.79271,0.49866
2026_01_ATL_PIT,2026,1,0.62142,3.98948,0.49688
2026_01_BAL_IND,2026,1,0.55261,1.86351,0.48594
2026_01_BUF_HOU,2026,1,0.54679,1.68768,0.48842
2026_01_CHI_CAR,2026,1,0.40584,-2.56554,0.49251
2026_01_CLE_JAX,2026,1,0.73784,8.02055,0.49387
2026_01_DAL_NYG,2026,1,0.58893,2.97243,0.48429
2026_01_DEN_KC,2026,1,0.52689,1.08938,0.49525
2026_01_GB_MIN,2026,1,0.59827,3.26180,0.49054
2026_01_MIA_LV,2026,1,0.53372,1.29434,0.49569
2026_01_NE_SEA,2026,1,0.73246,7.81388,0.48601
2026_01_NO_DET,2026,1,0.65931,5.22016,0.49580
2026_01_NYJ_TEN,2026,1,0.64170,4.64121,0.48849
2026_01_SF_LA,2026,1,0.60894,3.59512,0.49301
2026_01_TB_CIN,2026,1,0.55256,1.86193,0.49559
2026_01_WAS_PHI,2026,1,0.67257,5.66597,0.49365
2026_02_CAR_ATL,2026,2,0.58914,2.97888,0.48503
2026_02_CIN_HOU,2026,2,0.66055,5.26160,0.48980
2026_02_CLE_TB,2026,2,0.62721,4.17392,0.49957
2026_02_DET_BUF,2026,2,0.61622,3.82448,0.49564
2026_02_GB_NYJ,2026,2,0.37880,-3.41388,0.49303
2026_02_IND_KC,2026,2,0.68287,6.01865,0.49313
2026_02_JAX_DEN,2026,2,0.36044,-4.00290,0.50281
2026_02_LV_LAC,2026,2,0.59684,3.21748,0.49803
2026_02_MIA_SF,2026,2,0.79525,10.42836,0.49623
2026_02_MIN_CHI,2026,2,0.56759,2.31792,0.49639
2026_02_NO_BAL,2026,2,0.70475,6.78892,0.49569
2026_02_NYG_LA,2026,2,0.64381,4.70977,0.49581
2026_02_PHI_TEN,2026,2,0.29551,-6.21069,0.49198
2026_02_PIT_NE,2026,2,0.62978,4.25614,0.49352
2026_02_SEA_ARI,2026,2,0.42241,-2.05502,0.49101
2026_02_WAS_DAL,2026,2,0.54543,1.64661,0.49591
2026_03_ARI_SF,2026,3,0.79799,10.55508,0.48862
2026_03_ATL_GB,2026,3,0.67394,5.71237,0.49136
2026_03_BAL_DAL,2026,3,0.35824,-4.07441,0.49475
2026_03_CAR_CLE,2026,3,0.45119,-1.17993,0.49120
2026_03_CIN_PIT,2026,3,0.42739,-1.90261,0.49078
2026_03_HOU_IND,2026,3,0.50027,0.29238,0.49049
2026_03_KC_MIA,2026,3,0.30708,-5.79998,0.48692
2026_03_LAC_BUF,2026,3,0.81717,11.47856,0.48651
2026_03_LA_DEN,2026,3,0.43606,-1.63823,0.49781
2026_03_LV_NO,2026,3,0.65810,5.18013,0.49066
2026_03_MIN_TB,2026,3,0.31880,-5.39226,0.49893
2026_03_NE_JAX,2026,3,0.61355,3.74011,0.49206
2026_03_NYJ_DET,2026,3,0.74861,8.44247,0.49101
2026_03_PHI_CHI,2026,3,0.46255,-0.83783,0.48920
2026_03_SEA_WAS,2026,3,0.29178,-6.34519,0.48996
2026_03_TEN_NYG,2026,3,0.59931,3.29415,0.49198
2026_04_ARI_NYG,2026,4,0.52571,1.05383,0.48788
2026_04_ATL_NO,2026,4,0.58098,2.72746,0.49282
2026_04_DAL_HOU,2026,4,0.56560,2.25751,0.49426
2026_04_DEN_SF,2026,4,0.71398,7.12330,0.48704
2026_04_DET_CAR,2026,4,0.45186,-1.15990,0.48968
2026_04_GB_TB,2026,4,0.51016,0.58823,0.48783
2026_04_IND_WAS,2026,4,0.39418,-2.92889,0.49082
2026_04_JAX_CIN,2026,4,0.36127,-3.97616,0.50277
2026_04_KC_LV,2026,4,0.37703,-3.46994,0.49163
2026_04_LAC_SEA,2026,4,0.79939,10.61981,0.48778
2026_04_LA_PHI,2026,4,0.46339,-0.81249,0.48917
2026_04_MIA_MIN,2026,4,0.81980,11.61048,0.49076
2026_04_NE_BUF,2026,4,0.70138,6.66804,0.49365
2026_04_NYJ_CHI,2026,4,0.72351,7.47585,0.48726
2026_04_PIT_CLE,2026,4,0.54617,1.66882,0.48697
2026_04_TEN_BAL,2026,4,0.79877,10.59107,0.49450
2026_05_BAL_ATL,2026,5,0.37678,-3.47808,0.48941
2026_05_BUF_LA,2026,5,0.54977,1.77759,0.49423
2026_05_CHI_GB,2026,5,0.40243,-2.67147,0.50083
2026_05_CIN_MIA,2026,5,0.36016,-4.01216,0.48650
2026_05_CLE_NYJ,2026,5,0.46091,-0.88694,0.49670
2026_05_DEN_LAC,2026,5,0.41857,-2.17260,0.49267
2026_05_DET_ARI,2026,5,0.42589,-1.94825,0.48788
2026_05_HOU_TEN,2026,5,0.34290,-4.57811,0.49030
2026_05_IND_PIT,2026,5,0.50779,0.51725,0.49461
2026_05_LV_NE,2026,5,0.60690,3.53119,0.49311
2026_05_MIN_NO,2026,5,0.40340,-2.64129,0.49336
2026_05_NYG_WAS,2026,5,0.59043,3.01881,0.49238
2026_05_PHI_JAX,2026,5,0.73956,8.08718,0.48561
2026_05_SF_SEA,2026,5,0.53060,1.20046,0.49583
2026_05_TB_DAL,2026,5,0.66523,5.41826,0.49921
