game_id,season,week,p_home,margin,p_home_cover
2006_01_ATL_CAR,2006,1,0.6201288661727744,3.6587124081768754,0.4751549567129427
2006_01_BAL_TB,2006,1,0.5945913575805266,3.0637282647275765,0.5018832448023436
2006_01_BUF_NE,2006,1,0.7289167099678695,8.76916303776001,0.4636775211979454
2006_01_CHI_GB,2006,1,0.4150631731986163,-3.199019372419081,0.5088936260241953
2006_01_CIN_KC,2006,1,0.4864910402581745,-1.2153900300482738,0.5084099659344407
2006_01_DAL_JAX,2006,1,0.43376026566205034,-2.4669410092991546,0.5009769345153053
2006_01_DEN_STL,2006,1,0.40723597318927773,-3.5208547537317987,0.49938371557763694
2006_01_IND_NYG,2006,1,0.4193695745205542,-3.292139780069897,0.49136756930182557
2006_01_MIA_PIT,2006,1,0.563374304695472,1.7426037249952018,0.5071688647543837
2006_01_MIN_WAS,2006,1,0.6111930158662966,3.6479298766133406,0.48959705642967916
2006_01_NO_CLE,2006,1,0.6082452350239115,3.309946634685896,0.5091585151886151
2006_01_NYJ_TEN,2006,1,0.5876945928973252,2.471961629371495,0.499171430853663
2006_01_PHI_HOU,2006,1,0.3626695881877975,-5.5106444796644665,0.5144579157641395
2006_01_SD_OAK,2006,1,0.40633326415462967,-3.3944693589448223,0.4883445841108755
2006_01_SEA_DET,2006,1,0.3648943660285584,-5.548130267840828,0.5133508359804877
2006_01_SF_ARI,2006,1,0.726544695729769,8.340006648633098,0.46576284666023804
2006_02_ARI_SEA,2006,2,0.6905949012924387,6.151951238449928,0.47495554619912494
2006_02_BUF_MIA,2006,2,0.6721262465026706,6.121165535751765,0.48880642577324745
2006_02_CAR_MIN,2006,2,0.5904271612881681,2.1711863794791344,0.5050586410700553
2006_02_CLE_CIN,2006,2,0.747374353631732,9.765955237915826,0.4783187216490418
2006_02_DET_CHI,2006,2,0.6841986769561585,6.511757204932521,0.4855749451449195
2006_02_HOU_IND,2006,2,0.78551755439417,11.695646359239273,0.4762443765012408
2006_02_KC_DEN,2006,2,0.7448449745001297,9.852962655743761,0.46614431814340423
2006_02_NE_NYJ,2006,2,0.35389120454121037,-6.059951655848806,0.49822835765293966
2006_02_NO_GB,2006,2,0.4606650588440794,-1.3472750939568674,0.4897387081615513
2006_02_NYG_PHI,2006,2,0.6053583356968948,2.6292095885415234,0.48904404622577136
2006_02_OAK_BAL,2006,2,0.805211950356213,12.893150161340987,0.49684248346332244
2006_02_PIT_JAX,2006,2,0.43759543094749875,-2.6709981965751184,0.4949469195290549
2006_02_STL_SF,2006,2,0.4218891290370566,-2.5863951287574958,0.5122206415240189
2006_02_TB_ATL,2006,2,0.6630500513450466,4.206627486663439,0.49133114902050823
2006_02_TEN_SD,2006,2,0.76947762487874,11.20928101001169,0.47664659536968895
2006_02_WAS_DAL,2006,2,0.6757742876456143,6.289424415687365,0.47901127380270453
2006_03_ATL_NO,2006,3,0.38649352844393514,-3.972782422617478,0.5008043137060759
2006_03_BAL_CLE,2006,3,0.32836341317877715,-6.469716944499541,0.5008949023027405
2006_03_CAR_TB,2006,3,0.40582787645577323,-3.1926869670838007,0.4943060468085212
2006_03_CHI_MIN,2006,3,0.3852487149254575,-3.7372109622947924,0.4929904731233834
2006_03_CIN_PIT,2006,3,0.5687337309353544,2.051183963867004,0.5015125480255149
2006_03_DEN_NE,2006,3,0.669657915386553,6.210555072583845,0.49144718717444547
2006_03_GB_DET,2006,3,0.6680742880110031,5.57440319102483,0.47266884444456314
2006_03_JAX_IND,2006,3,0.6671368173896255,5.494393740289802,0.47031050652389894
2006_03_NYG_SEA,2006,3,0.6455709484764962,4.234886002974234,0.5069408318545525
2006_03_NYJ_BUF,2006,3,0.6640304558907053,5.562712833511089,0.48707986387008295
2006_03_PHI_SF,2006,3,0.3820701348118668,-5.325892584912055,0.519912461718845
2006_03_STL_ARI,2006,3,0.6691579774647309,5.074792337912052,0.4874366465920722
2006_03_TEN_MIA,2006,3,0.7388750079705604,9.62468313151292,0.47415137865420626
2006_03_WAS_HOU,2006,3,0.42020778250899077,-2.9851760645696683,0.5152100195719874
2006_04_ARI_ATL,2006,4,0.7118757070935811,6.46811049508552,0.48428604985803403
2006_04_CLE_OAK,2006,4,0.48733762709829653,-0.5834058808925701,0.5123089358759215
2006_04_DAL_TEN,2006,4,0.2521424580685952,-9.94442295537394,0.5016423681697735
2006_04_DET_STL,2006,4,0.6659238432734276,4.950324123928646,0.4837608613999056
2006_04_GB_PHI,2006,4,0.8031589654392002,11.451897770753716,0.48380732625625233
2006_04_IND_NYJ,2006,4,0.29208781558272673,-7.338763523016685,0.5047646310062863
2006_04_JAX_WAS,2006,4,0.43056296171240993,-2.590410720669808,0.4973282674474663
2006_04_MIA_HOU,2006,4,0.3978318406084726,-3.1668791409395545,0.5098431488868147
2006_04_MIN_BUF,2006,4,0.5542421321808761,1.1388805752101465,0.5041040263792994
2006_04_NE_CIN,2006,4,0.685682157636778,5.125125639389794,0.4889234063166573
2006_04_NO_CAR,2006,4,0.7051961552615857,6.728778776945545,0.4919856048283451
2006_04_SD_BAL,2006,4,0.547827793682943,1.5896978732681815,0.5174207868310068
2006_04_SEA_CHI,2006,4,0.6403237411650848,3.793137413270912,0.508661905110587
2006_04_SF_KC,2006,4,0.7146765362255336,6.845069478720754,0.49542170527909274
2006_05_BAL_DEN,2006,5,0.6654118995145116,5.514782772825666,0.500436849772085
2006_05_BUF_CHI,2006,5,0.7899468850257181,9.175423994693153,0.49040928757010804
2006_05_CLE_CAR,2006,5,0.7262485569993866,6.995950527122962,0.4851081529586141
2006_05_DAL_PHI,2006,5,0.49532016010220303,-0.7629077406493742,0.5070060195938746
2006_05_DET_MIN,2006,5,0.6810583485743327,3.41871587742921,0.48282761654322126
2006_05_KC_ARI,2006,5,0.35636997228811396,-3.645479205777524,0.49570098645719407
2006_05_MIA_NE,2006,5,0.7625750808565945,8.68948935818033,0.47606275438136525
2006_05_NYJ_JAX,2006,5,0.7055681417242944,6.481771451624066,0.48468944337375447
2006_05_OAK_SF,2006,5,0.619255735119278,2.7381929848027666,0.4922637525076963
2006_05_PIT_SD,2006,5,0.6433261559402624,3.637004114408487,0.5040485774554199
2006_05_STL_GB,2006,5,0.4440873010600586,-2.719756793780445,0.49350619224065356
2006_05_TB_NO,2006,5,0.7244305012441172,6.653421037805482,0.4897592729545538
2006_05_TEN_IND,2006,5,0.8610667980203122,13.051589723111766,0.48675133853595803
2006_05_WAS_NYG,2006,5,0.6502482817770315,4.943070829355971,0.4687982684666691
2006_06_BUF_DET,2006,6,0.48195273837767333,-0.7888003307215012,0.5062409659908036
2006_06_CAR_BAL,2006,6,0.6284124408515142,3.0064391460244604,0.5001902850001061
2006_06_CHI_ARI,2006,6,0.21111340348526647,-11.756256647123273,0.49242774279750373
2006_06_CIN_TB,2006,6,0.3612467751775471,-4.472058942163667,0.5008256934349459
2006_06_HOU_DAL,2006,6,0.8209415053991571,12.203308169813075,0.47647039508951217
2006_06_KC_PIT,2006,6,0.7020166817325653,6.643993306396926,0.504255105837677
2006_06_MIA_NYJ,2006,6,0.5533632474176596,1.7025095701108095,0.49120948845098195
2006_06_NYG_ATL,2006,6,0.5941509045540072,2.6329667011734945,0.4891550322655198
2006_06_OAK_DEN,2006,6,0.8389284911050028,13.538343201065473,0.4863601091715988
2006_06_PHI_NO,2006,6,0.4203105404655655,-2.7624411912289277,0.5070198045961892
2006_06_SD_SF,2006,6,0.24423279479200352,-9.32634515875077,0.5051315813256652
2006_06_SEA_STL,2006,6,0.44913430547506994,-2.5055919341418633,0.5146071258753502
2006_06_TEN_WAS,2006,6,0.8075653067110482,11.100040003948287,0.48818239897686255
2006_07_ARI_OAK,2006,7,0.4178008906906744,-2.8203016945017527,0.5053101581351462
2006_07_CAR_CIN,2006,7,0.607743477279402,3.03531897266473,0.5010437196609359
2006_07_DEN_CLE,2006,7,0.3716700338445431,-4.169085011688058,0.5097779822940317
2006_07_DET_NYJ,2006,7,0.6417600846825195,3.7147768534132126,0.4915719179461834
2006_07_GB_MIA,2006,7,0.688438451058803,5.751311118248687,0.4926513408428122
2006_07_JAX_HOU,2006,7,0.2826296675072328,-7.6623127683375465,0.4952035654900869
2006_07_MIN_SEA,2006,7,0.6863465620193032,5.76271708758848,0.49298834723364116
2006_07_NE_BUF,2006,7,0.3236241166197536,-5.607674375391238,0.4968181181165428
2006_07_NYG_DAL,2006,7,0.6281134938181472,2.921583782215255,0.49768271342022746
2006_07_PHI_TB,2006,7,0.3205670583313902,-5.999919072982683,0.5000023914969507
2006_07_PIT_ATL,2006,7,0.41799180044516393,-2.435556932929999,0.5019043678885241
2006_07_SD_KC,2006,7,0.3186221465805458,-5.885132390337263,0.5033944439408483
2006_07_WAS_IND,2006,7,0.7453463440519801,7.4355224574792915,0.4833238254814437
2006_08_ARI_GB,2006,8,0.6704944351612341,4.22133155699329,0.506540337818509
2006_08_ATL_CIN,2006,8,0.6295036005262931,3.4204382537194435,0.4976488621663232
2006_08_BAL_NO,2006,8,0.5512389190370406,1.3819551734928435,0.5112857585764632
2006_08_DAL_CAR,2006,8,0.6785624232578356,4.747092767956046,0.5073014999025864
2006_08_HOU_TEN,2006,8,0.5795131760396522,2.4379380594070015,0.4833951475022929
2006_08_IND_DEN,2006,8,0.604645310506071,3.2526719194056968,0.5074663427271795
2006_08_JAX_PHI,2006,8,0.7344119584486855,8.554439130125925,0.48683549601788284
2006_08_NE_MIN,2006,8,0.49970050512448305,-0.48920396110626174,0.5150910759186202
2006_08_NYJ_CLE,2006,8,0.5601950087762986,1.3355372527394855,0.5099145345188397
2006_08_PIT_OAK,2006,8,0.27371587385319296,-8.51281798124983,0.5143937280068598
2006_08_SEA_KC,2006,8,0.6651877870850771,4.314725451439043,0.5092996975492354
2006_08_SF_CHI,2006,8,0.8585141492064712,15.599171194595128,0.48815673583811414
2006_08_STL_SD,2006,8,0.7636192792517837,8.818228170457171,0.47986133043427526
2006_08_TB_NYG,2006,8,0.7776905197010187,9.248182681329897,0.4925589074104029
2006_09_ATL_DET,2006,9,0.3477958746279681,-4.597696711319189,0.5118868177576186
2006_09_CIN_BAL,2006,9,0.6119194054043792,2.9110437243554563,0.4973712472112644
2006_09_CLE_SD,2006,9,0.808869831559787,12.337669818897536,0.48043514452736724
2006_09_DAL_WAS,2006,9,0.3991330280469104,-2.8806620620732044,0.5035265428927383
2006_09_DEN_PIT,2006,9,0.6113797539789836,3.343932710698498,0.5101625524960063
2006_09_GB_BUF,2006,9,0.6149043651863542,3.3440984465650234,0.4953930119374178
2006_09_HOU_NYG,2006,9,0.8140580705903713,12.411223832888526,0.48260642483322447
2006_09_IND_NE,2006,9,0.6322213798202991,3.458679780241903,0.5135519672092637
2006_09_KC_STL,2006,9,0.6033716606975124,2.7398647966202687,0.5070879388363304
2006_09_MIA_CHI,2006,9,0.8210582018163373,12.220419195757389,0.4769751868061464
2006_09_MIN_SF,2006,9,0.36160561471219077,-3.825837488007144,0.5051465824012128
2006_09_NO_TB,2006,9,0.541167495382549,1.381319510457075,0.5112669814245717
2006_09_OAK_SEA,2006,9,0.6835229594821277,6.619866317665072,0.4887680473814515
2006_09_TEN_JAX,2006,9,0.753826960177095,8.754752583031038,0.47798816536980804
2006_10_BAL_TEN,2006,10,0.3050157129235276,-6.72945488624478,0.5079944192981832
2006_10_BUF_IND,2006,10,0.8072901918231841,11.410187883749527,0.4825758403625468
2006_10_CHI_NYG,2006,10,0.5454607390248031,1.4180413050006508,0.5123516816431516
2006_10_CLE_ATL,2006,10,0.7442819333916078,8.208302540504821,0.4766177299607838
2006_10_DAL_ARI,2006,10,0.31858453567382267,-6.045232266679051,0.513436427355856
2006_10_DEN_OAK,2006,10,0.2717544621493657,-8.750585634840236,0.5073700944726022
2006_10_GB_MIN,2006,10,0.652026491750143,4.227264036751329,0.4771771265880971
2006_10_HOU_JAX,2006,10,0.7845100091592813,9.607027369221388,0.4883887955375851
2006_10_KC_MIA,2006,10,0.5689355884874278,1.497852364151858,0.5147088405877787
2006_10_NO_PIT,2006,10,0.6978534457266212,6.424693010399947,0.4977745936036082
2006_10_NYJ_NE,2006,10,0.77953639431273,9.85501606867035,0.4809471478535831
2006_10_SD_CIN,2006,10,0.530609161503955,-0.23873664923607285,0.5224843897780481
2006_10_SF_DET,2006,10,0.7197852054134679,6.465907715591331,0.498992530427428
2006_10_STL_SEA,2006,10,0.6169179316800928,2.987928258290784,0.4996432646278452
2006_10_TB_CAR,2006,10,0.7655845243485763,9.146309832414529,0.4747891662272124
2006_10_WAS_PHI,2006,10,0.7197893412172305,7.949828276868125,0.4689973525173049
2006_11_ATL_BAL,2006,11,0.6508940816350806,3.9053218713014117,0.511975980840367
2006_11_BUF_HOU,2006,11,0.6173916236131627,3.292590550246282,0.5086457484104373
2006_11_CHI_NYJ,2006,11,0.33691328404199056,-5.442678044936039,0.501693932055929
2006_11_CIN_NO,2006,11,0.6392995453301724,3.840205633775983,0.5100524479538179
2006_11_DET_ARI,2006,11,0.597517424903663,3.004886426495577,0.5149165628299524
2006_11_IND_DAL,2006,11,0.5097035177878912,-0.5815772343453876,0.5123629488854801
2006_11_MIN_MIA,2006,11,0.6434722901763013,3.463336924635342,0.5136895115654372
2006_11_NE_GB,2006,11,0.34934701784343747,-5.08946410805786,0.5121299914965756
2006_11_NYG_JAX,2006,11,0.663356617081017,4.416988325937907,0.5123205796418013
2006_11_OAK_KC,2006,11,0.7571824423402771,8.358494374525712,0.48104981962914867
2006_11_PIT_CLE,2006,11,0.3796085468020929,-3.8092996692942074,0.5056352514618225
2006_11_SD_DEN,2006,11,0.6060382557424474,2.8405734067849138,0.5100633126628358
2006_11_SEA_SF,2006,11,0.3874810711472723,-3.1477090031640205,0.49563509697505265
2006_11_STL_CAR,2006,11,0.6992104784495426,5.976110814419597,0.4845222888533003
2006_11_TEN_PHI,2006,11,0.8249937749132146,12.270683697830561,0.4784582486117237
2006_11_WAS_TB,2006,11,0.6218519746529279,2.9159443807704366,0.49751606490734274
2006_12_ARI_MIN,2006,12,0.7199696310715087,6.751860592902603,0.4926675757733835
2006_12_CAR_WAS,2006,12,0.3389329328703181,-5.3138947389255025,0.505499474495877
2006_12_CHI_NE,2006,12,0.6762722389493163,4.970314112774815,0.5138955731674035
2006_12_CIN_CLE,2006,12,0.39484921519480154,-2.870491946800808,0.5038270700456899
2006_12_DEN_KC,2006,12,0.5549976391025812,1.0056288219013862,0.5001663388874258
2006_12_GB_SEA,2006,12,0.7718061920805508,9.765688839342449,0.4930761529069668
2006_12_HOU_NYJ,2006,12,0.6769781638467248,4.844549307990549,0.5101807678123396
2006_12_JAX_BUF,2006,12,0.4054115606394907,-2.9151319986664763,0.5025079415538528
2006_12_MIA_DET,2006,12,0.42324461777134514,-3.130817064102576,0.49613424880453416
2006_12_NO_ATL,2006,12,0.6356315817534072,3.1863771362297886,0.505507507990221
2006_12_NYG_TEN,2006,12,0.3777681877274607,-3.858528101235878,0.5041805991791939
2006_12_OAK_SD,2006,12,0.8137628038032341,12.584833591525376,0.47297636062062454
2006_12_PHI_IND,2006,12,0.7717783501766659,9.512453369452237,0.4855955042668112
2006_12_PIT_BAL,2006,12,0.6028128349823818,2.9052020986892204,0.49719862369452705
2006_12_SF_STL,2006,12,0.686250332144223,4.432474571309659,0.49800454546830675
2006_12_TB_DAL,2006,12,0.8170799202479164,12.058549453182208,0.48695689579569607
2006_13_ARI_STL,2006,13,0.6847930503344082,5.280982064145016,0.47876214097666236
2006_13_ATL_WAS,2006,13,0.47664076679360956,-0.7191867331320947,0.5082977930982235
2006_13_BAL_CIN,2006,13,0.6118141367000882,2.9169008955429256,0.49754433060155023
2006_13_CAR_PHI,2006,13,0.4210795670880656,-2.7000986901336406,0.5088617387017338
2006_13_DAL_NYG,2006,13,0.4111126650043905,-2.651128350354938,0.5103084564231443
2006_13_DET_NE,2006,13,0.8305841720120055,12.546818927163816,0.4866104339889449
2006_13_HOU_OAK,2006,13,0.653960437962587,3.7241733952587492,0.5213899919646958
2006_13_IND_TEN,2006,13,0.30886745906771185,-7.09106448794871,0.5120827199998665
2006_13_JAX_MIA,2006,13,0.5456839237922804,0.977671900930426,0.4993401763926874
2006_13_KC_CLE,2006,13,0.3728004626316451,-3.883262419785955,0.503449701931191
2006_13_MIN_CHI,2006,13,0.7549090195512311,8.698166030931977,0.49108116292683535
2006_13_NYJ_GB,2006,13,0.5621695692136001,1.5395173910065605,0.5159391865339434
2006_13_SD_BUF,2006,13,0.3624597444891877,-4.780455415099412,0.5212534001023368
2006_13_SEA_DEN,2006,13,0.6579760490826256,4.356056717212548,0.49574637233995744
2006_13_SF_NO,2006,13,0.736932032641971,6.844995475959798,0.49541951854685745
2006_13_TB_PIT,2006,13,0.7466678612020838,8.917878120568853,0.4975732083112579
2006_14_ATL_TB,2006,14,0.3730775824393058,-4.028039126570935,0.49917140851464475
2006_14_BAL_KC,2006,14,0.6079454924479825,3.1117449925029987,0.5033021698570503
2006_14_BUF_NYJ,2006,14,0.6700952048786535,4.271447050775054,0.493246290421805
2006_14_CHI_STL,2006,14,0.3118258002854458,-6.202941932264034,0.49400303199968704
2006_14_CLE_PIT,2006,14,0.7127065175620577,6.852964448353044,0.4956549971436388
2006_14_DEN_SD,2006,14,0.7556415686106621,8.52993664927748,0.4861118326790498
2006_14_GB_SF,2006,14,0.6575274775414113,4.516134588739549,0.5152487228301461
2006_14_IND_JAX,2006,14,0.5010943255228739,-0.7462872969673969,0.5074970938067669
2006_14_MIN_DET,2006,14,0.5436329561529263,1.1759091148002847,0.5051981924116505
2006_14_NE_MIA,2006,14,0.3838660326546066,-3.0908211385402735,0.4973161393472654
2006_14_NO_DAL,2006,14,0.7165819623803852,6.8129779437632125,0.47970637876397687
2006_14_NYG_CAR,2006,14,0.4309358303144093,-2.7527610874747537,0.5073058179379034
2006_14_OAK_CIN,2006,14,0.7892880114150198,10.055895920584137,0.4868785226764356
2006_14_PHI_WAS,2006,14,0.44291660249453807,-2.1440283162017817,0.4957438596366395
2006_14_SEA_ARI,2006,14,0.4134993339205113,-2.501339710620812,0.5147326995566357
2006_14_TEN_HOU,2006,14,0.554403631014297,1.3667213481344185,0.5108357525957271
2006_15_CIN_IND,2006,15,0.632843327830537,3.3387265323137294,0.49523427594907193
2006_15_CLE_BAL,2006,15,0.8096842154263937,12.528410879299214,0.4860667716362177
2006_15_DAL_ATL,2006,15,0.38099088234616996,-3.9796702423719417,0.5006007701335364
2006_15_DEN_ARI,2006,15,0.43003656528181655,-2.205305606083667,0.5087079049783472
2006_15_DET_GB,2006,15,0.695258154782032,5.884757382310943,0.4965944744944134
2006_15_HOU_NE,2006,15,0.8110141190744098,12.410682537760172,0.48259044408899915
2006_15_JAX_TEN,2006,15,0.36770211876975334,-3.603369826928135,0.4969453191471837
2006_15_KC_SD,2006,15,0.7642759575347772,8.809641345824561,0.4796079062419353
2006_15_MIA_BUF,2006,15,0.5338245703467619,0.9978022922161337,0.4999350549221423
2006_15_NYJ_MIN,2006,15,0.6483509323973664,3.829746448561991,0.5097434607847294
2006_15_PHI_NYG,2006,15,0.6748376476545095,4.853247734360469,0.4808949510811139
2006_15_PIT_CAR,2006,15,0.41010942809069406,-3.112391846084878,0.49667871545024855
2006_15_SF_SEA,2006,15,0.7733857965200781,9.485988887101113,0.4848139829422039
2006_15_STL_OAK,2006,15,0.6344120725969322,3.9089836740071204,0.5268413481729592
2006_15_TB_CHI,2006,15,0.8295702906829978,12.47626965760641,0.4845269793407101
2006_15_WAS_NO,2006,15,0.7815509448335445,10.103352925522673,0.5030541814092896
2006_16_ARI_SF,2006,16,0.6327721768182638,3.288195540321328,0.49374116387196343
2006_16_BAL_PIT,2006,16,0.6371965147523777,4.1382404822608665,0.5040851118096104
2006_16_CAR_ATL,2006,16,0.6852887911936791,5.517415044792884,0.4857420335065985
2006_16_CHI_DET,2006,16,0.3287132826771978,-5.764520712196892,0.506958361520434
2006_16_CIN_DEN,2006,16,0.6331056281168966,3.5451786260915634,0.5161063483266702
2006_16_IND_HOU,2006,16,0.27766148516156425,-8.570540827458247,0.5126889280549426
2006_16_KC_OAK,2006,16,0.30278383598289926,-6.7368419368015475,0.5077761651442344
2006_16_MIN_GB,2006,16,0.6382738938166809,3.6395111673473863,0.4893483594211111
2006_16_NE_JAX,2006,16,0.6131713639265178,3.2713997581327017,0.5080196700463989
2006_16_NO_NYG,2006,16,0.6242527764741672,3.375657302910914,0.5110997216932901
2006_16_NYJ_MIA,2006,16,0.5780911741300512,2.3780624934442396,0.4963966395940378
2006_16_PHI_DAL,2006,16,0.7076104507864245,6.198149488808341,0.49108067420808066
2006_16_SD_SEA,2006,16,0.37810482701299153,-3.5799413674833276,0.5124112675401944
2006_16_TB_CLE,2006,16,0.6325721140926275,3.4947645710021487,0.49984528637548675
2006_16_TEN_BUF,2006,16,0.6940782900662255,5.899358170673482,0.5117998241045805
2006_16_WAS_STL,2006,16,0.5725145220752978,1.6720994702444338,0.5198531980881836
2006_17_ARI_SD,2006,17,0.8222515889325663,12.996706140270382,0.4851304667589337
2006_17_ATL_PHI,2006,17,0.7324590537421592,7.2294534353053965,0.5067803162662019
2006_17_BUF_BAL,2006,17,0.7787270853610238,9.632697656824556,0.5039213224708199
2006_17_CAR_NO,2006,17,0.4300150567441025,-2.8877311357790107,0.5033176504040606
2006_17_CLE_HOU,2006,17,0.6979580593960868,6.481297407062195,0.5142199420353641
2006_17_DET_DAL,2006,17,0.8182236380434873,12.782023761793088,0.4787928809080267
2006_17_GB_CHI,2006,17,0.6089026429255759,2.578452750333482,0.5023183661451296
2006_17_JAX_KC,2006,17,0.588841456648437,1.4747254965037249,0.5140258553737278
2006_17_MIA_IND,2006,17,0.7643377170544661,9.290395543440612,0.49380616886199785
2006_17_NE_TEN,2006,17,0.6222046484467951,3.7568369949686993,0.5075894041277602
2006_17_NYG_WAS,2006,17,0.49740970342159285,-0.6141573256764927,0.5114005927614043
2006_17_OAK_NYJ,2006,17,0.7800944483859708,9.893774116866265,0.4968609215736135
2006_17_PIT_CIN,2006,17,0.6865887639730553,5.503095561479553,0.4853191528224877
2006_17_SEA_TB,2006,17,0.6174685435481209,3.603970399349135,0.5178421462477047
2006_17_SF_DEN,2006,17,0.7811764341747984,10.177946208863238,0.49048380085500254
2006_17_STL_MIN,2006,17,0.4827684018962728,-0.7573608153340343,0.50716991246383
2006_18_DAL_SEA,2006,18,0.586375300237982,1.7444550729880786,0.5219884554637285
2006_18_KC_IND,2006,18,0.722484648134894,6.65305624813666,0.4897484965084837
2006_18_NYG_PHI,2006,18,0.7141257835093793,6.25410674092868,0.4927339412121515
2006_18_NYJ_NE,2006,18,0.7842475003731988,9.390282187902175,0.49675773390357636
2006_19_IND_BAL,2006,19,0.6437520262159662,4.052629207757799,0.5015552565167309
2006_19_NE_SD,2006,19,0.6877360196820559,5.367095544356697,0.5108468064897577
2006_19_PHI_NO,2006,19,0.6879824464867685,5.762063629929543,0.507743829358843
2006_19_SEA_CHI,2006,19,0.6576504893425479,3.8987797203294505,0.5117827376234767
2006_20_NE_IND,2006,20,0.6415855075208948,3.6544413395179203,0.5045638397226285
2006_20_NO_CHI,2006,20,0.6100473656595296,2.8102231448111135,0.5091666842615258
2006_21_IND_CHI,2006,21,0.34901875991400544,-6.292287431049359,0.5061379301151366
2007_01_ARI_SF,2007,1,0.6241706168464509,3.1193681637291366,0.488753332137481
2007_01_ATL_MIN,2007,1,0.6057360892558532,3.2356045305421977,0.5069620620403952
2007_01_BAL_CIN,2007,1,0.5601192240951696,2.077905626276334,0.4875286029575736
2007_01_CAR_STL,2007,1,0.5631592892067421,1.6035276159661165,0.5030593435839645
2007_01_CHI_SD,2007,1,0.7074059608331611,6.632300012761784,0.4891353380628183
2007_01_DEN_BUF,2007,1,0.454488609655476,-2.0669126489625254,0.5275519867823277
2007_01_DET_OAK,2007,1,0.5978407878182712,3.117838123189657,0.5034822231574461
2007_01_KC_HOU,2007,1,0.6154750098254168,3.03647314868327,0.5010778269190818
2007_01_MIA_WAS,2007,1,0.5937929163975717,2.89048616383028,0.49676376145464746
2007_01_NE_NYJ,2007,1,0.327574682284942,-5.820589326738219,0.5053016589861591
2007_01_NO_IND,2007,1,0.6673657850949356,5.422447548719573,0.4977082384001935
2007_01_NYG_DAL,2007,1,0.6739953979158197,5.40965197698535,0.4825600187527582
2007_01_PHI_GB,2007,1,0.41581880212597044,-2.464345072777316,0.5158251362476581
2007_01_PIT_CLE,2007,1,0.35941353748097216,-4.2531387455803715,0.5072946595260471
2007_01_TB_SEA,2007,1,0.693986971328882,5.985545076323469,0.49957283858424795
2007_01_TEN_JAX,2007,1,0.7081194276113153,6.385089439593971,0.4670903797590264
2007_02_ATL_JAX,2007,2,0.7579038254665462,9.267126921563545,0.47835329533597076
2007_02_BUF_PIT,2007,2,0.7786528905252963,9.35418603522578,0.4809226473173235
2007_02_CIN_CLE,2007,2,0.29533308136075587,-6.724534419999226,0.5081397956440984
2007_02_DAL_MIA,2007,2,0.4032083054567982,-3.339875574532899,0.5047317707881648
2007_02_GB_NYG,2007,2,0.6000378676577084,3.0162311307211405,0.5004796505735807
2007_02_HOU_CAR,2007,2,0.6909304980451166,5.933665786933629,0.4832690065901294
2007_02_IND_TEN,2007,2,0.30380968174833123,-6.486553540477837,0.5151693429050817
2007_02_KC_CHI,2007,2,0.780278441445539,10.696032462751944,0.47625576612952625
2007_02_MIN_DET,2007,2,0.6134301912983817,2.5095555480642937,0.48550992609445287
2007_02_NO_TB,2007,2,0.3674829787190038,-4.513943220935141,0.5143604973292444
2007_02_NYJ_BAL,2007,2,0.7575188106056772,8.926747164500467,0.48306473447217924
2007_02_OAK_DEN,2007,2,0.7345777438918266,9.017034371636585,0.47097775390416324
2007_02_SD_NE,2007,2,0.6542683083081385,3.849193464846568,0.5103179632963494
2007_02_SEA_ARI,2007,2,0.42778065136749455,-2.808749468918908,0.505651508960389
2007_02_SF_STL,2007,2,0.6092658382562208,3.0565383141619926,0.5016707746701059
2007_02_WAS_PHI,2007,2,0.6839156845839687,5.784319483990259,0.47886062686728614
2007_03_ARI_BAL,2007,3,0.7013273043352095,6.330567896341641,0.48022552877078417
2007_03_BUF_NE,2007,3,0.8555607109376888,15.85592474247468,0.48097396974145945
2007_03_CAR_ATL,2007,3,0.3549867885239054,-4.132538511616346,0.49608338024687615
2007_03_CIN_SEA,2007,3,0.6405675511982486,3.7985617904575464,0.5088221639113467
2007_03_CLE_OAK,2007,3,0.6169133994168805,3.0754233812552325,0.5022288458651903
2007_03_DAL_CHI,2007,3,0.5909922699764788,2.7886196851831735,0.4937536963560957
2007_03_DET_PHI,2007,3,0.6326028821842408,4.546285720482759,0.48659468593499844
2007_03_IND_HOU,2007,3,0.3325097195506928,-6.073345815295257,0.5126060787324939
2007_03_JAX_DEN,2007,3,0.618112779135383,3.5168283750417464,0.5004972998945135
2007_03_MIA_NYJ,2007,3,0.5945862832902191,2.4211823348580452,0.4829004362685394
2007_03_MIN_KC,2007,3,0.5855815484837289,2.9204790729710086,0.49765006840651926
2007_03_NYG_WAS,2007,3,0.6415736821741551,3.1551303933951105,0.4898097700387165
2007_03_SD_GB,2007,3,0.38897318476666337,-4.763991314622963,0.5217392288398095
2007_03_SF_PIT,2007,3,0.7819554035448688,9.701145447321405,0.4911691867078329
2007_03_STL_TB,2007,3,0.6270594008601967,3.1715600406657543,0.490295136174426
2007_03_TEN_NO,2007,3,0.640636784874921,4.097126352859118,0.4880963349127605
2007_04_BAL_CLE,2007,4,0.39092315411669676,-3.071570935178269,0.5126585024154484
2007_04_CHI_DET,2007,4,0.4607758179875403,-2.1082830449326897,0.5115741133053802
2007_04_DEN_IND,2007,4,0.7869273879303421,9.463734157772198,0.48415682465372833
2007_04_GB_MIN,2007,4,0.4744417042677727,-1.0916350444735048,0.4972920879342862
2007_04_HOU_ATL,2007,4,0.4447781210668098,-2.3731742273352685,0.5037478087947398
2007_04_KC_SD,2007,4,0.7887167937406542,10.83377109858157,0.4655792608138475
2007_04_NE_CIN,2007,4,0.28288929201560353,-7.646152723496624,0.49568108430745544
2007_04_NYJ_BUF,2007,4,0.38398459828839154,-3.2907243375089537,0.5061841160216364
2007_04_OAK_MIA,2007,4,0.6192943885357983,3.0518484198012965,0.4867589791407007
2007_04_PHI_NYG,2007,4,0.4491770503305609,-2.470432540001464,0.4861009292801133
2007_04_PIT_ARI,2007,4,0.3450359002568347,-5.113776248358527,0.5114118494808186
2007_04_SEA_SF,2007,4,0.47519979721303707,-1.0313922488624552,0.4990723196991374
2007_04_STL_DAL,2007,4,0.8152306034266085,12.623716332365838,0.48888177560414947
2007_04_TB_CAR,2007,4,0.5870945006831187,2.657562408164404,0.48988161590631085
2007_05_ARI_STL,2007,5,0.36139661663762834,-3.402418257168489,0.5028836402974459
2007_05_ATL_TEN,2007,5,0.7284265089851121,8.500472569824677,0.48524169282877716
2007_05_BAL_SF,2007,5,0.408122117755106,-2.890441734050933,0.5327519889784725
2007_05_CAR_NO,2007,5,0.6203728781984614,3.1780989001976274,0.49048831179621877
2007_05_CHI_GB,2007,5,0.6320759295213202,2.8210060341248777,0.4947106541656431
2007_05_CLE_NE,2007,5,0.8524064685114784,15.085848920045523,0.48776322489305957
2007_05_DAL_BUF,2007,5,0.23657473628935083,-10.245692379978015,0.5075146712536048
2007_05_DET_WAS,2007,5,0.623360646583611,3.625343884205905,0.4889298532457266
2007_05_JAX_KC,2007,5,0.486819094491886,-0.330686686318432,0.5197709651458327
2007_05_MIA_HOU,2007,5,0.6438445309245253,4.1032532876967736,0.48827731429404253
2007_05_NYJ_NYG,2007,5,0.6208096458124777,2.931456750973723,0.48320378439044925
2007_05_SD_DEN,2007,5,0.4796773119520693,-0.5694938844841443,0.5127198508710012
2007_05_SEA_PIT,2007,5,0.6795103897099242,5.681576727535772,0.5053656629417531
2007_05_TB_IND,2007,5,0.7276430094198894,7.881012399273866,0.4669703096676602
2007_06_CAR_ARI,2007,6,0.6766629187971787,5.767620933824548,0.4931332402435133
2007_06_CIN_KC,2007,6,0.48980094099177607,-0.4196669400854529,0.5171443043366863
2007_06_HOU_JAX,2007,6,0.6822566683210081,5.735893319637123,0.47743172017597635
2007_06_MIA_CLE,2007,6,0.6365238251569028,4.019701404182912,0.5005822015053318
2007_06_MIN_CHI,2007,6,0.6540547714026266,4.374713916310629,0.4962976890018205
2007_06_NE_DAL,2007,6,0.3543142795385603,-4.939391207006495,0.5017910613972496
2007_06_NO_SEA,2007,6,0.673675271302508,5.346450207636499,0.49546250492292915
2007_06_NYG_ATL,2007,6,0.3579022510932292,-4.594678110568491,0.49720216357713176
2007_06_OAK_SD,2007,6,0.7401209072909553,8.208490112275639,0.4618923669309273
2007_06_PHI_NYJ,2007,6,0.3711796416037211,-4.015966656212144,0.4995281649811381
2007_06_STL_BAL,2007,6,0.7572682780467459,8.623483904014549,0.4888749097180618
2007_06_TEN_TB,2007,6,0.550480932573741,1.0330629882538278,0.5009770526477587
2007_06_WAS_GB,2007,6,0.6100244168700646,3.036787078003294,0.5010871038981775
2007_07_ARI_WAS,2007,7,0.7423565072959637,8.546634834605811,0.48660499688379105
2007_07_ATL_NO,2007,7,0.711965959137614,7.647892518439232,0.46011019504585204
2007_07_BAL_BUF,2007,7,0.42121059855960086,-2.9780250349220974,0.5006493880598853
2007_07_CHI_PHI,2007,7,0.6634627254449657,5.277012103442147,0.49341072185441465
2007_07_IND_JAX,2007,7,0.40751940861283653,-3.2051390093483394,0.4939381129749475
2007_07_KC_OAK,2007,7,0.5669515863629603,1.6192256975414996,0.5182924974221907
2007_07_MIN_DAL,2007,7,0.7413101782263354,8.634034653755204,0.47442715400072055
2007_07_NE_MIA,2007,7,0.20478829271057547,-14.978557797229445,0.5154054538470603
2007_07_NYJ_CIN,2007,7,0.6824543754517143,5.694810596607415,0.4909820306044203
2007_07_PIT_DEN,2007,7,0.3387528217635798,-4.013690457179486,0.4995954295354983
2007_07_SF_NYG,2007,7,0.7599250256313845,9.085888428720489,0.48776439187575854
2007_07_STL_SEA,2007,7,0.7352140394338726,7.898364109066586,0.4674813435504084
2007_07_TB_DET,2007,7,0.5682802962719369,2.4608222795373793,0.4988422498367613
2007_07_TEN_HOU,2007,7,0.5451528353485348,1.6941734446767283,0.4909632067700099
2007_08_BUF_NYJ,2007,8,0.5890028826993674,2.607726027798492,0.48840943306304446
2007_08_CLE_STL,2007,8,0.4124536157643779,-3.1128402668369306,0.4966654645040942
2007_08_DET_CHI,2007,8,0.698328874053701,5.558805303473604,0.4869644524604219
2007_08_GB_DEN,2007,8,0.5717540037377606,2.791693914451744,0.49384453279154616
2007_08_HOU_SD,2007,8,0.7742461537752823,9.653434948861563,0.48975968390862523
2007_08_IND_CAR,2007,8,0.29240932510153383,-6.8426049380918315,0.5046511201785369
2007_08_JAX_TB,2007,8,0.6256300758185552,3.1251473668474894,0.4889240481433582
2007_08_NO_SF,2007,8,0.5000113735159797,-0.25539734577244877,0.5219928100508691
2007_08_NYG_MIA,2007,8,0.24229858827730208,-9.780160327714718,0.5064962566006574
2007_08_OAK_TEN,2007,8,0.7066812754158045,6.571667815807299,0.4873443590901427
2007_08_PHI_MIN,2007,8,0.5229669902097122,1.1150011046345447,0.5033983887451758
2007_08_PIT_CIN,2007,8,0.3656918608536488,-3.9067405939772955,0.5027559129031983
2007_08_WAS_NE,2007,8,0.8340652365747696,14.442893673273302,0.4835414664809411
2007_09_ARI_TB,2007,9,0.6316717794495617,3.625061866803369,0.5036956853870109
2007_09_BAL_PIT,2007,9,0.7522510974522703,9.048704971753443,0.486666137756821
2007_09_CAR_TEN,2007,9,0.6608371339643062,4.716282930353,0.49161641456768973
2007_09_CIN_BUF,2007,9,0.49114580134513286,-0.7186362327476769,0.5083140575632938
2007_09_DAL_PHI,2007,9,0.41119648557927535,-2.938975354202582,0.50180335025521
2007_09_DEN_DET,2007,9,0.6114390266703505,3.2493186746938676,0.5073672671792254
2007_09_GB_KC,2007,9,0.5471680581460039,0.6881827459802319,0.49078622027106245
2007_09_HOU_OAK,2007,9,0.628183482282163,3.619790762338202,0.5183091782373674
2007_09_JAX_NO,2007,9,0.6427762827101261,3.6832508431223014,0.5054151306841612
2007_09_NE_IND,2007,9,0.37724745221543365,-4.616631976139131,0.511327493343912
2007_09_SD_MIN,2007,9,0.3059924440360682,-6.3789737858653615,0.5183456488865386
2007_09_SEA_CLE,2007,9,0.5696681167411033,1.4459466862981945,0.5131758991378793
2007_09_SF_ATL,2007,9,0.6650868847959991,3.9131071221516303,0.5122059392946898
2007_09_WAS_NYJ,2007,9,0.36936191710870664,-3.602924976380698,0.4969584646665718
2007_10_ATL_CAR,2007,10,0.6018250321911285,2.9922137644174813,0.4849978043521507
2007_10_BUF_MIA,2007,10,0.45718778296677726,-1.01776454553818,0.4994750350917027
2007_10_CHI_OAK,2007,10,0.43458125257443175,-2.2438897051791944,0.5370661765196525
2007_10_CIN_BAL,2007,10,0.6038126850288976,2.6644658400733423,0.49008555684951266
2007_10_CLE_PIT,2007,10,0.7807523525714315,9.559342942358036,0.4869803319056721
2007_10_DAL_NYG,2007,10,0.48240143730978535,-0.7512876923267742,0.5073493513057056
2007_10_DEN_KC,2007,10,0.6167055786260474,3.0729256074095237,0.502155034565065
2007_10_DET_ARI,2007,10,0.5807870061413047,2.2767572698901657,0.5081779587508228
2007_10_IND_SD,2007,10,0.37338439116546795,-3.685183224347796,0.49452777029348644
2007_10_JAX_TEN,2007,10,0.6559622427300777,4.13366681702237,0.4891757139545613
2007_10_MIN_GB,2007,10,0.6732326986637676,5.09660506858594,0.4880809371620558
2007_10_PHI_WAS,2007,10,0.5610930120741431,2.5205620740763,0.48583497323634706
2007_10_SF_SEA,2007,10,0.758616904525534,9.20695831530897,0.491340923124877
2007_10_STL_NO,2007,10,0.7793748633341502,10.116186911340128,0.48865935972981717
2007_11_ARI_CIN,2007,11,0.6242571577894089,3.291893737548218,0.5086251615275189
2007_11_CAR_GB,2007,11,0.7958240093000927,9.72825917708947,0.4919702530919326
2007_11_CHI_SEA,2007,11,0.7057440026411572,6.1576344275729245,0.5046581932588565
2007_11_CLE_BAL,2007,11,0.46225323694355713,-1.0837707687441704,0.49752448244119124
2007_11_KC_IND,2007,11,0.8523313263963018,14.077069004100343,0.48750389180683573
2007_11_MIA_PHI,2007,11,0.7867208108694359,9.464380552026652,0.49894740093972445
2007_11_NE_BUF,2007,11,0.1984506690003507,-15.414907957257688,0.5025145621330915
2007_11_NO_HOU,2007,11,0.5294580436532894,0.6488331062100683,0.48962373896837275
2007_11_NYG_DET,2007,11,0.440606405550782,-2.432082781494993,0.5020070322765455
2007_11_OAK_MIN,2007,11,0.6556163872094921,4.448183084785579,0.4984687475880776
2007_11_PIT_NYJ,2007,11,0.26946827421597586,-8.979190302301774,0.5153867764334201
2007_11_SD_JAX,2007,11,0.6158437786193913,3.2381134604843127,0.5070361927208473
2007_11_STL_SF,2007,11,0.41916133054180205,-2.2404941356369537,0.5224325361229548
2007_11_TB_ATL,2007,11,0.39022366045005163,-3.131090395898894,0.4961261718800898
2007_11_TEN_DEN,2007,11,0.5266175079784992,0.8127132185227773,0.49446561340249057
2007_11_WAS_DAL,2007,11,0.7909107233504331,10.419895357386283,0.4828624394554586
2007_12_BAL_SD,2007,12,0.7498934511214215,8.81047761280529,0.49439955482530146
2007_12_BUF_JAX,2007,12,0.7606964021851446,9.219321715770299,0.4917061949490627
2007_12_DEN_CHI,2007,12,0.5627742287915245,1.278662650696236,0.5082342532801876
2007_12_GB_DET,2007,12,0.38795264040140875,-3.5787805030038125,0.4976719485081583
2007_12_HOU_CLE,2007,12,0.637296300526613,3.4862604324641895,0.5143665116467904
2007_12_IND_ATL,2007,12,0.2141556079501178,-13.279427821256247,0.5065179002246177
2007_12_MIA_PIT,2007,12,0.8256153627925544,14.600172874569653,0.48818632375153204
2007_12_MIN_NYG,2007,12,0.733721524605456,7.046953688035296,0.5013875387860872
2007_12_NO_CAR,2007,12,0.40685698948990767,-2.589519251141021,0.5121283627010886
2007_12_NYJ_DAL,2007,12,0.8353772165256776,13.554366471650956,0.48683335003625794
2007_12_OAK_KC,2007,12,0.6458527776134069,3.7850963474820225,0.4936495901934389
2007_12_PHI_NE,2007,12,0.876197946151702,23.616650492258525,0.48867305361054447
2007_12_SEA_STL,2007,12,0.3948783093978363,-2.455642228305925,0.5160821107705308
2007_12_SF_ARI,2007,12,0.7823368414729474,9.361807115591201,0.4811476054728512
2007_12_TEN_CIN,2007,12,0.5528790748626387,1.4556336451815537,0.5134620016173672
2007_12_WAS_TB,2007,12,0.6344650935291609,3.382875585118383,0.4965388670380233
2007_13_ATL_STL,2007,13,0.6111290135513412,3.2475707892394112,0.5073156236728391
2007_13_BUF_WAS,2007,13,0.7217031560968362,6.701587291313997,0.5059569411190891
2007_13_CIN_PIT,2007,13,0.6863299575174725,6.227748808331928,0.4771914287746206
2007_13_CLE_ARI,2007,13,0.5664466993610073,1.4414846814069313,0.5130441123858999
2007_13_DEN_OAK,2007,13,0.3964829095601234,-3.0867818356229493,0.5122092191981776
2007_13_DET_MIN,2007,13,0.6640171247719899,4.800781780934535,0.4793464412680221
2007_13_GB_DAL,2007,13,0.6997961333942333,6.904169592380363,0.4971681125719368
2007_13_HOU_TEN,2007,13,0.6156346662027208,3.0751684024656027,0.4874477542748088
2007_13_JAX_IND,2007,13,0.6924136524516382,6.11306942767055,0.4738089090822917
2007_13_NE_BAL,2007,13,0.18403754607047063,-19.004409238769213,0.4998697013527296
2007_13_NYG_CHI,2007,13,0.5113279757945239,-0.9441467924136533,0.501650529069246
2007_13_NYJ_MIA,2007,13,0.5611943932721564,0.9917429138229651,0.4997559925493666
2007_13_SD_KC,2007,13,0.34673164584784977,-5.366790459412645,0.5187052935184944
2007_13_SEA_PHI,2007,13,0.6237662267202864,3.1846731864276006,0.5054571588471668
2007_13_SF_CAR,2007,13,0.6335847283555045,3.3774982438171555,0.5111541026921302
2007_13_TB_NO,2007,13,0.6850813866240365,4.887048607658274,0.48189272334953187
2007_14_ARI_SEA,2007,14,0.7403033688028369,7.057450898559043,0.48692444949556013
2007_14_CAR_JAX,2007,14,0.7855734651379785,10.550410215919213,0.48671650186174387
2007_14_CHI_WAS,2007,14,0.5939744242051712,2.7996421911449962,0.4940793876355512
2007_14_CLE_NYJ,2007,14,0.41754600404028686,-2.8120228692290743,0.5055547853324678
2007_14_DAL_DET,2007,14,0.25368970401298163,-9.641774796777977,0.5105847711269283
2007_14_IND_BAL,2007,14,0.2668037012015735,-8.70030763167146,0.4940808702722988
2007_14_KC_DEN,2007,14,0.7291539374673923,7.301776066783517,0.4941424395213592
2007_14_MIA_BUF,2007,14,0.7055660475158404,6.959830580339789,0.4988129439826241
2007_14_MIN_SF,2007,14,0.29758058737982435,-6.998389165301248,0.5148198321327978
2007_14_NO_ATL,2007,14,0.37229820698250726,-3.755185269021744,0.5072341921654893
2007_14_NYG_PHI,2007,14,0.6146881412270421,2.9602718565341757,0.49882598420191965
2007_14_OAK_GB,2007,14,0.7906555316037026,10.481984773753432,0.4994676271623957
2007_14_PIT_NE,2007,14,0.795192123065178,10.639359223503654,0.4893438708872565
2007_14_SD_TEN,2007,14,0.515373928101349,-0.2510180024434655,0.5221220273926201
2007_14_STL_CIN,2007,14,0.7894139483016313,9.640959299772781,0.48939113839478565
2007_14_TB_HOU,2007,14,0.41737067481256673,-2.768594036084112,0.5068380075812012
2007_15_ARI_NO,2007,15,0.6511659737733857,3.9752448050380655,0.4992684527114632
2007_15_ATL_TB,2007,15,0.7949244839619194,12.288906043680933,0.47899597646693437
2007_15_BAL_MIA,2007,15,0.40808932138661536,-2.93495272097577,0.5019222229198361
2007_15_BUF_CLE,2007,15,0.6650675977179226,4.846189809747115,0.5102292308773055
2007_15_CHI_MIN,2007,15,0.766805865199059,9.924307681991714,0.4829927098822143
2007_15_CIN_SF,2007,15,0.2870066569582278,-8.671525364623047,0.5097058882437716
2007_15_DEN_HOU,2007,15,0.4569696749059217,-2.2350364475940934,0.5078295094557201
2007_15_DET_SD,2007,15,0.7734341630938911,9.330577329115773,0.49499347462942306
2007_15_GB_STL,2007,15,0.29279117071551575,-6.840080157100161,0.5047257255361403
2007_15_IND_OAK,2007,15,0.2786442564650476,-8.742864683312568,0.5223625938357607
2007_15_JAX_PIT,2007,15,0.6206116422350799,3.7313238081835407,0.5068355801306651
2007_15_NYJ_NE,2007,15,0.8552291525027156,19.95833478103755,0.4839973932684642
2007_15_PHI_DAL,2007,15,0.7767175737461823,9.337076473281794,0.4804176315136979
2007_15_SEA_CAR,2007,15,0.318688906601709,-6.460800160968272,0.5159298099530545
2007_15_TEN_KC,2007,15,0.3883356598289155,-3.3521809598260144,0.5043681545646636
2007_15_WAS_NYG,2007,15,0.6892230868817104,5.855072609058944,0.49571729234873096
2007_16_ATL_ARI,2007,16,0.7845030999338226,10.570791267608506,0.48731846903041637
2007_16_BAL_SEA,2007,16,0.8218922003499693,12.399147854565278,0.4970197177296848
2007_16_CLE_CIN,2007,16,0.4802576758940884,-0.5320433834397318,0.5138259481894952
2007_16_DAL_CAR,2007,16,0.23334938012453194,-10.457920564269202,0.5012434991752047
2007_16_DEN_SD,2007,16,0.7596499429361359,8.932834378048625,0.4980151780857053
2007_16_GB_CHI,2007,16,0.2834256725147064,-9.007687564291809,0.49977282264714407
2007_16_HOU_IND,2007,16,0.7194916731760845,5.991563031646386,0.4849785879816942
2007_16_KC_DET,2007,16,0.6960454410478583,6.173055483922412,0.5051138710096905
2007_16_MIA_NE,2007,16,0.867855309439832,21.447379829452412,0.4836739262090832
2007_16_NYG_BUF,2007,16,0.4812445574430211,-0.8750245531385693,0.5036931316766113
2007_16_NYJ_TEN,2007,16,0.7336849653891746,8.907617332795665,0.49726999523872956
2007_16_OAK_JAX,2007,16,0.8329411653857148,13.720858135309445,0.4917515883546747
2007_16_PHI_NO,2007,16,0.6195624924695174,3.4519905142849243,0.5133544032474961
2007_16_PIT_STL,2007,16,0.2809397212998235,-8.730064941050529,0.5079763950094199
2007_16_TB_SF,2007,16,0.32958803310333606,-5.897561381497716,0.5177969253265026
2007_16_WAS_MIN,2007,16,0.6908078777985002,6.067093945266916,0.5019827038027076
2007_17_BUF_PHI,2007,17,0.7774732016995255,9.691452303470735,0.5056574709938393
2007_17_CAR_TB,2007,17,0.44782381627100365,-2.3057416662667842,0.5205071828469624
2007_17_CIN_MIA,2007,17,0.4670735201051946,-0.8447207264914021,0.5045886001155041
2007_17_DAL_WAS,2007,17,0.7385515611822945,8.683454013897851,0.49064651802365394
2007_17_DET_GB,2007,17,0.6492141357659804,3.6749594824670377,0.505170131930087
2007_17_JAX_HOU,2007,17,0.6843868234473629,6.711518886478004,0.4914756625848306
2007_17_KC_NYJ,2007,17,0.6671703816440571,4.4083048009211225,0.5120640902145437
2007_17_MIN_DEN,2007,17,0.4257985223173868,-2.6785649938355904,0.5094979184495309
2007_17_NE_NYG,2007,17,0.2083332696648599,-12.93591144732942,0.5018938916529379
2007_17_NO_CHI,2007,17,0.5533387828870859,0.990342054966204,0.4997145953861396
2007_17_PIT_BAL,2007,17,0.38180656397969004,-2.713265666840857,0.508472729532572
2007_17_SD_OAK,2007,17,0.26691106391375635,-8.342217119812425,0.5194306374327865
2007_17_SEA_ATL,2007,17,0.4621928902804182,-1.461664668749623,0.5159042829780928
2007_17_SF_CLE,2007,17,0.7947491431288225,11.520262551224324,0.5005987841005244
2007_17_STL_ARI,2007,17,0.6744922899441688,5.61822707379077,0.48871962490992643
2007_17_TEN_IND,2007,17,0.37170279691661523,-4.297222919036768,0.4912173918216479
2007_18_JAX_PIT,2007,18,0.43293962069837466,-2.1894076956452557,0.5091775905152041
2007_18_NYG_TB,2007,18,0.612147674787813,3.021493165979952,0.5006351502982758
2007_18_TEN_SD,2007,18,0.7971252419147906,10.383034537344916,0.49654356410324113
2007_18_WAS_SEA,2007,18,0.6586004898122488,3.4736992833656166,0.5139955481656482
2007_19_JAX_NE,2007,19,0.8133066051138949,13.395375135615048,0.49690823228432096
2007_19_NYG_DAL,2007,19,0.7024694440215518,6.701120028471111,0.4911684357323208
2007_19_SD_IND,2007,19,0.7840403493485857,10.230101067127904,0.4920246723490472
2007_19_SEA_GB,2007,19,0.7339059947185661,8.805975632477635,0.49426652896718026
2007_20_NYG_GB,2007,20,0.7417301513293473,7.590426259013898,0.5026721917201922
2007_20_SD_NE,2007,20,0.8187649124817395,13.965012416671083,0.4989660732849246
2007_21_NYG_NE,2007,21,0.7718213083023403,11.791752935631605,0.4790799896062453
2008_01_ARI_SF,2008,1,0.4501991559569828,-1.9497267589329623,0.5162567768575799
2008_01_CAR_SD,2008,1,0.732406309126165,8.973079425655342,0.4844327752531091
2008_01_CHI_IND,2008,1,0.7387157770222551,9.3681433541282,0.48133464239184587
2008_01_CIN_BAL,2008,1,0.4445545244844932,-1.9153312228426047,0.5025020543404959
2008_01_DAL_CLE,2008,1,0.3616186899674183,-5.730028422315481,0.5079774739690468
2008_01_DEN_OAK,2008,1,0.4302218090214883,-2.680329867562579,0.5094457788722636
2008_01_DET_ATL,2008,1,0.42162829742019703,-2.8984655499566485,0.5030004446784275
2008_01_HOU_PIT,2008,1,0.6674225435964058,5.8548489622753275,0.4809422152799351
2008_01_JAX_TEN,2008,1,0.42660580542875126,-2.8954123760366177,0.5030906672465899
2008_01_KC_NE,2008,1,0.8363798704978758,15.582587610332231,0.4876668947148445
2008_01_MIN_GB,2008,1,0.564523810522956,1.920909212018762,0.4828923725576951
2008_01_NYJ_MIA,2008,1,0.4162874840083589,-2.957095453692057,0.5012678821281391
2008_01_SEA_BUF,2008,1,0.5412486162790013,1.2268816558103528,0.5067043277442691
2008_01_STL_PHI,2008,1,0.7007313895055985,7.29794601996359,0.47926275368393834
2008_01_TB_NO,2008,1,0.5718144794506933,2.3680087709584843,0.48133066964164056
2008_01_WAS_NYG,2008,1,0.617881913233931,3.8377379211980234,0.4804371546171388
2008_02_ATL_TB,2008,2,0.6666467623920805,6.237120650496725,0.47746793141722754
2008_02_BUF_JAX,2008,2,0.5969195168013666,3.7831708492273646,0.4935926965292152
2008_02_CHI_CAR,2008,2,0.582975385274771,2.7855015992366856,0.4936615643871096
2008_02_GB_DET,2008,2,0.4013743319995699,-3.3132310003471552,0.49074445345079637
2008_02_IND_MIN,2008,2,0.4906149906286058,-0.5937772934522849,0.512002589652596
2008_02_MIA_ARI,2008,2,0.6796162306082496,6.026708687561626,0.4860165004842655
2008_02_NE_NYJ,2008,2,0.5296272358096867,0.7565219822561198,0.4928053029623536
2008_02_NO_WAS,2008,2,0.5335646599649029,0.9946081258534339,0.49984066322144594
2008_02_NYG_STL,2008,2,0.2877227547114267,-7.893491429702238,0.5031474319346365
2008_02_OAK_KC,2008,2,0.6269702525933587,3.307928741859924,0.49432423994858743
2008_02_PHI_DAL,2008,2,0.6562553214301946,5.85787170431287,0.4810314397105932
2008_02_PIT_CLE,2008,2,0.3333905399666253,-6.867021580484543,0.4891553784295683
2008_02_SD_DEN,2008,2,0.5650685401254085,1.256942929435378,0.5075925340601266
2008_02_SF_SEA,2008,2,0.6650561887845172,5.830501867916253,0.48022357994401654
2008_02_TEN_CIN,2008,2,0.5274266834174022,0.6229184081361394,0.4888582050989327
2008_03_ARI_WAS,2008,3,0.5923504712233635,3.084240084693544,0.5024893861773441
2008_03_CAR_MIN,2008,3,0.6003201779714107,3.2449272066711186,0.5072375154194513
2008_03_CIN_NYG,2008,3,0.811036708912555,12.62803969228022,0.48900948737262573
2008_03_CLE_BAL,2008,3,0.5564059257715084,1.7522571958834723,0.4779145361374778
2008_03_DAL_GB,2008,3,0.445386602449385,-2.7943870892912597,0.5060758897963902
2008_03_DET_SF,2008,3,0.6599010431374888,5.083695004427645,0.5024732786693406
2008_03_HOU_TEN,2008,3,0.6643017491609953,4.643850761444922,0.48947655481708113
2008_03_JAX_IND,2008,3,0.5965469518877301,2.856784072822734,0.4662568403733768
2008_03_KC_ATL,2008,3,0.6722704818521135,5.880064622559258,0.48168655270375477
2008_03_MIA_NE,2008,3,0.7898147574815753,11.702366183939663,0.47644260668968397
2008_03_NO_DEN,2008,3,0.6585549690703744,5.383792374140371,0.49656595831548844
2008_03_NYJ_SD,2008,3,0.7108492004850706,7.923886467956369,0.4977507596168165
2008_03_OAK_BUF,2008,3,0.755259364322341,9.678450277339048,0.4904986924922908
2008_03_PIT_PHI,2008,3,0.607548595778164,3.399962155788044,0.497043780707082
2008_03_STL_SEA,2008,3,0.7221043137923513,7.1516994600332175,0.4749481204949389
2008_03_TB_CHI,2008,3,0.5945383961492237,3.0951874317536983,0.5028128871437041
2008_04_ARI_NYJ,2008,4,0.5612027419194917,1.6317236028201414,0.5038925393085114
2008_04_ATL_CAR,2008,4,0.6713053176046084,6.148330303818695,0.47484875476436605
2008_04_BAL_PIT,2008,4,0.6478519293559986,5.3548241928265465,0.4809414841464029
2008_04_BUF_STL,2008,4,0.2889279315295964,-8.122298476546527,0.5111601075162174
2008_04_CLE_CIN,2008,4,0.5161703556502402,0.4019583956314269,0.48233288369637445
2008_04_DEN_KC,2008,4,0.282636852555284,-8.500999796417414,0.5147427376014786
2008_04_GB_TB,2008,4,0.5787545099511282,2.0977144158279395,0.5028875608517546
2008_04_HOU_JAX,2008,4,0.6705814414852099,5.557915069558734,0.47218276371053725
2008_04_MIN_TEN,2008,4,0.5902996021803979,2.4645455603229243,0.4841807837557618
2008_04_PHI_CHI,2008,4,0.418039371465189,-2.8096541232759207,0.5056247779360188
2008_04_SD_OAK,2008,4,0.31600904983015254,-7.655995826266221,0.5101646636348007
2008_04_SF_NO,2008,4,0.6378969688031313,4.046183678218424,0.5013647841457485
2008_04_WAS_DAL,2008,4,0.7403114318592862,8.820192519329812,0.46517950833290467
2008_05_ATL_GB,2008,5,0.6609223873660359,4.564000012653324,0.4871178817702706
2008_05_BUF_ARI,2008,5,0.5677989733359134,1.2334065622316728,0.5068971190622436
2008_05_CHI_DET,2008,5,0.38787401869167815,-3.29990229801613,0.5059129267188488
2008_05_CIN_DAL,2008,5,0.8354519360473478,15.583474020913025,0.48769307679053486
2008_05_IND_HOU,2008,5,0.3939801326396713,-3.669066607764244,0.5097785259901647
2008_05_KC_CAR,2008,5,0.764233801149442,9.236609227572147,0.47745284234281216
2008_05_MIN_NO,2008,5,0.614224185295857,3.271396610335409,0.5080195770437552
2008_05_NE_SF,2008,5,0.46306494159170586,-2.0085085720253373,0.5292735216101097
2008_05_PIT_JAX,2008,5,0.6555824997821293,5.383087411462139,0.4965451265424673
2008_05_SD_MIA,2008,5,0.36902006689564015,-5.33154085560219,0.5197457543144002
2008_05_SEA_NYG,2008,5,0.7129087463305486,6.563120443103534,0.5018652830935527
2008_05_TB_DEN,2008,5,0.6388091715500799,3.8882922971309015,0.5114729525025563
2008_05_TEN_BAL,2008,5,0.4907850334198498,-0.6635887237931081,0.5099403550337133
2008_05_WAS_PHI,2008,5,0.6869374673081992,5.813937208217993,0.4797346896236129
2008_06_BAL_IND,2008,6,0.6323406587850606,3.649727288798651,0.489650154292806
2008_06_CAR_TB,2008,6,0.5322361245673075,0.48630531595354165,0.48482332704848274
2008_06_CHI_ATL,2008,6,0.43555649579138334,-2.630139342893517,0.5109284886785459
2008_06_CIN_NYJ,2008,6,0.7649656003849492,9.056242998595751,0.48688877373200884
2008_06_DAL_ARI,2008,6,0.388925091054905,-3.9798329086393345,0.5153678007022102
2008_06_DET_MIN,2008,6,0.822889038469072,12.567870733417381,0.48723220741225126
2008_06_GB_SEA,2008,6,0.532913322110269,1.2064361594099344,0.5061002150164471
2008_06_JAX_DEN,2008,6,0.6297640818304596,3.8806212018019592,0.5112463537252343
2008_06_MIA_HOU,2008,6,0.6009243684661938,3.1095103769476324,0.5032361363242753
2008_06_NE_SD,2008,6,0.6908319769136432,6.111780640579849,0.5033032232672523
2008_06_NYG_CLE,2008,6,0.2739442852239616,-8.678273503782187,0.5095065299101761
2008_06_OAK_NO,2008,6,0.7145673013651912,6.810595790339087,0.49440304677878777
2008_06_PHI_SF,2008,6,0.3856520674059826,-3.7609917580444936,0.5218277374021003
2008_06_STL_WAS,2008,6,0.8001085323701984,11.688848562669948,0.4908058907699225
2008_07_BAL_MIA,2008,7,0.6098819153975639,2.717039581875874,0.4916387696644891
2008_07_CLE_WAS,2008,7,0.695540541409295,6.797256063958711,0.4940088823810739
2008_07_DAL_STL,2008,7,0.2998455204010744,-8.60294737251742,0.5117317219849511
2008_07_DEN_NE,2008,7,0.5928455718724555,2.931567310976795,0.49797773510406096
2008_07_DET_HOU,2008,7,0.7934859287844704,10.489478480666314,0.4849170306840316
2008_07_IND_GB,2008,7,0.4637663314354536,-0.8997179231438999,0.5029634364815383
2008_07_MIN_CHI,2008,7,0.6091097063737356,3.00828258977068,0.5002447611143296
2008_07_NO_CAR,2008,7,0.5714061374100894,2.3427175983523894,0.48058413481629825
2008_07_NYJ_OAK,2008,7,0.42526639300465197,-2.2205093006171497,0.5230221549153546
2008_07_PIT_CIN,2008,7,0.2712860292074476,-8.940531980719097,0.501757350407204
2008_07_SD_BUF,2008,7,0.5007533623564208,-0.4877991741191725,0.515132559385566
2008_07_SEA_TB,2008,7,0.7863714307360373,10.81229134365201,0.509227785942093
2008_07_SF_NYG,2008,7,0.7876514584625367,10.040735548638073,0.5012037857782249
2008_07_TEN_KC,2008,7,0.27649879458964527,-8.390911096625995,0.517993252009364
2008_08_ARI_CAR,2008,8,0.6569431812193605,5.113002960665557,0.5033393431386061
2008_08_ATL_PHI,2008,8,0.7579032974323247,8.92113481435176,0.48289903326701755
2008_08_BUF_MIA,2008,8,0.5239692385234223,0.6157186416214102,0.48864552735853145
2008_08_CIN_HOU,2008,8,0.7534019360673325,8.4802687561099,0.48464506959908754
2008_08_CLE_JAX,2008,8,0.6915950409765972,6.682306755481291,0.49061262442139986
2008_08_IND_TEN,2008,8,0.6342277695801966,3.8753014137082324,0.4963150495578138
2008_08_KC_NYJ,2008,8,0.8307583142045248,13.706824311789973,0.49133696408261895
2008_08_NYG_PIT,2008,8,0.5821642599983483,2.889233933236355,0.49672675766924956
2008_08_OAK_BAL,2008,8,0.7470643284707461,8.973359461933764,0.49921273851042103
2008_08_SD_NO,2008,8,0.4315692314520786,-2.05321886006167,0.5279556761051751
2008_08_SEA_SF,2008,8,0.6424111612491709,4.138437141338031,0.47455698711831723
2008_08_STL_NE,2008,8,0.7583850462441175,8.766626598177186,0.49310386072385437
2008_08_TB_DAL,2008,8,0.538552806161372,0.9715070034537924,0.49915799610530853
2008_08_WAS_DET,2008,8,0.3031527544787449,-6.68201824622141,0.5093958990339386
2008_09_ARI_STL,2008,9,0.3932371862422272,-2.841177640902363,0.5046932957448389
2008_09_ATL_OAK,2008,9,0.4547479209560765,-2.315408656169585,0.5202218831997064
2008_09_BAL_CLE,2008,9,0.5823816419448102,0.9140257190186535,0.4974593671209327
2008_09_DAL_NYG,2008,9,0.7573996389082952,8.810254201455754,0.4796259932665118
2008_09_DET_CHI,2008,9,0.8116437875761776,11.940060703278931,0.48345782020857697
2008_09_GB_TEN,2008,9,0.6105467094756256,3.404785010923942,0.4971862985223946
2008_09_HOU_MIN,2008,9,0.6746975100260303,6.047113809730403,0.48661914324093547
2008_09_JAX_CIN,2008,9,0.30992125608106846,-6.624879485611897,0.5110838650367546
2008_09_MIA_DEN,2008,9,0.6507343081876342,4.231991993054457,0.5068553229419445
2008_09_NE_IND,2008,9,0.6842592567095401,6.10204604141931,0.48824165407121817
2008_09_NYJ_BUF,2008,9,0.6340387445479695,4.267712320714102,0.478370569178207
2008_09_PHI_SEA,2008,9,0.3278618440344194,-6.227866623792835,0.5228050953185477
2008_09_PIT_WAS,2008,9,0.5512134002179693,0.7713612116042039,0.49324375412806826
2008_09_TB_KC,2008,9,0.27270761159372,-8.80313721085672,0.5205840457493556
2008_10_BAL_HOU,2008,10,0.5785997446902734,2.5462196236488364,0.5013658463730077
2008_10_BUF_NE,2008,10,0.6055584099835432,2.754428754404133,0.4779786103958536
2008_10_CAR_OAK,2008,10,0.26610099341045423,-9.381776596367903,0.5182629094456255
2008_10_DEN_CLE,2008,10,0.6283495420076588,3.3240754905926555,0.5095759258471336
2008_10_GB_MIN,2008,10,0.5504543144948323,1.6805778465046743,0.47579988722666505
2008_10_IND_PIT,2008,10,0.6307300307421897,3.8478760942605454,0.5102790462812643
2008_10_JAX_DET,2008,10,0.3469889452854963,-5.391322359229927,0.5032115287077961
2008_10_KC_SD,2008,10,0.8348291332600217,14.198117150144004,0.49107971879803347
2008_10_NO_ATL,2008,10,0.5462362862291203,1.112912069353821,0.5033366572780215
2008_10_NYG_PHI,2008,10,0.5880231997155163,2.5438751976985654,0.4865234923342736
2008_10_SEA_MIA,2008,10,0.7171500211677698,8.7013477281352,0.49117516290126106
2008_10_SF_ARI,2008,10,0.791209791029488,9.9225913772807,0.5124860769481266
2008_10_STL_NYJ,2008,10,0.7732160293824997,9.302374852654879,0.4941601325086892
2008_10_TEN_CHI,2008,10,0.4697281108668859,-0.6574250039082258,0.5101224432587301
2008_11_ARI_SEA,2008,11,0.4163400998893746,-2.9742193658168357,0.50076185027703
2008_11_BAL_NYG,2008,11,0.6995590651473531,6.943869253240668,0.49834126936347684
2008_11_CHI_GB,2008,11,0.6289607799883256,3.3502699836474537,0.49557537707228394
2008_11_CLE_BUF,2008,11,0.6493042948129444,4.467324877437479,0.4990344092459256
2008_11_DAL_WAS,2008,11,0.49399690250156564,-0.8082418237360056,0.5056665090160476
2008_11_DEN_ATL,2008,11,0.7042603376624992,6.544572910652344,0.5013171841712786
2008_11_DET_CAR,2008,11,0.8321273949588233,13.358577284178281,0.48105226695121917
2008_11_HOU_IND,2008,11,0.738948909548282,8.349229216737719,0.48077633578726053
2008_11_MIN_TB,2008,11,0.6462147825864615,4.281656620564561,0.49354795494571907
2008_11_NO_KC,2008,11,0.3490874725376347,-5.693870243480659,0.5090457509123443
2008_11_NYJ_NE,2008,11,0.5883475358980186,2.7944834696055625,0.493926958035096
2008_11_OAK_MIA,2008,11,0.776991081928164,9.871869857185745,0.496213647116187
2008_11_PHI_CIN,2008,11,0.2795913574183524,-8.693471920363507,0.5238197666874888
2008_11_SD_PIT,2008,11,0.677653482421271,4.691672984670194,0.5056639917492479
2008_11_STL_SF,2008,11,0.7057443743341711,6.406594363529328,0.4824697491606131
2008_11_TEN_JAX,2008,11,0.457462639581657,-1.0430530810258338,0.49872772850306246
2008_12_BUF_KC,2008,12,0.43138856070583115,-2.5013178120866026,0.5147333462450113
2008_12_CAR_ATL,2008,12,0.4919190196847394,0.634559317694085,0.4892020788067943
2008_12_CHI_STL,2008,12,0.3003723721504209,-6.89654393374023,0.503057229260685
2008_12_CIN_PIT,2008,12,0.8082578152404325,11.131673822999343,0.4891168402281312
2008_12_GB_NO,2008,12,0.5173031982006597,0.9215991025495401,0.49768316614808
2008_12_HOU_CLE,2008,12,0.62676394487579,3.4181505530283314,0.5123549085143202
2008_12_IND_SD,2008,12,0.6253424571406883,3.7069625340058567,0.520882102985561
2008_12_MIN_JAX,2008,12,0.5532118996766406,1.2710526978582446,0.5080094160407216
2008_12_NE_MIA,2008,12,0.47413386727897894,-0.9305183959079388,0.5020532612744922
2008_12_NYG_ARI,2008,12,0.46086852700312786,-2.040209647035092,0.5283391577169272
2008_12_NYJ_TEN,2008,12,0.6497808753048584,5.383815858474869,0.49656665228192776
2008_12_OAK_DEN,2008,12,0.7525006707970385,8.50662482173979,0.48542337685556547
2008_12_PHI_BAL,2008,12,0.5463717664754764,1.0855314991052736,0.5025275483718303
2008_12_SF_DAL,2008,12,0.7720401106469916,9.262966607797862,0.4929957197375233
2008_12_TB_DET,2008,12,0.2812429242296248,-8.536615484199991,0.5136909171171086
2008_12_WAS_SEA,2008,12,0.4565660572184991,-2.2035778379042026,0.5235216497332396
2008_13_ARI_PHI,2008,13,0.6264562961273046,3.381367746472045,0.5112684062919711
2008_13_ATL_SD,2008,13,0.6874033829315215,6.574162123880695,0.5021915746673422
2008_13_BAL_CIN,2008,13,0.2986878471323377,-6.653879543446714,0.5102271820752744
2008_13_CAR_GB,2008,13,0.5949235945228162,3.031875019908169,0.5009419467640572
2008_13_CHI_MIN,2008,13,0.6511154578055853,4.3595795253129435,0.4810818511004036
2008_13_DEN_NYJ,2008,13,0.7531611412626855,7.696986610225909,0.5058209999173101
2008_13_IND_CLE,2008,13,0.3800651469560117,-3.7486040999301435,0.5074286412932447
2008_13_JAX_HOU,2008,13,0.6175231900990068,3.070636341339054,0.5020873847787274
2008_13_KC_OAK,2008,13,0.6371849843800894,3.200262717953024,0.5059178026158906
2008_13_MIA_STL,2008,13,0.30189127399778953,-6.7231345104432405,0.5081811561082816
2008_13_NO_TB,2008,13,0.6340388739319167,3.268568421435852,0.49316123558436226
2008_13_NYG_WAS,2008,13,0.3614946073521913,-3.4225568562930255,0.5022885314743176
2008_13_PIT_NE,2008,13,0.5527928432947403,0.835512376927591,0.49513930045644844
2008_13_SEA_DAL,2008,13,0.8045827614888426,11.227890813425756,0.49195936968220827
2008_13_SF_BUF,2008,13,0.7228194819689847,6.890192228500845,0.5115290745736852
2008_13_TEN_DET,2008,13,0.23156103755242918,-10.730789142184596,0.5079549982051719
2008_14_ATL_NO,2008,14,0.6043790728121956,2.6081960575669783,0.48842331718875975
2008_14_CIN_IND,2008,14,0.8271520506575316,13.28590073185693,0.4936733577809752
2008_14_CLE_TEN,2008,14,0.8315010355862621,13.796150775650835,0.4939762234000916
2008_14_DAL_PIT,2008,14,0.6721754264764102,4.80487549174215,0.5237710174969857
2008_14_HOU_GB,2008,14,0.6965288714889479,6.808621603352066,0.4943447128278468
2008_14_JAX_CHI,2008,14,0.7110246681778355,6.599620566981341,0.5029438885537685
2008_14_KC_DEN,2008,14,0.7400802255867254,8.186986832324767,0.47598893511320217
2008_14_MIA_BUF,2008,14,0.5375607842592587,0.7788875847449299,0.4934661372309399
2008_14_MIN_DET,2008,14,0.2526868426882223,-10.120053921599006,0.511226410878469
2008_14_NE_SEA,2008,14,0.34257350746449355,-6.506602479178264,0.5293296970917911
2008_14_NYJ_SF,2008,14,0.3919144814300427,-3.07407171860148,0.5273409279852294
2008_14_OAK_SD,2008,14,0.7506824480854879,8.639028700638757,0.4745744329133986
2008_14_PHI_NYG,2008,14,0.7010398094677802,6.791025711797086,0.508599516232955
2008_14_STL_ARI,2008,14,0.829776938854092,13.53624568515628,0.4862981612886893
2008_14_TB_CAR,2008,14,0.5913547250163355,2.8485142282656017,0.49552349548204566
2008_14_WAS_BAL,2008,14,0.6976749999307263,6.374997890393469,0.5110802427389534
2008_15_BUF_NYJ,2008,15,0.740454911027724,8.82013760054393,0.4946849931083234
2008_15_CLE_PHI,2008,15,0.8411239927511279,15.186730814864472,0.4907433253451561
2008_15_DEN_CAR,2008,15,0.726017416636632,6.9793577081111025,0.4993899940896367
2008_15_DET_IND,2008,15,0.8725716254542311,16.44115447125566,0.4982610448083449
2008_15_GB_JAX,2008,15,0.4464402030525484,-2.0532351703590983,0.5132000631094116
2008_15_MIN_ARI,2008,15,0.6625668852151447,4.4855254298915375,0.5143448054439229
2008_15_NE_OAK,2008,15,0.3486249014286422,-5.483637579513213,0.5300064617333414
2008_15_NO_CHI,2008,15,0.5877486452648384,3.020504146692763,0.500605923547728
2008_15_NYG_DAL,2008,15,0.6012129889180227,2.789420443298105,0.49377735689379476
2008_15_PIT_BAL,2008,15,0.5912261853541239,2.988234175742277,0.4996523048765968
2008_15_SD_KC,2008,15,0.35003073566564386,-5.298703400679515,0.5207148949579257
2008_15_SEA_STL,2008,15,0.4975366981857464,-0.7360896159384052,0.5077983929531343
2008_15_SF_MIA,2008,15,0.6829336535940127,5.605392923686547,0.5031144641645526
2008_15_TB_ATL,2008,15,0.6371870074993331,4.617437046889803,0.47393770093800835
2008_15_TEN_HOU,2008,15,0.415279368493053,-2.937077354507366,0.5018594379846545
2008_15_WAS_CIN,2008,15,0.324591128992921,-6.131592337578558,0.5108855668740863
2008_16_ARI_NE,2008,16,0.7548022475871132,9.120776562737323,0.5035690544162481
2008_16_ATL_MIN,2008,16,0.616163544573685,3.117932825204955,0.503485021616523
2008_16_BAL_DAL,2008,16,0.672935507286027,5.180190013861698,0.5053246874559354
2008_16_BUF_DEN,2008,16,0.703155941965274,6.78120457816266,0.5083093543429505
2008_16_CAR_NYG,2008,16,0.636186564827228,3.8076697819233893,0.494316588126518
2008_16_CIN_CLE,2008,16,0.5620111816246651,1.1437745952134426,0.5042486430093295
2008_16_GB_CHI,2008,16,0.614936411896837,3.927784957077853,0.49786596322169097
2008_16_HOU_OAK,2008,16,0.3333438353931236,-5.93304712275976,0.5314970298552109
2008_16_IND_JAX,2008,16,0.3245492851760752,-5.8241765767233336,0.49042108778917765
2008_16_MIA_KC,2008,16,0.40952465775885116,-3.1491227917032463,0.5103677033478475
2008_16_NO_DET,2008,16,0.3229735565151959,-6.56090990350203,0.5129733869608839
2008_16_NYJ_SEA,2008,16,0.4167291467871531,-2.925688511175302,0.5169665218443998
2008_16_PHI_WAS,2008,16,0.3296494853576599,-4.369249693261969,0.5038637785224631
2008_16_PIT_TEN,2008,16,0.45395330456732136,-1.9847147492216686,0.5152236421129932
2008_16_SD_TB,2008,16,0.6503698752270644,4.590008966136827,0.5026598604568858
2008_16_SF_STL,2008,16,0.39438096468822964,-2.7784494939149904,0.5213125932669185
2008_17_CAR_NO,2008,17,0.48967159035795427,-0.8094636966684381,0.5056304047261272
2008_17_CHI_HOU,2008,17,0.6064073003080339,3.2098369200949266,0.5062006999041607
2008_17_CLE_PIT,2008,17,0.7852278024696802,10.724713013316096,0.49186548091914745
2008_17_DAL_PHI,2008,17,0.5938301139854896,2.7349014618015817,0.5069412886135427
2008_17_DEN_SD,2008,17,0.7030152929664719,6.769807373968162,0.49319784286677365
2008_17_DET_GB,2008,17,0.8064327168387966,10.964507340207021,0.49895114767975174
2008_17_JAX_BAL,2008,17,0.7901330181260542,10.226000546214422,0.4919035212915461
2008_17_KC_CIN,2008,17,0.574168782797206,1.8010180663339161,0.5088947321123042
2008_17_MIA_NYJ,2008,17,0.5739560885463417,1.9873056706709664,0.48485286745879397
2008_17_NE_BUF,2008,17,0.3470112939396497,-5.335698553824781,0.5048551981858366
2008_17_NYG_MIN,2008,17,0.6952008168641726,6.914112449871933,0.4974619300767437
2008_17_OAK_TB,2008,17,0.8061633851183387,11.15543760673121,0.5045932787550859
2008_17_SEA_ARI,2008,17,0.7116006733539271,6.708926173166779,0.4913990622365413
2008_17_STL_ATL,2008,17,0.831251043393779,13.8343094056346,0.4951037537729112
2008_17_TEN_IND,2008,17,0.4125018761244029,-2.7979773476183802,0.5059698051585444
2008_17_WAS_SF,2008,17,0.5937933185533415,1.7034943453660603,0.5207797533199112
2008_18_ATL_ARI,2008,18,0.5883564648627924,2.2237453157871676,0.5066116577897998
2008_18_BAL_MIA,2008,18,0.3854904961234771,-3.523040960474233,0.49931911045543853
2008_18_IND_SD,2008,18,0.48641880938082627,-1.2257099656686434,0.5081050639651782
2008_18_PHI_MIN,2008,18,0.3993778366303641,-2.794386893435696,0.5060758955835015
2008_19_ARI_CAR,2008,19,0.7679233986954193,10.212284194941795,0.5062730111704702
2008_19_BAL_TEN,2008,19,0.5898277824841938,2.9291039176131553,0.4979049396462895
2008_19_PHI_NYG,2008,19,0.6224297589601757,4.044305264684532,0.5013092749331868
2008_19_SD_PIT,2008,19,0.7314061003818408,6.912280864982916,0.5121815337441308
2008_20_BAL_PIT,2008,20,0.686400763951098,5.979093350602862,0.4993821819961326
2008_20_PHI_ARI,2008,20,0.4229414659639715,-2.7377922716500604,0.5225122529543258
2008_21_PIT_ARI,2008,21,0.3391373748211791,-6.461992734160471,0.5011231618722517
2009_01_BUF_NE,2009,1,0.8009467086794642,12.623406104529094,0.474113720229314
2009_01_CHI_GB,2009,1,0.6372805858075125,4.421398125115723,0.4829068072904448
2009_01_DAL_TB,2009,1,0.3772287781343958,-4.124500979389897,0.5110950460584833
2009_01_DEN_CIN,2009,1,0.656227962869393,4.466228136158752,0.49900199923543276
2009_01_DET_NO,2009,1,0.8232160652989763,13.415935870185464,0.4827455402554066
2009_01_JAX_IND,2009,1,0.6744766425353081,5.244507920254304,0.4629520136554913
2009_01_KC_BAL,2009,1,0.8034737101424878,12.316947830641718,0.4798235430619664
2009_01_MIA_ATL,2009,1,0.6275408104642028,3.6240647469977336,0.4888920677074788
2009_01_MIN_CLE,2009,1,0.3829741765373108,-3.4983995107606,0.5148195266221931
2009_01_NYJ_HOU,2009,1,0.6586212437346226,4.417417429235564,0.49755959454596144
2009_01_PHI_CAR,2009,1,0.47699391850336575,-1.0404715123628618,0.49880401679639036
2009_01_SD_OAK,2009,1,0.2700277096111472,-10.37102601174736,0.48903708656293454
2009_01_SF_ARI,2009,1,0.6665059981596801,4.215120911395324,0.4768188783366226
2009_01_STL_SEA,2009,1,0.6818312430019633,6.191210902516238,0.47611353680854857
2009_01_TEN_PIT,2009,1,0.6614063855859094,6.015321155312057,0.4856801960860963
2009_01_WAS_NYG,2009,1,0.6494008889573473,5.011464956393356,0.4708136087267115
2009_02_ARI_JAX,2009,2,0.6120682826223212,3.3121449556584213,0.5092234611462593
2009_02_BAL_SD,2009,2,0.5766923202324836,2.5919546267190707,0.4879435727009069
2009_02_CAR_ATL,2009,2,0.6535927732790658,4.644372201275323,0.4747320213774583
2009_02_CIN_GB,2009,2,0.693894332572387,6.900705779599278,0.48229590366862374
2009_02_CLE_DEN,2009,2,0.6039257762447916,2.9529093943508578,0.4986084151477088
2009_02_HOU_TEN,2009,2,0.6887444849267554,6.630587712655287,0.4890847562561079
2009_02_IND_MIA,2009,2,0.41857483268816564,-3.048894645633144,0.49855510379387435
2009_02_MIN_DET,2009,2,0.25188072049788535,-9.713214438263805,0.5084742430611072
2009_02_NE_NYJ,2009,2,0.4225915278212872,-3.491066511185806,0.5002639960103235
2009_02_NO_PHI,2009,2,0.4584412974520734,-2.2292350520901367,0.5080009143733903
2009_02_NYG_DAL,2009,2,0.5995803282422301,2.936673499084671,0.4981286277011249
2009_02_OAK_KC,2009,2,0.5499574291051881,1.0585572540312684,0.4869571261975569
2009_02_PIT_CHI,2009,2,0.47578124874496974,-0.666600994510105,0.5098513659657369
2009_02_SEA_SF,2009,2,0.5035689018142931,0.434497585392115,0.4832935657112417
2009_02_STL_WAS,2009,2,0.7817435271689033,9.647494962805196,0.4895842085451946
2009_02_TB_BUF,2009,2,0.6349138606496416,4.084493233152405,0.4877231815192893
2009_03_ATL_NE,2009,3,0.6426919483052844,4.151443566932634,0.4897008555231201
2009_03_CAR_DAL,2009,3,0.7529597585750649,8.778407183145177,0.4934519426569372
2009_03_CHI_SEA,2009,3,0.4787366393395974,-0.18339498078102057,0.5241170155389618
2009_03_CLE_BAL,2009,3,0.8345475003615099,13.054033584464836,0.48682351815593516
2009_03_DEN_OAK,2009,3,0.45269306237624496,-1.1042474417420587,0.49691938527279517
2009_03_GB_STL,2009,3,0.33826376059914814,-6.347743254334347,0.5044992863428525
2009_03_IND_ARI,2009,3,0.614138103754851,3.2281385656981265,0.5067414657661593
2009_03_JAX_HOU,2009,3,0.6356983404817174,3.263044549988965,0.4782328346561259
2009_03_KC_PHI,2009,3,0.7114399782071825,7.044368712612279,0.486538068018786
2009_03_MIA_SD,2009,3,0.6862716295425301,5.640361466749315,0.5041477862794347
2009_03_NO_BUF,2009,3,0.34369275315758363,-5.375825289579344,0.5036694698972687
2009_03_NYG_TB,2009,3,0.3354494830965881,-6.002176104558309,0.4999356933251019
2009_03_PIT_CIN,2009,3,0.3969218895155705,-3.524260575322708,0.49928306933084354
2009_03_SF_MIN,2009,3,0.6916721828952068,6.739515077114174,0.49230281471865533
2009_03_TEN_NYJ,2009,3,0.5328618003222917,0.913121152234392,0.4974326365623745
2009_03_WAS_DET,2009,3,0.3406189799557483,-6.121469417979891,0.5111845976501649
2009_04_BAL_NE,2009,4,0.5531710976447195,0.7574777296480961,0.4928335419460743
2009_04_BUF_MIA,2009,4,0.5172549253413301,0.6735611993142034,0.49035425558162754
2009_04_CIN_CLE,2009,4,0.3156966145293603,-5.9163672234431965,0.5024714397914167
2009_04_DAL_DEN,2009,4,0.4833048784891687,-0.34968794947583925,0.5192101238034118
2009_04_DET_CHI,2009,4,0.7585290007868286,8.57030638626552,0.47254806410009803
2009_04_GB_MIN,2009,4,0.6479493282207252,4.0071592404559615,0.48543915908097157
2009_04_NYG_KC,2009,4,0.2813301975094206,-8.215136470454107,0.523180662649686
2009_04_NYJ_NO,2009,4,0.7334012145603902,6.985954998373275,0.48481298221260627
2009_04_OAK_HOU,2009,4,0.7448724632437995,8.604624147886586,0.4883178075371402
2009_04_SD_PIT,2009,4,0.6638893298579095,5.431717591824617,0.49798217603854655
2009_04_SEA_IND,2009,4,0.8030550132285842,9.931661539243928,0.49798051963424356
2009_04_STL_SF,2009,4,0.7705795901905665,9.086721527309217,0.48778899944874354
2009_04_TB_WAS,2009,4,0.7633117634168718,9.096665177939817,0.4880827126776842
2009_04_TEN_JAX,2009,4,0.4034274744745073,-2.6887292031827945,0.5091976355186016
2009_05_ATL_SF,2009,5,0.5512809372399982,1.5273523748682962,0.5155799752811354
2009_05_CIN_BAL,2009,5,0.7512179938941712,8.08511639527094,0.4729846986584896
2009_05_CLE_BUF,2009,5,0.6625822802956014,5.689537550863662,0.49082624585768453
2009_05_DAL_KC,2009,5,0.29857663998728357,-6.701140415364927,0.5088309619564896
2009_05_HOU_ARI,2009,5,0.6800168394077657,5.507561410129793,0.5002234493364819
2009_05_IND_TEN,2009,5,0.3610520994198836,-3.611858038509178,0.4819250001276465
2009_05_JAX_SEA,2009,5,0.5794389520660779,1.51622611264523,0.5152514255023911
2009_05_MIN_STL,2009,5,0.24173868747369748,-9.448397756882946,0.5162960178782706
2009_05_NE_DEN,2009,5,0.4490210246727971,-2.0272654567118087,0.5287206965347186
2009_05_NYJ_MIA,2009,5,0.4139274753256634,-3.2865714697977393,0.49153208220338684
2009_05_OAK_NYG,2009,5,0.8583233834874022,15.325836823997134,0.4948533979780743
2009_05_PIT_DET,2009,5,0.23980348021144487,-10.518809753111196,0.5142167773265005
2009_05_TB_PHI,2009,5,0.8567791127974396,15.341446204404505,0.4953146401021424
2009_05_WAS_CAR,2009,5,0.6395882604825271,4.685913135133816,0.490719168384326
2009_06_ARI_SEA,2009,6,0.5910976005040034,2.623206195331483,0.4888667062645325
2009_06_BAL_MIN,2009,6,0.6038359820376956,3.0515623040653144,0.5015237283817086
2009_06_BUF_NYJ,2009,6,0.7622013030790215,9.425577830873479,0.4978007407791398
2009_06_CAR_TB,2009,6,0.39906085335046004,-3.166711801203175,0.495073578090572
2009_06_CHI_ATL,2009,6,0.6417398629559032,3.9150800207952776,0.4974905224638902
2009_06_CLE_PIT,2009,6,0.8350949344208255,13.444456088103214,0.4835875986515288
2009_06_DEN_SD,2009,6,0.6145215309558372,3.271340951262233,0.49324315549489745
2009_06_DET_GB,2009,6,0.8293206609005506,13.039766953497521,0.4716477931582715
2009_06_HOU_CIN,2009,6,0.6403257035797638,4.186177449739547,0.5055016075605585
2009_06_KC_WAS,2009,6,0.6808692952755793,6.196632703002009,0.4910358625053087
2009_06_NYG_NO,2009,6,0.6243015036735086,3.479746644503378,0.49940148764469405
2009_06_PHI_OAK,2009,6,0.20804921220824316,-13.340443054002897,0.5194830009854626
2009_06_STL_JAX,2009,6,0.7769742839857758,9.23546073715398,0.4921830264329955
2009_06_TEN_NE,2009,6,0.7817879516149769,9.097127081624436,0.48809635643912097
2009_07_ARI_NYG,2009,7,0.7419403891294205,9.508646768441901,0.5150276074821882
2009_07_ATL_DAL,2009,7,0.6463922647108931,5.132616330527405,0.489144682194027
2009_07_BUF_CAR,2009,7,0.7091709193996998,6.588896114769662,0.4878532313447707
2009_07_CHI_CIN,2009,7,0.48826639000903227,-0.6610728911229986,0.5100146778565366
2009_07_GB_CLE,2009,7,0.2773733061880491,-8.828866478707985,0.5198246883628239
2009_07_IND_STL,2009,7,0.1992189817520286,-13.624203605968429,0.5111038304223294
2009_07_MIN_PIT,2009,7,0.6664059275710486,5.779169457263246,0.49347446580889076
2009_07_NE_TB,2009,7,0.18417424914710673,-15.211785375096188,0.5085164641315338
2009_07_NO_MIA,2009,7,0.3419064764503996,-5.48612483108198,0.5151820026492735
2009_07_NYJ_OAK,2009,7,0.36626322025201785,-5.09636521706848,0.5266836373960712
2009_07_PHI_WAS,2009,7,0.26245689602584754,-9.341443059880836,0.48991099617257483
2009_07_SD_KC,2009,7,0.35263675951364937,-5.133740436321323,0.5108221113015938
2009_07_SF_HOU,2009,7,0.6386475767399276,3.38606825145735,0.5114072561307533
2009_08_ATL_NO,2009,8,0.7857561489385744,10.571981874038043,0.4873536352460276
2009_08_CAR_ARI,2009,8,0.7750645999244044,9.449541022640442,0.4837377389565313
2009_08_CLE_CHI,2009,8,0.8000523538759696,10.999529524757667,0.4852138437472777
2009_08_DEN_BAL,2009,8,0.6618265504180754,4.4975281438340655,0.4999269534866554
2009_08_HOU_BUF,2009,8,0.4022143589777331,-3.008637392065067,0.5145171886579558
2009_08_JAX_TEN,2009,8,0.5845279727694414,2.561362753814506,0.4870399882761857
2009_08_MIA_NYJ,2009,8,0.6144389785298799,2.8612722637468755,0.4811318175821865
2009_08_MIN_GB,2009,8,0.6168771076462436,3.1957207678963258,0.49100892047949135
2009_08_NYG_PHI,2009,8,0.4616536507773603,-1.380835732070072,0.4887473091513829
2009_08_OAK_SD,2009,8,0.8535425756729205,15.285212006984716,0.47888696507373485
2009_08_SEA_DAL,2009,8,0.7657997038004394,9.444244836073473,0.48358136116928196
2009_08_SF_IND,2009,8,0.8381627906701168,12.859535117031516,0.49584915780421246
2009_08_STL_DET,2009,8,0.601235733622474,3.2933031332267175,0.49389208164908666
2009_09_ARI_CHI,2009,9,0.5577870362577205,0.5748752468308436,0.48743909544199027
2009_09_BAL_CIN,2009,9,0.42002650249758455,-3.057553537020545,0.4982992244627629
2009_09_CAR_NO,2009,9,0.8015435679041256,11.780197415792374,0.47873898651369146
2009_09_DAL_PHI,2009,9,0.6059897219756051,2.8305121267412874,0.49499154796758327
2009_09_DET_SEA,2009,9,0.8148371440435956,11.07982583128297,0.5023589417475569
2009_09_GB_TB,2009,9,0.2613165394329148,-8.880803182565526,0.5182916448753384
2009_09_HOU_IND,2009,9,0.7400512697509423,6.918621504034044,0.482824830273081
2009_09_KC_JAX,2009,9,0.694875338835478,6.965265691614725,0.4989735578587541
2009_09_MIA_NE,2009,9,0.8039069712641975,10.08161924809933,0.48763829207858134
2009_09_PIT_DEN,2009,9,0.4410739845060646,-2.6054845756919494,0.5116567765984904
2009_09_SD_NYG,2009,9,0.6773754594306942,5.04993686680922,0.5014756949696124
2009_09_TEN_SF,2009,9,0.6590537435551778,4.442400420739791,0.49829786386801983
2009_09_WAS_ATL,2009,9,0.7602068410243592,8.72774625287019,0.491955098600913
2009_10_ATL_CAR,2009,10,0.48117306273794636,-1.0464377600797383,0.49862770745419627
2009_10_BAL_CLE,2009,10,0.2283848087603912,-10.257940291500685,0.5071527909604345
2009_10_BUF_TEN,2009,10,0.7175537978206052,8.531282343258283,0.4861515756282157
2009_10_CHI_SF,2009,10,0.6373792766572868,4.016662450371753,0.515264310409043
2009_10_CIN_PIT,2009,10,0.6887381941754311,5.8680006643787745,0.48133043034419865
2009_10_DAL_GB,2009,10,0.43065500725463046,-2.931058690202418,0.5020372950963261
2009_10_DEN_WAS,2009,10,0.4031113325398818,-2.98252877668244,0.5152881931605897
2009_10_DET_MIN,2009,10,0.8665453820779306,16.5786652477116,0.48755103979349457
2009_10_JAX_NYJ,2009,10,0.6892915524079901,6.3756560980795545,0.49632553048913264
2009_10_KC_OAK,2009,10,0.5599427375675214,0.880178539062638,0.4964591689439108
2009_10_NE_IND,2009,10,0.555282465015265,0.7340712727610894,0.4921419739056148
2009_10_NO_STL,2009,10,0.22160357978678438,-13.307500936292978,0.5204552626934627
2009_10_PHI_SD,2009,10,0.55015140764122,1.2582041404292448,0.5076297976762499
2009_10_SEA_ARI,2009,10,0.7308655704643316,8.392896956005364,0.48206537317250703
2009_10_TB_MIA,2009,10,0.7789371377454921,9.295606101942653,0.4791936998615245
2009_11_ARI_STL,2009,11,0.2703617879477307,-9.064574625557025,0.5128651465247202
2009_11_ATL_NYG,2009,11,0.7035935216720692,6.5937768206429235,0.48799739638160616
2009_11_BUF_JAX,2009,11,0.7464158731102863,8.63630621172498,0.4892536829413696
2009_11_CIN_OAK,2009,11,0.28526051378295186,-8.25038043621836,0.5221408392917422
2009_11_CLE_DET,2009,11,0.6140611769820622,3.3458114815226385,0.4954436309746553
2009_11_IND_BAL,2009,11,0.486293888094785,-1.1515132118231846,0.49552268464335697
2009_11_MIA_CAR,2009,11,0.6150557033102068,3.186144971473654,0.4907260175923306
2009_11_NO_TB,2009,11,0.2555917949789851,-10.132824090306316,0.510849180510283
2009_11_NYJ_NE,2009,11,0.7923715091277116,9.656109751260553,0.47507819452920735
2009_11_PHI_CHI,2009,11,0.37914344260794325,-3.708776084690052,0.4938306453723346
2009_11_PIT_KC,2009,11,0.22998117531345386,-9.889244632292252,0.518042447929031
2009_11_SD_DEN,2009,11,0.33342457980183626,-5.81383076024375,0.5202684519902374
2009_11_SEA_MIN,2009,11,0.7900235405876956,10.370260319033452,0.49616608537281615
2009_11_SF_GB,2009,11,0.6905322374688221,5.589664847346021,0.48787593786539457
2009_11_TEN_HOU,2009,11,0.6153408354009321,3.498261487513342,0.4851763974294234
2009_11_WAS_DAL,2009,11,0.7864376188522306,9.799456004859547,0.4645690946490529
2009_12_ARI_TEN,2009,12,0.6089369889294716,3.2220568869875015,0.49178700546165044
2009_12_CAR_NYJ,2009,12,0.6037671989683322,3.184344587265744,0.49067282839323345
2009_12_CHI_MIN,2009,12,0.7882963868374662,9.201709397960752,0.4764232316989823
2009_12_CLE_CIN,2009,12,0.8100428837790794,11.480156040751451,0.4846417411840095
2009_12_GB_DET,2009,12,0.22716707196979913,-10.898246497183747,0.5030069177847825
2009_12_IND_HOU,2009,12,0.43703135758921285,-2.5049267711101892,0.5146267690991545
2009_12_JAX_SF,2009,12,0.6234671772811344,2.8467424932837475,0.4954711417803127
2009_12_KC_SD,2009,12,0.817277433304231,12.366724111860357,0.4812927479821925
2009_12_MIA_BUF,2009,12,0.3722669850839844,-3.619258539395723,0.49647580334387564
2009_12_NE_NO,2009,12,0.5709775928892138,1.2875083988146299,0.5084955989905633
2009_12_NYG_DEN,2009,12,0.3678781310772992,-4.022488389390184,0.5141081374231751
2009_12_OAK_DAL,2009,12,0.8320334581230475,13.437961215231221,0.49816668095136024
2009_12_PIT_BAL,2009,12,0.7240516914582363,8.486180656360089,0.4848196458645583
2009_12_SEA_STL,2009,12,0.40801619335161377,-3.0227304484154374,0.5141009887402114
2009_12_TB_ATL,2009,12,0.8097255555463084,11.25082288715935,0.4778722155703291
2009_12_WAS_PHI,2009,12,0.7547293919682054,8.582492958319065,0.47290735106907816
2009_13_BAL_GB,2009,13,0.6494620834294582,4.290153712172059,0.5085737534969046
2009_13_DAL_NYG,2009,13,0.4934857236350382,-0.8168443819924633,0.5054123169192344
2009_13_DEN_KC,2009,13,0.3371636144610367,-5.555450766700537,0.5131346250674192
2009_13_DET_CIN,2009,13,0.8354743959182082,13.075457879303947,0.4874563044541435
2009_13_HOU_JAX,2009,13,0.49049445613900544,-0.9800410372949985,0.5005898126811308
2009_13_MIN_ARI,2009,13,0.3945393477130811,-3.67152348445713,0.4949313978487939
2009_13_NE_MIA,2009,13,0.35164843355631875,-4.069501281689269,0.5127196323852399
2009_13_NO_WAS,2009,13,0.2729139815730705,-8.271420368644879,0.5215200135351304
2009_13_NYJ_BUF,2009,13,0.3676038026683681,-3.8787754490859054,0.4888081690604182
2009_13_OAK_PIT,2009,13,0.8605557409683987,14.416139875100189,0.4975218419033053
2009_13_PHI_ATL,2009,13,0.3782899087494925,-3.790858997807762,0.5061801371152419
2009_13_SD_CLE,2009,13,0.2313421298145399,-12.597647091499585,0.5266458410121432
2009_13_SF_SEA,2009,13,0.4918415496944759,-0.819845148941106,0.505323648442641
2009_13_STL_CHI,2009,13,0.7714514023574994,9.564842174799677,0.5019161618975968
2009_13_TB_CAR,2009,13,0.6243726310190447,3.1888691571201186,0.4908064992006699
2009_13_TEN_IND,2009,13,0.6815931534004787,5.17993620618508,0.47578096085803073
2009_14_ARI_SF,2009,14,0.3727326551817415,-3.9866472568706524,0.5003945905870423
2009_14_BUF_KC,2009,14,0.42835212595688943,-2.536310013966259,0.513699938833804
2009_14_CAR_NE,2009,14,0.8155643981270729,12.133113434521702,0.4891593668221433
2009_14_CIN_MIN,2009,14,0.6799928541654207,5.969556729182469,0.4991003631415347
2009_14_DEN_IND,2009,14,0.7042295043144862,6.413164263135682,0.4974339105183231
2009_14_DET_BAL,2009,14,0.8365184861981878,13.834227068113233,0.49510132077710645
2009_14_GB_CHI,2009,14,0.3704355323433412,-3.664942607795785,0.5099003583988632
2009_14_MIA_JAX,2009,14,0.5580075215030287,0.9260565717895968,0.49781488797242224
2009_14_NO_ATL,2009,14,0.25740796678183453,-9.594905213283859,0.5119692732224121
2009_14_NYJ_TB,2009,14,0.372359003466629,-3.301870310666902,0.505854775751316
2009_14_PHI_NYG,2009,14,0.46762781775293416,-1.3744118217454755,0.48893706966983375
2009_14_PIT_CLE,2009,14,0.25165665200742005,-9.70419176486549,0.5087408125410144
2009_14_SD_DAL,2009,14,0.625486548678369,3.7339566658091226,0.5069133728918761
2009_14_SEA_HOU,2009,14,0.7116540734708134,7.236644713860465,0.5069927960873912
2009_14_STL_TEN,2009,14,0.8278954043742524,13.135189992521541,0.48922070923986644
2009_14_WAS_OAK,2009,14,0.48989726624195234,-0.532907155807427,0.5138004379126914
2009_15_ARI_DET,2009,15,0.22184264152633423,-13.232770440437882,0.5226604165930919
2009_15_ATL_NYJ,2009,15,0.6779735941439364,5.775502992227986,0.5081409009931355
2009_15_CHI_BAL,2009,15,0.7952398920064763,10.551097530071669,0.5015099938145521
2009_15_CIN_SD,2009,15,0.7124898658997858,6.474875536869784,0.49925754038303777
2009_15_CLE_KC,2009,15,0.5831703096860335,1.3597783756444382,0.5106306531339648
2009_15_DAL_NO,2009,15,0.729285036900676,7.625445007994313,0.5037070072123225
2009_15_GB_PIT,2009,15,0.5829755953139216,2.509355027657613,0.5002764530198706
2009_15_HOU_STL,2009,15,0.2073338410041492,-13.442163027879069,0.5164801066245158
2009_15_IND_JAX,2009,15,0.37134557953329156,-3.59775137681367,0.4971113469324278
2009_15_MIA_TEN,2009,15,0.6639323511135062,4.477365670654097,0.499331126908586
2009_15_MIN_CAR,2009,15,0.27073935337048277,-8.672320190615588,0.5096824070531731
2009_15_NE_BUF,2009,15,0.30928669219222993,-6.090061315788741,0.5121123513902446
2009_15_NYG_WAS,2009,15,0.4712855740028592,-1.0821687133740023,0.497571824333919
2009_15_OAK_DEN,2009,15,0.8284996801810504,13.135426603077478,0.48922769883380995
2009_15_SF_PHI,2009,15,0.7320123316119347,7.015023445600283,0.5004439619563095
2009_15_TB_SEA,2009,15,0.7156877194935705,6.770000649038201,0.507978332892976
2009_16_BAL_PIT,2009,16,0.5661707512816365,2.6598330080410717,0.4899486935988446
2009_16_BUF_ATL,2009,16,0.7544250756100866,8.748120395204406,0.4925570670959326
2009_16_CAR_NYG,2009,16,0.7550262712807679,8.959487389257735,0.498802802292135
2009_16_DAL_WAS,2009,16,0.2917888984132392,-6.925697860040583,0.5021957122591417
2009_16_DEN_PHI,2009,16,0.7238269983524737,7.134092339328995,0.5039625351120677
2009_16_DET_SF,2009,16,0.8497089889718961,13.924926521220046,0.4977814940402129
2009_16_HOU_MIA,2009,16,0.5499520573882359,1.1289390940634947,0.5038102573451997
2009_16_JAX_NE,2009,16,0.7683408824671103,9.34358803638107,0.4953779296721751
2009_16_KC_CIN,2009,16,0.8205957867994332,12.75660035866228,0.49280761870894196
2009_16_MIN_CHI,2009,16,0.25943635230940904,-9.223180992854266,0.4934050163907301
2009_16_NYJ_IND,2009,16,0.6324186298082367,3.0178509774308657,0.5005275190791394
2009_16_OAK_CLE,2009,16,0.6323756902176086,3.3447627557905095,0.5101870734127657
2009_16_SD_TEN,2009,16,0.558522961208831,1.1082525445270681,0.5031989669751316
2009_16_SEA_GB,2009,16,0.8287846731143158,13.535478580262001,0.501048436253523
2009_16_STL_ARI,2009,16,0.867770247787188,15.437110299150012,0.48337070734994025
2009_16_TB_NO,2009,16,0.8274140622592033,13.351420380889303,0.48084101255587786
2009_17_ATL_TB,2009,17,0.4091557607154204,-2.964121680850343,0.5010602490080764
2009_17_BAL_OAK,2009,17,0.26394987292964855,-9.035892806679888,0.5284664024317636
2009_17_CHI_DET,2009,17,0.3627087425973158,-3.7803530088234845,0.506490563381515
2009_17_CIN_NYJ,2009,17,0.7611240428611781,9.705508357063243,0.5060728004604903
2009_17_GB_ARI,2009,17,0.5951430738607393,3.1513923889990325,0.5044737451122148
2009_17_IND_BUF,2009,17,0.70669297916833,8.902380824160433,0.49711525353815955
2009_17_JAX_CLE,2009,17,0.5485958976224496,1.1978930775521937,0.5058477843224142
2009_17_KC_DEN,2009,17,0.7716191683677758,9.080994262544019,0.48761983183589896
2009_17_NE_HOU,2009,17,0.7013825932903321,8.751556358506404,0.49265858677800395
2009_17_NO_CAR,2009,17,0.7503839042475011,9.572499857431998,0.48736893463617736
2009_17_NYG_MIN,2009,17,0.7436647908373439,8.747137556256654,0.4925280280215739
2009_17_PHI_DAL,2009,17,0.589607582739041,2.644908008822022,0.48950778699225594
2009_17_PIT_MIA,2009,17,0.43547406120974036,-2.8420114149703,0.504668658349984
2009_17_SF_STL,2009,17,0.31364010740746395,-6.363141214416506,0.5188130141351625
2009_17_TEN_SEA,2009,17,0.3577948476409595,-5.081472500433332,0.5271227351252773
2009_17_WAS_SD,2009,17,0.6354574484545387,3.151293144928494,0.5044708125071813
2009_18_BAL_NE,2009,18,0.6420145653316194,3.6761153531060335,0.5052042864995937
2009_18_GB_ARI,2009,18,0.4557825648041184,-2.2928058824515123,0.5061226110214186
2009_18_NYJ_CIN,2009,18,0.5849526212783311,2.8900793128477753,0.5115257391646744
2009_18_PHI_DAL,2009,18,0.6428735771126524,3.522923042263442,0.5006774049155431
2009_19_ARI_NO,2009,19,0.7147557509363656,7.201327290096421,0.5059492586057531
2009_19_BAL_IND,2009,19,0.674402936047276,6.197539939372072,0.49106266575321583
2009_19_DAL_MIN,2009,19,0.5783898782424584,2.351728946104579,0.49561848865444325
2009_19_NYJ_SD,2009,19,0.7575111180074052,9.1639054047149,0.5048434955183864
2009_20_MIN_NO,2009,20,0.652851965037887,4.294939643618728,0.5087151506929923
2009_20_NYJ_IND,2009,20,0.7254126359331021,7.954545549695355,0.4986567653484169
2009_21_NO_IND,2009,21,0.6627705006883047,4.58099405807873,0.5023934637323451
2010_01_ARI_STL,2010,1,0.41171640099031726,-2.610994499896571,0.5114940198312511
2010_01_ATL_PIT,2010,1,0.4860101653077848,-0.8903434596602369,0.5032404554973078
2010_01_BAL_NYJ,2010,1,0.5249250868831719,0.5507555533256147,0.48672670137085466
2010_01_CAR_NYG,2010,1,0.663547378635344,4.76892789288428,0.4784064381708867
2010_01_CIN_NE,2010,1,0.6526974276894753,4.518568756919049,0.48577610545236716
2010_01_CLE_TB,2010,1,0.566288198398861,2.4817795808066943,0.49946156345362736
2010_01_DAL_WAS,2010,1,0.38613893965264157,-3.830774022604909,0.4902261821722888
2010_01_DEN_JAX,2010,1,0.621096748674614,3.3053536679522755,0.5090228223826736
2010_01_DET_CHI,2010,1,0.677753449128204,5.410985868077373,0.4678531070116426
2010_01_GB_PHI,2010,1,0.4376977560561365,-2.909960693367757,0.5026607570374272
2010_01_IND_HOU,2010,1,0.47547852481487224,-1.287652406187122,0.49150014637270256
2010_01_MIA_BUF,2010,1,0.4226076091887535,-2.9923571115667045,0.5002258571242633
2010_01_MIN_NO,2010,1,0.6523320125768168,4.3651299619206,0.49601448403463977
2010_01_OAK_TEN,2010,1,0.6787782799788185,6.304189126399448,0.4942137409283627
2010_01_SD_KC,2010,1,0.37490398230968713,-4.171546094406244,0.4949307297497905
2010_01_SF_SEA,2010,1,0.3916767941633349,-3.013855885200313,0.4995905409282743
2010_02_ARI_ATL,2010,2,0.6937784201316108,6.989543230658789,0.4996909891118909
2010_02_BAL_CIN,2010,2,0.42385947954715364,-2.682887079675095,0.49459561800298935
2010_02_BUF_GB,2010,2,0.8167921476251527,11.927705648387715,0.4830930334158932
2010_02_CHI_DAL,2010,2,0.6933998243867212,6.553388585987872,0.48680446803772925
2010_02_HOU_WAS,2010,2,0.44975348021841044,-2.2754290434101536,0.5066360531691886
2010_02_JAX_SD,2010,2,0.7056549363467624,6.922240104181408,0.4977021082499769
2010_02_KC_CLE,2010,2,0.6033400078024052,2.8479021030593965,0.4955054075420757
2010_02_MIA_MIN,2010,2,0.6610716462087971,5.363547028210351,0.49596770867913015
2010_02_NE_NYJ,2010,2,0.4054655529209029,-3.002436217003142,0.4999280066695177
2010_02_NO_SF,2010,2,0.3440175116969467,-4.656649184111172,0.4953709199741904
2010_02_NYG_IND,2010,2,0.6287247955322729,3.4863629905912052,0.4848250301745535
2010_02_PHI_DET,2010,2,0.3344090749148154,-6.37916901670598,0.5035706625489721
2010_02_PIT_TEN,2010,2,0.675621789027627,5.360065488328574,0.4810961957919725
2010_02_SEA_DEN,2010,2,0.6067843279943186,3.503325927441806,0.5000982854121971
2010_02_STL_OAK,2010,2,0.6256283712803274,3.2875254001417895,0.5084961012876128
2010_02_TB_CAR,2010,2,0.6167563250520407,3.3245449412141372,0.48004776340229766
2010_03_ATL_NO,2010,3,0.6270837336957353,2.840212647313526,0.4952781894447878
2010_03_BUF_NE,2010,3,0.8366234089167458,13.095943403186935,0.4733039253700546
2010_03_CIN_CAR,2010,3,0.4005981913819517,-2.9967588359071633,0.5000957805468096
2010_03_CLE_BAL,2010,3,0.7951053857369568,11.235030444078292,0.4774062619567052
2010_03_DAL_HOU,2010,3,0.5626935643126064,1.3516636131032498,0.49561655809711946
2010_03_DET_MIN,2010,3,0.7979177155135001,11.990952187792058,0.47020908697119984
2010_03_GB_CHI,2010,3,0.42022400829889406,-3.2811890756201434,0.4916911036776545
2010_03_IND_DEN,2010,3,0.3471041666332646,-5.335886757062815,0.5048496369506571
2010_03_NYJ_MIA,2010,3,0.5325755330666336,0.45282896043851784,0.4838348214713667
2010_03_OAK_ARI,2010,3,0.6593099952024962,5.4261262216359025,0.4978169461836894
2010_03_PHI_JAX,2010,3,0.45709887167007646,-2.104178041278022,0.49692143608423717
2010_03_PIT_TB,2010,3,0.4587056592186729,-1.832450971846361,0.5049511611415818
2010_03_SD_SEA,2010,3,0.3884325076987072,-3.608609744292828,0.49679047765504375
2010_03_SF_KC,2010,3,0.4694665595005373,-1.9075146241423533,0.5175030821789302
2010_03_TEN_NYG,2010,3,0.5965241359132996,3.0409912136766284,0.5012113409727617
2010_03_WAS_STL,2010,3,0.36430553662139453,-4.225244432271765,0.5081188182288735
2010_04_ARI_SD,2010,4,0.7821055681515776,9.45239631374781,0.48382204671351264
2010_04_BAL_PIT,2010,4,0.5704399578251858,2.1335815419078576,0.5039474411362073
2010_04_CAR_NO,2010,4,0.8228433212165512,11.628710313403106,0.4742701382876399
2010_04_CHI_NYG,2010,4,0.615540857984199,3.1793453025498573,0.4905251341522766
2010_04_CIN_CLE,2010,4,0.4552165551577727,-1.5401036327445694,0.49881488806159846
2010_04_DEN_TEN,2010,4,0.6865826483875919,5.7738862800145165,0.4933183625485852
2010_04_DET_GB,2010,4,0.8398143503726068,13.468321820081753,0.46954223819405
2010_04_HOU_OAK,2010,4,0.40443865494123865,-3.1361532374653125,0.5107508360029507
2010_04_IND_JAX,2010,4,0.2876970113012608,-7.115120624625487,0.496598079414385
2010_04_NE_MIA,2010,4,0.5434531227922803,1.0447439503275098,0.5013222385849601
2010_04_NYJ_BUF,2010,4,0.3269178861969283,-5.574799739556612,0.4977895832600332
2010_04_SEA_STL,2010,4,0.4634179570033692,-1.2462344686829112,0.5074986546744666
2010_04_SF_ATL,2010,4,0.7383020702628121,6.71177348999593,0.49148318472857566
2010_04_WAS_PHI,2010,4,0.6553144397567771,4.361711662068259,0.48114478784969156
2010_05_ATL_CLE,2010,5,0.4000530000165744,-3.2215076130356115,0.49345446019981676
2010_05_CHI_CAR,2010,5,0.5779561081497679,2.787238593901822,0.5084876277162608
2010_05_DEN_BAL,2010,5,0.7378210304194803,8.031811391657513,0.500940066473035
2010_05_GB_WAS,2010,5,0.4368945042844039,-2.356801144000446,0.5042316301395802
2010_05_JAX_BUF,2010,5,0.5663059217999581,2.4113457511410883,0.4973801722962764
2010_05_KC_IND,2010,5,0.7166263791449152,6.943788293592308,0.4835678811912445
2010_05_MIN_NYJ,2010,5,0.6356478459031734,3.5725990991532455,0.4873718658863482
2010_05_NO_ARI,2010,5,0.32365547860784705,-6.017204154571664,0.5142641945870864
2010_05_NYG_HOU,2010,5,0.6167907283250584,3.0990143511682726,0.502925974585307
2010_05_PHI_SF,2010,5,0.6087990643661466,3.2224007355751825,0.5065719291475776
2010_05_SD_OAK,2010,5,0.2918357033082104,-6.9365258998139225,0.5018757339981573
2010_05_STL_DET,2010,5,0.5824036809975238,2.943728102785784,0.4983370982230036
2010_05_TB_CIN,2010,5,0.7123834297501249,6.482866084521382,0.4994936710016193
2010_05_TEN_DAL,2010,5,0.6884056136815803,6.0152018330496055,0.48567667223285527
2010_06_ATL_PHI,2010,6,0.5253811902441609,0.7773454478462097,0.49342057126654504
2010_06_BAL_NE,2010,6,0.5892014929638045,2.870041842858497,0.4961596294208313
2010_06_CLE_PIT,2010,6,0.8462703084404627,13.362150373802558,0.4811577378702636
2010_06_DAL_MIN,2010,6,0.5362044606933195,0.678686324810774,0.4905056660202858
2010_06_DET_NYG,2010,6,0.7678037157503355,9.31213015983623,0.4796813581245748
2010_06_IND_WAS,2010,6,0.3996803997589099,-3.4849063477675046,0.4856734774123766
2010_06_KC_HOU,2010,6,0.6414890415701273,4.155177252990831,0.48981115434804423
2010_06_MIA_GB,2010,6,0.6115873739930953,2.787556180352621,0.4937222722987535
2010_06_NO_TB,2010,6,0.3566461082752524,-5.402410242315987,0.5028838771404087
2010_06_NYJ_DEN,2010,6,0.3896430383184447,-3.169305212893664,0.5097714770198787
2010_06_OAK_SF,2010,6,0.720016107009398,8.381403979705352,0.4817260908019474
2010_06_SD_STL,2010,6,0.2863994010465968,-8.749625810481282,0.522163105061218
2010_06_SEA_CHI,2010,6,0.6818357847774313,5.804627881570916,0.4942267053445492
2010_06_TEN_JAX,2010,6,0.4146350483472605,-3.4125750395616077,0.48780977707633766
2010_07_ARI_SEA,2010,7,0.6879459782666553,5.7127197763654936,0.4767480419108621
2010_07_BUF_BAL,2010,7,0.8175739425002388,11.662365799511246,0.4900235172481491
2010_07_CIN_ATL,2010,7,0.6159066273477768,3.1540102035446274,0.4897766778295123
2010_07_CLE_NO,2010,7,0.8220275267919569,11.803188660369486,0.49418417900226214
2010_07_JAX_KC,2010,7,0.767498374970067,8.472519644225953,0.48441624560441066
2010_07_MIN_GB,2010,7,0.5485843854043626,1.6844127034600627,0.47591300456615254
2010_07_NE_SD,2010,7,0.5841424241009566,2.709145295514091,0.5061802639731741
2010_07_NYG_DAL,2010,7,0.6162002073369196,3.0860879741942524,0.4877702859276084
2010_07_OAK_DEN,2010,7,0.6821404117115204,5.775147342193604,0.4638536351220141
2010_07_PHI_TEN,2010,7,0.5960005672346105,2.802178677038625,0.4941543358898685
2010_07_PIT_MIA,2010,7,0.42071687569304156,-2.85842053568129,0.5041837777043522
2010_07_SF_CAR,2010,7,0.48411344200291084,-0.6183472723061758,0.511276824489681
2010_07_STL_TB,2010,7,0.6074786917238726,2.8943139730394933,0.49687687452320206
2010_07_WAS_CHI,2010,7,0.588443804468868,2.6797654426734847,0.49053754633354313
2010_08_BUF_KC,2010,8,0.7428747758327359,6.94809444605322,0.49846612821940417
2010_08_CAR_STL,2010,8,0.5719692087879108,2.296511782847584,0.4939868904108555
2010_08_DEN_SF,2010,8,0.5341073501181424,1.3663644233225358,0.4812821304204518
2010_08_GB_NYJ,2010,8,0.6786294232640404,6.099262151702797,0.4881594225528355
2010_08_HOU_IND,2010,8,0.6698507003630818,5.1525745503195175,0.4897342664279489
2010_08_JAX_DAL,2010,8,0.6886223123850389,5.8577185255784805,0.4810269182018438
2010_08_MIA_CIN,2010,8,0.509545074744088,-0.7693657346011554,0.506815206241058
2010_08_MIN_NE,2010,8,0.6530808563786578,4.758868302683217,0.4928746285667627
2010_08_PIT_NO,2010,8,0.5356613731290958,0.9586960604978038,0.4987794176217216
2010_08_SEA_OAK,2010,8,0.5384908815060461,1.1278885986806368,0.48900502405851876
2010_08_TB_ARI,2010,8,0.6130593854904871,3.0777275765376304,0.5022969366897378
2010_08_TEN_SD,2010,8,0.6717425850022531,6.285490556771445,0.5084359826019031
2010_08_WAS_DET,2010,8,0.5651048972439453,2.0633105478130247,0.48709751784159105
2010_09_ARI_MIN,2010,9,0.7186371709981465,6.664134997576371,0.4900757830525179
2010_09_CHI_BUF,2010,9,0.4102256512548963,-3.224886929714841,0.4933546107141632
2010_09_DAL_GB,2010,9,0.7183713820284388,7.078936406774738,0.5023326585692329
2010_09_IND_PHI,2010,9,0.6076553974620915,3.1524847251870387,0.4897316128594093
2010_09_KC_OAK,2010,9,0.503833703372635,-0.7791670880792799,0.5065256041941617
2010_09_MIA_BAL,2010,9,0.6565352465548984,4.915683355504783,0.4975083514266044
2010_09_NE_CLE,2010,9,0.3709659363369701,-4.137241004874965,0.49594442248917353
2010_09_NO_CAR,2010,9,0.3334732513928597,-5.2698728229157235,0.5068002233141159
2010_09_NYG_SEA,2010,9,0.3100941417972375,-6.897348593486211,0.5030334512280132
2010_09_NYJ_DET,2010,9,0.3599136391555694,-5.171898374178368,0.5096948685926527
2010_09_PIT_CIN,2010,9,0.31470565825030383,-5.840245284693568,0.47518569854618636
2010_09_SD_HOU,2010,9,0.45739374069031236,-2.328994346150462,0.5198209143818042
2010_09_TB_ATL,2010,9,0.7714560644036419,9.07803573316568,0.47277593968823733
2010_10_BAL_ATL,2010,10,0.5390986820208319,0.7624642791681429,0.4929808775763517
2010_10_CAR_TB,2010,10,0.6927600003336711,6.417007582272542,0.4827771811475877
2010_10_CIN_IND,2010,10,0.7085005203654717,6.028555805121201,0.48607105176828996
2010_10_DAL_NYG,2010,10,0.8018645726307992,11.117265726156807,0.4886912272429046
2010_10_DET_BUF,2010,10,0.5351203061666903,1.132951734685256,0.48915459015007057
2010_10_HOU_JAX,2010,10,0.5059750462569186,0.36409917344369214,0.48121526334502784
2010_10_KC_DEN,2010,10,0.4806986838565967,-1.3493328255124855,0.4896779197955953
2010_10_MIN_CHI,2010,10,0.5259236664703428,0.9995326965246581,0.49998619058414406
2010_10_NE_PIT,2010,10,0.6299083334882921,4.479618676132166,0.4993977060198041
2010_10_NYJ_CLE,2010,10,0.39510880808064264,-3.394496210149113,0.5031177403016782
2010_10_PHI_WAS,2010,10,0.37762299289752843,-3.969236097360885,0.48613626428595313
2010_10_SEA_ARI,2010,10,0.6109987047170365,2.3462731643062216,0.4659473515310693
2010_10_STL_SF,2010,10,0.6513307783313256,3.9761460031857103,0.48452332794372904
2010_10_TEN_MIA,2010,10,0.5357940336954277,0.6792405548267793,0.490522039596311
2010_11_ARI_KC,2010,11,0.7172261626696307,6.986013687081219,0.4995866866242915
2010_11_ATL_STL,2010,11,0.39533239355259,-3.4262541164382245,0.502179274417681
2010_11_BAL_CAR,2010,11,0.2049358323404341,-12.509487725574937,0.5144920768245649
2010_11_BUF_CIN,2010,11,0.6296587808496946,3.294550188922347,0.47916253879035425
2010_11_CHI_MIA,2010,11,0.5691656064567558,2.4096265099926555,0.497329367636536
2010_11_CLE_JAX,2010,11,0.5774729941255927,2.2644511338656566,0.4930395826636781
2010_11_DEN_SD,2010,11,0.7629170357145636,8.940839966837094,0.49825175088896784
2010_11_DET_DAL,2010,11,0.6563122649419717,4.632690918236027,0.4891468855404284
2010_11_GB_MIN,2010,11,0.4089362607196081,-3.2296430339281184,0.4932140816617031
2010_11_HOU_NYJ,2010,11,0.7154594332928111,6.429636174284484,0.49792066829696496
2010_11_IND_NE,2010,11,0.6352457503393558,3.733004223780556,0.4921104473841449
2010_11_NYG_PHI,2010,11,0.6154212535538387,2.8229941059956603,0.48000199169595664
2010_11_OAK_PIT,2010,11,0.7158127879781915,7.24472460781565,0.5072315293483922
2010_11_SEA_NO,2010,11,0.7957175802948377,10.986377822014509,0.49959744727204786
2010_11_TB_SF,2010,11,0.6367587219883974,3.054055770176035,0.4868241734144839
2010_11_WAS_TEN,2010,11,0.7106701285234605,6.692997281421238,0.4909284585920783
2010_12_CAR_CLE,2010,12,0.7643694262687661,8.659438093816465,0.48993702708652836
2010_12_CIN_NYJ,2010,12,0.7798055895855251,9.910457401365921,0.49735392099505016
2010_12_GB_ATL,2010,12,0.5863972671704376,2.9602812279692223,0.5135992646363634
2010_12_JAX_NYG,2010,12,0.7275842411730407,7.733864939597133,0.492135877680293
2010_12_KC_SEA,2010,12,0.5155244874141859,-0.2988223140667696,0.5207113856525891
2010_12_MIA_OAK,2010,12,0.6061288822645854,3.3004704707458585,0.508878553976684
2010_12_MIN_WAS,2010,12,0.4805593580551779,-0.8441107570272064,0.5046066242969222
2010_12_NE_DET,2010,12,0.31908920664706353,-6.203695628835454,0.4939807618270895
2010_12_NO_DAL,2010,12,0.35206313437897324,-5.184216147717008,0.47978919008659704
2010_12_PHI_CHI,2010,12,0.4194372864067307,-2.6900530948245196,0.5091585231798221
2010_12_PIT_BUF,2010,12,0.31312661819165905,-6.523408557595994,0.49930824750603064
2010_12_SD_IND,2010,12,0.5925482720279462,2.50388527515816,0.5148869981684807
2010_12_SF_ARI,2010,12,0.46770192402463795,-1.330606104162341,0.4902311428886885
2010_12_STL_DEN,2010,12,0.6079024292261996,2.4537360157717467,0.48386160414597823
2010_12_TB_BAL,2010,12,0.7325313579595824,7.306048801039668,0.4942686909686281
2010_12_TEN_HOU,2010,12,0.644510373505518,4.302470897348521,0.4793962900744065
2010_13_ATL_TB,2010,13,0.4035209125013143,-3.2509293228026537,0.4925851442762096
2010_13_BUF_MIN,2010,13,0.6737767519482153,5.011502697047643,0.5003399193804223
2010_13_CAR_SEA,2010,13,0.6869482474456473,4.699783107339259,0.5059036310639576
2010_13_CHI_DET,2010,13,0.35206706197389404,-4.537283060985684,0.5136712009699486
2010_13_CLE_MIA,2010,13,0.665296845560762,5.789200775256008,0.49377086621247407
2010_13_DAL_IND,2010,13,0.6787499485050935,5.449793601880023,0.4985163400899328
2010_13_DEN_KC,2010,13,0.7376383318732405,8.133547927686475,0.4744128001998722
2010_13_HOU_PHI,2010,13,0.7420643509706364,8.5236150614217,0.5006978549370948
2010_13_JAX_TEN,2010,13,0.6170205239043093,2.720392186267491,0.4917378219121778
2010_13_NO_CIN,2010,13,0.33240264344974413,-5.746029627969329,0.5222692120342326
2010_13_NYJ_NE,2010,13,0.634938218265716,3.694753407413969,0.49098034102242455
2010_13_OAK_SD,2010,13,0.8188011751449799,12.047180046186247,0.48662109951203847
2010_13_PIT_BAL,2010,13,0.5898281579499685,2.490296580227305,0.48494118932035934
2010_13_SF_GB,2010,13,0.7887498579218457,9.30855343652667,0.5091173552004503
2010_13_STL_ARI,2010,13,0.4124124330332216,-2.8353965607170095,0.5048641218066057
2010_13_WAS_NYG,2010,13,0.7178526616404144,6.644481653528357,0.48949519201051145
2010_14_ATL_CAR,2010,14,0.3044923885619476,-6.577115328625387,0.5124947399156967
2010_14_BAL_HOU,2010,14,0.4168352082616926,-3.3047897555772816,0.4909938376954259
2010_14_CIN_PIT,2010,14,0.7453954243735299,8.402518255600574,0.4823494120644104
2010_14_CLE_BUF,2010,14,0.5156541104200936,0.5635741041648006,0.48710530219795023
2010_14_DEN_ARI,2010,14,0.37958037614392115,-3.988606810230139,0.5003366833013548
2010_14_GB_DET,2010,14,0.2914707129614286,-6.797239461219074,0.5059916081958038
2010_14_IND_TEN,2010,14,0.40300613905397165,-3.1547838845576144,0.4954260382968341
2010_14_KC_SD,2010,14,0.77246109150994,9.516094873073795,0.485703045728925
2010_14_MIA_NYJ,2010,14,0.6498724973313104,4.441674110005531,0.48350545756675195
2010_14_NE_CHI,2010,14,0.438793903646362,-2.900369692484404,0.502944176391186
2010_14_NYG_MIN,2010,14,0.33751652339994154,-5.139722199278409,0.4811024628522843
2010_14_OAK_JAX,2010,14,0.645154776272676,3.513563667454892,0.5004008236677542
2010_14_PHI_DAL,2010,14,0.3531773759860428,-4.721090497624816,0.4787009811813059
2010_14_SEA_SF,2010,14,0.6285464028733758,3.813129771505511,0.4797108596632133
2010_14_STL_NO,2010,14,0.775388424312347,9.375328742188035,0.4963158571149293
2010_14_TB_WAS,2010,14,0.49965537379431674,-0.6896373038674944,0.5091708070925242
2010_15_ARI_CAR,2010,15,0.5836583702723439,2.6451563449247066,0.5042894731440716
2010_15_ATL_SEA,2010,15,0.3607390871162931,-4.4988507209258515,0.5295581472799703
2010_15_BUF_MIA,2010,15,0.6576293953521888,4.988849705142124,0.48489846286030264
2010_15_CHI_MIN,2010,15,0.35477284329636616,-5.792176319513452,0.49136648976732517
2010_15_CLE_CIN,2010,15,0.5239538353851764,0.8380480265346066,0.49521422667149917
2010_15_DEN_OAK,2010,15,0.7662172055322296,8.450992938829419,0.4837806093798497
2010_15_DET_TB,2010,15,0.6324962672569454,3.3836758586096463,0.49656251526010287
2010_15_GB_NE,2010,15,0.8525483534793916,14.204408746593002,0.5060403093083357
2010_15_HOU_TEN,2010,15,0.544493394170772,1.421694137446698,0.4829155468072204
2010_15_JAX_IND,2010,15,0.6442714598834979,3.2941172764787496,0.47914976313900176
2010_15_KC_STL,2010,15,0.5804746654927339,2.939602339084961,0.4982151777632647
2010_15_NO_BAL,2010,15,0.554811277609436,0.9730042258311142,0.49920224084958875
2010_15_NYJ_PIT,2010,15,0.644029170560993,3.8860636981866383,0.5114071216307848
2010_15_PHI_NYG,2010,15,0.5914520051231688,2.8798250717590332,0.49644872394527856
2010_15_SF_SD,2010,15,0.7926958885081203,9.730172787565191,0.4920267913563593
2010_15_WAS_DAL,2010,15,0.7775063118012986,8.96169687811207,0.4840966680933677
2010_16_BAL_CLE,2010,16,0.39148454675142275,-3.317742466198722,0.5053857798118064
2010_16_CAR_PIT,2010,16,0.8573177804056624,14.233922853678074,0.5069123738501353
2010_16_DAL_ARI,2010,16,0.29344550266190844,-7.381579440549752,0.4887253403741224
2010_16_DET_MIA,2010,16,0.6196862522058009,3.294013746271325,0.4939130787213703
2010_16_HOU_DEN,2010,16,0.4775136618334487,-1.747163596770597,0.5074712025828693
2010_16_IND_OAK,2010,16,0.5004356997296493,-0.32935545333799643,0.5198102563685365
2010_16_MIN_PHI,2010,16,0.8561032354292296,14.280155841762573,0.5082783695375613
2010_16_NE_BUF,2010,16,0.30194014720590545,-6.602322321826537,0.5117501850331417
2010_16_NO_ATL,2010,16,0.5676199916055149,2.010039785119223,0.5002966884741482
2010_16_NYG_GB,2010,16,0.6006851966104853,2.843587286917921,0.4953779075260662
2010_16_NYJ_CHI,2010,16,0.5829948680297493,1.8848456296232579,0.5113711408148585
2010_16_SD_CIN,2010,16,0.29944932740448355,-8.198785470070183,0.5236630226256052
2010_16_SEA_TB,2010,16,0.6807530935710746,5.196149590412868,0.5057962675323372
2010_16_SF_STL,2010,16,0.5614844678501426,1.7403715596676586,0.4923281201788088
2010_16_TEN_KC,2010,16,0.6185186846350963,3.517823136854304,0.48575408545314447
2010_16_WAS_JAX,2010,16,0.7128601032682189,6.722369619017021,0.4917962451371615
2010_17_ARI_SF,2010,17,0.6705289190861043,5.375712135356466,0.4815580676329171
2010_17_BUF_NYJ,2010,17,0.5476989374066203,0.44564893938983363,0.4836228191634727
2010_17_CAR_ATL,2010,17,0.8462232380964687,13.363440408695018,0.48119581761057195
2010_17_CHI_GB,2010,17,0.8009030263625949,10.526900192479372,0.48602215622430217
2010_17_CIN_BAL,2010,17,0.7555573981338402,8.637023050540067,0.4745152840781195
2010_17_DAL_PHI,2010,17,0.4979466404015695,-0.9970397794519308,0.514859680620977
2010_17_JAX_HOU,2010,17,0.6433143450199188,3.977333214875493,0.48455838522494876
2010_17_MIA_NE,2010,17,0.6626343273586147,3.8962351799351644,0.4969336469378764
2010_17_MIN_DET,2010,17,0.6259621995379838,3.1576750327460026,0.4898849430366668
2010_17_NYG_WAS,2010,17,0.3558562867030966,-4.79975790439838,0.4911424980683513
2010_17_OAK_KC,2010,17,0.6551006445659044,4.43427950892482,0.49805788303565834
2010_17_PIT_CLE,2010,17,0.33016506277703617,-6.355122875400929,0.5042812223020855
2010_17_SD_DEN,2010,17,0.3593072937213446,-4.296308539581781,0.520785570416202
2010_17_STL_SEA,2010,17,0.4260562494525599,-2.7939412629129277,0.506089063005237
2010_17_TB_NO,2010,17,0.7251656280225536,6.554791556389186,0.48684590499878067
2010_17_TEN_IND,2010,17,0.7503489723711374,8.294192189559153,0.4791519738925797
2010_18_BAL_KC,2010,18,0.44370398820173207,-2.2353553993583866,0.5225841505965827
2010_18_GB_PHI,2010,18,0.5487458662839356,1.251729206851135,0.5074384892253483
2010_18_NO_SEA,2010,18,0.25386967141038513,-9.075069198794164,0.5125551758691091
2010_18_NYJ_IND,2010,18,0.5573012397368671,1.003453825398292,0.5001020649604053
2010_19_BAL_PIT,2010,19,0.6194899274034933,3.296932889837352,0.4939993332507605
2010_19_GB_ATL,2010,19,0.5212888318334012,0.45374464404052617,0.4838618589137129
2010_19_NYJ_NE,2010,19,0.749518953589867,8.911452518755915,0.48261317637172807
2010_19_SEA_CHI,2010,19,0.7810763769798474,10.186091696918245,0.5054990736957806
2010_20_GB_CHI,2010,20,0.38767501034841123,-3.141048899989197,0.5106062147401589
2010_20_NYJ_PIT,2010,20,0.6415877165581719,3.743124432414173,0.49240945620832943
2010_21_PIT_GB,2010,21,0.5992852723009654,2.875448454535216,0.4963193946173201
2011_01_ATL_CHI,2011,1,0.4914908515994479,-0.7757177178275216,0.5066275236493505
2011_01_BUF_KC,2011,1,0.6215875905949935,3.40424865650732,0.4971704489592761
2011_01_CAR_ARI,2011,1,0.6946542429950283,6.232355707800815,0.4920912866636414
2011_01_CIN_CLE,2011,1,0.6959074476552214,5.670583568995759,0.47550509374131994
2011_01_DAL_NYJ,2011,1,0.6658320186117679,6.239207897279416,0.49229373885298
2011_01_DET_TB,2011,1,0.5305146903066288,0.6772211092994779,0.49046237934485054
2011_01_IND_HOU,2011,1,0.7331184817700038,7.663417736461097,0.4605667159443668
2011_01_MIN_SD,2011,1,0.7597634514598617,8.834114766672268,0.49509800237613916
2011_01_NE_MIA,2011,1,0.30548617603145256,-7.09357304297104,0.4972348189454079
2011_01_NO_GB,2011,1,0.6603089951268472,4.300600230077017,0.4941076958093779
2011_01_NYG_WAS,2011,1,0.477819085984849,-1.3548884621606847,0.4895137994562002
2011_01_OAK_DEN,2011,1,0.5912054124614587,2.6212569421771317,0.4888091258870443
2011_01_PHI_STL,2011,1,0.3887295078102792,-3.307457887012578,0.5056896730031912
2011_01_PIT_BAL,2011,1,0.5369496882157958,0.6645192253418781,0.49008713396541087
2011_01_SEA_SF,2011,1,0.6408947782127716,4.793378657808274,0.4643902135971627
2011_01_TEN_JAX,2011,1,0.48150253588171993,-1.0972036698250736,0.4971275319531007
2011_02_ARI_WAS,2011,2,0.6638168191135675,4.222154246868382,0.4917898819612557
2011_02_BAL_TEN,2011,2,0.31848683725096094,-5.843974102779307,0.48983622471196264
2011_02_CHI_NO,2011,2,0.6578648582863491,4.4265319226850055,0.49782893499048464
2011_02_CIN_DEN,2011,2,0.6255404358159679,3.769900386431645,0.5079753705969144
2011_02_CLE_IND,2011,2,0.49685586283597805,-0.8249931267551173,0.5051715322705961
2011_02_DAL_SF,2011,2,0.4392160036621715,-2.398110545563782,0.5177807129613539
2011_02_GB_CAR,2011,2,0.24622439579026945,-10.172917209727085,0.5096647695611636
2011_02_HOU_MIA,2011,2,0.41399041019480665,-3.1552497210165438,0.4954122731407074
2011_02_JAX_NYJ,2011,2,0.7311168733631309,8.09820412652417,0.4733705833778057
2011_02_KC_DET,2011,2,0.736851579317169,8.635447383321956,0.48922831269276384
2011_02_OAK_BUF,2011,2,0.6439215786851216,3.3606405667148596,0.4958818235030016
2011_02_PHI_ATL,2011,2,0.4388021222669518,-2.6110196707391418,0.4967192635999867
2011_02_SD_NE,2011,2,0.7060910129385531,6.387281166923363,0.49666905290193036
2011_02_SEA_PIT,2011,2,0.8157297497229932,13.347906788598413,0.49550554599696395
2011_02_STL_NYG,2011,2,0.706550505851008,6.9347304727621255,0.49807120943746536
2011_02_TB_MIN,2011,2,0.5387691346177836,1.113559233171881,0.5033557811244853
2011_03_ARI_SEA,2011,3,0.4005256405577323,-3.2473227449702406,0.49269170512160054
2011_03_ATL_TB,2011,3,0.5124543196126843,0.4451209830544175,0.48360723053859656
2011_03_BAL_STL,2011,3,0.3343513927014856,-5.386922045852704,0.5033415592142958
2011_03_DEN_TEN,2011,3,0.7059613364049161,6.463161441617679,0.4841399135202451
2011_03_DET_MIN,2011,3,0.39581735096782356,-3.0720699024880154,0.4978702522460621
2011_03_GB_CHI,2011,3,0.3687789876950841,-4.015272989801996,0.4995486636977485
2011_03_HOU_NO,2011,3,0.615774813622898,3.2772760275222077,0.49341852008619436
2011_03_JAX_CAR,2011,3,0.5993445682759033,3.033149736476833,0.4862067263692799
2011_03_KC_SD,2011,3,0.8539487524534763,13.361128089187769,0.4811275618065131
2011_03_MIA_CLE,2011,3,0.47733606187314703,-0.9993037649522989,0.500020574636852
2011_03_NE_BUF,2011,3,0.320181563244491,-6.805796164911409,0.5057387739809035
2011_03_NYG_PHI,2011,3,0.7364006105643404,7.55522518452654,0.4573864150943539
2011_03_NYJ_OAK,2011,3,0.47779649204383146,-0.6175056683962715,0.5113016850040037
2011_03_PIT_IND,2011,3,0.21525526097256975,-10.981833445644638,0.48576422741343167
2011_03_SF_CIN,2011,3,0.5359121809390839,1.3071959052759319,0.509077248845186
2011_03_WAS_DAL,2011,3,0.6103020083578238,3.105765091319376,0.48835150946096084
2011_04_ATL_SEA,2011,4,0.34588875754377846,-5.37196186940159,0.5185526383794307
2011_04_BUF_CIN,2011,4,0.4114025732642348,-2.929838531594019,0.5020733518665073
2011_04_CAR_CHI,2011,4,0.7178917818770312,6.446791334059855,0.48365654999687663
2011_04_DEN_GB,2011,4,0.8118059730225629,11.306287604330336,0.4795089290188713
2011_04_DET_DAL,2011,4,0.5699159776991904,2.297430408525725,0.49401403390571846
2011_04_IND_TB,2011,4,0.776134199521791,9.204011637698065,0.4764911473297721
2011_04_MIA_SD,2011,4,0.7175998521025385,6.553524236174144,0.5015817055476727
2011_04_MIN_KC,2011,4,0.40705341107809373,-3.0154344210314736,0.49954389320136594
2011_04_NE_OAK,2011,4,0.3581688415477461,-5.380803809144163,0.5182916263786039
2011_04_NO_JAX,2011,4,0.2744669146090412,-8.393781849669853,0.517908503477192
2011_04_NYG_ARI,2011,4,0.4899543952047073,-0.9146540068514464,0.5025220665431409
2011_04_NYJ_BAL,2011,4,0.6656031885205643,4.863183897625463,0.4959569782551351
2011_04_PIT_HOU,2011,4,0.6403945528073753,3.966484920505535,0.4990095875180077
2011_04_SF_PHI,2011,4,0.7670845109462783,9.53799493165887,0.5011227973828691
2011_04_TEN_CLE,2011,4,0.5471168960491729,1.0970163050852182,0.5028669313222522
2011_04_WAS_STL,2011,4,0.4060705171167469,-3.1207182251830643,0.49643266946419773
2011_05_ARI_MIN,2011,5,0.6376185687723199,3.561241699419486,0.5018097644018117
2011_05_CHI_DET,2011,5,0.6812851061929962,5.719641323832023,0.4769522380286906
2011_05_CIN_JAX,2011,5,0.4502460025679458,-1.0978168252403047,0.49710941289837995
2011_05_GB_ATL,2011,5,0.3208516681434671,-6.36632400583723,0.48917598505098014
2011_05_KC_IND,2011,5,0.5451910706058518,1.384424922192234,0.5113587134168456
2011_05_NO_CAR,2011,5,0.33097547609020084,-6.05671448229711,0.5130973008383216
2011_05_NYJ_NE,2011,5,0.7249898011522554,6.418887896456493,0.46808586900773996
2011_05_OAK_HOU,2011,5,0.6584147345553365,4.558409307752104,0.5017260644245176
2011_05_PHI_BUF,2011,5,0.42847156660087016,-3.1572041343131456,0.49535452159329857
2011_05_SD_DEN,2011,5,0.3923384112069675,-3.059287466297267,0.5130213066097123
2011_05_SEA_NYG,2011,5,0.779008525638365,9.746811325188308,0.4925183891690663
2011_05_TB_SF,2011,5,0.5883920280471402,2.3703151460731227,0.4961677055072317
2011_05_TEN_PIT,2011,5,0.620790401280975,3.048647588665823,0.5014375954041442
2011_06_BUF_NYG,2011,6,0.634413194203802,2.912769313166347,0.4974222394837236
2011_06_CAR_ATL,2011,6,0.6407639116455841,2.829123280228496,0.48018289108254153
2011_06_CLE_OAK,2011,6,0.7233418635915139,6.384527172979176,0.4965876717623481
2011_06_DAL_NE,2011,6,0.7095994043978602,6.0425772667507,0.48648515876206694
2011_06_HOU_BAL,2011,6,0.7152441312290456,6.761861489634272,0.49296306713824234
2011_06_IND_CIN,2011,6,0.6446844981813564,4.281180292432117,0.47876799057593755
2011_06_JAX_PIT,2011,6,0.8274291870245237,11.955733806632155,0.4839205932874068
2011_06_MIA_NYJ,2011,6,0.6989923886553391,6.229785719969751,0.4772515239759073
2011_06_MIN_CHI,2011,6,0.5371066396206532,0.5140742203454458,0.48564337136337804
2011_06_NO_TB,2011,6,0.3144759677033059,-6.167427982709747,0.49505241563094327
2011_06_PHI_WAS,2011,6,0.4273098635720547,-3.064270056217046,0.49810074474554517
2011_06_SF_DET,2011,6,0.6725985155863745,5.73384359268345,0.5069100319377704
2011_06_STL_GB,2011,6,0.8591506838146095,13.559558202689056,0.48698668973776343
2011_07_ATL_DET,2011,7,0.654649566620155,4.287372665723351,0.49371684987858
2011_07_BAL_JAX,2011,7,0.22900255218225934,-9.658344982611592,0.5100952654387789
2011_07_CHI_TB,2011,7,0.4585315872180289,-1.5990401451253964,0.4970732631907499
2011_07_DEN_MIA,2011,7,0.49977733146604697,-1.2554673684363824,0.4924510628042742
2011_07_GB_MIN,2011,7,0.23199342316934907,-9.797766610711506,0.5059760320059038
2011_07_HOU_TEN,2011,7,0.5711352214771155,2.160011043075655,0.47519325870663304
2011_07_IND_NO,2011,7,0.8500543453306248,12.938465501218424,0.4834107205925235
2011_07_KC_OAK,2011,7,0.6233970748353728,3.3026898819229253,0.4941694410309466
2011_07_PIT_ARI,2011,7,0.38048691748877506,-3.4083499991289306,0.5174784195085791
2011_07_SD_NYJ,2011,7,0.5101307175247349,-0.8329895781814373,0.5049352458568056
2011_07_SEA_CLE,2011,7,0.6286375571879971,2.755828211285685,0.49278480448574186
2011_07_STL_DAL,2011,7,0.8642770555806756,13.398809589795103,0.4822399241931703
2011_07_WAS_CAR,2011,7,0.5639748575349199,1.60487519322335,0.5030991650305967
2011_08_ARI_BAL,2011,8,0.8472190542571374,12.117835394629179,0.5034821425280629
2011_08_CIN_SEA,2011,8,0.4964043951993498,-0.8482096671252577,0.5044855041217502
2011_08_CLE_SF,2011,8,0.7824715550336546,8.908338942063772,0.49729131922087877
2011_08_DAL_PHI,2011,8,0.598219088835682,2.6324087485381558,0.48913855015287216
2011_08_DET_DEN,2011,8,0.4016977509262901,-2.767466911649163,0.5068713106342209
2011_08_IND_TEN,2011,8,0.7636452617952666,7.765395877866737,0.46356665994652096
2011_08_JAX_HOU,2011,8,0.7856183169571233,9.001072689729282,0.4705073348326853
2011_08_MIA_NYG,2011,8,0.8005415098622615,9.326704058656171,0.4948790237503332
2011_08_MIN_CAR,2011,8,0.6131620845485883,2.9045429902604996,0.4971791466803326
2011_08_NE_PIT,2011,8,0.3986343405617275,-3.126135462447971,0.4962725898604955
2011_08_NO_STL,2011,8,0.19881346132281857,-12.963201511763625,0.5158589032914511
2011_08_SD_KC,2011,8,0.3994414054114924,-3.4187524859048004,0.48762731214173705
2011_08_WAS_BUF,2011,8,0.6425778228452788,3.4772467433308183,0.48455583179486217
2011_09_ATL_IND,2011,9,0.2892231969224333,-6.628641328346794,0.4961985416124636
2011_09_BAL_PIT,2011,9,0.6115002338260678,2.9884737275471807,0.4848873602082342
2011_09_CHI_PHI,2011,9,0.7304528980147884,8.805366640235226,0.4942485343313057
2011_09_CIN_TEN,2011,9,0.570700935905285,1.4671670853367242,0.49902974630109415
2011_09_CLE_HOU,2011,9,0.8128407438258477,9.879906617784037,0.48168188838219106
2011_09_DEN_OAK,2011,9,0.7234421650233526,6.30845420996665,0.47957287077660876
2011_09_GB_SD,2011,9,0.3469639606741483,-5.294043668663306,0.5060860371365564
2011_09_MIA_KC,2011,9,0.6636498521194987,4.945524881451019,0.4983901948857937
2011_09_NYG_NE,2011,9,0.7710781444264733,8.638171834701332,0.4745491629224357
2011_09_NYJ_BUF,2011,9,0.5605963351733749,2.106116105139783,0.4883618779505788
2011_09_SEA_DAL,2011,9,0.7882296519537999,10.447157737889333,0.48366736861776993
2011_09_SF_WAS,2011,9,0.3477277463171113,-4.413673511312685,0.5173212525626892
2011_09_STL_ARI,2011,9,0.5360764690579387,0.834142155602313,0.4950988116929891
2011_09_TB_NO,2011,9,0.7776120553831073,8.527054931278494,0.4860267261477539
2011_10_ARI_PHI,2011,10,0.8325227154375889,13.414543886757285,0.4974746793322326
2011_10_BAL_SEA,2011,10,0.31763741240342563,-6.229897204883835,0.522745186858933
2011_10_BUF_DAL,2011,10,0.6519162542594731,4.52353238663144,0.5006954117949414
2011_10_DEN_KC,2011,10,0.6178546750648805,2.664064580928635,0.49007370279447393
2011_10_DET_CHI,2011,10,0.5793808162640609,2.4182897303552324,0.49758537168339473
2011_10_HOU_TB,2011,10,0.3686534603534175,-3.7999306394778207,0.4911373947845653
2011_10_JAX_IND,2011,10,0.40401483871593197,-3.329891592459499,0.49025225130717565
2011_10_MIN_GB,2011,10,0.829955698494587,12.014875968193024,0.48566704872063393
2011_10_NE_NYJ,2011,10,0.5657570669736729,2.381221978814426,0.4964900027202296
2011_10_NO_ATL,2011,10,0.5342722217435194,0.9304812685324841,0.4979456415785782
2011_10_NYG_SF,2011,10,0.6652027094059878,4.092364442486134,0.5027294662101269
2011_10_OAK_SD,2011,10,0.7008369158362541,6.693859117470709,0.4761916550909233
2011_10_PIT_CIN,2011,10,0.39371232926875244,-3.5507787903209804,0.4984994252860267
2011_10_STL_CLE,2011,10,0.5662821254127139,2.4097303308456355,0.4973324356069694
2011_10_TEN_CAR,2011,10,0.6162699517627076,3.342576478495179,0.495348038861121
2011_10_WAS_MIA,2011,10,0.6271608226335503,3.340305856755455,0.48051294949707873
2011_11_ARI_SF,2011,11,0.7873586290681616,9.059268393731113,0.4722226590520918
2011_11_BUF_MIA,2011,11,0.5767583844232321,2.3851567996119165,0.48183687577295203
2011_11_CAR_DET,2011,11,0.7264809414692499,6.263187570299686,0.47823705479792117
2011_11_CIN_BAL,2011,11,0.6958539040366194,5.606516704643704,0.45889379268708524
2011_11_DAL_WAS,2011,11,0.29327079080309904,-6.58585206439474,0.5122366822311103
2011_11_JAX_CLE,2011,11,0.530537658596342,0.8998333883161991,0.49703997556807117
2011_11_KC_NE,2011,11,0.8980609725730946,17.36654856585437,0.510830648540818
2011_11_NYJ_DEN,2011,11,0.32673912960892204,-6.06004706598766,0.5129988714039605
2011_11_OAK_MIN,2011,11,0.5532661316614571,1.1171278341436361,0.5034612340017433
2011_11_PHI_NYG,2011,11,0.6459591557350165,5.116958571233575,0.47392359156950614
2011_11_SD_CHI,2011,11,0.6868168356373783,4.665754739024918,0.5048981416410654
2011_11_SEA_STL,2011,11,0.5971890552919519,2.8818208153012685,0.4965076984234544
2011_11_TB_GB,2011,11,0.8440151429378719,13.037053972383728,0.48632203314603406
2011_11_TEN_ATL,2011,11,0.6780378302755885,5.56624394380574,0.48718415841184015
2011_12_ARI_STL,2011,12,0.5623538271808249,0.8221395651552486,0.4947441485329315
2011_12_BUF_NYJ,2011,12,0.7539289925399646,8.354813427793294,0.4661988140815741
2011_12_CAR_IND,2011,12,0.39092935642423593,-3.7320473460529735,0.4931430415476628
2011_12_CHI_OAK,2011,12,0.6007782781230413,3.1036444823251412,0.5030627970328028
2011_12_CLE_CIN,2011,12,0.6739535888512695,5.468092796569721,0.4695354899944088
2011_12_DEN_SD,2011,12,0.6374336738658097,3.637158994466991,0.4745192931968492
2011_12_GB_DET,2011,12,0.3742969085035047,-4.190644954441073,0.49436638481446915
2011_12_HOU_JAX,2011,12,0.29975881023807427,-6.408366025010648,0.48793410136268095
2011_12_MIA_DAL,2011,12,0.7044513815119735,6.896383008631426,0.49693801533621773
2011_12_MIN_ATL,2011,12,0.8023352849797207,9.759088837385278,0.4928811446109375
2011_12_NE_PHI,2011,12,0.4145856696297945,-3.1391889655719205,0.4958868607740594
2011_12_NYG_NO,2011,12,0.7102974685355459,7.038061875774096,0.5011247756593157
2011_12_PIT_KC,2011,12,0.23439654609191968,-10.197264580708156,0.5089454694038951
2011_12_SF_BAL,2011,12,0.6195821968034674,3.182373189411605,0.5053891972714806
2011_12_TB_TEN,2011,12,0.6275958849458179,3.205482247937784,0.5060720289917945
2011_12_WAS_SEA,2011,12,0.596498282746723,2.9136379181122254,0.4974479073411924
2011_13_ATL_HOU,2011,13,0.484795147480527,-0.7199358387845929,0.5082756608431702
2011_13_BAL_CLE,2011,13,0.3005137174462973,-7.230327708484135,0.4931938515880077
2011_13_CAR_TB,2011,13,0.4615029158035553,-1.259916004464882,0.4923196238637103
2011_13_CIN_PIT,2011,13,0.6993176750055274,5.702553423950223,0.46171773485728246
2011_13_DAL_ARI,2011,13,0.36397281596836517,-4.0480174724954585,0.49858102521591824
2011_13_DEN_MIN,2011,13,0.56617223869402,1.3453403473462564,0.5102041364081902
2011_13_DET_NO,2011,13,0.7509070309017478,9.463885088352136,0.49893275940561055
2011_13_GB_NYG,2011,13,0.2896252883341599,-7.121169830721448,0.4964193244780183
2011_13_IND_NE,2011,13,0.8901253113587786,20.036048334522505,0.48629233276636297
2011_13_KC_CHI,2011,13,0.7528574741403045,8.817082425088197,0.49459471691241436
2011_13_NYJ_WAS,2011,13,0.4050041010764756,-2.8667997219633503,0.5039361748507636
2011_13_OAK_MIA,2011,13,0.6132740038243985,3.517348279918112,0.5005126637367945
2011_13_PHI_SEA,2011,13,0.43412596581270024,-2.6321779289570735,0.5108682683314765
2011_13_SD_JAX,2011,13,0.4304205219163156,-2.564519567013211,0.5128667727289666
2011_13_STL_SF,2011,13,0.8575639631196448,14.013865836281816,0.5004097531387668
2011_13_TEN_BUF,2011,13,0.5238821288412461,0.829590309881779,0.4949643092578887
2011_14_ATL_CAR,2011,14,0.41905863048176817,-2.9881404059417336,0.5003504661399766
2011_14_BUF_SD,2011,14,0.7290216808756425,7.207676350668714,0.5061368599452026
2011_14_CHI_DEN,2011,14,0.6128598111355388,3.7245074032053807,0.506634175345087
2011_14_CLE_PIT,2011,14,0.8564927071842688,13.910244605832604,0.4973476327533085
2011_14_HOU_CIN,2011,14,0.5885511778799017,2.7307162217410275,0.5068176278023417
2011_14_IND_BAL,2011,14,0.8767832572857543,16.26090688052556,0.492934861623405
2011_14_KC_NYJ,2011,14,0.814377046417142,10.67819636244025,0.5052657776943668
2011_14_MIN_DET,2011,14,0.7919605670019403,9.151944148486841,0.47495533709463045
2011_14_NE_WAS,2011,14,0.29092891223821193,-6.864108590864598,0.5187844586666917
2011_14_NO_TEN,2011,14,0.3899287281215391,-3.3675498327964135,0.5039140091883743
2011_14_NYG_DAL,2011,14,0.6495059734048503,4.39839075005827,0.4969973449513927
2011_14_OAK_GB,2011,14,0.8324401849870713,11.553867683597302,0.5015918547783672
2011_14_PHI_MIA,2011,14,0.5782502350760699,2.9425266556457137,0.49830159423719433
2011_14_SF_ARI,2011,14,0.37512541986635584,-3.7411687380882,0.49287353413917623
2011_14_STL_SEA,2011,14,0.7600808011836959,9.383567635747525,0.5113333897514473
2011_14_TB_JAX,2011,14,0.4360370464709692,-2.548308502817757,0.5133455718573017
2011_15_BAL_SD,2011,15,0.483569010825769,-1.3742104959864205,0.4889430168172747
2011_15_CAR_HOU,2011,15,0.6760242336130615,4.345587927215906,0.4954370250902356
2011_15_CIN_STL,2011,15,0.29521334261592647,-7.1628813996921545,0.4951867629244576
2011_15_CLE_ARI,2011,15,0.6639877591414914,5.597461919632869,0.4881062469294605
2011_15_DAL_TB,2011,15,0.2869535265611955,-7.0030950194413135,0.49990853821459347
2011_15_DET_OAK,2011,15,0.4844945491141893,-0.4341918944711086,0.5167154599203969
2011_15_GB_KC,2011,15,0.2252711051801613,-10.414088732777202,0.5173089937960524
2011_15_JAX_ATL,2011,15,0.8401644349343409,13.56215689687446,0.4870634438581667
2011_15_MIA_BUF,2011,15,0.494870669431858,-0.6799513586718728,0.509456961155336
2011_15_NE_DEN,2011,15,0.31484713258390906,-6.27906841468023,0.5212943294495078
2011_15_NO_MIN,2011,15,0.29649763973182003,-6.584972808408118,0.5122626531213182
2011_15_NYJ_PHI,2011,15,0.5983602348947141,2.7016489563170207,0.4911840624038357
2011_15_PIT_SF,2011,15,0.6043653189953727,3.279947704378482,0.5082722201347409
2011_15_SEA_CHI,2011,15,0.6407007356474101,3.4554715353599943,0.4986841292581264
2011_15_TEN_IND,2011,15,0.3113769845318861,-6.241104420094175,0.5076502268508607
2011_15_WAS_NYG,2011,15,0.6737280620573838,4.803484463227797,0.4794262023470342
2011_16_ARI_CIN,2011,16,0.6525371076736926,3.5149155869762065,0.5004407745978653
2011_16_ATL_NO,2011,16,0.7170387890900622,6.645705650766758,0.48953135019847605
2011_16_CHI_GB,2011,16,0.8349149690314245,12.745884035316386,0.49249099140292496
2011_16_CLE_BAL,2011,16,0.7928512919159652,9.651524219353945,0.4749429521243952
2011_16_DEN_BUF,2011,16,0.45827671404450876,-1.9520809042654166,0.5309362801384415
2011_16_HOU_IND,2011,16,0.2874267829481465,-7.668246378179802,0.4802605254990485
2011_16_JAX_TEN,2011,16,0.7472458903263255,7.744124108781884,0.4776745654094622
2011_16_MIA_NE,2011,16,0.7402132255796718,6.814794728155258,0.4797599977745396
2011_16_MIN_WAS,2011,16,0.7022128722986174,6.175541212797885,0.5051873213575562
2011_16_NYG_NYJ,2011,16,0.591752345532267,1.8136630982051705,0.5092683121526407
2011_16_OAK_KC,2011,16,0.5928096536392633,2.995685512225095,0.49987250136574934
2011_16_PHI_DAL,2011,16,0.46927449038011126,-1.4089150572123705,0.5026916562289958
2011_16_SD_DET,2011,16,0.5323917103812152,-0.28054920684735263,0.5212506323697619
2011_16_SF_SEA,2011,16,0.4499208508147515,-1.6863407130699744,0.4944935682582241
2011_16_STL_PIT,2011,16,0.7971711337990092,10.088164589566787,0.5026053579551518
2011_16_TB_CAR,2011,16,0.7387917024743513,8.524770282950508,0.4859592534833092
2011_17_BAL_CIN,2011,17,0.4169718160658975,-2.5305762446589433,0.49909643360434564
2011_17_BUF_NE,2011,17,0.8044415080384231,9.403183755790417,0.48236905921684914
2011_17_CAR_NO,2011,17,0.7330585502850747,6.676899649106291,0.49045288250226954
2011_17_CHI_MIN,2011,17,0.5401196780409074,1.0908219110675539,0.48791011483278846
2011_17_DAL_NYG,2011,17,0.6020140313807862,3.0418113306485055,0.5012355763650835
2011_17_DET_GB,2011,17,0.3322487786601701,-6.242962042153159,0.5075953417625483
2011_17_IND_JAX,2011,17,0.5903532430058639,2.652497164538143,0.48973198033638815
2011_17_KC_DEN,2011,17,0.5419120019425518,0.9690879122956623,0.49908650903820134
2011_17_NYJ_MIA,2011,17,0.5408945805800853,1.1388791464490424,0.4893296890638169
2011_17_PIT_CLE,2011,17,0.28627447681341633,-7.366063182394977,0.48918368988246946
2011_17_SD_OAK,2011,17,0.5577333827012517,2.071017816135273,0.4873251604484257
2011_17_SEA_ARI,2011,17,0.5496032881843148,1.9468477288048052,0.48365821513525653
2011_17_SF_STL,2011,17,0.22139589110265318,-11.775316009016404,0.5214050590132017
2011_17_TB_ATL,2011,17,0.7858799686405569,9.081942828194643,0.4728911315448021
2011_17_TEN_HOU,2011,17,0.46649013046585064,-1.1377969198907638,0.4959279953411869
2011_17_WAS_PHI,2011,17,0.7074274090182967,6.252881908020583,0.4779329689080632
2011_18_ATL_NYG,2011,18,0.5833754378299091,2.9112133823039237,0.49737626071217306
2011_18_CIN_HOU,2011,18,0.6361534011382839,3.5703958191162846,0.48730678893140156
2011_18_DET_NO,2011,18,0.7871006921475355,10.39818463898267,0.496991254278151
2011_18_PIT_DEN,2011,18,0.29918302817282244,-6.9191948480064935,0.5171582423671723
2011_19_DEN_NE,2011,19,0.8346675821576743,14.179376608752108,0.5053006524251689
2011_19_HOU_BAL,2011,19,0.7411380960598815,7.612616400361266,0.5033279201856299
2011_19_NO_SF,2011,19,0.41609616262844373,-2.9135025153482053,0.5173263009472915
2011_19_NYG_GB,2011,19,0.7436521798103282,8.029324910477378,0.4860937659840642
2011_20_BAL_NE,2011,20,0.7221151412775029,6.7955723037182985,0.4939591307683012
2011_20_NYG_SF,2011,20,0.5909746654939848,2.1980732546396826,0.505853108213434
2011_21_NYG_NE,2011,21,0.6184271703899793,3.178677013594435,0.5052799803105448
2012_01_ATL_KC,2012,1,0.47101800500467644,-0.7866276690305629,0.5063051629872184
2012_01_BUF_NYJ,2012,1,0.566678233305914,2.3402874144587367,0.48051240515393123
2012_01_CAR_TB,2012,1,0.4250484135396662,-2.8371636639541045,0.50481190548401
2012_01_CIN_BAL,2012,1,0.6812301794046481,5.631513890583297,0.45962863653504454
2012_01_DAL_NYG,2012,1,0.6102801604690592,2.829085192149413,0.48018176692007497
2012_01_IND_CHI,2012,1,0.7685428736065707,9.192084954718036,0.47613931990753394
2012_01_JAX_MIN,2012,1,0.6170504851015549,3.335928143651866,0.49515158598568126
2012_01_MIA_HOU,2012,1,0.832731731157405,12.21243688515809,0.4767396963219232
2012_01_NE_TEN,2012,1,0.3643965304038419,-4.353872878031592,0.5043181591789422
2012_01_PHI_CLE,2012,1,0.27225456384175545,-8.767703815494565,0.5068643108597439
2012_01_PIT_DEN,2012,1,0.5989760275936576,2.642298396087668,0.5042050218841347
2012_01_SD_OAK,2012,1,0.5244529416854198,0.4878272661769869,0.484868270173442
2012_01_SEA_ARI,2012,1,0.4658250164115051,-0.9637126312725702,0.5010723369035175
2012_01_SF_GB,2012,1,0.6895692549891317,5.937557468501912,0.49815474984550606
2012_01_STL_DET,2012,1,0.7494075418152518,8.691142226532467,0.4908736536044578
2012_01_WAS_NO,2012,1,0.766712694760408,9.06035788997713,0.4870103089699355
2012_02_ARI_NE,2012,2,0.8353978487349889,12.878954129732227,0.49642298752069736
2012_02_BAL_PHI,2012,2,0.6014710713464166,3.2889150949577455,0.5085371591899412
2012_02_CHI_GB,2012,2,0.6653494468313375,4.787262623384191,0.4937135983901292
2012_02_CLE_CIN,2012,2,0.7002673709707804,6.648112422371238,0.489602449057289
2012_02_DAL_SEA,2012,2,0.4051021970749007,-2.9616799299886036,0.5011324055989927
2012_02_DEN_ATL,2012,2,0.6076712024801163,3.215723791122698,0.5063746428697796
2012_02_DET_SF,2012,2,0.7137488519786357,7.1215631231093575,0.5035922973458106
2012_02_HOU_JAX,2012,2,0.3228884741577175,-6.202733844509347,0.5087838855612349
2012_02_KC_BUF,2012,2,0.6014954300487041,2.756720783150232,0.4928111768286341
2012_02_MIN_IND,2012,2,0.4107242550966381,-3.299225699714845,0.49115822152831684
2012_02_NO_CAR,2012,2,0.4240959082015191,-3.0731952250356334,0.49783699800564274
2012_02_NYJ_PIT,2012,2,0.6482919009336269,4.459080511109503,0.4987907785767247
2012_02_OAK_MIA,2012,2,0.4802153624547941,-0.6985689964759733,0.5089069318975314
2012_02_TB_NYG,2012,2,0.7400784066942628,8.667493222542713,0.4901749924969197
2012_02_TEN_SD,2012,2,0.7099746666833683,6.415559041644906,0.497504677864676
2012_02_WAS_STL,2012,2,0.37686167896857875,-3.755840333496348,0.4924400431854632
2012_03_ATL_SD,2012,3,0.6213185477311695,3.0918722928356095,0.5027149228965702
2012_03_BUF_CLE,2012,3,0.43517357584538163,-2.566669936262049,0.4980298260523608
2012_03_CIN_WAS,2012,3,0.6028136655954586,2.4722778225418174,0.48440910491942074
2012_03_DET_TEN,2012,3,0.36535751985474524,-3.751857464032881,0.49255772126994896
2012_03_GB_SEA,2012,3,0.4088989838837,-2.982069474273312,0.5005298698310409
2012_03_HOU_DEN,2012,3,0.4678423138892688,-1.308236270140685,0.49089201502698643
2012_03_JAX_IND,2012,3,0.6029760554424981,2.8932751081474235,0.49684617568587364
2012_03_KC_NO,2012,3,0.7595807325415822,8.852168204226494,0.4956314685136408
2012_03_NE_BAL,2012,3,0.5771666415473107,2.080455091942875,0.487603906336916
2012_03_NYG_CAR,2012,3,0.5803168927103963,2.1949674922071343,0.4909866658862285
2012_03_NYJ_MIA,2012,3,0.4490231919384089,-2.2939387333145693,0.506089137749399
2012_03_PHI_ARI,2012,3,0.43216787053356187,-2.256283204235305,0.5219666715409909
2012_03_PIT_OAK,2012,3,0.36802833112180267,-3.2560964137409067,0.5072072710832505
2012_03_SF_MIN,2012,3,0.3187671969779883,-5.96071152450011,0.5159324271853843
2012_03_STL_CHI,2012,3,0.7000424500493985,6.217796922607945,0.47689782480959975
2012_03_TB_DAL,2012,3,0.7163046134402768,6.774482436365577,0.4933359772674248
2012_04_CAR_ATL,2012,4,0.7192498022005107,6.606534237928559,0.4883742290570893
2012_04_CHI_DAL,2012,4,0.5911099165324055,2.658757203368341,0.4899169123164915
2012_04_CIN_JAX,2012,4,0.5326408485180818,1.038259897944308,0.5011306274445405
2012_04_CLE_BAL,2012,4,0.8188932722682675,10.9843632215347,0.4847659773634693
2012_04_MIA_ARI,2012,4,0.6372524765749041,3.4570006123210106,0.4839579986764587
2012_04_MIN_DET,2012,4,0.6334455670857058,3.2472425222285413,0.4925311293565547
2012_04_NE_BUF,2012,4,0.38807249377072717,-3.250027424533395,0.5073865874803642
2012_04_NO_GB,2012,4,0.7318476015175583,7.306272007596023,0.4942752863281742
2012_04_NYG_PHI,2012,4,0.5314655121807835,1.211916763954667,0.4914874176930706
2012_04_OAK_DEN,2012,4,0.6985782583548481,5.743116985865713,0.47764485031482307
2012_04_SD_KC,2012,4,0.4504768658403646,-2.1455959059186154,0.5104718917852686
2012_04_SEA_STL,2012,4,0.4549516287601957,-1.621623490074572,0.5111800464112711
2012_04_SF_NYJ,2012,4,0.4148295498111173,-2.9171038306498103,0.5172199772401391
2012_04_TEN_HOU,2012,4,0.8437500904636925,11.961329185102269,0.46933620349045635
2012_04_WAS_TB,2012,4,0.5546796266822318,1.2438759780309785,0.4924316613349232
2012_05_ARI_STL,2012,5,0.4774208420944025,-1.0691950419422636,0.49795520689214523
2012_05_ATL_WAS,2012,5,0.4002889585111955,-3.232158503042155,0.4931397572017984
2012_05_BAL_KC,2012,5,0.3075193179373663,-5.8878924745688135,0.5033128828009318
2012_05_BUF_SF,2012,5,0.8059830534645854,10.425326803640917,0.5125668724468648
2012_05_CHI_JAX,2012,5,0.33312344767795055,-5.698550296078888,0.5089074843804566
2012_05_CLE_NYG,2012,5,0.7589544495938989,6.658744659579945,0.4751559079344364
2012_05_DEN_NE,2012,5,0.7039361988060036,5.994420336749782,0.4998351138135156
2012_05_GB_IND,2012,5,0.3273584646622471,-6.491125222957107,0.5002622610027061
2012_05_HOU_NYJ,2012,5,0.2567233796697981,-8.88628418032192,0.5181298431552155
2012_05_MIA_CIN,2012,5,0.5821958743704736,2.47358021744155,0.48444756303375774
2012_05_PHI_PIT,2012,5,0.6348932798756988,3.773559676706925,0.4933087123584409
2012_05_SD_NO,2012,5,0.6352777803207796,4.117470853578482,0.518240693906427
2012_05_SEA_CAR,2012,5,0.5466453665715207,1.0977113348711898,0.5028874698079238
2012_05_TEN_MIN,2012,5,0.6786603562932106,5.656095451691469,0.4898382794686501
2012_06_BUF_ARI,2012,6,0.6713286147343911,4.435291079939749,0.4833169939559548
2012_06_CIN_CLE,2012,6,0.4732021273421838,-1.1357973985288488,0.4959870807232976
2012_06_DAL_BAL,2012,6,0.6071749914394666,2.602981942472007,0.48826929915974265
2012_06_DEN_SD,2012,6,0.5278864714324167,0.6008845335334889,0.48820734497979223
2012_06_DET_PHI,2012,6,0.6111765415023692,3.156350571609457,0.48984581614475875
2012_06_GB_HOU,2012,6,0.6445505562605574,3.880302975537479,0.49646284605633556
2012_06_IND_NYJ,2012,6,0.6186077856138099,2.8931497925992944,0.48207283726929995
2012_06_KC_TB,2012,6,0.6642422800957433,4.846132989852838,0.4954531313389735
2012_06_MIN_WAS,2012,6,0.4642235167163383,-1.703178134843416,0.4939960527006848
2012_06_NE_SEA,2012,6,0.4077981153732264,-2.9755823682725913,0.5154933156406659
2012_06_NYG_SF,2012,6,0.7373359571606994,7.309917380839816,0.5091576509278091
2012_06_OAK_ATL,2012,6,0.78622472891105,9.63789099657416,0.4893004984442515
2012_06_PIT_TEN,2012,6,0.3180056100790407,-5.80505013679323,0.49098614505967664
2012_06_STL_MIA,2012,6,0.6381768904986898,4.660307629829108,0.475202006281296
2012_07_ARI_MIN,2012,7,0.6987937947726772,6.721747175115185,0.4917778550211014
2012_07_BAL_HOU,2012,7,0.6803247671218593,6.205810351741511,0.4913070073546195
2012_07_CLE_IND,2012,7,0.5368141678787552,0.8060435018581276,0.4942685343871912
2012_07_DAL_CAR,2012,7,0.42818455583808573,-2.974160531236717,0.4859908297660298
2012_07_DET_CHI,2012,7,0.6985459913129006,6.486253194728248,0.4995937643781044
2012_07_GB_STL,2012,7,0.376492687073835,-3.5896280586964457,0.5121251487841696
2012_07_JAX_OAK,2012,7,0.69475205227505,5.634580495532223,0.48920270440978003
2012_07_NO_TB,2012,7,0.4794656024780862,-1.0622263667299243,0.4981611377230072
2012_07_NYJ_NE,2012,7,0.8058876812457184,9.847334116735727,0.46597858985362683
2012_07_PIT_CIN,2012,7,0.473406834395286,-1.488917921035384,0.48555500736989854
2012_07_SEA_SF,2012,7,0.7070117655093981,6.364859263962707,0.4664946245141654
2012_07_TEN_BUF,2012,7,0.6240137281721283,3.310767554087501,0.47964114372117483
2012_07_WAS_NYG,2012,7,0.6997612026847437,5.684840784887738,0.47592563186758247
2012_08_ATL_PHI,2012,8,0.5672104438559771,1.512480568811192,0.5003688167313335
2012_08_CAR_CHI,2012,8,0.7323222338921189,6.796735733022313,0.4939935076742403
2012_08_IND_TEN,2012,8,0.6188578956026056,3.1772524654617933,0.4904633056947901
2012_08_JAX_GB,2012,8,0.8739157111410611,14.976333087424756,0.4993006127972963
2012_08_MIA_NYJ,2012,8,0.5380811054158192,1.0349631872022484,0.5010332057807241
2012_08_NE_STL,2012,8,0.2911663121261546,-7.737874458557963,0.4929708689945721
2012_08_NO_DEN,2012,8,0.694940753947795,6.27335423457306,0.508077415572403
2012_08_NYG_DAL,2012,8,0.432698272078777,-1.7628021794194881,0.4922343496817518
2012_08_OAK_KC,2012,8,0.5297239364917223,0.7513392157929829,0.4926521710203563
2012_08_SD_CLE,2012,8,0.4421844314847674,-2.5803669406848435,0.49762506805842266
2012_08_SEA_DET,2012,8,0.6042772366016251,2.8262008522115787,0.4948641545844718
2012_08_SF_ARI,2012,8,0.30087216225001345,-7.09688117272232,0.49713706190907336
2012_08_TB_MIN,2012,8,0.6601146471662773,5.097470559270284,0.502880354766628
2012_08_WAS_PIT,2012,8,0.6551029140978385,4.033060588140287,0.48620409349689403
2012_09_ARI_GB,2012,9,0.8028206994414776,10.37761557121707,0.49638343301086474
2012_09_BAL_CLE,2012,9,0.37931934577007376,-3.714582263312567,0.4936590864543555
2012_09_BUF_HOU,2012,9,0.8098336906269523,10.462206318276499,0.4841117107502802
2012_09_CAR_WAS,2012,9,0.6188608641664843,3.0669845610383013,0.5019794713985926
2012_09_CHI_TEN,2012,9,0.3346970265926559,-4.726675144643589,0.4933017740640652
2012_09_DAL_ATL,2012,9,0.6436394464693969,4.012943566186715,0.5003824988903641
2012_09_DEN_CIN,2012,9,0.35764959000980934,-4.68092325199242,0.5094282485090869
2012_09_DET_JAX,2012,9,0.3204349722225702,-6.405970876752969,0.48800484887393525
2012_09_KC_SD,2012,9,0.7175393775801802,7.2476670377346535,0.4925436721382629
2012_09_MIA_IND,2012,9,0.41835607624008453,-2.821369445040968,0.4905040184166009
2012_09_MIN_SEA,2012,9,0.6366042919707693,3.8571319710537426,0.4810096043888759
2012_09_PHI_NO,2012,9,0.5840009714194982,2.4575818602620827,0.4987464917368487
2012_09_PIT_NYG,2012,9,0.6249914587252929,3.346081119348789,0.49545159859877463
2012_09_TB_OAK,2012,9,0.5399575653912321,0.7767917378108878,0.4934042106571061
2012_10_ATL_NO,2012,10,0.47104120491570123,-1.336097168436378,0.4900689243740791
2012_10_BUF_NE,2012,10,0.8363305388969666,12.672027064107798,0.47554767057723324
2012_10_DAL_PHI,2012,10,0.45856299521789445,-1.2981635594153378,0.4911896014519421
2012_10_DEN_CAR,2012,10,0.3856049986664678,-3.6640424240980756,0.49515245568212374
2012_10_DET_MIN,2012,10,0.40775118816406597,-2.891927386003416,0.503193649968299
2012_10_HOU_CHI,2012,10,0.5388833023376487,0.9333283764760154,0.4980297761922189
2012_10_IND_JAX,2012,10,0.38425351882358616,-3.7832844407611264,0.4768659228070221
2012_10_KC_PIT,2012,10,0.836153847981201,12.842096219936376,0.5101082993587546
2012_10_NYG_CIN,2012,10,0.36700303431004255,-4.080270662589844,0.4828575378813745
2012_10_NYJ_SEA,2012,10,0.6656146115575999,4.921323861685528,0.49767503256587486
2012_10_OAK_BAL,2012,10,0.7641928059016209,9.826597642375463,0.5096504370208642
2012_10_SD_TB,2012,10,0.6205047888347146,3.105494919562168,0.5031174781812964
2012_10_STL_SF,2012,10,0.8393947314229921,13.107964562235669,0.4884164790875957
2012_10_TEN_MIA,2012,10,0.7102731403550863,6.3742696193748865,0.4962845600260537
2012_11_ARI_ATL,2012,11,0.7767160091235437,9.21545009146989,0.49159180856314133
2012_11_BAL_PIT,2012,11,0.3928790506987251,-3.5058871664103655,0.48505388474010497
2012_11_CHI_SF,2012,11,0.6101212354748646,3.350505561524269,0.4955823382725924
2012_11_CIN_KC,2012,11,0.3995181017699022,-2.919807232006316,0.502369785006613
2012_11_CLE_DAL,2012,11,0.7151853433527156,6.562369556522816,0.48706972492023565
2012_11_GB_DET,2012,11,0.3976419782799009,-3.1608437216715597,0.4952469745901549
2012_11_IND_NE,2012,11,0.7962408845627291,9.73541319681482,0.4921816218248679
2012_11_JAX_HOU,2012,11,0.8749919661718798,14.484217734360733,0.48476168116710117
2012_11_MIA_BUF,2012,11,0.5318504473407071,0.5620373936085232,0.48705991424106665
2012_11_NO_OAK,2012,11,0.3438647065727467,-5.6195852896908765,0.5112402540608167
2012_11_NYJ_STL,2012,11,0.6032048604920947,3.1396825720381125,0.489353422844441
2012_11_PHI_WAS,2012,11,0.6125531855803961,2.9823905786758917,0.48470772591133715
2012_11_SD_DEN,2012,11,0.7224864427878928,6.725119608394684,0.47711386000132106
2012_11_TB_CAR,2012,11,0.47866674627254524,-1.159870282918408,0.495275738922027
2012_12_ATL_TB,2012,12,0.463553057245389,-1.2626564073839806,0.49223865661629657
2012_12_BAL_SD,2012,12,0.5105028849248758,-0.5682510031994594,0.5127565608794179
2012_12_BUF_IND,2012,12,0.5748549004884538,2.229072084974298,0.5067690485007234
2012_12_CAR_PHI,2012,12,0.40233961114908234,-3.1600049430042856,0.4952717598233771
2012_12_DEN_KC,2012,12,0.24479028674422798,-9.293133894716062,0.5208792572974978
2012_12_GB_NYG,2012,12,0.5492769291207453,0.6978162073704661,0.491070827779311
2012_12_HOU_DET,2012,12,0.37334668002627597,-4.370864217328886,0.4742826853029541
2012_12_MIN_CHI,2012,12,0.6893862381580261,6.145356575810991,0.48952103814202835
2012_12_NE_NYJ,2012,12,0.26969548719241754,-7.381622454156665,0.48872406977469063
2012_12_OAK_CIN,2012,12,0.7729220900540494,9.361842365596418,0.49591733632234014
2012_12_PIT_CLE,2012,12,0.4703499177720607,-1.0285234791139153,0.49915709530842267
2012_12_SEA_MIA,2012,12,0.41637596595667153,-2.4943133450125226,0.5149401940478857
2012_12_SF_NO,2012,12,0.4852776448391056,-0.8904771823060633,0.5032365039521561
2012_12_STL_ARI,2012,12,0.513626087419714,0.4052376695845903,0.4824296959192384
2012_12_TEN_JAX,2012,12,0.40168179043251506,-3.497916022751176,0.500061584195011
2012_12_WAS_DAL,2012,12,0.628179654427153,3.3486144444170756,0.4955264568112815
2012_13_ARI_NYJ,2012,13,0.7165612156010801,6.415850526909456,0.5122869722161115
2012_13_CAR_KC,2012,13,0.36121249791495824,-4.682262221089887,0.5093886912624609
2012_13_CIN_SD,2012,13,0.5534606767817234,0.9363248780647258,0.49811832561771
2012_13_CLE_OAK,2012,13,0.45495140689167013,-2.447230826384649,0.5015593926554678
2012_13_HOU_TEN,2012,13,0.288159289060927,-7.25129932964058,0.4925742119919754
2012_13_IND_DET,2012,13,0.72160060772015,6.777491144483718,0.4934248762035153
2012_13_JAX_BUF,2012,13,0.6723256387270191,5.579694641670505,0.4875814449269386
2012_13_MIN_GB,2012,13,0.7307929889965052,5.819643961801123,0.4651633595710345
2012_13_NE_MIA,2012,13,0.2776244718147096,-7.035577083406486,0.49894865286255063
2012_13_NO_ATL,2012,13,0.6106932424074217,3.0011930065318553,0.4852629681071505
2012_13_NYG_WAS,2012,13,0.4183895295106147,-3.109628785162518,0.48199081003707744
2012_13_PHI_DAL,2012,13,0.8005858152620163,10.114612599703479,0.4886128556814017
2012_13_PIT_BAL,2012,13,0.6985730631502135,6.414888994213285,0.4827146327218298
2012_13_SEA_CHI,2012,13,0.6157642048858769,2.9014480897037718,0.49708769076855636
2012_13_SF_STL,2012,13,0.30590996709785545,-6.053362157733632,0.5279514518751649
2012_13_TB_DEN,2012,13,0.7626243640115289,9.177211175746354,0.4904620858795372
2012_14_ARI_SEA,2012,14,0.7927944608443755,9.964738856979412,0.48418649142965225
2012_14_ATL_CAR,2012,14,0.38555419863736334,-3.224476452416405,0.49336673916389423
2012_14_BAL_WAS,2012,14,0.5197334760181258,0.8794662439188721,0.4964381205446775
2012_14_CHI_MIN,2012,14,0.44489741955585466,-1.2913454847449335,0.4913910362650267
2012_14_DAL_CIN,2012,14,0.6267561332378142,3.5519775402218645,0.5015359990514237
2012_14_DEN_OAK,2012,14,0.22773460297091047,-9.854523784821943,0.5042989251718948
2012_14_DET_GB,2012,14,0.6687132808694178,5.333459307262373,0.48031086913031135
2012_14_HOU_NE,2012,14,0.6843362258741923,5.824344967271829,0.5095838869318414
2012_14_KC_CLE,2012,14,0.716880621349593,6.807533375159352,0.4943125575413868
2012_14_MIA_SF,2012,14,0.8064490011310816,10.802312143414298,0.508932964200177
2012_14_NO_NYG,2012,14,0.6563020883244954,3.9759061996270737,0.49928799773618293
2012_14_NYJ_JAX,2012,14,0.4078509989036114,-2.995610056397643,0.5001297284504217
2012_14_PHI_TB,2012,14,0.7366201339943288,7.314975252156463,0.4797653256245266
2012_14_SD_PIT,2012,14,0.733993765270482,6.990673660830368,0.49972439476146846
2012_14_STL_BUF,2012,14,0.6171682740353308,3.2453807054928068,0.49247612000243873
2012_14_TEN_IND,2012,14,0.6106231851025823,2.7878105400807724,0.47896364788162493
2012_15_CAR_SD,2012,15,0.6184346214191347,3.0202582037750827,0.5005986556279791
2012_15_CIN_PHI,2012,15,0.3293628748753759,-5.214237072173742,0.4789032227029847
2012_15_DEN_BAL,2012,15,0.43932169174437374,-2.880081410497274,0.5035437012163774
2012_15_DET_ARI,2012,15,0.36050984530291696,-4.773479745844585,0.5214592446159438
2012_15_GB_CHI,2012,15,0.41667466537808484,-3.0824295074001946,0.4975641176798275
2012_15_IND_HOU,2012,15,0.7901439790070648,9.752508623207698,0.47792195475217003
2012_15_JAX_MIA,2012,15,0.7203453484663831,6.990650752185541,0.48495164810309777
2012_15_KC_OAK,2012,15,0.6388461077169606,3.871912141024076,0.4814458936728379
2012_15_MIN_STL,2012,15,0.5476604194484824,0.9281265215546117,0.4978760567454617
2012_15_NYG_ATL,2012,15,0.540035379416524,1.2297186648187777,0.5067881530044839
2012_15_NYJ_TEN,2012,15,0.5029326361686892,0.6308332118370081,0.48909200835735056
2012_15_PIT_DAL,2012,15,0.4591823379454681,-1.1282285199932154,0.4962107400756616
2012_15_SEA_BUF,2012,15,0.3591224611912216,-4.285583775219955,0.5063360075137895
2012_15_SF_NE,2012,15,0.6475332485614691,4.311972442105813,0.5092183645117674
2012_15_TB_NO,2012,15,0.6422003480438765,3.3483845494224598,0.4955196635477005
2012_15_WAS_CLE,2012,15,0.6424863709464771,3.9363329799405413,0.49811856503584817
2012_16_ATL_DET,2012,16,0.37771595780069955,-3.576550024944507,0.4977378608990602
2012_16_BUF_MIA,2012,16,0.6398716402657776,4.125501845631287,0.4741755219493126
2012_16_CHI_ARI,2012,16,0.31769468939505796,-6.819425475956105,0.5053360492097303
2012_16_CIN_PIT,2012,16,0.6036654951895617,3.218497738015749,0.491681850629332
2012_16_CLE_DEN,2012,16,0.81293907866157,10.757367421979707,0.4928302827394755
2012_16_IND_KC,2012,16,0.3678299373220616,-4.068991135446191,0.5127347001875027
2012_16_MIN_HOU,2012,16,0.7444542706558526,7.14249123110387,0.4894363929870396
2012_16_NE_JAX,2012,16,0.2050718698857323,-13.104749949597167,0.5264364071504994
2012_16_NO_DAL,2012,16,0.560793184813172,1.1301638413030033,0.5038464485273484
2012_16_NYG_BAL,2012,16,0.46157255677828934,-1.217961559049418,0.49355923675377533
2012_16_OAK_CAR,2012,16,0.7703211062760243,9.277804628212014,0.4934341387925
2012_16_SD_NYJ,2012,16,0.603526671276692,3.2320708884122062,0.5068576540564109
2012_16_SF_SEA,2012,16,0.5632559685496767,2.0398240128828733,0.48640384355883526
2012_16_STL_TB,2012,16,0.6042469999763411,3.117803664443306,0.5034812048961638
2012_16_TEN_GB,2012,16,0.8274840745208623,10.448782342126375,0.49848645628062127
2012_16_WAS_PHI,2012,16,0.3671986005941929,-3.618449286600751,0.49649971687304073
2012_17_ARI_SF,2012,17,0.874837942659982,15.508256573798295,0.48547156513230394
2012_17_BAL_CIN,2012,17,0.678504126886498,4.943161236356683,0.4835493665860654
2012_17_CAR_NO,2012,17,0.6474152848270681,3.830550762627575,0.494992689617522
2012_17_CHI_DET,2012,17,0.3911456576226692,-3.1603254127038682,0.4952622902000232
2012_17_CLE_PIT,2012,17,0.7766464135182152,9.408463847049289,0.4825249416143932
2012_17_DAL_WAS,2012,17,0.6088956585125842,2.905458318181522,0.49720619512232356
2012_17_GB_MIN,2012,17,0.39486832669134236,-2.8907135567517654,0.5032295190140931
2012_17_HOU_IND,2012,17,0.3215265683374813,-6.315704660321721,0.5054459940346099
2012_17_JAX_TEN,2012,17,0.6662967599911819,5.298206396487223,0.4792704377498766
2012_17_KC_DEN,2012,17,0.8860073142815719,16.82948093130324,0.4949610772385534
2012_17_MIA_NE,2012,17,0.8259148981377751,11.014565930020526,0.4856578926132578
2012_17_NYJ_BUF,2012,17,0.6010522726796903,3.382800568366538,0.49653665028046634
2012_17_OAK_SD,2012,17,0.781182824116934,8.66010235053039,0.4751959517412696
2012_17_PHI_NYG,2012,17,0.6951962495311108,5.609171412476827,0.47369396716773615
2012_17_STL_SEA,2012,17,0.8156092624406264,10.88620333821909,0.49663720280494855
2012_17_TB_ATL,2012,17,0.5906345448210972,2.305757290194885,0.4794932782499934
2012_18_CIN_HOU,2012,18,0.6509866650716705,4.097067285988896,0.5028684378342907
2012_18_IND_BAL,2012,18,0.735858153037411,7.00872072313878,0.48548527225162
2012_18_MIN_GB,2012,18,0.7935460952357324,9.981114336060902,0.4846700390880834
2012_18_SEA_WAS,2012,18,0.43992892159130054,-2.1470957592549373,0.5251876549763095
2012_19_BAL_DEN,2012,19,0.7552153659700589,9.628886839367363,0.5038087132224438
2012_19_GB_SF,2012,19,0.5982527556111923,2.8570935385420313,0.4957770100083012
2012_19_HOU_NE,2012,19,0.7883316525553042,9.528383170365752,0.5008387583976791
2012_19_SEA_ATL,2012,19,0.5908719480009901,2.904385808269801,0.511948331415658
2012_20_BAL_NE,2012,20,0.7309453707619398,7.439135713161581,0.48343050910775703
2012_20_SF_ATL,2012,20,0.42396777701736565,-2.538264576314657,0.5283964916690449
2012_21_BAL_SF,2012,21,0.6444044771299565,4.122248296061505,0.4888384101665594
2013_01_ARI_STL,2013,1,0.6053918993050822,2.9971987600021506,0.48514501419939904
2013_01_ATL_NO,2013,1,0.6127987581009222,3.0728431839827475,0.4873790752936133
2013_01_BAL_DEN,2013,1,0.7154442321187946,7.394249030680886,0.49687495545222105
2013_01_CIN_CHI,2013,1,0.5843733891665861,2.4942185156348824,0.4850570055883047
2013_01_GB_SF,2013,1,0.6563786006703056,4.911381702870113,0.49738123469298934
2013_01_HOU_SD,2013,1,0.3662936506610235,-4.9156369318693045,0.5024930204244757
2013_01_KC_JAX,2013,1,0.41103880615451127,-3.488569424418992,0.5003377880995344
2013_01_MIA_CLE,2013,1,0.5492590572550202,2.2412846006195104,0.4923550967359506
2013_01_MIN_DET,2013,1,0.6270780833195926,3.4425536740026175,0.48353142762411416
2013_01_NE_BUF,2013,1,0.27562700762226183,-9.88192273179921,0.5034892899288734
2013_01_NYG_DAL,2013,1,0.618756359419099,3.293974794544328,0.49391192778198867
2013_01_OAK_IND,2013,1,0.792000819551405,10.792614468577737,0.49387173312037586
2013_01_PHI_WAS,2013,1,0.6271695129216439,3.5596683476312383,0.48698994293039843
2013_01_SEA_CAR,2013,1,0.44511676687082896,-2.511841713176408,0.5144225591607223
2013_01_TB_NYJ,2013,1,0.3963021579500205,-3.684768111092465,0.5093146593517457
2013_01_TEN_PIT,2013,1,0.6907987668801756,5.764056044582881,0.49302790904969185
2013_02_CAR_BUF,2013,2,0.3900072246034645,-3.7692022223031594,0.49204525693453516
2013_02_CLE_BAL,2013,2,0.6534282084042646,4.37997534437023,0.46693976856085256
2013_02_DAL_KC,2013,2,0.5939794730197749,2.411347597162776,0.48261007874997464
2013_02_DEN_NYG,2013,2,0.3899777913568744,-3.5798055126991364,0.49764165868210963
2013_02_DET_ARI,2013,2,0.49106024000783766,-1.1607567507324794,0.4952495445104199
2013_02_JAX_OAK,2013,2,0.6459481093163939,3.252498753507392,0.4926864310589071
2013_02_MIA_IND,2013,2,0.5422609487831165,0.8456640830995499,0.495439275446944
2013_02_MIN_CHI,2013,2,0.6688286320374977,5.07761953935667,0.4727636692894891
2013_02_NO_TB,2013,2,0.4129058768218633,-3.254066945423913,0.49249243972823625
2013_02_NYJ_NE,2013,2,0.7871925494062714,9.767723168073886,0.47837088926033544
2013_02_PIT_CIN,2013,2,0.6817617842316088,6.244840360574077,0.4776956984464748
2013_02_SD_PHI,2013,2,0.7349046650263602,7.807592185728516,0.5090889564044095
2013_02_SF_SEA,2013,2,0.5866796387548199,2.3530333759763997,0.4808886237840599
2013_02_STL_ATL,2013,2,0.6459441487998276,3.8796169757715413,0.49644257468654857
2013_02_TEN_HOU,2013,2,0.7108779376701513,6.463665347870605,0.46940503651796367
2013_02_WAS_GB,2013,2,0.7387742856047346,8.329730101114698,0.48020080130773807
2013_03_ARI_NO,2013,3,0.7326825876797045,7.6860385553594,0.4907228737099659
2013_03_ATL_MIA,2013,3,0.5583132695513189,2.3100448456210554,0.4796198146057847
2013_03_BUF_NYJ,2013,3,0.5722191484618271,2.422694444534459,0.4977155343675531
2013_03_CHI_PIT,2013,3,0.44707416571972813,-2.6236947983376893,0.4963447115214744
2013_03_CLE_MIN,2013,3,0.7243901800535446,6.583101252618057,0.4876820662569744
2013_03_DET_WAS,2013,3,0.47530615728135645,-1.4322043129167956,0.4872299908330709
2013_03_GB_CIN,2013,3,0.42167068587654877,-3.118790106326507,0.49648964560266984
2013_03_HOU_BAL,2013,3,0.530532597702685,0.7496762522574607,0.4926030367107503
2013_03_IND_SF,2013,3,0.784824202149692,10.638604729667486,0.5040958752209037
2013_03_JAX_SEA,2013,3,0.9111363882676897,19.413537847898745,0.4974449501988711
2013_03_KC_PHI,2013,3,0.6112058687037558,3.226503508542072,0.5066931545838262
2013_03_NYG_CAR,2013,3,0.4644862989240825,-1.359224045802634,0.489385722215165
2013_03_OAK_DEN,2013,3,0.8849897397590505,15.672201055063466,0.4903140733760862
2013_03_SD_TEN,2013,3,0.5732292697518618,2.732410836978845,0.49209291548134976
2013_03_STL_DAL,2013,3,0.6070382360700869,2.9776340576076152,0.4845672688561248
2013_03_TB_NE,2013,3,0.7255865386105473,7.19942093568031,0.49111823773924745
2013_04_ARI_TB,2013,4,0.5682705963200371,2.375033348774517,0.4963071282345529
2013_04_BAL_BUF,2013,4,0.3882800636878515,-3.9218957612430603,0.5023080673550698
2013_04_CHI_DET,2013,4,0.5624626751451941,2.43274248174286,0.48324174577720785
2013_04_CIN_CLE,2013,4,0.39044561815158363,-3.3581526626456677,0.5041916932593085
2013_04_DAL_SD,2013,4,0.48291826193282694,-1.6750001880908618,0.4800611886102454
2013_04_IND_JAX,2013,4,0.26680997002252865,-9.207335981081389,0.5086479189937592
2013_04_MIA_NO,2013,4,0.7159269213194501,6.854071653925658,0.49568771455952904
2013_04_NE_ATL,2013,4,0.587397696179979,2.8108069834187863,0.49440928719110167
2013_04_NYG_KC,2013,4,0.6360755730965124,3.2984344759442736,0.4940437020595525
2013_04_NYJ_TEN,2013,4,0.6109664737817326,3.248902033651889,0.4925801615049741
2013_04_PHI_DEN,2013,4,0.7989173301307306,10.075232287409623,0.4874496412222679
2013_04_PIT_MIN,2013,4,0.4100356563250561,-3.2262824000810717,0.4933133785355096
2013_04_SEA_HOU,2013,4,0.46475833557615354,-1.053617719073455,0.49841553193474225
2013_04_SF_STL,2013,4,0.4121832610251917,-2.977789682651842,0.5006563430114161
2013_04_WAS_OAK,2013,4,0.42270290624141726,-3.1527150230615484,0.5102615837965878
2013_05_BAL_MIA,2013,5,0.5657004042651663,2.417969945044459,0.4975759217919008
2013_05_BUF_CLE,2013,5,0.6056231271994668,3.0854339674594637,0.48775096828766584
2013_05_CAR_ARI,2013,5,0.39136687417926047,-3.1872574977783232,0.49446647869001825
2013_05_DEN_DAL,2013,5,0.30098521111079335,-7.320993186287555,0.5052897254710222
2013_05_DET_GB,2013,5,0.7661044275388808,9.153933234540217,0.4750140015397163
2013_05_HOU_SF,2013,5,0.6454583003617066,4.267239041414866,0.5078967400066805
2013_05_JAX_STL,2013,5,0.813319444758424,10.789939870431558,0.4937927047677926
2013_05_KC_TEN,2013,5,0.43450021194024224,-2.7754554300111094,0.49186050423865496
2013_05_NE_CIN,2013,5,0.43343887960003735,-2.281556179988999,0.4916802576297025
2013_05_NO_CHI,2013,5,0.5371668665483885,0.6708566771249329,0.49027435704508937
2013_05_NYJ_ATL,2013,5,0.7760642743886048,9.749352998386247,0.4925934857892635
2013_05_PHI_NYG,2013,5,0.46618772578358464,-1.629575197722959,0.48140198856550104
2013_05_SD_OAK,2013,5,0.32641794056620604,-6.504187667661027,0.48510407197217836
2013_05_SEA_IND,2013,5,0.456948684985111,-2.193703903597507,0.5238129235057216
2013_06_ARI_SF,2013,6,0.7524810336470986,8.66595287126496,0.460641266840369
2013_06_CAR_MIN,2013,6,0.56495701619996,2.1911111285522336,0.49087273485983546
2013_06_CIN_BUF,2013,6,0.3338553792430821,-6.081832389227468,0.4975817629596099
2013_06_DET_CLE,2013,6,0.4561295170307946,-1.4231454029847828,0.487497558913095
2013_06_GB_BAL,2013,6,0.45815683893993775,-1.6160100405743272,0.4818024299629213
2013_06_IND_SD,2013,6,0.4678811482076226,-1.5990186599690566,0.48230403881602124
2013_06_JAX_DEN,2013,6,0.9074966977286144,26.590875226148274,0.4879116896382374
2013_06_NO_NE,2013,6,0.5888176494720313,2.591840718279258,0.5027139898496125
2013_06_NYG_CHI,2013,6,0.7575227675895072,9.193791698019353,0.49095192856558545
2013_06_OAK_KC,2013,6,0.7526205805859514,6.884825962809441,0.4818271092617648
2013_06_PHI_TB,2013,6,0.4294044856931302,-2.965687153415749,0.48624107726700905
2013_06_PIT_NYJ,2013,6,0.4856785793777988,-0.9290977820644761,0.5020952416645272
2013_06_STL_HOU,2013,6,0.767011176554678,9.179262196467862,0.49052267895402357
2013_06_TEN_SEA,2013,6,0.7982118427789859,11.217505592606233,0.5064272906065825
2013_06_WAS_DAL,2013,6,0.6752355542566508,5.215743255450568,0.49160047001177587
2013_07_BAL_PIT,2013,7,0.5596079709759743,2.438755920925847,0.4981901652770705
2013_07_BUF_MIA,2013,7,0.6685766951319962,5.053028955447254,0.47203872575728356
2013_07_CHI_WAS,2013,7,0.4645918971561699,-1.4929906341987098,0.48543473304434237
2013_07_CIN_DET,2013,7,0.5698908969400678,2.0272796947421634,0.48603336412307296
2013_07_CLE_GB,2013,7,0.7398672368778719,6.92060636513478,0.4828834312788396
2013_07_DAL_PHI,2013,7,0.5756609695699513,2.427159760950463,0.48307691624576377
2013_07_DEN_IND,2013,7,0.3207970199400722,-6.261365147135571,0.4922768078234286
2013_07_HOU_KC,2013,7,0.7066633706052494,6.575613636393916,0.4874609050009444
2013_07_MIN_NYG,2013,7,0.6318047754968678,4.129216554760557,0.5038184562891781
2013_07_NE_NYJ,2013,7,0.3872665570993019,-3.2705035970395464,0.5067815858319833
2013_07_SD_JAX,2013,7,0.3077980368794522,-7.026820676910872,0.513980192119829
2013_07_SEA_ARI,2013,7,0.34880831513169774,-5.213527632181736,0.49369024823678065
2013_07_SF_TEN,2013,7,0.44114027559944413,-2.3135190287677263,0.520277652157348
2013_07_STL_CAR,2013,7,0.7344582943891291,7.657195725344721,0.4898707834488352
2013_07_TB_ATL,2013,7,0.6828485847710795,4.830158818070805,0.46547291210519964
2013_08_ATL_ARI,2013,8,0.5836338298814885,2.468242813976025,0.4990615353683812
2013_08_BUF_NO,2013,8,0.8023200644092696,9.982295274069562,0.48470491160797474
2013_08_CAR_TB,2013,8,0.30034777290482384,-6.539456859950565,0.4988340009425696
2013_08_CLE_KC,2013,8,0.7232656921201932,6.664978707297581,0.4901007080591465
2013_08_DAL_DET,2013,8,0.6053791886117217,3.2036697689522544,0.5060184740672344
2013_08_GB_MIN,2013,8,0.2663604468155525,-7.764209388609362,0.47742868987432774
2013_08_MIA_NE,2013,8,0.7029420505510648,5.6996346507933495,0.4763620276420335
2013_08_NYG_PHI,2013,8,0.6544148888199259,4.637341790724985,0.47452468404049464
2013_08_NYJ_CIN,2013,8,0.696317488527604,5.625858153728248,0.4889450447251291
2013_08_PIT_OAK,2013,8,0.4513576338327149,-2.2027803289602637,0.5087825122191418
2013_08_SEA_STL,2013,8,0.21091808463276418,-12.487230204433374,0.5151493610572379
2013_08_SF_JAX,2013,8,0.1854466182924144,-14.846282281387097,0.5340523800295951
2013_08_WAS_DEN,2013,8,0.8072142845303076,10.921561620316695,0.4976820585188085
2013_09_ATL_CAR,2013,9,0.7572782723138088,8.785897117715942,0.46417001131828356
2013_09_BAL_CLE,2013,9,0.46091897530503867,-1.4336678579085538,0.48718676343936607
2013_09_CHI_GB,2013,9,0.7870341163267464,9.92019425320582,0.4976416517644223
2013_09_CIN_MIA,2013,9,0.40288693018680366,-3.332680809028508,0.490169851201744
2013_09_IND_HOU,2013,9,0.46654854407437407,-1.1052416815369528,0.49689000509856057
2013_09_KC_BUF,2013,9,0.35628067654418805,-4.373653565505198,0.5037336443609584
2013_09_MIN_DAL,2013,9,0.7862298295358963,9.590074985274118,0.4878880523743566
2013_09_NO_NYJ,2013,9,0.32360494331701284,-5.498981709046939,0.5148023337756078
2013_09_PHI_OAK,2013,9,0.5070328665674269,-0.9763149800488358,0.5006999222980172
2013_09_PIT_NE,2013,9,0.6677746957604428,5.097098882173785,0.4880955234802712
2013_09_SD_WAS,2013,9,0.5328050241804267,0.41098841440605316,0.4825994745315926
2013_09_TB_SEA,2013,9,0.8773349628518075,15.864204691460023,0.49598714248201947
2013_09_TEN_STL,2013,9,0.4041061858964305,-3.589643817691977,0.4825808090573522
2013_10_BUF_PIT,2013,10,0.5929914003152491,2.7323704213584348,0.4920917213826658
2013_10_CAR_SF,2013,10,0.6810411254357607,6.263523524689299,0.5077869629445466
2013_10_CIN_BAL,2013,10,0.5167970648735536,0.5492042011590956,0.48668088239292007
2013_10_DAL_NO,2013,10,0.6969562133109821,6.54671770717882,0.5161517929665974
2013_10_DEN_SD,2013,10,0.30887955919662635,-7.239210008543627,0.49293140794374635
2013_10_DET_CHI,2013,10,0.47581700764238677,-1.5977695428354561,0.4823409155816194
2013_10_HOU_ARI,2013,10,0.6667496668244304,3.9706837046127714,0.49913366662647934
2013_10_JAX_TEN,2013,10,0.8208509885736129,11.04728578003692,0.48662422232587615
2013_10_MIA_TB,2013,10,0.4467412621533995,-1.4616956328221054,0.4863589622513812
2013_10_OAK_NYG,2013,10,0.7217712571684014,7.538403731764149,0.5011348779008944
2013_10_PHI_GB,2013,10,0.5027149498831249,-0.9614073069557484,0.5011404619258919
2013_10_SEA_ATL,2013,10,0.40314170721824244,-3.0111211107540856,0.5144438399468831
2013_10_STL_IND,2013,10,0.7432305398442127,7.210928351188205,0.4914582155031869
2013_10_WAS_MIN,2013,10,0.4708662831686501,-1.4830568105643365,0.4857280984917948
2013_11_ARI_JAX,2013,11,0.28413374243416245,-8.534627329427678,0.5285037035371498
2013_11_ATL_TB,2013,11,0.524145822970147,0.6242508441993647,0.48889756498718284
2013_11_BAL_CHI,2013,11,0.6080576984305125,3.3252752016521496,0.4800693165675033
2013_11_CLE_CIN,2013,11,0.6179383927473909,3.2038430970701874,0.4764861753903771
2013_11_DET_PIT,2013,11,0.4035523949436267,-3.292952345026028,0.4913435626046102
2013_11_GB_NYG,2013,11,0.618566946996896,3.145432864936149,0.48952329180572796
2013_11_IND_TEN,2013,11,0.4365399962620904,-2.5477547545235817,0.4985887888194327
2013_11_KC_DEN,2013,11,0.7298768145425497,7.276507038714394,0.493395798585737
2013_11_MIN_SEA,2013,11,0.8351890267493864,12.542312374286016,0.48647733534546783
2013_11_NE_CAR,2013,11,0.5916624188400312,2.655351907700501,0.48981631393575875
2013_11_NYJ_BUF,2013,11,0.46252183644740336,-0.9881243078245657,0.5003509418597611
2013_11_OAK_HOU,2013,11,0.7792811512875168,10.280637926539715,0.4935178551888017
2013_11_SD_MIA,2013,11,0.4522164571478893,-2.146624424176788,0.5104415081954593
2013_11_SF_NO,2013,11,0.6244695617486891,3.4526926570677885,0.498602010322709
2013_11_WAS_PHI,2013,11,0.6210445239394176,3.587973860762795,0.47306894734140426
2013_12_CAR_MIA,2013,12,0.3657222257398359,-4.611963046362872,0.4966913865934512
2013_12_CHI_STL,2013,12,0.526641204694853,0.4585409323468064,0.4840034804036378
2013_12_DAL_NYG,2013,12,0.5295933910613333,0.2233371778909703,0.47706127379458363
2013_12_DEN_NE,2013,12,0.5392908557192561,0.7596086355050482,0.4928965028703652
2013_12_IND_ARI,2013,12,0.6235744014161901,3.1724672773225295,0.49032193826763804
2013_12_JAX_HOU,2013,12,0.7776565291479711,9.281658019554214,0.46404524787987667
2013_12_MIN_GB,2013,12,0.6658702487291746,5.016324126204914,0.4709568208459716
2013_12_NO_ATL,2013,12,0.26774267603123497,-7.859864457405839,0.4893668039432125
2013_12_NYJ_BAL,2013,12,0.6353027594108543,3.864075808537764,0.4959833340195539
2013_12_PIT_CLE,2013,12,0.5723530640832761,2.3033115479688986,0.49418781010247503
2013_12_SD_KC,2013,12,0.6181235629156361,3.7226849435179723,0.5065803267150104
2013_12_SF_WAS,2013,12,0.3269781168219027,-5.386676070225397,0.5033488278533962
2013_12_TB_DET,2013,12,0.7111300128007415,6.517598884328601,0.48574746273154407
2013_12_TEN_OAK,2013,12,0.4403525218690751,-2.2040527480146253,0.5087449196803542
2013_13_ARI_PHI,2013,13,0.6254145887423588,3.606755337571045,0.5031547239959561
2013_13_ATL_BUF,2013,13,0.6364892242625388,4.5079013671866415,0.48546107528862315
2013_13_CHI_MIN,2013,13,0.5593708318382635,2.095821721647071,0.48805779860967374
2013_13_CIN_SD,2013,13,0.44984875894982435,-2.426435660739734,0.5021739096310373
2013_13_DEN_KC,2013,13,0.36316225384380074,-4.468120693117041,0.5157136490108897
2013_13_GB_DET,2013,13,0.6872988276449405,6.232871407887903,0.477342562310331
2013_13_JAX_CLE,2013,13,0.7202761918535233,7.372864870296451,0.49624304971316946
2013_13_MIA_NYJ,2013,13,0.47069322440223166,-1.2995444719683373,0.49114880371633585
2013_13_NE_HOU,2013,13,0.3088385533338971,-6.495745019915376,0.5148979158091376
2013_13_NO_SEA,2013,13,0.6993029065688734,7.235355797186341,0.521719963785053
2013_13_NYG_WAS,2013,13,0.5084616463330531,0.7748209957856543,0.49334598073788133
2013_13_OAK_DAL,2013,13,0.7743585847254129,9.89635765800861,0.4969372662149353
2013_13_PIT_BAL,2013,13,0.5734240540292259,2.4545990001603917,0.48388708560288923
2013_13_STL_SF,2013,13,0.7391830171651094,7.605042201251041,0.5031041001824322
2013_13_TB_CAR,2013,13,0.7359144132530657,6.532403559087214,0.4714307493936484
2013_13_TEN_IND,2013,13,0.6054109545366593,2.9990239603464905,0.4851989139448888
2013_14_ATL_GB,2013,14,0.6334370938544498,3.389529530580747,0.4967354926559079
2013_14_BUF_TB,2013,14,0.5922443830634678,2.6518708421644455,0.4897134778504497
2013_14_CAR_NO,2013,14,0.6147547933981115,3.296831387385799,0.5087710407170706
2013_14_CLE_NE,2013,14,0.8075664236494514,9.158717178849997,0.4899157299185866
2013_14_DAL_CHI,2013,14,0.558743243790394,1.8914340719314766,0.496791772438672
2013_14_DET_PHI,2013,14,0.5682316660929494,2.2652735125956007,0.4930638813217556
2013_14_HOU_JAX,2013,14,0.40936621584163224,-3.027391864377337,0.4991905359006694
2013_14_IND_CIN,2013,14,0.7124730241781163,6.505848867578517,0.48540046174914614
2013_14_KC_WAS,2013,14,0.37757753625626056,-3.887367783643555,0.48855435678280107
2013_14_MIA_PIT,2013,14,0.6016712422853647,2.712306301148236,0.4914989263986199
2013_14_MIN_BAL,2013,14,0.6821312420931989,5.722952387867681,0.4918134630689412
2013_14_NYG_SD,2013,14,0.6585391364538768,4.528445066721912,0.5008405875101813
2013_14_OAK_NYJ,2013,14,0.5953740750742432,2.789526358753649,0.4937804864505188
2013_14_SEA_SF,2013,14,0.5530563198661645,2.3325465223004564,0.4950516622793085
2013_14_STL_ARI,2013,14,0.6139365085121017,3.1082508804154205,0.47366682348879985
2013_14_TEN_DEN,2013,14,0.8382830782249902,12.764425163024532,0.493038815308906
2013_15_ARI_TEN,2013,15,0.4221366515212247,-2.5342386789555733,0.5137611131775232
2013_15_BAL_DET,2013,15,0.6372793749524069,4.350160636243271,0.4955721459154105
2013_15_BUF_JAX,2013,15,0.3658962063901605,-4.291687860668764,0.4913809209768474
2013_15_CHI_CLE,2013,15,0.5201381821241488,1.0391483444881815,0.5011568820692447
2013_15_CIN_PIT,2013,15,0.43797409986096125,-2.643437261470452,0.4809928019179146
2013_15_GB_DAL,2013,15,0.6473799806840603,4.067301740346581,0.501988844337224
2013_15_HOU_IND,2013,15,0.6945148980308611,5.189494049834979,0.47606289277611735
2013_15_KC_OAK,2013,15,0.32657241838625967,-6.2143277969225075,0.5084413492818327
2013_15_NE_MIA,2013,15,0.5430392596012127,2.1276789155395033,0.4889988300080779
2013_15_NO_STL,2013,15,0.3167815602407462,-6.209446977992254,0.5085855508847479
2013_15_NYJ_CAR,2013,15,0.7883658631448552,9.890353995864205,0.49675985585073584
2013_15_PHI_MIN,2013,15,0.31446195891479967,-6.7354518011845705,0.4930424506207834
2013_15_SD_DEN,2013,15,0.7911499380430305,10.119862633426344,0.5035420477079009
2013_15_SEA_NYG,2013,15,0.2722178921722655,-8.794993273460504,0.5208243853480946
2013_15_SF_TB,2013,15,0.384497081538664,-3.9216509691928003,0.5170857276999234
2013_15_WAS_ATL,2013,15,0.6713052891135772,4.7064823900401604,0.47656403480975146
2013_16_ARI_SEA,2013,16,0.7499523568410728,7.081890645477386,0.47288959304049555
2013_16_ATL_SF,2013,16,0.8609675211921938,15.59054395791521,0.5026756697952571
2013_16_CHI_PHI,2013,16,0.5642882109766052,2.3080925420179708,0.4943290799634575
2013_16_CLE_NYJ,2013,16,0.536938938852288,2.098550047733573,0.48813838825481437
2013_16_DAL_WAS,2013,16,0.3900207411783635,-3.0661694158567956,0.49804461689200036
2013_16_DEN_HOU,2013,16,0.26093717391741733,-8.588414352875098,0.5121609987286078
2013_16_IND_KC,2013,16,0.7337241765340026,7.300512137793423,0.4941050928537127
2013_16_MIA_BUF,2013,16,0.511947838532884,0.7430052237595028,0.49240593407795463
2013_16_MIN_CIN,2013,16,0.7354387905873911,7.028928388180019,0.48608205536823507
2013_16_NE_BAL,2013,16,0.4853598125326305,-0.914547695883721,0.5025252081054605
2013_16_NO_CAR,2013,16,0.5880807826145458,3.0126643338604486,0.48560173447263866
2013_16_NYG_DET,2013,16,0.7659119017907057,8.96172344534257,0.48409745256517916
2013_16_OAK_SD,2013,16,0.8013711139284913,9.45240181159131,0.483822209048221
2013_16_PIT_GB,2013,16,0.48646450038449596,-1.0590219393915103,0.4982558316975842
2013_16_TB_STL,2013,16,0.6102856153814424,3.060851649630436,0.48702489247308856
2013_16_TEN_JAX,2013,16,0.36676562711172744,-4.299626938204087,0.4911463673334997
2013_17_BAL_CIN,2013,17,0.6926396061265123,5.967670980553636,0.4842730717262364
2013_17_BUF_NE,2013,17,0.7533311891021621,6.8861403113420625,0.4818659097242288
2013_17_CAR_ATL,2013,17,0.32175073052094205,-5.8322302249586615,0.49018316250079536
2013_17_CLE_PIT,2013,17,0.7538051909360532,8.642184255128438,0.47466749483246495
2013_17_DEN_OAK,2013,17,0.24854686055965947,-9.395717976072302,0.5178513459367635
2013_17_DET_MIN,2013,17,0.43562710285717504,-2.4421510908286073,0.5017095040826506
2013_17_GB_CHI,2013,17,0.42893223067826414,-2.8781432759594705,0.5036009732765468
2013_17_HOU_TEN,2013,17,0.6822974097143568,5.9695674896698385,0.46957894212050616
2013_17_JAX_IND,2013,17,0.7996680015168321,10.107072589804126,0.47363207947591196
2013_17_KC_SD,2013,17,0.85360500791184,15.025036184395278,0.48596710634696527
2013_17_NYJ_MIA,2013,17,0.6933463526371181,6.5574042376947235,0.47216770470697744
2013_17_PHI_DAL,2013,17,0.29244648572899334,-8.018341508590336,0.484686107713957
2013_17_SF_ARI,2013,17,0.5770855569641221,2.394441604471727,0.48211097349589044
2013_17_STL_SEA,2013,17,0.8301349873198032,12.804504397486324,0.4942230566141411
2013_17_TB_NO,2013,17,0.8236257869531546,10.084470200782897,0.47296564661523366
2013_17_WAS_NYG,2013,17,0.6278753562302155,3.1819226724533256,0.49060127742247317
2013_18_KC_IND,2013,18,0.4533750759041637,-2.0284947055074722,0.49915794560342813
2013_18_NO_PHI,2013,18,0.585418076265426,2.910625962567196,0.4973589020849475
2013_18_SD_CIN,2013,18,0.6954695437326838,6.599638722920136,0.5029444250703894
2013_18_SF_GB,2013,18,0.404297499024984,-2.833807210844599,0.5049110856048535
2013_19_IND_NE,2013,19,0.7212906072313137,7.8002864814879045,0.508873118204321
2013_19_NO_SEA,2013,19,0.7545036142467146,10.037160275074196,0.5010981323079636
2013_19_SD_DEN,2013,19,0.7345888967418129,7.505876334426987,0.4854012728861292
2013_19_SF_CAR,2013,19,0.5305360204579553,0.23587118557511044,0.5069699408366367
2013_20_NE_DEN,2013,20,0.6635612553332766,5.135989074063587,0.5040185832471384
2013_20_SF_SEA,2013,20,0.6291460915703484,3.7309489051983595,0.4920497220583076
2013_21_SEA_DEN,2013,21,0.5530588100251657,1.4530611910464573,0.49861290090716565
2014_01_BUF_CHI,2014,1,0.7005443300062524,6.677642371167931,0.4904748246191516
2014_01_CAR_TB,2014,1,0.6468156219496988,4.898360469582334,0.48222666527958713
2014_01_CIN_BAL,2014,1,0.5392289814513831,1.2529891800761277,0.5074757165420398
2014_01_CLE_PIT,2014,1,0.6648001513522794,4.813909741904037,0.4797338790063533
2014_01_GB_SEA,2014,1,0.6680302113657535,4.811503870994065,0.5092045213269052
2014_01_IND_DEN,2014,1,0.7444648753086955,8.222643159247417,0.5065790921042735
2014_01_JAX_PHI,2014,1,0.7840918440607068,9.491431497011401,0.48497470372132057
2014_01_MIN_STL,2014,1,0.5797818259478906,2.462492721558351,0.4841201676244488
2014_01_NE_MIA,2014,1,0.41119586229111166,-3.296094566689112,0.5060254374572688
2014_01_NO_ATL,2014,1,0.4189379353613427,-2.882194437198089,0.5034812609929546
2014_01_NYG_DET,2014,1,0.6872120368272935,6.571245512451372,0.5021053863163049
2014_01_OAK_NYJ,2014,1,0.703926766772665,6.3009772715228936,0.4941188366536964
2014_01_SD_ARI,2014,1,0.5919150912131026,2.9613675588587767,0.4988583634717684
2014_01_SF_DAL,2014,1,0.4159415946218451,-3.724862375174793,0.4933553362315911
2014_01_TEN_KC,2014,1,0.5885108103121679,2.3793563838966203,0.4816656454256749
2014_01_WAS_HOU,2014,1,0.6190439384694497,3.1172289397751403,0.5034642216900236
2014_02_ARI_NYG,2014,2,0.5413675609003696,1.0423760235991355,0.501252263683478
2014_02_ATL_CIN,2014,2,0.6573862642635919,4.947319915823707,0.4836721571676018
2014_02_CHI_SF,2014,2,0.7230131582729826,7.741303949427548,0.5218954766101297
2014_02_DAL_TEN,2014,2,0.605190644970389,2.5071477936326665,0.48543882103803304
2014_02_DET_CAR,2014,2,0.5278545617049115,0.8551991980236441,0.49572103299930625
2014_02_HOU_OAK,2014,2,0.42257449649640905,-2.837514810058377,0.5048015294203623
2014_02_JAX_WAS,2014,2,0.6495131476360789,4.817516816410476,0.494607552556531
2014_02_KC_DEN,2014,2,0.8378276301007265,11.695984820838202,0.4615245231452704
2014_02_MIA_BUF,2014,2,0.532593898156327,0.744734748717127,0.49245703455638673
2014_02_NE_MIN,2014,2,0.44098011269606896,-3.7409664946479584,0.4928795097389248
2014_02_NO_CLE,2014,2,0.372903533209048,-4.145898041869963,0.5104629663546658
2014_02_NYJ_GB,2014,2,0.7100215311553664,6.7938701509438015,0.4939088357899156
2014_02_PHI_IND,2014,2,0.5879454859472157,3.2538021462919784,0.5074997365026697
2014_02_PIT_BAL,2014,2,0.5811943307766734,2.2247967254293064,0.4918679542051307
2014_02_SEA_SD,2014,2,0.3501319628950115,-5.07661089778018,0.4829655893840774
2014_02_STL_TB,2014,2,0.6422677042238023,3.393890501061736,0.48209470407550825
2014_03_BAL_CLE,2014,3,0.450626669052772,-2.228798647596773,0.4932390307619908
2014_03_CHI_NYJ,2014,3,0.544776187310563,1.30302694130988,0.4941794005052915
2014_03_DAL_STL,2014,3,0.4608530557372998,-1.209917363759664,0.5085716535970974
2014_03_DEN_SEA,2014,3,0.641072696577695,3.768406541223398,0.49315645252025203
2014_03_GB_DET,2014,3,0.5579559552647568,1.5216826210800076,0.5006407489318323
2014_03_HOU_NYG,2014,3,0.5290749729670643,0.8089060388436217,0.4943531174174104
2014_03_IND_JAX,2014,3,0.319461825261122,-6.0526639685956996,0.4984437162638252
2014_03_KC_MIA,2014,3,0.6676850864082914,5.700232330353772,0.4911422095639094
2014_03_MIN_NO,2014,3,0.7804557004655492,9.991779500187285,0.49975707372306255
2014_03_OAK_NE,2014,3,0.8517106077768941,13.988085219453259,0.49964790302928086
2014_03_PIT_CAR,2014,3,0.6399194418429015,3.1020460357583497,0.5030155622614122
2014_03_SD_BUF,2014,3,0.5846282357674119,2.5829438432515106,0.5024510813178462
2014_03_SF_ARI,2014,3,0.4317633369033588,-2.7304546683438393,0.5079648803677684
2014_03_TB_ATL,2014,3,0.6863811790905104,6.021679951134932,0.4858679871571007
2014_03_TEN_CIN,2014,3,0.6949568742883474,6.271117648619567,0.4932365575633921
2014_03_WAS_PHI,2014,3,0.6502043056123762,3.957909341787812,0.4987561691877166
2014_04_ATL_MIN,2014,4,0.36306653782006604,-5.008576298373503,0.5145189928591334
2014_04_BUF_HOU,2014,4,0.5860287027396763,2.9516831763501035,0.4985721790624331
2014_04_CAR_BAL,2014,4,0.596299332854337,3.1353512043559046,0.48922547151757473
2014_04_DET_NYJ,2014,4,0.5655953648029457,2.2439836078470723,0.5072096354375679
2014_04_GB_CHI,2014,4,0.4495682050021382,-2.569060712399467,0.4831885062525297
2014_04_JAX_SD,2014,4,0.8335650279997292,12.678745789898969,0.49050742279218534
2014_04_MIA_OAK,2014,4,0.39646354863656286,-3.7298034799243442,0.5079841199744759
2014_04_NE_KC,2014,4,0.4245209279881545,-3.5850270177965124,0.48271711234471393
2014_04_NO_DAL,2014,4,0.42204994750629127,-3.501015361428279,0.48519775273600146
2014_04_NYG_WAS,2014,4,0.5989005035743622,2.600842290459666,0.48820609718837293
2014_04_PHI_SF,2014,4,0.6369140994313375,3.3258229397595684,0.49485298771522723
2014_04_TB_PIT,2014,4,0.7523756162214433,7.305628297237493,0.4942562658281623
2014_04_TEN_IND,2014,4,0.7221901418064094,6.6153919115185245,0.4738773938802691
2014_05_ARI_DEN,2014,5,0.7418540095060471,7.78084311676405,0.49352391802288686
2014_05_ATL_NYG,2014,5,0.6340160885751658,3.7954381199766036,0.4939551659218774
2014_05_BAL_IND,2014,5,0.5762231040015202,2.201549680459454,0.4911811293917557
2014_05_BUF_DET,2014,5,0.6366157071319556,4.028129041643537,0.48605844805587456
2014_05_CHI_CAR,2014,5,0.5547677746122472,1.3779300657520877,0.49639272634603
2014_05_CIN_NE,2014,5,0.42021025999857453,-3.0668008612222413,0.4832552286787325
2014_05_CLE_TEN,2014,5,0.46111184674153005,-1.9024428710246175,0.4733515064127999
2014_05_HOU_DAL,2014,5,0.6531176522722827,4.338566938651929,0.4804616237203527
2014_05_KC_SF,2014,5,0.6455958300092488,4.174191874754646,0.5051474500361918
2014_05_MIN_GB,2014,5,0.7346334057070124,7.848040837383686,0.48074125850976146
2014_05_NYJ_SD,2014,5,0.7318730526263078,6.887209130301652,0.49666692420179953
2014_05_PIT_JAX,2014,5,0.3313217131510126,-5.862457559861467,0.5040644848474116
2014_05_SEA_WAS,2014,5,0.3083985067721322,-7.141930784749421,0.4958058408995516
2014_05_STL_PHI,2014,5,0.6499695776954741,3.3046634079606325,0.4942277550849261
2014_05_TB_NO,2014,5,0.794020533870044,10.133635240075225,0.4744153750844543
2014_06_BAL_TB,2014,6,0.3932737222445227,-3.4847060657733633,0.5004519552364125
2014_06_CAR_CIN,2014,6,0.7172072041526495,6.46716884700168,0.4842582445795046
2014_06_CHI_ATL,2014,6,0.6342185253363726,3.656634833829705,0.5046286559851692
2014_06_DAL_SEA,2014,6,0.7711900547110269,10.137814986112158,0.5040725385109661
2014_06_DEN_NYJ,2014,6,0.26272722545858823,-9.129720633214111,0.5257000675137982
2014_06_DET_MIN,2014,6,0.5098624843282669,0.5392893223078749,0.4863880519556373
2014_06_GB_MIA,2014,6,0.45851987006919676,-2.1938942643018446,0.47950356166087277
2014_06_IND_HOU,2014,6,0.4325262744252768,-3.0551737074712584,0.48359852941314535
2014_06_JAX_TEN,2014,6,0.6354907713531918,3.348017619996636,0.48074057320589636
2014_06_NE_BUF,2014,6,0.5310026320075065,0.975941945497407,0.4992890540707272
2014_06_NYG_PHI,2014,6,0.5326339420540632,0.7780244156763331,0.49344063291459983
2014_06_PIT_CLE,2014,6,0.5457212324171751,2.1562927896705872,0.48984410916773136
2014_06_SD_OAK,2014,6,0.2954427489300811,-6.338367034561828,0.5195442766130812
2014_06_SF_STL,2014,6,0.3763007519563996,-3.726105025321515,0.49331861945099875
2014_06_WAS_ARI,2014,6,0.6889396815408023,5.070822062968383,0.5020928730152788
2014_07_ARI_OAK,2014,7,0.388518625833544,-3.088076298348693,0.5121709840269849
2014_07_ATL_BAL,2014,7,0.7160875810366392,6.682820923973498,0.49062781455861354
2014_07_CAR_GB,2014,7,0.7034560676497497,6.0425085384120605,0.48648312891739626
2014_07_CIN_IND,2014,7,0.6022155414017001,2.620203541909169,0.48877800884314143
2014_07_CLE_JAX,2014,7,0.3536856629952551,-4.211204050463302,0.4937589045554205
2014_07_HOU_PIT,2014,7,0.59841299172671,3.000479970360444,0.5000141837385245
2014_07_KC_SD,2014,7,0.6076620120271587,3.1095227563287318,0.5032365021387954
2014_07_MIA_CHI,2014,7,0.6043499109156925,2.6297390841795756,0.4890596876071943
2014_07_MIN_BUF,2014,7,0.7306528448218098,6.815854249154099,0.49455842609530437
2014_07_NO_DET,2014,7,0.5459719374866836,1.0513673870325397,0.4867447718454479
2014_07_NYG_DAL,2014,7,0.6526684515310648,3.9054184047207636,0.4676891185127551
2014_07_NYJ_NE,2014,7,0.813268343314819,9.671466898122732,0.5050669300875126
2014_07_SEA_STL,2014,7,0.3208242463437093,-6.1921863421342085,0.5238576893243686
2014_07_SF_DEN,2014,7,0.712280511327182,7.238168541833665,0.5070378201919948
2014_07_TEN_WAS,2014,7,0.6614890725119844,5.565301786790739,0.4871563308647755
2014_08_BAL_CIN,2014,8,0.41079919006432225,-2.7700999965171245,0.49201873184918327
2014_08_BUF_NYJ,2014,8,0.5799493363270738,2.8472351970544993,0.4954857008722295
2014_08_CHI_NE,2014,8,0.6766020392922252,5.273715363447607,0.49331331245420296
2014_08_DET_ATL,2014,8,0.3770011889002866,-3.8608436613162387,0.4893378775212827
2014_08_GB_NO,2014,8,0.5609679570197275,2.2348298693961848,0.5069391732864716
2014_08_HOU_TEN,2014,8,0.38571381505648217,-3.4979686703536337,0.500060028390986
2014_08_IND_PIT,2014,8,0.331119610828541,-5.268807642545794,0.4920569149567588
2014_08_MIA_JAX,2014,8,0.29510116906444456,-6.73594178351354,0.5078027607553716
2014_08_MIN_TB,2014,8,0.5368994624109913,0.8617265190941011,0.495913913089327
2014_08_OAK_CLE,2014,8,0.7003413316007433,6.4473482610777335,0.49844407766358023
2014_08_PHI_ARI,2014,8,0.52060730087339,0.49375648848023335,0.48504336168221646
2014_08_SD_DEN,2014,8,0.7598592157448236,9.067503996060855,0.501994821177978
2014_08_SEA_CAR,2014,8,0.3493983816814872,-5.844670582077445,0.5045900818490714
2014_08_STL_KC,2014,8,0.7613923724348904,7.2106036695191245,0.4914486229461016
2014_08_WAS_DAL,2014,8,0.7973340577730692,9.790330199314655,0.508578967712669
2014_09_ARI_DAL,2014,9,0.5397437315655467,1.2995793618116962,0.494077531152863
2014_09_BAL_PIT,2014,9,0.5540489182959158,2.047097005523611,0.48661864693447787
2014_09_DEN_NE,2014,9,0.41029375266520673,-3.6180636415305423,0.4817418067824125
2014_09_IND_NYG,2014,9,0.4023838958404918,-3.4854668309859744,0.48565692510930847
2014_09_JAX_CIN,2014,9,0.8064931680299092,9.795285337507218,0.4939506515230228
2014_09_NO_CAR,2014,9,0.3967961509826845,-3.44794122392833,0.48676519201511714
2014_09_NYJ_KC,2014,9,0.7805544998920092,9.25578365977599,0.4927834881469685
2014_09_OAK_SEA,2014,9,0.8530832265799088,13.354046692000544,0.49568697694579195
2014_09_PHI_HOU,2014,9,0.46521486940468487,-1.8279966432132795,0.49030823286198566
2014_09_SD_MIA,2014,9,0.5838240513690958,2.865942074881445,0.4960384818217484
2014_09_STL_SF,2014,9,0.8065625419267893,10.448888662988123,0.4984895981756149
2014_09_TB_CLE,2014,9,0.7320178970593784,6.657865233286019,0.489890561900341
2014_09_WAS_MIN,2014,9,0.48418911731481884,-1.2361528657708745,0.49302173642496994
2014_10_ATL_TB,2014,10,0.37498007507240794,-4.17314649425445,0.48011589939248994
2014_10_CAR_PHI,2014,10,0.7415214258614602,7.345208988953484,0.5102002558689309
2014_10_CHI_GB,2014,10,0.7620525866798608,9.520330595984092,0.5006007949080022
2014_10_CLE_CIN,2014,10,0.6790649723736456,6.2038537823678634,0.49124920204369776
2014_10_DAL_JAX,2014,10,0.28866744432323355,-7.186592612875325,0.5092607576006049
2014_10_DEN_OAK,2014,10,0.21681144063729307,-12.394508237185818,0.5178870594018744
2014_10_KC_BUF,2014,10,0.5511018431242831,1.392707318394088,0.48205977480392825
2014_10_MIA_DET,2014,10,0.5899510721340759,2.5696941089376373,0.4872860630115245
2014_10_NYG_SEA,2014,10,0.7763822087267227,9.145097337802522,0.504287729508835
2014_10_PIT_NYJ,2014,10,0.34762657961649246,-4.300897954823649,0.5058835070014948
2014_10_SF_NO,2014,10,0.6869477086026573,5.826283768540913,0.49486660466518906
2014_10_STL_ARI,2014,10,0.7407578028928992,6.392764700584442,0.4820614688063918
2014_10_TEN_BAL,2014,10,0.8194418263291119,10.342952692283637,0.4953591557060856
2014_11_ATL_CAR,2014,11,0.427882520222999,-2.6705442023772408,0.49496033456537863
2014_11_BUF_MIA,2014,11,0.6146423449646774,3.261902041216309,0.4781991224060183
2014_11_CIN_NO,2014,11,0.7583642761376597,8.239295091534263,0.49229631507423743
2014_11_DEN_STL,2014,11,0.2818154377878328,-7.291117385694652,0.5209387658562444
2014_11_DET_ARI,2014,11,0.4769703559231967,-1.1848436070910646,0.4945378054757009
2014_11_HOU_CLE,2014,11,0.6585868609777767,4.299271108663559,0.49406842288310704
2014_11_MIN_CHI,2014,11,0.5686965515904145,2.48168780723402,0.4994588514295645
2014_11_NE_IND,2014,11,0.6002618150148733,3.429166629713613,0.5126802874101579
2014_11_OAK_SD,2014,11,0.7994657763205764,9.902527556089304,0.4823496866367188
2014_11_PHI_GB,2014,11,0.6423955638866861,4.096311038409614,0.4880722520750442
2014_11_PIT_TEN,2014,11,0.2820875358583206,-7.383781084410592,0.4886603051142278
2014_11_SEA_KC,2014,11,0.5021176896239832,-0.7734752728051077,0.5066937815339191
2014_11_SF_NYG,2014,11,0.4016742117472133,-3.2371461209756447,0.5225313170983057
2014_11_TB_WAS,2014,11,0.7052253237889262,6.125597754014668,0.48893735253699633
2014_12_ARI_SEA,2014,12,0.7215655298329955,6.899674119422032,0.4822654468664278
2014_12_BAL_NO,2014,12,0.5830710072238455,2.9112213332569095,0.5121502377853996
2014_12_CIN_HOU,2014,12,0.5704992660565968,2.3606111237910294,0.48111230192832743
2014_12_CLE_ATL,2014,12,0.5858668535576047,3.0872101599247825,0.5025771539325042
2014_12_DAL_NYG,2014,12,0.34068353282490826,-4.654392746288286,0.4806694271234945
2014_12_DET_NE,2014,12,0.7396930546218383,7.4444525900372,0.49835850756504196
2014_12_GB_MIN,2014,12,0.27263370358209155,-7.303965795853387,0.5057928580801623
2014_12_JAX_IND,2014,12,0.8261050285290095,12.33899213729672,0.4804741738218748
2014_12_KC_OAK,2014,12,0.27832308089596586,-6.9586800539162565,0.5159924116805007
2014_12_MIA_DEN,2014,12,0.7122130952843804,6.811464750684781,0.5092033655793681
2014_12_NYJ_BUF,2014,12,0.5828196553423939,2.43120897525405,0.49796714596153546
2014_12_STL_SD,2014,12,0.6518063830363994,4.125881239994529,0.5037198978678448
2014_12_TB_CHI,2014,12,0.6412437632565298,3.8103644086805737,0.494396209828349
2014_12_TEN_PHI,2014,12,0.8327881579525855,10.97958146972613,0.49939660652413576
2014_12_WAS_SF,2014,12,0.7695259808704294,9.033583630337153,0.5009924382408854
2014_13_ARI_ATL,2014,13,0.47808374835317935,-1.3725714825862396,0.5037656198838724
2014_13_CAR_MIN,2014,13,0.5758319819608095,2.64506143245046,0.5042866685209901
2014_13_CHI_DET,2014,13,0.707520192808275,6.847310828487728,0.4807197109822908
2014_13_CIN_TB,2014,13,0.3360864842864141,-6.0298762656646225,0.49911711882777143
2014_13_CLE_BUF,2014,13,0.6026943624058116,2.8303512549331384,0.49498679437473153
2014_13_DEN_KC,2014,13,0.5280326428592088,0.6936716628186286,0.4909483822844714
2014_13_MIA_NYJ,2014,13,0.27397280142070835,-6.699789642820295,0.4940961758253599
2014_13_NE_GB,2014,13,0.5890130366766866,2.337472225189749,0.48042931240574516
2014_13_NO_PIT,2014,13,0.6237960298893332,3.2235952245315285,0.49183245572464174
2014_13_NYG_JAX,2014,13,0.42359845017652936,-2.6308204630755494,0.5109083682440294
2014_13_OAK_STL,2014,13,0.704286119086039,6.241469469816469,0.49236055885496666
2014_13_PHI_DAL,2014,13,0.6187015134884098,3.5197042614581138,0.5153541336261642
2014_13_SD_BAL,2014,13,0.7121236110438255,6.707435006071871,0.5061297287463065
2014_13_SEA_SF,2014,13,0.5094031450426463,0.4622023308196206,0.4841115930092878
2014_13_TEN_HOU,2014,13,0.7102753442032589,6.003901724507218,0.4705907085225341
2014_13_WAS_IND,2014,13,0.7579546700763714,7.378128647733122,0.49639859445825213
2014_14_ATL_GB,2014,14,0.8374771721938338,13.746171375727515,0.5072742761262836
2014_14_BAL_MIA,2014,14,0.5798369511266419,2.823166287750981,0.49477448688191444
2014_14_BUF_DEN,2014,14,0.7514845412814989,8.46683027692741,0.4842482471953786
2014_14_CAR_NO,2014,14,0.7598710746823885,8.200535173406658,0.4911511567599628
2014_14_DAL_CHI,2014,14,0.3691085872363297,-3.9319230026719403,0.48723829965443144
2014_14_HOU_JAX,2014,14,0.31060142882905284,-6.277535653215105,0.5065738086851083
2014_14_IND_CLE,2014,14,0.41267894990420556,-2.9161228901080616,0.5024786600152675
2014_14_KC_ARI,2014,14,0.44032190904550966,-2.3657687781818617,0.5039666390647332
2014_14_NE_SD,2014,14,0.3566264212524181,-4.315448435865881,0.49067894315399024
2014_14_NYG_TEN,2014,14,0.42595962010718613,-3.0574107320968786,0.498303444492797
2014_14_NYJ_MIN,2014,14,0.6639816762887247,4.5569217990817155,0.5016821070402975
2014_14_PIT_CIN,2014,14,0.5900462051597091,3.067300500164973,0.5019888076887254
2014_14_SEA_PHI,2014,14,0.4868985213950776,-1.3215307552824398,0.5052738410114043
2014_14_SF_OAK,2014,14,0.27930519673653637,-7.537166354891827,0.513674647758663
2014_14_STL_WAS,2014,14,0.4293033026838353,-2.7031538704871956,0.493996769662276
2014_14_TB_DET,2014,14,0.7898667234896111,10.205304084822794,0.4912920500771565
2014_15_ARI_STL,2014,15,0.6714569590102739,5.524297712349506,0.4859452970757869
2014_15_CIN_CLE,2014,15,0.5399930167576495,2.02620066605382,0.4860014970315885
2014_15_DAL_PHI,2014,15,0.611005566992989,3.4808595988515014,0.4994343768352798
2014_15_DEN_SD,2014,15,0.3897327272848129,-3.3957559507921307,0.5178502248587739
2014_15_GB_BUF,2014,15,0.40608868173830626,-3.231496072603858,0.5079341116488342
2014_15_HOU_IND,2014,15,0.7173330775033597,6.420021503692446,0.48286616380096836
2014_15_JAX_BAL,2014,15,0.8729981188160814,14.099420008134992,0.5029379619441792
2014_15_MIA_NE,2014,15,0.7871821197516906,9.133188819447078,0.48916159372083157
2014_15_MIN_DET,2014,15,0.7370296910976398,7.257943941262139,0.478082331114036
2014_15_NO_CHI,2014,15,0.4009568127719323,-3.1422565626315073,0.49579621427938936
2014_15_NYJ_TEN,2014,15,0.395961382892704,-3.2584092305895855,0.5071389354332259
2014_15_OAK_KC,2014,15,0.81855078371471,10.972987880914657,0.49920175783735177
2014_15_PIT_ATL,2014,15,0.4265317686898499,-2.734679678147984,0.5078400504163219
2014_15_SF_SEA,2014,15,0.7895310828625992,9.606406107239929,0.4883704442396326
2014_15_TB_CAR,2014,15,0.6092202697739006,2.7001970822245203,0.4763786190473382
2014_15_WAS_NYG,2014,15,0.7222548053796092,6.801060056911968,0.4941212828021856
2014_16_ATL_NO,2014,16,0.6822572561070048,6.266749058929832,0.5078822632285789
2014_16_BAL_HOU,2014,16,0.3449539007543571,-5.725987527555543,0.5080968633472525
2014_16_BUF_OAK,2014,16,0.3190051058990767,-6.472607901075547,0.5155811482824756
2014_16_CLE_CAR,2014,16,0.6892164723178422,5.781514325319283,0.49354375048938437
2014_16_DEN_CIN,2014,16,0.37648711207614044,-3.911464889949135,0.4878425681428933
2014_16_DET_CHI,2014,16,0.24017672038267734,-9.60097691230833,0.511789926301648
2014_16_GB_TB,2014,16,0.21354617079533822,-10.743569895845065,0.5223417866217362
2014_16_IND_DAL,2014,16,0.6268643723458707,3.6905010022852167,0.5056293616388984
2014_16_KC_PIT,2014,16,0.5727207709537144,2.4597865068518123,0.49881164156041097
2014_16_MIN_MIA,2014,16,0.661750389389041,4.390681932144473,0.4967695464689116
2014_16_NE_NYJ,2014,16,0.22549142368330669,-9.71027567254799,0.5085610675548987
2014_16_NYG_STL,2014,16,0.6918822820403863,6.51920731649945,0.485794963725954
2014_16_PHI_WAS,2014,16,0.2852524517101143,-6.610180547462926,0.5115180631627734
2014_16_SD_SF,2014,16,0.5425357854721995,1.6477612704178188,0.4895920755956831
2014_16_SEA_ARI,2014,16,0.26469516039368374,-9.565493597790605,0.4980645879434707
2014_16_TEN_JAX,2014,16,0.6080349135661527,3.2391962018171,0.47752916902757836
2014_17_ARI_SF,2014,17,0.658798702964253,5.189407411422392,0.4760603371107183
2014_17_BUF_NE,2014,17,0.6273727298944435,3.675864699744545,0.4756608655161576
2014_17_CAR_ATL,2014,17,0.56621388327238,2.313055818732987,0.4944757367047956
2014_17_CHI_MIN,2014,17,0.7125360986821652,6.601020438703591,0.4882113593973718
2014_17_CIN_PIT,2014,17,0.58852446252853,2.838755372712649,0.4952351281589753
2014_17_CLE_BAL,2014,17,0.8767731148544018,13.891840451406686,0.49680378108547324
2014_17_DAL_WAS,2014,17,0.31692833227008244,-5.561070500306072,0.512968643628459
2014_17_DET_GB,2014,17,0.75860275511387,8.303828488958214,0.4794363552323611
2014_17_IND_TEN,2014,17,0.2833478493644662,-7.449328185719789,0.5014974134573519
2014_17_JAX_HOU,2014,17,0.7613325697523867,8.059618859013208,0.4869884812562053
2014_17_NO_TB,2014,17,0.34240545860531735,-5.90739990074718,0.5027364300058231
2014_17_NYJ_MIA,2014,17,0.7021035045136632,6.19901590877469,0.476343775153969
2014_17_OAK_DEN,2014,17,0.8850912719077078,16.161238903565746,0.4899902264785677
2014_17_PHI_NYG,2014,17,0.4970124810526625,-0.7720716790102885,0.5067352536521842
2014_17_SD_KC,2014,17,0.5896955565520474,2.6972267376485983,0.49105341256643914
2014_17_STL_SEA,2014,17,0.8147740302537527,11.10990571245691,0.5032478186088578
2014_18_ARI_CAR,2014,18,0.6804564647609104,5.463251891234869,0.498914047688421
2014_18_BAL_PIT,2014,18,0.606980902934046,3.2196412559034573,0.5064903939192855
2014_18_CIN_IND,2014,18,0.609765437326806,3.0523868515647568,0.4867748817342904
2014_18_DET_DAL,2014,18,0.7015679660787636,5.7644519865748505,0.4930396078584909
2014_19_BAL_NE,2014,19,0.7186166713046847,6.911091664304963,0.4973726638673978
2014_19_CAR_SEA,2014,19,0.8114549880112855,13.559371213029412,0.5017544896862678
2014_19_DAL_GB,2014,19,0.665178226487489,5.396814707429279,0.4969507722140809
2014_19_IND_DEN,2014,19,0.7801457653004205,9.81071560332834,0.5091812331931285
2014_20_GB_SEA,2014,20,0.7404299383808854,8.613503826127818,0.5033541438333093
2014_20_IND_NE,2014,20,0.719142074443267,6.885804338407904,0.4966254122701595
2014_21_NE_SEA,2014,21,0.5090731612564473,-0.7647607361936894,0.5069512695819527
2015_01_BAL_DEN,2015,1,0.6668320013060638,4.81399132815973,0.5092780091474699
2015_01_CAR_JAX,2015,1,0.4382485609347544,-2.6084267757941584,0.5115698676614368
2015_01_CIN_OAK,2015,1,0.43755909963950956,-2.557273468611134,0.5130807909688729
2015_01_CLE_NYJ,2015,1,0.6042574368835434,2.9568611000916802,0.483953879245963
2015_01_DET_SD,2015,1,0.6316870460206176,3.5286870524892784,0.5008477384833467
2015_01_GB_CHI,2015,1,0.35009391499902165,-5.364792007862178,0.5039955024407526
2015_01_IND_BUF,2015,1,0.48497254431866554,-0.9351483941383061,0.5019164405943362
2015_01_KC_HOU,2015,1,0.5019906496768425,-0.85796709162384,0.5041971768174389
2015_01_MIA_WAS,2015,1,0.39019827030845033,-3.7683102680170104,0.5068463920574499
2015_01_MIN_SF,2015,1,0.4297151551612951,-2.54124132812935,0.49878126785928684
2015_01_NO_ARI,2015,1,0.5618711468573747,1.8994903578499776,0.4970298388586921
2015_01_NYG_DAL,2015,1,0.7133734277688909,7.116748696292822,0.5034500304132653
2015_01_PHI_ATL,2015,1,0.3949592673147997,-3.987736135521512,0.48558990780450095
2015_01_PIT_NE,2015,1,0.7286067212465706,7.650117628643973,0.5044360766607582
2015_01_SEA_STL,2015,1,0.41713202496069346,-3.0134807907169603,0.5143741538713104
2015_01_TEN_TB,2015,1,0.582815573162722,2.746223909518385,0.49250103334383116
2015_02_ARI_CHI,2015,2,0.4609973323978218,-2.1828965746007167,0.49459533744153117
2015_02_ATL_NYG,2015,2,0.5459354568604015,1.6702544328576674,0.4902565652545809
2015_02_BAL_OAK,2015,2,0.33882271720884216,-5.697773447566944,0.5089304355110512
2015_02_DAL_PHI,2015,2,0.7006102518493622,6.672739233302675,0.490329972551971
2015_02_DEN_KC,2015,2,0.5891675815009145,2.4226316042695655,0.48294322478612717
2015_02_DET_MIN,2015,2,0.5855340481516248,2.529807689766201,0.5008808546716021
2015_02_HOU_CAR,2015,2,0.5848697169655352,2.3952448134349327,0.4821346855133417
2015_02_MIA_JAX,2015,2,0.3621199031648993,-4.937716574598075,0.5018405484158587
2015_02_NE_BUF,2015,2,0.5485739863690375,1.8772798390989147,0.4963735121058214
2015_02_NYJ_IND,2015,2,0.6911286082072277,6.69180830341449,0.5204348766544178
2015_02_SD_CIN,2015,2,0.6371752731953404,3.51520432976684,0.5004493073116184
2015_02_SEA_GB,2015,2,0.6419450348668847,4.018935769793016,0.515331440510604
2015_02_SF_PIT,2015,2,0.6963646509628858,6.243772860951788,0.5072034086131831
2015_02_STL_WAS,2015,2,0.408587976368583,-2.723732695001497,0.5081634826979813
2015_02_TB_NO,2015,2,0.7815445398483998,8.701443391289802,0.4764153845972971
2015_02_TEN_CLE,2015,2,0.5202476251658299,1.073942305147213,0.5021850788401208
2015_03_ATL_DAL,2015,3,0.533103306195287,0.7433155465896193,0.492415102855307
2015_03_BUF_MIA,2015,3,0.5167909444743733,0.26296386954940665,0.4782304539960691
2015_03_CHI_SEA,2015,3,0.8836006038012247,16.337797345271028,0.49520681925314364
2015_03_CIN_BAL,2015,3,0.5763435164837605,2.167200511893225,0.49016634514818563
2015_03_DEN_DET,2015,3,0.42606605316778845,-3.2048517339584355,0.49394660135176105
2015_03_IND_TEN,2015,3,0.4252628721727454,-2.7886382004012016,0.5062457565625729
2015_03_JAX_NE,2015,3,0.8702770235256095,13.986608837421468,0.4848322900090674
2015_03_KC_GB,2015,3,0.6502139661385198,4.442209854503566,0.49829223244323667
2015_03_NO_CAR,2015,3,0.7771458810090959,9.193074952210686,0.4761685233221042
2015_03_OAK_CLE,2015,3,0.630815681374115,3.2483239761148806,0.4925630821262309
2015_03_PHI_NYJ,2015,3,0.6157445515431722,2.5619685232467213,0.48705788010459533
2015_03_PIT_STL,2015,3,0.5518145443795339,1.603429186794326,0.5030564349613926
2015_03_SD_MIN,2015,3,0.5668991177942986,2.5706997279706245,0.5020892579091634
2015_03_SF_ARI,2015,3,0.7214159873089645,6.209807797628997,0.4766621359558144
2015_03_TB_HOU,2015,3,0.6835688788465284,5.845867123586576,0.49544527516166315
2015_03_WAS_NYG,2015,3,0.6264977811916328,3.1206839056984297,0.5035663163916366
2015_04_BAL_PIT,2015,4,0.43132848900888554,-3.4039499178629,0.48806454393240284
2015_04_CAR_TB,2015,4,0.41661843130486803,-2.9555163503564446,0.5013145464085608
2015_04_CLE_SD,2015,4,0.668164273435015,4.489027000300053,0.49967573384880604
2015_04_DAL_NO,2015,4,0.5781011899289652,2.9979909122095756,0.49994062888432
2015_04_DET_SEA,2015,4,0.77771718740141,10.133163132957906,0.5039350772195543
2015_04_GB_SF,2015,4,0.3013725117586315,-6.846414931137947,0.5193067329647
2015_04_HOU_ATL,2015,4,0.6464320872555855,3.721131780377647,0.4917596731899055
2015_04_JAX_IND,2015,4,0.6429586854600049,3.3786468238721303,0.48164469919142433
2015_04_KC_CIN,2015,4,0.6139259240795922,3.027035792163816,0.48602616090939804
2015_04_MIN_DEN,2015,4,0.7265342404126209,6.865839988940602,0.4960354652003737
2015_04_NYG_BUF,2015,4,0.6492773646376555,5.359276148385325,0.48107289601065184
2015_04_NYJ_MIA,2015,4,0.42016141254693995,-2.663611774119641,0.4951651810031895
2015_04_OAK_CHI,2015,4,0.3938014156430485,-3.058250441570574,0.4982786302306782
2015_04_PHI_WAS,2015,4,0.4333795121009339,-2.512837778487383,0.5143931433539577
2015_04_STL_ARI,2015,4,0.7312967061109805,6.527443998992094,0.486038216549212
2015_05_ARI_DET,2015,5,0.35519874429212184,-4.605879604559762,0.49687115423297235
2015_05_BUF_TEN,2015,5,0.5197409863716845,0.5910480376080312,0.4879167940944973
2015_05_CHI_KC,2015,5,0.7655267197244201,9.338360472102421,0.4804555296906111
2015_05_CLE_BAL,2015,5,0.6803014777106458,4.765777426803666,0.46357788816865886
2015_05_DEN_OAK,2015,5,0.36880595576273856,-4.5604596622545435,0.5129866851230058
2015_05_IND_HOU,2015,5,0.6240806989733916,4.133790822108938,0.4891793771151216
2015_05_JAX_TB,2015,5,0.521802566618945,0.8003374583112095,0.4940999314154586
2015_05_NE_DAL,2015,5,0.29259202499087344,-7.5540514123163485,0.5131759552956057
2015_05_NO_PHI,2015,5,0.6799850314493456,6.110982576910738,0.4885056279755066
2015_05_PIT_SD,2015,5,0.6666659031844036,4.778036117214336,0.5229792416110186
2015_05_SEA_CIN,2015,5,0.6020924249330625,3.0125921921075314,0.5003721153411992
2015_05_SF_NYG,2015,5,0.7467218839023528,7.652890805170281,0.5045180224162118
2015_05_STL_GB,2015,5,0.76427615689043,8.235090202760771,0.4921720787723903
2015_05_WAS_ATL,2015,5,0.7294489331678057,7.066421051482901,0.48718938947068857
2015_06_ARI_PIT,2015,6,0.3468281251951222,-5.178521614293494,0.5094992000071585
2015_06_ATL_NO,2015,6,0.38553638392074097,-3.478809456423016,0.4858535336216697
2015_06_BAL_SF,2015,6,0.4489679326586915,-2.027766753920943,0.5139522514670278
2015_06_CAR_SEA,2015,6,0.7133901232968354,6.775056850678462,0.49335294958337694
2015_06_CHI_DET,2015,6,0.6287121082868208,2.9731577701636405,0.4844350886710373
2015_06_CIN_BUF,2015,6,0.410646937319997,-3.0508354519066203,0.49849775087550063
2015_06_DEN_CLE,2015,6,0.40469933611958375,-3.407545440636485,0.5027321292168161
2015_06_HOU_JAX,2015,6,0.5797484325997815,2.3513382285018065,0.4956069431473599
2015_06_KC_MIN,2015,6,0.6064696550248997,3.2723554423252734,0.4932731307233961
2015_06_MIA_TEN,2015,6,0.566774198517265,2.253962269907316,0.4927296726170952
2015_06_NE_IND,2015,6,0.2699744562470111,-8.17099953295292,0.4949468800405482
2015_06_NYG_PHI,2015,6,0.629463904543698,3.631293694709561,0.5038798355763207
2015_06_SD_GB,2015,6,0.8043655051701151,10.490360095454863,0.4997151285055357
2015_06_WAS_NYJ,2015,6,0.7451651505462749,7.395870371753147,0.49692286670870034
2015_07_ATL_TEN,2015,7,0.3474929264171982,-5.08627077364347,0.5122243146520024
2015_07_BAL_ARI,2015,7,0.7772276418330195,10.053640407253287,0.5015851385247231
2015_07_BUF_JAX,2015,7,0.39544499032451963,-3.278087185889803,0.5065575123959076
2015_07_CLE_STL,2015,7,0.6833299521065912,6.381238880933267,0.496490502180147
2015_07_DAL_NYG,2015,7,0.6084539493648796,2.940893933863872,0.4982533456683894
2015_07_HOU_MIA,2015,7,0.6456149374666791,4.608509908079168,0.5032065721524382
2015_07_MIN_DET,2015,7,0.5491860852535306,1.305111018265872,0.5090156536064265
2015_07_NO_IND,2015,7,0.6736889060200287,5.597401112819805,0.5028783025885744
2015_07_NYJ_NE,2015,7,0.7222644058573566,6.08440170833841,0.4729636272252555
2015_07_OAK_SD,2015,7,0.6379853006845457,3.277727844939471,0.49343187005593425
2015_07_PHI_CAR,2015,7,0.5711207515888963,2.830575477023327,0.4949934199020305
2015_07_PIT_KC,2015,7,0.6628432862844285,3.969825221126924,0.49910829740217444
2015_07_SEA_SF,2015,7,0.3054823016030085,-7.0914365178231185,0.48252788313524986
2015_07_TB_WAS,2015,7,0.5855606230203116,2.8415511376134757,0.4953177407990664
2015_08_ARI_CLE,2015,8,0.30124451619699444,-6.937860174755962,0.5018363048924389
2015_08_CIN_PIT,2015,8,0.5245606048392627,0.7587930556984375,0.49287240527683895
2015_08_DET_KC,2015,8,0.6109695393268078,2.9830066430797912,0.49949782468362136
2015_08_GB_DEN,2015,8,0.4197783396779487,-3.370551458714774,0.47429190851679737
2015_08_IND_CAR,2015,8,0.6693133652239736,5.078680890883759,0.5023251078762458
2015_08_MIA_NE,2015,8,0.7734898018808614,8.289652598146453,0.5085589483500679
2015_08_MIN_CHI,2015,8,0.44877569112866106,-1.723395433212874,0.47863296479211737
2015_08_NYG_NO,2015,8,0.6103894802375094,3.3042844612093556,0.5089912340080283
2015_08_NYJ_OAK,2015,8,0.42039456599634917,-2.5710502528566264,0.5126738814887226
2015_08_SD_BAL,2015,8,0.671774049457289,4.8318473271430715,0.5098055258005831
2015_08_SEA_DAL,2015,8,0.3822723176483558,-4.039058703837845,0.5136187591459925
2015_08_SF_STL,2015,8,0.7485962233673644,7.027994791785424,0.47130080041537975
2015_08_TB_ATL,2015,8,0.7676841447432892,7.2740782305313845,0.4785584158011826
2015_08_TEN_HOU,2015,8,0.6299095751703616,3.0121635038585914,0.48558694395506874
2015_09_ATL_SF,2015,9,0.27570871541293573,-8.942104028205813,0.5164818486523799
2015_09_CHI_SD,2015,9,0.6509875194238679,4.195201345288412,0.5205350131698033
2015_09_CLE_CIN,2015,9,0.8684378801116356,12.83018845298732,0.494981983749065
2015_09_DEN_IND,2015,9,0.39550674991025264,-3.2613007238519596,0.50705350162433
2015_09_GB_CAR,2015,9,0.4618769383992235,-2.2900653561481596,0.4914288569338784
2015_09_JAX_NYJ,2015,9,0.7476999274599188,7.527980346035304,0.5008268544490253
2015_09_MIA_BUF,2015,9,0.6205516432240592,3.349414223908951,0.4807817966392884
2015_09_NYG_TB,2015,9,0.470024443837313,-1.3561119570327125,0.5042519953454025
2015_09_OAK_PIT,2015,9,0.7087140338458935,6.1951506991550245,0.5057667521168702
2015_09_PHI_DAL,2015,9,0.39600043208071056,-3.516366000698743,0.48474444364859287
2015_09_STL_MIN,2015,9,0.5380248995003407,1.4662498542141698,0.48423110834744365
2015_09_TEN_NO,2015,9,0.7251249771726961,6.773183844317699,0.49329760759510477
2015_09_WAS_NE,2015,9,0.8816471052180885,13.404814755878933,0.49718717750203345
2015_10_ARI_SEA,2015,10,0.5794213463702638,2.7603194653182435,0.49291750548103813
2015_10_BUF_NYJ,2015,10,0.5464322558801957,1.9617985943163303,0.48409967154921785
2015_10_CAR_TEN,2015,10,0.3808979789646817,-3.1658759403024654,0.5098727856984635
2015_10_CHI_STL,2015,10,0.7404560107868479,7.120543153719728,0.4887880408396108
2015_10_CLE_PIT,2015,10,0.7087277164161601,6.200917799621557,0.47639987985789567
2015_10_DAL_TB,2015,10,0.48907588374960775,-1.014698482382466,0.4995656411169209
2015_10_DET_GB,2015,10,0.819853491066943,10.3305248284307,0.494991923289186
2015_10_HOU_CIN,2015,10,0.7929233179164997,10.011610123712646,0.5003430939747193
2015_10_JAX_BAL,2015,10,0.6550638361026379,3.960908611941473,0.49884480105909085
2015_10_KC_DEN,2015,10,0.6451361515758658,3.7555509110065395,0.49277661124930905
2015_10_MIA_PHI,2015,10,0.6688098738302284,5.218763324162078,0.49168969733543777
2015_10_MIN_OAK,2015,10,0.6006259377082488,3.0041995953162335,0.5001241034152
2015_10_NE_NYG,2015,10,0.27650211726347146,-7.1808080447835705,0.49465705057159953
2015_10_NO_WAS,2015,10,0.4864333299820335,-0.9804353590715527,0.5005781599803752
2015_11_BUF_NE,2015,11,0.7458463604574033,7.223791993327488,0.5066130369813884
2015_11_CIN_ARI,2015,11,0.6330716853108138,4.288827282268272,0.5085345648065759
2015_11_DAL_MIA,2015,11,0.4519530367847682,-2.3908702447520063,0.5032248888346222
2015_11_DEN_CHI,2015,11,0.4658778564293886,-2.1528883045863427,0.5102564647989489
2015_11_GB_MIN,2015,11,0.47141160502552293,-1.0440102637975919,0.4986994426739967
2015_11_IND_ATL,2015,11,0.6100331401150713,3.1181791420799674,0.48871820903286134
2015_11_KC_SD,2015,11,0.39234684419376387,-3.2074786285935115,0.49386898230454257
2015_11_NYJ_HOU,2015,11,0.39607080255014293,-3.852843909516347,0.5043485647218358
2015_11_OAK_DET,2015,11,0.4703395499801988,-2.005289728397805,0.4998436817588352
2015_11_SF_SEA,2015,11,0.8648334075516788,13.635427879096056,0.48922773652804474
2015_11_STL_BAL,2015,11,0.6003555871433952,2.8270880535595726,0.494890370358428
2015_11_TB_PHI,2015,11,0.7425392439523162,6.958686056910339,0.4987791220042911
2015_11_TEN_JAX,2015,11,0.572382915650673,2.6818139364305,0.4905980650258974
2015_11_WAS_CAR,2015,11,0.7261348378332229,6.499082503181914,0.48520064276995645
2015_12_ARI_SF,2015,12,0.26619788579271597,-7.093785926288809,0.5120023346566922
2015_12_BAL_CLE,2015,12,0.6575365744194276,5.414852234843106,0.4827135474552623
2015_12_BUF_KC,2015,12,0.6856152388767145,4.883970395504521,0.5113452870096726
2015_12_CAR_DAL,2015,12,0.47057367920002224,-1.1971729872517902,0.4941734929898639
2015_12_CHI_GB,2015,12,0.7274949656383003,7.216897684294852,0.491634577330794
2015_12_MIA_NYJ,2015,12,0.6251625459597061,3.636879036649794,0.4745110369711305
2015_12_MIN_ATL,2015,12,0.5618215991923299,1.9897133677948289,0.49969601688055765
2015_12_NE_DEN,2015,12,0.4368884292195667,-2.5454893419865257,0.498655734260404
2015_12_NO_HOU,2015,12,0.6188313852278355,2.7587139193316,0.47810505063909803
2015_12_NYG_WAS,2015,12,0.46860774225021173,-0.9496976791481504,0.5014864945299378
2015_12_OAK_TEN,2015,12,0.4805617645664887,-1.2500152734407344,0.49261215095617106
2015_12_PHI_DET,2015,12,0.5858790189890695,3.1785633778416416,0.5052766225225171
2015_12_PIT_SEA,2015,12,0.5974557946370569,3.2731603618344653,0.5080716875583458
2015_12_SD_JAX,2015,12,0.6608500588074542,4.7485330741009495,0.4925692601665833
2015_12_STL_CIN,2015,12,0.802755352746171,10.43896812010116,0.49819643597001756
2015_12_TB_IND,2015,12,0.5940200844748964,2.9388555308000095,0.4981931088461143
2015_13_ARI_STL,2015,13,0.38913416167253567,-2.996593181775949,0.514872868989704
2015_13_ATL_TB,2015,13,0.5073398008404324,0.7598940746305856,0.4929049366262849
2015_13_BAL_MIA,2015,13,0.5990156922236342,3.051576633052279,0.48675095192128065
2015_13_CAR_NO,2015,13,0.3184986598507811,-5.404392349329449,0.5028253048405453
2015_13_CIN_CLE,2015,13,0.27625618747269565,-7.2130590629536595,0.5084788335639254
2015_13_DAL_WAS,2015,13,0.5417740374915034,1.8745501494447068,0.49629284968998016
2015_13_DEN_SD,2015,13,0.349202008583019,-5.5974270238545,0.511894783827098
2015_13_GB_DET,2015,13,0.4416409368663802,-2.8670701166470582,0.4891539446538733
2015_13_HOU_BUF,2015,13,0.58256045724896,2.6811265540744156,0.4905777576508986
2015_13_IND_PIT,2015,13,0.7679289709062618,9.845692051944512,0.4954401019081135
2015_13_JAX_TEN,2015,13,0.5670181297519219,2.488100196110383,0.48487632980303713
2015_13_KC_OAK,2015,13,0.4229009235145237,-2.303141849956926,0.5205839088405282
2015_13_NYJ_NYG,2015,13,0.4524529749455634,-2.049093392394577,0.49854923061135026
2015_13_PHI_NE,2015,13,0.8019910024091659,9.243168850185274,0.49241076857276517
2015_13_SEA_MIN,2015,13,0.43785069507802943,-2.2992062904794706,0.505933492365409
2015_13_SF_CHI,2015,13,0.6989098521381616,5.996063923882908,0.49988368391409344
2015_14_ATL_CAR,2015,14,0.7475419078528556,7.725489900467169,0.47712478460376906
2015_14_BUF_PHI,2015,14,0.5224312628966558,0.8347759948316749,0.4951175410453871
2015_14_DAL_GB,2015,14,0.6949359312075516,5.631821493597762,0.48912120246009605
2015_14_DET_STL,2015,14,0.4114003006290635,-2.9282578771530203,0.5021200615833783
2015_14_IND_JAX,2015,14,0.5169406483637609,0.9857556316232371,0.49957906075935804
2015_14_MIN_ARI,2015,14,0.7914583437635758,10.29604171978279,0.5087477106537588
2015_14_NE_HOU,2015,14,0.3656717706510837,-4.303032042391151,0.4910457672097096
2015_14_NO_TB,2015,14,0.6507979108156441,5.226054227154364,0.47714143377724283
2015_14_NYG_MIA,2015,14,0.4143725206136374,-3.3681077044762615,0.4743639750088845
2015_14_OAK_DEN,2015,14,0.6871609731094834,4.689360469995799,0.4613296808421731
2015_14_PIT_CIN,2015,14,0.5173743357808456,0.9168208916987414,0.4975419664303801
2015_14_SD_KC,2015,14,0.8239771521898552,11.31462532369049,0.4945221131757611
2015_14_SEA_BAL,2015,14,0.27214850073355734,-9.828243888695452,0.5198430639523983
2015_14_SF_CLE,2015,14,0.5861754470596285,2.8832605116088934,0.5113243174996871
2015_14_TEN_NYJ,2015,14,0.7652853210759465,8.088871248195549,0.502626240173277
2015_14_WAS_CHI,2015,14,0.630376888644633,3.723865058279445,0.49184042798774874
2015_15_ARI_PHI,2015,15,0.38499645249851144,-3.6962497038308753,0.4942007743004367
2015_15_ATL_JAX,2015,15,0.5444506111152251,1.5368258077488166,0.48631529455429723
2015_15_BUF_WAS,2015,15,0.4385849580699155,-2.3086532085801683,0.5056543532910346
2015_15_CAR_NYG,2015,15,0.34557100658370965,-4.612582024603246,0.4966730956266875
2015_15_CHI_MIN,2015,15,0.6304767124408392,3.6033743949577377,0.4882808916239066
2015_15_CIN_SF,2015,15,0.3076630804205601,-6.706573970216796,0.5086704320855424
2015_15_CLE_SEA,2015,15,0.8716708058659495,14.604808845783332,0.5030972044379419
2015_15_DEN_PIT,2015,15,0.7513424852887511,7.60303130270933,0.5030446773211281
2015_15_DET_NO,2015,15,0.5612468818029759,2.6663271427827713,0.5049150556254354
2015_15_GB_OAK,2015,15,0.3798396765110683,-3.9065580575014116,0.5027613069607518
2015_15_HOU_IND,2015,15,0.5778181951762638,2.475102811461408,0.4992642566266122
2015_15_KC_BAL,2015,15,0.3287340005861187,-6.000140591992075,0.514768110823019
2015_15_MIA_SD,2015,15,0.5304500707750424,0.9055456313890022,0.4972087752761562
2015_15_NYJ_DAL,2015,15,0.4017906339011045,-3.199888964556506,0.4940932410624794
2015_15_TB_STL,2015,15,0.5062745740120378,0.6451919452437269,0.4895161747772231
2015_15_TEN_NE,2015,15,0.8900450923541912,14.679856600907474,0.5053148355523503
2015_16_CAR_ATL,2015,16,0.2935472436425134,-6.89431185916033,0.5031231879427188
2015_16_CHI_TB,2015,16,0.5934409284215856,2.7974838062228167,0.4940156116984313
2015_16_CIN_DEN,2015,16,0.6260305812306042,3.5098103604808353,0.5002899086842458
2015_16_CLE_KC,2015,16,0.8401779305069319,11.84758447384557,0.5102704313830315
2015_16_DAL_BUF,2015,16,0.7163154253485783,6.724671912368992,0.5066390361287532
2015_16_GB_ARI,2015,16,0.6749693212288059,5.667338344856901,0.4901704170517449
2015_16_HOU_TEN,2015,16,0.3904615600166139,-3.634826687241492,0.4960157650434821
2015_16_IND_MIA,2015,16,0.5625269607935204,2.5164377489040426,0.5004857564008933
2015_16_JAX_NO,2015,16,0.5820187648682379,2.785499780440201,0.5084362551121774
2015_16_NE_NYJ,2015,16,0.4343135283719124,-2.3624644537514263,0.5040642811347116
2015_16_NYG_MIN,2015,16,0.6954817216231652,7.045997246113556,0.5013592748705196
2015_16_PIT_BAL,2015,16,0.21993147245435937,-10.370331778591877,0.5186007574153657
2015_16_SD_OAK,2015,16,0.6112046909652499,3.4274082271648574,0.4830842521361041
2015_16_SF_DET,2015,16,0.7619311129869406,8.29955233411464,0.494076732537844
2015_16_STL_SEA,2015,16,0.8381292333003706,11.15286024102591,0.5045171192645326
2015_16_WAS_PHI,2015,16,0.6321584372033421,3.6357802923049776,0.5040124137914617
2015_17_BAL_CIN,2015,17,0.759729468393854,9.206992175525045,0.47657907363820373
2015_17_DET_CHI,2015,17,0.440508722076826,-2.5525686943391,0.49844653171867737
2015_17_JAX_HOU,2015,17,0.6523976446642642,4.169753814176847,0.47548061970481026
2015_17_MIN_GB,2015,17,0.5905408754427954,3.2707759238304157,0.5080012386606575
2015_17_NE_MIA,2015,17,0.2552232252033507,-9.324595387691868,0.5199507477043668
2015_17_NO_ATL,2015,17,0.6678396613431041,5.377698617313069,0.4816167081830751
2015_17_NYJ_BUF,2015,17,0.417014749074026,-2.7812298052731905,0.49168990032536897
2015_17_OAK_KC,2015,17,0.7370064917485672,6.395996128988127,0.4969265828855517
2015_17_PHI_NYG,2015,17,0.6285628561366831,3.763376720176171,0.49300783721852964
2015_17_PIT_CLE,2015,17,0.21206669486990964,-12.64327450785385,0.5105404682796686
2015_17_SD_DEN,2015,17,0.7690853846191645,9.552589015266793,0.4867808526489631
2015_17_SEA_ARI,2015,17,0.6679350998964092,5.4089004273892645,0.4825378307520768
2015_17_STL_SF,2015,17,0.4079931408426184,-2.753286421347812,0.5072902962472078
2015_17_TB_CAR,2015,17,0.7994600775534293,9.552290305530544,0.4867720302435677
2015_17_TEN_IND,2015,17,0.6259246664821749,2.5796171404982013,0.47282256363154895
2015_17_WAS_DAL,2015,17,0.5854298908238682,2.497240872056892,0.4851462578017595
2015_18_GB_WAS,2015,18,0.5547656484443809,2.0183262869382483,0.5005415650708835
2015_18_KC_HOU,2015,18,0.41950294145024825,-3.0370531965676966,0.49890503198701386
2015_18_PIT_CIN,2015,18,0.4330750026523267,-2.651787503213953,0.4807463253543924
2015_18_SEA_MIN,2015,18,0.3820024289702899,-3.6006744636788226,0.5117988601395376
2015_19_GB_ARI,2015,19,0.6937146015256631,7.071065125470799,0.5021000557241733
2015_19_KC_NE,2015,19,0.7097138953797103,5.937671156312263,0.4981581094299533
2015_19_PIT_DEN,2015,19,0.7035787209015729,6.860240338571534,0.49586999688102906
2015_19_SEA_CAR,2015,19,0.5917959421017698,2.4900435291104706,0.4997057735673087
2015_20_ARI_CAR,2015,20,0.6209659386184706,3.7375537498278235,0.5070196551210846
2015_20_NE_DEN,2015,20,0.44977334191824847,-2.388117655125821,0.5033062286562152
2015_21_CAR_DEN,2015,21,0.34997651229427434,-4.867964894921395,0.4891275126070027
2016_01_BUF_BAL,2016,1,0.5935768372446772,2.5559296340831996,0.4868795184145953
2016_01_CAR_DEN,2016,1,0.4383413442834134,-2.600832117502502,0.5117942033041524
2016_01_CHI_HOU,2016,1,0.6519069624508558,5.342831375566487,0.495355570884567
2016_01_CIN_NYJ,2016,1,0.5378508703680507,1.0650625819572228,0.5019226751358437
2016_01_CLE_PHI,2016,1,0.5933642371248262,3.054847852838549,0.4868475677266183
2016_01_DET_IND,2016,1,0.5767865485892573,2.392712394445348,0.4968295472980576
2016_01_GB_JAX,2016,1,0.4197899980012779,-2.9853320679717457,0.5152054128217365
2016_01_LA_SF,2016,1,0.4374566616207114,-3.105809556286209,0.48210355884027883
2016_01_MIA_SEA,2016,1,0.7909405573620429,10.57637842612792,0.5022570682175985
2016_01_MIN_TEN,2016,1,0.4524063994455529,-2.3608038386633403,0.5041133518586969
2016_01_NE_ARI,2016,1,0.7562396566135716,8.900973418217925,0.49707366399412195
2016_01_NYG_DAL,2016,1,0.5208454287076978,0.8916702270382821,0.49679875089919334
2016_01_OAK_NO,2016,1,0.5906257437079385,2.6238124629669297,0.5036587654728402
2016_01_PIT_WAS,2016,1,0.43803260648063813,-3.0447082448726355,0.483907540720235
2016_01_SD_KC,2016,1,0.7013506474234286,6.092945158626575,0.48797283085114646
2016_01_TB_ATL,2016,1,0.578477082667036,2.0622602843551654,0.48706649748448116
2016_02_ATL_OAK,2016,2,0.6590499979053199,4.211595454642172,0.50625266052104
2016_02_BAL_CLE,2016,2,0.35998330147144897,-4.3075856046151,0.49091123802544245
2016_02_CIN_PIT,2016,2,0.6015521138091453,2.3203934168269793,0.4799252349515007
2016_02_DAL_WAS,2016,2,0.6348809971128719,3.2143592670170653,0.491559580491575
2016_02_GB_MIN,2016,2,0.47092304041348865,-2.0028344082328156,0.4851440347152284
2016_02_IND_DEN,2016,2,0.6561988559941375,4.989075120875728,0.4996771558729453
2016_02_JAX_SD,2016,2,0.61536658802502,3.1807695506641718,0.5053418119798978
2016_02_KC_HOU,2016,2,0.49728469153619914,-0.9255933569629509,0.5021988004120127
2016_02_MIA_NE,2016,2,0.6446207515492395,4.807697566394888,0.47955054034011757
2016_02_NO_NYG,2016,2,0.6315551468515546,3.3561984245678103,0.4957505597358939
2016_02_NYJ_BUF,2016,2,0.5440613057615813,1.278616083521338,0.49345811509966264
2016_02_PHI_CHI,2016,2,0.5927230623805309,2.624774474133698,0.4889130329377518
2016_02_SEA_LA,2016,2,0.3417935865925892,-5.403232512644691,0.5028595786292174
2016_02_SF_CAR,2016,2,0.7926341122624225,12.225164373607324,0.5066535869690901
2016_02_TB_ARI,2016,2,0.7407703301676845,7.7404979604396615,0.5071066466766552
2016_02_TEN_DET,2016,2,0.6955218273297032,5.693066556833119,0.4909305052400125
2016_03_ARI_BUF,2016,3,0.35180338705378955,-4.827368134957007,0.5051013535555497
2016_03_ATL_NO,2016,3,0.6061728145877613,2.893648579866455,0.5116311711475651
2016_03_BAL_JAX,2016,3,0.47799052518692675,-0.9664646863272403,0.5009910104260175
2016_03_CHI_DAL,2016,3,0.6967505367847917,6.579643144957198,0.502353543226948
2016_03_CLE_MIA,2016,3,0.7709645932587926,9.674618880851302,0.4903855023181072
2016_03_DEN_CIN,2016,3,0.6538627693801236,4.135675810989539,0.5187780945270857
2016_03_DET_GB,2016,3,0.6631560999041849,5.10172950601315,0.47347453158406233
2016_03_HOU_NE,2016,3,0.5221430359290559,0.6582345154541613,0.4899014711609005
2016_03_LA_TB,2016,3,0.628296137927632,3.67869958726372,0.5052806473329347
2016_03_MIN_CAR,2016,3,0.6849465137546056,6.06560443541061,0.5019386874114663
2016_03_NYJ_KC,2016,3,0.5964883375903769,2.685804521064352,0.49071595956841607
2016_03_OAK_TEN,2016,3,0.4890712035722987,-1.1431882567820093,0.5105430162193464
2016_03_PIT_PHI,2016,3,0.3859743786893046,-3.522308161800072,0.49934076556371637
2016_03_SD_IND,2016,3,0.561774549663452,1.5372149236224257,0.5010997472363885
2016_03_SF_SEA,2016,3,0.7594318427132958,9.580648785517512,0.47285297937285586
2016_03_WAS_NYG,2016,3,0.6157375520869783,2.9195408772725444,0.48285197378706085
2016_04_BUF_NE,2016,4,0.593446867200202,2.7749237090094603,0.4785833647194386
2016_04_CAR_ATL,2016,4,0.43914205656545335,-2.6006833424087374,0.4970247059362135
2016_04_CLE_WAS,2016,4,0.7334450756412246,7.162877685689808,0.4900386394169477
2016_04_DAL_SF,2016,4,0.47346857754117044,-1.1711600151701247,0.49494213796639785
2016_04_DEN_TB,2016,4,0.3849121109087838,-3.7086924534224304,0.49383311648794437
2016_04_DET_CHI,2016,4,0.4003720164418859,-2.8343866121797547,0.504893964846608
2016_04_IND_JAX,2016,4,0.5118508871463981,0.5479337082978113,0.48664335868778175
2016_04_KC_PIT,2016,4,0.6266575685765357,3.300580675237084,0.5088818098536253
2016_04_LA_ARI,2016,4,0.7735629611479855,9.097661466064013,0.4733545828267969
2016_04_MIA_CIN,2016,4,0.7238116938400772,7.711347361459212,0.506245329949353
2016_04_NO_SD,2016,4,0.656785531919917,4.139211888062069,0.504113816578857
2016_04_NYG_MIN,2016,4,0.638491792296839,3.6555304083010443,0.5045960209783806
2016_04_OAK_BAL,2016,4,0.6428314538826325,3.6117666753613484,0.5033028105913145
2016_04_SEA_NYJ,2016,4,0.5011223882314587,-0.5133580567025011,0.5143777784634254
2016_04_TEN_HOU,2016,4,0.6231969962017947,3.500504230281117,0.4852426277955577
2016_05_ARI_SF,2016,5,0.38267852933543245,-4.104461160002789,0.4821433656650719
2016_05_ATL_DEN,2016,5,0.6096436411767366,3.19273023449042,0.49092056905552256
2016_05_BUF_LA,2016,5,0.47065533238782664,-1.748632763878211,0.5221924055026113
2016_05_CHI_IND,2016,5,0.6361799792695828,3.7225312828744395,0.491801021501535
2016_05_CIN_DAL,2016,5,0.4565842461875276,-2.4441849338398645,0.5016494019509192
2016_05_HOU_MIN,2016,5,0.7020680940972204,5.656162650914208,0.48984026464758385
2016_05_NE_CLE,2016,5,0.25284888966257274,-9.598992954082268,0.5118485290749899
2016_05_NYG_GB,2016,5,0.7093397196256438,7.3310087695551145,0.5097807528171162
2016_05_NYJ_PIT,2016,5,0.7723785645750558,9.79901954425649,0.4940609896556182
2016_05_PHI_DET,2016,5,0.36539848269927766,-3.8143895033597346,0.49071022745194565
2016_05_SD_OAK,2016,5,0.6001071848005621,2.9859710640477415,0.48481345662981123
2016_05_TB_CAR,2016,5,0.6940864807963822,5.913985669931906,0.4974581836431661
2016_05_TEN_MIA,2016,5,0.5546250372630754,1.9433154832980257,0.48355392090582283
2016_05_WAS_BAL,2016,5,0.6443092608521093,3.9022379513447953,0.4971110315741183
2016_06_ATL_SEA,2016,6,0.7173304257118298,7.226673538325552,0.5066981784738716
2016_06_BAL_NYG,2016,6,0.6167738696567671,3.3051001883773443,0.49424066115725396
2016_06_CAR_NO,2016,6,0.4321775921890288,-2.8835327209527937,0.48866764160909204
2016_06_CIN_NE,2016,6,0.7379535588750696,7.346998770794239,0.4954787146216073
2016_06_CLE_TEN,2016,6,0.735510555528663,7.410732689468677,0.49736205593246763
2016_06_DAL_GB,2016,6,0.6740213797805741,5.038574522651518,0.501139924969721
2016_06_DEN_SD,2016,6,0.4013756659142356,-3.814994136085577,0.4759305012808772
2016_06_IND_HOU,2016,6,0.605117043033659,2.984701600843142,0.4995479128192689
2016_06_JAX_CHI,2016,6,0.5658296510545457,2.1948466033912233,0.4909830943791429
2016_06_KC_OAK,2016,6,0.4865924450555361,-1.0990762865112438,0.49707219519528745
2016_06_LA_DET,2016,6,0.5988930049903837,2.6511950896209373,0.5044679150291709
2016_06_NYJ_ARI,2016,6,0.74222143754743,7.939589035436481,0.5129881234394735
2016_06_PHI_WAS,2016,6,0.38788981736304634,-3.638142674944585,0.4811490875699066
2016_06_PIT_MIA,2016,6,0.2898030628309369,-7.4716328250951625,0.5008382857123785
2016_06_SF_BUF,2016,6,0.746203686123313,7.5510839450360585,0.5015095923622355
2016_07_BAL_NYJ,2016,7,0.5420032337864151,1.711065612943077,0.49146227083438393
2016_07_BUF_MIA,2016,7,0.42916237843227184,-2.855456245581246,0.4894970265351784
2016_07_CHI_GB,2016,7,0.7348001276626094,7.262157373710942,0.4929718095328654
2016_07_CLE_CIN,2016,7,0.810018000545123,10.623770907959756,0.4741244779444196
2016_07_HOU_DEN,2016,7,0.7506273328297873,8.519188238441853,0.5005670368165476
2016_07_IND_TEN,2016,7,0.6133697728015555,3.2680128628894005,0.4783794375330004
2016_07_MIN_PHI,2016,7,0.4578869122781261,-2.2550801838160788,0.5072372970570345
2016_07_NE_PIT,2016,7,0.31051943765394174,-7.132699092100573,0.5108528730007995
2016_07_NO_KC,2016,7,0.6821177335324973,5.954604960737937,0.4986585210108344
2016_07_NYG_LA,2016,7,0.4089526562460201,-3.089559777104669,0.49735341336042393
2016_07_OAK_JAX,2016,7,0.5591425705491929,1.5064765163213303,0.5001913893400873
2016_07_SD_ATL,2016,7,0.6825272346269862,5.224989571927044,0.5214140763143714
2016_07_SEA_ARI,2016,7,0.5727561509704467,2.397392546273329,0.4969678475955749
2016_07_TB_SF,2016,7,0.5536311545754303,0.8667963010399001,0.49606372406149035
2016_07_WAS_DET,2016,7,0.4945857803108352,-0.9056439819456235,0.5027883184100668
2016_08_ARI_CAR,2016,8,0.5618825404246942,2.3162807069153395,0.49457102729838853
2016_08_DET_HOU,2016,8,0.5376108212268113,1.240095706089446,0.5070947614286697
2016_08_GB_ATL,2016,8,0.6058823490033776,2.9340438653207594,0.49805091954833886
2016_08_JAX_TEN,2016,8,0.5811943054739849,2.7970414267902144,0.4940025402940055
2016_08_KC_IND,2016,8,0.43435570387124334,-3.0007038822258925,0.4999791993792441
2016_08_MIN_CHI,2016,8,0.31813120713379217,-5.933800552566925,0.48718284416569163
2016_08_NE_BUF,2016,8,0.3420092266411855,-5.168836674428137,0.5097853187718977
2016_08_NYJ_CLE,2016,8,0.44396070251456776,-2.3678539179240135,0.503905023515106
2016_08_OAK_TB,2016,8,0.5438982733011677,1.005019069747825,0.5001483199321899
2016_08_PHI_DAL,2016,8,0.6462540150779812,4.921629997395124,0.49768407911492357
2016_08_SD_DEN,2016,8,0.5941517087844619,3.0517187306060674,0.4867551487707058
2016_08_SEA_NO,2016,8,0.4924560786569173,-1.164071695828572,0.4951515907288895
2016_08_WAS_CIN,2016,8,0.5891043342330724,2.762612402772954,0.4929852541413708
2016_09_ATL_TB,2016,9,0.3340616095032809,-5.270575589644154,0.4772408641856005
2016_09_BUF_SEA,2016,9,0.6668811612308849,5.594513276625386,0.5027929654884383
2016_09_CAR_LA,2016,9,0.4508989763721861,-2.4625477083839145,0.5158782087318001
2016_09_DAL_CLE,2016,9,0.2969568452831957,-6.829602357500879,0.5050353347479065
2016_09_DEN_OAK,2016,9,0.5016573430248279,0.48563347858854944,0.484803487781153
2016_09_DET_MIN,2016,9,0.6218136770838094,3.2419603772274663,0.4776107248072349
2016_09_IND_GB,2016,9,0.718874012898583,7.12021992727913,0.48877849286022546
2016_09_JAX_KC,2016,9,0.7241925810945373,6.631527850645409,0.4891125281640766
2016_09_NO_SF,2016,9,0.35125715243007005,-5.219809352863213,0.49350463925829996
2016_09_NYJ_MIA,2016,9,0.6103740252175157,2.9809720655054845,0.48466583791630463
2016_09_PHI_NYG,2016,9,0.5818053235870116,2.5243712782415315,0.48594746969302594
2016_09_PIT_BAL,2016,9,0.4060296851420353,-3.475273736004859,0.5007306923428713
2016_09_TEN_SD,2016,9,0.6443664090836376,3.7177210524069224,0.5064336568923311
2016_10_ATL_PHI,2016,10,0.5499148703306205,1.822239029393236,0.49474708757353847
2016_10_CHI_TB,2016,10,0.43720405461253525,-2.6435426718948642,0.4957582102335651
2016_10_CIN_NYG,2016,10,0.46433031144255926,-1.7826098463774072,0.4768858244363782
2016_10_CLE_BAL,2016,10,0.7540874167757342,7.5571971159400135,0.5016902429332022
2016_10_DAL_PIT,2016,10,0.6326992115206977,3.328538951931466,0.5097077883176506
2016_10_DEN_NO,2016,10,0.5893024767734265,2.9463098270390535,0.4984133908465337
2016_10_GB_TEN,2016,10,0.42836549386005146,-2.7383336286277813,0.5077320920683125
2016_10_HOU_JAX,2016,10,0.5949049632414531,2.8285678413398427,0.4949340964252881
2016_10_KC_CAR,2016,10,0.5943777326478379,2.6762377285824086,0.49043332751640134
2016_10_LA_NYJ,2016,10,0.4884181720708999,-0.6837511427359417,0.5093447038500278
2016_10_MIA_SD,2016,10,0.6633383153689412,4.326800899940571,0.5096564417835246
2016_10_MIN_WAS,2016,10,0.5614632915564641,1.7908572321479337,0.4790535568688394
2016_10_SEA_NE,2016,10,0.7310256929302319,8.08312865045356,0.517226840950795
2016_10_SF_ARI,2016,10,0.8661922876664431,13.54819043107041,0.4866509409244212
2016_11_ARI_MIN,2016,11,0.5454174920170466,1.70737260116698,0.49135316292241216
2016_11_BAL_DAL,2016,11,0.7136072319865929,7.0249673773104755,0.5007378175379034
2016_11_BUF_CIN,2016,11,0.5648776026182962,2.4262704395943224,0.4978212079452804
2016_11_CHI_NYG,2016,11,0.7189385767859311,6.858689229916334,0.4958241621184159
2016_11_GB_WAS,2016,11,0.5833670664472426,2.8296408774649753,0.5097403419538868
2016_11_HOU_OAK,2016,11,0.6931501319054831,6.308957712239645,0.4943546442794736
2016_11_JAX_DET,2016,11,0.6719712422484627,5.53884260946513,0.501147847245656
2016_11_MIA_LA,2016,11,0.5195937053630528,0.892435038051099,0.4968213513210796
2016_11_NE_SF,2016,11,0.24598614098393218,-10.346982120796053,0.5045217773755495
2016_11_NO_CAR,2016,11,0.6332061182536353,3.713426879199894,0.5063067747558703
2016_11_PHI_SEA,2016,11,0.7075352077982295,6.376436788277061,0.4963485999113246
2016_11_PIT_CLE,2016,11,0.28420170892393526,-7.950141565684205,0.5014733772048677
2016_11_TB_KC,2016,11,0.7454311810602664,7.320687190486202,0.5094758257876821
2016_11_TEN_IND,2016,11,0.5892531297638766,3.1084677389136623,0.5032053260398578
2016_12_ARI_ATL,2016,12,0.615805784599589,3.4460632982229593,0.4984061056623337
2016_12_CAR_OAK,2016,12,0.6222778485721935,3.7747392365383625,0.5081183357212437
2016_12_CIN_BAL,2016,12,0.6023545184091531,2.96936551470566,0.48432310858786387
2016_12_GB_PHI,2016,12,0.6255674643983242,3.902649224134142,0.4971231848941518
2016_12_JAX_BUF,2016,12,0.7578524043589481,8.28188290363841,0.49355464102656066
2016_12_KC_DEN,2016,12,0.6106685088017823,3.1284171621093986,0.489020637860315
2016_12_LA_NO,2016,12,0.7399258331826368,7.1839935489103395,0.490662457598955
2016_12_MIN_DET,2016,12,0.5382290016954825,1.6740322479859526,0.4903681716097307
2016_12_NE_NYJ,2016,12,0.24217957089918352,-8.926690929250274,0.5021663662314086
2016_12_NYG_CLE,2016,12,0.31560240992656124,-6.23206189369664,0.5079173942111749
2016_12_PIT_IND,2016,12,0.27575829011510533,-7.827525986824383,0.5050966892118405
2016_12_SD_HOU,2016,12,0.44973367591597957,-2.756018391238731,0.49243478229671156
2016_12_SEA_TB,2016,12,0.36544117250282526,-4.6664717822745505,0.5098551831879957
2016_12_SF_MIA,2016,12,0.7342673453581261,7.004176053870367,0.5001234077353743
2016_12_TEN_CHI,2016,12,0.32312084529394536,-6.340508534113357,0.5047130673328546
2016_12_WAS_DAL,2016,12,0.662619239895263,5.32639847738702,0.49486999417797467
2016_13_BUF_OAK,2016,13,0.6166398959323979,3.415331744364469,0.5122716487904787
2016_13_CAR_SEA,2016,13,0.7452114799357099,8.814378348602721,0.5092894430000781
2016_13_DAL_MIN,2016,13,0.39284263223464966,-3.7401138707443806,0.4781396388422906
2016_13_DEN_JAX,2016,13,0.39118252353524263,-3.42326567403477,0.5022675853442444
2016_13_DET_NO,2016,13,0.6983631428934078,6.253687579677119,0.49272155651868493
2016_13_HOU_GB,2016,13,0.7199187241931485,6.8328352899644464,0.495060195078096
2016_13_IND_NYJ,2016,13,0.5286570037521638,0.6976441318694928,0.4910657440024754
2016_13_KC_ATL,2016,13,0.6516484695886371,4.942977782577672,0.49831492549562384
2016_13_LA_NE,2016,13,0.8469812400579266,13.06951498795679,0.5020542477973547
2016_13_MIA_BAL,2016,13,0.6233961685406946,3.314639932587694,0.4945225448466782
2016_13_NYG_PIT,2016,13,0.690547367679372,6.548152162613802,0.4866498106757507
2016_13_PHI_CIN,2016,13,0.5397792879138201,0.7719517547570881,0.4932612029379627
2016_13_SF_CHI,2016,13,0.5009824050577668,-0.23746627724138436,0.49298292940579286
2016_13_TB_SD,2016,13,0.6541011822481262,3.900043635080431,0.5118200715787797
2016_13_WAS_ARI,2016,13,0.6037957142565842,2.8086349983520256,0.5091197648271624
2016_14_ARI_MIA,2016,14,0.4651188715762917,-2.201503939793346,0.494045521750556
2016_14_ATL_LA,2016,14,0.3865295817019612,-3.90430399590202,0.517597868527254
2016_14_BAL_NE,2016,14,0.6881390760268173,6.12317481398884,0.5036399229177186
2016_14_CHI_DET,2016,14,0.7317981764484567,6.64226007001212,0.4746697307413398
2016_14_CIN_CLE,2016,14,0.3641246511616206,-3.90059520538487,0.5029375123773829
2016_14_DAL_NYG,2016,14,0.35635393392501596,-4.262359002173833,0.47748328383135175
2016_14_DEN_TEN,2016,14,0.5569691330538274,1.6025273130804132,0.4882558700944197
2016_14_HOU_IND,2016,14,0.6888205429448324,5.896835223404018,0.4821816371540368
2016_14_MIN_JAX,2016,14,0.409489100315682,-2.5636886105941437,0.5128913157577585
2016_14_NO_TB,2016,14,0.5367158285718063,1.5545741219445264,0.4868394830274628
2016_14_NYJ_SF,2016,14,0.591466757328067,2.8773497933025234,0.4963755792567189
2016_14_OAK_KC,2016,14,0.651539200658678,3.7129253654359498,0.5062919562298098
2016_14_PIT_BUF,2016,14,0.4876643497909376,-0.8453338450651782,0.5045704828706071
2016_14_SD_CAR,2016,14,0.5648967410730455,1.2607223312779978,0.5077041996961638
2016_14_SEA_GB,2016,14,0.4221868356435973,-2.768960052626732,0.5068271929102435
2016_14_WAS_PHI,2016,14,0.46476448961296,-1.3197531716999737,0.5053263662457174
2016_15_CAR_WAS,2016,15,0.6947083656607518,7.128594473887824,0.5038000738411368
2016_15_CLE_BUF,2016,15,0.8111323920985196,10.598881408009206,0.5029220460503095
2016_15_DET_NYG,2016,15,0.6202821359588442,3.6125309700141703,0.4885513660555573
2016_15_GB_CHI,2016,15,0.3280732383907292,-4.692381253251879,0.4943150801248487
2016_15_IND_MIN,2016,15,0.6539965986443823,4.507218826103914,0.48544091874030615
2016_15_JAX_HOU,2016,15,0.5970705588384964,2.2194676556508477,0.462215298808465
2016_15_LA_SEA,2016,15,0.8874299222077988,15.018617150764657,0.500550160461222
2016_15_MIA_NYJ,2016,15,0.3907815344534854,-3.5433813794234883,0.46919741354558075
2016_15_NE_DEN,2016,15,0.43301060864529517,-2.629767748678643,0.5109394656386772
2016_15_NO_ARI,2016,15,0.6047199196144775,3.215272182000563,0.5063612989423489
2016_15_OAK_SD,2016,15,0.4326276901470188,-2.501224327150708,0.499963819565571
2016_15_PHI_BAL,2016,15,0.6685290043420176,4.797013519586997,0.4940017156936346
2016_15_PIT_CIN,2016,15,0.3908987785402429,-3.3192843272552675,0.490565618972689
2016_15_SF_ATL,2016,15,0.8465290071518446,13.03564263241016,0.4862803508337031
2016_15_TB_DAL,2016,15,0.7007578871807003,6.9314945239172285,0.49797558418094545
2016_15_TEN_KC,2016,15,0.7144075978136037,6.366059893946435,0.5108162129753857
2016_16_ARI_SEA,2016,16,0.7543169535075996,8.306735319877623,0.47952214214129923
2016_16_ATL_CAR,2016,16,0.4006855129855651,-3.13348169054528,0.4960555094550284
2016_16_BAL_PIT,2016,16,0.6673771814075133,4.66027632209848,0.47520108288577884
2016_16_CIN_HOU,2016,16,0.5655818256610996,2.477676849818094,0.4845685324744933
2016_16_DEN_KC,2016,16,0.6124866628513057,3.0342732931361662,0.4862399091072679
2016_16_DET_DAL,2016,16,0.6928845117589026,6.628982444618617,0.5038115383511443
2016_16_IND_OAK,2016,16,0.6520781695781537,3.992998300874819,0.5145654933647335
2016_16_MIA_BUF,2016,16,0.651396448261876,4.279115840010151,0.49347288156245067
2016_16_MIN_GB,2016,16,0.6845678714875942,5.41820311721758,0.4828124778750544
2016_16_NYG_PHI,2016,16,0.5462976958484831,1.8681611364975816,0.4961040547530671
2016_16_NYJ_NE,2016,16,0.9005327430122003,16.78444128738448,0.49363023478910506
2016_16_SD_CLE,2016,16,0.36871524441037695,-4.219753857884377,0.5082810374538552
2016_16_SF_LA,2016,16,0.6613305262741138,5.236373742023303,0.477445894563896
2016_16_TB_NO,2016,16,0.6184870320179958,3.076120338176087,0.5022494415099127
2016_16_TEN_JAX,2016,16,0.36094348943314636,-3.9394528976311585,0.5017892383786787
2016_16_WAS_CHI,2016,16,0.41026795408902583,-3.200830936934251,0.49406540763856555
2016_17_ARI_LA,2016,17,0.31257925988279656,-6.2997373888311134,0.5206843804245573
2016_17_BAL_CIN,2016,17,0.41566458409242857,-2.9255925389526816,0.4874252786333778
2016_17_BUF_NYJ,2016,17,0.35332324141411753,-3.5614046976207705,0.4981854188423924
2016_17_CAR_TB,2016,17,0.5988204081465682,3.0589234696058516,0.4869679425570826
2016_17_CHI_MIN,2016,17,0.693654273296193,5.169118871781291,0.4754618918213723
2016_17_CLE_PIT,2016,17,0.6349622427909329,3.0466366595707823,0.48660505078343974
2016_17_DAL_PHI,2016,17,0.657476711966509,5.624791392796803,0.4741545711967665
2016_17_GB_DET,2016,17,0.3695909067147999,-3.4800898422517648,0.5005883704337589
2016_17_HOU_TEN,2016,17,0.5967095641093294,3.030218029996168,0.5008929807206783
2016_17_JAX_IND,2016,17,0.6665212524841857,4.818438385791893,0.47986753465223375
2016_17_KC_SD,2016,17,0.3369499825686404,-5.146756701604299,0.5104376005666026
2016_17_NE_MIA,2016,17,0.2749128262766395,-7.289237184568275,0.5062280579768812
2016_17_NO_ATL,2016,17,0.7268501107540202,7.260628882926175,0.492926647728305
2016_17_NYG_WAS,2016,17,0.7560113686045942,9.128959172067262,0.4742774770836169
2016_17_OAK_DEN,2016,17,0.5363329338336049,0.9671331403938063,0.49902874318755014
2016_17_SEA_SF,2016,17,0.2200629386490427,-11.293894998319653,0.5060904300239009
2016_18_DET_SEA,2016,18,0.7454114137478657,8.369133615463852,0.5109070117133524
2016_18_MIA_PIT,2016,18,0.8291241987267408,11.080577613276377,0.5023811574757191
2016_18_NYG_GB,2016,18,0.6736852165701368,4.908968683854879,0.4973099284708851
2016_18_OAK_HOU,2016,18,0.6519093993683005,3.907730245461172,0.497273331874496
2016_19_GB_DAL,2016,19,0.6549312375921824,5.334553776079794,0.4951109746892852
2016_19_HOU_NE,2016,19,0.8888235419870372,16.365504539114198,0.5107998075522503
2016_19_PIT_KC,2016,19,0.5784713467035629,2.2736258222305037,0.49331066676845964
2016_19_SEA_ATL,2016,19,0.6873600239712504,6.399862840901867,0.49704084590572734
2016_20_GB_ATL,2016,20,0.6802122840078864,6.443979554752263,0.4983445288862143
2016_20_PIT_NE,2016,20,0.6677338589868616,5.628174794287716,0.5037876723325581
2016_21_NE_ATL,2016,21,0.4406791472300596,-2.653219295515422,0.5102466868229069
2017_01_ARI_DET,2017,1,0.47973028102493154,-2.25195728485895,0.5073295673379905
2017_01_ATL_CHI,2017,1,0.33050220746008097,-6.298039242366791,0.5059679762942288
2017_01_BAL_CIN,2017,1,0.567516276978763,1.920463381959002,0.48287920983358795
2017_01_CAR_SF,2017,1,0.374077698437404,-4.272981620103966,0.5067083675451204
2017_01_IND_LA,2017,1,0.6199978551589567,3.520503939736531,0.5006059174319135
2017_01_JAX_HOU,2017,1,0.6305137808662796,4.638643156358589,0.4745630627434551
2017_01_KC_NE,2017,1,0.75289353891755,8.210230640940983,0.5062123334510821
2017_01_LAC_DEN,2017,1,0.5859165605025436,2.91829816264951,0.4975856208639204
2017_01_NO_MIN,2017,1,0.6255256972087264,3.447979559533033,0.5132359402275664
2017_01_NYG_DAL,2017,1,0.6854340450706573,6.249600630492999,0.5073755979115961
2017_01_NYJ_BUF,2017,1,0.695408637635192,5.770103126623192,0.4637051868900473
2017_01_OAK_TEN,2017,1,0.5681822888576746,2.147883430158271,0.48959568434421696
2017_01_PHI_WAS,2017,1,0.4587170269762926,-2.209574370871944,0.4938070578254325
2017_01_PIT_CLE,2017,1,0.2610721525106313,-9.870370594500484,0.5038306559963344
2017_01_SEA_GB,2017,1,0.5730148490351885,2.2789528045542675,0.4934680643013684
2017_02_ARI_IND,2017,2,0.32330222203124337,-6.642173332455747,0.5105729980284498
2017_02_BUF_CAR,2017,2,0.7013760619120195,6.078818328954797,0.4875555613383089
2017_02_CHI_TB,2017,2,0.7094947460163307,7.169510301749711,0.5050091147707957
2017_02_CLE_BAL,2017,2,0.7223342369959203,6.37964361324863,0.46692999917161654
2017_02_DAL_DEN,2017,2,0.44539969552253694,-2.6096369268828354,0.49676012408633335
2017_02_DET_NYG,2017,2,0.6047875548247732,2.963025240177301,0.4989073498845177
2017_02_GB_ATL,2017,2,0.6349389380762533,3.7609454746761197,0.5077107926385136
2017_02_HOU_CIN,2017,2,0.6636286974812586,4.909381803143851,0.48255204240351013
2017_02_MIA_LAC,2017,2,0.6346391509187366,3.283655974385675,0.4936070307537388
2017_02_MIN_PIT,2017,2,0.747736080408514,8.363561107054343,0.4959681247057416
2017_02_NE_NO,2017,2,0.3663934183792367,-5.791230572288324,0.4913944312848224
2017_02_NYJ_OAK,2017,2,0.8485748909245432,13.784445032464344,0.49363034544690176
2017_02_PHI_KC,2017,2,0.6461162186907472,4.024525219157596,0.5007247512204629
2017_02_SF_SEA,2017,2,0.8491223786949176,12.677742377416553,0.4757162502317154
2017_02_TEN_JAX,2017,2,0.5113682119722114,-1.0541078419705616,0.49840104829104315
2017_02_WAS_LA,2017,2,0.6113667017520403,2.5743165681546714,0.4874225939667479
2017_03_ATL_DET,2017,3,0.43083581145531485,-2.9926011593466537,0.5002186452010966
2017_03_BAL_JAX,2017,3,0.3986743827567744,-3.0488001386804293,0.49855789657701677
2017_03_CIN_GB,2017,3,0.7078957286690417,6.417202779288195,0.4827829440948589
2017_03_CLE_IND,2017,3,0.5468451192293055,0.9099710698855215,0.4973395495951357
2017_03_DAL_ARI,2017,3,0.4268205293419865,-3.4400815424689455,0.486997330069762
2017_03_DEN_BUF,2017,3,0.39893005882796395,-3.358579775427818,0.5041790722244927
2017_03_HOU_NE,2017,3,0.8494573096698156,12.932452819818424,0.4832331934537605
2017_03_KC_LAC,2017,3,0.41338107958225373,-3.2291123795937806,0.49322976091313386
2017_03_LA_SF,2017,3,0.4059188467635043,-3.649432127121655,0.48081584894827223
2017_03_MIA_NYJ,2017,3,0.3511779495240305,-5.638435006404859,0.4959091400547401
2017_03_NO_CAR,2017,3,0.6702280733255388,4.604789403824703,0.47356475621169253
2017_03_NYG_PHI,2017,3,0.651453554382529,4.2854768670046255,0.47889478106700917
2017_03_OAK_WAS,2017,3,0.37743196568563253,-3.7630728745813107,0.4922263518103537
2017_03_PIT_CHI,2017,3,0.33224696137107346,-6.363289776840499,0.5188086288066205
2017_03_SEA_TEN,2017,3,0.5651556471469225,1.7701705956687497,0.49320857497514375
2017_03_TB_MIN,2017,3,0.5085259019803751,0.03210203160651264,0.5009486552314921
2017_04_BUF_ATL,2017,4,0.7356506119405222,7.630734570477104,0.48908909446887994
2017_04_CAR_NE,2017,4,0.7654082840730141,8.82736250459966,0.49489848007378723
2017_04_CHI_GB,2017,4,0.7158310258964129,7.179446427642664,0.49052812168562526
2017_04_CIN_CLE,2017,4,0.42742015706534486,-2.6504324560385024,0.5103290141116206
2017_04_DET_MIN,2017,4,0.5820375667472338,2.27148306000586,0.49324735438820444
2017_04_IND_SEA,2017,4,0.8337866739803668,12.412402456419548,0.49741139862453415
2017_04_JAX_NYJ,2017,4,0.3591492157138615,-3.88470193934939,0.5034071638563447
2017_04_LA_DAL,2017,4,0.6705855932912901,5.220435143334509,0.506513851193015
2017_04_NO_MIA,2017,4,0.37704944580447813,-4.133365755945054,0.496058935303545
2017_04_NYG_TB,2017,4,0.5682229909641485,2.2669819864073473,0.49311436133424597
2017_04_OAK_DEN,2017,4,0.6128836585564752,3.081692366723163,0.4876404517902917
2017_04_PHI_LAC,2017,4,0.5494928581664645,1.3072298737538945,0.49430358959924303
2017_04_PIT_BAL,2017,4,0.4030036354600483,-3.1441217258170413,0.5105154406227508
2017_04_SF_ARI,2017,4,0.6875103380307348,5.600678284883266,0.47344353542646533
2017_04_TEN_HOU,2017,4,0.4383000224187873,-2.4081299039898894,0.5027148579790679
2017_04_WAS_KC,2017,4,0.6952969922708099,6.642388990865305,0.504207698926963
2017_05_ARI_PHI,2017,5,0.680896143587027,5.777848659691186,0.4934354398028749
2017_05_BAL_OAK,2017,5,0.6035416512865998,2.8274534692546904,0.4949011679761086
2017_05_BUF_CIN,2017,5,0.583655317817555,2.8347897990529223,0.49511794894724664
2017_05_CAR_DET,2017,5,0.5629119592412468,1.6587025416244647,0.48991529750803847
2017_05_GB_DAL,2017,5,0.5827928917457976,2.618315164537036,0.5034963198006818
2017_05_JAX_PIT,2017,5,0.7193062197650573,7.178465170478189,0.4904991324787974
2017_05_KC_HOU,2017,5,0.44033612721094373,-2.6350969314668875,0.4812389931671795
2017_05_LAC_NYG,2017,5,0.6149149126018514,3.174352677109826,0.5051522015556971
2017_05_MIN_CHI,2017,5,0.38653112239777043,-3.865279575112314,0.48920683798735
2017_05_NE_TB,2017,5,0.38779574168175857,-3.979557915804529,0.4858314296177166
2017_05_NYJ_CLE,2017,5,0.45049481582589096,-1.7520299042821774,0.49255262632718644
2017_05_SEA_LA,2017,5,0.5586106382680966,1.8035754595172615,0.49419560819995595
2017_05_SF_IND,2017,5,0.4935820461748255,-1.0107392516960019,0.49968264139929347
2017_05_TEN_MIA,2017,5,0.5115776151015432,-0.18984534325860491,0.49439001200224336
2017_06_CHI_BAL,2017,6,0.6731636425658742,5.090414929742947,0.4878980935422328
2017_06_CLE_HOU,2017,6,0.7335587221153927,7.1455263393193205,0.4895260531410893
2017_06_DET_NO,2017,6,0.6703298595891023,6.207316380731009,0.5061262236292075
2017_06_GB_MIN,2017,6,0.42762802075062656,-2.862790474726481,0.5040546472963668
2017_06_IND_TEN,2017,6,0.7088915234791815,6.656492277076373,0.4898500023667323
2017_06_LAC_OAK,2017,6,0.5899930107453767,2.656095045630814,0.4898382674729309
2017_06_LA_JAX,2017,6,0.5631080081065178,1.1117329567776562,0.5033018141981433
2017_06_MIA_ATL,2017,6,0.839827666750281,13.482287440846024,0.48470468029634184
2017_06_NE_NYJ,2017,6,0.2880953416246218,-8.915442745380416,0.5024987587714823
2017_06_NYG_DEN,2017,6,0.8408133760774775,13.98932016818828,0.4996843973323807
2017_06_PHI_CAR,2017,6,0.5809346666415208,2.787471017149568,0.4937197559288129
2017_06_PIT_KC,2017,6,0.6249223112581046,3.041260147675372,0.4864462586082747
2017_06_SF_WAS,2017,6,0.8060469276031013,12.363129987501129,0.5107296620597309
2017_06_TB_ARI,2017,6,0.45360962575560293,-2.263230706105965,0.5069964770209802
2017_07_ARI_LA,2017,7,0.5780332790298801,2.3271157274901877,0.48012363875731545
2017_07_ATL_NE,2017,7,0.6034722192801361,3.1401981096543077,0.5041429591287878
2017_07_BAL_MIN,2017,7,0.6378196776998446,4.420028785834101,0.48286637879907773
2017_07_CAR_CHI,2017,7,0.452555777901238,-2.0277454537556845,0.5139528805291753
2017_07_CIN_PIT,2017,7,0.6205108312282087,3.3815966306957925,0.4817317779135708
2017_07_DAL_SF,2017,7,0.3456734261930222,-6.395224747494493,0.5030962117434894
2017_07_DEN_LAC,2017,7,0.5076787346199529,-0.9230632826177516,0.5022735661728138
2017_07_JAX_IND,2017,7,0.39339473870371927,-3.0085590993793803,0.4997470676743826
2017_07_KC_OAK,2017,7,0.3947126968295091,-3.602636684241273,0.4821972274043162
2017_07_NO_GB,2017,7,0.3712338308272895,-3.62146511062209,0.4964105989313182
2017_07_NYJ_MIA,2017,7,0.5858181003701461,2.3145003918696045,0.47975131096189816
2017_07_SEA_NYG,2017,7,0.3975544455660534,-3.5011702284426955,0.5147377045552024
2017_07_TB_BUF,2017,7,0.5933644137996168,2.714306477675173,0.4915580208481684
2017_07_TEN_CLE,2017,7,0.3553692733096317,-5.354649529027283,0.504295209485228
2017_07_WAS_PHI,2017,7,0.6777720417838655,5.359014044141869,0.5106080741622898
2017_08_ATL_NYJ,2017,8,0.33067121371011876,-6.4043990213269755,0.5028251076794221
2017_08_CAR_TB,2017,8,0.539975238671329,1.2174282469604538,0.49165025269604873
2017_08_CHI_NO,2017,8,0.7490870213847696,7.0190872378316325,0.48579141749786714
2017_08_DAL_WAS,2017,8,0.40821989320576635,-2.783357843628735,0.5064017782589645
2017_08_DEN_KC,2017,8,0.7302916891533557,7.3182238907553065,0.5094030525053811
2017_08_HOU_SEA,2017,8,0.6795017210148412,5.425283266867956,0.4830215135068746
2017_08_IND_CIN,2017,8,0.8333265653446379,11.033425732176735,0.500987772162501
2017_08_LAC_NE,2017,8,0.7127052309199007,6.881817704804204,0.5112816978257902
2017_08_MIA_BAL,2017,8,0.583763115653242,2.5594079251341735,0.4869822512073033
2017_08_MIN_CLE,2017,8,0.22229669563454807,-10.606666317218666,0.5116218694876963
2017_08_OAK_BUF,2017,8,0.5853148317253631,2.6617467081143555,0.5047797079105458
2017_08_PIT_DET,2017,8,0.3904502298969286,-3.644692297579181,0.4809557561783564
2017_08_SF_PHI,2017,8,0.8547940783093951,12.749263537736235,0.4925908425683214
2017_09_ARI_SF,2017,9,0.43279489518754,-2.8287121390884615,0.4902870952962926
2017_09_ATL_CAR,2017,9,0.4305370891523421,-2.7814416834154803,0.5064583958906487
2017_09_BAL_TEN,2017,9,0.6136734248072174,3.046588738576682,0.5013767541271636
2017_09_BUF_NYJ,2017,9,0.3873190738062391,-3.4370596441993575,0.4870865839204841
2017_09_CIN_JAX,2017,9,0.6665670266422308,5.636859034691321,0.48927001364934597
2017_09_DEN_PHI,2017,9,0.7396625773992429,6.747983063999395,0.492553009489733
2017_09_DET_GB,2017,9,0.4071233641855725,-3.527584598360068,0.46966285743926167
2017_09_IND_HOU,2017,9,0.6744219724485794,4.9454719508862155,0.4688690080437858
2017_09_KC_DAL,2017,9,0.5485965255405221,1.8978736262041642,0.49698206371462283
2017_09_LA_NYG,2017,9,0.3446528714887681,-5.101373710393701,0.5117782055261605
2017_09_OAK_MIA,2017,9,0.4133354691336737,-3.0024653076552155,0.4999271470035262
2017_09_TB_NO,2017,9,0.7108170604691324,6.376995999150536,0.48159596698987883
2017_09_WAS_SEA,2017,9,0.7766344424780622,8.287890482131388,0.5085068874779608
2017_10_CIN_TEN,2017,10,0.637796096333056,4.150058768291892,0.48965994664258716
2017_10_CLE_DET,2017,10,0.7991121214646907,10.110802400971561,0.48850030575705594
2017_10_DAL_ATL,2017,10,0.6354590597018404,3.7089724467762304,0.5061751566841484
2017_10_GB_CHI,2017,10,0.6388721106911972,3.9539919856699006,0.48386916219695414
2017_10_HOU_LA,2017,10,0.8163187182113291,11.154677814615408,0.475035961702858
2017_10_LAC_JAX,2017,10,0.6662407751695053,4.779252267153424,0.49347691261988885
2017_10_MIA_CAR,2017,10,0.7461220573564249,8.204867550276367,0.5060538659868681
2017_10_MIN_WAS,2017,10,0.49042203299722165,-1.0766064294369486,0.49773619410092546
2017_10_NE_DEN,2017,10,0.307131690718248,-6.96559878796767,0.5010165987499128
2017_10_NO_BUF,2017,10,0.45262128097967735,-2.2593356075432007,0.4923367721642086
2017_10_NYG_SF,2017,10,0.44112545893789623,-2.3548839411315328,0.5190567522296926
2017_10_NYJ_TB,2017,10,0.5377823527692371,0.736113273304067,0.4922023060187427
2017_10_PIT_IND,2017,10,0.2404112459167148,-10.026854746806142,0.5139791859290239
2017_10_SEA_ARI,2017,10,0.2951919600089062,-6.8553742222508465,0.4747394998556735
2017_11_ARI_HOU,2017,11,0.5740754056771136,2.3858418947527955,0.4966265220685316
2017_11_ATL_SEA,2017,11,0.5699549413660705,1.7052464643898237,0.5208314602511951
2017_11_BAL_GB,2017,11,0.4370130088761057,-2.552306460500166,0.4984542810058259
2017_11_BUF_LAC,2017,11,0.7273563130137887,6.672920014449193,0.49033531329764185
2017_11_CIN_DEN,2017,11,0.5886588467484927,2.4070598561096612,0.4972535214771319
2017_11_DET_CHI,2017,11,0.39183032499020565,-3.1710336702798236,0.4949458713197822
2017_11_JAX_CLE,2017,11,0.2814945424650842,-7.087428602064783,0.512190115359184
2017_11_KC_NYG,2017,11,0.2463393723279334,-9.9700212115393,0.5008859108446403
2017_11_LA_MIN,2017,11,0.5445815834496908,1.1375758157013234,0.5040654710868132
2017_11_NE_OAK,2017,11,0.3006219425233815,-6.8659474677770245,0.5039613588191412
2017_11_PHI_DAL,2017,11,0.3121737579354771,-6.406771515745167,0.48798119968362413
2017_11_TB_MIA,2017,11,0.46838396428787815,-1.2435666632699152,0.49280268379975545
2017_11_TEN_PIT,2017,11,0.7192211909527896,7.201443210072542,0.5059526838083028
2017_11_WAS_NO,2017,11,0.7541115108524847,8.962739121946795,0.4841274433047551
2017_12_BUF_KC,2017,12,0.752070129417283,8.163985904475746,0.4900713785244786
2017_12_CAR_NYJ,2017,12,0.3314940506940246,-5.548497481822967,0.49856684041649163
2017_12_CHI_PHI,2017,12,0.8719666295679367,13.905688133944256,0.497212986306155
2017_12_CLE_CIN,2017,12,0.7443908223050322,7.070550844610722,0.4873113678149922
2017_12_DEN_OAK,2017,12,0.6373768418044596,3.1733802033511567,0.4903489084835696
2017_12_GB_PIT,2017,12,0.8769120370628072,14.528218360871216,0.5156055467263819
2017_12_HOU_BAL,2017,12,0.7463113962790905,7.653758467035348,0.50454366128132
2017_12_JAX_ARI,2017,12,0.31874005370727465,-6.3506436108505255,0.5044135824429994
2017_12_LAC_DAL,2017,12,0.4798894523669333,-1.131287782688882,0.4961203391231962
2017_12_MIA_NE,2017,12,0.8998030382723251,17.037976476524754,0.5011222520121918
2017_12_MIN_DET,2017,12,0.4307083123877434,-2.6751027584520863,0.4948256344370053
2017_12_NO_LA,2017,12,0.5774517777834608,2.349446533132113,0.49555104456041166
2017_12_NYG_WAS,2017,12,0.7068856935605199,6.973592652824167,0.4992196295864232
2017_12_SEA_SF,2017,12,0.2919150327578264,-7.35915437847529,0.4893877802452836
2017_12_TB_ATL,2017,12,0.7780766320819806,9.850432695628635,0.4808118589080128
2017_12_TEN_IND,2017,12,0.40175318395995296,-3.223812868494893,0.4933863462154574
2017_13_CAR_NO,2017,13,0.6775683734441607,4.800049002799745,0.47932481579245817
2017_13_CLE_LAC,2017,13,0.855236768920885,13.409956323512512,0.49733911383062906
2017_13_DEN_MIA,2017,13,0.47360179328802865,-1.1998034972965375,0.4940957664526882
2017_13_DET_BAL,2017,13,0.559356673682761,2.1604937272391145,0.48996821251149236
2017_13_HOU_TEN,2017,13,0.7083984355675077,6.34624446568344,0.4806882354646321
2017_13_IND_JAX,2017,13,0.7745381145466577,9.171773932660948,0.47554020427883775
2017_13_KC_NYJ,2017,13,0.39823985020699293,-3.102705932224099,0.5117388537675407
2017_13_LA_ARI,2017,13,0.28987988946697335,-7.505462399618393,0.49983857910364715
2017_13_MIN_ATL,2017,13,0.5518588973835403,1.9867873930465392,0.49960955061432916
2017_13_NE_BUF,2017,13,0.26911048097108214,-7.383112679945296,0.5034541267695058
2017_13_NYG_OAK,2017,13,0.7899761468279163,10.078631471374237,0.5023236474912689
2017_13_PHI_SEA,2017,13,0.384032555939412,-3.565572774959037,0.49806224818436196
2017_13_PIT_CIN,2017,13,0.33740689282629693,-5.252344339385348,0.4777787645909661
2017_13_SF_CHI,2017,13,0.588815863349585,2.542048676792179,0.5012425902136085
2017_13_TB_GB,2017,13,0.5869632699897861,2.520603736902098,0.4858362036500792
2017_13_WAS_DAL,2017,13,0.46345037807187506,-1.6166329843190823,0.49655338889593476
2017_14_BAL_PIT,2017,14,0.6617687609151395,5.565647107175604,0.48716653023948286
2017_14_CHI_CIN,2017,14,0.7066125800557618,6.213473328669616,0.5063081472255937
2017_14_DAL_NYG,2017,14,0.3801759083481777,-3.7397302982008283,0.5076908264055942
2017_14_DET_TB,2017,14,0.47584552325672635,-0.2746924775468243,0.4918830457807431
2017_14_GB_CLE,2017,14,0.4239770517901409,-2.6406150573143767,0.4958447202005346
2017_14_IND_BUF,2017,14,0.6065458585899051,3.179835198734863,0.4905396071346958
2017_14_MIN_CAR,2017,14,0.4613209335774311,-1.9125709621470526,0.5173538035290308
2017_14_NE_MIA,2017,14,0.21302105031351815,-10.149445990045717,0.49558376989796327
2017_14_NO_ATL,2017,14,0.5840113972608622,2.8077170168617904,0.5090926443663913
2017_14_NYJ_DEN,2017,14,0.4934423545996375,-0.8376890167783444,0.5047963817612662
2017_14_OAK_KC,2017,14,0.6587511442262505,4.232148959206136,0.49208517817954156
2017_14_PHI_LA,2017,14,0.4900583214914962,-0.9769050526629961,0.500682484923132
2017_14_SEA_JAX,2017,14,0.5903425634039927,2.9182834542759584,0.49758518622061604
2017_14_SF_HOU,2017,14,0.5683060855758413,1.2321266425014148,0.5068593014176307
2017_14_TEN_ARI,2017,14,0.4155257403910294,-2.881958819118568,0.4887141337337416
2017_14_WAS_LAC,2017,14,0.707041264010104,5.859625286376678,0.4958518222796421
2017_15_ARI_WAS,2017,15,0.6626563609107251,4.257128656247018,0.5075980215304255
2017_15_ATL_TB,2017,15,0.2681441594214499,-7.622559835913828,0.4816090786729596
2017_15_BAL_CLE,2017,15,0.30741543047512054,-6.021592996214211,0.5141345808594147
2017_15_CHI_DET,2017,15,0.6796639943766316,4.5167599423907845,0.48572268677392927
2017_15_CIN_MIN,2017,15,0.8254318342783334,11.949075622210165,0.48372399721587567
2017_15_DAL_OAK,2017,15,0.41239208638913083,-3.309511332662293,0.49085434515824633
2017_15_DEN_IND,2017,15,0.4255497062578859,-2.9887597222423556,0.5003321645572496
2017_15_GB_CAR,2017,15,0.5862303412644102,2.9172302790671987,0.49755406412263964
2017_15_HOU_JAX,2017,15,0.7902858158186453,9.805572028324363,0.4794878107608723
2017_15_LAC_KC,2017,15,0.5257902568014872,0.7370370971732816,0.4922296009997472
2017_15_LA_SEA,2017,15,0.47836526765073656,-1.4317331263871893,0.4872439078718369
2017_15_MIA_BUF,2017,15,0.62977929076264,3.670927803582121,0.5050510004346965
2017_15_NE_PIT,2017,15,0.4387554892963698,-2.3128184634974733,0.5055312767728994
2017_15_NYJ_NO,2017,15,0.8829935512501557,16.459141933341602,0.49879259367398004
2017_15_PHI_NYG,2017,15,0.2775928579714786,-7.2423247284090095,0.5076141717775986
2017_15_TEN_SF,2017,15,0.5453495716928181,2.2599373329462304,0.4929062147627491
2017_16_ATL_NO,2017,16,0.6598468272833073,4.768265689047445,0.47838689789878786
2017_16_BUF_NE,2017,16,0.821400109061029,10.694837378586925,0.49098282184400327
2017_16_CLE_CHI,2017,16,0.6888643023755529,5.85333006996249,0.5104401638995889
2017_16_DEN_WAS,2017,16,0.6256223479827463,3.63968772713858,0.5188965195949017
2017_16_DET_CIN,2017,16,0.4129186780715828,-2.7281402608735705,0.5080332603223067
2017_16_IND_BAL,2017,16,0.8608004940019471,13.60656882634147,0.5031492125224094
2017_16_JAX_SF,2017,16,0.3764333076956444,-3.544624267764355,0.513454384296925
2017_16_LAC_NYJ,2017,16,0.31754819677737145,-7.190948627897635,0.5091320659850078
2017_16_LA_TEN,2017,16,0.34175526856742733,-5.200294447345259,0.5088559552518729
2017_16_MIA_KC,2017,16,0.8142798646395764,10.97568989156578,0.499281605566363
2017_16_MIN_GB,2017,16,0.24290797134914854,-8.81016920706414,0.49083490924722506
2017_16_NYG_ARI,2017,16,0.5946487138161844,2.595083111751922,0.4880359815397911
2017_16_OAK_PHI,2017,16,0.7861354500796177,10.485152618343411,0.5143337955028147
2017_16_PIT_HOU,2017,16,0.2696244838003514,-7.838211838682683,0.5047809328178112
2017_16_SEA_DAL,2017,16,0.6299541035060963,3.8925625931752146,0.4820555023146204
2017_16_TB_CAR,2017,16,0.7812071833234904,9.284524582705718,0.4788666792884072
2017_17_ARI_SEA,2017,17,0.7641054586953253,8.175416666795654,0.5051836411746816
2017_17_BUF_MIA,2017,17,0.44472843883653784,-2.258242392231617,0.5071438649303104
2017_17_CAR_ATL,2017,17,0.6487123484547581,3.9260282495106953,0.46829620449640286
2017_17_CHI_MIN,2017,17,0.8335528705361333,12.578754541220224,0.47279713194670026
2017_17_CIN_BAL,2017,17,0.7739406775080032,7.973467329860738,0.49921592613955573
2017_17_CLE_PIT,2017,17,0.6753384019678779,4.690825210091662,0.4908642878167956
2017_17_DAL_PHI,2017,17,0.3983183339107631,-3.3690826970522765,0.5038687132424721
2017_17_GB_DET,2017,17,0.7268157273124487,6.7594208656012755,0.4781259103653327
2017_17_HOU_IND,2017,17,0.6467743775861547,4.610311430534144,0.47372758298759476
2017_17_JAX_TEN,2017,17,0.5637264618938289,2.0426996153542447,0.4864887722456071
2017_17_KC_DEN,2017,17,0.6144775518870036,3.0407887921585104,0.5012053591852348
2017_17_NO_TB,2017,17,0.31152786234931257,-6.04268220277919,0.49873868837473107
2017_17_NYJ_NE,2017,17,0.892554873331231,17.28022482393347,0.5082804076099998
2017_17_OAK_LAC,2017,17,0.7206863526423923,5.930295650409015,0.4684219148140237
2017_17_SF_LA,2017,17,0.33679421677938304,-6.338971969623977,0.5047584715809791
2017_17_WAS_NYG,2017,17,0.33502615870559826,-4.940984065015699,0.5017439908661926
2017_18_ATL_LA,2017,18,0.6767347161449525,6.730045729129936,0.5067978167723595
2017_18_BUF_JAX,2017,18,0.7653330528223733,8.63711815002464,0.5040519471801714
2017_18_CAR_NO,2017,18,0.6965495413114178,6.000863539797334,0.48525323859146263
2017_18_TEN_KC,2017,18,0.7801625037147348,8.347760614257043,0.495501226632462
2017_19_ATL_PHI,2017,19,0.45501712013728113,-2.3778161352541565,0.5036106403082553
2017_19_JAX_PIT,2017,19,0.7208700495138523,7.238358848727007,0.5070434431284708
2017_19_NO_MIN,2017,19,0.6560907077187323,5.500835473379195,0.5000246893077702
2017_19_TEN_NE,2017,19,0.8460406687245317,13.898008200083833,0.511759948138259
2017_20_JAX_NE,2017,20,0.7358503767868027,7.44344763201192,0.49832881002498697
2017_20_MIN_PHI,2017,20,0.43008461466156256,-2.9143726263190226,0.5025303815313379
2017_21_PHI_NE,2017,21,0.6546414170637145,4.694959295841824,0.505761096494327
2018_01_ATL_PHI,2018,1,0.5288261828497255,1.0146712498210897,0.500433554126508
2018_01_BUF_BAL,2018,1,0.7200059574664534,6.844242486682099,0.4806291439638676
2018_01_CHI_GB,2018,1,0.707866763399351,6.363671422717148,0.49597138450843203
2018_01_CIN_IND,2018,1,0.5175212846009554,-0.6208726622544658,0.5112022256038491
2018_01_DAL_CAR,2018,1,0.5725122638114188,2.340523530868576,0.49528737580953447
2018_01_HOU_NE,2018,1,0.6973250114978196,6.119190316944382,0.5035221806739796
2018_01_JAX_NYG,2018,1,0.4459523992127359,-2.143305612683416,0.5105395494129596
2018_01_KC_LAC,2018,1,0.6292902795049709,3.082430917349603,0.4876622664503331
2018_01_LA_OAK,2018,1,0.3307798404565829,-6.343610726388709,0.48984695946800727
2018_01_NYJ_DET,2018,1,0.720730948969194,6.631105033346215,0.48910003803029567
2018_01_PIT_CLE,2018,1,0.4074206082825955,-3.1656188303054043,0.5098803812994606
2018_01_SEA_DEN,2018,1,0.6073539647278778,3.2330248504442443,0.5068858406733749
2018_01_SF_MIN,2018,1,0.7003235940160195,5.801192238861828,0.4941251885241795
2018_01_TB_NO,2018,1,0.7586241988940999,8.72355417924864,0.4623355204882276
2018_01_TEN_MIA,2018,1,0.4978382365484887,-0.7826793738436193,0.5064218253200127
2018_01_WAS_ARI,2018,1,0.562804953108158,2.0533964540857186,0.501577929453003
2018_02_ARI_LA,2018,2,0.8431334147922614,12.865161006205854,0.48124660712888717
2018_02_BAL_CIN,2018,2,0.515020232077098,0.8834483948245073,0.4965557936641098
2018_02_CAR_ATL,2018,2,0.6588149775082333,4.907710641037835,0.4825027047971381
2018_02_CLE_NO,2018,2,0.7612450706468294,9.884636367553519,0.4965908984838632
2018_02_DET_SF,2018,2,0.679041712743186,5.272558093706272,0.47851355884546065
2018_02_HOU_TEN,2018,2,0.4080739823301994,-3.3026727955500528,0.5058310638393114
2018_02_IND_WAS,2018,2,0.6805427249073104,5.366345441376193,0.4812815700971904
2018_02_KC_PIT,2018,2,0.6358338608416603,4.380191924367059,0.49645956448121176
2018_02_LAC_BUF,2018,2,0.32045121586946435,-6.920800406380759,0.517110839830815
2018_02_MIA_NYJ,2018,2,0.6129805487331192,2.6193469690073896,0.4887527060552405
2018_02_MIN_GB,2018,2,0.4689921995506545,-2.0383278898655033,0.4988673633152399
2018_02_NE_JAX,2018,2,0.4520935691712917,-2.0580443364897247,0.4982847208431408
2018_02_NYG_DAL,2018,2,0.5942948419063261,2.79624714929158,0.493979071040029
2018_02_OAK_DEN,2018,2,0.6533687477970813,4.430494071492566,0.46842776003582376
2018_02_PHI_TB,2018,2,0.43609249704632536,-3.085448243289916,0.49747491189475257
2018_02_SEA_CHI,2018,2,0.6627636122747045,5.383000150494829,0.5113166265933475
2018_03_BUF_MIN,2018,3,0.894464108109797,16.25132390975185,0.49265171878397523
2018_03_CHI_ARI,2018,3,0.333805974379678,-5.611721948008881,0.5114725317145249
2018_03_CIN_CAR,2018,3,0.5674386628297434,2.1511297603434265,0.48969158522990963
2018_03_DAL_SEA,2018,3,0.5317669078368772,0.7837031173657738,0.4936084237103058
2018_03_DEN_BAL,2018,3,0.6925454475087436,5.663024287696193,0.5048174592913652
2018_03_GB_WAS,2018,3,0.4509875313507744,-2.415904346194678,0.5024851181426734
2018_03_IND_PHI,2018,3,0.7013748057132998,6.545090835782824,0.5013324894374476
2018_03_LAC_LA,2018,3,0.6960120650009315,6.679292921957698,0.4757619860541477
2018_03_NE_DET,2018,3,0.2844382384830945,-7.521585360352754,0.4845903188185998
2018_03_NO_ATL,2018,3,0.5515619088541588,1.363042094339699,0.49595278800194453
2018_03_NYG_HOU,2018,3,0.6734689289011655,6.5631846169900125,0.5018671794932927
2018_03_NYJ_CLE,2018,3,0.5797956477319994,2.5879139556702233,0.48782422077271254
2018_03_OAK_MIA,2018,3,0.604864089681131,2.885177218718216,0.49660688074725584
2018_03_PIT_TB,2018,3,0.5492225892511918,0.9620273692801365,0.4988778616358158
2018_03_SF_KC,2018,3,0.6857781641401747,5.74454861284332,0.4924515349869995
2018_03_TEN_JAX,2018,3,0.7597304612653342,8.996117747514754,0.4703613122387405
2018_04_BAL_PIT,2018,4,0.6076683600416968,3.089406502168891,0.5026420572685284
2018_04_BUF_GB,2018,4,0.7685534886759102,8.876391746817463,0.5111214170332898
2018_04_CIN_ATL,2018,4,0.6062332426384998,3.275730106681021,0.49337284240661056
2018_04_CLE_OAK,2018,4,0.5785600758495306,1.9624258643757053,0.48411819347471025
2018_04_DET_DAL,2018,4,0.5820550261031718,2.6005400602771567,0.5029710600109806
2018_04_HOU_IND,2018,4,0.49468114935408614,-1.1151324566454845,0.49659772977576266
2018_04_KC_DEN,2018,4,0.3841515168684868,-3.5006271880000077,0.49998146579178715
2018_04_MIA_NE,2018,4,0.7021896651809183,6.480646876160766,0.4994280906138659
2018_04_MIN_LA,2018,4,0.7355641223860014,7.288674641845856,0.4937553201968078
2018_04_NO_NYG,2018,4,0.40415238605407355,-3.5633985781861197,0.49812649774897266
2018_04_NYJ_JAX,2018,4,0.723109522574096,6.9482777539695135,0.48370043884164904
2018_04_PHI_TEN,2018,4,0.4399194251461098,-2.700206962439962,0.5088585399056093
2018_04_SEA_ARI,2018,4,0.38442850794633854,-3.198787734393534,0.5089004695220154
2018_04_SF_LAC,2018,4,0.7669021842746325,9.256881117365646,0.4780509707870332
2018_04_TB_CHI,2018,4,0.5857078670559379,3.133822732597834,0.5039545682802804
2018_05_ARI_SF,2018,5,0.5926750820578441,2.443902579064332,0.48357125560854874
2018_05_ATL_PIT,2018,5,0.6156493347275873,3.5291241684625647,0.5008606557902682
2018_05_BAL_CLE,2018,5,0.4068208918743965,-2.734672732722351,0.5078402556229038
2018_05_DAL_HOU,2018,5,0.6160219259435615,3.7841484998054953,0.5083963319262352
2018_05_DEN_NYJ,2018,5,0.505032730071398,-0.7646603162326788,0.5069542366696584
2018_05_GB_DET,2018,5,0.5369065859854718,0.6340538857760728,0.48918714812558317
2018_05_IND_NE,2018,5,0.7906457189641489,10.659530066943756,0.504714207963879
2018_05_JAX_KC,2018,5,0.5848502510098379,2.829170454661541,0.4949519029895791
2018_05_LA_SEA,2018,5,0.27562549272493103,-7.465105240770781,0.5010311836532996
2018_05_MIA_CIN,2018,5,0.6779385739010515,5.913251349764112,0.4974364839864819
2018_05_MIN_PHI,2018,5,0.6132139823782224,3.053530460956299,0.48680865833173825
2018_05_NYG_CAR,2018,5,0.6991858191853018,7.07052654666616,0.5020841402499473
2018_05_OAK_LAC,2018,5,0.6680171297065154,5.022048649328072,0.48587887582915457
2018_05_TEN_BUF,2018,5,0.33250303184444374,-5.427154216777565,0.5169232474442103
2018_05_WAS_NO,2018,5,0.674440335787913,5.592567898339339,0.5027354784499892
2018_06_ARI_MIN,2018,6,0.7662629013092177,9.414549247997899,0.48270460221728584
2018_06_BAL_TEN,2018,6,0.4486722118652426,-2.1127447625637537,0.5114423187011987
2018_06_BUF_HOU,2018,6,0.7770558202534353,10.04168262319244,0.48645873610132323
2018_06_CAR_WAS,2018,6,0.48056888788839625,-0.9552868669951149,0.5013213278986279
2018_06_CHI_MIA,2018,6,0.321320421390882,-7.293214209231279,0.5061105458606789
2018_06_IND_NYJ,2018,6,0.5745602884344887,1.907249792239672,0.48248909923619193
2018_06_JAX_DAL,2018,6,0.4233789401964613,-2.3960087131681607,0.5178427628821165
2018_06_KC_NE,2018,6,0.6510081767342073,4.557130807407223,0.5164592563387428
2018_06_LAC_CLE,2018,6,0.5321456294511981,1.291223987752256,0.5086053741789791
2018_06_LA_DEN,2018,6,0.28852009403806295,-6.763037949486064,0.5070021723491165
2018_06_PHI_NYG,2018,6,0.44777483418947694,-2.034674552775601,0.4842038123172453
2018_06_PIT_CIN,2018,6,0.5185339003422228,0.7166664134738386,0.49162774448581104
2018_06_SEA_OAK,2018,6,0.39909834134360844,-3.103666934571816,0.4969365394941262
2018_06_SF_GB,2018,6,0.7630087075857847,9.002518565265177,0.5000744268269927
2018_06_TB_ATL,2018,6,0.582362919387407,2.2631880950141525,0.4782370702808276
2018_07_BUF_IND,2018,7,0.6940996837136042,6.719425575190674,0.49170926346484567
2018_07_CAR_PHI,2018,7,0.6572035057086494,5.043589680807143,0.5012881286256923
2018_07_CIN_KC,2018,7,0.6931466551928454,6.687963576062403,0.5055543848123069
2018_07_CLE_TB,2018,7,0.6133457295306368,3.4887572315735893,0.49966776184032574
2018_07_DAL_WAS,2018,7,0.46648958876274216,-1.3433126167396185,0.5046302087835531
2018_07_DEN_ARI,2018,7,0.476501405565264,-1.2449582767812968,0.49276156657013986
2018_07_DET_MIA,2018,7,0.40391671989358824,-3.3041291504458994,0.4910133544587347
2018_07_HOU_JAX,2018,7,0.6517200936106938,3.5266928976303533,0.4860160341582646
2018_07_LA_SF,2018,7,0.25928782012224527,-7.611199718920537,0.511487957862279
2018_07_MIN_NYJ,2018,7,0.406220771592392,-3.412420057910277,0.502588081239832
2018_07_NE_CHI,2018,7,0.47121783454700084,-0.9926443803191223,0.5002173679662267
2018_07_NO_BAL,2018,7,0.589441989856193,2.1467869913442286,0.4895632942276392
2018_07_NYG_ATL,2018,7,0.6468529985069372,4.86119478690559,0.5106724949797576
2018_07_TEN_LAC,2018,7,0.7240162595462358,7.066339753328485,0.516731156987706
2018_08_BAL_CAR,2018,8,0.4386373335191867,-2.195192209885362,0.5090066951124205
2018_08_CLE_PIT,2018,8,0.7818724396716323,8.344686729853661,0.4954103953068035
2018_08_DEN_KC,2018,8,0.7464167767482213,7.609268118379054,0.47369681873651825
2018_08_GB_LA,2018,8,0.7338312236548359,6.993399844158251,0.48503282979885276
2018_08_IND_OAK,2018,8,0.3921088272354606,-3.729316699442353,0.49322372387031976
2018_08_MIA_HOU,2018,8,0.7295628540599043,7.961116363681228,0.5136239295993938
2018_08_NE_BUF,2018,8,0.16929074593787702,-13.020121119662766,0.5141780493085897
2018_08_NO_MIN,2018,8,0.42617996198397556,-3.1827183675360526,0.47983339472105413
2018_08_NYJ_CHI,2018,8,0.7483311121303886,8.465382132768594,0.49897699883254776
2018_08_PHI_JAX,2018,8,0.34691102048166156,-4.133761790334078,0.4960472325531815
2018_08_SEA_DET,2018,8,0.6048288898289409,2.9680889964435866,0.4990569898760444
2018_08_SF_ARI,2018,8,0.4391044857012222,-2.4504631590265484,0.5014638737743482
2018_08_TB_CIN,2018,8,0.6147851108398277,3.3280052630333863,0.49491747286100135
2018_08_WAS_NYG,2018,8,0.4841657440114262,-1.028616343597517,0.4991543510502083
2018_09_ATL_WAS,2018,9,0.5367851178458011,0.7486955462086172,0.47780944692451655
2018_09_CHI_BUF,2018,9,0.25012231653822153,-9.788883511531163,0.521004688463835
2018_09_DET_MIN,2018,9,0.6453847875076211,3.9059935293690953,0.4824520109040334
2018_09_GB_NE,2018,9,0.6783476229629989,5.270792979877333,0.5080017425872941
2018_09_HOU_DEN,2018,9,0.540236143588152,1.0860621977087788,0.5025432308781606
2018_09_KC_CLE,2018,9,0.26795824147619374,-7.274270581401797,0.5066702824436451
2018_09_LAC_SEA,2018,9,0.5015995399587178,0.31799937914190424,0.47985457797721387
2018_09_LA_NO,2018,9,0.4473866654781025,-2.9827235041223297,0.4857379418246724
2018_09_NYJ_MIA,2018,9,0.5853000997156242,2.5314789004539757,0.48615738064648367
2018_09_OAK_SF,2018,9,0.47017015535906165,-1.6959097736442796,0.4942108186130465
2018_09_PIT_BAL,2018,9,0.5477008318902449,1.0433132393525,0.486506895233528
2018_09_TB_CAR,2018,9,0.6752779358661489,4.88535609129646,0.4670982328381321
2018_09_TEN_DAL,2018,9,0.6612827209996919,4.33381889628584,0.495089259688729
2018_10_ARI_KC,2018,10,0.8801910239579328,16.34862885371946,0.49552688259784206
2018_10_ATL_CLE,2018,10,0.33803194233048145,-5.153742751021353,0.5102312231376321
2018_10_BUF_NYJ,2018,10,0.7230910713282439,6.498917876107471,0.49996802185385925
2018_10_CAR_PIT,2018,10,0.6442065099858574,4.138580030767999,0.5188638224132758
2018_10_DAL_PHI,2018,10,0.7281822348714708,7.949824995555998,0.5132904450829605
2018_10_DET_CHI,2018,10,0.7161434793241525,6.939906875915808,0.4834532783226428
2018_10_JAX_IND,2018,10,0.5909843151320202,2.761995526774954,0.4929670274914568
2018_10_LAC_OAK,2018,10,0.2413114334661564,-9.730429137222883,0.5227294931149924
2018_10_MIA_GB,2018,10,0.8193903063074163,12.747021571987649,0.49252460113942265
2018_10_NE_TEN,2018,10,0.33150193158727254,-5.6633647316183,0.5099469722329528
2018_10_NO_CIN,2018,10,0.31568520288511115,-5.4906137490741225,0.5002773757071922
2018_10_NYG_SF,2018,10,0.6293668976662165,3.45204927278857,0.5133561386634242
2018_10_SEA_LA,2018,10,0.7461772369586517,9.003284811883521,0.4705725275537299
2018_10_WAS_TB,2018,10,0.5947399972656195,3.1997912794302965,0.49112917916209015
2018_11_CAR_DET,2018,11,0.37598104830583545,-4.03007185484854,0.49911133893127346
2018_11_CIN_BAL,2018,11,0.6759969255173893,5.8296500214661195,0.4801984377669272
2018_11_DAL_ATL,2018,11,0.6244941065017082,3.606697647105018,0.5031530192221141
2018_11_DEN_LAC,2018,11,0.7170542500265065,6.553471317627299,0.4720517660194091
2018_11_GB_SEA,2018,11,0.614167702456441,3.1608967394700374,0.5047545920424208
2018_11_HOU_WAS,2018,11,0.42835858181340564,-2.808808510896456,0.5056497643693976
2018_11_KC_LA,2018,11,0.6240937854723756,3.392103243612282,0.5115855238171537
2018_11_MIN_CHI,2018,11,0.5720247871411828,2.4504121925442774,0.4985346201110121
2018_11_OAK_ARI,2018,11,0.6368062385380715,4.302849097832928,0.4941741455627882
2018_11_PHI_NO,2018,11,0.725242491214461,6.757978964808788,0.49284835170165603
2018_11_PIT_JAX,2018,11,0.3624592736494435,-3.9919768621464167,0.5002370939794715
2018_11_TB_NYG,2018,11,0.5920929988657759,2.710898867192028,0.49145734441310207
2018_11_TEN_IND,2018,11,0.5599438640335842,1.8566103550774753,0.4957627321211282
2018_12_ARI_LAC,2018,12,0.8714820921178325,13.89019162138377,0.4967550576354907
2018_12_ATL_NO,2018,12,0.7945495274900553,11.336106615332687,0.4951568596632286
2018_12_CHI_DET,2018,12,0.38745370581698646,-3.261876480053826,0.49226170011835
2018_12_CLE_CIN,2018,12,0.46203635204135474,-1.7584479917663818,0.4775986760005802
2018_12_GB_MIN,2018,12,0.6451541115375646,4.143191248143247,0.504231405330335
2018_12_JAX_BUF,2018,12,0.40699772296082615,-3.009042393562326,0.4997327857156812
2018_12_MIA_IND,2018,12,0.7549433612321332,8.504427544907486,0.4853584880542732
2018_12_NE_NYJ,2018,12,0.20424873710758462,-12.460795560705328,0.5159299457883224
2018_12_NYG_PHI,2018,12,0.63641128173313,3.6850740516183143,0.47593251264653474
2018_12_OAK_BAL,2018,12,0.836950686344063,13.157889257594762,0.5046657232980079
2018_12_PIT_DEN,2018,12,0.40976714455971364,-2.809249812651676,0.5056367246424005
2018_12_SEA_CAR,2018,12,0.6204587854651505,3.4951639624299617,0.5146294485887258
2018_12_SF_TB,2018,12,0.5640152171136983,1.131382057919447,0.48910822140755256
2018_12_TEN_HOU,2018,12,0.6287829801388991,3.7601356879766907,0.5076868668611472
2018_12_WAS_DAL,2018,12,0.708858820861954,6.6105979882318335,0.48849426761004733
2018_13_ARI_GB,2018,13,0.8544510666503737,13.600724290627719,0.5029765041024057
2018_13_BAL_ATL,2018,13,0.5987262986652702,2.8496692582533543,0.5103320188913373
2018_13_BUF_MIA,2018,13,0.6061192728125677,2.685347456059966,0.47594057739564805
2018_13_CAR_TB,2018,13,0.3775532627396028,-3.754466870146101,0.4924806235368138
2018_13_CHI_NYG,2018,13,0.38263074346823467,-3.3238110834210075,0.5052064602093291
2018_13_CLE_HOU,2018,13,0.660219153953572,4.799765660338807,0.4940830359067052
2018_13_DEN_CIN,2018,13,0.3931751489517784,-3.320077815485082,0.5053167734598448
2018_13_IND_JAX,2018,13,0.3540005306857048,-4.6005826622873025,0.48225786614041705
2018_13_KC_OAK,2018,13,0.1830275904951668,-13.693812176106498,0.5090474664363654
2018_13_LAC_PIT,2018,13,0.6441498480303415,4.227244434356868,0.5214806140694915
2018_13_LA_DET,2018,13,0.24995296324257943,-10.185904128845682,0.5092810976909926
2018_13_MIN_NE,2018,13,0.680680376052894,6.134491573437259,0.50397433240729
2018_13_NO_DAL,2018,13,0.2805661064606804,-7.19035109315823,0.49437506792699737
2018_13_NYJ_TEN,2018,13,0.7786823541367376,9.977751681751784,0.4845707421996007
2018_13_SF_SEA,2018,13,0.8209963762675099,9.814754564050848,0.4945259320340467
2018_13_WAS_PHI,2018,13,0.6622869616978981,5.112672990354861,0.4885555612107692
2018_14_ATL_GB,2018,14,0.6270836152763021,3.7379272064435627,0.4922558998952718
2018_14_BAL_KC,2018,14,0.6983458963834251,6.200732695156212,0.49115699234551713
2018_14_CAR_CLE,2018,14,0.4629758401026411,-1.1488195676666066,0.4956022803516224
2018_14_CIN_LAC,2018,14,0.893285389956256,16.875362507493097,0.4963168548803786
2018_14_DEN_SF,2018,14,0.4124889327290485,-2.6315926450643294,0.510885557790871
2018_14_DET_ARI,2018,14,0.45616770332731527,-2.033011068465589,0.5137973689977072
2018_14_IND_HOU,2018,14,0.6229836582181505,3.368229099330695,0.4813371734988308
2018_14_JAX_TEN,2018,14,0.6647731894450686,5.437135608863534,0.4981422834874559
2018_14_LA_CHI,2018,14,0.4318678288847801,-3.1470480202565576,0.4956546287021206
2018_14_MIN_SEA,2018,14,0.622369553675777,3.6021948934927495,0.517789730105437
2018_14_NE_MIA,2018,14,0.26544750572515785,-8.297564622630265,0.5059820003418776
2018_14_NO_TB,2018,14,0.26058776438141595,-8.160458458416603,0.5100328293977925
2018_14_NYG_WAS,2018,14,0.3970894656183931,-3.138565630642683,0.49590528014444824
2018_14_NYJ_BUF,2018,14,0.6462723487572113,4.508266081970147,0.500244273287785
2018_14_PHI_DAL,2018,14,0.6204369128417516,3.405133366561026,0.49719659262227217
2018_14_PIT_OAK,2018,14,0.2575752130336208,-10.071493874851544,0.5126607785000785
2018_15_ARI_ATL,2018,15,0.7833453151355636,9.893225012944447,0.49684469535478337
2018_15_CLE_DEN,2018,15,0.5503727281310598,1.0712411716948118,0.5021052580431784
2018_15_DAL_IND,2018,15,0.603138301953392,3.0881952340020336,0.502606263518121
2018_15_DET_BUF,2018,15,0.5741970536678715,2.4473580817279186,0.49844436787415713
2018_15_GB_CHI,2018,15,0.6817478973976501,5.402150212318805,0.4823385465675663
2018_15_HOU_NYJ,2018,15,0.3115609598874497,-6.658585818913873,0.5100881506949662
2018_15_LAC_KC,2018,15,0.6367515109779349,3.7744872470510735,0.5081108906498315
2018_15_MIA_MIN,2018,15,0.7423059126532174,7.6050772802039175,0.5031051367790018
2018_15_NE_PIT,2018,15,0.45554081193863855,-2.322119481290492,0.5052564449194672
2018_15_NO_CAR,2018,15,0.3015000858916934,-6.129069617617965,0.4961858856927946
2018_15_OAK_CIN,2018,15,0.5977082690003065,3.0833861756711496,0.5024641525590143
2018_15_PHI_LA,2018,15,0.8285044611146977,13.548254664004721,0.5014259840522354
2018_15_SEA_SF,2018,15,0.3624369940209917,-3.3432131438481387,0.5046331481367118
2018_15_TB_BAL,2018,15,0.7468950699576797,8.04269653593528,0.48648868129702993
2018_15_TEN_NYG,2018,15,0.4645670784001047,-1.953981744263909,0.5161311402022639
2018_15_WAS_JAX,2018,15,0.7130792601219821,6.973573068231918,0.4844473519260236
2018_16_ATL_CAR,2018,16,0.41552481683076353,-2.4926228835281914,0.5002180032238207
2018_16_BAL_LAC,2018,16,0.6491556343870359,4.2709224449960965,0.5080055676773091
2018_16_BUF_NE,2018,16,0.8589203506866926,13.968109349376155,0.49905759132957495
2018_16_CHI_SF,2018,16,0.39593070344609516,-3.0139212480416213,0.5143611462356289
2018_16_CIN_CLE,2018,16,0.7692128529690433,9.350659316505842,0.48081854809996594
2018_16_DEN_OAK,2018,16,0.4180222023854143,-2.9079713857436107,0.4879457581290058
2018_16_GB_NYJ,2018,16,0.4304148449462216,-2.8173152413225706,0.5053984037005588
2018_16_HOU_PHI,2018,16,0.5570222231128873,1.165586335177139,0.50489316546652
2018_16_JAX_MIA,2018,16,0.5918298841833713,2.9601002739033615,0.4988209137375989
2018_16_KC_SEA,2018,16,0.491793377920573,-0.9531123437447093,0.5013855874742512
2018_16_LA_ARI,2018,16,0.1997320484834516,-13.842966342578977,0.5194085231773116
2018_16_MIN_DET,2018,16,0.32784400858394314,-6.4209251292890555,0.5023367502857164
2018_16_NYG_IND,2018,16,0.7667663674608686,9.823335075131016,0.4947794743375675
2018_16_PIT_NO,2018,16,0.6892519994145134,6.1378744391661515,0.4893000093276423
2018_16_TB_DAL,2018,16,0.7152038495673617,6.818313493748535,0.49463109325028093
2018_16_WAS_TEN,2018,16,0.83626869492135,12.505324023020194,0.5001573316910762
2018_17_ARI_SEA,2018,17,0.8806581591895042,15.700620805347448,0.5059283833904311
2018_17_ATL_TB,2018,17,0.42979678831903134,-2.4782404537157054,0.5006430221671431
2018_17_CAR_NO,2018,17,0.7604072461334465,7.8854196019707254,0.4966140432240943
2018_17_CHI_MIN,2018,17,0.6559673406935125,4.825647773711545,0.4653401064633788
2018_17_CIN_PIT,2018,17,0.8472666748176287,13.790566254727342,0.4938112129915141
2018_17_CLE_BAL,2018,17,0.7308607277235957,5.988664473805691,0.47014167110267036
2018_17_DAL_NYG,2018,17,0.7346122905803597,7.209207124800998,0.4914073627892256
2018_17_DET_GB,2018,17,0.7131593513292197,7.163757784088041,0.4900646393642467
2018_17_IND_TEN,2018,17,0.33793440573235145,-5.514094527321681,0.48481151972563447
2018_17_JAX_HOU,2018,17,0.6964335696983017,6.100710022420381,0.4734444712326442
2018_17_LAC_DEN,2018,17,0.30598796659861816,-6.723387828767697,0.5081736718002176
2018_17_MIA_BUF,2018,17,0.6629569501394275,5.155251117598902,0.489813336429986
2018_17_NYJ_NE,2018,17,0.8560865512825337,13.607427960708037,0.4884006285195612
2018_17_OAK_KC,2018,17,0.8411072050684976,14.268193790292546,0.4931501663838299
2018_17_PHI_WAS,2018,17,0.31776963901864297,-6.0262346305330565,0.4992247335745986
2018_17_SF_LA,2018,17,0.7779985580753738,9.930806166007695,0.4831845758333048
2018_18_IND_HOU,2018,18,0.5604192528884131,2.0917265444902475,0.5027106159459791
2018_18_LAC_BAL,2018,18,0.5914279737992564,2.590779729654768,0.48790886889053947
2018_18_PHI_CHI,2018,18,0.6881985960469321,6.731536747507013,0.5068418718356653
2018_18_SEA_DAL,2018,18,0.5803934925934616,2.7504978581177117,0.5074021075886436
2018_19_DAL_LA,2018,19,0.7369928629084384,8.046118402899662,0.5161340972590363
2018_19_IND_KC,2018,19,0.643039109738851,3.7895197695469998,0.4937802917546923
2018_19_LAC_NE,2018,19,0.631130724061318,3.7923886002421088,0.49386505921032475
2018_19_PHI_NO,2018,19,0.7412133743917393,8.547928300571574,0.5014163396562261
2018_20_LA_NO,2018,20,0.6125349283640205,3.2661795987744857,0.5078654382298299
2018_20_NE_KC,2018,20,0.606453603669055,2.8411602827032527,0.4953061913336593
2018_21_NE_LA,2018,21,0.4430721545366668,-2.3587087090049033,0.48940094569447695
2019_01_ATL_MIN,2019,1,0.6062554604638817,3.413416696015554,0.4974413700791748
2019_01_BAL_MIA,2019,1,0.3224066855443015,-7.032421652712943,0.49904189958265927
2019_01_BUF_NYJ,2019,1,0.5794445650571107,2.0562225012882047,0.48688816833750015
2019_01_CIN_SEA,2019,1,0.7686750965877152,9.620516068882853,0.503561356796803
2019_01_DEN_OAK,2019,1,0.42218070188243495,-3.210027042919609,0.4937936824022795
2019_01_DET_ARI,2019,1,0.4476998055919984,-2.204414346202452,0.5087342365552409
2019_01_GB_CHI,2019,1,0.6372862511908757,3.674061562554035,0.5051435994641748
2019_01_HOU_NO,2019,1,0.7219134529934673,6.9556056691053945,0.5134611753592093
2019_01_IND_LAC,2019,1,0.7014625977880311,6.046140168746125,0.5013634983926654
2019_01_KC_JAX,2019,1,0.41082473092208227,-3.2479230066200837,0.5074487649734077
2019_01_LA_CAR,2019,1,0.47818588379004023,-1.5427934995968258,0.4987353994277878
2019_01_NYG_DAL,2019,1,0.6960928895546913,6.382107543298325,0.4817468602158287
2019_01_PIT_NE,2019,1,0.6772491128307871,5.909903701535811,0.5121113180838728
2019_01_SF_TB,2019,1,0.5350775397608601,0.9858329333216185,0.49958134512222896
2019_01_TEN_CLE,2019,1,0.6493293599962302,5.254967360812355,0.4927593694276828
2019_01_WAS_PHI,2019,1,0.7589106201466526,9.029339994383882,0.4566259211374719
2019_02_ARI_BAL,2019,2,0.8418029333519896,12.63785602675911,0.4892994654131732
2019_02_BUF_NYG,2019,2,0.4911784812340825,-1.0654718207409573,0.49806523147559245
2019_02_CHI_DEN,2019,2,0.4466258718955011,-2.6912606253233995,0.5091228484749242
2019_02_CLE_NYJ,2019,2,0.328628517097287,-6.996069042957704,0.485343823141345
2019_02_DAL_WAS,2019,2,0.3474482441633666,-5.64934533388529,0.5103611291609947
2019_02_IND_TEN,2019,2,0.6324523265140316,2.6294660036186768,0.48905162076392195
2019_02_JAX_HOU,2019,2,0.7349987716088175,6.6852329904645,0.4759372009448781
2019_02_KC_OAK,2019,2,0.31791700851655447,-7.098269391202737,0.4970960393475795
2019_02_LAC_DET,2019,2,0.5042508224429681,-0.8101763972151952,0.5056093456024424
2019_02_MIN_GB,2019,2,0.5960082320730726,2.6855390484986996,0.490708116640499
2019_02_NE_MIA,2019,2,0.1798416522599221,-17.298789277237322,0.5207123606171723
2019_02_NO_LA,2019,2,0.5724257716527881,2.2185946403341377,0.5064594691632603
2019_02_PHI_ATL,2019,2,0.4981872272954283,-1.2309988956159155,0.49317402004412036
2019_02_SEA_PIT,2019,2,0.6400711592007247,4.377627947191512,0.5111579340941339
2019_02_SF_CIN,2019,2,0.5232121450032858,0.8821587729821683,0.4965176851239526
2019_02_TB_CAR,2019,2,0.7104376749219521,6.185163557347227,0.49069702340983473
2019_03_ATL_IND,2019,3,0.5337935157058551,0.5561107724960754,0.48688486839255973
2019_03_BAL_KC,2019,3,0.6484741572371598,4.730931937716474,0.5068240015538058
2019_03_CAR_ARI,2019,3,0.577548748542918,2.3849851709241636,0.49660120569473337
2019_03_CHI_WAS,2019,3,0.3644771877517601,-4.856597014925591,0.5042376620751974
2019_03_CIN_BUF,2019,3,0.6780477645656562,5.211657377186169,0.4914797542286813
2019_03_DEN_GB,2019,3,0.7318321022181895,6.898452293558271,0.4969991635891129
2019_03_DET_PHI,2019,3,0.6327641501761465,3.9871284559269555,0.4996196294543125
2019_03_HOU_LAC,2019,3,0.6035038698102995,3.030283776704029,0.5008949236151755
2019_03_LA_CLE,2019,3,0.35060898394733275,-4.535024849047464,0.48419346873498265
2019_03_MIA_DAL,2019,3,0.9087759300737578,21.50701277632653,0.48543483376255037
2019_03_NO_SEA,2019,3,0.6745893607974971,5.031648910776136,0.5009352649682725
2019_03_NYG_TB,2019,3,0.6645451159124999,4.959068217723181,0.4987904152930923
2019_03_NYJ_NE,2019,3,0.9013883593872145,19.966101396199885,0.48422672465163275
2019_03_OAK_MIN,2019,3,0.7684107753430214,8.410761674496088,0.4973629124584099
2019_03_PIT_SF,2019,3,0.7134114159118549,5.350075316861895,0.48080131013284244
2019_03_TEN_JAX,2019,3,0.4404355930326987,-1.7821482694087358,0.4916627644424136
2019_04_CAR_HOU,2019,4,0.6801204149578466,5.374363366185985,0.49628733024426475
2019_04_CIN_PIT,2019,4,0.6258058610089576,3.6402588881091056,0.504144755113033
2019_04_CLE_BAL,2019,4,0.7266737031849952,6.584190718097127,0.47295740652043483
2019_04_DAL_NO,2019,4,0.41877221574382795,-3.2229812960513318,0.4786451855278871
2019_04_JAX_DEN,2019,4,0.5689394907610069,2.126153122301286,0.48895375807976105
2019_04_KC_DET,2019,4,0.2935215995624676,-7.472309048641972,0.5008183024840572
2019_04_LAC_MIA,2019,4,0.21685296558097372,-14.28415292586201,0.5211442882254068
2019_04_MIN_CHI,2019,4,0.4818870033386863,-1.0207712705397827,0.4993861826098901
2019_04_NE_BUF,2019,4,0.2842470393137241,-7.040010139014576,0.49881765090883223
2019_04_OAK_IND,2019,4,0.6856299836731299,5.55743116715158,0.5016971593837644
2019_04_PHI_GB,2019,4,0.6486022339692225,3.918112883562558,0.512353795867203
2019_04_SEA_ARI,2019,4,0.3613348258366233,-4.659670916035346,0.5248167730371304
2019_04_TB_LA,2019,4,0.7832742293129116,9.00203405180937,0.5000601088343862
2019_04_TEN_ATL,2019,4,0.6054836696758744,3.398507512908094,0.4970007953454436
2019_04_WAS_NYG,2019,4,0.5812500357869286,2.6995058496044035,0.49112074643267134
2019_05_ARI_CIN,2019,5,0.591020505873548,2.557865447016868,0.4869366933587621
2019_05_ATL_HOU,2019,5,0.6247964071259227,3.4841481669100274,0.48475962685997587
2019_05_BAL_PIT,2019,5,0.3839712813620385,-3.8350272273738404,0.4901005327360054
2019_05_BUF_TEN,2019,5,0.6068411515926785,2.802563154613115,0.4793990127583918
2019_05_CHI_OAK,2019,5,0.3199675926935377,-6.352153083437589,0.5043689782982335
2019_05_CLE_SF,2019,5,0.6721700596561961,5.499362642758797,0.5147534408235535
2019_05_DEN_LAC,2019,5,0.6318250259478058,2.90444623744122,0.4676604840851509
2019_05_GB_DAL,2019,5,0.6045898237131682,2.836325275840597,0.4803954594464672
2019_05_IND_KC,2019,5,0.7969283045933012,10.994647621747156,0.5146142003103921
2019_05_JAX_CAR,2019,5,0.6131968276561801,2.9880716756453842,0.49964750279257775
2019_05_LA_SEA,2019,5,0.5506347672366881,1.1814242894714817,0.49058655366122134
2019_05_MIN_NYG,2019,5,0.3633601001095771,-5.3039018809521234,0.5057947466481195
2019_05_NE_WAS,2019,5,0.17975948949664533,-14.836970860412737,0.5195854857205409
2019_05_NYJ_PHI,2019,5,0.8552563105944391,13.772285463338651,0.49327106304884494
2019_05_TB_NO,2019,5,0.5935264372045307,2.574427352558696,0.48742586616098493
2019_06_ATL_ARI,2019,6,0.41433132135750506,-3.182236735307133,0.4946148347543151
2019_06_CAR_TB,2019,6,0.4457706332349829,-2.292947297659385,0.4913437117256414
2019_06_CIN_BAL,2019,6,0.7888073485527506,9.383961494575667,0.46705716113121204
2019_06_DAL_NYJ,2019,6,0.3024269489031934,-6.614071841658403,0.51140311789177
2019_06_DET_GB,2019,6,0.6368136057241656,3.798197220278432,0.5088113930270389
2019_06_HOU_KC,2019,6,0.6358920608663916,3.594881314842775,0.5028038412212892
2019_06_NO_JAX,2019,6,0.5695250401337741,2.3599448034092076,0.4958612639076725
2019_06_NYG_NE,2019,6,0.8921744636840502,16.46057632045694,0.49883498146189886
2019_06_PHI_MIN,2019,6,0.6117472488633833,3.511744786516243,0.5003470734314492
2019_06_PIT_LAC,2019,6,0.6895010253186544,5.966319181346861,0.4990046897288859
2019_06_SEA_CLE,2019,6,0.5341620902038806,0.9737830712304073,0.4992252566833807
2019_06_SF_LA,2019,6,0.600056100869485,3.1917672536787043,0.5056667772382104
2019_06_TEN_DEN,2019,6,0.5407006514227541,1.0119689200364355,0.5003536968613138
2019_06_WAS_MIA,2019,6,0.3341883123854824,-6.105240549835948,0.4968900385407577
2019_07_ARI_NYG,2019,7,0.6430454005679862,3.951674969145126,0.5133450837059528
2019_07_BAL_SEA,2019,7,0.601383112072564,2.944118057730103,0.498348621791345
2019_07_HOU_IND,2019,7,0.537937799989191,1.0509892220087806,0.48673360275923483
2019_07_JAX_CIN,2019,7,0.3794374858730304,-3.8754276068178437,0.5036812214331899
2019_07_KC_DEN,2019,7,0.41643549258429846,-3.350357032797099,0.4896476633205236
2019_07_LAC_TEN,2019,7,0.5973391203145835,3.156987692768231,0.5046390827150441
2019_07_LA_ATL,2019,7,0.4236110341357645,-3.1068837676390495,0.4968414808499466
2019_07_MIA_BUF,2019,7,0.8731398446597349,16.285787823263764,0.4789039573661509
2019_07_MIN_DET,2019,7,0.4477526736434932,-2.2704480667591844,0.5067832265856924
2019_07_NE_NYJ,2019,7,0.2365564138557484,-9.589146407572489,0.49736562869165823
2019_07_NO_CHI,2019,7,0.6296764627054631,3.3345351278986435,0.480342622343212
2019_07_OAK_GB,2019,7,0.6796130998829182,5.1231212808889435,0.48886419791148217
2019_07_PHI_DAL,2019,7,0.6152044733461297,2.9912191207209182,0.4997405137958132
2019_07_SF_WAS,2019,7,0.2798249357516657,-9.120419821036746,0.5259743417930661
2019_08_ARI_NO,2019,8,0.8245323844592407,11.958254265280647,0.4839950158395317
2019_08_CAR_SF,2019,8,0.6612831660177525,4.43721809230533,0.4981447209523496
2019_08_CIN_LA,2019,8,0.8186595091414524,11.808058911668828,0.4943280862440189
2019_08_CLE_NE,2019,8,0.7911045821001211,9.152136772079196,0.489721333809334
2019_08_DEN_IND,2019,8,0.6683764234326476,5.537405890948787,0.48633242668174786
2019_08_GB_KC,2019,8,0.3268627511750014,-5.88632052209291,0.4738268980096839
2019_08_LAC_CHI,2019,8,0.6261808282149082,3.7318976996282434,0.5068525368617436
2019_08_MIA_PIT,2019,8,0.8287022898524883,13.91203284197959,0.4974004762756235
2019_08_NYG_DET,2019,8,0.692861089382366,5.941895467110569,0.48351199336283085
2019_08_NYJ_JAX,2019,8,0.7087927341022107,6.598481668104233,0.4881363684426401
2019_08_OAK_HOU,2019,8,0.6824526038988576,5.219539027570528,0.506487373340812
2019_08_PHI_BUF,2019,8,0.5489448635681642,1.4327778602831682,0.5127869495303341
2019_08_SEA_ATL,2019,8,0.30015792478724046,-7.2931991131817835,0.5061109919159302
2019_08_TB_TEN,2019,8,0.5493478935453935,1.6751362817967541,0.4904007877449337
2019_08_WAS_MIN,2019,8,0.8818098619145565,16.095484775675743,0.4880478458902092
2019_09_CHI_PHI,2019,9,0.6514461438431142,4.731454292071158,0.49206465392716275
2019_09_CLE_DEN,2019,9,0.40027779951008197,-3.617383682364672,0.5113052884003111
2019_09_DAL_NYG,2019,9,0.2852800279633244,-6.827316711995804,0.49032831978257047
2019_09_DET_OAK,2019,9,0.5753340133153099,2.303368482444098,0.4941894924105848
2019_09_GB_LAC,2019,9,0.3844496351168024,-3.9549250005423,0.5013320214563787
2019_09_HOU_JAX,2019,9,0.5203737119064462,0.7211556291812613,0.4917603778022445
2019_09_IND_PIT,2019,9,0.5344590087511311,1.0309746495590835,0.5009153397398309
2019_09_MIN_KC,2019,9,0.3528377672493631,-5.445149940304136,0.501620885014204
2019_09_NE_BAL,2019,9,0.3837492857650535,-3.867227150504501,0.4743899428159418
2019_09_NYJ_MIA,2019,9,0.40600774330374156,-3.5257907490923284,0.49923785081500205
2019_09_SF_ARI,2019,9,0.2349523277091345,-10.079163444186232,0.5124342450230019
2019_09_TB_SEA,2019,9,0.6655788215802,4.416046101193007,0.5122927489439079
2019_09_TEN_CAR,2019,9,0.6174812924374982,3.4045195783307114,0.49717845484513884
2019_09_WAS_BUF,2019,9,0.7812697866976253,9.967462314857434,0.48426691018174284
2019_10_ARI_TB,2019,10,0.6692301941093011,5.293268865288369,0.4938910691063528
2019_10_ATL_NO,2019,10,0.8447564329511248,13.4672359389925,0.48426022569021937
2019_10_BAL_CIN,2019,10,0.23863684631224252,-9.959490791765978,0.5159684725632114
2019_10_BUF_CLE,2019,10,0.594444606127662,2.790489467109055,0.49380894409225023
2019_10_CAR_GB,2019,10,0.6693186593894834,5.159603235451391,0.5047163700359044
2019_10_DET_CHI,2019,10,0.6789164491660875,5.367390597990067,0.4813124218652933
2019_10_KC_TEN,2019,10,0.35240267726021235,-4.753508440657799,0.5072837363869385
2019_10_LAC_OAK,2019,10,0.463260247144506,-1.1837538728312238,0.49457000551725383
2019_10_LA_PIT,2019,10,0.3751341448400131,-4.149981810227516,0.49556793669938953
2019_10_MIA_IND,2019,10,0.7979512944845514,10.813939537787874,0.49450184924209134
2019_10_MIN_DAL,2019,10,0.6272822737382695,3.8202463133613676,0.5094628009746042
2019_10_NYG_NYJ,2019,10,0.42719140718428905,-2.5919521247849593,0.512056501200683
2019_10_SEA_SF,2019,10,0.6886857748864252,6.259180513548832,0.4928838533277481
2019_11_ARI_SF,2019,11,0.7845023645851364,9.430597631917417,0.48317841886100094
2019_11_ATL_CAR,2019,11,0.6315990349806981,3.0759732232424444,0.4874715260077853
2019_11_BUF_MIA,2019,11,0.28524480274560926,-7.500428369863083,0.4852150871604822
2019_11_CHI_LA,2019,11,0.6608752808870013,5.28466965936894,0.5084117294410937
2019_11_CIN_OAK,2019,11,0.8203203229369027,12.455662699533285,0.4839184936888564
2019_11_DAL_DET,2019,11,0.3090199359659398,-6.632231039019557,0.5256260353542757
2019_11_DEN_MIN,2019,11,0.7864098400041911,10.025936616516498,0.500766459746186
2019_11_HOU_BAL,2019,11,0.649078336465861,3.5867768499265353,0.4877906335371143
2019_11_JAX_IND,2019,11,0.5536216775068942,1.7351092028856752,0.4774085856471484
2019_11_KC_LAC,2019,11,0.3132711412454605,-6.200613633987795,0.4793052603546262
2019_11_NE_PHI,2019,11,0.3351610894217231,-5.056142573455386,0.4835699224254482
2019_11_NO_TB,2019,11,0.34563455729671355,-5.027522206797625,0.4991866841232743
2019_11_NYJ_WAS,2019,11,0.5420827591341288,0.8046238616465982,0.49422658656307966
2019_11_PIT_CLE,2019,11,0.5968122471923272,2.922596692765493,0.49771264572507595
2019_12_BAL_LA,2019,12,0.3973062005059145,-3.5280349770020525,0.49917153113945234
2019_12_CAR_NO,2019,12,0.7853445860877026,9.575219462161485,0.4874492624073343
2019_12_DAL_NE,2019,12,0.6775392240130328,5.266921106533049,0.4931125625240804
2019_12_DEN_BUF,2019,12,0.6363410547061493,3.597880618393669,0.5028924722214417
2019_12_DET_WAS,2019,12,0.36846715064033975,-3.799721407760298,0.5059182716697656
2019_12_GB_SF,2019,12,0.6096620297871951,3.0215321942039415,0.5006363036307876
2019_12_IND_HOU,2019,12,0.6330976427408344,3.71764048671045,0.5064312763823597
2019_12_JAX_TEN,2019,12,0.6478248133193587,4.032926820110517,0.4862001428449272
2019_12_MIA_CLE,2019,12,0.7883222279317137,10.810626902759997,0.4944039661001816
2019_12_NYG_CHI,2019,12,0.6948016046841221,5.752208544140674,0.49267785644348194
2019_12_OAK_NYJ,2019,12,0.41679318128718823,-3.411279021791474,0.5026217995988685
2019_12_PIT_CIN,2019,12,0.31632131650708684,-6.052924252896875,0.4836649477161742
2019_12_SEA_PHI,2019,12,0.4898831507588992,-1.3857600320725543,0.48860184842583954
2019_12_TB_ATL,2019,12,0.6221444606333524,3.216348948427063,0.49161836505559464
2019_13_BUF_DAL,2019,13,0.7205552228138132,6.962873623249241,0.5136758284697424
2019_13_CHI_DET,2019,13,0.3502439482024961,-5.509615225005679,0.49971585781733174
2019_13_CLE_PIT,2019,13,0.47692775585118075,-1.2761070628077544,0.4918412516729988
2019_13_GB_NYG,2019,13,0.3129423020163482,-6.770219885948382,0.4920151896723735
2019_13_LAC_DEN,2019,13,0.3546799569111667,-4.8234335250484675,0.49044303960187074
2019_13_LA_ARI,2019,13,0.42558134475157755,-3.06114868894551,0.483422111915154
2019_13_MIN_SEA,2019,13,0.5766797021154171,2.166998481337369,0.49016037670158014
2019_13_NE_HOU,2019,13,0.3821504864822142,-4.119300963488232,0.48170528071157565
2019_13_NO_ATL,2019,13,0.284384624351049,-7.322192366334151,0.4904797069461302
2019_13_NYJ_CIN,2019,13,0.44523778143322434,-2.345537434488193,0.5045644669368672
2019_13_OAK_KC,2019,13,0.8034439200074387,11.587785282253078,0.5025941491765109
2019_13_PHI_MIA,2019,13,0.23426663521463248,-10.336096355944907,0.50484344349247
2019_13_SF_BAL,2019,13,0.6934874751615947,5.516863091435151,0.5004983258075779
2019_13_TB_JAX,2019,13,0.419324643627732,-2.7605631806061135,0.507075293554081
2019_13_TEN_IND,2019,13,0.48348088820392665,-1.0579276715299681,0.49828816841023355
2019_13_WAS_CAR,2019,13,0.7754041313575839,9.772098369512394,0.47849999312820024
2019_14_BAL_BUF,2019,14,0.29694286860873376,-6.821237005188778,0.4905079310754376
2019_14_CAR_ATL,2019,14,0.6336749362570349,3.6302617144671108,0.503849340670092
2019_14_CIN_CLE,2019,14,0.6804885092809247,5.5682720001781085,0.4724880880877688
2019_14_DAL_CHI,2019,14,0.3840361818981052,-3.663544697269102,0.4803992972679722
2019_14_DEN_HOU,2019,14,0.7612525437826411,8.084621525038626,0.5025006580073494
2019_14_DET_MIN,2019,14,0.8213574476813735,11.337838258887201,0.4804401161591572
2019_14_IND_TB,2019,14,0.588969829921898,2.656853623112787,0.48986067715202886
2019_14_KC_NE,2019,14,0.6176620308878371,3.235756508621846,0.506966552502842
2019_14_LAC_JAX,2019,14,0.4231384047012092,-2.7148611992387313,0.523188783525621
2019_14_MIA_NYJ,2019,14,0.6496294701084642,4.292561173406074,0.4791038412580249
2019_14_NYG_PHI,2019,14,0.7598643064510714,9.48334340260471,0.4995077763509159
2019_14_PIT_ARI,2019,14,0.46006373780448434,-1.7594582655135356,0.5218729860810528
2019_14_SEA_LA,2019,14,0.5292081532619433,0.6839698235072398,0.49066175667499323
2019_14_SF_NO,2019,14,0.5515758003723327,1.4356905453523443,0.5128729785871164
2019_14_TEN_OAK,2019,14,0.42436672467406245,-2.395935726053564,0.5178449175869275
2019_14_WAS_GB,2019,14,0.8595688744175434,13.196215664013101,0.50579821988564
2019_15_ATL_SF,2019,15,0.7927648146354529,10.238556863453553,0.49227450356852326
2019_15_BUF_PIT,2019,15,0.5131610347762603,0.6060451884293132,0.48835978316297746
2019_15_CHI_GB,2019,15,0.6405505979110152,3.914247029022391,0.49746590698254656
2019_15_CLE_ARI,2019,15,0.42528027662308415,-2.855155372414254,0.5042802620290302
2019_15_DEN_KC,2019,15,0.7917387157857995,9.665102709516457,0.4901043713556581
2019_15_HOU_TEN,2019,15,0.6127736059664892,3.2509566529740708,0.5074156632258201
2019_15_IND_NO,2019,15,0.7454801448805362,8.176365245053558,0.5052116704972625
2019_15_JAX_OAK,2019,15,0.714515883026257,7.222763964125459,0.5065826615573312
2019_15_LA_DAL,2019,15,0.4888664757420869,-0.9666790404242148,0.5009846760074916
2019_15_MIA_NYG,2019,15,0.6044289524784368,3.09921979998432,0.4881581715566846
2019_15_MIN_LAC,2019,15,0.4819101733403362,-1.3159877687770947,0.49066300953398284
2019_15_NE_CIN,2019,15,0.23530376963414568,-9.668337009233458,0.5245611694570523
2019_15_NYJ_BAL,2019,15,0.8851368656218999,16.96342430927538,0.4989191428434298
2019_15_PHI_WAS,2019,15,0.2880996661054457,-7.719382970093484,0.47875136904458615
2019_15_SEA_CAR,2019,15,0.3440279471086698,-5.821371284973712,0.5052785531510048
2019_15_TB_DET,2019,15,0.35444278387236605,-5.245045043807072,0.5075337974635998
2019_16_ARI_SEA,2019,16,0.7770788018739025,8.309615739352786,0.5091487393820477
2019_16_BAL_CLE,2019,16,0.2401108832846223,-9.318889996620692,0.5053518718898029
2019_16_BUF_NE,2019,16,0.7300166637947823,6.751463391925766,0.492655839961904
2019_16_CAR_IND,2019,16,0.7382749632547885,7.4368804457912585,0.4981347431741391
2019_16_CIN_MIA,2019,16,0.4680115914073981,-1.4870592890239909,0.5003824145152718
2019_16_DAL_PHI,2019,16,0.449981751721916,-2.1265491352619033,0.4962603658346635
2019_16_DET_DEN,2019,16,0.7693668932619471,9.29125249187462,0.4938314897454359
2019_16_GB_MIN,2019,16,0.656539077251362,4.394656013987566,0.5116609294291989
2019_16_HOU_TB,2019,16,0.4330135594522083,-2.861685703851517,0.5040872929900518
2019_16_JAX_ATL,2019,16,0.7367300167633638,7.09073574748946,0.4879075697583142
2019_16_KC_CHI,2019,16,0.27419069994976475,-6.8558555163368755,0.4894852316671119
2019_16_LA_SF,2019,16,0.7197409479087232,6.993696179418472,0.49981371403950775
2019_16_NO_TEN,2019,16,0.38891803083898957,-3.5035993419679863,0.4998936348388414
2019_16_NYG_WAS,2019,16,0.4721328210708312,-1.0537012980045581,0.4984130620898551
2019_16_OAK_LAC,2019,16,0.7381342151604464,7.1737239353377245,0.4903590632343981
2019_16_PIT_NYJ,2019,16,0.4038654198721294,-2.509364388693746,0.514495719181602
2019_17_ARI_LA,2019,17,0.7089455832445937,6.530727259344598,0.4861351820836672
2019_17_ATL_TB,2019,17,0.5402892475835415,1.101646200278126,0.5030037469474057
2019_17_CHI_MIN,2019,17,0.3493462414724348,-5.461313453111182,0.5011432354157741
2019_17_CLE_CIN,2019,17,0.42592945396825327,-2.5452128709354556,0.4986639042877539
2019_17_GB_DET,2019,17,0.2083229344098236,-12.868166124218956,0.5186646854594182
2019_17_IND_JAX,2019,17,0.33513335663993926,-4.829377923712841,0.5050419665246334
2019_17_LAC_KC,2019,17,0.7694070355167362,9.772472576548692,0.49327659169779464
2019_17_MIA_NE,2019,17,0.8874814507769868,17.098587090665198,0.4881394824370098
2019_17_NO_CAR,2019,17,0.21167912005582773,-12.678610160950102,0.5242581531269255
2019_17_NYJ_BUF,2019,17,0.47677933942068323,-1.3088648480749498,0.5056480997005617
2019_17_OAK_DEN,2019,17,0.6676087481659818,4.8477409620317005,0.4807324071417928
2019_17_PHI_NYG,2019,17,0.35758785215699196,-4.110863773325837,0.49672387041254235
2019_17_PIT_BAL,2019,17,0.47858127062570643,-1.640856181714575,0.5106119077980023
2019_17_SF_SEA,2019,17,0.3573902914396055,-4.016094416919181,0.48475246343133804
2019_17_TEN_HOU,2019,17,0.257334658723894,-9.867452672864239,0.5039168802504513
2019_17_WAS_DAL,2019,17,0.8237872183154794,12.330473774775344,0.48022275077604526
2019_18_BUF_HOU,2019,18,0.5970290728360257,2.9049337536381006,0.5119645166299281
2019_18_MIN_NO,2019,18,0.7419144698506922,7.66565445178645,0.5048951782480406
2019_18_SEA_PHI,2019,18,0.5463609190051952,0.8908113537211162,0.4967733709169234
2019_18_TEN_NE,2019,18,0.6552474708795281,4.875359025283458,0.5110909106168083
2019_19_HOU_KC,2019,19,0.791017443479578,9.882907361274196,0.49653980602877157
2019_19_MIN_SF,2019,19,0.7216133556079106,7.2138660154950545,0.5063197501705408
2019_19_SEA_GB,2019,19,0.6620286079576632,4.6088572962928716,0.5032168375861492
2019_19_TEN_BAL,2019,19,0.7804824982655842,10.513726641767903,0.515177616659599
2019_20_GB_SF,2019,20,0.7274682477891775,7.749532713093618,0.49259879567429093
2019_20_TEN_KC,2019,20,0.7185613722677706,7.208536685491289,0.49138755505578335
2019_21_SF_KC,2019,21,0.5700021590554013,1.7295434627112996,0.5067829763068856
2020_01_ARI_SF,2020,1,0.7029015743731697,6.131145105999365,0.4743419402457566
2020_01_CHI_DET,2020,1,0.5605843353195579,2.1693161261422294,0.49022884538384526
2020_01_CLE_BAL,2020,1,0.6926354335140129,5.901610444048162,0.46757695896305995
2020_01_DAL_LA,2020,1,0.5498419749488682,1.278764956261032,0.5082372758963399
2020_01_GB_MIN,2020,1,0.5392267955703016,0.9993981665559281,0.49998221505136886
2020_01_HOU_KC,2020,1,0.7587890816803996,9.68304946679827,0.5054091803036416
2020_01_IND_JAX,2020,1,0.33369699476087733,-6.446549412431697,0.5163505930943089
2020_01_LAC_CIN,2020,1,0.4609790737968788,-2.103498661646181,0.5117154377204215
2020_01_LV_CAR,2020,1,0.454704645043167,-2.534046744467634,0.5137667817112781
2020_01_MIA_NE,2020,1,0.711167331438809,6.600615331728911,0.47344167920375824
2020_01_NYJ_BUF,2020,1,0.6717707304844271,5.6208672195059695,0.4740388513860287
2020_01_PHI_WAS,2020,1,0.3631121711383843,-5.271329152883482,0.5067571931122855
2020_01_PIT_NYG,2020,1,0.3387981533889837,-6.182839677369737,0.4945970186732865
2020_01_SEA_ATL,2020,1,0.5440787488689869,0.9844159460687826,0.499539471360562
2020_01_TB_NO,2020,1,0.6264258863509691,3.5624852965422376,0.4870731433897861
2020_01_TEN_DEN,2020,1,0.4264094386505215,-2.546543028101436,0.5133977145862011
2020_02_ATL_DAL,2020,2,0.5872238968450192,2.5213760029450163,0.48585901073871374
2020_02_BAL_HOU,2020,2,0.293034189263352,-6.984127892467629,0.5152409718384925
2020_02_BUF_MIA,2020,2,0.35337160151108915,-5.528687314260531,0.49915225378099515
2020_02_CAR_TB,2020,2,0.6992669940851843,6.4331099217200975,0.4685048201479222
2020_02_CIN_CLE,2020,2,0.6754544355397849,5.750917169504659,0.4926397011314143
2020_02_DEN_PIT,2020,2,0.7037186015003883,5.867523771815392,0.49608522071335004
2020_02_DET_GB,2020,2,0.693371829740483,6.162394647962339,0.4752635614482304
2020_02_JAX_TEN,2020,2,0.7017951090056,6.318638053759432,0.47987342758359874
2020_02_KC_LAC,2020,2,0.2894242953087094,-8.058568598150114,0.5130425387483828
2020_02_LA_PHI,2020,2,0.5626159848946652,1.8656575791791765,0.4960300750249677
2020_02_MIN_IND,2020,2,0.6092128684190512,3.5685293099985897,0.5020251201327037
2020_02_NE_SEA,2020,2,0.6287075346964768,3.879129111182755,0.4964281582389865
2020_02_NO_LV,2020,2,0.3930903970716563,-3.8434233966672613,0.5046269353152261
2020_02_NYG_CHI,2020,2,0.6628950194844017,4.473997670807571,0.499231598363719
2020_02_SF_NYJ,2020,2,0.3265122165472686,-6.52290736930277,0.5140957637665681
2020_02_WAS_ARI,2020,2,0.7108273799854683,7.566641163312943,0.501969323680527
2020_03_CAR_LAC,2020,3,0.692125946931557,5.9847935628939375,0.4995506304138496
2020_03_CHI_ATL,2020,3,0.5663362285379037,2.4339162088237316,0.49804714718055726
2020_03_CIN_PHI,2020,3,0.6732614059717373,5.698107778520207,0.5058541283284698
2020_03_DAL_SEA,2020,3,0.677844456213843,5.5897196358803924,0.5026513105668842
2020_03_DET_ARI,2020,3,0.6660126724663489,4.339110740032138,0.4952456289707457
2020_03_GB_NO,2020,3,0.6329114608410501,3.86254264041777,0.5107123114694192
2020_03_HOU_PIT,2020,3,0.6381273555790682,3.724257613458242,0.49185202607273165
2020_03_KC_BAL,2020,3,0.6425910749089978,3.847310097403961,0.5102623258928931
2020_03_LA_BUF,2020,3,0.5562950176630034,1.4741886714791703,0.49923724266765823
2020_03_LV_NE,2020,3,0.7026735734353149,6.835332909074011,0.4951339973457356
2020_03_MIA_JAX,2020,3,0.5948081443546689,3.1035632126106525,0.5030603954794337
2020_03_NYJ_IND,2020,3,0.8231825415579241,12.005163695215218,0.4853802276073562
2020_03_SF_NYG,2020,3,0.4275933637161158,-2.7140972722305388,0.5084481600552798
2020_03_TB_DEN,2020,3,0.35798757187496855,-5.169332908977685,0.5245317950707791
2020_03_TEN_MIN,2020,3,0.42271349920129037,-3.1867560813538476,0.4944812947656088
2020_03_WAS_CLE,2020,3,0.7202868367395149,7.651942260338365,0.5044899934887027
2020_04_ARI_CAR,2020,4,0.4116220871393126,-3.4021483465925537,0.4881177589475697
2020_04_ATL_GB,2020,4,0.677968419199924,5.092586627309353,0.5027360319020132
2020_04_BAL_WAS,2020,4,0.1763710598553727,-14.327653234634537,0.5050929291828161
2020_04_BUF_LV,2020,4,0.4136858144912017,-3.1484671132430657,0.49561269519965545
2020_04_CLE_DAL,2020,4,0.6360180025325297,3.5395775068920656,0.501169564313709
2020_04_DEN_NYJ,2020,4,0.5313927526445121,1.0095044926689232,0.5002808699011969
2020_04_IND_CHI,2020,4,0.4154557400155111,-2.9809671209917266,0.5153343080924548
2020_04_JAX_CIN,2020,4,0.5323915302306993,0.9016957749600334,0.4970950099903823
2020_04_LAC_TB,2020,4,0.7303448129889425,6.886431216950848,0.4818744974788506
2020_04_MIN_HOU,2020,4,0.5965543982375987,3.108702909734109,0.48843828902047887
2020_04_NE_KC,2020,4,0.7084230141283626,7.436435473550654,0.5128949806879388
2020_04_NO_DET,2020,4,0.40763651802651935,-3.3334047892592147,0.49014846316859095
2020_04_NYG_LA,2020,4,0.847091318476006,13.13057977010184,0.4890845216313465
2020_04_PHI_SF,2020,4,0.7472737691453237,8.342957631182294,0.4953593016469877
2020_04_SEA_MIA,2020,4,0.3694978127563526,-4.758305749376558,0.4923672001986687
2020_05_ARI_NYJ,2020,5,0.31405480278293374,-6.892146866513542,0.503187164245687
2020_05_BUF_TEN,2020,5,0.393632361054654,-3.760408362945384,0.47754083611272424
2020_05_CAR_ATL,2020,5,0.5757979017713399,2.377205031994583,0.4963713015515253
2020_05_CIN_BAL,2020,5,0.8177677074127994,11.645659045909834,0.4747699730957242
2020_05_IND_CLE,2020,5,0.5254929926696311,0.9475832108970076,0.4984510206789125
2020_05_JAX_HOU,2020,5,0.6882573591688148,5.532476018818168,0.47143288517890036
2020_05_LAC_NO,2020,5,0.7178180860432213,6.82101239850558,0.4947108422247093
2020_05_LA_WAS,2020,5,0.3245979763517138,-6.5543255179860225,0.5131678595377147
2020_05_LV_KC,2020,5,0.783707954829572,10.33750747754873,0.48043035290438596
2020_05_MIA_SF,2020,5,0.740916455925279,8.399899098651547,0.49704191733917635
2020_05_MIN_SEA,2020,5,0.6999878371855899,6.8264106309978665,0.509644912211348
2020_05_NYG_DAL,2020,5,0.7214471911375819,6.521198326720649,0.47110047973187585
2020_05_PHI_PIT,2020,5,0.7456906833831087,7.55449472500714,0.501610384505423
2020_05_TB_CHI,2020,5,0.3983293771205054,-3.4476898598671353,0.5015458277312141
2020_06_ARI_DAL,2020,6,0.5604307254241712,1.3790122537887948,0.5111988260660533
2020_06_ATL_MIN,2020,6,0.6253990696159069,3.091149956759795,0.48791980455464457
2020_06_BAL_PHI,2020,6,0.22176827388730252,-10.402233864808782,0.5028890891850852
2020_06_CHI_CAR,2020,6,0.5526666405804908,1.8365786349898319,0.49517080742336606
2020_06_CIN_IND,2020,6,0.7332647906877212,7.117201957486904,0.4886893435543796
2020_06_CLE_PIT,2020,6,0.5870294754976882,2.2304550699024532,0.4772712719847815
2020_06_DEN_NE,2020,6,0.7408369263508543,6.868541260743075,0.49611528737698496
2020_06_DET_JAX,2020,6,0.41372899406191976,-3.310056510246425,0.49083823870388127
2020_06_GB_TB,2020,6,0.4246578897066048,-3.1675031119383372,0.4950501956368842
2020_06_HOU_TEN,2020,6,0.6228462553834485,2.7988197418586003,0.4645503665037875
2020_06_KC_BUF,2020,6,0.3355589814196994,-5.651367633121492,0.49552698640966303
2020_06_LA_SF,2020,6,0.45243062582830473,-2.1280282614083275,0.496216657706649
2020_06_NYJ_MIA,2020,6,0.7590946365671808,8.780768719100045,0.4787558452959325
2020_06_WAS_NYG,2020,6,0.5507399229654204,1.3428044499892202,0.4805866983535318
2020_07_BUF_NYJ,2020,7,0.23481262005732145,-9.50168499086954,0.49995020636309595
2020_07_CAR_NO,2020,7,0.7159107080173321,6.548523226096053,0.48666076994136065
2020_07_CHI_LA,2020,7,0.7062335551383971,6.792476245781964,0.5086423713601465
2020_07_CLE_CIN,2020,7,0.3664407150360579,-4.707952674095083,0.49385497531128264
2020_07_DAL_WAS,2020,7,0.46663971870091414,-1.1601691268053644,0.4952669083230143
2020_07_DET_ATL,2020,7,0.5366117273926665,1.059804060007689,0.5017672807439308
2020_07_GB_HOU,2020,7,0.43304940108055257,-2.7388802599588677,0.4929411509089917
2020_07_JAX_LAC,2020,7,0.7401268235832965,8.216483373815333,0.5063970866348904
2020_07_KC_DEN,2020,7,0.2716718898664048,-7.473562616207812,0.48600848803901436
2020_07_NYG_PHI,2020,7,0.6799218779688547,5.061902179019834,0.501829282216431
2020_07_PIT_TEN,2020,7,0.5338796232718193,0.9179619602236224,0.49757568583458067
2020_07_SEA_ARI,2020,7,0.38085130280886126,-4.102406953100522,0.4822040094954363
2020_07_SF_NE,2020,7,0.6136914910035909,3.1192394925330182,0.5035236338189094
2020_07_TB_LV,2020,7,0.38885598469256777,-3.7818653004908294,0.4916711247118757
2020_08_ATL_CAR,2020,8,0.5420751568792574,1.3338999272944172,0.4950916540774265
2020_08_DAL_PHI,2020,8,0.7840629607150025,9.791459969473557,0.49383762024185324
2020_08_IND_DET,2020,8,0.37682219040570697,-3.8362889673797493,0.49006325822705066
2020_08_LAC_DEN,2020,8,0.43994932652944757,-2.5860852748546383,0.5122297938038478
2020_08_LA_MIA,2020,8,0.4125870011819445,-3.406899433989725,0.5027512190893206
2020_08_LV_CLE,2020,8,0.5614688559131901,0.7440817098732041,0.49243773988102063
2020_08_MIN_GB,2020,8,0.6759414666889083,5.402080501707939,0.4971063788580043
2020_08_NE_BUF,2020,8,0.6129673997868827,3.5335262994353016,0.48621784764023757
2020_08_NO_CHI,2020,8,0.3579697419498423,-5.235101060828072,0.507827600419591
2020_08_NYJ_KC,2020,8,0.907415297872661,19.680476202091782,0.49055854428875684
2020_08_PIT_BAL,2020,8,0.6287396685030118,3.43410094093476,0.48328185464620116
2020_08_SF_SEA,2020,8,0.5258348794239904,0.8700591453862754,0.49616014070898695
2020_08_TB_NYG,2020,8,0.20040080041136643,-12.39902388633335,0.5177537493438685
2020_08_TEN_CIN,2020,8,0.2897671927894905,-7.6125907340982115,0.4966728382589131
2020_09_BAL_IND,2020,9,0.5257297962479835,1.1173031511265776,0.503466414647717
2020_09_CAR_KC,2020,9,0.7767346072109818,9.505617698266361,0.4853936349771236
2020_09_CHI_TEN,2020,9,0.6863729677404353,6.313230427798042,0.49448089613192703
2020_09_DEN_ATL,2020,9,0.6498492060964836,4.544032605410018,0.5013012175457383
2020_09_DET_MIN,2020,9,0.6048149933715496,2.351678691762842,0.48084863717198706
2020_09_GB_SF,2020,9,0.33789110582343784,-6.363318121514789,0.48926478035129606
2020_09_HOU_JAX,2020,9,0.30901876104169634,-7.088529026544317,0.4973838726962824
2020_09_LV_LAC,2020,9,0.4647495767025574,-1.5470305134298923,0.48383897078970584
2020_09_MIA_ARI,2020,9,0.6696177467085138,6.147341993475616,0.5043540580664283
2020_09_NE_NYJ,2020,9,0.2358877728787756,-10.157331379132508,0.48058268918349306
2020_09_NO_TB,2020,9,0.6255622924312877,2.9536892444560214,0.4986314605786538
2020_09_NYG_WAS,2020,9,0.5964727656320867,2.667942585532625,0.49018826772663465
2020_09_PIT_DAL,2020,9,0.2004601703239347,-13.54437585334488,0.5134617210835737
2020_09_SEA_BUF,2020,9,0.42428896877120287,-2.9807747420380126,0.5005681307896465
2020_10_BAL_NE,2020,10,0.27591630086253993,-6.901279567955246,0.502917289131902
2020_10_BUF_ARI,2020,10,0.600611312085273,2.930506867017043,0.49794639803653756
2020_10_CIN_PIT,2020,10,0.7126291185489985,6.272325354256629,0.49327224170887357
2020_10_DEN_LV,2020,10,0.6183354047080305,2.743445890056824,0.47765455459744155
2020_10_HOU_CLE,2020,10,0.6464504042259047,4.454878331776474,0.49866659942954905
2020_10_IND_TEN,2020,10,0.4670362751103633,-1.6295992591971986,0.4814012782909549
2020_10_JAX_GB,2020,10,0.8769818337835342,13.590172028723476,0.5026646790577496
2020_10_LAC_MIA,2020,10,0.5506084521714059,0.6486637315630495,0.48961873542465845
2020_10_MIN_CHI,2020,10,0.3828393132064789,-4.0891035583717485,0.4825967592043898
2020_10_PHI_NYG,2020,10,0.35195554715078814,-4.798610206334951,0.491176405687409
2020_10_SEA_LA,2020,10,0.6095449790775957,3.280363974757289,0.5082845188087306
2020_10_SF_NO,2020,10,0.7420190735130383,8.432061253131536,0.46847392736619814
2020_10_TB_CAR,2020,10,0.32201558625163806,-6.317090202712654,0.49063044015423285
2020_10_WAS_DET,2020,10,0.5870058156602835,3.0780053379145444,0.5170755804454888
2020_11_ARI_SEA,2020,11,0.6275586918273238,3.238578303330931,0.5070499272812248
2020_11_ATL_NO,2020,11,0.6085883847818918,2.863983927603113,0.4812118614596911
2020_11_CIN_WAS,2020,11,0.5596636003479039,2.2508727045167847,0.5074131828699067
2020_11_DAL_MIN,2020,11,0.7137080757797065,6.865276654192567,0.4960188187629574
2020_11_DET_CAR,2020,11,0.4148181732322511,-3.000224703870218,0.49999335971300773
2020_11_GB_IND,2020,11,0.5521864613855532,1.510253299791738,0.500302998104244
2020_11_KC_LV,2020,11,0.2675586283112811,-8.21027043092918,0.4790202789982111
2020_11_LA_TB,2020,11,0.6295955043759311,4.0514104104577005,0.5015192397638191
2020_11_MIA_DEN,2020,11,0.3769791390896311,-3.7027963862487003,0.5087820378206968
2020_11_NE_HOU,2020,11,0.4476248252738594,-2.183342194599353,0.5093567854711694
2020_11_NYJ_LAC,2020,11,0.7631902890106694,9.753397549113494,0.4927129871724203
2020_11_PHI_CLE,2020,11,0.5687789938787523,2.6322279679441394,0.5039074432313271
2020_11_PIT_JAX,2020,11,0.23535117148484813,-10.743530393037751,0.507578549303718
2020_11_TEN_BAL,2020,11,0.6854121611438198,5.594260326140482,0.48801167812852775
2020_12_ARI_NE,2020,12,0.5091799394134708,-0.7854164302922517,0.5063409521464177
2020_12_BAL_PIT,2020,12,0.7959164931083925,10.073771844110722,0.48740650468479463
2020_12_CAR_MIN,2020,12,0.6021360078988572,3.1384261606790713,0.5040905985564825
2020_12_CHI_GB,2020,12,0.7334566938277005,7.781726454001272,0.5083247730904206
2020_12_CLE_JAX,2020,12,0.2966332739303377,-7.17713312804437,0.5095402198706056
2020_12_HOU_DET,2020,12,0.42637486439750694,-2.7015500203040332,0.5088188605678559
2020_12_KC_TB,2020,12,0.40710868297457103,-3.622524533213926,0.4963792929159131
2020_12_LAC_BUF,2020,12,0.650875486396195,4.558079548591315,0.5017163197099098
2020_12_LV_ATL,2020,12,0.4090695190442609,-3.1898569434570585,0.5091643181753214
2020_12_MIA_NYJ,2020,12,0.2686578186484897,-7.6756833789366645,0.4948084778065061
2020_12_NO_DEN,2020,12,0.17359136836348837,-16.275249688295208,0.5214070160534365
2020_12_NYG_CIN,2020,12,0.32288373766886636,-6.553703263280527,0.4984130040138941
2020_12_SEA_PHI,2020,12,0.3296002043852135,-6.632004222537732,0.4960991684152162
2020_12_SF_LA,2020,12,0.6549775178261705,4.305467404073224,0.47948472306863765
2020_12_TEN_IND,2020,12,0.5788887417378652,2.4794222687284355,0.48462007337450047
2020_12_WAS_DAL,2020,12,0.5801779823811924,2.65681847309161,0.5046340823947302
2020_13_BUF_SF,2020,13,0.5700417704385623,1.8813489183802856,0.5112678501197141
2020_13_CIN_MIA,2020,13,0.8020291556335375,10.097524128762831,0.4881080844719535
2020_13_CLE_TEN,2020,13,0.6438620265568171,3.5863454716398384,0.4877778917332151
2020_13_DAL_BAL,2020,13,0.7632507435933362,8.413918012968399,0.497456184333905
2020_13_DEN_KC,2020,13,0.8473208923573,13.376477231304758,0.5111239422274274
2020_13_DET_CHI,2020,13,0.6118031916945046,2.924845800041269,0.49777910866297803
2020_13_IND_HOU,2020,13,0.38547097123264484,-3.810552456104092,0.49082358674003923
2020_13_JAX_MIN,2020,13,0.7700631465595774,10.037438973184628,0.486333403730423
2020_13_LA_ARI,2020,13,0.4358447382243586,-2.398314408047827,0.5030049109887876
2020_13_LV_NYJ,2020,13,0.2954338356832147,-7.509385524564934,0.49972264575769826
2020_13_NE_LAC,2020,13,0.566249186957464,2.6213018850372474,0.5035845777386905
2020_13_NO_ATL,2020,13,0.45075571255898994,-2.213510528709598,0.5084654951814903
2020_13_NYG_SEA,2020,13,0.798081382987654,10.981203535241875,0.4994445405858311
2020_13_PHI_GB,2020,13,0.7760810203868953,8.080107601692696,0.5023672682777593
2020_13_WAS_PIT,2020,13,0.6921413190084205,5.621082599192106,0.5035780978223883
2020_14_ARI_NYG,2020,14,0.4289866105575293,-3.1009535439727154,0.4970167213567912
2020_14_ATL_LAC,2020,14,0.5346824129118941,1.0098667152547005,0.5002915740395071
2020_14_BAL_CLE,2020,14,0.3670724516491879,-3.8652584693881717,0.47444800022007466
2020_14_DAL_CIN,2020,14,0.4030716431567266,-3.1792723101270797,0.494702429460801
2020_14_DEN_CAR,2020,14,0.6427962893947498,4.39392080921817,0.5116392124516929
2020_14_GB_DET,2020,14,0.2574985054125782,-9.0350345155859,0.5137376091551747
2020_14_HOU_CHI,2020,14,0.4942939500851178,-0.8136137908792771,0.5055077760802106
2020_14_IND_LV,2020,14,0.4477607288248914,-2.524808226694071,0.4992668855585368
2020_14_KC_MIA,2020,14,0.3065316993851555,-7.438800521949666,0.501808516719138
2020_14_MIN_TB,2020,14,0.7102591194450125,6.752978147791772,0.49270059539763816
2020_14_NE_LA,2020,14,0.6499340390849306,5.035817704562707,0.5010584577757587
2020_14_NO_PHI,2020,14,0.30089221483153183,-6.871296147498491,0.5185722900143458
2020_14_NYJ_SEA,2020,14,0.8690804119285054,16.568844459175935,0.502034433073752
2020_14_PIT_BUF,2020,14,0.5579108966244593,2.145889430078125,0.5043111354901364
2020_14_TEN_JAX,2020,14,0.26310752325165987,-7.501495071759604,0.4999558187158577
2020_14_WAS_SF,2020,14,0.6140739062979812,3.5291827770174256,0.5156340246107528
2020_15_BUF_DEN,2020,15,0.3508784797039596,-5.237156612996951,0.5077668678243399
2020_15_CAR_GB,2020,15,0.7815965585765776,10.130893089200276,0.5186369143989735
2020_15_CHI_MIN,2020,15,0.5852700823964581,2.130687348876386,0.4890876995321343
2020_15_CLE_NYG,2020,15,0.30780802712663086,-6.490166567721972,0.485518132514485
2020_15_DET_TEN,2020,15,0.7762261284311396,9.610512011194277,0.5032657349156027
2020_15_HOU_IND,2020,15,0.7475086159486998,7.211540356014606,0.4914762968922902
2020_15_JAX_BAL,2020,15,0.846046856602781,12.831309731306773,0.4950151163546879
2020_15_KC_NO,2020,15,0.4584193510988145,-2.2295063655293563,0.5079928983248257
2020_15_LAC_LV,2020,15,0.6236704324357352,3.2449354655436498,0.4924629649361202
2020_15_NE_MIA,2020,15,0.4705078815325596,-1.4461339585039596,0.5015918062525593
2020_15_NYJ_LA,2020,15,0.8889832220170598,17.421960690653968,0.4976938513600489
2020_15_PHI_ARI,2020,15,0.6815901282096064,6.162973822064436,0.4900414794844541
2020_15_PIT_CIN,2020,15,0.1683687456494423,-14.412040854317622,0.5025992869545578
2020_15_SEA_WAS,2020,15,0.36090296462500104,-5.463608740199919,0.5158468786724055
2020_15_SF_DAL,2020,15,0.3889155687210598,-3.6612127031060435,0.5100105475348065
2020_15_TB_ATL,2020,15,0.31956873314998413,-5.885904472479835,0.5033716287456125
2020_16_ATL_KC,2020,16,0.7895567664083964,11.112737742447202,0.5033315058746932
2020_16_BUF_NE,2020,16,0.27406868396632295,-7.682197847939901,0.4798487570991874
2020_16_CAR_WAS,2020,16,0.4923931276519169,-0.9412172813601997,0.5017370990902816
2020_16_CHI_JAX,2020,16,0.25715716249412507,-8.689328945081163,0.5239419774935508
2020_16_CIN_HOU,2020,16,0.7449019605552583,7.582885083946813,0.5024493449379288
2020_16_CLE_NYJ,2020,16,0.3015804790885236,-6.507038700340558,0.4997919974046148
2020_16_DEN_LAC,2020,16,0.559643394627855,1.950607435776487,0.4837692266941476
2020_16_IND_PIT,2020,16,0.49300961106043983,-1.0032926215458757,0.49990269881963056
2020_16_LA_SEA,2020,16,0.5377994397276806,1.0579887161177655,0.4869403341659217
2020_16_MIA_LV,2020,16,0.4536406888163828,-2.0253196269368723,0.4992517730528012
2020_16_MIN_NO,2020,16,0.7060754159029237,6.127032968669751,0.4889797487220313
2020_16_NYG_BAL,2020,16,0.794042839529312,10.064171333256407,0.5018963378976096
2020_16_PHI_DAL,2020,16,0.4037744257294392,-3.03561400614365,0.49894756175219807
2020_16_SF_ARI,2020,16,0.6866847897955342,5.6378847943550126,0.4893003152266592
2020_16_TB_DET,2020,16,0.22061622510047516,-11.514711511029166,0.5143378080611319
2020_16_TEN_GB,2020,16,0.6081972548876735,2.8451607389487927,0.49542440195816106
2020_17_ARI_LA,2020,17,0.5521557005378563,1.1156200145899688,0.5034166776594102
2020_17_ATL_TB,2020,17,0.7231718198365176,6.8827045120962715,0.4817644829573957
2020_17_BAL_CIN,2020,17,0.18023613533438218,-13.34307224287033,0.5046373116599109
2020_17_DAL_NYG,2020,17,0.46328216927000015,-1.5499158013261454,0.49852492753811983
2020_17_GB_CHI,2020,17,0.3457889940670873,-4.86551619858011,0.4891998480218709
2020_17_JAX_IND,2020,17,0.8819786729096125,14.857700368739946,0.4810263822509506
2020_17_LAC_KC,2020,17,0.33907919200212305,-6.794791818465385,0.5060639309156363
2020_17_LV_DEN,2020,17,0.42252071003120023,-2.4841826686488826,0.5004674222811358
2020_17_MIA_BUF,2020,17,0.4094244215858418,-3.7674115460182844,0.49209816326082606
2020_17_MIN_DET,2020,17,0.413329815076544,-2.4955752515619856,0.5149029291815908
2020_17_NO_CAR,2020,17,0.32111865324151756,-5.7437974535172955,0.5075706587472562
2020_17_NYJ_NE,2020,17,0.618174986586191,2.894296893349021,0.49687636981195493
2020_17_PIT_CLE,2020,17,0.7785459725049406,9.756929290857837,0.4780523922203952
2020_17_SEA_SF,2020,17,0.2930628594282345,-7.147388881684446,0.4956445564095332
2020_17_TEN_HOU,2020,17,0.2941473821299826,-6.650926626246849,0.5103144156374063
2020_17_WAS_PHI,2020,17,0.29789757551402446,-6.839325080570441,0.48997356528060054
2020_18_BAL_TEN,2020,18,0.3934876226987977,-2.8057245433903493,0.5205076881811943
2020_18_CHI_NO,2020,18,0.807094101695389,10.529524327976283,0.4860996554473609
2020_18_CLE_PIT,2020,18,0.6973653320197726,5.40739531809181,0.5120372260951707
2020_18_IND_BUF,2020,18,0.7167809776185987,6.771940229832848,0.49326086241029077
2020_18_LA_SEA,2020,18,0.6297076255245251,3.1897329715578393,0.5056066675982983
2020_18_TB_WAS,2020,18,0.23280327540712975,-9.859734866807411,0.5041449396532832
2020_19_BAL_BUF,2020,19,0.5614378779146276,2.3203225894181396,0.49469045928168537
2020_19_CLE_KC,2020,19,0.7513610131649826,7.450902050924343,0.4985490959564821
2020_19_LA_GB,2020,19,0.7393503821370337,7.654580560579145,0.5193361165106158
2020_19_TB_NO,2020,19,0.571063638750432,2.29470984833807,0.49393364704212195
2020_20_BUF_KC,2020,20,0.5979783904329845,2.8566807223766997,0.49576481144765683
2020_20_TB_GB,2020,20,0.614632442492067,2.7897799368925464,0.4937879790995404
2020_21_KC_TB,2020,21,0.43527652796955124,-2.7372144371256537,0.5077651593710966
2021_01_ARI_TEN,2021,1,0.5755955223246562,2.1894835161781634,0.4908246494858296
2021_01_BAL_LV,2021,1,0.4021133854889734,-3.357860490489599,0.4894260028112962
2021_01_CHI_LA,2021,1,0.7589420600149583,10.001970088918927,0.5148304412236533
2021_01_CLE_KC,2021,1,0.6779275937762725,5.561033523603133,0.501803612603052
2021_01_DAL_TB,2021,1,0.7788434158987774,10.174469557980835,0.5051556552468076
2021_01_DEN_NYG,2021,1,0.4531653899274757,-2.4150017406851543,0.5172820386029158
2021_01_GB_NO,2021,1,0.41167927765134216,-3.708516435150931,0.5086130432282324
2021_01_JAX_HOU,2021,1,0.4246610110138578,-3.2598497573223177,0.507096372799743
2021_01_LAC_WAS,2021,1,0.5759324535508142,2.5062993868893897,0.5001861549392286
2021_01_MIA_NE,2021,1,0.6027090954355981,3.203118886234569,0.4912274901599867
2021_01_MIN_CIN,2021,1,0.44290943874216865,-2.755460250632495,0.5072260674414542
2021_01_NYJ_CAR,2021,1,0.6229599693274598,3.1459634454160006,0.4895389657392052
2021_01_PHI_ATL,2021,1,0.6196056738627157,3.1803981578115805,0.4905562386264359
2021_01_PIT_BUF,2021,1,0.6806627359712547,6.4782704608093065,0.4993578645797325
2021_01_SEA_IND,2021,1,0.4439769483656837,-2.8351543494520097,0.5048712789267125
2021_01_SF_DET,2021,1,0.2837895116957217,-8.920117061689734,0.5171310149422348
2021_02_ATL_TB,2021,2,0.837468514962565,12.85516296979561,0.48095148401930454
2021_02_BUF_MIA,2021,2,0.39441899840212336,-3.6136725951325457,0.49664086900310644
2021_02_CIN_CHI,2021,2,0.5529373874989467,1.72048902928599,0.49174068313378816
2021_02_DAL_LAC,2021,2,0.590112413766319,2.9608754335751146,0.49884382060000965
2021_02_DEN_JAX,2021,2,0.3403759310054314,-5.986137934050954,0.500409641720666
2021_02_DET_GB,2021,2,0.7783489697382724,11.356408755009966,0.4957567749175933
2021_02_HOU_CLE,2021,2,0.7990757630012751,13.22553685702434,0.49188982150924315
2021_02_KC_BAL,2021,2,0.39642357956504803,-3.752285825865992,0.4925450648359435
2021_02_LA_IND,2021,2,0.37707768627432514,-3.9392287166029654,0.5017958631481444
2021_02_LV_PIT,2021,2,0.6675298089663433,5.5271466822796675,0.5008022186692855
2021_02_MIN_ARI,2021,2,0.6348637517617173,3.1258977291614487,0.4741871963061347
2021_02_NE_NYJ,2021,2,0.35706252632553165,-5.051813765424662,0.5132420443763296
2021_02_NO_CAR,2021,2,0.41213006787952045,-2.86427785975377,0.5040106954105694
2021_02_NYG_WAS,2021,2,0.6330671652119704,3.8738541015937824,0.49627228147803304
2021_02_SF_PHI,2021,2,0.4588501926529216,-3.0121494439927425,0.4996409684268297
2021_02_TEN_SEA,2021,2,0.7172948256124907,5.815516018898438,0.47978128543023013
2021_03_ARI_JAX,2021,3,0.2770042028599009,-8.0722459712982,0.49786504926167136
2021_03_ATL_NYG,2021,3,0.5885075568699694,2.78623020098466,0.49368309279298833
2021_03_BAL_DET,2021,3,0.2860116443023896,-7.288324799455997,0.5062550168249574
2021_03_CAR_HOU,2021,3,0.2782349813145704,-7.987090747025365,0.50038148489149
2021_03_CHI_CLE,2021,3,0.7365992294263486,7.352369586677118,0.49563741926651955
2021_03_CIN_PIT,2021,3,0.5909897268004263,2.159828520627565,0.4899485610321231
2021_03_GB_SF,2021,3,0.6314077306231483,3.6123237706024947,0.503319272901782
2021_03_IND_TEN,2021,3,0.6278181447567857,4.167326844257659,0.4901700772974863
2021_03_LAC_KC,2021,3,0.6942038836072526,6.1086279524476605,0.488436074867177
2021_03_MIA_LV,2021,3,0.6489849639704655,3.2418145798051183,0.47760642309496343
2021_03_NO_NE,2021,3,0.5724477769121001,2.902832144894216,0.49712859029647505
2021_03_NYJ_DEN,2021,3,0.8242790413957835,10.043832653332268,0.48652223581126314
2021_03_PHI_DAL,2021,3,0.6423230690448787,3.7149008190253396,0.5063503260838352
2021_03_SEA_MIN,2021,3,0.4554876151855597,-2.4532871952583846,0.48660729970241595
2021_03_TB_LA,2021,3,0.4964249000963177,-1.3317994687655441,0.4901958880485783
2021_03_WAS_BUF,2021,3,0.7381622996300896,7.213792633716466,0.49154283950744
2021_04_ARI_LA,2021,4,0.6098460588771677,2.8457042833921067,0.48067229110854354
2021_04_BAL_DEN,2021,4,0.557135436595954,0.8966658564943392,0.4969463736070924
2021_04_CAR_DAL,2021,4,0.6272663742895568,4.298151896503508,0.49403535240741153
2021_04_CLE_MIN,2021,4,0.5027274402083317,-0.8723492817675158,0.503772185909464
2021_04_DET_CHI,2021,4,0.5777273203891875,2.6124354986831198,0.48854854591761804
2021_04_HOU_BUF,2021,4,0.893486966419545,18.707285466432324,0.4913505885845
2021_04_IND_MIA,2021,4,0.5749400220860228,2.5284618918048243,0.5008410847118137
2021_04_JAX_CIN,2021,4,0.7596951097832263,7.8810501060671845,0.5112590233529901
2021_04_KC_PHI,2021,4,0.2917428708504893,-7.533125869510605,0.4990210891361972
2021_04_LV_LAC,2021,4,0.6078695048557387,2.9805873272134336,0.4994263308680616
2021_04_NYG_NO,2021,4,0.7480741667553339,7.491924182985229,0.49976134928416127
2021_04_PIT_GB,2021,4,0.6785133255917599,6.309563900836305,0.4943725561405366
2021_04_SEA_SF,2021,4,0.5492734597407145,1.8379234149949775,0.4804426296062812
2021_04_TB_NE,2021,4,0.32392810101330294,-6.171799691186261,0.4949232362462401
2021_04_TEN_NYJ,2021,4,0.36874269899910384,-4.801978003644994,0.5206182561219928
2021_04_WAS_ATL,2021,4,0.49241583967359287,-0.9110817967709471,0.5026276277245387
2021_05_BUF_KC,2021,5,0.574510505879701,2.6189711206381885,0.5035157033945457
2021_05_CHI_LV,2021,5,0.6892802439129923,5.518587672967328,0.5005492893554055
2021_05_CLE_LAC,2021,5,0.5603373746623617,2.269622093343629,0.4931923683836975
2021_05_DEN_PIT,2021,5,0.47153282578950156,-1.7842052057344044,0.5063767408355798
2021_05_DET_MIN,2021,5,0.7577796486174154,8.957645097288118,0.46922765687327717
2021_05_GB_CIN,2021,5,0.4549477532123031,-2.019343217741711,0.49942838335142714
2021_05_IND_BAL,2021,5,0.7355188093933234,8.151772232861644,0.5192532239127762
2021_05_LA_SEA,2021,5,0.4141492398848881,-3.3478292579020215,0.4749620200302291
2021_05_MIA_TB,2021,5,0.7989314143663158,10.417548255839094,0.48279314386589833
2021_05_NE_HOU,2021,5,0.30998476321181934,-7.162959084459684,0.5247197907833165
2021_05_NO_WAS,2021,5,0.46221168602091334,-2.0609364729461674,0.5129726022149713
2021_05_NYG_DAL,2021,5,0.7231567449393503,6.6179158549003025,0.4739518201397541
2021_05_NYJ_ATL,2021,5,0.6002448925269263,2.6004489201009036,0.48819447767587926
2021_05_PHI_CAR,2021,5,0.5855438758046683,2.165081589458037,0.49010374742292245
2021_05_SF_ARI,2021,5,0.7060494624635514,5.516701092493969,0.48572094879809463
2021_05_TEN_JAX,2021,5,0.3791796319889691,-3.8392505699767736,0.5047502391685877
2021_06_ARI_CLE,2021,6,0.5836777517010845,2.6423512502382858,0.4894322578241058
2021_06_BUF_TEN,2021,6,0.3123421146543385,-6.159790706444279,0.4952780903438938
2021_06_CIN_DET,2021,6,0.3827379722811749,-3.5279891367397007,0.49917288577496555
2021_06_DAL_NE,2021,6,0.39862211551297677,-3.21883331940857,0.5083082346641117
2021_06_GB_CHI,2021,6,0.3351826667381759,-5.521423155453127,0.49936691859979393
2021_06_HOU_IND,2021,6,0.7985335385517739,9.960355937646213,0.484057073154401
2021_06_KC_WAS,2021,6,0.3191609218910687,-6.276930897281354,0.49181691141627193
2021_06_LAC_BAL,2021,6,0.6093959700057279,2.7601128670950805,0.49291140120205773
2021_06_LA_NYG,2021,6,0.2976275354213304,-7.2871162822660205,0.506290725639949
2021_06_LV_DEN,2021,6,0.6311890629863874,4.204613208647984,0.4765088936700562
2021_06_MIA_JAX,2021,6,0.4394896073634594,-2.7167231635737945,0.4935958281828441
2021_06_MIN_CAR,2021,6,0.46388234656371474,-2.240682820998874,0.5076626833492509
2021_06_SEA_PIT,2021,6,0.6518548677136513,5.129703935524341,0.48905864931006826
2021_06_TB_PHI,2021,6,0.29586078915312375,-7.295565381346275,0.49126636237807153
2021_07_ATL_MIA,2021,7,0.44809384376555317,-1.8423394648114977,0.4898845147530061
2021_07_CAR_NYG,2021,7,0.41838478677009083,-2.613401026078667,0.5114229332382045
2021_07_CHI_TB,2021,7,0.827021903920389,11.527662932439881,0.471291018942346
2021_07_CIN_BAL,2021,7,0.7030794944856131,5.75428503199372,0.47797436968808155
2021_07_DEN_CLE,2021,7,0.555457405171919,1.5777933045062822,0.48752528532794304
2021_07_DET_LA,2021,7,0.8738937165956981,16.39540053285173,0.48213928260771505
2021_07_HOU_ARI,2021,7,0.9071180337522089,19.847293295894737,0.4807191934769211
2021_07_IND_SF,2021,7,0.6001420165057849,3.570477041811794,0.5020826773380822
2021_07_KC_TEN,2021,7,0.3707229387847335,-4.110976976921274,0.49672052521430893
2021_07_NO_SEA,2021,7,0.3477986801085037,-5.744995771467208,0.5075352532646236
2021_07_NYJ_NE,2021,7,0.7227152474248159,6.2659037732501695,0.4783172030489819
2021_07_PHI_LV,2021,7,0.525160638659163,0.5922821617225861,0.4879532473627366
2021_07_WAS_GB,2021,7,0.7742082416041804,8.19306793248023,0.49093054588164
2021_08_CAR_ATL,2021,8,0.56632521100347,2.2152587960956702,0.49158615679641526
2021_08_CIN_NYJ,2021,8,0.2234863512227841,-10.801711999806518,0.5206261063713001
2021_08_DAL_MIN,2021,8,0.6480207627033268,4.643226659422389,0.5042324517200837
2021_08_GB_ARI,2021,8,0.6916935373624007,6.776504344527567,0.5081704860516195
2021_08_JAX_SEA,2021,8,0.6568389086085111,3.662733576052554,0.49003438212090594
2021_08_LA_HOU,2021,8,0.17248934694875942,-16.16132779646575,0.5247679046780409
2021_08_MIA_BUF,2021,8,0.8808313018030984,14.333879447373123,0.4803232696940775
2021_08_NE_LAC,2021,8,0.6130486030436286,3.451663767031743,0.49857160549590607
2021_08_NYG_KC,2021,8,0.7821516586298819,10.537632742988318,0.5011120942860293
2021_08_PHI_DET,2021,8,0.41265809015750154,-2.8472011080722837,0.5045153064363206
2021_08_PIT_CLE,2021,8,0.6305624433262752,4.928498150036477,0.4831164318490979
2021_08_SF_CHI,2021,8,0.3849512359211492,-3.938964835061511,0.5165745362014473
2021_08_TB_NO,2021,8,0.38159506276573374,-3.919766114023133,0.5023710000741997
2021_08_TEN_IND,2021,8,0.5899198436728594,2.569803177492517,0.48728928449044523
2021_08_WAS_DEN,2021,8,0.6520693623132219,4.130275479975155,0.5038497474395367
2021_09_ARI_SF,2021,9,0.6465693679560747,5.194418629935569,0.49097045045079246
2021_09_ATL_NO,2021,9,0.7046070034314726,5.901369165134051,0.4675698524283988
2021_09_BUF_JAX,2021,9,0.17397996442116742,-13.756868084756931,0.521949413760187
2021_09_CHI_PIT,2021,9,0.7324629175352798,6.935382244188514,0.49809046989453354
2021_09_CLE_CIN,2021,9,0.5526460186233677,1.8891753991193194,0.48195550823501776
2021_09_DEN_DAL,2021,9,0.7691380701795667,9.700805517009977,0.47639656757137555
2021_09_GB_KC,2021,9,0.7116050701949631,6.766832297057146,0.4931099384816592
2021_09_HOU_MIA,2021,9,0.6176624773421737,3.603628376925126,0.4882883938796791
2021_09_LAC_PHI,2021,9,0.5014648719622832,-1.47453755652764,0.48597969506169036
2021_09_LV_NYG,2021,9,0.4122393076063163,-3.2698570415847286,0.49202591004287116
2021_09_MIN_BAL,2021,9,0.7274067792897854,7.589291566977501,0.502638660860891
2021_09_NE_CAR,2021,9,0.4036962766803772,-3.130571357393914,0.5109157268818766
2021_09_NYJ_IND,2021,9,0.807530863010512,10.870562391662919,0.5109492180369629
2021_09_TEN_LA,2021,9,0.7228667005322105,7.026676919952186,0.5007883366187824
2021_10_ATL_DAL,2021,10,0.7270086419054437,7.4769807868777685,0.48454797833430224
2021_10_BAL_MIA,2021,10,0.2551419974749497,-8.697991846198867,0.49414929725137724
2021_10_BUF_NYJ,2021,10,0.19046812496231846,-12.588898199487138,0.5121467070777173
2021_10_CAR_ARI,2021,10,0.7501865548554614,6.849265314714822,0.49554568965762047
2021_10_CLE_NE,2021,10,0.5563770999464219,2.153841561550785,0.4897716958799639
2021_10_DET_PIT,2021,10,0.7493194531399276,8.662978077186445,0.4900416051895779
2021_10_JAX_IND,2021,10,0.7933164955227534,10.005928101389943,0.485402801641884
2021_10_KC_LV,2021,10,0.42120316596087415,-2.9096060980979246,0.4878974724285648
2021_10_LA_SF,2021,10,0.3540175398071967,-4.375912835544604,0.47413380407066924
2021_10_MIN_LAC,2021,10,0.6136164209036774,3.0894485096871107,0.5026432986172267
2021_10_NO_TEN,2021,10,0.5938853069727952,2.983754907940871,0.4995199368513093
2021_10_PHI_DEN,2021,10,0.5266457336959216,0.3765106103203818,0.4815816384063064
2021_10_SEA_GB,2021,10,0.6032740477882077,2.635848600655013,0.48924016486113114
2021_10_TB_WAS,2021,10,0.23520287711419038,-9.56531837490025,0.5128431791894069
2021_11_ARI_SEA,2021,11,0.5758952619207854,2.1628442698472314,0.49003765224390633
2021_11_BAL_CHI,2021,11,0.346022482473303,-5.157778073260698,0.4953375621168362
2021_11_CIN_LV,2021,11,0.4769544434080564,-1.3485234061344318,0.48970183118604194
2021_11_DAL_KC,2021,11,0.5754480587691957,2.643229143031619,0.504232525109785
2021_11_DET_CLE,2021,11,0.8411861748482825,13.19912258313576,0.5058841138584746
2021_11_GB_MIN,2021,11,0.46742400680757756,-1.2118302287697345,0.4937404024560664
2021_11_HOU_TEN,2021,11,0.7971986804737,10.001601138331532,0.4852750207010533
2021_11_IND_BUF,2021,11,0.7295798262525383,7.58408965428894,0.5024849408527243
2021_11_MIA_NYJ,2021,11,0.3882231350296132,-3.312202480215228,0.5055494781119462
2021_11_NE_ATL,2021,11,0.28979618718865535,-6.674356449996736,0.5096222505955046
2021_11_NO_PHI,2021,11,0.5783938629141996,2.410898374845834,0.4973669520406041
2021_11_NYG_TB,2021,11,0.7903032740666931,11.39145905001062,0.4967925105490208
2021_11_PIT_LAC,2021,11,0.6566235856205671,5.606596251137245,0.5031500229349718
2021_11_SF_JAX,2021,11,0.3029659785178524,-6.773391176833778,0.4919214929603096
2021_11_WAS_CAR,2021,11,0.6250009766289948,3.228077300378599,0.4919648794917812
2021_12_ATL_JAX,2021,12,0.46420400495341946,-1.7930276107578544,0.4913413389296501
2021_12_BUF_NO,2021,12,0.30534672916821864,-7.4889810067010885,0.4855531443300738
2021_12_CAR_MIA,2021,12,0.46108920260870445,-1.3479200337113366,0.4897196556828084
2021_12_CHI_DET,2021,12,0.4557555129549169,-1.8091121686131,0.5056407917936186
2021_12_CLE_BAL,2021,12,0.6077237741722035,3.1834328779679533,0.5054205095507975
2021_12_LAC_DEN,2021,12,0.440971788518281,-2.420779462089396,0.5023410548639449
2021_12_LA_GB,2021,12,0.4719238585609752,-2.400712009163332,0.4881601857959954
2021_12_LV_DAL,2021,12,0.7098662030730027,6.9508361880489975,0.49854714963709845
2021_12_MIN_SF,2021,12,0.619725995408885,3.4941159724330944,0.499826119459173
2021_12_NYJ_HOU,2021,12,0.5951130175553323,2.655556297861507,0.48982235195983287
2021_12_PHI_NYG,2021,12,0.36886958819383076,-3.8110785888483694,0.5055826873078052
2021_12_PIT_CIN,2021,12,0.5976482816967702,3.0795665272084793,0.4875776608155862
2021_12_SEA_WAS,2021,12,0.4813399509760672,-0.692374413128824,0.5090899431947282
2021_12_TB_IND,2021,12,0.41831063965903537,-3.1026911710455294,0.4969653737131574
2021_12_TEN_NE,2021,12,0.7252324690539891,7.621991332243699,0.5036049509590271
2021_13_ARI_CHI,2021,13,0.28074721252059176,-7.036493721527591,0.5136945132402977
2021_13_BAL_PIT,2021,13,0.37550888913556946,-3.7543416706580017,0.5072591174640568
2021_13_DAL_NO,2021,13,0.3218119791670888,-6.221057678924991,0.4934677545426656
2021_13_DEN_KC,2021,13,0.7332933892875104,8.363407896353518,0.49596359736490186
2021_13_IND_HOU,2021,13,0.23630208028000801,-9.443736974669283,0.5164336340618761
2021_13_JAX_LA,2021,13,0.8435649813428905,14.124560846770464,0.5036808802364698
2021_13_LAC_CIN,2021,13,0.5796387185093919,1.7710659906871817,0.4784695293899559
2021_13_MIN_DET,2021,13,0.2907239275926975,-6.84672179447404,0.5045294698565896
2021_13_NE_BUF,2021,13,0.5888876749797236,2.6296690108086507,0.4890576176282271
2021_13_NYG_MIA,2021,13,0.6872146868903171,5.880176867661792,0.48168986619533805
2021_13_PHI_NYJ,2021,13,0.355688208181658,-4.784126021015588,0.5063790805463366
2021_13_SF_SEA,2021,13,0.4337209381159234,-2.827206675636147,0.5051061244946978
2021_13_TB_ATL,2021,13,0.2192482402297078,-10.38677823683588,0.518115258219453
2021_13_WAS_LV,2021,13,0.5456277236014886,0.8304874426593678,0.49499081857885974
2021_14_ATL_CAR,2021,14,0.5683023392912672,2.117489879178699,0.4886978485916556
2021_14_BAL_CLE,2021,14,0.5790775547523195,2.5054472249937287,0.48538860065174805
2021_14_BUF_TB,2021,14,0.6137437003453723,3.37650601502193,0.49635064556460734
2021_14_CHI_GB,2021,14,0.8412615741937068,11.606407431108828,0.5031444432350707
2021_14_DAL_WAS,2021,14,0.2957708994435492,-6.6439335381605,0.4957466602897897
2021_14_DET_DEN,2021,14,0.8233310386821764,12.852459180897753,0.4956400667322126
2021_14_JAX_TEN,2021,14,0.777892278180131,8.310759122420954,0.4944078729762705
2021_14_LA_ARI,2021,14,0.6038277928221584,2.6763029975412835,0.4904352557431997
2021_14_LV_KC,2021,14,0.7902748043482002,10.062681683931489,0.5018523173391349
2021_14_NO_NYJ,2021,14,0.36149465487828447,-4.642845469086107,0.4957788123100224
2021_14_NYG_LAC,2021,14,0.7567480523693373,9.386485735808792,0.4966455477194596
2021_14_PIT_MIN,2021,14,0.6208212614062989,3.5378301689917735,0.5011179284543554
2021_14_SEA_HOU,2021,14,0.2625255736141441,-9.285613729470072,0.521101180131845
2021_14_SF_CIN,2021,14,0.45745662298546536,-2.5546878018217933,0.4983839098742102
2021_15_ARI_DET,2021,15,0.20872584557918894,-12.119539126051013,0.5260003122203929
2021_15_ATL_SF,2021,15,0.7516277942506886,9.450687957557028,0.49854276926545626
2021_15_CAR_BUF,2021,15,0.8592792220872085,14.295491249619205,0.5087314474593453
2021_15_CIN_DEN,2021,15,0.5963410538976959,2.656292724849167,0.48984410725279615
2021_15_DAL_NYG,2021,15,0.21318812995903308,-11.186234461607983,0.5092713385740305
2021_15_GB_BAL,2021,15,0.2640548362163169,-9.2142356978151,0.5084440703188633
2021_15_HOU_JAX,2021,15,0.6616774586371524,5.199671807826612,0.47636312375198353
2021_15_KC_LAC,2021,15,0.3895084725687023,-3.1917605772728614,0.49433342003822456
2021_15_LV_CLE,2021,15,0.43532969092451207,-2.8634905821458467,0.5040339592890879
2021_15_MIN_CHI,2021,15,0.2543072721317795,-7.582888397269355,0.4827802522208096
2021_15_NE_IND,2021,15,0.4772598378554387,-1.6445340662678307,0.480960426788665
2021_15_NO_TB,2021,15,0.8143654871021064,11.097202338211254,0.48809857937771417
2021_15_NYJ_MIA,2021,15,0.785641015096118,10.609453016365345,0.5032344413013856
2021_15_SEA_LA,2021,15,0.7274908589123616,7.474940277722921,0.4992594535548135
2021_15_TEN_PIT,2021,15,0.5535422945476456,1.202280904402129,0.5059774359807551
2021_15_WAS_PHI,2021,15,0.7860273810437494,9.885228657960921,0.496608400787764
2021_16_BAL_CIN,2021,16,0.7182910530669703,6.418675248914463,0.4680796051226135
2021_16_BUF_NE,2021,16,0.5326161671150658,1.28299533015895,0.5083622618042016
2021_16_CHI_SEA,2021,16,0.7292912445431038,7.291704280474201,0.5086195641361662
2021_16_CLE_GB,2021,16,0.7681860764133532,7.7634644341143595,0.5077852170750001
2021_16_DEN_LV,2021,16,0.4958488407818392,-0.6131702119176868,0.5114297512942066
2021_16_DET_ATL,2021,16,0.7526832838364552,7.353728301736551,0.4956775686570043
2021_16_IND_ARI,2021,16,0.5878877548970215,2.6914152912928206,0.4908817209079573
2021_16_JAX_NYJ,2021,16,0.567262202669166,2.3341566745371534,0.4950992407137217
2021_16_LAC_HOU,2021,16,0.20974805443073125,-12.604079234274904,0.5264561840802457
2021_16_LA_MIN,2021,16,0.4113476772486792,-3.126140948008091,0.511046601548262
2021_16_MIA_NO,2021,16,0.4065447481632255,-3.3280549842931872,0.4903065093172641
2021_16_NYG_PHI,2021,16,0.8162739251628023,10.38238803081777,0.4817551403075761
2021_16_PIT_KC,2021,16,0.760545228512051,10.46300511073088,0.498906755035842
2021_16_SF_TEN,2021,16,0.39952213853168506,-3.548519222831098,0.49856619794601975
2021_16_TB_CAR,2021,16,0.20471932492762906,-11.324137707368298,0.5051968088740635
2021_16_WAS_DAL,2021,16,0.8013426290562937,10.724247173747752,0.506626486293607
2021_17_ARI_DAL,2021,17,0.6946803844563554,6.331397841669561,0.4950177199255304
2021_17_ATL_BUF,2021,17,0.8597697139249754,13.852461640175417,0.4956401394026755
2021_17_CAR_NO,2021,17,0.6915741654119923,6.18042205476901,0.4757952918560955
2021_17_CLE_PIT,2021,17,0.462139515311482,-1.6214422750761033,0.4816420689912485
2021_17_DEN_LAC,2021,17,0.7154592260158262,7.08329314839262,0.4729309432082062
2021_17_DET_SEA,2021,17,0.7865370686334573,8.64626139898926,0.5043221270041234
2021_17_HOU_SF,2021,17,0.8210582066655272,13.896383629238734,0.4969380336754179
2021_17_JAX_NE,2021,17,0.8822236648827269,17.261073729618364,0.49293979145498923
2021_17_KC_CIN,2021,17,0.39223444980433303,-3.3063009759302773,0.5057238577085934
2021_17_LA_BAL,2021,17,0.32708307522436464,-6.597849405764804,0.5118823074436839
2021_17_LV_IND,2021,17,0.760241183340651,8.325069977060688,0.4948307385635713
2021_17_MIA_TEN,2021,17,0.6243324556999851,3.200102079758231,0.5059130560734746
2021_17_MIN_GB,2021,17,0.8529258396661765,13.448254646207356,0.5132440649136576
2021_17_NYG_CHI,2021,17,0.7039641904745422,7.055509845252267,0.5016403823590684
2021_17_PHI_WAS,2021,17,0.31583179860464583,-6.203263755084878,0.5087682298146075
2021_17_TB_NYJ,2021,17,0.1838836024842308,-13.678611232009963,0.524258121534267
2021_18_CAR_TB,2021,18,0.7935054126858563,10.59922498536812,0.48815832472390297
2021_18_CHI_MIN,2021,18,0.6177125033679314,2.984303216846316,0.48476420544125476
2021_18_CIN_CLE,2021,18,0.6760483291318615,6.577619666606247,0.5022937478659193
2021_18_DAL_PHI,2021,18,0.3000755523511678,-6.859326073073015,0.48938270824623814
2021_18_GB_DET,2021,18,0.37696764067663735,-3.8203512688560775,0.5053086932792625
2021_18_IND_JAX,2021,18,0.17766701173845248,-13.546255486907647,0.5134062070013712
2021_18_KC_DEN,2021,18,0.2007885819496768,-11.049701303442117,0.5133044357770118
2021_18_LAC_LV,2021,18,0.3656793682155377,-4.124091794667,0.4815638555616919
2021_18_NE_MIA,2021,18,0.3413616196532754,-5.69957366633219,0.5088772499925055
2021_18_NO_ATL,2021,18,0.3687165415019471,-4.25366947785944,0.5072789783241616
2021_18_NYJ_BUF,2021,18,0.8803065731796624,16.219354894319284,0.506481932686397
2021_18_PIT_BAL,2021,18,0.5675697994082183,2.199071852547042,0.47634542545691244
2021_18_SEA_ARI,2021,18,0.6557173114492689,4.94067287877001,0.48347589524065604
2021_18_SF_LA,2021,18,0.6061841879594818,2.713744340531427,0.4915414127027436
2021_18_TEN_HOU,2021,18,0.2213692077344284,-10.211884188696533,0.5085135447283239
2021_18_WAS_NYG,2021,18,0.32567247771591246,-6.090058298394318,0.49733868174417867
2021_19_ARI_LA,2021,19,0.6228703983161581,4.057020822309374,0.5016850332773704
2021_19_LV_CIN,2021,19,0.6913565497611269,6.106431946989584,0.5031451676882187
2021_19_NE_BUF,2021,19,0.6432886688385915,4.510841329019902,0.5003203751153262
2021_19_PHI_TB,2021,19,0.7403670015076144,7.638059363260511,0.5040797597915538
2021_19_PIT_KC,2021,19,0.825207901710232,12.970119594627674,0.49911699649440944
2021_19_SF_DAL,2021,19,0.5921006937635223,2.737482198543077,0.49224275182410243
2021_20_BUF_KC,2021,20,0.561150962123306,2.1422143056374896,0.48942821235631306
2021_20_CIN_TEN,2021,20,0.6606029005342686,4.444097651979886,0.5131212874873493
2021_20_LA_TB,2021,20,0.5853611400048031,2.3349029969989137,0.495121293841138
2021_20_SF_GB,2021,20,0.6977516456682706,5.588345887244825,0.5026107154191195
2021_21_CIN_KC,2021,21,0.7129704978639637,7.065664098489776,0.5019404505109888
2021_21_SF_LA,2021,21,0.6114472254308791,3.169598755288747,0.49023719493375695
2021_22_LA_CIN,2021,22,0.37024408540989373,-4.447419549025669,0.501553815702308
2022_01_BAL_NYJ,2022,1,0.3226437975908273,-6.499170896599366,0.5000245010667503
2022_01_BUF_LA,2022,1,0.4729085004636062,-1.392387063153444,0.4884060924916293
2022_01_CLE_CAR,2022,1,0.5617970134288397,2.552104548688879,0.5015397522863115
2022_01_DEN_SEA,2022,1,0.33986299747351256,-5.821335294994108,0.5052796166078528
2022_01_GB_MIN,2022,1,0.5476294030361926,2.223140922349003,0.49181903333189847
2022_01_IND_HOU,2022,1,0.33301486803582925,-6.155419492251211,0.5249421636612723
2022_01_JAX_WAS,2022,1,0.5918062156580504,2.7467796468198076,0.492517453197372
2022_01_KC_ARI,2022,1,0.33582366228567345,-6.064660306116546,0.49808921249296684
2022_01_LV_LAC,2022,1,0.5949101336115865,2.7561643210161946,0.4780298206355899
2022_01_NE_MIA,2022,1,0.5711453822481203,2.490849970943798,0.4849575310852848
2022_01_NO_ATL,2022,1,0.36749966612902396,-5.64810843432765,0.5103976687544746
2022_01_NYG_TEN,2022,1,0.67265499423883,5.513791784241173,0.5004075648073251
2022_01_PHI_DET,2022,1,0.3486937195050355,-5.689287955123335,0.5091811280641751
2022_01_PIT_CIN,2022,1,0.701830919513185,6.687934473797668,0.4760168884538586
2022_01_SF_CHI,2022,1,0.3565301000685999,-5.731293469158648,0.5227039924205135
2022_01_TB_DAL,2022,1,0.44848282262622774,-2.640182090954061,0.49585751421878604
2022_02_ARI_LV,2022,2,0.6421558927819768,4.844396484938981,0.4806336894450576
2022_02_ATL_LA,2022,2,0.7691831184057321,10.494949561508356,0.4998507530813418
2022_02_CAR_NYG,2022,2,0.49432202152328036,-0.8754868133391922,0.50367947187915
2022_02_CHI_GB,2022,2,0.7597902621499786,10.04260911644082,0.48648609942109045
2022_02_CIN_DAL,2022,2,0.3298182933007837,-6.835590869511953,0.5196262169618311
2022_02_HOU_DEN,2022,2,0.7922299940748037,10.351526032191638,0.4956124926507266
2022_02_IND_JAX,2022,2,0.4219359676290658,-2.7792460567104946,0.5065232708821148
2022_02_LAC_KC,2022,2,0.6453716295762701,3.7288304436489526,0.4919871313375234
2022_02_MIA_BAL,2022,2,0.5928943797978539,2.860252211646118,0.49587034772678096
2022_02_MIN_PHI,2022,2,0.5977158608239744,3.002385122537729,0.5148426975157924
2022_02_NE_PIT,2022,2,0.4275529142529025,-2.910404483570544,0.5026476427591211
2022_02_NYJ_CLE,2022,2,0.6715376316243208,5.870774049108212,0.4814122980457908
2022_02_SEA_SF,2022,2,0.7378149822817542,8.245535890989222,0.49248070511740305
2022_02_TB_NO,2022,2,0.4544733470526398,-1.816158805211912,0.5201997437887007
2022_02_TEN_BUF,2022,2,0.787143411695022,10.111720213999053,0.5033014376456203
2022_02_WAS_DET,2022,2,0.4883269901905902,-1.0451121994157808,0.49866687924337566
2022_03_ATL_SEA,2022,3,0.5486591775029106,1.485941402049655,0.5143570899994161
2022_03_BAL_NE,2022,3,0.44035335668356157,-2.442537640221056,0.5016980811574848
2022_03_BUF_MIA,2022,3,0.36624100173700425,-3.6186935132149385,0.5112665967118861
2022_03_CIN_NYJ,2022,3,0.32653352185807066,-6.514417891985594,0.4995739329174911
2022_03_DAL_NYG,2022,3,0.5401550923068154,0.9841630061031575,0.49953199666586867
2022_03_DET_MIN,2022,3,0.681775370754621,5.842875064864817,0.48058878264256577
2022_03_GB_TB,2022,3,0.5532380259830391,0.9174604592176987,0.497560866113234
2022_03_HOU_CHI,2022,3,0.5931358689156816,3.010773631365384,0.5003183745636213
2022_03_JAX_LAC,2022,3,0.6889114412641218,6.592866185760498,0.5027442930172139
2022_03_KC_IND,2022,3,0.3642077008846537,-4.187063063748977,0.5092468589153505
2022_03_LA_ARI,2022,3,0.40174753773409183,-3.6280939440503106,0.4962147167878308
2022_03_LV_TEN,2022,3,0.4840569748992847,-0.9767892435190831,0.5154576777691998
2022_03_NO_CAR,2022,3,0.465528346583457,-1.8786264747589712,0.5035866947129035
2022_03_PHI_WAS,2022,3,0.3545296374173082,-5.29865794604734,0.5207162363891682
2022_03_PIT_CLE,2022,3,0.6341453369763959,3.9091752154235215,0.4825459433136588
2022_03_SF_DEN,2022,3,0.49870301709559,-0.7752978044981567,0.5066399309101539
2022_04_ARI_CAR,2022,4,0.5467635028085321,1.1725837999864686,0.5050999332876992
2022_04_BUF_BAL,2022,4,0.3862992365750506,-3.169230152344605,0.49499916335120797
2022_04_CHI_NYG,2022,4,0.5756185552337578,2.5353659928639365,0.48627218061858224
2022_04_CLE_ATL,2022,4,0.4762374811780622,-1.4131353286860895,0.48779322755630683
2022_04_DEN_LV,2022,4,0.5556868472546995,2.151056634728777,0.48968942499599066
2022_04_JAX_PHI,2022,4,0.7089300763564355,7.02450824775331,0.5154959914402311
2022_04_KC_TB,2022,4,0.5683572127031841,1.2866881126348115,0.5084713639649168
2022_04_LAC_HOU,2022,4,0.35682851023556056,-5.481973268153424,0.5005327128425091
2022_04_LA_SF,2022,4,0.5432519358373568,0.7562503005486354,0.4927972757272338
2022_04_MIA_CIN,2022,4,0.6582445587464609,4.664042671221265,0.5196154007214789
2022_04_MIN_NO,2022,4,0.3930903590757628,-3.5763458750256363,0.512517467081016
2022_04_NE_GB,2022,4,0.7944112502121679,9.904914966864627,0.4971901387914027
2022_04_NYJ_PIT,2022,4,0.6120253389868895,2.8806128338946406,0.4964720024084333
2022_04_SEA_DET,2022,4,0.602492345420683,2.6499316538491193,0.4896561915103525
2022_04_TEN_IND,2022,4,0.6197580895847025,3.5481502206187203,0.4718949089867427
2022_04_WAS_DAL,2022,4,0.5740472146538038,2.1721521030131568,0.4755513586949763
2022_05_ATL_TB,2022,5,0.7828617765506436,9.707238700710596,0.47658634621889817
2022_05_CHI_MIN,2022,5,0.763012473666778,9.079339450502655,0.47281437659143977
2022_05_CIN_BAL,2022,5,0.6092575906903179,2.7642572532259218,0.4930338541153705
2022_05_DAL_LA,2022,5,0.6582260932628379,5.248882907643246,0.49257959640470217
2022_05_DET_NE,2022,5,0.5744169315882546,2.7499371336950045,0.49261074476732397
2022_05_HOU_JAX,2022,5,0.7205534033617518,6.301322520843008,0.47936239942191927
2022_05_IND_DEN,2022,5,0.6249648627470478,3.5766868676208645,0.5022661829120615
2022_05_LAC_CLE,2022,5,0.48376926631445005,-1.4580241822260929,0.48646739538806694
2022_05_LV_KC,2022,5,0.7444225584949054,7.9241823570549235,0.5125330693209975
2022_05_MIA_NYJ,2022,5,0.41344639923805865,-2.815926244439648,0.5054394465496925
2022_05_NYG_GB,2022,5,0.7585152460250743,8.256772144724613,0.4928126943825244
2022_05_PHI_ARI,2022,5,0.35131536496470595,-5.6426489691374,0.4957846188104206
2022_05_PIT_BUF,2022,5,0.8705579552419598,13.976083560875596,0.4992932389798184
2022_05_SEA_NO,2022,5,0.6679010371645253,5.662716889578818,0.5048083759445914
2022_05_SF_CAR,2022,5,0.3492541901043723,-5.4533383190583065,0.5161501386765567
2022_05_TEN_WAS,2022,5,0.48566492553305335,-1.1996871517827288,0.49409920423522646
2022_06_ARI_SEA,2022,6,0.43237455807786584,-2.6041002096416537,0.4969237360402871
2022_06_BAL_NYG,2022,6,0.33668894231001767,-5.7110325216261355,0.49376397283233575
2022_06_BUF_KC,2022,6,0.4335368745718927,-2.064988634588,0.5128529183840035
2022_06_CAR_LA,2022,6,0.7636502535713106,9.547889463944703,0.4866420519434418
2022_06_CIN_NO,2022,6,0.4220310407583511,-2.863073875355469,0.5040462728766768
2022_06_DAL_PHI,2022,6,0.7045115053520445,6.785319165824113,0.5084309189117489
2022_06_DEN_LAC,2022,6,0.6344912593280386,3.496712086977383,0.4999028379625158
2022_06_JAX_IND,2022,6,0.5382757618724048,0.3674208990155169,0.4813133163168462
2022_06_MIN_MIA,2022,6,0.4218323358134123,-2.6390284126059833,0.5106659015073851
2022_06_NE_CLE,2022,6,0.567881158378821,2.1520222398042947,0.48971795035782034
2022_06_NYJ_GB,2022,6,0.7475525025540932,7.535221347671474,0.5010408347272681
2022_06_SF_ATL,2022,6,0.38065466980990925,-3.512391234555359,0.4996338232091568
2022_06_TB_PIT,2022,6,0.26360383289253597,-9.137182828740885,0.525480003906948
2022_06_WAS_CHI,2022,6,0.4775641222739288,-1.0160972526805925,0.49952430569104944
2022_07_ATL_CIN,2022,7,0.6868089477098256,6.324846432453644,0.49482413308956463
2022_07_CHI_NE,2022,7,0.782260336830283,9.917939148579471,0.5123486642368229
2022_07_CLE_BAL,2022,7,0.6882062478735849,5.4891888454686555,0.4701571235580499
2022_07_DET_DAL,2022,7,0.7052555325893346,6.076534124834488,0.472731668769334
2022_07_GB_WAS,2022,7,0.37675445532639124,-4.0094777936298085,0.4997199190893895
2022_07_HOU_LV,2022,7,0.7142523165817681,6.909300157741133,0.4973197237266382
2022_07_IND_TEN,2022,7,0.5699104600264266,2.199484876218235,0.4911201267957944
2022_07_KC_SF,2022,7,0.49584044811215067,-1.1700789862514989,0.49497408120341596
2022_07_NO_ARI,2022,7,0.5870634658221929,2.7015805602490426,0.505956742229678
2022_07_NYG_JAX,2022,7,0.6075184175425234,2.9647391421677876,0.49895799770088606
2022_07_NYJ_DEN,2022,7,0.4579382692416458,-1.8009347485464375,0.5058824198181118
2022_07_PIT_MIA,2022,7,0.7150331883174834,7.47015460900959,0.49911803121168297
2022_07_SEA_LAC,2022,7,0.6328542864647817,5.085911162052902,0.4877650633588572
2022_07_TB_CAR,2022,7,0.1966378413908572,-12.640843128671825,0.5106122933956446
2022_08_ARI_MIN,2022,8,0.6302919360172758,4.16153318675987,0.5047733985334815
2022_08_BAL_TB,2022,8,0.569771456559544,2.0868029792782714,0.5025651214730965
2022_08_CAR_ATL,2022,8,0.6440862546499189,3.9016625035195016,0.4823241482855062
2022_08_CHI_DAL,2022,8,0.7897053275595061,10.314367824651724,0.49451450446791195
2022_08_CIN_CLE,2022,8,0.40415258899703815,-3.0427479948091856,0.4987367441457612
2022_08_DEN_JAX,2022,8,0.5331631587250039,1.009132938191215,0.500269889993396
2022_08_GB_BUF,2022,8,0.7984161489395856,10.875978979932405,0.5111092239782988
2022_08_LV_NO,2022,8,0.48045605123634494,-1.1269676724149869,0.4962479980712515
2022_08_MIA_DET,2022,8,0.4007259514445436,-3.0516314578673573,0.5132474288286843
2022_08_NE_NYJ,2022,8,0.40024386270510603,-3.1927063495199266,0.4943054740910699
2022_08_NYG_SEA,2022,8,0.5954045038908313,2.607063349421331,0.48838985834821463
2022_08_PIT_PHI,2022,8,0.8201318885940121,11.0723126407419,0.5021369208774911
2022_08_SF_LA,2022,8,0.49438005643948113,-1.2407728416464834,0.4928852315221797
2022_08_TEN_HOU,2022,8,0.4942762203155435,-0.7776286780522196,0.5065710600551645
2022_08_WAS_IND,2022,8,0.5950671726669724,2.988819654834684,0.4996696065269586
2022_09_BAL_NO,2022,9,0.4680710062325384,-1.4440483246174947,0.4868801694109294
2022_09_BUF_NYJ,2022,9,0.21877513098867735,-11.032602645452583,0.4990365510310375
2022_09_CAR_CIN,2022,9,0.7349755682048075,7.046154762992841,0.5013639296688172
2022_09_GB_DET,2022,9,0.38030722269967177,-3.835610904900338,0.5048577881318256
2022_09_IND_NE,2022,9,0.6607320284390881,4.836104423134101,0.49515679488572817
2022_09_LAC_ATL,2022,9,0.4488019123713768,-2.9132665728973244,0.48778935093813597
2022_09_LA_TB,2022,9,0.6048018070255524,3.0820263097631693,0.5024239675349137
2022_09_LV_JAX,2022,9,0.4442287643883812,-3.0013069104284034,0.4851891430245115
2022_09_MIA_CHI,2022,9,0.391062840349028,-3.7773032098838404,0.5065806767495245
2022_09_MIN_WAS,2022,9,0.42830029932068514,-2.6216302223232164,0.511179847542832
2022_09_PHI_HOU,2022,9,0.1910845575581998,-13.420010540078847,0.5171341598889898
2022_09_SEA_ARI,2022,9,0.5511355731907628,1.2777604428192288,0.4934328332344669
2022_09_TEN_KC,2022,9,0.8553499723885409,14.352637256612574,0.5104196973755715
2022_10_ARI_LA,2022,10,0.5937112486314118,2.7286729654197774,0.4772186942064729
2022_10_ATL_CAR,2022,10,0.43686558804848585,-2.6468738396184577,0.4956597756579541
2022_10_CLE_MIA,2022,10,0.5922464554408504,2.4254404872626387,0.4830261553637135
2022_10_DAL_GB,2022,10,0.3862318584983204,-2.904374277540936,0.5175957936355874
2022_10_DEN_TEN,2022,10,0.5821433335845587,2.5491330787198114,0.5014519421625991
2022_10_DET_CHI,2022,10,0.5934269053274566,2.849607719849378,0.49555580753835377
2022_10_HOU_NYG,2022,10,0.6626757897429547,5.182327958388442,0.49061325082098584
2022_10_IND_LV,2022,10,0.6408390103696251,4.696487305474765,0.5058062463895167
2022_10_JAX_KC,2022,10,0.7802858217511177,9.527293752727907,0.48603377929994285
2022_10_LAC_SF,2022,10,0.7583173660120446,9.031821980848887,0.5157119562673436
2022_10_MIN_BUF,2022,10,0.6996613728855172,6.113033449478074,0.4885662088600378
2022_10_NO_PIT,2022,10,0.5276840504462779,0.3056754888517751,0.47949086411026554
2022_10_SEA_TB,2022,10,0.6017113947677399,2.890091669487531,0.5115261041667879
2022_10_WAS_PHI,2022,10,0.818656945057108,11.022617678174981,0.5006683810286904
2022_11_CAR_BAL,2022,11,0.8505103835987832,13.186174985328313,0.505501534740977
2022_11_CHI_ATL,2022,11,0.5789856083201865,3.1747847586599156,0.5051649690511003
2022_11_CIN_PIT,2022,11,0.3508469810040874,-4.304903524396188,0.4762281555732622
2022_11_CLE_BUF,2022,11,0.7342539537994023,7.058500958101089,0.4869554634700504
2022_11_DAL_MIN,2022,11,0.4609411055393364,-1.4172908859471107,0.5024441449001177
2022_11_DET_NYG,2022,11,0.6115480981719015,2.9796803142122004,0.49939952750189814
2022_11_KC_LAC,2022,11,0.32418396657932824,-5.462140687514062,0.5011187896785285
2022_11_LA_NO,2022,11,0.5688248374915481,2.5992881833516477,0.5029340664585891
2022_11_LV_DEN,2022,11,0.5774866937822692,1.9450210383885476,0.4836042795399793
2022_11_NYJ_NE,2022,11,0.6287114129653533,3.213501124257595,0.49153422696748916
2022_11_PHI_IND,2022,11,0.3199991332191403,-6.5893828870886235,0.49735864057202167
2022_11_SF_ARI,2022,11,0.22353835822885104,-10.62270491016477,0.4816047961003814
2022_11_TEN_GB,2022,11,0.6000341670817285,3.041571794064137,0.5012284977861572
2022_11_WAS_HOU,2022,11,0.4433001429251252,-2.366977970452724,0.5186997584174623
2022_12_ATL_WAS,2022,12,0.6116403652704059,3.285843067734127,0.49367165394667517
2022_12_BAL_JAX,2022,12,0.4032098957201584,-3.6120765534376624,0.4966880324295726
2022_12_BUF_DET,2022,12,0.23034164846583666,-10.256577241772785,0.4924182705240326
2022_12_CHI_NYJ,2022,12,0.7476156397995509,8.425190110617063,0.4977892833242778
2022_12_CIN_TEN,2022,12,0.5043117699154456,-0.9284063754318046,0.5021156733309947
2022_12_DEN_CAR,2022,12,0.491936591798285,-0.8290671068731661,0.5050511508252022
2022_12_GB_PHI,2022,12,0.6886682310180174,6.121521929399484,0.4888169535196982
2022_12_HOU_MIA,2022,12,0.8531115653258154,13.723746924544487,0.4918369377151922
2022_12_LAC_ARI,2022,12,0.4546594000505184,-2.073869031899649,0.5125906247224017
2022_12_LA_KC,2022,12,0.8963698157208153,16.909413374009734,0.512096834947587
2022_12_LV_SEA,2022,12,0.6583607041267798,4.2732738587602395,0.5080750408509757
2022_12_NE_MIN,2022,12,0.5718122045195492,2.3760976812139036,0.4963385792844385
2022_12_NO_SF,2022,12,0.7614658320049315,9.19642189543673,0.4910296344457141
2022_12_NYG_DAL,2022,12,0.7995482449456699,10.067524845730325,0.487221991227703
2022_12_PIT_IND,2022,12,0.5702743682264223,2.482025837016105,0.4994688406332919
2022_12_TB_CLE,2022,12,0.4125821484719846,-3.1165829881706646,0.4965548662910028
2022_13_BUF_NE,2022,13,0.3637744124718796,-4.059646191962022,0.4834664743860214
2022_13_CLE_HOU,2022,13,0.30641141115478165,-6.810280489141424,0.5203732309119606
2022_13_DEN_BAL,2022,13,0.7722637708145896,9.514346396531646,0.5004239543015274
2022_13_GB_CHI,2022,13,0.38560674872576145,-3.853853385911771,0.5043187351622856
2022_13_IND_DAL,2022,13,0.7917148698793521,11.009729398974475,0.5002875161687262
2022_13_JAX_DET,2022,13,0.5354380190426724,0.7047704803070576,0.49127628514409044
2022_13_KC_CIN,2022,13,0.45086102677216827,-2.271393239755191,0.5067552995347852
2022_13_LAC_LV,2022,13,0.5528956742238914,1.9537099971679757,0.4838608358921642
2022_13_MIA_SF,2022,13,0.6697425586606963,4.676805462217743,0.5052246783651049
2022_13_NO_TB,2022,13,0.6256025615024412,3.494412693682546,0.49983488795111475
2022_13_NYJ_MIN,2022,13,0.5979964005412091,2.9644157842137058,0.4989484420923297
2022_13_PIT_ATL,2022,13,0.49652105649939826,-0.9005364084836145,0.5029392498539467
2022_13_SEA_LA,2022,13,0.30101419579942534,-6.797771850354213,0.5059758771851269
2022_13_TEN_PHI,2022,13,0.6349189328219362,5.07627921848068,0.5022541365514933
2022_13_WAS_NYG,2022,13,0.45307464630706806,-2.458119577764277,0.5012376181001165
2022_14_BAL_PIT,2022,14,0.5533321565718903,1.5303868348914118,0.5008979691088414
2022_14_CAR_SEA,2022,14,0.6506330790769794,3.5729213124244352,0.5021549076446097
2022_14_CLE_CIN,2022,14,0.6375960382697443,4.097522220660869,0.4881080281101514
2022_14_HOU_DAL,2022,14,0.902511419422124,16.99026670020682,0.49971236855711776
2022_14_JAX_TEN,2022,14,0.607059286966809,2.470464198533608,0.48435555108200606
2022_14_KC_DEN,2022,14,0.24595476061792765,-8.63189228984836,0.49610247601147317
2022_14_LV_LA,2022,14,0.30830626233079983,-6.921155943209067,0.48755632125889536
2022_14_MIA_LAC,2022,14,0.42349009169261254,-2.9296257040393865,0.5020796411079765
2022_14_MIN_DET,2022,14,0.5467736969357742,1.7228885923270576,0.47704803944907614
2022_14_NE_ARI,2022,14,0.4553319662251507,-2.005367110845049,0.49984139500864544
2022_14_NYJ_BUF,2022,14,0.7903504643647228,9.905869467776308,0.49721834482249305
2022_14_PHI_NYG,2022,14,0.2737814406144664,-7.701546594142706,0.49404426140036906
2022_14_TB_SF,2022,14,0.623645059343318,3.2639339865734653,0.493024302630406
2022_15_ARI_DEN,2022,15,0.5481851831935817,1.5694156494334282,0.5020513122556955
2022_15_ATL_NO,2022,15,0.6837050725191023,4.399040065452496,0.48224672829631066
2022_15_BAL_CLE,2022,15,0.596289697880721,2.8505771203569057,0.510358838357319
2022_15_CIN_TB,2022,15,0.41723684183971743,-2.8876194402968554,0.5180904251777858
2022_15_DAL_JAX,2022,15,0.3636932506265733,-4.19947392710416,0.4941055046088725
2022_15_DET_NYJ,2022,15,0.5737785066976795,2.176803337563213,0.5052246155842283
2022_15_IND_MIN,2022,15,0.6103899211934205,2.9204641525096076,0.4828792325833726
2022_15_KC_HOU,2022,15,0.1852557176100353,-13.698826198794892,0.5236618211573967
2022_15_LA_GB,2022,15,0.7341802582607254,8.689115977094831,0.5203554189580938
2022_15_MIA_BUF,2022,15,0.7457161286341383,7.264312006648468,0.507810259143603
2022_15_NE_LV,2022,15,0.5385137523847771,0.871627291605572,0.49620647931626327
2022_15_NYG_WAS,2022,15,0.6361841258772232,4.271286960413668,0.4932415602251131
2022_15_PHI_CHI,2022,15,0.26527350746088324,-8.142650670989953,0.5105588970113615
2022_15_PIT_CAR,2022,15,0.6047014099988666,2.9010172543064425,0.511848830612881
2022_15_SF_SEA,2022,15,0.39474650907678344,-3.0573195189646505,0.49830613993327494
2022_15_TEN_LAC,2022,15,0.5695228160209806,2.2977131401811457,0.4792558810908221
2022_16_ATL_BAL,2022,16,0.7037079130300754,6.834850248355244,0.5098942389168585
2022_16_BUF_CHI,2022,16,0.26160824886296374,-8.148642440317863,0.4956075143738521
2022_16_CIN_NE,2022,16,0.4450017202936837,-2.391763493814666,0.5179680881703584
2022_16_DEN_LA,2022,16,0.42078321241459293,-2.524896232878638,0.5140370268399003
2022_16_DET_CAR,2022,16,0.46260421610733693,-1.908637276875937,0.5174699382284327
2022_16_GB_MIA,2022,16,0.6247706292897162,3.823469933625717,0.5095580360094182
2022_16_HOU_TEN,2022,16,0.6060541399494688,2.7877294776936,0.49372739282345984
2022_16_JAX_NYJ,2022,16,0.5752480868486521,2.4121748601378217,0.49740467300503427
2022_16_LAC_IND,2022,16,0.4007881736341923,-3.231781857535208,0.5079256680067532
2022_16_LV_PIT,2022,16,0.5920989556954693,2.887635989311842,0.5114535657735964
2022_16_NO_CLE,2022,16,0.6206097233894801,2.9842010366641665,0.4995331205168553
2022_16_NYG_MIN,2022,16,0.6364792560101655,4.2085194253224945,0.49138704511457043
2022_16_PHI_DAL,2022,16,0.6242971840459592,3.504007322533952,0.48534607831655996
2022_16_SEA_KC,2022,16,0.7958801341245723,10.499938948375931,0.49999819584636085
2022_16_TB_ARI,2022,16,0.31014243153883203,-7.238025389217642,0.5077411992245322
2022_16_WAS_SF,2022,16,0.6987138469727245,6.338559050848599,0.4952293270109102
2022_17_ARI_ATL,2022,17,0.6922820442212869,7.203052375996176,0.5060002313850125
2022_17_CAR_TB,2022,17,0.6288008841872155,3.2275480071096236,0.49194924137699964
2022_17_CHI_DET,2022,17,0.644808949788378,3.858137107152179,0.48103927384076595
2022_17_CLE_WAS,2022,17,0.5491113923164903,1.284875877253771,0.5084178220878863
2022_17_DAL_TEN,2022,17,0.1821231727809634,-13.598257204231038,0.5118702618173053
2022_17_DEN_KC,2022,17,0.844671988273042,13.005744606229536,0.4853973827566272
2022_17_IND_NYG,2022,17,0.6718484206838206,5.421306775624069,0.49767452765946435
2022_17_JAX_HOU,2022,17,0.391691716515859,-3.2377638633784773,0.507748926191361
2022_17_LA_LAC,2022,17,0.6852790276482188,5.9815348559631705,0.4846824568210135
2022_17_MIA_NE,2022,17,0.5928125845037309,2.476448419189268,0.4845322580018683
2022_17_MIN_GB,2022,17,0.609542199670373,3.0841085584664056,0.5024854994845267
2022_17_NO_PHI,2022,17,0.6633967096561728,5.313535867913213,0.4944899214159481
2022_17_NYJ_SEA,2022,17,0.5103359478466487,-0.7294570115712059,0.5079943565046775
2022_17_PIT_BAL,2022,17,0.5438232676858417,1.0062654015928287,0.5001851506303218
2022_17_SF_LV,2022,17,0.24872410736722858,-9.105654994714103,0.5264097205930761
2022_18_ARI_SF,2022,18,0.8566990440403217,13.62001674436555,0.48877249092176156
2022_18_BAL_CIN,2022,18,0.8315235260373375,10.912800774359734,0.4974231691828581
2022_18_CAR_NO,2022,18,0.6131469862538208,3.159474855883201,0.48993811310707197
2022_18_CLE_PIT,2022,18,0.5794728946202117,2.4539255393460846,0.4986384433542428
2022_18_DAL_WAS,2022,18,0.28544224884807723,-7.188060861658907,0.5092173806056144
2022_18_DET_GB,2022,18,0.6861530884568088,5.589452394603012,0.5026434134189443
2022_18_HOU_IND,2022,18,0.5771503128240049,2.7144695531308507,0.4915628388582456
2022_18_KC_LV,2022,18,0.2448367204934015,-8.996474185520215,0.5001041923298405
2022_18_LAC_DEN,2022,18,0.676956188415188,5.726036315846934,0.4919045781123067
2022_18_LA_SEA,2022,18,0.6816211459259576,5.446429009064769,0.49841691280015854
2022_18_MIN_CHI,2022,18,0.30644267500418,-6.428671594784869,0.5021078358694274
2022_18_NE_BUF,2022,18,0.7556120207775895,7.598564918812966,0.48813882751999094
2022_18_NYG_PHI,2022,18,0.8865151614451188,16.517463100166314,0.500516056819282
2022_18_NYJ_MIA,2022,18,0.5949256318217714,2.663618404415137,0.47529965557929676
2022_18_TB_ATL,2022,18,0.6459174975153663,5.136109239272733,0.474488334961361
2022_18_TEN_JAX,2022,18,0.6991496908398251,5.828459228169219,0.4949308870260106
2022_19_BAL_CIN,2022,19,0.7502941465296136,7.748180693690862,0.507333644092184
2022_19_DAL_TB,2022,19,0.4216170385408682,-2.8577219258905258,0.48943009613471383
2022_19_LAC_JAX,2022,19,0.47021344175265445,-1.7746371251918238,0.506659452117092
2022_19_MIA_BUF,2022,19,0.8799494278454272,14.2835298864337,0.5083780551493817
2022_19_NYG_MIN,2022,19,0.5856990678794618,2.6752087677644623,0.505177498010205
2022_19_SEA_SF,2022,19,0.7658270475543518,9.368198420890197,0.4813362679038799
2022_20_CIN_BUF,2022,20,0.6914650036386173,6.0910974442121,0.5026920256536813
2022_20_DAL_SF,2022,20,0.6034780594467601,3.173402864414989,0.4903495779510604
2022_20_JAX_KC,2022,20,0.783603115534838,10.25245626626758,0.5074599710160724
2022_20_NYG_PHI,2022,20,0.755626791021291,8.139428198002845,0.5041202084741047
2022_21_CIN_KC,2022,21,0.584216896464083,2.4899235939895688,0.5144746920296849
2022_21_SF_PHI,2022,21,0.5712125392196796,2.142887695192147,0.48944810490536483
2022_22_KC_PHI,2022,22,0.5061074384314446,0.20735575401698625,0.47658979933581835
2023_01_ARI_WAS,2023,1,0.7072182242481387,6.663471339330355,0.49005617718240196
2023_01_BUF_NYJ,2023,1,0.44382209839915987,-2.8652318859001262,0.4892082467488943
2023_01_CAR_ATL,2023,1,0.6165391407680665,2.9926902420877792,0.4850118749295262
2023_01_CIN_CLE,2023,1,0.49529704944697,-0.7330946246526051,0.5078868816766109
2023_01_DAL_NYG,2023,1,0.4077114561431364,-3.6526343244618205,0.49548955643178955
2023_01_DET_KC,2023,1,0.6455469239313866,3.9968551774891368,0.4999070664701782
2023_01_GB_CHI,2023,1,0.528888819220262,0.8135884016130719,0.49449147370598867
2023_01_HOU_BAL,2023,1,0.7791458216693119,9.110687765322293,0.48849691953479796
2023_01_JAX_IND,2023,1,0.3879940429129465,-3.602582389326036,0.5117425030372085
2023_01_LA_SEA,2023,1,0.6216890141528393,4.0334917321547445,0.4862168267425284
2023_01_LV_DEN,2023,1,0.5798239146873605,2.3366217572961054,0.4804042102767603
2023_01_MIA_LAC,2023,1,0.5945463047538635,3.0313053115320914,0.5009251111983947
2023_01_PHI_NE,2023,1,0.39831283031728604,-3.315481124287271,0.5054525991943043
2023_01_SF_PIT,2023,1,0.47710704392059433,-1.4175397707170858,0.5024367901742021
2023_01_TB_MIN,2023,1,0.6347659856935183,4.198996974527412,0.5058804023668134
2023_01_TEN_NO,2023,1,0.5790009413782342,2.9523437218899025,0.4985916989053342
2023_02_BAL_CIN,2023,2,0.6036409970130796,3.162886810570167,0.4900389089847801
2023_02_CHI_TB,2023,2,0.5714742862629507,1.800686179114638,0.47934361989924773
2023_02_CLE_PIT,2023,2,0.40539652409544613,-2.3991740719860504,0.5029795075335856
2023_02_GB_ATL,2023,2,0.569884457549049,2.587553259376023,0.48781356670458664
2023_02_IND_HOU,2023,2,0.5052979975326692,-0.8468215674478169,0.5045265216274156
2023_02_KC_JAX,2023,2,0.4037793404546558,-3.8809395783314646,0.48874424158260493
2023_02_LAC_TEN,2023,2,0.43916557625112274,-2.634645232357062,0.4960211270005278
2023_02_LV_BUF,2023,2,0.7149891980433007,7.339280777409691,0.49525065343645186
2023_02_MIA_NE,2023,2,0.45667081279032923,-2.134982411518033,0.4960111634215402
2023_02_MIN_PHI,2023,2,0.6890282272389986,6.538210765685777,0.5159006048311006
2023_02_NO_CAR,2023,2,0.4084817154922731,-2.9663846025690397,0.5009933769962627
2023_02_NYG_ARI,2023,2,0.3909148785134141,-5.137883619931266,0.49592543337755995
2023_02_NYJ_DAL,2023,2,0.773419776969302,8.391444256127366,0.4967920733849659
2023_02_SEA_DET,2023,2,0.6479719710880736,4.153239698354634,0.48975391590823225
2023_02_SF_LA,2023,2,0.3057832050775916,-7.420593818980693,0.5023465407607582
2023_02_WAS_DEN,2023,2,0.6274160845191035,3.476748041570156,0.48454110557462704
2023_03_ATL_DET,2023,3,0.5862208645538288,2.9890051943542697,0.49967508945540917
2023_03_BUF_WAS,2023,3,0.35483667318324524,-5.016047707716719,0.5142983471725392
2023_03_CAR_SEA,2023,3,0.6501066618608633,4.99914724312255,0.49997479994273397
2023_03_CHI_KC,2023,3,0.8432573359016814,12.66419331321372,0.49007750582109577
2023_03_DAL_ARI,2023,3,0.2261657257117451,-10.460901640423435,0.5306763936467866
2023_03_DEN_MIA,2023,3,0.6811233842986564,6.106857283626703,0.5031577365381111
2023_03_HOU_JAX,2023,3,0.7314465116201884,6.155958695313377,0.46034737541993775
2023_03_IND_BAL,2023,3,0.7366211978663998,7.1659051678450725,0.4901280777483592
2023_03_LAC_MIN,2023,3,0.520335863070881,0.7558894994131335,0.4927866153322155
2023_03_LA_CIN,2023,3,0.5954288052145176,3.2917788340754632,0.5086217667761234
2023_03_NE_NYJ,2023,3,0.43936331930338035,-2.4836121768741397,0.5004842810313319
2023_03_NO_GB,2023,3,0.47085730832174266,-1.48798318921366,0.5003551120937166
2023_03_NYG_SF,2023,3,0.7931817520954101,10.436199613102312,0.49811462391898503
2023_03_PHI_TB,2023,3,0.34162271769892916,-6.0904561387620015,0.4973269253148189
2023_03_PIT_LV,2023,3,0.5813189267394986,2.9110465046661083,0.4973713293712194
2023_03_TEN_CLE,2023,3,0.5977065070481842,3.1640612132683823,0.4900736033066102
2023_04_ARI_SF,2023,4,0.8529577769065393,14.16979887641167,0.4754819488357591
2023_04_ATL_JAX,2023,4,0.6173348890842503,3.4886232658185596,0.4996638029821737
2023_04_BAL_CLE,2023,4,0.46174599305823794,-1.7668650167106443,0.5068890947548864
2023_04_CIN_TEN,2023,4,0.4394088851966803,-2.1278148086278614,0.5109971557036208
2023_04_DEN_CHI,2023,4,0.4237882002468153,-2.8682270689809752,0.503893996950515
2023_04_DET_GB,2023,4,0.45236879570405975,-2.474175102970685,0.5007631582984023
2023_04_KC_NYJ,2023,4,0.24427492949935065,-8.946480923559914,0.5163526153278293
2023_04_LA_IND,2023,4,0.4826568677717762,-1.2185951876825523,0.49354051466401366
2023_04_LV_LAC,2023,4,0.7216076795822097,6.320189183273439,0.47991920723354786
2023_04_MIA_BUF,2023,4,0.5669652502514122,1.9004898348670558,0.48228952851237894
2023_04_MIN_CAR,2023,4,0.38503651611478373,-4.32796793495662,0.5050836301419073
2023_04_NE_DAL,2023,4,0.7029078845002003,6.209865477776581,0.49142681345968403
2023_04_PIT_HOU,2023,4,0.4256579147047231,-2.7042787966798896,0.5087382412566551
2023_04_SEA_NYG,2023,4,0.4189505552939913,-2.7767393753066947,0.4918225699459216
2023_04_TB_NO,2023,4,0.6157496596991804,3.0467156064536987,0.471852619707652
2023_04_WAS_PHI,2023,4,0.7976873131208535,9.09688106503446,0.4880890895725072
2023_05_BAL_PIT,2023,5,0.3482763782809447,-4.17371080960527,0.5096413245345242
2023_05_CAR_DET,2023,5,0.7911577729547141,9.49905629603624,0.4999721123399245
2023_05_CHI_WAS,2023,5,0.6917459781010983,6.433066965672627,0.512795488572847
2023_05_CIN_ARI,2023,5,0.42022355179113974,-3.005840043006892,0.4998274192591004
2023_05_DAL_SF,2023,5,0.6274436439417029,3.919567944166241,0.5123967740809224
2023_05_GB_LV,2023,5,0.523223072155064,0.8326597242472153,0.4950550072845728
2023_05_HOU_ATL,2023,5,0.5974186338959175,2.8152479368983045,0.5093151334611374
2023_05_JAX_BUF,2023,5,0.6885905603535514,4.882803508092741,0.48176740535957946
2023_05_KC_MIN,2023,5,0.39270445307416124,-3.355916561804003,0.5042577691961103
2023_05_NO_NE,2023,5,0.5560512611419423,2.235139263004833,0.4921735282863507
2023_05_NYG_MIA,2023,5,0.8294886971709028,11.620619053505909,0.47403153330095915
2023_05_NYJ_DEN,2023,5,0.5728946209591776,2.549510356926779,0.5014630911421347
2023_05_PHI_LA,2023,5,0.3801899978850111,-4.12223676126432,0.4816186158012364
2023_05_TEN_IND,2023,5,0.4403663596167074,-2.2421140242641817,0.5076203972197415
2023_06_ARI_LA,2023,6,0.7277794228355263,6.435034467181389,0.4833094173550556
2023_06_BAL_TEN,2023,6,0.3293123729262383,-5.607425462172394,0.49682547358735485
2023_06_CAR_MIA,2023,6,0.8665183228763614,13.796699581941203,0.49399243948462757
2023_06_DAL_LAC,2023,6,0.4694846632746803,-1.5801146053194381,0.4976325247597496
2023_06_DEN_KC,2023,6,0.8157961904214723,10.304904516319118,0.4942348794006428
2023_06_DET_TB,2023,6,0.42228414082935206,-3.1464130435771014,0.49567339196746707
2023_06_IND_JAX,2023,6,0.6289299482929084,3.5367445171725267,0.48631289372740966
2023_06_MIN_CHI,2023,6,0.3899789347943895,-3.4062974233379046,0.48799520337016966
2023_06_NE_LV,2023,6,0.5993819588268285,2.539697088341779,0.4864000949552221
2023_06_NO_HOU,2023,6,0.47822701320212246,-1.5682806866866734,0.5127556841428265
2023_06_NYG_BUF,2023,6,0.886084492323083,15.360988650454653,0.49589210927638333
2023_06_PHI_NYJ,2023,6,0.3141521916469323,-6.318817845860953,0.5053540038451716
2023_06_SEA_CIN,2023,6,0.5795699016069285,2.7551341339877187,0.4927642969773015
2023_06_SF_CLE,2023,6,0.27532642337622915,-8.736932506969449,0.5225376195924532
2023_06_WAS_ATL,2023,6,0.5544949550266081,1.2456600372218745,0.492484373146138
2023_07_ARI_SEA,2023,7,0.7826218533513373,8.765644993595206,0.47830956708071204
2023_07_ATL_TB,2023,7,0.5706442898548546,2.190550020452553,0.47609404194359517
2023_07_BUF_NE,2023,7,0.2630377965397919,-7.233045174287787,0.5078883427125611
2023_07_CLE_IND,2023,7,0.4147290207954223,-2.8563684308969464,0.5190129336010797
2023_07_DET_BAL,2023,7,0.5937571190915507,3.1575516482875337,0.5046557471916842
2023_07_GB_DEN,2023,7,0.5243005959278977,1.3140911457302187,0.49450632902570796
2023_07_JAX_NO,2023,7,0.5855746548387835,2.3720521049115924,0.496219032527545
2023_07_LAC_KC,2023,7,0.6977268953630402,5.652642742050489,0.504510692302831
2023_07_LV_CHI,2023,7,0.43879026071673727,-2.2088408327225943,0.5086034590965268
2023_07_MIA_PHI,2023,7,0.6080392292714485,3.2987460296800797,0.5088276070840818
2023_07_PIT_LA,2023,7,0.617373840293643,2.938188421058577,0.4834025396028825
2023_07_SF_MIN,2023,7,0.3067432138669106,-6.745215626767103,0.5075287574170603
2023_07_WAS_NYG,2023,7,0.4211639088589054,-2.7075738826074662,0.5086408903496238
2023_08_ATL_TEN,2023,8,0.4758929235100367,-1.903609604195573,0.5176183687003592
2023_08_BAL_ARI,2023,8,0.26050905503278204,-8.735508052796787,0.5225796467209352
2023_08_CHI_LAC,2023,8,0.7606375159636496,9.189202432769507,0.4908163453102765
2023_08_CIN_SF,2023,8,0.6403808364984926,3.3422110851827505,0.48056918444774566
2023_08_CLE_SEA,2023,8,0.6433984189995094,3.969476143517918,0.4990979817380663
2023_08_HOU_CAR,2023,8,0.40990046024257165,-2.9020906649111606,0.5028933208142308
2023_08_JAX_PIT,2023,8,0.44921303403115076,-2.029459421251721,0.5139022614648484
2023_08_KC_DEN,2023,8,0.28401944917566924,-6.625643446609807,0.5110612977074461
2023_08_LA_DAL,2023,8,0.7073901554747803,6.8145172699529715,0.5092935471903122
2023_08_LV_DET,2023,8,0.7250910686269729,7.381427724884602,0.5112701780236346
2023_08_MIN_GB,2023,8,0.4770706282533882,-1.3507662829518947,0.48963557353143344
2023_08_NE_MIA,2023,8,0.7360937784519994,6.651630459681827,0.47494608546817857
2023_08_NO_IND,2023,8,0.4754668799624731,-1.5289470073525684,0.5139173947462433
2023_08_NYJ_NYG,2023,8,0.4073528868534837,-2.91599458467786,0.5024824515316704
2023_08_PHI_WAS,2023,8,0.2999819234440426,-6.657992610827289,0.5101056751384557
2023_08_TB_BUF,2023,8,0.7786826045005109,10.141720298672745,0.5041879393106952
2023_09_ARI_CLE,2023,9,0.846253539969903,12.983490434823176,0.49951212133789913
2023_09_BUF_CIN,2023,9,0.5290733517470536,1.2657838697575767,0.4930789607545917
2023_09_CHI_NO,2023,9,0.784060443780584,8.9744499705331,0.4992449643752012
2023_09_DAL_PHI,2023,9,0.604934276964292,3.173970070048525,0.4903663347077435
2023_09_IND_CAR,2023,9,0.46016490386156234,-1.4674079539226175,0.5009631357447709
2023_09_LAC_NYJ,2023,9,0.4302422599349319,-2.398494592408083,0.5177693751523924
2023_09_LA_GB,2023,9,0.6299573496687023,3.178335624284893,0.49049530530907004
2023_09_MIA_KC,2023,9,0.5128407147545232,0.649056206573507,0.48963032964096076
2023_09_MIN_ATL,2023,9,0.6210540763236344,3.189609908133795,0.4908283835424126
2023_09_NYG_LV,2023,9,0.535314282662278,1.293032278489136,0.5086587989752935
2023_09_SEA_BAL,2023,9,0.6869753686801061,5.799716550540431,0.4940815848089651
2023_09_TB_HOU,2023,9,0.5729105443124705,2.038459366536758,0.4863635400038451
2023_09_TEN_PIT,2023,9,0.5994423756487169,3.08514968432652,0.4877425713200919
2023_09_WAS_NE,2023,9,0.5910537845958832,2.657857313363351,0.5046647793696267
2023_10_ATL_ARI,2023,10,0.46816267557260893,-1.7047247278494044,0.508725066576281
2023_10_CAR_CHI,2023,10,0.6090569568396043,2.8938249264126963,0.49686242301428923
2023_10_CLE_BAL,2023,10,0.6664192659237411,5.057254558473873,0.4721632922647849
2023_10_DEN_BUF,2023,10,0.7582244373755945,7.648933437290347,0.5044010844369061
2023_10_DET_LAC,2023,10,0.4416556130183551,-2.8633786467097018,0.4892629924020256
2023_10_GB_PIT,2023,10,0.6022897896028646,2.8850773954062974,0.4966039309474033
2023_10_HOU_CIN,2023,10,0.6744002227469692,5.626477705750805,0.5037375234245389
2023_10_IND_NE,2023,10,0.5022811770810006,-0.3466259154764362,0.5193005054076968
2023_10_NO_MIN,2023,10,0.43447674117294316,-2.8453453175886874,0.5045701438650998
2023_10_NYG_DAL,2023,10,0.9057255202673928,17.151581458706026,0.489704929044094
2023_10_NYJ_LV,2023,10,0.4957532235774209,-0.7497628857679746,0.5073944035980481
2023_10_SF_JAX,2023,10,0.4112035440628465,-3.0757592083815894,0.49776123016893054
2023_10_TEN_TB,2023,10,0.5658271155892797,1.99892484665619,0.48519598702489986
2023_10_WAS_SEA,2023,10,0.7025508221002199,6.466078593010559,0.5137704833880605
2023_11_ARI_HOU,2023,11,0.6556981200451019,4.818633548805737,0.47987329462590433
2023_11_CHI_DET,2023,11,0.7437294873504644,7.07369162270138,0.4726478660937884
2023_11_CIN_BAL,2023,11,0.6451230898473199,3.802752826520425,0.494171300925776
2023_11_DAL_CAR,2023,11,0.227873680000637,-9.616113548260788,0.540824104769569
2023_11_LAC_GB,2023,11,0.43077111042501065,-2.658546012084145,0.5100893266615716
2023_11_LV_MIA,2023,11,0.8543704860465096,14.195309250661301,0.5057714370269177
2023_11_MIN_DEN,2023,11,0.5594237983565131,2.1839126193772627,0.49066006668294415
2023_11_NYG_WAS,2023,11,0.7553928836080288,7.111251223657577,0.48851356353762504
2023_11_NYJ_BUF,2023,11,0.7470976462005321,7.583406251258548,0.4876910750636573
2023_11_PHI_KC,2023,11,0.5779726440412949,2.457473316635737,0.4987432841496255
2023_11_PIT_CLE,2023,11,0.5542173884035255,1.9065008111643578,0.4824669872383818
2023_11_SEA_LA,2023,11,0.580779656084987,2.6539617502091035,0.504549668169175
2023_11_TB_SF,2023,11,0.8377244165985387,13.604933587603572,0.5031008906071797
2023_11_TEN_JAX,2023,11,0.6913932198057494,5.552410404241104,0.47202049172192373
2023_12_BAL_LAC,2023,12,0.4040395369928049,-3.104800977447313,0.49690302807445236
2023_12_BUF_PHI,2023,12,0.5763939885635527,2.634658324085351,0.5039792598575572
2023_12_CAR_TEN,2023,12,0.6031347297282708,3.2198328384539305,0.4917212960203723
2023_12_CHI_MIN,2023,12,0.6096343545440264,2.7308807601384255,0.4920477086845492
2023_12_CLE_DEN,2023,12,0.5700465456204238,1.9367838420171326,0.5129052700394622
2023_12_GB_DET,2023,12,0.7624023253985185,8.087131763471582,0.4878011167787678
2023_12_JAX_HOU,2023,12,0.4774424151524676,-1.062773823896014,0.4981449598363645
2023_12_KC_LV,2023,12,0.24436811035250983,-8.597400045117679,0.5118955807288814
2023_12_LA_ARI,2023,12,0.42833409248943854,-2.7667052033083483,0.5068938167408423
2023_12_MIA_NYJ,2023,12,0.2344089352415395,-9.256465834466168,0.5071963560068148
2023_12_NE_NYG,2023,12,0.3700272338129862,-4.640843641053293,0.4958379656254689
2023_12_NO_ATL,2023,12,0.4485761855032303,-1.9992799062787865,0.5000212796911931
2023_12_PIT_CIN,2023,12,0.43157547435998467,-2.511002866923289,0.4849028164236173
2023_12_SF_SEA,2023,12,0.25326924940245654,-7.504974159874743,0.4850808463492116
2023_12_TB_IND,2023,12,0.5749395820663245,2.3119507742359016,0.49444308437480455
2023_12_WAS_DAL,2023,12,0.8507575140747329,12.851355929611824,0.4956074662061077
2023_13_ARI_PIT,2023,13,0.6909648141939122,5.754919965494836,0.492757969066116
2023_13_ATL_NYJ,2023,13,0.47043184000337424,-1.6993965672929798,0.5088824821993043
2023_13_CAR_TB,2023,13,0.6178034186548409,3.3865420400032042,0.4818777690617798
2023_13_CIN_JAX,2023,13,0.8087794650268172,10.122841876111375,0.5036300845856848
2023_13_CLE_LA,2023,13,0.6272366839796506,3.509535371090658,0.5002817823978576
2023_13_DEN_HOU,2023,13,0.580359492321185,2.6786183703256565,0.4757420890220076
2023_13_DET_NO,2023,13,0.3877003602823813,-3.9503173023821017,0.5014681839957894
2023_13_IND_TEN,2023,13,0.4747135967101782,-1.4533316529845715,0.5013791066443971
2023_13_KC_GB,2023,13,0.3034335276021606,-6.222434153194101,0.47866133114739606
2023_13_LAC_NE,2023,13,0.38036039861068766,-4.0226277698228,0.5141040211280314
2023_13_MIA_WAS,2023,13,0.2576014232467583,-7.393550561188422,0.5326604280636309
2023_13_SEA_DAL,2023,13,0.782810523190492,9.343090636198529,0.49536323184976394
2023_13_SF_PHI,2023,13,0.4358790257584371,-3.2030654487071297,0.4939993823433436
2023_14_BUF_KC,2023,14,0.5424873220241291,1.5839355290828292,0.48770670846496844
2023_14_CAR_NO,2023,14,0.6675689681417483,4.435447525529738,0.4685736844206958
2023_14_DEN_LAC,2023,14,0.5959390051713697,2.5746264553135463,0.4874317469808389
2023_14_DET_CHI,2023,14,0.3895112714687824,-3.421402544263893,0.48754903742945177
2023_14_GB_NYG,2023,14,0.32240723275391703,-5.821305914237968,0.5052804847707598
2023_14_HOU_NYJ,2023,14,0.4121280966619766,-2.924264045308518,0.5170085784655785
2023_14_IND_CIN,2023,14,0.5877694882239913,3.127310132416158,0.5037621216113594
2023_14_JAX_CLE,2023,14,0.5865887471099629,2.7357905374085814,0.5069675579436984
2023_14_LA_BAL,2023,14,0.7368141271205475,7.90808874996781,0.5120577085502515
2023_14_MIN_LV,2023,14,0.44150123922456136,-2.5116304127830236,0.5144287992751281
2023_14_NE_PIT,2023,14,0.6832085668287791,5.805380106901645,0.4942489322471818
2023_14_PHI_DAL,2023,14,0.6248865003386401,3.6491055810442323,0.5044061711952672
2023_14_SEA_SF,2023,14,0.86941223492629,13.992437074906,0.4850043987984294
2023_14_TB_ATL,2023,14,0.5436255943686303,1.3001337535014803,0.4940939123365936
2023_14_TEN_MIA,2023,14,0.871496740034513,14.088652598077562,0.5026197789220735
2023_15_ATL_CAR,2023,15,0.4090824567196829,-3.0955154726310776,0.4971774190702673
2023_15_BAL_JAX,2023,15,0.3405328049897065,-4.326089340403304,0.49036457956484764
2023_15_CHI_CLE,2023,15,0.5871740295669268,2.906804179225053,0.4972459660774597
2023_15_DAL_BUF,2023,15,0.5670121654559257,2.215797459548358,0.5063768195880352
2023_15_DEN_DET,2023,15,0.6898334049260663,5.634035331123904,0.5039608505297021
2023_15_HOU_TEN,2023,15,0.589063848368319,2.5263419942351866,0.48600567088965996
2023_15_KC_NE,2023,15,0.24619400955987547,-9.349186862959208,0.5192249143676488
2023_15_LAC_LV,2023,15,0.5846064475602306,2.2276217986483857,0.4771876816127938
2023_15_MIN_CIN,2023,15,0.6110075219656048,3.166677171396728,0.5049253986323311
2023_15_NYG_NO,2023,15,0.6989368129894333,5.98865812143274,0.49966483300982434
2023_15_NYJ_MIA,2023,15,0.7117635574894188,7.118135618135731,0.488716923358983
2023_15_PHI_SEA,2023,15,0.36598680772074493,-4.77327940945492,0.506699568731158
2023_15_PIT_IND,2023,15,0.5393030701403791,1.2748370558962923,0.49334645526869625
2023_15_SF_ARI,2023,15,0.19686850148859214,-12.062654472590546,0.5129218598651774
2023_15_TB_GB,2023,15,0.6438189901465521,4.099908323245255,0.5029523918875105
2023_15_WAS_LA,2023,15,0.7052835954219947,5.704909857801657,0.47651764483589387
2023_16_ARI_CHI,2023,16,0.6467694955030823,4.424411826229523,0.497766284381213
2023_16_BAL_SF,2023,16,0.6960228919253736,6.814445622586018,0.5092914304933023
2023_16_BUF_LAC,2023,16,0.2197710132680643,-11.997566059090545,0.5295960062998317
2023_16_CIN_PIT,2023,16,0.41506425574075095,-2.983131041572448,0.500498499184578
2023_16_CLE_HOU,2023,16,0.43477836144715476,-2.6594217815778194,0.5100634548076353
2023_16_DAL_MIA,2023,16,0.5279067026259687,1.2608582300163467,0.49293342416408786
2023_16_DET_MIN,2023,16,0.4282352571010837,-2.379519480292095,0.503560306315026
2023_16_GB_CAR,2023,16,0.38730907931032477,-3.5800761249080897,0.49763366188514724
2023_16_IND_ATL,2023,16,0.5889561541854524,3.018278682519535,0.5005401583006683
2023_16_JAX_TB,2023,16,0.4537097561537806,-2.113878454799167,0.49663478580249426
2023_16_LV_KC,2023,16,0.8073107220205324,11.278371086355207,0.5082256390141531
2023_16_NE_DEN,2023,16,0.7337809600587908,7.580710009107769,0.5171554333735358
2023_16_NO_LA,2023,16,0.6512536882599842,4.474494449261952,0.5140190318501077
2023_16_NYG_PHI,2023,16,0.8587859210764419,13.965240911346354,0.4989728255725298
2023_16_SEA_TEN,2023,16,0.42986832192679275,-2.6187167913776395,0.5112659090867049
2023_16_WAS_NYJ,2023,16,0.6016173327302132,2.6749952423372534,0.49039662105548243
2023_17_ARI_PHI,2023,17,0.8294710861628993,12.282377008179072,0.508343993603711
2023_17_ATL_CHI,2023,17,0.6087646130841105,3.604364939681512,0.5178537937496344
2023_17_CAR_JAX,2023,17,0.6208737469827317,3.383651806659508,0.49656180452057974
2023_17_CIN_KC,2023,17,0.7524203930028159,7.638170653931041,0.5040830484012127
2023_17_DET_DAL,2023,17,0.6674027204514045,5.287798238581584,0.4937294245446242
2023_17_GB_MIN,2023,17,0.5278270872608652,0.7659358786287163,0.49308345213574534
2023_17_LAC_DEN,2023,17,0.6214068404607326,3.484464019721366,0.4995408919975879
2023_17_LA_NYG,2023,17,0.33443994785617087,-5.625152102032489,0.511075811979796
2023_17_LV_IND,2023,17,0.6177336792394035,3.4344524649523955,0.49806299404725746
2023_17_MIA_BAL,2023,17,0.6038829558227472,2.8637506079807484,0.49597372441508775
2023_17_NE_BUF,2023,17,0.8932052849457626,15.070065762959343,0.5020705236861965
2023_17_NO_TB,2023,17,0.5664744954656148,1.9969035837898805,0.48513629741590863
2023_17_NYJ_CLE,2023,17,0.708653557250866,6.272026323067697,0.4932634062127132
2023_17_PIT_SEA,2023,17,0.6685253082014233,4.747940677480853,0.5073265525032382
2023_17_SF_WAS,2023,17,0.19307855692018222,-13.05341355093218,0.5279499368693841
2023_17_TEN_HOU,2023,17,0.6619322870507873,4.52581826049521,0.48599020342103505
2023_18_ATL_NO,2023,18,0.6151349816751498,2.820496890073167,0.4799282888468608
2023_18_BUF_MIA,2023,18,0.4141413587207923,-2.610885259937034,0.49672323547709224
2023_18_CHI_GB,2023,18,0.5918877523448383,2.57513132980433,0.5022202155051543
2023_18_CLE_CIN,2023,18,0.7110711452695258,7.344138242721019,0.49539418788637146
2023_18_DAL_WAS,2023,18,0.18344631268575692,-12.527539814836803,0.5139589537037401
2023_18_DEN_LV,2023,18,0.5988100663177622,2.580829984033609,0.4728583216213543
2023_18_HOU_IND,2023,18,0.44726620268137496,-1.7930528002722672,0.4913405947226043
2023_18_JAX_TEN,2023,18,0.3901923941116311,-3.451481625808434,0.5014337769757578
2023_18_KC_LAC,2023,18,0.5827973907155652,2.834136800703649,0.48033086556568205
2023_18_LA_SF,2023,18,0.6686832619735332,4.879086510594412,0.48165767875133414
2023_18_MIN_DET,2023,18,0.6305314244787661,3.062689432932744,0.4870791727157399
2023_18_NYJ_NE,2023,18,0.5651461380767675,2.257608261036795,0.4928373986936403
2023_18_PHI_NYG,2023,18,0.32884692397440085,-5.155255897324647,0.4806439498943603
2023_18_PIT_BAL,2023,18,0.4421197979555712,-3.0837909038009568,0.49752388743594794
2023_18_SEA_ARI,2023,18,0.4228517235768361,-2.311291254933402,0.5055764033674254
2023_18_TB_CAR,2023,18,0.34971378203295883,-4.626667618425736,0.5110310437217866
2023_19_CLE_HOU,2023,19,0.43029924154186333,-2.6877939433164,0.4944506275670467
2023_19_GB_DAL,2023,19,0.7255784273428441,6.915765922530106,0.49751079134034837
2023_19_LA_DET,2023,19,0.6069733515923902,3.5050368618184398,0.5001488457106145
2023_19_MIA_KC,2023,19,0.6674427299359262,5.127806145084865,0.5185457903222318
2023_19_PHI_TB,2023,19,0.41484603263754094,-2.80364416429388,0.4910276827897399
2023_19_PIT_BUF,2023,19,0.792223442383081,10.151237601103956,0.5044691712191023
2023_20_GB_SF,2023,20,0.783108281517676,10.824674933974444,0.5095936350535604
2023_20_HOU_BAL,2023,20,0.7772236328045576,9.837126105506911,0.49518698469655525
2023_20_KC_BUF,2023,20,0.581769399042573,2.6238971550922603,0.5036612681282254
2023_20_TB_DET,2023,20,0.6825919628236923,5.818909653759103,0.4946487089515331
2023_21_DET_SF,2023,21,0.6973609456349517,7.354759516613272,0.49570804060048446
2023_21_KC_BAL,2023,21,0.6485383910422351,4.3294506522908485,0.4949601825263673
2023_22_SF_KC,2023,22,0.46741760315675795,-1.3933176828709815,0.5031525662158474
2024_01_ARI_BUF,2024,1,0.7036072290357442,6.216822718335278,0.49163236247791836
2024_01_BAL_KC,2024,1,0.5939490464252621,3.1915164435415626,0.5056593662243763
2024_01_CAR_NO,2024,1,0.6030612209513568,2.137629517138235,0.459808439091635
2024_01_DAL_CLE,2024,1,0.5532496085165841,2.1887747494309497,0.4908037100736583
2024_01_DEN_SEA,2024,1,0.6916119072047529,6.105927117376259,0.488356295497999
2024_01_GB_PHI,2024,1,0.5708331852543839,1.9037104918792915,0.49715454590792035
2024_01_HOU_IND,2024,1,0.41798342447416104,-3.221032253880176,0.4934685057845747
2024_01_JAX_MIA,2024,1,0.6010287020787224,3.321721119838933,0.4947317840138809
2024_01_LA_DET,2024,1,0.6458663453365223,4.660346612066519,0.4899638664449843
2024_01_LV_LAC,2024,1,0.5748084388237653,2.3662772772727676,0.4812795579786085
2024_01_MIN_NYG,2024,1,0.49518174928084335,-0.7866076211154768,0.5063057553547701
2024_01_NE_CIN,2024,1,0.7307147122467947,7.477981174331023,0.4845775189286042
2024_01_NYJ_SF,2024,1,0.6326057241988092,3.9857573998392968,0.514351656018749
2024_01_PIT_ATL,2024,1,0.6120258530895122,3.620226992761671,0.4887787015716765
2024_01_TEN_CHI,2024,1,0.6093753390113148,3.865082972219342,0.4960130954981385
2024_01_WAS_TB,2024,1,0.6206024234954366,3.2927913899334853,0.479110635119546
2024_02_ATL_PHI,2024,2,0.6912389117085455,5.676619513093616,0.5052191838012149
2024_02_BUF_MIA,2024,2,0.5744957832259414,2.1381166329460757,0.48930716389114004
2024_02_CHI_HOU,2024,2,0.677035480274369,6.030957234107834,0.5009148250923081
2024_02_CIN_KC,2024,2,0.6866188619813562,6.044515443471029,0.486542401635376
2024_02_CLE_JAX,2024,2,0.5885368742633742,2.228461092176833,0.47721244329496193
2024_02_IND_GB,2024,2,0.43960246774639455,-2.811139872211899,0.5055808764832328
2024_02_LAC_CAR,2024,2,0.37587243791213004,-4.3216603930420545,0.5200373716031873
2024_02_LA_ARI,2024,2,0.4910495749008805,-0.9231241299119899,0.5022717680865597
2024_02_LV_BAL,2024,2,0.7686503509611919,9.086048642517662,0.5025428303130504
2024_02_NO_DAL,2024,2,0.6906289767845848,6.860462113933391,0.5106508512879638
2024_02_NYG_WAS,2024,2,0.5451492304769779,1.2882069476488636,0.4937415009316096
2024_02_NYJ_TEN,2024,2,0.4336270937643276,-2.635263727314153,0.5255365998433402
2024_02_PIT_DEN,2024,2,0.4300609187479497,-2.562823237625775,0.5129168752577079
2024_02_SEA_NE,2024,2,0.4161640613243891,-3.4179192966009464,0.5024255749067891
2024_02_SF_MIN,2024,2,0.3665925220469536,-4.563795034046434,0.49811478210082505
2024_02_TB_DET,2024,2,0.70723208953826,7.221890630317732,0.49178209340604295
2024_03_BAL_DAL,2024,3,0.4810186529035143,-1.517237214053486,0.4994906183989801
2024_03_CAR_LV,2024,3,0.6821049685121859,4.968618788669332,0.4843010589413916
2024_03_CHI_IND,2024,3,0.5542759575842446,1.6396352198630222,0.5041263259083067
2024_03_DEN_TB,2024,3,0.6855050203042682,5.67971323931369,0.4905360040914729
2024_03_DET_ARI,2024,3,0.4247377811167329,-3.671804457223243,0.48015550913158395
2024_03_GB_TEN,2024,3,0.5727502813594626,2.5464956230774662,0.4866008853247901
2024_03_HOU_MIN,2024,3,0.45459989279498436,-2.4218303575838687,0.48753640116222813
2024_03_JAX_BUF,2024,3,0.6601663668873989,3.7955574626869253,0.4939586922471111
2024_03_KC_ATL,2024,3,0.4094042583922961,-3.3477252350258135,0.48972541032298367
2024_03_LAC_PIT,2024,3,0.5768751069387636,2.6001769077634758,0.4881864428853117
2024_03_MIA_SEA,2024,3,0.6388389602919771,3.5559533904363976,0.4868802200655579
2024_03_NE_NYJ,2024,3,0.6714400514529357,5.441197309729746,0.4687430732831046
2024_03_NYG_CLE,2024,3,0.6801278708705596,5.955905433728738,0.48392566096896755
2024_03_PHI_NO,2024,3,0.5910375880491566,1.3589609381576642,0.4663209397237442
2024_03_SF_LA,2024,3,0.3255562241987836,-5.829663968311756,0.5050335142145549
2024_03_WAS_CIN,2024,3,0.7323173689626085,7.335052417081038,0.49512570906594633
2024_04_BUF_BAL,2024,4,0.573389755315419,2.6416761771345043,0.5041866355345834
2024_04_CIN_CAR,2024,4,0.3581226244460579,-4.751196791414988,0.4925772416030678
2024_04_CLE_LV,2024,4,0.4629877171202871,-2.092900265671197,0.5120284951901567
2024_04_DAL_NYG,2024,4,0.34135530638955347,-5.483550717647723,0.500486097228799
2024_04_DEN_NYJ,2024,4,0.7414216366178927,7.226032454299374,0.49190446402212906
2024_04_JAX_HOU,2024,4,0.6477858901385075,4.610514613270109,0.4737335742757218
2024_04_KC_LAC,2024,4,0.3256377089730032,-6.800407628056826,0.5206646006000403
2024_04_LA_CHI,2024,4,0.5962188307279244,2.976473341632792,0.49930475748234193
2024_04_MIN_GB,2024,4,0.5577840817483282,2.0548212439595965,0.48684678182758084
2024_04_NE_SF,2024,4,0.794855536593716,10.428278615441977,0.4978805512509549
2024_04_NO_ATL,2024,4,0.5639665745576865,2.513940813836169,0.5004119688202964
2024_04_PHI_TB,2024,4,0.4793486984075289,-1.3815385895345746,0.4887265470918323
2024_04_PIT_IND,2024,4,0.45301859040455306,-2.3504093205399346,0.5044205055972022
2024_04_SEA_DET,2024,4,0.6277750125920845,4.009095980226718,0.5150408728380387
2024_04_TEN_MIA,2024,4,0.5510943865763102,1.8910060140177265,0.48200955006808816
2024_04_WAS_ARI,2024,4,0.6176168334269132,3.347674891869953,0.4954986935873565
2024_05_ARI_SF,2024,5,0.6968363981607472,5.681756011712547,0.4611060220448563
2024_05_BAL_CIN,2024,5,0.4501124036679882,-1.8730997129461986,0.5185190499466413
2024_05_BUF_HOU,2024,5,0.5248186047629765,1.1891681206012628,0.5055899771730569
2024_05_CAR_CHI,2024,5,0.6142068408619039,3.4209991754452935,0.48289502864771294
2024_05_CLE_WAS,2024,5,0.5855352605824229,2.5012404905693693,0.4852643703638213
2024_05_DAL_PIT,2024,5,0.5618663569685068,2.1026130092415203,0.48825840142852156
2024_05_GB_LA,2024,5,0.4324374444277066,-2.8087287732100217,0.505652120483703
2024_05_IND_JAX,2024,5,0.5954183720893695,2.970616602202525,0.48436005134313875
2024_05_LV_DEN,2024,5,0.5595477437529925,1.7957619647455565,0.4644603631619537
2024_05_MIA_NE,2024,5,0.4751316973321871,-1.6644980447939015,0.5099134917536471
2024_05_NO_KC,2024,5,0.6614456658578022,5.816117479482527,0.509340822533095
2024_05_NYG_SEA,2024,5,0.7154472656685624,6.948645186949268,0.4984824031988227
2024_05_NYJ_MIN,2024,5,0.5717526424757293,1.919766019127716,0.482858620872249
2024_05_TB_ATL,2024,5,0.588521091395459,2.645571291921573,0.5043017346481337
2024_06_ARI_GB,2024,6,0.674912998882337,5.668587047804765,0.504981833573914
2024_06_ATL_CAR,2024,6,0.3403427675074916,-5.602593168791559,0.5117421846281995
2024_06_BUF_NYJ,2024,6,0.4661002003425686,-1.3162610049025645,0.4906549372701935
2024_06_CIN_NYG,2024,6,0.35518886118273896,-5.054828677702595,0.48360871687175044
2024_06_CLE_PHI,2024,6,0.7439074194256738,7.83609856359963,0.4951566217417449
2024_06_DET_DAL,2024,6,0.39078114813799153,-3.7111214036048747,0.4937613465771239
2024_06_HOU_NE,2024,6,0.34458282961878195,-5.724368434907687,0.5229083015645266
2024_06_IND_TEN,2024,6,0.5406786344275301,1.6256323460756745,0.47417937032305724
2024_06_JAX_CHI,2024,6,0.4756346532744686,-1.7604717218976638,0.4923032047521446
2024_06_LAC_DEN,2024,6,0.4339641491711914,-2.9024290714870102,0.5028833207288386
2024_06_PIT_LV,2024,6,0.42431907944893177,-2.5700487030441717,0.5274595327283751
2024_06_SF_SEA,2024,6,0.35727397000375866,-4.199730941313131,0.4793313099935
2024_06_TB_NO,2024,6,0.4146321677609818,-3.4710302028001667,0.5008560939324143
2024_06_WAS_BAL,2024,6,0.6993375424805,6.490438171852506,0.49971743576244265
2024_07_BAL_TB,2024,7,0.3494968056048843,-4.995048265963862,0.48537396809141636
2024_07_CAR_WAS,2024,7,0.7634995079730041,9.04739098806363,0.4718725284367171
2024_07_CIN_CLE,2024,7,0.35549743827648217,-5.2581207277497235,0.5071474596947358
2024_07_DEN_NO,2024,7,0.4388951633568277,-2.3356916965317103,0.5048554008126166
2024_07_DET_MIN,2024,7,0.5409841918637691,1.260889038617623,0.5077091251922039
2024_07_HOU_GB,2024,7,0.600891079979714,2.7499496515144752,0.4926111146214603
2024_07_KC_SF,2024,7,0.5820523922194047,2.697582663015396,0.5058386121594717
2024_07_LAC_ARI,2024,7,0.4774121696377218,-0.9687192960669649,0.5009243840142977
2024_07_LV_LA,2024,7,0.7284329310093295,6.744422303957115,0.4924478030662386
2024_07_MIA_IND,2024,7,0.5869554362178091,2.3924682986352006,0.48205271861004795
2024_07_NE_JAX,2024,7,0.709310538982832,6.270897242905665,0.4932300452293633
2024_07_NYJ_PIT,2024,7,0.40718898989456287,-3.4725468124342,0.48603848791702675
2024_07_PHI_NYG,2024,7,0.42456330727828784,-2.6810702903177885,0.5094239045512975
2024_07_SEA_ATL,2024,7,0.5833062698501934,2.3595538857099863,0.4810810942694226
2024_07_TEN_BUF,2024,7,0.786678170106589,9.119634518616353,0.4887612001395528
2024_08_ARI_MIA,2024,8,0.6227844083936375,3.854974467774204,0.4957143923153727
2024_08_ATL_TB,2024,8,0.457685686101256,-1.7800417997676656,0.4917249998240624
2024_08_BAL_CLE,2024,8,0.25746775165379543,-7.384213595431021,0.5034215945156861
2024_08_BUF_SEA,2024,8,0.3953237416954505,-3.336099728109653,0.49006884875589585
2024_08_CAR_DEN,2024,8,0.8419444551228153,12.636750790646072,0.489266816056655
2024_08_CHI_WAS,2024,8,0.5256779294743559,1.1527990902502854,0.4897408996747724
2024_08_DAL_SF,2024,8,0.6683694740036733,5.132936399307602,0.48915413713750905
2024_08_GB_JAX,2024,8,0.39265412460423743,-3.402242903919098,0.5028888220748089
2024_08_IND_HOU,2024,8,0.6345026695050433,4.466282828263794,0.48423208201156215
2024_08_KC_LV,2024,8,0.2637792862177387,-8.246754515080122,0.5222478240426895
2024_08_MIN_LA,2024,8,0.4123988680949399,-3.177219666121456,0.49476308243150924
2024_08_NO_LAC,2024,8,0.7241389586475406,6.594331054482333,0.4880137672979519
2024_08_NYG_PIT,2024,8,0.7010648253433576,5.740449577936731,0.49233042529233
2024_08_NYJ_NE,2024,8,0.2891735596003121,-7.282424410566652,0.491654605901512
2024_08_PHI_CIN,2024,8,0.5785563625603074,2.605730175298916,0.5031244300767144
2024_08_TEN_DET,2024,8,0.8508445922003652,12.154085301478128,0.48977889634101074
2024_09_CHI_ARI,2024,9,0.5362607227393235,1.4639756437104436,0.4989354354228105
2024_09_DAL_ATL,2024,9,0.5845342865525757,2.643389446690118,0.48946292712485057
2024_09_DEN_BAL,2024,9,0.7596908860789029,8.50423460871433,0.4853527903845549
2024_09_DET_GB,2024,9,0.42558713293519257,-2.1840494828563974,0.5093358899340411
2024_09_HOU_NYJ,2024,9,0.5625006725587625,1.9009036917430349,0.4823017464677731
2024_09_IND_MIN,2024,9,0.7123224632044162,6.894518532340909,0.5116568684056292
2024_09_JAX_PHI,2024,9,0.73398859637098,7.2859702288582255,0.493675411248151
2024_09_LAC_CLE,2024,9,0.4494525241806224,-2.009277747499221,0.499725830707187
2024_09_LA_SEA,2024,9,0.46389862532752335,-1.462097498812585,0.5011200659549155
2024_09_LV_CIN,2024,9,0.7583993982530817,8.330166703935985,0.5097558761601071
2024_09_MIA_BUF,2024,9,0.7232160077470735,6.343414379926966,0.4953727982464788
2024_09_NE_TEN,2024,9,0.6004984593660061,2.958467876235652,0.49877267451642776
2024_09_NO_CAR,2024,9,0.2802023595470987,-6.78593383377261,0.5063256641380345
2024_09_TB_KC,2024,9,0.760666520591107,9.190730403726917,0.5056361400694153
2024_09_WAS_NYG,2024,9,0.3517726123189573,-4.212387729937043,0.5084986678226314
2024_10_ATL_NO,2024,10,0.39402740787999313,-3.4362787867409605,0.5018830364247437
2024_10_BUF_IND,2024,10,0.3569886433805156,-4.2892935851110074,0.5062263914717011
2024_10_CIN_BAL,2024,10,0.697538077257903,5.727914611426589,0.49196007280076365
2024_10_DEN_KC,2024,10,0.7297451663156093,6.615785246500023,0.47388899251611943
2024_10_DET_HOU,2024,10,0.34499819834644274,-5.000865654560423,0.48520217372088426
2024_10_MIA_LA,2024,10,0.5679811720367125,2.2067422782874955,0.4913345404593523
2024_10_MIN_JAX,2024,10,0.2922354803721233,-7.11755802051344,0.4965260539205991
2024_10_NE_CHI,2024,10,0.7230047936506974,6.490992120803578,0.49973380565914516
2024_10_NYG_CAR,2024,10,0.3059437132359847,-6.464037619794078,0.5010627331110964
2024_10_NYJ_ARI,2024,10,0.45934940954410314,-2.156357005038682,0.49537955365960507
2024_10_PHI_DAL,2024,10,0.28781314313889184,-6.78901004617704,0.5210009543862012
2024_10_PIT_WAS,2024,10,0.5325241958349397,1.2840960554638647,0.49362003404647603
2024_10_SF_TB,2024,10,0.31260987375489646,-6.881961391098788,0.48871405775884946
2024_10_TEN_LAC,2024,10,0.7695819086130189,7.792778661432409,0.493876584657371
2024_11_ATL_DEN,2024,11,0.559672313774185,1.7916861262227317,0.49384430266680723
2024_11_BAL_PIT,2024,11,0.39248861754775316,-3.3116441733665365,0.49079133366249716
2024_11_CIN_LAC,2024,11,0.5239923887871039,0.5780861269556512,0.48753393437823067
2024_11_CLE_NO,2024,11,0.48474482598609514,-1.4657772666139453,0.4862384158908566
2024_11_GB_CHI,2024,11,0.3200171339365715,-6.363902202754972,0.48924752626258994
2024_11_HOU_DAL,2024,11,0.27288597548596727,-7.5905678564568415,0.4973236239881352
2024_11_IND_NYJ,2024,11,0.6517562614242571,4.451725007355203,0.5133465615716278
2024_11_JAX_DET,2024,11,0.8568084097080679,13.885189275430418,0.49660723702564863
2024_11_KC_BUF,2024,11,0.575259411940753,2.4198511474582842,0.4976315127283221
2024_11_LA_NE,2024,11,0.39498277764718265,-3.802541059483191,0.505834956392588
2024_11_LV_MIA,2024,11,0.7477784068097859,7.6243231407052505,0.4888997006142469
2024_11_MIN_TEN,2024,11,0.31812569472197394,-5.5887499910134775,0.5121510847968417
2024_11_SEA_SF,2024,11,0.6655295466467334,5.204476608693895,0.4765048639679425
2024_11_WAS_PHI,2024,11,0.6647614562405755,4.71432646681711,0.5063333553854854
2024_12_ARI_SEA,2024,12,0.47355394414464247,-1.0242582778254943,0.49928313722471745
2024_12_BAL_LAC,2024,12,0.4156548392613927,-3.3337612465600555,0.4901379326144225
2024_12_DAL_WAS,2024,12,0.8048791010680556,10.12275238927417,0.48885330094336704
2024_12_DEN_LV,2024,12,0.3214551010680457,-5.933196939962779,0.5167448362418195
2024_12_DET_IND,2024,12,0.27426976039242235,-6.351452014429837,0.519158053710663
2024_12_KC_CAR,2024,12,0.21540207122415395,-10.14712241801353,0.5251868687464936
2024_12_MIN_CHI,2024,12,0.3960681832932944,-3.2177460714902524,0.4935656038578865
2024_12_NE_MIA,2024,12,0.7266193493598904,6.534532239852682,0.47149349362030535
2024_12_PHI_LA,2024,12,0.40824343154865705,-3.0171400853012615,0.4994934886756095
2024_12_PIT_CLE,2024,12,0.36539281820392555,-3.5439248545843243,0.4987019666121892
2024_12_SF_GB,2024,12,0.699599205496432,6.536659619965923,0.5010833373639588
2024_12_TB_NYG,2024,12,0.31298888566575434,-6.176974037216303,0.5095449198632146
2024_12_TEN_HOU,2024,12,0.739828778414259,7.158209915401776,0.47514013623096196
2024_13_ARI_MIN,2024,13,0.6240668219938796,3.8022752904471417,0.5089318754208199
2024_13_CHI_DET,2024,13,0.8023126412885908,9.765419421673476,0.5078429783771619
2024_13_CLE_DEN,2024,13,0.720021130786802,6.740414867546506,0.5071041915647773
2024_13_HOU_JAX,2024,13,0.3905234594446816,-3.455807751683169,0.5013059351727969
2024_13_IND_NE,2024,13,0.4444393307374013,-2.2755742763561297,0.5066317619431224
2024_13_LAC_ATL,2024,13,0.47152099508851864,-1.4442448306594784,0.4868743655477367
2024_13_LA_NO,2024,13,0.45519912359835557,-2.705639802746225,0.49392331560165914
2024_13_LV_KC,2024,13,0.8622776200960867,13.474014830313694,0.4992321054481496
2024_13_MIA_GB,2024,13,0.610343289918972,3.5404215422244194,0.5011945065286829
2024_13_NYG_DAL,2024,13,0.6409119447062619,4.178733818377843,0.490507069118569
2024_13_PHI_BAL,2024,13,0.6099834438266254,3.5512434407843525,0.5162854236514896
2024_13_PIT_CIN,2024,13,0.5927816444339511,3.055234238197778,0.5016322378863323
2024_13_SEA_NYJ,2024,13,0.5418709483881126,1.1704104905065922,0.5050357143927279
2024_13_SF_BUF,2024,13,0.7119023722257386,6.564592476256533,0.5019087830708132
2024_13_TB_CAR,2024,13,0.294444971756634,-6.329942874183894,0.5050252728439947
2024_13_TEN_WAS,2024,13,0.6894580171387037,6.014987077369886,0.5004428872292127
2024_14_ATL_MIN,2024,14,0.6756707470512666,5.7269269048539275,0.4919308907563095
2024_14_BUF_LA,2024,14,0.3852840932065381,-3.3905759912055093,0.5032335841187022
2024_14_CAR_PHI,2024,14,0.8733328332752693,14.023548337474676,0.5006958831620599
2024_14_CHI_SF,2024,14,0.6157298755712786,3.271912256531712,0.5080348119641458
2024_14_CIN_DAL,2024,14,0.32398533406662977,-5.943455263505437,0.4721423672394611
2024_14_CLE_PIT,2024,14,0.6919569195671013,5.702980664753661,0.4912234065263259
2024_14_GB_DET,2024,14,0.614262318904345,2.6673703770790986,0.49017136335759454
2024_14_JAX_TEN,2024,14,0.5830800976514585,2.618404068152122,0.488724853229795
2024_14_LAC_KC,2024,14,0.6761290675240836,5.414163237031432,0.5122371341951066
2024_14_LV_TB,2024,14,0.7239480779310039,7.233924582390774,0.5069124249281398
2024_14_NO_NYG,2024,14,0.34772809489498835,-5.185936436718855,0.5092801432103351
2024_14_NYJ_MIA,2024,14,0.6756840767309282,5.789661414751569,0.4790182677367071
2024_14_SEA_ARI,2024,14,0.5968170030337134,2.660437055511691,0.48996653831900144
2024_15_ATL_LV,2024,15,0.3021801125089711,-6.573925144055762,0.4978154282844932
2024_15_BAL_NYG,2024,15,0.14928541402648932,-16.012988574929174,0.5143886900257002
2024_15_BUF_DET,2024,15,0.5677691347516078,2.5737353056136936,0.5021789618304383
2024_15_CHI_MIN,2024,15,0.7529758006377425,7.339378016507538,0.5100279985499484
2024_15_CIN_TEN,2024,15,0.3407248983113189,-5.634001591339024,0.5108143966742283
2024_15_DAL_CAR,2024,15,0.5728801892683029,2.4529632778328176,0.498610007463897
2024_15_GB_SEA,2024,15,0.41363324303300475,-3.108972245037836,0.49677976564184695
2024_15_IND_DEN,2024,15,0.6637594758612506,4.388901774020573,0.49671694227063456
2024_15_KC_CLE,2024,15,0.3446693392353193,-4.589185379071053,0.4973644770591109
2024_15_LA_SF,2024,15,0.5963357519142265,2.796101699356222,0.49397477329813355
2024_15_MIA_HOU,2024,15,0.6043118228821727,2.942200865812463,0.5130652652193936
2024_15_NE_ARI,2024,15,0.6946369581514771,5.92501370221564,0.4977840703104377
2024_15_NYJ_JAX,2024,15,0.40795250428700147,-3.4459500088462205,0.5015972421569866
2024_15_PIT_PHI,2024,15,0.6931248391931452,5.625671961133734,0.5037137136780325
2024_15_TB_LAC,2024,15,0.6038671476963511,3.2599804285701444,0.5076822795981577
2024_15_WAS_NO,2024,15,0.28832237657652426,-7.694087290185905,0.4942646697140251
2024_16_ARI_CAR,2024,16,0.3266294686979202,-5.162907319389978,0.5099604851422621
2024_16_CLE_CIN,2024,16,0.8001465498825127,9.33082331961824,0.48023306758470297
2024_16_DEN_LAC,2024,16,0.5981089671265267,2.8992695658298766,0.49702331435310576
2024_16_DET_CHI,2024,16,0.27127950185449234,-6.625075543803704,0.5110780735013143
2024_16_HOU_KC,2024,16,0.6385917453109147,3.9440147936236127,0.5131188402411211
2024_16_JAX_LV,2024,16,0.5700303794981563,2.7039203730227706,0.5060258788945182
2024_16_LA_NYJ,2024,16,0.41961034246223355,-2.659722885396778,0.5100545596329904
2024_16_MIN_SEA,2024,16,0.44368704174213724,-2.1362367827875173,0.5107483680280513
2024_16_NE_BUF,2024,16,0.8854336296228001,13.678886579387388,0.490511582124462
2024_16_NO_GB,2024,16,0.8688820337376235,14.186155453253482,0.5055009575980428
2024_16_NYG_ATL,2024,16,0.7740856928000415,9.337837992014748,0.4952080203297742
2024_16_PHI_WAS,2024,16,0.3573997006140408,-4.043938758387827,0.49870155573917396
2024_16_PIT_BAL,2024,16,0.7116163107660631,6.621357504574707,0.4888120964656465
2024_16_SF_MIA,2024,16,0.455400213835499,-2.419733288576053,0.48759834214026915
2024_16_TB_DAL,2024,16,0.3460237185630317,-5.054782451316996,0.4836100817675161
2024_16_TEN_IND,2024,16,0.6420125157665519,3.6253386754037837,0.48892969937822234
2024_17_ARI_LA,2024,17,0.7218990592352137,6.650725890179083,0.5044540504519361
2024_17_ATL_WAS,2024,17,0.6148345506986244,3.3286691838926585,0.49493709098613214
2024_17_BAL_HOU,2024,17,0.3444489470984835,-5.2266889051603105,0.508076140999335
2024_17_CAR_TB,2024,17,0.8009996888031587,9.28210668533192,0.4935612531998496
2024_17_DAL_PHI,2024,17,0.7322947856761249,7.462500475163673,0.49889184246564344
2024_17_DEN_CIN,2024,17,0.6019538290665454,3.6513605206387947,0.50447280342058
2024_17_DET_SF,2024,17,0.3642965188891578,-3.8564583542940194,0.504241759442954
2024_17_GB_MIN,2024,17,0.4905892742498983,-0.7763092879868778,0.5066100443999332
2024_17_IND_NYG,2024,17,0.2762728143274349,-6.938112900149015,0.5165996902047061
2024_17_KC_PIT,2024,17,0.42542898699081777,-2.6823243932360947,0.5093868545046647
2024_17_LAC_NE,2024,17,0.33375986379009015,-5.617279894442428,0.5113083542343433
2024_17_LV_NO,2024,17,0.47932011752045156,-1.7536338274198378,0.5072800316648947
2024_17_MIA_CLE,2024,17,0.4179141915966045,-2.802028489239769,0.5058501018749999
2024_17_NYJ_BUF,2024,17,0.7860274565735187,9.507166722955839,0.48543938005112597
2024_17_SEA_CHI,2024,17,0.38595987527468967,-3.6169707750426587,0.49654340712128076
2024_17_TEN_JAX,2024,17,0.5198723125095761,-0.5168210463340852,0.5142755086826561
2024_18_BUF_NE,2024,18,0.3750169097891007,-3.2112564186022845,0.49375735719930325
2024_18_CAR_ATL,2024,18,0.7162720074651776,6.583712170756457,0.47294329735323815
2024_18_CHI_GB,2024,18,0.7845810788414791,9.386243884859022,0.4818689672921874
2024_18_CIN_PIT,2024,18,0.42450803130733195,-3.0503957636716628,0.4837396054498606
2024_18_CLE_BAL,2024,18,0.9209085795057579,19.25299323741724,0.49270104124074704
2024_18_HOU_TEN,2024,18,0.5823783467272472,2.7077303253719505,0.5061384547780037
2024_18_JAX_IND,2024,18,0.622485084674524,3.258730950345982,0.4928705702771751
2024_18_KC_DEN,2024,18,0.7692680286648352,10.115517901531145,0.48863959763599873
2024_18_LAC_LV,2024,18,0.27551045660407647,-7.123242521407315,0.49635807632472545
2024_18_MIA_NYJ,2024,18,0.5668335295569539,2.281257963394833,0.5230742926477093
2024_18_MIN_DET,2024,18,0.5935235538239233,2.7608634367979006,0.4929335780070088
2024_18_NO_TB,2024,18,0.8734486729527899,14.000301644017574,0.4852366452102279
2024_18_NYG_PHI,2024,18,0.5955638396862358,2.709204672057271,0.4914072903243221
2024_18_SEA_LA,2024,18,0.27632223452137633,-7.996650857906937,0.4853266413822934
2024_18_SF_ARI,2024,18,0.6360259320006845,4.255380780114474,0.49277158448839375
2024_18_WAS_DAL,2024,18,0.30495917722438637,-6.686272563958686,0.5092702129048343
2024_19_DEN_BUF,2024,19,0.7557272570609386,7.701802190928289,0.5059632909690417
2024_19_GB_PHI,2024,19,0.6732955307504627,5.584978981187818,0.5025112210857152
2024_19_LAC_HOU,2024,19,0.4402001830747379,-2.418679333793583,0.5171734623673125
2024_19_MIN_LA,2024,19,0.4198270912523138,-3.0492442173799486,0.48377360690561144
2024_19_PIT_BAL,2024,19,0.7879291479036522,9.811708301248636,0.5092105608935233
2024_19_WAS_TB,2024,19,0.6185082705353424,3.258830247166173,0.5076482965396789
2024_20_BAL_BUF,2024,20,0.4843109426848083,-1.0620939819965494,0.5129384143792821
2024_20_HOU_KC,2024,20,0.7717324532936294,9.340219620576965,0.4952783954992151
2024_20_LA_PHI,2024,20,0.7328538896483181,7.611373461551297,0.5180606946914275
2024_20_WAS_DET,2024,20,0.7970733725905704,8.695635068662254,0.5057810643566474
2024_21_BUF_KC,2024,21,0.5543411548675887,2.000038485729469,0.5147733991712874
2024_21_WAS_PHI,2024,21,0.6830159179342983,5.652343020485363,0.48972742669185354
2024_22_KC_PHI,2024,22,0.4743562592747792,-1.3933681793802672,0.5031510740259316
2025_01_ARI_NO,2025,1,0.3520780426836,-5.491296873393018,0.515029271756257
2025_01_BAL_BUF,2025,1,0.45725669758200327,-1.9436333027777581,0.48689242721099324
2025_01_CAR_JAX,2025,1,0.6356515670448741,4.178051831132388,0.4904869212405133
2025_01_CIN_CLE,2025,1,0.35106286678051846,-5.34748136727848,0.5045070249475403
2025_01_DAL_PHI,2025,1,0.7600228668457457,8.165352290375221,0.49011174452213313
2025_01_DET_GB,2025,1,0.5205907675876091,1.1123940265506356,0.48854732086800445
2025_01_HOU_LA,2025,1,0.6107216401290381,3.5884727250504778,0.5026144635582581
2025_01_KC_LAC,2025,1,0.40353003725729364,-3.414891870126272,0.4877413439125435
2025_01_LV_NE,2025,1,0.5809255072256467,2.509860938220004,0.5002914033207826
2025_01_MIA_IND,2025,1,0.5383688181192594,1.5265353174700886,0.5007841520923078
2025_01_MIN_CHI,2025,1,0.4812540870489369,-1.7940494457072456,0.49131114953629695
2025_01_NYG_WAS,2025,1,0.662085812460623,4.811540823220208,0.46492482126902507
2025_01_PIT_NYJ,2025,1,0.4554049096522499,-2.223171250381763,0.5229436214661773
2025_01_SF_SEA,2025,1,0.4537325033357167,-2.4335906764087523,0.5019624726031727
2025_01_TB_ATL,2025,1,0.4800373842258804,-1.4063415791473737,0.5027677040196172
2025_01_TEN_DEN,2025,1,0.7526654506673385,8.113677137899419,0.48858522287691797
2025_02_ATL_MIN,2025,2,0.6257850494954011,3.8210971157634326,0.5094879361826531
2025_02_BUF_NYJ,2025,2,0.33396337975661206,-5.505008380651706,0.5146243590535833
2025_02_CAR_ARI,2025,2,0.7165985380522752,7.067847521104774,0.5020049726551918
2025_02_CHI_DET,2025,2,0.6826454095649725,5.257137171248187,0.47805852605589155
2025_02_CLE_BAL,2025,2,0.803389789201572,11.330594643583574,0.46548574306015195
2025_02_DEN_IND,2025,2,0.4659697043608291,-2.40596370750986,0.5027788703403799
2025_02_JAX_CIN,2025,2,0.6216323435550961,3.6827926004511515,0.505401590271064
2025_02_LAC_LV,2025,2,0.381773931282284,-3.760236596302814,0.49231015172242576
2025_02_LA_TEN,2025,2,0.3592611992591948,-5.065100159095088,0.512849624402183
2025_02_NE_MIA,2025,2,0.5422358016231802,1.1676371194918915,0.49017924354688713
2025_02_NYG_DAL,2025,2,0.6468287413464628,3.7477679032361304,0.47778207635812603
2025_02_PHI_KC,2025,2,0.46502535966651,-1.5812779968980295,0.4975981456636346
2025_02_SEA_PIT,2025,2,0.6164784721071306,3.2912394053529574,0.4938311030682021
2025_02_SF_NO,2025,2,0.4216027863364873,-2.7212749278418036,0.5082360975212639
2025_02_TB_HOU,2025,2,0.5720077203350069,2.5893948450319657,0.5026417127927643
2025_02_WAS_GB,2025,2,0.6415213268488881,3.902665650117725,0.5118975212439338
2025_03_ARI_SF,2025,3,0.538112431037949,1.2041534102880942,0.4912580543042236
2025_03_ATL_CAR,2025,3,0.35523747149287466,-5.508238031895072,0.49975655562768356
2025_03_CIN_MIN,2025,3,0.6023141456979078,3.0670721349339973,0.5019820592874092
2025_03_DAL_CHI,2025,3,0.4715317260472741,-1.3835248113530394,0.5034419482137593
2025_03_DEN_LAC,2025,3,0.5720143497362491,1.6109221703547427,0.4737455920071969
2025_03_DET_BAL,2025,3,0.6584596582253148,4.195045486801651,0.4909889701382077
2025_03_GB_CLE,2025,3,0.25380174260698285,-8.262587103791784,0.5070154933603188
2025_03_HOU_JAX,2025,3,0.5403371842014749,1.1467636058058825,0.4895626033915593
2025_03_IND_TEN,2025,3,0.35372248981453835,-5.312882037162461,0.5202964517306805
2025_03_KC_NYG,2025,3,0.30226999486321793,-6.430930118617188,0.487267625670255
2025_03_LA_PHI,2025,3,0.6300970266612824,3.6769855592684038,0.5052300000066033
2025_03_LV_WAS,2025,3,0.58630617397135,2.4393339150973916,0.4982072455705796
2025_03_MIA_BUF,2025,3,0.8400302007635335,12.257325353279443,0.49282903975633935
2025_03_NO_SEA,2025,3,0.7401016539702148,7.094472912378702,0.4880179574887866
2025_03_NYJ_TB,2025,3,0.7063495765417027,5.910790727802709,0.48259363819900813
2025_03_PIT_NE,2025,3,0.48082413452314454,-1.1673411895405292,0.5098294989097307
2025_04_BAL_KC,2025,4,0.42460207820598583,-2.7957534461886606,0.4912608061539055
2025_04_CAR_NE,2025,4,0.6805093417277236,5.777514181041074,0.5082003217315724
2025_04_CHI_LV,2025,4,0.5376865438437413,1.1993849281211426,0.49111717393353066
2025_04_CIN_DEN,2025,4,0.7713226936100817,7.754333875927455,0.5075154470115525
2025_04_CLE_DET,2025,4,0.7788549659537067,9.495732053572631,0.48510170128604924
2025_04_GB_DAL,2025,4,0.2826761101780364,-7.041215033587192,0.4987820448930419
2025_04_IND_LA,2025,4,0.6122985457691845,3.679091207932462,0.5052922192089117
2025_04_JAX_SF,2025,4,0.6170428718016581,3.6689837016292084,0.5049935542860542
2025_04_LAC_NYG,2025,4,0.3140736395064366,-6.166984432035151,0.49506552211580157
2025_04_MIN_PIT,2025,4,0.4292241401223622,-2.381709324989485,0.5034955961316128
2025_04_NO_BUF,2025,4,0.8905031609027392,15.395064608229012,0.4968990560789744
2025_04_NYJ_MIA,2025,4,0.5832440451107674,2.4053284226963507,0.49720235663872303
2025_04_PHI_TB,2025,4,0.39369504577483794,-3.5583330769031725,0.49827618827358866
2025_04_SEA_ARI,2025,4,0.46780751261503256,-1.6246806030468686,0.49631558096305245
2025_04_TEN_HOU,2025,4,0.7374191755591426,6.39161437102678,0.4672825472236192
2025_04_WAS_ATL,2025,4,0.5807155476140602,2.6011572583888123,0.5029892984963044
2025_05_DAL_NYJ,2025,5,0.5419407238053267,1.5926509721380306,0.5027379333293147
2025_05_DEN_PHI,2025,5,0.6347760340151678,3.2664013253027844,0.49309720461764184
2025_05_DET_CIN,2025,5,0.22994274519666835,-9.781740629317271,0.5212154741899255
2025_05_HOU_BAL,2025,5,0.4349941599783208,-2.4598390231953875,0.5011868065212901
2025_05_KC_JAX,2025,5,0.3912739868561141,-3.678780275881494,0.49471696842411134
2025_05_LV_IND,2025,5,0.7232443448765428,7.039261982891185,0.5011602402153531
2025_05_MIA_CAR,2025,5,0.4834633125868237,-1.3579802422768452,0.504196788220315
2025_05_MIN_CLE,2025,5,0.38270081004670375,-2.767086652343152,0.5216478929187176
2025_05_NE_BUF,2025,5,0.7491820266821554,7.282725394568395,0.49357953447514963
2025_05_NYG_NO,2025,5,0.5467433427120633,1.527012924529683,0.5007982659645118
2025_05_SF_LA,2025,5,0.7533114092342862,7.615378500704287,0.47387699842345854
2025_05_TB_SEA,2025,5,0.6130688085341706,3.2216815078004375,0.4917759148801472
2025_05_TEN_ARI,2025,5,0.7577634722496964,7.462914067743346,0.4989040646091495
2025_05_WAS_LAC,2025,5,0.5671025509105556,2.163157820890283,0.49004691519205035
2025_06_ARI_IND,2025,6,0.7467304476786847,7.549376260396528,0.47193105020148424
2025_06_BUF_ATL,2025,6,0.35577466316850614,-4.2249395223710335,0.47858740058299504
2025_06_CHI_WAS,2025,6,0.6858808070646922,5.366574560842101,0.4960571716743092
2025_06_CIN_GB,2025,6,0.8630365910968751,13.744097088961228,0.4924381942711092
2025_06_CLE_PIT,2025,6,0.6873613896040099,4.539015991945313,0.4716256573930836
2025_06_DAL_CAR,2025,6,0.40387628238003215,-3.094273576684668,0.4972141177784819
2025_06_DEN_NYJ,2025,6,0.2904178878137127,-6.725597172849332,0.5228720505720146
2025_06_DET_KC,2025,6,0.5748506595894516,2.3603241185275348,0.4958724725533798
2025_06_LAC_MIA,2025,6,0.3719547239029083,-3.7855933690241015,0.491560979843968
2025_06_LA_BAL,2025,6,0.3066772386753346,-6.827106499545319,0.5051090845837879
2025_06_NE_NO,2025,6,0.4017508927515322,-3.406174423931627,0.5027726435511198
2025_06_PHI_NYG,2025,6,0.2700203378329463,-7.112472545097666,0.49667633077382645
2025_06_SEA_JAX,2025,6,0.46640154627359864,-2.202076748201507,0.47926208176473434
2025_06_SF_TB,2025,6,0.6256614372539853,3.4381490278638487,0.4981722309966333
2025_06_TEN_LV,2025,6,0.6249617998085566,3.1863215214379252,0.49073123346079445
2025_07_ATL_SF,2025,7,0.5402375729009093,1.5541464349748284,0.5016000921724664
2025_07_CAR_NYJ,2025,7,0.5319797881863442,1.294159639765958,0.49391738955939934
2025_07_GB_ARI,2025,7,0.28859857973896846,-6.634556669739196,0.5107979994149975
2025_07_HOU_SEA,2025,7,0.5888328915048946,2.528194062008194,0.48606036831765076
2025_07_IND_LAC,2025,7,0.5733023026378026,2.818971550122034,0.5094251406448177
2025_07_LA_JAX,2025,7,0.4020619937297319,-3.2471382322483224,0.49269715679444864
2025_07_LV_KC,2025,7,0.8598617454505779,13.106297151996358,0.48836722584124026
2025_07_MIA_CLE,2025,7,0.5655273268695225,2.2227685255784584,0.4918080308477272
2025_07_NE_TEN,2025,7,0.31609130673668945,-6.090561338565908,0.5120975818797603
2025_07_NO_CHI,2025,7,0.6557659260876915,4.372770677389526,0.49624026631572093
2025_07_NYG_DEN,2025,7,0.7632511050806992,7.743170018788646,0.507185596752572
2025_07_PHI_MIN,2025,7,0.4502377613358607,-2.223184770966691,0.5081796711577405
2025_07_PIT_CIN,2025,7,0.319179372408365,-5.988784051579742,0.4855589607908584
2025_07_TB_DET,2025,7,0.6955929985543086,5.74552848995978,0.4924804864463601
2025_07_WAS_DAL,2025,7,0.5323291622216602,1.6033974215629363,0.5030554962856855
2025_08_BUF_CAR,2025,8,0.28267766653938,-7.248110764462073,0.4926684220569667
2025_08_CHI_BAL,2025,8,0.6002088780383292,2.812872082413891,0.5092449429161787
2025_08_CLE_NE,2025,8,0.7432450698550123,6.681428100117671,0.490586666239344
2025_08_DAL_DEN,2025,8,0.6324685404501462,3.469432660722952,0.499096696769105
2025_08_GB_PIT,2025,8,0.4055775429680709,-3.7474559619479795,0.47792299970319035
2025_08_MIA_ATL,2025,8,0.7333298374462482,6.64770949446001,0.4895905460706551
2025_08_MIN_LAC,2025,8,0.613140243108967,3.3809590912926475,0.5112563348208397
2025_08_NYG_PHI,2025,8,0.7356599258219801,6.144433428451637,0.4747338270887319
2025_08_NYJ_CIN,2025,8,0.6634385843508042,5.0162588183396934,0.48570788741102106
2025_08_SF_HOU,2025,8,0.5956690780340074,2.5571370329631855,0.5016884674202481
2025_08_TB_NO,2025,8,0.3654240494947741,-4.056824383501292,0.513094054867003
2025_08_TEN_IND,2025,8,0.895340715823636,15.330906763635904,0.49500320907605966
2025_08_WAS_KC,2025,8,0.8162079297454778,10.410812536331141,0.4973644154579217
2025_09_ARI_DAL,2025,9,0.6098957711305494,3.100851625329438,0.48820637292517255
2025_09_ATL_NE,2025,9,0.684144565592295,5.049035423129265,0.486675897567065
2025_09_BAL_MIA,2025,9,0.25578346281334374,-8.062530712518623,0.48338130670294177
2025_09_CAR_GB,2025,9,0.8635867502090838,12.528830697522793,0.500851983368325
2025_09_CHI_CIN,2025,9,0.43081313863324344,-2.4230597164021703,0.5170441355087383
2025_09_DEN_HOU,2025,9,0.5545601972313744,1.5434730135408898,0.5012846809765608
2025_09_IND_PIT,2025,9,0.39133023480530427,-3.11502597718362,0.5113749334561826
2025_09_JAX_LV,2025,9,0.4488217492783275,-2.3250954358963245,0.5051685091583963
2025_09_KC_BUF,2025,9,0.44789921751086015,-2.4960556886676777,0.5001165594470476
2025_09_LAC_TEN,2025,9,0.23764938240235256,-8.742936323464168,0.5370942283856481
2025_09_MIN_DET,2025,9,0.8018161185639916,9.053457325937488,0.486806498280107
2025_09_NO_LA,2025,9,0.8720395168784258,13.814758788232911,0.49452605685228246
2025_09_SEA_WAS,2025,9,0.4351326094555663,-2.3571911498948137,0.5042201056127792
2025_09_SF_NYG,2025,9,0.41141185852548856,-2.9172365808450094,0.48767208760881675
2025_10_ARI_SEA,2025,10,0.7225080255611358,6.35913799982001,0.48106881814009295
2025_10_ATL_IND,2025,10,0.7200176151629751,6.420407169719968,0.4976479436103087
2025_10_BAL_MIN,2025,10,0.36900167213246,-4.619212573410612,0.4964771616445927
2025_10_BUF_MIA,2025,10,0.24690674499495996,-8.086361647545624,0.5122216304724019
2025_10_CLE_NYJ,2025,10,0.4967499054184774,-0.8017049599670231,0.5206263141294533
2025_10_DET_WAS,2025,10,0.2509364247948708,-8.193524187422968,0.5090559746798997
2025_10_JAX_HOU,2025,10,0.4885440121129879,-1.608918382092909,0.496781357308986
2025_10_LA_SF,2025,10,0.32240306428044874,-5.291936604410947,0.5061482962622215
2025_10_LV_DEN,2025,10,0.7783797697707864,9.283635964629974,0.4936064395157764
2025_10_NE_TB,2025,10,0.5899130808772595,2.492777820813226,0.49978657537060706
2025_10_NO_CAR,2025,10,0.6638470709789835,4.746205626779465,0.4777359808526798
2025_10_NYG_CHI,2025,10,0.6442419860560421,4.460936504426685,0.4988456253142789
2025_10_PHI_GB,2025,10,0.5402749528669173,1.9693794850380335,0.5138679704438305
2025_10_PIT_LAC,2025,10,0.6020764383211796,3.3021945269611637,0.5089294893544674
2025_11_BAL_CLE,2025,11,0.2726761352847292,-7.6429440784280995,0.4957758984409802
2025_11_CAR_ATL,2025,11,0.6249022016725014,3.4894929412036024,0.4701660848290412
2025_11_CHI_MIN,2025,11,0.5736009798657156,2.2519890420302175,0.47790662399824924
2025_11_CIN_PIT,2025,11,0.6518633531099844,4.9053260333695405,0.48243230464960263
2025_11_DAL_LV,2025,11,0.3723055721702523,-3.881387616507954,0.48873100675729525
2025_11_DET_PHI,2025,11,0.598467271282684,2.854299876785763,0.5104688130915329
2025_11_GB_NYG,2025,11,0.2689891746388562,-7.593876751287506,0.4972258441921927
2025_11_HOU_TEN,2025,11,0.3311505655585605,-4.785238296833272,0.5211122591157693
2025_11_KC_DEN,2025,11,0.3582525463554129,-3.854057880188136,0.48953833575699
2025_11_LAC_JAX,2025,11,0.40818576581893384,-3.333253647798126,0.4901529282309658
2025_11_NYJ_NE,2025,11,0.8460131869979021,12.151225600358242,0.4896944164797428
2025_11_SEA_LA,2025,11,0.6003580956566238,2.7098446516470966,0.49142619816302363
2025_11_SF_ARI,2025,11,0.3862951103467429,-3.4759045935055655,0.5007120497266879
2025_11_TB_BUF,2025,11,0.6854726688481667,6.235043726688264,0.5069454920862841
2025_11_WAS_MIA,2025,11,0.5775745882200393,2.1881650359355076,0.49078569705616504
2025_12_ATL_NO,2025,12,0.517686668385691,0.7357162921283062,0.4774264971614026
2025_12_BUF_HOU,2025,12,0.32776364517660683,-5.790391588389745,0.491419218581144
2025_12_CAR_SF,2025,12,0.73438939512475,7.567952445196013,0.5020080732571754
2025_12_CLE_LV,2025,12,0.6293807664303875,3.2196105296510766,0.506489486039348
2025_12_IND_KC,2025,12,0.6308409337320513,3.4371001163046677,0.4981412346482879
2025_12_JAX_ARI,2025,12,0.44816212544345246,-2.452553787913236,0.5014020934132941
2025_12_MIN_GB,2025,12,0.7086394840037357,6.488555823924388,0.4996618099885852
2025_12_NE_CIN,2025,12,0.2715332326339166,-7.044804908945501,0.5134490491536621
2025_12_NYG_DET,2025,12,0.8574019241006983,14.245214090044088,0.5072459917935521
2025_12_NYJ_BAL,2025,12,0.8562242978226015,13.58223347430413,0.48765643454737034
2025_12_PHI_DAL,2025,12,0.40710048109403274,-2.992139582305063,0.5002322853913289
2025_12_PIT_CHI,2025,12,0.5960971912513953,3.2347909498839638,0.5069380233390268
2025_12_SEA_TEN,2025,12,0.2000266756274385,-11.371986236089088,0.5332955029057397
2025_12_TB_LA,2025,12,0.7160882634119972,7.267333605977427,0.5078995339628807
2025_13_ARI_TB,2025,13,0.646524571759758,4.844628338380681,0.5101831025008448
2025_13_ATL_NYJ,2025,13,0.4100913589405666,-2.8091196386736526,0.5056405710658333
2025_13_BUF_PIT,2025,13,0.40172899147352525,-3.072692768647138,0.49785184601833404
2025_13_CHI_PHI,2025,13,0.7192159824076738,7.158318114208118,0.5046783956908008
2025_13_CIN_BAL,2025,13,0.7446321412805703,7.14947466135043,0.5044170773238675
2025_13_DEN_WAS,2025,13,0.304336084255238,-6.261930978310442,0.5070348797017974
2025_13_GB_DET,2025,13,0.6042463629251605,2.446752008680644,0.49842645777755734
2025_13_HOU_IND,2025,13,0.6060947222132491,2.628154086146959,0.4890128665753114
2025_13_JAX_TEN,2025,13,0.3013061131397372,-6.15349179762061,0.4954642186310043
2025_13_KC_DAL,2025,13,0.3627645795502357,-3.9301748784785704,0.48728993263543613
2025_13_LA_CAR,2025,13,0.23822704032395642,-9.169121952963124,0.5245380172980509
2025_13_LV_LAC,2025,13,0.7763174334777782,9.065827030636505,0.47241600843434733
2025_13_MIN_SEA,2025,13,0.8595964495354191,12.606324874408884,0.5031420036546359
2025_13_NO_MIA,2025,13,0.6947798048620095,5.773469119347827,0.5080808098683585
2025_13_NYG_NE,2025,13,0.750866378365886,7.372914643909107,0.5110187037532292
2025_13_SF_CLE,2025,13,0.3367261421213191,-5.499747579791563,0.5000074593402642
2025_14_CHI_GB,2025,14,0.7038610489879362,5.98916351035264,0.484907729565252
2025_14_CIN_BUF,2025,14,0.7126824201892885,6.25100953412678,0.5074172256615302
2025_14_DAL_DET,2025,14,0.6383924851549754,3.1956541877928153,0.4910069534520213
2025_14_DEN_LV,2025,14,0.22973170890479783,-8.223943809572358,0.508157245297384
2025_14_HOU_KC,2025,14,0.6457359404890478,4.419129525312254,0.49761018824942255
2025_14_IND_JAX,2025,14,0.4229925893625013,-2.9633988146485324,0.48630866058247074
2025_14_LA_ARI,2025,14,0.21910802704663396,-9.236595976502903,0.5077834322037887
2025_14_MIA_NYJ,2025,14,0.4399228988901164,-2.352548971622717,0.5043572799952942
2025_14_NO_TB,2025,14,0.7513137893554194,6.731796303922202,0.47731084293628073
2025_14_PHI_LAC,2025,14,0.4850373459772215,-1.2380393686247504,0.5077407861929298
2025_14_PIT_BAL,2025,14,0.6751636138334169,5.108845220853347,0.488442492730658
2025_14_SEA_ATL,2025,14,0.30102562435966507,-6.572352386229969,0.5126354211413687
2025_14_TEN_CLE,2025,14,0.6581332134407485,4.8678594137467455,0.5108693714466084
2025_14_WAS_MIN,2025,14,0.4875952989876108,-1.4127827446349233,0.5025773636074718
2025_15_ARI_HOU,2025,15,0.8120569363668717,10.19525026641926,0.49099502009530677
2025_15_ATL_TB,2025,15,0.6908933516678224,5.903387491664107,0.4971450010817189
2025_15_BAL_CIN,2025,15,0.40421124378772055,-3.025403406642433,0.48447757546095477
2025_15_BUF_NE,2025,15,0.4263461542245315,-2.710269912547744,0.493786506163405
2025_15_CAR_NO,2025,15,0.4219312929382255,-2.5767234915933366,0.4977327348201421
2025_15_CLE_CHI,2025,15,0.7544639523588409,7.669573313788355,0.5050109767103568
2025_15_DET_LA,2025,15,0.6462335664452037,5.047608442412284,0.48663375205604587
2025_15_GB_DEN,2025,15,0.4741460221037986,-1.515739594452802,0.4995348749421459
2025_15_IND_SEA,2025,15,0.8449144802716271,13.348767346816413,0.49553097498910337
2025_15_LAC_KC,2025,15,0.6700685520436487,5.414860308811938,0.49748402982233136
2025_15_LV_PHI,2025,15,0.8520429047502648,12.833626209039245,0.5098580780728712
2025_15_MIA_PIT,2025,15,0.6119638315080513,3.23126208401096,0.5068337563700434
2025_15_MIN_DAL,2025,15,0.6754630752154964,5.412696940628409,0.497420100827272
2025_15_NYJ_JAX,2025,15,0.8728856518788449,13.671853995423813,0.5050783683835105
2025_15_TEN_SF,2025,15,0.8491334188283738,12.973662993932045,0.513994476426364
2025_15_WAS_NYG,2025,15,0.5617368687827926,1.9184623685946232,0.4828201319770936
2025_16_ATL_ARI,2025,16,0.4350169886597649,-2.549373559654265,0.4985409513652616
2025_16_BUF_CLE,2025,16,0.23388977388110704,-9.738621354239065,0.5224877914792726
2025_16_CIN_MIA,2025,16,0.38418033464332413,-3.3798834578142323,0.503549550740382
2025_16_GB_CHI,2025,16,0.5354439220900918,1.5052285822578144,0.5001545112945963
2025_16_JAX_DEN,2025,16,0.6242205733185329,3.825879469577308,0.5096292202914483
2025_16_KC_TEN,2025,16,0.3696921581041222,-3.647309491861322,0.4956469023406861
2025_16_LAC_DAL,2025,16,0.5395255761215829,1.468496887818713,0.4990690435550464
2025_16_LA_SEA,2025,16,0.5465036961469382,1.7062627859658743,0.5060950922077224
2025_16_LV_HOU,2025,16,0.8829138534803351,14.63415245597677,0.5039643115482876
2025_16_MIN_NYG,2025,16,0.4416355826892415,-1.89097929162083,0.5179912388098296
2025_16_NE_BAL,2025,16,0.6328184642751487,4.055743537721305,0.5164182955524703
2025_16_NYJ_NO,2025,16,0.693211092606004,6.087636623450801,0.4878160290704817
2025_16_PHI_WAS,2025,16,0.2674411227168761,-7.007011031348407,0.49979281505863926
2025_16_PIT_DET,2025,16,0.7195943060380365,6.859111826100923,0.48106804554424726
2025_16_SF_IND,2025,16,0.35242757060543617,-4.876369742117768,0.4888792329810765
2025_16_TB_CAR,2025,16,0.41409966239631757,-2.974831604221855,0.5007437578806914
2025_17_ARI_CIN,2025,17,0.7092315560888984,6.813490361753035,0.49448857677896507
2025_17_BAL_GB,2025,17,0.5866242238072894,2.840153792994222,0.5100509164786523
2025_17_CHI_SF,2025,17,0.6445998626664358,3.773832307202883,0.5080915403296199
2025_17_DAL_WAS,2025,17,0.2234024598148411,-9.048241367637514,0.48380321792697667
2025_17_DEN_KC,2025,17,0.17097474818249836,-13.410395345333228,0.5026479127997833
2025_17_DET_MIN,2025,17,0.26192078422839293,-7.433584229644635,0.4871892334870801
2025_17_HOU_LAC,2025,17,0.5607531247972153,1.92047673360161,0.5124236169768475
2025_17_JAX_IND,2025,17,0.3533961563711424,-3.7307400970733386,0.4931816667540654
2025_17_LA_ATL,2025,17,0.28824756270100127,-7.050477423565503,0.5132815131671732
2025_17_NE_NYJ,2025,17,0.18889560602729755,-11.992508494334745,0.5149934921569729
2025_17_NO_TEN,2025,17,0.4622433974800047,-1.5614656420665873,0.49818361787465637
2025_17_NYG_LV,2025,17,0.4387438768435755,-2.3035269621087675,0.5205725434269638
2025_17_PHI_BUF,2025,17,0.6190164108686229,3.5753486550564704,0.5169971436620104
2025_17_PIT_CLE,2025,17,0.34635637133125396,-4.558183099524975,0.49828062025582176
2025_17_SEA_CAR,2025,17,0.3265004248361896,-6.0035546859574564,0.5146672886407362
2025_17_TB_MIA,2025,17,0.3424117162343832,-5.3458471849297196,0.5045553140127623
2025_18_ARI_LA,2025,18,0.8746478657474281,13.862714260519315,0.48117438287157627
2025_18_BAL_PIT,2025,18,0.34308426936675096,-5.019201888740594,0.4846607011447625
2025_18_CAR_TB,2025,18,0.5883459088221905,2.688678312503639,0.4908008609964548
2025_18_CLE_CIN,2025,18,0.791752866297021,9.344425189656882,0.4954026669715409
2025_18_DAL_NYG,2025,18,0.38304331953768433,-3.768265881706252,0.4773090082444308
2025_18_DET_CHI,2025,18,0.5839701928493755,3.1424356193574896,0.48943475016499827
2025_18_GB_MIN,2025,18,0.8285284016201325,11.952363459235487,0.48382107661908014
2025_18_IND_HOU,2025,18,0.7903163648249065,9.32870936915478,0.4949382784164575
2025_18_KC_LV,2025,18,0.3743961342334957,-3.2303366303796013,0.5079683678451816
2025_18_LAC_DEN,2025,18,0.8739504075947011,14.333964814140959,0.4950935714217251
2025_18_MIA_NE,2025,18,0.8681605114284907,14.033621015578397,0.5009935430191961
2025_18_NO_ATL,2025,18,0.6542828389941673,4.514897519588421,0.5004402406837549
2025_18_NYJ_BUF,2025,18,0.8448174841332271,12.276982632555548,0.49340985107080454
2025_18_SEA_SF,2025,18,0.393509244376658,-2.9860659478368703,0.48563923189736874
2025_18_TEN_JAX,2025,18,0.8538641818141743,11.995435224270887,0.4850929357210904
2025_18_WAS_PHI,2025,18,0.6138155023606252,2.7899428056141895,0.49379279149569694
2025_19_BUF_JAX,2025,19,0.5327784548289316,1.4178789436130415,0.4975732326328172
2025_19_GB_CHI,2025,19,0.4251357917700882,-3.075178972390031,0.48300786612754343
2025_19_HOU_PIT,2025,19,0.4131953664499308,-3.3240094543950884,0.4904260250449476
2025_19_LAC_NE,2025,19,0.6258297852771382,3.9243092244095044,0.512536816562932
2025_19_LA_CAR,2025,19,0.24744701602915856,-9.59988926768123,0.5118220535175454
2025_19_SF_PHI,2025,19,0.6829131119430989,5.811371784749,0.4944259761593185
2025_20_BUF_DEN,2025,20,0.5688590389975625,1.9679226995034427,0.5138249464989815
2025_20_HOU_NE,2025,20,0.6352276279207703,3.716214371210099,0.5211551270675655
2025_20_LA_CHI,2025,20,0.3808617885762235,-3.435397100108131,0.5019090910990536
2025_20_SF_SEA,2025,20,0.7244154686558995,6.889981309431294,0.5115228442467128
2025_21_LA_SEA,2025,21,0.5754121748320932,2.2015696743500808,0.4911817200924594
2025_21_NE_DEN,2025,21,0.3874335527921151,-3.386895406656347,0.5033423464090254
2025_22_SEA_NE,2025,22,0.33173421139602316,-4.524180684645451,0.49928543019881927
2026_01_ARI_LAC,2026,1,0.7380208425595831,7.9963164004459255,0.48511895745546807
2026_01_ATL_PIT,2026,1,0.6947412438031115,6.1675991367906455,0.49017812144959866
2026_01_BAL_IND,2026,1,0.4120539049704568,-3.305439216561437,0.4909746501932121
2026_01_BUF_HOU,2026,1,0.4906762327507377,-1.4880634634656655,0.50035273988775
2026_01_CHI_CAR,2026,1,0.4107530773198484,-3.3460294903995687,0.4897755052078712
2026_01_CLE_JAX,2026,1,0.7486285032939256,8.06467549717041,0.487137832810824
2026_01_DAL_NYG,2026,1,0.4081727139012834,-3.3032729560611,0.4910386496971518
2026_01_DEN_KC,2026,1,0.5679766206878702,2.1689528557940156,0.4902181135036987
2026_01_GB_MIN,2026,1,0.5401660777963679,1.030597555387042,0.4861313514813387
2026_01_MIA_LV,2026,1,0.60216305123676,2.9484619601500315,0.4984769886516862
2026_01_NE_SEA,2026,1,0.6146420339929992,3.681274828135047,0.5201240012413748
2026_01_NO_DET,2026,1,0.7084290180754891,6.3750786724598445,0.48153936801872027
2026_01_NYJ_TEN,2026,1,0.5302715787219967,1.2056291248897653,0.4913016531414233
2026_01_SF_LA,2026,1,0.6515118471102874,3.4209413668132482,0.4976637295456783
2026_01_TB_CIN,2026,1,0.6091525549832759,3.024509915796332,0.48595156406905604
2026_01_WAS_PHI,2026,1,0.6588770819884501,4.990511153432168,0.47019609021254183
2026_02_CAR_ATL,2026,2,0.43752128487411535,-2.404306268677699,0.5028278485701412
2026_02_CIN_HOU,2026,2,0.5866991231134784,3.037821614855142,0.5011176756696607
2026_02_CLE_TB,2026,2,0.7570860415775851,8.01786397663193,0.48575529155136543
2026_02_DET_BUF,2026,2,0.6649773047114717,5.186776164075963,0.49074466511169035
2026_02_GB_NYJ,2026,2,0.3974074262608064,-3.796034913618262,0.49125249042876196
2026_02_IND_KC,2026,2,0.6816494446100649,5.203631858419214,0.47647994386678233
2026_02_JAX_DEN,2026,2,0.5625204456826738,2.4049658797977673,0.49719164329644844
2026_02_LV_LAC,2026,2,0.6971173481699352,6.244778652937545,0.49245833175042325
2026_02_MIA_SF,2026,2,0.839718747964308,12.047232315624026,0.48662264327226
2026_02_MIN_CHI,2026,2,0.6287733779959981,3.849081261027823,0.48077196858488275
2026_02_NO_BAL,2026,2,0.7478423158978229,8.257311754286421,0.4928286379536152
2026_02_NYG_LA,2026,2,0.6853238226555305,6.328520295613759,0.49493269150153485
2026_02_PHI_TEN,2026,2,0.30939892696133053,-6.748801320852247,0.5074228141721954
2026_02_PIT_NE,2026,2,0.6354357500002926,4.5127281492064135,0.5003761330457336
2026_02_SEA_ARI,2026,2,0.37792867375658445,-3.271263194960941,0.5067591419736447
2026_02_WAS_DAL,2026,2,0.6327952014533753,3.1547664316127464,0.4897990180147902
2026_03_ARI_SF,2026,3,0.7376458532701182,6.348839993198779,0.4660229287279887
2026_03_ATL_GB,2026,3,0.6648617834496268,4.402025878998008,0.4971047647294913
2026_03_BAL_DAL,2026,3,0.39647100959114406,-3.3571690505119456,0.48944642858387044
2026_03_CAR_CLE,2026,3,0.446928943285038,-2.2578765829575893,0.5071546733267399
2026_03_CIN_PIT,2026,3,0.39707047561857667,-3.367960045421268,0.5039018874618418
2026_03_HOU_IND,2026,3,0.47352397819030223,-1.2736990139098345,0.5066871706276934
2026_03_KC_MIA,2026,3,0.23411419174557416,-9.47668259083187,0.5154608271260013
2026_03_LAC_BUF,2026,3,0.7038501415786018,6.3729524299751255,0.4814766023443682
2026_03_LA_DEN,2026,3,0.5309428096219082,1.4032444542081068,0.4971407742502027
2026_03_LV_NO,2026,3,0.6200944571586693,3.8392393475491273,0.5100239019988614
2026_03_MIN_TB,2026,3,0.4766510540784904,-1.5881817116552455,0.4973941360760095
2026_03_NE_JAX,2026,3,0.5740947775196585,2.7115017860547974,0.49147515736080677
2026_03_NYJ_DET,2026,3,0.7178981636306021,7.182430308760602,0.5053908850672942
2026_03_PHI_CHI,2026,3,0.3825009997920659,-3.8493914440954606,0.48967618812138813
2026_03_SEA_WAS,2026,3,0.2760683967663199,-8.168986854736982,0.5097808820860219
2026_03_TEN_NYG,2026,3,0.5529777061530728,1.9079794688633636,0.4825106413648713
2026_04_ARI_NYG,2026,4,0.43802468140786877,-2.533418552713818,0.49901243999916794
2026_04_ATL_NO,2026,4,0.5761039759843858,2.1434451891209174,0.489464573810507
2026_04_DAL_HOU,2026,4,0.6072517837727598,3.1779389185217943,0.5052581705588189
2026_04_DEN_SF,2026,4,0.594389215496926,2.335248623441755,0.4803636814762537
2026_04_DET_CAR,2026,4,0.3868877977703348,-3.7657524742317405,0.4921471813978312
2026_04_GB_TB,2026,4,0.42508544602438036,-2.727436901991874,0.5080540412526025
2026_04_IND_WAS,2026,4,0.366812293496835,-4.487850197561884,0.5003590421656856
2026_04_JAX_CIN,2026,4,0.5573076037508252,2.178532888921909,0.49050113307809173
2026_04_KC_LV,2026,4,0.3600039083020028,-4.710788975957579,0.49377116904031304
2026_04_LAC_SEA,2026,4,0.7232967930824308,6.237819745851657,0.477488557650528
2026_04_LA_PHI,2026,4,0.37823907828419506,-3.632031441434623,0.49609836410043157
2026_04_MIA_MIN,2026,4,0.8130082073087216,9.87014326542822,0.49616262644882825
2026_04_NE_BUF,2026,4,0.7035530050530769,6.148239026904208,0.474846062777567
2026_04_NYJ_CHI,2026,4,0.611422939002392,2.752281286149366,0.4779152469445379
2026_04_PIT_CLE,2026,4,0.4361093019004078,-2.4378950200731286,0.5018352751796159
2026_04_TEN_BAL,2026,4,0.8208265799630337,11.063693298097547,0.4871088226916411
2026_05_BAL_ATL,2026,5,0.2938932316097451,-7.050090971824797,0.46899973161306296
2026_05_BUF_LA,2026,5,0.5726554472358565,2.6973118051661684,0.5058306088193709
2026_05_CHI_GB,2026,5,0.5595527375378102,2.5034101235026998,0.5001007735134926
2026_05_CIN_MIA,2026,5,0.2567160450420597,-7.952162685132846,0.5161848516311667
2026_05_CLE_NYJ,2026,5,0.538073307710802,1.124205903167607,0.4888962374365504
2026_05_DEN_LAC,2026,5,0.45521304208981017,-2.281956419504237,0.5064431867689438
2026_05_DET_ARI,2026,5,0.32920164445251826,-6.044485087328306,0.4839141299476288
2026_05_HOU_TEN,2026,5,0.30256267683811133,-6.605340194282235,0.4968870940093797
2026_05_IND_PIT,2026,5,0.5553939812016434,1.4000809944466355,0.49704729244525664
2026_05_LV_NE,2026,5,0.6385013574623988,3.868722837279037,0.510894877224172
2026_05_MIN_NO,2026,5,0.45065558975189335,-2.16692017151933,0.5098419367496995
2026_05_NYG_WAS,2026,5,0.5540405926796095,1.7991196413053263,0.4792973889095057
2026_05_PHI_JAX,2026,5,0.6061499154989805,2.5234319861021994,0.48591972966390007
2026_05_SF_SEA,2026,5,0.5941714320798623,2.363838513619801,0.48120756905772577
2026_05_TB_DAL,2026,5,0.7956495533511032,9.668408711770907,0.5049765639263161
