game_id,season,week,p_home,margin,p_home_cover
2006_01_MIA_PIT,2006,1,0.5589723124336392,1.6055141803227384,0.5031180473440441
2006_01_ATL_CAR,2006,1,0.7090306066597639,4.667789330948829,0.5049582618490938
2006_01_NO_CLE,2006,1,0.5521901755390376,2.932388110153866,0.498001990462483
2006_01_SEA_DET,2006,1,0.2730135273038337,-6.3747639489181385,0.48892666786614536
2006_01_PHI_HOU,2006,1,0.29437978991803365,-6.199141205501846,0.49411533588663514
2006_01_CIN_KC,2006,1,0.5466395717775098,-1.3827969687193213,0.503463456089708
2006_01_BUF_NE,2006,1,0.8436819838915987,10.35038274388498,0.5103530962191877
2006_01_DEN_STL,2006,1,0.3662602610555555,-3.7842995571140454,0.49159920512616173
2006_01_BAL_TB,2006,1,0.6191072917645125,3.0014755256736683,0.5000436036722868
2006_01_NYJ_TEN,2006,1,0.601759994145528,2.4750817014174835,0.49926363279885455
2006_01_SF_ARI,2006,1,0.8009067940709725,9.736348135102695,0.5069840331501982
2006_01_CHI_GB,2006,1,0.42355291758499264,-3.5067804653558423,0.4997996285779619
2006_01_DAL_JAX,2006,1,0.48448161207281315,-2.4587157826425763,0.501219999566382
2006_01_IND_NYG,2006,1,0.399115685137728,-3.169697267866284,0.4949853605771466
2006_01_MIN_WAS,2006,1,0.6837064722859602,4.097433942654327,0.5028792727269487
2006_01_SD_OAK,2006,1,0.4001358782787109,-3.217656886581151,0.49356823904344876
2006_02_TB_ATL,2006,2,0.6495397631808489,4.600992516037588,0.5029844302853977
2006_02_OAK_BAL,2006,2,0.8350310939106749,13.253007102201613,0.5074762460707927
2006_02_DET_CHI,2006,2,0.7452124655082794,7.114122377954693,0.5033724221819781
2006_02_CLE_CIN,2006,2,0.8286756612711846,10.831081662984232,0.5097829062636976
2006_02_NO_GB,2006,2,0.4929387121698891,-0.9865035656747375,0.5003988368437111
2006_02_HOU_IND,2006,2,0.8923304874244257,12.947066726673484,0.5132089796658501
2006_02_BUF_MIA,2006,2,0.7863025598881523,6.692171599830339,0.5056787249765455
2006_02_CAR_MIN,2006,2,0.5253401813132882,1.9480256668959943,0.4984640957223119
2006_02_NYG_PHI,2006,2,0.5954427509874023,2.9299552405673146,0.4979300969865444
2006_02_ARI_SEA,2006,2,0.779859732832466,7.2911529809929245,0.5086032763264137
2006_02_STL_SF,2006,2,0.42100424312491364,-3.195775800626066,0.4942147772706537
2006_02_KC_DEN,2006,2,0.8180698712496393,11.135262554095371,0.5039971147355412
2006_02_NE_NYJ,2006,2,0.30874640874872533,-6.2434520715353665,0.49280606958134887
2006_02_TEN_SD,2006,2,0.8492030426436923,12.388538033841158,0.5114802113318475
2006_02_WAS_DAL,2006,2,0.6729571602798475,6.9380961990731125,0.4981706698546434
2006_02_PIT_JAX,2006,2,0.4478320110789656,-2.6783150817316232,0.4947307143044305
2006_03_NYJ_BUF,2006,3,0.6646054316081902,5.985405167670196,0.4995687041068495
2006_03_GB_DET,2006,3,0.6932589741868953,6.4786352244557035,0.4993686437986616
2006_03_WAS_HOU,2006,3,0.3742223586627736,-3.7406368063271107,0.4928892509010484
2006_03_JAX_IND,2006,3,0.7519585858248191,6.678620152614456,0.5052783001429232
2006_03_TEN_MIA,2006,3,0.8254005160210995,10.757831691892507,0.5076187933552864
2006_03_CHI_MIN,2006,3,0.3814734314772062,-3.6171249539831436,0.4965388511074827
2006_03_CIN_PIT,2006,3,0.5916946790334777,2.008594441215419,0.5002539767219002
2006_03_CAR_TB,2006,3,0.37210757268108685,-3.202406192153806,0.4940188620216656
2006_03_BAL_CLE,2006,3,0.3241359802135238,-6.827807734295789,0.490313813715829
2006_03_STL_ARI,2006,3,0.6957774819286949,5.53489713802297,0.501031253949465
2006_03_NYG_SEA,2006,3,0.6348858432868403,4.100698310815903,0.5029757363870747
2006_03_PHI_SF,2006,3,0.2841169777505438,-6.283183867728193,0.4916321678941262
2006_03_DEN_NE,2006,3,0.7180431954374172,6.558073384241465,0.5017161375471668
2006_03_ATL_NO,2006,3,0.42338319579555683,-4.131237726918476,0.4961218182653639
2006_04_ARI_ATL,2006,4,0.7071376023928136,7.071279695856993,0.5021063964656228
2006_04_SD_BAL,2006,4,0.4370395233977718,0.7948238380661705,0.49393701519526023
2006_04_MIN_BUF,2006,4,0.5707362214825673,0.9046666569683426,0.49718280109860774
2006_04_NO_CAR,2006,4,0.7284947968157918,7.07626498996293,0.5022537160872915
2006_04_MIA_HOU,2006,4,0.38561598523362484,-3.7180664608508502,0.4935561371754711
2006_04_SF_KC,2006,4,0.7561534704486529,7.3279296224860335,0.5096897871740869
2006_04_IND_NYJ,2006,4,0.24781713111542955,-7.82386696741328,0.4904302345056108
2006_04_DAL_TEN,2006,4,0.2420267267859558,-10.287526880669112,0.4915038549708317
2006_04_DET_STL,2006,4,0.65858750192684,5.536478563473929,0.5010779869324927
2006_04_NE_CIN,2006,4,0.6485686472614179,5.526716758936663,0.5007895139094668
2006_04_CLE_OAK,2006,4,0.4743214271336155,-1.064577555531529,0.49809165785066384
2006_04_JAX_WAS,2006,4,0.45122380686936403,-2.562339308571964,0.4981578001825256
2006_04_SEA_CHI,2006,4,0.6234291996832731,3.387757750677103,0.4966831360730557
2006_04_GB_PHI,2006,4,0.8485198873018162,12.208733252639194,0.5061680890370555
2006_05_CLE_CAR,2006,5,0.7902331155970855,7.788289595977931,0.5085186791177664
2006_05_BUF_CHI,2006,5,0.8170406146334147,9.760683262302344,0.5077030453731829
2006_05_STL_GB,2006,5,0.43488739540440097,-2.538642601284501,0.49885806322775894
2006_05_TEN_IND,2006,5,0.9011766271830107,14.066075767347922,0.5167233627224307
2006_05_DET_MIN,2006,5,0.6319638435950775,4.089316037278345,0.5026393839737819
2006_05_MIA_NE,2006,5,0.8171674484337251,9.800735952844168,0.5088863973678373
2006_05_TB_NO,2006,5,0.7547086699628885,7.130035228572664,0.5038426480330223
2006_05_WAS_NYG,2006,5,0.7262887545758414,6.056341306368925,0.5016649528885231
2006_05_KC_ARI,2006,5,0.37019733536838434,-3.782389787954521,0.49165562882017605
2006_05_NYJ_JAX,2006,5,0.7756274544587306,7.192974369748715,0.5057024454417484
2006_05_OAK_SF,2006,5,0.6449168515295415,2.951063151005904,0.4985538566387236
2006_05_DAL_PHI,2006,5,0.5274433841718447,-0.96783747704277,0.5009504428232731
2006_05_PIT_SD,2006,5,0.6995763684167315,3.662476395529153,0.5048012695530391
2006_05_BAL_DEN,2006,5,0.716906801073956,5.624688679809038,0.5036846577054285
2006_06_NYG_ATL,2006,6,0.524761965599646,2.872997268265402,0.49624696206931307
2006_06_CAR_BAL,2006,6,0.5568566589449914,2.971170428164457,0.4991480498970982
2006_06_HOU_DAL,2006,6,0.8461338355576618,13.290479973922032,0.5085833927200913
2006_06_BUF_DET,2006,6,0.5368474247508204,-0.9882773716867772,0.5003464186284342
2006_06_PHI_NO,2006,6,0.43398035038368765,-3.149036339991645,0.4955958748417246
2006_06_SEA_STL,2006,6,0.4135273434438872,-3.221885196708491,0.4934433036234229
2006_06_CIN_TB,2006,6,0.3803766810923878,-4.695394495321192,0.4942260441479961
2006_06_TEN_WAS,2006,6,0.8475486932837569,11.855455501916973,0.5105029514962068
2006_06_MIA_NYJ,2006,6,0.5240779804287387,1.903186200334598,0.49713905281791343
2006_06_KC_PIT,2006,6,0.7099085029580874,6.562365349774655,0.5018429693601393
2006_06_SD_SF,2006,6,0.18700365160746416,-10.067719102547034,0.48322811741684807
2006_06_OAK_DEN,2006,6,0.8876420371507249,14.464443878666145,0.5137222041671442
2006_06_CHI_ARI,2006,6,0.17313031569570644,-11.871273813895106,0.48902976645921936
2006_07_PIT_ATL,2006,7,0.4284290978297992,-2.7108037109065544,0.4937707336567892
2006_07_NE_BUF,2006,7,0.2786317506642694,-5.861830740064415,0.4893087185274667
2006_07_CAR_CIN,2006,7,0.598815334139543,2.9893473942309896,0.4996852018965418
2006_07_JAX_HOU,2006,7,0.24478298323759135,-7.93742647319836,0.48707574933827774
2006_07_SD_KC,2006,7,0.2618543882864789,-6.35349462033248,0.48955497509231655
2006_07_GB_MIA,2006,7,0.7113825642306362,6.013232733663979,0.5003910441554441
2006_07_DET_NYJ,2006,7,0.5971857956996576,3.9606786687644044,0.4988380059725302
2006_07_PHI_TB,2006,7,0.31583258732254355,-6.217376246528445,0.49357653123980594
2006_07_DEN_CLE,2006,7,0.31587197779076176,-4.8912592342446715,0.48843940724458357
2006_07_WAS_IND,2006,7,0.7686982108703271,8.188270532125093,0.5055634548762487
2006_07_ARI_OAK,2006,7,0.4442543701388821,-3.183844679696653,0.4945673223068387
2006_07_MIN_SEA,2006,7,0.7268168904685006,6.183421640980842,0.5054201775140952
2006_07_NYG_DAL,2006,7,0.5366550473621854,2.8969968227297143,0.4969561537973984
2006_08_SF_CHI,2006,8,0.9126255314637759,16.469200969095994,0.5138626982556911
2006_08_ATL_CIN,2006,8,0.636611015227689,3.5692665911224286,0.5020469074499115
2006_08_ARI_GB,2006,8,0.6547082613910082,4.081174812265465,0.5023988051535868
2006_08_SEA_KC,2006,8,0.6861239140606523,4.041803804018415,0.5012353539445966
2006_08_BAL_NO,2006,8,0.5820032008026592,0.95699580973778,0.4987291732803702
2006_08_TB_NYG,2006,8,0.8472666782526551,9.79645277490696,0.508759854934451
2006_08_JAX_PHI,2006,8,0.7678146902250526,9.066230663304717,0.5019571930267231
2006_08_HOU_TEN,2006,8,0.6046247830159134,2.9378098684337117,0.49816220850710624
2006_08_STL_SD,2006,8,0.8420559192924599,9.819132895509195,0.5094299072761669
2006_08_NYJ_CLE,2006,8,0.5765011187486823,0.923260208634836,0.4977322531488009
2006_08_IND_DEN,2006,8,0.5762159192014321,2.9619080169007126,0.4988743346342256
2006_08_PIT_OAK,2006,8,0.2213321202646187,-9.420664477460798,0.4875708376434358
2006_08_DAL_CAR,2006,8,0.657716852234048,4.563160437449711,0.5018664649647494
2006_08_NE_MIN,2006,8,0.390058866803934,-1.1879513812326192,0.4944459755255967
2006_09_CIN_BAL,2006,9,0.5667598747937491,3.0069356178796434,0.5002049563771246
2006_09_GB_BUF,2006,9,0.6054012169238996,3.3710464642955853,0.4961893159052926
2006_09_MIA_CHI,2006,9,0.8643977269273131,13.305927585956539,0.5090397780482764
2006_09_ATL_DET,2006,9,0.39099559706670667,-5.173366128377882,0.49487694980458596
2006_09_TEN_JAX,2006,9,0.8369343437048793,9.895226656661597,0.5116777854360048
2006_09_HOU_NYG,2006,9,0.8755626801500277,13.386890752680465,0.5114315521365548
2006_09_KC_STL,2006,9,0.5598368216379039,2.3898360506831335,0.49674455041486354
2006_09_NO_TB,2006,9,0.4553392241125798,0.8776805759624356,0.4963853539054056
2006_09_DAL_WAS,2006,9,0.4122650305321205,-3.101727798254508,0.4969938417963486
2006_09_MIN_SF,2006,9,0.41219802813924944,-4.318855945585124,0.4905782746641229
2006_09_DEN_PIT,2006,9,0.5753076885980538,2.965942248484292,0.4989935509153674
2006_09_CLE_SD,2006,9,0.8942071396899731,13.508560044611578,0.5150250465001094
2006_09_IND_NE,2006,9,0.61111785638596,2.9908439482684384,0.49972942697205736
2006_09_OAK_SEA,2006,9,0.7426893780386736,7.199463589943328,0.5058941899481362
2006_10_CLE_ATL,2006,10,0.7624497526230267,9.20110495514113,0.5059426890530022
2006_10_SD_CIN,2006,10,0.46553534786559087,-1.2083095046214198,0.49384443176558507
2006_10_SF_DET,2006,10,0.7422976864568025,6.738197413870847,0.5070386732648673
2006_10_BUF_IND,2006,10,0.8782351262677157,12.421508365198381,0.5124540881910972
2006_10_HOU_JAX,2006,10,0.807392939837987,10.294115818810985,0.5086908114085512
2006_10_KC_MIA,2006,10,0.5146544806924535,0.8508077838329383,0.49559126878220033
2006_10_GB_MIN,2006,10,0.6611900595154776,5.024205821428226,0.5007153126240947
2006_10_NYJ_NE,2006,10,0.8727903292815795,10.908839918462053,0.5120798963823783
2006_10_WAS_PHI,2006,10,0.7847691343250586,9.137827135840674,0.5040728975322861
2006_10_BAL_TEN,2006,10,0.3332178213632818,-7.380788284003068,0.48874871074475734
2006_10_DEN_OAK,2006,10,0.1946880902623945,-9.44738110037781,0.48678173528508994
2006_10_DAL_ARI,2006,10,0.2769458729282841,-6.792786956952915,0.491348448883918
2006_10_NO_PIT,2006,10,0.685629213833361,6.635260278954385,0.5039970475055874
2006_10_STL_SEA,2006,10,0.6029311506708855,3.06735481876532,0.5019904128529328
2006_10_CHI_NYG,2006,10,0.5949292752015832,1.0589775993358543,0.5017428580095279
2006_10_TB_CAR,2006,10,0.8250222685598624,10.240872468073587,0.5071177120978697
2006_11_ATL_BAL,2006,11,0.5849849284287173,3.58735079763828,0.5025813098701004
2006_11_STL_CAR,2006,11,0.7402322736348842,6.6092404929299455,0.5032281611678443
2006_11_PIT_CLE,2006,11,0.37200504848937016,-4.334028040306996,0.4901300509287504
2006_11_NE_GB,2006,11,0.268280166360907,-5.744343331253175,0.4927797360138199
2006_11_BUF_HOU,2006,11,0.6529216510944529,3.0601567570068053,0.5017777032888451
2006_11_OAK_KC,2006,11,0.8289465006255915,9.280970503420203,0.5083024386339224
2006_11_MIN_MIA,2006,11,0.6403627027343837,3.0083080309132213,0.5002455129325152
2006_11_CIN_NO,2006,11,0.5932918132936973,3.4286073478827843,0.49789026557890237
2006_11_CHI_NYJ,2006,11,0.3038628129699609,-5.784631899671751,0.4915893861582734
2006_11_TEN_PHI,2006,11,0.8738369926030529,13.404168632480475,0.5119419164701682
2006_11_WAS_TB,2006,11,0.5408331166869981,2.8717554514593577,0.49621026643293725
2006_11_DET_ARI,2006,11,0.5637943501344497,2.4753001596039947,0.49927008850699783
2006_11_SEA_SF,2006,11,0.40984449002656315,-3.290843517234488,0.49140586659945606
2006_11_IND_DAL,2006,11,0.46452834187318476,-1.103793050429461,0.49693281271911544
2006_11_SD_DEN,2006,11,0.545564659095538,2.3893641227663514,0.4967306048071622
2006_11_NYG_JAX,2006,11,0.5934582564127181,3.950907839370556,0.49854926701134594
2006_12_MIA_DET,2006,12,0.45971517679990465,-3.1333243424295527,0.49606015906624
2006_12_TB_DAL,2006,12,0.8733648833768899,12.8367141475907,0.5099493024897855
2006_12_DEN_KC,2006,12,0.5925915681443394,0.9571606342605278,0.4987340440313795
2006_12_NO_ATL,2006,12,0.537831881697035,2.938461324967204,0.49818145967941685
2006_12_PIT_BAL,2006,12,0.5208554139904215,2.936769197487284,0.4981314556803522
2006_12_JAX_BUF,2006,12,0.3659507983131639,-3.2963299426576516,0.4912437740410233
2006_12_CIN_CLE,2006,12,0.34094506722665274,-3.3020822350270747,0.49107382818495315
2006_12_ARI_MIN,2006,12,0.7319310930536258,7.119198574991593,0.5035224247003335
2006_12_HOU_NYJ,2006,12,0.6323651601909136,4.4921036307697575,0.4997666521949647
2006_12_SF_STL,2006,12,0.6740728540448829,4.652127139918576,0.5044954565705002
2006_12_CAR_WAS,2006,12,0.37132894965492835,-5.653740251668082,0.49545687697119056
2006_12_OAK_SD,2006,12,0.9096940915451641,13.996928814751826,0.5146815670385254
2006_12_CHI_NE,2006,12,0.6972110270631448,4.615623722199642,0.5034167872200036
2006_12_NYG_TEN,2006,12,0.3136785382236431,-4.338961422372908,0.4899843084552819
2006_12_PHI_IND,2006,12,0.8437275508574655,10.233013389292505,0.50688550203212
2006_12_GB_SEA,2006,12,0.8142742372162138,10.147211854350507,0.5043502125175453
2006_13_BAL_CIN,2006,13,0.7283725711360607,3.0453011859821695,0.5013387055202573
2006_13_SD_BUF,2006,13,0.2574861092195024,-5.916250965724423,0.48770119992262656
2006_13_MIN_CHI,2006,13,0.7953576630513591,9.145394370954923,0.5042965067106822
2006_13_KC_CLE,2006,13,0.30945361627242357,-4.365183042213189,0.48920968961430006
2006_13_NYJ_GB,2006,13,0.529360089166878,0.9936066431145998,0.4998110681274118
2006_13_DET_NE,2006,13,0.8814131521706267,13.461580961171634,0.5136376510352316
2006_13_SF_NO,2006,13,0.797316615972974,7.273418204228934,0.5080793055700371
2006_13_ARI_STL,2006,13,0.6995907907562939,6.078007672282578,0.5023052137398439
2006_13_IND_TEN,2006,13,0.2251098258107673,-7.964387039043686,0.4862794745228485
2006_13_ATL_WAS,2006,13,0.5467554329629243,-0.9818097557301856,0.5005375448395695
2006_13_JAX_MIA,2006,13,0.5015951058042206,0.8524526612864837,0.49563987408086047
2006_13_HOU_OAK,2006,13,0.5833698335929751,2.9766223096797995,0.49930915967217193
2006_13_DAL_NYG,2006,13,0.41756641617444734,-3.0907278575579022,0.4973188958573816
2006_13_TB_PIT,2006,13,0.8142752866665003,9.262531388073242,0.5077576496018928
2006_13_SEA_DEN,2006,13,0.6141428217488077,4.544490896354951,0.5013147605569958
2006_13_CAR_PHI,2006,13,0.43040737780913124,-3.0906866816165035,0.49732011263168996
2006_14_CLE_PIT,2006,14,0.7360343683955768,7.2174221324665915,0.5064248245725906
2006_14_NYG_CAR,2006,14,0.4143034005127965,-3.1079017935129247,0.49681139783415446
2006_14_OAK_CIN,2006,14,0.8819356239551632,10.866116690461373,0.5108178907680933
2006_14_MIN_DET,2006,14,0.5585326628598013,0.8306285006155634,0.4949949866937005
2006_14_TEN_HOU,2006,14,0.5534928579120822,1.024682682557204,0.500729404457751
2006_14_IND_JAX,2006,14,0.47461203293204673,-1.0795928319991301,0.49764794355950803
2006_14_BAL_KC,2006,14,0.6843523873699432,3.0015566831809726,0.5000460019804965
2006_14_NE_MIA,2006,14,0.3574256038712758,-3.254661724224036,0.49247486637302573
2006_14_ATL_TB,2006,14,0.3842084926166698,-4.139977333647664,0.49586356473355603
2006_14_PHI_WAS,2006,14,0.49444216389552137,-2.073416497199979,0.49783045922635205
2006_14_SEA_ARI,2006,14,0.4042224215938346,-3.156625225281567,0.49537162794061707
2006_14_GB_SF,2006,14,0.6505830049914073,3.9260437178579344,0.49781450812798705
2006_14_BUF_NYJ,2006,14,0.6748863356302763,4.593193257786849,0.502753958184766
2006_14_DEN_SD,2006,14,0.8256159562539828,9.254299431647263,0.5075144293195787
2006_14_NO_DAL,2006,14,0.747981359602579,7.665923728108893,0.5049031351080211
2006_14_CHI_STL,2006,14,0.30529783793559107,-6.243025131289328,0.49281868416437125
2006_15_SF_SEA,2006,15,0.8283693627837871,10.30221681921885,0.5089301479541789
2006_15_DAL_ATL,2006,15,0.31764619097782193,-4.229571600918688,0.4932161922932745
2006_15_CLE_BAL,2006,15,0.8303066419477355,13.339060174542409,0.5100186088777406
2006_15_MIA_BUF,2006,15,0.4976876716842769,0.876642802115662,0.49635468762938145
2006_15_PIT_CAR,2006,15,0.4337678052170998,-3.0959792772952532,0.4971637133934744
2006_15_TB_CHI,2006,15,0.8776845446913581,13.342409277900664,0.5101175476497831
2006_15_DET_GB,2006,15,0.6424624763251133,6.084113641531499,0.5024856496926913
2006_15_NYJ_MIN,2006,15,0.6281492923183276,3.591731456600885,0.5027107611017853
2006_15_HOU_NE,2006,15,0.8718570724071957,13.351313826128955,0.510380601600952
2006_15_WAS_NO,2006,15,0.8125646418320063,10.224288433808196,0.5066277054129736
2006_15_JAX_TEN,2006,15,0.33536053764363205,-3.8620302873573316,0.4893028237683688
2006_15_DEN_ARI,2006,15,0.46088150540311507,-2.601977156756463,0.4969864731431497
2006_15_PHI_NYG,2006,15,0.733209791114337,5.660225364920248,0.504734753468262
2006_15_STL_OAK,2006,15,0.5594350577420509,2.91904662400235,0.4976077384535996
2006_15_KC_SD,2006,15,0.81001854662737,9.750268068941502,0.5073953181921821
2006_15_CIN_IND,2006,15,0.5870992422714104,3.482981087030582,0.49949706947025396
2006_16_MIN_GB,2006,16,0.5851459878346689,3.8890160112398804,0.4967203180124973
2006_16_KC_OAK,2006,16,0.23033558125577358,-7.350523292516076,0.48964275178809585
2006_16_CAR_ATL,2006,16,0.6838376462754368,6.013304172940142,0.5003931552764795
2006_16_TEN_BUF,2006,16,0.651296222099579,5.587620297426757,0.502589273766591
2006_16_TB_CLE,2006,16,0.6592732509083694,3.507258912322002,0.5002145101404023
2006_16_CHI_DET,2006,16,0.31556238339130577,-6.360489849175698,0.48934832939226064
2006_16_IND_HOU,2006,16,0.22460195703253974,-9.414804541030906,0.48774392338090927
2006_16_NE_JAX,2006,16,0.6581659672481028,3.0108580222809462,0.5003208684223986
2006_16_NO_NYG,2006,16,0.5960724654117762,3.009176780321706,0.5002711855841734
2006_16_BAL_PIT,2006,16,0.7083010730994803,4.046768942929199,0.501382079364614
2006_16_WAS_STL,2006,16,0.515717127360581,0.967014647175504,0.4990252415716893
2006_16_ARI_SF,2006,16,0.6050356295489893,3.408744252179818,0.4973032963787585
2006_16_CIN_DEN,2006,16,0.5488299382478894,2.8916857079940383,0.4967992083665254
2006_16_SD_SEA,2006,16,0.3243724548417358,-4.318677495779677,0.49058354661442033
2006_16_PHI_DAL,2006,16,0.7714645055187369,6.656004458600772,0.5046100288390499
2006_16_NYJ_MIA,2006,16,0.6277368330813733,2.5354596456020384,0.5010478767120154
2006_17_NYG_WAS,2006,17,0.508115045742861,-1.0942854225360938,0.4972137677269456
2006_17_PIT_CIN,2006,17,0.7294680570253557,6.1079452069151055,0.5031898850464558
2006_17_DET_DAL,2006,17,0.8793763962112064,13.874372669321836,0.5110617737707753
2006_17_CLE_HOU,2006,17,0.6983154200847878,6.069777259954915,0.5020619981674764
2006_17_JAX_KC,2006,17,0.47540618113938876,0.8673240303143877,0.49607931838094144
2006_17_STL_MIN,2006,17,0.48837248922314214,-0.989603726650564,0.5003072231546487
2006_17_CAR_NO,2006,17,0.46464298601831455,-2.9921599690707623,0.5002316829364087
2006_17_OAK_NYJ,2006,17,0.8202585794172343,10.211926175472964,0.5062624325426445
2006_17_SEA_TB,2006,17,0.5688668754955565,2.885607219288071,0.49661958735661066
2006_17_NE_TEN,2006,17,0.5235590827252883,3.17634506647778,0.4904364985768508
2006_17_BUF_BAL,2006,17,0.7798288715520808,9.748249306891658,0.507335671357401
2006_17_SF_DEN,2006,17,0.8079688926540519,10.772657448554595,0.5080568288636099
2006_17_MIA_IND,2006,17,0.7867842107274771,9.718385352246068,0.5064532852423125
2006_17_ATL_PHI,2006,17,0.7170347679226516,7.080317322085347,0.502373465674415
2006_17_ARI_SD,2006,17,0.9027733978801237,13.901425753434683,0.5118608969548246
2006_17_GB_CHI,2006,17,0.6946259706537954,2.6986242616363127,0.5058693894180855
2006_18_KC_IND,2006,18,0.752066734824147,7.153193517473939,0.504526967377465
2006_18_DAL_SEA,2006,18,0.5325043496130605,0.9347338176520581,0.49807130828208923
2006_18_NYJ_NE,2006,18,0.8259724107622669,9.791645290904205,0.5086178213256832
2006_18_NYG_PHI,2006,18,0.6620455073481866,6.50943742744256,0.5002788880384001
2006_19_IND_BAL,2006,19,0.5684713418885614,3.946007257025078,0.49840444958643326
2006_19_PHI_NO,2006,19,0.740861732653679,5.579030346551881,0.502335434562382
2006_19_SEA_CHI,2006,19,0.6562844092806882,3.547345122036789,0.5013991060913295
2006_19_NE_SD,2006,19,0.6761892015949108,5.033479738282962,0.5009893681071695
2006_20_NO_CHI,2006,20,0.5813780867662531,2.4558340372560954,0.49869484159537003
2006_20_NE_IND,2006,20,0.602480959985196,3.4972392901663927,0.49991841749119487
2006_21_IND_CHI,2006,21,0.35167019999529797,-6.687401489283522,0.4944622239663707
2007_01_NO_IND,2007,1,0.6713005966839819,5.5537305183315775,0.5015878014013757
2007_01_DEN_BUF,2007,1,0.4465549922735391,-3.049661001415404,0.49853245715042616
2007_01_PIT_CLE,2007,1,0.34598691450425567,-4.646906415961206,0.49565881304231124
2007_01_PHI_GB,2007,1,0.37906528591825145,-3.0897477818398884,0.49734785770235895
2007_01_KC_HOU,2007,1,0.5889589130194359,2.971264698129804,0.49915083568891105
2007_01_TEN_JAX,2007,1,0.7680359462744839,7.655680107457717,0.5046004444862252
2007_01_ATL_MIN,2007,1,0.5886267943090916,3.000218227684108,0.500006448907403
2007_01_NE_NYJ,2007,1,0.3212349601326768,-6.139529248137086,0.4958768055244563
2007_01_CAR_STL,2007,1,0.55418391964977,1.4893992144386365,0.4996867332495347
2007_01_MIA_WAS,2007,1,0.5770587634878224,2.959420799442182,0.4988008344867237
2007_01_DET_OAK,2007,1,0.5372968207370233,2.966566510155142,0.4990119985891788
2007_01_CHI_SD,2007,1,0.7194889983960582,7.101590551519374,0.5030021025019403
2007_01_TB_SEA,2007,1,0.7084186895931757,6.081524283000419,0.5024091322736396
2007_01_NYG_DAL,2007,1,0.7020216444653267,6.031370553932911,0.5009270391896565
2007_01_BAL_CIN,2007,1,0.6412670479595017,2.526865209621413,0.500793900808584
2007_01_ARI_SF,2007,1,0.6059061606869018,3.455287925826275,0.49867870339101655
2007_02_HOU_CAR,2007,2,0.7045910281507745,6.581839337764586,0.5024184423747835
2007_02_CIN_CLE,2007,2,0.2950400600386827,-7.172126264129125,0.49491358638066457
2007_02_ATL_JAX,2007,2,0.806856981356798,10.104881452386369,0.5030993499912942
2007_02_GB_NYG,2007,2,0.6747263105860158,3.1002790585667457,0.5029633472896852
2007_02_BUF_PIT,2007,2,0.7971608046556141,10.130102996059442,0.5038446505560533
2007_02_SF_STL,2007,2,0.6292215790278348,3.0602420021637164,0.5017802223673026
2007_02_NO_TB,2007,2,0.3488748151794429,-5.100352453334355,0.4970344838608638
2007_02_IND_TEN,2007,2,0.26836979116882154,-7.1896679621298105,0.49439525332385625
2007_02_SEA_ARI,2007,2,0.3867124847394739,-3.083334783396439,0.49753736611953403
2007_02_MIN_DET,2007,2,0.6405791296415136,2.969100750825976,0.4990868884322116
2007_02_DAL_MIA,2007,2,0.4348806870265935,-3.5517519477400317,0.4984706674459816
2007_02_NYJ_BAL,2007,2,0.7829723923714107,9.653226418988217,0.5045279395967153
2007_02_KC_CHI,2007,2,0.8072033033504112,11.561254508462204,0.5018101429215243
2007_02_OAK_DEN,2007,2,0.8026630002485386,10.133958676715396,0.5039585854053931
2007_02_SD_NE,2007,2,0.6277609532860341,3.510559083630657,0.5003120344054116
2007_02_WAS_PHI,2007,2,0.6464624759028283,6.517327053548288,0.5005120364709131
2007_03_ARI_BAL,2007,3,0.6897338233026878,7.057848791403728,0.5017095006024973
2007_03_SD_GB,2007,3,0.2978742378093809,-5.635081222420427,0.4960082435789582
2007_03_IND_HOU,2007,3,0.28913623123660837,-6.645256460373977,0.49570756848738673
2007_03_MIN_KC,2007,3,0.5839994950740299,2.9301205723056643,0.497934982685434
2007_03_BUF_NE,2007,3,0.9056938270673811,16.76457057874302,0.5078178988141682
2007_03_MIA_NYJ,2007,3,0.5610838774582873,2.9501563524064425,0.49852705975872263
2007_03_DET_PHI,2007,3,0.613368285395536,5.0546439775290795,0.5016147950724612
2007_03_SF_PIT,2007,3,0.8145682181938388,10.186130845251332,0.5055002304692042
2007_03_STL_TB,2007,3,0.57939952466919,3.4838372627464884,0.4995223705394788
2007_03_JAX_DEN,2007,3,0.5748632904382845,3.476612741124746,0.4993088769095462
2007_03_CLE_OAK,2007,3,0.5457920676858761,2.960152817247557,0.4988224664539042
2007_03_CIN_SEA,2007,3,0.6155556377096102,3.495668816754035,0.4998720079932341
2007_03_CAR_ATL,2007,3,0.36771780184713293,-4.06214951131778,0.4981634088747163
2007_03_NYG_WAS,2007,3,0.6186663376588812,3.498321758189125,0.499950405806417
2007_03_DAL_CHI,2007,3,0.5953324243538047,2.9607956364036103,0.4988414625013721
2007_03_TEN_NO,2007,3,0.6496296827168674,4.552736543360307,0.5015584283970255
2007_04_HOU_ATL,2007,4,0.40256948016330213,-2.57150183297711,0.4978870391899226
2007_04_NYJ_BUF,2007,4,0.3818911088694833,-3.579179862441118,0.497660147127559
2007_04_BAL_CLE,2007,4,0.4432045364872208,-3.609165531607233,0.4967740539627213
2007_04_STL_DAL,2007,4,0.865809493340485,13.18709879781893,0.5055288319738006
2007_04_CHI_DET,2007,4,0.41744766050159615,-2.6364367320214215,0.49596818856055763
2007_04_OAK_MIA,2007,4,0.6822199401306775,3.606575046598141,0.5031493963332286
2007_04_GB_MIN,2007,4,0.4756776595095606,-1.0016838133681576,0.49995024115976877
2007_04_TB_CAR,2007,4,0.6072653401089885,3.0408846449751925,0.5012081917457029
2007_04_SEA_SF,2007,4,0.4013127861880888,-1.1558270263644377,0.4953952141609675
2007_04_PIT_ARI,2007,4,0.32567896056694196,-5.611570002794495,0.4967030011359557
2007_04_DEN_IND,2007,4,0.8032779388694479,10.16115665370157,0.5047622722942875
2007_04_KC_SD,2007,4,0.8426224632459595,12.153905493004915,0.5045480058048515
2007_04_PHI_NYG,2007,4,0.4727813739793916,-2.027697280158994,0.4991815104921667
2007_04_NE_CIN,2007,4,0.2811047502888268,-7.6448587789659275,0.49571931980364325
2007_05_MIA_HOU,2007,5,0.6684189992872023,4.537647585636721,0.5011125329035838
2007_05_JAX_KC,2007,5,0.43408836456019245,-1.1057665245905115,0.49687449578814535
2007_05_CLE_NE,2007,5,0.898120533147057,15.77170494146414,0.5080286867801591
2007_05_CAR_NO,2007,5,0.6486530566619116,3.525060897212002,0.5007405811659577
2007_05_NYJ_NYG,2007,5,0.6534948443907959,3.6009148280103758,0.5029821345689411
2007_05_SEA_PIT,2007,5,0.6805762660666613,5.541394852541784,0.5012232689623675
2007_05_ARI_STL,2007,5,0.3460008986788312,-3.6371226508242986,0.49594791982229813
2007_05_ATL_TEN,2007,5,0.7495549123717316,9.01816208106953,0.5005367125817057
2007_05_DET_WAS,2007,5,0.6373493325140037,4.089271777548576,0.5026380760707241
2007_05_TB_IND,2007,5,0.8057715554226662,9.168355489105597,0.5049749912507645
2007_05_SD_DEN,2007,5,0.42112844562519286,-1.0952232389466046,0.497186054734224
2007_05_BAL_SF,2007,5,0.3886794175510506,-4.157142847603036,0.4953563325712903
2007_05_CHI_GB,2007,5,0.5612634182436823,2.990896605734139,0.49973098306721614
2007_05_DAL_BUF,2007,5,0.17465761979735073,-10.754239431640478,0.4924873434429532
2007_06_STL_BAL,2007,6,0.7667176517788561,9.141848417344072,0.504191725172626
2007_06_MIN_CHI,2007,6,0.7014106965412502,4.5260445981722075,0.5007696507364182
2007_06_MIA_CLE,2007,6,0.6603783831681205,4.006919754919962,0.5002044876064227
2007_06_WAS_GB,2007,6,0.5741450229938196,2.979566001036399,0.4993961494050771
2007_06_HOU_JAX,2007,6,0.6906269273828114,6.576182105124509,0.5022512667732628
2007_06_CIN_KC,2007,6,0.4504388742965264,-1.0860171436926773,0.4974581004986458
2007_06_PHI_NYJ,2007,6,0.37186362929734434,-4.1318013283726,0.49610516391132203
2007_06_TEN_TB,2007,6,0.5219110105397207,0.9887157435532857,0.4996665358166466
2007_06_CAR_ARI,2007,6,0.6722949215408159,6.040979592971852,0.5012109975676432
2007_06_NE_DAL,2007,6,0.4015018698794289,-5.057047095128791,0.49831419033411456
2007_06_OAK_SD,2007,6,0.8196864621443845,9.674376900702132,0.5051529173341508
2007_06_NO_SEA,2007,6,0.6628482516011461,5.523185268345687,0.5006851540206312
2007_06_NYG_ATL,2007,6,0.35267679244707417,-4.608013697808508,0.49680809102471596
2007_07_BAL_BUF,2007,7,0.38106906068273955,-3.1493384033959972,0.49558694902651523
2007_07_TB_DET,2007,7,0.5872355766993055,2.4216573518849307,0.49768488746149586
2007_07_TEN_HOU,2007,7,0.5897901638776802,2.000268139944966,0.5000079238786004
2007_07_NE_MIA,2007,7,0.11713864360703477,-15.748338866798987,0.4926616824802964
2007_07_ATL_NO,2007,7,0.7647049638277748,9.086421584528267,0.5025538510019949
2007_07_SF_NYG,2007,7,0.8103121642478692,9.727078388758562,0.506710140633037
2007_07_ARI_WAS,2007,7,0.7613898287000177,9.04257657201408,0.5012581901165122
2007_07_NYJ_CIN,2007,7,0.7137671372735866,6.071815855764722,0.5021222404546792
2007_07_KC_OAK,2007,7,0.5228482187830749,0.955788824187459,0.49869350549847524
2007_07_MIN_DAL,2007,7,0.8078380383429776,9.618916379846343,0.5035140857968631
2007_07_CHI_PHI,2007,7,0.6370601961649793,5.563445336453064,0.5018748840024195
2007_07_STL_SEA,2007,7,0.8009003788395352,9.109143180320382,0.5032252855497321
2007_07_PIT_DEN,2007,7,0.34025066534831877,-4.146927097167915,0.4956582019223701
2007_07_IND_JAX,2007,7,0.3923905003555697,-3.092997168648434,0.4972518363624954
2007_08_IND_CAR,2007,8,0.24015582864653132,-7.2285555562095505,0.4932462133931128
2007_08_DET_CHI,2007,8,0.6938963440961197,6.089796692219372,0.502653587630005
2007_08_PIT_CIN,2007,8,0.380802143167184,-4.08129874351707,0.49759753258559986
2007_08_NYG_MIA,2007,8,0.2318131425456365,-10.164347128433814,0.49514345194495046
2007_08_PHI_MIN,2007,8,0.5117749816001862,0.9419333612498928,0.49828406178889306
2007_08_CLE_STL,2007,8,0.3770628450414178,-3.071912781721624,0.49787489529980905
2007_08_OAK_TEN,2007,8,0.7402123715316045,7.121058723351422,0.5035773922891074
2007_08_BUF_NYJ,2007,8,0.645188608409278,3.0385923960096446,0.5011404531481749
2007_08_HOU_SD,2007,8,0.8188874890963046,10.1757264956402,0.505192796239361
2007_08_JAX_TB,2007,8,0.5772855433878469,3.4259436467170583,0.49781155094211477
2007_08_WAS_NE,2007,8,0.889634918039038,15.196098349863766,0.5057947534683049
2007_08_NO_SF,2007,8,0.45077102154040577,-1.1718931700952102,0.49492047404862266
2007_08_GB_DEN,2007,8,0.582381775087048,2.9625047638884676,0.4988919692024619
2007_09_SF_ATL,2007,9,0.6043690777008625,3.578989097024602,0.5023342156069267
2007_09_CIN_BUF,2007,9,0.42024645396091037,-1.1084673665711586,0.4967946849629846
2007_09_DEN_DET,2007,9,0.6196705863263431,2.954868998026155,0.4986663236068206
2007_09_GB_KC,2007,9,0.4897715558887325,0.918056417420142,0.49757847711416564
2007_09_SD_MIN,2007,9,0.27396433095529504,-7.125705793837701,0.49628528656558946
2007_09_JAX_NO,2007,9,0.630385512437393,3.5311259787143228,0.5009198116982455
2007_09_WAS_NYJ,2007,9,0.38870089919316547,-3.588085030686556,0.4973969930615058
2007_09_ARI_TB,2007,9,0.6015454064443397,3.4873952754998596,0.49962751431071867
2007_09_CAR_TEN,2007,9,0.6932812537243023,5.055869301906417,0.5016510046729337
2007_09_SEA_CLE,2007,9,0.5049177036381804,0.9584403004918264,0.4987718596217588
2007_09_NE_IND,2007,9,0.4054675120882775,-5.022652011862535,0.4993306043683204
2007_09_HOU_OAK,2007,9,0.48697233709578397,2.9032230167155944,0.49714014076113233
2007_09_DAL_PHI,2007,9,0.39488279862994513,-3.0639108562709003,0.4981113594441213
2007_09_BAL_PIT,2007,9,0.8057959991448088,9.595483600163538,0.5028216390810855
2007_10_ATL_CAR,2007,10,0.6372215245157338,3.5450043995160385,0.5013299351493437
2007_10_MIN_GB,2007,10,0.6680980056963383,5.4986427395285595,0.49995989121580275
2007_10_DEN_KC,2007,10,0.5765705326434891,2.982540669413779,0.49948405457654177
2007_10_BUF_MIA,2007,10,0.5179258373525937,-0.9927432830372954,0.5002144452647344
2007_10_STL_NO,2007,10,0.8250457462809805,10.70448770955848,0.5060426424974664
2007_10_CLE_PIT,2007,10,0.7886767685100708,10.133103454548605,0.5039333137319242
2007_10_JAX_TEN,2007,10,0.6408748462655486,4.501104705243869,0.5000326454539754
2007_10_PHI_WAS,2007,10,0.5817558204571961,2.923754140398891,0.4977468492303691
2007_10_CIN_BAL,2007,10,0.5806812006334552,3.0105735830955562,0.5003124628830279
2007_10_DET_ARI,2007,10,0.5604559993194071,2.0169550608857274,0.5005010436204342
2007_10_DAL_NYG,2007,10,0.45683501924624687,-1.0727800546267887,0.49784926664334567
2007_10_CHI_OAK,2007,10,0.3650178181642226,-3.609108877060369,0.49677572812239246
2007_10_IND_SD,2007,10,0.33466797445964325,-3.6713843951619567,0.4949355077840304
2007_10_SF_SEA,2007,10,0.8051552401429272,9.664263757561951,0.5048540845215344
2007_11_TB_ATL,2007,11,0.41476136726180046,-3.059380256811313,0.4982452430609856
2007_11_CLE_BAL,2007,11,0.476963460169075,-1.0006767222358397,0.4999800019917147
2007_11_ARI_CIN,2007,11,0.622637554422796,3.0038362444463673,0.5001133659323714
2007_11_NYG_DET,2007,11,0.44544505899245435,-2.6702469022554967,0.4949691194647304
2007_11_CAR_GB,2007,11,0.8023466352626513,10.128685794438736,0.5038027723577939
2007_11_NO_HOU,2007,11,0.5054094488118361,0.8642296230990951,0.49598787920660165
2007_11_KC_IND,2007,11,0.9092502844776336,14.807544428525675,0.509087545484157
2007_11_SD_JAX,2007,11,0.5781077012177458,2.986378716697542,0.4995974737110633
2007_11_OAK_MIN,2007,11,0.6279820016808552,4.587912322982065,0.5025979033131827
2007_11_MIA_PHI,2007,11,0.7798968522824419,9.628439940991989,0.5037955074031829
2007_11_PIT_NYJ,2007,11,0.21675902786529402,-9.737547826424851,0.49298051989595787
2007_11_WAS_DAL,2007,11,0.8382512153466944,11.208561481835929,0.5061630135961641
2007_11_CHI_SEA,2007,11,0.713869477692553,6.08623977918044,0.5025484785311033
2007_11_STL_SF,2007,11,0.46370207618396847,-3.0678768316867826,0.4979941611905349
2007_11_NE_BUF,2007,11,0.10630461101273143,-15.793377676496329,0.4913309964785519
2007_11_TEN_DEN,2007,11,0.5258330957627084,0.9752792060441019,0.4992694693035191
2007_12_GB_DET,2007,12,0.43630732538715483,-3.641857664386886,0.4958080015805074
2007_12_NYJ_DAL,2007,12,0.886377065065182,14.272354249615121,0.5080478707720594
2007_12_IND_ATL,2007,12,0.12818155800804873,-13.777413135749518,0.49180266365552355
2007_12_NO_CAR,2007,12,0.37025949311478695,-3.1245161290674743,0.49632044117266505
2007_12_TEN_CIN,2007,12,0.5639458732951406,1.032420164520044,0.5009580564394625
2007_12_HOU_CLE,2007,12,0.6130984406249601,3.0503445573390824,0.5014877426635277
2007_12_BUF_JAX,2007,12,0.7935419704501249,9.649284864774629,0.5044114689354576
2007_12_OAK_KC,2007,12,0.621552926178403,4.0394341808604715,0.5011653288641491
2007_12_MIN_NYG,2007,12,0.7565491438880246,7.104527837545423,0.5030889005344
2007_12_SEA_STL,2007,12,0.3394845271210091,-3.131559845102526,0.49611229971159027
2007_12_WAS_TB,2007,12,0.6075904257431683,3.5336048247526963,0.5009930645610549
2007_12_SF_ARI,2007,12,0.780374641281635,10.177567242225644,0.5052471880005598
2007_12_DEN_CHI,2007,12,0.5461181974512342,0.9563368300860099,0.49870969968847184
2007_12_BAL_SD,2007,12,0.7638564682678495,9.07401866853827,0.5021873354421899
2007_12_PHI_NE,2007,12,0.9620140369431468,24.258911591490225,0.507650699926669
2007_12_MIA_PIT,2007,12,0.8798806177864885,15.196560127689553,0.5058083981511705
2007_13_GB_DAL,2007,13,0.7457550170889043,7.121956573343747,0.5036039238309659
2007_13_SF_CAR,2007,13,0.605464014805713,3.0763292287764115,0.5022556143961403
2007_13_JAX_IND,2007,13,0.7526990902153768,7.1136916195044995,0.5033596931715039
2007_13_SD_KC,2007,13,0.2825820957683842,-6.171831483691392,0.49492229681310523
2007_13_NYJ_MIA,2007,13,0.5356649252489187,1.0295351497047724,0.5008728007833806
2007_13_DET_MIN,2007,13,0.6186442126448763,5.580037570634326,0.5023651988067453
2007_13_SEA_PHI,2007,13,0.5850228863278735,3.0236633947751868,0.5006992832473688
2007_13_ATL_STL,2007,13,0.5654012481796347,2.9757873388771916,0.4992844852545003
2007_13_HOU_TEN,2007,13,0.5986567869745052,3.505706037798356,0.5001686207158188
2007_13_BUF_WAS,2007,13,0.7372623176165628,6.584199241751307,0.5024881792396073
2007_13_CLE_ARI,2007,13,0.5150829227145084,0.9939656561634169,0.4998216774214275
2007_13_DEN_OAK,2007,13,0.38392001913447354,-3.6198901234124485,0.4964571399598484
2007_13_NYG_CHI,2007,13,0.41907741716645647,-1.1444199600513372,0.4957322867200101
2007_13_TB_NO,2007,13,0.7290086140618987,5.6291214855798755,0.5038156470017929
2007_13_CIN_PIT,2007,13,0.6897670709762609,7.054470013014563,0.5016096542403572
2007_13_NE_BAL,2007,13,0.07743147454450945,-19.29497084331133,0.4912839275361886
2007_14_CHI_WAS,2007,14,0.6122873195792786,3.0344421095866116,0.5010178073210633
2007_14_MIA_BUF,2007,14,0.7069967550231716,7.055180171649289,0.5016306401639773
2007_14_STL_CIN,2007,14,0.8330633350151022,10.171008931398193,0.5050533976732591
2007_14_DAL_DET,2007,14,0.2085079788753804,-10.277430283679585,0.49180215701922586
2007_14_OAK_GB,2007,14,0.8180834822323321,10.683197476352891,0.5054135537730571
2007_14_TB_HOU,2007,14,0.49501178953189195,-3.0257667486023476,0.49923856005890926
2007_14_CAR_JAX,2007,14,0.8370101617311865,11.15952298321511,0.5047139986452449
2007_14_NYG_PHI,2007,14,0.5779406553847123,2.9943180687116797,0.49983209166234643
2007_14_SD_TEN,2007,14,0.45127204499423784,-1.109642093572588,0.49675997140907285
2007_14_ARI_SEA,2007,14,0.7463487633419851,7.550582108690475,0.50149476256099
2007_14_MIN_SF,2007,14,0.299093429519865,-7.713081471910718,0.49370343119821686
2007_14_KC_DEN,2007,14,0.7246059683815265,7.569224705843714,0.5020456697025937
2007_14_PIT_NE,2007,14,0.8353499700213047,11.14982852662327,0.5044275338531482
2007_14_CLE_NYJ,2007,14,0.4025756499392088,-3.0988824152520658,0.4970779241851731
2007_14_IND_BAL,2007,14,0.23631390501746954,-8.661337777648152,0.4952323756430362
2007_14_NO_ATL,2007,14,0.34994924216299456,-4.162394241212161,0.49520115803645465
2007_15_DEN_HOU,2007,15,0.49741640586058244,-2.523282158408904,0.49931198275821886
2007_15_CIN_SF,2007,15,0.264346515221296,-9.193775167871491,0.49427389237629293
2007_15_SEA_CAR,2007,15,0.27091841345563267,-7.152995635234512,0.49547887992000217
2007_15_BUF_CLE,2007,15,0.7143190136387455,4.585405214373858,0.5025238165711575
2007_15_TEN_KC,2007,15,0.3576788767079515,-3.6038670478941213,0.49693062606399063
2007_15_BAL_MIA,2007,15,0.3691604632424059,-3.113626688730523,0.4966422255479771
2007_15_NYJ_NE,2007,15,0.9434978185726641,20.82765126314856,0.5096815637238058
2007_15_ARI_NO,2007,15,0.6793288290750007,4.097610192436519,0.5028844809977211
2007_15_JAX_PIT,2007,15,0.5903733775395438,3.494319906257143,0.4998321459641622
2007_15_GB_STL,2007,15,0.252751871557395,-7.195575904536351,0.4942206838354878
2007_15_ATL_TB,2007,15,0.8495986460755142,13.15386168688454,0.504546711362019
2007_15_IND_OAK,2007,15,0.18901719354615903,-9.78869096773127,0.49146946254109086
2007_15_PHI_DAL,2007,15,0.7946692572438648,10.093974838937942,0.502777054353278
2007_15_DET_SD,2007,15,0.7901421539970475,9.663106382189758,0.5048198851117632
2007_15_WAS_NYG,2007,15,0.7249054810900364,6.113237133616003,0.5033462630061067
2007_15_CHI_MIN,2007,15,0.7823785612443344,10.626622430836164,0.5037418000481589
2007_16_PIT_STL,2007,16,0.2173530383352117,-9.188930526315284,0.4944170433538169
2007_16_DAL_CAR,2007,16,0.1737517653198822,-10.728573862707862,0.49324567249018514
2007_16_NYG_BUF,2007,16,0.38196016004884076,-1.134655536652205,0.4960208225105626
2007_16_GB_CHI,2007,16,0.24219121589374565,-9.169752498348977,0.49498372857466905
2007_16_CLE_CIN,2007,16,0.5174343822242261,-0.9785082771676726,0.5006351076514702
2007_16_KC_DET,2007,16,0.7277548262403986,6.034961576173828,0.5010331581729317
2007_16_HOU_IND,2007,16,0.7097365166578212,6.627058626676487,0.5037546896246431
2007_16_OAK_JAX,2007,16,0.8746019279940606,14.226390438207064,0.5066898136807281
2007_16_PHI_NO,2007,16,0.5924024475333488,3.000652730609981,0.500019289025032
2007_16_ATL_ARI,2007,16,0.8143483932497765,11.154671276009573,0.5045706341949893
2007_16_TB_SF,2007,16,0.36902608506669854,-6.616722909614699,0.4965507315875921
2007_16_MIA_NE,2007,16,0.9578471573843219,22.340507193716977,0.5100613566043535
2007_16_BAL_SEA,2007,16,0.8083457202510284,12.576975870306136,0.5022747231730329
2007_16_NYJ_TEN,2007,16,0.7215007527911383,9.025108004271292,0.500741973237455
2007_16_WAS_MIN,2007,16,0.6761382473723332,6.087523608505807,0.502586416545327
2007_16_DEN_SD,2007,16,0.7789615580091949,9.102504910083539,0.5030291221959506
2007_17_NE_NYG,2007,17,0.15917757537319152,-13.204464515187466,0.49395804284726863
2007_17_SEA_ATL,2007,17,0.36060033640918815,-2.203146340900978,0.493996992145995
2007_17_NO_CHI,2007,17,0.49019168896710263,0.8832061699378994,0.4965486358759735
2007_17_SF_CLE,2007,17,0.7894444983138678,11.594238208399263,0.5027848370688863
2007_17_DET_GB,2007,17,0.6721310019887813,3.6609580364004097,0.5047564033164801
2007_17_JAX_HOU,2007,17,0.6580610666488186,6.885172070214041,0.4966067286078706
2007_17_CIN_MIA,2007,17,0.41241601172652687,-1.1409663004873905,0.495834341079617
2007_17_BUF_PHI,2007,17,0.8332087269379983,9.729305975918168,0.5067759592815267
2007_17_CAR_TB,2007,17,0.4641469332427969,-2.978754759933158,0.5006278237793695
2007_17_STL_ARI,2007,17,0.7220982540023874,6.09211122831218,0.5027219835818196
2007_17_PIT_BAL,2007,17,0.4324027354253984,-3.0871046222309517,0.4974259647764433
2007_17_MIN_DEN,2007,17,0.43294577347915225,-3.0806109256935534,0.4976178581172549
2007_17_KC_NYJ,2007,17,0.6792665147717969,4.053564913169554,0.5015829075955
2007_17_SD_OAK,2007,17,0.2100628770777423,-9.25123492072508,0.49257611502821963
2007_17_DAL_WAS,2007,17,0.6565229656721254,8.868371519921176,0.4961102715565437
2007_17_TEN_IND,2007,17,0.45695933250847615,-3.9035480664593245,0.5028502538488515
2007_18_WAS_SEA,2007,18,0.6402562292845981,3.072110572937713,0.50213094960065
2007_18_JAX_PIT,2007,18,0.4426012806884118,-2.552291112993945,0.4984547345408767
2007_18_NYG_TB,2007,18,0.5443633463455408,2.9425809019419544,0.4983031972701717
2007_18_TEN_SD,2007,18,0.7877424407851241,10.624035718369464,0.503665362677798
2007_19_SEA_GB,2007,19,0.7238215074290507,8.981310418166155,0.49944769911001274
2007_19_JAX_NE,2007,19,0.8721712227827574,13.64497701353402,0.5042841739778825
2007_19_SD_IND,2007,19,0.7938406677627168,10.585071615262684,0.5025139584869092
2007_19_NYG_DAL,2007,19,0.7109346848542809,7.05762324111813,0.5017028353638026
2007_20_SD_NE,2007,20,0.8861248299295974,14.183611910608498,0.50542579970565
2007_20_NYG_GB,2007,20,0.7044478180458967,7.540998273160924,0.501211549588597
2007_21_NYG_NE,2007,21,0.8604881253909438,12.684201377540605,0.5054432175917615
2008_01_WAS_NYG,2008,1,0.6772541675572422,4.592728682377676,0.5027402297122404
2008_01_DET_ATL,2008,1,0.4106554904559438,-2.99044542465343,0.50028234990806
2008_01_CIN_BAL,2008,1,0.42841103757222665,-2.106263553837676,0.4968598083905663
2008_01_SEA_BUF,2008,1,0.4515744425805811,0.8035929985160865,0.494196126444967
2008_01_NYJ_MIA,2008,1,0.39149790102138066,-3.108187647702788,0.49680295074747727
2008_01_KC_NE,2008,1,0.9293862124957244,16.488530776806897,0.514433559517
2008_01_TB_NO,2008,1,0.6172177078035883,3.05380497844243,0.5015900017755106
2008_01_STL_PHI,2008,1,0.7879062683489033,8.272194682924999,0.5080431563310545
2008_01_HOU_PIT,2008,1,0.7179231773354599,6.661135912629534,0.5047616594127249
2008_01_JAX_TEN,2008,1,0.4122447789223541,-3.1735080404956193,0.4948727564659254
2008_01_DAL_CLE,2008,1,0.3297443365615975,-6.161721803751862,0.49522102799243095
2008_01_CAR_SD,2008,1,0.7741733682315247,9.659884275319847,0.5047246745423508
2008_01_ARI_SF,2008,1,0.49004585543921514,-2.6596142688115876,0.4952833039369656
2008_01_CHI_IND,2008,1,0.8314292064960457,10.27302651483549,0.5080677330174158
2008_01_MIN_GB,2008,1,0.5935906004738494,2.500841129704399,0.50002485645942
2008_01_DEN_OAK,2008,1,0.38856297527950723,-3.1761832411221147,0.49479370749340384
2008_02_CHI_CAR,2008,2,0.5997091014165041,3.0035291959746817,0.5001042922573398
2008_02_TEN_CIN,2008,2,0.5448893354388011,0.9894143412024639,0.4996871802646309
2008_02_GB_DET,2008,2,0.44811212101547054,-3.2654720222284137,0.49215546750956385
2008_02_BUF_JAX,2008,2,0.6814582134772926,4.147114756756833,0.5043473433298444
2008_02_OAK_KC,2008,2,0.6108272603609345,3.582290406296969,0.5024317717810144
2008_02_IND_MIN,2008,2,0.4332080727970292,-1.074890110976382,0.49778691270994313
2008_02_NYG_STL,2008,2,0.22693206783935066,-8.316024363983447,0.49066192839502576
2008_02_NO_WAS,2008,2,0.5361983339371209,0.9216383868965624,0.49768432703125287
2008_02_SF_SEA,2008,2,0.6905032575421874,6.685318160582799,0.5054762168695697
2008_02_ATL_TB,2008,2,0.725768572348061,7.087446502141798,0.5025841380014165
2008_02_MIA_ARI,2008,2,0.6646914932883368,6.638587186432837,0.5040953568231838
2008_02_SD_DEN,2008,2,0.5366871559577678,0.9541605576647325,0.49864538840614697
2008_02_NE_NYJ,2008,2,0.49022259811301583,0.7934236186488131,0.49389564173047074
2008_02_PIT_CLE,2008,2,0.3196605183459735,-6.726386516953187,0.49331030218105104
2008_02_PHI_DAL,2008,2,0.70134590685892,6.540109313371781,0.5011852798074662
2008_03_KC_ATL,2008,3,0.7043883939257878,6.599475871850937,0.5029396127437012
2008_03_OAK_BUF,2008,3,0.7600608098906384,10.154970139731699,0.5045794654197736
2008_03_TB_CHI,2008,3,0.5593920164028893,2.9283638749435896,0.49788307074284827
2008_03_CAR_MIN,2008,3,0.6025067398111098,3.0500020425712715,0.501477620983614
2008_03_MIA_NE,2008,3,0.8606061463548385,12.907072379088607,0.5120276871752389
2008_03_CIN_NYG,2008,3,0.8535056443125008,13.239570515505008,0.5070792438235898
2008_03_HOU_TEN,2008,3,0.6610642371452691,5.126944033715346,0.5037513034058045
2008_03_ARI_WAS,2008,3,0.6391869661427828,3.0039202040490265,0.5001158470459984
2008_03_NO_DEN,2008,3,0.705320171433676,5.589290604842583,0.5026386324291946
2008_03_STL_SEA,2008,3,0.7889146739320317,8.240358817402818,0.5071025354738539
2008_03_DET_SF,2008,3,0.6390086088847158,5.0835635133988175,0.502469393015683
2008_03_CLE_BAL,2008,3,0.5772781382182278,2.5554032646068747,0.5016372327911449
2008_03_JAX_IND,2008,3,0.669955941840903,4.0480267794769045,0.5014192498155566
2008_03_PIT_PHI,2008,3,0.637578716890664,3.5582500346111305,0.5017213577432613
2008_03_DAL_GB,2008,3,0.3668633202733927,-3.1472014767593235,0.4956500941353265
2008_03_NYJ_SD,2008,3,0.7258841099357747,8.0957970043344,0.5028309003430882
2008_04_ATL_CAR,2008,4,0.7466452457375223,7.067994953330483,0.5020093294110375
2008_04_CLE_CIN,2008,4,0.5529551316370729,1.0569197831839359,0.5016820474684672
2008_04_HOU_JAX,2008,4,0.6749355468069441,6.677462475234758,0.505244092269516
2008_04_DEN_KC,2008,4,0.2392385360088868,-9.325364051443573,0.4903860065441694
2008_04_SF_NO,2008,4,0.6187555763325091,4.111803778157636,0.5033039069888497
2008_04_ARI_NYJ,2008,4,0.5821982443650743,1.4077235447178853,0.49727313386358013
2008_04_GB_TB,2008,4,0.5741609757688947,1.989084011445155,0.49967741860056614
2008_04_MIN_TEN,2008,4,0.6243159962719317,2.96250639726568,0.4988920174706632
2008_04_SD_OAK,2008,4,0.27515276490586127,-8.285422453045213,0.4915660295005181
2008_04_BUF_STL,2008,4,0.2849264064792688,-8.708781720578628,0.49383047884452846
2008_04_WAS_DAL,2008,4,0.8030593868534793,10.209578388840171,0.5061930608963648
2008_04_PHI_CHI,2008,4,0.3527362482436829,-3.2245044282222057,0.4933659125573179
2008_04_BAL_PIT,2008,4,0.6984900647407725,6.078503162568371,0.5023198558660283
2008_05_TEN_BAL,2008,5,0.4577948932538406,-1.035279897629268,0.49895743505243184
2008_05_KC_CAR,2008,5,0.7790403890407914,10.156874930809082,0.504635750679949
2008_05_CHI_DET,2008,5,0.4810902875843419,-3.719165091108032,0.49352367550172055
2008_05_ATL_GB,2008,5,0.6493064735114807,5.0525895348127365,0.501554084139324
2008_05_IND_HOU,2008,5,0.3882599619909318,-4.216296541598133,0.4936084337870654
2008_05_SD_MIA,2008,5,0.38033487138528654,-6.171584533815372,0.49492959390777413
2008_05_SEA_NYG,2008,5,0.6997590276870713,6.578733385103951,0.5023266591212825
2008_05_WAS_PHI,2008,5,0.6991375998211701,6.612957598621802,0.5033380026790911
2008_05_TB_DEN,2008,5,0.6379922675835771,3.5012153025590953,0.5000359137461962
2008_05_BUF_ARI,2008,5,0.5844044252308244,1.0424339644707477,0.5012539759019533
2008_05_CIN_DAL,2008,5,0.8912215610910119,16.28837789832471,0.50852128797004
2008_05_NE_SF,2008,5,0.3961723173164035,-3.2047018274956884,0.49395103077001273
2008_05_PIT_JAX,2008,5,0.6533024743606768,5.496325479281686,0.4998914132106188
2008_05_MIN_NO,2008,5,0.635100848770891,3.0146142599916894,0.5004318700050913
2008_06_CHI_ATL,2008,6,0.4287536031627171,-3.0659006467427172,0.498052559268336
2008_06_MIA_HOU,2008,6,0.600638756865931,2.9090330204979424,0.4973118296578481
2008_06_BAL_IND,2008,6,0.6628992666747715,4.061137449850612,0.5018066837252539
2008_06_DET_MIN,2008,6,0.8194870197239802,13.352664737195212,0.5104205091849382
2008_06_OAK_NO,2008,6,0.7607725657071629,7.246366002169246,0.5072800266298725
2008_06_CIN_NYJ,2008,6,0.7713593013357324,9.6306922504145,0.5038620629642175
2008_06_CAR_TB,2008,6,0.5385639849297819,1.0410255367029204,0.5012123552574435
2008_06_STL_WAS,2008,6,0.8556855653760895,12.3756070890884,0.5110982383848659
2008_06_JAX_DEN,2008,6,0.6449306579967544,3.547996933813166,0.5014183678435675
2008_06_DAL_ARI,2008,6,0.3701790869555395,-4.6499856304194385,0.49556782381479514
2008_06_GB_SEA,2008,6,0.5737420917992463,0.9713049653233929,0.499152025633333
2008_06_PHI_SF,2008,6,0.40515122068195425,-4.752790104344926,0.49253016536854166
2008_06_NE_SD,2008,6,0.6407877862155796,5.940421334816733,0.49823937989653344
2008_06_NYG_CLE,2008,6,0.22492333217493632,-9.321051862290359,0.4905134007372374
2008_07_SD_BUF,2008,7,0.39443984571017854,-1.159794955083406,0.49527796479996405
2008_07_NO_CAR,2008,7,0.5724443664431553,2.9149915145198584,0.49748790704195983
2008_07_MIN_CHI,2008,7,0.5778005084019349,2.989924178971755,0.4997022466189087
2008_07_PIT_CIN,2008,7,0.22338339361362597,-9.293773297775145,0.49131930812741104
2008_07_TEN_KC,2008,7,0.23690437838988224,-9.281713163412853,0.49167561957797085
2008_07_BAL_MIA,2008,7,0.6279957517615622,3.0193839244663314,0.5005728195831538
2008_07_SF_NYG,2008,7,0.7932138850376466,10.302562667109942,0.5089403656384957
2008_07_DAL_STL,2008,7,0.22074582305332763,-9.379672054629737,0.48878168367058833
2008_07_DET_HOU,2008,7,0.801675035547161,11.197494605827313,0.5058360102354116
2008_07_IND_GB,2008,7,0.4271825900974457,-1.1451396438773935,0.49571102036472897
2008_07_NYJ_OAK,2008,7,0.3226968678951272,-3.280878893305296,0.49170026797615923
2008_07_CLE_WAS,2008,7,0.7414391998233875,7.1547641893912495,0.5045733797240384
2008_07_SEA_TB,2008,7,0.7678013898695057,10.695900857559973,0.5057889179329904
2008_07_DEN_NE,2008,7,0.6003375476272402,3.047801775619706,0.5014126007054439
2008_08_OAK_BAL,2008,8,0.80028631912957,9.291475612406138,0.5086128082781347
2008_08_ARI_CAR,2008,8,0.653603601604908,4.951364443962017,0.49856276017310247
2008_08_TB_DAL,2008,8,0.5509644610471149,0.9039662238537247,0.49716210292339164
2008_08_WAS_DET,2008,8,0.3042444025137187,-7.405024076586642,0.4880328154120526
2008_08_BUF_MIA,2008,8,0.6320377919931427,1.0388732531307265,0.5011487528014479
2008_08_STL_NE,2008,8,0.8225613642538587,9.348625007864682,0.5103011702744538
2008_08_SD_NO,2008,8,0.4596769015974252,-2.9921344255102875,0.5002324377811895
2008_08_KC_NYJ,2008,8,0.8881096913984498,14.36288693149502,0.5107224820398434
2008_08_ATL_PHI,2008,8,0.8081647506809818,9.716041639915892,0.5063840345075729
2008_08_CIN_HOU,2008,8,0.8120580582834868,9.17554305721322,0.5051873758577825
2008_08_CLE_JAX,2008,8,0.7000474624380838,7.115179091021476,0.5034036482796054
2008_08_NYG_PIT,2008,8,0.5909017218085906,2.965420319320639,0.4989781272903346
2008_08_SEA_SF,2008,8,0.6505843125893874,4.941814029426671,0.49828053541345585
2008_08_IND_TEN,2008,8,0.6257139939271236,3.9726272750595215,0.4991911014943642
2008_09_NYJ_BUF,2008,9,0.5525847540297608,4.910496823070587,0.49735508593127
2008_09_DET_CHI,2008,9,0.785618628781357,12.783813893018962,0.5083864460548695
2008_09_JAX_CIN,2008,9,0.2734466427004953,-7.260475652318808,0.4923030886247862
2008_09_BAL_CLE,2008,9,0.5342171037969698,0.9181006669501035,0.49757978472034103
2008_09_TB_KC,2008,9,0.23100657105596195,-9.932770406087366,0.48721327063753406
2008_09_HOU_MIN,2008,9,0.6456405855411699,6.548128220702546,0.5014222475146124
2008_09_ARI_STL,2008,9,0.3352788132972648,-3.2582802358128733,0.49236795401914757
2008_09_GB_TEN,2008,9,0.6832280396721236,3.6004200330959706,0.5029675131523835
2008_09_MIA_DEN,2008,9,0.5709896553276146,3.9409396604610385,0.4982546969349259
2008_09_DAL_NYG,2008,9,0.7834880864590035,9.653952037073399,0.5045493811522466
2008_09_ATL_OAK,2008,9,0.4112855109126684,-3.2162629810559964,0.49360942541677827
2008_09_PHI_SEA,2008,9,0.3141038936292018,-7.243357420353575,0.49280886619032904
2008_09_NE_IND,2008,9,0.6755403295883705,6.49228190127608,0.4997719203157371
2008_09_PIT_WAS,2008,9,0.5057443982787442,0.942316999060003,0.49829539867307093
2008_10_DEN_CLE,2008,10,0.6123587877676941,3.032900638072776,0.5009722550064135
2008_10_NO_ATL,2008,10,0.44426846374753654,0.9090911367990165,0.4973135470299716
2008_10_TEN_CHI,2008,10,0.4380158092905816,-1.118854508853579,0.49648774249927496
2008_10_JAX_DET,2008,10,0.3905854937731761,-5.770664845336831,0.49200204319106783
2008_10_BAL_HOU,2008,10,0.6469131989467296,2.4359986456665395,0.4981086851405434
2008_10_SEA_MIA,2008,10,0.7620686575965857,9.121687115317016,0.5035959613255606
2008_10_GB_MIN,2008,10,0.6434596546662221,2.5444857322360113,0.5013146079514995
2008_10_BUF_NE,2008,10,0.7132601668403109,3.7504925501496293,0.5074019507583927
2008_10_STL_NYJ,2008,10,0.8274629405166098,9.777796193203574,0.5082086537895265
2008_10_CAR_OAK,2008,10,0.19547211538533674,-10.396166160411903,0.4882944629492092
2008_10_IND_PIT,2008,10,0.6322864866699257,3.5562881517016725,0.501663382113733
2008_10_KC_SD,2008,10,0.8778322794161062,14.784549984955593,0.5084081936948279
2008_10_NYG_PHI,2008,10,0.5924989471356507,2.9897550546471625,0.49969724878004834
2008_10_SF_ARI,2008,10,0.7511566002339588,9.716347397984512,0.5063930688913207
2008_11_NYJ_NE,2008,11,0.607376944547709,3.0533719154794787,0.501577204311448
2008_11_DEN_ATL,2008,11,0.640403033775635,6.563823767773231,0.5018860670080968
2008_11_DET_CAR,2008,11,0.8516582885205952,14.321059272675184,0.5094868181872014
2008_11_PHI_CIN,2008,11,0.18779302096319775,-9.854711245811496,0.4895190346178445
2008_11_CHI_GB,2008,11,0.5706567667337126,3.4773280153784936,0.49933001414855865
2008_11_HOU_IND,2008,11,0.7546023177071874,9.175516067230863,0.505186578336672
2008_11_NO_KC,2008,11,0.281980650230834,-6.280522721781856,0.4917107910256027
2008_11_OAK_MIA,2008,11,0.8280383207525366,10.367100280098711,0.5108469463852652
2008_11_BAL_NYG,2008,11,0.7268801683204942,7.115113566103347,0.5034017120048341
2008_11_MIN_TB,2008,11,0.6126680199791521,4.559449268771479,0.5017567963110237
2008_11_ARI_SEA,2008,11,0.3998342616074933,-3.1623986717979267,0.49520102711644676
2008_11_STL_SF,2008,11,0.7795414788830886,7.16464732192165,0.5048654184983332
2008_11_TEN_JAX,2008,11,0.48594274885985,-1.035520391918663,0.49895032816277435
2008_11_SD_PIT,2008,11,0.6847930113698674,4.634082427945271,0.5039622422324388
2008_11_DAL_WAS,2008,11,0.47199342989608684,-1.053149856447146,0.49842935776612995
2008_11_CLE_BUF,2008,11,0.5892966697140646,4.467446087197905,0.49903799113904534
2008_12_CIN_PIT,2008,12,0.8558980081586054,11.814051425791796,0.5092797846290321
2008_12_PHI_BAL,2008,12,0.5128013974420994,0.9192762150366718,0.4976145230409097
2008_12_HOU_CLE,2008,12,0.5882655926863888,2.9904801724677434,0.499718676934075
2008_12_SF_DAL,2008,12,0.7564911028478741,9.717508276309692,0.5064273699031622
2008_12_TB_DET,2008,12,0.2632226713171006,-9.40596392557291,0.48800505419734524
2008_12_MIN_JAX,2008,12,0.5519017690159869,1.0265346379781062,0.5007841320124887
2008_12_BUF_KC,2008,12,0.4205584264243856,-3.104103014487897,0.49692365315595466
2008_12_NE_MIA,2008,12,0.4535663896646221,-1.142323830159235,0.49579422654825406
2008_12_CHI_STL,2008,12,0.3084163043413111,-7.2199056054101245,0.49350179524950916
2008_12_NYJ_TEN,2008,12,0.6393541073251425,5.472212447144041,0.49917884282405245
2008_12_OAK_DEN,2008,12,0.7889118462622186,9.291217550796809,0.5086051840029603
2008_12_NYG_ARI,2008,12,0.4258008292183442,-3.123466819181111,0.4963514483150999
2008_12_CAR_ATL,2008,12,0.4652548284451119,0.9611465747351041,0.49885183313493975
2008_12_WAS_SEA,2008,12,0.43509481630140634,-3.129529911224688,0.49617228405140446
2008_12_IND_SD,2008,12,0.5624872766089142,2.925550425490633,0.49779993092730757
2008_12_GB_NO,2008,12,0.6016603576701798,1.0151844986001428,0.5004487212756292
2008_13_TEN_DET,2008,13,0.21741756171132237,-11.365464107590883,0.4892013868132363
2008_13_SEA_DAL,2008,13,0.80438758031927,11.722763594601862,0.5065826506389225
2008_13_ARI_PHI,2008,13,0.6021583100497163,3.0267534900551496,0.5007905993589065
2008_13_SF_BUF,2008,13,0.6333697654164352,6.54468943041244,0.501320627460521
2008_13_BAL_CIN,2008,13,0.2653371482252987,-7.276152123714319,0.4918399203440523
2008_13_IND_CLE,2008,13,0.38286658823475256,-4.159743389903424,0.49527948851032727
2008_13_CAR_GB,2008,13,0.5525905834015815,3.0308727186939097,0.5009123275601931
2008_13_MIA_STL,2008,13,0.26216033850125386,-7.335202376514002,0.4900953584491536
2008_13_NO_TB,2008,13,0.5517694977863203,3.471634356530076,0.49916175954338354
2008_13_NYG_WAS,2008,13,0.38023906401394225,-3.7302244599801595,0.4931969022696191
2008_13_ATL_SD,2008,13,0.7352276767273009,6.534894571539198,0.5010311781068377
2008_13_PIT_NE,2008,13,0.5875899923339581,1.0610213956568022,0.5018032542103756
2008_13_DEN_NYJ,2008,13,0.7780613489432849,7.757438941801261,0.5076071892006837
2008_13_KC_OAK,2008,13,0.6020932373209394,2.950611998048774,0.498540524579755
2008_13_CHI_MIN,2008,13,0.6993614993669528,5.108218700538785,0.5031979668741
2008_13_JAX_HOU,2008,13,0.5964942749850167,2.9710660863081593,0.49914496646874035
2008_14_OAK_SD,2008,14,0.7746034584097131,9.784031435144957,0.5083928732815635
2008_14_JAX_CHI,2008,14,0.6342308111162902,6.441215223524014,0.4982628400986015
2008_14_MIN_DET,2008,14,0.21513255539740414,-10.963517266776645,0.4863051622325856
2008_14_HOU_GB,2008,14,0.6742831640820757,7.0651287067395945,0.5019246291850877
2008_14_CIN_IND,2008,14,0.8698051596778827,13.80203717108343,0.508924840451132
2008_14_ATL_NO,2008,14,0.6800915823966361,3.0712627757291924,0.502105896461156
2008_14_PHI_NYG,2008,14,0.6913128733257718,6.577598128231153,0.502293111389883
2008_14_CLE_TEN,2008,14,0.8222268220146648,14.175708342625294,0.5051922598399742
2008_14_MIA_BUF,2008,14,0.4961617842696455,0.9038451944960901,0.49715852644155883
2008_14_KC_DEN,2008,14,0.7859092209106101,9.175343680876058,0.5051814845293289
2008_14_NE_SEA,2008,14,0.24934939708039672,-7.854698786327538,0.48951940268447525
2008_14_NYJ_SF,2008,14,0.38371512121457074,-4.255936307052366,0.492437207553473
2008_14_STL_ARI,2008,14,0.8789625890351236,14.353720561938394,0.5104516994813071
2008_14_DAL_PIT,2008,14,0.6346756454073805,4.008778797514467,0.5002594246853908
2008_14_WAS_BAL,2008,14,0.6878672918470317,6.11252213911096,0.5033251347418638
2008_14_TB_CAR,2008,14,0.6147996792199831,2.9358204740796987,0.49810342000142105
2008_15_NO_CHI,2008,15,0.4873851791119325,2.8370272713428544,0.4951840642331815
2008_15_TB_ATL,2008,15,0.6603854973865042,5.521404349590108,0.500632525663581
2008_15_WAS_CIN,2008,15,0.2913735340858779,-6.7293195268255985,0.4932236403295791
2008_15_TEN_HOU,2008,15,0.45477717690595904,-3.1265287483094775,0.49626096826873867
2008_15_DET_IND,2008,15,0.8924584031495448,16.980675240062418,0.5142015678698992
2008_15_GB_JAX,2008,15,0.47095130381813977,-2.555427743241736,0.4983620438399559
2008_15_SD_KC,2008,15,0.29934329664690856,-6.251936305857039,0.4925553917986741
2008_15_SF_MIA,2008,15,0.6373804178063017,5.622080846797712,0.5036075961206008
2008_15_BUF_NYJ,2008,15,0.8074372906164895,9.24827362461304,0.5073363898556932
2008_15_SEA_STL,2008,15,0.41710946248887387,-1.18386274599975,0.49456678847396446
2008_15_MIN_ARI,2008,15,0.6143039942670665,3.954118484645265,0.49864414510174093
2008_15_PIT_BAL,2008,15,0.5581298032845136,2.994617770147354,0.49984094822265357
2008_15_DEN_CAR,2008,15,0.7241909343793693,7.067147657430642,0.5019842910462805
2008_15_NE_OAK,2008,15,0.2703622995587877,-6.932597250350325,0.4872183849836916
2008_15_NYG_DAL,2008,15,0.5936191093319004,2.9247557126986488,0.49777644650799063
2008_15_CLE_PHI,2008,15,0.87993379537131,15.855112636762641,0.5104928229001708
2008_16_IND_JAX,2008,16,0.3299254089745217,-5.638291052342669,0.4959133938581185
2008_16_BAL_DAL,2008,16,0.689417700071943,5.057851481527628,0.5017095800983721
2008_16_CIN_CLE,2008,16,0.5915427492770113,1.0534150735794015,0.5015784796785693
2008_16_NO_DET,2008,16,0.27811814381166716,-7.44129655025075,0.4869614441598047
2008_16_MIA_KC,2008,16,0.32235135654395686,-3.715203623592099,0.4936407267888945
2008_16_ARI_NE,2008,16,0.7628121314603898,9.160809715532105,0.5047520205562032
2008_16_SF_STL,2008,16,0.32631000509543007,-3.73400390628408,0.4930852313012813
2008_16_SD_TB,2008,16,0.6368530298198247,4.5334172860213355,0.5009875225685625
2008_16_PIT_TEN,2008,16,0.4088613546303292,-2.572044295147758,0.49787100896496544
2008_16_BUF_DEN,2008,16,0.7000641879389221,6.558430293074718,0.5017266845618562
2008_16_HOU_OAK,2008,16,0.3414884775229589,-7.26738784827553,0.4920988634220968
2008_16_NYJ_SEA,2008,16,0.37668975157175105,-3.746567184719144,0.4927140291589741
2008_16_ATL_MIN,2008,16,0.6565102352970434,3.077826105592519,0.5022998483011084
2008_16_PHI_WAS,2008,16,0.34308454191222704,-4.765731557601076,0.4921477993912986
2008_16_CAR_NYG,2008,16,0.6042088108852648,4.092653770586214,0.502738016025093
2008_16_GB_CHI,2008,16,0.5925595111025753,3.9480678418850954,0.498465342037996
2008_17_STL_ATL,2008,17,0.8583469067687323,14.381623452900058,0.511275959727665
2008_17_NE_BUF,2008,17,0.3010544941564638,-5.809456879391739,0.49085595389930525
2008_17_KC_CIN,2008,17,0.5506017003217141,1.45956365245619,0.49880505595713975
2008_17_DET_GB,2008,17,0.8095017547291803,11.397568952426091,0.5117469734414861
2008_17_CHI_HOU,2008,17,0.6334693350622971,3.0326355654155948,0.5009644217931682
2008_17_TEN_IND,2008,17,0.4399168203557477,-3.07251226866861,0.497857179946609
2008_17_NYG_MIN,2008,17,0.6729294871187451,6.907070334427762,0.49725383111750726
2008_17_CAR_NO,2008,17,0.536063764433182,-0.9398703389352568,0.5017769025770197
2008_17_CLE_PIT,2008,17,0.8006258754027037,11.296248697885686,0.5087538256501372
2008_17_OAK_TB,2008,17,0.7794082665611888,11.295858542645961,0.508742298835467
2008_17_SEA_ARI,2008,17,0.7066988798551174,7.089633943592272,0.5026487783059511
2008_17_JAX_BAL,2008,17,0.7649605748759165,10.608647533909613,0.503210639040352
2008_17_MIA_NYJ,2008,17,0.5912384872477077,2.546032683358515,0.5013603220803856
2008_17_DAL_PHI,2008,17,0.57297456705413,2.54488530637778,0.5013264158141694
2008_17_WAS_SF,2008,17,0.5860585584984275,0.914874014612551,0.49748443483823
2008_17_DEN_SD,2008,17,0.7030322795638845,7.105211407854194,0.5031091003025389
2008_18_ATL_ARI,2008,18,0.6023194037071965,1.9493202113949515,0.49850235089280204
2008_18_IND_SD,2008,18,0.45046255874356844,-1.5771942581030371,0.4977188232932327
2008_18_BAL_MIA,2008,18,0.438202507489919,-3.6076574488975792,0.4968186183001896
2008_18_PHI_MIN,2008,18,0.43381125878007076,-3.118968641779654,0.4964843698560526
2008_19_BAL_TEN,2008,19,0.581291226127496,2.9213226536287165,0.497674996866856
2008_19_ARI_CAR,2008,19,0.7931705930091093,10.112909598672019,0.5033365842687653
2008_19_PHI_NYG,2008,19,0.6354701022852646,4.012092201603287,0.5003573399879717
2008_19_SD_PIT,2008,19,0.6918727038721605,6.555721483474264,0.5016466364863595
2008_20_PHI_ARI,2008,20,0.39131768885466844,-3.6679988569681323,0.4950355468676547
2008_20_BAL_PIT,2008,20,0.7064681633555583,6.03795890917338,0.5011217328765251
2008_21_PIT_ARI,2008,21,0.32464440648265896,-6.630197608279836,0.49615255366165667
2009_01_TEN_PIT,2009,1,0.68891497959292,6.566624231308111,0.5019688233242056
2009_01_MIA_ATL,2009,1,0.5846888318857989,3.992600529799877,0.4997813361949931
2009_01_KC_BAL,2009,1,0.8620554990048506,13.36790529216842,0.5108707267093974
2009_01_PHI_CAR,2009,1,0.4965942672461404,-1.106189302341105,0.49686200254940716
2009_01_DEN_CIN,2009,1,0.6232737543955031,4.500948771686804,0.500028037417778
2009_01_MIN_CLE,2009,1,0.38594154973386285,-4.206549412333441,0.4938964386061789
2009_01_NYJ_HOU,2009,1,0.6181510994993669,4.439008552351962,0.4981976307825812
2009_01_JAX_IND,2009,1,0.70693932797938,6.612858126706245,0.5033350632594658
2009_01_DET_NO,2009,1,0.9032937218826548,14.512305534428704,0.5151356514304233
2009_01_DAL_TB,2009,1,0.3468381165219783,-4.5978951981666425,0.4971070969389305
2009_01_SF_ARI,2009,1,0.6406988731133823,5.138243517208754,0.504085201491503
2009_01_WAS_NYG,2009,1,0.7090203408403589,6.201807181626017,0.5059634384340708
2009_01_STL_SEA,2009,1,0.7466503676286594,7.1288944666436125,0.5038089386079475
2009_01_CHI_GB,2009,1,0.6407606440786692,5.000199858167985,0.5000059060646881
2009_01_BUF_NE,2009,1,0.8666547768857262,13.821062616053549,0.5094869169603748
2009_01_SD_OAK,2009,1,0.26194411106714993,-10.268923492874205,0.4920534921101586
2009_02_CAR_ATL,2009,2,0.6077131166096699,5.505075768965342,0.500149995466527
2009_02_MIN_DET,2009,2,0.18038476823503533,-10.531324896590519,0.4843027218255042
2009_02_CIN_GB,2009,2,0.738938525199958,7.6368107673457,0.5040428640960296
2009_02_ARI_JAX,2009,2,0.5919451699263795,3.0020724187304317,0.5000612426260013
2009_02_OAK_KC,2009,2,0.4804862401325519,1.4756189343439527,0.49927950869304033
2009_02_NE_NYJ,2009,2,0.3687367031750789,-3.6112900573434064,0.4967112736005684
2009_02_NO_PHI,2009,2,0.3283091382745596,-2.534780322676306,0.49897219808206117
2009_02_HOU_TEN,2009,2,0.692765376648256,7.140318095972412,0.5041465046867123
2009_02_STL_WAS,2009,2,0.8264164762057838,10.286707422655395,0.5084719344720772
2009_02_TB_BUF,2009,2,0.6254758474916579,4.466645899164497,0.4990143446288481
2009_02_SEA_SF,2009,2,0.5121997869499337,0.9714095232031257,0.4991551154455618
2009_02_PIT_CHI,2009,2,0.466283042698863,-1.1240403839027426,0.496334499455541
2009_02_CLE_DEN,2009,2,0.5758583735113942,3.0834022423712586,0.5024646273415095
2009_02_BAL_SD,2009,2,0.5814793030161691,2.8653146326610024,0.49601994101944447
2009_02_NYG_DAL,2009,2,0.6146929020996077,2.957492355006377,0.4987438467550574
2009_02_IND_MIA,2009,2,0.45425852708354925,-3.0335245632031045,0.4990093072631419
2009_03_CLE_BAL,2009,3,0.867861471554708,13.96495609034323,0.5137373317129584
2009_03_WAS_DET,2009,3,0.28433501536036493,-6.7856730145971875,0.4915586267420902
2009_03_JAX_HOU,2009,3,0.6064021059295489,3.9333085479264622,0.49802919024034636
2009_03_SF_MIN,2009,3,0.7153951290356875,7.124062445743474,0.5036661524725682
2009_03_ATL_NE,2009,3,0.6948297539247125,4.683988747545129,0.5054369346874303
2009_03_TEN_NYJ,2009,3,0.5550842496507428,0.990160223493784,0.499709222034781
2009_03_KC_PHI,2009,3,0.7384507018626995,7.784736173082662,0.5084136945694294
2009_03_GB_STL,2009,3,0.30281925013255995,-6.727389541582443,0.49328066570520424
2009_03_NYG_TB,2009,3,0.3630563118338915,-6.127547548560058,0.49623086275023537
2009_03_NO_BUF,2009,3,0.28943476475001895,-5.645667593131808,0.4956954196933883
2009_03_CHI_SEA,2009,3,0.4880060258526884,-1.08257731744993,0.4975597497852251
2009_03_PIT_CIN,2009,3,0.3630149848313782,-3.686505530779684,0.49448869814829777
2009_03_DEN_OAK,2009,3,0.4951072162714933,-1.1776281347117337,0.4947510127042355
2009_03_MIA_SD,2009,3,0.6515085828384753,5.518774434420428,0.5005548083901208
2009_03_IND_ARI,2009,3,0.6207973016937239,3.052204377550122,0.5015427023349303
2009_03_CAR_DAL,2009,3,0.7714953876102562,9.173997017519254,0.5051416922342551
2009_04_DET_CHI,2009,4,0.8217454568927832,9.769552889361002,0.5079651036631061
2009_04_CIN_CLE,2009,4,0.3580792184341309,-6.220667542015583,0.49347928204491964
2009_04_OAK_HOU,2009,4,0.7707443309736707,9.163679533471477,0.5048368212252816
2009_04_SEA_IND,2009,4,0.776858297392688,10.265300813847006,0.5078394740411193
2009_04_TEN_JAX,2009,4,0.4512107797527539,-3.069571600413522,0.4979440792542804
2009_04_NYG_KC,2009,4,0.21864826025026582,-9.40214776251379,0.48811777620018837
2009_04_BAL_NE,2009,4,0.5778584760029062,1.0084959037967312,0.5002510648156304
2009_04_TB_WAS,2009,4,0.768425263725969,9.5702568000443,0.5020761690003491
2009_04_BUF_MIA,2009,4,0.5821716836427385,1.0190351361814003,0.5005625124533095
2009_04_NYJ_NO,2009,4,0.7753794017974168,7.658270176750947,0.5046769791749597
2009_04_DAL_DEN,2009,4,0.43290623495214137,-1.1600206184566357,0.49527129662623326
2009_04_STL_SF,2009,4,0.8100662515473332,9.772657760750892,0.5080568380875287
2009_04_SD_PIT,2009,4,0.6844566268922329,5.581131039203434,0.5023975116269447
2009_04_GB_MIN,2009,4,0.6960700322933563,4.613014519053481,0.5033396846917971
2009_05_CIN_BAL,2009,5,0.80611737498301,9.265122793540524,0.5078342143282524
2009_05_CLE_BUF,2009,5,0.6495616936811068,6.124321505577158,0.5036738076983236
2009_05_WAS_CAR,2009,5,0.6844279154484659,5.0522287585358345,0.501543422818877
2009_05_PIT_DET,2009,5,0.1600834363669795,-11.470959966694782,0.4860853526170857
2009_05_DAL_KC,2009,5,0.22351981642342852,-7.4180902938012085,0.4876468713690868
2009_05_OAK_NYG,2009,5,0.8755418333969166,16.001255890094892,0.5148093502983736
2009_05_TB_PHI,2009,5,0.8804060664041663,15.877834108495705,0.511164024040236
2009_05_MIN_STL,2009,5,0.16679542819322943,-10.446973986406299,0.48679375942571146
2009_05_ATL_SF,2009,5,0.5712198436609949,1.0072454893843346,0.5002141134754697
2009_05_HOU_ARI,2009,5,0.6935826656631976,5.6001019205058995,0.5029581127774028
2009_05_NE_DEN,2009,5,0.35131132432569506,-3.2282063687964446,0.4932565308516652
2009_05_JAX_SEA,2009,5,0.4842868304653423,0.7082089110899399,0.4913778711624065
2009_05_IND_TEN,2009,5,0.3614832921120773,-3.1532781548326003,0.4954705316413675
2009_05_NYJ_MIA,2009,5,0.44109296477174487,-2.979307148916758,0.5006114999975225
2009_06_HOU_CIN,2009,6,0.616184747504655,4.154000525009283,0.5045508139396201
2009_06_DET_GB,2009,6,0.8827780711587734,14.331534537812614,0.5097962852650271
2009_06_STL_JAX,2009,6,0.8337114139319887,9.87618252276661,0.5111152365960651
2009_06_BAL_MIN,2009,6,0.6207579010744938,2.9570243091173407,0.49873001546924606
2009_06_NYG_NO,2009,6,0.6591151554414961,3.4599922947032007,0.4988177228279919
2009_06_CLE_PIT,2009,6,0.8591128297342113,14.415089814652944,0.5122645028384939
2009_06_CAR_TB,2009,6,0.3709904248837898,-3.120135311000036,0.4964498946390891
2009_06_KC_WAS,2009,6,0.7423418123303388,6.717327631529827,0.5064220323109426
2009_06_PHI_OAK,2009,6,0.13927257467900925,-14.60411849523,0.4821534817081183
2009_06_ARI_SEA,2009,6,0.605398450380341,2.890262082081939,0.49675713977047814
2009_06_TEN_NE,2009,6,0.8243005512990402,9.724709551099977,0.5066401482473852
2009_06_BUF_NYJ,2009,6,0.8062558814782186,9.716322301721615,0.5063923273598447
2009_06_CHI_ATL,2009,6,0.5938349651666794,4.042065345755556,0.5012430828004227
2009_06_DEN_SD,2009,6,0.5870288309660017,3.4235029389063327,0.4977394260235032
2009_07_GB_CLE,2009,7,0.30742757199864884,-9.742540089209808,0.49283301546098324
2009_07_SF_HOU,2009,7,0.6099586663629591,2.997063810671414,0.4999132318476147
2009_07_SD_KC,2009,7,0.299634202865294,-5.696193862058026,0.4942024243219987
2009_07_MIN_PIT,2009,7,0.6863430250628367,6.0288251945436935,0.5008518207486194
2009_07_IND_STL,2009,7,0.09891301492407983,-14.595332565077705,0.4824128611166092
2009_07_NE_TB,2009,7,0.08356931957249916,-16.091925805489716,0.4825134379390554
2009_07_BUF_CAR,2009,7,0.792553635200889,7.162319371327225,0.5047966296226066
2009_07_NYJ_OAK,2009,7,0.2916826301686322,-6.34721627444642,0.4897404457784628
2009_07_CHI_CIN,2009,7,0.4579900237017612,-0.9752101811973163,0.5007325704656278
2009_07_ATL_DAL,2009,7,0.6935123681909184,5.566762735153057,0.5019729162401663
2009_07_NO_MIA,2009,7,0.3331658566189909,-6.12040869408168,0.4964418161396936
2009_07_ARI_NYG,2009,7,0.7323091611058382,9.107625171096416,0.5031804278797898
2009_07_PHI_WAS,2009,7,0.2579449219637413,-9.316267507775931,0.4906547451546876
2009_08_DEN_BAL,2009,8,0.6733707290913609,4.629965649462047,0.5038405919765718
2009_08_HOU_BUF,2009,8,0.37680307520359224,-3.5808378215545864,0.49761115317399807
2009_08_CLE_CHI,2009,8,0.7958704810497338,11.70042969731506,0.5059227365264269
2009_08_SEA_DAL,2009,8,0.8042270455439405,10.302429403786014,0.5089364285251872
2009_08_STL_DET,2009,8,0.6106018219340773,3.5179664003522837,0.5005309299712108
2009_08_SF_IND,2009,8,0.8616549001290219,13.389768923617794,0.511516570590829
2009_08_MIA_NYJ,2009,8,0.5931095697238953,3.4776014852823622,0.49933809552300806
2009_08_NYG_PHI,2009,8,0.4958804909751268,-0.9870405497554416,0.5003829682843894
2009_08_OAK_SD,2009,8,0.8911618890363189,16.37130379619863,0.5109711192211968
2009_08_JAX_TEN,2009,8,0.536108094219879,2.8872420884767176,0.4966678981240777
2009_08_CAR_ARI,2009,8,0.7557917781120111,10.172361064240308,0.5050933516984354
2009_08_MIN_GB,2009,8,0.5484691941851368,3.4577754349300602,0.4987522120879597
2009_08_ATL_NO,2009,8,0.8229385747852375,11.146386438723656,0.5043258218712868
2009_09_WAS_ATL,2009,9,0.7473729367064462,9.227910977095675,0.5067347411909543
2009_09_ARI_CHI,2009,9,0.47421278388966864,0.8125172851597822,0.49445982387855736
2009_09_BAL_CIN,2009,9,0.3991269080905247,-3.127341170617606,0.49623696121085215
2009_09_HOU_IND,2009,9,0.7675153620103071,7.752769687945214,0.5074692314064693
2009_09_KC_JAX,2009,9,0.7519676652699364,7.296577644913878,0.5087635441130163
2009_09_MIA_NE,2009,9,0.8056236543846409,10.747025707426745,0.507299518509933
2009_09_GB_TB,2009,9,0.24201390086536828,-9.868307502541313,0.4891173918769613
2009_09_CAR_NO,2009,9,0.8325688269514179,12.738127351438877,0.5070366031524841
2009_09_DET_SEA,2009,9,0.851796121873258,11.236506222754889,0.5069887041263061
2009_09_SD_NYG,2009,9,0.6569171751369152,5.125311428229837,0.5037030599295333
2009_09_TEN_SF,2009,9,0.6885208510792402,4.547755580002061,0.5014112355743604
2009_09_DAL_PHI,2009,9,0.5514267213962012,3.0585640442598376,0.501730637043476
2009_09_PIT_DEN,2009,9,0.3842126350137763,-3.098584583240214,0.4970867252669749
2009_10_CHI_SF,2009,10,0.6674839104212084,3.5902390407724516,0.502666659305367
2009_10_ATL_CAR,2009,10,0.49585366594502855,-1.142739452116103,0.4957819450719431
2009_10_TB_MIA,2009,10,0.8203504842569646,10.318513150724028,0.5094115981310585
2009_10_DET_MIN,2009,10,0.9372111866799383,17.556559873348885,0.5164423988531139
2009_10_JAX_NYJ,2009,10,0.6946103273930683,6.534752976553068,0.501026993807673
2009_10_CIN_PIT,2009,10,0.714720381109599,6.577097616632441,0.5022783208742372
2009_10_NO_STL,2009,10,0.11823037478765563,-14.540380705402638,0.4840353218182152
2009_10_BUF_TEN,2009,10,0.7461122593537233,9.116823860981834,0.5034522515429258
2009_10_DEN_WAS,2009,10,0.4124426128373169,-3.675655427351109,0.49480930374170884
2009_10_KC_OAK,2009,10,0.5327435420755672,0.949560061386152,0.49850943871734876
2009_10_SEA_ARI,2009,10,0.7894803971871479,9.326440211171276,0.5096457860878398
2009_10_DAL_GB,2009,10,0.38284360352504937,-3.084137623971818,0.4975136416092593
2009_10_PHI_SD,2009,10,0.5240346164820575,0.8003959027100225,0.4941016583334271
2009_10_NE_IND,2009,10,0.5292112996095821,0.9043145544933843,0.4971723962801675
2009_10_BAL_CLE,2009,10,0.20724400091556172,-10.97276435208602,0.48603206328074683
2009_11_MIA_CAR,2009,11,0.6084869010618705,3.4335454569721207,0.4980361911207717
2009_11_IND_BAL,2009,11,0.46681200212641744,-1.0554624547615736,0.49836101807876415
2009_11_WAS_DAL,2009,11,0.8147405836643057,11.295894121689969,0.5087433499892713
2009_11_CLE_DET,2009,11,0.4802750951246146,3.4367227753226084,0.49813008386102264
2009_11_SF_GB,2009,11,0.6559614438419915,6.163415622026487,0.5048290228765487
2009_11_BUF_JAX,2009,11,0.7956422282645661,9.289886626296635,0.5085658625885172
2009_11_PIT_KC,2009,11,0.16515734486143088,-10.98658476679148,0.4856239100782202
2009_11_SEA_MIN,2009,11,0.8248091877040606,10.819312829531254,0.5094352230704956
2009_11_ATL_NYG,2009,11,0.6656044996772512,7.017801279199766,0.5005260504340755
2009_11_NO_TB,2009,11,0.19505593009724576,-10.915288968200212,0.4877296147018993
2009_11_ARI_STL,2009,11,0.18482454158393338,-9.926888800689191,0.48738699152837806
2009_11_SD_DEN,2009,11,0.3050096646632164,-6.620794578119916,0.4964304132274441
2009_11_NYJ_NE,2009,11,0.8083495783494918,10.769888396105797,0.507975016338241
2009_11_CIN_OAK,2009,11,0.22402913944284902,-9.448205617416376,0.4867573831514892
2009_11_PHI_CHI,2009,11,0.3888219817409441,-3.7654897727355308,0.4921549430607751
2009_11_TEN_HOU,2009,11,0.6820589723052493,4.081705546777968,0.5024144887524022
2009_12_GB_DET,2009,12,0.18797179077643036,-11.47238717271265,0.4860432025869259
2009_12_OAK_DAL,2009,12,0.8689401742434801,13.954883486059884,0.513439846056677
2009_12_NYG_DEN,2009,12,0.3845028818366724,-4.660545733279275,0.4952557799047511
2009_12_TB_ATL,2009,12,0.8606914056124052,12.387349457606756,0.5114451018822405
2009_12_MIA_BUF,2009,12,0.3381077437459886,-3.815481425359671,0.4906779685383533
2009_12_CLE_CIN,2009,12,0.8015795555719474,12.396755119848537,0.5117229340524104
2009_12_IND_HOU,2009,12,0.36058653724480105,-3.2539357433573732,0.49249631623104134
2009_12_CAR_NYJ,2009,12,0.6354717120816861,3.566114980268356,0.5019537744859891
2009_12_WAS_PHI,2009,12,0.7755194555574664,9.786892393408689,0.5084773993612423
2009_12_SEA_STL,2009,12,0.3662095345385985,-3.6097594291177724,0.49675650410799727
2009_12_KC_SD,2009,12,0.8569593135345746,13.350854483090487,0.5103670320156886
2009_12_JAX_SF,2009,12,0.5914171344644333,2.894093191603216,0.49687035034949745
2009_12_CHI_MIN,2009,12,0.8192896688356847,10.33364733444536,0.5098587021650444
2009_12_ARI_TEN,2009,12,0.5392321438317339,3.3631920662594794,0.4959572196363308
2009_12_PIT_BAL,2009,12,0.7591851217999944,9.060682934252979,0.5017932523442626
2009_12_NE_NO,2009,12,0.5560582222501816,0.8769190116216337,0.4963628496338506
2009_13_NYJ_BUF,2009,13,0.33484580009521286,-3.7592168274132947,0.49234028162178606
2009_13_PHI_ATL,2009,13,0.3936773944723984,-4.086717636244519,0.4974374004707109
2009_13_TB_CAR,2009,13,0.6906955822852817,3.6990330731845043,0.5058814690124286
2009_13_STL_CHI,2009,13,0.7750254402688004,9.705332539275913,0.5060676054212786
2009_13_DET_CIN,2009,13,0.8724854195407848,13.937726330769564,0.5129331071831943
2009_13_TEN_IND,2009,13,0.7679591643601849,6.270977433121887,0.5080071923195608
2009_13_HOU_JAX,2009,13,0.5193692408846363,-0.9486010839262249,0.5015189000925234
2009_13_DEN_KC,2009,13,0.3111825443398411,-6.310451808717733,0.49082656021253945
2009_13_NE_MIA,2009,13,0.3563301986743107,-4.752144308863445,0.4925492461147354
2009_13_OAK_PIT,2009,13,0.8777728064178875,14.964070626416678,0.5137111806057382
2009_13_NO_WAS,2009,13,0.20723398202450366,-9.371404585681685,0.48902590344721414
2009_13_SD_CLE,2009,13,0.1880903541583757,-13.872721892644071,0.4889869901217412
2009_13_DAL_NYG,2009,13,0.4014243179375654,-1.1331761673171439,0.4960645376171858
2009_13_SF_SEA,2009,13,0.4561510219581767,-1.1464654798421825,0.4956718424998757
2009_13_MIN_ARI,2009,13,0.40697192349311606,-3.6238233922257788,0.49634091156715504
2009_13_BAL_GB,2009,13,0.5681484411528854,3.9665306705467134,0.49901093948612535
2009_14_PIT_CLE,2009,14,0.21550513323669296,-10.380484969268108,0.4887576705213188
2009_14_NO_ATL,2009,14,0.2100272798671667,-10.196281048317527,0.4941998481286166
2009_14_DET_BAL,2009,14,0.8855474455113702,14.462785739985708,0.5136732329326192
2009_14_GB_CHI,2009,14,0.3720311169460209,-4.315114774707492,0.4906888005797396
2009_14_SEA_HOU,2009,14,0.7341794048301967,7.189049867402228,0.5055864829825003
2009_14_DEN_IND,2009,14,0.7318024417698237,6.671786789601382,0.5050763825262808
2009_14_MIA_JAX,2009,14,0.5485521036601984,1.0104213964044206,0.5003079655728611
2009_14_BUF_KC,2009,14,0.39015541479665455,-3.114930894129642,0.49660368598988197
2009_14_CIN_MIN,2009,14,0.7260955137833104,6.126319881376451,0.5037328597166796
2009_14_CAR_NE,2009,14,0.8221703387354717,12.814135304112495,0.5092822626699846
2009_14_NYJ_TB,2009,14,0.32259504326092214,-3.7868556106771685,0.4915236873701676
2009_14_WAS_OAK,2009,14,0.4725741829240806,-1.1845380222493505,0.4945468350538841
2009_14_STL_TEN,2009,14,0.817304942304162,13.751558934405503,0.5074334583307215
2009_14_SD_DAL,2009,14,0.6672983933064712,3.587476384344691,0.5025850210402303
2009_14_PHI_NYG,2009,14,0.44443295199639166,-1.1425356596607885,0.4957879670637162
2009_14_ARI_SF,2009,14,0.37596449320332054,-4.189469424250912,0.4944011197939045
2009_15_IND_JAX,2009,15,0.39517658719171217,-3.7040998997413097,0.4939688164668899
2009_15_DAL_NO,2009,15,0.7332127901099638,7.541863394208006,0.5012371149025214
2009_15_NE_BUF,2009,15,0.27023814040704675,-6.970833070833055,0.48608910027165136
2009_15_ARI_DET,2009,15,0.11682983605557745,-14.445473044035312,0.48683808997093836
2009_15_CLE_KC,2009,15,0.45355276178531223,0.8787467101303167,0.4964168582527682
2009_15_ATL_NYJ,2009,15,0.6655885031475205,5.5592884440703445,0.5017520437812012
2009_15_HOU_STL,2009,15,0.14207500013342958,-14.45937804611113,0.4864274100653853
2009_15_MIA_TEN,2009,15,0.6033364531114984,4.451182616076527,0.49855738696134116
2009_15_OAK_DEN,2009,15,0.8551531002241636,13.854525013055527,0.5104754638642073
2009_15_CIN_SD,2009,15,0.7048375060190828,6.5181015062019405,0.5005349225184453
2009_15_CHI_BAL,2009,15,0.835633633547882,10.857112357367702,0.5105518966473026
2009_15_SF_PHI,2009,15,0.6962361162852353,7.190221286648956,0.5056210965055353
2009_15_GB_PIT,2009,15,0.6446043683990933,2.431307960832754,0.4979700710741691
2009_15_TB_SEA,2009,15,0.7174659174934294,6.565103850194125,0.5019238946508967
2009_15_MIN_CAR,2009,15,0.2501615688468568,-9.2620231887905,0.4922573655034649
2009_15_NYG_WAS,2009,15,0.5137148543321219,-1.0911502213978337,0.497306414748453
2009_16_SD_TEN,2009,16,0.5121469609355995,0.9373067082140311,0.498147339637605
2009_16_BUF_ATL,2009,16,0.7667716325928656,9.22412368393789,0.5066228375148017
2009_16_KC_CIN,2009,16,0.8582865224761554,13.430442541374289,0.5127179731286092
2009_16_OAK_CLE,2009,16,0.6420154313065911,3.070283416865256,0.5020769555508232
2009_16_SEA_GB,2009,16,0.8364416588928447,13.913034285508948,0.512203787886005
2009_16_HOU_MIA,2009,16,0.5467291593083887,1.0083458489341055,0.5002466305032279
2009_16_JAX_NE,2009,16,0.7850622051484358,9.71444421660429,0.5063368346036854
2009_16_TB_NO,2009,16,0.8976915377554684,14.42484957188678,0.5125527766273598
2009_16_CAR_NYG,2009,16,0.7148340364615113,9.093531672307577,0.5027639585278857
2009_16_BAL_PIT,2009,16,0.6043413013970812,2.909286831724106,0.49731932993466627
2009_16_STL_ARI,2009,16,0.9045592885939244,16.40646513256856,0.512009750407329
2009_16_DET_SF,2009,16,0.8872610060950769,14.396531293359347,0.5117163225474303
2009_16_NYJ_IND,2009,16,0.5836827651462765,3.153000912940113,0.5045212760329382
2009_16_DEN_PHI,2009,16,0.7019946693169461,7.175408038564143,0.5051833862209191
2009_16_DAL_WAS,2009,16,0.2674033737150287,-7.295300918333789,0.4912741757274542
2009_16_MIN_CHI,2009,16,0.20955250364075978,-9.335815681859271,0.4900772400874004
2009_17_IND_BUF,2009,17,0.698649056099426,8.628230453699274,0.4890151224784945
2009_17_NO_CAR,2009,17,0.7674801504453096,10.002243207771004,0.5000662896607008
2009_17_JAX_CLE,2009,17,0.5346263896073148,0.7863474430680442,0.4936865570125259
2009_17_CHI_DET,2009,17,0.3655334899045187,-4.212138152211217,0.4937313040459841
2009_17_NE_HOU,2009,17,0.6973862279483953,8.76612417965661,0.4930890158365107
2009_17_PIT_MIA,2009,17,0.40245752550874064,-3.048016435986746,0.4985810558458837
2009_17_NYG_MIN,2009,17,0.8082857459306263,9.158078664391216,0.5046713201280364
2009_17_SF_STL,2009,17,0.2735822384791758,-7.3271181430524726,0.49033418602556816
2009_17_ATL_TB,2009,17,0.3756895151216984,-3.291815187896951,0.4913771591728403
2009_17_GB_ARI,2009,17,0.62936649530094,2.840874725840605,0.4952977533479804
2009_17_PHI_DAL,2009,17,0.6503536516588894,3.0243491664565916,0.5007195486463192
2009_17_KC_DEN,2009,17,0.8107108757099301,9.8522430496225,0.5104080520235899
2009_17_BAL_OAK,2009,17,0.19178190856478716,-10.486750627052759,0.4856190118789881
2009_17_WAS_SD,2009,17,0.5638511204570174,3.143985193816668,0.5042548661141819
2009_17_TEN_SEA,2009,17,0.3667153882878374,-6.231365233129404,0.49316319588889224
2009_17_CIN_NYJ,2009,17,0.7938507985050465,9.561630741216241,0.5018212609658426
2009_18_NYJ_CIN,2009,18,0.49710812568555013,2.3221110992477203,0.49474330740194206
2009_18_PHI_DAL,2009,18,0.6836244568171649,3.678260686312094,0.5052676783814681
2009_18_BAL_NE,2009,18,0.6076909041150313,3.5511458053844707,0.5015114204016107
2009_18_GB_ARI,2009,18,0.45482024245737873,-2.7882683134783304,0.4914819496639626
2009_19_ARI_NO,2009,19,0.7459364958442888,7.117581868389355,0.5034746507879354
2009_19_BAL_IND,2009,19,0.6397168272611984,6.384049148404592,0.4965735460431758
2009_19_DAL_MIN,2009,19,0.590549976238343,2.430012355225435,0.4979317847751006
2009_19_NYJ_SD,2009,19,0.7230977064626272,8.915838263442739,0.4975129290653374
2009_20_NYJ_IND,2009,20,0.7291665652313329,7.99853228849718,0.4999566272464627
2009_20_MIN_NO,2009,20,0.6361144924904897,3.92093907103935,0.4976636617037843
2009_21_NO_IND,2009,21,0.6397819900066015,4.529584678736288,0.5008742644261519
2010_01_MIN_NO,2010,1,0.6519716258426447,4.460563893470068,0.4988346142300962
2010_01_MIA_BUF,2010,1,0.407678321527957,-3.146731620914102,0.4956639781542323
2010_01_DET_CHI,2010,1,0.7150409521576764,6.756900932519384,0.5075912932222307
2010_01_IND_HOU,2010,1,0.46364615514377333,-1.0813619384394741,0.49759566512864073
2010_01_DEN_JAX,2010,1,0.5960297168454765,3.0059331272406244,0.5001753314988955
2010_01_CIN_NE,2010,1,0.6967365035659482,5.229311893058345,0.5067761341153698
2010_01_CAR_NYG,2010,1,0.5997084994629863,5.367554079899181,0.4960861163129087
2010_01_ATL_PIT,2010,1,0.492471142658649,-1.001861134577931,0.49994500109108875
2010_01_CLE_TB,2010,1,0.516147431306602,2.431886461975545,0.4979871663039898
2010_01_OAK_TEN,2010,1,0.6675942611766482,6.739218231566626,0.5070688350189629
2010_01_GB_PHI,2010,1,0.3856344318207548,-3.2772036781823393,0.49180885208901043
2010_01_SF_SEA,2010,1,0.4015033980566511,-3.25114374628699,0.49257880888321615
2010_01_ARI_STL,2010,1,0.400059789655689,-3.323969499261561,0.4904272054303092
2010_01_DAL_WAS,2010,1,0.361771607437891,-3.8924062440469096,0.48840552591106556
2010_01_BAL_NYJ,2010,1,0.47592402827455155,0.9256371071655287,0.4978024924428494
2010_01_SD_KC,2010,1,0.3337104916455617,-4.382241303741437,0.48870578929458147
2010_02_ARI_ATL,2010,2,0.7270225552778177,7.153696746647238,0.5045418374830963
2010_02_TB_CAR,2010,2,0.6639566082316,4.2537691892630205,0.507498762752355
2010_02_BAL_CIN,2010,2,0.42220784295574926,-2.7609448644297547,0.4922892253916791
2010_02_KC_CLE,2010,2,0.6488686539043192,3.02263045257001,0.500668758527885
2010_02_CHI_DAL,2010,2,0.7487291499124104,7.369497693980875,0.5109177666743565
2010_02_PHI_DET,2010,2,0.280161592038452,-6.91987584270147,0.4875941315197183
2010_02_BUF_GB,2010,2,0.826454013934608,12.946340971912097,0.5131875444215328
2010_02_MIA_MIN,2010,2,0.7034146889372187,5.662673655155258,0.5048070984048113
2010_02_PIT_TEN,2010,2,0.6434976619624734,5.956901693026721,0.49872639202522834
2010_02_SEA_DEN,2010,2,0.6323540478866848,3.626612342823372,0.5037415019475797
2010_02_STL_OAK,2010,2,0.6036468037775722,3.006659109852151,0.5001967852120096
2010_02_NE_NYJ,2010,2,0.4349225881858527,-3.1160136264703895,0.4965716910337268
2010_02_JAX_SD,2010,2,0.7116982080729444,7.068004116547179,0.502009600192385
2010_02_HOU_WAS,2010,2,0.4033209770251262,-2.8119205835767866,0.4907831675650724
2010_02_NYG_IND,2010,2,0.6855265345296506,4.1340023728231525,0.5039598766177188
2010_02_NO_SF,2010,2,0.3332133942832223,-4.794620275260466,0.4912942848011459
2010_03_CLE_BAL,2010,3,0.796469486286932,12.381111553258345,0.5112608384728264
2010_03_CIN_CAR,2010,3,0.43431838293064284,-3.0397080727901287,0.49882657731351054
2010_03_DAL_HOU,2010,3,0.5550500878045648,1.461063206872755,0.49884936951811903
2010_03_SF_KC,2010,3,0.388079482618435,-2.6787072611770424,0.4947191259129713
2010_03_DET_MIN,2010,3,0.8823170523652522,13.583468197832454,0.5172368656486994
2010_03_BUF_NE,2010,3,0.8465933702816882,14.412837423456441,0.5121979730812127
2010_03_ATL_NO,2010,3,0.6213719955970409,3.014251118357906,0.5004211387111138
2010_03_TEN_NYG,2010,3,0.6185048782628881,2.9486952603124674,0.4984838829201046
2010_03_PIT_TB,2010,3,0.38403091672286715,-2.3263564440922972,0.4903566886131583
2010_03_PHI_JAX,2010,3,0.4313973270733721,-2.1656963989528144,0.49510358225284257
2010_03_WAS_STL,2010,3,0.3378914999494027,-4.763334799705565,0.49221861305861414
2010_03_OAK_ARI,2010,3,0.6674031862462123,5.6558623825128995,0.5046058305888598
2010_03_IND_DEN,2010,3,0.34104019195551516,-5.772102595334896,0.491959564422206
2010_03_SD_SEA,2010,3,0.3732864146324304,-3.833031723985815,0.49015948436715273
2010_03_NYJ_MIA,2010,3,0.4822613493839014,0.8531456089653717,0.4956603503544927
2010_03_GB_CHI,2010,3,0.42501337577058834,-3.3592069293722453,0.4893862278485628
2010_04_SF_ATL,2010,4,0.729340259921469,7.279310159498088,0.508253383908621
2010_04_NYJ_BUF,2010,4,0.3160800236564667,-5.880332015888372,0.4887621886953526
2010_04_CIN_CLE,2010,4,0.4828164156342977,-1.686391298549711,0.49449207353498215
2010_04_DET_GB,2010,4,0.8845763424011664,15.189613008573534,0.5203700877373475
2010_04_CAR_NO,2010,4,0.8604490536905856,12.829296968742202,0.5097301820370362
2010_04_BAL_PIT,2010,4,0.5888708346208259,2.044874178138926,0.501326086962284
2010_04_SEA_STL,2010,4,0.4606522685430788,-1.616976535921207,0.49654323688633606
2010_04_DEN_TEN,2010,4,0.6469904334837384,6.066932587783782,0.5019779355412858
2010_04_IND_JAX,2010,4,0.27257365321475735,-7.400825864056476,0.4881568227204202
2010_04_HOU_OAK,2010,4,0.3614511907604048,-3.8779593793846594,0.48883227549471886
2010_04_WAS_PHI,2010,4,0.6776568054528481,5.28609739664216,0.5084539114788504
2010_04_ARI_SD,2010,4,0.7941691791826306,10.292433758474406,0.5086411161004044
2010_04_CHI_NYG,2010,4,0.6072603713284886,3.4680194452448343,0.49905493455484823
2010_04_NE_MIA,2010,4,0.5342971379297028,0.8396601035513925,0.49526186221701135
2010_05_DEN_BAL,2010,5,0.7154204902152471,8.21828118835294,0.5064502074684761
2010_05_JAX_BUF,2010,5,0.5978149367909339,2.43963079954654,0.49821601879792154
2010_05_CHI_CAR,2010,5,0.5664905265689041,2.473433789514906,0.49921493498132047
2010_05_TB_CIN,2010,5,0.7275978660452194,6.753388599633002,0.5074875178255397
2010_05_ATL_CLE,2010,5,0.4159982756112924,-3.258952379975603,0.49234809494306847
2010_05_STL_DET,2010,5,0.5828928189459831,2.9002615663811615,0.49705262843116643
2010_05_NYG_HOU,2010,5,0.6182386398587749,3.156757499391317,0.504632280665354
2010_05_KC_IND,2010,5,0.7414224854646475,7.752522214612476,0.5074619195332557
2010_05_GB_WAS,2010,5,0.41409288357928653,-2.8706337611037447,0.4890486736992453
2010_05_NO_ARI,2010,5,0.253000320638668,-6.829785088028572,0.49025539771018256
2010_05_TEN_DAL,2010,5,0.7550491941488876,6.794609304242278,0.5087053910684173
2010_05_SD_OAK,2010,5,0.27329766550292467,-7.471270741320369,0.4860761744195471
2010_05_PHI_SF,2010,5,0.5783921685234199,2.8821343731217466,0.4965169641043199
2010_05_MIN_NYJ,2010,5,0.5986651221211972,4.082046706946516,0.5024245702866615
2010_06_SEA_CHI,2010,6,0.7302127749773298,6.245882610956647,0.5072657441746203
2010_06_MIA_GB,2010,6,0.6409242051003208,3.3236440357089694,0.509563179471353
2010_06_KC_HOU,2010,6,0.6386681878903583,4.5409941528056414,0.5012114278273857
2010_06_BAL_NE,2010,6,0.5863681731851499,2.9985820861319366,0.49995809883030384
2010_06_DET_NYG,2010,6,0.7816519215100802,10.341422862851969,0.5100884071702262
2010_06_ATL_PHI,2010,6,0.5209294052616816,0.922160295111515,0.49769974982896736
2010_06_CLE_PIT,2010,6,0.8437345572047148,14.3984529456656,0.5117730852225274
2010_06_SD_STL,2010,6,0.18899416193546212,-10.00827736180213,0.4849833012167683
2010_06_NO_TB,2010,6,0.27035510431677984,-5.838463815879722,0.4899990087364696
2010_06_NYJ_DEN,2010,6,0.38304261819190477,-3.8523342725226533,0.48958925314065377
2010_06_OAK_SF,2010,6,0.7631824799421135,9.115740596998121,0.5034202408931003
2010_06_DAL_MIN,2010,6,0.5797971999337266,0.9259913390437564,0.4978129602902245
2010_06_IND_WAS,2010,6,0.38636679935785595,-3.318988096462374,0.4905743705261184
2010_06_TEN_JAX,2010,6,0.43240127250803384,-3.1458567816245124,0.4956898292571367
2010_07_CIN_ATL,2010,7,0.6442602165616401,3.65087138941711,0.5044583498724249
2010_07_BUF_BAL,2010,7,0.8372398891711068,12.474519941169998,0.5140197847034285
2010_07_SF_CAR,2010,7,0.4656350069188391,-1.089592197525991,0.49735245531656475
2010_07_WAS_CHI,2010,7,0.6581899487537967,3.066883562416117,0.5019764867967106
2010_07_JAX_KC,2010,7,0.7611676851006521,9.14011600111636,0.5041405328471532
2010_07_PIT_MIA,2010,7,0.36709859551106055,-3.228286606314117,0.4932541600691818
2010_07_CLE_NO,2010,7,0.8449238484425445,12.382579833651985,0.5113042106847945
2010_07_STL_TB,2010,7,0.6036199624375064,2.9708217117814195,0.4991377449053953
2010_07_PHI_TEN,2010,7,0.5664528858617844,2.911998593176217,0.49739946420113895
2010_07_ARI_SEA,2010,7,0.7094987841425902,6.542173855728603,0.5012462893934153
2010_07_OAK_DEN,2010,7,0.75559749578982,7.195410965784533,0.5057744425242956
2010_07_NE_SD,2010,7,0.6030030280866701,2.398418622974467,0.4969981686084205
2010_07_MIN_GB,2010,7,0.5165519590251817,2.5989299134434534,0.5029234794095114
2010_07_NYG_DAL,2010,7,0.6331882609361454,3.623982103892766,0.5036637783682267
2010_08_MIA_CIN,2010,8,0.4659446982791676,-1.1010667941809216,0.49701337476185403
2010_08_JAX_DAL,2010,8,0.7161358744255664,6.861064509053175,0.5106686464796623
2010_08_WAS_DET,2010,8,0.567119883636341,2.3601330054970355,0.4958668252213856
2010_08_BUF_KC,2010,8,0.7148326982161907,7.2139006440331555,0.5063207733597452
2010_08_GB_NYJ,2010,8,0.7313751105903038,6.545799254289886,0.5013534239925104
2010_08_DEN_SF,2010,8,0.5345619057135784,2.1662409718293723,0.5049125093566242
2010_08_CAR_STL,2010,8,0.5394569806213961,2.44181506404509,0.4982805659874705
2010_08_TEN_SD,2010,8,0.7081180666249021,6.052453021478629,0.5015500500260898
2010_08_TB_ARI,2010,8,0.6022606286075018,3.1231832527625594,0.5036401722839033
2010_08_MIN_NE,2010,8,0.6132006305328326,5.10836490920048,0.5032022873881977
2010_08_SEA_OAK,2010,8,0.5258014383045908,1.6022572717359045,0.5030218043762344
2010_08_PIT_NO,2010,8,0.588030775415109,0.9200084410539779,0.49763616087365775
2010_08_HOU_IND,2010,8,0.6838383308580825,5.658702419349621,0.5046897516168466
2010_09_TB_ATL,2010,9,0.8389619821103602,10.45919821746971,0.5135672788426308
2010_09_MIA_BAL,2010,9,0.6508107481248396,5.127797076026281,0.503776510776047
2010_09_CHI_BUF,2010,9,0.34739851087655865,-3.1412560894135106,0.4958257779137241
2010_09_NO_CAR,2010,9,0.26892174275271397,-5.867464882159682,0.48914228314387453
2010_09_NE_CLE,2010,9,0.35010342615328427,-4.454877395057446,0.48656033383809155
2010_09_NYJ_DET,2010,9,0.29536823544589325,-5.953189087346419,0.48661019728331745
2010_09_SD_HOU,2010,9,0.43125896212023557,-3.121208208827909,0.49641819040154345
2010_09_ARI_MIN,2010,9,0.7790580444245766,7.313865344972832,0.5092742871894883
2010_09_NYG_SEA,2010,9,0.27930306889925205,-7.41286766747627,0.48780113358712485
2010_09_KC_OAK,2010,9,0.43917206240795403,-1.00379762051207,0.49988777545428126
2010_09_IND_PHI,2010,9,0.635146846548863,3.522896390357611,0.5006766173187447
2010_09_DAL_GB,2010,9,0.7252081644990851,7.244360022687273,0.5072207571586314
2010_09_PIT_CIN,2010,9,0.3291603318909499,-5.301910562201373,0.4910789000675005
2010_10_BAL_ATL,2010,10,0.5636801324406728,0.9772557629978951,0.49932787900124737
2010_10_DET_BUF,2010,10,0.5680460601904208,1.4885317786099201,0.4996610994190198
2010_10_MIN_CHI,2010,10,0.4828157816265831,0.7670371187128637,0.49311599032182374
2010_10_NYJ_CLE,2010,10,0.3894533143012314,-3.765160500527803,0.49216467159689664
2010_10_CIN_IND,2010,10,0.7074699125280787,6.784232613071066,0.5083988170302012
2010_10_HOU_JAX,2010,10,0.49099777278606965,0.8390051657355638,0.4952425093368411
2010_10_TEN_MIA,2010,10,0.5721355084759673,1.0251569441581951,0.5007434194712512
2010_10_CAR_TB,2010,10,0.6884925964552546,7.017561247055712,0.5005189571830544
2010_10_KC_DEN,2010,10,0.5002722715945852,-1.2851440880283282,0.4915742537065544
2010_10_SEA_ARI,2010,10,0.6280183306249505,3.6336104154685693,0.5039482943451066
2010_10_DAL_NYG,2010,10,0.8207005843859488,11.8038465958362,0.5089782978074697
2010_10_STL_SF,2010,10,0.6784245199429779,4.689917209540416,0.5056121115283135
2010_10_NE_PIT,2010,10,0.6245336260001413,4.4825813242940855,0.4994852559792919
2010_10_PHI_WAS,2010,10,0.38046078103118347,-3.8527402520703062,0.48957726001531404
2010_11_CHI_MIA,2010,11,0.5644548046612173,2.6050559984230897,0.5031045078941834
2010_11_BAL_CAR,2010,11,0.14358586745697932,-13.544271027936228,0.48392045053578375
2010_11_BUF_CIN,2010,11,0.6455392288976999,4.102055906152971,0.5030158539358739
2010_11_DET_DAL,2010,11,0.650311252815789,5.18369813107832,0.5054283473951356
2010_11_CLE_JAX,2010,11,0.5623646149604397,2.49071596574121,0.4997256449254384
2010_11_ARI_KC,2010,11,0.738657387643248,7.180668492144781,0.5053388258388635
2010_11_GB_MIN,2010,11,0.48896259611208376,-3.2295618413847356,0.4932164806582993
2010_11_HOU_NYJ,2010,11,0.6917570758444899,6.756371115484451,0.5075756392794577
2010_11_OAK_PIT,2010,11,0.7362486436105417,7.146916241508341,0.5043414772979913
2010_11_WAS_TEN,2010,11,0.6915462606613191,7.250080530420053,0.5073897771403372
2010_11_SEA_NO,2010,11,0.8487121451505755,11.424896510906127,0.5125541630486754
2010_11_TB_SF,2010,11,0.6359541967819098,3.696254784948044,0.5057993758372145
2010_11_ATL_STL,2010,11,0.31606794461488447,-3.878854205583302,0.4888058426211899
2010_11_IND_NE,2010,11,0.6598613416934318,4.088759110349137,0.5026229264280891
2010_11_NYG_PHI,2010,11,0.555981770441199,3.5628787280971563,0.5018581401834897
2010_11_DEN_SD,2010,11,0.7474475280572689,9.292529894184934,0.508643956367038
2010_12_NE_DET,2010,12,0.29821085351864274,-6.498506911203351,0.4852718298747053
2010_12_NO_DAL,2010,12,0.2990215217252393,-4.732958614914516,0.49311611637982544
2010_12_CIN_NYJ,2010,12,0.7977916185915515,10.338460800626601,0.5100009021869408
2010_12_GB_ATL,2010,12,0.5910496725026202,2.32319754520235,0.494775410500387
2010_12_PIT_BUF,2010,12,0.333721546830303,-6.8414243997502275,0.4899115474269855
2010_12_CAR_CLE,2010,12,0.7645363935833144,9.247693759095824,0.5073192569781998
2010_12_TEN_HOU,2010,12,0.7134128227564958,5.024711248187161,0.5007302486072687
2010_12_JAX_NYG,2010,12,0.746202571071142,8.186930495659912,0.5055238589067682
2010_12_MIN_WAS,2010,12,0.4277199529125687,-1.242282889919113,0.4928406148040094
2010_12_MIA_OAK,2010,12,0.5025732347040461,2.897486686011633,0.49697062946506393
2010_12_KC_SEA,2010,12,0.4339773528820332,-1.2587417935103282,0.492354316898859
2010_12_TB_BAL,2010,12,0.7545456316539773,7.866055618868709,0.5108160866878013
2010_12_PHI_CHI,2010,12,0.4466676327156785,-3.30551386196686,0.490972444890587
2010_12_STL_DEN,2010,12,0.6714955858460105,3.08592990239372,0.5025393214615774
2010_12_SD_IND,2010,12,0.574788825864976,2.020635706378579,0.5006098113003312
2010_12_SF_ARI,2010,12,0.49258220278317627,-1.093487899597508,0.49723733498069655
2010_13_HOU_PHI,2010,13,0.7025179169528135,8.711159974254443,0.5062397930955456
2010_13_NO_CIN,2010,13,0.2592032175625939,-6.888589914548434,0.4885182561617648
2010_13_CHI_DET,2010,13,0.29261598887389406,-5.309589199258879,0.49085204470547833
2010_13_SF_GB,2010,13,0.7951466485326919,9.39576207784474,0.5116936010290095
2010_13_DEN_KC,2010,13,0.7279209494875083,9.178510021651059,0.5052750459166674
2010_13_CLE_MIA,2010,13,0.7005212063535697,6.194102067775102,0.5057357669375191
2010_13_BUF_MIN,2010,13,0.6871571852224767,5.177874622795174,0.5052562707027752
2010_13_WAS_NYG,2010,13,0.7474936212281018,7.348525397106831,0.5102982276301373
2010_13_JAX_TEN,2010,13,0.545668645855065,2.9569478909099134,0.49872775722486185
2010_13_OAK_SD,2010,13,0.8489713566503975,12.837445575796492,0.5099709103927955
2010_13_STL_ARI,2010,13,0.44078138090958446,-3.126377422354987,0.49626543994822153
2010_13_DAL_IND,2010,13,0.7023502334660487,5.637644080102067,0.5040674882824356
2010_13_CAR_SEA,2010,13,0.6679283455952958,4.494285777718566,0.4998311374222515
2010_13_ATL_TB,2010,13,0.36279892094685723,-3.343203810952487,0.4898589804501719
2010_13_PIT_BAL,2010,13,0.6187840962818436,3.014828050870594,0.5004381877954652
2010_13_NYJ_NE,2010,13,0.6278795237951665,4.066709749129638,0.5019713504544826
2010_14_IND_TEN,2010,14,0.3664185281978941,-3.24873996396307,0.49264983155422937
2010_14_CLE_BUF,2010,14,0.5468167757228258,0.9403860794883597,0.4982383380666039
2010_14_ATL_CAR,2010,14,0.2443336535832808,-7.543377826740324,0.4839468243667766
2010_14_GB_DET,2010,14,0.22727434250163814,-7.642316180085616,0.48102589376517807
2010_14_OAK_JAX,2010,14,0.6828083676494097,3.592219475299391,0.502725182344305
2010_14_CIN_PIT,2010,14,0.7797255372013782,9.377903766899768,0.5111660817290282
2010_14_TB_WAS,2010,14,0.4942243594591921,-1.1467779997049632,0.49566260768257464
2010_14_STL_NO,2010,14,0.8455242768881439,9.985882761705122,0.5143553582243214
2010_14_SEA_SF,2010,14,0.6387764202175433,4.725662684212203,0.5066683106326957
2010_14_DEN_ARI,2010,14,0.33385266385104895,-4.210058155900961,0.4937927630851329
2010_14_NE_CHI,2010,14,0.37436574460170735,-3.3365685825569598,0.49005499780606776
2010_14_MIA_NYJ,2010,14,0.6471217650668736,5.115357192733395,0.5034089112213199
2010_14_KC_SD,2010,14,0.7883377888855443,10.175210510646744,0.5051775495102698
2010_14_PHI_DAL,2010,14,0.35494283856299186,-4.278580383517471,0.49176817730253714
2010_14_NYG_MIN,2010,14,0.4029659671732886,-4.548360324285456,0.49857089357121087
2010_14_BAL_HOU,2010,14,0.4319996732798536,-3.1582935022508485,0.4953223315740367
2010_15_SF_SD,2010,15,0.8290824962860399,10.31890153292901,0.5094230721244795
2010_15_NO_BAL,2010,15,0.4927710418722773,0.9171982911926775,0.49755311885777553
2010_15_ARI_CAR,2010,15,0.5641592725627155,2.4224785732140073,0.4977091551985947
2010_15_CLE_CIN,2010,15,0.5003167383191014,0.9366169790854114,0.4981269574811919
2010_15_WAS_DAL,2010,15,0.766795346046013,9.809327700855828,0.5091402297119831
2010_15_JAX_IND,2010,15,0.6239351514959136,4.0544906488541805,0.5016102640508667
2010_15_BUF_MIA,2010,15,0.6777525650217406,5.700300965657531,0.505918932760139
2010_15_PHI_NYG,2010,15,0.6492274831967629,2.9395843273032347,0.49821464549738753
2010_15_KC_STL,2010,15,0.5583767855102417,2.8633133394296237,0.49596080322988917
2010_15_DET_TB,2010,15,0.6265762451879907,3.564343067765254,0.5019014128146831
2010_15_HOU_TEN,2010,15,0.5130206380011298,1.8209868337909754,0.4947100868210753
2010_15_ATL_SEA,2010,15,0.3282655953969265,-6.006318858107163,0.48504113665932524
2010_15_DEN_OAK,2010,15,0.6953842226939969,9.201943510175763,0.5059674666668105
2010_15_NYJ_PIT,2010,15,0.6060232782970599,3.5850207044584157,0.5025124540373291
2010_15_GB_NE,2010,15,0.8711711628072356,14.236799219332473,0.506997361219975
2010_15_CHI_MIN,2010,15,0.3934010710577454,-5.402062093063826,0.5028941651266804
2010_16_CAR_PIT,2010,16,0.8723610447364022,14.583430801529769,0.5172357615716864
2010_16_DAL_ARI,2010,16,0.30076924103067687,-7.341177126770892,0.4899188523251832
2010_16_NE_BUF,2010,16,0.26594435185024645,-7.5793492031386895,0.48288474308462265
2010_16_NYJ_CHI,2010,16,0.553230175289865,1.3596003078433319,0.4958510841719191
2010_16_BAL_CLE,2010,16,0.4142718163660807,-3.816906169624276,0.4906358770684699
2010_16_WAS_JAX,2010,16,0.7335082900461765,7.244130360634479,0.5072139714616658
2010_16_TEN_KC,2010,16,0.6502039877597868,4.041532532285152,0.5012273375558278
2010_16_DET_MIA,2010,16,0.6461174094517126,3.6827610435165616,0.5054006578087196
2010_16_SF_STL,2010,16,0.5711530026346171,1.9018116968577434,0.4970984355401299
2010_16_SD_CIN,2010,16,0.229044365418352,-9.411266747291624,0.4878484207942834
2010_16_HOU_DEN,2010,16,0.41720880468934185,-2.261108017389881,0.4922844049140272
2010_16_IND_OAK,2010,16,0.43098679977178683,-1.1845841748825663,0.4945454713119445
2010_16_NYG_GB,2010,16,0.5889389406970708,3.096267308346839,0.5028447980770286
2010_16_SEA_TB,2010,16,0.6278393739752045,5.132690816505574,0.5039211203404026
2010_16_NO_ATL,2010,16,0.5176871600471371,1.9411035786933037,0.4982595408822832
2010_16_MIN_PHI,2010,16,0.8381778479566528,14.350667048205192,0.5103614949442012
2010_17_CAR_ATL,2010,17,0.8793978297147801,14.528825570196222,0.5156234767931632
2010_17_CIN_BAL,2010,17,0.7954800807755709,9.824637343386353,0.5095925245247407
2010_17_PIT_CLE,2010,17,0.32192756507853293,-6.869269213515288,0.4890889826888855
2010_17_MIN_DET,2010,17,0.5549007036695717,3.349721703058094,0.4955591756792263
2010_17_OAK_KC,2010,17,0.6448582591386515,4.571612956407722,0.5021162446035625
2010_17_MIA_NE,2010,17,0.6622537882473365,4.391648587008604,0.5115720937919097
2010_17_TB_NO,2010,17,0.7715592281535425,7.383176200816024,0.5113218270114523
2010_17_BUF_NYJ,2010,17,0.5647633102211672,1.300893417442081,0.5088910494932014
2010_17_SD_DEN,2010,17,0.3466339732328287,-5.419300682712756,0.48761112002613705
2010_17_CHI_GB,2010,17,0.8122323703556847,11.355210892830431,0.5104957254880933
2010_17_JAX_HOU,2010,17,0.7148820837367498,4.610017237745396,0.5032511142145616
2010_17_TEN_IND,2010,17,0.7736706843460155,9.313243690754568,0.5092559214660515
2010_17_DAL_PHI,2010,17,0.48834109552349403,-1.298916247604318,0.505942062554244
2010_17_ARI_SF,2010,17,0.6528954203935071,6.156284375047454,0.5046183001750698
2010_17_NYG_WAS,2010,17,0.32678368475906366,-4.855378018611551,0.48949933744125795
2010_17_STL_SEA,2010,17,0.4219177384930269,-3.156925609105897,0.49536275181265277
2010_18_NO_SEA,2010,18,0.1971843044542286,-10.040225825354781,0.48403989505771117
2010_18_NYJ_IND,2010,18,0.5523598587544686,0.9788330558335547,0.4993744899618537
2010_18_BAL_KC,2010,18,0.3889746056532835,-3.235115215001266,0.4930523956628251
2010_18_GB_PHI,2010,18,0.5119689520007107,0.9092589975753431,0.4973185074185167
2010_19_BAL_PIT,2010,19,0.6130592965536706,3.5642904257965498,0.5018998571947793
2010_19_GB_ATL,2010,19,0.4960700157401573,0.8204023820052564,0.4946928170460265
2010_19_SEA_CHI,2010,19,0.7873754249848103,10.27376193512962,0.5080894611724304
2010_19_NYJ_NE,2010,19,0.7950280623517176,9.809132084948384,0.5091344505278372
2010_20_GB_CHI,2010,20,0.35740751679245325,-3.8317625027276176,0.49019698011246465
2010_20_NYJ_PIT,2010,20,0.6370615328149333,4.094922672047907,0.5028050633494415
2010_21_PIT_GB,2010,21,0.6141819170616609,3.0504918228560816,0.5014920945177097
2011_01_NO_GB,2011,1,0.615492819338568,4.646271186189411,0.5043224162114406
2011_01_PIT_BAL,2011,1,0.5170101130122744,0.8821446270353287,0.4965172671090438
2011_01_ATL_CHI,2011,1,0.47217267228706267,-1.0867979771619085,0.49743502634278947
2011_01_CIN_CLE,2011,1,0.7072875889844079,6.458222952032464,0.498765436727167
2011_01_IND_HOU,2011,1,0.7819936081789824,8.98647354044619,0.49960027587279654
2011_01_TEN_JAX,2011,1,0.48420016052912923,-0.978708073489927,0.5006292034218148
2011_01_BUF_KC,2011,1,0.6010415102880154,3.66566463394777,0.5048954791212876
2011_01_PHI_STL,2011,1,0.37598155819122164,-3.841396553939437,0.4899123700432366
2011_01_DET_TB,2011,1,0.5533385049184133,1.0892927828487098,0.5026386967906556
2011_01_CAR_ARI,2011,1,0.6991176737953242,6.531635360828125,0.5009348645510643
2011_01_MIN_SD,2011,1,0.7583260181048102,9.23941613687583,0.5070746824553134
2011_01_SEA_SF,2011,1,0.636017908980354,6.098587990915144,0.5029133754314961
2011_01_NYG_WAS,2011,1,0.4603258249385822,-1.2461600615395212,0.49272605816687376
2011_01_DAL_NYJ,2011,1,0.7006938163902551,6.599460566540374,0.5029391604644596
2011_01_NE_MIA,2011,1,0.29453399907730765,-7.374053061157563,0.4889476674317257
2011_01_OAK_DEN,2011,1,0.6228233992165193,2.8426240395748774,0.4953494442563792
2011_02_OAK_BUF,2011,2,0.6026179875018669,3.4173290412314117,0.49755698261622205
2011_02_GB_CAR,2011,2,0.1973073316136839,-11.093873964323958,0.48245592284718425
2011_02_KC_DET,2011,2,0.7714752921450191,9.185698054260996,0.505487442154181
2011_02_CLE_IND,2011,2,0.4752293629019728,-0.8754732695865596,0.5036798720973517
2011_02_TB_MIN,2011,2,0.5582912613655396,1.0638680654428927,0.5018873760462983
2011_02_CHI_NO,2011,2,0.6671824302829219,4.526278758272039,0.5007765704541067
2011_02_JAX_NYJ,2011,2,0.7532948971027728,9.150730673822641,0.5044541918059158
2011_02_SEA_PIT,2011,2,0.8558558637088178,13.878603433898908,0.5111867496701451
2011_02_BAL_TEN,2011,2,0.3229766758933463,-5.868719644783858,0.48910521708296467
2011_02_ARI_WAS,2011,2,0.672264054707251,4.632233157277222,0.5039075965754062
2011_02_DAL_SF,2011,2,0.3896663066120832,-3.1673777524086724,0.49505389988651843
2011_02_CIN_DEN,2011,2,0.6363514731984202,3.3821557146122303,0.49651759474864937
2011_02_HOU_MIA,2011,2,0.39207911125781575,-3.1898874150808725,0.49438876884899674
2011_02_SD_NE,2011,2,0.7169321155993729,6.695981375140396,0.5057912970799472
2011_02_PHI_ATL,2011,2,0.4198098876927433,-2.7280649996623136,0.4932607078940652
2011_02_STL_NYG,2011,2,0.7378322861841571,7.2902493011045575,0.5085765776196339
2011_03_NE_BUF,2011,3,0.2676031564270314,-7.43974139674757,0.4870073764759223
2011_03_JAX_CAR,2011,3,0.6010532075451771,3.3572081316110856,0.4957803961905996
2011_03_SF_CIN,2011,3,0.5547646500336806,1.0318401613575385,0.5009409166521344
2011_03_MIA_CLE,2011,3,0.4463807589814576,-1.1372670549620931,0.4959436527155397
2011_03_DET_MIN,2011,3,0.4134511401505193,-3.0814218657767967,0.4975938942312997
2011_03_HOU_NO,2011,3,0.5879293680725312,3.456785888879108,0.49872296988191955
2011_03_NYG_PHI,2011,3,0.7504611701934425,9.12722690036744,0.5037596621070756
2011_03_DEN_TEN,2011,3,0.7060314662938522,7.171665695754937,0.5050728043376201
2011_03_NYJ_OAK,2011,3,0.45376239306959093,-1.1085946247970182,0.49679092444104106
2011_03_KC_SD,2011,3,0.8759649559165008,14.441239891604884,0.5130368823988843
2011_03_BAL_STL,2011,3,0.32347277569460003,-5.881869388393626,0.48871677546880893
2011_03_GB_CHI,2011,3,0.3609957549144864,-4.338254330935815,0.49000519734060705
2011_03_ARI_SEA,2011,3,0.42971393727111523,-3.0831236424055706,0.49754360548750437
2011_03_ATL_TB,2011,3,0.5461581486790116,0.9139489288343885,0.4974570979187519
2011_03_PIT_IND,2011,3,0.2036318866204596,-10.833512745228644,0.4901452739045761
2011_03_WAS_DAL,2011,3,0.6207657585339441,3.7266646832017702,0.5066979168305121
2011_04_CAR_CHI,2011,4,0.7095151551001554,7.16969948838737,0.5050147050369097
2011_04_BUF_CIN,2011,4,0.39274529558064003,-3.1467711939688083,0.4956628087889034
2011_04_TEN_CLE,2011,4,0.5387919923409599,0.9018001112591444,0.49709809317991793
2011_04_DET_DAL,2011,4,0.578516157910013,2.5209774598141093,0.5006199105398106
2011_04_PIT_HOU,2011,4,0.6452937614470192,3.955216120378664,0.49867658145978344
2011_04_NO_JAX,2011,4,0.23579269180138446,-9.303518412023358,0.4910313979908158
2011_04_MIN_KC,2011,4,0.36398020818846233,-3.2686939986713806,0.4920602726133174
2011_04_SF_PHI,2011,4,0.8002591796456688,9.756299412851156,0.5075735207567991
2011_04_WAS_STL,2011,4,0.4030593148358926,-3.2284678595136986,0.49324880457149556
2011_04_NYG_ARI,2011,4,0.41916107884860854,-1.3315041658926954,0.4902046119934987
2011_04_ATL_SEA,2011,4,0.3189137676761342,-6.237674240827161,0.49297678476715073
2011_04_DEN_GB,2011,4,0.8478667351937823,12.632177046095766,0.518674815474603
2011_04_NE_OAK,2011,4,0.28620954069737103,-6.333597221078629,0.49014277829694575
2011_04_MIA_SD,2011,4,0.726523769794958,6.726782698130557,0.5067014038309312
2011_04_NYJ_BAL,2011,4,0.6543931859574897,5.17815964110438,0.5052646926263993
2011_04_IND_TB,2011,4,0.7712355359963905,10.110696794904577,0.5032711953275054
2011_05_PHI_BUF,2011,5,0.3992744395059527,-3.1168593585735787,0.4965466994970886
2011_05_NO_CAR,2011,5,0.30221607993599814,-6.883991263047668,0.4886540965771076
2011_05_OAK_HOU,2011,5,0.7013163961999919,4.651334210273315,0.5044720259644607
2011_05_KC_IND,2011,5,0.5768477748070954,1.0931796995768437,0.5027535575318506
2011_05_CIN_JAX,2011,5,0.4576049767277857,-1.106778244886993,0.4968445990847055
2011_05_ARI_MIN,2011,5,0.6477743572980801,3.6664871650772595,0.5049197841298291
2011_05_SEA_NYG,2011,5,0.8002914704965616,10.343355280543722,0.5101454942232635
2011_05_TEN_PIT,2011,5,0.6384624400443566,3.1657803287965898,0.504898897794567
2011_05_TB_SF,2011,5,0.5654413942668854,2.451100020813732,0.4985549461815863
2011_05_SD_DEN,2011,5,0.3679532449589016,-3.856468101730512,0.48946713528350133
2011_05_NYJ_NE,2011,5,0.7681819826449513,7.922223553126025,0.5124752125930927
2011_05_GB_ATL,2011,5,0.299209485659113,-6.439924994785302,0.48700195379767036
2011_05_CHI_DET,2011,5,0.7135487611758449,6.628621310930838,0.5038008668741236
2011_06_CAR_ATL,2011,6,0.5998043370498867,3.5887134985147133,0.5026215785691149
2011_06_IND_CIN,2011,6,0.6541187696459752,5.135321336972573,0.503998851757577
2011_06_SF_DET,2011,6,0.673441548755455,5.5333643990119885,0.50098595969452
2011_06_STL_GB,2011,6,0.8751838208586072,14.70876836346054,0.5209353942482277
2011_06_BUF_NYG,2011,6,0.6481149189251588,3.0306351910614837,0.5009053083328261
2011_06_JAX_PIT,2011,6,0.8443565897498102,12.984846000806712,0.5143247404075748
2011_06_PHI_WAS,2011,6,0.3841740627081953,-3.1883478897742052,0.4944342593285843
2011_06_HOU_BAL,2011,6,0.6525724028801021,7.123539909638984,0.503650711511105
2011_06_CLE_OAK,2011,6,0.6931725803125498,6.7544871661134795,0.5075199761284532
2011_06_DAL_NE,2011,6,0.7521746680242722,6.846738742295134,0.5102454471954952
2011_06_NO_TB,2011,6,0.29789362970390676,-6.256669440799756,0.49241554641698687
2011_06_MIN_CHI,2011,6,0.49569373950098167,0.8158077972743368,0.49455705351052814
2011_06_MIA_NYJ,2011,6,0.7265843810211112,7.110842739815171,0.5032755080412485
2011_07_WAS_CAR,2011,7,0.5321387700533058,1.5077074217791693,0.5002277641669303
2011_07_SEA_CLE,2011,7,0.6236637797635559,3.0129951203169303,0.5003840223801997
2011_07_ATL_DET,2011,7,0.6368729672141766,4.559718499084688,0.5017647523339094
2011_07_DEN_MIA,2011,7,0.48548166786274877,-0.9431897161827721,0.501678811650725
2011_07_SD_NYJ,2011,7,0.4313695906741116,-1.160462748092499,0.49525823204992847
2011_07_CHI_TB,2011,7,0.44308924054493126,-1.5198292290097617,0.49941402111146377
2011_07_HOU_TEN,2011,7,0.5495899673571464,2.808093724068923,0.494329114891047
2011_07_PIT_ARI,2011,7,0.33906334104303043,-4.494520312113998,0.48538955932831485
2011_07_KC_OAK,2011,7,0.6153053957447439,3.6756311469194762,0.5051899788011834
2011_07_STL_DAL,2011,7,0.8612951319797267,14.40490822128227,0.5119637624554536
2011_07_GB_MIN,2011,7,0.207923999916336,-10.408162868170121,0.48794010216267053
2011_07_IND_NO,2011,7,0.8641892417146032,13.865219360698271,0.5107913832507857
2011_07_BAL_JAX,2011,7,0.2222429752945137,-10.54253625496146,0.4839716737840946
2011_08_ARI_BAL,2011,8,0.827495359301145,12.443505100777346,0.5131037863002545
2011_08_MIN_CAR,2011,8,0.6239844866881917,3.0144276006656634,0.5004263539862687
2011_08_JAX_HOU,2011,8,0.7990848617337496,10.378846624439626,0.5111939334345094
2011_08_MIA_NYG,2011,8,0.7754004721782335,9.656409685448077,0.5046220030094785
2011_08_NO_STL,2011,8,0.11853692395247957,-14.26898717564041,0.4772877276053289
2011_08_IND_TEN,2011,8,0.7517418867240973,9.15112801158897,0.5044659329117235
2011_08_WAS_BUF,2011,8,0.6023279040751879,4.204521947276108,0.5060436541497654
2011_08_DET_DEN,2011,8,0.3987538226074912,-3.264661786178994,0.49217940640707675
2011_08_NE_PIT,2011,8,0.3716490730303357,-3.185459600234614,0.4945196038017636
2011_08_CIN_SEA,2011,8,0.47388629632041834,-1.1742769109611457,0.4948500372443395
2011_08_CLE_SF,2011,8,0.7513977750472057,9.321601366424787,0.5095028332141226
2011_08_DAL_PHI,2011,8,0.5941039753694837,3.0158252606989437,0.500467656603353
2011_08_SD_KC,2011,8,0.32388940547039075,-3.303832099498006,0.4910221304693945
2011_09_NYJ_BUF,2011,9,0.5740579152831147,2.5643927725496742,0.5019028816379904
2011_09_SEA_DAL,2011,9,0.8001591507195056,11.225237850496546,0.5066557580031265
2011_09_CLE_HOU,2011,9,0.8147171576884201,10.943588661327407,0.5131062542890465
2011_09_ATL_IND,2011,9,0.29007924139327784,-6.881717091730973,0.48872127423068873
2011_09_MIA_KC,2011,9,0.595753572007027,4.984651645577861,0.4995464365781866
2011_09_TB_NO,2011,9,0.7996142723741759,9.31202086013711,0.5092197949445121
2011_09_SF_WAS,2011,9,0.34668375500805826,-5.40570949306511,0.4880125696069419
2011_09_DEN_OAK,2011,9,0.72421916159278,7.298973167142857,0.5088343176422933
2011_09_CIN_TEN,2011,9,0.5336543205982042,1.3145301675995735,0.4945193014566994
2011_09_STL_ARI,2011,9,0.5177176831117536,1.0515316294044939,0.5015228219128247
2011_09_NYG_NE,2011,9,0.8036289039431287,9.873351523459027,0.5110316091727147
2011_09_GB_SD,2011,9,0.34084551152727205,-5.746539874454828,0.49271483607765937
2011_09_BAL_PIT,2011,9,0.6234952748627238,3.5563064598882432,0.5016639231393768
2011_09_CHI_PHI,2011,9,0.783679908873142,9.20684179510346,0.5061122006662645
2011_10_OAK_SD,2011,10,0.7527976826341481,7.682337555825469,0.5053881443494611
2011_10_NO_ATL,2011,10,0.4893104177121601,0.7903730060678685,0.49380550293406406
2011_10_TEN_CAR,2011,10,0.6476048627990462,3.658252156132722,0.5046764466792159
2011_10_PIT_CIN,2011,10,0.3763762469747331,-3.7473587612357098,0.492690640973475
2011_10_STL_CLE,2011,10,0.5735792624080401,2.461558114941567,0.4988639946249887
2011_10_BUF_DAL,2011,10,0.6797083807167962,4.539231575635332,0.5011593416458177
2011_10_JAX_IND,2011,10,0.3829815016329425,-3.2357035523148654,0.4930350121852574
2011_10_DEN_KC,2011,10,0.5462425700646406,3.0151821972576354,0.5004486532680553
2011_10_WAS_MIA,2011,10,0.6593372626036172,4.231887508195947,0.5068522357363018
2011_10_ARI_PHI,2011,10,0.8844540496222398,14.001790704312278,0.5148251438408755
2011_10_HOU_TB,2011,10,0.3619857213830523,-3.865730420556641,0.489193519809552
2011_10_BAL_SEA,2011,10,0.3151227488665023,-7.381515801748316,0.4887272202312135
2011_10_DET_CHI,2011,10,0.5973074162225857,2.4512009893788185,0.49855792991239367
2011_10_NYG_SF,2011,10,0.6234647358610119,4.142525641695386,0.504211736909082
2011_10_NE_NYJ,2011,10,0.5399858162767148,2.2450005044538455,0.49246488657624043
2011_10_MIN_GB,2011,10,0.8481452392174353,12.940926857458782,0.5130276367754107
2011_11_NYJ_DEN,2011,11,0.28499053422663845,-6.772269373941006,0.491954636902542
2011_11_CIN_BAL,2011,11,0.7188837810955773,7.1969133649304124,0.5058188356554003
2011_11_JAX_CLE,2011,11,0.5158264852319248,0.8233065821362775,0.4947786324052067
2011_11_CAR_DET,2011,11,0.728054281754245,7.227331620865152,0.5067176229061833
2011_11_TB_GB,2011,11,0.8616885022700721,14.057561021856838,0.5164719588964182
2011_11_BUF_MIA,2011,11,0.6244614216056052,3.039984088048088,0.5011815792551408
2011_11_OAK_MIN,2011,11,0.5125652099531672,0.8847641541919843,0.49659467460487544
2011_11_DAL_WAS,2011,11,0.27986737496984077,-7.360024240322084,0.48936208383155194
2011_11_ARI_SF,2011,11,0.8216255295770435,10.423146356517389,0.5125024692511756
2011_11_SEA_STL,2011,11,0.5742108075364387,2.916706217488849,0.4975385777251035
2011_11_TEN_ATL,2011,11,0.7043629991845524,6.22667138201073,0.5066981147609901
2011_11_SD_CHI,2011,11,0.5999055358600647,4.464292724691622,0.49894480553860904
2011_11_PHI_NYG,2011,11,0.6681626152254444,5.9089975492004925,0.4973107814594102
2011_11_KC_NE,2011,11,0.9267011700225182,17.609350695426997,0.5180009804262343
2011_12_GB_DET,2011,12,0.3925656095818838,-4.25305467257173,0.4925223484107807
2011_12_MIA_DAL,2011,12,0.7196932573234505,7.080228737395576,0.5023708479297191
2011_12_SF_BAL,2011,12,0.5720366815768214,2.973506982798178,0.49921709793235425
2011_12_MIN_ATL,2011,12,0.7910960198574354,10.298383713598245,0.5088169027982155
2011_12_CLE_CIN,2011,12,0.6986125669087724,6.788833874371964,0.5085347595670981
2011_12_CAR_IND,2011,12,0.38279877181289684,-3.757952420757519,0.49237763960313385
2011_12_HOU_JAX,2011,12,0.3021066968956509,-6.407259256275715,0.48796679287585987
2011_12_BUF_NYJ,2011,12,0.7851622251382127,9.717161282910578,0.506417117132767
2011_12_ARI_STL,2011,12,0.5488034295314173,0.9717377604019897,0.49916481525343787
2011_12_TB_TEN,2011,12,0.5733548464282981,2.9771765104527015,0.49932553699042664
2011_12_CHI_OAK,2011,12,0.577090909876949,2.9615955909177116,0.4988651020835686
2011_12_WAS_SEA,2011,12,0.5949647323980285,3.0735029080660126,0.5021720942875433
2011_12_NE_PHI,2011,12,0.3985521844850391,-3.174255908233612,0.4948506578501135
2011_12_DEN_SD,2011,12,0.6946471040748641,4.737589033887044,0.5070206976487589
2011_12_PIT_KC,2011,12,0.17169087148660406,-11.061430989539586,0.4834137767786231
2011_12_NYG_NO,2011,12,0.7463756686731475,7.279256182957918,0.50825178917406
2011_13_PHI_SEA,2011,13,0.3838476652686504,-3.3257578409640938,0.4903743729431063
2011_13_TEN_BUF,2011,13,0.5650579208911577,1.020245144398745,0.5005982697071262
2011_13_KC_CHI,2011,13,0.803302006073046,9.342454988494833,0.5101188980218667
2011_13_ATL_HOU,2011,13,0.46187401719255866,-1.0022535418645016,0.49993340495361266
2011_13_OAK_MIA,2011,13,0.6043524336994045,3.508121882167939,0.5002400119998347
2011_13_DEN_MIN,2011,13,0.5355912659395282,0.989065481015451,0.4996768710028282
2011_13_IND_NE,2011,13,0.9450713228335119,21.290679439150242,0.523352237855437
2011_13_CIN_PIT,2011,13,0.7157437326700318,7.239256755902381,0.50706997328365
2011_13_CAR_TB,2011,13,0.4766834415262857,-1.0748246532447667,0.4977888470399626
2011_13_NYJ_WAS,2011,13,0.3830756621333536,-3.282642252415704,0.4916481698056805
2011_13_BAL_CLE,2011,13,0.2895901568639907,-7.455562750705944,0.48654009221243333
2011_13_DAL_ARI,2011,13,0.3527096134685874,-4.353783978012932,0.4895464271357988
2011_13_GB_NYG,2011,13,0.289999301672207,-7.396097881888295,0.48829647979852137
2011_13_STL_SF,2011,13,0.8716122775212929,14.534735941439791,0.5157980003739485
2011_13_DET_NO,2011,13,0.8162541802710543,9.7772067482189,0.5081912386153756
2011_13_SD_JAX,2011,13,0.3676055592009819,-3.158276559976674,0.49532283220551276
2011_14_CLE_PIT,2011,14,0.862927111817127,14.557796969432088,0.5164789255025652
2011_14_IND_BAL,2011,14,0.886383814817955,17.069156700808836,0.516814327808447
2011_14_ATL_CAR,2011,14,0.38040530830399405,-3.2654970696875405,0.4921547274681981
2011_14_HOU_CIN,2011,14,0.5476037960401562,2.2561563540887946,0.4927944999417588
2011_14_MIN_DET,2011,14,0.7908517808789886,10.274821568902468,0.5081207682440543
2011_14_TB_JAX,2011,14,0.39701276312622213,-2.991945713905033,0.5002380144497118
2011_14_PHI_MIA,2011,14,0.5312954753940404,2.9478183074402864,0.4984579680305637
2011_14_KC_NYJ,2011,14,0.839070264133475,10.854609492273848,0.510477959472348
2011_14_NO_TEN,2011,14,0.3241504121575198,-3.9687587521737693,0.48615036193741157
2011_14_NE_WAS,2011,14,0.22950681442583332,-8.105495323885162,0.4821128354697136
2011_14_SF_ARI,2011,14,0.34325584998309555,-3.934035505413892,0.48717590459392435
2011_14_CHI_DEN,2011,14,0.5683966728167974,3.372266456698841,0.4962253666132242
2011_14_OAK_GB,2011,14,0.8226921760216137,11.839748905159386,0.5100389553178242
2011_14_BUF_SD,2011,14,0.7472194735677428,7.246674348738534,0.5072891371465866
2011_14_NYG_DAL,2011,14,0.6432464715976232,4.575869646276009,0.5022420333607501
2011_14_STL_SEA,2011,14,0.7719476569473726,9.23296057879754,0.5068839416467915
2011_15_JAX_ATL,2011,15,0.8707007126363211,14.379347022739013,0.511208715015576
2011_15_DAL_TB,2011,15,0.28482099735037364,-7.334281710845207,0.49012255693567225
2011_15_MIA_BUF,2011,15,0.4692308296643738,-1.2190831965006534,0.4935260952734199
2011_15_SEA_CHI,2011,15,0.6146658914573729,3.5904954898678807,0.502674237534615
2011_15_CAR_HOU,2011,15,0.6709661883266813,4.7665539787420945,0.5078764994837666
2011_15_TEN_IND,2011,15,0.31198909612843106,-6.75413307692555,0.49249048580385757
2011_15_GB_KC,2011,15,0.14818288621530887,-11.621334332355094,0.4816452554595349
2011_15_NO_MIN,2011,15,0.2619793859434877,-7.530106657556409,0.48433869454047734
2011_15_WAS_NYG,2011,15,0.6855295788900363,5.716701308801253,0.5064035260638603
2011_15_CIN_STL,2011,15,0.28957796046592066,-7.327542123948444,0.4903216605298035
2011_15_DET_OAK,2011,15,0.46920126895000014,-1.126150289696482,0.49627215171545
2011_15_CLE_ARI,2011,15,0.670172765229068,6.0718543542779795,0.502123378118919
2011_15_NE_DEN,2011,15,0.23688183852153702,-7.525370021240535,0.4844785612954725
2011_15_NYJ_PHI,2011,15,0.6291729340350732,3.0373557356085894,0.5011039083949526
2011_15_BAL_SD,2011,15,0.5239118436630013,-1.0849795630851355,0.4974887617188149
2011_15_PIT_SF,2011,15,0.5866080460426251,2.9306031166923994,0.4979492423000148
2011_16_HOU_IND,2011,16,0.27173086150839687,-7.486442280654395,0.4856281179925763
2011_16_CLE_BAL,2011,16,0.7897089348321795,10.95480216647432,0.5134374443223894
2011_16_DEN_BUF,2011,16,0.4253719114713674,-3.0709786451886907,0.4979024998434951
2011_16_TB_CAR,2011,16,0.7624069036418993,9.30850437731661,0.5091159058165554
2011_16_ARI_CIN,2011,16,0.6117634343241951,3.663580583248853,0.5048338973343297
2011_16_OAK_KC,2011,16,0.567925496502314,2.858260476582347,0.49581149260479224
2011_16_MIA_NE,2011,16,0.7793654735831904,7.875233803000604,0.5110872115676972
2011_16_NYG_NYJ,2011,16,0.5483767676324716,1.5791269693329824,0.5023382898402574
2011_16_STL_PIT,2011,16,0.7769310441499268,10.478506053018561,0.5141375060533127
2011_16_JAX_TEN,2011,16,0.7358930906829917,8.550155476424981,0.5014821551191946
2011_16_MIN_WAS,2011,16,0.6696022884273858,6.05213277865391,0.5015405865116965
2011_16_SD_DET,2011,16,0.42455316208027427,-1.170691265881429,0.4949559889976523
2011_16_PHI_DAL,2011,16,0.44877007837597166,-1.5940397780813038,0.4972210266584385
2011_16_SF_SEA,2011,16,0.42472946703625797,-1.7969889191130155,0.4912243051445012
2011_16_CHI_GB,2011,16,0.8430933101138284,13.3439777001976,0.5101638815618499
2011_16_ATL_NO,2011,16,0.7592168949019104,7.185275075451612,0.5054749437687208
2011_17_DET_GB,2011,17,0.3190875789236013,-6.462013855886035,0.5011225377006971
2011_17_TEN_HOU,2011,17,0.49474743414793626,-0.7612943963746481,0.5070536885801566
2011_17_IND_JAX,2011,17,0.5940435878892502,3.0948962529522395,0.5028042826506408
2011_17_NYJ_MIA,2011,17,0.5124340132583638,1.469522916715503,0.49909936394239834
2011_17_CHI_MIN,2011,17,0.5361511168128918,1.3482529319857393,0.49551577432946603
2011_17_BUF_NE,2011,17,0.8333700661836807,10.541986448542932,0.5160120918342628
2011_17_CAR_NO,2011,17,0.7807318676559851,7.379562806528597,0.5112150891843245
2011_17_WAS_PHI,2011,17,0.7469783944821675,7.423646857881415,0.512517252434835
2011_17_SF_STL,2011,17,0.14587563932311318,-13.084966308626484,0.4827189046948092
2011_17_SEA_ARI,2011,17,0.566778360432797,2.3551494617041264,0.4957195633119734
2011_17_TB_ATL,2011,17,0.8144498446203423,10.523875509510967,0.5154773073055315
2011_17_BAL_CIN,2011,17,0.43815946739831807,-2.6542310646051823,0.49544237376414335
2011_17_PIT_CLE,2011,17,0.2692133057839313,-7.510626751688619,0.48491392315650345
2011_17_KC_DEN,2011,17,0.5538840149472511,0.9710524981899078,0.4991445649233755
2011_17_SD_OAK,2011,17,0.5132865762342653,2.329860975330253,0.49497230713215207
2011_17_DAL_NYG,2011,17,0.5908701465299795,2.8953549526313123,0.49690763586923153
2011_18_CIN_HOU,2011,18,0.6665505865280622,4.165330282124294,0.5048855993393424
2011_18_DET_NO,2011,18,0.8379563492426446,10.85603602930765,0.510520100868366
2011_18_ATL_NYG,2011,18,0.5840374963386585,2.8375253735431722,0.4951987827215266
2011_18_PIT_DEN,2011,18,0.24801767785438653,-7.986953148269935,0.48561303100825515
2011_19_NO_SF,2011,19,0.3325458640472464,-3.770617261961955,0.492003449058165
2011_19_DEN_NE,2011,19,0.8948704142546405,14.562352251843498,0.5166134241306359
2011_19_HOU_BAL,2011,19,0.6701922709536374,7.5262337575633556,0.500775240628078
2011_19_NYG_GB,2011,19,0.7853336649599606,8.701957938574704,0.505967892996763
2011_20_BAL_NE,2011,20,0.7841240432307248,7.228883832218993,0.5067634861909939
2011_20_NYG_SF,2011,20,0.5770185564469386,2.087179362434471,0.5025762438462271
2011_21_NYG_NE,2011,21,0.6768549526255215,3.2373256514127027,0.5070129155634404
2012_01_DAL_NYG,2012,1,0.6037875437333345,3.5606230969535626,0.5017914840933179
2012_01_IND_CHI,2012,1,0.7925306028987734,10.309520107087987,0.5091459140691239
2012_01_PHI_CLE,2012,1,0.2238071564890534,-9.483161997385533,0.48572499207630654
2012_01_STL_DET,2012,1,0.7886018493655372,9.422081615462524,0.5124710202037128
2012_01_MIA_HOU,2012,1,0.8563178464658912,13.287175887018863,0.5084857750669131
2012_01_ATL_KC,2012,1,0.4272955407793575,-1.2824410641523256,0.4916541138744267
2012_01_JAX_MIN,2012,1,0.6157873476681304,3.513286742615899,0.5003926401883366
2012_01_WAS_NO,2012,1,0.8321667734058429,10.075113841140329,0.5169902109065925
2012_01_BUF_NYJ,2012,1,0.6364016157708856,3.1974780089035684,0.505835519827546
2012_01_NE_TEN,2012,1,0.3191713163129459,-4.921735765881845,0.48753919510413535
2012_01_SEA_ARI,2012,1,0.4589460648283796,-1.1288765429870713,0.49619159103490795
2012_01_SF_GB,2012,1,0.7036002427471417,6.049064809602464,0.5014499247361378
2012_01_CAR_TB,2012,1,0.40771754114434905,-3.3775124440431084,0.4888454778370507
2012_01_PIT_DEN,2012,1,0.5295269984282288,2.1439907284226924,0.4894806895818954
2012_01_CIN_BAL,2012,1,0.7141919079101136,7.18618036143474,0.5055016935966964
2012_01_SD_OAK,2012,1,0.4792303503444444,0.8247979204275123,0.49482269961778474
2012_02_CHI_GB,2012,2,0.6733487865798454,5.114078216871893,0.5033711172120644
2012_02_KC_BUF,2012,2,0.6389104358851551,2.9981092399794935,0.49994412562134766
2012_02_NO_CAR,2012,2,0.34567197649018894,-3.357126342705527,0.48944769021264106
2012_02_CLE_CIN,2012,2,0.6916224094292641,7.181281310891613,0.5053569337901055
2012_02_MIN_IND,2012,2,0.3866329785735351,-3.2281267300165286,0.4932588839434457
2012_02_HOU_JAX,2012,2,0.2715748949440983,-6.969985379140159,0.48611413544298965
2012_02_OAK_MIA,2012,2,0.4549262438688532,-1.0779893332015873,0.4976953281944285
2012_02_ARI_NE,2012,2,0.8737766805713401,13.598207681336977,0.5176720192760448
2012_02_TB_NYG,2012,2,0.7695153534054887,9.318642994272505,0.5094154341058756
2012_02_BAL_PHI,2012,2,0.6219449874536379,3.048882217379204,0.5014445289377214
2012_02_DAL_SEA,2012,2,0.3609851931367773,-3.2872237385350593,0.49151281117949047
2012_02_WAS_STL,2012,2,0.3554900794684413,-3.846015102244222,0.48977593025663546
2012_02_NYJ_PIT,2012,2,0.6445963722355061,4.590883461571359,0.502685702336373
2012_02_TEN_SD,2012,2,0.72837039746427,6.85343958003503,0.5104433989538613
2012_02_DET_SF,2012,2,0.7042792906306511,7.177944882305042,0.5052583467809391
2012_02_DEN_ATL,2012,2,0.611033627296005,3.1628973773938696,0.5048137092027113
2012_03_NYG_CAR,2012,3,0.5580136351275082,2.4324580334115464,0.4980040567583635
2012_03_STL_CHI,2012,3,0.7364364472465608,7.277771552686796,0.5082079257848485
2012_03_BUF_CLE,2012,3,0.4400379160155388,-2.664703047613318,0.4951329348586583
2012_03_TB_DAL,2012,3,0.7668484844318408,7.407630917454191,0.5120441851866046
2012_03_JAX_IND,2012,3,0.6052124642043464,2.979881803619237,0.49940548176511046
2012_03_NYJ_MIA,2012,3,0.42128228880932755,-2.5472701000345874,0.49860311089125375
2012_03_SF_MIN,2012,3,0.2800368057783953,-6.966660646312896,0.48621232645240414
2012_03_KC_NO,2012,3,0.8295419798765942,9.495860302284875,0.5146500124659915
2012_03_DET_TEN,2012,3,0.383985375248625,-3.8099133109633563,0.4908424693105623
2012_03_CIN_WAS,2012,3,0.6156973579661571,3.0950624955698314,0.5028091952112026
2012_03_PHI_ARI,2012,3,0.4088264663315054,-3.3077111370410033,0.4909075293447076
2012_03_ATL_SD,2012,3,0.6256738903942559,3.085010989757666,0.5025121669611794
2012_03_HOU_DEN,2012,3,0.4567508279001988,-1.363403587581607,0.4892622556343044
2012_03_PIT_OAK,2012,3,0.37118306954726443,-3.786743137006649,0.49152701036114294
2012_03_NE_BAL,2012,3,0.5342947492163037,2.347116950762267,0.4954822067668255
2012_03_GB_SEA,2012,3,0.40668958006140304,-3.1869798604742847,0.494474682439657
2012_04_CLE_BAL,2012,4,0.8269588946149854,11.980761808227486,0.514204124448621
2012_04_CAR_ATL,2012,4,0.7451911427573655,7.330869454119805,0.5097766371045019
2012_04_NE_BUF,2012,4,0.351168480815964,-3.851448547312184,0.4896154185639724
2012_04_MIN_DET,2012,4,0.6256829128038432,3.586842895690649,0.5025663010297818
2012_04_TEN_HOU,2012,4,0.8648164994842187,13.672779918380515,0.5198732812722368
2012_04_SD_KC,2012,4,0.3990547166310544,-2.761944422216788,0.49225969271828474
2012_04_SF_NYJ,2012,4,0.34958198922616457,-3.7579750145626334,0.49237697204915576
2012_04_SEA_STL,2012,4,0.39440387984513786,-2.326898314207165,0.49034068034379863
2012_04_MIA_ARI,2012,4,0.6235705126889234,3.9728921957112657,0.49919893022279205
2012_04_OAK_DEN,2012,4,0.7173003535061218,6.5636832989621094,0.5018819160212116
2012_04_CIN_JAX,2012,4,0.5475933879360037,0.8600552781062758,0.49586452840083783
2012_04_NO_GB,2012,4,0.7022702766983027,7.544324385635601,0.501309839978722
2012_04_WAS_TB,2012,4,0.5311309880899973,1.2743823753231527,0.49333302074827085
2012_04_NYG_PHI,2012,4,0.5566449671016116,1.4923159453167463,0.4997729263605524
2012_04_CHI_DAL,2012,4,0.6173284358388555,3.140979244555685,0.504166041413315
2012_05_ARI_STL,2012,5,0.43203991263020614,-1.2779014974276988,0.4917882349948738
2012_05_MIA_CIN,2012,5,0.5830690578562704,2.950924873425104,0.4985497703861348
2012_05_GB_IND,2012,5,0.2666524775354519,-7.056630842022086,0.4835555057134734
2012_05_BAL_KC,2012,5,0.31190388466932656,-6.432192604157152,0.487230336664632
2012_05_CLE_NYG,2012,5,0.744091622340789,7.909022521009808,0.5120852900463366
2012_05_PHI_PIT,2012,5,0.607630855777344,3.9482136131425443,0.4984696497334616
2012_05_ATL_WAS,2012,5,0.3719568937919583,-3.196228064306592,0.494201413708521
2012_05_SEA_CAR,2012,5,0.48990872269393443,0.8909442011390005,0.49677729659992237
2012_05_CHI_JAX,2012,5,0.3393197413489467,-6.275177713826217,0.49186870940093
2012_05_TEN_MIN,2012,5,0.7269025054568055,6.345927605176729,0.5102214849419695
2012_05_DEN_NE,2012,5,0.7113889640398375,6.373497773218711,0.5110359293872262
2012_05_BUF_SF,2012,5,0.8180809180807321,10.498546136674985,0.5147293284981034
2012_05_SD_NO,2012,5,0.6689265165826005,3.565826308422982,0.5019452439653049
2012_05_HOU_NYJ,2012,5,0.21545433134207773,-9.96839117714955,0.4861612177087637
2012_06_PIT_TEN,2012,6,0.2865875884708968,-6.0082786785255795,0.48498326233347394
2012_06_OAK_ATL,2012,6,0.8120853648637406,10.405113755500803,0.5119698335219581
2012_06_DAL_BAL,2012,6,0.5887516617193472,3.128021456822442,0.5037831412181699
2012_06_CIN_CLE,2012,6,0.5081613301050723,-1.202240903445786,0.49402374596604465
2012_06_STL_MIA,2012,6,0.6724207317199665,5.7390256551473255,0.5070631450319303
2012_06_IND_NYJ,2012,6,0.618471240613065,3.6709824367561117,0.505052614785476
2012_06_DET_PHI,2012,6,0.6110903751585205,3.618788208428511,0.5035102983141863
2012_06_KC_TB,2012,6,0.6476586593583097,4.980810609100888,0.4994329291268996
2012_06_BUF_ARI,2012,6,0.6518024962933932,5.107421731746526,0.5031744161772758
2012_06_NE_SEA,2012,6,0.3457815643189362,-3.8959306972331165,0.4883014181938653
2012_06_NYG_SF,2012,6,0.7478762797016976,7.34295564068568,0.5101336881685977
2012_06_MIN_WAS,2012,6,0.39583155037670975,-1.62186495667131,0.496398783448587
2012_06_GB_HOU,2012,6,0.6226700573938839,4.0904699421862265,0.5026734825848777
2012_06_DEN_SD,2012,6,0.5033902357676816,1.0771941565724186,0.5022811737064566
2012_07_SEA_SF,2012,7,0.7457070961442834,7.843047266174265,0.510136394945259
2012_07_TEN_BUF,2012,7,0.6407665408907929,4.1515899515268,0.5044795829702226
2012_07_DAL_CAR,2012,7,0.37932012993217434,-2.7435237369217904,0.49280395212188155
2012_07_BAL_HOU,2012,7,0.6809701884194173,6.5992348675106625,0.5029324909498305
2012_07_CLE_IND,2012,7,0.5096789466200453,0.8796808412811579,0.49644446191911173
2012_07_ARI_MIN,2012,7,0.7714245486126259,7.271239615196656,0.5080149385733153
2012_07_WAS_NYG,2012,7,0.7486458289666357,6.637637214338428,0.5040672854008768
2012_07_GB_STL,2012,7,0.31795257511077074,-4.467183531322662,0.4861968837704614
2012_07_NO_TB,2012,7,0.41534451115283844,-1.3061132291726985,0.49095473736635536
2012_07_NYJ_NE,2012,7,0.8458757002605019,11.501398273621614,0.5148135550136221
2012_07_JAX_OAK,2012,7,0.6977821763196026,6.239645939665469,0.5070814723530351
2012_07_PIT_CIN,2012,7,0.45264946434251113,-1.161540540373466,0.4952263841733803
2012_07_DET_CHI,2012,7,0.6604934766102014,6.54236032837901,0.501251799871917
2012_08_TB_MIN,2012,8,0.6996928070197208,5.231287854462228,0.5068345178081207
2012_08_CAR_CHI,2012,8,0.7154008762591719,7.294758722634439,0.5087098055213388
2012_08_SD_CLE,2012,8,0.41665631731206093,-2.830188665961821,0.4902434750279978
2012_08_SEA_DET,2012,8,0.6144879905160235,3.034619288448277,0.5010230431660919
2012_08_JAX_GB,2012,8,0.8873305155887099,15.675850982226406,0.519963921997969
2012_08_MIA_NYJ,2012,8,0.5539284094274494,1.0401448049843043,0.5011863286254135
2012_08_ATL_PHI,2012,8,0.5334846641774171,1.4414191001985563,0.4982688648583822
2012_08_WAS_PIT,2012,8,0.6726359422185506,4.540743658860007,0.5012040254445731
2012_08_NE_STL,2012,8,0.23421201167076786,-8.068907875175897,0.4831930187783879
2012_08_IND_TEN,2012,8,0.5846757542626021,3.4903305330786334,0.4997142548997008
2012_08_OAK_KC,2012,8,0.5225329964724098,0.8161305752478211,0.4945665911265857
2012_08_NYG_DAL,2012,8,0.4600008226327703,-1.6472942842689549,0.49564735171775554
2012_08_NO_DEN,2012,8,0.6726378347481661,5.928471207876616,0.49788624252382013
2012_08_SF_ARI,2012,8,0.22353158424161468,-7.588791429449387,0.4826059742403538
2012_09_KC_SD,2012,9,0.7425180865965163,7.849002344556938,0.5103123173351749
2012_09_DEN_CIN,2012,9,0.30693462661751997,-5.263272451662706,0.49222045517268
2012_09_BAL_CLE,2012,9,0.3840032771640126,-3.825235121357692,0.49038981548728766
2012_09_ARI_GB,2012,9,0.8300540638710928,11.033773272950977,0.5157695745559083
2012_09_BUF_HOU,2012,9,0.8178209491084082,11.52090095268059,0.5153894711286022
2012_09_MIA_IND,2012,9,0.4456514876717858,-2.7291655797171654,0.49322818900783266
2012_09_DET_JAX,2012,9,0.28247634527497845,-6.432083487376252,0.4872335595535834
2012_09_CHI_TEN,2012,9,0.3307304110677794,-4.95141184556587,0.4866626875843543
2012_09_CAR_WAS,2012,9,0.5866500729473643,3.1201574089925463,0.5035507583590147
2012_09_TB_OAK,2012,9,0.525696417463929,0.9585377291086716,0.4987747387484871
2012_09_MIN_SEA,2012,9,0.6506075867654142,4.618100902269962,0.5034899883191503
2012_09_PIT_NYG,2012,9,0.6214236963734044,3.5327462186910847,0.5009676917295112
2012_09_DAL_ATL,2012,9,0.6352802218058734,4.12866277022613,0.5038020919937454
2012_09_PHI_NO,2012,9,0.6314625548496006,2.5684881582252017,0.5020239040607833
2012_10_IND_JAX,2012,10,0.40921584795751753,-3.160097460024175,0.4952690260191483
2012_10_OAK_BAL,2012,10,0.7818571537039197,9.774280136105137,0.5081047715202899
2012_10_DEN_CAR,2012,10,0.34147765985002243,-3.715301118303962,0.4936378460615711
2012_10_NYG_CIN,2012,10,0.38629042653312606,-3.7311106481139196,0.49317071809841107
2012_10_TEN_MIA,2012,10,0.7203533210810442,6.8391954364958405,0.5100226047806108
2012_10_DET_MIN,2012,10,0.4001362828941859,-3.1735230522958795,0.4948723128846534
2012_10_BUF_NE,2012,10,0.8868379493273937,14.182403484773559,0.5201573119761799
2012_10_ATL_NO,2012,10,0.5023189101303602,-1.025217183180425,0.4992548003916323
2012_10_SD_TB,2012,10,0.5793487286594863,2.9376609859069687,0.4981578088846622
2012_10_NYJ_SEA,2012,10,0.6858560950110331,5.12033199142935,0.5035559172888473
2012_10_DAL_PHI,2012,10,0.4602357934309954,-1.0740162095076957,0.49781273722421904
2012_10_STL_SF,2012,10,0.8817245431952389,14.1559811074453,0.5193774557355734
2012_10_HOU_CHI,2012,10,0.5139178377608217,0.8747234154227727,0.49629796970065626
2012_10_KC_PIT,2012,10,0.8488000998683042,13.012474878583102,0.5151406521637028
2012_11_MIA_BUF,2012,11,0.5304160239254584,0.9855454081600553,0.4995728483904382
2012_11_ARI_ATL,2012,11,0.8097526087337983,9.918235997113623,0.512357432285226
2012_11_TB_CAR,2012,11,0.4810405655369744,-1.104470793827393,0.49691278512998366
2012_11_CLE_DAL,2012,11,0.7262806379680481,7.323480881935971,0.5095583594531367
2012_11_GB_DET,2012,11,0.4392211491580079,-3.2037063646070063,0.49398044460741186
2012_11_JAX_HOU,2012,11,0.8760918469332034,15.761505567779782,0.5224915362260499
2012_11_CIN_KC,2012,11,0.4001404124551012,-3.231381977600281,0.49316270114101285
2012_11_NYJ_STL,2012,11,0.5983742207548068,3.4036322681212314,0.4971522343545877
2012_11_PHI_WAS,2012,11,0.5694621724208164,3.5672038739547496,0.50198595229596
2012_11_NO_OAK,2012,11,0.28144609274306315,-6.4236732853717475,0.487481966983468
2012_11_SD_DEN,2012,11,0.7344326064692024,7.6063953771730555,0.5031440870369028
2012_11_IND_NE,2012,11,0.8307596161477379,10.573590523771374,0.5169452356504817
2012_11_BAL_PIT,2012,11,0.39886610627676045,-3.1116566948556326,0.4967004393621361
2012_11_CHI_SF,2012,11,0.6656334642749339,3.681321746874914,0.5053581286174181
2012_12_HOU_DET,2012,12,0.4192373065675672,-3.7822260061792994,0.49166046772313987
2012_12_WAS_DAL,2012,12,0.6631119532606522,3.5378134685639395,0.5011174349372727
2012_12_NE_NYJ,2012,12,0.2514970078165336,-7.486234775505408,0.485634246057531
2012_12_MIN_CHI,2012,12,0.6808201645105226,6.628668315988189,0.5038022558706698
2012_12_OAK_CIN,2012,12,0.7840252836053102,9.837962774594208,0.5099861894980499
2012_12_PIT_CLE,2012,12,0.45802124856749643,-1.284313908428239,0.4915987811204937
2012_12_BUF_IND,2012,12,0.5671436264622843,1.9547470545510932,0.4986627200412323
2012_12_TEN_JAX,2012,12,0.4312657543752261,-3.64637213414097,0.4956746008225933
2012_12_DEN_KC,2012,12,0.19305083856747998,-10.588427321347366,0.4826167238783385
2012_12_SEA_MIA,2012,12,0.3766027076042062,-3.286416337291103,0.4915366655353331
2012_12_ATL_TB,2012,12,0.47282172569471953,-1.0463063060880606,0.498631592064998
2012_12_BAL_SD,2012,12,0.49327025299268645,-1.1016021383451289,0.49699755510222315
2012_12_STL_ARI,2012,12,0.5326660769500142,0.9474684079699354,0.4984476281310948
2012_12_SF_NO,2012,12,0.4744092320299843,-1.2131666349194465,0.4937009148358917
2012_12_GB_NYG,2012,12,0.5341467038658589,0.8517250256301347,0.4956183728063927
2012_12_CAR_PHI,2012,12,0.43782940647689156,-3.1118030017186684,0.4966961159551288
2012_13_NO_ATL,2012,13,0.5751702193350625,3.4134599746760563,0.49744264899270013
2012_13_JAX_BUF,2012,13,0.691264158029226,6.226923119305731,0.5067055528705738
2012_13_SEA_CHI,2012,13,0.5627995675003551,3.066361456810547,0.5019610580956344
2012_13_IND_DET,2012,13,0.7547815263917205,7.186840890665348,0.5055212112181945
2012_13_MIN_GB,2012,13,0.714043258168394,7.243367372120874,0.5071914278493527
2012_13_CAR_KC,2012,13,0.3670216627010206,-5.317911750735792,0.4906061690719357
2012_13_NE_MIA,2012,13,0.27764994237446816,-7.57585847433087,0.4829878042139932
2012_13_ARI_NYJ,2012,13,0.6965688236264449,6.220536815851623,0.5065168553453432
2012_13_SF_STL,2012,13,0.2536969084030612,-7.610786746298109,0.48195662574197917
2012_13_HOU_TEN,2012,13,0.2541306139947679,-7.544354102959455,0.4839179975571716
2012_13_TB_DEN,2012,13,0.7831186283187079,9.675893548829379,0.5051977324563311
2012_13_PIT_BAL,2012,13,0.7132000144737836,7.1226711848512885,0.5036250406489903
2012_13_CLE_OAK,2012,13,0.4268447700804564,-2.6737174274191875,0.4948665693259631
2012_13_CIN_SD,2012,13,0.5648871287588112,0.9162017984829006,0.4975236717832489
2012_13_PHI_DAL,2012,13,0.7959207835645067,10.718669426285281,0.5064616788940453
2012_13_NYG_WAS,2012,13,0.39486401758475265,-2.5979362119336806,0.4971058849614949
2012_14_DEN_OAK,2012,14,0.21343594013739908,-10.554406880420812,0.48362117100688196
2012_14_STL_BUF,2012,14,0.6297353701292489,3.5683026978010446,0.5020184235381913
2012_14_ATL_CAR,2012,14,0.3702202589588493,-3.1634743065433035,0.4951692430479567
2012_14_DAL_CIN,2012,14,0.6076878940817538,3.617559586690183,0.5034739923601736
2012_14_KC_CLE,2012,14,0.710609401559607,7.214754277753844,0.5063459961499512
2012_14_TEN_IND,2012,14,0.6387012313931757,3.6403535305456027,0.5041475517671316
2012_14_NYJ_JAX,2012,14,0.39529185798247596,-3.2934512243784266,0.49132882355777985
2012_14_CHI_MIN,2012,14,0.484652959988884,-1.1715262300456086,0.4949313167196886
2012_14_SD_PIT,2012,14,0.7013218540757457,7.1067908758569684,0.5031557741649484
2012_14_PHI_TB,2012,14,0.7313682102664034,8.189759272093522,0.5056074447360274
2012_14_BAL_WAS,2012,14,0.5271131621394756,1.018694934486176,0.5005524590675635
2012_14_MIA_SF,2012,14,0.8005020336718109,10.99798705223013,0.5147128180865781
2012_14_NO_NYG,2012,14,0.5916171637357183,3.998802668061773,0.49996461730865127
2012_14_ARI_SEA,2012,14,0.8147831457848672,10.930609444075102,0.5127229028096192
2012_14_DET_GB,2012,14,0.6640678188812768,6.155991374956686,0.5046096422264322
2012_14_HOU_NE,2012,14,0.692544932608499,5.635837067090129,0.504014091474142
2012_15_CIN_PHI,2012,15,0.3771070222732597,-4.793603965529681,0.4913243109280431
2012_15_NYG_ATL,2012,15,0.5345219786615569,0.8859842968855396,0.4966307300835677
2012_15_DEN_BAL,2012,15,0.3968659535397471,-3.1157859203748277,0.49657841979234457
2012_15_GB_CHI,2012,15,0.40843524147672616,-3.0772659635358495,0.49771670434058174
2012_15_WAS_CLE,2012,15,0.6528552148526798,3.8900949311563333,0.49675220041010715
2012_15_IND_HOU,2012,15,0.8076641621423951,10.934179575686503,0.5128283506664737
2012_15_JAX_MIA,2012,15,0.7351240710341873,7.777536338569122,0.5082009763765448
2012_15_TB_NO,2012,15,0.6433547416812674,3.6054973512492645,0.5031175500385686
2012_15_MIN_STL,2012,15,0.5181340009103831,0.9266379110694398,0.4978320670365998
2012_15_DET_ARI,2012,15,0.30081863309685514,-5.935867242357996,0.48712180250992804
2012_15_SEA_BUF,2012,15,0.34517222787493573,-4.7975151767085125,0.4912087573283471
2012_15_CAR_SD,2012,15,0.6143901281777315,3.0349529317799293,0.5010329027208834
2012_15_PIT_DAL,2012,15,0.4783755336548133,-1.0168187573603413,0.49950298432006224
2012_15_KC_OAK,2012,15,0.6452790067462354,4.528152428983224,0.5008319397094178
2012_15_SF_NE,2012,15,0.6308084795155344,4.105979169739367,0.5031317879549555
2012_15_NYJ_TEN,2012,15,0.49125508543456275,0.8136591648691399,0.4944935646515123
2012_16_ATL_DET,2012,16,0.3931924001846983,-3.7260776106111932,0.4933194294771748
2012_16_OAK_CAR,2012,16,0.7628661903724662,9.854310551078699,0.5104691284219355
2012_16_NO_DAL,2012,16,0.5199734211853632,0.8404159120651924,0.4952841957581827
2012_16_TEN_GB,2012,16,0.8161558898944222,10.944220737469994,0.513124922853043
2012_16_MIN_HOU,2012,16,0.7459414848391439,7.8106225569247885,0.5091784842807772
2012_16_NE_JAX,2012,16,0.11537707247022128,-14.906360912383184,0.47323598280342705
2012_16_IND_KC,2012,16,0.3568944060895446,-4.814205729502295,0.4907156567330823
2012_16_BUF_MIA,2012,16,0.6664644546645047,5.118116163530522,0.5034904392916754
2012_16_SD_NYJ,2012,16,0.6104835482206125,2.9534914333648827,0.49862561504224845
2012_16_WAS_PHI,2012,16,0.4151079647196113,-3.8260822260830456,0.49036478974079634
2012_16_CIN_PIT,2012,16,0.6096495911297678,3.3720551464248802,0.4962191224041193
2012_16_STL_TB,2012,16,0.5832963555675338,3.0977207710590706,0.5028877486520495
2012_16_CLE_DEN,2012,16,0.8163635758772287,11.441612556999155,0.513047889252609
2012_16_CHI_ARI,2012,16,0.28956381381521484,-7.441816576045411,0.48694608494981245
2012_16_NYG_BAL,2012,16,0.4526555110552466,-1.077499095180771,0.49770981511523704
2012_16_SF_SEA,2012,16,0.5785963756470899,2.324585018175414,0.494816408614167
2012_17_TB_ATL,2012,17,0.6528948263583659,3.283411688234225,0.5083745630112327
2012_17_NYJ_BUF,2012,17,0.6004781558196662,3.421274915189534,0.4976735861588436
2012_17_BAL_CIN,2012,17,0.6783861826474813,5.641587893931807,0.50418402679651
2012_17_CHI_DET,2012,17,0.44047300191470634,-3.1699251705194325,0.49497862629479883
2012_17_HOU_IND,2012,17,0.295134756088178,-6.88673207856691,0.48857313496221305
2012_17_CAR_NO,2012,17,0.6762462617101735,4.125159448664311,0.5036985689320791
2012_17_PHI_NYG,2012,17,0.7046500273335519,6.74561647280051,0.5072578807544147
2012_17_CLE_PIT,2012,17,0.8002151432153874,10.247450890429805,0.5073120811049916
2012_17_JAX_TEN,2012,17,0.6520702124385889,6.005625837132477,0.5001662506836916
2012_17_KC_DEN,2012,17,0.9029054127760575,17.693193241295216,0.5204757495314217
2012_17_GB_MIN,2012,17,0.37936536997092657,-3.227293174130944,0.49328351308297813
2012_17_MIA_NE,2012,17,0.828600442465816,11.98336717982673,0.5142810674437337
2012_17_OAK_SD,2012,17,0.7535796839574056,9.796324906401617,0.5087560771670134
2012_17_STL_SEA,2012,17,0.8310510680596122,11.492454329205378,0.5145494290090071
2012_17_ARI_SF,2012,17,0.8901527622329463,16.73289927300309,0.5216474776071652
2012_17_DAL_WAS,2012,17,0.5627068048009205,3.06087672825774,0.5017989791471242
2012_18_CIN_HOU,2012,18,0.6374467764915612,4.091852186627825,0.5027143287461491
2012_18_MIN_GB,2012,18,0.8089182449170649,10.716410801247786,0.5063949422982545
2012_18_IND_BAL,2012,18,0.7298971566840343,7.723422527512468,0.5066021202912249
2012_18_SEA_WAS,2012,18,0.3844496668741535,-3.220995867151584,0.4934695809148911
2012_19_BAL_DEN,2012,19,0.7894744561303815,9.754866347778673,0.5075311794382944
2012_19_GB_SF,2012,19,0.6124550109727959,3.0967442369696143,0.5028588915682054
2012_19_SEA_ATL,2012,19,0.5846561781997053,2.3348441658291255,0.49511955543481295
2012_19_HOU_NE,2012,19,0.804338819079525,9.797539320994693,0.5087919559929567
2012_20_SF_ATL,2012,20,0.41840224087334055,-3.6413700536343487,0.4958224103096224
2012_20_BAL_NE,2012,20,0.7897792712331828,8.436027611717602,0.5128829341395946
2012_21_BAL_SF,2012,21,0.6786237283087746,4.785685587983453,0.5084417447343842
2013_01_BAL_DEN,2013,1,0.7392688817209727,7.684970755411698,0.5054659515674944
2013_01_NE_BUF,2013,1,0.1851187303416704,-10.65003858097068,0.48079794820502086
2013_01_SEA_CAR,2013,1,0.37984125182599804,-3.169831161967861,0.4949814041478916
2013_01_CIN_CHI,2013,1,0.6132264003890914,3.04546034857893,0.50134340895215
2013_01_MIA_CLE,2013,1,0.5628160783409598,2.4575001034724977,0.49874407573101465
2013_01_MIN_DET,2013,1,0.6397969127133672,3.904671670588085,0.49718294925379475
2013_01_OAK_IND,2013,1,0.7987602359376598,11.169521751650832,0.5050094531033562
2013_01_KC_JAX,2013,1,0.36185361468059674,-3.628395932163376,0.49620579305519685
2013_01_ATL_NO,2013,1,0.605898000055778,3.481401138326429,0.4994503800043167
2013_01_TB_NYJ,2013,1,0.3851453722850336,-4.110183538857426,0.49674397153814237
2013_01_TEN_PIT,2013,1,0.7378076781236642,6.404162804004463,0.5119417443084125
2013_01_GB_SF,2013,1,0.6721461218582354,5.123890800554178,0.5036610803513989
2013_01_ARI_STL,2013,1,0.6000886628054554,3.624242442988847,0.5036714713966415
2013_01_NYG_DAL,2013,1,0.5999454906307774,3.4038172438350087,0.4971577004847034
2013_01_PHI_WAS,2013,1,0.6336675862654044,4.326188763507755,0.5096383576579018
2013_01_HOU_SD,2013,1,0.32653718559484496,-5.21210029193771,0.49373242272742784
2013_02_NYJ_NE,2013,2,0.8150094702628602,10.948865314019782,0.5132621009704328
2013_02_STL_ATL,2013,2,0.6532900346681854,4.3275212746581015,0.5096777235282854
2013_02_CLE_BAL,2013,2,0.670166178197591,5.687456954121537,0.5055394149326282
2013_02_CAR_BUF,2013,2,0.3848555921932449,-3.7864944285499957,0.4915343583581267
2013_02_MIN_CHI,2013,2,0.6984366207302835,6.137427158534402,0.5040610783051052
2013_02_WAS_GB,2013,2,0.7701514353858128,9.283457882638968,0.5083759278141893
2013_02_TEN_HOU,2013,2,0.7696194552028683,7.914369445750688,0.5122432250582931
2013_02_MIA_IND,2013,2,0.5367666965546649,0.9517997989393306,0.4985756253872056
2013_02_DAL_KC,2013,2,0.5989097278144608,2.8179565216053004,0.49462054522368926
2013_02_SD_PHI,2013,2,0.7305741685460709,7.398735479321666,0.49700753185482016
2013_02_DET_ARI,2013,2,0.4653498713161302,-1.2279358198272392,0.49326452477915106
2013_02_NO_TB,2013,2,0.39577418905823586,-3.2018763686742457,0.4940345172286006
2013_02_DEN_NYG,2013,2,0.38051600370349037,-3.8745038075023706,0.48893435241846717
2013_02_JAX_OAK,2013,2,0.6381303603971592,3.7877379887618616,0.5085023821277069
2013_02_SF_SEA,2013,2,0.6048595608285421,2.9577921241129146,0.49875270527226434
2013_02_PIT_CIN,2013,2,0.6919084296945471,7.151681769392982,0.5044822961345402
2013_03_KC_PHI,2013,3,0.5878288912720426,2.977982686296101,0.49934936048567014
2013_03_HOU_BAL,2013,3,0.5014513925604206,0.8658527131126637,0.49603584119738015
2013_03_NYG_CAR,2013,3,0.4479756381956535,-0.9042188579245101,0.5028304316048329
2013_03_GB_CIN,2013,3,0.3929818579304356,-3.1578194056023934,0.49533634077666994
2013_03_STL_DAL,2013,3,0.6114568198355727,3.6555618904469847,0.5045969512543398
2013_03_CLE_MIN,2013,3,0.7018704298276733,7.1622725729786705,0.5047952467714366
2013_03_TB_NE,2013,3,0.7617241853107451,7.826556962725002,0.5096492352368155
2013_03_ARI_NO,2013,3,0.7343002380387437,8.287785348581078,0.508503781353076
2013_03_SD_TEN,2013,3,0.5702442089455685,2.779477699553653,0.4934835735462343
2013_03_DET_WAS,2013,3,0.505075824369424,-1.0194084572718565,0.4994264554417885
2013_03_ATL_MIA,2013,3,0.5821778361193377,2.7917403196409376,0.4938459039610844
2013_03_BUF_NYJ,2013,3,0.5816857061916588,2.4935944337105393,0.4998107073239339
2013_03_JAX_SEA,2013,3,0.9416543800623933,20.394524514361244,0.5264150136858613
2013_03_IND_SF,2013,3,0.8078563447311288,10.875861758347266,0.511105761273157
2013_03_CHI_PIT,2013,3,0.41389032796647557,-2.791180755033581,0.49139590310600934
2013_03_OAK_DEN,2013,3,0.8951724690970596,16.549412093839408,0.5162313499532803
2013_04_SF_STL,2013,4,0.41170633843220134,-3.3822876768245735,0.48870441945988546
2013_04_BAL_BUF,2013,4,0.4067772166976684,-4.168214378613106,0.49502917842093913
2013_04_CIN_CLE,2013,4,0.3839601397485712,-3.7831756697831858,0.491632410100603
2013_04_CHI_DET,2013,4,0.5917079585013326,2.812541619573962,0.49446054292231134
2013_04_SEA_HOU,2013,4,0.4615615549795493,-1.265902723248844,0.49214274220774595
2013_04_IND_JAX,2013,4,0.18516611297909213,-10.135445695606329,0.48122869814525715
2013_04_NYG_KC,2013,4,0.612692277849501,3.6101414548527644,0.5032547848670564
2013_04_PIT_MIN,2013,4,0.3718777680828504,-2.9345215216338287,0.5019349652634406
2013_04_ARI_TB,2013,4,0.5476192908382841,2.579350292716626,0.5023448892184249
2013_04_NYJ_TEN,2013,4,0.5803221380591674,3.312098089646515,0.4944474373117599
2013_04_PHI_DEN,2013,4,0.8157000818571283,11.075925034464342,0.5170141609342868
2013_04_WAS_OAK,2013,4,0.3866024366150513,-3.6049785066870434,0.496897782016522
2013_04_DAL_SD,2013,4,0.44224541786200117,-1.192526995936227,0.49431077367959203
2013_04_NE_ATL,2013,4,0.5790845297112032,2.8584638411014685,0.49581750195589425
2013_04_MIA_NO,2013,4,0.7351566491551846,7.219092162301324,0.5064741696425785
2013_05_BUF_CLE,2013,5,0.6087872790381318,3.5281704225612156,0.5008324714415229
2013_05_NO_CHI,2013,5,0.497033746268065,0.9546904395167394,0.49866104700390945
2013_05_NE_CIN,2013,5,0.40754099961351503,-2.3022028125150387,0.49107026585814806
2013_05_DET_GB,2013,5,0.7966627241389664,10.311158366522873,0.5091943139422127
2013_05_SEA_IND,2013,5,0.3660099428954497,-3.317241685636012,0.4906259648751971
2013_05_BAL_MIA,2013,5,0.5931530151837322,2.436185498381605,0.49811420681557983
2013_05_PHI_NYG,2013,5,0.49699056079758974,-1.053641894918383,0.49841481751321615
2013_05_JAX_STL,2013,5,0.8494649422851793,11.470269734149058,0.5138942625177353
2013_05_KC_TEN,2013,5,0.3847733721058575,-2.6469984416957484,0.49565609372517216
2013_05_CAR_ARI,2013,5,0.392591897662316,-3.4760341373462404,0.4859354965830807
2013_05_DEN_DAL,2013,5,0.24222813965411802,-7.87915213695525,0.48879704183671463
2013_05_HOU_SF,2013,5,0.6067211530963309,4.019496233148416,0.5005761384450268
2013_05_SD_OAK,2013,5,0.3345860054997162,-6.229158829382281,0.493228388460131
2013_05_NYJ_ATL,2013,5,0.8098600931469605,10.232804726541893,0.5068793366983677
2013_06_NYG_CHI,2013,6,0.7658280330092028,9.805749837182583,0.5090345266922485
2013_06_GB_BAL,2013,6,0.4335261535782412,-1.2941765183643066,0.49130739526768563
2013_06_CIN_BUF,2013,6,0.335781407916779,-6.183536301809351,0.49457643442458255
2013_06_DET_CLE,2013,6,0.4753368689514803,-1.0073828931877977,0.49978182606685295
2013_06_STL_HOU,2013,6,0.7826099238039281,9.85249443616009,0.5104154782874352
2013_06_OAK_KC,2013,6,0.7311478816938568,7.6011394128463,0.5029887711524823
2013_06_CAR_MIN,2013,6,0.5389199333930684,2.28814449778235,0.4937396556852781
2013_06_PIT_NYJ,2013,6,0.451878369199464,-0.8463917689157858,0.504539221904326
2013_06_PHI_TB,2013,6,0.40532727376473593,-2.508222497750848,0.49975701468144423
2013_06_JAX_DEN,2013,6,0.9793466370033568,28.26864711813071,0.5374350394773852
2013_06_TEN_SEA,2013,6,0.8561550240075135,11.616000777197218,0.5181972965772613
2013_06_NO_NE,2013,6,0.5728601279280647,2.5481170470819277,0.5014219173219183
2013_06_ARI_SF,2013,6,0.7802708061560687,10.429950030661525,0.5127034261944601
2013_06_WAS_DAL,2013,6,0.6785040163626882,5.732976353505241,0.5068844077401894
2013_06_IND_SD,2013,6,0.47597234627883767,-1.1383459513140353,0.4959117716083938
2013_07_SEA_ARI,2013,7,0.30024148641380016,-5.468509274203913,0.4861577298900976
2013_07_TB_ATL,2013,7,0.7399413572746657,6.24440377231641,0.5072220498043587
2013_07_STL_CAR,2013,7,0.7531777560946556,8.457182394794133,0.513507743002602
2013_07_CIN_DET,2013,7,0.5822651735435577,2.3890648286347314,0.4967217605802752
2013_07_SD_JAX,2013,7,0.25426460867220463,-8.147511949048399,0.4808725272418857
2013_07_BUF_MIA,2013,7,0.6630543266672237,5.935272114351554,0.4980872154542263
2013_07_NE_NYJ,2013,7,0.35957492100952854,-3.824352850305619,0.4904158801816451
2013_07_DAL_PHI,2013,7,0.5720596580035865,2.7735965632038204,0.49330980224833637
2013_07_CHI_WAS,2013,7,0.45955408149004023,-1.149365646331976,0.4955861440121507
2013_07_SF_TEN,2013,7,0.35171923116200904,-3.4993909976688915,0.4852457218256381
2013_07_CLE_GB,2013,7,0.7595512010717823,7.936854963848275,0.5129073706806633
2013_07_HOU_KC,2013,7,0.694489612132055,7.054968284234379,0.5016243786717496
2013_07_BAL_PIT,2013,7,0.6008726828675787,2.3536694437420707,0.4956758294300606
2013_07_DEN_IND,2013,7,0.2703080614479675,-6.472929636977033,0.4860271818958077
2013_07_MIN_NYG,2013,7,0.6468651310267977,3.923569164707411,0.49774138304930426
2013_08_CAR_TB,2013,8,0.27405029817206455,-6.935421089280736,0.48713498004145905
2013_08_DAL_DET,2013,8,0.5564448760573457,2.77180756395744,0.49325694252355834
2013_08_SF_JAX,2013,8,0.1054730010371875,-16.973290617982965,0.47126291337327375
2013_08_CLE_KC,2013,8,0.7215887123914695,7.122364835413721,0.5036159880037833
2013_08_MIA_NE,2013,8,0.729904553497435,6.846057007426925,0.5102253076884123
2013_08_BUF_NO,2013,8,0.8273831237163025,10.836989632090592,0.509957440875504
2013_08_NYG_PHI,2013,8,0.6593406960301319,5.580014733925654,0.5023645239646294
2013_08_NYJ_CIN,2013,8,0.6955557914094781,6.228969703151688,0.5067660234221455
2013_08_PIT_OAK,2013,8,0.4021148890597411,-2.5249860320863617,0.499261631190534
2013_08_ATL_ARI,2013,8,0.551928221095201,2.274524294183102,0.4933372140469658
2013_08_WAS_DEN,2013,8,0.8506876258166669,11.520396548198018,0.5153745764116671
2013_08_GB_MIN,2013,8,0.25483142005061665,-7.569035791375516,0.483189242046729
2013_08_SEA_STL,2013,8,0.14052462464468185,-13.633176710679919,0.48129567558074177
2013_09_CIN_MIA,2013,9,0.38666165602228403,-3.375407577398455,0.4889076551606109
2013_09_KC_BUF,2013,9,0.3361201567642875,-4.744863852932533,0.49276435645659994
2013_09_ATL_CAR,2013,9,0.7840822052662619,10.396428224241511,0.5117132780363418
2013_09_MIN_DAL,2013,9,0.7956340653910804,10.32345504723835,0.5095575962238729
2013_09_NO_NYJ,2013,9,0.2683193712073687,-6.502514299801268,0.4851534877737345
2013_09_TEN_STL,2013,9,0.44003751214245806,-2.9671167897401114,0.5009717399937632
2013_09_SD_WAS,2013,9,0.5153500602162592,0.8995671560156357,0.497032108279941
2013_09_PHI_OAK,2013,9,0.46739603244457484,-0.9891079521315783,0.5003218739217361
2013_09_TB_SEA,2013,9,0.9069820548261901,16.542393013153806,0.5160240966531218
2013_09_BAL_CLE,2013,9,0.47524539606202876,-1.0485600667834036,0.49856499096274953
2013_09_PIT_NE,2013,9,0.7070264301648884,5.885211889005348,0.5113819598472781
2013_09_IND_HOU,2013,9,0.4838563831583018,-1.1463850978683894,0.4956742177503732
2013_09_CHI_GB,2013,9,0.7889540819712587,10.354355208512985,0.5104704476517954
2013_10_WAS_MIN,2013,10,0.49083639349011504,-1.0336957372378406,0.4990042488669844
2013_10_SEA_ATL,2013,10,0.3607165976165055,-3.860478276115903,0.48934867126908643
2013_10_CIN_BAL,2013,10,0.5115968336807287,0.7440865448611511,0.49243788273543315
2013_10_DET_CHI,2013,10,0.4780007474263584,-0.9742887994046849,0.5007597984293634
2013_10_PHI_GB,2013,10,0.4603232347151677,-0.8312471949398663,0.5049867315306796
2013_10_STL_IND,2013,10,0.7460987096148826,7.849208834653232,0.5103184173418863
2013_10_OAK_NYG,2013,10,0.7381613995941518,7.611616171701429,0.50329836316773
2013_10_BUF_PIT,2013,10,0.6131851767106382,2.9274214467148245,0.4978552211796251
2013_10_JAX_TEN,2013,10,0.8143061442561336,12.03609312068066,0.5158380752276172
2013_10_CAR_SF,2013,10,0.6716163406640583,6.02597674293087,0.5007676455309019
2013_10_HOU_ARI,2013,10,0.5975294202809435,3.929303719501523,0.49791084396665447
2013_10_DEN_SD,2013,10,0.2549859287979937,-7.497673491671566,0.48529644173111275
2013_10_DAL_NO,2013,10,0.7076082429319899,6.086259174385382,0.5025490516725385
2013_10_MIA_TB,2013,10,0.4619122103974362,-1.043871589893325,0.4987035406436669
2013_11_IND_TEN,2013,11,0.3565748144711997,-2.788606438503238,0.49147195991705916
2013_11_NYJ_BUF,2013,11,0.46974627089563253,-1.0525057749836788,0.49844839105208893
2013_11_BAL_CHI,2013,11,0.6275465924149763,4.096245262588609,0.5028441466132135
2013_11_CLE_CIN,2013,11,0.6398177608358961,4.220817564150774,0.5065251507085868
2013_11_OAK_HOU,2013,11,0.8162358412004335,10.740574265788096,0.507108901239476
2013_11_ARI_JAX,2013,11,0.210056613660525,-10.16202853914393,0.480444047716664
2013_11_WAS_PHI,2013,11,0.6652899863673021,4.653541099824662,0.5045372382180359
2013_11_DET_PIT,2013,11,0.42242569909812844,-3.233345502656898,0.49310468505675364
2013_11_ATL_TB,2013,11,0.5186817436223471,0.9854775467186293,0.4995708429991343
2013_11_SD_MIA,2013,11,0.4072045102946329,-2.6645774294807754,0.49513664675922037
2013_11_SF_NO,2013,11,0.6513308975372243,3.504590282598191,0.500135648723861
2013_11_GB_NYG,2013,11,0.6206263013841775,3.272668759131836,0.4932823883216221
2013_11_MIN_SEA,2013,11,0.869314016847246,13.490909612915917,0.5145038109311878
2013_11_KC_DEN,2013,11,0.7800820932011355,7.950570110864674,0.5133124519539197
2013_11_NE_CAR,2013,11,0.5584460214634867,3.1236608393165444,0.5036542849880945
2013_12_NO_ATL,2013,12,0.24260337418509345,-7.996192311908285,0.48534018284517766
2013_12_NYJ_BAL,2013,12,0.6272213096675036,4.145725875526373,0.5043063025256738
2013_12_PIT_CLE,2013,12,0.5601894234202871,2.533159734922724,0.5009799116270638
2013_12_TB_DET,2013,12,0.7193475225039527,7.140439601938082,0.5041500951494101
2013_12_MIN_GB,2013,12,0.6701849417032545,6.1777445106338815,0.5052524260553557
2013_12_JAX_HOU,2013,12,0.8303312338720567,11.133264940675655,0.5187069288619729
2013_12_SD_KC,2013,12,0.6018884851212494,3.5583556922580253,0.5017244800328542
2013_12_CAR_MIA,2013,12,0.34640150273214054,-5.002800292025529,0.4851450421937716
2013_12_CHI_STL,2013,12,0.5123969206043926,0.8412343778816982,0.4953083807895415
2013_12_IND_ARI,2013,12,0.5820327373264579,3.4681414997472744,0.4990585414115467
2013_12_TEN_OAK,2013,12,0.4337158355727603,-2.470044458580583,0.500885223866506
2013_12_DAL_NYG,2013,12,0.5179212104204136,0.892077191404347,0.49681077683140007
2013_12_DEN_NE,2013,12,0.5394661906802944,0.8014598393607948,0.4941330956051641
2013_12_SF_WAS,2013,12,0.32695956676338817,-5.847567982263003,0.4897300558028443
2013_13_GB_DET,2013,13,0.7231698206024276,7.0184591127152665,0.5005454902389724
2013_13_OAK_DAL,2013,13,0.7907678388306618,10.241288484134573,0.5071300039448838
2013_13_PIT_BAL,2013,13,0.5883444137513656,3.0523347325047583,0.5015465544618243
2013_13_TB_CAR,2013,13,0.7430393310529428,7.948847220328405,0.5132615665741533
2013_13_JAX_CLE,2013,13,0.7397607649090806,7.929660132309084,0.512694863667745
2013_13_NE_HOU,2013,13,0.26564840127305356,-7.369006619568958,0.48909673977571605
2013_13_TEN_IND,2013,13,0.659987240366654,3.6000923668022353,0.502957830460991
2013_13_CHI_MIN,2013,13,0.5847482052201958,2.4341915869572075,0.49805528485980144
2013_13_MIA_NYJ,2013,13,0.4676340159003207,-1.0774366686666208,0.497711659868265
2013_13_ARI_PHI,2013,13,0.6004788822350269,3.498798118603088,0.4999644828663242
2013_13_ATL_BUF,2013,13,0.6387439718030132,4.977516709640892,0.49933559029774854
2013_13_STL_SF,2013,13,0.7470638041141672,7.788530721749356,0.5085258030670596
2013_13_DEN_KC,2013,13,0.3006907561252883,-5.469790138432957,0.4861199015619383
2013_13_CIN_SD,2013,13,0.427385718433088,-2.6410632693070153,0.4958314756831991
2013_13_NYG_WAS,2013,13,0.5144537658861296,0.9317949932123258,0.4979844633194047
2013_13_NO_SEA,2013,13,0.6963494484107717,6.60421240330108,0.5030795793272841
2013_14_HOU_JAX,2013,14,0.35223502369988996,-3.4456853175622193,0.48683182043240947
2013_14_MIN_BAL,2013,14,0.6809248678219192,6.0729021239592695,0.5021543406091723
2013_14_IND_CIN,2013,14,0.7001993483453084,7.241004148838557,0.5071216028133345
2013_14_ATL_GB,2013,14,0.5937931068739642,3.5346538360516027,0.5010240640886319
2013_14_CLE_NE,2013,14,0.8231028768526946,9.897842019063004,0.5117550394092673
2013_14_OAK_NYJ,2013,14,0.5907890740961316,2.892701136546216,0.4968292146232347
2013_14_DET_PHI,2013,14,0.5683198281025434,2.4110833976167405,0.4973724195814775
2013_14_MIA_PIT,2013,14,0.6080508433504888,3.057567933796497,0.5017012009765276
2013_14_BUF_TB,2013,14,0.5908503769606436,3.0205940163619176,0.5006085793084107
2013_14_KC_WAS,2013,14,0.3631835362815849,-3.713045425149934,0.49370449629348023
2013_14_TEN_DEN,2013,14,0.8775782135272372,13.654349040342284,0.5193292828262507
2013_14_STL_ARI,2013,14,0.6526363792700847,4.116533454630897,0.5034436699840503
2013_14_NYG_SD,2013,14,0.6348923897971122,4.520900386551665,0.5006176329289889
2013_14_SEA_SF,2013,14,0.5419791616673323,2.2994350442214477,0.4940732668536368
2013_14_CAR_NO,2013,14,0.6425435897765724,2.8907993651801562,0.4967730166517812
2013_14_DAL_CHI,2013,14,0.5404383376173744,1.840384940557172,0.49528328057443344
2013_15_SD_DEN,2013,15,0.8238466079087727,10.500944637135515,0.5148001587092135
2013_15_WAS_ATL,2013,15,0.7109376775791816,5.731768413979203,0.5068487168686354
2013_15_CHI_CLE,2013,15,0.545853335334592,0.9538498346286879,0.49863620619599014
2013_15_HOU_IND,2013,15,0.6896341664569198,6.05378219581023,0.5015893285249116
2013_15_BUF_JAX,2013,15,0.36842436429248765,-4.306041039697265,0.49095687010953437
2013_15_NE_MIA,2013,15,0.5274601852675271,2.2473293390429503,0.4925336944550758
2013_15_PHI_MIN,2013,15,0.2812342169334552,-6.807643390893915,0.49090953081019756
2013_15_SEA_NYG,2013,15,0.21988134050126132,-10.064747266910624,0.48331586174849506
2013_15_SF_TB,2013,15,0.3453955390013802,-4.834731801763131,0.4901092602553804
2013_15_NYJ_CAR,2013,15,0.7960924915848073,10.55528565648243,0.5164047760266371
2013_15_KC_OAK,2013,15,0.2934441509921812,-6.8317101762675065,0.4901985259595513
2013_15_GB_DAL,2013,15,0.6680817736760828,4.224449133515281,0.5066324536391923
2013_15_NO_STL,2013,15,0.24211435737596063,-6.941520717004327,0.4869548232853966
2013_15_ARI_TEN,2013,15,0.3717716179813298,-3.3564679201423115,0.4894671406477947
2013_15_CIN_PIT,2013,15,0.44296264758336,-2.2817406821692665,0.49167480654055257
2013_15_BAL_DET,2013,15,0.6325837553596831,4.615387804419966,0.5034098158028079
2013_16_MIA_BUF,2013,16,0.5096692637685608,0.8862590520668939,0.4966388491620036
2013_16_NO_CAR,2013,16,0.5510318587127027,3.50447405789279,0.5001322141352388
2013_16_MIN_CIN,2013,16,0.7418217664831798,7.696960466855854,0.5058202274294912
2013_16_DEN_HOU,2013,16,0.215524325188531,-9.595805077717474,0.48239891134468293
2013_16_TEN_JAX,2013,16,0.3666683299418775,-4.336161920273938,0.4900670114674253
2013_16_IND_KC,2013,16,0.7068246979247567,7.751110984616906,0.5074202231349895
2013_16_CLE_NYJ,2013,16,0.5742813925516814,2.4166823030915965,0.49753787103750857
2013_16_TB_STL,2013,16,0.605650090662245,3.5823865057760527,0.5024346115908112
2013_16_DAL_WAS,2013,16,0.35028071301060604,-3.4212687235131236,0.48755299007839015
2013_16_NYG_DET,2013,16,0.7671473730854499,9.769190656604966,0.507954401352222
2013_16_ARI_SEA,2013,16,0.7590172018156612,8.356324878907767,0.5105286337733841
2013_16_NE_BAL,2013,16,0.41845466435389417,-1.241721428616545,0.492857204038542
2013_16_PIT_GB,2013,16,0.4547294400534926,-1.088293351648206,0.49739083704178444
2013_16_OAK_SD,2013,16,0.7751810818852691,10.28866956132543,0.5085299050168286
2013_16_CHI_PHI,2013,16,0.6218728464971227,2.6524955751617396,0.5045063436106113
2013_16_ATL_SF,2013,16,0.8781408331921138,15.940365434512556,0.5130110548442551
2013_17_CAR_ATL,2013,17,0.31743144233438436,-5.932597580091844,0.4872183752444092
2013_17_BAL_CIN,2013,17,0.6943507710520378,6.780102080179799,0.5082767811559692
2013_17_JAX_IND,2013,17,0.8352755993403098,11.482720347717256,0.5142619649591285
2013_17_NYJ_MIA,2013,17,0.7357990740549469,7.589552669532347,0.5026463766063376
2013_17_DET_MIN,2013,17,0.43758846424738673,-2.6662221339296326,0.4950880472852252
2013_17_WAS_NYG,2013,17,0.639882884170592,3.5971952351784386,0.5028722187987551
2013_17_CLE_PIT,2013,17,0.77299620608617,9.668175236210669,0.5049696649607361
2013_17_HOU_TEN,2013,17,0.6791749302550252,7.037317445248425,0.5011027768701244
2013_17_SF_ARI,2013,17,0.5988485006656293,2.914351447414924,0.4974689926175288
2013_17_GB_CHI,2013,17,0.37949890636770733,-3.2362269298821595,0.4930195480706241
2013_17_BUF_NE,2013,17,0.7706733224588079,7.841662013646934,0.5100954721209735
2013_17_TB_NO,2013,17,0.8444292533331209,11.430456507462006,0.5127183856346352
2013_17_DEN_OAK,2013,17,0.1700684095520143,-10.773347484680048,0.47715908495035136
2013_17_KC_SD,2013,17,0.8763286273448655,15.608004904844258,0.5031916491402515
2013_17_STL_SEA,2013,17,0.8615417723033799,13.482889754059675,0.5142669679329264
2013_17_PHI_DAL,2013,17,0.2769681149367739,-7.698250667080332,0.4941416495866326
2013_18_KC_IND,2013,18,0.45722317999374934,-2.065019294029218,0.4980786040629925
2013_18_NO_PHI,2013,18,0.5673859536691287,2.9489895135320077,0.49849257841696104
2013_18_SD_CIN,2013,18,0.700634085882854,6.614613703913722,0.5033869409719637
2013_18_SF_GB,2013,18,0.42327028468337435,-3.23722751322598,0.4929899840976847
2013_19_NO_SEA,2013,19,0.767910985717889,10.197730453953328,0.5058429791027782
2013_19_IND_NE,2013,19,0.7486782731596129,7.743923011454373,0.5072078450289488
2013_19_SF_CAR,2013,19,0.5065249884357451,-0.024808648474530605,0.4992668730944054
2013_19_SD_DEN,2013,19,0.8019547119922604,8.455769561622539,0.5134660158345329
2013_20_NE_DEN,2013,20,0.6851333670527523,5.260671352487057,0.5077026934885032
2013_20_SF_SEA,2013,20,0.6446640468707561,4.172971402960582,0.5051113865136837
2013_21_SEA_DEN,2013,21,0.6095912759288338,1.658554716113098,0.504685387098455
2014_01_GB_SEA,2014,1,0.6522291565351028,4.860177556119941,0.5106424452349994
2014_01_NO_ATL,2014,1,0.37240210528870277,-3.33754037299071,0.4900262891040297
2014_01_CIN_BAL,2014,1,0.5460201309613907,0.7896155598171861,0.4937831221359172
2014_01_BUF_CHI,2014,1,0.7227388919784198,7.0120391478273945,0.5003557721816099
2014_01_WAS_HOU,2014,1,0.6207436353617466,3.052574959645694,0.5015536534277484
2014_01_TEN_KC,2014,1,0.6293166966245224,3.1966882699045778,0.5058121845160243
2014_01_NE_MIA,2014,1,0.3503272534797817,-3.8897741845546587,0.48848327400653707
2014_01_OAK_NYJ,2014,1,0.701232602295573,6.673292311970955,0.5051208690058887
2014_01_JAX_PHI,2014,1,0.813978553257728,10.613696217791865,0.5181292644926235
2014_01_CLE_PIT,2014,1,0.6836310670537551,5.712844721637022,0.5062895733986124
2014_01_MIN_STL,2014,1,0.5884562056357454,3.033271235099598,0.5009832065900408
2014_01_SF_DAL,2014,1,0.38697558782215763,-3.7122499726408087,0.49372800001732475
2014_01_CAR_TB,2014,1,0.6912037130160344,5.430604386435567,0.49794927982205495
2014_01_IND_DEN,2014,1,0.7849542648567163,8.44239634413933,0.5130710387546681
2014_01_NYG_DET,2014,1,0.7002502540830804,6.681477776185295,0.5053627390670269
2014_01_SD_ARI,2014,1,0.5964356420108233,3.0378688433669416,0.5011190713271542
2014_02_PIT_BAL,2014,2,0.588339836347449,2.410361970543738,0.4973511009541994
2014_02_MIA_BUF,2014,2,0.5041926254532407,0.9269737875785924,0.4978419924714928
2014_02_DET_CAR,2014,2,0.5627707415153796,1.056886423324001,0.5016810616506618
2014_02_ATL_CIN,2014,2,0.6871110518993624,5.671745079987181,0.5050751500535552
2014_02_NO_CLE,2014,2,0.32815839717375545,-4.879796287500047,0.4887780138823229
2014_02_NE_MIN,2014,2,0.37951582727194005,-3.6461224587146415,0.4956819786181033
2014_02_ARI_NYG,2014,2,0.5631329854829793,0.7360224819393673,0.4921996235304037
2014_02_DAL_TEN,2014,2,0.560781930905696,3.00403739009466,0.5001193100434981
2014_02_JAX_WAS,2014,2,0.679659319567453,5.203148330183246,0.506003066633187
2014_02_SEA_SD,2014,2,0.3325691397302029,-4.900108560138255,0.48817801064498306
2014_02_STL_TB,2014,2,0.6589380287077233,4.142026210968119,0.5041969789114114
2014_02_KC_DEN,2014,2,0.8732528212036936,13.499986821210959,0.5147718734654827
2014_02_NYJ_GB,2014,2,0.7222580329128964,7.066106682469537,0.5019535292783529
2014_02_HOU_OAK,2014,2,0.40994859945591156,-3.240969275904315,0.4928794275623313
2014_02_CHI_SF,2014,2,0.7344894591483287,7.456007995085247,0.5134730578321299
2014_02_PHI_IND,2014,2,0.6231869842267087,2.8973273460742393,0.49696592090192077
2014_03_TB_ATL,2014,3,0.6925823289551605,6.468768413514919,0.4990770674652708
2014_03_SD_BUF,2014,3,0.5534738934191039,2.293560525664598,0.49389968703471476
2014_03_TEN_CIN,2014,3,0.7185907637791391,6.733125688871207,0.5068888201338841
2014_03_BAL_CLE,2014,3,0.42566770720179486,-2.1627888160792876,0.49518949868970924
2014_03_GB_DET,2014,3,0.5191564081769873,1.5719196136682587,0.5021253065900945
2014_03_IND_JAX,2014,3,0.2801547746347787,-6.570950593196979,0.4831327076156284
2014_03_OAK_NE,2014,3,0.8762233463575071,14.65094098637495,0.5192286880905563
2014_03_MIN_NO,2014,3,0.8145760665695984,10.311362258744424,0.5092003376170605
2014_03_HOU_NYG,2014,3,0.568657185508666,0.8763614036336483,0.49634637229198464
2014_03_WAS_PHI,2014,3,0.6658668403827335,4.219255098280534,0.5064789839748093
2014_03_DAL_STL,2014,3,0.4265063960305259,-1.6921551456240003,0.4943217612170559
2014_03_SF_ARI,2014,3,0.4093889913513521,-3.1796502734820504,0.494691261146707
2014_03_KC_MIA,2014,3,0.6872587048759876,6.0206004281755385,0.50060876878549
2014_03_DEN_SEA,2014,3,0.6123779033456073,3.9867853273423064,0.49960948957015416
2014_03_PIT_CAR,2014,3,0.6402775252604632,3.283275523441341,0.5083705400534894
2014_03_CHI_NYJ,2014,3,0.5343956039940909,1.5711257520674837,0.5021018472928651
2014_04_NYG_WAS,2014,4,0.5905578763884254,3.1054161977292414,0.5031151519213423
2014_04_CAR_BAL,2014,4,0.6403729607956963,3.4160692844774094,0.4975197559003248
2014_04_GB_CHI,2014,4,0.42816557442340064,-2.05851800915647,0.49827072333996436
2014_04_BUF_HOU,2014,4,0.597736099285839,2.97435024039413,0.499242017227236
2014_04_TEN_IND,2014,4,0.7827002512680732,7.780303426115069,0.5082827299045821
2014_04_DET_NYJ,2014,4,0.5874993393798635,1.8541676124706297,0.4956905500918073
2014_04_MIA_OAK,2014,4,0.38439186060292185,-4.291004562341249,0.4914011086153396
2014_04_TB_PIT,2014,4,0.7206877884048855,7.853743133112214,0.5104523662594531
2014_04_JAX_SD,2014,4,0.8627505387388789,13.767240064217345,0.5226607265181823
2014_04_ATL_MIN,2014,4,0.3446121134261485,-5.685635931714589,0.4945143934729732
2014_04_PHI_SF,2014,4,0.5905257246642398,3.623571740531708,0.503651652115334
2014_04_NO_DAL,2014,4,0.3934458071994039,-3.2375718314616844,0.4929798106262153
2014_04_NE_KC,2014,4,0.3790400194019006,-3.243705273169008,0.49279858836680424
2014_05_MIN_GB,2014,5,0.7656719232532417,8.625292500589303,0.5037025006176201
2014_05_CHI_CAR,2014,5,0.5560982487250926,1.6453052811079567,0.5042938741442557
2014_05_HOU_DAL,2014,5,0.7254944907741344,5.335156010967944,0.509903271811853
2014_05_BUF_DET,2014,5,0.6159482970162663,4.699531379818179,0.505896193006988
2014_05_BAL_IND,2014,5,0.5330658852657182,2.4208629763810534,0.49766141304782674
2014_05_PIT_JAX,2014,5,0.2980416011426756,-6.616639328612795,0.48178385306549837
2014_05_TB_NO,2014,5,0.8306722857235935,11.451493168587325,0.5133397142716576
2014_05_ATL_NYG,2014,5,0.6483579453832047,3.9793152554447073,0.49938873956047364
2014_05_STL_PHI,2014,5,0.6206508459758935,3.6020293382892596,0.5030150688439217
2014_05_CLE_TEN,2014,5,0.46244188566911454,-1.0798928418859057,0.49763907803799806
2014_05_ARI_DEN,2014,5,0.7844515139670661,8.290395936580738,0.5085809098837414
2014_05_NYJ_SD,2014,5,0.7494702640700692,7.283256977281898,0.5083699921113736
2014_05_KC_SF,2014,5,0.6257862761856138,4.163606887536037,0.5048346746026143
2014_05_CIN_NE,2014,5,0.43981301815527335,-2.6938081533869145,0.4942729177125166
2014_05_SEA_WAS,2014,5,0.2540807057160416,-7.63120188515197,0.4813539702494667
2014_06_IND_HOU,2014,6,0.41696387724178524,-2.776839305644094,0.4918196174971626
2014_06_NE_BUF,2014,6,0.5030396742062334,0.7801627318233874,0.4935038144344119
2014_06_CAR_CIN,2014,6,0.7439659326643309,7.174548904088345,0.505157999829955
2014_06_PIT_CLE,2014,6,0.600463620191522,2.434804423998804,0.49807339476565665
2014_06_GB_MIA,2014,6,0.415136662240831,-1.646035604111533,0.4956845451325447
2014_06_DET_MIN,2014,6,0.573418894437793,0.8163526212075004,0.49457315226107024
2014_06_DEN_NYJ,2014,6,0.18642111992762128,-10.673006997210038,0.48012001658832215
2014_06_BAL_TB,2014,6,0.32760672464156126,-3.937460977926063,0.4870747302145721
2014_06_JAX_TEN,2014,6,0.6241009213063995,4.316117652254183,0.509340827637319
2014_06_SD_OAK,2014,6,0.2845982679341885,-7.726310603373673,0.478546941870477
2014_06_WAS_ARI,2014,6,0.6743260742602144,5.243837710392494,0.5072053246846755
2014_06_CHI_ATL,2014,6,0.6393794315986148,3.7019697151099664,0.5059682409695123
2014_06_DAL_SEA,2014,6,0.7946111549210372,10.469610574171039,0.5138747952950432
2014_06_NYG_PHI,2014,6,0.5186453244969886,0.9519065671968997,0.4985787805058176
2014_06_SF_STL,2014,6,0.39219454574751683,-3.8438183030172537,0.4898408273007749
2014_07_NYJ_NE,2014,7,0.8058394637109442,9.92936417887803,0.5126861222903328
2014_07_ATL_BAL,2014,7,0.767558542971434,7.367216901020635,0.510850391408455
2014_07_MIN_BUF,2014,7,0.7148829893201348,7.125436054993364,0.5037067426511056
2014_07_MIA_CHI,2014,7,0.5715559902571477,2.9028929750502135,0.4971303878589157
2014_07_NO_DET,2014,7,0.4806485424106084,1.4945071561746723,0.4998376794384368
2014_07_CAR_GB,2014,7,0.7520914140822572,6.647762693913791,0.5043664895603259
2014_07_CIN_IND,2014,7,0.5644590066400768,2.9543952629168917,0.498652324206999
2014_07_CLE_JAX,2014,7,0.3458250042488678,-4.54631330814568,0.48386014775397906
2014_07_SEA_STL,2014,7,0.26411758297433124,-7.624202776070806,0.48156057942239966
2014_07_TEN_WAS,2014,7,0.7244514468826936,6.145760835271012,0.5043073355706752
2014_07_KC_SD,2014,7,0.6283096513323567,3.10484741279482,0.503098344108139
2014_07_NYG_DAL,2014,7,0.7054943537644106,5.292680460688801,0.5086484047549475
2014_07_ARI_OAK,2014,7,0.40703474189308836,-3.9951023495577793,0.48537237092632524
2014_07_SF_DEN,2014,7,0.7461546254055889,7.273165963441299,0.5080718530591142
2014_07_HOU_PIT,2014,7,0.6067235935678204,3.0941859937275127,0.5027832940960731
2014_08_SD_DEN,2014,8,0.7791240883285998,9.406677054507904,0.5120160101324858
2014_08_DET_ATL,2014,8,0.40625270756252274,-3.8272349092501368,0.4903307364481659
2014_08_SEA_CAR,2014,8,0.27603636688150857,-6.570094207260696,0.4831579923270956
2014_08_BAL_CIN,2014,8,0.390188897096636,-2.76392096721715,0.49220129436082843
2014_08_MIA_JAX,2014,8,0.26746050132653015,-7.519356634879846,0.48465613158000564
2014_08_STL_KC,2014,8,0.7247534282299817,7.7369638835967915,0.507002226510717
2014_08_CHI_NE,2014,8,0.7364795272747447,5.851028232186667,0.5103721647892938
2014_08_BUF_NYJ,2014,8,0.6095432356845932,2.950859466577765,0.49854783754286125
2014_08_MIN_TB,2014,8,0.5610580768052327,0.813139346681649,0.49447820482604865
2014_08_HOU_TEN,2014,8,0.3556411147992498,-3.6738319718878922,0.49486318467071194
2014_08_PHI_ARI,2014,8,0.5462591088990301,0.9989564782840662,0.49996916259758606
2014_08_OAK_CLE,2014,8,0.68177963324432,6.759339801763284,0.5076633517574959
2014_08_IND_PIT,2014,8,0.3610053910339454,-5.256470573777108,0.49242142213082063
2014_08_GB_NO,2014,8,0.5760647082778616,1.8886542044367516,0.4967096265208212
2014_08_WAS_DAL,2014,8,0.8036674782619535,9.904052982288093,0.511938500389784
2014_09_NO_CAR,2014,9,0.344361901254322,-3.309089720138998,0.49086680107837094
2014_09_JAX_CIN,2014,9,0.8104452799100301,10.507094582892686,0.514981770859426
2014_09_TB_CLE,2014,9,0.6971451018933128,7.279226823147702,0.5082509217396728
2014_09_ARI_DAL,2014,9,0.5726687755312904,1.4795739388756526,0.4993963839781191
2014_09_PHI_HOU,2014,9,0.447357554469854,-1.6847345856483276,0.49454102689708185
2014_09_NYJ_KC,2014,9,0.7779664347962543,9.831252646521582,0.509787957526025
2014_09_SD_MIA,2014,9,0.5766184652187137,2.8800004349276804,0.49645390594635924
2014_09_WAS_MIN,2014,9,0.4562025271332557,-1.1177080769756125,0.4965216197284039
2014_09_STL_SF,2014,9,0.8138884006476557,10.820132345025833,0.5094594340115494
2014_09_DEN_NE,2014,9,0.40784495008961463,-3.4150797949272804,0.48773579311729665
2014_09_OAK_SEA,2014,9,0.8756772300597941,14.314652854892552,0.5240594317766812
2014_09_BAL_PIT,2014,9,0.540035360381988,2.340417536743939,0.495284243766165
2014_09_IND_NYG,2014,9,0.417569265054619,-3.255895780522699,0.4924384049491335
2014_10_CLE_CIN,2014,10,0.7057827187964955,6.66598237697883,0.504904868126254
2014_10_TEN_BAL,2014,10,0.8492179806119377,11.023123401647968,0.5154550982597558
2014_10_KC_BUF,2014,10,0.5641181651358261,1.7902058786177273,0.4938005646998398
2014_10_MIA_DET,2014,10,0.5740665300838131,2.9446909076907386,0.4983655500973974
2014_10_DAL_JAX,2014,10,0.2379787336783534,-8.107009343113095,0.4820681393554127
2014_10_SF_NO,2014,10,0.7378959132617667,6.114886619350068,0.5033950056811037
2014_10_PIT_NYJ,2014,10,0.3508755028555178,-4.842723122624905,0.48987318082235515
2014_10_ATL_TB,2014,10,0.4451063169850793,-3.673575200632657,0.4948707719618847
2014_10_DEN_OAK,2014,10,0.13744969422435954,-13.955132464470353,0.4717981430978931
2014_10_STL_ARI,2014,10,0.7232370882333702,7.257434711665244,0.5076070642174764
2014_10_NYG_SEA,2014,10,0.7889687796808597,9.514733346519284,0.5152073444992352
2014_10_CHI_GB,2014,10,0.813395886616213,9.88399599456489,0.5113460431887319
2014_10_CAR_PHI,2014,10,0.7238405984577402,7.211914873075782,0.5062620985834901
2014_11_BUF_MIA,2014,11,0.6390845468200165,4.176808904902618,0.5052247800921248
2014_11_ATL_CAR,2014,11,0.4299369581268099,-2.5917118657487683,0.4972898178196097
2014_11_MIN_CHI,2014,11,0.5783236342288667,2.371739749586338,0.49620980244342944
2014_11_HOU_CLE,2014,11,0.6775247758333279,4.656995500573351,0.5046393134300788
2014_11_SEA_KC,2014,11,0.43702662434650547,-1.236112056978101,0.49302294219256926
2014_11_CIN_NO,2014,11,0.8030719642819681,8.848336632826129,0.5102926512616515
2014_11_SF_NYG,2014,11,0.35548957116054075,-4.333876167578813,0.4901345375893016
2014_11_DEN_STL,2014,11,0.23871050360479562,-8.673110609496163,0.4801169585156392
2014_11_TB_WAS,2014,11,0.6907873000251641,6.715487591027979,0.5063676637447638
2014_11_OAK_SD,2014,11,0.8079295444878947,10.944684030960582,0.5131386063510442
2014_11_DET_ARI,2014,11,0.4661606766447943,-1.0760193379505003,0.49775354312865366
2014_11_PHI_GB,2014,11,0.6861162976951106,4.649431856911209,0.5044158124754089
2014_11_NE_IND,2014,11,0.569847343291778,2.9196967888849845,0.49762695131544216
2014_11_PIT_TEN,2014,11,0.24206502285313147,-7.455000634883731,0.48655669401081897
2014_12_KC_OAK,2014,12,0.2503943239317439,-8.215955350742293,0.4788525165582145
2014_12_CLE_ATL,2014,12,0.5936990777230584,2.999291888199085,0.49997907438988837
2014_12_TB_CHI,2014,12,0.6044363164619221,4.019526378440677,0.5005770292760696
2014_12_CIN_HOU,2014,12,0.5720149973913841,2.9331722127612703,0.49802516141096387
2014_12_JAX_IND,2014,12,0.8617791255846992,13.587033104852596,0.5173421142660886
2014_12_GB_MIN,2014,12,0.255542366726703,-8.026392545897298,0.48444836730029933
2014_12_DET_NE,2014,12,0.7731998765804585,7.758891683958476,0.5076501117417983
2014_12_TEN_PHI,2014,12,0.8294596662652715,11.384889265422778,0.5113724297846804
2014_12_STL_SD,2014,12,0.6321644362370936,4.045149570260283,0.5013342251067441
2014_12_ARI_SEA,2014,12,0.768558702369498,7.763299109450832,0.5077803324492803
2014_12_MIA_DEN,2014,12,0.7078364467794853,6.792538835679385,0.5086442205376158
2014_12_WAS_SF,2014,12,0.7758643574307954,9.327638316273669,0.5096811812397447
2014_12_DAL_NYG,2014,12,0.34045811456606206,-4.373030772030283,0.488977865821588
2014_12_NYJ_BUF,2014,12,0.5992695116574592,2.5696699238180414,0.5020588262895423
2014_12_BAL_NO,2014,12,0.6009655569351486,2.4707838097759653,0.49913662485523796
2014_13_CHI_DET,2014,13,0.7227901304884021,7.784707300716021,0.5084128415437755
2014_13_PHI_DAL,2014,13,0.6510594399111065,3.1051172355530334,0.5031063174749331
2014_13_SEA_SF,2014,13,0.49651218257238755,0.7449356338424534,0.49246296990867766
2014_13_SD_BAL,2014,13,0.7124123131288804,6.686881445973508,0.5055224095646622
2014_13_CLE_BUF,2014,13,0.6262131901403019,3.1026283094371467,0.5030327686995606
2014_13_TEN_HOU,2014,13,0.7237481873804826,7.269005119395722,0.5079489195793445
2014_13_WAS_IND,2014,13,0.724153867869329,7.742461806854085,0.5071646715683953
2014_13_NYG_JAX,2014,13,0.3867589377400076,-3.3474973622154276,0.48973214202425114
2014_13_CAR_MIN,2014,13,0.5843396730798939,2.507018159208444,0.5002073955787203
2014_13_NO_PIT,2014,13,0.5555590634129832,3.432368526242159,0.4980014117400842
2014_13_OAK_STL,2014,13,0.7119942465433743,6.776123974605725,0.5081592479877576
2014_13_CIN_TB,2014,13,0.3265638521452558,-6.320707881854469,0.49052356292840354
2014_13_ARI_ATL,2014,13,0.4708916763254024,-1.7187102961249818,0.4935371135083337
2014_13_NE_GB,2014,13,0.5678548939626195,2.8789534486136485,0.4964229673935806
2014_13_DEN_KC,2014,13,0.5334044413141876,0.6973378131239372,0.4910566941637935
2014_13_MIA_NYJ,2014,13,0.26857762110639843,-6.942086832090612,0.48693810281620087
2014_14_DAL_CHI,2014,14,0.3560606751059794,-3.862303306708536,0.48929475859982924
2014_14_PIT_CIN,2014,14,0.5858673422598675,2.954445443664488,0.4986538071038714
2014_14_IND_CLE,2014,14,0.39209085998845244,-3.3203123259903236,0.49053524881662375
2014_14_TB_DET,2014,14,0.7928506702418623,10.925156572246353,0.5125618443863221
2014_14_HOU_JAX,2014,14,0.29618305799900085,-7.016652953876082,0.48473597001911806
2014_14_BAL_MIA,2014,14,0.5976950675276558,2.998044326793185,0.4999422073536209
2014_14_NYJ_MIN,2014,14,0.6533802196460807,4.570572248009282,0.5020854907646943
2014_14_CAR_NO,2014,14,0.8063152102471242,8.866872603012295,0.5108402207214519
2014_14_NYG_TEN,2014,14,0.39783861927163483,-3.168167350811338,0.49503056804482803
2014_14_STL_WAS,2014,14,0.457339870069906,-2.6765267955870122,0.494783555885433
2014_14_KC_ARI,2014,14,0.3643398896239132,-2.627340629231901,0.496236977208781
2014_14_BUF_DEN,2014,14,0.7582215240067185,9.472748724054902,0.5139674751740195
2014_14_SF_OAK,2014,14,0.24243041816695826,-8.642984334558259,0.4810061713045969
2014_14_SEA_PHI,2014,14,0.4294683134998625,-1.760674607759258,0.49229721033196794
2014_14_NE_SD,2014,14,0.3484287515672636,-4.373998094526505,0.4889492911427324
2014_14_ATL_GB,2014,14,0.871368300873132,13.945971949235405,0.5131766452827861
2014_15_ARI_STL,2014,15,0.7084034575513634,6.10770525159131,0.5031827942856619
2014_15_PIT_ATL,2014,15,0.38556346684947573,-3.225755587404691,0.4933289443427346
2014_15_JAX_BAL,2014,15,0.8938775853101462,14.806249362072334,0.5238115449073302
2014_15_GB_BUF,2014,15,0.3887484285935219,-3.834330073603497,0.4901211281923974
2014_15_TB_CAR,2014,15,0.6232849506776731,3.761138971173994,0.5077165096388175
2014_15_CIN_CLE,2014,15,0.5564340539873265,2.35905129955623,0.4958348611550843
2014_15_HOU_IND,2014,15,0.7327905376708512,7.172246871231336,0.5050899774236969
2014_15_OAK_KC,2014,15,0.8395811574899694,11.615861414737305,0.5181931825223147
2014_15_MIA_NE,2014,15,0.8127870607053574,9.83938768408718,0.510028284149039
2014_15_WAS_NYG,2014,15,0.69897323233011,7.138498399822904,0.5040927332033709
2014_15_DEN_SD,2014,15,0.368501302348587,-4.456650935747839,0.4865079532996307
2014_15_NYJ_TEN,2014,15,0.38492940612041915,-3.6856678227982638,0.494513451139739
2014_15_MIN_DET,2014,15,0.7478526170223968,8.294020152324125,0.5086879850120379
2014_15_SF_SEA,2014,15,0.8051122498186672,10.432691260863166,0.5127843917210165
2014_15_DAL_PHI,2014,15,0.5889122553625746,3.4556552895091524,0.49868955939902787
2014_15_NO_CHI,2014,15,0.3601675572707207,-3.3583178598113155,0.48941249171631296
2014_16_TEN_JAX,2014,16,0.6167735572600858,3.900937291589058,0.49707259643472756
2014_16_PHI_WAS,2014,16,0.3051256337827371,-7.347549931109832,0.4897305890607727
2014_16_SD_SF,2014,16,0.5667729853545779,1.9795358682523228,0.49939525894375836
2014_16_CLE_CAR,2014,16,0.7293434250746439,6.269439436775353,0.5079617516619446
2014_16_DET_CHI,2014,16,0.20920954985899085,-10.54528117591059,0.48389062366547353
2014_16_BAL_HOU,2014,16,0.2627118563342831,-6.363472643270683,0.4892602156896666
2014_16_MIN_MIA,2014,16,0.6595472971275574,4.650510827365503,0.5044476954660445
2014_16_ATL_NO,2014,16,0.7317790896311465,6.191702771577785,0.5056648719017651
2014_16_NE_NYJ,2014,16,0.1756566114405688,-10.6991178117457,0.47934940445620755
2014_16_KC_PIT,2014,16,0.5782113023678234,2.5315678954970835,0.5009328708696367
2014_16_GB_TB,2014,16,0.18105465318863093,-12.14267701718402,0.4810152426364392
2014_16_NYG_STL,2014,16,0.7003326028442722,7.178266054917679,0.5052678370168044
2014_16_IND_DAL,2014,16,0.647068627625463,3.5168376831650465,0.5004975749612579
2014_16_BUF_OAK,2014,16,0.26888033696870867,-7.5129709931466895,0.4848446975857723
2014_16_SEA_ARI,2014,16,0.16876327637649932,-10.093722463611394,0.4824603955584291
2014_16_DEN_CIN,2014,16,0.379376741832173,-3.934343319884141,0.48716681298573905
2014_17_CLE_BAL,2014,17,0.8878337802263341,14.496426090432138,0.5146667209424081
2014_17_JAX_HOU,2014,17,0.7412440359668889,8.910609282281271,0.5121321592722784
2014_17_SD_KC,2014,17,0.6044012184876242,2.9847093932316495,0.499548143094176
2014_17_NYJ_MIA,2014,17,0.7349969314268595,7.3018277208328515,0.5089186524759608
2014_17_CHI_MIN,2014,17,0.7121615984272569,7.261883640774948,0.5077385114503143
2014_17_BUF_NE,2014,17,0.6705848307407027,4.862868772082768,0.5107219455997977
2014_17_PHI_NYG,2014,17,0.4632605297199217,-1.1818229919587944,0.49462706028844916
2014_17_NO_TB,2014,17,0.29044673213355054,-6.429179428774346,0.4873193345522928
2014_17_IND_TEN,2014,17,0.2524595841505719,-8.027921330342982,0.48440322419324694
2014_17_DAL_WAS,2014,17,0.3104129238339176,-6.531290915550387,0.4843037252313453
2014_17_CAR_ATL,2014,17,0.5809190873002907,2.52774227114307,0.5008198190461998
2014_17_OAK_DEN,2014,17,0.9096933066193975,17.409990062725615,0.526871020834628
2014_17_DET_GB,2014,17,0.7816766911342797,9.226413096815572,0.5066904831774587
2014_17_STL_SEA,2014,17,0.8285513342758775,11.514559046945015,0.5152021974651131
2014_17_ARI_SF,2014,17,0.7272392737449911,6.183051941786262,0.5054092534359816
2014_17_CIN_PIT,2014,17,0.6203855731102769,3.122800164670598,0.5036288520102298
2014_18_ARI_CAR,2014,18,0.7185883158022343,5.679182976726194,0.5052949308554929
2014_18_BAL_PIT,2014,18,0.6018903987075607,3.0307345136100285,0.5009082434336896
2014_18_CIN_IND,2014,18,0.6329371266594626,3.5117953561661985,0.5003485678287681
2014_18_DET_DAL,2014,18,0.7105434512625426,6.21790566728073,0.5064391117881191
2014_19_BAL_NE,2014,19,0.736438496762391,7.201086662749009,0.5059421485493699
2014_19_CAR_SEA,2014,19,0.8665937741147285,14.011450893963646,0.5151104138591649
2014_19_DAL_GB,2014,19,0.6766017995088638,5.535141363454869,0.5010384710993114
2014_19_IND_DEN,2014,19,0.7807777204658674,9.83076369334562,0.5097735126764852
2014_20_GB_SEA,2014,20,0.7651958997063372,8.685917439227422,0.5054939246467237
2014_20_IND_NE,2014,20,0.7488815168974227,7.204932913740927,0.5060557973384419
2014_21_NE_SEA,2014,21,0.4497644036740764,-0.9560434936858699,0.5012989687319871
2015_01_PIT_NE,2015,1,0.7546882678244892,7.72833408609498,0.5067472428184828
2015_01_IND_BUF,2015,1,0.4764347695921897,-1.130108775354138,0.4961551786663219
2015_01_GB_CHI,2015,1,0.3080112088104252,-6.064248488638534,0.4833305884047303
2015_01_KC_HOU,2015,1,0.4247666005871607,-1.1334831015424849,0.4960554677602931
2015_01_CAR_JAX,2015,1,0.3667190701385613,-3.427113400542251,0.4873803576344577
2015_01_CLE_NYJ,2015,1,0.6422608137217196,3.6110845078757774,0.5032826523555685
2015_01_SEA_STL,2015,1,0.37515870924272643,-3.8448597834827454,0.4898100602298487
2015_01_MIA_WAS,2015,1,0.3731712441645919,-4.286971736243733,0.49152025648595715
2015_01_NO_ARI,2015,1,0.5349928836805254,1.9703779067280869,0.49912462992908696
2015_01_DET_SD,2015,1,0.6061536427121589,3.409202227233626,0.4973168298201717
2015_01_BAL_DEN,2015,1,0.6386504756466675,4.645863123413994,0.5043103581399219
2015_01_CIN_OAK,2015,1,0.3885769877528445,-3.4028723744437532,0.48809637250584637
2015_01_TEN_TB,2015,1,0.6216721863740695,3.0655104900523575,0.5019359112386108
2015_01_NYG_DAL,2015,1,0.7407304697631562,7.356772888210848,0.5105418684050912
2015_01_PHI_ATL,2015,1,0.39081931164216976,-3.7032907841027654,0.49399272414808143
2015_01_MIN_SF,2015,1,0.42604502444586995,-2.484429993259996,0.5004601135272332
2015_02_DEN_KC,2015,2,0.5992818084843337,2.8415620610573806,0.49531806357858443
2015_02_NE_BUF,2015,2,0.5024536345048646,1.6498323908668366,0.48965325914849567
2015_02_HOU_CAR,2015,2,0.6057501159057712,3.0463332700500247,0.5013692047499024
2015_02_ARI_CHI,2015,2,0.4419877922785322,-2.310295570755428,0.4908311760242645
2015_02_SD_CIN,2015,2,0.6078449351319113,3.559144335815901,0.501747785238788
2015_02_TEN_CLE,2015,2,0.505371676477148,0.7700585834024416,0.4932052653491787
2015_02_DET_MIN,2015,2,0.5562121203757999,2.2603686287869538,0.4929189580955599
2015_02_TB_NO,2015,2,0.7932104337142061,9.94386670405417,0.5131144663703553
2015_02_ATL_NYG,2015,2,0.5643705402165329,2.0615363228047157,0.5018184708099547
2015_02_SF_PIT,2015,2,0.7073343774057489,6.063075359004257,0.5018639508152624
2015_02_STL_WAS,2015,2,0.3955713161936233,-3.250611646338806,0.492594530402858
2015_02_MIA_JAX,2015,2,0.3103903559454463,-5.399534192976022,0.4881949764875673
2015_02_BAL_OAK,2015,2,0.2678503466451073,-6.6061240738864155,0.48209427380102393
2015_02_DAL_PHI,2015,2,0.6793792858672654,6.868669439064735,0.49611907503105546
2015_02_SEA_GB,2015,2,0.6108481596172329,3.438321748641409,0.4981773350632783
2015_02_NYJ_IND,2015,2,0.6848766367261088,6.09363769101009,0.5027670914409744
2015_03_WAS_NYG,2015,3,0.5974271254090567,3.0258868571068938,0.5007649892946473
2015_03_CIN_BAL,2015,3,0.611951427492544,2.49052408437476,0.4997199745868147
2015_03_NO_CAR,2015,3,0.7878021557636367,10.258246501599467,0.5076310492740699
2015_03_OAK_CLE,2015,3,0.6059094292353706,3.720935127583719,0.5065286243935498
2015_03_ATL_DAL,2015,3,0.5392021974239902,1.2208072268396017,0.5065248452686701
2015_03_TB_HOU,2015,3,0.6782058909026698,6.261846781614645,0.5077374224198452
2015_03_SD_MIN,2015,3,0.543682371201826,2.3594858503725176,0.4958477019902093
2015_03_JAX_NE,2015,3,0.8982617473148081,15.19129974979039,0.5204198679491544
2015_03_PHI_NYJ,2015,3,0.6138900722224314,3.051700938246335,0.501527825169251
2015_03_PIT_STL,2015,3,0.5384564978791914,1.2170183507565557,0.4916381423955491
2015_03_IND_TEN,2015,3,0.38823528883049613,-3.218892034138888,0.4935317436227275
2015_03_SF_ARI,2015,3,0.7215432408925545,7.100499658488008,0.5029698661194919
2015_03_BUF_MIA,2015,3,0.5429783902023082,1.0486708961354934,0.5014382841652332
2015_03_CHI_SEA,2015,3,0.9051423839430714,17.203350866383328,0.5207755190841298
2015_03_DEN_DET,2015,3,0.42152428561043803,-3.2540981972351224,0.4924915163607673
2015_03_KC_GB,2015,3,0.6750240025038203,4.708051265072337,0.5061479378324946
2015_04_BAL_PIT,2015,4,0.38826949503238295,-3.056093952722314,0.4983423566649759
2015_04_NYJ_MIA,2015,4,0.43287546075011984,-2.591085094738083,0.497308339280776
2015_04_HOU_ATL,2015,4,0.6530370261722868,4.11572972626689,0.5034199196608825
2015_04_NYG_BUF,2015,4,0.7095726703386922,6.159094761913373,0.504701345038716
2015_04_OAK_CHI,2015,4,0.41787073240024225,-3.043139723669689,0.49872516811507783
2015_04_KC_CIN,2015,4,0.6046944577036057,3.5669794267532766,0.5019793196757656
2015_04_JAX_IND,2015,4,0.6539399194175418,4.314479863350141,0.509292442077237
2015_04_CAR_TB,2015,4,0.3896507866082116,-3.452132983264001,0.4866413889715949
2015_04_PHI_WAS,2015,4,0.4005263814940516,-3.1601915765545643,0.49526624495088656
2015_04_CLE_SD,2015,4,0.6875368966299057,4.735262624771339,0.5069519598235628
2015_04_STL_ARI,2015,4,0.7009809328354477,7.2697651961745695,0.5079713763497103
2015_04_MIN_DEN,2015,4,0.7344957082937016,7.287346953338471,0.5084908291513042
2015_04_GB_SF,2015,4,0.25550708204197387,-8.012657138232733,0.48485396571107375
2015_04_DAL_NO,2015,4,0.6007311359471742,2.7884132300258715,0.4937475960904963
2015_04_DET_SEA,2015,4,0.8027217995286852,10.37676721608718,0.5111325083148159
2015_05_IND_HOU,2015,5,0.6493358571044932,4.39247596440956,0.4968225607089838
2015_05_WAS_ATL,2015,5,0.7378857300219027,7.752682252765862,0.5074666480377166
2015_05_CLE_BAL,2015,5,0.724095084760296,6.261428080473639,0.5077250515886748
2015_05_SEA_CIN,2015,5,0.5625003642175468,2.9030524575492693,0.49713510064918176
2015_05_STL_GB,2015,5,0.7845653093237571,8.977617167322034,0.514111254807978
2015_05_CHI_KC,2015,5,0.8101400180113111,10.341813891185769,0.5100999588588847
2015_05_NO_PHI,2015,5,0.6932497338683439,6.545318004716963,0.5013392025325996
2015_05_JAX_TB,2015,5,0.5803497623842205,0.9541978563343103,0.4986464906232276
2015_05_BUF_TEN,2015,5,0.49830978600598375,0.7573222573657015,0.49282894828290585
2015_05_ARI_DET,2015,5,0.37698736105031,-4.709672618145403,0.49380415484273027
2015_05_NE_DAL,2015,5,0.21113343402881915,-8.413094473832546,0.4877944343043761
2015_05_DEN_OAK,2015,5,0.3187742131404028,-5.5278880240857955,0.48440420768355164
2015_05_SF_NYG,2015,5,0.7284880181710099,7.759264317365952,0.5076611215083737
2015_05_PIT_SD,2015,5,0.6542452423345612,3.9959952703389194,0.4998816551140777
2015_06_ATL_NO,2015,6,0.40460449783363933,-3.2938715588109497,0.4913164050756936
2015_06_CIN_BUF,2015,6,0.4056816771776709,-3.250233736380678,0.4926056962046363
2015_06_DEN_CLE,2015,6,0.36494093425488505,-3.849114812039388,0.4896843602175414
2015_06_CHI_DET,2015,6,0.6315119578468084,3.6134329487109547,0.5033520493888982
2015_06_HOU_JAX,2015,6,0.5703668555411682,2.382654208235852,0.49653232531444663
2015_06_KC_MIN,2015,6,0.5919940543286623,3.4443922979918193,0.49835672587302393
2015_06_WAS_NYJ,2015,6,0.7542332155562746,7.688823476630557,0.5055797935005727
2015_06_ARI_PIT,2015,6,0.3049557180649054,-5.777489121524049,0.4918004186527966
2015_06_MIA_TEN,2015,6,0.5388389025353475,2.4281737362515416,0.4978774519804314
2015_06_CAR_SEA,2015,6,0.7261603913556247,7.248502486914449,0.5073431518849872
2015_06_SD_GB,2015,6,0.8083263036869782,10.916348164483297,0.5123016710597523
2015_06_BAL_SF,2015,6,0.40607408706604936,-2.718840392138062,0.49353326950941073
2015_06_NE_IND,2015,6,0.20401696357613214,-8.638813061575942,0.48112929893067913
2015_06_NYG_PHI,2015,6,0.6278783474706288,3.5107420309349813,0.5003174407307499
2015_07_SEA_SF,2015,7,0.29078400982492464,-6.9049472976410655,0.4880350833074633
2015_07_BUF_JAX,2015,7,0.37691219747944393,-3.7781663885901455,0.49178040878190815
2015_07_MIN_DET,2015,7,0.5656030528601954,0.9102989533017283,0.4973492387551134
2015_07_NO_IND,2015,7,0.6866593675649396,5.517961613178184,0.5005307885042137
2015_07_PIT_KC,2015,7,0.6289552739691624,3.835155030552749,0.49512874119918576
2015_07_HOU_MIA,2015,7,0.6897247386097579,4.638615510184985,0.5040961937822034
2015_07_NYJ_NE,2015,7,0.759848393604717,7.45812229296228,0.5135355022412186
2015_07_CLE_STL,2015,7,0.7115184042062878,6.63253499509997,0.5039165158405716
2015_07_ATL_TEN,2015,7,0.3146023055998466,-6.0445802084348825,0.4839113212829118
2015_07_TB_WAS,2015,7,0.5945703543067562,3.145232777445716,0.5042917316922726
2015_07_OAK_SD,2015,7,0.6578792294194826,3.721160888892055,0.5065352950349147
2015_07_DAL_NYG,2015,7,0.6255499436079573,3.0052808403926488,0.5001560555892557
2015_07_PHI_CAR,2015,7,0.5873321395497397,3.042506046322874,0.5012561060024099
2015_07_BAL_ARI,2015,7,0.7693245015962634,10.191377162716133,0.5056552507115528
2015_08_MIA_NE,2015,8,0.7913266138828736,8.53386115554452,0.5157721695695026
2015_08_DET_KC,2015,8,0.6139722329308509,3.129960146735167,0.503840429371484
2015_08_TB_ATL,2015,8,0.7478175556009761,8.342309728460759,0.5101146067822365
2015_08_SD_BAL,2015,8,0.6417772166130907,4.644658408180944,0.5042747593235799
2015_08_MIN_CHI,2015,8,0.4746002968756944,-1.253498552506528,0.4925092334988497
2015_08_ARI_CLE,2015,8,0.25783789894733844,-7.528517364884408,0.4843856240872082
2015_08_TEN_HOU,2015,8,0.641216455766496,3.683437510406142,0.505420646432639
2015_08_NYG_NO,2015,8,0.5644996016347376,3.0080219601931737,0.5002370591781051
2015_08_CIN_PIT,2015,8,0.5514150195802887,1.027304307654427,0.5008068766914024
2015_08_SF_STL,2015,8,0.7474058580521711,8.17436443042069,0.5051525488521105
2015_08_NYJ_OAK,2015,8,0.3543487628997494,-3.365063173619409,0.48921323058934274
2015_08_SEA_DAL,2015,8,0.33422737533446845,-4.835158504579361,0.4900966545214435
2015_08_GB_DEN,2015,8,0.40472266249103517,-2.7408322845181425,0.49288347518865916
2015_08_IND_CAR,2015,8,0.6763729832854579,5.294883909084634,0.5087135040591164
2015_09_CLE_CIN,2015,9,0.8727451021237821,13.516275389549993,0.5152528806336519
2015_09_MIA_BUF,2015,9,0.640699543101277,4.0245454048021605,0.5007253477311129
2015_09_GB_CAR,2015,9,0.4364603973492053,-2.12478642987637,0.49631245377826394
2015_09_STL_MIN,2015,9,0.528881476794595,1.9332308649208354,0.4980268946361381
2015_09_WAS_NE,2015,9,0.8992209389900175,14.339217250014057,0.524783980427869
2015_09_TEN_NO,2015,9,0.7024218919763962,7.340236221719964,0.5100533515797159
2015_09_JAX_NYJ,2015,9,0.7694468318264682,7.886906040047542,0.5114320037123321
2015_09_OAK_PIT,2015,9,0.7298567023955367,6.320320279854156,0.50946498616408
2015_09_ATL_SF,2015,9,0.20950035552635154,-9.98985546217225,0.48552732002752563
2015_09_NYG_TB,2015,9,0.4501710347953247,-1.628022654193694,0.49621682339956796
2015_09_DEN_IND,2015,9,0.3955089156639242,-3.852132002054472,0.48959522845768144
2015_09_PHI_DAL,2015,9,0.39174773635622046,-3.055483277906303,0.4983604027333781
2015_09_CHI_SD,2015,9,0.6536443359663101,3.6763791117231572,0.5052120802401291
2015_10_BUF_NYJ,2015,10,0.5802057084099793,2.483884790417408,0.49952377504198764
2015_10_JAX_BAL,2015,10,0.6742559799327598,4.310247663537988,0.5091674086299953
2015_10_DET_GB,2015,10,0.8226666061411652,10.972654170351369,0.5139646827034204
2015_10_MIA_PHI,2015,10,0.6709093799758871,5.595553698022116,0.5028237105106832
2015_10_CLE_PIT,2015,10,0.7576888281953517,7.461862224750959,0.5136459578741452
2015_10_CHI_STL,2015,10,0.7417110671813117,7.721291386168669,0.5065391508787244
2015_10_DAL_TB,2015,10,0.478828135014768,-1.1831932397069966,0.4945865714137253
2015_10_CAR_TEN,2015,10,0.37668271117213004,-3.988399548235511,0.48557031591760796
2015_10_NO_WAS,2015,10,0.5041560973197861,-1.2102880024905345,0.4937859716472856
2015_10_MIN_OAK,2015,10,0.5997312808887938,2.9260951607951995,0.4978160283098362
2015_10_KC_DEN,2015,10,0.6252377043776756,4.120100306652633,0.5035490709785841
2015_10_NE_NYG,2015,10,0.22803576215334456,-7.70610593588695,0.47914317594156536
2015_10_ARI_SEA,2015,10,0.5932606814117084,2.9837587474671228,0.4995200503141426
2015_10_HOU_CIN,2015,10,0.808852839856469,10.46545585615019,0.5137520916661577
2015_11_TEN_JAX,2015,11,0.5972185228868614,3.030993547122619,0.500915898185552
2015_11_IND_ATL,2015,11,0.6054089396505111,3.5836250266428786,0.5024712107759344
2015_11_STL_BAL,2015,11,0.6195290319958124,3.1503619354136863,0.504443295791458
2015_11_WAS_CAR,2015,11,0.7321854463068275,7.40785059662777,0.5120506740270718
2015_11_DEN_CHI,2015,11,0.43223359270522005,-2.6752088457286947,0.4948224996860462
2015_11_OAK_DET,2015,11,0.4783671230088637,-2.027755361778677,0.4991797941095788
2015_11_NYJ_HOU,2015,11,0.34656508383949713,-4.297600167433938,0.49120624635363425
2015_11_DAL_MIA,2015,11,0.44177571029866464,-2.6439994904148154,0.49574471142707405
2015_11_TB_PHI,2015,11,0.7366554687899803,7.208068341553903,0.5061484424044556
2015_11_KC_SD,2015,11,0.4108236821047692,-3.2753459078962743,0.4918637400839519
2015_11_GB_MIN,2015,11,0.4405206691172443,-1.1762162642054763,0.4947927317021367
2015_11_SF_SEA,2015,11,0.8821617618155411,14.64934751021045,0.5191816534050063
2015_11_CIN_ARI,2015,11,0.6222086252050927,4.084846221329469,0.5025072979395687
2015_11_BUF_NE,2015,11,0.7732574410967827,7.595610554930638,0.5175953458517393
2015_12_PHI_DET,2015,12,0.5811139645210952,2.917584419855342,0.49756452924038524
2015_12_CAR_DAL,2015,12,0.434943643507766,-1.298689185316648,0.4911740723284375
2015_12_CHI_GB,2015,12,0.7520257776279791,7.866448697676999,0.5108276983956956
2015_12_MIN_ATL,2015,12,0.5859227966557595,2.0265134823086046,0.5007835068365817
2015_12_STL_CIN,2015,12,0.8153088425703254,10.85646712835662,0.5105328359620801
2015_12_NO_HOU,2015,12,0.6477358380686499,3.4546188799515343,0.4986589323390885
2015_12_TB_IND,2015,12,0.6181196654302786,3.0208836052035606,0.5006171370192657
2015_12_SD_JAX,2015,12,0.642840713702719,4.959569317331703,0.49880522336071154
2015_12_BUF_KC,2015,12,0.6529746872123856,4.65582651944758,0.5046047708599884
2015_12_MIA_NYJ,2015,12,0.6476379935186783,4.542918980229631,0.501268308666846
2015_12_OAK_TEN,2015,12,0.4867062293086963,-1.1184488597351443,0.4964997294869803
2015_12_NYG_WAS,2015,12,0.46435318078441434,-1.233782970505276,0.49309175925652476
2015_12_ARI_SF,2015,12,0.23723702885118458,-8.188539764765727,0.4796615867024542
2015_12_PIT_SEA,2015,12,0.5726997843580419,3.0730540988460184,0.5021588315959886
2015_12_NE_DEN,2015,12,0.3426297866736028,-2.991378650044035,0.4854823375911028
2015_12_BAL_CLE,2015,12,0.6263222133669576,5.751288723933721,0.4926506791744271
2015_13_GB_DET,2015,13,0.4190883942871074,-2.7434022523417982,0.4928075415629693
2015_13_HOU_BUF,2015,13,0.627749525550302,3.1280023658315446,0.5037825770803147
2015_13_SF_CHI,2015,13,0.7227249981510508,6.273279628296661,0.5080752113132335
2015_13_CIN_CLE,2015,13,0.2066003991870584,-8.134584460118825,0.4812541206160269
2015_13_BAL_MIA,2015,13,0.6288528158259705,3.3979315662108474,0.49698377586702086
2015_13_SEA_MIN,2015,13,0.4196693871212688,-2.756792538324039,0.49241190938530244
2015_13_NYJ_NYG,2015,13,0.4386098199478692,-2.077514298277653,0.4977093658516681
2015_13_ARI_STL,2015,13,0.36862108961826034,-3.9490495773694994,0.48673245682200833
2015_13_ATL_TB,2015,13,0.5242403398706756,0.9505650654071242,0.4985391376694089
2015_13_JAX_TEN,2015,13,0.5894467494147093,2.955989967816359,0.498699449518449
2015_13_KC_OAK,2015,13,0.34503641149875264,-3.4170699583966724,0.4876770091652733
2015_13_DEN_SD,2015,13,0.32862109553883967,-6.335240609931206,0.49009422895100735
2015_13_PHI_NE,2015,13,0.8283384861646292,10.179094869469166,0.5200596623881248
2015_13_CAR_NO,2015,13,0.2809071873515472,-6.097174806404291,0.4823584736005741
2015_13_IND_PIT,2015,13,0.7837178792198419,10.299502567230812,0.5088499582497856
2015_13_DAL_WAS,2015,13,0.576061917112933,1.8885922945785958,0.49670779706752777
2015_14_MIN_ARI,2015,14,0.8056412884058343,10.418159375707575,0.512355169110745
2015_14_SEA_BAL,2015,14,0.1996614002429839,-11.070992464176257,0.4831314713807766
2015_14_ATL_CAR,2015,14,0.7704554764752503,8.949382487125618,0.5132773756424481
2015_14_WAS_CHI,2015,14,0.6447009669378209,4.114439017522909,0.5033817789512666
2015_14_PIT_CIN,2015,14,0.5604540317323741,1.0053221205833367,0.5001572754716362
2015_14_SF_CLE,2015,14,0.5425016942028321,2.351267266409244,0.4956048462538943
2015_14_IND_JAX,2015,14,0.516107285985938,0.8303869283640797,0.49498784848706107
2015_14_SD_KC,2015,14,0.8298064343116419,11.957711816125355,0.5135233791014207
2015_14_TEN_NYJ,2015,14,0.7730223567596888,8.301408731714412,0.508906273901079
2015_14_BUF_PHI,2015,14,0.4995132582864977,0.8167612589364919,0.49458522691422274
2015_14_DET_STL,2015,14,0.3884614042007508,-3.2386701746032163,0.49294735822916697
2015_14_NO_TB,2015,14,0.7087525081625685,6.119406131778085,0.5035285580295532
2015_14_OAK_DEN,2015,14,0.7212879967933619,6.3478623210539356,0.5102786394004846
2015_14_DAL_GB,2015,14,0.7284165857060692,6.288014747037239,0.5085105588297348
2015_14_NE_HOU,2015,14,0.3114395505931309,-4.555219466294629,0.48359717832438776
2015_14_NYG_MIA,2015,14,0.4376050297658649,-2.5973370860414353,0.4971235894354699
2015_15_TB_STL,2015,15,0.5335017524409428,0.8460098387667027,0.49544949230330126
2015_15_NYJ_DAL,2015,15,0.3744946240292319,-3.2514921111140445,0.49256851604036195
2015_15_KC_BAL,2015,15,0.2748442848119745,-6.9767540579472795,0.48591423525002625
2015_15_HOU_IND,2015,15,0.597725072527685,2.552775359380482,0.5015595754513488
2015_15_ATL_JAX,2015,15,0.5976843523507536,1.9587273338276043,0.4987803417843258
2015_15_CHI_MIN,2015,15,0.6177004040164282,4.0691500282641115,0.5020434629135083
2015_15_TEN_NE,2015,15,0.9023669473090513,15.358242553481599,0.5253450924588915
2015_15_CAR_NYG,2015,15,0.3547765524225757,-5.0407683228817275,0.4840238764050497
2015_15_BUF_WAS,2015,15,0.4000361161862149,-2.7392965106916836,0.4929288520959551
2015_15_GB_OAK,2015,15,0.31802493492000516,-4.393504475927128,0.48837308549895714
2015_15_CLE_SEA,2015,15,0.907892026788532,15.460229426908736,0.5283521001483349
2015_15_DEN_PIT,2015,15,0.7551147909169074,7.73729577588188,0.5070120328396571
2015_15_MIA_SD,2015,15,0.5342785734880168,0.9438256316660372,0.4983399803012607
2015_15_CIN_SF,2015,15,0.2440215477270654,-7.534291442006848,0.48421512486132207
2015_15_ARI_PHI,2015,15,0.37397624064663715,-3.9763394641643592,0.48592647939607625
2015_15_DET_NO,2015,15,0.5307763621542378,2.3992895671950603,0.4970239054025992
2015_16_SD_OAK,2015,16,0.5876664089466114,3.960538281933749,0.49883385737964575
2015_16_WAS_PHI,2015,16,0.6107711263070167,3.4410326888590053,0.4982574460168986
2015_16_CAR_ATL,2015,16,0.26732191973614783,-7.607328923160435,0.48205870490275005
2015_16_PIT_BAL,2015,16,0.18578781536359712,-11.572188371770274,0.48309616244355735
2015_16_DAL_BUF,2015,16,0.7234636590968764,6.670586465376115,0.5050409142606571
2015_16_SF_DET,2015,16,0.7825431858835231,8.888766028273569,0.5114869460676823
2015_16_CLE_KC,2015,16,0.8692443219732898,12.266011104909241,0.5226244677079008
2015_16_IND_MIA,2015,16,0.5898944571113691,2.4692766113336204,0.4990920853217839
2015_16_NE_NYJ,2015,16,0.4038990810786768,-2.906755831132458,0.48798166297365847
2015_16_CHI_TB,2015,16,0.6023425951683797,3.0620615843990846,0.5018339927997826
2015_16_HOU_TEN,2015,16,0.39250993560711317,-3.8113934538847993,0.4907987407717898
2015_16_JAX_NO,2015,16,0.5295990127949822,2.520964105754607,0.5006195159107348
2015_16_GB_ARI,2015,16,0.681192423548478,6.251800655183642,0.5074406002478967
2015_16_STL_SEA,2015,16,0.8380432813604506,11.726382019635428,0.521455165519019
2015_16_NYG_MIN,2015,16,0.6965145725884763,7.092089189109165,0.5027213323103159
2015_16_CIN_DEN,2015,16,0.5726622581977204,3.4913301302689903,0.49974379426936905
2015_17_NO_ATL,2015,17,0.6994102182361288,6.006189539432127,0.5001829088066058
2015_17_NYJ_BUF,2015,17,0.4288244315851381,-2.603810436355287,0.49693229895794006
2015_17_DET_CHI,2015,17,0.4184571007953205,-2.660187203465601,0.4952663741721657
2015_17_BAL_CIN,2015,17,0.803036066106703,10.34664189227955,0.5102425860971689
2015_17_PIT_CLE,2015,17,0.1102822256063725,-13.763963712149403,0.4774359383089008
2015_17_WAS_DAL,2015,17,0.5795463659795227,2.8985094236552023,0.4970008518088708
2015_17_JAX_HOU,2015,17,0.6306054822403445,5.163571138929706,0.5048336182630967
2015_17_TEN_IND,2015,17,0.6288507060713248,3.7869007363421128,0.5084776458499369
2015_17_NE_MIA,2015,17,0.20350877812062493,-10.675260356063577,0.48005350992170104
2015_17_PHI_NYG,2015,17,0.6436199844235266,4.1145943104320954,0.5033863678904076
2015_17_SEA_ARI,2015,17,0.676241473020939,6.03501448414636,0.5010347216659928
2015_17_TB_CAR,2015,17,0.8088048810627936,10.540570140549972,0.5159702717483383
2015_17_SD_DEN,2015,17,0.7777723760430962,10.322790168431384,0.5095379538312825
2015_17_OAK_KC,2015,17,0.7479255008418956,6.974443621740209,0.5140175307591629
2015_17_STL_SF,2015,17,0.3927913386608824,-3.295839379352657,0.49125826732841177
2015_17_MIN_GB,2015,17,0.6257132774984642,3.0502915115234073,0.501486175102663
2015_18_KC_HOU,2015,18,0.38770372240602335,-3.290233876900503,0.49142387808000965
2015_18_PIT_CIN,2015,18,0.44815022443320707,-2.097864760874776,0.4971079963762247
2015_18_SEA_MIN,2015,18,0.3321013661961296,-4.460452922522683,0.48639566451909816
2015_18_GB_WAS,2015,18,0.5246035926185421,1.9089509331189265,0.49730940392584394
2015_19_KC_NE,2015,19,0.6854985050584811,6.036596157000325,0.5010814619589936
2015_19_GB_ARI,2015,19,0.6968607624403796,7.274111432291423,0.5080997871348554
2015_19_SEA_CAR,2015,19,0.5849349232255826,2.49357338789764,0.4998100853932937
2015_19_PIT_DEN,2015,19,0.678517290704172,6.909432373495487,0.4973236307833679
2015_20_NE_DEN,2015,20,0.407110966110005,-2.705330275761242,0.4939324614607407
2015_20_ARI_CAR,2015,20,0.6323162417796142,3.653028466391734,0.5045220902204022
2015_21_CAR_DEN,2015,21,0.336010610492201,-4.87167106691738,0.48901803156733187
2016_01_CAR_DEN,2016,1,0.3946704482277507,-3.323152905648511,0.490451329886803
2016_01_TB_ATL,2016,1,0.5875926511387074,2.52105350211863,0.5006221576845228
2016_01_BUF_BAL,2016,1,0.5745375410864831,2.8564412892691924,0.4957577362922275
2016_01_CHI_HOU,2016,1,0.6486140580604007,5.558593209186717,0.5017314988962837
2016_01_GB_JAX,2016,1,0.3838307978049529,-3.849646638255152,0.4896686493343898
2016_01_SD_KC,2016,1,0.7188711330424946,6.892822126191616,0.5116067587424118
2016_01_OAK_NO,2016,1,0.5893100633078346,2.5954377102099095,0.5028202830081184
2016_01_CIN_NYJ,2016,1,0.5318137439790912,0.9212308078077339,0.4976722827514273
2016_01_CLE_PHI,2016,1,0.6499104790241236,3.608185701071563,0.5031969917289254
2016_01_MIN_TEN,2016,1,0.43419442342472725,-2.8311437043487753,0.4902152608859395
2016_01_MIA_SEA,2016,1,0.8176318795842944,11.043201710262554,0.5160479753786238
2016_01_NYG_DAL,2016,1,0.5161700110094438,0.8996565549046331,0.49703475005850256
2016_01_DET_IND,2016,1,0.5647488685383533,2.3500043959137806,0.4955675290983658
2016_01_NE_ARI,2016,1,0.7589203062160624,9.096331182740224,0.5028466855990916
2016_01_PIT_WAS,2016,1,0.3879367458542578,-2.7934005181329833,0.491330321638334
2016_01_LA_SF,2016,1,0.41044722908316017,-2.755045005548363,0.4924635419373612
2016_02_NYJ_BUF,2016,2,0.5319260278465305,1.3756234500883122,0.4963245657401355
2016_02_TB_ARI,2016,2,0.7428912896612838,7.858826477636512,0.5106025332905997
2016_02_SF_CAR,2016,2,0.8427163323932354,12.581139943427837,0.5171681267253877
2016_02_BAL_CLE,2016,2,0.3278191965595702,-4.292172536408077,0.491366601536752
2016_02_TEN_DET,2016,2,0.7036055794341924,6.438323632328682,0.5129507489201085
2016_02_KC_HOU,2016,2,0.41110611080613013,-1.2447286977341065,0.49276834980913947
2016_02_MIA_NE,2016,2,0.6838457407712621,5.819555932220647,0.5094424050553356
2016_02_NO_NYG,2016,2,0.6233076972112688,3.5152379038397306,0.5004502994678175
2016_02_CIN_PIT,2016,2,0.6090945433677989,3.0992982315840703,0.5029343633886876
2016_02_DAL_WAS,2016,2,0.5962296925751748,3.5605721909041472,0.5017899797695514
2016_02_SEA_LA,2016,2,0.2816094194672185,-6.11055139492514,0.48196357356441416
2016_02_IND_DEN,2016,2,0.6536015603771451,5.25790405834017,0.5076209314863506
2016_02_ATL_OAK,2016,2,0.6149542933309438,4.004498483068199,0.5001329359303972
2016_02_JAX_SD,2016,2,0.5717331347856328,3.1674156312610044,0.5049472193960037
2016_02_GB_MIN,2016,2,0.4351128413587157,-1.5697492261004435,0.4979388302577459
2016_02_PHI_CHI,2016,2,0.6088444708849401,3.014708238818788,0.5004346471980899
2016_03_HOU_NE,2016,3,0.5591034263079457,1.1279040204246886,0.5037796709781915
2016_03_ARI_BUF,2016,3,0.33134759997665186,-5.414585279574845,0.4877503997812967
2016_03_MIN_CAR,2016,3,0.7169120724223493,6.386251798919835,0.511412677974647
2016_03_DEN_CIN,2016,3,0.6338061732677825,3.5153600463988166,0.5004539089344668
2016_03_DET_GB,2016,3,0.6759181340757799,6.054032616422153,0.5015967287155407
2016_03_BAL_JAX,2016,3,0.46431283617969765,-1.1897114814873535,0.4943939673980832
2016_03_CLE_MIA,2016,3,0.8278856861092574,10.262818642214537,0.507766136722737
2016_03_WAS_NYG,2016,3,0.621888231678404,3.5420455308124885,0.5012424972463326
2016_03_OAK_TEN,2016,3,0.4853861207087219,-1.592849427032918,0.4972562022129225
2016_03_SF_SEA,2016,3,0.8265379559322797,11.010198005672358,0.5150734159023574
2016_03_LA_TB,2016,3,0.605634759949467,3.5669249519027155,0.5019777098939991
2016_03_SD_IND,2016,3,0.5570804892353284,1.3740352482501548,0.4962776343602443
2016_03_NYJ_KC,2016,3,0.5952352775851198,2.974387560710392,0.4992431200883649
2016_03_PIT_PHI,2016,3,0.36530316391911904,-3.900815878015714,0.48815711769066716
2016_03_CHI_DAL,2016,3,0.6960461115515402,6.594542252653424,0.5027938217461662
2016_03_ATL_NO,2016,3,0.5826744386262029,2.534950322823305,0.501032825623134
2016_04_MIA_CIN,2016,4,0.7107398278234333,7.774293224036224,0.5081051582055859
2016_04_IND_JAX,2016,4,0.5206595888149078,0.8007331919106673,0.4941116245734636
2016_04_CAR_ATL,2016,4,0.397558734468882,-2.879590140471268,0.48878410338190403
2016_04_OAK_BAL,2016,4,0.6368876419718967,3.54700449877661,0.5013890402994406
2016_04_DET_CHI,2016,4,0.37182259995353456,-3.290861076025542,0.49140534783511614
2016_04_TEN_HOU,2016,4,0.5954590199690768,4.254105691883116,0.5075087050764453
2016_04_BUF_NE,2016,4,0.6085690877783501,3.643201172212323,0.5042316985827817
2016_04_SEA_NYJ,2016,4,0.49165015931955236,-1.1711933079551655,0.4949411542010703
2016_04_CLE_WAS,2016,4,0.763466415107067,7.779575369057514,0.5082612195117463
2016_04_DEN_TB,2016,4,0.3576502557783786,-3.883835375660003,0.4886587013865736
2016_04_LA_ARI,2016,4,0.8063869926225519,10.45707306134796,0.5135045139110681
2016_04_NO_SD,2016,4,0.6058161717316791,4.032483760971542,0.5009599357905796
2016_04_DAL_SF,2016,4,0.450449177752552,-1.2734171765042044,0.491920724794316
2016_04_KC_PIT,2016,4,0.5704511938384659,3.01152820005366,0.5003406730266206
2016_04_NYG_MIN,2016,4,0.6100593512884381,3.646286209293443,0.504322860137334
2016_05_ARI_SF,2016,5,0.37439505950775276,-3.8574326304728617,0.489438642186251
2016_05_WAS_BAL,2016,5,0.6268639623780383,3.979169543084456,0.4993844335788022
2016_05_NE_CLE,2016,5,0.16721316270452224,-10.647217582209565,0.48088121616300433
2016_05_PHI_DET,2016,5,0.39329763206694085,-3.715005131053995,0.49364659175292175
2016_05_CHI_IND,2016,5,0.6505696858054096,4.053163513487097,0.5015710458137534
2016_05_TEN_MIA,2016,5,0.6081776222217566,2.5757711220372417,0.5022391218892993
2016_05_HOU_MIN,2016,5,0.709736086608497,6.168016619276381,0.5049649779906441
2016_05_NYJ_PIT,2016,5,0.7659430894158209,10.270208484670546,0.5079844734727571
2016_05_ATL_DEN,2016,5,0.6304161863342489,3.62896533656233,0.5038110328092535
2016_05_CIN_DAL,2016,5,0.428224618478479,-2.623537961869991,0.49634934604555203
2016_05_BUF_LA,2016,5,0.39765514797223656,-2.8726188803255197,0.48899003310794176
2016_05_SD_OAK,2016,5,0.591948118999198,3.420717816616473,0.4976571234648121
2016_05_NYG_GB,2016,5,0.7039880491798515,7.193183899724877,0.5057086366875011
2016_05_TB_CAR,2016,5,0.7301005813812075,6.495275342257757,0.5146327377914242
2016_06_DEN_SD,2016,6,0.39957430275371203,-3.277199021892203,0.4918089896593398
2016_06_SF_BUF,2016,6,0.7498834131073693,7.923088538168907,0.5125007614839643
2016_06_JAX_CHI,2016,6,0.5738144320244293,2.601822681122179,0.5030089620341648
2016_06_LA_DET,2016,6,0.6315571120234835,2.7131779960402116,0.5062994208579157
2016_06_PIT_MIA,2016,6,0.2635623081518823,-8.13663926368787,0.481193465805915
2016_06_CIN_NE,2016,6,0.7233254194697658,7.708523142872904,0.5061618807659021
2016_06_CAR_NO,2016,6,0.4091561675478068,-2.8323676477817856,0.49017910271053655
2016_06_BAL_NYG,2016,6,0.610349670172208,3.478662828733457,0.4993694595393833
2016_06_CLE_TEN,2016,6,0.7759946443106056,7.756896979113047,0.5075911764151643
2016_06_PHI_WAS,2016,6,0.3869587751038744,-3.2147547608369322,0.4936539895761314
2016_06_KC_OAK,2016,6,0.43037214332754037,-1.1280428607010566,0.49621622629826406
2016_06_DAL_GB,2016,6,0.6364333779375182,5.008447924302947,0.5002496469604532
2016_06_ATL_SEA,2016,6,0.730252622806616,7.188650672406558,0.5055746874135887
2016_06_IND_HOU,2016,6,0.544456775981577,3.0681130427830325,0.5020128190611785
2016_06_NYJ_ARI,2016,6,0.7263197985103231,7.64680243630249,0.5043381144074743
2016_07_CHI_GB,2016,7,0.7287092386869879,7.711207564918147,0.5062411992885095
2016_07_NYG_LA,2016,7,0.4106902316759175,-3.0933909200940395,0.49724020078051495
2016_07_CLE_CIN,2016,7,0.8336668287079998,11.97278761403925,0.5139686237183393
2016_07_WAS_DET,2016,7,0.48974615407634847,-1.07278038755151,0.497849256805137
2016_07_OAK_JAX,2016,7,0.5799269644234725,1.4501635797330603,0.4985272733340199
2016_07_NO_KC,2016,7,0.7101726859753632,6.127165322352656,0.5037578424786856
2016_07_BUF_MIA,2016,7,0.4066737614140212,-2.941185013947154,0.48696473844027416
2016_07_BAL_NYJ,2016,7,0.5552930180029192,1.988046442079765,0.4996467571087057
2016_07_MIN_PHI,2016,7,0.4821656685408055,-2.5770676669807906,0.49772256416187843
2016_07_IND_TEN,2016,7,0.6005172098311353,4.0067714389246305,0.5002001046794753
2016_07_SD_ATL,2016,7,0.6414153248499233,4.679258234865473,0.5052971546338716
2016_07_TB_SF,2016,7,0.5414585891981741,0.9509966216476625,0.4985518906239626
2016_07_NE_PIT,2016,7,0.2569565575223748,-7.84050869852538,0.48993859894077524
2016_07_SEA_ARI,2016,7,0.5958356215141937,2.4629702025676283,0.4989057234588114
2016_07_HOU_DEN,2016,7,0.7595877453797152,8.660351620916218,0.5047384842315759
2016_08_JAX_TEN,2016,8,0.6112455268854321,3.150819067576588,0.5044568037915826
2016_08_WAS_CIN,2016,8,0.5805636733551492,3.0617814638523915,0.5018257149661426
2016_08_NE_BUF,2016,8,0.3411451659394176,-5.725126321440644,0.493347537364773
2016_08_ARI_CAR,2016,8,0.5712148458528409,2.4453746754431562,0.4983857561422307
2016_08_NYJ_CLE,2016,8,0.3660425835096701,-2.962445853743405,0.48633680524533535
2016_08_DET_HOU,2016,8,0.4682298764135015,0.8558558800394033,0.4957404376822442
2016_08_KC_IND,2016,8,0.4075380690331604,-3.2334015007314005,0.493103030489215
2016_08_SEA_NO,2016,8,0.4463437248227052,-1.3191100300541565,0.490570768238538
2016_08_OAK_TB,2016,8,0.5311185460422831,0.9879113083833904,0.4996427637365859
2016_08_SD_DEN,2016,8,0.6165816399909833,3.630193052499442,0.5038473117154618
2016_08_GB_ATL,2016,8,0.5805465433753666,3.0109708334903247,0.500324202136948
2016_08_PHI_DAL,2016,8,0.6545468306699432,5.161383394030531,0.504768972283164
2016_08_MIN_CHI,2016,8,0.33417203521365146,-5.866515211752976,0.4891703367523509
2016_09_ATL_TB,2016,9,0.3497227430540527,-4.83075703301305,0.4902266840858019
2016_09_PIT_BAL,2016,9,0.3754924722630367,-3.8377430117860896,0.490020302740845
2016_09_DAL_CLE,2016,9,0.23734892196713814,-7.675208241739043,0.4800550480415104
2016_09_JAX_KC,2016,9,0.7168650134974655,7.370061323968685,0.510934416414878
2016_09_NYJ_MIA,2016,9,0.6145835108331332,3.3657282331238996,0.49603216283614915
2016_09_DET_MIN,2016,9,0.5712429022959477,4.071316810061947,0.5021074932225906
2016_09_PHI_NYG,2016,9,0.577720951504672,2.827429649083521,0.4949004641170614
2016_09_CAR_LA,2016,9,0.3854221516625426,-3.4720637046711134,0.48605275563536965
2016_09_NO_SF,2016,9,0.3146099240864147,-5.364907039221724,0.48921784287468706
2016_09_IND_GB,2016,9,0.7161837230592342,7.754273475918057,0.5075136624306132
2016_09_TEN_SD,2016,9,0.6202190448521573,3.583943500007521,0.502480621890267
2016_09_DEN_OAK,2016,9,0.5091534988812665,0.7679823249838225,0.49314391823527776
2016_09_BUF_SEA,2016,9,0.6557705015351868,5.597738203750582,0.5028882637968994
2016_10_CLE_BAL,2016,10,0.7598889118469728,7.860261795604525,0.5106449337335605
2016_10_KC_CAR,2016,10,0.5744138236277634,3.0759391559758593,0.5022440874288873
2016_10_HOU_JAX,2016,10,0.6261910787461237,2.8383119126992167,0.4952220242852438
2016_10_DEN_NO,2016,10,0.6108930171383878,3.0591066141049157,0.5017466705246345
2016_10_LA_NYJ,2016,10,0.4767209447719161,-0.8944570622372225,0.5031188971372441
2016_10_ATL_PHI,2016,10,0.5800377065959633,1.8449211998830783,0.49541732373846203
2016_10_CHI_TB,2016,10,0.4456324798219982,-2.5527783536157997,0.4984403360658411
2016_10_GB_TEN,2016,10,0.410821234618625,-3.1665024338694607,0.49507976469213066
2016_10_MIN_WAS,2016,10,0.6199943913150439,2.505718105888753,0.5001689773433057
2016_10_MIA_SD,2016,10,0.6231649297714462,4.167741058358588,0.5049568354424071
2016_10_SF_ARI,2016,10,0.8845102998610375,14.630197758278955,0.5186163888811457
2016_10_DAL_PIT,2016,10,0.575328968915334,2.8198893491203325,0.4946776576129624
2016_10_SEA_NE,2016,10,0.726353122813121,7.634509378057491,0.5039748585304957
2016_10_CIN_NYG,2016,10,0.4774391952258476,-1.1618421256487608,0.49521747258167215
2016_11_NO_CAR,2016,11,0.5994147188998014,3.6091291050384124,0.5032248696207247
2016_11_BUF_CIN,2016,11,0.5630957608345947,2.3999112970456005,0.49704227780742666
2016_11_PIT_CLE,2016,11,0.21650708277483954,-8.58508235209737,0.48271547868013087
2016_11_BAL_DAL,2016,11,0.748389596842494,7.421611365076767,0.5124571304857078
2016_11_JAX_DET,2016,11,0.6952645614369808,5.786150312494693,0.5084554748588513
2016_11_TEN_IND,2016,11,0.5993011215232799,2.8646691696753854,0.496000867715813
2016_11_TB_KC,2016,11,0.7629118993383753,7.316071427282975,0.5093394620046453
2016_11_ARI_MIN,2016,11,0.5099206291903589,1.8663227654058931,0.49604973116095685
2016_11_CHI_NYG,2016,11,0.7339937315395992,7.229687329257868,0.5067872271325835
2016_11_MIA_LA,2016,11,0.5325917763323301,0.8921631919875528,0.4968133181775736
2016_11_PHI_SEA,2016,11,0.7061006654700084,6.725449035449342,0.5066619979194411
2016_11_NE_SF,2016,11,0.17646405780931415,-11.23369791716693,0.47832895622703514
2016_11_GB_WAS,2016,11,0.5747520630813434,2.599056910344631,0.5029272322296039
2016_11_HOU_OAK,2016,11,0.7183965649752558,6.6107531234350345,0.5032728598516951
2016_12_MIN_DET,2016,12,0.6260803569231509,1.9560740721737189,0.49870193489668346
2016_12_WAS_DAL,2016,12,0.687959234599041,5.7413988743985405,0.5071332655972361
2016_12_PIT_IND,2016,12,0.2508279560866826,-8.368687239654438,0.4891061743389382
2016_12_ARI_ATL,2016,12,0.5785602157907966,3.5191794865022556,0.5005667781857909
2016_12_CIN_BAL,2016,12,0.6063791171313051,3.4337854024029353,0.4980432817297905
2016_12_JAX_BUF,2016,12,0.7508525066884405,8.938664848202023,0.5129608269682637
2016_12_TEN_CHI,2016,12,0.27862389720529396,-6.835021431080936,0.49010070397114325
2016_12_NYG_CLE,2016,12,0.2626021158711847,-7.031395865031167,0.48430062624112225
2016_12_SD_HOU,2016,12,0.3916590863858435,-2.577349540203737,0.4977142345835605
2016_12_SF_MIA,2016,12,0.7325372713429672,7.296834518836947,0.508771133233094
2016_12_LA_NO,2016,12,0.7495818679903512,7.8847270562389875,0.5113676382426158
2016_12_SEA_TB,2016,12,0.30624296805458584,-5.449436271754173,0.4867210358333744
2016_12_NE_NYJ,2016,12,0.22959797519775962,-9.381432195221315,0.4887296899249117
2016_12_CAR_OAK,2016,12,0.5964908006042476,3.3324016936585883,0.4950473827370753
2016_12_KC_DEN,2016,12,0.5705828081890423,3.412674044581477,0.4974194242339292
2016_12_GB_PHI,2016,12,0.6343515720878972,4.137097202001193,0.5040513281711897
2016_13_DAL_MIN,2016,13,0.3385095270545151,-3.40160919838028,0.48813368440938004
2016_13_KC_ATL,2016,13,0.6358329451079257,5.093544552334721,0.5027643391400384
2016_13_MIA_BAL,2016,13,0.6085052391902682,3.5581036744487324,0.5017170326532777
2016_13_SF_CHI,2016,13,0.5123185489618068,0.034273466480584054,0.5010128237175517
2016_13_PHI_CIN,2016,13,0.5225056693703889,0.9796710610214397,0.4993992540585767
2016_13_HOU_GB,2016,13,0.7592546119238807,7.154122452934515,0.5045544168312669
2016_13_DEN_JAX,2016,13,0.4213160601157804,-3.793717997706707,0.4913209419284107
2016_13_LA_NE,2016,13,0.8714815786901351,13.679368646404507,0.5200677426132103
2016_13_DET_NO,2016,13,0.699403614889347,6.777632221360065,0.5082038092368377
2016_13_BUF_OAK,2016,13,0.5660030300721339,2.8691346942754428,0.49613282326980834
2016_13_WAS_ARI,2016,13,0.5667376476847223,2.425653699666204,0.49780298276504614
2016_13_NYG_PIT,2016,13,0.730866579824426,7.2820519790304346,0.5083343906748379
2016_13_TB_SD,2016,13,0.6396981204875752,3.599624810557812,0.5029440139534707
2016_13_CAR_SEA,2016,13,0.7563976795969868,8.582918597731863,0.5024503352945021
2016_13_IND_NYJ,2016,13,0.5342355274210954,1.152293693084307,0.5045003781169118
2016_14_OAK_KC,2016,14,0.6346590052626179,3.624412679987793,0.5036765019045356
2016_14_PIT_BUF,2016,14,0.4651059005221917,-1.1099057073995153,0.49675218154058975
2016_14_SD_CAR,2016,14,0.5170185115324507,1.0094661738752728,0.5002797375320749
2016_14_CIN_CLE,2016,14,0.31630832318673596,-4.657495083907643,0.4805778572305452
2016_14_CHI_DET,2016,14,0.7585928144626451,7.73766960148477,0.5070230781555881
2016_14_HOU_IND,2016,14,0.7388664860859485,6.590674530790969,0.5026795283039626
2016_14_MIN_JAX,2016,14,0.443860350728453,-3.289974272750977,0.4914315479438094
2016_14_ARI_MIA,2016,14,0.41501948616786466,-2.235482252856661,0.4930415508717668
2016_14_WAS_PHI,2016,14,0.44791045401722046,-1.6507042466917055,0.49554658910096305
2016_14_DEN_TEN,2016,14,0.5762217971025401,1.9675566738747112,0.4990412591074301
2016_14_NYJ_SF,2016,14,0.595818959760554,2.828228788853089,0.49492407779972253
2016_14_SEA_GB,2016,14,0.3880566341574453,-3.3665548608818305,0.489169165501622
2016_14_ATL_LA,2016,14,0.3046923047584803,-5.126217126764915,0.48150111658279054
2016_14_NO_TB,2016,14,0.520775095749886,1.859104494847142,0.495836433058378
2016_14_DAL_NYG,2016,14,0.3574017386455577,-3.904805962147486,0.4880392580742892
2016_14_BAL_NE,2016,14,0.7046174079676574,6.304687574257874,0.5090031434850095
2016_15_LA_SEA,2016,15,0.8985228216628047,15.724906238650531,0.5214116172574971
2016_15_MIA_NYJ,2016,15,0.43491701000652727,-2.546590099062098,0.49862320566899027
2016_15_PHI_BAL,2016,15,0.6500927354385019,5.131198843163476,0.5038770327241817
2016_15_CLE_BUF,2016,15,0.8405030178967241,11.212054163258529,0.5210323594875562
2016_15_GB_CHI,2016,15,0.32079502582692887,-4.819955772585637,0.49054578246398783
2016_15_PIT_CIN,2016,15,0.4014472565595614,-3.1958013345915517,0.49421402278863974
2016_15_JAX_HOU,2016,15,0.5853126648267634,3.643234353721211,0.5042326790836659
2016_15_TEN_KC,2016,15,0.6974790156405346,6.049337956605337,0.501457996526101
2016_15_IND_MIN,2016,15,0.6410445563522855,5.12124339423827,0.5035828493304509
2016_15_DET_NYG,2016,15,0.5907803942310671,3.967151899074439,0.4990292975289326
2016_15_NO_ARI,2016,15,0.6055525777983422,3.01329655326159,0.5003929301053341
2016_15_SF_ATL,2016,15,0.8726542246485988,14.121623707068824,0.518363286877126
2016_15_NE_DEN,2016,15,0.3745761721397427,-3.4014781164654573,0.48813755633461897
2016_15_OAK_SD,2016,15,0.4342226503577766,-2.547277283467716,0.4986028986129113
2016_15_TB_DAL,2016,15,0.7549359654319148,7.343452616564909,0.5101483696968333
2016_15_CAR_WAS,2016,15,0.7449247723955227,7.1373330143152565,0.5040582963669705
2016_16_NYG_PHI,2016,16,0.5662600464948602,1.9402353012716926,0.4982338824208528
2016_16_MIA_BUF,2016,16,0.6711594485872686,4.7245534595716485,0.5066355361814338
2016_16_ATL_CAR,2016,16,0.37050474805441574,-3.210560912361795,0.4937779077908917
2016_16_WAS_CHI,2016,16,0.3668039272562389,-3.3193837281996763,0.4905626823692184
2016_16_SD_CLE,2016,16,0.2978406641285207,-5.1090610557866025,0.4820075700853711
2016_16_MIN_GB,2016,16,0.7289005703717444,6.24215222804545,0.5071555245918196
2016_16_TEN_JAX,2016,16,0.3755849501775655,-4.389838262159831,0.48848138122049206
2016_16_NYJ_NE,2016,16,0.9134432171295562,17.715690430799576,0.5211396657160094
2016_16_IND_OAK,2016,16,0.6067031418213101,3.456650218166627,0.49871896065930843
2016_16_SF_LA,2016,16,0.6866227343164985,6.025755988275852,0.5007611219602482
2016_16_TB_NO,2016,16,0.6311136658581801,3.120087538480621,0.5035486936776868
2016_16_ARI_SEA,2016,16,0.7681321927076223,9.245835387137229,0.5072643488817153
2016_16_CIN_HOU,2016,16,0.5470107401571146,2.827917459761621,0.49491487837261017
2016_16_BAL_PIT,2016,16,0.6848121975488011,5.748996723834161,0.507357754739457
2016_16_DEN_KC,2016,16,0.6397316432766962,3.643236955997121,0.5042327559799217
2016_16_DET_DAL,2016,16,0.7048134675708354,6.883575930819541,0.5113336347825186
2016_17_BAL_CIN,2016,17,0.43363547506155237,-2.4971651374981985,0.5000837738150209
2016_17_JAX_IND,2016,17,0.6857896287314439,5.758056093683821,0.5076254235050968
2016_17_NE_MIA,2016,17,0.2532251328337156,-8.008950029373255,0.4849634371316762
2016_17_CHI_MIN,2016,17,0.6890934411172739,6.17011988593281,0.5050271273385823
2016_17_BUF_NYJ,2016,17,0.39085330104833926,-3.733725864000161,0.49309344657388915
2016_17_DAL_PHI,2016,17,0.665842976382031,6.231725646442061,0.4920726712113802
2016_17_CLE_PIT,2016,17,0.684582145193322,4.2458626451674295,0.5220299877069127
2016_17_CAR_TB,2016,17,0.6116137973002055,3.4102668973527717,0.4973482914817077
2016_17_HOU_TEN,2016,17,0.6099060735552233,3.03973378512761,0.5011741825156856
2016_17_NO_ATL,2016,17,0.7337188703733004,7.775383995489196,0.5081373852190544
2016_17_OAK_DEN,2016,17,0.525495015297272,0.9311998130488242,0.4979668752101587
2016_17_ARI_LA,2016,17,0.26144520029775753,-7.579388916902344,0.4828835705723372
2016_17_KC_SD,2016,17,0.3321523420992755,-5.753679451027628,0.49250388865904915
2016_17_SEA_SF,2016,17,0.15667288666952062,-12.212348883034174,0.47895894327714955
2016_17_NYG_WAS,2016,17,0.789902382373494,10.165739465081556,0.5048976903105057
2016_17_GB_DET,2016,17,0.383774663417232,-3.7601679634060616,0.49231217953567924
2016_18_OAK_HOU,2016,18,0.6153267437369578,4.072187095935884,0.5021332109209032
2016_18_DET_SEA,2016,18,0.7505165667541677,8.379922744230747,0.5112257215968947
2016_18_MIA_PIT,2016,18,0.8190845528567552,11.40133385191173,0.5118581823472821
2016_18_NYG_GB,2016,18,0.6770851420549647,5.149993560663221,0.5044324105195961
2016_19_SEA_ATL,2016,19,0.6816202479394919,6.603560956258441,0.5030603288032995
2016_19_HOU_NE,2016,19,0.9086124076171901,16.61618538358414,0.5182027462543402
2016_19_GB_DAL,2016,19,0.6481658527423473,5.578094031267674,0.5023077657157438
2016_19_PIT_KC,2016,19,0.5738470645181478,2.377852813858996,0.49639044354708817
2016_20_GB_ATL,2016,20,0.6889680197550584,6.717336160716665,0.5064222843266722
2016_20_PIT_NE,2016,20,0.6899316035866013,5.6936050146163355,0.5057210798947174
2016_21_NE_ATL,2016,21,0.4214588823879192,-3.0289166422057514,0.49914547686209076
2017_01_KC_NE,2017,1,0.7666887160076916,8.326593733038077,0.5096503215287421
2017_01_NYJ_BUF,2017,1,0.7409204118397948,7.29953887166097,0.5088510308281464
2017_01_ATL_CHI,2017,1,0.24779972690182173,-7.244379576177747,0.4780137721743533
2017_01_BAL_CIN,2017,1,0.5937250748580205,2.638717150799495,0.5040991972340209
2017_01_PIT_CLE,2017,1,0.19428857316953219,-10.698271956016876,0.4793743671208371
2017_01_ARI_DET,2017,1,0.4184909856576173,-2.771827055095541,0.49196770533684475
2017_01_JAX_HOU,2017,1,0.6453390263173177,5.528696928058411,0.5008480303183965
2017_01_OAK_TEN,2017,1,0.566194839533909,2.5722601231120508,0.5021353689365531
2017_01_PHI_WAS,2017,1,0.4690093783178795,-1.8860637718961202,0.5033669214118398
2017_01_IND_LA,2017,1,0.5679323482507341,3.118872657110436,0.4887386951092629
2017_01_SEA_GB,2017,1,0.5828608660287213,2.4662951763690653,0.49900398035327426
2017_01_CAR_SF,2017,1,0.35916902519599064,-4.842827255510594,0.4898701045540701
2017_01_NYG_DAL,2017,1,0.7157882262239307,6.267981282018835,0.5079186698575207
2017_01_NO_MIN,2017,1,0.5640331287161895,2.8924053344409133,0.49682047356924747
2017_01_LAC_DEN,2017,1,0.5839505070349911,3.0004552447256185,0.5000134530643663
2017_02_HOU_CIN,2017,2,0.7113794778715349,5.80250179716141,0.5089385673052184
2017_02_CLE_BAL,2017,2,0.7518026606044108,7.937272704283448,0.512919708977373
2017_02_BUF_CAR,2017,2,0.6741369052740798,6.466144097840144,0.4989995158033365
2017_02_ARI_IND,2017,2,0.29159782885291,-7.301449821615116,0.4910925121424019
2017_02_TEN_JAX,2017,2,0.4814718442592352,-1.0574028591559241,0.49830367714617635
2017_02_PHI_KC,2017,2,0.646237834413533,4.233175774210909,0.5068902999990688
2017_02_NE_NO,2017,2,0.3178505188964236,-5.803529957001773,0.49103105690814486
2017_02_MIN_PIT,2017,2,0.7613407728546966,8.773998256673842,0.5080964433395554
2017_02_CHI_TB,2017,2,0.7236277043293308,7.201777246666988,0.5059625539165332
2017_02_MIA_LAC,2017,2,0.6418967727757964,3.6874733426330697,0.5055398991874303
2017_02_NYJ_OAK,2017,2,0.8698830079760544,14.350671392198295,0.5103616232714576
2017_02_DAL_DEN,2017,2,0.37746863942646613,-2.8495237440816767,0.48967227979709615
2017_02_WAS_LA,2017,2,0.5361074596306148,2.5935134049051296,0.48798961563497495
2017_02_SF_SEA,2017,2,0.8767108581116027,14.050677935361165,0.516268726153935
2017_02_GB_ATL,2017,2,0.6150185068683871,3.710432727322188,0.5062183046375555
2017_02_DET_NYG,2017,2,0.5652203816178355,2.942272355566969,0.498294079412759
2017_03_LA_SF,2017,3,0.43161546650005395,-2.9931339025503605,0.5002029019596982
2017_03_DEN_BUF,2017,3,0.4186219233788805,-3.589831182677771,0.4973453931553564
2017_03_NO_CAR,2017,3,0.6450676012376245,5.617319473695611,0.5034668969823141
2017_03_PIT_CHI,2017,3,0.26778412769620225,-7.50608272827956,0.48504810969429846
2017_03_ATL_DET,2017,3,0.3903031628977786,-3.4575211674117696,0.48648225157623054
2017_03_CLE_IND,2017,3,0.5738508450680693,1.2158417501055871,0.5063781282634531
2017_03_TB_MIN,2017,3,0.4666437265589577,-0.19493441998212638,0.49423963854252695
2017_03_HOU_NE,2017,3,0.8848979128686765,14.160175841689796,0.5195012683106024
2017_03_MIA_NYJ,2017,3,0.32876268131282804,-5.644071177708832,0.49574259309634605
2017_03_NYG_PHI,2017,3,0.6810943578306125,5.193109350441244,0.505706433886207
2017_03_SEA_TEN,2017,3,0.5648015960224934,2.015557775765943,0.5004597520865338
2017_03_CIN_GB,2017,3,0.726791914173453,7.236155231446345,0.5069783334730731
2017_03_KC_LAC,2017,3,0.3908046169826057,-3.291483629803179,0.49138695485273787
2017_03_OAK_WAS,2017,3,0.3777059335394592,-3.5996606099011133,0.49705492815892693
2017_03_BAL_JAX,2017,3,0.404965848973313,-3.1864079860331884,0.4944915804454894
2017_03_DAL_ARI,2017,3,0.41869731977656616,-3.088694428705066,0.4973789849560052
2017_04_CHI_GB,2017,4,0.7704760853103778,7.93019855846457,0.5127107667832685
2017_04_BUF_ATL,2017,4,0.7558088384047893,8.40281449625082,0.5119019178807909
2017_04_PIT_BAL,2017,4,0.3996980022269582,-3.8111243298539637,0.49080669161781554
2017_04_CIN_CLE,2017,4,0.4088549186694809,-3.348903394344026,0.48969060579358636
2017_04_LA_DAL,2017,4,0.7170050111150649,5.4286960764822645,0.512666388976883
2017_04_TEN_HOU,2017,4,0.39377152962960776,-2.768638008779817,0.49206192685866157
2017_04_DET_MIN,2017,4,0.551451741494437,2.5144140255653222,0.5004259528249059
2017_04_CAR_NE,2017,4,0.794063342059026,9.41885740409849,0.5123757868335976
2017_04_JAX_NYJ,2017,4,0.3676478183299907,-4.321773926104926,0.4904920688739699
2017_04_SF_ARI,2017,4,0.7183952706026432,6.877549880155537,0.5111556280154869
2017_04_PHI_LAC,2017,4,0.5465509712955431,1.3971781406924049,0.4969615118196022
2017_04_NYG_TB,2017,4,0.6087877709742913,2.657977123586082,0.5046683196728453
2017_04_OAK_DEN,2017,4,0.5557699235698951,3.4962724043086832,0.499889844777288
2017_04_IND_SEA,2017,4,0.8501154931748003,12.814282752691417,0.5092866187841871
2017_04_NO_MIA,2017,4,0.34406354413748236,-4.3794606396774265,0.4887879287841434
2017_04_WAS_KC,2017,4,0.7192956985458301,6.625920125289303,0.5037210469281095
2017_05_NE_TB,2017,5,0.35285841438854554,-3.898025004112856,0.4882395554969483
2017_05_BUF_CIN,2017,5,0.5957944193167539,2.93205103890398,0.4979920297011349
2017_05_NYJ_CLE,2017,5,0.46021502658463975,-1.8433592947453055,0.48985438719030333
2017_05_CAR_DET,2017,5,0.5784620119042362,1.9718521648557088,0.4991681960441078
2017_05_SF_IND,2017,5,0.4616712075692454,-0.9888527418115994,0.5003294157108555
2017_05_TEN_MIA,2017,5,0.5148514291839259,-0.11774538976442367,0.49652051712965856
2017_05_LAC_NYG,2017,5,0.5775817432850883,2.915659260162537,0.49750763939229004
2017_05_ARI_PHI,2017,5,0.6830764780993737,6.097473201834764,0.5028804328557555
2017_05_JAX_PIT,2017,5,0.7391234516962459,7.707391783478628,0.506128451614093
2017_05_SEA_LA,2017,5,0.5028831941574861,1.6607680361134753,0.4899763161289411
2017_05_BAL_OAK,2017,5,0.6410393188207228,3.0627367466531603,0.5018539444954874
2017_05_GB_DAL,2017,5,0.5557207020345398,2.4080371457599488,0.49728240096003906
2017_05_KC_HOU,2017,5,0.38917559495726084,-2.2315757250743995,0.49315697649674983
2017_05_MIN_CHI,2017,5,0.3770963459855565,-3.8672331743044146,0.4891491278730635
2017_06_PHI_CAR,2017,6,0.5804625382358485,2.902433400499761,0.4971168071956884
2017_06_MIA_ATL,2017,6,0.8856492357028458,14.796637306418274,0.5235279964664257
2017_06_CHI_BAL,2017,6,0.7004561390783627,5.761169140626593,0.5077174010179585
2017_06_CLE_HOU,2017,6,0.7518040957130677,8.045614382115591,0.5161192149705986
2017_06_GB_MIN,2017,6,0.3554124373686676,-3.3648148624267473,0.48922056582230494
2017_06_DET_NO,2017,6,0.6926326968265812,6.158857851458683,0.5046943445169421
2017_06_NE_NYJ,2017,6,0.2002516738623754,-9.605654060558495,0.48210814931490664
2017_06_SF_WAS,2017,6,0.8327233859174951,12.544398540714761,0.5160833145681623
2017_06_TB_ARI,2017,6,0.4293376564073298,-2.5992543314382153,0.49706693388173834
2017_06_LA_JAX,2017,6,0.5747068557306219,1.2608521209441708,0.5077080344313657
2017_06_PIT_KC,2017,6,0.6640620119416031,3.7186224965925754,0.5064602922434327
2017_06_LAC_OAK,2017,6,0.636871395786921,3.033847894905856,0.5010002475728021
2017_06_NYG_DEN,2017,6,0.8537286993242836,14.305396400778818,0.5090240848693605
2017_06_IND_TEN,2017,6,0.7426971260076937,7.269315524259353,0.507958090617394
2017_07_KC_OAK,2017,7,0.4106978293519337,-3.3320674438242244,0.4901879714359468
2017_07_TB_BUF,2017,7,0.5955573896624373,3.1418234195799477,0.5041909864974682
2017_07_CAR_CHI,2017,7,0.3890923425095833,-2.865859027196731,0.48918972071359856
2017_07_TEN_CLE,2017,7,0.2970760613166191,-6.010796697537673,0.4849089046315358
2017_07_NO_GB,2017,7,0.36941528215834013,-3.7438606852672383,0.49279399648911615
2017_07_JAX_IND,2017,7,0.388929379839953,-3.3578784000207977,0.4894254737476488
2017_07_ARI_LA,2017,7,0.5738469584560851,2.8827716015306457,0.4965357943056522
2017_07_NYJ_MIA,2017,7,0.6102332597455421,2.9305751577321715,0.4979484160878725
2017_07_BAL_MIN,2017,7,0.6589575202077216,5.17212246234546,0.505086301280893
2017_07_DAL_SF,2017,7,0.2879252908221568,-6.912783120211113,0.4878036308991226
2017_07_DEN_LAC,2017,7,0.4895534839166691,-1.0902095813493415,0.49733421123885263
2017_07_SEA_NYG,2017,7,0.348497807767423,-4.28412339704552,0.4916044097281668
2017_07_CIN_PIT,2017,7,0.62528881635022,4.190986500796132,0.505643707309339
2017_07_ATL_NE,2017,7,0.6004756684759944,3.024798155540151,0.5007328168264757
2017_07_WAS_PHI,2017,7,0.65045790726015,5.023454819336762,0.5006931195855662
2017_08_MIA_BAL,2017,8,0.5879701683896426,2.9968767622793284,0.4999077043283403
2017_08_OAK_BUF,2017,8,0.549352818382738,2.6029887362173927,0.5030434194634233
2017_08_IND_CIN,2017,8,0.8249731339885692,11.435718284296023,0.5128737978815939
2017_08_LAC_NE,2017,8,0.7366978923741508,6.9801783486489635,0.5141868933877638
2017_08_CHI_NO,2017,8,0.7911765669258849,8.033416494926069,0.5157590395410638
2017_08_ATL_NYJ,2017,8,0.2763986244920015,-6.9531005910977175,0.48661281098790504
2017_08_SF_PHI,2017,8,0.8584328728427568,13.642819364887542,0.5189889591553877
2017_08_CAR_TB,2017,8,0.5749641795044986,1.5156713431243511,0.5004631081450995
2017_08_HOU_SEA,2017,8,0.7023320212293139,6.075189540357206,0.5022219356748433
2017_08_DAL_WAS,2017,8,0.390688004075568,-3.06255121551182,0.4981515381281974
2017_08_PIT_DET,2017,8,0.42855949221021755,-3.3663650083961216,0.48917477381893615
2017_08_MIN_CLE,2017,8,0.1990178859803096,-11.536009086032278,0.48416440614686546
2017_08_DEN_KC,2017,8,0.7623987928083699,7.366421928459993,0.5108269076224271
2017_09_BUF_NYJ,2017,9,0.3746204809241918,-3.2669682142530525,0.4921112617162705
2017_09_ATL_CAR,2017,9,0.3904774643119626,-3.3143963594539634,0.4907100249005193
2017_09_IND_HOU,2017,9,0.7007897755145812,6.314604054522623,0.5092961110893329
2017_09_CIN_JAX,2017,9,0.6890613488669064,6.2054099758481644,0.5060698935063335
2017_09_TB_NO,2017,9,0.7301639284430066,7.336197159604693,0.5099340295770701
2017_09_LA_NYG,2017,9,0.3358055241629443,-5.640170234388773,0.4958578645765796
2017_09_DEN_PHI,2017,9,0.7270407255090979,7.2823173177694205,0.5083422300614474
2017_09_BAL_TEN,2017,9,0.6058801138300935,3.0752637466019412,0.502224128530316
2017_09_WAS_SEA,2017,9,0.75320681810626,8.092781629006733,0.5027417943159715
2017_09_ARI_SF,2017,9,0.4439452900105102,-2.6730076724569805,0.49488754176426347
2017_09_KC_DAL,2017,9,0.5662362954284226,1.9627340138841403,0.4988987438073103
2017_09_OAK_MIA,2017,9,0.36545941491995376,-3.276372765362318,0.4918334014660262
2017_09_DET_GB,2017,9,0.4223388822151543,-2.504619376137112,0.49986349152487336
2017_10_SEA_ARI,2017,10,0.27646245860057683,-6.466625866165121,0.48621335363645724
2017_10_NO_BUF,2017,10,0.4186999141182892,-2.2482262089550167,0.4926650111008074
2017_10_GB_CHI,2017,10,0.5949145750508548,4.2990295769535365,0.49406128610180633
2017_10_CLE_DET,2017,10,0.8345264284691389,11.018747784336515,0.5153258894009524
2017_10_PIT_IND,2017,10,0.19746481962528734,-11.07399497864026,0.48304282298145695
2017_10_LAC_JAX,2017,10,0.6640992982926741,5.249569663345407,0.5073746829491256
2017_10_NYJ_TB,2017,10,0.5443175339640073,0.8752792278162709,0.49631439396428123
2017_10_CIN_TEN,2017,10,0.6669581585818469,4.5890720805588225,0.5026321748977954
2017_10_MIN_WAS,2017,10,0.492941273219804,-0.9626249914213203,0.5011044779337072
2017_10_HOU_LA,2017,10,0.8395288755826822,12.284360694438611,0.5084026011593705
2017_10_DAL_ATL,2017,10,0.5901299063324928,3.483171678747213,0.49950270169501787
2017_10_NYG_SF,2017,10,0.4000038319859185,-3.291649625594609,0.49138205060855517
2017_10_NE_DEN,2017,10,0.2398290612257726,-7.586762336897143,0.4826658797157808
2017_10_MIA_CAR,2017,10,0.7409691206505772,8.315454437016406,0.5093212341392812
2017_11_TEN_PIT,2017,11,0.7037108279344335,7.2392118408503405,0.5070686461947628
2017_11_DET_CHI,2017,11,0.35450774499659937,-3.3527439786013713,0.4895771499291368
2017_11_JAX_CLE,2017,11,0.2554504736075958,-8.180145854717427,0.4799093189833259
2017_11_BAL_GB,2017,11,0.44707433145068814,-2.406582687561944,0.5027605791283664
2017_11_ARI_HOU,2017,11,0.5735600123271756,2.539358574021046,0.5011630945947788
2017_11_TB_MIA,2017,11,0.4645548649363065,-1.208711292817859,0.49383255982621754
2017_11_LA_MIN,2017,11,0.503460819874815,0.9193774947084654,0.49761751593141357
2017_11_WAS_NO,2017,11,0.7909010315951231,9.843273760529767,0.510143085981359
2017_11_KC_NYG,2017,11,0.20055548062196027,-10.45295459418112,0.4866171229551072
2017_11_BUF_LAC,2017,11,0.7206251306873517,7.198597181717289,0.5058685892584132
2017_11_CIN_DEN,2017,11,0.5568832069880656,2.38269537772838,0.49653354187970505
2017_11_NE_OAK,2017,11,0.2578581925858255,-7.584446263447505,0.48273425828791816
2017_11_PHI_DAL,2017,11,0.35068849306072164,-6.123684463688176,0.49634501691077787
2017_11_ATL_SEA,2017,11,0.5149435637214069,0.9115177528386158,0.4973852550572193
2017_12_MIN_DET,2017,12,0.45175359553129796,-2.666048010205727,0.49509319247452865
2017_12_LAC_DAL,2017,12,0.5053622381491326,-0.9786644048828314,0.5006304938834434
2017_12_NYG_WAS,2017,12,0.7409212356060607,7.309721571063879,0.5091518660218963
2017_12_TB_ATL,2017,12,0.813662923918555,10.943850540543641,0.5131139889760284
2017_12_CLE_CIN,2017,12,0.7529780583559829,7.914336825674741,0.5122422615472387
2017_12_TEN_IND,2017,12,0.3952738151174284,-3.247649062956871,0.4926820636276573
2017_12_BUF_KC,2017,12,0.7635301458885745,8.815631235920117,0.509326457346221
2017_12_MIA_NE,2017,12,0.9281311773634254,17.92576560623463,0.5273361320178289
2017_12_CAR_NYJ,2017,12,0.3235227355976339,-5.75507683375472,0.49246260154097954
2017_12_CHI_PHI,2017,12,0.8745057363715841,14.620796531945556,0.5183388686590784
2017_12_SEA_SF,2017,12,0.2525696533359834,-7.635604647294618,0.4812240061213872
2017_12_JAX_ARI,2017,12,0.2984728259083851,-6.966661235142125,0.48621230906213975
2017_12_NO_LA,2017,12,0.529096459998095,2.2552985783627384,0.49276915572029756
2017_12_DEN_OAK,2017,12,0.6607168133283707,3.6005407017972866,0.5029710789681958
2017_12_GB_PIT,2017,12,0.8671679595767272,14.47364409451543,0.5139939182680602
2017_12_HOU_BAL,2017,12,0.7626363821118305,7.628536689633303,0.5037983663198835
2017_13_WAS_DAL,2017,13,0.4634692556062635,-1.604879888410096,0.49690069622481187
2017_13_MIN_ATL,2017,13,0.6016146055473689,2.072004426952541,0.5021278128956006
2017_13_DET_BAL,2017,13,0.5670883427178297,2.486438052722633,0.4995992271656679
2017_13_NE_BUF,2017,13,0.2202482103383932,-8.145965764363009,0.4809181665763532
2017_13_SF_CHI,2017,13,0.5583471273885923,2.4622308154485233,0.4988838737068529
2017_13_TB_GB,2017,13,0.5797929433794385,3.0256628350353694,0.5007583691677449
2017_13_IND_JAX,2017,13,0.7970668745873393,10.424443109521775,0.5125407710850113
2017_13_DEN_MIA,2017,13,0.48193353013864076,-1.17195563043631,0.4949186284152641
2017_13_KC_NYJ,2017,13,0.3687659608986142,-3.729100975858697,0.4932300978595772
2017_13_HOU_TEN,2017,13,0.7325165420912002,7.147393480648243,0.5043555794876341
2017_13_CLE_LAC,2017,13,0.8693690282029861,14.13837598348961,0.5188577992949931
2017_13_LA_ARI,2017,13,0.2512606608175266,-7.9059349032326205,0.488005911456985
2017_13_CAR_NO,2017,13,0.7146059534401388,5.778661685773427,0.5082342247715576
2017_13_NYG_OAK,2017,13,0.7965457644406516,10.196923175563446,0.5058191255413237
2017_13_PHI_SEA,2017,13,0.3985452765211574,-3.718079797151709,0.49355574312212486
2017_13_PIT_CIN,2017,13,0.34577089094379243,-4.867836276250568,0.4891313120422441
2017_14_NO_ATL,2017,14,0.5599465794191337,2.4103278623029656,0.4973500930342521
2017_14_IND_BUF,2017,14,0.605529999445358,3.4177118704500025,0.497568295498523
2017_14_MIN_CAR,2017,14,0.4408813559452967,-2.7047237454757,0.49395038314011136
2017_14_CHI_CIN,2017,14,0.7133753007384571,6.350261691885009,0.5103495201818782
2017_14_GB_CLE,2017,14,0.39973664034304557,-2.9053195821813618,0.48802408677557835
2017_14_SF_HOU,2017,14,0.5019622996191446,1.0567667870447282,0.501677526276793
2017_14_OAK_KC,2017,14,0.6572356445872488,4.672155264047116,0.5050872705343661
2017_14_DAL_NYG,2017,14,0.34255114400346115,-4.316192372022985,0.49065696490328675
2017_14_DET_TB,2017,14,0.4843709865541071,-0.05645140532837682,0.49833179357468493
2017_14_TEN_ARI,2017,14,0.396031966616826,-2.793209434773911,0.4913359670636193
2017_14_NYJ_DEN,2017,14,0.44225310109075083,-1.2486271013221568,0.4926531662239056
2017_14_WAS_LAC,2017,14,0.681069354231141,6.113279714670516,0.5033475212864904
2017_14_SEA_JAX,2017,14,0.5669512074824903,2.910392801972836,0.4973520120423172
2017_14_PHI_LA,2017,14,0.4777405854668094,-1.2200183316939006,0.4934984644856813
2017_14_BAL_PIT,2017,14,0.6953098896293568,6.251773567288806,0.5074397999051451
2017_14_NE_MIA,2017,14,0.15987334693570782,-10.91042849718946,0.47311605228100395
2017_15_DEN_IND,2017,15,0.42164513161266665,-3.0664300407671248,0.4980369151851712
2017_15_CHI_DET,2017,15,0.6971380754958534,5.181270880306489,0.5053566255807511
2017_15_LAC_KC,2017,15,0.5432136173357887,0.9282320258691321,0.4978791744888834
2017_15_MIA_BUF,2017,15,0.6350521418552579,3.635987217043737,0.504018528372609
2017_15_GB_CAR,2017,15,0.5707633658737369,2.9469571517461217,0.4984325199707565
2017_15_BAL_CLE,2017,15,0.2646961328079529,-7.045921836512925,0.48387170678002334
2017_15_HOU_JAX,2017,15,0.8130221781054369,10.839978207122092,0.5100457293373607
2017_15_CIN_MIN,2017,15,0.8391030708772994,12.870741102203446,0.5109544971720706
2017_15_NYJ_NO,2017,15,0.9163002197227562,17.191532661446317,0.5204267417655204
2017_15_PHI_NYG,2017,15,0.2779690241077793,-7.947929269088674,0.4867655451015149
2017_15_ARI_WAS,2017,15,0.6587274661875486,4.186556628633626,0.5055128117145601
2017_15_LA_SEA,2017,15,0.49207910450687675,-0.9130086543806427,0.5025706878242743
2017_15_NE_PIT,2017,15,0.3862956238745054,-2.7000963723168687,0.4940871125701971
2017_15_TEN_SF,2017,15,0.5848952066074309,2.399554592920278,0.49703173703466685
2017_15_DAL_OAK,2017,15,0.3879241274156676,-3.211260562583117,0.49375723475435856
2017_15_ATL_TB,2017,15,0.27416163727586906,-7.414025275142536,0.4877669408378109
2017_16_IND_BAL,2017,16,0.8713880851543564,13.939200401137906,0.5129766448800412
2017_16_MIN_GB,2017,16,0.27441179254869624,-8.824039375212223,0.4904251411011526
2017_16_TB_CAR,2017,16,0.7772325080458734,10.236797613826214,0.5069973137825081
2017_16_CLE_CHI,2017,16,0.6996182557040611,5.769995345705568,0.5079781762040487
2017_16_DET_CIN,2017,16,0.3798082932937898,-3.2157039304035195,0.49362594396497367
2017_16_MIA_KC,2017,16,0.8276188465707542,11.4915801717208,0.514523613687215
2017_16_BUF_NE,2017,16,0.8494373882391236,11.607209958329916,0.5179377830892372
2017_16_ATL_NO,2017,16,0.6688233632047575,5.576536054429773,0.5022617262609826
2017_16_LAC_NYJ,2017,16,0.2604837359973529,-7.964294258156382,0.4862822146954602
2017_16_LA_TEN,2017,16,0.312895681368991,-5.819684108498669,0.49055380823301464
2017_16_DEN_WAS,2017,16,0.6211459332463528,3.1343605064311384,0.5039704594015013
2017_16_JAX_SF,2017,16,0.38216865207232414,-4.387802881789585,0.48854150437363836
2017_16_NYG_ARI,2017,16,0.5985217027138157,3.0479344320635566,0.5014165208485206
2017_16_SEA_DAL,2017,16,0.6562926678552393,4.518357536548541,0.5005424885360158
2017_16_PIT_HOU,2017,16,0.21754363135977797,-8.53147210369663,0.484298375035926
2017_16_OAK_PHI,2017,16,0.7726659430967819,10.272492474605631,0.5080519546658699
2017_17_GB_DET,2017,17,0.7361571946534796,7.571970050459949,0.5021267970406843
2017_17_HOU_IND,2017,17,0.6761491954389984,5.503157020841167,0.5000932940060867
2017_17_CHI_MIN,2017,17,0.857123304067875,14.020318716126999,0.5153722780823099
2017_17_NYJ_NE,2017,17,0.9343828596973174,17.8501451490115,0.525106282318508
2017_17_WAS_NYG,2017,17,0.3312145608939141,-5.302555056253844,0.4910598592155664
2017_17_DAL_PHI,2017,17,0.39081684851099885,-3.4331091816320423,0.5019767012167434
2017_17_CLE_PIT,2017,17,0.7227788717691299,5.690101836223844,0.520384514371934
2017_17_CAR_ATL,2017,17,0.6753983429821855,5.140546739583325,0.5041532610325234
2017_17_CIN_BAL,2017,17,0.7594312816570413,8.310524116080202,0.5091755759975186
2017_17_KC_DEN,2017,17,0.5526596755102808,2.7161363789235016,0.4916120847421467
2017_17_SF_LA,2017,17,0.3305252713413637,-6.421382693125325,0.5023232289192747
2017_17_OAK_LAC,2017,17,0.716240141316961,7.29565617995617,0.5087363201938752
2017_17_BUF_MIA,2017,17,0.4277451255200131,-2.6782342314318663,0.49473310332596404
2017_17_ARI_SEA,2017,17,0.7676791906153393,8.286701248170651,0.5084717520492927
2017_17_NO_TB,2017,17,0.2838486373055759,-6.50781885579333,0.4849968410648795
2017_17_JAX_TEN,2017,17,0.5699771466241655,2.253311351308579,0.49271044034204364
2017_18_TEN_KC,2017,18,0.7596147915334444,8.74454407147653,0.5072261951443553
2017_18_ATL_LA,2017,18,0.6781664527782488,6.45231509690204,0.4985908530055758
2017_18_BUF_JAX,2017,18,0.7670994584942007,8.844114125617823,0.510167911798656
2017_18_CAR_NO,2017,18,0.7207086455559955,6.778166467683614,0.508219593554909
2017_19_ATL_PHI,2017,19,0.38811286618295415,-2.7072091730989705,0.4938769441201936
2017_19_TEN_NE,2017,19,0.88530905713592,14.049170240891403,0.5162242088027383
2017_19_JAX_PIT,2017,19,0.7348877524730244,7.1485417939997475,0.504389511578776
2017_19_NO_MIN,2017,19,0.6330763838286011,5.475011985581663,0.49926157261018705
2017_20_JAX_NE,2017,20,0.8003444425007064,7.864142873892821,0.5107595832924815
2017_20_MIN_PHI,2017,20,0.41541338704435504,-3.212815372416367,0.4937112938006518
2017_21_PHI_NE,2017,21,0.7214615891920503,4.812351284641943,0.509229556801105
2018_01_ATL_PHI,2018,1,0.5287376017857254,1.023986847739076,0.5007088416815956
2018_01_BUF_BAL,2018,1,0.7743678939373707,7.845290229756269,0.5102026558536824
2018_01_PIT_CLE,2018,1,0.34051033244704154,-4.007739551434679,0.48499918295300054
2018_01_CIN_IND,2018,1,0.4773087777884272,-0.9754727484454551,0.5007248112802951
2018_01_TEN_MIA,2018,1,0.47507088294436983,-1.143211559020521,0.4957679944910099
2018_01_SF_MIN,2018,1,0.6685101816827276,6.107905164042301,0.5031887017661214
2018_01_HOU_NE,2018,1,0.7629857513723123,6.512723768574766,0.5151480018814225
2018_01_TB_NO,2018,1,0.8016922251722344,10.384979552619832,0.5113750968025221
2018_01_JAX_NYG,2018,1,0.39784664714539075,-2.899561049388391,0.488194183193716
2018_01_KC_LAC,2018,1,0.6241477320674086,3.683680559716301,0.5054278281869614
2018_01_WAS_ARI,2018,1,0.5605983188628948,1.9689967805444681,0.49908381598538304
2018_01_DAL_CAR,2018,1,0.5764016302838484,2.4653207586894825,0.49897518515592293
2018_01_SEA_DEN,2018,1,0.5739247363573526,2.8488692891453713,0.4955339873265193
2018_01_CHI_GB,2018,1,0.724072597514681,6.7749514068075625,0.5081246043250259
2018_01_NYJ_DET,2018,1,0.747858296562386,7.229545324590292,0.5067830313198401
2018_01_LA_OAK,2018,1,0.3016414026443646,-6.275120942487856,0.4918703867182303
2018_02_BAL_CIN,2018,2,0.5029889712848631,0.7077446779305111,0.49136415568752906
2018_02_CAR_ATL,2018,2,0.6815047757228218,5.587365161156968,0.5025817343215767
2018_02_LAC_BUF,2018,2,0.23701527177000783,-8.095341648843602,0.48241259294059063
2018_02_MIN_GB,2018,2,0.4764604815557177,-2.1357104011581027,0.49598965147698176
2018_02_CLE_NO,2018,2,0.8139107445710447,10.469171791377851,0.5138618365373544
2018_02_MIA_NYJ,2018,2,0.6058565081766285,3.0907456581803205,0.5026816301619146
2018_02_KC_PIT,2018,2,0.6503301098286175,4.609273747113138,0.5032291438393416
2018_02_PHI_TB,2018,2,0.39354916277233243,-3.2180149028104963,0.49355766058284833
2018_02_HOU_TEN,2018,2,0.39798503788592554,-3.6327079873649337,0.4960783722632372
2018_02_IND_WAS,2018,2,0.7026715158152782,6.28586523742873,0.5084470524161097
2018_02_ARI_LA,2018,2,0.8636384439821164,13.836807326382901,0.5099520551857804
2018_02_DET_SF,2018,2,0.6952356875441749,6.139965791150392,0.5041360941892084
2018_02_OAK_DEN,2018,2,0.6837182553979648,5.66057434911899,0.5047450656701356
2018_02_NE_JAX,2018,2,0.37418360872054907,-2.253616631469493,0.4925057447297619
2018_02_NYG_DAL,2018,2,0.6351479727328824,3.2072423007722373,0.5061240347296286
2018_02_SEA_CHI,2018,2,0.6199835631057078,4.8186574942501466,0.49464125798659203
2018_03_NYJ_CLE,2018,3,0.5963676837253951,2.962420742253937,0.4988894862652097
2018_03_NO_ATL,2018,3,0.5343380785320482,1.5220674395053215,0.5006521207939499
2018_03_DEN_BAL,2018,3,0.705171927507028,5.713383706064025,0.5063054990938378
2018_03_CIN_CAR,2018,3,0.6002650326918759,2.5730207314975595,0.5021578455625612
2018_03_NYG_HOU,2018,3,0.714880696318512,6.682986487850717,0.5054073193661444
2018_03_TEN_JAX,2018,3,0.8006089645094161,10.4485701249127,0.5132533825717889
2018_03_SF_KC,2018,3,0.67656170030954,6.231165709092471,0.5068309087855145
2018_03_OAK_MIA,2018,3,0.6051898906338276,3.1011349409074143,0.5029886390046724
2018_03_BUF_MIN,2018,3,0.9001656785735296,17.108027322724645,0.5179619128000905
2018_03_IND_PHI,2018,3,0.7306522052952241,6.8679848140295165,0.510873075809512
2018_03_GB_WAS,2018,3,0.418404996385464,-2.531872461068779,0.4990581288527114
2018_03_LAC_LA,2018,3,0.755725104428571,7.542967226063825,0.5012697343857894
2018_03_CHI_ARI,2018,3,0.34058845598345355,-6.149306228196701,0.4955878997866781
2018_03_DAL_SEA,2018,3,0.5466414727840138,0.9614497431539377,0.49886079211296563
2018_03_NE_DET,2018,3,0.2446090623812922,-7.469746445036253,0.48612119197623704
2018_03_PIT_TB,2018,3,0.4920041455874497,0.8786926231964542,0.4964152599791372
2018_04_MIN_LA,2018,4,0.7644286342266072,7.842637252367969,0.5101242824190263
2018_04_CIN_ATL,2018,4,0.6452511385822017,3.7193100766704887,0.5064806084422925
2018_04_TB_CHI,2018,4,0.5450956365522778,2.814009566443272,0.49450391848203507
2018_04_DET_DAL,2018,4,0.577480159894717,2.495654395895686,0.4998715818384328
2018_04_BUF_GB,2018,4,0.773410211858036,8.734860596047907,0.5069400811609808
2018_04_HOU_IND,2018,4,0.47114073209444013,-0.9868664745682031,0.5003881124265915
2018_04_NYJ_JAX,2018,4,0.7365068172292234,7.8788766990687495,0.5111948218283876
2018_04_MIA_NE,2018,4,0.7418925511971942,6.742614011143962,0.5071691686741655
2018_04_PHI_TEN,2018,4,0.3860220727831765,-3.330627261040439,0.49023051786332195
2018_04_SEA_ARI,2018,4,0.36988058529953244,-3.8512331792235353,0.4896217808116861
2018_04_CLE_OAK,2018,4,0.5770240368540691,2.55779397059612,0.5017078805923195
2018_04_SF_LAC,2018,4,0.7997617936007524,10.47377562291152,0.5139978027083691
2018_04_NO_NYG,2018,4,0.3180151851301771,-3.937022216787643,0.48708768936898106
2018_04_BAL_PIT,2018,4,0.5963664492312524,3.034144869545653,0.5010090235257176
2018_04_KC_DEN,2018,4,0.3509571637810277,-3.9134506405303884,0.4877839140531931
2018_05_IND_NE,2018,5,0.8248109323893623,10.967470773152431,0.5138115995089018
2018_05_TEN_BUF,2018,5,0.3009541394331726,-6.373730786311052,0.48895718741410177
2018_05_NYG_CAR,2018,5,0.7575161500228812,7.29565032901723,0.508736147332599
2018_05_MIA_CIN,2018,5,0.7035858294032709,6.224219026725234,0.5066256546277935
2018_05_BAL_CLE,2018,5,0.3681767812632963,-3.40231146584564,0.4881129407039693
2018_05_GB_DET,2018,5,0.5414643210935899,0.9104022086668199,0.4973522900160425
2018_05_JAX_KC,2018,5,0.6192138908097293,3.092034677646315,0.5027197214642684
2018_05_DEN_NYJ,2018,5,0.46758704086951464,-1.190573651651984,0.4943684916931407
2018_05_ATL_PIT,2018,5,0.5917196304921775,3.4734134264533942,0.4992143332279535
2018_05_OAK_LAC,2018,5,0.7010169758230854,5.900785598581747,0.5118419879075652
2018_05_MIN_PHI,2018,5,0.6287932324080283,3.709709755622903,0.506196942484886
2018_05_LA_SEA,2018,5,0.246800199434375,-7.885934305876942,0.4885967005149099
2018_05_ARI_SF,2018,5,0.613626224900757,3.1106703509743503,0.5032704139017824
2018_05_DAL_HOU,2018,5,0.5906054905106692,3.4669859910292766,0.49902439474841753
2018_05_WAS_NO,2018,5,0.7069104508490331,5.674879267582528,0.505167761676544
2018_06_PHI_NYG,2018,6,0.39578811968799893,-1.8611188050144762,0.48932974957903763
2018_06_TB_ATL,2018,6,0.6133790467369391,3.175072215764935,0.5051734630634002
2018_06_PIT_CIN,2018,6,0.5034532979560011,0.7862027382348836,0.49368228133533154
2018_06_LAC_CLE,2018,6,0.4903580902555715,0.5944924949279443,0.488018535917166
2018_06_BUF_HOU,2018,6,0.8154902714796317,10.836607930576957,0.5099461646169364
2018_06_CHI_MIA,2018,6,0.27520043005352907,-7.837566579263319,0.49002551491717716
2018_06_ARI_MIN,2018,6,0.79718971021542,10.379400596808715,0.5112102975729087
2018_06_IND_NYJ,2018,6,0.5646497679297819,2.4896367939553548,0.4996937540262462
2018_06_SEA_OAK,2018,6,0.3836282133047839,-3.255356872720575,0.4924543275097704
2018_06_CAR_WAS,2018,6,0.45532639345608805,-1.0916448431502843,0.4972917983775161
2018_06_LA_DEN,2018,6,0.24119663720622703,-7.543706295642884,0.48393712555461554
2018_06_JAX_DAL,2018,6,0.43091544198593484,-3.233602831804645,0.4930970817881863
2018_06_BAL_TEN,2018,6,0.4093917568446025,-2.7367193122494,0.49300499977349793
2018_06_KC_NE,2018,6,0.6469577078205885,4.043030531697752,0.5012716051388157
2018_06_SF_GB,2018,6,0.7853210401091224,9.290568626415487,0.508586011908176
2018_07_DEN_ARI,2018,7,0.45394956045512985,-1.2420637417034743,0.49284708987237774
2018_07_NE_CHI,2018,7,0.4087523354596819,-1.2791436745879183,0.49175153488132334
2018_07_BUF_IND,2018,7,0.7519790797229765,7.192623656386522,0.505692082469835
2018_07_HOU_JAX,2018,7,0.6126649188278095,4.120653715563019,0.50356542427013
2018_07_DET_MIA,2018,7,0.37684564692300226,-3.2369877576964146,0.4929970680877673
2018_07_MIN_NYJ,2018,7,0.3887017238555821,-3.761115814352414,0.49228417454689805
2018_07_CAR_PHI,2018,7,0.6728981674178351,5.215900584473608,0.5063798666720727
2018_07_CLE_TB,2018,7,0.6303346301621717,3.70929664842101,0.5061847361082112
2018_07_NO_BAL,2018,7,0.5402190465563599,2.3811297029335665,0.49648727595545966
2018_07_LA_SF,2018,7,0.21801862113198622,-8.555465368448338,0.48358991774679283
2018_07_DAL_WAS,2018,7,0.4490428774050378,-1.615656549258957,0.4965822427339634
2018_07_CIN_KC,2018,7,0.7049956524535618,6.8536288300922195,0.5104489896179389
2018_07_TEN_LAC,2018,7,0.7260492476279995,6.985294808333551,0.5143379946857697
2018_07_NYG_ATL,2018,7,0.6922090171813481,4.841215587584568,0.5100822838781505
2018_08_MIA_HOU,2018,8,0.7440095042602605,7.731307556843895,0.5068350999532694
2018_08_BAL_CAR,2018,8,0.4261405413498385,-2.652733531843778,0.49548662491416184
2018_08_NYJ_CHI,2018,8,0.7680221171967461,8.823702838062834,0.5095649166568054
2018_08_TB_CIN,2018,8,0.6109921280906006,3.4658337929948986,0.4989903459270612
2018_08_SEA_DET,2018,8,0.6005650747980472,2.9610744989855124,0.4988497032131177
2018_08_DEN_KC,2018,8,0.7819290393509568,9.031426369191916,0.5157002744977528
2018_08_WAS_NYG,2018,8,0.4490892920216477,-1.2252093759443827,0.49334508333924465
2018_08_CLE_PIT,2018,8,0.7920128669558698,9.024286771332934,0.5154894514643823
2018_08_IND_OAK,2018,8,0.3520964397521726,-3.704414233991222,0.49395952855061087
2018_08_SF_ARI,2018,8,0.4282200944663887,-2.8084134155705716,0.49088678151789655
2018_08_GB_LA,2018,8,0.7414537617319343,7.91139768984669,0.512155446930086
2018_08_NO_MIN,2018,8,0.3722403624806449,-2.700543132150033,0.49407391169863296
2018_08_PHI_JAX,2018,8,0.34359852832886834,-4.272873780902249,0.4919367795433786
2018_08_NE_BUF,2018,8,0.10427757104095901,-14.466227389712682,0.47147110297187805
2018_09_OAK_SF,2018,9,0.47507453568338315,-1.4414471567554743,0.5017303060422499
2018_09_PIT_BAL,2018,9,0.5306161668352752,1.3925324550799933,0.4968242300276834
2018_09_CHI_BUF,2018,9,0.1725648150119046,-11.250019621410017,0.47784735671458056
2018_09_TB_CAR,2018,9,0.7025199256797225,6.204148008019899,0.5060326050318193
2018_09_KC_CLE,2018,9,0.22700533857912208,-8.27761472109562,0.47703319053116244
2018_09_NYJ_MIA,2018,9,0.6041641816211891,3.005064302825091,0.5001496566274296
2018_09_DET_MIN,2018,9,0.6154847365312681,4.562466068489428,0.501845945695273
2018_09_ATL_WAS,2018,9,0.5272215505896946,1.4259702192333052,0.49781233618217274
2018_09_HOU_DEN,2018,9,0.5208179795707201,0.8918568999168182,0.49680426714440445
2018_09_LAC_SEA,2018,9,0.526351644477018,0.9037712344492412,0.49715634088298466
2018_09_LA_NO,2018,9,0.42625104843545486,-2.604152398071848,0.4969221938512462
2018_09_GB_NE,2018,9,0.6846516116498551,5.317122722316874,0.5093705205766196
2018_09_TEN_DAL,2018,9,0.6707077075640138,4.71733143444319,0.5064221446773389
2018_10_CAR_PIT,2018,10,0.6260515274998454,3.6076395314608676,0.5031808522334538
2018_10_DET_CHI,2018,10,0.7121591886772821,7.686739636160754,0.5055182193043801
2018_10_NO_CIN,2018,10,0.280238445951236,-5.994496353914629,0.48539026684894737
2018_10_ATL_CLE,2018,10,0.28257809407064727,-6.061672279036047,0.483406652531219
2018_10_JAX_IND,2018,10,0.6263062296516115,3.0254405205645014,0.5007517995023292
2018_10_ARI_KC,2018,10,0.914366842892328,17.503612330024307,0.5296307332244532
2018_10_BUF_NYJ,2018,10,0.7171874659850456,6.727318617978032,0.506717238708698
2018_10_WAS_TB,2018,10,0.6217785905037295,3.4836159085628178,0.49951582924476395
2018_10_NE_TEN,2018,10,0.2798306451497132,-6.480157518893982,0.4858137217689236
2018_10_LAC_OAK,2018,10,0.1722939941599737,-11.208491804817745,0.4790727671622834
2018_10_MIA_GB,2018,10,0.8519298581198392,13.390558032782184,0.5115398800398685
2018_10_SEA_LA,2018,10,0.7942498944485867,10.275014977472237,0.5081264825298643
2018_10_DAL_PHI,2018,10,0.7342989843210641,7.759387314036719,0.507664755546896
2018_10_NYG_SF,2018,10,0.6289106765081407,3.205935581030552,0.5060854240097974
2018_11_GB_SEA,2018,11,0.597913450280451,3.01868496736033,0.5005521645265189
2018_11_DAL_ATL,2018,11,0.6194419109387481,3.5337329758897065,0.5009968515794132
2018_11_CIN_BAL,2018,11,0.7314511571128086,6.80146202047254,0.5089078482595847
2018_11_CAR_DET,2018,11,0.37777463510609,-4.155020171509168,0.49541905617460213
2018_11_TEN_IND,2018,11,0.5580630280981728,1.9405411215605894,0.49824291971374224
2018_11_PIT_JAX,2018,11,0.3403492621295082,-4.4109010880033175,0.48785922148571503
2018_11_TB_NYG,2018,11,0.576678827947813,2.954772478855149,0.49866347135774236
2018_11_HOU_WAS,2018,11,0.40521921796521404,-3.113268059000074,0.4966528231413661
2018_11_OAK_ARI,2018,11,0.6584652640607646,4.402207181176175,0.4971101223000984
2018_11_DEN_LAC,2018,11,0.7448310954559111,7.917000426614007,0.5123209370617219
2018_11_PHI_NO,2018,11,0.7336934455820241,7.272826043198716,0.5080618100344765
2018_11_MIN_CHI,2018,11,0.5841674323334723,2.5575597071525196,0.5017009578708778
2018_11_KC_LA,2018,11,0.5777650663243373,2.9499297825016595,0.498520364373863
2018_12_CHI_DET,2018,12,0.45963484288679285,-3.1935332331826642,0.4942810411204877
2018_12_WAS_DAL,2018,12,0.7366637553905332,7.17841503303593,0.5052722391267613
2018_12_ATL_NO,2018,12,0.8373338094116959,12.005789445093422,0.5149432294963581
2018_12_OAK_BAL,2018,12,0.8683749282424067,13.436177105305898,0.5128873495620476
2018_12_JAX_BUF,2018,12,0.38605335523945283,-3.3374863221014692,0.4900278858778842
2018_12_SEA_CAR,2018,12,0.6013900918122436,2.956723599105337,0.4987211291488162
2018_12_CLE_CIN,2018,12,0.4776946781757232,-0.9989121351248098,0.5000321477995264
2018_12_NE_NYJ,2018,12,0.1338693347155819,-13.693812602977468,0.4795059716722843
2018_12_NYG_PHI,2018,12,0.6841025934262955,4.790698659807159,0.5085898536709671
2018_12_SF_TB,2018,12,0.5537603298802406,1.4190625850508087,0.49760821011453366
2018_12_ARI_LAC,2018,12,0.8785487688019943,14.82106539946996,0.5242485832450764
2018_12_PIT_DEN,2018,12,0.3684758450703491,-3.391234469959787,0.4884401387536345
2018_12_MIA_IND,2018,12,0.804402696686659,9.520556377949491,0.5153792960764597
2018_12_GB_MIN,2018,12,0.6250069280553856,3.9815755393725993,0.4994555337736243
2018_12_TEN_HOU,2018,12,0.6106853624154094,3.610216826880312,0.50325701213277
2018_13_NO_DAL,2018,13,0.23572260159389907,-7.53710934515423,0.4841319177521474
2018_13_BAL_ATL,2018,13,0.5985768052960783,2.4921447860136356,0.49976786838489423
2018_13_DEN_CIN,2018,13,0.37556604501299323,-3.7915886948683357,0.491383850769464
2018_13_LA_DET,2018,13,0.19453367829850543,-10.994741268020382,0.48538303417973033
2018_13_ARI_GB,2018,13,0.8834811801800769,14.24440111205829,0.5219868632717364
2018_13_CLE_HOU,2018,13,0.6780605954049557,5.238777133224354,0.5070558020408561
2018_13_IND_JAX,2018,13,0.3418298905640569,-4.2468571314336625,0.4927054622930975
2018_13_BUF_MIA,2018,13,0.6262162474997149,3.4762059344977154,0.499296855271348
2018_13_CHI_NYG,2018,13,0.39176001755540774,-3.796963856642881,0.49122504559339253
2018_13_CAR_TB,2018,13,0.3807164309670969,-3.717874384964766,0.49356181252396064
2018_13_KC_OAK,2018,13,0.1067281488247518,-14.851102635200572,0.4748654788509619
2018_13_NYJ_TEN,2018,13,0.8109816239269736,10.788682331476966,0.5085302823048854
2018_13_MIN_NE,2018,13,0.7080763743087458,6.230974101144021,0.506825247354742
2018_13_SF_SEA,2018,13,0.8075204576174597,10.328333026094919,0.5097017047462292
2018_13_LAC_PIT,2018,13,0.6110653347196223,3.4639866372809656,0.4989357602957352
2018_13_WAS_PHI,2018,13,0.6954418260662139,5.709682709472713,0.5061961433329419
2018_14_JAX_TEN,2018,14,0.691351059632734,5.513864655366143,0.5004097182412154
2018_14_NYJ_BUF,2018,14,0.6487434177423328,4.66511153664649,0.5048791356145688
2018_14_CAR_CLE,2018,14,0.4397870509951596,-1.2496324900982092,0.49262346075721564
2018_14_ATL_GB,2018,14,0.6089940224213068,4.085937324127704,0.5025395407788733
2018_14_IND_HOU,2018,14,0.5965352404921052,4.066333377593279,0.5019602283288429
2018_14_BAL_KC,2018,14,0.7289016476580309,6.930631895762258,0.5127235659482653
2018_14_NE_MIA,2018,14,0.20197137690147046,-9.230102490522912,0.4784350496542443
2018_14_NO_TB,2018,14,0.2070455445127616,-9.142404215763635,0.4810232951416019
2018_14_NYG_WAS,2018,14,0.42431769484016013,-3.0715020561244413,0.4978870325957258
2018_14_CIN_LAC,2018,14,0.9123657469635128,17.76022048398565,0.5224536206218303
2018_14_DEN_SF,2018,14,0.38620145939673955,-3.249288878317077,0.49263361319172055
2018_14_DET_ARI,2018,14,0.3816201163692546,-2.9568974598458957,0.4865006723658319
2018_14_PHI_DAL,2018,14,0.6032164160306726,3.5188286194533953,0.5005564096256505
2018_14_PIT_OAK,2018,14,0.1619701265473212,-11.174219410468774,0.48008423279848256
2018_14_LA_CHI,2018,14,0.36298323112613,-3.2186030912233177,0.49354028113488474
2018_14_MIN_SEA,2018,14,0.6147198637307902,3.1494847543775872,0.5044173755674562
2018_15_LAC_KC,2018,15,0.6173199652497225,3.6084997840403936,0.5032062729837966
2018_15_HOU_NYJ,2018,15,0.26958467767092587,-7.553985145808961,0.4836336233075755
2018_15_CLE_DEN,2018,15,0.5579017126890198,1.1064140688423894,0.5031446393825004
2018_15_ARI_ATL,2018,15,0.833963293300615,10.558760917753279,0.5165073870621146
2018_15_TB_BAL,2018,15,0.7433016255109193,8.724447250556787,0.5066323980030484
2018_15_DET_BUF,2018,15,0.5401494488539047,2.3189166040288898,0.49464891432242475
2018_15_GB_CHI,2018,15,0.6640457211364063,6.122565921636428,0.5036219301145606
2018_15_OAK_CIN,2018,15,0.6102864945412952,2.966840907236709,0.4990201073495122
2018_15_DAL_IND,2018,15,0.6094786946474764,2.9812659407241373,0.4994463847459312
2018_15_WAS_JAX,2018,15,0.7204771843210777,7.510957052323503,0.5003237948859623
2018_15_MIA_MIN,2018,15,0.7403499461272737,7.8082213958077995,0.5091075455319901
2018_15_TEN_NYG,2018,15,0.3981029080869023,-2.5987056058895943,0.49708314898824835
2018_15_SEA_SF,2018,15,0.35793762624682224,-3.8527734847107165,0.4895762782834638
2018_15_NE_PIT,2018,15,0.41465065853204564,-2.5518705477934467,0.49846716268840296
2018_15_PHI_LA,2018,15,0.8526198477579887,13.874183845471679,0.5110561959283849
2018_15_NO_CAR,2018,15,0.26226890048540774,-6.462964271699904,0.4863214943269308
2018_16_WAS_TEN,2018,16,0.8473129553796492,12.720312196524016,0.5065102184414352
2018_16_BAL_LAC,2018,16,0.6527227466734784,4.2201386227638835,0.5065050897970905
2018_16_ATL_CAR,2018,16,0.3994045439670526,-2.6054245788750268,0.496884600412623
2018_16_CIN_CLE,2018,16,0.7899555019378218,10.18745899672354,0.505539475288313
2018_16_TB_DAL,2018,16,0.6962219719026204,7.199028571562139,0.5058813359981821
2018_16_MIN_DET,2018,16,0.3131214207158709,-6.709640908629522,0.49380509178651844
2018_16_NYG_IND,2018,16,0.8249433600722148,10.371929191535747,0.5109895934532375
2018_16_JAX_MIA,2018,16,0.5912094957678403,2.897784632514904,0.49697943391250643
2018_16_BUF_NE,2018,16,0.8880790390196759,14.60058131656616,0.5177420941311343
2018_16_GB_NYJ,2018,16,0.365366898270533,-3.442568047061596,0.486923889928974
2018_16_HOU_PHI,2018,16,0.5282273052991928,0.8719602110702888,0.49621631706895647
2018_16_LA_ARI,2018,16,0.10444570603659065,-15.471182784089342,0.47132504123990104
2018_16_CHI_SF,2018,16,0.3883302614075271,-3.8314911309504134,0.4902049970766146
2018_16_PIT_NO,2018,16,0.7235511312011856,6.701963484953528,0.5059680568810169
2018_16_KC_SEA,2018,16,0.4448644000045774,-1.2363348918994288,0.4930163581434421
2018_16_DEN_OAK,2018,16,0.38855866984756665,-2.785235419088286,0.4915715553589928
2018_17_MIA_BUF,2018,17,0.6677894014439009,5.560550372898671,0.5017893350260495
2018_17_DET_GB,2018,17,0.7090739151060759,7.548911722573514,0.5014454008482616
2018_17_JAX_HOU,2018,17,0.7361847159327178,7.28115361055537,0.5083078485115721
2018_17_NYJ_NE,2018,17,0.8836684430259153,14.643816294478096,0.5190183862699944
2018_17_CAR_NO,2018,17,0.7805856864129411,8.412026570072793,0.5121740225053668
2018_17_DAL_NYG,2018,17,0.6994494535401546,7.335423912999975,0.4951366864282971
2018_17_ATL_TB,2018,17,0.4045425258054193,-2.687462167263581,0.494460431027203
2018_17_CLE_BAL,2018,17,0.7318146415420896,7.23329538980383,0.5068938342654494
2018_17_LAC_DEN,2018,17,0.2847931103322048,-7.402600310482247,0.4881044087673575
2018_17_OAK_KC,2018,17,0.8874367015271255,15.213072089075062,0.5210623986249155
2018_17_SF_LA,2018,17,0.8187169868046834,10.973296496449485,0.5139836526157805
2018_17_CHI_MIN,2018,17,0.691331675387045,5.9139570494362825,0.49745733788805796
2018_17_CIN_PIT,2018,17,0.8821274497694889,14.635441489818529,0.5187711777059365
2018_17_ARI_SEA,2018,17,0.9129006096266681,16.448229634262198,0.5279983756675491
2018_17_PHI_WAS,2018,17,0.31275577227476087,-6.230696164477604,0.49318296482892227
2018_17_IND_TEN,2018,17,0.3199351723486367,-5.307387820409938,0.4909170812859879
2018_18_IND_HOU,2018,18,0.5326808041516734,1.970569202865428,0.49913028296128914
2018_18_SEA_DAL,2018,18,0.5583842434459179,2.3691637106020766,0.49613368069912456
2018_18_LAC_BAL,2018,18,0.5777287930740833,2.8851010026218744,0.4966046285455697
2018_18_PHI_CHI,2018,18,0.6926549930525383,6.636284228436021,0.5040273049931772
2018_19_IND_KC,2018,19,0.6181140386221518,4.197240019846142,0.5058284876977618
2018_19_DAL_LA,2018,19,0.7483250080209948,7.786482563343327,0.5084652910887725
2018_19_LAC_NE,2018,19,0.6390417014967714,4.060477844618619,0.5017871917440683
2018_19_PHI_NO,2018,19,0.7848478973202349,8.799027237621155,0.5088359151022808
2018_20_LA_NO,2018,20,0.6240868440646614,3.073419343670205,0.5021696248892428
2018_20_NE_KC,2018,20,0.5809142256449875,3.0953310664242863,0.5028171316264077
2018_21_NE_LA,2018,21,0.4250240829977779,-2.0607227610884307,0.49820557073366817
2019_01_GB_CHI,2019,1,0.6161966860427472,3.6711548413547783,0.5050577091530235
2019_01_LA_CAR,2019,1,0.4498856767510386,-1.7047401471396753,0.49394989850567933
2019_01_TEN_CLE,2019,1,0.6486529898615266,5.481541302473806,0.49945452203038465
2019_01_KC_JAX,2019,1,0.3618536892445659,-3.9563547006204147,0.4865167024232873
2019_01_BAL_MIA,2019,1,0.2921417985436529,-7.300154008121229,0.49113079558532713
2019_01_ATL_MIN,2019,1,0.5902665205712612,3.4677993537862144,0.49904843058889786
2019_01_BUF_NYJ,2019,1,0.5698296623779476,2.376966500141047,0.4963642529220854
2019_01_WAS_PHI,2019,1,0.8137649731271738,10.845317232847858,0.5102034535686136
2019_01_IND_LAC,2019,1,0.6967631686940807,6.247798059582823,0.5073223386721292
2019_01_CIN_SEA,2019,1,0.7871490731225711,9.857812568056485,0.5105725815168687
2019_01_DET_ARI,2019,1,0.38610470599256375,-2.901747165074521,0.48812960912128306
2019_01_NYG_DAL,2019,1,0.7177153025410563,7.1297345654589,0.5038337634643654
2019_01_SF_TB,2019,1,0.5446016736990902,0.9748890659983002,0.4992579401854111
2019_01_PIT_NE,2019,1,0.6757211509545411,5.620693729028468,0.5035666066720133
2019_01_HOU_NO,2019,1,0.7292884973376283,6.7354454934507,0.506957363005954
2019_01_DEN_OAK,2019,1,0.39597145842902265,-3.152797637484381,0.4954847306317113
2019_02_TB_CAR,2019,2,0.706289315615043,6.638393163837469,0.5040896235088237
2019_02_ARI_BAL,2019,2,0.864824018747627,13.732033609306864,0.5216219337625072
2019_02_SF_CIN,2019,2,0.5213842070522006,0.8620228764936574,0.4959226703714458
2019_02_LAC_DET,2019,2,0.44120005359719067,-1.286109389290207,0.4915457342026265
2019_02_MIN_GB,2019,2,0.6077065795617905,2.9273820164262436,0.497854055980974
2019_02_JAX_HOU,2019,2,0.7573260390840428,7.809403677588432,0.5091424743322345
2019_02_NE_MIA,2019,2,0.08030975842258793,-18.85431357825153,0.4747707804684942
2019_02_BUF_NYG,2019,2,0.4815650408585618,-0.9279989537673238,0.5021277129924222
2019_02_SEA_PIT,2019,2,0.6319661218904361,3.996635814921922,0.4999005840257148
2019_02_IND_TEN,2019,2,0.6227712234522944,3.0814886478946555,0.5024080792298431
2019_02_DAL_WAS,2019,2,0.32237548325872983,-6.263391819054516,0.4922169283844711
2019_02_KC_OAK,2019,2,0.24703323085744502,-7.604027017780916,0.4821561822789156
2019_02_CHI_DEN,2019,2,0.4231464135932769,-3.2689187169854033,0.4920536332157871
2019_02_NO_LA,2019,2,0.5389968687428764,1.9313386377118023,0.4979709776034821
2019_02_PHI_ATL,2019,2,0.4926085453486175,-1.2030654800851632,0.49399938141618743
2019_02_CLE_NYJ,2019,2,0.31411598736023344,-6.728767655294557,0.4932399464926852
2019_03_TEN_JAX,2019,3,0.4159231007944933,-1.748814596717498,0.492647626435253
2019_03_CIN_BUF,2019,3,0.6768918965833844,5.646342037346336,0.5043245098308659
2019_03_MIA_DAL,2019,3,0.9519772631337634,22.882151468004217,0.5260501650956574
2019_03_DEN_GB,2019,3,0.7233497852613997,7.19128122487688,0.505652415910314
2019_03_ATL_IND,2019,3,0.5285757414047255,1.0306998289495874,0.5009072184602293
2019_03_BAL_KC,2019,3,0.6787019081277895,4.688175966759121,0.5055606606202417
2019_03_OAK_MIN,2019,3,0.7643818762645579,8.786185434080902,0.508456512513525
2019_03_NYJ_NE,2019,3,0.9561836186432178,21.48757837534024,0.5291581961189751
2019_03_DET_PHI,2019,3,0.6387530014778504,4.088967139528922,0.5026290738234546
2019_03_CAR_ARI,2019,3,0.547574534861493,2.251550245000606,0.4926584061466735
2019_03_NYG_TB,2019,3,0.6856705720586015,5.177906422323148,0.5052572103379507
2019_03_HOU_LAC,2019,3,0.6306204242549728,3.171212108130469,0.5050594013235018
2019_03_NO_SEA,2019,3,0.66451915138193,5.145935917593438,0.5043125091754798
2019_03_PIT_SF,2019,3,0.7153064667848843,6.212414380456284,0.5062768578431641
2019_03_LA_CLE,2019,3,0.33559808156625204,-4.411715137954686,0.4878351764302021
2019_03_CHI_WAS,2019,3,0.35329525760355657,-5.322613382546409,0.49046726892557224
2019_04_PHI_GB,2019,4,0.6163191428908379,3.541249019205315,0.501218959420792
2019_04_TEN_ATL,2019,4,0.6138955711136609,3.5174542143463223,0.5005157942321466
2019_04_CLE_BAL,2019,4,0.7492766706566654,7.876244321704258,0.5111170621247806
2019_04_NE_BUF,2019,4,0.2507627226074019,-7.668561484775593,0.4802512251021848
2019_04_KC_DET,2019,4,0.2533344936163288,-7.977053566280097,0.4859053899163616
2019_04_CAR_HOU,2019,4,0.6543337675726827,5.57034047552499,0.5020786416843857
2019_04_OAK_IND,2019,4,0.7221779998631178,5.761081507212639,0.5077148118228046
2019_04_LAC_MIA,2019,4,0.09979641286468913,-15.97383319100616,0.4712469212848608
2019_04_WAS_NYG,2019,4,0.5843590100399682,3.061653922466553,0.5018219459943207
2019_04_SEA_ARI,2019,4,0.30321170248386525,-5.963894708003851,0.48629401493905794
2019_04_TB_LA,2019,4,0.7770296621373717,9.357193942987324,0.5105543067632162
2019_04_MIN_CHI,2019,4,0.48180154547425563,-0.9899365611132559,0.5002973874730622
2019_04_JAX_DEN,2019,4,0.5846880662688344,2.4672277206157975,0.49903153814591616
2019_04_DAL_NO,2019,4,0.4181471566327438,-2.6176332723901408,0.4965238302156845
2019_04_CIN_PIT,2019,4,0.6282481166408378,3.6724324041616296,0.5050954597125372
2019_05_LA_SEA,2019,5,0.5440991658576944,1.3552688942393964,0.4957230924932795
2019_05_JAX_CAR,2019,5,0.6290596293346702,3.106258828663966,0.5031400519788277
2019_05_ARI_CIN,2019,5,0.6086548407002722,3.0719245157738166,0.5021254514515328
2019_05_ATL_HOU,2019,5,0.6249259651404535,4.157359895664026,0.50465008104162
2019_05_TB_NO,2019,5,0.5933603060982443,2.97815390197005,0.49935442012131964
2019_05_MIN_NYG,2019,5,0.3463834223520453,-5.6263153338723875,0.49626727466200377
2019_05_CHI_OAK,2019,5,0.3099424318282249,-6.780370846259062,0.4917152781733826
2019_05_NYJ_PHI,2019,5,0.8874350336025433,14.639290372592397,0.5188847904262166
2019_05_BAL_PIT,2019,5,0.41659891831083073,-3.6739832334398006,0.49485871506910784
2019_05_BUF_TEN,2019,5,0.6636776310777431,3.6573533228949473,0.5046498868210746
2019_05_NE_WAS,2019,5,0.11615322424703582,-16.322706713686927,0.47570300362201806
2019_05_DEN_LAC,2019,5,0.6841442438022219,4.391568801268721,0.5115697370129525
2019_05_GB_DAL,2019,5,0.6190807735479323,3.5824659134953096,0.5024369581468205
2019_05_IND_KC,2019,5,0.806042531045304,11.027342069136344,0.5155796709658304
2019_05_CLE_SF,2019,5,0.689740297470836,5.1765253295907945,0.5052164007962058
2019_06_NYG_NE,2019,6,0.9148525460710445,17.12556206376216,0.5184795462603051
2019_06_CAR_TB,2019,6,0.43799899927408253,-1.9911150035916605,0.5002625629979708
2019_06_CIN_BAL,2019,6,0.8151389306950904,11.008113969904993,0.5150118737634559
2019_06_SEA_CLE,2019,6,0.5092193331539111,0.7288440162282,0.49198753234371184
2019_06_NO_JAX,2019,6,0.5835859107217592,2.3101517811768915,0.49438992703403356
2019_06_HOU_KC,2019,6,0.6338682898728718,3.722986726313108,0.5065892435680724
2019_06_WAS_MIA,2019,6,0.2704667022021055,-6.48745865016189,0.48559810250519303
2019_06_PHI_MIN,2019,6,0.601367479428116,3.543267671329972,0.5012786128826983
2019_06_ATL_ARI,2019,6,0.37268308190779104,-3.273758745803344,0.49191063305686716
2019_06_SF_LA,2019,6,0.5997791402672321,3.002291933224885,0.5000677295602127
2019_06_TEN_DEN,2019,6,0.5189344621851029,0.9124739192274273,0.497413510397561
2019_06_DAL_NYJ,2019,6,0.2751217799167056,-7.48357339790767,0.4857128424546714
2019_06_PIT_LAC,2019,6,0.7163386338142442,6.178856869880855,0.5052852948280578
2019_06_DET_GB,2019,6,0.6194344542992447,3.565879380546626,0.5019468122958334
2019_07_KC_DEN,2019,7,0.38691373153109343,-3.368681686415456,0.4891063383830722
2019_07_LA_ATL,2019,7,0.39537176554041403,-3.2596773684137954,0.4923266745587858
2019_07_MIA_BUF,2019,7,0.9044180525219574,17.464663768514583,0.51372869834747
2019_07_JAX_CIN,2019,7,0.3743166640489519,-4.21516754022462,0.49364179296313954
2019_07_MIN_DET,2019,7,0.44819778423663814,-2.6773879823077804,0.4947581089017189
2019_07_OAK_GB,2019,7,0.7125194901765931,5.7450972000366605,0.5072425381137237
2019_07_HOU_IND,2019,7,0.5421891676540656,1.2822341401123025,0.49356501916148016
2019_07_ARI_NYG,2019,7,0.6110700516649716,3.5926846586328907,0.5027389287849051
2019_07_SF_WAS,2019,7,0.21309882979269099,-10.607908709914218,0.4820415888076418
2019_07_LAC_TEN,2019,7,0.5270313586031756,2.74400127818247,0.4924353634487797
2019_07_NO_CHI,2019,7,0.6246574664851471,4.03768756810358,0.501113714432059
2019_07_BAL_SEA,2019,7,0.6114306690824395,3.012708807821273,0.5003755614832988
2019_07_PHI_DAL,2019,7,0.618350124342899,3.000030639384148,0.5000009054330209
2019_07_NE_NYJ,2019,7,0.19794257800080775,-10.284512348178977,0.47682969769312866
2019_08_WAS_MIN,2019,8,0.8941954994156015,17.073896179795735,0.5169542600236208
2019_08_SEA_ATL,2019,8,0.25915200039492536,-7.94791811038997,0.48676587467388505
2019_08_PHI_BUF,2019,8,0.5521715986021101,0.9537717987218227,0.49863390014855147
2019_08_LAC_CHI,2019,8,0.5667547967511218,3.4806335613148396,0.49942769714352997
2019_08_NYG_DET,2019,8,0.7435478218891562,6.80445074072569,0.5089961465318755
2019_08_DEN_IND,2019,8,0.7171446455701163,6.160781396118429,0.5047511837406397
2019_08_NYJ_JAX,2019,8,0.7270512691148489,7.3043047037982145,0.508991832050498
2019_08_CIN_LA,2019,8,0.8550690598535773,12.624086939568805,0.5184360011171698
2019_08_ARI_NO,2019,8,0.8551922193910887,13.16660237356449,0.5196909513965399
2019_08_TB_TEN,2019,8,0.5681621616388373,1.878552961067204,0.49641113295125655
2019_08_CAR_SF,2019,8,0.6519131838321753,4.683122280463766,0.50541133184279
2019_08_OAK_HOU,2019,8,0.7228259289240274,5.384387568354562,0.5113576100105395
2019_08_CLE_NE,2019,8,0.8097413960782454,10.132988194631315,0.5186987596509354
2019_08_GB_KC,2019,8,0.3357324822469534,-5.11198814791141,0.4966906448360775
2019_08_MIA_PIT,2019,8,0.8734772563236969,14.577466013501756,0.5170596573064932
2019_09_SF_ARI,2019,9,0.1768256197391431,-11.191735076241022,0.4795672844631202
2019_09_HOU_JAX,2019,9,0.5052271586448444,0.7278785718985903,0.49195900800289216
2019_09_WAS_BUF,2019,9,0.8114451014995835,10.840945466769877,0.5100743040096213
2019_09_TEN_CAR,2019,9,0.6061631099634863,3.496340951486604,0.4998918704340622
2019_09_MIN_KC,2019,9,0.3475280054217261,-5.649925597520129,0.4955695977543726
2019_09_NYJ_MIA,2019,9,0.38936687425411404,-3.6015486817689824,0.49699913476775953
2019_09_CHI_PHI,2019,9,0.6621486448838919,5.033819550386084,0.5009994099585916
2019_09_IND_PIT,2019,9,0.5169707278609078,1.0467284579950247,0.5013808829901604
2019_09_DET_OAK,2019,9,0.5412016938803562,2.3561249546543555,0.49574838872914007
2019_09_TB_SEA,2019,9,0.6560404020398516,4.160556523252974,0.5047445389302351
2019_09_CLE_DEN,2019,9,0.39815651881648495,-4.04576253381345,0.4986476611383321
2019_09_GB_LAC,2019,9,0.4185601082965655,-4.157071335464053,0.4953584457034363
2019_09_NE_BAL,2019,9,0.384963808642489,-3.2919007545728727,0.49137463115888697
2019_09_DAL_NYG,2019,9,0.2691072539978376,-6.922491400313312,0.4875168760524252
2019_10_LAC_OAK,2019,10,0.38693448945163966,-1.234213038568615,0.49307905210376124
2019_10_DET_CHI,2019,10,0.7025512992792168,6.136581840105515,0.5040360993498483
2019_10_BAL_CIN,2019,10,0.1976056964859132,-11.174190514095875,0.4800850856590606
2019_10_BUF_CLE,2019,10,0.5907900092388019,2.98736196894454,0.49962653005980573
2019_10_ATL_NO,2019,10,0.8620215143566656,14.611195534638467,0.5180554421108682
2019_10_NYG_NYJ,2019,10,0.4246404009583647,-3.1802334913407653,0.4946740278433753
2019_10_ARI_TB,2019,10,0.6792050399789319,5.780034540684678,0.508274785706891
2019_10_KC_TEN,2019,10,0.3207008855724659,-5.489170702108992,0.48554754226539404
2019_10_MIA_IND,2019,10,0.8297004033394269,11.435344186225995,0.5128627485563839
2019_10_CAR_GB,2019,10,0.6875014008682094,5.217258952853851,0.5064200030310415
2019_10_LA_PIT,2019,10,0.3581025469743219,-4.222449923954841,0.4934266174701196
2019_10_MIN_DAL,2019,10,0.6403092211966964,3.5392483879055736,0.5011598384678247
2019_10_SEA_SF,2019,10,0.695138290213759,6.646506585999793,0.5043293721681891
2019_11_PIT_CLE,2019,11,0.5935855204991365,2.883315531963612,0.4965518675429912
2019_11_HOU_BAL,2019,11,0.6015729855974034,4.025178058821212,0.5007440434354865
2019_11_ATL_CAR,2019,11,0.6102832451424286,3.5155236424061767,0.5004587434027294
2019_11_DAL_DET,2019,11,0.2578329628779938,-7.8928035457628365,0.48839379010065403
2019_11_JAX_IND,2019,11,0.6099121466739684,2.616965705924231,0.5034564430854037
2019_11_BUF_MIA,2019,11,0.28196169244971275,-7.329584314567764,0.4902613290539858
2019_11_DEN_MIN,2019,11,0.7939845988982539,10.35126656798389,0.5103792055350045
2019_11_NO_TB,2019,11,0.35009198842240363,-5.308093496934921,0.49089623305887575
2019_11_NYJ_WAS,2019,11,0.5278948619136371,0.8971059027115325,0.496959377156761
2019_11_ARI_SF,2019,11,0.8070214387953405,10.501674122803244,0.5148217010865539
2019_11_CIN_OAK,2019,11,0.842932660247749,13.519727722541386,0.5153548264176376
2019_11_NE_PHI,2019,11,0.3537009374022581,-4.8258898405349155,0.4903704733227609
2019_11_CHI_LA,2019,11,0.6881216380539315,5.2113924613808,0.506246662546417
2019_11_KC_LAC,2019,11,0.3722407715060116,-5.743068310627668,0.49281740836642796
2019_12_IND_HOU,2019,12,0.6151519421586118,3.602111543685873,0.5030174980491828
2019_12_TB_ATL,2019,12,0.6379693279076672,3.529724217653388,0.5008783879698178
2019_12_DEN_BUF,2019,12,0.6362491815648917,3.554244071491014,0.5016029774332479
2019_12_NYG_CHI,2019,12,0.7132655877595682,6.263265590741,0.5077793421168509
2019_12_PIT_CIN,2019,12,0.3122598554288968,-6.009926536487747,0.4849346006356536
2019_12_MIA_CLE,2019,12,0.8179283723184614,11.409749452125268,0.512106761916266
2019_12_CAR_NO,2019,12,0.7916753198004051,10.53582493413142,0.5158301562150088
2019_12_OAK_NYJ,2019,12,0.40565800685139614,-3.737687113302924,0.49297640442796625
2019_12_SEA_PHI,2019,12,0.4585643339897239,-1.1191341792921339,0.496479478200877
2019_12_DET_WAS,2019,12,0.35680907219225594,-4.405413890018199,0.4880213011143849
2019_12_JAX_TEN,2019,12,0.66039807331058,4.588572652338578,0.5026174164740469
2019_12_DAL_NE,2019,12,0.6663113973834063,5.6547547492606824,0.5045731007744263
2019_12_GB_SF,2019,12,0.5989098956988386,3.0606618058832793,0.5017926279801986
2019_12_BAL_LA,2019,12,0.40531749728263633,-3.7263280787352855,0.4933120288624567
2019_13_CHI_DET,2019,13,0.331985090165296,-5.702107384106433,0.4940276911909959
2019_13_BUF_DAL,2019,13,0.7180546076782819,6.741142612797945,0.5071256939482243
2019_13_NO_ATL,2019,13,0.31225405791757155,-7.393318568960012,0.48837857695554493
2019_13_SF_BAL,2019,13,0.6936128269123356,5.799185617408062,0.5088405942790938
2019_13_WAS_CAR,2019,13,0.8092596860237382,10.906793309127945,0.512019444046433
2019_13_NYJ_CIN,2019,13,0.43893068098833554,-2.664624976664306,0.49513524178352203
2019_13_TEN_IND,2019,13,0.49966195459676005,-0.9415124587578028,0.5017283763026232
2019_13_TB_JAX,2019,13,0.42320747423240823,-3.182317929322908,0.494612435585918
2019_13_PHI_MIA,2019,13,0.20521709559059975,-11.026597609877895,0.48444231200390303
2019_13_GB_NYG,2019,13,0.29267859834196314,-6.873480391296358,0.4889645840742895
2019_13_CLE_PIT,2019,13,0.49513793946934953,-1.0597975701349431,0.4982329110382344
2019_13_LA_ARI,2019,13,0.39323044919296074,-2.8344072485657326,0.4901188482728998
2019_13_LAC_DEN,2019,13,0.3134040056008384,-4.755470692982395,0.49245096457727333
2019_13_OAK_KC,2019,13,0.854736676929218,12.043929514894785,0.5160694655101598
2019_13_NE_HOU,2019,13,0.40704584963650603,-3.6976306762258693,0.49415996914069205
2019_13_MIN_SEA,2019,13,0.5947616136335093,2.519674139367186,0.5005813957959842
2019_14_DAL_CHI,2019,14,0.3974479561318119,-3.199268163283077,0.4941115845301162
2019_14_CAR_ATL,2019,14,0.6308773552898427,3.5783587212237915,0.5023155875114415
2019_14_BAL_BUF,2019,14,0.27800426921151616,-7.023930375985187,0.4845210725403858
2019_14_CIN_CLE,2019,14,0.6952178601950117,6.80972475449015,0.5091519600714625
2019_14_WAS_GB,2019,14,0.860078083838296,13.592813588180142,0.5175127719316033
2019_14_DEN_HOU,2019,14,0.7663489358404323,8.368875418556271,0.5108993845140185
2019_14_DET_MIN,2019,14,0.83648543687738,12.365426743780898,0.5107975094428303
2019_14_SF_NO,2019,14,0.5177152215823553,1.0118145274759425,0.5003491343652943
2019_14_MIA_NYJ,2019,14,0.6634812636146166,5.138240539305489,0.5040851134952636
2019_14_IND_TB,2019,14,0.5694518759119689,2.9628184684628183,0.49890123953872734
2019_14_LAC_JAX,2019,14,0.3387173258813835,-3.8854553737896866,0.48861084779613817
2019_14_PIT_ARI,2019,14,0.3945977417503451,-2.852478238200532,0.48958500021986767
2019_14_KC_NE,2019,14,0.588111584767105,3.0006452533625496,0.5000190680627996
2019_14_TEN_OAK,2019,14,0.3524969009416152,-3.234899963420007,0.4930587556588483
2019_14_SEA_LA,2019,14,0.5380484497460553,0.9516884836584367,0.4985723358991835
2019_14_NYG_PHI,2019,14,0.7851500092421194,9.759720896074446,0.5076746115013206
2019_15_NYJ_BAL,2019,15,0.9200428434751169,17.854044372672433,0.5252212800704334
2019_15_SEA_CAR,2019,15,0.30876794696594434,-6.393946791343501,0.4883600200700649
2019_15_NE_CIN,2019,15,0.2001905695818764,-11.119502955648024,0.4816993178642676
2019_15_TB_DET,2019,15,0.33229252330444686,-5.797060356569816,0.49122219458711214
2019_15_CHI_GB,2019,15,0.6345542553348895,4.072103203692744,0.5021307318331346
2019_15_DEN_KC,2019,15,0.810355385479523,10.38314401912938,0.5113208763843848
2019_15_MIA_NYG,2019,15,0.6159482938336256,3.6391577855981203,0.5041122178667651
2019_15_HOU_TEN,2019,15,0.5991183490679913,2.9586140493577666,0.4987769940989225
2019_15_PHI_WAS,2019,15,0.2844965018358825,-7.482448453957311,0.4857460647175196
2019_15_CLE_ARI,2019,15,0.41000872983015546,-3.2988153898347696,0.49117034373649127
2019_15_MIN_LAC,2019,15,0.5358997674722072,-0.9516691522519212,0.5014282353649644
2019_15_JAX_OAK,2019,15,0.6905047892092488,7.15862736828054,0.5046875339148608
2019_15_LA_DAL,2019,15,0.4843380799458944,-1.079443065736561,0.4976523692674973
2019_15_ATL_SF,2019,15,0.8027283770709116,10.9209472158481,0.5124375135797332
2019_15_BUF_PIT,2019,15,0.5365219871675817,1.0018519398643748,0.5000547271933588
2019_15_IND_NO,2019,15,0.7428180565749464,8.30776352395341,0.5090940183534447
2019_16_HOU_TB,2019,16,0.3995750150479517,-3.0569372401067203,0.49831743666170586
2019_16_BUF_NE,2019,16,0.730303097770653,7.262583617910489,0.5077591927685586
2019_16_LA_SF,2019,16,0.7239098529874345,7.158078601697484,0.5046713182754834
2019_16_JAX_ATL,2019,16,0.754145513104212,7.848448261717575,0.5102959489399831
2019_16_BAL_CLE,2019,16,0.18762238525071237,-10.198777845052879,0.47935943745121967
2019_16_CAR_IND,2019,16,0.7265600679302779,7.695319173929574,0.5057717302415086
2019_16_CIN_MIA,2019,16,0.44219573972667464,-1.6085264203972485,0.4967929399031909
2019_16_PIT_NYJ,2019,16,0.40551313842976133,-3.2438557404391863,0.4927941425912767
2019_16_NO_TEN,2019,16,0.39861096771159527,-3.834473401453996,0.49011689397016256
2019_16_NYG_WAS,2019,16,0.4898511133799371,-1.1584466734789107,0.49531780547963306
2019_16_DET_DEN,2019,16,0.7703800523824149,9.716800254359612,0.5064064496549132
2019_16_OAK_LAC,2019,16,0.796170792849761,7.861141447537768,0.5106709192971477
2019_16_DAL_PHI,2019,16,0.4277596837667678,-2.2080586263197404,0.4938518446590542
2019_16_ARI_SEA,2019,16,0.7579356594485941,8.444050478950642,0.5131198942179428
2019_16_KC_CHI,2019,16,0.2848874110614954,-6.91842072003814,0.4876371115360765
2019_16_GB_MIN,2019,16,0.649670803518236,4.135177647924067,0.5039946057753573
2019_17_NYJ_BUF,2019,17,0.5091959561986857,-1.2147664441806212,0.5084283895913148
2019_17_NO_CAR,2019,17,0.1336210714760811,-14.266307276876944,0.4773667941148609
2019_17_CLE_CIN,2019,17,0.4553259043395118,-2.722751550103693,0.4934177052429647
2019_17_GB_DET,2019,17,0.14581383065452672,-14.01804311595287,0.484694919104696
2019_17_LAC_KC,2019,17,0.7932709659750261,10.395383740274093,0.5116824254681532
2019_17_CHI_MIN,2019,17,0.3555290508646322,-5.52704491561559,0.4992007886598449
2019_17_MIA_NE,2019,17,0.9187594457545184,18.186620445142868,0.520281768463507
2019_17_ATL_TB,2019,17,0.5375820226219189,1.1180749151454241,0.5034892203957351
2019_17_PIT_BAL,2019,17,0.5062409290446809,-1.538542710284825,0.5136339985204043
2019_17_WAS_DAL,2019,17,0.8488932893507858,13.505678495308551,0.5149399530880334
2019_17_OAK_DEN,2019,17,0.7038533781034794,5.590271177191996,0.5026676089564767
2019_17_TEN_HOU,2019,17,0.22223826694183094,-10.187058488624952,0.4944723591001088
2019_17_IND_JAX,2019,17,0.34084123360852797,-5.38339948490569,0.4886715773167702
2019_17_ARI_LA,2019,17,0.732790771681262,7.350601750754442,0.5103595659716939
2019_17_PHI_NYG,2019,17,0.3662723005149542,-4.262478370631726,0.4922439168352046
2019_17_SF_SEA,2019,17,0.38905207109988504,-3.667856056458378,0.49503976647904296
2019_18_BUF_HOU,2019,18,0.5960070053981769,2.57966948276135,0.5023543215292252
2019_18_TEN_NE,2019,18,0.6432148108382754,4.604573811145933,0.5030902590724012
2019_18_MIN_NO,2019,18,0.7434560311212857,7.875404051444016,0.5110922406832006
2019_18_SEA_PHI,2019,18,0.5400500966277433,1.0071641727309812,0.5002117104646177
2019_19_MIN_SF,2019,19,0.7187302267009563,7.160447827407178,0.5047413270558644
2019_19_TEN_BAL,2019,19,0.8061424367489495,10.46443557815559,0.5137219590215479
2019_19_HOU_KC,2019,19,0.8082312698020448,10.399822859278434,0.5118135502334971
2019_19_SEA_GB,2019,19,0.6332393815997157,4.485122757884986,0.4995603585411757
2019_20_TEN_KC,2019,20,0.7557715540770925,7.774898070263419,0.5081230284886773
2019_20_GB_SF,2019,20,0.7512928063968408,8.221613445673585,0.5065486668689376
2019_21_SF_KC,2019,21,0.6013283339771878,1.6639623401823278,0.5048451779102819
2020_01_HOU_KC,2020,1,0.7963662136885786,9.916194904552524,0.5122971441851923
2020_01_SEA_ATL,2020,1,0.5246053652086567,0.8672684045382064,0.49607767464746916
2020_01_CLE_BAL,2020,1,0.7599199645327886,7.538617657333603,0.5159126194410075
2020_01_NYJ_BUF,2020,1,0.70741053764097,6.701961192404964,0.5059679891408531
2020_01_LV_CAR,2020,1,0.4359192096516795,-3.124563751917622,0.49631903391636734
2020_01_CHI_DET,2020,1,0.5936627982392427,2.445838740087758,0.49839946973518146
2020_01_IND_JAX,2020,1,0.28941092814546143,-7.3532303860401305,0.4895627808794331
2020_01_GB_MIN,2020,1,0.5440544688582204,0.9613164994400146,0.4988568546067727
2020_01_MIA_NE,2020,1,0.7472037041856546,7.897855635239932,0.5117554416100315
2020_01_PHI_WAS,2020,1,0.3160125141358675,-5.968564255234134,0.4861561061085235
2020_01_LAC_CIN,2020,1,0.40934267377959377,-2.7607250905722065,0.49229571877836575
2020_01_TB_NO,2020,1,0.6692437192173696,4.358083017326181,0.5105805708301272
2020_01_ARI_SF,2020,1,0.7308912374795641,7.454374786595618,0.5134248218581606
2020_01_DAL_LA,2020,1,0.5166713906342557,0.9440208103425568,0.4983457480312269
2020_01_PIT_NYG,2020,1,0.3127112073146539,-6.240268732686028,0.49290012622309065
2020_01_TEN_DEN,2020,1,0.3902662535106781,-3.2386792158745945,0.49294709108977763
2020_02_CIN_CLE,2020,2,0.6644007287037083,6.1273377796566155,0.5037629385863678
2020_02_NYG_CHI,2020,2,0.6580364474402987,4.7076492050670975,0.5061360578528284
2020_02_ATL_DAL,2020,2,0.6121282090452529,3.2444654003304993,0.5072238706925591
2020_02_DET_GB,2020,2,0.7133120823905365,7.246221589049158,0.5072757597474808
2020_02_MIN_IND,2020,2,0.6138729876970765,3.508203708640064,0.5002424300763842
2020_02_BUF_MIA,2020,2,0.3319411036266562,-5.853457576185146,0.4895560694191041
2020_02_SF_NYJ,2020,2,0.28696012439342217,-7.466108862344281,0.4862286226473474
2020_02_LA_PHI,2020,2,0.5597736888338731,1.8616522392489496,0.49591171814002155
2020_02_DEN_PIT,2020,2,0.7047889813212771,6.21243312822995,0.5062774117952921
2020_02_CAR_TB,2020,2,0.7199725989174646,7.790411850670397,0.5085813800566648
2020_02_JAX_TEN,2020,2,0.7293650865423932,7.390084539291276,0.5115258935483075
2020_02_WAS_ARI,2020,2,0.7191412720712597,7.7275984285935575,0.5067255062969621
2020_02_BAL_HOU,2020,2,0.24133367305591497,-7.986601351338856,0.48562342030187
2020_02_KC_LAC,2020,2,0.21466702871195428,-9.073981198333248,0.48304322983925363
2020_02_NE_SEA,2020,2,0.6363038599820143,4.0144084957984285,0.5004257894133091
2020_02_NO_LV,2020,2,0.33662813937752145,-4.3869816775986505,0.4885657620191726
2020_03_MIA_JAX,2020,3,0.6042665081146248,3.1059227800537696,0.503130121618885
2020_03_CHI_ATL,2020,3,0.6012808181672297,2.5190496914151717,0.5005629425786707
2020_03_LA_BUF,2020,3,0.5206305246847969,1.3159626603254064,0.49456162948633414
2020_03_WAS_CLE,2020,3,0.6959898821076635,7.7793732618079465,0.5082552482634882
2020_03_TEN_MIN,2020,3,0.38408718497565997,-3.2785753986604735,0.491768324580082
2020_03_LV_NE,2020,3,0.7069057067570138,7.147436777419194,0.5043568588863578
2020_03_SF_NYG,2020,3,0.39486838942281094,-3.4127183596774655,0.4878055437615281
2020_03_CIN_PHI,2020,3,0.6533643786338456,5.656572557091934,0.5046268157516729
2020_03_HOU_PIT,2020,3,0.626169981671212,4.122862363639341,0.5036306899932926
2020_03_NYJ_IND,2020,3,0.8375029048225261,12.892779543294061,0.5116055008958396
2020_03_CAR_LAC,2020,3,0.7065328758930242,6.249222365480525,0.507364421603815
2020_03_DET_ARI,2020,3,0.6385168102719706,4.620153643347289,0.5035506470837848
2020_03_TB_DEN,2020,3,0.3414945760386027,-6.193034762862904,0.4942957700468032
2020_03_DAL_SEA,2020,3,0.6568904913219443,5.5974490673244635,0.5028797196686687
2020_03_GB_NO,2020,3,0.6065871988864415,3.6234031125863964,0.5036466691521719
2020_03_KC_BAL,2020,3,0.5900590709679499,3.6022058255918328,0.5030202841204154
2020_04_DEN_NYJ,2020,4,0.5468156350159964,0.9235582534227094,0.4977410606120429
2020_04_ARI_CAR,2020,4,0.4089463084257553,-3.1657748962961545,0.49510126273067107
2020_04_JAX_CIN,2020,4,0.5527461219472535,1.0344342835736673,0.5010175760531157
2020_04_CLE_DAL,2020,4,0.6495167512149318,3.7324816546195496,0.506869790927032
2020_04_NO_DET,2020,4,0.38164187662438603,-3.439251158682535,0.48702185596321407
2020_04_MIN_HOU,2020,4,0.6151781014883283,3.5450338303201416,0.5013308048624413
2020_04_SEA_MIA,2020,4,0.32418033283583897,-4.913360025468623,0.4877865905890104
2020_04_LAC_TB,2020,4,0.7092455039138045,7.721593207322466,0.5065480688803271
2020_04_BAL_WAS,2020,4,0.10962543358708567,-15.36584502979057,0.47443070219964534
2020_04_NYG_LA,2020,4,0.8626969056442721,14.066463224683764,0.5167348025143191
2020_04_IND_CHI,2020,4,0.3753837938764096,-3.716607100539426,0.4935992575523785
2020_04_BUF_LV,2020,4,0.40177155509381135,-3.1562807742184087,0.4953818062269077
2020_04_PHI_SF,2020,4,0.7783975902301813,8.969010651251235,0.5138570775142113
2020_04_NE_KC,2020,4,0.7749304004065521,7.511891305357009,0.515123419234926
2020_04_ATL_GB,2020,4,0.6677048378160053,5.247796713889939,0.5073222989118805
2020_05_TB_CHI,2020,5,0.3884275296503794,-3.8108315340401173,0.4908153418135717
2020_05_CAR_ATL,2020,5,0.5827525165068357,2.5613537825892623,0.501813076568805
2020_05_CIN_BAL,2020,5,0.8440910188913886,13.077520344551335,0.5170612613902296
2020_05_JAX_HOU,2020,5,0.6926101490641965,6.674325295182318,0.50515139245216
2020_05_LV_KC,2020,5,0.8371219388877648,11.564768499220271,0.5166847651446375
2020_05_ARI_NYJ,2020,5,0.2912864366085924,-7.23634990872155,0.4930159144451261
2020_05_PHI_PIT,2020,5,0.7350245528479082,7.738318512877297,0.5070422513382292
2020_05_LA_WAS,2020,5,0.2804885731878403,-7.528117567249488,0.48439742957544535
2020_05_MIA_SF,2020,5,0.7795918410008217,9.016928512085281,0.5152721671143454
2020_05_IND_CLE,2020,5,0.49888135626290325,0.8783810493734281,0.4964060529465095
2020_05_NYG_DAL,2020,5,0.7586388818576674,7.926614148192118,0.5126048961929582
2020_05_MIN_SEA,2020,5,0.7379439872551651,6.823149700482687,0.509548575423576
2020_05_LAC_NO,2020,5,0.7192184739804117,7.351684547872415,0.5103915531902031
2020_05_BUF_TEN,2020,5,0.4434468554177307,-2.9625484055323734,0.5011067411360666
2020_06_CHI_CAR,2020,6,0.570061814454626,2.020366234102016,0.5006018480588085
2020_06_CIN_IND,2020,6,0.7221912262067992,7.877122021063778,0.5111429891696535
2020_06_DET_JAX,2020,6,0.40775888941913074,-3.091418019051278,0.4972985011659184
2020_06_ATL_MIN,2020,6,0.6019534523325771,3.5877755437883145,0.5025938613984952
2020_06_DEN_NE,2020,6,0.7141997114710559,7.288332706953098,0.5085199528117701
2020_06_WAS_NYG,2020,6,0.5519729286052679,1.9910161966624393,0.49973451713143435
2020_06_BAL_PHI,2020,6,0.1891258668914894,-11.040525177572745,0.48403105590049156
2020_06_CLE_PIT,2020,6,0.6355105830907101,3.1313198233359123,0.5038806076741523
2020_06_HOU_TEN,2020,6,0.6461195846581513,4.258297945860057,0.507632569239637
2020_06_NYJ_MIA,2020,6,0.7782338647349476,9.86928005155269,0.5109113374691955
2020_06_GB_TB,2020,6,0.3852553842171236,-3.089359946943082,0.49735931846783166
2020_06_LA_SF,2020,6,0.46253809965750375,-2.0210844572253084,0.49937692755356544
2020_06_KC_BUF,2020,6,0.26868728412910964,-5.893642745639399,0.4883690011880332
2020_06_ARI_DAL,2020,6,0.5163418818709907,0.9884632342085258,0.499659073844955
2020_07_NYG_PHI,2020,7,0.7011366613471248,5.277852332016803,0.5082103124120506
2020_07_DET_ATL,2020,7,0.5156949103761863,1.0864827046905097,0.50255565714399
2020_07_CLE_CIN,2020,7,0.4008525447857398,-4.652551277942727,0.49549201040596386
2020_07_GB_HOU,2020,7,0.4222954481365212,-2.69222640896622,0.494319655507471
2020_07_CAR_NO,2020,7,0.7240738299865234,7.396131425432697,0.5117045110295375
2020_07_BUF_NYJ,2020,7,0.2270650637197147,-10.01024167506966,0.48492529453238487
2020_07_PIT_TEN,2020,7,0.5594152245437537,1.0246236278963887,0.5007276593198422
2020_07_DAL_WAS,2020,7,0.48367743238105126,-1.148556917843768,0.49561004151933064
2020_07_TB_LV,2020,7,0.3898546252107772,-3.754712993732336,0.49247335156302535
2020_07_KC_DEN,2020,7,0.2500637239741975,-7.60271295592037,0.482194975723442
2020_07_JAX_LAC,2020,7,0.7398735900934003,8.31661500988376,0.5093555211566734
2020_07_SF_NE,2020,7,0.570894181604042,2.8292762670435554,0.49495502963072935
2020_07_SEA_ARI,2020,7,0.37839160557690016,-3.676415986083318,0.49478683016834646
2020_07_CHI_LA,2020,7,0.7255899690036611,6.761175510097009,0.5077175892087419
2020_08_ATL_CAR,2020,8,0.5551421532593159,1.4613711728950494,0.49885847027072905
2020_08_PIT_BAL,2020,8,0.6383351491508535,4.174872178766276,0.5051675522105248
2020_08_NE_BUF,2020,8,0.6230464653852829,4.069475228735744,0.5020530728770475
2020_08_TEN_CIN,2020,8,0.2633956863207868,-7.897669220724385,0.48825006478689237
2020_08_LV_CLE,2020,8,0.5377808969312835,1.052042903348976,0.5015379306011619
2020_08_IND_DET,2020,8,0.38539830164086103,-3.732459608321459,0.4931308604727096
2020_08_MIN_GB,2020,8,0.6893739401394539,5.821703562472799,0.5095058523810682
2020_08_NYJ_KC,2020,8,0.9455774448414396,21.008952435126,0.5297881023753247
2020_08_LA_MIA,2020,8,0.34378738634882866,-3.9300844009533114,0.48729260500534594
2020_08_LAC_DEN,2020,8,0.38773874197460056,-3.27617114767492,0.4918393582792798
2020_08_NO_CHI,2020,8,0.31302783773743925,-5.909086488369228,0.4879128205038731
2020_08_SF_SEA,2020,8,0.5305179363310919,0.8655104224394012,0.4960257265704934
2020_08_DAL_PHI,2020,8,0.800766303133385,10.24300279716628,0.5071806559406283
2020_08_TB_NYG,2020,8,0.14068879132595713,-13.68297296709652,0.4798258805965684
2020_09_GB_SF,2020,9,0.3504843702668418,-5.900744510218418,0.5029331003478658
2020_09_DEN_ATL,2020,9,0.6569877275346057,4.725840677339754,0.5066735698220682
2020_09_SEA_BUF,2020,9,0.36007314560345194,-3.2657917484882324,0.4921460210181662
2020_09_BAL_IND,2020,9,0.5376557263410343,0.7971849837603016,0.4940067821071729
2020_09_HOU_JAX,2020,9,0.2610334821674734,-7.413670989429139,0.4877774055158676
2020_09_CAR_KC,2020,9,0.8178087883582148,10.58598001527385,0.5173110234762499
2020_09_DET_MIN,2020,9,0.5973777404963639,3.152809368846251,0.504515616022842
2020_09_CHI_TEN,2020,9,0.7413133896997245,6.804350323481167,0.5089931798280256
2020_09_NYG_WAS,2020,9,0.6351578536808336,3.094244027584015,0.5027850090290544
2020_09_LV_LAC,2020,9,0.4846873259321956,-0.9494828495855175,0.5014928429742429
2020_09_MIA_ARI,2020,9,0.7289508867822375,6.312196179112639,0.5092249744602546
2020_09_PIT_DAL,2020,9,0.13864101925663763,-14.572999653919869,0.4830722095726226
2020_09_NO_TB,2020,9,0.5952448126246175,3.0133351225128377,0.5003940698755238
2020_09_NE_NYJ,2020,9,0.22270191256726546,-9.950543603507612,0.48668833093627417
2020_10_IND_TEN,2020,10,0.4840485326517997,-0.9495835171593837,0.501489868139364
2020_10_TB_CAR,2020,10,0.32536476408431286,-6.185789972484146,0.4945098418017594
2020_10_HOU_CLE,2020,10,0.6053878887051778,4.462323466515841,0.4988866116537992
2020_10_WAS_DET,2020,10,0.5792625010186369,2.5398215049646518,0.5011767747379016
2020_10_JAX_GB,2020,10,0.865581065677443,14.172468310203136,0.5198640842742753
2020_10_PHI_NYG,2020,10,0.33613756449040805,-4.723593894683944,0.49339281628350956
2020_10_BUF_ARI,2020,10,0.6260730290544382,3.0148227792156677,0.5004380320114082
2020_10_DEN_LV,2020,10,0.6189677068482007,3.713623247445113,0.5063125769630676
2020_10_LAC_MIA,2020,10,0.5161775922841513,0.8344611615875327,0.49510823801812515
2020_10_SEA_LA,2020,10,0.5653980438767855,3.014101155793005,0.5004167071278077
2020_10_SF_NO,2020,10,0.758822735597835,9.656848685063284,0.5046349751369203
2020_10_CIN_PIT,2020,10,0.6896164302906894,6.833800891000999,0.5098632385715245
2020_10_BAL_NE,2020,10,0.28652970214014933,-7.499849966386852,0.4852321679977798
2020_10_MIN_CHI,2020,10,0.38939345856951896,-3.6768799148319573,0.49477312165360543
2020_11_ARI_SEA,2020,11,0.594443955407562,3.0836836279370523,0.5024729424859411
2020_11_TEN_BAL,2020,11,0.6790393367622749,6.2304475507640795,0.506809689389092
2020_11_DET_CAR,2020,11,0.38644568260886736,-3.1452296901213024,0.49570835953683645
2020_11_PHI_CLE,2020,11,0.5588256452287924,2.5322546455206845,0.5009531651551947
2020_11_NE_HOU,2020,11,0.43914616957608854,-2.5411398586265874,0.4987842663990199
2020_11_PIT_JAX,2020,11,0.16938870598441266,-11.703592119428057,0.4792173612523337
2020_11_ATL_NO,2020,11,0.6334579208687506,3.7198411607356,0.5064963005804378
2020_11_CIN_WAS,2020,11,0.5618076555993107,1.939339680737631,0.49820741595090867
2020_11_MIA_DEN,2020,11,0.36074229363698146,-4.234206091897629,0.4930792573558898
2020_11_NYJ_LAC,2020,11,0.8029051790706107,10.472855260364682,0.5139706215281452
2020_11_GB_IND,2020,11,0.5548884472713642,1.4324182362849567,0.49800288071705884
2020_11_DAL_MIN,2020,11,0.715116869747502,7.282939152043556,0.5083606020336273
2020_11_KC_LV,2020,11,0.23368620800210524,-7.927597412782586,0.48736606161801715
2020_11_LA_TB,2020,11,0.6278954056796572,3.959260721704326,0.49879610400612073
2020_12_HOU_DET,2020,12,0.38921770042996046,-3.2196454517361457,0.4935094821048976
2020_12_WAS_DAL,2020,12,0.5600146459634813,2.5059046825732527,0.5001744909226454
2020_12_LV_ATL,2020,12,0.37806083966978415,-3.610358699970084,0.49673879547572825
2020_12_LAC_BUF,2020,12,0.640764001539356,4.570508349857286,0.5020836025182887
2020_12_NYG_CIN,2020,12,0.3194235303656325,-6.615176522066016,0.4965964276335539
2020_12_TEN_IND,2020,12,0.5885914159787986,2.985207055490416,0.49956284964181547
2020_12_CLE_JAX,2020,12,0.2811938324325834,-7.85160537059558,0.4896107858060532
2020_12_CAR_MIN,2020,12,0.5772033443558376,3.047724610719644,0.5014103203981457
2020_12_ARI_NE,2020,12,0.4373673035112672,-1.1137167686679283,0.49663956366488526
2020_12_MIA_NYJ,2020,12,0.25983412635391057,-7.963247207495147,0.48631313813013644
2020_12_NO_DEN,2020,12,0.10255507236237105,-17.608491119513864,0.4820243953158755
2020_12_SF_LA,2020,12,0.6495349654815237,5.08005056877679,0.5023655829117415
2020_12_KC_TB,2020,12,0.3471756109674005,-3.795065184660619,0.4912811402941769
2020_12_CHI_GB,2020,12,0.7379486217301084,7.813154663560013,0.5092532913064151
2020_12_SEA_PHI,2020,12,0.2827671761966388,-6.823952708545751,0.490427701474607
2020_12_BAL_PIT,2020,12,0.8203796380256166,10.678443596646026,0.5052730831442785
2020_13_NO_ATL,2020,13,0.4131861564918497,-2.7504581803967314,0.4925990647369972
2020_13_DET_CHI,2020,13,0.6151712267171512,3.1666319277238686,0.5049240617257568
2020_13_IND_HOU,2020,13,0.4011128637574238,-3.5842932579461144,0.49750904251559025
2020_13_CIN_MIA,2020,13,0.8005854215633068,10.774862455414471,0.5081219762424511
2020_13_JAX_MIN,2020,13,0.8044241318926524,10.921241362862936,0.5124462017729151
2020_13_LV_NYJ,2020,13,0.2642699460629543,-7.944085929972546,0.48687905872559833
2020_13_CLE_TEN,2020,13,0.6746132606678831,4.3439010044853275,0.5101616158408124
2020_13_LA_ARI,2020,13,0.43478007461033663,-2.6604409201874284,0.4952588770469057
2020_13_NYG_SEA,2020,13,0.8507388679660788,11.581259606469867,0.5171716596458701
2020_13_PHI_GB,2020,13,0.7529508026436715,8.39936905869843,0.5118001457188976
2020_13_NE_LAC,2020,13,0.5630655943308989,2.4945481007626853,0.4998388894033235
2020_13_DEN_KC,2020,13,0.8792666308329515,13.806233769068626,0.5238110849351273
2020_13_WAS_PIT,2020,13,0.6871208332906269,5.910247662413747,0.5121214778797927
2020_13_BUF_SF,2020,13,0.5692141426907272,1.5887960393256475,0.5026240177030187
2020_13_DAL_BAL,2020,13,0.7847562170933008,9.072526860853547,0.5169138313561954
2020_14_NE_LA,2020,14,0.6573774034404773,5.212965901561174,0.5062931539751822
2020_14_DEN_CAR,2020,14,0.6580604160801686,4.295363638483087,0.50872767728978
2020_14_HOU_CHI,2020,14,0.4639456468923205,-1.1017409111985939,0.49699345430306885
2020_14_DAL_CIN,2020,14,0.4183614489205978,-3.1455400360705292,0.4956991889485878
2020_14_TEN_JAX,2020,14,0.22710894087920616,-8.096739667705242,0.48237131994059596
2020_14_KC_MIA,2020,14,0.24066830428675914,-8.030495138309478,0.48432722329067135
2020_14_ARI_NYG,2020,14,0.3704449277698858,-3.223888078462426,0.4933841239701663
2020_14_MIN_TB,2020,14,0.7205651578303589,7.20574528382433,0.5060798011374206
2020_14_IND_LV,2020,14,0.39058085152837807,-2.7247841321299946,0.49335764809310845
2020_14_NYJ_SEA,2020,14,0.9109560635541357,17.121634452226562,0.5183636040738385
2020_14_GB_DET,2020,14,0.2124847506623125,-10.032390311477837,0.48427126187599656
2020_14_ATL_LAC,2020,14,0.4903516637695232,0.7799813992853817,0.4934984565368305
2020_14_NO_PHI,2020,14,0.28090581426071287,-8.019883354376335,0.4846405778704142
2020_14_WAS_SF,2020,14,0.604051051047265,3.2522665841903526,0.5074543666471856
2020_14_PIT_BUF,2020,14,0.546465061816415,1.9233438674716645,0.4977347253346166
2020_14_BAL_CLE,2020,14,0.3604239367202667,-3.350500763141006,0.48964341733559963
2020_15_LAC_LV,2020,15,0.6282233977255354,3.5450717884788974,0.5013319265683738
2020_15_BUF_DEN,2020,15,0.3119153354419569,-5.940264747670908,0.48699191899859134
2020_15_CAR_GB,2020,15,0.784403694934773,9.870775084294785,0.5109555010077262
2020_15_TB_ATL,2020,15,0.2978549855209477,-6.2056959505357945,0.49392165655514575
2020_15_JAX_BAL,2020,15,0.8623123634089661,13.710628217670529,0.5209902794271567
2020_15_SF_DAL,2020,15,0.35896865004693584,-4.302134000954041,0.4910722988185444
2020_15_HOU_IND,2020,15,0.731431373435248,7.748462437004672,0.5073419685593515
2020_15_NE_MIA,2020,15,0.4716052518285423,-1.5419073834129795,0.49876158516642083
2020_15_CHI_MIN,2020,15,0.5564531831030767,2.487986525382116,0.49964498649429256
2020_15_DET_TEN,2020,15,0.7968178944810257,9.987871540421633,0.5144140909722895
2020_15_SEA_WAS,2020,15,0.2849763755244682,-6.409726177459171,0.4878939255631903
2020_15_PHI_ARI,2020,15,0.7049334805117153,6.6674317377613335,0.5049476953271038
2020_15_NYJ_LA,2020,15,0.9239619011952848,18.37207219754243,0.5257529377585081
2020_15_KC_NO,2020,15,0.4079077471595447,-2.4948099301709683,0.5001533732031135
2020_15_CLE_NYG,2020,15,0.3023595400501597,-6.365411752947457,0.48920293339322796
2020_15_PIT_CIN,2020,15,0.11769024899474562,-15.287929933167574,0.47672887480968285
2020_16_MIN_NO,2020,16,0.7251552626866858,6.898714894653109,0.5117808227772239
2020_16_TB_DET,2020,16,0.16889168117590575,-12.468297158079357,0.4861639944211817
2020_16_SF_ARI,2020,16,0.7079465968129036,6.112370782532995,0.5033206621163984
2020_16_MIA_LV,2020,16,0.4160908891687773,-2.1145310366031578,0.4966155018649041
2020_16_NYG_BAL,2020,16,0.8308171855876884,10.669272673587269,0.51976976565405
2020_16_CIN_HOU,2020,16,0.746670737947409,7.773214316937375,0.5080732816742725
2020_16_CHI_JAX,2020,16,0.19415990480204384,-10.055869252239727,0.48357799256981315
2020_16_ATL_KC,2020,16,0.8243395472894706,11.467530125750843,0.5138133524027957
2020_16_CLE_NYJ,2020,16,0.26924624654063,-7.06247023706705,0.48338309227929105
2020_16_IND_PIT,2020,16,0.46911508814182223,-1.0431668635092939,0.49872436610217513
2020_16_DEN_LAC,2020,16,0.5977851637736175,2.697814240087989,0.5058454548246263
2020_16_CAR_WAS,2020,16,0.4820167011133142,-1.0919026748474556,0.497284179296887
2020_16_PHI_DAL,2020,16,0.39210688930335685,-3.1332038341757995,0.49606372006588784
2020_16_LA_SEA,2020,16,0.576778643574799,1.5160502539176506,0.5004743054363303
2020_16_TEN_GB,2020,16,0.5591999022627719,2.9728257754837797,0.4991969674240167
2020_16_BUF_NE,2020,16,0.2974937528776436,-7.333290472769574,0.49015184033747533
2020_17_MIA_BUF,2020,17,0.4416063085853437,-3.155478454648211,0.5101799476579657
2020_17_BAL_CIN,2020,17,0.13859327740075622,-14.201082145600669,0.4792914338814009
2020_17_PIT_CLE,2020,17,0.7810999065778261,10.582364671100166,0.5024339663602018
2020_17_MIN_DET,2020,17,0.40297928719123755,-3.2935781706526375,0.49132507301943984
2020_17_NYJ_NE,2020,17,0.6576744578972026,3.2886837928565,0.5085303254806485
2020_17_DAL_NYG,2020,17,0.4371874136979215,-1.6532817653420495,0.49547042495306876
2020_17_ATL_TB,2020,17,0.7523699547078394,7.808832216742704,0.5091255913592199
2020_17_NO_CAR,2020,17,0.28618001927439857,-6.491756368339966,0.4854711829291988
2020_17_GB_CHI,2020,17,0.36766353711188915,-4.807633936160729,0.49090981013712953
2020_17_LV_DEN,2020,17,0.4006732014413524,-2.6862322878199367,0.4944967720581141
2020_17_TEN_HOU,2020,17,0.2646902897334451,-7.343087645327481,0.4898624121843112
2020_17_JAX_IND,2020,17,0.9008595305767259,16.201091306256068,0.520708836462891
2020_17_LAC_KC,2020,17,0.3472821588220698,-6.759111954750326,0.5071181723500907
2020_17_ARI_LA,2020,17,0.5491980936341545,1.171912903914642,0.5050801090637256
2020_17_SEA_SF,2020,17,0.26476970138938355,-7.2431622968718425,0.492814631402939
2020_17_WAS_PHI,2020,17,0.31159497980168716,-6.515147110366497,0.4995523835938359
2020_18_IND_BUF,2020,18,0.717031116507728,7.19514101969521,0.5057664661063258
2020_18_LA_SEA,2020,18,0.6466120873142447,3.155274689354088,0.504588464656831
2020_18_TB_WAS,2020,18,0.20016054766666597,-10.556181916542572,0.4835687607730637
2020_18_BAL_TEN,2020,18,0.3934721586786872,-3.745172302636844,0.49275524287416134
2020_18_CHI_NO,2020,18,0.8124265731214749,11.430766757312668,0.5127275492520016
2020_18_CLE_PIT,2020,18,0.6713140894373589,5.045754843275603,0.501352111597736
2020_19_LA_GB,2020,19,0.7377633006705879,7.251411039545935,0.5074290886065717
2020_19_BAL_BUF,2020,19,0.5733572229504938,2.401169808665233,0.49707946742740117
2020_19_CLE_KC,2020,19,0.7501840247285889,7.777478901115571,0.508199279384844
2020_19_TB_NO,2020,19,0.5740727628861043,2.5800356709677312,0.5023651426701524
2020_20_TB_GB,2020,20,0.5912789929458844,3.058008857744567,0.501714230724211
2020_20_BUF_KC,2020,20,0.5879504166390577,3.030006858293513,0.5008867403420829
2020_21_KC_TB,2020,21,0.4162500680135975,-3.051324191556875,0.49848330809661917
2021_01_DAL_TB,2021,1,0.7991739778081177,10.409343182007275,0.5120947616375565
2021_01_PHI_ATL,2021,1,0.6093070379512154,3.6241956456242135,0.5036700885331565
2021_01_PIT_BUF,2021,1,0.6978679453026873,6.730342468371344,0.5068065845220704
2021_01_NYJ_CAR,2021,1,0.6342696159123212,3.64391822459475,0.5042528872004576
2021_01_MIN_CIN,2021,1,0.40024171843714806,-3.194100505738637,0.4942642792178869
2021_01_SF_DET,2021,1,0.21309899255642337,-9.942209342479844,0.4869344844185841
2021_01_JAX_HOU,2021,1,0.4141822733013781,-3.3218140987058042,0.5052654685810387
2021_01_SEA_IND,2021,1,0.36168959773366854,-3.191644255252305,0.4943368571562712
2021_01_ARI_TEN,2021,1,0.5885380280727431,2.6593855537675255,0.5047099377124349
2021_01_LAC_WAS,2021,1,0.6039934693537073,2.546015017960663,0.5013598000483005
2021_01_CLE_KC,2021,1,0.6850943528958563,5.71832665943974,0.506451551021621
2021_01_MIA_NE,2021,1,0.6081864457774353,3.4694412273600785,0.49909694992354886
2021_01_GB_NO,2021,1,0.36011228800012274,-4.07910264694399,0.49766242890512835
2021_01_DEN_NYG,2021,1,0.4032885361501385,-3.043608842342968,0.4987113051293498
2021_01_CHI_LA,2021,1,0.767931383942826,9.728241008572507,0.5067444926517911
2021_01_BAL_LV,2021,1,0.372864110503152,-3.434917193041888,0.4871498630859785
2021_02_NYG_WAS,2021,2,0.6651395593084071,4.159649832377975,0.5047177469384737
2021_02_NO_CAR,2021,2,0.33864273773238723,-3.6503759867730867,0.48078798898968245
2021_02_CIN_CHI,2021,2,0.5745290557016175,2.065371925562996,0.501931816528693
2021_02_HOU_CLE,2021,2,0.8463179439620951,13.839890981338575,0.5100431525208504
2021_02_LA_IND,2021,2,0.3497500080483175,-4.313001450159543,0.4907512351283171
2021_02_DEN_JAX,2021,2,0.2870317200391599,-6.39289965632347,0.4883909511128689
2021_02_BUF_MIA,2021,2,0.366506170069857,-3.78417748790834,0.4916028116279717
2021_02_NE_NYJ,2021,2,0.30705057262857843,-5.788443738180195,0.4914767668219107
2021_02_SF_PHI,2021,2,0.41362181819964916,-3.1508447221079234,0.4955424381314947
2021_02_LV_PIT,2021,2,0.6790800289672139,5.565683130291722,0.5019410129184427
2021_02_MIN_ARI,2021,2,0.6381725861187596,4.224035947932737,0.5066202451606796
2021_02_ATL_TB,2021,2,0.8770446572022682,13.99848730635269,0.5147275911717014
2021_02_DAL_LAC,2021,2,0.5701856673346345,2.9902843777511148,0.49971289095104393
2021_02_TEN_SEA,2021,2,0.6914971817088009,6.744540901095613,0.5072261014709106
2021_02_KC_BAL,2021,2,0.3718030631600656,-3.5249269701633605,0.4992633765429774
2021_02_DET_GB,2021,2,0.8230011059523661,12.024274928700414,0.5154891017632425
2021_03_CAR_HOU,2021,3,0.25913015165029235,-8.331409236203791,0.49020741644190546
2021_03_WAS_BUF,2021,3,0.7432996560710401,7.882554724251698,0.5113034689677568
2021_03_CHI_CLE,2021,3,0.74817581451236,7.882691856577191,0.5113075197761839
2021_03_BAL_DET,2021,3,0.24706943486060773,-8.172484613287345,0.48013543454607405
2021_03_ARI_JAX,2021,3,0.20864648047349554,-8.676226577261456,0.48002499259612974
2021_03_LAC_KC,2021,3,0.7142039677173639,6.819704944753964,0.5094468073323736
2021_03_NO_NE,2021,3,0.5520596441093568,2.640461839005766,0.4893764429977024
2021_03_ATL_NYG,2021,3,0.602385746374641,2.991227072560934,0.4997407487828146
2021_03_CIN_PIT,2021,3,0.6016417652425322,2.6737405966734573,0.5051341152984664
2021_03_IND_TEN,2021,3,0.6695313324780706,4.632462477604818,0.5039143729589783
2021_03_NYJ_DEN,2021,3,0.8301793345544193,10.946509116021351,0.5131925105791342
2021_03_MIA_LV,2021,3,0.6621903365445384,4.2889940047723165,0.508539490541873
2021_03_TB_LA,2021,3,0.43693888959593713,-1.0837700575205271,0.49752450345835564
2021_03_SEA_MIN,2021,3,0.4035327109650247,-2.2278124927609517,0.49326816873266793
2021_03_GB_SF,2021,3,0.5850815692888552,3.5086369316598067,0.5002552323686652
2021_03_PHI_DAL,2021,3,0.5983300823172004,3.5479977879956284,0.5014183930855931
2021_04_JAX_CIN,2021,4,0.7597341245590848,7.959450398778111,0.5135747268108345
2021_04_WAS_ATL,2021,4,0.44127828070660974,-1.0727836501697543,0.4978491603919928
2021_04_HOU_BUF,2021,4,0.9378521489100544,19.74344832584182,0.5219587499366288
2021_04_DET_CHI,2021,4,0.5703658278389022,2.944549060100044,0.4983613583547932
2021_04_CAR_DAL,2021,4,0.6630093045992416,4.594604061950546,0.5027956482451947
2021_04_IND_MIA,2021,4,0.5840417225073077,2.3715767060645483,0.4962049845163852
2021_04_CLE_MIN,2021,4,0.45457077708301763,-1.1802483282640195,0.4946735894323774
2021_04_NYG_NO,2021,4,0.7683292291513961,8.06634607285502,0.5167313435735444
2021_04_TEN_NYJ,2021,4,0.25293366814092355,-6.1516978816737415,0.4807489707010833
2021_04_KC_PHI,2021,4,0.25935598613672833,-7.862998221178738,0.4892742303958622
2021_04_ARI_LA,2021,4,0.6079517175815384,3.6331914378401238,0.5039359136243554
2021_04_SEA_SF,2021,4,0.5645817178442681,2.525164313722238,0.5007436372509237
2021_04_BAL_DEN,2021,4,0.5198648602204521,0.7749407132239694,0.4933495180495775
2021_04_PIT_GB,2021,4,0.704330618985254,6.773533815613502,0.5080827213335093
2021_04_TB_NE,2021,4,0.27132055539837524,-6.517095636642042,0.4847228977615164
2021_04_LV_LAC,2021,4,0.5688187051780682,2.9545302985755177,0.49865631466085936
2021_05_LA_SEA,2021,5,0.40166675311240607,-2.5888666846544557,0.4973738946822818
2021_05_NYJ_ATL,2021,5,0.6235628577147379,3.3000968466172957,0.5088675156364458
2021_05_PHI_CAR,2021,5,0.5616117008011723,2.597602020791526,0.5028842395214632
2021_05_GB_CIN,2021,5,0.40494776175109193,-2.299336687899268,0.49115494249126157
2021_05_NE_HOU,2021,5,0.23020476977467003,-8.443340804649514,0.4869010662422912
2021_05_TEN_JAX,2021,5,0.31521709040147594,-4.494855613172363,0.4853796574029821
2021_05_DET_MIN,2021,5,0.7808672121738779,10.335688794209045,0.5099190113796102
2021_05_DEN_PIT,2021,5,0.45147139764865235,-2.131179826737417,0.4961235292090164
2021_05_MIA_TB,2021,5,0.8292107578541192,11.609782676034284,0.518013732999517
2021_05_NO_WAS,2021,5,0.4180211798398102,-2.837348181356571,0.4900319668388461
2021_05_CLE_LAC,2021,5,0.5641590234307892,2.3795958476835164,0.4964419503493306
2021_05_CHI_LV,2021,5,0.7069430356129782,5.7747882288977666,0.5081197832083416
2021_05_SF_ARI,2021,5,0.7079779077118123,6.131141882589635,0.5038753495457672
2021_05_NYG_DAL,2021,5,0.7410779938880245,7.889816157600647,0.5115179658337687
2021_05_BUF_KC,2021,5,0.5430083412575856,2.3568862013730323,0.495770883273337
2021_05_IND_BAL,2021,5,0.7612960790531941,7.863440428800569,0.5107388326764559
2021_06_TB_PHI,2021,6,0.24457566810673007,-7.546600835104132,0.48385165792242807
2021_06_MIA_JAX,2021,6,0.4098755740736115,-2.657139779538513,0.4953564232303822
2021_06_LAC_BAL,2021,6,0.6282405464409626,3.1986891261585053,0.5058713060402205
2021_06_MIN_CAR,2021,6,0.39913339252973784,-2.53226650108377,0.49904648449874095
2021_06_GB_CHI,2021,6,0.2921946930115417,-5.9189985403665855,0.4876200444166881
2021_06_CIN_DET,2021,6,0.3943461719607706,-3.7398677050022964,0.4929119752308233
2021_06_HOU_IND,2021,6,0.8114815479530415,11.002847849245647,0.5148563622084691
2021_06_LA_NYG,2021,6,0.24279291176810014,-8.000225500567359,0.4852210780920545
2021_06_KC_WAS,2021,6,0.2882447076708768,-6.329790219185389,0.490255246123168
2021_06_ARI_CLE,2021,6,0.5862651114689638,2.9936989469615556,0.4998137958239395
2021_06_LV_DEN,2021,6,0.6655570670896,5.078436958139875,0.5023178994734726
2021_06_DAL_NE,2021,6,0.372173922852692,-3.888260251227705,0.4885279941033024
2021_06_SEA_PIT,2021,6,0.6910050177802183,5.489924494927635,0.4997022559558068
2021_06_BUF_TEN,2021,6,0.2876358878869822,-6.450296697393931,0.48669562326798665
2021_07_DEN_CLE,2021,7,0.5558415854198121,2.0392981033024133,0.5011613076152218
2021_07_CIN_BAL,2021,7,0.7354739084116743,6.913031468916819,0.5122037046910488
2021_07_WAS_GB,2021,7,0.7702223615320912,8.907915669485025,0.512052596135791
2021_07_ATL_MIA,2021,7,0.4641262882781577,-1.5782596066940673,0.49768734140050513
2021_07_NYJ_NE,2021,7,0.7584884498763496,7.414938087067507,0.5122600212123243
2021_07_CAR_NYG,2021,7,0.39855935623889843,-3.1870588516638056,0.4944723483728758
2021_07_KC_TEN,2021,7,0.3411896830939433,-4.151432276252497,0.49552507624252323
2021_07_DET_LA,2021,7,0.9046463103597042,17.720474915413376,0.521280853486185
2021_07_PHI_LV,2021,7,0.529201499104351,1.1511470672354884,0.5044664959951813
2021_07_HOU_ARI,2021,7,0.9483851035425579,21.389028268906674,0.5262529465820348
2021_07_CHI_TB,2021,7,0.8644485772963899,13.146051252172557,0.5190843568070939
2021_07_IND_SF,2021,7,0.6306385671804837,3.560346397024649,0.5017833073383031
2021_07_NO_SEA,2021,7,0.30232381757553395,-6.323278470158388,0.49044762035814043
2021_08_GB_ARI,2021,8,0.6861449375895906,6.636498912867117,0.5040336488691435
2021_08_CAR_ATL,2021,8,0.5848477302601842,2.5127837220965725,0.5003777752950396
2021_08_MIA_BUF,2021,8,0.8948929983951304,15.686060342653208,0.5202652380948939
2021_08_SF_CHI,2021,8,0.32994292374974166,-4.916188846928132,0.48770303474031423
2021_08_PIT_CLE,2021,8,0.6794620990413367,5.703278958139389,0.506006926419182
2021_08_PHI_DET,2021,8,0.39586419614196533,-3.141694049541768,0.4958128363419917
2021_08_LA_HOU,2021,8,0.06984191947324549,-17.929108825961293,0.47256530442303357
2021_08_TEN_IND,2021,8,0.5423721495880655,2.871007078674916,0.4961881520629006
2021_08_CIN_NYJ,2021,8,0.1532310604976448,-12.14652753403717,0.4809015845735223
2021_08_NE_LAC,2021,8,0.5686160466859271,3.4473223502777515,0.4984433119721005
2021_08_JAX_SEA,2021,8,0.6343023829836607,4.333485312194201,0.5098539156614703
2021_08_WAS_DEN,2021,8,0.6428958731490209,4.120739376034916,0.5035679555455551
2021_08_TB_NO,2021,8,0.34571593394775196,-4.2670202936469765,0.492109723004475
2021_08_DAL_MIN,2021,8,0.6341312780338123,4.49000654781902,0.49970468072310753
2021_08_NYG_KC,2021,8,0.8209749329383211,10.948918567266764,0.5132636738023089
2021_09_NYJ_IND,2021,9,0.806675598470649,11.007395017985363,0.5149906428361204
2021_09_MIN_BAL,2021,9,0.747147078007216,7.819297362843464,0.5094347661379018
2021_09_NE_CAR,2021,9,0.3433120881322879,-3.6882908055890105,0.4944359460752056
2021_09_CLE_CIN,2021,9,0.5723491926539517,2.4323822543247577,0.4980018174174076
2021_09_DEN_DAL,2021,9,0.7944457838688755,10.812409491257483,0.5092312764206738
2021_09_BUF_JAX,2021,9,0.10294708217628497,-15.387437607584271,0.4737939578618079
2021_09_HOU_MIA,2021,9,0.6314979590882572,4.149799839722537,0.5044266861707095
2021_09_ATL_NO,2021,9,0.7331419140155072,7.327859305751436,0.5096877098374042
2021_09_LV_NYG,2021,9,0.3728196483733178,-3.3123751457182204,0.4907697382622735
2021_09_LAC_PHI,2021,9,0.47892523656538616,-1.038849846181458,0.49885193890099866
2021_09_GB_KC,2021,9,0.7420489897411532,7.176889497730583,0.505227161509008
2021_09_ARI_SF,2021,9,0.688472655082717,5.5408858016481,0.5012082259267111
2021_09_TEN_LA,2021,9,0.7167938206075017,7.179436821379558,0.5053024316282665
2021_09_CHI_PIT,2021,9,0.749374676414952,7.300334159915025,0.5088745268143042
2021_10_BAL_MIA,2021,10,0.1990585240455909,-9.102374692603663,0.4822049618857971
2021_10_ATL_DAL,2021,10,0.764518426258501,8.358837829044884,0.5106028686207701
2021_10_JAX_IND,2021,10,0.8076799807307986,11.022566640104031,0.5154386575782336
2021_10_CLE_NE,2021,10,0.584715356421359,2.394958820568242,0.4968959300127215
2021_10_BUF_NYJ,2021,10,0.12342736222628503,-13.812000691073123,0.4760188009519865
2021_10_DET_PIT,2021,10,0.7728366870736602,9.368541180846737,0.5108895110450148
2021_10_NO_TEN,2021,10,0.6099563635888199,3.1244651212524897,0.5036780515451991
2021_10_TB_WAS,2021,10,0.18709957070949068,-10.667737186537913,0.48027555435458
2021_10_CAR_ARI,2021,10,0.7529284572093876,7.539920880892594,0.5159511006513671
2021_10_MIN_LAC,2021,10,0.5916085331066403,3.035203486649729,0.5010403069130084
2021_10_PHI_DEN,2021,10,0.5365103084568402,1.1178586764547611,0.5034828305095967
2021_10_SEA_GB,2021,10,0.5964361490946863,3.0693787325355486,0.5020502213285225
2021_10_KC_LV,2021,10,0.3875477065065263,-2.627680021484578,0.49622694818064716
2021_10_LA_SF,2021,10,0.3645897553199791,-3.64426696883928,0.4957368075477391
2021_11_NE_ATL,2021,11,0.2456031042074113,-7.429218549380101,0.48731817907242364
2021_11_IND_BUF,2021,11,0.7589365052724067,7.82613549611396,0.5096367839975815
2021_11_WAS_CAR,2021,11,0.5822204520239685,3.58310060993472,0.5024557138863984
2021_11_BAL_CHI,2021,11,0.32581221174031844,-5.3170664250558195,0.49063114262064306
2021_11_DET_CLE,2021,11,0.8581641648700699,13.53980279359514,0.515947613809733
2021_11_SF_JAX,2021,11,0.2712618154644707,-7.03267731375318,0.484262787187524
2021_11_GB_MIN,2021,11,0.43657902227473644,-1.2323318188674128,0.49313463625515386
2021_11_MIA_NYJ,2021,11,0.37913983333753004,-3.798665765786545,0.49117476423617057
2021_11_NO_PHI,2021,11,0.587204291784514,2.381831041043628,0.496508000595653
2021_11_HOU_TEN,2021,11,0.8295886268566278,11.168901060769366,0.5197587974989198
2021_11_CIN_LV,2021,11,0.44787774181387807,-0.979069290112515,0.5006185290213017
2021_11_DAL_KC,2021,11,0.5753551880850497,2.5351411954060104,0.5010384661332694
2021_11_ARI_SEA,2021,11,0.5937771030667329,2.53261233512182,0.5009637353102563
2021_11_PIT_LAC,2021,11,0.6654225429469824,5.566595517686583,0.5019679748102637
2021_11_NYG_TB,2021,11,0.8424420170899534,12.185382561289337,0.5202452346096499
2021_12_CHI_DET,2021,12,0.4380222396011284,-2.245496846560034,0.4927456537693632
2021_12_LV_DAL,2021,12,0.7297938459021173,7.255322537309488,0.5075446580163575
2021_12_BUF_NO,2021,12,0.2729602453942542,-7.269567096210965,0.4920344765899766
2021_12_PIT_CIN,2021,12,0.6244800649877389,3.5795232520758224,0.5023500003003987
2021_12_NYJ_HOU,2021,12,0.6093120912691828,3.1787241744257506,0.5052813738513837
2021_12_TB_IND,2021,12,0.3706569384944067,-3.2575434460113364,0.49238972312783147
2021_12_ATL_JAX,2021,12,0.4506421865224098,-1.5918111392585468,0.49728688422809125
2021_12_CAR_MIA,2021,12,0.47982347405995923,-1.1511929689858875,0.49553214763437925
2021_12_TEN_NE,2021,12,0.7384345906419704,7.61389893904972,0.5033658195117897
2021_12_PHI_NYG,2021,12,0.3448924002771948,-4.367664842950806,0.4891363762363747
2021_12_LAC_DEN,2021,12,0.4262391480566202,-2.5566370255449486,0.49832630830780067
2021_12_LA_GB,2021,12,0.4284807663125587,-1.9625475893840028,0.5011067652542028
2021_12_MIN_SF,2021,12,0.6130358129450021,3.6801869487579006,0.5053245968862626
2021_12_CLE_BAL,2021,12,0.6300932464775469,3.1843060395037197,0.5054463101986839
2021_12_SEA_WAS,2021,12,0.46226054325713295,-1.1392850757567665,0.49588402074613214
2021_13_DAL_NO,2021,13,0.3100673092549305,-6.131965227336163,0.49610032071826604
2021_13_TB_ATL,2021,13,0.15649704705457557,-11.71534658559223,0.4788704810880623
2021_13_ARI_CHI,2021,13,0.25999308609558663,-7.94442404625936,0.48686907236521215
2021_13_LAC_CIN,2021,13,0.6015301272884439,2.5791708833037355,0.5023395875320011
2021_13_MIN_DET,2021,13,0.26981928726477156,-7.421064735382214,0.48755901525594464
2021_13_IND_HOU,2021,13,0.18515975584545433,-10.629741812331932,0.48139707024314693
2021_13_NYG_MIA,2021,13,0.7276398819877599,6.760330815077493,0.5076926320455172
2021_13_PHI_NYJ,2021,13,0.3026784913600258,-5.522085273818689,0.4845755567683895
2021_13_JAX_LA,2021,13,0.8874740012159761,14.602198908809212,0.5177898486451844
2021_13_WAS_LV,2021,13,0.5208290532615876,0.9880560417569583,0.4996470407913435
2021_13_BAL_PIT,2021,13,0.3416125241335567,-4.430188087292058,0.48728954249621326
2021_13_SF_SEA,2021,13,0.3953376578465755,-3.2688381142438856,0.4920560146575864
2021_13_DEN_KC,2021,13,0.7661552178166323,8.80136302770687,0.5089049236256844
2021_13_NE_BUF,2021,13,0.602438214205695,3.1484370795150824,0.5043864173188982
2021_14_PIT_MIN,2021,14,0.6121386411435504,3.657736360224603,0.5046612052937148
2021_14_ATL_CAR,2021,14,0.5823397083281517,2.6482021970008494,0.5043794766588493
2021_14_BAL_CLE,2021,14,0.5611563818141585,2.8311715591440865,0.4950110335094362
2021_14_SEA_HOU,2021,14,0.1716155670185774,-10.671808594623409,0.4801553870174085
2021_14_LV_KC,2021,14,0.8042355602246719,10.365269435047013,0.5107928624704084
2021_14_NO_NYJ,2021,14,0.3188747955103525,-4.9629985800197485,0.4863204810682068
2021_14_JAX_TEN,2021,14,0.7853527791245678,9.084296069215362,0.517261307436562
2021_14_DAL_WAS,2021,14,0.2864192885526992,-6.716496845920373,0.49360251529834837
2021_14_DET_DEN,2021,14,0.8487151388392906,13.389152317753883,0.51149835667922
2021_14_NYG_LAC,2021,14,0.8101269068824657,9.9664383893747,0.5137811094916045
2021_14_SF_CIN,2021,14,0.4219162963332719,-2.7286180832480738,0.49324436590394893
2021_14_BUF_TB,2021,14,0.6013114267450975,3.5608576127230984,0.5017984142643487
2021_14_CHI_GB,2021,14,0.8379730280654386,12.065155985602322,0.5166962058405394
2021_14_LA_ARI,2021,14,0.5503738590608117,2.9834005430275012,0.49950946492227
2021_15_KC_LAC,2021,15,0.36486946155250116,-3.29220871656034,0.49136553261733895
2021_15_NE_IND,2021,15,0.43485877984446647,-1.1199240035947111,0.49645613879658657
2021_15_CAR_BUF,2021,15,0.8880579721975854,14.530271442417847,0.5156661713091434
2021_15_ARI_DET,2021,15,0.13854540039546123,-13.694074833581851,0.47949823265339625
2021_15_HOU_JAX,2021,15,0.710789053986429,6.128574727206954,0.5037994903279099
2021_15_NYJ_MIA,2021,15,0.8299300025065642,10.969184750676995,0.5138622192700233
2021_15_DAL_NYG,2021,15,0.16318215235792424,-12.060282726353195,0.4834476801546268
2021_15_TEN_PIT,2021,15,0.5218643834093216,0.6587584694239543,0.4899169497181049
2021_15_CIN_DEN,2021,15,0.5948663578900854,3.078005512946464,0.502305149929763
2021_15_ATL_SF,2021,15,0.8012872144719058,9.985986869243508,0.5143584327429426
2021_15_GB_BAL,2021,15,0.22821371345300995,-9.799927115514564,0.4911374988964927
2021_15_NO_TB,2021,15,0.8330344069356619,11.955291802798861,0.5134519054849936
2021_15_LV_CLE,2021,15,0.4102473458054277,-2.844804334355504,0.5045861295594439
2021_15_MIN_CHI,2021,15,0.27272610000342734,-7.377621781680071,0.4888422480333549
2021_15_SEA_LA,2021,15,0.7548631785603378,7.78520001093973,0.5084273985183937
2021_15_WAS_PHI,2021,15,0.7906871087698321,10.194934535791587,0.5057603648794341
2021_16_SF_TEN,2021,16,0.3787547273740447,-3.7130049165644436,0.4937056932250081
2021_16_CLE_GB,2021,16,0.7554488952022365,7.857996378943188,0.5105780114552848
2021_16_IND_ARI,2021,16,0.6007042195804825,2.8972165943942625,0.4969626481427667
2021_16_DET_ATL,2021,16,0.7331607705382504,7.683708443425392,0.5054286521099787
2021_16_TB_CAR,2021,16,0.15551984855884998,-12.101108965003075,0.4822423286181042
2021_16_BAL_CIN,2021,16,0.7130815919678546,7.391353774634726,0.4967893996275559
2021_16_LAC_HOU,2021,16,0.1146510810540745,-14.250350877186735,0.47783758278469446
2021_16_LA_MIN,2021,16,0.3428952658975874,-3.749981901634609,0.49261313696667736
2021_16_BUF_NE,2021,16,0.5334132401272148,0.8511973310365484,0.49560277969959327
2021_16_JAX_NYJ,2021,16,0.5836104422905427,2.495072638402279,0.4998543901608509
2021_16_NYG_PHI,2021,16,0.8359817464001359,11.457793762531567,0.5135257993309174
2021_16_CHI_SEA,2021,16,0.7348290559646081,7.372392997181244,0.5110032942966665
2021_16_PIT_KC,2021,16,0.8215734929402271,11.117779724546352,0.5182498118916312
2021_16_DEN_LV,2021,16,0.46896720460689534,-1.0649434069345605,0.4980808465977984
2021_16_WAS_DAL,2021,16,0.7897999447270998,10.796592604893664,0.5087639860928949
2021_16_MIA_NO,2021,16,0.42942889135722784,-2.8855447873739224,0.5033822575200979
2021_17_LA_BAL,2021,17,0.2763037640265176,-7.3007781274774075,0.4911123566270144
2021_17_ATL_BUF,2021,17,0.886575659431571,14.711283129464537,0.5210096060897917
2021_17_NYG_CHI,2021,17,0.7582251475932228,7.199979650054835,0.5059094385161981
2021_17_KC_CIN,2021,17,0.37209159566352396,-3.84029112424122,0.48994502649577226
2021_17_LV_IND,2021,17,0.7527430234568435,8.83314806143473,0.5098439525070808
2021_17_JAX_NE,2021,17,0.9314941360474046,18.267641167895952,0.5226725605082966
2021_17_TB_NYJ,2021,17,0.09703824165200317,-15.48052634463532,0.4710496475051481
2021_17_MIA_TEN,2021,17,0.6095635178027805,3.150751459642263,0.5044548060152011
2021_17_PHI_WAS,2021,17,0.2927392651585994,-6.812559716422654,0.49076428542250866
2021_17_DEN_LAC,2021,17,0.7420570017638616,8.172314487988375,0.5050919754227184
2021_17_HOU_SF,2021,17,0.8841816365348957,14.718565761707453,0.5212245156255363
2021_17_ARI_DAL,2021,17,0.681195809067852,6.559222559322762,0.5017500968213309
2021_17_CAR_NO,2021,17,0.75630365430506,7.239959189653378,0.5070907278308431
2021_17_DET_SEA,2021,17,0.7852002544599633,8.975243118762194,0.5140411423091408
2021_17_MIN_GB,2021,17,0.8646126364393789,13.453036663428433,0.513385300931226
2021_17_CLE_PIT,2021,17,0.47549332174300707,-1.2685657546061813,0.4920640616393923
2021_18_KC_DEN,2021,18,0.1616945465447648,-12.118564196406252,0.48172703025186037
2021_18_DAL_PHI,2021,18,0.3082308169975525,-6.620959621346375,0.49642553618434604
2021_18_PIT_BAL,2021,18,0.6292918669550374,3.2310078514510385,0.5068262445735285
2021_18_CIN_CLE,2021,18,0.6762930570117511,6.454352081950984,0.49865104816147143
2021_18_GB_DET,2021,18,0.31171141864368956,-4.826330396188011,0.4755961187036491
2021_18_TEN_HOU,2021,18,0.16441856021251286,-11.194542556380316,0.4794844291137658
2021_18_IND_JAX,2021,18,0.11538493582144096,-14.829863409503051,0.47549190987376927
2021_18_CHI_MIN,2021,18,0.6280505184853613,3.7242740756954755,0.5066272811709146
2021_18_WAS_NYG,2021,18,0.29743578757386474,-6.299862714548603,0.49113940155795016
2021_18_SEA_ARI,2021,18,0.6605474002408783,5.581174606829397,0.5023987990827977
2021_18_NO_ATL,2021,18,0.33046049817508566,-4.805256323013579,0.49098005354933244
2021_18_NYJ_BUF,2021,18,0.9203910991189708,16.89756312672764,0.5265046109945475
2021_18_SF_LA,2021,18,0.6197476210345705,3.029758878399763,0.5008794122367543
2021_18_NE_MIA,2021,18,0.2644884904522227,-6.48439584425134,0.48568855372631103
2021_18_CAR_TB,2021,18,0.8483017889970075,11.686633657737968,0.520282158407911
2021_18_LAC_LV,2021,18,0.3702197102704576,-3.676625844587387,0.4947806291110522
2021_19_LV_CIN,2021,19,0.7137494283361142,6.169589350393435,0.5050114505751764
2021_19_NE_BUF,2021,19,0.6371708672209135,4.629710927119546,0.5038330649534288
2021_19_PHI_TB,2021,19,0.7549612111608972,7.906167910180412,0.5120009710826292
2021_19_SF_DAL,2021,19,0.5923358964446858,2.9776620395088558,0.49933988497545584
2021_19_PIT_KC,2021,19,0.867729413726925,13.681161429888158,0.5201206544416714
2021_19_ARI_LA,2021,19,0.6458354201685524,4.14369778990401,0.5042463734427668
2021_20_CIN_TEN,2021,20,0.5924027312750664,4.054206197977228,0.5016018582314647
2021_20_SF_GB,2021,20,0.6717971188373566,5.54488622412084,0.5013264429345017
2021_20_LA_TB,2021,20,0.5931510630433495,2.629090894855918,0.5038147430480813
2021_20_BUF_KC,2021,20,0.5514758834656187,2.4286435778664917,0.49789133620633297
2021_21_CIN_KC,2021,21,0.7206321602199668,7.40543590836067,0.5119793492624691
2021_21_SF_LA,2021,21,0.6227295146576863,3.560692611487204,0.5017935383160316
2021_22_LA_CIN,2021,22,0.35645604639408524,-4.762582696042307,0.4922408344686734
2022_01_BUF_LA,2022,1,0.42652944146743577,-1.1766130937462917,0.494781005882482
2022_01_NO_ATL,2022,1,0.29063419070831387,-6.35442711133153,0.48952742825988654
2022_01_CLE_CAR,2022,1,0.5960142080516686,2.5023713487509767,0.500070076390628
2022_01_SF_CHI,2022,1,0.2956180982778252,-6.91922016208092,0.4876134983666507
2022_01_PIT_CIN,2022,1,0.744413937446405,7.756096544686334,0.5075675268223074
2022_01_PHI_DET,2022,1,0.28740890000016867,-6.31300242139992,0.49075120643463405
2022_01_IND_HOU,2022,1,0.25825255124154145,-7.47504560607847,0.48596469082946636
2022_01_NE_MIA,2022,1,0.541156004463842,2.742310925568114,0.49238542040508276
2022_01_BAL_NYJ,2022,1,0.2616123269532605,-6.906863571030278,0.48797848056700555
2022_01_JAX_WAS,2022,1,0.6471665656914003,3.309518921338226,0.5091458790379092
2022_01_KC_ARI,2022,1,0.27231005433047883,-6.330520213627958,0.4902336803031266
2022_01_LV_LAC,2022,1,0.6073408582966243,3.640087315610856,0.5041396851993947
2022_01_GB_MIN,2022,1,0.5459801033994508,2.1985767517377126,0.49109329722326023
2022_01_NYG_TEN,2022,1,0.6960749143670213,5.9630107100467935,0.5136798771788614
2022_01_TB_DAL,2022,1,0.3947744858969625,-2.6909015694682443,0.49435880226907797
2022_01_DEN_SEA,2022,1,0.3084599678615815,-5.948364347065417,0.5015258959188515
2022_02_LAC_KC,2022,2,0.6442685763950005,4.355984111287975,0.5105185671578193
2022_02_MIA_BAL,2022,2,0.6353000407450322,3.141015760345272,0.5041671204427853
2022_02_NYJ_CLE,2022,2,0.7079145445643577,6.763277633778805,0.5077796979363658
2022_02_WAS_DET,2022,2,0.447321331872463,-1.1496991890195347,0.4955762880034161
2022_02_IND_JAX,2022,2,0.3852761586879988,-3.3774198975365524,0.4888482116359484
2022_02_TB_NO,2022,2,0.4028900271723577,-2.8139708719480483,0.4907225951962945
2022_02_CAR_NYG,2022,2,0.4608068159318856,-1.1409837056511958,0.4958338267627907
2022_02_NE_PIT,2022,2,0.3892328042709817,-3.2169465373584862,0.4935892280529961
2022_02_ATL_LA,2022,2,0.8031361509489237,10.924487446287293,0.5125420806457145
2022_02_SEA_SF,2022,2,0.7487526199921208,8.510096915679801,0.5002983767548725
2022_02_CIN_DAL,2022,2,0.2636088524932594,-7.581446782448525,0.4975931579251522
2022_02_HOU_DEN,2022,2,0.8218510050258712,10.846922852466038,0.5102508860914815
2022_02_ARI_LV,2022,2,0.6517793369417819,5.4900369622942655,0.499705579509537
2022_02_CHI_GB,2022,2,0.8128557450092637,10.881020557280776,0.5112581504962747
2022_02_TEN_BUF,2022,2,0.8113466028970377,10.443621868595102,0.5131072350766643
2022_02_MIN_PHI,2022,2,0.5696535230994689,2.4388770217581563,0.4981937439249249
2022_03_PIT_CLE,2022,3,0.6418516207504845,4.636476215037721,0.5040329781535107
2022_03_NO_CAR,2022,3,0.4269948951356619,-2.169705109019271,0.4949851288793457
2022_03_HOU_CHI,2022,3,0.6170862270095294,3.0703243922273256,0.5020781664088027
2022_03_KC_IND,2022,3,0.3006494145861062,-4.985845865832989,0.4856457313900234
2022_03_BUF_MIA,2022,3,0.2882506288589856,-4.498584966861136,0.48526952480244057
2022_03_DET_MIN,2022,3,0.6885958038071931,6.696818039403006,0.5058160189635517
2022_03_BAL_NE,2022,3,0.40746942122837726,-2.4523763385366646,0.5014073372370051
2022_03_CIN_NYJ,2022,3,0.27788997947165994,-6.8033206123322545,0.4910372417487068
2022_03_LV_TEN,2022,3,0.450035326556203,-1.45848561120505,0.5012268013950043
2022_03_PHI_WAS,2022,3,0.32130672034817637,-6.225485199032559,0.49333693354941865
2022_03_JAX_LAC,2022,3,0.726917629973008,6.809783812708076,0.509153704858056
2022_03_LA_ARI,2022,3,0.3834778031428694,-3.7435050594056594,0.4928045039766043
2022_03_ATL_SEA,2022,3,0.5290710181688661,1.219596501591596,0.5064890715470776
2022_03_GB_TB,2022,3,0.5454290177483226,1.1308736382996951,0.5038674229568831
2022_03_SF_DEN,2022,3,0.4536230224387088,-1.2562857097021989,0.4924268841158251
2022_03_DAL_NYG,2022,3,0.5197183887526494,0.6534993113999475,0.4897615852775087
2022_04_MIA_CIN,2022,4,0.6181683587615611,3.9439530306284456,0.49834374507115553
2022_04_MIN_NO,2022,4,0.37112289342281074,-4.07178280928173,0.4978787360973821
2022_04_CLE_ATL,2022,4,0.46994864626688587,-1.2062039250290315,0.49390664700535064
2022_04_BUF_BAL,2022,4,0.3699485714834626,-3.4109987171596257,0.4878563377555748
2022_04_WAS_DAL,2022,4,0.599336290015426,3.1734867022860134,0.5051266130147393
2022_04_SEA_DET,2022,4,0.5698555232618612,2.8525847954557872,0.4956437785816997
2022_04_LAC_HOU,2022,4,0.30365012449012263,-5.818159134679036,0.4905988605880956
2022_04_TEN_IND,2022,4,0.6598808598878737,4.455510006595328,0.4986852661261959
2022_04_CHI_NYG,2022,4,0.6061088594954479,2.9384041595785244,0.4981797703865754
2022_04_JAX_PHI,2022,4,0.700314877077672,6.6048949878159755,0.5030997499684924
2022_04_NYJ_PIT,2022,4,0.6183740452351625,3.1839454267680565,0.5054356546218758
2022_04_ARI_CAR,2022,4,0.5262915017279355,1.0030110394840521,0.500088980070236
2022_04_NE_GB,2022,4,0.7994100650908841,10.265547496012887,0.5078467624060617
2022_04_DEN_LV,2022,4,0.5701778348565432,2.436974871700367,0.49813753355016716
2022_04_KC_TB,2022,4,0.5170082819058048,0.9564117647839259,0.4987119140931515
2022_04_LA_SF,2022,4,0.5458564928498897,0.9539331436979307,0.4986386680712651
2022_05_IND_DEN,2022,5,0.60961629914349,3.5243993365456125,0.5007210312342525
2022_05_NYG_GB,2022,5,0.7762118013823476,8.953500205855711,0.5133989914843746
2022_05_PIT_BUF,2022,5,0.8904318289780756,14.672762508922125,0.5198727674389101
2022_05_LAC_CLE,2022,5,0.46161579522847146,-1.0791295294265664,0.4976616345069997
2022_05_HOU_JAX,2022,5,0.7153649672179904,7.309927829718348,0.5091579596241871
2022_05_CHI_MIN,2022,5,0.8007686045748028,10.301179943668268,0.508899514605064
2022_05_DET_NE,2022,5,0.5845180840556861,3.1394886168769625,0.5041219938339087
2022_05_SEA_NO,2022,5,0.6600667128326148,5.425829057574651,0.49780816473730793
2022_05_MIA_NYJ,2022,5,0.38929411388458807,-3.3970448921040717,0.48826850650654047
2022_05_ATL_TB,2022,5,0.8078622671062919,10.934791743751742,0.5128464316496661
2022_05_TEN_WAS,2022,5,0.47092157386134764,-1.2641269449606802,0.492195208618826
2022_05_SF_CAR,2022,5,0.3089613271860059,-6.387461480456999,0.4885515890619277
2022_05_PHI_ARI,2022,5,0.3377423497191234,-5.609048130485651,0.4967775232028363
2022_05_DAL_LA,2022,5,0.6817215408288341,5.6697768917310665,0.505016992224002
2022_05_CIN_BAL,2022,5,0.6102604317530835,3.045201731218251,0.5013357665211893
2022_05_LV_KC,2022,5,0.7371670716500728,7.9235051759965165,0.5125130676141669
2022_06_WAS_CHI,2022,6,0.467513545625266,-1.15348282292334,0.4954644838276558
2022_06_SF_ATL,2022,6,0.3594037168930015,-3.9723526116317367,0.4860442232860809
2022_06_NE_CLE,2022,6,0.572752528134272,2.433015475740266,0.4980205296882478
2022_06_NYJ_GB,2022,6,0.7511253055396045,7.921710154272197,0.512460048409218
2022_06_JAX_IND,2022,6,0.5517988656054078,0.9979684008515565,0.4999399636448828
2022_06_MIN_MIA,2022,6,0.38046412229660437,-2.996708564552583,0.5000972661296428
2022_06_CIN_NO,2022,6,0.39806094849116086,-3.0626602839395867,0.4981483150512041
2022_06_BAL_NYG,2022,6,0.3013426945624035,-5.814373254861961,0.4907107074856727
2022_06_TB_PIT,2022,6,0.1851042237593192,-10.508884940267768,0.48496535923181766
2022_06_CAR_LA,2022,6,0.803101694428746,10.373665406943733,0.5110408812819854
2022_06_ARI_SEA,2022,6,0.41188360321455547,-2.4837790394605928,0.5004793500319095
2022_06_BUF_KC,2022,6,0.37568575641600244,-2.6353194427023747,0.49600120421772
2022_06_DAL_PHI,2022,6,0.6975403826399377,6.583448216494866,0.5024659859097697
2022_06_DEN_LAC,2022,6,0.6025418813741502,3.660914495198852,0.5047551167096664
2022_07_NO_ARI,2022,7,0.5787045263207492,2.4546994443210504,0.49866131310590484
2022_07_CLE_BAL,2022,7,0.7248680978424074,6.748317007034728,0.5073376716449681
2022_07_TB_CAR,2022,7,0.13492627410923017,-13.555226469568012,0.4835969715436518
2022_07_ATL_CIN,2022,7,0.7012141684670982,6.712552085107045,0.5062809266878378
2022_07_DET_DAL,2022,7,0.7222372132964832,7.439761054414955,0.5129932041251986
2022_07_NYG_JAX,2022,7,0.5933688738529036,3.119749771730758,0.5035387126316635
2022_07_IND_TEN,2022,7,0.5694707325977113,2.7100453638517132,0.5062068589391934
2022_07_GB_WAS,2022,7,0.35874740846682784,-4.223849851649418,0.49338525346611023
2022_07_NYJ_DEN,2022,7,0.4495235910300158,-1.980274946659187,0.5005829003674743
2022_07_HOU_LV,2022,7,0.7178573981276642,7.340988305734011,0.5100755695521334
2022_07_SEA_LAC,2022,7,0.6310597947893629,5.510183751370431,0.5003009428599591
2022_07_KC_SF,2022,7,0.46275695761715246,-1.1866609104993593,0.49448410691721895
2022_07_PIT_MIA,2022,7,0.7298886648594382,7.801280786655613,0.5089024939026544
2022_07_CHI_NE,2022,7,0.7996979166890196,9.977893368791362,0.5141194118054268
2022_08_BAL_TB,2022,8,0.5665351191720706,2.0310650630690374,0.5009180115677287
2022_08_DEN_JAX,2022,8,0.5338017217025348,1.0175388218339367,0.5005182944896059
2022_08_CAR_ATL,2022,8,0.6549990112259072,4.518012484832583,0.5005322918253841
2022_08_CHI_DAL,2022,8,0.8239989514692,10.92312660812313,0.5125018859474393
2022_08_MIA_DET,2022,8,0.3640669291015426,-3.831059007505412,0.49021776303340886
2022_08_ARI_MIN,2022,8,0.6384940420459044,4.078285471710597,0.5023134229309941
2022_08_LV_NO,2022,8,0.45314041372682373,-1.0427146058028502,0.49873773082869455
2022_08_NE_NYJ,2022,8,0.4017082621552314,-3.2185240942747946,0.4935426152899061
2022_08_PIT_PHI,2022,8,0.8230869240442419,11.448022652612487,0.5132372129822135
2022_08_TEN_HOU,2022,8,0.48895450325807804,-1.3118852294265058,0.4907842120466629
2022_08_WAS_IND,2022,8,0.6010284763788715,2.9960047783720247,0.4998819360886142
2022_08_SF_LA,2022,8,0.4574951891405536,-0.9779393299972089,0.5006519207467521
2022_08_NYG_SEA,2022,8,0.5980974219661456,3.1945706892265164,0.5057496138664728
2022_08_GB_BUF,2022,8,0.8192337519842113,11.022120856005744,0.5154254939447137
2022_08_CIN_CLE,2022,8,0.37823402074586565,-3.29198096588968,0.4913722613659857
2022_09_PHI_HOU,2022,9,0.12557835799693212,-14.69494900810751,0.4794724338396473
2022_09_LAC_ATL,2022,9,0.4190850882319948,-2.6028533998042893,0.49696057978459446
2022_09_MIA_CHI,2022,9,0.3652929833549412,-4.2862954389940455,0.49154023743112313
2022_09_CAR_CIN,2022,9,0.7271811236965607,7.261575466634278,0.507729406221339
2022_09_GB_DET,2022,9,0.34227831604347825,-4.260529205675287,0.49230150634916314
2022_09_LV_JAX,2022,9,0.3956198140407056,-2.5722946855191355,0.4978636097147148
2022_09_IND_NE,2022,9,0.6706996065447639,5.168878650092004,0.5049904501217041
2022_09_BUF_NYJ,2022,9,0.15507421476387867,-11.747854189108814,0.47791124961431314
2022_09_MIN_WAS,2022,9,0.3903038278327844,-3.2026109784274652,0.4940128110059818
2022_09_SEA_ARI,2022,9,0.5119566036165063,1.346959381156052,0.4954775506821526
2022_09_LA_TB,2022,9,0.6216313270290512,3.0381968267166193,0.501128763616502
2022_09_TEN_KC,2022,9,0.8943288342118967,14.486497412755504,0.514373510174146
2022_09_BAL_NO,2022,9,0.45396870234525694,-0.9942512063254051,0.5001698842065767
2022_10_ATL_CAR,2022,10,0.40998401683369295,-2.6533222027181846,0.4954692300538877
2022_10_SEA_TB,2022,10,0.591908340500922,2.4563079230731066,0.49870884545370964
2022_10_MIN_BUF,2022,10,0.7211709266143813,6.913209524942522,0.5122089640113958
2022_10_DET_CHI,2022,10,0.5791395944983806,3.0130638359211117,0.5003860530133155
2022_10_JAX_KC,2022,10,0.7946913599615938,10.468513000146606,0.513842380149992
2022_10_CLE_MIA,2022,10,0.5891668453370565,3.0576207655013827,0.5017027622068252
2022_10_HOU_NYG,2022,10,0.6831984023672173,5.816470325865336,0.5093512467339085
2022_10_NO_PIT,2022,10,0.5032131787602941,0.6395857948446009,0.48935056397323096
2022_10_DEN_TEN,2022,10,0.5823528423538187,2.781077361846823,0.5083055957530992
2022_10_IND_LV,2022,10,0.6535459480917368,4.570497819828855,0.5020832913467133
2022_10_DAL_GB,2022,10,0.3702850904918015,-3.785806677008184,0.49155467773142286
2022_10_ARI_LA,2022,10,0.6194213125374674,3.566214572413713,0.5019567175260181
2022_10_LAC_SF,2022,10,0.7794600300478168,8.783483235664976,0.5083766768634113
2022_10_WAS_PHI,2022,10,0.8130762213227477,11.360185141537865,0.5106426693140415
2022_11_TEN_GB,2022,11,0.6173093496663802,2.8750534411925996,0.4963077219657918
2022_11_CHI_ATL,2022,11,0.5749491382164753,2.9430678503738537,0.498317587090585
2022_11_CAR_BAL,2022,11,0.8608504221827387,13.433044730443655,0.5127948318313533
2022_11_CLE_BUF,2022,11,0.7575036325921048,8.051429462808503,0.5162909162579908
2022_11_WAS_HOU,2022,11,0.3974594287649179,-3.35561035688582,0.48949247392792083
2022_11_PHI_IND,2022,11,0.27157476203442316,-6.9654325166979465,0.4862485976347279
2022_11_NYJ_NE,2022,11,0.6256940920991673,3.7000307994366666,0.50591094988003
2022_11_LA_NO,2022,11,0.5919388093326106,2.4611952020124246,0.498853270127285
2022_11_DET_NYG,2022,11,0.5894255717893175,3.1283218118087452,0.5037920166924528
2022_11_LV_DEN,2022,11,0.5665288033842515,2.4922955817908234,0.49977232459239324
2022_11_DAL_MIN,2022,11,0.42744866059400516,-1.6517676418543095,0.4955151663845706
2022_11_CIN_PIT,2022,11,0.3631636172252063,-3.936343024854667,0.4871077498623968
2022_11_KC_LAC,2022,11,0.2853936541495143,-6.0165587398629095,0.4847387521260399
2022_11_SF_ARI,2022,11,0.18603365733975258,-10.368539866398349,0.48911052778414615
2022_12_BUF_DET,2022,12,0.17345168929593896,-10.66635949423535,0.48031621725714535
2022_12_NYG_DAL,2022,12,0.8214758045503633,10.972956550952734,0.5139736129587134
2022_12_NE_MIN,2022,12,0.5815514129002894,2.3844918380356974,0.4965866276077477
2022_12_DEN_CAR,2022,12,0.47364119780455033,-1.12573416557101,0.4962844481809085
2022_12_TB_CLE,2022,12,0.3851676756713318,-3.2217587954386246,0.49344703843853643
2022_12_BAL_JAX,2022,12,0.37710207956481157,-3.773251324233562,0.49192562493672354
2022_12_HOU_MIA,2022,12,0.8602398748632317,14.563978761734651,0.5166614477757946
2022_12_CHI_NYJ,2022,12,0.7663766546947285,8.557770775716705,0.5017071951602212
2022_12_CIN_TEN,2022,12,0.45433123005658926,-1.0441671038272893,0.49869480787507586
2022_12_ATL_WAS,2022,12,0.621825108156926,3.6651373727458427,0.5048798990472656
2022_12_LAC_ARI,2022,12,0.3976070852406715,-2.6009694528941636,0.49701625124094545
2022_12_LV_SEA,2022,12,0.6343094924680822,4.238259354402986,0.5070405034019025
2022_12_LA_KC,2022,12,0.9093944977979336,17.019660863070754,0.5153528520981444
2022_12_NO_SF,2022,12,0.801021463100373,9.827826673043317,0.5096867457834233
2022_12_GB_PHI,2022,12,0.6908358537001047,6.708658888077839,0.5061658917316499
2022_12_PIT_IND,2022,12,0.6104375380042836,2.6093092060467336,0.5032301916618802
2022_13_BUF_NE,2022,13,0.34808503749284364,-3.8965978248575404,0.4882817122097224
2022_13_PIT_ATL,2022,13,0.4875713718315498,-1.039077794674593,0.4988452027593025
2022_13_DEN_BAL,2022,13,0.7930984430855635,9.91640815744242,0.5123034430854405
2022_13_GB_CHI,2022,13,0.3571105968432695,-4.178547122793056,0.4947238577929616
2022_13_JAX_DET,2022,13,0.5038335433166693,0.8846244516464187,0.49659054636641387
2022_13_CLE_HOU,2022,13,0.26339132197993176,-7.965013090371234,0.48626098486210667
2022_13_NYJ_MIN,2022,13,0.5765413402700559,3.0044967840979275,0.5001328857236538
2022_13_WAS_NYG,2022,13,0.4221581222577042,-2.610803869287578,0.4967256405938934
2022_13_TEN_PHI,2022,13,0.6570605123555555,5.049493422805309,0.5014625907205333
2022_13_SEA_LA,2022,13,0.24818063300201407,-7.3165674774310885,0.4906458831019506
2022_13_MIA_SF,2022,13,0.66907014885044,4.674088723392681,0.5051444020350001
2022_13_KC_CIN,2022,13,0.3871984125950068,-2.6760364388880515,0.4947980453182179
2022_13_LAC_LV,2022,13,0.5794676195340105,2.513386783035616,0.5003955965093513
2022_13_IND_DAL,2022,13,0.8243349616782899,11.50092397366064,0.514799548497318
2022_13_NO_TB,2022,13,0.6332466938914353,3.6423422691179463,0.5042063183162941
2022_14_LV_LA,2022,14,0.28238096683739794,-6.579387047497098,0.49765402464953595
2022_14_NYJ_BUF,2022,14,0.8047112801932719,10.549128401269716,0.516222973410872
2022_14_CLE_CIN,2022,14,0.6519381242226738,4.76006643254763,0.5076848206543882
2022_14_HOU_DAL,2022,14,0.9125953630931056,17.86244291852121,0.5254689668148442
2022_14_MIN_DET,2022,14,0.5730641700696979,2.4555128503742942,0.49868535016304816
2022_14_PHI_NYG,2022,14,0.2604428454621164,-7.9362353996936745,0.4871109286632086
2022_14_BAL_PIT,2022,14,0.5483153627139664,1.2692508659111572,0.4931813997376959
2022_14_JAX_TEN,2022,14,0.5950201593460417,3.2410681571887734,0.5071234940405452
2022_14_KC_DEN,2022,14,0.224760929886509,-9.112134467208923,0.48191683969523674
2022_14_CAR_SEA,2022,14,0.6513998801773473,3.8208507636133247,0.5094806582186536
2022_14_TB_SF,2022,14,0.6198303136884832,3.567638621728886,0.5019987994889588
2022_14_MIA_LAC,2022,14,0.36840283079859903,-3.2476681851661873,0.4926814986369746
2022_14_NE_ARI,2022,14,0.41097091448859974,-2.244443946876264,0.4927767631805455
2022_15_SF_SEA,2022,15,0.4029116980659531,-3.2366722380014474,0.49300639066398033
2022_15_IND_MIN,2022,15,0.6309111509847587,3.7258455669701167,0.5066737142966864
2022_15_BAL_CLE,2022,15,0.5982879157267825,2.39407229857589,0.4968697329527986
2022_15_MIA_BUF,2022,15,0.7493538233504164,7.378584859993554,0.5111862010032632
2022_15_PIT_CAR,2022,15,0.5993845349081262,2.478254056895486,0.4993573798237101
2022_15_PHI_CHI,2022,15,0.22533071302117835,-9.070656792434407,0.48314138204692597
2022_15_KC_HOU,2022,15,0.12096672658872368,-15.367616628973996,0.4743784569628359
2022_15_DAL_JAX,2022,15,0.3331874073770377,-4.485461998659815,0.4856570678184303
2022_15_ATL_NO,2022,15,0.668204751256522,5.206517250898021,0.5061026110934533
2022_15_DET_NYJ,2022,15,0.5474923692004164,1.8235437867612259,0.49478564150593146
2022_15_ARI_DEN,2022,15,0.5730098936681326,1.5056197509024225,0.5001660708278185
2022_15_NE_LV,2022,15,0.5388220719407864,0.9226724005813497,0.49771488295120525
2022_15_TEN_LAC,2022,15,0.5891375024841683,2.8780619272691474,0.4963966228635216
2022_15_CIN_TB,2022,15,0.3739348603324823,-3.7612120696890514,0.4922813306107085
2022_15_NYG_WAS,2022,15,0.6491427429124234,4.666837069995049,0.504930123480111
2022_15_LA_GB,2022,15,0.761529707575464,8.153654248046173,0.5045405816764025
2022_16_JAX_NYJ,2022,16,0.5920041250280701,2.4436055307577513,0.4983334760942147
2022_16_ATL_BAL,2022,16,0.719268651238079,6.821158736361165,0.509489756635083
2022_16_DET_CAR,2022,16,0.39537187707261084,-2.7313678201534013,0.49316311945024827
2022_16_BUF_CHI,2022,16,0.2251491713165644,-8.625961384975202,0.48150866595697717
2022_16_NO_CLE,2022,16,0.625466683295186,3.0731317303759647,0.5021611256734441
2022_16_SEA_KC,2022,16,0.791019779637359,10.945544038073164,0.5131640068516801
2022_16_NYG_MIN,2022,16,0.6509230669841488,4.614721348262557,0.5033901218855122
2022_16_CIN_NE,2022,16,0.3887747048717188,-3.279222901708784,0.491749194119082
2022_16_HOU_TEN,2022,16,0.5760323262684066,3.262173110462321,0.5077470640389499
2022_16_WAS_SF,2022,16,0.7286982366302033,6.84065655068283,0.5100657688895165
2022_16_PHI_DAL,2022,16,0.648399230083973,4.035678334544155,0.5010543392277523
2022_16_LV_PIT,2022,16,0.5667817437654421,2.447693123271455,0.4984542687058368
2022_16_GB_MIA,2022,16,0.5915645459856356,3.6053124504317764,0.5031120861492787
2022_16_DEN_LA,2022,16,0.41677812501547573,-3.0589563624813243,0.4982577695607206
2022_16_TB_ARI,2022,16,0.24617133429505714,-7.884680805381385,0.4886337279745942
2022_16_LAC_IND,2022,16,0.3682851495414952,-3.6795363357261883,0.49469462785531104
2022_17_DAL_TEN,2022,17,0.11809941399326312,-14.495669469117683,0.4853556230970222
2022_17_ARI_ATL,2022,17,0.732512176137804,7.107638324966895,0.5031808165811459
2022_17_CHI_DET,2022,17,0.6447342795950349,4.710142780097024,0.5062097373653507
2022_17_JAX_HOU,2022,17,0.3813755039652975,-3.8882189986374773,0.4885292126661373
2022_17_DEN_KC,2022,17,0.8702603159623595,14.200407760954914,0.520688664018668
2022_17_MIA_NE,2022,17,0.6050295905245292,2.941032717221038,0.498257446855025
2022_17_IND_NYG,2022,17,0.7069988199577089,5.659782359955122,0.5047216630239441
2022_17_NO_PHI,2022,17,0.6800348859839735,5.844267101007217,0.5101724309482052
2022_17_CAR_TB,2022,17,0.6263857697525232,3.617799775510934,0.5034810899776095
2022_17_CLE_WAS,2022,17,0.5407499593944826,0.964119591443902,0.4989396892475068
2022_17_SF_LV,2022,17,0.18481868504217114,-10.55443485076483,0.48362034514415636
2022_17_NYJ_SEA,2022,17,0.4711346788321429,-0.9413067025902205,0.5017344566034851
2022_17_MIN_GB,2022,17,0.5950350755863538,3.0954551214340906,0.5028207975192204
2022_17_LA_LAC,2022,17,0.6961686727754023,6.559460912888174,0.5017571404062398
2022_17_PIT_BAL,2022,17,0.5536933546750131,1.0883320681930044,0.5026103070571923
2022_18_KC_LV,2022,18,0.19959449353694586,-9.579087303281169,0.48289247544034597
2022_18_TEN_JAX,2022,18,0.7253920586494476,6.183974983750668,0.5054365279874559
2022_18_TB_ATL,2022,18,0.6801053932122875,5.792328159334175,0.493863273315387
2022_18_NE_BUF,2022,18,0.777699946972067,8.52551965434478,0.5155258572062096
2022_18_MIN_CHI,2022,18,0.2787742327398554,-6.739983408169479,0.4929085565940661
2022_18_BAL_CIN,2022,18,0.826838945120356,11.321565155674534,0.5095017634436597
2022_18_HOU_IND,2022,18,0.5760425736017429,3.1018121490454096,0.5030086508066667
2022_18_NYJ_MIA,2022,18,0.597087765610431,3.6414642486743127,0.50418037312166
2022_18_CAR_NO,2022,18,0.6152495512647518,3.5862735642626955,0.5025494769031507
2022_18_CLE_PIT,2022,18,0.5760272598137028,2.491442637012874,0.49974711898698604
2022_18_LAC_DEN,2022,18,0.6782493918548066,5.751688295435033,0.4926624850232959
2022_18_NYG_PHI,2022,18,0.9016536346423092,16.979450033851236,0.514165384342837
2022_18_LA_SEA,2022,18,0.6996928883511526,5.629322885364053,0.5038215983505653
2022_18_ARI_SF,2022,18,0.8904404760227498,14.722513033832527,0.5213409965407756
2022_18_DAL_WAS,2022,18,0.2449643851182043,-8.020927482252368,0.484609745472011
2022_18_DET_GB,2022,18,0.6611479951477561,5.575617324656992,0.5022345770512892
2022_19_SEA_SF,2022,19,0.8004911886608097,10.450298326613751,0.513304424850769
2022_19_LAC_JAX,2022,19,0.44361073524259076,-1.9901025199207432,0.500292483179209
2022_19_MIA_BUF,2022,19,0.8919156604746418,14.582278232895877,0.5172017334227648
2022_19_NYG_MIN,2022,19,0.5748461065815593,2.4980385278591033,0.49994203598769776
2022_19_BAL_CIN,2022,19,0.7305467977612746,7.802579878322615,0.5089408741241316
2022_19_DAL_TB,2022,19,0.3947094999129317,-2.764734650456483,0.49217725358826875
2022_20_JAX_KC,2022,20,0.7829665155082702,10.47163598689842,0.5139346124750681
2022_20_NYG_PHI,2022,20,0.7303590998191902,8.321940536823934,0.5095128532869506
2022_20_CIN_BUF,2022,20,0.710675282877437,6.129804710018755,0.5038358362301307
2022_20_DAL_SF,2022,20,0.6170734241256126,3.6289794250091134,0.5038114491218909
2022_21_SF_PHI,2022,21,0.5341344396259918,2.3360784369465954,0.4951560270172233
2022_21_CIN_KC,2022,21,0.5765134517873001,2.0827797068818144,0.502446230969389
2022_22_KC_PHI,2022,22,0.4986006959592898,0.9298489536950055,0.4979269561157587
2023_01_DET_KC,2023,1,0.6318018627363007,4.328009336315983,0.5096921421247492
2023_01_CAR_ATL,2023,1,0.6227812906485739,3.4504510048111015,0.4985357670554462
2023_01_HOU_BAL,2023,1,0.7934080452522048,9.939690053173834,0.5129911070603778
2023_01_CIN_CLE,2023,1,0.4538427569461394,-1.285898827776039,0.491551955168676
2023_01_JAX_IND,2023,1,0.33594205264308763,-4.2509793356649,0.4925836665874484
2023_01_TB_MIN,2023,1,0.6444750872151782,4.036461262911021,0.5010774756805791
2023_01_TEN_NO,2023,1,0.6074883077473763,2.9735091890365184,0.49921716312939574
2023_01_SF_PIT,2023,1,0.42081331109317754,-1.7539686006875543,0.4924953454266577
2023_01_ARI_WAS,2023,1,0.7367572416274312,7.182397937780703,0.5053899285507261
2023_01_GB_CHI,2023,1,0.5153180408901054,0.7984553355926994,0.49404431842016566
2023_01_LV_DEN,2023,1,0.5641709882823959,2.852632577559387,0.49564519051986955
2023_01_MIA_LAC,2023,1,0.5640204387135901,2.9057171494676006,0.4972138437310934
2023_01_PHI_NE,2023,1,0.37669314831649625,-3.771096958243234,0.49198927627189787
2023_01_LA_SEA,2023,1,0.6495877448099868,4.518423163879267,0.5005444279058442
2023_01_DAL_NYG,2023,1,0.3655840678542069,-3.8112558755096657,0.4908028053079477
2023_01_BUF_NYJ,2023,1,0.39980528974068524,-2.87339124177099,0.4889672175491424
2023_02_MIN_PHI,2023,2,0.6690973232405925,6.283598686066862,0.508380087818151
2023_02_GB_ATL,2023,2,0.597934810130575,2.8794115310304353,0.49643650377326254
2023_02_LV_BUF,2023,2,0.7357967667021084,7.732120581144738,0.5068591223232584
2023_02_BAL_CIN,2023,2,0.584587106969774,3.5297390303581815,0.5008788257031435
2023_02_SEA_DET,2023,2,0.6380783575592974,4.629811966643312,0.503836050662762
2023_02_IND_HOU,2023,2,0.4820367597645752,-1.1294540148034788,0.49617452678462554
2023_02_KC_JAX,2023,2,0.3567813169380245,-3.702857803786081,0.49400551782312097
2023_02_CHI_TB,2023,2,0.5771167426986052,2.6863425439344883,0.505506485841012
2023_02_LAC_TEN,2023,2,0.4142580982626329,-2.542743425265982,0.49873687918093507
2023_02_NYG_ARI,2023,2,0.32065797897933096,-5.095669499762772,0.49717286748547496
2023_02_SF_LA,2023,2,0.26224782977836636,-7.806456378016492,0.4909445994882749
2023_02_NYJ_DAL,2023,2,0.7863661221712331,8.948309641072616,0.5132456891865768
2023_02_WAS_DEN,2023,2,0.6441187546850903,3.9810494775782805,0.4994399879891226
2023_02_MIA_NE,2023,2,0.41667283312116266,-2.0703206439838486,0.49792194435508724
2023_02_NO_CAR,2023,2,0.38841017729435445,-3.163174109508577,0.4951781136054059
2023_02_CLE_PIT,2023,2,0.42482755968730623,-2.626207543959924,0.4962704598525792
2023_03_NYG_SF,2023,3,0.8006347881566941,10.946074448019655,0.5131796726003627
2023_03_IND_BAL,2023,3,0.7465107015010338,7.762063006817095,0.5077438109485417
2023_03_TEN_CLE,2023,3,0.6208165248028892,3.4908993787567226,0.4997310650135644
2023_03_ATL_DET,2023,3,0.6101611276384048,3.0604090285732415,0.5017851581622236
2023_03_NO_GB,2023,3,0.4774734502653772,-1.487034755512685,0.5003831395116007
2023_03_HOU_JAX,2023,3,0.7488309543717181,7.995715262430478,0.5146457292420631
2023_03_DEN_MIA,2023,3,0.6981860428467872,6.195033958280342,0.5057633026348045
2023_03_LAC_MIN,2023,3,0.5292892435307088,0.8308282391340762,0.49500088875862164
2023_03_NE_NYJ,2023,3,0.4218156408359769,-2.64968168697509,0.49557680517943875
2023_03_BUF_WAS,2023,3,0.288293826374163,-5.826582861221446,0.4903499996533575
2023_03_CAR_SEA,2023,3,0.6721062529542893,5.106005614970535,0.5031325694213009
2023_03_DAL_ARI,2023,3,0.15102305153935436,-12.062262380834394,0.4833892293699139
2023_03_CHI_KC,2023,3,0.8543953063442915,13.575003935662401,0.5169869660043117
2023_03_PIT_LV,2023,3,0.5933867846259476,2.97533766338855,0.4992711967899852
2023_03_PHI_TB,2023,3,0.298254223286123,-6.32408784413217,0.4904237091951368
2023_03_LA_CIN,2023,3,0.5940463440558834,3.1027000674133824,0.5030348891782936
2023_04_DET_GB,2023,4,0.41066826042258053,-2.5585023497238195,0.49827118609189747
2023_04_ATL_JAX,2023,4,0.6395294946091468,3.623097835697226,0.5036376482052929
2023_04_MIA_BUF,2023,4,0.566690784344062,2.6125897098489825,0.5033271314742638
2023_04_MIN_CAR,2023,4,0.312829763543588,-4.693078624852855,0.4942944740013856
2023_04_DEN_CHI,2023,4,0.4173931665781373,-3.0871583408004875,0.49742437735701567
2023_04_BAL_CLE,2023,4,0.42868368824861525,-2.034876974556408,0.4989693419047921
2023_04_PIT_HOU,2023,4,0.42461558814497397,-3.1920068022061674,0.4943261445112324
2023_04_LA_IND,2023,4,0.44299161279021565,-1.205237477107333,0.49393520346271536
2023_04_TB_NO,2023,4,0.6385097878811301,4.13386302812391,0.5039557590061339
2023_04_WAS_PHI,2023,4,0.7876783613188693,9.930902146950627,0.5127315481521838
2023_04_CIN_TEN,2023,4,0.4224732566854352,-2.672159458305503,0.4949126055300076
2023_04_LV_LAC,2023,4,0.7337371811342461,7.310722344881939,0.5091814323619053
2023_04_NE_DAL,2023,4,0.7140154905988664,6.71435821705908,0.5063342935275232
2023_04_ARI_SF,2023,4,0.8924890803619853,15.480165169920808,0.5141865041857457
2023_04_KC_NYJ,2023,4,0.19818469239369038,-10.060022052838786,0.4834553767623627
2023_04_SEA_NYG,2023,4,0.4032085025386918,-2.6911989510242167,0.4943500151434088
2023_05_CHI_WAS,2023,5,0.6803167045523084,6.256461239677348,0.507578302084354
2023_05_JAX_BUF,2023,5,0.6992646771782413,5.935205816134512,0.5128586616679485
2023_05_HOU_ATL,2023,5,0.5379562220929701,2.4955871754210563,0.4998695953874678
2023_05_CAR_DET,2023,5,0.8207283214082188,9.988938803013083,0.5144456093146975
2023_05_TEN_IND,2023,5,0.43020111766416963,-2.663826768644833,0.49515882810695677
2023_05_NYG_MIA,2023,5,0.8477424500600559,12.866303864914581,0.5108234199780457
2023_05_NO_NE,2023,5,0.5920454393424074,2.491232718455058,0.4997409156261777
2023_05_BAL_PIT,2023,5,0.3381728781804991,-4.899117737878797,0.4882072778859795
2023_05_CIN_ARI,2023,5,0.39788257127443116,-3.168700390765485,0.49501481725784885
2023_05_PHI_LA,2023,5,0.3637138352127319,-3.738552120239407,0.4929508463418412
2023_05_NYJ_DEN,2023,5,0.5701712548353387,2.46046114558761,0.498831577911638
2023_05_KC_MIN,2023,5,0.35938297547488446,-3.8751589183453685,0.48891500051523357
2023_05_DAL_SF,2023,5,0.6203976781526852,3.6369985072243898,0.5040484117644847
2023_05_GB_LV,2023,5,0.5405299047200306,0.9672917309189439,0.4990334297267464
2023_06_DEN_KC,2023,6,0.8271728875324452,11.151571641377528,0.5192473030799971
2023_06_BAL_TEN,2023,6,0.31897886847440593,-5.66104533137161,0.49524101718882896
2023_06_WAS_ATL,2023,6,0.5326367743834091,1.5217360677951455,0.5006423283486359
2023_06_MIN_CHI,2023,6,0.37679509089183727,-3.1548643085317405,0.4954236618217422
2023_06_SEA_CIN,2023,6,0.5678006661834194,2.94949454860496,0.4985075027443368
2023_06_SF_CLE,2023,6,0.19853938194654966,-10.07263635659293,0.4830829358136268
2023_06_NO_HOU,2023,6,0.48071568726431885,-2.148244512952983,0.4956192729259703
2023_06_IND_JAX,2023,6,0.6355985765008174,4.1406434880508,0.5041561199185355
2023_06_CAR_MIA,2023,6,0.892167431719421,14.59669411509406,0.5176273352358018
2023_06_NE_LV,2023,6,0.6307566071948902,3.0688736382497352,0.502035295341516
2023_06_ARI_LA,2023,6,0.7350324121437402,7.2972852773542956,0.5087844504997964
2023_06_PHI_NYJ,2023,6,0.2763001129055421,-6.978024880660513,0.48587670428544566
2023_06_DET_TB,2023,6,0.37944764666962977,-3.2156629132582335,0.4936271559194344
2023_06_NYG_BUF,2023,6,0.9007342786241691,16.188917990714696,0.5203495758225047
2023_06_DAL_LAC,2023,6,0.4218562559460271,-1.6297454600416315,0.49616591460163667
2023_07_JAX_NO,2023,7,0.5507250651694062,2.3828952476702536,0.4965394480697356
2023_07_DET_BAL,2023,7,0.591099941523587,2.961395404485957,0.4988591863423279
2023_07_LV_CHI,2023,7,0.4066107281741729,-2.504346094664488,0.4998715673417524
2023_07_CLE_IND,2023,7,0.37209845841163824,-3.7275711765314075,0.4932752989219295
2023_07_BUF_NE,2023,7,0.22886148600551048,-8.064736955410782,0.48331616620000595
2023_07_WAS_NYG,2023,7,0.41669798420562826,-3.1423149354981303,0.4957944893822694
2023_07_ATL_TB,2023,7,0.6081613207660712,3.1101554217091802,0.5032551975918034
2023_07_PIT_LA,2023,7,0.6289328778590094,3.792564554081712,0.5086449803708911
2023_07_ARI_SEA,2023,7,0.8112399435710376,9.856522623916971,0.5105344753552249
2023_07_GB_DEN,2023,7,0.5252243174592005,1.3270560398423936,0.49488942438971856
2023_07_LAC_KC,2023,7,0.6972417251435853,5.8166941230811124,0.5093578584098802
2023_07_MIA_PHI,2023,7,0.564791944851359,3.0100585805529887,0.5002972439031208
2023_07_SF_MIN,2023,7,0.2632853756426331,-7.499428263212081,0.48524462133440727
2023_08_TB_BUF,2023,8,0.8180991325118481,10.42026384639783,0.5124173289366821
2023_08_HOU_CAR,2023,8,0.3351527523643176,-3.282279124857313,0.4916588983412587
2023_08_LA_DAL,2023,8,0.7118320019928474,6.617693820826518,0.5034779590001536
2023_08_MIN_GB,2023,8,0.46436574617838006,-1.1041576687714838,0.4969220380999609
2023_08_NO_IND,2023,8,0.4433888300759374,-2.0963999131882622,0.49715128337993647
2023_08_NE_MIA,2023,8,0.7466223507059928,7.816837184518889,0.5093620848948518
2023_08_NYJ_NYG,2023,8,0.4248956387489978,-3.1005139561937938,0.49702971137671
2023_08_JAX_PIT,2023,8,0.40404236252380094,-2.7053119560186443,0.49393300276997476
2023_08_ATL_TEN,2023,8,0.42468069954647975,-2.435872711114808,0.5018950363447564
2023_08_PHI_WAS,2023,8,0.2743513041375364,-7.450001689744134,0.48670433627653936
2023_08_CLE_SEA,2023,8,0.653375929229034,4.092255084072468,0.5027262346045688
2023_08_BAL_ARI,2023,8,0.18770812848222673,-10.055281247392612,0.48359535415743815
2023_08_KC_DEN,2023,8,0.23895844924523463,-7.577436539344713,0.48294121289613673
2023_08_CIN_SF,2023,8,0.6722386209407849,4.379541067911029,0.5112144470341935
2023_08_CHI_LAC,2023,8,0.7733943684785121,9.626715021899185,0.5037445361121488
2023_08_LV_DET,2023,8,0.7122908473367623,7.314745030044532,0.5093002759648745
2023_09_TEN_PIT,2023,9,0.6179902421284815,3.3752516212011288,0.4963135781882887
2023_09_MIA_KC,2023,9,0.5231199136624808,1.0465613028376608,0.5013759433707821
2023_09_MIN_ATL,2023,9,0.6445880486327201,3.5039771064240663,0.5001175285839456
2023_09_SEA_BAL,2023,9,0.676811076950004,6.17945243865922,0.5053028930981024
2023_09_ARI_CLE,2023,9,0.8717897839389911,13.32969657489868,0.5097419873936601
2023_09_LA_GB,2023,9,0.6655076861035509,3.5205185242248183,0.5006063484217135
2023_09_TB_HOU,2023,9,0.6061442731791162,2.4846834765829287,0.4995473772245243
2023_09_WAS_NE,2023,9,0.5756005218383781,2.45918630479735,0.4987939049012953
2023_09_CHI_NO,2023,9,0.7677279043831382,9.138540230318304,0.5040939692829842
2023_09_IND_CAR,2023,9,0.42182534038916486,-1.7492487951588254,0.492634797498453
2023_09_NYG_LV,2023,9,0.5362082507325835,0.9239199390867086,0.4977517487158484
2023_09_DAL_PHI,2023,9,0.6121352403622026,3.5491267348381954,0.5014517546940185
2023_09_BUF_CIN,2023,9,0.4966312777265994,1.2408294883662967,0.4923416500601171
2023_09_LAC_NYJ,2023,9,0.41181614440858105,-3.1962284754156918,0.49420140156100417
2023_10_CAR_CHI,2023,10,0.6397853946419279,3.313658790916903,0.5092681849011104
2023_10_IND_NE,2023,10,0.48718052269659506,-0.9652171335105426,0.5010278770906241
2023_10_CLE_BAL,2023,10,0.6904414343440861,6.233051286271857,0.5068866217695356
2023_10_HOU_CIN,2023,10,0.6534842711324776,5.693528261402267,0.5057188119721338
2023_10_SF_JAX,2023,10,0.3786813179342382,-3.221043253116921,0.49346818078661525
2023_10_NO_MIN,2023,10,0.39720188206635787,-3.100160473697288,0.49704015694843695
2023_10_GB_PIT,2023,10,0.5904114439977854,2.974149743346661,0.4992360922936192
2023_10_TEN_TB,2023,10,0.5883083903304305,2.450647677961051,0.49854157895978346
2023_10_ATL_ARI,2023,10,0.42140601505893904,-2.160948775902641,0.49524387032363365
2023_10_DET_LAC,2023,10,0.40924795028023053,-2.526403113046648,0.4992197547101211
2023_10_NYG_DAL,2023,10,0.9245441881900904,18.090900235517758,0.5174562842236756
2023_10_WAS_SEA,2023,10,0.6803080801242349,6.011704133487067,0.5003458720828531
2023_10_NYJ_LV,2023,10,0.4934464194149239,-0.9978078684917412,0.5000647802917779
2023_10_DEN_BUF,2023,10,0.7674302662358221,8.02935462941338,0.5156390991676345
2023_11_CIN_BAL,2023,11,0.6293538986493067,4.201391347651157,0.5059511513779348
2023_11_DAL_CAR,2023,11,0.15215552571495797,-11.687416345725904,0.4796947420918829
2023_11_PIT_CLE,2023,11,0.5718482648683499,2.5528584976093365,0.501562032273628
2023_11_CHI_DET,2023,11,0.7419182401235482,8.190590738524289,0.5056320131954941
2023_11_LAC_GB,2023,11,0.40372876308507455,-3.124079013327256,0.49633335795480005
2023_11_ARI_HOU,2023,11,0.694904719446426,5.700751406470921,0.5059322423943843
2023_11_TEN_JAX,2023,11,0.7201552444831845,6.623865939608382,0.5036603457095578
2023_11_LV_MIA,2023,11,0.8736356814519898,14.410830455538765,0.5121386922010027
2023_11_NYG_WAS,2023,11,0.7693803837802264,7.907200416340053,0.5120314691196423
2023_11_TB_SF,2023,11,0.8760992228624503,13.952891642892796,0.5133810178004142
2023_11_NYJ_BUF,2023,11,0.7886731501954448,8.573831927769989,0.5169523630087128
2023_11_SEA_LA,2023,11,0.5600861831701297,2.4667723018755963,0.4990180799794027
2023_11_MIN_DEN,2023,11,0.577080362681532,2.3819156153982415,0.49651049978041306
2023_11_PHI_KC,2023,11,0.5829733568993848,2.4779526932582416,0.49934847415418976
2023_12_GB_DET,2023,12,0.7465367070348302,8.68765241244048,0.5055451904187444
2023_12_WAS_DAL,2023,12,0.852559263071873,13.357303115996778,0.5105575318359614
2023_12_SF_SEA,2023,12,0.24959109111750521,-7.447097354412547,0.4867901157414474
2023_12_MIA_NYJ,2023,12,0.20773239804179158,-9.92469220991264,0.48745187131906514
2023_12_NO_ATL,2023,12,0.4294043130059644,-2.181598360300403,0.4946336978401901
2023_12_PIT_CIN,2023,12,0.4310299062762572,-1.9425575240477264,0.5016974935702758
2023_12_JAX_HOU,2023,12,0.4680157842116013,-1.1118407427569648,0.4966950006973969
2023_12_TB_IND,2023,12,0.5651211478686119,2.381712222840982,0.496504489500321
2023_12_NE_NYG,2023,12,0.3406304371447802,-4.827478890835068,0.4903235285994375
2023_12_CAR_TEN,2023,12,0.6656998566260256,3.812454784338763,0.5092326145308055
2023_12_LA_ARI,2023,12,0.39851894637244667,-3.158194525815146,0.49532525625347196
2023_12_CLE_DEN,2023,12,0.5662760095902153,1.382257315977647,0.49652059708475904
2023_12_KC_LV,2023,12,0.22512547756511542,-9.41961948751897,0.4876017034825644
2023_12_BUF_PHI,2023,12,0.544341756617667,2.4079480390711416,0.49727976780448024
2023_12_BAL_LAC,2023,12,0.3861338764585884,-3.271237629721674,0.4919851200881705
2023_12_CHI_MIN,2023,12,0.5906816382539946,3.0404564816524675,0.5011955390288729
2023_13_SEA_DAL,2023,13,0.7951202866238553,9.898029292310083,0.5117605711697026
2023_13_DEN_HOU,2023,13,0.6355053549313103,3.5861282287873784,0.5025451821413741
2023_13_LAC_NE,2023,13,0.3694429746274872,-4.571703474005797,0.49788108052323177
2023_13_DET_NO,2023,13,0.35673477942290205,-4.117065855283301,0.49654059748401674
2023_13_ATL_NYJ,2023,13,0.4471174229065509,-2.160072691754667,0.4952697579017575
2023_13_ARI_PIT,2023,13,0.7000593146851736,6.246314965067874,0.507278518669271
2023_13_IND_TEN,2023,13,0.462476596698382,-1.4870625314972836,0.5003823186960795
2023_13_MIA_WAS,2023,13,0.2244385079887769,-8.859805838174768,0.48936853560127885
2023_13_CAR_TB,2023,13,0.6873858556030454,4.3944122901626095,0.5116537301532552
2023_13_CLE_LA,2023,13,0.6262209926838408,3.515111306427763,0.5004465583546088
2023_13_SF_PHI,2023,13,0.3857364414902486,-3.143533529318443,0.49575848039313003
2023_13_KC_GB,2023,13,0.3131307313019787,-5.750977104399465,0.4925837325128044
2023_13_CIN_JAX,2023,13,0.8052299010545545,10.112517904966495,0.503325009621821
2023_14_NE_PIT,2023,14,0.7229265468276217,6.10288795073635,0.5030404412100316
2023_14_TB_ATL,2023,14,0.55341499028691,1.46021695506358,0.49882436180022294
2023_14_LA_BAL,2023,14,0.7302959567871882,7.738064349015016,0.5070347416397523
2023_14_DET_CHI,2023,14,0.38129072267779135,-3.2147317789549668,0.49365466863424456
2023_14_IND_CIN,2023,14,0.6115094824787997,3.1769738669715433,0.5052296545139544
2023_14_JAX_CLE,2023,14,0.5639088213269454,2.398394737578549,0.49699746278438356
2023_14_CAR_NO,2023,14,0.7266027433607681,5.929181375382771,0.5126807229434157
2023_14_HOU_NYJ,2023,14,0.3737779941149145,-3.7785518599574104,0.49176902003081885
2023_14_MIN_LV,2023,14,0.41543286393330614,-3.1411618228671676,0.49582856345844517
2023_14_SEA_SF,2023,14,0.8947317528978004,15.117588415383759,0.5182441643755228
2023_14_BUF_KC,2023,14,0.5374684378950526,1.892250368724501,0.49681589427961803
2023_14_DEN_LAC,2023,14,0.5959684168830082,3.094934513357614,0.5028054132666495
2023_14_PHI_DAL,2023,14,0.6196809504222911,3.651427402658983,0.5044747797456103
2023_14_TEN_MIA,2023,14,0.8723375922118979,14.365332467048425,0.5107947244649252
2023_14_GB_NYG,2023,14,0.28498237833581364,-6.472111104267689,0.48605135577279873
2023_15_LAC_LV,2023,15,0.6199048995921516,2.902846023994633,0.49712900043103575
2023_15_MIN_CIN,2023,15,0.6131029182969081,3.106297481868626,0.5031411941951074
2023_15_PIT_IND,2023,15,0.5301017779858493,1.3844342655554835,0.4965849263295686
2023_15_DEN_DET,2023,15,0.6785506352945909,5.68713145812659,0.5055297970349947
2023_15_ATL_CAR,2023,15,0.37317611209822127,-3.3369570213696442,0.490043522512876
2023_15_CHI_CLE,2023,15,0.6052783095014606,3.042251288309443,0.5012485776141089
2023_15_TB_GB,2023,15,0.6484024983384858,4.0950103040742025,0.5028076529239168
2023_15_NYJ_MIA,2023,15,0.7663758002423908,8.0070284574463,0.5149798181457358
2023_15_KC_NE,2023,15,0.19502918190065288,-10.332492542743548,0.4901754130233628
2023_15_NYG_NO,2023,15,0.7240083069396781,6.3917007668880235,0.5115736351252926
2023_15_HOU_TEN,2023,15,0.6200936646753858,3.1190347161460226,0.5035175826501913
2023_15_SF_ARI,2023,15,0.12621284104875044,-13.253103179861467,0.4777563747143255
2023_15_WAS_LA,2023,15,0.7036455456699292,6.757782745991512,0.5076173472049813
2023_15_DAL_BUF,2023,15,0.5477512255127982,1.9270793801450459,0.4978451128214064
2023_15_BAL_JAX,2023,15,0.3734810944257519,-4.225464264140101,0.49333755211600716
2023_15_PHI_SEA,2023,15,0.3261732673379466,-5.228304147373527,0.4932536417825367
2023_16_NO_LA,2023,16,0.6089043892185463,4.035146705345364,0.5010386289584784
2023_16_CIN_PIT,2023,16,0.3830183988263862,-3.270845298168843,0.49199671165128506
2023_16_BUF_LAC,2023,16,0.12105284525474279,-13.650151278187769,0.48079462171716886
2023_16_IND_ATL,2023,16,0.5971837972649753,2.9598977529136015,0.4988149290093904
2023_16_GB_CAR,2023,16,0.3330774975192185,-3.8843194285364464,0.4886444027923758
2023_16_CLE_HOU,2023,16,0.4207399017846097,-3.128005109924418,0.4962173418318735
2023_16_DET_MIN,2023,16,0.41342184536391413,-2.6569134247774007,0.495363111850833
2023_16_WAS_NYJ,2023,16,0.5932667504996195,2.9470307607736292,0.49843469519497396
2023_16_SEA_TEN,2023,16,0.39161110775851904,-3.0664673200244534,0.4980358135487435
2023_16_JAX_TB,2023,16,0.42726386259342214,-2.027253766990836,0.499194616846851
2023_16_ARI_CHI,2023,16,0.637924498988774,4.642269827398878,0.5042041776897012
2023_16_DAL_MIA,2023,16,0.5304758402721637,1.5067984962737024,0.5002009042586736
2023_16_NE_DEN,2023,16,0.7232147889591174,7.010078126206179,0.500297821502031
2023_16_LV_KC,2023,16,0.8294968670180864,11.378567532842323,0.5111856891650574
2023_16_NYG_PHI,2023,16,0.8806564756213674,14.535282233872163,0.5158141313422855
2023_16_BAL_SF,2023,16,0.7170028002753961,6.7275649375459805,0.506724516734258
2023_17_NYJ_CLE,2023,17,0.7198625884988935,6.821190430068885,0.5094906929596986
2023_17_DET_DAL,2023,17,0.6740888973173818,5.572980543757756,0.5021566579807715
2023_17_MIA_BAL,2023,17,0.5873295195346885,2.9812024439662683,0.49944450833727133
2023_17_NE_BUF,2023,17,0.9011321451167966,15.495696510124077,0.5146451754608579
2023_17_ATL_CHI,2023,17,0.585014820986669,3.0373431116704817,0.5011035353428501
2023_17_TEN_HOU,2023,17,0.6817940095397961,5.031123833241791,0.5009197482969544
2023_17_LV_IND,2023,17,0.6190715346693849,3.4832442330629925,0.4995048457662622
2023_17_CAR_JAX,2023,17,0.6541775999386763,3.7504194632276846,0.5073997913179542
2023_17_LA_NYG,2023,17,0.3024360486117677,-6.498311847454209,0.4852775903310092
2023_17_ARI_PHI,2023,17,0.8333884766034172,12.360494843948889,0.5106518181570656
2023_17_NO_TB,2023,17,0.559884041248712,2.5012402943514997,0.5000366522856489
2023_17_SF_WAS,2023,17,0.11526385776393905,-14.717366448795064,0.4788108755206588
2023_17_PIT_SEA,2023,17,0.6592555734086901,4.494221353189421,0.49982923359512244
2023_17_LAC_DEN,2023,17,0.623519665916259,3.5996657159313585,0.502945222726691
2023_17_CIN_KC,2023,17,0.7196728662549575,7.627003155099985,0.5037530504411224
2023_17_GB_MIN,2023,17,0.5200079830450631,0.9287714176010914,0.49789511398145103
2023_18_PIT_BAL,2023,18,0.4311161120488968,-2.723041055259271,0.5081839172476674
2023_18_HOU_IND,2023,18,0.4100540645491209,-1.6167443924856757,0.4965500967649892
2023_18_TB_CAR,2023,18,0.30653687632943954,-5.394286003039913,0.4883500002010039
2023_18_CLE_CIN,2023,18,0.7560179826897098,7.487487748995537,0.4996302470197023
2023_18_MIN_DET,2023,18,0.6099335464971017,3.762112158165014,0.5077452631600933
2023_18_NYJ_NE,2023,18,0.6076250099867506,2.663746462804408,0.5048387989273141
2023_18_ATL_NO,2023,18,0.6428779999686373,3.6980953697276377,0.5058537616722443
2023_18_JAX_TEN,2023,18,0.37746595253359416,-3.648901225185291,0.4955998674141179
2023_18_SEA_ARI,2023,18,0.3998359530508156,-2.595147427585327,0.49718829500130435
2023_18_CHI_GB,2023,18,0.6008920280465307,2.5312740588087776,0.500924187642897
2023_18_KC_LAC,2023,18,0.6265651652131948,3.256462608325376,0.49280354867210674
2023_18_DEN_LV,2023,18,0.6281207921369479,3.488799923924766,0.49966902345351466
2023_18_PHI_NYG,2023,18,0.34068859619268554,-4.949847977860705,0.48670887613744773
2023_18_LA_SF,2023,18,0.6982492758774022,5.749025877082411,0.5073586161087162
2023_18_DAL_WAS,2023,18,0.13634061428662297,-13.53893062023596,0.4840781394669039
2023_18_BUF_MIA,2023,18,0.40421730065191136,-2.5756399067070417,0.4977647556306977
2023_19_CLE_HOU,2023,19,0.4480456744775873,-2.479416943309591,0.5006082554364656
2023_19_MIA_KC,2023,19,0.6397304251281576,4.427285920182731,0.4978512162551103
2023_19_GB_DAL,2023,19,0.7172919840775532,7.23919438914001,0.5070681305553336
2023_19_LA_DET,2023,19,0.6127799553098959,3.6195660304123325,0.5035332830537944
2023_19_PIT_BUF,2023,19,0.8101032740397717,10.254500269659196,0.507520363286203
2023_19_PHI_TB,2023,19,0.4282118428561901,-2.5305358159649267,0.49909762832094345
2023_20_HOU_BAL,2023,20,0.78656537961861,10.271927556577342,0.5080352640083702
2023_20_GB_SF,2023,20,0.8092298705029152,10.809976494120594,0.50915939734058
2023_20_TB_DET,2023,20,0.6818213929002956,6.1978795836426475,0.5058473856029521
2023_20_KC_BUF,2023,20,0.5974374632479469,2.6716757353586624,0.5050731009967745
2023_21_KC_BAL,2023,21,0.6636112759479136,4.6629343477803715,0.504814801645405
2023_21_DET_SF,2023,21,0.7299838245017485,7.689514026358783,0.5056001981256397
2023_22_SF_KC,2023,22,0.4223720697700048,-1.727719140442712,0.4932709270205659
2024_01_BAL_KC,2024,1,0.5823997486430885,2.923770983506305,0.49774734695781625
2024_01_GB_PHI,2024,1,0.5364943284118422,1.844680655151045,0.4954102158034455
2024_01_PIT_ATL,2024,1,0.6410133136240102,3.9899293239351956,0.49970239865912175
2024_01_ARI_BUF,2024,1,0.719236946990967,6.895974947028791,0.511699888881918
2024_01_TEN_CHI,2024,1,0.630038774593129,4.078204293935341,0.5023110240641179
2024_01_NE_CIN,2024,1,0.7471089769158842,8.094567034629408,0.5027945540673153
2024_01_HOU_IND,2024,1,0.36543510432212145,-3.11942684851065,0.4964708297884322
2024_01_JAX_MIA,2024,1,0.6054207168784433,3.6982648325550502,0.5058587689761391
2024_01_CAR_NO,2024,1,0.6775184270760805,3.986481816088599,0.5143730495718438
2024_01_MIN_NYG,2024,1,0.4556905276394423,-1.2019277766193976,0.494032998227907
2024_01_LV_LAC,2024,1,0.6040595763042836,2.9273367704364515,0.49785271892341537
2024_01_DEN_SEA,2024,1,0.7313530986659299,6.587864678283209,0.5025964953811817
2024_01_DAL_CLE,2024,1,0.5381557281561555,2.178659518302056,0.4905048740780035
2024_01_WAS_TB,2024,1,0.646880588682861,4.288115043637603,0.5085135220479807
2024_01_LA_DET,2024,1,0.6564943628228747,5.122654899323913,0.5036245594106759
2024_01_NYJ_SF,2024,1,0.6328013911913405,3.956009537226976,0.5134731033784008
2024_02_BUF_MIA,2024,2,0.553139542040196,2.355203159455436,0.4957211500579528
2024_02_LV_BAL,2024,2,0.7869407313810463,9.355589332827991,0.5105069049997568
2024_02_LAC_CAR,2024,2,0.3019077269247943,-5.450766990728665,0.48668173323504665
2024_02_NO_DAL,2024,2,0.7030527399235303,6.56833902476884,0.5020194970328421
2024_02_TB_DET,2024,2,0.7150167685994233,7.674313255000186,0.5051510366790272
2024_02_IND_GB,2024,2,0.3637915736995235,-2.9999214107323158,0.5000023224134567
2024_02_CLE_JAX,2024,2,0.6324205325314298,3.110536416889857,0.503266456110977
2024_02_SF_MIN,2024,2,0.32304713324914325,-4.8500190452355945,0.4896576479258338
2024_02_SEA_NE,2024,2,0.38815169293160157,-3.532602680267887,0.4990365500022037
2024_02_NYJ_TEN,2024,2,0.3695108120887766,-3.4745446860069276,0.5007522366663028
2024_02_NYG_WAS,2024,2,0.577501243762669,1.6675181097223664,0.5049502475327142
2024_02_LA_ARI,2024,2,0.45539762615229445,-1.200112444497183,0.4940866376688686
2024_02_PIT_DEN,2024,2,0.3910009078833157,-3.234200936778576,0.4930794096733335
2024_02_CIN_KC,2024,2,0.6974582292309179,6.641439441875828,0.504179640089251
2024_02_CHI_HOU,2024,2,0.7123138217014422,6.115401485151427,0.5034102200711653
2024_02_ATL_PHI,2024,2,0.6703534631494801,5.517949363738771,0.5005304265179196
2024_03_NE_NYJ,2024,3,0.7125693782423702,6.395477358422339,0.49691125300849603
2024_03_NYG_CLE,2024,3,0.7088007181250146,6.719604804159162,0.5064893168661181
2024_03_CHI_IND,2024,3,0.5976939849755852,1.5813267300467393,0.5024032944371737
2024_03_HOU_MIN,2024,3,0.4166934052318855,-1.9675257538200632,0.5009596546171222
2024_03_PHI_NO,2024,3,0.5858185374188515,2.8340006296876123,0.5098691393002517
2024_03_LAC_PIT,2024,3,0.600709600410049,2.953379821116385,0.49862231677705826
2024_03_DEN_TB,2024,3,0.7326852261179487,6.3066769529065425,0.5090619171016064
2024_03_GB_TEN,2024,3,0.6321709820042959,2.9257781427589027,0.49780666016205416
2024_03_CAR_LV,2024,3,0.6835658296617874,5.7522517675560785,0.5074539288731107
2024_03_MIA_SEA,2024,3,0.6594990773297561,4.055711247672917,0.5016463340079037
2024_03_DET_ARI,2024,3,0.36348022167533245,-3.2137848083854736,0.49368264930249645
2024_03_BAL_DAL,2024,3,0.46146357220026507,-1.5195855395592668,0.4994212224389824
2024_03_SF_LA,2024,3,0.29006942418801474,-6.3306800988930245,0.4902289569054239
2024_03_KC_ATL,2024,3,0.39748248224123445,-3.17044733440156,0.49496319690977336
2024_03_JAX_BUF,2024,3,0.624438569022826,4.367966254463632,0.5108725275542894
2024_03_WAS_CIN,2024,3,0.7220492363676715,7.729451176980028,0.5067802495394352
2024_04_DAL_NYG,2024,4,0.26901724696655865,-5.9063442917068745,0.4879938189770628
2024_04_NO_ATL,2024,4,0.5757853016566884,2.232941804811717,0.49210860318451477
2024_04_CIN_CAR,2024,4,0.3363685673472656,-4.81133433507115,0.49080048734380266
2024_04_LA_CHI,2024,4,0.5453385515157968,2.788133385161481,0.4937393273335432
2024_04_MIN_GB,2024,4,0.5641029585478156,2.4895989280037067,0.4996926350392364
2024_04_JAX_HOU,2024,4,0.6596372355490825,5.539690448260324,0.5011729018613258
2024_04_PIT_IND,2024,4,0.44430181593867707,-2.612626566177085,0.4966717794119535
2024_04_DEN_NYJ,2024,4,0.7588822056218868,7.64491300241577,0.5042822824764276
2024_04_PHI_TB,2024,4,0.4850031296271839,-1.0493552664487815,0.49854149194928543
2024_04_WAS_ARI,2024,4,0.5678995027481497,3.508887599659951,0.5002626399273715
2024_04_NE_SF,2024,4,0.8274948325749557,10.912925649138215,0.5122005790439861
2024_04_KC_LAC,2024,4,0.2677369467380434,-7.66079596510455,0.4952483857577072
2024_04_CLE_LV,2024,4,0.4561325724319476,-2.435403149505439,0.5019089123336664
2024_04_BUF_BAL,2024,4,0.5682972790230202,2.381819813886412,0.49650766883149744
2024_04_TEN_MIA,2024,4,0.6136153287737987,2.6503927036421824,0.5044442049755874
2024_04_SEA_DET,2024,4,0.5998390717165265,3.6866523003406857,0.5055156386658906
2024_05_TB_ATL,2024,5,0.572432010878707,2.3994459705461906,0.4970285271934178
2024_05_NYJ_MIN,2024,5,0.5694314182555317,2.7059924408016065,0.5060871040932716
2024_05_CAR_CHI,2024,5,0.5959928857763757,4.103112074589493,0.503047064164009
2024_05_BAL_CIN,2024,5,0.4034381455626659,-2.74833511908102,0.4926617932114229
2024_05_BUF_HOU,2024,5,0.49847383329931955,0.6869360726680427,0.49074938934417317
2024_05_IND_JAX,2024,5,0.6289633783345363,3.434153896869201,0.49805417108269723
2024_05_MIA_NE,2024,5,0.45251075354883497,-2.033200603728365,0.499018880651064
2024_05_CLE_WAS,2024,5,0.6445899624094695,3.3079961069797768,0.5091008896924297
2024_05_LV_DEN,2024,5,0.5792770923744847,2.9792874382348122,0.49938791752728057
2024_05_ARI_SF,2024,5,0.7439813988894417,7.502813932778849,0.5148553606284576
2024_05_GB_LA,2024,5,0.4096952575086257,-3.0904221931855282,0.4973279284275453
2024_05_NYG_SEA,2024,5,0.7473035846859251,7.266171430601751,0.5078651968967836
2024_05_DAL_PIT,2024,5,0.5536879997769862,2.3346834679126856,0.49511480696138344
2024_05_NO_KC,2024,5,0.6638466275131109,5.505610496762795,0.5001657973561706
2024_06_SF_SEA,2024,6,0.3643665360627303,-3.768441820439835,0.4920677233283319
2024_06_JAX_CHI,2024,6,0.4183576339059959,-1.493315750635962,0.5001975281166745
2024_06_WAS_BAL,2024,6,0.6865014647250411,6.703708239777399,0.5060196107999653
2024_06_ARI_GB,2024,6,0.6796854324700885,5.687866755869195,0.5055515239288355
2024_06_HOU_NE,2024,6,0.30362225881584726,-6.707651944944918,0.49386386118985226
2024_06_TB_NO,2024,6,0.3640134040860162,-3.551261821717457,0.4984851511919056
2024_06_CLE_PHI,2024,6,0.7647410032462035,8.302874227284558,0.5089495703260325
2024_06_IND_TEN,2024,6,0.5802456299075476,2.421393909086828,0.49767710252112507
2024_06_LAC_DEN,2024,6,0.39788680705445273,-3.1006380815906445,0.49702604341414286
2024_06_PIT_LV,2024,6,0.38295196949785254,-3.718678357686745,0.493538057206232
2024_06_ATL_CAR,2024,6,0.2956940390746189,-6.290083403712217,0.4914283237283613
2024_06_DET_DAL,2024,6,0.402939232105239,-3.5956877181701383,0.4971723291217383
2024_06_CIN_NYG,2024,6,0.32428772885339424,-4.790586731810926,0.49141345317813895
2024_06_BUF_NYJ,2024,6,0.4492264271013472,-1.2980362335432845,0.4911933631772378
2024_07_DEN_NO,2024,7,0.40425851835612037,-2.526380128190257,0.4992204339407508
2024_07_NE_JAX,2024,7,0.7247962734300478,6.69706622470864,0.5058233523766325
2024_07_SEA_ATL,2024,7,0.5965703453501249,3.0641298266381023,0.5018951113377572
2024_07_TEN_BUF,2024,7,0.7958204423790718,9.790706056174683,0.5085900721924258
2024_07_CIN_CLE,2024,7,0.30736527887328763,-5.8699697253764045,0.4890682894242295
2024_07_HOU_GB,2024,7,0.5937559297589705,3.140265010920444,0.5041449360401798
2024_07_MIA_IND,2024,7,0.6100453414549939,3.2020968167144908,0.5059719965640372
2024_07_DET_MIN,2024,7,0.49041272191993995,0.7663655263526585,0.4930961468712305
2024_07_PHI_NYG,2024,7,0.36985798308761947,-3.2407360077192395,0.4928863198388007
2024_07_LV_LA,2024,7,0.7203708747990969,7.225190553494621,0.5066543605106574
2024_07_CAR_WAS,2024,7,0.8029366069486596,10.474692346364533,0.5140248763501404
2024_07_KC_SF,2024,7,0.5896925397154456,2.522720980463605,0.5006714337392453
2024_07_NYJ_PIT,2024,7,0.41436852439209737,-2.8984034706298822,0.5030022791500796
2024_07_BAL_TB,2024,7,0.34381493378059896,-4.69433983495073,0.49425720746520246
2024_07_LAC_ARI,2024,7,0.46107282179684883,-1.170198746839781,0.4949705424057844
2024_08_MIN_LA,2024,8,0.41897166058602286,-3.176367851240774,0.49478825249314135
2024_08_PHI_CIN,2024,8,0.5706846426502541,2.424514927002098,0.4977693310933219
2024_08_BAL_CLE,2024,8,0.248492125731388,-8.091295627061548,0.48253204264490696
2024_08_TEN_DET,2024,8,0.8470650086615852,12.960905580829357,0.5136177043271766
2024_08_IND_HOU,2024,8,0.6508549028461095,5.048460754190833,0.5014320742419645
2024_08_GB_JAX,2024,8,0.400670444411265,-3.656561526793976,0.4953735101858303
2024_08_ARI_MIA,2024,8,0.6075478166929678,3.848169762219123,0.49551331671175197
2024_08_NYJ_NE,2024,8,0.28725771955032986,-7.218841260069673,0.49353324386429037
2024_08_ATL_TB,2024,8,0.44736050397839555,-1.3371596955625626,0.5048120227465289
2024_08_NO_LAC,2024,8,0.7483513193444735,7.318604450379368,0.5094142954016939
2024_08_BUF_SEA,2024,8,0.3789923634868257,-3.348996622125366,0.4896878517135045
2024_08_CAR_DEN,2024,8,0.867621282665178,13.51123942648673,0.5151041692057432
2024_08_KC_LV,2024,8,0.22902258116164584,-9.472737546855313,0.48603285492408016
2024_08_CHI_WAS,2024,8,0.5649750420396638,1.6408840473511603,0.504163228367354
2024_08_DAL_SF,2024,8,0.6646871654016854,5.710452303810826,0.5062188830775696
2024_08_NYG_PIT,2024,8,0.7301390876751988,6.346354450079942,0.510234094609669
2024_09_HOU_NYJ,2024,9,0.5846313383616859,2.4193903965166643,0.49761789718956273
2024_09_DAL_ATL,2024,9,0.5746964767673597,2.9984798347324446,0.4999550771705819
2024_09_DEN_BAL,2024,9,0.7743375941931948,9.361791478701852,0.510690121665624
2024_09_MIA_BUF,2024,9,0.7034325508889063,6.954805959149392,0.5134375563372082
2024_09_NO_CAR,2024,9,0.2618840382551409,-7.475259029824637,0.4859583877898633
2024_09_LV_CIN,2024,9,0.7410851112977731,8.161705700253574,0.5047784961627227
2024_09_LAC_CLE,2024,9,0.44482456796798653,-2.176358015842663,0.49478854311694426
2024_09_WAS_NYG,2024,9,0.35114777014772813,-4.7468240932602255,0.4927064384502231
2024_09_NE_TEN,2024,9,0.5919070944405539,3.1133240383576943,0.5033488310620524
2024_09_CHI_ARI,2024,9,0.5480687816007005,1.4297445945698684,0.4979238722117266
2024_09_JAX_PHI,2024,9,0.7273946399285696,7.684438995086018,0.5054502388399262
2024_09_DET_GB,2024,9,0.3825524259505896,-2.798410472262823,0.4911823066421376
2024_09_LA_SEA,2024,9,0.444583089487069,-1.595266529309074,0.4971847754804382
2024_09_IND_MIN,2024,9,0.6893601479485411,6.672786462918479,0.505105921746812
2024_09_TB_KC,2024,9,0.7532598247596655,9.15844542168228,0.504682157530722
2024_10_CIN_BAL,2024,10,0.6992500388961632,6.415314206356071,0.5122711307650858
2024_10_NYG_CAR,2024,10,0.31701016530246384,-6.684232824294639,0.4945558532029196
2024_10_NE_CHI,2024,10,0.7084899560172601,6.686150016350707,0.5055007969458802
2024_10_BUF_IND,2024,10,0.31384443142372676,-4.978779596251274,0.48585441547317115
2024_10_MIN_JAX,2024,10,0.30493110324415557,-7.299733968394181,0.4911432052335796
2024_10_DEN_KC,2024,10,0.7439625225838498,7.867186723766456,0.5108494999617944
2024_10_ATL_NO,2024,10,0.36752123837249234,-3.589616392087994,0.49735174035203666
2024_10_SF_TB,2024,10,0.28386433837288233,-6.615691168578177,0.49658121972632097
2024_10_PIT_WAS,2024,10,0.518568080614349,1.4246379110847414,0.497772965373667
2024_10_TEN_LAC,2024,10,0.755865543467833,8.218595388754931,0.5064594912771536
2024_10_NYJ_ARI,2024,10,0.44225480606167167,-1.9254376785671448,0.5022034008378595
2024_10_PHI_DAL,2024,10,0.2648022385563308,-7.766299693337509,0.49213101351219757
2024_10_DET_HOU,2024,10,0.32596477847525906,-4.882712504924418,0.48869187028385624
2024_10_MIA_LA,2024,10,0.5646705031990681,2.538630736580935,0.5011415861564995
2024_11_WAS_PHI,2024,11,0.6622698607191047,4.726342357063739,0.5066883930211292
2024_11_GB_CHI,2024,11,0.3037577911605421,-6.310805384181312,0.4908161143705842
2024_11_JAX_DET,2024,11,0.8686501754625894,14.548486929424863,0.5162040327540701
2024_11_LV_MIA,2024,11,0.748773596371395,8.275803953795267,0.5081497929388514
2024_11_LA_NE,2024,11,0.35252544616401743,-4.232988575835789,0.4931152311280812
2024_11_CLE_NO,2024,11,0.4663977109378404,-0.8966194001544062,0.5030549991969835
2024_11_IND_NYJ,2024,11,0.6346441110597625,4.001840324267354,0.5000543839376017
2024_11_BAL_PIT,2024,11,0.36214598417112676,-3.3767807146349713,0.4888670929411439
2024_11_MIN_TEN,2024,11,0.30903287426297915,-6.32855475294673,0.49029174488038174
2024_11_ATL_DEN,2024,11,0.5515714253493382,1.900727533036784,0.49706639796824764
2024_11_SEA_SF,2024,11,0.6911106190314754,6.356702205705276,0.5105397803757185
2024_11_KC_BUF,2024,11,0.5875339623726614,2.614840820224465,0.5033936523073064
2024_11_CIN_LAC,2024,11,0.5012104829351794,0.990730723935733,0.4997260810488745
2024_11_HOU_DAL,2024,11,0.27663434201057985,-7.663069189560769,0.49518121389783326
2024_12_PIT_CLE,2024,12,0.40243226468791476,-3.711825949025417,0.493740528912421
2024_12_KC_CAR,2024,12,0.176318974873006,-11.652580149101846,0.4807229289715311
2024_12_MIN_CHI,2024,12,0.4025793858781457,-3.3267742244759413,0.4903443462796824
2024_12_TEN_HOU,2024,12,0.7595430495882203,8.207343602878503,0.5061270279836474
2024_12_DET_IND,2024,12,0.23707180175099568,-7.630139241939223,0.48138533846867226
2024_12_NE_MIA,2024,12,0.7381637454505277,7.7571953958295055,0.5075999934127198
2024_12_TB_NYG,2024,12,0.2649818640639133,-6.930706150344725,0.48727424085006926
2024_12_DAL_WAS,2024,12,0.8053141368576654,10.740588772599173,0.5071093298662449
2024_12_DEN_LV,2024,12,0.2870426995974904,-6.8540965201445685,0.4895371942894952
2024_12_SF_GB,2024,12,0.727542078010619,6.640689336184519,0.5041574747160261
2024_12_ARI_SEA,2024,12,0.4677383652302901,-1.1464150212718147,0.4956733335274939
2024_12_PHI_LA,2024,12,0.39583867328331857,-3.2060450838675703,0.4939113404178818
2024_12_BAL_LAC,2024,12,0.35996200927427335,-3.281885288834255,0.49167053415948436
2024_13_CHI_DET,2024,13,0.8057837794745616,10.142636211607686,0.518983552872106
2024_13_NYG_DAL,2024,13,0.6512912982968914,4.570037142776042,0.5020696779345316
2024_13_MIA_GB,2024,13,0.5897421059688239,3.632617624771398,0.5039189575353874
2024_13_LV_KC,2024,13,0.8679037085061752,14.035100495826045,0.5158087649690298
2024_13_LAC_ATL,2024,13,0.46564074596114724,-1.0976756184260084,0.49711358563111363
2024_13_PIT_CIN,2024,13,0.6076330503927428,3.0776704308795946,0.5022952479903645
2024_13_HOU_JAX,2024,13,0.40620696568139536,-3.6694998217654837,0.4949911949017418
2024_13_ARI_MIN,2024,13,0.5919007436343617,3.625771830012193,0.5037166648032523
2024_13_IND_NE,2024,13,0.43991219440743135,-2.6013083149137817,0.4970062377155291
2024_13_SEA_NYJ,2024,13,0.5208568045752727,0.9346386257094563,0.4980684952712588
2024_13_TEN_WAS,2024,13,0.6995263646219011,6.127489286420468,0.5037674156057695
2024_13_TB_CAR,2024,13,0.27121143570103023,-7.077725494566251,0.4829326817110047
2024_13_LA_NO,2024,13,0.39651342560575203,-2.4976635564332224,0.5000690448977708
2024_13_PHI_BAL,2024,13,0.5969842721806442,3.106004341045366,0.5031325317763421
2024_13_SF_BUF,2024,13,0.7100387552152914,6.684909419422056,0.5054641391805618
2024_13_CLE_DEN,2024,13,0.712606879161241,6.7369876743192,0.507002929448709
2024_14_GB_DET,2024,14,0.5999489541720667,3.2712867833705492,0.5080163321718683
2024_14_NYJ_MIA,2024,14,0.7220529162267298,6.689905873306223,0.5056117765612282
2024_14_ATL_MIN,2024,14,0.6823801178525483,6.174276914542665,0.5051499628614902
2024_14_NO_NYG,2024,14,0.31679768822771015,-5.769992807118898,0.4920218987994353
2024_14_CAR_PHI,2024,14,0.8731684863884316,14.677738472901277,0.5200196297139713
2024_14_CLE_PIT,2024,14,0.682386353805684,6.1434882580912324,0.5042401818597464
2024_14_LV_TB,2024,14,0.7289715257070691,7.421905610825031,0.5124658215818215
2024_14_JAX_TEN,2024,14,0.5927211941365876,3.049139318054027,0.5014521265416905
2024_14_SEA_ARI,2024,14,0.5895180431831122,3.1025574562585923,0.5030306749578999
2024_14_BUF_LA,2024,14,0.3674637680263859,-3.874570283045123,0.4889323887369574
2024_14_CHI_SF,2024,14,0.6238921615253468,3.209386084869967,0.5061873787520154
2024_14_LAC_KC,2024,14,0.6748059686146854,5.18233839992795,0.5053881692914948
2024_14_CIN_DAL,2024,14,0.3051728338798547,-5.240848010779112,0.4928830105314656
2024_15_LA_SF,2024,15,0.5872913022657061,3.1271542620794106,0.5037575156479527
2024_15_DAL_CAR,2024,15,0.5858372851909415,2.3445901797085145,0.49540754231535883
2024_15_KC_CLE,2024,15,0.3398705244541909,-4.886170238586039,0.4885897312515226
2024_15_MIA_HOU,2024,15,0.5381684726035008,2.4342226538285656,0.4980562029147139
2024_15_NYJ_JAX,2024,15,0.3843509312288835,-3.6339516927711366,0.4960416209689396
2024_15_WAS_NO,2024,15,0.23537456124643247,-7.846877002628965,0.48975046838264014
2024_15_BAL_NYG,2024,15,0.0906483416066609,-17.147363644302988,0.4808769047998512
2024_15_CIN_TEN,2024,15,0.2778658292853359,-6.271959339264216,0.4919637969630883
2024_15_NE_ARI,2024,15,0.6867144684913153,6.217296612675688,0.5064211157828508
2024_15_IND_DEN,2024,15,0.672831282291585,4.716834505496534,0.5064074616893206
2024_15_BUF_DET,2024,15,0.5554869617511318,2.5454897142111443,0.5013442767392475
2024_15_TB_LAC,2024,15,0.5669965896299499,2.8242975837168522,0.49480791527618956
2024_15_PIT_PHI,2024,15,0.6824203651425049,5.789610557640075,0.5085577062851744
2024_15_GB_SEA,2024,15,0.3946805038384145,-3.248722131008969,0.49265035845141114
2024_15_CHI_MIN,2024,15,0.7235934327428852,7.321978128610398,0.5095139638564866
2024_15_ATL_LV,2024,15,0.2969758122750937,-6.736738927020727,0.4930044202210089
2024_16_DEN_LAC,2024,16,0.5795204478848633,2.9064024648809506,0.49723409518847417
2024_16_HOU_KC,2024,16,0.6304978079655978,3.7489138352401286,0.5073553056918693
2024_16_PIT_BAL,2024,16,0.7299416066983974,7.416791708525096,0.5123147721153243
2024_16_NYG_ATL,2024,16,0.7806596678052408,9.749747904098149,0.507379949290901
2024_16_ARI_CAR,2024,16,0.3011923996056092,-5.929126153832058,0.4873209080997585
2024_16_DET_CHI,2024,16,0.24589306079216927,-7.623889653101777,0.48156982272607024
2024_16_CLE_CIN,2024,16,0.7940086561017802,10.230986837500511,0.506825623675293
2024_16_TEN_IND,2024,16,0.6070946979535006,4.0336472559747,0.5009943184540887
2024_16_LA_NYJ,2024,16,0.3784839971754171,-3.1892284156529978,0.4944082412059589
2024_16_PHI_WAS,2024,16,0.36179531771690415,-4.169339905514405,0.4949959202595388
2024_16_MIN_SEA,2024,16,0.43045227593308866,-2.703721463875631,0.493979998455495
2024_16_NE_BUF,2024,16,0.8729653718113577,14.718644064169316,0.5212268262876417
2024_16_JAX_LV,2024,16,0.5879295683700599,2.495963742462266,0.49988072342500733
2024_16_SF_MIA,2024,16,0.44508064703060746,-2.088931375246314,0.4973719830339351
2024_16_TB_DAL,2024,16,0.3156048475886363,-4.919332507200748,0.48761018002532475
2024_16_NO_GB,2024,16,0.8829590361931144,14.48016781291699,0.514186582240278
2024_17_KC_PIT,2024,17,0.3824939135825765,-3.2643946169831897,0.49218730008325706
2024_17_BAL_HOU,2024,17,0.2982742634485875,-5.9353186280372165,0.48713800632822274
2024_17_SEA_CHI,2024,17,0.37870105359403167,-3.7015012303886667,0.49404560180801393
2024_17_LAC_NE,2024,17,0.3143959705645767,-6.2229283124258785,0.4934124824016651
2024_17_DEN_CIN,2024,17,0.5918906328847388,3.4622364123219453,0.49888403910097945
2024_17_ARI_LA,2024,17,0.7034275243302501,6.603264927150654,0.5030515810208976
2024_17_NYJ_BUF,2024,17,0.8130729957205756,10.617497936594143,0.5182414934074474
2024_17_TEN_JAX,2024,17,0.4666385804701092,-1.039492425585173,0.4988329499370349
2024_17_LV_NO,2024,17,0.4095371914150866,-2.0550910169232828,0.49837199445032404
2024_17_IND_NYG,2024,17,0.2875829449301649,-7.682439892705556,0.4946088317407241
2024_17_DAL_PHI,2024,17,0.7536225838692051,8.028078115605714,0.5156014054696567
2024_17_CAR_TB,2024,17,0.8028267238911903,10.145944111446003,0.5190811942843002
2024_17_MIA_CLE,2024,17,0.4260473345499012,-3.155155642494385,0.4954150530977418
2024_17_GB_MIN,2024,17,0.4465701075866286,-1.1677200929752767,0.49504378406368826
2024_17_ATL_WAS,2024,17,0.6278699415576514,3.6839887390000357,0.5054369344349353
2024_17_DET_SF,2024,17,0.332272367041174,-4.390826844917974,0.4884521795433126
2024_18_CLE_BAL,2024,18,0.9424674875750507,20.309181129394858,0.5238980274540413
2024_18_CIN_PIT,2024,18,0.38939066191850613,-2.6413742293410367,0.49582228691891056
2024_18_CAR_ATL,2024,18,0.7357558801872371,7.895938326858577,0.511698807174386
2024_18_WAS_DAL,2024,18,0.261113926167713,-7.373123209013395,0.48897513523330505
2024_18_CHI_GB,2024,18,0.8039338678193426,10.536454747408632,0.5158487533319951
2024_18_JAX_IND,2024,18,0.5948806192741805,3.6132759692542074,0.5033474106085407
2024_18_BUF_NE,2024,18,0.40983441188514763,-3.62565588700235,0.4815176841183647
2024_18_NYG_PHI,2024,18,0.6041540520042059,3.5142758203454685,0.5151938338307223
2024_18_NO_TB,2024,18,0.9013540535852218,15.19156249300294,0.5204276221703207
2024_18_HOU_TEN,2024,18,0.6211549413983387,2.437860129884492,0.4981636937815657
2024_18_SF_ARI,2024,18,0.6790984973849677,4.558599418781182,0.50173168239602
2024_18_KC_DEN,2024,18,0.8168181728428671,10.475405514903263,0.4992732018857603
2024_18_SEA_LA,2024,18,0.27499600704165916,-7.4414352663521495,0.5017306574155825
2024_18_LAC_LV,2024,18,0.2819818064904597,-7.284476991676051,0.4915939628710342
2024_18_MIA_NYJ,2024,18,0.5236928302300137,1.271758762378819,0.49325550058049467
2024_18_MIN_DET,2024,18,0.6111934005632161,3.316890707728822,0.5093636661385976
2024_19_LAC_HOU,2024,19,0.3859204148454642,-3.2053080320734475,0.49393311871416906
2024_19_PIT_BAL,2024,19,0.7970408747794164,10.077215968846032,0.5170522749208757
2024_19_DEN_BUF,2024,19,0.7314675305222974,7.6746278167924435,0.5051603316063702
2024_19_GB_PHI,2024,19,0.6605944085750998,5.53440713962248,0.5010167739172203
2024_19_WAS_TB,2024,19,0.608897647761708,3.179948553955497,0.5053175526413537
2024_19_MIN_LA,2024,19,0.4364384286557299,-2.5707813526921957,0.49790833000894785
2024_20_HOU_KC,2024,20,0.8018539395959208,9.694852712358054,0.5057579471441953
2024_20_WAS_DET,2024,20,0.7588621368258686,8.8209079175362,0.5094823467132019
2024_20_LA_PHI,2024,20,0.7139545786561048,7.230995348737525,0.506825875156426
2024_20_BAL_BUF,2024,20,0.455953816429406,-1.5135804803443726,0.49959867949009173
2024_21_WAS_PHI,2024,21,0.6749832565504386,6.1193161175039394,0.5035258980965012
2024_21_BUF_KC,2024,21,0.5187319792313252,1.1861114853574133,0.4907250283021497
2024_22_KC_PHI,2024,22,0.4334895275559871,-1.3148242023389058,0.5054720102590613
2025_01_DAL_PHI,2025,1,0.7609970847101125,9.03271124671076,0.5157382147944611
2025_01_KC_LAC,2025,1,0.375359443783193,-3.0439897735020414,0.4987000481852423
2025_01_TB_ATL,2025,1,0.41282055529552997,-1.8325255955454176,0.49017443656698845
2025_01_CIN_CLE,2025,1,0.30070616046140747,-5.8333764978171585,0.49014929896201487
2025_01_MIA_IND,2025,1,0.5003044057144004,1.333457296887476,0.4950785747749801
2025_01_CAR_JAX,2025,1,0.6584560782432877,4.681210862990728,0.5053548521520727
2025_01_LV_NE,2025,1,0.569006913171797,2.3608999293917297,0.4958894875944906
2025_01_ARI_NO,2025,1,0.26600033939280365,-6.4001014922411885,0.48817821941867745
2025_01_PIT_NYJ,2025,1,0.40642180418847557,-3.0635745714588603,0.49812129697999563
2025_01_NYG_WAS,2025,1,0.6940887455727329,6.31837877301522,0.5094076282023864
2025_01_TEN_DEN,2025,1,0.78267885239631,9.048855407047084,0.5162149127499833
2025_01_SF_SEA,2025,1,0.4137080565236926,-2.6189769604653805,0.4964841240377872
2025_01_DET_GB,2025,1,0.5108193846953161,1.2701661499081043,0.4932084436162636
2025_01_HOU_LA,2025,1,0.6290977310143858,3.5938404788250273,0.5027730839360172
2025_01_BAL_BUF,2025,1,0.4606761044588155,-1.5008390051148497,0.49997520632492065
2025_01_MIN_CHI,2025,1,0.4647679855555611,-1.74299371134533,0.4928196125135184
2025_02_WAS_GB,2025,2,0.6034009973795644,3.6184042748994387,0.5034989530247487
2025_02_CLE_BAL,2025,2,0.854103873492093,13.245359858261445,0.5220151523544333
2025_02_JAX_CIN,2025,2,0.6173198360442651,3.6364963741983716,0.5040335738520672
2025_02_NYG_DAL,2025,2,0.6574188891720518,4.692135531145813,0.505677659208714
2025_02_CHI_DET,2025,2,0.7387553268277659,6.709544796943302,0.5209583072165059
2025_02_NE_MIA,2025,2,0.5795630926212291,1.730901562390697,0.506823104055352
2025_02_SF_NO,2025,2,0.4139617115173884,-3.2029214485527273,0.4940036372511906
2025_02_BUF_NYJ,2025,2,0.2564848382644067,-6.577754776211721,0.48293181719292755
2025_02_SEA_PIT,2025,2,0.6102897190495948,3.4267556696262775,0.4978355469013892
2025_02_LA_TEN,2025,2,0.29350893084444707,-6.001130004304971,0.4851943672250501
2025_02_CAR_ARI,2025,2,0.744073282298519,7.579118809315286,0.5171084547470727
2025_02_DEN_IND,2025,2,0.38697184685482017,-2.705842539615763,0.4939173251633659
2025_02_PHI_KC,2025,2,0.45816117072485624,-1.7213157618796766,0.4934601288845933
2025_02_ATL_MIN,2025,2,0.571184004178923,3.4127808635510535,0.49742258080525203
2025_02_TB_HOU,2025,2,0.5445799988683881,2.1136769979265466,0.48858521874223376
2025_02_LAC_LV,2025,2,0.37316740786765323,-3.759046056483795,0.49234532719175145
2025_03_MIA_BUF,2025,3,0.836740896627696,13.09979597039022,0.5177189090709242
2025_03_ATL_CAR,2025,3,0.2994934961384432,-6.037177811764694,0.48412989607707735
2025_03_GB_CLE,2025,3,0.2239333391299247,-9.10374108424449,0.482164623531367
2025_03_HOU_JAX,2025,3,0.5526608501115301,1.476508825057718,0.4993058060613784
2025_03_CIN_MIN,2025,3,0.5822141075365563,2.956588426587068,0.498717134648465
2025_03_PIT_NE,2025,3,0.44992394340481545,-1.5476266308373807,0.4985925750147369
2025_03_LA_PHI,2025,3,0.616620981017011,3.7775467660746713,0.5082012844575681
2025_03_NYJ_TB,2025,3,0.7241999188635344,7.010552308580807,0.5150838785272375
2025_03_IND_TEN,2025,3,0.29148900409638223,-6.514541324132286,0.48479832588640387
2025_03_LV_WAS,2025,3,0.5731956790272096,2.6974360119982865,0.5058342788979826
2025_03_DEN_LAC,2025,3,0.5749642021841909,2.424503662805982,0.49776899822711246
2025_03_NO_SEA,2025,3,0.7680950450155674,7.832346582503433,0.509820274972145
2025_03_DAL_CHI,2025,3,0.39590217354374696,-1.8142684844580224,0.4907138027461352
2025_03_ARI_SF,2025,3,0.5042989043474669,1.355493307540106,0.4957297238130621
2025_03_KC_NYG,2025,3,0.2812578865504339,-6.387456005460947,0.4885517507884462
2025_03_DET_BAL,2025,3,0.5923934153235777,4.434009946086649,0.4980499172035222
2025_04_SEA_ARI,2025,4,0.4396102442050474,-1.5274371202077786,0.49918919853570853
2025_04_MIN_PIT,2025,4,0.4466083802662138,-2.6445841898368134,0.4957274337976441
2025_04_WAS_ATL,2025,4,0.5560314091277196,2.252806313370855,0.4926955183211469
2025_04_NO_BUF,2025,4,0.9098658680427513,16.34063637995932,0.5248258364449502
2025_04_CLE_DET,2025,4,0.832923238663936,10.85969644674404,0.5253879699843056
2025_04_TEN_HOU,2025,4,0.7522210264778785,7.900734883422973,0.5118404898699287
2025_04_CAR_NE,2025,4,0.6757814313072802,5.5380429223050704,0.5011242155622699
2025_04_LAC_NYG,2025,4,0.28870561400490746,-6.4973112112817235,0.48530714031346556
2025_04_PHI_TB,2025,4,0.38868283757942274,-3.5396464026577634,0.49882839973699045
2025_04_IND_LA,2025,4,0.6256377643564445,3.5741527728023343,0.5021912983351762
2025_04_JAX_SF,2025,4,0.6129842500522762,3.677911639985294,0.5052573645131574
2025_04_BAL_KC,2025,4,0.3989703864151543,-2.8144335508859997,0.4907089261441328
2025_04_CHI_LV,2025,4,0.577055038750877,1.610723650018239,0.5032719889038041
2025_04_GB_DAL,2025,4,0.29211589020819917,-7.41862179555044,0.48763117235205916
2025_04_NYJ_MIA,2025,4,0.5959524480815149,2.5544405317584444,0.5016087830385897
2025_04_CIN_DEN,2025,4,0.744354576230595,7.862287798410264,0.5107047832751083
2025_05_SF_LA,2025,5,0.7840090186129506,8.730100966188287,0.506799448861105
2025_05_MIN_CLE,2025,5,0.39337497468223315,-3.6922466619068683,0.4943190570678264
2025_05_HOU_BAL,2025,5,0.3990562905693365,-2.3946696705555284,0.5031126144809109
2025_05_MIA_CAR,2025,5,0.42443194026348946,-1.7844659120420538,0.491594290215718
2025_05_LV_IND,2025,5,0.6904115131779146,7.195612986201489,0.5057804118601746
2025_05_NYG_NO,2025,5,0.5555610640327648,1.5994223913143137,0.5029380323682688
2025_05_DAL_NYJ,2025,5,0.5497738616542814,1.4914876566184248,0.4997484493736906
2025_05_DEN_PHI,2025,5,0.6101365773063425,3.6121087820443942,0.5033129199341801
2025_05_TEN_ARI,2025,5,0.7682800335548203,8.097023523656482,0.5176370601712588
2025_05_TB_SEA,2025,5,0.5993899959890093,3.317396049507882,0.49460398406621614
2025_05_DET_CIN,2025,5,0.14788807062295567,-11.370796368505998,0.47428468615539476
2025_05_WAS_LAC,2025,5,0.5615717568171895,2.4820781863542223,0.4994703876218748
2025_05_NE_BUF,2025,5,0.7592477547703758,8.178439704257315,0.5200403258741348
2025_05_KC_JAX,2025,5,0.3683969150152661,-3.6758805620802386,0.4948026512861585
2025_06_PHI_NYG,2025,6,0.2683192640498175,-7.740503056739429,0.4781281551776176
2025_06_DEN_NYJ,2025,6,0.2884956644630672,-7.889361468607422,0.48849546521408244
2025_06_LA_BAL,2025,6,0.24477331973458177,-7.186300304098007,0.4944947622813451
2025_06_DAL_CAR,2025,6,0.37454382715533235,-3.278684145807625,0.4917651116470769
2025_06_ARI_IND,2025,6,0.7620382413053497,8.72781143560778,0.5067318000315504
2025_06_SEA_JAX,2025,6,0.4364075455604242,-1.6903036921229617,0.4943764685490616
2025_06_LAC_MIA,2025,6,0.3955466848034765,-3.7317328788936983,0.4931523330839074
2025_06_NE_NO,2025,6,0.36114214726203125,-3.638284278314742,0.49591359402881247
2025_06_CLE_PIT,2025,6,0.7025651595070812,5.631811149315221,0.5038951262962713
2025_06_TEN_LV,2025,6,0.644352092024158,3.761039043793542,0.5077135572090196
2025_06_CIN_GB,2025,6,0.8753063554989668,14.590232711783953,0.5174365769086965
2025_06_SF_TB,2025,6,0.6531783229564956,3.830423726437365,0.5097634692310713
2025_06_DET_KC,2025,6,0.5320709627434529,2.1423127431664897,0.4894311202901476
2025_06_BUF_ATL,2025,6,0.32872333175311286,-3.9209814424869878,0.48756147547089485
2025_06_CHI_WAS,2025,6,0.720679648078467,6.068280523372554,0.5167884586090248
2025_07_PIT_CIN,2025,7,0.29757335338829805,-5.807809834366073,0.4909046134702143
2025_07_LA_JAX,2025,7,0.39636646829281125,-3.158159249369028,0.49532629864605554
2025_07_NO_CHI,2025,7,0.6244569101317772,4.508670340303107,0.5002562196366359
2025_07_MIA_CLE,2025,7,0.5581506556873129,2.3517687912481398,0.4956196660584419
2025_07_LV_KC,2025,7,0.8713541298507163,13.977427090201473,0.5141056412986125
2025_07_PHI_MIN,2025,7,0.41771809675477123,-2.71704421473269,0.4935863419344183
2025_07_CAR_NYJ,2025,7,0.5771582928523616,1.5072359864169818,0.5002138326506608
2025_07_NE_TEN,2025,7,0.27116645053873845,-6.908525961340347,0.48792937720211266
2025_07_NYG_DEN,2025,7,0.7482959487323546,7.951963971918915,0.5133536193260761
2025_07_IND_LAC,2025,7,0.570596824581901,2.376053221657321,0.49633726550298596
2025_07_GB_ARI,2025,7,0.2619187053924519,-7.3752892658046205,0.48891115006853914
2025_07_WAS_DAL,2025,7,0.521292254971507,1.3038772739985687,0.4942045262616264
2025_07_ATL_SF,2025,7,0.5304008410247429,1.3680183368501955,0.49609983504214233
2025_07_TB_DET,2025,7,0.6914230053953374,6.156471112474483,0.5046238181348602
2025_07_HOU_SEA,2025,7,0.6019959440272437,3.0229942509504535,0.5006795092203505
2025_08_MIN_LAC,2025,8,0.5910977975117646,2.9546705082,0.498660458011306
2025_08_MIA_ATL,2025,8,0.6997335035879474,7.199276732384786,0.5058886686702222
2025_08_CHI_BAL,2025,8,0.5865274359220427,2.5661830431578383,0.5019557858073506
2025_08_BUF_CAR,2025,8,0.25476967559340513,-7.483306169056416,0.4857207343474555
2025_08_NYJ_CIN,2025,8,0.6412059178514709,5.452358691205869,0.4985921412650268
2025_08_SF_HOU,2025,8,0.6145550707902022,2.5778000948020257,0.5022990796617232
2025_08_CLE_NE,2025,8,0.7482638202645097,7.204594401143375,0.5060457950085048
2025_08_NYG_PHI,2025,8,0.7226718780837497,7.451187735915252,0.5133306933881475
2025_08_TB_NO,2025,8,0.32680448106458804,-5.000240349682191,0.48522063958284833
2025_08_DAL_DEN,2025,8,0.5877548473888736,3.6893301346133636,0.5055947644240858
2025_08_TEN_IND,2025,8,0.8938188489942213,16.292174208525747,0.5233963343632737
2025_08_GB_PIT,2025,8,0.3881630418962769,-3.298455790058518,0.491180967770448
2025_08_WAS_KC,2025,8,0.8037532260103429,10.756907908024619,0.5075914993200179
2025_09_BAL_MIA,2025,9,0.2461485554221865,-7.726953715664501,0.4932935430956023
2025_09_CHI_CIN,2025,9,0.41618306844833436,-2.9713850135538427,0.5008456088443219
2025_09_MIN_DET,2025,9,0.8207172178921374,10.307654516122671,0.5238529948924452
2025_09_CAR_GB,2025,9,0.844444923819809,13.066452750371647,0.5167344932573519
2025_09_DEN_HOU,2025,9,0.5536901954786185,1.3474184827900015,0.49549111685397174
2025_09_ATL_NE,2025,9,0.6926947644530121,5.678327690533757,0.5052696582693079
2025_09_SF_NYG,2025,9,0.40630937643936516,-2.6991063992281794,0.49411636434469336
2025_09_IND_PIT,2025,9,0.3743865054844399,-3.823982658444119,0.4904268166715826
2025_09_LAC_TEN,2025,9,0.17800040438892142,-10.720031079434657,0.47873224378151974
2025_09_NO_LA,2025,9,0.8854067249634234,14.542324288165458,0.5160220673800382
2025_09_JAX_LV,2025,9,0.4128754837924325,-2.72568700636911,0.4933309707168538
2025_09_KC_BUF,2025,9,0.4096359012060954,-2.474132114194475,0.5007644286694379
2025_09_SEA_WAS,2025,9,0.4149591906820276,-2.6610292411846515,0.4952414926406214
2025_09_ARI_DAL,2025,9,0.6222053532890536,3.4924577153918097,0.4997771158470743
2025_10_LV_DEN,2025,10,0.7915554535024795,10.050642778819213,0.5162676880970357
2025_10_ATL_IND,2025,10,0.7035421191280596,6.946093834390867,0.5131802451797742
2025_10_NO_CAR,2025,10,0.7145120468369731,5.729842321209002,0.5067918066798132
2025_10_NYG_CHI,2025,10,0.6238736573833703,4.618594196297496,0.5035045652289564
2025_10_JAX_HOU,2025,10,0.44567748143067704,-1.49160977631879,0.5002479418335539
2025_10_BUF_MIA,2025,10,0.21359864014682967,-9.00956308200568,0.48494533352698643
2025_10_BAL_MIN,2025,10,0.2942885618108677,-4.976647360413881,0.4859173863335929
2025_10_CLE_NYJ,2025,10,0.5281658207573808,-1.3419071506249485,0.5046717392837266
2025_10_NE_TB,2025,10,0.5763006202847786,2.722981757407277,0.5065890967505737
2025_10_ARI_SEA,2025,10,0.7377321256269378,7.323542479085389,0.509560179205163
2025_10_LA_SF,2025,10,0.292027952475533,-5.798053691806961,0.491192847388915
2025_10_DET_WAS,2025,10,0.20734385919977164,-9.051219089424672,0.4837152953627222
2025_10_PIT_LAC,2025,10,0.5990159277647925,3.1460672794891615,0.5043163908606325
2025_10_PHI_GB,2025,10,0.5573606575709552,1.47225058065771,0.49917996971580947
2025_11_NYJ_NE,2025,11,0.8227122757694955,12.665792045874959,0.5048992440231227
2025_11_WAS_MIA,2025,11,0.5830991214983311,2.683558241182118,0.5054242138520448
2025_11_CAR_ATL,2025,11,0.6251601496988927,4.566537815947556,0.5019662696707445
2025_11_TB_BUF,2025,11,0.7132944467754833,6.132245055842452,0.5039079481763704
2025_11_LAC_JAX,2025,11,0.3912919181311286,-3.2378139031695437,0.4929726582061081
2025_11_CHI_MIN,2025,11,0.5857855719584196,2.9004895272474664,0.49705936478313456
2025_11_GB_NYG,2025,11,0.2343963699457263,-8.12706032060951,0.4814762259545127
2025_11_CIN_PIT,2025,11,0.670059641246848,5.672763609966826,0.5051052464681434
2025_11_HOU_TEN,2025,11,0.3205084001982421,-6.104480282807291,0.48214280112791247
2025_11_SF_ARI,2025,11,0.3480353214193585,-3.6726814693785954,0.4948971806927184
2025_11_SEA_LA,2025,11,0.6132218267395473,3.051859297203182,0.5015325048447072
2025_11_BAL_CLE,2025,11,0.22507261798351935,-8.048532033762024,0.48379463545476203
2025_11_KC_DEN,2025,11,0.3602621476430901,-3.661575078924905,0.495225363588059
2025_11_DET_PHI,2025,11,0.5281845083000627,2.275280290296465,0.49335955159446215
2025_11_DAL_LV,2025,11,0.3523773956588223,-3.6794022717155035,0.4946985892683649
2025_12_BUF_HOU,2025,12,0.2763536633447784,-5.8578111110721265,0.4894274615237635
2025_12_NYJ_BAL,2025,12,0.8640771218127679,14.41364396450607,0.5122217962378832
2025_12_PIT_CHI,2025,12,0.5582553657092068,2.883338115363596,0.496552534886445
2025_12_NE_CIN,2025,12,0.24885000768252008,-7.776476948468175,0.49183032336722493
2025_12_NYG_DET,2025,12,0.8885128581463054,14.751594632108784,0.5221991149420404
2025_12_MIN_GB,2025,12,0.7404016837660279,7.004395310282308,0.5149020598534311
2025_12_IND_KC,2025,12,0.6334046396914711,3.5792690204650888,0.5023424875608058
2025_12_SEA_TEN,2025,12,0.14701356741894206,-13.319242351857852,0.4758051908184957
2025_12_JAX_ARI,2025,12,0.3898157809731998,-2.633076588557817,0.49606748015391283
2025_12_CLE_LV,2025,12,0.637091604541707,3.001062821008806,0.5000314077212202
2025_12_PHI_DAL,2025,12,0.41715820482202526,-3.3583468949597863,0.48941163399271254
2025_12_ATL_NO,2025,12,0.5414774462637381,1.3716457070646442,0.4962070234920512
2025_12_TB_LA,2025,12,0.7130114416702206,7.144375670316973,0.5042664045365143
2025_12_CAR_SF,2025,12,0.7327753642120342,7.844648606688271,0.510183701260135
2025_13_GB_DET,2025,13,0.6005092500649583,2.667419830182407,0.5049473434699647
2025_13_KC_DAL,2025,13,0.35689256141375275,-3.9460143415281603,0.4868221026541446
2025_13_CIN_BAL,2025,13,0.7100955050902202,7.3516438103440525,0.5103903497524668
2025_13_CHI_PHI,2025,13,0.7236536950834508,7.390794106691953,0.5115468534055013
2025_13_LA_CAR,2025,13,0.20571010085309413,-10.61670007181745,0.4817820598978292
2025_13_SF_CLE,2025,13,0.29056545736843575,-5.954134856945419,0.48658226435739976
2025_13_HOU_IND,2025,13,0.5816125013067996,3.131310142506496,0.5038803216067849
2025_13_NO_MIA,2025,13,0.7134564823900557,5.908633345576029,0.512073794686481
2025_13_ATL_NYJ,2025,13,0.4389354791611004,-3.0606325963846595,0.4982082351891645
2025_13_ARI_TB,2025,13,0.6734674192835063,4.78551537838284,0.5084367159482781
2025_13_JAX_TEN,2025,13,0.2875048851978389,-6.577910275158507,0.48292722620738243
2025_13_MIN_SEA,2025,13,0.8407912408252535,12.895650769200694,0.5116903131288342
2025_13_LV_LAC,2025,13,0.8060538020008677,10.425424352401803,0.5125697537069497
2025_13_BUF_PIT,2025,13,0.3701560042818982,-3.3531732560071092,0.4895644685673205
2025_13_DEN_WAS,2025,13,0.28868445789544805,-6.792419687612783,0.49135929961402774
2025_13_NYG_NE,2025,13,0.7332285610230977,7.299897641273679,0.5088616303168713
2025_14_DAL_DET,2025,14,0.6119287745373602,3.9283376188624173,0.5126558014304857
2025_14_SEA_ATL,2025,14,0.28098189375869026,-7.401334249246426,0.4881418059161564
2025_14_PIT_BAL,2025,14,0.6955820736897547,5.793898611548949,0.5086843941779366
2025_14_TEN_CLE,2025,14,0.6587766847322746,4.724981540970675,0.5066481847814887
2025_14_CHI_GB,2025,14,0.7325820702215721,6.893628160702602,0.5116305679915959
2025_14_IND_JAX,2025,14,0.4178968772433162,-2.7740841383014234,0.4919010192712552
2025_14_WAS_MIN,2025,14,0.42269927044751027,-1.716679672208355,0.4935971132427947
2025_14_MIA_NYJ,2025,14,0.43530934066527033,-2.7605878734843583,0.49229977296319427
2025_14_NO_TB,2025,14,0.7644175396160393,8.027856794810809,0.5155948701566311
2025_14_DEN_LV,2025,14,0.23052941698758653,-9.091672681188903,0.48252091090237476
2025_14_LA_ARI,2025,14,0.1881874244482268,-10.030954046923265,0.48431367242923834
2025_14_CIN_BUF,2025,14,0.6837541666751488,6.405521664975145,0.5119818823373598
2025_14_HOU_KC,2025,14,0.667873714777312,4.653973464575554,0.5045500143211848
2025_14_PHI_LAC,2025,14,0.4646744772984397,-1.6400251499929257,0.4958621517753286
2025_15_ATL_TB,2025,15,0.7104332795645211,6.297203597200074,0.5087820373317054
2025_15_CLE_CHI,2025,15,0.7444924718526728,7.776892934815146,0.5081819669802362
2025_15_BAL_CIN,2025,15,0.3969070372383594,-2.7010281627932713,0.49405958000749134
2025_15_ARI_HOU,2025,15,0.8187305679984157,10.886098300475622,0.5114081437546437
2025_15_NYJ_JAX,2025,15,0.8706824123274628,14.029183343746993,0.5156340413454752
2025_15_LAC_KC,2025,15,0.7151527819410697,5.773615938400186,0.5080851476687219
2025_15_BUF_NE,2025,15,0.37571075889091166,-2.7952862805455743,0.49127460818936375
2025_15_WAS_NYG,2025,15,0.5533707757297454,2.3130192919147143,0.4944746573940693
2025_15_LV_PHI,2025,15,0.8407336634341701,13.069228191918144,0.5168164385852734
2025_15_GB_DEN,2025,15,0.4472356106379471,-1.6481259609654213,0.4956227760779033
2025_15_DET_LA,2025,15,0.6504107225829571,5.577662876169381,0.502295024742702
2025_15_CAR_NO,2025,15,0.39093258093396865,-2.5737320251026135,0.49782113511141735
2025_15_IND_SEA,2025,15,0.8691141203101287,13.745592387886726,0.5072571691321599
2025_15_TEN_SF,2025,15,0.8646429475084899,13.178871411087274,0.5200530672536829
2025_15_MIN_DAL,2025,15,0.7089110909584646,5.602145611414446,0.503018504765362
2025_15_MIA_PIT,2025,15,0.5994940947185372,2.8443164793513076,0.495399454656319
2025_16_LA_SEA,2025,16,0.5087473293991822,1.275525732624,0.49336680372570935
2025_16_GB_CHI,2025,16,0.5187560902067622,1.222449844183305,0.491798615392384
2025_16_PHI_WAS,2025,16,0.2934550077620117,-7.382978648260034,0.48868400856956257
2025_16_NE_BAL,2025,16,0.6220827191006985,3.65149025634637,0.5044766370356351
2025_16_TB_CAR,2025,16,0.3899749035884259,-3.332156042455032,0.49018535402514957
2025_16_BUF_CLE,2025,16,0.15891863599266803,-11.255070913063067,0.47769831632563214
2025_16_LAC_DAL,2025,16,0.5712406666390899,1.3981386564802265,0.49698989547500716
2025_16_NYJ_NO,2025,16,0.6835203479251605,6.561174226271768,0.5018077705044228
2025_16_MIN_NYG,2025,16,0.4166821141673206,-2.673301112780328,0.4948788709403561
2025_16_KC_TEN,2025,16,0.38511841632163807,-4.050002071083377,0.4837512299116058
2025_16_ATL_ARI,2025,16,0.4072228695797399,-2.546821206825344,0.49861637617963406
2025_16_JAX_DEN,2025,16,0.6037576840760689,3.573199813755581,0.5021631375949122
2025_16_PIT_DET,2025,16,0.742373447443325,7.852438038389311,0.5104138122290569
2025_16_LV_HOU,2025,16,0.8873991018433792,15.162276443179834,0.5195632693581399
2025_16_CIN_MIA,2025,16,0.3399312826151634,-3.5543640203661617,0.4983934779526306
2025_16_SF_IND,2025,16,0.3072965626676297,-4.558682090544675,0.4982658745705945
2025_17_DAL_WAS,2025,17,0.20193190901407929,-8.726885646158042,0.4932955543525009
2025_17_DET_MIN,2025,17,0.21482369017341568,-7.580494591040396,0.48285092662148793
2025_17_DEN_KC,2025,17,0.13413231791484617,-13.734634956802001,0.4930665857595537
2025_17_SEA_CAR,2025,17,0.28931952498496094,-7.052056047390346,0.48369058282346733
2025_17_ARI_CIN,2025,17,0.7363217595893923,7.243562724255935,0.5071971998162829
2025_17_PIT_CLE,2025,17,0.32111408900834343,-5.073390161994631,0.4830606799563833
2025_17_BAL_GB,2025,17,0.5813307101673568,2.566396000544813,0.5019620788948593
2025_17_JAX_IND,2025,17,0.34409640909151834,-3.5547107043306805,0.4983832330813122
2025_17_HOU_LAC,2025,17,0.5445130211568766,1.492833735386575,0.4997882277175872
2025_17_NYG_LV,2025,17,0.41248593093208114,-3.0450336385542816,0.49866920080445376
2025_17_TB_MIA,2025,17,0.30034872340790336,-5.715479788615909,0.49363256679712986
2025_17_NE_NYJ,2025,17,0.16022743408108953,-12.912572308537904,0.48780985774390434
2025_17_NO_TEN,2025,17,0.4515818716623703,-1.6786629935529094,0.49472043396334464
2025_17_PHI_BUF,2025,17,0.6325718761425061,3.034709039837241,0.5010256954257768
2025_17_CHI_SF,2025,17,0.6373610177139526,3.6662703070544653,0.5049133761843395
2025_17_LA_ATL,2025,17,0.22592172806120758,-8.140253520732506,0.4810867792565911
2025_18_NO_ATL,2025,18,0.6387142491996294,4.624921103205079,0.5036915258207872
2025_18_NYJ_BUF,2025,18,0.8587495409419909,13.189352348155293,0.5203623949279583
2025_18_DET_CHI,2025,18,0.5718696410771094,3.3861016422253183,0.49663419766502037
2025_18_CLE_CIN,2025,18,0.8257839041818894,10.09219433914867,0.5174944899464813
2025_18_LAC_DEN,2025,18,0.8988398567029764,14.826686434703687,0.5096530601798668
2025_18_IND_HOU,2025,18,0.810932846349033,9.636896832432434,0.5040454072988287
2025_18_TEN_JAX,2025,18,0.8538447588070592,13.080321842125315,0.5171439731428036
2025_18_ARI_LA,2025,18,0.8926864557715918,15.236318118099657,0.521748359387502
2025_18_KC_LV,2025,18,0.39787261355790127,-3.9397959558935547,0.48700576503854476
2025_18_GB_MIN,2025,18,0.87451907799733,12.699510230217653,0.5058955680774752
2025_18_MIA_NE,2025,18,0.877658936127578,14.26616405672584,0.5078649790316606
2025_18_DAL_NYG,2025,18,0.356509116439558,-3.178603810462321,0.49472218274632496
2025_18_WAS_PHI,2025,18,0.599038519506894,3.425080796179159,0.5125596062165424
2025_18_BAL_PIT,2025,18,0.33757468935676116,-4.742152110122845,0.4928444788923838
2025_18_SEA_SF,2025,18,0.4411039971709828,-2.600651567568094,0.49702564489732165
2025_18_CAR_TB,2025,18,0.6130360163321074,3.2991259232299486,0.5088388306727843
2025_19_GB_CHI,2025,19,0.40080109656649515,-2.592484322345579,0.49726699126959867
2025_19_BUF_JAX,2025,19,0.5293393940648965,1.3393172188072167,0.4952517302500999
2025_19_SF_PHI,2025,19,0.649892652874221,6.026604596661802,0.5007861993771371
2025_19_LAC_NE,2025,19,0.6353685903293038,3.6977921879713906,0.505844803226301
2025_19_HOU_PIT,2025,19,0.40558456231846973,-3.0790139516680908,0.49766504991911986
2025_19_LA_CAR,2025,19,0.18167050068890062,-10.704060655880573,0.4792035342047648
2025_20_BUF_DEN,2025,20,0.5356397870615953,1.3893372465319633,0.4967298106067107
2025_20_SF_SEA,2025,20,0.6814616512048075,6.659450786946781,0.5047118653019796
2025_20_LA_CHI,2025,20,0.3404950647463956,-3.878763661360071,0.48880851726572544
2025_20_HOU_NE,2025,20,0.6072966918915178,3.084757098955091,0.5025046643112867
2025_21_NE_DEN,2025,21,0.35676562932076195,-3.7047192233091675,0.49395051676055607
2025_21_LA_SEA,2025,21,0.5502656044942801,2.4971774662884183,0.49991659051650333
2025_22_SEA_NE,2025,22,0.3494121422894483,-4.669531979567922,0.49499024467243186
2026_01_NE_SEA,2026,1,0.5988538152545491,3.1593024367822125,0.5047074816702167
2026_01_SF_LA,2026,1,0.6273896139111459,3.820371809303726,0.5094665084966151
2026_01_CHI_CAR,2026,1,0.386364824618064,-3.247663875093939,0.4926816259836947
2026_01_TB_CIN,2026,1,0.6106190118640591,3.5409079524616334,0.501208880508601
2026_01_NO_DET,2026,1,0.7316764879381268,7.326635695738675,0.5096515612173891
2026_01_BUF_HOU,2026,1,0.43735004431549995,-1.6334910542637366,0.49605523275868885
2026_01_BAL_IND,2026,1,0.36753242983650924,-3.159376541555629,0.495290328591403
2026_01_CLE_JAX,2026,1,0.7959948959789165,9.005741957544721,0.5149418271629839
2026_01_ATL_PIT,2026,1,0.7339688654079102,6.701773840091019,0.5059624532590965
2026_01_NYJ_TEN,2026,1,0.5348901720346815,1.4758135813299045,0.4992852607513232
2026_01_ARI_LAC,2026,1,0.763633188101418,8.787706502118855,0.5085014518684038
2026_01_MIA_LV,2026,1,0.5897453146029017,2.64949751119376,0.48964336635716776
2026_01_GB_MIN,2026,1,0.5430956615390631,1.466374321444746,0.4990063191842965
2026_01_WAS_PHI,2026,1,0.6764045442962627,6.255501064856284,0.5075499327897661
2026_01_DAL_NYG,2026,1,0.3661718638822386,-3.0897068756926536,0.4973490665046708
2026_01_DEN_KC,2026,1,0.5891176092687328,2.473572947139083,0.49921904725932004
2026_02_DET_BUF,2026,2,0.6527988302023706,5.581272764216705,0.5024016997067366
2026_02_CAR_ATL,2026,2,0.4164062152341636,-2.2937091060981056,0.5060959227362529
2026_02_NO_BAL,2026,2,0.765513427890435,8.935948588611128,0.5128806001231462
2026_02_MIN_CHI,2026,2,0.65744001166394,4.544019339499731,0.5013008255231932
2026_02_CIN_HOU,2026,2,0.6036627391072663,3.113045697286459,0.5033406060161975
2026_02_PIT_NE,2026,2,0.6675563229397714,4.744515151750926,0.5072253406696302
2026_02_GB_NYJ,2026,2,0.3786106201558815,-3.871331375431586,0.4890280660853936
2026_02_CLE_TB,2026,2,0.7879116258537134,8.980339220183838,0.5141916443402781
2026_02_PHI_TEN,2026,2,0.2828234966304343,-7.559118135746883,0.4834820657328225
2026_02_JAX_DEN,2026,2,0.5848821158391715,2.3785890343228537,0.4964121989190137
2026_02_LV_LAC,2026,2,0.7043466172710426,6.677308452217851,0.5052395410851122
2026_02_SEA_ARI,2026,2,0.384380911244952,-3.8640135164141425,0.489244237996704
2026_02_WAS_DAL,2026,2,0.6123734794116795,3.461880456110874,0.49887352018085174
2026_02_MIA_SF,2026,2,0.8488386047022877,12.82313753094319,0.5095482159011171
2026_02_IND_KC,2026,2,0.6973701961742644,6.198399268378026,0.5058627412980872
2026_02_NYG_LA,2026,2,0.7160341903916817,6.788718217967018,0.5085313425541341
2026_03_ATL_GB,2026,3,0.663011867908126,4.677252207277648,0.50523787911844
2026_03_LAC_BUF,2026,3,0.7247515020505947,7.419075782863275,0.5123822370986129
2026_03_CAR_CLE,2026,3,0.40864367734229357,-2.773351267537848,0.49192267208931306
2026_03_NYJ_DET,2026,3,0.73419531565961,7.372672078082179,0.5110115383550632
2026_03_HOU_IND,2026,3,0.44313645927526374,-1.5618819357291018,0.4981713159924354
2026_03_NE_JAX,2026,3,0.5855548254971538,2.965788721243094,0.49898901400337337
2026_03_KC_MIA,2026,3,0.19739843097183976,-10.371713602761153,0.4890167750550431
2026_03_TEN_NYG,2026,3,0.6007539761532212,2.6394556930067403,0.5041210209433223
2026_03_CIN_PIT,2026,3,0.3693914878554711,-3.80643204926784,0.4909453182487372
2026_03_SEA_WAS,2026,3,0.25624937038173934,-8.911485627573908,0.4878419556041296
2026_03_ARI_SF,2026,3,0.7577962130546001,7.915335571951166,0.5122717618470476
2026_03_MIN_TB,2026,3,0.45088960459365557,-1.6053890820749153,0.4968856493565291
2026_03_BAL_DAL,2026,3,0.4025767423015545,-3.3161605636193796,0.4906579046245662
2026_03_LV_NO,2026,3,0.6036898609927956,3.5481382277429496,0.501422543233586
2026_03_LA_DEN,2026,3,0.5434375496825024,1.2883894761636627,0.4937468942196832
2026_03_PHI_CHI,2026,3,0.3683959816923201,-3.704467807719986,0.49395794555987715
2026_04_PIT_CLE,2026,4,0.41767182193094005,-2.7172624110048242,0.4935798947894037
2026_04_IND_WAS,2026,4,0.34858257973689816,-4.640284621817022,0.4958544844640078
2026_04_TEN_BAL,2026,4,0.8405703759255777,12.131435825148914,0.5186529354217386
2026_04_NE_BUF,2026,4,0.7176467235429036,7.231527354571629,0.5068415943032212
2026_04_NYJ_CHI,2026,4,0.6028892308704497,3.72715620065587,0.5067124397488213
2026_04_JAX_CIN,2026,4,0.5570390982142298,2.351617333442441,0.49561519055648545
2026_04_DAL_HOU,2026,4,0.569407922248179,3.0466287948788437,0.501377937835111
2026_04_ARI_NYG,2026,4,0.4094707104712151,-2.622051314055483,0.49639327657405985
2026_04_LA_PHI,2026,4,0.36777904527305305,-3.7326931031449817,0.4931239614256881
2026_04_GB_TB,2026,4,0.39878108178230126,-3.004050958187757,0.4998802890020014
2026_04_MIA_MIN,2026,4,0.812298393968251,10.34844124932073,0.5102957417836949
2026_04_KC_LV,2026,4,0.3202750970384985,-4.945368247784015,0.4868411851491238
2026_04_LAC_SEA,2026,4,0.7284172097866631,7.359682375550222,0.5106278172152934
2026_04_DEN_SF,2026,4,0.5941924515446528,3.142670128386142,0.5042160064375527
2026_04_DET_CAR,2026,4,0.3449325904555894,-3.7894066874044685,0.4914483169560694
2026_04_ATL_NO,2026,4,0.5603530095609849,2.3318187550584675,0.49503015748735346
2026_05_TB_DAL,2026,5,0.800433167071866,9.581934257070932,0.5024212473101848
2026_05_PHI_JAX,2026,5,0.612099044574659,3.2097084446142463,0.5061969037475762
2026_05_CIN_MIA,2026,5,0.23073174289286014,-8.853980723430666,0.489540615054088
2026_05_LV_NE,2026,5,0.6191558035904046,3.7212079843223913,0.5065366865783816
2026_05_MIN_NO,2026,5,0.39632054418744656,-2.7591570841662394,0.4923420467858574
2026_05_CLE_NYJ,2026,5,0.5665300363289294,1.5099248408170698,0.5002932917238161
2026_05_IND_PIT,2026,5,0.5446893727605653,1.3391447176430418,0.4952466329813519
2026_05_HOU_TEN,2026,5,0.2825027584054434,-6.9300900518449,0.48729243809898865
2026_05_NYG_WAS,2026,5,0.602411777482978,2.686500034532945,0.5055111394460744
2026_05_DEN_LAC,2026,5,0.39243911380560387,-2.720451629397676,0.49348566168766306
2026_05_DET_ARI,2026,5,0.2791176722020535,-5.796094980507236,0.49125071580211643
2026_05_CHI_GB,2026,5,0.5977616183934868,2.505146590106887,0.5001520883217629
2026_05_SF_SEA,2026,5,0.5750208922774446,2.99932718509325,0.4999801174582907
2026_05_BAL_ATL,2026,5,0.2954463263358468,-6.227022047424972,0.4932915240900282
2026_05_BUF_LA,2026,5,0.571849703751426,2.5145874641592774,0.5004310781544071
