game_id,season,week,p_home,margin,p_home_cover
2006_01_ATL_CAR,2006,1,0.6305586598182363,4.293263379142559,0.49389090700273
2006_01_BAL_TB,2006,1,0.5879295521290574,3.0217986290426375,0.5006441771111763
2006_01_BUF_NE,2006,1,0.7705746740352664,9.427910485505345,0.48309908118021333
2006_01_CHI_GB,2006,1,0.3977176056694844,-3.188783013084749,0.5091960457896773
2006_01_CIN_KC,2006,1,0.4557641189546886,-1.647077595148101,0.4956537547780743
2006_01_DAL_JAX,2006,1,0.42654189431596573,-2.282064722363087,0.5064399866980502
2006_01_DEN_STL,2006,1,0.3977176056694844,-3.4486907837273195,0.5015162493677613
2006_01_IND_NYG,2006,1,0.4120704478709426,-3.013055572469633,0.49961419118213884
2006_01_MIA_PIT,2006,1,0.5442358810453114,1.5731210382065737,0.5021608097107877
2006_01_MIN_WAS,2006,1,0.6164980929170679,3.904883530962199,0.4971892098432969
2006_01_NO_CLE,2006,1,0.5879295521290574,2.950912678742191,0.49854941002002684
2006_01_NYJ_TEN,2006,1,0.5734581056840343,2.5034631418206272,0.5001023402726016
2006_01_PHI_HOU,2006,1,0.32836064328188524,-5.591440684285809,0.5120716080110898
2006_01_SD_OAK,2006,1,0.4120704478709426,-2.8712841410075196,0.503803660763468
2006_01_SEA_DET,2006,1,0.32836064328188524,-5.756827862271759,0.5071856593597919
2006_01_SF_ARI,2006,1,0.7591913433207376,8.885957401018802,0.4818605100768066
2006_02_ARI_SEA,2006,2,0.6979517285214231,6.43603888473812,0.48333907324522335
2006_02_BUF_MIA,2006,2,0.6849128309162449,6.224836371489315,0.49186912555357576
2006_02_CAR_MIN,2006,2,0.5588870740382756,1.9733133263728446,0.4992113751482002
2006_02_CLE_CIN,2006,2,0.7816499846386211,9.910807306916112,0.4825941276666292
2006_02_DET_CHI,2006,2,0.6979517285214231,6.814054244321199,0.4945052386452525
2006_02_HOU_IND,2006,2,0.8227577615633441,11.641640602168042,0.4746514616125019
2006_02_KC_DEN,2006,2,0.79241084025005,10.440949677583129,0.4834840679857689
2006_02_NE_NYJ,2006,2,0.32836064328188524,-5.626879614618588,0.5110247813566199
2006_02_NO_GB,2006,2,0.4704757222326031,-0.9633422869495767,0.5010832810123726
2006_02_NYG_PHI,2006,2,0.5879295521290574,2.8091424215116985,0.494360102128906
2006_02_OAK_BAL,2006,2,0.8322169448845721,12.419782142927522,0.4828590969112865
2006_02_PIT_JAX,2006,2,0.42654189431596573,-2.282064722363087,0.5064399866980502
2006_02_STL_SF,2006,2,0.4120704478709426,-2.94216963890912,0.50170895596816
2006_02_TB_ATL,2006,2,0.6305586598182363,4.364147780204685,0.49598546076669336
2006_02_TEN_SD,2006,2,0.8129686012545587,11.371310115875726,0.4814281223217063
2006_02_WAS_DAL,2006,2,0.6979517285214231,6.695916359666115,0.4910146989996197
2006_03_ATL_NO,2006,3,0.383501907082932,-3.896140537269205,0.5030691497913576
2006_03_BAL_CLE,2006,3,0.3150871690837551,-5.9680247866309175,0.5157164809711281
2006_03_CAR_TB,2006,3,0.4120704478709426,-2.682262337120886,0.5093886878345459
2006_03_CHI_MIN,2006,3,0.3977176056694844,-3.188783013084749,0.5091960457896773
2006_03_CIN_PIT,2006,3,0.5588870740382756,1.8669849360255348,0.4960692981958126
2006_03_DEN_NE,2006,3,0.6849128309162449,6.189395662021949,0.4908220539699295
2006_03_GB_DET,2006,3,0.6849128309162449,6.1303291455263205,0.489077118128656
2006_03_JAX_IND,2006,3,0.6849128309162449,6.118516064351674,0.48872816153932536
2006_03_NYG_SEA,2006,3,0.6164980929170679,3.7276734063780363,0.49195294633165587
2006_03_NYJ_BUF,2006,3,0.6716393567181147,5.848268513529589,0.49551623475494644
2006_03_PHI_SF,2006,3,0.32836064328188524,-5.721386682161493,0.5082327957415854
2006_03_STL_ARI,2006,3,0.6581456062996048,5.093662307019421,0.48799401388955893
2006_03_TEN_MIA,2006,3,0.7816499846386211,10.017113307588883,0.48573312248484624
2006_03_WAS_HOU,2006,3,0.3977176056694844,-3.2478511389090436,0.5074508883859522
2006_04_ARI_ATL,2006,4,0.7456839634176162,6.601410513955548,0.4882228815922155
2006_04_CLE_OAK,2006,4,0.4837531945965681,-0.797943710241086,0.5059707990747865
2006_04_DAL_TEN,2006,4,0.17910447761194032,-9.360114457101428,0.5189023587428782
2006_04_DET_STL,2006,4,0.662676822633297,5.164540958004312,0.49008777599514575
2006_04_GB_PHI,2006,4,0.8646362098138747,11.111508015493868,0.473762867002264
2006_04_IND_NYJ,2006,4,0.22451900752066867,-7.229135391457469,0.5080038588801337
2006_04_JAX_WAS,2006,4,0.42526159764253313,-2.2111821734511548,0.5085342854419052
2006_04_MIA_HOU,2006,4,0.36553524804177545,-3.330548661694532,0.5050073724628481
2006_04_MIN_BUF,2006,4,0.5523059177728685,1.1020427022225665,0.503015463753977
2006_04_NE_CIN,2006,4,0.6976998904709748,5.070036743682507,0.4872961831686456
2006_04_NO_CAR,2006,4,0.7542857142857143,6.601410513955548,0.4882228815922155
2006_04_SD_BAL,2006,4,0.4953533757725013,1.1256711325984083,0.503713689194814
2006_04_SEA_CHI,2006,4,0.64842812574994,3.3983624188971415,0.49699650775303716
2006_04_SF_KC,2006,4,0.7500576108343822,6.648662848799724,0.489618709346705
2006_05_BAL_DEN,2006,5,0.6976998904709748,5.377189935319768,0.4963708554439175
2006_05_BUF_CHI,2006,5,0.8249166711889385,9.11038660498084,0.48848802356391113
2006_05_CLE_CAR,2006,5,0.7803467677958097,7.143370174943383,0.4894623578187378
2006_05_DAL_PHI,2006,5,0.4930284439486894,-1.0342282470642317,0.4989885125697829
2006_05_DET_MIN,2006,5,0.717848923008694,3.7749285304129194,0.4933491580819446
2006_05_KC_ARI,2006,5,0.35157187425006,-3.306920583678517,0.5057055493851335
2006_05_MIA_NE,2006,5,0.8208955223880597,9.063135338633467,0.4870923428952656
2006_05_NYJ_JAX,2006,5,0.7450468438027953,6.660476122439343,0.48996769243162197
2006_05_OAK_SF,2006,5,0.6357791862710788,2.8800270982366794,0.49645469385014945
2006_05_PIT_SD,2006,5,0.6331409185941013,3.3983624188971415,0.49699650775303716
2006_05_STL_GB,2006,5,0.4496686651940676,-2.518348742496752,0.4994577713392311
2006_05_TB_NO,2006,5,0.7334244702665756,6.754984661173001,0.4927598805912842
2006_05_TEN_IND,2006,5,0.9462915601023016,12.57202426046646,0.47259870946730326
2006_05_WAS_NYG,2006,5,0.6836049856184085,5.5411191948825795,0.48644209567770397
2006_06_BUF_DET,2006,6,0.4661016949152542,-0.9751566088793392,0.5007341535935234
2006_06_CAR_BAL,2006,6,0.6207865168539325,3.0099843009749163,0.5002950488471135
2006_06_CHI_ARI,2006,6,0.1453260015710919,-10.84423993840848,0.5193709312520912
2006_06_CIN_TB,2006,6,0.34069848738749736,-4.343590720806221,0.5046219910049496
2006_06_HOU_DAL,2006,6,0.8793565683646112,12.195391216477704,0.4762368500814939
2006_06_KC_PIT,2006,6,0.7350993377483445,6.224836371489315,0.49186912555357576
2006_06_MIA_NYJ,2006,6,0.5443037974683544,2.0087563126779497,0.5002587602298305
2006_06_NYG_ATL,2006,6,0.5966717479674797,2.8327705137069388,0.4950582810035743
2006_06_OAK_DEN,2006,6,0.9022556390977443,13.314712764772182,0.47975757876991376
2006_06_PHI_NO,2006,6,0.40655653071760456,-3.0012412426178954,0.4999633196918654
2006_06_SD_SF,2006,6,0.17508332881106137,-8.995331911852755,0.5149101151610338
2006_06_SEA_STL,2006,6,0.41655377946356,-2.953983945336553,0.5013598306840168
2006_06_TEN_WAS,2006,6,0.8458149779735682,10.888412686571321,0.48193299219124985
2006_07_ARI_OAK,2006,7,0.4148541292262215,-2.8240276481352677,0.5052000609891547
2006_07_CAR_CIN,2006,7,0.5950639414843387,2.7618867361287833,0.49296381308841764
2006_07_DEN_CLE,2006,7,0.3340127415723143,-4.036442064750248,0.5136960388646147
2006_07_DET_NYJ,2006,7,0.6551724137931034,3.715859761638017,0.4916039121559244
2006_07_GB_MIA,2006,7,0.715476227494636,5.682874984176554,0.4906294116660227
2006_07_JAX_HOU,2006,7,0.23711202877314505,-7.06375054578785,0.5128894864490136
2006_07_MIN_SEA,2006,7,0.7224791859389454,5.682874984176554,0.4906294116660227
2006_07_NE_BUF,2006,7,0.29962804794048764,-5.084920353861236,0.5122642024878901
2006_07_NYG_DAL,2006,7,0.615028366330902,2.773700588919768,0.4933128759093273
2006_07_PHI_TB,2006,7,0.2821510769913061,-5.709573068750324,0.5085818256039767
2006_07_PIT_ATL,2006,7,0.40173296573454115,-2.3529489129030585,0.504345461921562
2006_07_SD_KC,2006,7,0.2935703948728551,-5.615066556492254,0.5113737347730997
2006_07_WAS_IND,2006,7,0.7822352670661276,7.401832542037045,0.4823291682098216
2006_08_ARI_GB,2006,8,0.6539553705896555,3.692232652976884,0.49090586869930636
2006_08_ATL_CIN,2006,8,0.6396670726755989,3.2211526182499783,0.4917602888443495
2006_08_BAL_NO,2006,8,0.5381158455392809,1.04297129586259,0.5012698546529432
2006_08_DAL_CAR,2006,8,0.6884445477795862,4.246007943976446,0.4924946524141095
2006_08_HOU_TEN,2006,8,0.5950639414843387,2.8327705137069388,0.4950582810035743
2006_08_IND_DEN,2006,8,0.5851458707737786,2.8563987458735562,0.4957564791515324
2006_08_JAX_PHI,2006,8,0.765625,8.532990135647617,0.48620201278073344
2006_08_NE_MIN,2006,8,0.48147562105834224,-0.9397136685756616,0.5017815323406445
2006_08_NYJ_CLE,2006,8,0.5542635658914729,1.04297129586259,0.5012698546529432
2006_08_PIT_OAK,2006,8,0.1948079749960753,-8.465188197347546,0.5158002404116862
2006_08_SEA_KC,2006,8,0.6585884591705379,3.881255073500165,0.49649098067271286
2006_08_SF_CHI,2006,8,0.9271592091571279,15.069188902111595,0.4725151193209694
2006_08_STL_SD,2006,8,0.800985771412629,8.86233567690386,0.4811632077070769
2006_08_TB_NYG,2006,8,0.7970033832769454,9.015885534368959,0.48569686347687047
2006_09_ATL_DET,2006,9,0.3134737218650274,-4.897368515834511,0.5030328625141358
2006_09_CIN_BAL,2006,9,0.5851458707737786,2.820956448877009,0.4947091889869257
2006_09_CLE_SD,2006,9,0.8726543671132533,12.254436265116713,0.4779788320088016
2006_09_DAL_WAS,2006,9,0.3806370364081448,-2.8594699712077616,0.5041527672340146
2006_09_DEN_PIT,2006,9,0.5934434692823954,2.9390983752229296,0.4982002851363446
2006_09_GB_BUF,2006,9,0.6318075863530409,3.3038493990758453,0.4942037026089127
2006_09_HOU_NYG,2006,9,0.8567335243553009,12.207199899791105,0.47658520157744955
2006_09_IND_NE,2006,9,0.6075837079580821,2.6673779149623282,0.4901715860440884
2006_09_KC_STL,2006,9,0.5934434692823954,2.1962975507797657,0.4910259608312655
2006_09_MIA_CHI,2006,9,0.8731343283582089,12.34891631764784,0.48076709996089206
2006_09_MIN_SF,2006,9,0.34487484012424624,-3.8370696860567417,0.5048146824490364
2006_09_NO_TB,2006,9,0.5207810820494446,1.0311569777247047,0.5009207277562446
2006_09_OAK_SEA,2006,9,0.7350993377483445,6.7667984851561815,0.49310893944574985
2006_09_TEN_JAX,2006,9,0.8081425147875715,9.039510243866259,0.48639457667174074
2006_10_BAL_TEN,2006,10,0.27377521613832856,-6.569042970885711,0.51273316916431
2006_10_BUF_IND,2006,10,0.8499301903671066,11.229590317834488,0.4772457589853351
2006_10_CHI_NYG,2006,10,0.5116279069767442,1.04297129586259,0.5012698546529432
2006_10_CLE_ATL,2006,10,0.7769629153593165,8.462117587704858,0.4841090907284035
2006_10_DAL_ARI,2006,10,0.2813688212927757,-6.204280238534446,0.5087381986582288
2006_10_DEN_OAK,2006,10,0.20927369716864996,-8.335265734908054,0.5196358134706607
2006_10_GB_MIN,2006,10,0.6585884591705379,4.740715034297769,0.4923382684193824
2006_10_HOU_JAX,2006,10,0.8208955223880597,9.522405563631148,0.48588941650054257
2006_10_KC_MIA,2006,10,0.5542635658914729,0.9720853386811553,0.4991750866142651
2006_10_NO_PIT,2006,10,0.7186311787072244,6.024014495331141,0.485936932847841
2006_10_NYJ_NE,2006,10,0.8212113008737145,9.969865079285192,0.48433785997166634
2006_10_SD_CIN,2006,10,0.5069715560513107,-1.1405565368806658,0.49584644946049006
2006_10_SF_DET,2006,10,0.7186311787072244,6.012202221283731,0.48558808735782144
2006_10_STL_SEA,2006,10,0.5868319338931095,2.7855144890615358,0.4936619452498582
2006_10_TB_CAR,2006,10,0.8208955223880597,9.522405563631148,0.48588941650054257
2006_10_WAS_PHI,2006,10,0.7634404039546824,8.473929412207205,0.4844578743489189
2006_11_ATL_BAL,2006,11,0.6221996068645356,3.3038493990758453,0.4942037026089127
2006_11_BUF_HOU,2006,11,0.5885045694171308,2.9390983752229296,0.4982002851363446
2006_11_CHI_NYJ,2006,11,0.32138442521631644,-5.167611973107102,0.5098214993357829
2006_11_CIN_NO,2006,11,0.6193629635918553,3.0557684801921274,0.4868747586875286
2006_11_DET_ARI,2006,11,0.5600370097622689,2.2553658615479524,0.49277114369803005
2006_11_IND_DAL,2006,11,0.497677011707861,-1.1641847856456027,0.4951482490270128
2006_11_MIN_MIA,2006,11,0.6409448818897638,2.9981699708178375,0.49994592029534096
2006_11_NE_GB,2006,11,0.31155545222041386,-5.321190520802666,0.5052838944955692
2006_11_NYG_JAX,2006,11,0.6409448818897638,3.845812579848703,0.49544366342947954
2006_11_OAK_KC,2006,11,0.7803467677958097,8.603866200047188,0.4882954188305561
2006_11_PIT_CLE,2006,11,0.34069848738749736,-3.68349023292989,0.5093524119517453
2006_11_SD_DEN,2006,11,0.5885045694171308,2.314435451963993,0.4945165027526994
2006_11_SEA_SF,2006,11,0.3792134831460674,-2.9067268021259967,0.5027563204603319
2006_11_STL_CAR,2006,11,0.7146765683017393,6.059451904932787,0.48698355017474293
2006_11_TEN_PHI,2006,11,0.8715203426124196,12.18358270129287,0.4758885217052601
2006_11_WAS_TB,2006,11,0.6135617936565804,3.0099843009749163,0.5002950488471135
2006_12_ARI_MIN,2006,12,0.7224791859389454,6.648662848799724,0.489618709346705
2006_12_CAR_WAS,2006,12,0.3023001095290252,-5.108546133693761,0.5115663419656913
2006_12_CHI_NE,2006,12,0.6786155747836836,4.316891366160978,0.4945890713953427
2006_12_CIN_CLE,2006,12,0.37500515116965893,-2.9303553445833943,0.5020580795858757
2006_12_DEN_KC,2006,12,0.531761134036048,0.9957139940801687,0.4998733430409817
2006_12_GB_SEA,2006,12,0.8137863443319177,9.40428786292777,0.4824016551866261
2006_12_HOU_NYJ,2006,12,0.6796257714532804,4.257821729230649,0.49284370593616317
2006_12_JAX_BUF,2006,12,0.393939393939394,-2.7177029342322783,0.5083416317197148
2006_12_MIA_DET,2006,12,0.42526159764253313,-2.847655830814535,0.5045018696553699
2006_12_NO_ATL,2006,12,0.623602346950072,2.6673779149623282,0.4901715860440884
2006_12_NYG_TEN,2006,12,0.3483707509325076,-3.896140537269205,0.5030691497913576
2006_12_OAK_SD,2006,12,0.885513523336463,12.678292190859358,0.47573246783308354
2006_12_PHI_IND,2006,12,0.8187872686440023,9.357044132224098,0.48100701158088416
2006_12_PIT_BAL,2006,12,0.5765084698306034,2.8445846135297264,0.49540737783854993
2006_12_SF_STL,2006,12,0.6884445477795862,4.163313073587476,0.4900515016807204
2006_12_TB_DAL,2006,12,0.858736059479554,11.83058681799531,0.4802260872428467
2006_13_ARI_STL,2006,13,0.6836049856184085,5.55293170826986,0.48679097411007577
2006_13_ATL_WAS,2006,13,0.4496686651940676,-0.9278993770760398,0.5021306555692013
2006_13_BAL_CIN,2006,13,0.6060606060606061,2.8091424215116985,0.494360102128906
2006_13_CAR_PHI,2006,13,0.40173296573454115,-2.7767717444144613,0.5065963800925907
2006_13_DAL_NYG,2006,13,0.39547418729291045,-2.9067268021259967,0.5027563204603319
2006_13_DET_NE,2006,13,0.884199770876552,12.254436265116713,0.4779788320088016
2006_13_HOU_OAK,2006,13,0.6357791862710788,2.9745413141248713,0.4992476636904435
2006_13_IND_TEN,2006,13,0.253682039676601,-7.240949100055493,0.5076548159123638
2006_13_JAX_MIA,2006,13,0.5401967050867028,1.0784141864334023,0.5023172265517528
2006_13_KC_CLE,2006,13,0.35905511811023627,-3.68349023292989,0.5093524119517453
2006_13_MIN_CHI,2006,13,0.7907263028313499,8.651118599903693,0.48969125553474047
2006_13_NYJ_GB,2006,13,0.5274287332041203,0.9957139940801687,0.4998733430409817
2006_13_SD_BUF,2006,13,0.31155545222041386,-5.191238812938177,0.5091234928902737
2006_13_SEA_DEN,2006,13,0.6724206980827883,4.246007943976446,0.4924946524141095
2006_13_SF_NO,2006,13,0.7450468438027953,6.5069100045264285,0.48543179874904885
2006_13_TB_PIT,2006,13,0.7572205943909585,8.521177785727707,0.48585315684795227
2006_14_ATL_TB,2006,14,0.36553524804177545,-3.718930849574274,0.5083053531476832
2006_14_BAL_KC,2006,14,0.5934434692823954,2.9272840844480705,0.4978511620075882
2006_14_BUF_NYJ,2006,14,0.6836049856184085,4.316891366160978,0.4945890713953427
2006_14_CHI_STL,2006,14,0.2935703948728551,-5.697759516103383,0.5089308471004733
2006_14_CLE_PIT,2006,14,0.7350993377483445,6.7667984851561815,0.49310893944574985
2006_14_DEN_SD,2006,14,0.7628879712268549,8.485741346728041,0.48480667311031894
2006_14_GB_SF,2006,14,0.6396670726755989,3.7040461763473846,0.49125488616512647
2006_14_IND_JAX,2006,14,0.5,-1.0460425631022778,0.4986393859622375
2006_14_MIN_DET,2006,14,0.525232987515386,0.9602710185077747,0.49882595943727404
2006_14_NE_MIA,2006,14,0.36291568001647273,-2.7649578790763756,0.5069454446410752
2006_14_NO_DAL,2006,14,0.7418136020151134,6.930746987294716,0.48318282858046335
2006_14_NYG_CAR,2006,14,0.4306601042269832,-2.800399612744174,0.5058982320422977
2006_14_OAK_CIN,2006,14,0.8481283422459892,9.922618624855122,0.4829428415784479
2006_14_PHI_WAS,2006,14,0.461884154460719,-1.893684580845765,0.5031417242484232
2006_14_SEA_ARI,2006,14,0.39241629204191786,-2.94216963890912,0.50170895596816
2006_14_TEN_HOU,2006,14,0.5162468054034319,0.924828117759559,0.4977785861370185
2006_15_CIN_IND,2006,15,0.6409448818897638,2.973082817249189,0.48443287540273455
2006_15_CLE_BAL,2006,15,0.8497072750482634,12.384348651035483,0.4818130187362048
2006_15_DAL_ATL,2006,15,0.35279335008699014,-3.896140537269205,0.5030691497913576
2006_15_DEN_ARI,2006,15,0.40655653071760456,-2.4592771088787115,0.5012034117341042
2006_15_DET_GB,2006,15,0.6976998904709748,5.564744315169971,0.4871398654139205
2006_15_HOU_NE,2006,15,0.8597166827121442,12.337105808800551,0.4804184973713035
2006_15_JAX_TEN,2006,15,0.36819241364695915,-3.3187346037217886,0.5053564635353042
2006_15_KC_SD,2006,15,0.7928607340372047,8.826904096770564,0.48011739256479347
2006_15_MIA_BUF,2006,15,0.5092984332140034,1.113856929323207,0.5033645781147648
2006_15_NYJ_MIN,2006,15,0.6459678308485747,3.3038493990758453,0.4942037026089127
2006_15_PHI_NYG,2006,15,0.6903398910216946,5.081849481616419,0.4876450925089855
2006_15_PIT_CAR,2006,15,0.4131680661068906,-2.8122136107928446,0.5055491492209523
2006_15_SF_SEA,2006,15,0.8215259824965018,9.498781145398267,0.4851917433937468
2006_15_STL_OAK,2006,15,0.5901639344262295,2.8563987458735562,0.4957564791515324
2006_15_TB_CHI,2006,15,0.87594045141668,12.396159689563863,0.4821616942016947
2006_15_WAS_NO,2006,15,0.802919708029197,9.286182618082023,0.47891560775187264
2006_16_ARI_SF,2006,16,0.6344647519582246,3.20933900601874,0.4914112591444099
2006_16_BAL_PIT,2006,16,0.6459767877563932,3.869440880805443,0.49614187104957924
2006_16_CAR_ATL,2006,16,0.6874883042030016,5.671061577955427,0.49028041032862807
2006_16_CHI_DET,2006,16,0.31155545222041386,-5.697759516103383,0.5089308471004733
2006_16_CIN_DEN,2006,16,0.6060606060606061,2.7500729331598883,0.49261475712731695
2006_16_IND_HOU,2006,16,0.2034035153096081,-8.654189593957271,0.5102180226940042
2006_16_KC_OAK,2006,16,0.26490066225165565,-6.521792975178695,0.51412867493304
2006_16_MIN_GB,2006,16,0.6459767877563932,3.845812579848703,0.49544366342947954
2006_16_NE_JAX,2006,16,0.6179288321167883,2.9390983752229296,0.4982002851363446
2006_16_NO_NYG,2006,16,0.5998499437288983,2.691004752134752,0.49086959212357467
2006_16_NYJ_MIA,2006,16,0.5675103560283946,2.4798344830654417,0.4994040833837305
2006_16_PHI_DAL,2006,16,0.723236367918973,5.976766021152562,0.4845416364953666
2006_16_SD_SEA,2006,16,0.35402321224360694,-3.896140537269205,0.5030691497913576
2006_16_TB_CLE,2006,16,0.6447251554327446,3.3865481910233406,0.49664739328578594
2006_16_TEN_BUF,2006,16,0.6884445477795862,5.2708635049463135,0.49322904837305787
2006_16_WAS_STL,2006,16,0.531761134036048,0.9011995917930975,0.4970803475333757
2006_17_ARI_SD,2006,17,0.8703071672354948,12.642867913660716,0.47468765710524646
2006_17_ATL_PHI,2006,17,0.723236367918973,6.5541595131929755,0.48682723748164813
2006_17_BUF_BAL,2006,17,0.7915852546567671,9.051322744325326,0.4867434533246459
2006_17_CAR_NO,2006,17,0.4033282520325203,-2.788585656460872,0.5062473091129249
2006_17_CLE_HOU,2006,17,0.6931407942238267,5.7301292478319805,0.49202550495852826
2006_17_DET_DAL,2006,17,0.886543431959989,12.619252620104188,0.473991239155489
2006_17_GB_CHI,2006,17,0.5734581056840343,2.456205841189879,0.4987058288192284
2006_17_JAX_KC,2006,17,0.5711542947372198,1.054785605008173,0.5016189803113815
2006_17_MIA_IND,2006,17,0.7863247863247863,8.885957401018802,0.4818605100768066
2006_17_NE_TEN,2006,17,0.6318075863530409,3.3038493990758453,0.4942037026089127
2006_17_NYG_WAS,2006,17,0.47476701248461406,-1.022413923863473,0.4993376401636517
2006_17_OAK_NYJ,2006,17,0.8066783831282952,9.593281136738511,0.4879827549258498
2006_17_PIT_CIN,2006,17,0.6949805572401984,5.564744315169971,0.4871398654139205
2006_17_SEA_TB,2006,17,0.5966717479674797,2.9272840844480705,0.4978511620075882
2006_17_SF_DEN,2006,17,0.8240046162723601,9.946241620468166,0.48364031890374926
2006_17_STL_MIN,2006,17,0.4703953046780598,-1.022413923863473,0.4993376401636517
2006_18_DAL_SEA,2006,18,0.5296046953219403,0.7830585979728288,0.49358937978901624
2006_18_KC_IND,2006,18,0.7469488570321582,6.376982838741114,0.4815955784968465
2006_18_NYG_PHI,2006,18,0.7194091710091438,6.024014495331141,0.485936932847841
2006_18_NYJ_NE,2006,18,0.8113580544749689,9.015885534368959,0.48569686347687047
2006_19_IND_BAL,2006,19,0.6422137710168134,3.7749285304129194,0.4933491580819446
2006_19_NE_SD,2006,19,0.6884445477795862,4.610767779151624,0.48849928306308554
2006_19_PHI_NO,2006,19,0.6931407942238267,5.010974452456075,0.485551828954368
2006_19_SEA_CHI,2006,19,0.6430666927439859,3.3865481910233406,0.49664739328578594
2006_20_NE_IND,2006,20,0.6344647519582246,3.16208518993163,0.4900152274710602
2006_20_NO_CHI,2006,20,0.5693398957730169,2.3262494964201927,0.49486559196401503
2006_21_IND_CHI,2006,21,0.3050194427598016,-6.298790455309832,0.5059457794649591
2007_01_ARI_SF,2007,1,0.6459678308485747,2.949013322060597,0.4837221576992792
2007_01_ATL_MIN,2007,1,0.6090952494628791,2.86097196742194,0.49589161629755124
2007_01_BAL_CIN,2007,1,0.5638051044083527,2.239328891503858,0.49229731372039665
2007_01_CAR_STL,2007,1,0.5463304962261121,1.194249541796828,0.4909654549605043
2007_01_CHI_SD,2007,1,0.7418136020151134,6.355249473352558,0.4809540373960241
2007_01_DEN_BUF,2007,1,0.40818981639589536,-2.5554560595876583,0.5131344687406088
2007_01_DET_OAK,2007,1,0.5851458707737786,2.70850702721964,0.4913866788201539
2007_01_KC_HOU,2007,1,0.6304646540108593,2.769492081837083,0.4931885269369609
2007_01_MIA_WAS,2007,1,0.6207865168539325,2.876218815601752,0.49634215881003896
2007_01_NE_NYJ,2007,1,0.28532343169826074,-5.477257358360157,0.5154438547525166
2007_01_NO_IND,2007,1,0.6786155747836836,4.658108617395124,0.4751371485597683
2007_01_NYG_DAL,2007,1,0.706429605127145,5.386393392365092,0.4818733808678615
2007_01_PHI_GB,2007,1,0.3736227773535508,-2.662173062182675,0.5099821766045799
2007_01_PIT_CLE,2007,1,0.3173806928352997,-3.9172715340367112,0.5172150260064962
2007_01_TB_SEA,2007,1,0.7146765683017393,5.493097529650127,0.48502390230996106
2007_01_TEN_JAX,2007,1,0.7628879712268549,6.931134193116461,0.48319426084697825
2007_02_ATL_JAX,2007,2,0.8264161966608994,9.429486915434063,0.483145625006934
2007_02_BUF_PIT,2007,2,0.8255195403929356,9.277064468488938,0.4786465359907686
2007_02_CIN_CLE,2007,2,0.26490066225165565,-6.415624276090623,0.517263659130729
2007_02_DAL_MIA,2007,2,0.37088798107933785,-3.07037143338584,0.512693931333338
2007_02_GB_NYG,2007,2,0.5998499437288983,2.6932610042279514,0.490936249925414
2007_02_HOU_CAR,2007,2,0.7305899103827577,6.038501145686809,0.4863647739099473
2007_02_IND_TEN,2007,2,0.26490066225165565,-6.522330964478597,0.5141127866205906
2007_02_KC_CHI,2007,2,0.8546739984289081,10.821800534159038,0.4799667645225441
2007_02_MIN_DET,2007,2,0.6291120189206623,2.6170325987673464,0.4886843407999077
2007_02_NO_TB,2007,2,0.30872090899126814,-4.538893417228268,0.513623640729554
2007_02_NYJ_BAL,2007,2,0.800985771412629,9.00603539659749,0.48540597023034265
2007_02_OAK_DEN,2007,2,0.7705746740352664,9.353272877058076,0.4808956932278921
2007_02_SD_NE,2007,2,0.6459767877563932,2.9795008521625777,0.4846223938899135
2007_02_SEA_ARI,2007,2,0.4324896439716052,-2.6926647734122215,0.5090813649020148
2007_02_SF_STL,2007,2,0.5901639344262295,2.571297114218017,0.48733340990102686
2007_02_WAS_PHI,2007,2,0.7269619681670619,6.008012250591977,0.4854643498594421
2007_03_ARI_BAL,2007,3,0.746317960323399,6.583906187887355,0.48770584180680776
2007_03_BUF_NE,2007,3,0.9244444444444445,15.330921024090182,0.4654953519143741
2007_03_CAR_ATL,2007,3,0.33621258148560557,-3.4938192606366694,0.5149547846238524
2007_03_CIN_SEA,2007,3,0.6135617936565804,2.872797947933943,0.4814720421253167
2007_03_CLE_OAK,2007,3,0.5998499437288983,2.6475235978133345,0.4895850544579373
2007_03_DAL_CHI,2007,3,0.5966717479674797,2.6627692842148223,0.49003543701359414
2007_03_DET_PHI,2007,3,0.6551724137931034,4.4327814731125805,0.48324289700540857
2007_03_IND_HOU,2007,3,0.2813688212927757,-6.0836394852623705,0.5123020358520454
2007_03_JAX_DEN,2007,3,0.6409448818897638,3.2844090353717985,0.4936292818223545
2007_03_MIA_NYJ,2007,3,0.6179288321167883,2.7999851123756057,0.4940895202827802
2007_03_MIN_KC,2007,3,0.6090952494628791,2.876218815601752,0.49634215881003896
2007_03_NYG_WAS,2007,3,0.6539992593964081,3.1167030993356226,0.488674607590447
2007_03_SD_GB,2007,3,0.2885668379949001,-5.038563934091334,0.5136333716960391
2007_03_SF_PIT,2007,3,0.8290523721368999,9.338030723771086,0.48044579690732414
2007_03_STL_TB,2007,3,0.6383802501948659,3.2081775125424596,0.49137694351187206
2007_03_TEN_NO,2007,3,0.6855584179421125,3.917867655398418,0.48280257375579394
2007_04_BAL_CLE,2007,4,0.35652616802693204,-3.0856164437048283,0.5122436418465586
2007_04_CHI_DET,2007,4,0.45569620253164556,-2.3302116902315877,0.5050173296149377
2007_04_DEN_IND,2007,4,0.8215259824965018,9.07895370197559,0.4728030037172945
2007_04_GB_MIN,2007,4,0.4953533757725013,-0.678736901957425,0.509492839783506
2007_04_HOU_ATL,2007,4,0.45569620253164556,-2.116765890849095,0.5113235375875934
2007_04_KC_SD,2007,4,0.8671272052966295,11.184305254786098,0.4759098351103409
2007_04_NE_CIN,2007,4,0.2427794056090414,-7.265930131762289,0.5069167176659892
2007_04_NYJ_BUF,2007,4,0.36291568001647273,-3.0093929419543204,0.5144948759532398
2007_04_OAK_MIA,2007,4,0.6409448818897638,3.1624397766439687,0.490025702683665
2007_04_PHI_NYG,2007,4,0.4837531945965681,-1.9067754340881133,0.5027548833578843
2007_04_PIT_ARI,2007,4,0.32037422854671965,-5.038563934091334,0.5136333716960391
2007_04_SEA_SF,2007,4,0.4792189179505553,-0.754967521629188,0.5072406258207567
2007_04_STL_DAL,2007,4,0.8646362098138747,11.86368922535141,0.46646017051546884
2007_04_TB_CAR,2007,4,0.5901639344262295,2.723753151787468,0.49183712169966914
2007_05_ARI_STL,2007,5,0.34487484012424624,-3.0856164437048283,0.5122436418465586
2007_05_ATL_TEN,2007,5,0.7512801755669348,8.292964492301415,0.47911574350359737
2007_05_BAL_SF,2007,5,0.3373231773667029,-3.4023579182521404,0.5176553214700216
2007_05_CAR_NO,2007,5,0.6516292490674924,3.070967623957968,0.4873236779540848
2007_05_CHI_GB,2007,5,0.6291120189206623,2.6780150881229536,0.49048583574630683
2007_05_CLE_NE,2007,5,0.9027777777777777,14.179286015007591,0.46103337829165336
2007_05_DAL_BUF,2007,5,0.17299107142857142,-9.806621638422232,0.5204812128637961
2007_05_DET_WAS,2007,5,0.6585884591705379,3.494415419218794,0.4850628202605315
2007_05_JAX_KC,2007,5,0.44187109553557824,-0.6177543893668231,0.5112943379285747
2007_05_MIA_HOU,2007,5,0.6585884591705379,3.994085946703095,0.4850530907558873
2007_05_NYJ_NYG,2007,5,0.6593015126125026,3.1319485319683555,0.489124955211156
2007_05_SD_DEN,2007,5,0.45980329491329713,-0.8312002760596049,0.5049881179352981
2007_05_SEA_PIT,2007,5,0.6826193071647003,5.008671202564496,0.48548380982403355
2007_05_TB_IND,2007,5,0.7808219178082192,8.186281485626463,0.4759681290125677
2007_06_CAR_ARI,2007,6,0.7012523433286824,5.554075323582462,0.48682475092751737
2007_06_CIN_KC,2007,6,0.45366950377388787,-0.8464470246833495,0.5045375891313265
2007_06_HOU_JAX,2007,6,0.7186311787072244,6.068990683865792,0.487265286474518
2007_06_MIA_CLE,2007,6,0.6396670726755989,3.463927529051002,0.4841625345174514
2007_06_MIN_CHI,2007,6,0.6786155747836836,4.238010816225714,0.49225837020598534
2007_06_NE_DAL,2007,6,0.326530612244898,-4.859057579836645,0.5041649532647051
2007_06_NO_SEA,2007,6,0.6734693877551021,4.962939135298926,0.48413334927825563
2007_06_NYG_ATL,2007,6,0.31639501438159157,-4.130693315536705,0.5109121242113802
2007_06_OAK_SD,2007,6,0.8102981029810298,8.670712780566326,0.47550890491002423
2007_06_PHI_NYJ,2007,6,0.3373231773667029,-3.6462683708047594,0.5104520264206653
2007_06_STL_BAL,2007,6,0.7986150501939615,8.430145826228946,0.4831650793046865
2007_06_TEN_TB,2007,6,0.5503313348059325,0.9080307703483635,0.49728221256283756
2007_06_WAS_GB,2007,6,0.5868319338931095,2.6780150881229536,0.49048583574630683
2007_07_ARI_WAS,2007,7,0.7779401843939735,8.475876700741146,0.484515375704156
2007_07_ATL_NO,2007,7,0.7542857142857143,8.247241620991037,0.4777665481858194
2007_07_BAL_BUF,2007,7,0.42526159764253313,-2.4182598899424077,0.517185845975359
2007_07_CHI_PHI,2007,7,0.6765763149726142,4.962939135298926,0.48413334927825563
2007_07_IND_JAX,2007,7,0.39702080512126064,-2.768895832696938,0.5068290904133935
2007_07_KC_OAK,2007,7,0.5381158455392809,0.8927838381801242,0.496831658485244
2007_07_MIN_DAL,2007,7,0.7863247863247863,8.624996534458015,0.47416062067219894
2007_07_NE_MIA,2007,7,0.09722222222222221,-14.635686818123279,0.5255241225790955
2007_07_NYJ_CIN,2007,7,0.7021276595744681,5.264458733545504,0.47827456348772013
2007_07_PIT_DEN,2007,7,0.3254884862250434,-3.4938192606366694,0.5149547846238524
2007_07_SF_NYG,2007,7,0.8036829370771215,8.823118223467235,0.4800056549177813
2007_07_STL_SEA,2007,7,0.7542857142857143,8.338689578938567,0.48046524355127657
2007_07_TB_DET,2007,7,0.5523059177728685,2.086871626953921,0.48779343300814676
2007_07_TEN_HOU,2007,7,0.5503313348059325,1.8311374789736765,0.4950100264755436
2007_08_BUF_NYJ,2007,8,0.5868319338931095,2.7542456844075947,0.49273804648914754
2007_08_CLE_STL,2007,8,0.42173588573213705,-2.7993888573597814,0.5059280978765911
2007_08_DET_CHI,2007,8,0.7097840761190289,5.340666147020766,0.48052358383804183
2007_08_GB_DEN,2007,8,0.5817328211694409,2.5865421334546466,0.48778370061532367
2007_08_HOU_SD,2007,8,0.8171500630517023,9.07895370197559,0.4728030037172945
2007_08_IND_CAR,2007,8,0.2588427387966661,-6.491842427673746,0.5150131613583959
2007_08_JAX_TB,2007,8,0.6409448818897638,3.3911361741517996,0.4967829694634061
2007_08_NO_SF,2007,8,0.45569620253164556,-0.7397212056676072,0.5076910950516568
2007_08_NYG_MIA,2007,8,0.17910447761194032,-9.413647569693165,0.5173220184480334
2007_08_OAK_TEN,2007,8,0.729871952289072,6.46195074233329,0.4841041641472875
2007_08_PHI_MIN,2007,8,0.4930284439486894,0.8927838381801242,0.496831658485244
2007_08_PIT_CIN,2007,8,0.34956776418347585,-3.7987298059295083,0.5059475715326633
2007_08_WAS_NE,2007,8,0.8953086419753087,13.755756468568011,0.4632830010612976
2007_09_ARI_TB,2007,9,0.6263772226464492,3.192931491804777,0.4909265149274554
2007_09_BAL_PIT,2007,9,0.7885481000732754,8.914573140163629,0.48270530759778607
2007_09_CAR_TEN,2007,9,0.7021276595744681,4.691942954835373,0.4908973099748979
2007_09_CIN_BUF,2007,9,0.48147562105834224,-0.8616938268229282,0.5040870529584467
2007_09_DAL_PHI,2007,9,0.3894046402819112,-2.7993888573597814,0.5059280978765911
2007_09_DEN_DET,2007,9,0.58344622053644,2.495074364496938,0.4850822793037789
2007_09_GB_KC,2007,9,0.5782641142678631,0.8775369433795746,0.49638110955315906
2007_09_HOU_OAK,2007,9,0.5998499437288983,2.6627692842148223,0.49003543701359414
2007_09_JAX_NO,2007,9,0.6496412994256023,3.1624397766439687,0.490025702683665
2007_09_NE_IND,2007,9,0.3373231773667029,-4.981033247987911,0.5005604916155743
2007_09_SD_MIN,2007,9,0.2549531561972047,-6.415624276090623,0.517263659130729
2007_09_SEA_CLE,2007,9,0.5381158455392809,0.6183505971170113,0.4887232737234803
2007_09_SF_ATL,2007,9,0.6574416298566664,3.2539161636571228,0.49272831034468606
2007_09_WAS_NYJ,2007,9,0.35402321224360694,-2.94841718492348,0.516295444233835
2007_10_ATL_CAR,2007,10,0.623602346950072,3.299655586585061,0.4940797834443608
2007_10_BUF_MIA,2007,10,0.44769408222713136,-0.7702139229817078,0.5067901448327957
2007_10_CHI_OAK,2007,10,0.3616197498051342,-3.0398818670890773,0.51359444776816
2007_10_CIN_BAL,2007,10,0.5851458707737786,2.556052244337405,0.4868831397453834
2007_10_CLE_PIT,2007,10,0.8110060397358121,9.048479637917744,0.47190461953096674
2007_10_DAL_NYG,2007,10,0.4399629902377311,-0.9836695328846615,0.500482586089048
2007_10_DEN_KC,2007,10,0.5998499437288983,2.784738559597135,0.49363901844525976
2007_10_DET_ARI,2007,10,0.5619290100344466,1.6024462899130707,0.4882534767938727
2007_10_IND_SD,2007,10,0.3642208137289212,-3.3143059500316845,0.5054873238334008
2007_10_JAX_TEN,2007,10,0.6734693877551021,4.222764601473391,0.49180791490984865
2007_10_MIN_GB,2007,10,0.6884445477795862,5.008671202564496,0.48548380982403355
2007_10_PHI_WAS,2007,10,0.5542635658914729,2.769492081837083,0.4931885269369609
2007_10_SF_SEA,2007,10,0.7863247863247863,8.868844692800645,0.4813553451840082
2007_10_STL_NO,2007,10,0.8208955223880597,9.532913794791797,0.4714457888527341
2007_11_ARI_CIN,2007,11,0.6135617936565804,2.4340992987708603,0.483281806160773
2007_11_CAR_GB,2007,11,0.8171500630517023,9.353272877058076,0.4808956932278921
2007_11_CHI_SEA,2007,11,0.706429605127145,5.569320173706111,0.48727501836368453
2007_11_CLE_BAL,2007,11,0.4577407225764263,-0.8464470246833495,0.5045375891313265
2007_11_KC_IND,2007,11,0.9069767441860466,13.438867788975866,0.4686744448290462
2007_11_MIA_PHI,2007,11,0.8002016726081366,8.777393875181726,0.47865625643895593
2007_11_NE_BUF,2007,11,0.10810810810810811,-14.529024902383808,0.5286688372164605
2007_11_NO_HOU,2007,11,0.531761134036048,0.5116364903921446,0.4855713802085217
2007_11_NYG_DET,2007,11,0.4288457052627801,-2.375952081410527,0.5036657231946974
2007_11_OAK_MIN,2007,11,0.6786155747836836,4.25325712227641,0.4927088380723172
2007_11_PIT_NYJ,2007,11,0.21367521367521364,-8.715835625510481,0.5231600365795924
2007_11_SD_JAX,2007,11,0.6120841659809568,2.6780150881229536,0.49048583574630683
2007_11_STL_SF,2007,11,0.37225042301184436,-2.585945937014924,0.5122339094797765
2007_11_TB_ATL,2007,11,0.37225042301184436,-2.479234169089107,0.5153854810779201
2007_11_TEN_DEN,2007,11,0.5116279069767442,0.8775369433795746,0.49638110955315906
2007_11_WAS_DAL,2007,11,0.8335486242521984,10.002112457112066,0.4705379773753031
2007_12_BAL_SD,2007,12,0.7885481000732754,8.369174130165034,0.4813650698516032
2007_12_BUF_JAX,2007,12,0.7863247863247863,8.884087295871717,0.4818053033869883
2007_12_DEN_CHI,2007,12,0.5116279069767442,0.7403174484082031,0.4923265214175755
2007_12_GB_DET,2007,12,0.3792134831460674,-3.2838127832534885,0.5063883359380584
2007_12_HOU_CLE,2007,12,0.6193629635918553,2.3274007258659513,0.4801320503733541
2007_12_IND_ATL,2007,12,0.13536379018612518,-12.499870183241713,0.5295281035071399
2007_12_MIA_PIT,2007,12,0.878048780487805,14.029950057804035,0.4713584317542997
2007_12_MIN_NYG,2007,12,0.7600872410032715,6.446707099277777,0.4836540628406931
2007_12_NO_CAR,2007,12,0.3806370364081448,-2.6774188615951866,0.5095317784907827
2007_12_NYJ_DAL,2007,12,0.8983172216254922,12.786874414264057,0.46419877521888514
2007_12_OAK_KC,2007,12,0.6703033832905179,3.799326060827127,0.49407004661043213
2007_12_PHI_NE,2007,12,0.9453781512605043,22.06503667306541,0.443014538371225
2007_12_SEA_STL,2007,12,0.3642208137289212,-2.7841423074152782,0.5063785993239026
2007_12_SF_ARI,2007,12,0.8240046162723601,9.338030723771086,0.48044579690732414
2007_12_TEN_CIN,2007,12,0.5230171935662784,0.6031052833446848,0.48827294246505865
2007_12_WAS_TB,2007,12,0.6357791862710788,3.223423634971071,0.49182738609686133
2007_13_ATL_STL,2007,13,0.6105953597180888,2.6932610042279514,0.490936249925414
2007_13_BUF_WAS,2007,13,0.7350993377483445,6.068990683865792,0.487265286474518
2007_13_CIN_PIT,2007,13,0.7224791859389454,6.446707099277777,0.4836540628406931
2007_13_CLE_ARI,2007,13,0.5092984332140034,0.4506606267387283,0.4837707972542187
2007_13_DEN_OAK,2007,13,0.34956776418347585,-3.1161068921490562,0.5113430039840199
2007_13_DET_MIN,2007,13,0.6931407942238267,4.917208751592119,0.4827831204197046
2007_13_GB_DAL,2007,13,0.729871952289072,6.096167218675322,0.4733105245938565
2007_13_HOU_TEN,2007,13,0.6409448818897638,3.1776855780685547,0.49047610107446643
2007_13_JAX_IND,2007,13,0.7269619681670619,6.29428214220575,0.4791546284783706
2007_13_NE_BAL,2007,13,0.0816326530612245,-17.813448197397395,0.5350190310262855
2007_13_NYG_CHI,2007,13,0.5046466242274987,-0.7397212056676072,0.5076910950516568
2007_13_NYJ_MIA,2007,13,0.5638051044083527,0.9080307703483635,0.49728221256283756
2007_13_SD_KC,2007,13,0.30685920577617326,-5.3400700684946685,0.5194940100305488
2007_13_SEA_PHI,2007,13,0.6135617936565804,2.6780150881229536,0.49048583574630683
2007_13_SF_CAR,2007,13,0.6105953597180888,2.845725167696237,0.4954410804570541
2007_13_TB_NO,2007,13,0.7106109324758842,5.008671202564496,0.48548380982403355
2007_14_ARI_SEA,2007,14,0.7709163346613546,6.793952729557383,0.4791449072109784
2007_14_CAR_JAX,2007,14,0.832723470987977,10.230683621679596,0.4772780150213613
2007_14_CHI_WAS,2007,14,0.6060606060606061,2.723753151787468,0.49183712169966914
2007_14_CLE_NYJ,2007,14,0.39547418729291045,-2.8298821616774563,0.5050270668338821
2007_14_DAL_DET,2007,14,0.17448045960706432,-9.48986559768747,0.5150715376832731
2007_14_IND_BAL,2007,14,0.22908366533864538,-7.807939307193172,0.5204423252937579
2007_14_KC_DEN,2007,14,0.765625,6.992109113339492,0.4849947139661992
2007_14_MIA_BUF,2007,14,0.7262247838616714,6.629642017832114,0.4890568202513142
2007_14_MIN_SF,2007,14,0.23991275899672845,-6.808598142254168,0.5204228814158123
2007_14_NO_ATL,2007,14,0.34604462941034453,-3.676759841728896,0.509551247801078
2007_14_NYG_PHI,2007,14,0.6075837079580821,2.6475235978133345,0.4895850544579373
2007_14_OAK_GB,2007,14,0.8066783831282952,9.71577285601892,0.47683811162845674
2007_14_PIT_NE,2007,14,0.8354430379746836,9.92593853979431,0.4682935618357719
2007_14_SD_TEN,2007,14,0.5,-0.7397212056676072,0.5076910950516568
2007_14_STL_CIN,2007,14,0.8102981029810298,9.10942904763534,0.473701564063553
2007_14_TB_HOU,2007,14,0.42526159764253313,-2.585945937014924,0.5122339094797765
2007_15_ARI_NO,2007,15,0.662676822633297,3.3419838612210864,0.4805624776577213
2007_15_ATL_TB,2007,15,0.854882584147538,12.153168222416268,0.4749914388460049
2007_15_BAL_MIA,2007,15,0.4001500562711017,-2.5402113505258326,0.5135847167604071
2007_15_BUF_CLE,2007,15,0.662676822633297,4.207518483330672,0.49135747291493614
2007_15_CHI_MIN,2007,15,0.8171500630517023,9.639576279667907,0.47459058172084095
2007_15_CIN_SF,2007,15,0.234375,-8.307609889831475,0.5204520472095101
2007_15_DEN_HOU,2007,15,0.4306601042269832,-2.3607052340327233,0.5041162655967503
2007_15_DET_SD,2007,15,0.7949526813880127,8.624996534458015,0.47416062067219894
2007_15_GB_STL,2007,15,0.25753331954809483,-6.583309992425475,0.5123117681536903
2007_15_IND_OAK,2007,15,0.20841474534323304,-8.853006223436436,0.5191121776873322
2007_15_JAX_PIT,2007,15,0.6105953597180888,3.3301488931614207,0.494980814798074
2007_15_NYJ_NE,2007,15,0.9116022099447515,19.084641215829144,0.45825083270511496
2007_15_PHI_DAL,2007,15,0.8171500630517023,9.00277103721266,0.47055738619979265
2007_15_SEA_CAR,2007,15,0.25818639798488663,-6.278444869890755,0.5213127297177129
2007_15_TEN_KC,2007,15,0.36291568001647273,-2.9026873657808805,0.517645595403897
2007_15_WAS_NYG,2007,15,0.7106109324758842,5.6455465688404445,0.48952665074330187
2007_16_ATL_ARI,2007,16,0.8171500630517023,10.07829504974984,0.47278358498054546
2007_16_BAL_SEA,2007,16,0.8567335243553009,11.638258869151544,0.47455172966674475
2007_16_CLE_CIN,2007,16,0.4437955082515226,-0.8312002760596049,0.5049881179352981
2007_16_DAL_CAR,2007,16,0.167276529012023,-9.730417002748203,0.52272985112208
2007_16_DEN_SD,2007,16,0.7831675421929138,8.110087727692745,0.4737209866260743
2007_16_GB_CHI,2007,16,0.24871982443306512,-8.0028337888637,0.5294407644607202
2007_16_HOU_IND,2007,16,0.7194091710091438,5.840336718738652,0.4805138604199875
2007_16_KC_DET,2007,16,0.7106109324758842,5.401636241907165,0.4823233729831467
2007_16_MIA_NE,2007,16,0.941952506596306,20.370566507457067,0.4519648137742917
2007_16_NYG_BUF,2007,16,0.468238865963952,-0.4957960965646735,0.5148964074812324
2007_16_NYJ_TEN,2007,16,0.7739795126493869,8.414902591259413,0.48271503415473516
2007_16_OAK_JAX,2007,16,0.8793565683646112,13.015372521599826,0.4709287743364969
2007_16_PHI_NO,2007,16,0.6060606060606061,2.464586458655243,0.48418199140361007
2007_16_PIT_STL,2007,16,0.23383505037045485,-8.338093501578998,0.5195523501568293
2007_16_TB_SF,2007,16,0.2813688212927757,-5.7940155045288195,0.5208532402433748
2007_16_WAS_MIN,2007,16,0.6931407942238267,5.493097529650127,0.48502390230996106
2007_17_BUF_PHI,2007,17,0.7863247863247863,8.823118223467235,0.4800056549177813
2007_17_CAR_TB,2007,17,0.40983606557377056,-2.479234169089107,0.5153854810779201
2007_17_CIN_MIA,2007,17,0.44187109553557824,-0.8921875703962902,0.5031859614322212
2007_17_DAL_WAS,2007,17,0.7863247863247863,8.384416737927769,0.4818150287001015
2007_17_DET_GB,2007,17,0.6304646540108593,3.192931491804777,0.4909265149274554
2007_17_JAX_HOU,2007,17,0.7456839634176162,6.385734507152816,0.48185393009026095
2007_17_KC_NYJ,2007,17,0.662676822633297,3.7688330367840446,0.4931690541589641
2007_17_MIN_DEN,2007,17,0.43807098996555344,-2.6469273804844584,0.5104325585127488
2007_17_NE_NYG,2007,17,0.1296928327645051,-12.198290099922227,0.5236776356729558
2007_17_NO_CHI,2007,17,0.5207810820494446,0.7555637678090028,0.4927769911220016
2007_17_PIT_BAL,2007,17,0.37639765304992806,-2.448746645517787,0.5162857163698172
2007_17_SD_OAK,2007,17,0.2050473186119874,-8.29236844290084,0.5209018463583394
2007_17_SEA_ATL,2007,17,0.45166039913249373,-1.6170953902927028,0.511313804376497
2007_17_SF_CLE,2007,17,0.8270089285714286,10.638917574129813,0.474571155655309
2007_17_STL_ARI,2007,17,0.6681590729523308,5.218737315682489,0.47692556807640024
2007_17_TEN_IND,2007,17,0.3275793019172118,-3.5700419433220865,0.5127036632532602
2007_18_JAX_PIT,2007,18,0.40818981639589536,-2.1472568854105356,0.5104228245469199
2007_18_NYG_TB,2007,18,0.615028366330902,2.70850702721964,0.4913866788201539
2007_18_TEN_SD,2007,18,0.841874084919473,9.77673506191371,0.47863681555875176
2007_18_WAS_SEA,2007,18,0.6344647519582246,2.7389993726205377,0.49228757783301186
2007_19_JAX_NE,2007,19,0.8748639272379519,12.211057697739431,0.46196789663235577
2007_19_NYG_DAL,2007,19,0.727695246785093,6.233318742086564,0.47735576029555093
2007_19_SD_IND,2007,19,0.8301987831361289,9.548150325810385,0.47189491208757384
2007_19_SEA_GB,2007,19,0.7482014388489209,8.201521107912269,0.4764176772089276
2007_20_NYG_GB,2007,20,0.7628879712268549,6.885405064696537,0.4818442047220799
2007_20_SD_NE,2007,20,0.8777438177271464,12.786874414264057,0.46419877521888514
2007_21_NYG_NE,2007,21,0.8154833533894906,11.166033685844976,0.4606436433834465
2008_01_ARI_SF,2008,1,0.4295636344138785,-2.2519854815597045,0.5073287342300096
2008_01_CAR_SD,2008,1,0.7645756076294521,8.837513444886234,0.4804305290346424
2008_01_CHI_IND,2008,1,0.7602934837326876,9.248764010764006,0.4778114670093586
2008_01_CIN_BAL,2008,1,0.42790401185887944,-1.7055791701834684,0.5086998227331238
2008_01_DAL_CLE,2008,1,0.33521365268031356,-5.64276791019481,0.5105554336559509
2008_01_DEN_OAK,2008,1,0.39414122825074593,-2.6964837820334098,0.508968537188383
2008_01_DET_ATL,2008,1,0.3979874276720659,-2.704777652944798,0.5087235029459606
2008_01_HOU_PIT,2008,1,0.6869824671353397,5.993702571001946,0.4850417694717244
2008_01_JAX_TEN,2008,1,0.40367248491285884,-2.6223633009289684,0.5111581926222106
2008_01_KC_NE,2008,1,0.8699521463859631,14.872897482722443,0.4667313318348516
2008_01_MIN_GB,2008,1,0.5437111746144178,2.3438817168570005,0.495386607724774
2008_01_NYJ_MIA,2008,1,0.40165853580116,-2.6140499993093287,0.5114037630974337
2008_01_SEA_BUF,2008,1,0.5464411567131736,0.9298864864870727,0.49792806524284083
2008_01_STL_PHI,2008,1,0.7191612483065323,7.378554204216203,0.48164196506000445
2008_01_TB_NO,2008,1,0.579254248696724,2.724805993857744,0.49186822804215224
2008_01_WAS_NYG,2008,1,0.6347166159919168,4.14839033460384,0.4896106589322379
2008_02_ATL_TB,2008,2,0.6931361422313383,6.559579064202734,0.48698730589420225
2008_02_BUF_JAX,2008,2,0.6035398422843916,3.759857709409474,0.49290386215743415
2008_02_CHI_CAR,2008,2,0.5757825948470703,2.814658930247027,0.494523106198918
2008_02_GB_DET,2008,2,0.40749472853856017,-2.810717738241255,0.5055933498590369
2008_02_IND_MIN,2008,2,0.47714215574469565,-0.8749033889744039,0.5036967120791834
2008_02_MIA_ARI,2008,2,0.6875326272391552,6.038385362138067,0.4863613543570419
2008_02_NE_NYJ,2008,2,0.5452663512187645,0.955595516285523,0.49868779303330046
2008_02_NO_WAS,2008,2,0.5271326332152951,0.8372535337982532,0.4951907500918395
2008_02_NYG_STL,2008,2,0.2818218660626308,-7.4258757760006615,0.5169609929328138
2008_02_OAK_KC,2008,2,0.6090407461021898,3.313029331889938,0.4944749540597335
2008_02_PHI_DAL,2008,2,0.6661789679170177,5.925629167610225,0.4830317260636288
2008_02_PIT_CLE,2008,2,0.30768035999173393,-6.023787685040106,0.5140697655198001
2008_02_SD_DEN,2008,2,0.5458544295874175,0.7856709603356515,0.49366656859316665
2008_02_SF_SEA,2008,2,0.6714832856239442,6.081609681824591,0.48763800951864605
2008_02_TEN_CIN,2008,2,0.5329593195849641,0.9547905286386927,0.49866400474895817
2008_03_ARI_WAS,2008,3,0.5829343321115348,2.707705986972027,0.49136301258810927
2008_03_CAR_MIN,2008,3,0.5708411993892156,2.813902841762548,0.494500764930579
2008_03_CIN_NYG,2008,3,0.8361214578188464,12.085463232842903,0.472994924652394
2008_03_CLE_BAL,2008,3,0.5604072902157475,2.3563085955021004,0.4957538152434683
2008_03_DAL_GB,2008,3,0.40751094372721836,-2.882444524464384,0.5034738708748999
2008_03_DET_SF,2008,3,0.6579517126201029,4.5189775891794355,0.4857881792956176
2008_03_HOU_TEN,2008,3,0.6463050881203993,4.642508655257404,0.48943690771256776
2008_03_JAX_IND,2008,3,0.6065959177508863,3.6694509854158985,0.49023282945307356
2008_03_KC_ATL,2008,3,0.6858684938102069,6.100892744349559,0.48820758751390436
2008_03_MIA_NE,2008,3,0.806211896426284,11.711289362144583,0.4767058432875804
2008_03_NO_DEN,2008,3,0.67878248092211,4.899091564321473,0.4822482486468024
2008_03_NYJ_SD,2008,3,0.739870731543411,7.337323579471042,0.4804249250222893
2008_03_OAK_BUF,2008,3,0.7817776975929149,9.368625830326451,0.4813488845847561
2008_03_PIT_PHI,2008,3,0.6051553323014027,3.1495973321749355,0.48964631520116514
2008_03_STL_SEA,2008,3,0.730069449351219,7.371874314250532,0.48144477705249333
2008_03_TB_CHI,2008,3,0.5798692578440352,2.860216151681154,0.4958692821657661
2008_04_ARI_NYJ,2008,4,0.5456689815368251,1.3050055093545287,0.49423786356264265
2008_04_ATL_CAR,2008,4,0.7000678087566793,6.532860521189102,0.48619818479936433
2008_04_BAL_PIT,2008,4,0.6495444130894434,5.67418030580529,0.49037254563313737
2008_04_BUF_STL,2008,4,0.2574548742006134,-7.894506567387756,0.5178871086969377
2008_04_CLE_CIN,2008,4,0.5186245079530974,0.861364400038596,0.4959032125704868
2008_04_DEN_KC,2008,4,0.24075535185433716,-8.425758937016575,0.5169644425528012
2008_04_GB_TB,2008,4,0.5618849507196175,1.7822333831472394,0.4935649967951037
2008_04_HOU_JAX,2008,4,0.6675289493852422,5.988517089070525,0.48488864067730647
2008_04_MIN_TEN,2008,4,0.5964311613813291,2.862655927887785,0.4959413768778842
2008_04_PHI_CHI,2008,4,0.40165506778043303,-2.6672599380378124,0.5098318992666053
2008_04_SD_OAK,2008,4,0.2739076523986405,-7.462151526262273,0.5158899071394784
2008_04_SF_NO,2008,4,0.6184612182759742,3.5558412401759196,0.48687690767459074
2008_04_WAS_DAL,2008,4,0.7679543024282781,9.195337940655367,0.4762352785067182
2008_05_ATL_GB,2008,5,0.6816839467738883,4.6076786745865626,0.4884080343057198
2008_05_BUF_ARI,2008,5,0.5538614631378174,0.8181313683221193,0.4946257116986813
2008_05_CHI_DET,2008,5,0.3802650372280232,-3.250691382027872,0.5073669700408997
2008_05_CIN_DAL,2008,5,0.8923645161567542,14.840318335041928,0.4657720234621247
2008_05_IND_HOU,2008,5,0.34212151486687553,-3.768790403156026,0.506832205534589
2008_05_KC_CAR,2008,5,0.8011408828113744,9.357452557798105,0.48101906740739386
2008_05_MIN_NO,2008,5,0.5731690449061793,2.6420244560951547,0.489422604030332
2008_05_NE_SF,2008,5,0.3881637318455832,-2.7040422172882965,0.5087452308020266
2008_05_PIT_JAX,2008,5,0.6815435306015967,5.154846964803335,0.4898013970957863
2008_05_SD_MIA,2008,5,0.3097530393450122,-5.569657903971136,0.5127150063481689
2008_05_SEA_NYG,2008,5,0.7210645284672952,5.984944907437817,0.48478315440640896
2008_05_TB_DEN,2008,5,0.6462990554428828,3.114965355366024,0.4886232758198774
2008_05_TEN_BAL,2008,5,0.49150831915489657,-0.6971129764510144,0.5089499483768668
2008_05_WAS_PHI,2008,5,0.7150979797096977,6.019865014613376,0.4858143872418755
2008_06_BAL_IND,2008,6,0.6662135540457936,3.7262661323756427,0.49191136808777153
2008_06_CAR_TB,2008,6,0.5438802157813151,0.951906098898308,0.4985787666670826
2008_06_CHI_ATL,2008,6,0.4310861186036125,-2.7417579120434072,0.5076309188691348
2008_06_CIN_NYJ,2008,6,0.7851118932834357,8.792285149996909,0.47909569560924387
2008_06_DAL_ARI,2008,6,0.33157982202216285,-4.319497943641935,0.5053339078883415
2008_06_DET_MIN,2008,6,0.8461943162823795,12.050246838385002,0.4719567132498344
2008_06_GB_SEA,2008,6,0.4922234527948704,0.8272062280147383,0.49489386227860005
2008_06_JAX_DEN,2008,6,0.6181643647788839,3.0860553097356975,0.4877693211046774
2008_06_MIA_HOU,2008,6,0.5866817499268311,2.68067294673548,0.49056435671754617
2008_06_NE_SD,2008,6,0.7390250584379363,5.494979971587401,0.48507949182322924
2008_06_NYG_CLE,2008,6,0.24545516854777666,-8.362357779766269,0.5188361398532527
2008_06_OAK_NO,2008,6,0.7280397484471254,6.391107594258944,0.4820125488419878
2008_06_PHI_SF,2008,6,0.3267611187498178,-4.1151074955674645,0.5113725254626712
2008_06_STL_WAS,2008,6,0.8283485618144012,11.123419638084055,0.47411411932097103
2008_07_BAL_MIA,2008,7,0.6061116074701665,2.8527975570051898,0.4956500655835285
2008_07_CLE_WAS,2008,7,0.7205541656819909,6.487546039772608,0.48485996555526195
2008_07_DAL_STL,2008,7,0.25949362441259166,-8.389453505182804,0.518036281779138
2008_07_DEN_NE,2008,7,0.5533779485525244,2.6231453949725347,0.48886491023590567
2008_07_DET_HOU,2008,7,0.8239941381515774,10.122909816921764,0.47409908519799376
2008_07_IND_GB,2008,7,0.42653298393424655,-0.930382469407884,0.5020572780232537
2008_07_MIN_CHI,2008,7,0.6019477788832729,2.807243306651639,0.49430398651810126
2008_07_NO_CAR,2008,7,0.5788295790720182,2.6896394220581925,0.49082925548618284
2008_07_NYJ_OAK,2008,7,0.3791472240683947,-2.7029698889038825,0.5087769118367624
2008_07_PIT_CIN,2008,7,0.22771760941067581,-8.236823757403956,0.5225408281509636
2008_07_SD_BUF,2008,7,0.48526809028889184,-0.8903791527984655,0.5032394007541692
2008_07_SEA_TB,2008,7,0.8395301334650267,9.801614470670925,0.47937101537137716
2008_07_SF_NYG,2008,7,0.8220276168448313,9.208069750026658,0.47661086252687657
2008_07_TEN_KC,2008,7,0.2218172508846302,-8.208198742282777,0.523385332138813
2008_08_ARI_CAR,2008,8,0.6751421497098627,4.589605329171342,0.4878741798395451
2008_08_ATL_PHI,2008,8,0.7951145017136879,8.768183181319877,0.4783844632692258
2008_08_BUF_MIA,2008,8,0.5122413541196742,0.8733539000193571,0.4962575005290964
2008_08_CIN_HOU,2008,8,0.7821921486509674,8.287832203737123,0.4789642871802029
2008_08_CLE_JAX,2008,8,0.7162912307437376,6.478051451749489,0.48457959416443996
2008_08_IND_TEN,2008,8,0.6151238278605958,3.696241559305025,0.49102430663023483
2008_08_KC_NYJ,2008,8,0.8705925955134697,13.05192100726395,0.47200606501642905
2008_08_NYG_PIT,2008,8,0.5572985529634369,2.752378340243312,0.49268287329107086
2008_08_OAK_BAL,2008,8,0.7735348909155069,8.48714645731852,0.4848481658931942
2008_08_SD_NO,2008,8,0.361040362581016,-2.780246082967483,0.5064937227590253
2008_08_SEA_SF,2008,8,0.6676097931129796,4.623129318066294,0.48886443532782875
2008_08_STL_NE,2008,8,0.7681748541743216,8.367645308147639,0.4813199406202302
2008_08_TB_DAL,2008,8,0.537057970615991,0.8904696136079758,0.4967632723904881
2008_08_WAS_DET,2008,8,0.27619336682935236,-6.462851996287437,0.5158692237538587
2008_09_ARI_STL,2008,9,0.36641394528566074,-2.8587954482704867,0.5041726991650829
2008_09_ATL_OAK,2008,9,0.4292793980857094,-2.7020614297532086,0.5088037514503353
2008_09_BAL_CLE,2008,9,0.6009433990619855,0.9622490382842146,0.49888441221286683
2008_09_DAL_NYG,2008,9,0.7603565511729792,8.817144354096646,0.4798293431548773
2008_09_DET_CHI,2008,9,0.8555472305498695,11.601207113963316,0.4734591283858594
2008_09_GB_TEN,2008,9,0.6139931070526297,3.220121874075472,0.49172983555570665
2008_09_HOU_MIN,2008,9,0.7015159848094703,5.930012738814906,0.4831611499043346
2008_09_JAX_CIN,2008,9,0.27455725353730753,-6.426083631673869,0.5169548560816843
2008_09_MIA_DEN,2008,9,0.6602891878178903,3.5298981752236673,0.48611069641058174
2008_09_NE_IND,2008,9,0.7214273047820515,5.974129462801814,0.48446378161491316
2008_09_NYJ_BUF,2008,9,0.660548125506398,4.588920686749012,0.4878539571416278
2008_09_PHI_SEA,2008,9,0.26651064121738494,-6.489013118318606,0.5150967115303025
2008_09_PIT_WAS,2008,9,0.5465138509097874,0.9429598631475642,0.498314395958252
2008_09_TB_KC,2008,9,0.20861242325191248,-8.703302512000365,0.5235297718152028
2008_10_BAL_HOU,2008,10,0.5412717055280384,2.2389993917280595,0.4922875783975581
2008_10_BUF_NE,2008,10,0.6180012516034483,3.21996741472115,0.4917252720654237
2008_10_CAR_OAK,2008,10,0.19474354173969097,-9.189676380538108,0.5239317288180008
2008_10_DEN_CLE,2008,10,0.5969170058935047,2.642611243780917,0.48943993827230553
2008_10_GB_MIN,2008,10,0.5289181171670814,2.2276224812763994,0.4919514417359328
2008_10_IND_PIT,2008,10,0.614017520588756,3.266614474364054,0.49310350250318913
2008_10_JAX_DET,2008,10,0.29088650898610485,-5.079506255486216,0.5124241194272942
2008_10_KC_SD,2008,10,0.8812117984541078,13.410325083695867,0.4678336434564397
2008_10_NO_ATL,2008,10,0.5326162620541813,0.7007814345711749,0.49115843230382067
2008_10_NYG_PHI,2008,10,0.5821626161558433,2.723561791346475,0.4918314679383158
2008_10_SEA_MIA,2008,10,0.747527784926169,8.360469574915768,0.48110812366782335
2008_10_SF_ARI,2008,10,0.8100653018560435,8.71842983211005,0.4769164967522951
2008_10_STL_NYJ,2008,10,0.7723509810050585,8.790094247145749,0.4790310408046535
2008_10_TEN_CHI,2008,10,0.4392584229435865,-0.7596244456881034,0.5071030299925492
2008_11_ARI_SEA,2008,11,0.4195930139124377,-2.820595462441586,0.5053014776842812
2008_11_BAL_NYG,2008,11,0.702043830179858,6.529889761106017,0.4861104479133467
2008_11_CHI_GB,2008,11,0.6385974878998921,3.184890428758762,0.4906889543069446
2008_11_CLE_BUF,2008,11,0.6618578242973924,4.164915286025999,0.4900988344565204
2008_11_DAL_WAS,2008,11,0.4591053985087546,-0.8589262875955344,0.5041688329068498
2008_11_DEN_ATL,2008,11,0.716283044504858,5.841189434378821,0.4805390292319823
2008_11_DET_CAR,2008,11,0.8795949861243972,13.056306177446553,0.4721353347129761
2008_11_HOU_IND,2008,11,0.7516399672580384,8.196738258501295,0.47627658637675147
2008_11_MIN_TB,2008,11,0.6789662818246435,4.186849130645144,0.49074682078704246
2008_11_NO_KC,2008,11,0.29419944354346894,-5.689882652235873,0.5091635586484424
2008_11_NYJ_NE,2008,11,0.5677564423657416,2.759145109370573,0.49288280725543593
2008_11_OAK_MIA,2008,11,0.8238445999339737,9.360865623387294,0.4811198142900338
2008_11_PHI_CIN,2008,11,0.2320217425451325,-8.782099580144314,0.5212048817287137
2008_11_SD_PIT,2008,11,0.6735550342411776,4.167992976006359,0.490189756379314
2008_11_STL_SF,2008,11,0.7171690469312102,6.44990365772294,0.4837484463885919
2008_11_TEN_JAX,2008,11,0.43838880647721035,-0.8050322489049069,0.5057613463318291
2008_12_BUF_KC,2008,12,0.41699269310375,-2.7387009591623053,0.5077212390168387
2008_12_CAR_ATL,2008,12,0.4717738970503959,0.8800744039308631,0.49645609173878563
2008_12_CHI_STL,2008,12,0.2715909475691636,-6.508599970973903,0.5145182937668005
2008_12_CIN_PIT,2008,12,0.8564438209855678,10.821577539388146,0.4799601830546102
2008_12_GB_NO,2008,12,0.4921076876794226,0.691988036424424,0.49089864184680715
2008_12_HOU_CLE,2008,12,0.5814043219919688,2.5966964932512,0.48808363767232826
2008_12_IND_SD,2008,12,0.6001946377205778,2.6231653084279385,0.48886549847477584
2008_12_MIN_JAX,2008,12,0.5401292160523097,0.8741562991227365,0.49628121141291065
2008_12_NE_MIA,2008,12,0.45032059643023403,-0.8587821377573945,0.5041730924862646
2008_12_NYG_ARI,2008,12,0.42188616780237437,-2.8277341820803272,0.5050905372770127
2008_12_NYJ_TEN,2008,12,0.6614948067009078,5.093693638810018,0.4879949393647946
2008_12_OAK_DEN,2008,12,0.7680433910159217,8.321969844928192,0.4799717615644343
2008_12_PHI_BAL,2008,12,0.5452189861366956,0.9077568977569072,0.4972741194655599
2008_12_SF_DAL,2008,12,0.7959487255390526,8.757598754456893,0.478072145807749
2008_12_TB_DET,2008,12,0.24361415238839712,-8.33482381179705,0.5196488570318597
2008_12_WAS_SEA,2008,12,0.41186336208999386,-2.6835168070735,0.5093516268675684
2008_13_ARI_PHI,2008,13,0.6122723523510971,2.619103551214053,0.4887455156086225
2008_13_ATL_SD,2008,13,0.6989457774319889,5.904364702119724,0.48240392367374185
2008_13_BAL_CIN,2008,13,0.2678409458691766,-6.345251428315012,0.5193410756194135
2008_13_CAR_GB,2008,13,0.5740679038668001,2.7529076758941926,0.4926985132115594
2008_13_CHI_MIN,2008,13,0.6589571124398732,4.612170872418379,0.4885407290968517
2008_13_DEN_NYJ,2008,13,0.76448926730552,6.840342546440889,0.48051403243057383
2008_13_IND_CLE,2008,13,0.35947613887299557,-3.6891367839659863,0.5091855941817439
2008_13_JAX_HOU,2008,13,0.5937311557857549,2.6148992154371977,0.48862132209524856
2008_13_KC_OAK,2008,13,0.6146536081046914,2.7525083179703382,0.4926867136535357
2008_13_MIA_STL,2008,13,0.26454604633632844,-6.507194583253153,0.5145597971898237
2008_13_NO_TB,2008,13,0.6420881014616371,3.1681033590953374,0.49019301735491216
2008_13_NYG_WAS,2008,13,0.3416417090027423,-3.1724660868302488,0.50967809690258
2008_13_PIT_NE,2008,13,0.5671566853761019,0.9185864754657874,0.4975941407212124
2008_13_SEA_DAL,2008,13,0.8634985517893733,10.617386920519486,0.47393622280185876
2008_13_SF_BUF,2008,13,0.7211930592097081,5.997168936783141,0.485144133496187
2008_13_TEN_DET,2008,13,0.16084988632466476,-10.235793834085738,0.5225712150433729
2008_14_ATL_NO,2008,14,0.5859803228264684,2.5649710063954627,0.48714656095073366
2008_14_CIN_IND,2008,14,0.8465976009198021,12.572131519852487,0.47260187164078743
2008_14_CLE_TEN,2008,14,0.8725180505536152,13.130664950915056,0.4743277804211709
2008_14_DAL_PIT,2008,14,0.6536613277831659,3.7452543491550396,0.4924723866753265
2008_14_HOU_GB,2008,14,0.7185569230524174,6.384117820785886,0.4818062044990129
2008_14_JAX_CHI,2008,14,0.7181070435380636,6.037741479298745,0.4863423379307983
2008_14_KC_DEN,2008,14,0.7773225487781109,8.233583544441984,0.4773635729394731
2008_14_MIA_BUF,2008,14,0.5096407246041168,0.8408255244626848,0.49529629948531434
2008_14_MIN_DET,2008,14,0.20859299583476368,-9.792830227937468,0.5208882187413756
2008_14_NE_SEA,2008,14,0.2905832805376488,-6.947284575387911,0.5163288863126416
2008_14_NYJ_SF,2008,14,0.32254599279012125,-3.7109958292823784,0.5085397908897408
2008_14_OAK_SD,2008,14,0.7934312197173468,8.8343208765075,0.480336298630396
2008_14_PHI_NYG,2008,14,0.7078100841355224,6.037916015318467,0.48634749267195426
2008_14_STL_ARI,2008,14,0.8725360020493577,12.913832494745677,0.46793695592978335
2008_14_TB_CAR,2008,14,0.5712290035509058,2.7953831043791584,0.49395354032723476
2008_14_WAS_BAL,2008,14,0.7061586856914509,5.678134777173595,0.4904893717054612
2008_15_BUF_NYJ,2008,15,0.7499876623388264,8.367737055315853,0.4813226488941962
2008_15_CLE_PHI,2008,15,0.8819035541807598,14.468258409832274,0.46954036980412106
2008_15_DEN_CAR,2008,15,0.7452874735402397,6.381352893631817,0.48172458272725877
2008_15_DET_IND,2008,15,0.9242759917721117,15.325929004444898,0.4653483858144076
2008_15_GB_JAX,2008,15,0.43236650491601614,-2.3149205730693443,0.5054691626483796
2008_15_MIN_ARI,2008,15,0.6556653744218618,3.592576097820948,0.4879619295930252
2008_15_NE_OAK,2008,15,0.2843926020309088,-5.930522287018042,0.5168238056973549
2008_15_NO_CHI,2008,15,0.5858104700992961,2.674500986654562,0.4903820194058477
2008_15_NYG_DAL,2008,15,0.5718874667538167,2.6512042064558092,0.489693784473507
2008_15_PIT_BAL,2008,15,0.5828329166079923,2.8793935476570915,0.496435972362765
2008_15_SD_KC,2008,15,0.3047222549159568,-5.5077643504666955,0.5145429710409545
2008_15_SEA_STL,2008,15,0.4984830777956957,-0.8648903397301843,0.5039925967538154
2008_15_SF_MIA,2008,15,0.6978354624381358,5.097569915518611,0.4881094369280873
2008_15_TB_ATL,2008,15,0.6576398281508771,5.046372515392546,0.4865972493878039
2008_15_TEN_HOU,2008,15,0.4117275317176895,-2.7749907596106,0.5066490032210926
2008_15_WAS_CIN,2008,15,0.2903762994078548,-5.8964846552377175,0.5178287122431056
2008_16_ARI_NE,2008,16,0.7890942681912432,8.37125743737434,0.4814265672918359
2008_16_ATL_MIN,2008,16,0.6001098282300715,2.7163546531640406,0.4916185336006674
2008_16_BAL_DAL,2008,16,0.6931484301103858,4.651325807661573,0.48969737674602215
2008_16_BUF_DEN,2008,16,0.7100774473125726,5.94034266629519,0.48346614541606137
2008_16_CAR_NYG,2008,16,0.6480153589715311,3.742911344532891,0.4924031603294642
2008_16_CIN_CLE,2008,16,0.5448463467402465,1.0635197765023368,0.5018770837768394
2008_16_GB_CHI,2008,16,0.6169658327963486,3.707033257112114,0.4913431372295334
2008_16_HOU_OAK,2008,16,0.2764403998110071,-6.478711592416565,0.515400912390422
2008_16_IND_JAX,2008,16,0.30223836396292153,-5.088030668573102,0.5121723318176253
2008_16_MIA_KC,2008,16,0.3758706783763327,-3.1064114298521064,0.5116293985371991
2008_16_NO_DET,2008,16,0.2876670024427755,-6.6152095491078,0.5113695108750532
2008_16_NYJ_SEA,2008,16,0.36492772074785673,-3.1687594230251075,0.5097876009628223
2008_16_PHI_WAS,2008,16,0.28473476369127937,-4.04409635169816,0.5134699760093587
2008_16_PIT_TEN,2008,16,0.44574817407866035,-2.1046055092596383,0.5116827430219656
2008_16_SD_TB,2008,16,0.6355843032833974,4.131644756507626,0.48911598159575626
2008_16_SF_STL,2008,16,0.36557799252205114,-3.1862946991891072,0.5092695589570366
2008_17_CAR_NO,2008,17,0.4480448671364671,-1.0187952613060491,0.49944457614934595
2008_17_CHI_HOU,2008,17,0.5935846739945223,2.6632145800507194,0.4900485919759471
2008_17_CLE_PIT,2008,17,0.8228563141904177,10.373898946150307,0.48150454299839784
2008_17_DAL_PHI,2008,17,0.5534557868782619,2.295202136729597,0.49394819311632915
2008_17_DEN_SD,2008,17,0.6998472335037537,6.326888822996148,0.48011694176589365
2008_17_DET_GB,2008,17,0.8529130276536075,10.243607053794987,0.47765930972095844
2008_17_JAX_BAL,2008,17,0.8228379829184629,9.834441460134226,0.4803398577022473
2008_17_KC_CIN,2008,17,0.548256105104125,1.3698274909024037,0.4961532953401329
2008_17_MIA_NYJ,2008,17,0.558600398919835,2.248288633804972,0.49256203789723557
2008_17_NE_BUF,2008,17,0.3141957205721484,-4.9327805271481475,0.5167571309243872
2008_17_NYG_MIN,2008,17,0.7418824759663528,6.497769693378364,0.48516187432689506
2008_17_OAK_TB,2008,17,0.8492242521105907,10.289757680451071,0.4790211085765585
2008_17_SEA_ARI,2008,17,0.7339160073842221,6.389783081180397,0.4819734476636331
2008_17_STL_ATL,2008,17,0.8595513008028195,12.99325507590713,0.4702769508634059
2008_17_TEN_IND,2008,17,0.4004832791147541,-2.6753781948861652,0.5095920654816362
2008_17_WAS_SF,2008,17,0.581557723329743,0.9554053283881039,0.4986821727680188
2008_18_ATL_ARI,2008,18,0.5661528773140049,1.6222722201339224,0.4888391168768196
2008_18_BAL_MIA,2008,18,0.35392243898782094,-3.1166210102141156,0.5113278172703916
2008_18_IND_SD,2008,18,0.48133254114363483,-1.4344990266821207,0.501935630010236
2008_18_PHI_MIN,2008,18,0.36927853996134796,-2.69531941996362,0.5090029368494451
2008_19_ARI_CAR,2008,19,0.8043337421900133,9.152484232786035,0.4749712658368532
2008_19_BAL_TEN,2008,19,0.56730686076604,2.888065629838182,0.49669223398276263
2008_19_PHI_NYG,2008,19,0.6102303773046404,3.724881894487244,0.4918704705370686
2008_19_SD_PIT,2008,19,0.7286453931849579,6.083657058536915,0.4876984832137959
2008_20_BAL_PIT,2008,20,0.7030771237372816,5.666457770414711,0.4901444028699652
2008_20_PHI_ARI,2008,20,0.3794308737221686,-3.2798907308078586,0.5065042224767764
2008_21_PIT_ARI,2008,21,0.2958702733879839,-6.079295802882033,0.5124303355535165
2009_01_BUF_NE,2009,1,0.8219907195553621,12.252919615349091,0.46319952453396834
2009_01_CHI_GB,2009,1,0.6435345656697741,4.399805011118883,0.48226931106192317
2009_01_DAL_TB,2009,1,0.3116745296799256,-4.27437031024322,0.5066673357404942
2009_01_DEN_CIN,2009,1,0.6735674119571851,4.0697999060442465,0.4872891878640347
2009_01_DET_NO,2009,1,0.8727641252512799,12.660357653083885,0.460476729693496
2009_01_JAX_IND,2009,1,0.6902718277830426,5.831743883983499,0.48026023808584356
2009_01_KC_BAL,2009,1,0.847150020670709,12.033191180910523,0.4714539649679382
2009_01_MIA_ATL,2009,1,0.6551098571167431,3.5409307780775157,0.4864365309369348
2009_01_MIN_CLE,2009,1,0.34641467804862386,-3.80074668493306,0.5058879767338847
2009_01_NYJ_HOU,2009,1,0.6841123684666779,3.9924617334679526,0.48500512697568315
2009_01_PHI_CAR,2009,1,0.45021894018860054,-1.11370984311515,0.4966397683165746
2009_01_SD_OAK,2009,1,0.23251427587199117,-9.42901332972988,0.5168683575549585
2009_01_SF_ARI,2009,1,0.6729584762352431,4.432946952199022,0.4832477828109835
2009_01_STL_SEA,2009,1,0.7010553838027792,6.382701771539333,0.4817644020550513
2009_01_TEN_PIT,2009,1,0.6963531006431751,6.041645946948288,0.48645765289582366
2009_01_WAS_NYG,2009,1,0.6620896498186195,5.545922277494566,0.4865839517983108
2009_02_ARI_JAX,2009,2,0.6009989863623336,2.6489226286731,0.48962638357709554
2009_02_BAL_SD,2009,2,0.5802720113988663,2.704168961385273,0.49125851374872
2009_02_CAR_ATL,2009,2,0.6639594970798008,4.939718476861309,0.48344771568054656
2009_02_CIN_GB,2009,2,0.7064965599367503,6.823192787805083,0.48000785562173587
2009_02_CLE_DEN,2009,2,0.5887571048786681,2.7373174269388603,0.4922378835333924
2009_02_HOU_TEN,2009,2,0.701384884028948,6.393748807307123,0.4820905210627335
2009_02_IND_MIA,2009,2,0.393773544674192,-2.9087501105815763,0.5026965305019256
2009_02_MIN_DET,2009,2,0.19820773191197236,-9.473203884843237,0.5155635496183841
2009_02_NE_NYJ,2009,2,0.3913637347937532,-3.4597236154051614,0.5011902169540822
2009_02_NO_PHI,2009,2,0.4326175460841979,-2.5566786308574003,0.4983250788283896
2009_02_NYG_DAL,2009,2,0.5859271411702605,2.582629171985056,0.4876681223279976
2009_02_OAK_KC,2009,2,0.5425209406581416,1.316446247663214,0.4945759187868195
2009_02_PIT_CHI,2009,2,0.4451916135227226,-0.9811085895291569,0.5005582651787797
2009_02_SEA_SF,2009,2,0.5025401750182374,0.8649228568382336,0.4960083641202389
2009_02_STL_WAS,2009,2,0.8054748712955615,9.246586517665772,0.47774721914215873
2009_02_TB_BUF,2009,2,0.6607522106599284,4.047702861397916,0.4866365406920646
2009_03_ATL_NE,2009,3,0.6625766777431392,3.9703659181776922,0.48435264900551467
2009_03_CAR_DAL,2009,3,0.7822848492909074,8.078427061894244,0.47278747702792157
2009_03_CHI_SEA,2009,3,0.43254815761072174,-0.9811085895291569,0.5005582651787797
2009_03_CLE_BAL,2009,3,0.8436170327005875,12.451625345881908,0.4690502980429117
2009_03_DEN_OAK,2009,3,0.43901700989326875,-1.0032088582784808,0.4999051741313298
2009_03_GB_STL,2009,3,0.29654760870773583,-6.179916696807514,0.5094579851699577
2009_03_IND_ARI,2009,3,0.6071087520373807,2.505290311613207,0.48538396677190143
2009_03_JAX_HOU,2009,3,0.6343018914824382,3.4746420239938884,0.48447891697813533
2009_03_KC_PHI,2009,3,0.7342827679063937,6.900520099922829,0.48229042200210853
2009_03_MIA_SD,2009,3,0.690997382223944,4.906576340603819,0.48246921707438767
2009_03_NO_BUF,2009,3,0.3220675139313502,-5.453665768144249,0.5013692331723254
2009_03_NYG_TB,2009,3,0.3006681474285891,-5.7946890149648596,0.5060669685395379
2009_03_PIT_CIN,2009,3,0.39042778693075597,-3.2718742668414023,0.5067410866023321
2009_03_SF_MIN,2009,3,0.7288765906620003,6.42689057189512,0.4830689685262354
2009_03_TEN_NYJ,2009,3,0.5137888629183931,0.9312231336143347,0.4979675643537742
2009_03_WAS_DET,2009,3,0.3050177823919418,-6.11362210437516,0.5114164027683131
2009_04_BAL_NE,2009,4,0.5573023752090362,0.7323254106636337,0.4920903915204119
2009_04_BUF_MIA,2009,4,0.5242001881104857,0.9091229694163784,0.4973144877032404
2009_04_CIN_CLE,2009,4,0.2886696120936927,-5.606849738166319,0.5116164514629954
2009_04_DAL_DEN,2009,4,0.4346111216355336,-1.11370984311515,0.4966397683165746
2009_04_DET_CHI,2009,4,0.8049750135391291,8.651458102562888,0.4749410021440323
2009_04_GB_MIN,2009,4,0.6429124039586135,3.9593181548688694,0.4840264298841793
2009_04_NYG_KC,2009,4,0.2288129901940578,-8.503852138717379,0.5146585044688287
2009_04_NYJ_NO,2009,4,0.7600814498411543,6.712735890975997,0.47674851730917256
2009_04_OAK_HOU,2009,4,0.7784813242196094,8.199910953848141,0.47637017841888507
2009_04_SD_PIT,2009,4,0.6946194817609547,4.950766063297118,0.48377391046144874
2009_04_SEA_IND,2009,4,0.8050992535214482,9.10300823611191,0.47351223625542466
2009_04_STL_SF,2009,4,0.7944578510812097,8.795044734582914,0.4791771333218154
2009_04_TB_WAS,2009,4,0.7952591834510231,8.795044734582914,0.4791771333218154
2009_04_TEN_JAX,2009,4,0.374036591633922,-2.9308502737910276,0.5020434539875094
2009_05_ATL_SF,2009,5,0.5063589442040092,0.8538728854549966,0.49568184104041607
2009_05_CIN_BAL,2009,5,0.7757268199506605,8.210955861820755,0.4766960047382748
2009_05_CLE_BUF,2009,5,0.6878698478715614,5.446490040031773,0.4836476538492332
2009_05_DAL_KC,2009,5,0.2552490334673747,-6.664590798148709,0.5099107516193654
2009_05_HOU_ARI,2009,5,0.7001259442977363,4.7850639468063,0.4788825958358933
2009_05_IND_TEN,2009,5,0.35180664221409363,-2.9750507359340514,0.5007372822692568
2009_05_JAX_SEA,2009,5,0.5560929974738824,0.7654742472713725,0.49306981239255027
2009_05_MIN_STL,2009,5,0.17240940580182548,-9.373777501131768,0.5184990419990352
2009_05_NE_DEN,2009,5,0.40935246820740356,-2.9087501105815763,0.5026965305019256
2009_05_NYJ_MIA,2009,5,0.390052447042348,-2.79825062043948,0.5059617304998331
2009_05_OAK_NYG,2009,5,0.9068405968823432,14.313095747518137,0.4649705937928997
2009_05_PIT_DET,2009,5,0.17201988640939425,-10.376272910192828,0.5184253784464087
2009_05_TB_PHI,2009,5,0.8821552599832208,14.235831819701378,0.4626967377749739
2009_05_WAS_CAR,2009,5,0.6695075177639913,4.598669571488008,0.48814191877386826
2009_06_ARI_SEA,2009,6,0.5843533695558023,2.582629171985056,0.4876681223279976
2009_06_BAL_MIN,2009,6,0.5673567310601613,2.582629171985056,0.4876681223279976
2009_06_BUF_NYJ,2009,6,0.7888136653363436,8.817137030097047,0.4798291269980159
2009_06_CAR_TB,2009,6,0.37526902355064,-2.8977000530222963,0.5030230654480627
2009_06_CHI_ATL,2009,6,0.6364165118153471,3.496737912427792,0.48513140501463997
2009_06_CLE_PIT,2009,6,0.8766146880247757,12.936311015593514,0.46859912250872066
2009_06_DEN_SD,2009,6,0.616960185792479,3.0673041145956623,0.4872154716880496
2009_06_DET_GB,2009,6,0.8867890265024517,12.693464611848068,0.46145039504391505
2009_06_HOU_CIN,2009,6,0.6368474472765019,3.496737912427792,0.48513140501463997
2009_06_KC_WAS,2009,6,0.7036833676731588,6.019549326916556,0.4858050641685081
2009_06_NYG_NO,2009,6,0.6302783879195838,3.0120622236225216,0.4855839529483425
2009_06_PHI_OAK,2009,6,0.11088587266312294,-13.074494998716963,0.52732844888928
2009_06_STL_JAX,2009,6,0.7994417951698813,8.673546758392337,0.475592495259464
2009_06_TEN_NE,2009,6,0.8058030077971099,8.761907263166938,0.47819927649087496
2009_07_ARI_NYG,2009,7,0.7555029852808635,8.111557124408709,0.47376431509412015
2009_07_ATL_DAL,2009,7,0.6850747896012045,4.851341644732914,0.4808386884856668
2009_07_BUF_CAR,2009,7,0.752229870302008,6.471081049680298,0.48437376582140174
2009_07_CHI_CIN,2009,7,0.4579217354704117,-1.0916097479458438,0.49729283546184266
2009_07_GB_CLE,2009,7,0.2349111842362495,-8.933289290255555,0.516742109576373
2009_07_IND_STL,2009,7,0.11811220659526579,-13.173889003755749,0.5243974098782918
2009_07_MIN_PIT,2009,7,0.7094434492029452,5.336019459594193,0.48038643310404816
2009_07_NE_TB,2009,7,0.12772821705435436,-14.55062959266243,0.5280320038165957
2009_07_NO_MIA,2009,7,0.3230196259631032,-5.8388884382963635,0.5047609398629451
2009_07_NYJ_OAK,2009,7,0.3058417467973603,-5.529509631275553,0.5139007785952916
2009_07_PHI_WAS,2009,7,0.2410088916689076,-8.393376048919249,0.51792048331617
2009_07_SD_KC,2009,7,0.3110869298660343,-5.287916098650323,0.506267092969487
2009_07_SF_HOU,2009,7,0.6280946778891421,2.604726706925469,0.4883208369888441
2009_08_ATL_NO,2009,8,0.8173875411677802,9.752205167061664,0.4631785016141457
2009_08_CAR_ARI,2009,8,0.7894850417493621,9.10300823611191,0.47351223625542466
2009_08_CLE_CHI,2009,8,0.8336941063172951,10.568098857787048,0.4724829836822251
2009_08_DEN_BAL,2009,8,0.6602633389903808,4.036654462208544,0.4863102340546447
2009_08_HOU_BUF,2009,8,0.36228923825234094,-3.393423090244668,0.5031494513901928
2009_08_JAX_TEN,2009,8,0.5872653492606977,2.615775583909974,0.4886472093945555
2009_08_MIA_NYJ,2009,8,0.6362281024748513,3.166744336889357,0.4901528686940442
2009_08_MIN_GB,2009,8,0.6269225201180021,3.023110431340457,0.4859102332320823
2009_08_NYG_PHI,2009,8,0.4503882711698327,-1.1026598049271084,0.49696630059529817
2009_08_OAK_SD,2009,8,0.8985132228176534,14.6984505355017,0.4615970496728602
2009_08_SEA_DAL,2009,8,0.8015996705774313,9.047792954693906,0.4718843775412119
2009_08_SF_IND,2009,8,0.864764309413014,11.845497580154536,0.4659245156277805
2009_08_STL_DET,2009,8,0.6082506384241662,3.089401439376174,0.4878681574199067
2009_09_ARI_CHI,2009,9,0.5572358181290863,0.7544245894440884,0.49274333248669067
2009_09_BAL_CIN,2009,9,0.4191298212100298,-2.9971510025015005,0.5000841915222572
2009_09_CAR_NO,2009,9,0.8466593029554551,11.250426388083202,0.46312616079502017
2009_09_DAL_PHI,2009,9,0.5727470242046361,2.4831942787067414,0.4847314588521945
2009_09_DET_SEA,2009,9,0.8339095783699396,10.06133015883649,0.47228343942502393
2009_09_GB_TB,2009,9,0.18926570735094617,-8.966432174293358,0.515763508068798
2009_09_HOU_IND,2009,9,0.7602466115563036,6.635424506537252,0.47446814165319023
2009_09_KC_JAX,2009,9,0.7253984340006067,6.3716548486811595,0.48143829858266707
2009_09_MIA_NE,2009,9,0.8268338340061441,9.488308289710503,0.4701311749111706
2009_09_PIT_DEN,2009,9,0.41942169081546454,-2.9087501105815763,0.5026965305019256
2009_09_SD_NYG,2009,9,0.6853716135217759,4.36666405811568,0.4812909752688396
2009_09_TEN_SF,2009,9,0.6526623263828153,4.0697999060442465,0.4872891878640347
2009_09_WAS_ATL,2009,9,0.7888485715173073,8.2330461084861,0.47734771661017483
2009_10_ATL_CAR,2009,10,0.4879552786532064,-1.11370984311515,0.4966397683165746
2009_10_BAL_CLE,2009,10,0.16874467883411426,-9.814269035957594,0.520255517090137
2009_10_BUF_TEN,2009,10,0.7531103723653576,8.2330461084861,0.47734771661017483
2009_10_CHI_SF,2009,10,0.634730685741858,3.100450215484322,0.4881945159393554
2009_10_CIN_PIT,2009,10,0.7176564701283087,5.92011912145658,0.4828690458703846
2009_10_DAL_GB,2009,10,0.4144111638861291,-3.063451749987984,0.49812492647150736
2009_10_DEN_WAS,2009,10,0.37595398322217816,-3.2608245839032635,0.5070675699656121
2009_10_DET_MIN,2009,10,0.9003113243545423,15.491301246083102,0.45550865070310864
2009_10_JAX_NYJ,2009,10,0.7096237095409262,5.92011912145658,0.4828690458703846
2009_10_KC_OAK,2009,10,0.5606998214569504,0.9312231336143347,0.4979675643537742
2009_10_NE_IND,2009,10,0.5436621831899046,0.6770783564965062,0.4904581620229513
2009_10_NO_STL,2009,10,0.14181070580351285,-13.295387027653112,0.520812765254866
2009_10_PHI_SD,2009,10,0.5161981652405793,0.6991770150062507,0.4911110313590038
2009_10_SEA_ARI,2009,10,0.7459224307403165,8.111557124408709,0.47376431509412015
2009_10_TB_MIA,2009,10,0.794806788189178,9.114051792168832,0.47383787669606153
2009_11_ARI_STL,2009,11,0.2278954305521163,-9.043768892718502,0.5134796473209744
2009_11_ATL_NYG,2009,11,0.7527422125316894,6.272237956624067,0.4785041121154215
2009_11_BUF_JAX,2009,11,0.7748658874934904,8.2330461084861,0.47734771661017483
2009_11_CIN_OAK,2009,11,0.2206914758325251,-8.3491886068899,0.519224862892115
2009_11_CLE_DET,2009,11,0.6143624745763333,3.2219911338851275,0.4917850627851826
2009_11_IND_BAL,2009,11,0.49111485622409695,-1.1247598604872329,0.49631323890418794
2009_11_MIA_CAR,2009,11,0.6372437295677132,3.122547985034334,0.48884726289567637
2009_11_NO_TB,2009,11,0.18921102510121204,-10.068361668732502,0.5127532922428579
2009_11_NYJ_NE,2009,11,0.8224688483721646,9.532476400440448,0.4714328964274019
2009_11_PHI_CHI,2009,11,0.3544364131646336,-3.4928740048331046,0.5002105822688885
2009_11_PIT_KC,2009,11,0.15130659837995736,-9.814269035957594,0.520255517090137
2009_11_SD_DEN,2009,11,0.28159507462668376,-6.157818243437958,0.5101108262638872
2009_11_SEA_MIN,2009,11,0.7991835743409942,9.488308289710503,0.4701311749111706
2009_11_SF_GB,2009,11,0.7069760002799806,5.435442493028171,0.48332146449465463
2009_11_TEN_HOU,2009,11,0.6360875196743827,3.4525465200229224,0.4838264818519755
2009_11_WAS_DAL,2009,11,0.825843844146459,10.072373085752787,0.4726089933854772
2009_12_ARI_TEN,2009,12,0.6359275129841965,3.0673041145956623,0.4872154716880496
2009_12_CAR_NYJ,2009,12,0.6049866327412707,3.144646030891663,0.4895000478886771
2009_12_CHI_MIN,2009,12,0.8012130288577481,9.025708045780899,0.4712333994879383
2009_12_CLE_CIN,2009,12,0.8325740773656973,11.041739239711664,0.4717059297931847
2009_12_GB_DET,2009,12,0.16506691688804925,-10.464651697504493,0.5158160822203316
2009_12_IND_HOU,2009,12,0.41884619405967005,-3.063451749987984,0.49812492647150736
2009_12_JAX_SF,2009,12,0.6214439419787229,2.6489226286731,0.48962638357709554
2009_12_KC_SD,2009,12,0.8464449484723864,11.85653679068798,0.46624955903010973
2009_12_MIA_BUF,2009,12,0.3550844059368842,-3.305023558111901,0.5057616031291039
2009_12_NE_NO,2009,12,0.5478971442865695,0.4782030082931643,0.48458406950911476
2009_12_NYG_DEN,2009,12,0.34360618559881145,-4.351719201248818,0.5043817993011489
2009_12_OAK_DAL,2009,12,0.8725339559337444,12.407462744809134,0.46774933349796355
2009_12_PIT_BAL,2009,12,0.7442058801899014,8.365598802600843,0.4812595302858288
2009_12_SEA_STL,2009,12,0.3817759995980574,-3.404473140795397,0.5028229174091325
2009_12_TB_ATL,2009,12,0.8313758150168739,10.898201824500026,0.4674765637768538
2009_12_WAS_PHI,2009,12,0.7913552432701494,8.706680870073617,0.4765698900277609
2009_13_BAL_GB,2009,13,0.6578728261836064,3.5630277229832243,0.48708916438015337
2009_13_DAL_NYG,2009,13,0.4763709020347068,-1.157909767480903,0.49533367065005957
2009_13_DEN_KC,2009,13,0.31314273136247284,-5.639996617884329,0.510637300000887
2009_13_DET_CIN,2009,13,0.8790889983221062,12.374342881393556,0.4667738967997848
2009_13_HOU_JAX,2009,13,0.47290863304533187,-1.202109229343653,0.49402763666798455
2009_13_MIN_ARI,2009,13,0.38018137099850197,-3.52602440600187,0.4992309459669522
2009_13_NE_MIA,2009,13,0.30122474752746836,-4.4069692638776505,0.5027491555757817
2009_13_NO_WAS,2009,13,0.23646294910656634,-8.581190922931585,0.5123743593951411
2009_13_NYJ_BUF,2009,13,0.3481545727785488,-3.2829239915370065,0.5064145974895717
2009_13_OAK_PIT,2009,13,0.9055366763964193,13.409956658123766,0.46782279143027217
2009_13_PHI_ATL,2009,13,0.3276046103847603,-3.8891461303898893,0.5032758369298485
2009_13_SD_CLE,2009,13,0.16039609555384338,-12.656075042398445,0.5249228291600011
2009_13_SF_SEA,2009,13,0.4880122991909475,-1.0695095856947943,0.497945911844286
2009_13_STL_CHI,2009,13,0.8170717403494132,8.69563601847186,0.4762440714602605
2009_13_TB_CAR,2009,13,0.6320648829626363,3.166744336889357,0.4901528686940442
2009_13_TEN_IND,2009,13,0.7001014959803606,5.324973036149149,0.48006039834075825
2009_14_ARI_SF,2009,14,0.3485655501738697,-3.911246235138604,0.502622768465498
2009_14_BUF_KC,2009,14,0.426498323769187,-2.8424500865903544,0.5046556959273131
2009_14_CAR_NE,2009,14,0.8432954577025548,11.41600915286952,0.4680010715243651
2009_14_CIN_MIN,2009,14,0.6901040789264085,5.424395049302017,0.48299528935197317
2009_14_DEN_IND,2009,14,0.7168570047216306,5.864883736900885,0.48123842252453214
2009_14_DET_BAL,2009,14,0.8818465439253124,12.870069957684407,0.46664806628627603
2009_14_GB_CHI,2009,14,0.3502406839981955,-3.8338962590453187,0.504908454315825
2009_14_MIA_JAX,2009,14,0.5576329042620719,0.7875736896898495,0.49372278965802296
2009_14_NO_ATL,2009,14,0.20781349068798066,-9.59473547393206,0.5119742869788281
2009_14_NYJ_TB,2009,14,0.3599418525069915,-3.2718742668414023,0.5067410866023321
2009_14_PHI_NYG,2009,14,0.4698040895139008,-1.0916097479458438,0.49729283546184266
2009_14_PIT_CLE,2009,14,0.17758166915517912,-9.230178376857694,0.5227368913703904
2009_14_SD_DAL,2009,14,0.6224026473667007,2.9789181442092563,0.48460518693239213
2009_14_SEA_HOU,2009,14,0.7411870736952418,6.305375795571172,0.4794820195008551
2009_14_STL_TEN,2009,14,0.8643377880058768,12.418503100888753,0.46807453422352585
2009_14_WAS_OAK,2009,14,0.4623693166412399,-0.9811085895291569,0.5005582651787797
2009_15_ARI_DET,2009,15,0.13168068928576418,-13.207023129196795,0.5234200132178937
2009_15_ATL_NYJ,2009,15,0.6911129729028866,5.094393095596259,0.4880155998648411
2009_15_CHI_BAL,2009,15,0.8068467986588814,9.653952899675557,0.475014581529523
2009_15_CIN_SD,2009,15,0.7038373767192766,5.853837000410125,0.48091234469355254
2009_15_CLE_KC,2009,15,0.5797465967785451,0.8759728529486739,0.4963348906049344
2009_15_DAL_NO,2009,15,0.7530009769692516,6.569163741698503,0.4725143775638434
2009_15_GB_PIT,2009,15,0.5610121753889683,2.2084456826030454,0.4913848664308327
2009_15_HOU_STL,2009,15,0.12422183397922555,-13.140756237315049,0.5253746196738334
2009_15_IND_JAX,2009,15,0.36972370835970786,-3.415523208833623,0.5024963810200418
2009_15_MIA_TEN,2009,15,0.6692973067929057,4.036654462208544,0.4863102340546447
2009_15_MIN_CAR,2009,15,0.22880564727309355,-8.492804087928302,0.5149847631542199
2009_15_NE_BUF,2009,15,0.25987004548047776,-6.157818243437958,0.5101108262638872
2009_15_NYG_WAS,2009,15,0.439483605493658,-1.11370984311515,0.4966397683165746
2009_15_OAK_DEN,2009,15,0.8698475464288609,12.484749313884185,0.4700262985678423
2009_15_SF_PHI,2009,15,0.7747988560765308,6.382701771539333,0.4817644020550513
2009_15_TB_SEA,2009,15,0.7230031350487403,5.964309350577335,0.48417380894630885
2009_16_BAL_PIT,2009,16,0.5709334303112272,2.6378735468045806,0.48929998296670113
2009_16_BUF_ATL,2009,16,0.7667179175165866,8.244091443151447,0.47767360161026085
2009_16_CAR_NYG,2009,16,0.7770030406605775,8.188866192133364,0.4760443722120396
2009_16_DAL_WAS,2009,16,0.2706266199439657,-6.631443473245488,0.5108899643672741
2009_16_DEN_PHI,2009,16,0.7358125275883115,6.338514777733315,0.48046008414757857
2009_16_DET_SF,2009,16,0.889291558743377,12.859030491570639,0.4663229877879434
2009_16_HOU_MIA,2009,16,0.5344562072702558,0.6991770150062507,0.4911110313590038
2009_16_JAX_NE,2009,16,0.7929254475268795,8.618326287000274,0.47396392308282564
2009_16_KC_CIN,2009,16,0.8493614708300553,11.966940044496148,0.46950152417744506
2009_16_MIN_CHI,2009,16,0.2295166070586004,-8.459660500418046,0.5159634614720958
2009_16_NYJ_IND,2009,16,0.6249818070449569,2.693119578464447,0.4909320716922422
2009_16_OAK_CLE,2009,16,0.6150612013757204,2.770466325221867,0.49321731289726123
2009_16_SD_TEN,2009,16,0.5582776373081821,0.6881276572108344,0.49078459276168257
2009_16_SEA_GB,2009,16,0.8650477917060396,12.34122486729697,0.4657987140681657
2009_16_STL_ARI,2009,16,0.9185035028992535,14.643272940347657,0.4599743659210878
2009_16_TB_NO,2009,16,0.8679139078631587,12.693464611848068,0.46145039504391505
2009_17_ATL_TB,2009,17,0.421453173308462,-2.9198001848454207,0.5023699932555635
2009_17_BAL_OAK,2009,17,0.19307221697552832,-9.34063736230253,0.5194772657732891
2009_17_CHI_DET,2009,17,0.33465035996266357,-3.9001961736290376,0.5029493039555905
2009_17_CIN_NYJ,2009,17,0.7987627513716407,8.861323103531056,0.4811333182823935
2009_17_GB_ARI,2009,17,0.5880249122680085,2.659971774794501,0.48995279303295863
2009_17_IND_BUF,2009,17,0.7716575875247388,8.420834223099739,0.48289015857725054
2009_17_JAX_CLE,2009,17,0.5355702164864191,0.9533233481749497,0.4986206479393148
2009_17_KC_DEN,2009,17,0.7966611956078619,8.761907263166938,0.47819927649087496
2009_17_NE_HOU,2009,17,0.7359791899152324,8.111557124408709,0.47376431509412015
2009_17_NO_CAR,2009,17,0.7905422233618725,9.158227615283375,0.47514065826927904
2009_17_NYG_MIN,2009,17,0.7697212738940761,8.078427061894244,0.47278747702792157
2009_17_PHI_DAL,2009,17,0.5983548979123818,2.538435034786824,0.48636282138960396
2009_17_PIT_MIA,2009,17,0.41650269148354757,-3.019251271155179,0.4994311004879776
2009_17_SF_STL,2009,17,0.27860478612668266,-6.57619930767945,0.5125217962007491
2009_17_TEN_SEA,2009,17,0.31338393709731655,-5.772589520702637,0.5067199529433001
2009_17_WAS_SD,2009,17,0.6026054875416355,2.7262678876441626,0.49191141994754123
2009_18_BAL_NE,2009,18,0.6364767480402123,3.089401439376174,0.4878681574199067
2009_18_GB_ARI,2009,18,0.4500366733782086,-2.600878960715788,0.4970189253259227
2009_18_NYJ_CIN,2009,18,0.5678239991476116,2.3741920157423837,0.49628226683889587
2009_18_PHI_DAL,2009,18,0.6371705444047134,3.0452071065306594,0.48656282955131974
2009_19_ARI_NO,2009,19,0.7564095380159687,6.029267238466726,0.4713383056304597
2009_19_BAL_IND,2009,19,0.6824072710360569,5.853837000410125,0.48091234469355254
2009_19_DAL_MIN,2009,19,0.5552817793829096,2.1311010876167877,0.48909992147246506
2009_19_NYJ_SD,2009,19,0.7776071513464814,8.199910953848141,0.47637017841888507
2009_20_MIN_NO,2009,20,0.6505103988267056,3.3199824740053345,0.47991310645240876
2009_20_NYJ_IND,2009,20,0.736804523253413,7.329963623489815,0.4802076936954032
2009_21_NO_IND,2009,21,0.6533306118276174,3.7273410817273387,0.47717939963938444
2010_01_ARI_STL,2010,1,0.40164294277097307,-2.990071758921626,0.5002933922058629
2010_01_ATL_PIT,2010,1,0.4754677702766744,-1.1060138466886922,0.4968671873283905
2010_01_BAL_NYJ,2010,1,0.526400075082577,0.8297868562929949,0.49497011699374216
2010_01_CAR_NYG,2010,1,0.683169329601135,4.952028902804264,0.48381119818445584
2010_01_CIN_NE,2010,1,0.6714758572986603,4.410867996788358,0.48259591942294194
2010_01_CLE_TB,2010,1,0.5537960038289386,2.2194488588588386,0.4917099513784695
2010_01_DAL_WAS,2010,1,0.35760610537944765,-3.456409084220334,0.5012881651205209
2010_01_DEN_JAX,2010,1,0.626280442951879,2.601608668894003,0.488228734773794
2010_01_DET_CHI,2010,1,0.7024238390254895,5.809910936411576,0.4796158625829656
2010_01_GB_PHI,2010,1,0.4201870160144005,-3.1397382359067074,0.49587062999869924
2010_01_IND_HOU,2010,1,0.4811252555714739,-1.2743845365165176,0.49189214395084596
2010_01_MIA_BUF,2010,1,0.3798787019884624,-2.990071758921626,0.5002933922058629
2010_01_MIN_NO,2010,1,0.6650280559914151,3.8697085867543546,0.4813808465090404
2010_01_OAK_TEN,2010,1,0.7114237199792203,5.9034238471098135,0.48237614729558975
2010_01_SD_KC,2010,1,0.35247265932565336,-4.034996726946732,0.49896580308022176
2010_01_SF_SEA,2010,1,0.35369002472558747,-2.943300817020235,0.501675528507779
2010_02_ARI_ATL,2010,2,0.7087593215923397,6.3043128482888235,0.47945064966468376
2010_02_BAL_CIN,2010,2,0.41988801407281934,-2.523734450490208,0.49929861696853434
2010_02_BUF_GB,2010,2,0.8360936985503227,11.434241549925073,0.46853815705398083
2010_02_CHI_DAL,2010,2,0.743583046725429,6.341716784289525,0.48055459456612837
2010_02_HOU_WAS,2010,2,0.4278820810029286,-2.5892136584891996,0.4973636413843481
2010_02_JAX_SD,2010,2,0.7313624226725457,6.257559988658019,0.47807100195977953
2010_02_KC_CLE,2010,2,0.6111345395189464,2.6670814712490327,0.49016282841389963
2010_02_MIA_MIN,2010,2,0.6513818935444152,4.952028902804264,0.48381119818445584
2010_02_NE_NYJ,2010,2,0.3860520015507139,-2.990071758921626,0.5002933922058629
2010_02_NO_SF,2010,2,0.3305435437064304,-4.463917264479241,0.5010662897520465
2010_02_NYG_IND,2010,2,0.6392996464907328,3.422065344174441,0.4829265063873424
2010_02_PHI_DET,2010,2,0.2987903429297528,-6.282498055992098,0.5064271827998245
2010_02_PIT_TEN,2010,2,0.6984710791141729,5.4931912004299095,0.48502666845111847
2010_02_SEA_DEN,2010,2,0.6085333671884611,3.0773032429946703,0.48751081047185585
2010_02_STL_OAK,2010,2,0.6102940849661731,2.676434913190148,0.4904391528994924
2010_02_TB_CAR,2010,2,0.636331171019276,3.5997628812970817,0.4881742132435436
2010_03_ATL_NO,2010,3,0.6005929042742554,2.4519668386139073,0.4838093656186337
2010_03_BUF_NE,2010,3,0.8729407150457463,12.842692498831632,0.4658419251844798
2010_03_CIN_CAR,2010,3,0.3822454013507805,-2.952654995432789,0.5013991026199744
2010_03_CLE_BAL,2010,3,0.8316326817560509,11.089395004974522,0.4731108483935327
2010_03_DAL_HOU,2010,3,0.5552355636828474,1.0903477630906107,0.48789610959514607
2010_03_DET_MIN,2010,3,0.8207954887288348,11.909954206494493,0.46782271921727303
2010_03_GB_CHI,2010,3,0.41707482255490813,-3.102321860276498,0.4969762870045044
2010_03_IND_DEN,2010,3,0.316004033080347,-5.462071258151371,0.5011208413969849
2010_03_NYJ_MIA,2010,3,0.5498909875315594,0.848494887883318,0.49552292398497855
2010_03_OAK_ARI,2010,3,0.6757472235394377,4.989437833880278,0.48491583037811764
2010_03_PHI_JAX,2010,3,0.43429007374495104,-2.1602922917205944,0.4952632688984696
2010_03_PIT_TB,2010,3,0.437544627697042,-1.9357926483985994,0.501897402273777
2010_03_SD_SEA,2010,3,0.3712418560105879,-3.540596823770514,0.49880031370058403
2010_03_SF_KC,2010,3,0.4536791602191027,-2.4956718615293356,0.500127902029763
2010_03_TEN_NYG,2010,3,0.5589475973871106,2.5641967613919876,0.4871236929172596
2010_03_WAS_STL,2010,3,0.3390986160215849,-4.379729910482383,0.5035540880807488
2010_04_ARI_SD,2010,4,0.8095062473424905,9.027648681442574,0.47129059889807406
2010_04_BAL_PIT,2010,4,0.5399757354743621,1.799879026121249,0.49408638564241647
2010_04_CAR_NO,2010,4,0.8460023549054927,11.424895380265843,0.46826283264027846
2010_04_CHI_NYG,2010,4,0.6362926731881429,3.0211866164741656,0.4858534176437245
2010_04_CIN_CLE,2010,4,0.47259066049533216,-1.5349346488415347,0.49896763756153895
2010_04_DEN_TEN,2010,4,0.7183378781784795,5.362264718779468,0.48116111314181637
2010_04_DET_GB,2010,4,0.8710144633579116,13.243658603773245,0.4629270236417202
2010_04_HOU_OAK,2010,4,0.38923232485505554,-3.531242635428254,0.4990767409557311
2010_04_IND_JAX,2010,4,0.27031148203176875,-6.833021730067498,0.5049342958001067
2010_04_NE_MIA,2010,4,0.5191454696414163,0.6146533810170193,0.48861406033050964
2010_04_NYJ_BUF,2010,4,0.31852230351373095,-5.265636314852098,0.5069253990251308
2010_04_SEA_STL,2010,4,0.4631102528712708,-1.6004137885889587,0.49703267137568696
2010_04_SF_ATL,2010,4,0.7537799939936349,6.313663698598988,0.4797266174987732
2010_04_WAS_PHI,2010,4,0.6614692725868508,4.420219799518459,0.4828720182930491
2010_05_ATL_CLE,2010,5,0.3896707501900848,-3.0274885432496403,0.49918767892214283
2010_05_CHI_CAR,2010,5,0.5616090411599101,2.2942790961553228,0.49392091923852965
2010_05_DEN_BAL,2010,5,0.7675853354342166,7.302467511338506,0.47939619014695256
2010_05_GB_WAS,2010,5,0.41326997488571765,-2.6359841947859777,0.4959815609344455
2010_05_JAX_BUF,2010,5,0.5402464595785683,2.135267688194036,0.48922300440845434
2010_05_KC_IND,2010,5,0.7637456970341902,6.714561911951844,0.4768023871025377
2010_05_MIN_NYJ,2010,5,0.6565086919204872,3.5997628812970817,0.4881742132435436
2010_05_NO_ARI,2010,5,0.2767398474965001,-6.366683853957002,0.5039395987318566
2010_05_NYG_HOU,2010,5,0.6220718770313591,2.47067116443757,0.48436166248794416
2010_05_PHI_SF,2010,5,0.6229226494731607,2.639021412310571,0.4893338916988636
2010_05_SD_OAK,2010,5,0.2786694555253329,-6.804959828356244,0.5057634862284858
2010_05_STL_DET,2010,5,0.5647355078432629,2.5641967613919876,0.4871236929172596
2010_05_TB_CIN,2010,5,0.7157057156152712,5.931479300882936,0.48320445017846664
2010_05_TEN_DAL,2010,5,0.7128316231560077,5.828612834227098,0.4801678253782378
2010_06_ATL_PHI,2010,6,0.5236879563390041,0.7081872665228761,0.491377231687145
2010_06_BAL_NE,2010,6,0.5659280630685093,2.5454911456202605,0.48657121851127966
2010_06_CLE_PIT,2010,6,0.886500398981054,12.936148015952718,0.4685943205916364
2010_06_DAL_MIN,2010,6,0.5373007858542774,0.6988336855044419,0.4911008880542217
2010_06_DET_NYG,2010,6,0.7931764340682821,9.055691965999245,0.4721172282996217
2010_06_IND_WAS,2010,6,0.3712180240856268,-3.0836135870157615,0.49752912727320514
2010_06_KC_HOU,2010,6,0.653800225728368,3.9258185051506733,0.48303731617018897
2010_06_MIA_GB,2010,6,0.5860432865491589,2.554843924320012,0.48684745169696414
2010_06_NO_TB,2010,6,0.3054202203195909,-5.396592138735311,0.5030558047831859
2010_06_NYJ_DEN,2010,6,0.37783119628069517,-3.5218884429873945,0.499353168775266
2010_06_OAK_SF,2010,6,0.7703944995455928,8.216469118484127,0.47685865241910896
2010_06_SD_STL,2010,6,0.22676268841278366,-9.146009780125969,0.5104596654815117
2010_06_SEA_CHI,2010,6,0.6909871545728424,5.474486541599985,0.4844743257532154
2010_06_TEN_JAX,2010,6,0.40193333828235367,-3.064905269879848,0.4980819735835489
2010_07_ARI_SEA,2010,7,0.7062185701800263,5.884720600219007,0.4818239988938945
2010_07_BUF_BAL,2010,7,0.838986568283203,11.033306875523367,0.4714573751366725
2010_07_CIN_ATL,2010,7,0.6361010496342901,3.039891920591165,0.48640584915319146
2010_07_CLE_NO,2010,7,0.8232199989426657,10.949183305572992,0.4689783504067645
2010_07_JAX_KC,2010,7,0.8026108915815653,8.25386950473373,0.4779621090555225
2010_07_MIN_GB,2010,7,0.5415897854844217,2.0978550251058445,0.4881178585413755
2010_07_NE_SD,2010,7,0.554875838646578,1.9949747882765472,0.48507933875689974
2010_07_NYG_DAL,2010,7,0.614869127908738,3.0024815634818522,0.4853010206978617
2010_07_OAK_DEN,2010,7,0.7171531966539996,6.3043128482888235,0.47945064966468376
2010_07_PHI_TEN,2010,7,0.5496058913942766,2.6109617794453785,0.4885050136389132
2010_07_PIT_MIA,2010,7,0.4060159916875168,-3.008780153389308,0.49974053524678064
2010_07_SF_CAR,2010,7,0.4661660190556973,-1.0685972739914795,0.49797287147021274
2010_07_STL_TB,2010,7,0.5993471272148423,2.6577280729713526,0.48988650993945837
2010_07_WAS_CHI,2010,7,0.5936908196256209,2.6203149410157955,0.48878129952722243
2010_08_BUF_KC,2010,8,0.7475677577994102,6.2669103709201135,0.478346905412759
2010_08_CAR_STL,2010,8,0.565622554301342,2.2007416429839055,0.49115725670031857
2010_08_DEN_SF,2010,8,0.5610462484283366,1.6782807773715773,0.49049368497267276
2010_08_GB_NYJ,2010,8,0.6999768999586133,5.866017675916405,0.4812718948775175
2010_08_HOU_IND,2010,8,0.6800755772533318,4.765003054923715,0.4782906250412744
2010_08_JAX_DAL,2010,8,0.710587771148211,5.828612834227098,0.4801678253782378
2010_08_MIA_CIN,2010,8,0.5000296367415117,-1.1902002020543543,0.4943795265093808
2010_08_MIN_NE,2010,8,0.6581012158655112,4.410867996788358,0.48259591942294194
2010_08_PIT_NO,2010,8,0.5181444188352639,0.6707731843591177,0.4902718904603904
2010_08_SEA_OAK,2010,8,0.5327582014492148,1.2400021359432394,0.49231720525643435
2010_08_TB_ARI,2010,8,0.612275243950332,2.6670814712490327,0.49016282841389963
2010_08_TEN_SD,2010,8,0.672961341179844,5.33421106113844,0.48033305738915116
2010_08_WAS_DET,2010,8,0.538592654367683,2.0791490050786092,0.4875653284901644
2010_09_ARI_MIN,2010,9,0.7542874905685302,6.313663698598988,0.4797266174987732
2010_09_CHI_BUF,2010,9,0.3941423213072185,-3.0274885432496403,0.49918767892214283
2010_09_DAL_GB,2010,9,0.7399238789119498,6.248209703672365,0.47779511188624724
2010_09_IND_PHI,2010,9,0.5966480268375002,2.9744244762881804,0.4844724930330617
2010_09_KC_OAK,2010,9,0.4868088116956461,-1.15278424044551,0.49548512650600324
2010_09_MIA_BAL,2010,9,0.6610813488059519,4.485684478112126,0.48480499378892905
2010_09_NE_CLE,2010,9,0.3676873376828371,-4.006934145251832,0.4997950871409065
2010_09_NO_CAR,2010,9,0.29956191838947815,-5.3311136840195035,0.5049906766407963
2010_09_NYG_SEA,2010,9,0.2550859199348886,-6.739483010397997,0.5076981327174488
2010_09_NYJ_DET,2010,9,0.3043592929575939,-5.377883922584474,0.503608637187873
2010_09_PIT_CIN,2010,9,0.2885097051727136,-4.892838075324548,0.5031667387882338
2010_09_SD_HOU,2010,9,0.44189904599521945,-3.1865082837967225,0.49448861680088385
2010_09_TB_ATL,2010,9,0.7864518140449135,9.074388109219413,0.4726683998042473
2010_10_BAL_ATL,2010,10,0.5517439677156352,0.6988336855044419,0.4911008880542217
2010_10_CAR_TB,2010,10,0.7306365345803609,6.425880567976215,0.48303914854819907
2010_10_CIN_IND,2010,10,0.7145972047708415,5.763157795838901,0.4782361762340688
2010_10_DAL_NYG,2010,10,0.8271159522347402,10.445432326906106,0.46886784067148657
2010_10_DET_BUF,2010,10,0.534492925267932,1.1371135132766665,0.48927753109898164
2010_10_HOU_JAX,2010,10,0.5233197955481609,0.6146533810170193,0.48861406033050964
2010_10_KC_DEN,2010,10,0.4907832066567227,-1.2089080380683142,0.4938267464476646
2010_10_MIN_CHI,2010,10,0.5171801041676839,0.7456019610774645,0.4924826572263571
2010_10_NE_PIT,2010,10,0.6260097631634021,3.944522426486393,0.4835895573766731
2010_10_NYJ_CLE,2010,10,0.37188573244843265,-3.409638260684712,0.5026702851232522
2010_10_PHI_WAS,2010,10,0.3683034375709856,-3.531242635428254,0.4990767409557311
2010_10_SEA_ARI,2010,10,0.6648230502294868,3.0773032429946703,0.48751081047185585
2010_10_STL_SF,2010,10,0.6721721158347388,4.056751728515775,0.4869037992419526
2010_10_TEN_MIA,2010,10,0.5234795695387865,0.7081872665228761,0.491377231687145
2010_11_ARI_KC,2010,11,0.728531741267097,6.2669103709201135,0.478346905412759
2010_11_ATL_STL,2010,11,0.37195854820035107,-3.5218884429873945,0.499353168775266
2010_11_BAL_CAR,2010,11,0.12331495682963471,-12.270144016644585,0.5215576763851419
2010_11_BUF_CIN,2010,11,0.6482478009335502,3.5436454243814524,0.4865167061151425
2010_11_CHI_MIA,2010,11,0.545431291094548,2.163327692052081,0.4900519335407397
2010_11_CLE_JAX,2010,11,0.5452983320244518,2.107208114837223,0.48839413454048214
2010_11_DEN_SD,2010,11,0.7717131456141842,8.038841045557527,0.4716205005875219
2010_11_DET_DAL,2010,11,0.6663754185404467,4.3547588449722365,0.480939555237918
2010_11_GB_MIN,2010,11,0.39639991875900393,-3.092967729744064,0.49725270629916757
2010_11_HOU_NYJ,2010,11,0.6992947563286697,5.781858770989577,0.47878801211068567
2010_11_IND_NE,2010,11,0.662423743747253,3.3846585396705318,0.48182216682920587
2010_11_NYG_PHI,2010,11,0.6013080380621911,2.955720093977331,0.48392018839010237
2010_11_OAK_PIT,2010,11,0.7320589118714859,6.341716784289525,0.48055459456612837
2010_11_SEA_NO,2010,11,0.8070212741201097,10.007109145246837,0.47068523507797794
2010_11_TB_SF,2010,11,0.6453377072697423,3.0773032429946703,0.48751081047185585
2010_11_WAS_TEN,2010,11,0.7370304445730408,6.285611422385059,0.47889875178623037
2010_12_CAR_CLE,2010,12,0.7790975301219227,8.272570289298327,0.47851391871799226
2010_12_CIN_NYJ,2010,12,0.7848575560037075,9.102433229942024,0.4734952815780776
2010_12_GB_ATL,2010,12,0.5228426912949734,2.023032308715868,0.48590792604873995
2010_12_JAX_NYG,2010,12,0.7415088948445867,7.246364479152734,0.47774066783312447
2010_12_KC_SEA,2010,12,0.47631267909643926,-1.2276157644695327,0.4932739814785181
2010_12_MIA_OAK,2010,12,0.566472523027914,2.6670814712490327,0.49016282841389963
2010_12_MIN_WAS,2010,12,0.4682331133511027,-1.1995541331495518,0.4941031346763917
2010_12_NE_DET,2010,12,0.2935571785860446,-5.993887931504924,0.5001806194414884
2010_12_NO_DAL,2010,12,0.3257288207122946,-4.548105001890479,0.49857843862664675
2010_12_PHI_CHI,2010,12,0.3960652264233552,-3.0274885432496403,0.49918767892214283
2010_12_PIT_BUF,2010,12,0.2856245251703429,-6.329267715698456,0.5050452230522572
2010_12_SD_IND,2010,12,0.5554199265163563,1.5099263137235583,0.4855208754717947
2010_12_SF_ARI,2010,12,0.451651930897695,-1.1621382639782165,0.4952087219449633
2010_12_STL_DEN,2010,12,0.624383009244521,2.508080639047648,0.4854663694844239
2010_12_TB_BAL,2010,12,0.7468771863790151,6.808065588719564,0.479561401587596
2010_12_TEN_HOU,2010,12,0.643650580100416,4.373461570359735,0.48149163188640515
2010_13_ATL_TB,2010,13,0.3910450952706677,-3.064905269879848,0.4980819735835489
2010_13_BUF_MIN,2010,13,0.6719789524829293,4.429571678249931,0.4831481276212329
2010_13_CAR_SEA,2010,13,0.6767524464301437,4.0286935356653615,0.48607511940183395
2010_13_CHI_DET,2010,13,0.30990870873178433,-4.920900483810609,0.502337478578654
2010_13_CLE_MIA,2010,13,0.689687212752531,5.362264718779468,0.48116111314181637
2010_13_DAL_IND,2010,13,0.6763588311413321,4.821107209630348,0.4799463017594933
2010_13_DEN_KC,2010,13,0.7792570038549851,8.076232934973453,0.472722789029684
2010_13_HOU_PHI,2010,13,0.7958120920307498,7.553785156798363,0.47206101760844055
2010_13_JAX_TEN,2010,13,0.5948368633763947,2.5641967613919876,0.4871236929172596
2010_13_NO_CIN,2010,13,0.3097011042779862,-6.357329790092121,0.5042160088464899
2010_13_NYJ_NE,2010,13,0.6431010545367692,3.4781777992369136,0.4845833251055191
2010_13_OAK_SD,2010,13,0.8419509759824023,11.406203464174114,0.4677122419475643
2010_13_PIT_BAL,2010,13,0.6086235745838144,2.6670814712490327,0.49016282841389963
2010_13_SF_GB,2010,13,0.8136047931415842,8.20711927548193,0.47658282313118355
2010_13_STL_ARI,2010,13,0.3720749481329671,-3.064905269879848,0.4980819735835489
2010_13_WAS_NYG,2010,13,0.7633727766333758,6.3043128482888235,0.47945064966468376
2010_14_ATL_CAR,2010,14,0.2539973238472364,-6.74883674883448,0.5074217674111727
2010_14_BAL_HOU,2010,14,0.4075770467906346,-3.1303841664281205,0.4961470408863252
2010_14_CIN_PIT,2010,14,0.7767781116805256,8.235169111204028,0.47741035317552977
2010_14_CLE_BUF,2010,14,0.5151266582963416,0.7736633366570114,0.4933117752119607
2010_14_DEN_ARI,2010,14,0.3403638879915901,-4.0162883416959865,0.49951865877010715
2010_14_GB_DET,2010,14,0.25584314085442467,-6.833021730067498,0.5049342958001067
2010_14_IND_TEN,2010,14,0.4080389902381297,-3.074259433318661,0.4978055497576544
2010_14_KC_SD,2010,14,0.8095187578311568,9.055691965999245,0.4721172282996217
2010_14_MIA_NYJ,2010,14,0.6492910411386017,4.541799705473098,0.48646219403977253
2010_14_NE_CHI,2010,14,0.4368782049419889,-2.952654995432789,0.5013991026199744
2010_14_NYG_MIN,2010,14,0.2791863874967983,-4.463917264479241,0.5010662897520465
2010_14_OAK_JAX,2010,14,0.6381884690589961,3.0773032429946703,0.48751081047185585
2010_14_PHI_DAL,2010,14,0.32132442757360596,-4.1285381813980155,0.4962015895985579
2010_14_SEA_SF,2010,14,0.6432197235996147,3.981931133204618,0.4846941586944355
2010_14_STL_NO,2010,14,0.776253396790326,8.561288350047517,0.4722822069048849
2010_14_TB_WAS,2010,14,0.47639279855448213,-1.15278424044551,0.49548512650600324
2010_15_ARI_CAR,2010,15,0.5448450945411163,2.2100952319092015,0.4914336014218358
2010_15_ATL_SEA,2010,15,0.33079330104316246,-5.443362895032885,0.5016736940392054
2010_15_BUF_MIA,2010,15,0.6822754879195698,4.9613810308782105,0.4840873418248137
2010_15_CHI_MIN,2010,15,0.3109014848020711,-5.218867663155804,0.5083072199824864
2010_15_CLE_CIN,2010,15,0.5144097651837465,0.7362482343195432,0.492206293528024
2010_15_DEN_OAK,2010,15,0.7657474826781322,8.19776953634681,0.4763070081268175
2010_15_DET_TB,2010,15,0.6558972436204547,3.039891920591165,0.48640584915319146
2010_15_GB_NE,2010,15,0.8720686425022398,12.824003172872409,0.46529169019332783
2010_15_HOU_TEN,2010,15,0.5628258125257617,1.5566896594963966,0.48690196601151353
2010_15_JAX_IND,2010,15,0.6572630988636483,3.412713526348874,0.48265040544006116
2010_15_KC_STL,2010,15,0.5630784719032804,2.582902605751125,0.4876761987875697
2010_15_NO_BAL,2010,15,0.5761335440493484,0.6707731843591177,0.4902718904603904
2010_15_NYJ_PIT,2010,15,0.6461659357126356,3.170835257478574,0.4902737242552373
2010_15_PHI_NYG,2010,15,0.5799525799705951,2.508080639047648,0.4854663694844239
2010_15_SF_SD,2010,15,0.8118323546142577,9.074388109219413,0.4726683998042473
2010_15_WAS_DAL,2010,15,0.8005480394811494,8.62672744952497,0.47421166431077016
2010_16_BAL_CLE,2010,16,0.37739661426671267,-3.456409084220334,0.5012881651205209
2010_16_CAR_PIT,2010,16,0.9154314974526367,12.936148015952718,0.4685943205916364
2010_16_DAL_ARI,2010,16,0.26889637660780236,-6.8236677392906895,0.5052106958508287
2010_16_DET_MIA,2010,16,0.6485292200418256,3.0773032429946703,0.48751081047185585
2010_16_HOU_DEN,2010,16,0.4544240953967741,-2.244477446553201,0.4927757733845052
2010_16_IND_OAK,2010,16,0.4833567171112478,-1.2463233714443847,0.49272123295289005
2010_16_MIN_PHI,2010,16,0.921167729148514,12.814658739973563,0.4650166042873827
2010_16_NE_BUF,2010,16,0.2807104767618991,-6.851729776105925,0.5043814868194338
2010_16_NO_ATL,2010,16,0.5528193483295427,1.5099263137235583,0.4855208754717947
2010_16_NYG_GB,2010,16,0.5838260178583788,2.573549655610827,0.4873999420036422
2010_16_NYJ_CHI,2010,16,0.5823252819647247,1.3054789654956909,0.4942518533417716
2010_16_SD_CIN,2010,16,0.26449519033936575,-8.660962734287699,0.5100179321059573
2010_16_SEA_TB,2010,16,0.7013245179508475,4.429571678249931,0.4831481276212329
2010_16_SF_STL,2010,16,0.5788901777391412,1.696987803557338,0.49104635353516907
2010_16_TEN_KC,2010,16,0.6326818365205878,3.5155874872112634,0.48568806146668964
2010_16_WAS_JAX,2010,16,0.7332062846741833,6.257559988658019,0.47807100195977953
2010_17_ARI_SF,2010,17,0.6748766825882341,5.437078060501015,0.48336975548442057
2010_17_BUF_NYJ,2010,17,0.5554263751752435,0.8017249794360435,0.494140929987625
2010_17_CAR_ATL,2010,17,0.8789153109321779,12.870727619954122,0.46666743313217945
2010_17_CHI_GB,2010,17,0.8382170998193987,10.02580398311759,0.47123622718617036
2010_17_CIN_BAL,2010,17,0.7947972605128916,8.636076359520647,0.47448736531005314
2010_17_DAL_PHI,2010,17,0.4720266933452185,-1.6565382677367368,0.49537419747453126
2010_17_JAX_HOU,2010,17,0.6588744999858953,3.8884115754935493,0.48193295939115527
2010_17_MIA_NE,2010,17,0.6467572279448599,3.4875301216716457,0.4848594954937977
2010_17_MIN_DET,2010,17,0.6345954259135793,3.030539237754595,0.4861296291622301
2010_17_NYG_WAS,2010,17,0.3403274491428864,-4.482625648932345,0.5005134341719982
2010_17_OAK_KC,2010,17,0.6735494648295371,3.972578851580227,0.484417993922605
2010_17_PIT_CLE,2010,17,0.3194692552947361,-6.22637541933335,0.5080854030063068
2010_17_SD_DEN,2010,17,0.3111473905567572,-5.005088137078929,0.49984963903991075
2010_17_STL_SEA,2010,17,0.39253147979439923,-3.046196918685503,0.4986348245837914
2010_17_TB_NO,2010,17,0.7224407758327044,6.238859517185125,0.4775192353598285
2010_17_TEN_IND,2010,17,0.7782016533024179,8.085581212753972,0.47299840311999997
2010_18_BAL_KC,2010,18,0.40860160497502135,-3.018134349508961,0.49946410692066584
2010_18_GB_PHI,2010,18,0.5219148345127864,0.6427130718288541,0.48944294636749525
2010_18_NO_SEA,2010,18,0.1955004855991668,-9.164716509013271,0.50990703784837
2010_18_NYJ_IND,2010,18,0.5561358929279139,0.6894801439868276,0.4908245498596168
2010_19_BAL_PIT,2010,19,0.6175073564290976,3.1427751440521074,0.48944478003896363
2010_19_GB_ATL,2010,19,0.5088020646715442,0.6988336855044419,0.4911008880542217
2010_19_NYJ_NE,2010,19,0.7549639389241675,8.598681410599733,0.4733846563166481
2010_19_SEA_CHI,2010,19,0.8268596909827983,9.111781840209842,0.47377094137246073
2010_20_GB_CHI,2010,20,0.36185143998325964,-3.5031800507184174,0.49990602543158036
2010_20_NYJ_PIT,2010,20,0.6571596520004697,3.5997628812970817,0.4881742132435436
2010_21_PIT_GB,2010,21,0.5825142930609335,2.5454911456202605,0.48657121851127966
2011_01_ATL_CHI,2011,1,0.47581891046914715,-0.9400782807067013,0.5017707576922443
2011_01_BUF_KC,2011,1,0.6391763923644139,3.3769352422581567,0.4963633292500045
2011_01_CAR_ARI,2011,1,0.7118072998742081,5.4901128383857705,0.47018435236858924
2011_01_CIN_CLE,2011,1,0.7160928773203554,5.605058991018238,0.4735727053671066
2011_01_DAL_NYJ,2011,1,0.6920457152287712,5.406907925865408,0.46773299151848835
2011_01_DET_TB,2011,1,0.5678317042850457,1.609837002211969,0.518015336770582
2011_01_IND_HOU,2011,1,0.8031884397696323,8.703176089819687,0.4912291801905185
2011_01_MIN_SD,2011,1,0.8007491796248829,8.832758091166395,0.49505791392976634
2011_01_NE_MIA,2011,1,0.28120201195216493,-6.056598183748228,0.5278560571778301
2011_01_NO_GB,2011,1,0.7018471674135927,4.520864719511777,0.5006165789235664
2011_01_NYG_WAS,2011,1,0.4871061039695999,-1.17889241448224,0.49471365487567304
2011_01_OAK_DEN,2011,1,0.6133259163089193,2.2391533671276664,0.47752790521630334
2011_01_PHI_STL,2011,1,0.357846940662834,-3.114915616199997,0.5113781934383618
2011_01_PIT_BAL,2011,1,0.5468526144322837,0.8184670947946593,0.4946356319471014
2011_01_SEA_SF,2011,1,0.660227443196804,5.16308635418809,0.4752839629787907
2011_01_TEN_JAX,2011,1,0.48975135253989377,-1.2609649103283778,0.4922886331203764
2011_02_ARI_WAS,2011,2,0.6622574005267517,4.4997629519861935,0.4999929949277639
2011_02_BAL_TEN,2011,2,0.31898612424371736,-5.223017888658695,0.5081846017063021
2011_02_CHI_NO,2011,2,0.6639082633676763,3.8226005057569603,0.4799903749301649
2011_02_CIN_DEN,2011,2,0.6154605860459977,3.037379309621196,0.48633164163054804
2011_02_CLE_IND,2011,2,0.4355624082737188,-1.8812615957624392,0.4739760757419036
2011_02_DAL_SF,2011,2,0.367113692494458,-3.6064830759868465,0.4820836755233457
2011_02_GB_CAR,2011,2,0.2148510185001153,-8.862068021233178,0.5482844951936687
2011_02_HOU_MIA,2011,2,0.39465119547601957,-3.467032641158431,0.48620134009959787
2011_02_JAX_NYJ,2011,2,0.7575819569985646,8.3425221902728,0.48057836709963736
2011_02_KC_DET,2011,2,0.7616847163110039,8.709368719985681,0.49141213702668946
2011_02_OAK_BUF,2011,2,0.6522347160625848,3.4575936844027155,0.4987468411536153
2011_02_PHI_ATL,2011,2,0.4304156993207607,-3.152548009801928,0.4807238776200435
2011_02_SD_NE,2011,2,0.7158216264412117,6.287388631176841,0.49371732161965576
2011_02_SEA_PIT,2011,2,0.8412744682555018,11.910252358657642,0.4531292748553843
2011_02_STL_NYG,2011,2,0.7321595574814473,6.8077825523405116,0.49431992029871247
2011_02_TB_MIN,2011,2,0.5177109738945631,0.8526507582301721,0.4956457277499575
2011_03_ARI_SEA,2011,3,0.3454378658639868,-4.018402499381399,0.4699334222774148
2011_03_ATL_TB,2011,3,0.5342369341880937,0.9876388872115065,0.4996347133455504
2011_03_BAL_STL,2011,3,0.30589798326349216,-5.822259115601307,0.49047773498164743
2011_03_DEN_TEN,2011,3,0.7125984288783175,6.281979321441645,0.4787915694948345
2011_03_DET_MIN,2011,3,0.3687823512655945,-3.978811235072246,0.4711001979103784
2011_03_GB_CHI,2011,3,0.3198798822631706,-4.592819897590322,0.48248704179692936
2011_03_HOU_NO,2011,3,0.6096589333457834,2.3774261500591725,0.4668646960096008
2011_03_JAX_CAR,2011,3,0.6194092835547125,3.10462733661078,0.48831790172761824
2011_03_KC_SD,2011,3,0.870045666113183,12.299821054215824,0.44989003374411213
2011_03_MIA_CLE,2011,3,0.4556498427850585,-1.0540865197835494,0.4984016783839035
2011_03_NE_BUF,2011,3,0.3029316138522929,-5.4295541697387195,0.5463042256243986
2011_03_NYG_PHI,2011,3,0.7654438272857218,8.177153406822153,0.47569887767397856
2011_03_NYJ_OAK,2011,3,0.4516588917987639,-0.5909368601594875,0.5120864898339137
2011_03_PIT_IND,2011,3,0.1768059651608991,-9.55200816558027,0.527991365686856
2011_03_SF_CIN,2011,3,0.5563755278631309,2.0452072357372937,0.5308563816542784
2011_03_WAS_DAL,2011,3,0.5898822172683391,2.227191796603584,0.4624425386637032
2011_04_ATL_SEA,2011,4,0.31793780959594065,-5.085577983028122,0.5270016921038384
2011_04_BUF_CIN,2011,4,0.3992804966582705,-3.5977591048154993,0.4823412237362356
2011_04_CAR_CHI,2011,4,0.7376171727100916,7.0256116302841045,0.5007568560045299
2011_04_DEN_GB,2011,4,0.811688724928116,9.979985172216164,0.44052798183871467
2011_04_DET_DAL,2011,4,0.5244607712774818,1.092671790429178,0.4584868531442414
2011_04_IND_TB,2011,4,0.8313612861248674,9.708935796055892,0.4913993465391437
2011_04_MIA_SD,2011,4,0.7023508733743027,5.268939006901676,0.46367092826335016
2011_04_MIN_KC,2011,4,0.383147810258942,-3.4935243982739506,0.4854189701578918
2011_04_NE_OAK,2011,4,0.2996384343009473,-5.7870464335695875,0.5062927895016301
2011_04_NO_JAX,2011,4,0.2503314561480715,-8.045006527500442,0.5281977597771711
2011_04_NYG_ARI,2011,4,0.5186801836785077,-0.5999702889862272,0.5118196602853998
2011_04_NYJ_BAL,2011,4,0.6592788838935502,3.6628223910280013,0.4605492087782135
2011_04_PIT_HOU,2011,4,0.6409058319355585,3.2778539529795214,0.4786698328765104
2011_04_SF_PHI,2011,4,0.8095605902035061,8.742236895806505,0.4776188834179307
2011_04_TEN_CLE,2011,4,0.5477152282170485,0.8768391441984227,0.4963604895474149
2011_04_WAS_STL,2011,4,0.3916119682235587,-3.9254368409810994,0.47267356060745325
2011_05_ARI_MIN,2011,5,0.625877508028005,3.186426098589534,0.49073432301564845
2011_05_CHI_DET,2011,5,0.6931950138592338,4.958390891272655,0.45454229445180083
2011_05_CIN_JAX,2011,5,0.43129877251594617,-1.3564252609494136,0.48946840084220594
2011_05_GB_ATL,2011,5,0.3117774276788993,-5.451752623938821,0.5161969594832783
2011_05_KC_IND,2011,5,0.5486124532787576,1.5617038728103927,0.5165942802974931
2011_05_NO_CAR,2011,5,0.2833327340632388,-6.347797887832982,0.5044976719556763
2011_05_NYJ_NE,2011,5,0.7658637393959178,7.349928159268187,0.4955652763470289
2011_05_OAK_HOU,2011,5,0.6838188348187332,4.478056652723908,0.49935154628539385
2011_05_PHI_BUF,2011,5,0.39084601892325777,-3.0515220235795724,0.4984774619495298
2011_05_SD_DEN,2011,5,0.34960105366326305,-3.932371901181324,0.4872250409237219
2011_05_SEA_NYG,2011,5,0.8130212019557942,9.62034831419674,0.4887822853574966
2011_05_TB_SF,2011,5,0.5312829479692208,0.6045172356751991,0.44416955712328743
2011_05_TEN_PIT,2011,5,0.5920433762556857,2.2173872242465915,0.4768857380149064
2011_06_BUF_NYG,2011,6,0.6100493119508293,2.3737353470061877,0.4814997136321851
2011_06_CAR_ATL,2011,6,0.6203530596902298,2.6068271063572785,0.4736248409812474
2011_06_CLE_OAK,2011,6,0.6972713936068322,5.635407405209709,0.4744676373223987
2011_06_DAL_NE,2011,6,0.719243079654875,5.571051308397401,0.4725700254063142
2011_06_HOU_BAL,2011,6,0.7321049792180722,6.542008654977979,0.48646836521118236
2011_06_IND_CIN,2011,6,0.6659195319746654,4.456429315383909,0.48394112978602777
2011_06_JAX_PIT,2011,6,0.8245048912429774,11.002428726460169,0.4558354499706791
2011_06_MIA_NYJ,2011,6,0.733190263872026,5.663860221345958,0.46057972803020963
2011_06_MIN_CHI,2011,6,0.5251524335405783,0.29479915257130707,0.479169885950325
2011_06_NO_TB,2011,6,0.25849695257808725,-6.897252604694652,0.4735045450768495
2011_06_PHI_WAS,2011,6,0.39811851585646335,-3.526312590038433,0.48445072830305536
2011_06_SF_DET,2011,6,0.6950392792464223,5.411651876654866,0.49738921850266904
2011_06_STL_GB,2011,6,0.8717980631708573,12.935504834106956,0.4685753727055546
2011_07_ATL_DET,2011,7,0.6680958170663625,4.2771394368321936,0.49341448420609446
2011_07_BAL_JAX,2011,7,0.1948031186007899,-9.048364599734633,0.528098771559887
2011_07_CHI_TB,2011,7,0.5075473269596863,-2.206362591079636,0.47913560182330195
2011_07_DEN_MIA,2011,7,0.5089597321191658,-0.8137654792940501,0.5055032939202475
2011_07_GB_MIN,2011,7,0.21645277011019726,-8.20501768974012,0.5528881460269792
2011_07_HOU_TEN,2011,7,0.5296422894020351,2.1203574680349173,0.47402381950303774
2011_07_IND_NO,2011,7,0.8810811698306216,11.739706505464358,0.44812810402396486
2011_07_KC_OAK,2011,7,0.57931563395114,1.9494338009777108,0.45427933115054453
2011_07_PIT_ARI,2011,7,0.36136380523391975,-2.8479801964870917,0.5340023870911714
2011_07_SD_NYJ,2011,7,0.5126686279795558,-0.784433469027825,0.50636999622389
2011_07_SEA_CLE,2011,7,0.6482057920990754,2.907543690526024,0.49726781906639245
2011_07_STL_DAL,2011,7,0.8772049175723204,12.205593244376821,0.44712871271571153
2011_07_WAS_CAR,2011,7,0.5612677824083043,1.149812989572663,0.4896526860082654
2011_08_ARI_BAL,2011,8,0.874952228778535,11.7894733662417,0.49377892064431694
2011_08_CIN_SEA,2011,8,0.4675095216335522,-1.1891282998080377,0.4944111994668574
2011_08_CLE_SF,2011,8,0.7964493069430162,8.333238512747473,0.4803043523203651
2011_08_DAL_PHI,2011,8,0.5978551584242742,2.7491970488305864,0.4925888780750056
2011_08_DET_DEN,2011,8,0.3717077624768792,-3.9681129129696107,0.4714155261563726
2011_08_IND_TEN,2011,8,0.7783452053072919,9.246702145868687,0.5072899584502316
2011_08_JAX_HOU,2011,8,0.7979234053828255,8.742986787060232,0.4629072564274181
2011_08_MIA_NYG,2011,8,0.8108831857165849,8.994688876989454,0.48507089562569244
2011_08_MIN_CAR,2011,8,0.6062079873755263,2.5960997392599814,0.4880660107072499
2011_08_NE_PIT,2011,8,0.388416189587364,-2.9866775705018456,0.5003936947808754
2011_08_NO_STL,2011,8,0.13729535203468082,-12.401588523149933,0.53242368668692
2011_08_SD_KC,2011,8,0.3567594273763473,-4.6805842315879564,0.4504645610441283
2011_08_WAS_BUF,2011,8,0.6499723771413844,3.73584612291807,0.4921944128924964
2011_09_ATL_IND,2011,9,0.2699318968858338,-7.194150369103095,0.47949600343056753
2011_09_BAL_PIT,2011,9,0.6114958268164931,2.6215434177125125,0.47405879161566855
2011_09_CHI_PHI,2011,9,0.7284620731207713,6.482327457742919,0.4260285889414086
2011_09_CIN_TEN,2011,9,0.5420390048808115,0.757516388191207,0.47806971545728216
2011_09_CLE_HOU,2011,9,0.7996264445529113,8.616998596108616,0.4445348031783035
2011_09_DEN_OAK,2011,9,0.7330900467164475,6.882968446729903,0.49654161111431466
2011_09_GB_SD,2011,9,0.32411498573662323,-5.6200299525946615,0.4964530079916613
2011_09_MIA_KC,2011,9,0.6386424207536693,4.036172974572807,0.47154185580821706
2011_09_NYG_NE,2011,9,0.8140923927915151,9.646750726240397,0.5043365863992629
2011_09_NYJ_BUF,2011,9,0.5341079631993287,0.910892429819764,0.4531480591350606
2011_09_SEA_DAL,2011,9,0.8397857720511993,10.500192757525491,0.4852334296790235
2011_09_SF_WAS,2011,9,0.3211302763072098,-4.513605690143098,0.5143704653288409
2011_09_STL_ARI,2011,9,0.5355044888905539,0.22439694122699905,0.47709253944452423
2011_09_TB_NO,2011,9,0.804543363494694,7.576231816337506,0.4580036942934745
2011_10_ARI_PHI,2011,10,0.8481767885653188,12.358787013909268,0.46631581836823094
2011_10_BAL_SEA,2011,10,0.28911433933865033,-6.391000539185319,0.5179906115556824
2011_10_BUF_DAL,2011,10,0.655377733378928,3.8511982071127115,0.48083445461162805
2011_10_DEN_KC,2011,10,0.5846198771565462,1.9123439870087555,0.4678931109568699
2011_10_DET_CHI,2011,10,0.5098530297719531,0.7357522612098377,0.4480122424216504
2011_10_HOU_TB,2011,10,0.3518230220203349,-3.8135463855927765,0.4907351359239794
2011_10_JAX_IND,2011,10,0.3502147444737541,-5.030963712967398,0.440208049594064
2011_10_MIN_GB,2011,10,0.8187624441607771,10.659663676588591,0.4457836789621583
2011_10_NE_NYJ,2011,10,0.5325897852985786,0.9828711086947912,0.45526108883322863
2011_10_NO_ATL,2011,10,0.5127082530883438,0.5414638534518154,0.4864522749017813
2011_10_NYG_SF,2011,10,0.6476327085439397,4.0029724483470135,0.5000878396527668
2011_10_OAK_SD,2011,10,0.7364181414074522,5.820684445780531,0.45050176292152416
2011_10_PIT_CIN,2011,10,0.359531832532874,-3.761987978400638,0.4922584058196126
2011_10_STL_CLE,2011,10,0.5023323081073826,0.8099297350355625,0.4501864125309396
2011_10_TEN_CAR,2011,10,0.6518008059265787,3.788943266883248,0.5085379915157545
2011_10_WAS_MIA,2011,10,0.6457928426576528,3.5587059549460243,0.4869615181520337
2011_11_ARI_SF,2011,11,0.7832911013944311,8.039018510995298,0.44225363122993433
2011_11_BUF_MIA,2011,11,0.5645173132507699,1.5273882282578124,0.45656858562873015
2011_11_CAR_DET,2011,11,0.7533930076021059,6.925501265362714,0.4977984782047066
2011_11_CIN_BAL,2011,11,0.7425404925495797,6.711278747399743,0.4914685677890756
2011_11_DAL_WAS,2011,11,0.2703410607421149,-6.480366441977075,0.515352045796585
2011_11_JAX_CLE,2011,11,0.5212256488422657,1.2088326608157172,0.5061710263246277
2011_11_KC_NE,2011,11,0.9220831933103337,14.93595660581591,0.4392416816844947
2011_11_NYJ_DEN,2011,11,0.32776244596897036,-5.15461239823149,0.5396922125014776
2011_11_OAK_MIN,2011,11,0.5767723868910636,1.0016171186434848,0.5000477879257607
2011_11_PHI_NYG,2011,11,0.6349983973061792,4.544694124965825,0.45707699883660075
2011_11_SD_CHI,2011,11,0.6433786299235427,3.11206795028113,0.4590569709613892
2011_11_SEA_STL,2011,11,0.5922947321014485,2.6259205682041245,0.4889468884447061
2011_11_TB_GB,2011,11,0.8720757144856233,12.767557090865086,0.478365988682595
2011_11_TEN_ATL,2011,11,0.7061430048470221,5.257923281999399,0.47808172152799583
2011_12_ARI_STL,2011,12,0.5443456710915267,0.27507540638052397,0.4785878411111129
2011_12_BUF_NYJ,2011,12,0.7185771444295517,7.699361236277569,0.4469461741954552
2011_12_CAR_IND,2011,12,0.3685138100164563,-3.289699597473964,0.5062143947451799
2011_12_CHI_OAK,2011,12,0.5680386166724998,2.9054668826888155,0.4972064482082713
2011_12_CLE_CIN,2011,12,0.6714294166738094,4.749697589315017,0.44842086814842086
2011_12_DEN_SD,2011,12,0.6391318738154841,3.411435256341897,0.46786634388974135
2011_12_GB_DET,2011,12,0.35088732120764016,-4.296402895641637,0.4912416187063951
2011_12_HOU_JAX,2011,12,0.2821670377292222,-6.814463734019995,0.47594614682312003
2011_12_MIA_DAL,2011,12,0.751183849017881,6.66751649582395,0.49017568004360584
2011_12_MIN_ATL,2011,12,0.8026906197614593,8.85340233441655,0.46615726441382443
2011_12_NE_PHI,2011,12,0.4254669653962848,-2.89348372448115,0.5031476596266957
2011_12_NYG_NO,2011,12,0.7366091016182242,6.594532682411405,0.48801972297316093
2011_12_PIT_KC,2011,12,0.18796509222736502,-10.608766069886894,0.49678585818335236
2011_12_SF_BAL,2011,12,0.6337711605985131,2.9844564388960086,0.4995406679746433
2011_12_TB_TEN,2011,12,0.5799341262028447,2.176059840435479,0.47566662144047916
2011_12_WAS_SEA,2011,12,0.5478118701713474,2.513521117066677,0.4856270370503886
2011_13_ATL_HOU,2011,13,0.47476613659079775,-0.45297281723589133,0.5161609308656273
2011_13_BAL_CLE,2011,13,0.2687760340035904,-6.923435307550095,0.5022625725375296
2011_13_CAR_TB,2011,13,0.38346527785803347,-1.7490638131138776,0.4778755585714587
2011_13_CIN_PIT,2011,13,0.7178597598553029,6.781949006592512,0.49355659419859793
2011_13_DAL_ARI,2011,13,0.345927951944516,-4.289490355903218,0.4914458450130754
2011_13_DEN_MIN,2011,13,0.5532175091090651,0.8659949782644888,0.4960400451073866
2011_13_DET_NO,2011,13,0.7483245152681794,7.9638415769525945,0.4547023260762833
2011_13_GB_NYG,2011,13,0.2817145916764589,-6.264440535126433,0.5217259735012031
2011_13_IND_NE,2011,13,0.9851158080786967,20.762199379161633,0.5077478401662544
2011_13_KC_CHI,2011,13,0.8001708724545411,9.400842627687101,0.5118436724480091
2011_13_NYJ_WAS,2011,13,0.37243265729348696,-3.3007968136939185,0.4911118045624434
2011_13_OAK_MIA,2011,13,0.6274744699031806,3.711156455846637,0.5062396891348091
2011_13_PHI_SEA,2011,13,0.4561909633516625,-0.2837073960506089,0.5797315859837733
2011_13_SD_JAX,2011,13,0.37043546023306945,-3.3832082545467546,0.48867722614128256
2011_13_STL_SF,2011,13,0.9133513598146208,14.731318071479354,0.5216008197372358
2011_13_TEN_BUF,2011,13,0.519638209202866,1.0813615225332343,0.5024043225810207
2011_14_ATL_CAR,2011,14,0.40833249515909764,-4.042074616566438,0.46923591504156714
2011_14_BUF_SD,2011,14,0.7505902963794355,7.7232618721418484,0.5213630939685999
2011_14_CHI_DEN,2011,14,0.5879208651359302,2.7121942362088465,0.4767325379301655
2011_14_CLE_PIT,2011,14,0.8975911335945641,13.177279137919689,0.475702586294559
2011_14_HOU_CIN,2011,14,0.5961881689740763,3.241718652953937,0.5219077131577159
2011_14_IND_BAL,2011,14,0.9247053389913662,15.625376870946194,0.4741718365288965
2011_14_KC_NYJ,2011,14,0.8439196071378195,10.299579478943338,0.49407753461387155
2011_14_MIN_DET,2011,14,0.8003197739340263,9.413200332058754,0.4826647775772305
2011_14_NE_WAS,2011,14,0.2780385060680227,-6.4331667201877245,0.5314935066176917
2011_14_NO_TEN,2011,14,0.3849502241103356,-2.889687033816175,0.5180293877603837
2011_14_NYG_DAL,2011,14,0.6600315757116529,4.385270759183554,0.4966096448878395
2011_14_OAK_GB,2011,14,0.8390546192389522,10.366601080203127,0.46654591605105616
2011_14_PHI_MIA,2011,14,0.5350189298557154,1.9849752373191474,0.4700329560460592
2011_14_SF_ARI,2011,14,0.38242443851785635,-3.5459565683184677,0.49864192720342276
2011_14_STL_SEA,2011,14,0.7938005714311829,10.479175112545052,0.5436242138670108
2011_14_TB_JAX,2011,14,0.399982264311413,-2.99947484553403,0.5000155189866788
2011_15_BAL_SD,2011,15,0.5068204125840303,0.33499697981157217,0.539386665662443
2011_15_CAR_HOU,2011,15,0.6785252708148823,4.57685130592174,0.5022710421957692
2011_15_CIN_STL,2011,15,0.26292993161541783,-6.86578564084134,0.5039661407761898
2011_15_CLE_ARI,2011,15,0.6736730074310304,5.162857219712921,0.47527720476440677
2011_15_DAL_TB,2011,15,0.2358075504167516,-6.6730693120983355,0.50966027605985
2011_15_DET_OAK,2011,15,0.4373142300486314,-0.16556923500176302,0.5246428051550306
2011_15_GB_KC,2011,15,0.1774578974037958,-10.057924626759942,0.5278169545487752
2011_15_JAX_ATL,2011,15,0.9137277812387165,13.886573356747224,0.4966481369388849
2011_15_MIA_BUF,2011,15,0.4781291792984904,-1.836016131991385,0.4753104347984235
2011_15_NE_DEN,2011,15,0.2942324946992641,-6.284515695084829,0.5211335829835675
2011_15_NO_MIN,2011,15,0.26761963179362835,-6.320802695241232,0.5200626856539814
2011_15_NYJ_PHI,2011,15,0.5999277522956976,2.751140350175476,0.4926462952844213
2011_15_PIT_SF,2011,15,0.6273813659049479,3.8458004755093933,0.5249781446854396
2011_15_SEA_CHI,2011,15,0.6510410323182814,4.019636967496579,0.5153521464762848
2011_15_TEN_IND,2011,15,0.26834442824873417,-6.834867124905983,0.49010526251286235
2011_15_WAS_NYG,2011,15,0.6940039184257776,5.158916271091941,0.4899216114705588
2011_16_ARI_CIN,2011,16,0.6829250699015802,4.8397454468011905,0.5395263020749893
2011_16_ATL_NO,2011,16,0.7420161565193312,6.508654514802114,0.4854833170058011
2011_16_CHI_GB,2011,16,0.8490591475004589,11.586319479047136,0.4583001560341977
2011_16_CLE_BAL,2011,16,0.8096581354618613,9.927435892376302,0.4830850689435157
2011_16_DEN_BUF,2011,16,0.4212499499132524,-2.780437737243898,0.5064880598794916
2011_16_HOU_IND,2011,16,0.2320957039708268,-8.378659567653845,0.45932954995583675
2011_16_JAX_TEN,2011,16,0.7933842230064992,8.49255588126004,0.49978001677368883
2011_16_MIA_NE,2011,16,0.7596087675760481,7.127139055009023,0.4889828825133114
2011_16_MIN_WAS,2011,16,0.7112635710205005,6.233475988671712,0.5068991703957056
2011_16_NYG_NYJ,2011,16,0.5664145283045965,1.2352851821331288,0.4921778395540088
2011_16_OAK_KC,2011,16,0.5631942268480644,2.7509341415092177,0.49264020259051794
2011_16_PHI_DAL,2011,16,0.4538044210875957,-1.1000084796262406,0.5118185321984194
2011_16_SD_DET,2011,16,0.5179103024265824,-0.11625115559346044,0.5260972687587943
2011_16_SF_SEA,2011,16,0.5191612534400235,-1.0591903773440279,0.5130241741837972
2011_16_STL_PIT,2011,16,0.7078104167786745,7.43184379609211,0.4245629658532934
2011_16_TB_CAR,2011,16,0.7323297669125501,7.840241734735972,0.46576976816212406
2011_17_BAL_CIN,2011,17,0.4087913795791446,-2.3682022749181075,0.5038947296118998
2011_17_BUF_NE,2011,17,0.8570970451778238,10.198113786726767,0.5058543058595475
2011_17_CAR_NO,2011,17,0.7398195878391465,7.175638796714517,0.5051902048432881
2011_17_CHI_MIN,2011,17,0.538831067541993,-0.08557827341382218,0.4532516359024383
2011_17_DAL_NYG,2011,17,0.559533212708895,2.1780493093951234,0.4757253036621369
2011_17_DET_GB,2011,17,0.345317561560109,-4.782570458998438,0.5506156758778524
2011_17_IND_JAX,2011,17,0.5882056070928733,2.592094984939506,0.48794771857239766
2011_17_KC_DEN,2011,17,0.5542261743702731,1.002444825497011,0.5000722477224911
2011_17_NYJ_MIA,2011,17,0.540587125631169,1.594899649271331,0.5028043830137376
2011_17_PIT_CLE,2011,17,0.2585153753804276,-7.326116293066851,0.4903637833114808
2011_17_SD_OAK,2011,17,0.5178054887582821,1.7438565651642135,0.4776666715407086
2011_17_SEA_ARI,2011,17,0.5388637798528921,1.9346373616370267,0.4832976926567402
2011_17_SF_STL,2011,17,0.13780425790536965,-11.720269617621264,0.5230292260539412
2011_17_TB_ATL,2011,17,0.7702104000425525,8.49238785781388,0.4555405617186829
2011_17_TEN_HOU,2011,17,0.40936215086343347,-1.3405584887510036,0.48993712804390505
2011_17_WAS_PHI,2011,17,0.7331159126138357,6.829802011594234,0.49497056481669927
2011_18_ATL_NYG,2011,18,0.5631860769588659,2.488649412138713,0.48489254818850674
2011_18_CIN_HOU,2011,18,0.6401327641474478,3.287607979673302,0.47895767028847913
2011_18_DET_NO,2011,18,0.7714805177413835,7.620456372386736,0.4155466708534697
2011_18_PIT_DEN,2011,18,0.2641624426558602,-7.249530631190333,0.5074012658380282
2011_19_DEN_NE,2011,19,0.8612835420388565,13.036863333663733,0.4715622049125172
2011_19_HOU_BAL,2011,19,0.8056119452204415,9.053119501039973,0.5457956253225269
2011_19_NO_SF,2011,19,0.4124453990780509,-2.4992933829403263,0.5295451019562369
2011_19_NYG_GB,2011,19,0.7538488974982878,7.864174924183367,0.4812174993946338
2011_20_BAL_NE,2011,20,0.7353868016581713,6.633027161151622,0.4891568182751699
2011_20_NYG_SF,2011,20,0.5282263381664278,1.3657440406753383,0.4812638175215324
2011_21_NYG_NE,2011,21,0.49634707526829436,-0.3436060401431109,0.4021931233326707
2012_01_ATL_KC,2012,1,0.45155270426868643,-1.1394862972641207,0.49587807470996104
2012_01_BUF_NYJ,2012,1,0.5307241463273291,0.7979566397662339,0.4352142113608646
2012_01_CAR_TB,2012,1,0.379724025755001,-3.777790310028694,0.47702801025628694
2012_01_CIN_BAL,2012,1,0.7085153114618322,4.8875084221729885,0.43782700338895997
2012_01_DAL_NYG,2012,1,0.6045317074338592,1.945855142901244,0.45417427408548966
2012_01_IND_CHI,2012,1,0.7864817954173388,8.779662285681663,0.4639865114635953
2012_01_JAX_MIN,2012,1,0.6231578634424686,2.2997262970801904,0.46457705061550253
2012_01_MIA_HOU,2012,1,0.8528074866457849,11.454125273570082,0.45441706145799476
2012_01_NE_TEN,2012,1,0.3252339101940669,-4.5409477203698945,0.4987899443042064
2012_01_PHI_CLE,2012,1,0.22083549720861118,-8.11291629997286,0.5261956062801425
2012_01_PIT_DEN,2012,1,0.5617019859407923,1.5081840422069406,0.47071691395687504
2012_01_SD_OAK,2012,1,0.504328020766016,0.05484800592901706,0.4720923491928881
2012_01_SEA_ARI,2012,1,0.46602986655491146,-0.1956934195373764,0.523754235272846
2012_01_SF_GB,2012,1,0.6974129952749147,5.591489353258728,0.4879298295609575
2012_01_STL_DET,2012,1,0.7795063339997838,8.492608465326173,0.4850094600275155
2012_01_WAS_NO,2012,1,0.8082430070342763,10.807024225815686,0.5385639832149477
2012_02_ARI_NE,2012,2,0.8545626818381458,12.777008615946169,0.4934106188085026
2012_02_BAL_PHI,2012,2,0.5732044162168,1.2821594572495996,0.4493722764045464
2012_02_CHI_GB,2012,2,0.6616051555140303,4.037230287499757,0.4715730213163929
2012_02_CLE_CIN,2012,2,0.7310806874212689,6.376841986034472,0.48159142055016285
2012_02_DAL_SEA,2012,2,0.3851495837700748,-3.7580039085211454,0.4776117785466562
2012_02_DEN_ATL,2012,2,0.5988104306958542,2.903610781588001,0.4971515994162081
2012_02_DET_SF,2012,2,0.7345542078086609,8.603878098745,0.5472853873456366
2012_02_HOU_JAX,2012,2,0.2943100383667949,-5.868216393364061,0.5186632015678089
2012_02_KC_BUF,2012,2,0.568397701591896,1.381019792836046,0.45227149409740425
2012_02_MIN_IND,2012,2,0.40266047587237386,-4.110959216753939,0.46720675090262764
2012_02_NO_CAR,2012,2,0.42808680038763514,-1.8703609635538707,0.5333433641793498
2012_02_NYJ_PIT,2012,2,0.6326666578802934,3.022689546405148,0.4564305598334925
2012_02_OAK_MIA,2012,2,0.45873642297378703,-0.7819522340866646,0.5064433104372588
2012_02_TB_NYG,2012,2,0.7755404941477052,9.112123736699596,0.5033133618481438
2012_02_TEN_SD,2012,2,0.7100259092010447,6.472756125546821,0.49919490918340603
2012_02_WAS_STL,2012,2,0.3706601835186814,-3.2691520593616654,0.5068215196956403
2012_03_ATL_SD,2012,3,0.5869239810772597,2.3961926184323272,0.4821626663190286
2012_03_BUF_CLE,2012,3,0.45556916678959575,-1.4422406395799348,0.531226189572193
2012_03_CIN_WAS,2012,3,0.6374744446186558,3.520751207511391,0.5153850492591409
2012_03_DET_TEN,2012,3,0.3265725428976005,-4.970092231575513,0.4566426003615183
2012_03_GB_SEA,2012,3,0.3738400596620616,-3.5249473168308088,0.48449104330401793
2012_03_HOU_DEN,2012,3,0.45472668635577784,-2.2327386952801453,0.46362155600380534
2012_03_JAX_IND,2012,3,0.5869063353432211,1.6452854977588154,0.46003354042965694
2012_03_KC_NO,2012,3,0.7676444330907669,8.558978967931596,0.4869695817286318
2012_03_NE_BAL,2012,3,0.5337723377388446,0.08248581469438188,0.4289393568874873
2012_03_NYG_CAR,2012,3,0.5505947518455757,0.6224205590493039,0.4446934825130281
2012_03_NYJ_MIA,2012,3,0.4218304036982809,-2.536138590418346,0.49893205967013876
2012_03_PHI_ARI,2012,3,0.36536034744566104,-3.6967398341866446,0.4794195828902505
2012_03_PIT_OAK,2012,3,0.35982350494979115,-2.886566640518213,0.5181215047116673
2012_03_SF_MIN,2012,3,0.30460869286669057,-4.374913085605689,0.5625406488252098
2012_03_STL_CHI,2012,3,0.7419498634508656,7.125324127268497,0.5037034351862125
2012_03_TB_DAL,2012,3,0.7615050687445707,6.951745388625899,0.4985740175030569
2012_04_CAR_ATL,2012,4,0.7422130110854417,6.974815012766032,0.49925575182140414
2012_04_CHI_DAL,2012,4,0.5661141143849291,1.3569643404834915,0.4515657939484119
2012_04_CIN_JAX,2012,4,0.5386177969392153,1.0905501364338492,0.5026758523742848
2012_04_CLE_BAL,2012,4,0.8246215480250115,10.561982631430698,0.4723026743052909
2012_04_MIA_ARI,2012,4,0.6477343825521852,3.236289049148777,0.4774433957822247
2012_04_MIN_DET,2012,4,0.6455733486831123,3.6751177434441864,0.5051748083514414
2012_04_NE_BUF,2012,4,0.36233207297429626,-3.1387697064544127,0.5106735438708964
2012_04_NO_GB,2012,4,0.7891654543520062,8.521278657174848,0.5301513296877334
2012_04_NYG_PHI,2012,4,0.49114987624013373,-0.1785799575583249,0.4505233332830701
2012_04_OAK_DEN,2012,4,0.6934230620197234,5.015054687202433,0.45620629378712607
2012_04_SD_KC,2012,4,0.47946900880427945,-1.3593441483972866,0.5336677762873114
2012_04_SEA_STL,2012,4,0.45605387508082945,-1.6505266583814153,0.5103262312446579
2012_04_SF_NYJ,2012,4,0.37156946047838196,-2.831911086591367,0.5197348269113663
2012_04_TEN_HOU,2012,4,0.8756865730933506,12.97911070358711,0.49938269479841507
2012_04_WAS_TB,2012,4,0.5415766365150503,0.18477844871181248,0.46119491508984206
2012_05_ARI_STL,2012,5,0.49150641855445015,-0.9567320794062835,0.5012786202487232
2012_05_ATL_WAS,2012,5,0.408428649053652,-2.952642091939448,0.5013994839323739
2012_05_BAL_KC,2012,5,0.28762378804534305,-6.637182031198905,0.481177444171746
2012_05_BUF_SF,2012,5,0.8285051309118696,11.031877945711779,0.5304636479246105
2012_05_CHI_JAX,2012,5,0.27458374293685056,-7.951302340465266,0.4425366754266991
2012_05_CLE_NYG,2012,5,0.7814011606621541,6.782058419695663,0.4787939036460623
2012_05_DEN_NE,2012,5,0.7283695421688867,6.443289835609132,0.513097428369207
2012_05_GB_IND,2012,5,0.31620310507688415,-4.7681999666824435,0.5510368911502154
2012_05_HOU_NYJ,2012,5,0.20806142656287172,-9.812982819603803,0.49075178553713755
2012_05_MIA_CIN,2012,5,0.5779098789913287,2.22601395770058,0.477140245717413
2012_05_PHI_PIT,2012,5,0.650775508789669,4.332579416396718,0.5098271534255747
2012_05_SD_NO,2012,5,0.5924755874887035,2.062607714795803,0.4576033388703807
2012_05_SEA_CAR,2012,5,0.5364826078154217,1.266817351989876,0.5078842809818898
2012_05_TEN_MIN,2012,5,0.7017273694989434,5.25088061704643,0.477873918937682
2012_06_BUF_ARI,2012,6,0.7038107187044519,5.748216660198658,0.5220994454393968
2012_06_CIN_CLE,2012,6,0.42167195136449986,-3.335604378891338,0.43132267509827055
2012_06_DAL_BAL,2012,6,0.5776962583894035,1.2832282684246916,0.44940360662431195
2012_06_DEN_SD,2012,6,0.477611694614745,-0.46197294865079686,0.4568811249611721
2012_06_DET_PHI,2012,6,0.593548836801503,1.1764630411922123,0.43167401273212735
2012_06_GB_HOU,2012,6,0.6095404536143701,2.047170665075637,0.44249202007123506
2012_06_IND_NYJ,2012,6,0.6396265955234185,3.350761069453877,0.49558988839682594
2012_06_KC_TB,2012,6,0.6876922183809439,4.759819647647682,0.49290273756162
2012_06_MIN_WAS,2012,6,0.4529779385760796,-1.989301633904581,0.4855436756031483
2012_06_NE_SEA,2012,6,0.3732189523134297,-2.8053538346012643,0.5205186286153846
2012_06_NYG_SF,2012,6,0.7590269920052223,8.097241766092257,0.5323892343423737
2012_06_OAK_ATL,2012,6,0.811484346449201,9.868088767825183,0.49610191626819755
2012_06_PIT_TEN,2012,6,0.29632446351873987,-6.460378474816973,0.4716435064246183
2012_06_STL_MIA,2012,6,0.6466356913981106,4.554456969297936,0.4720808218573245
2012_07_ARI_MIN,2012,7,0.7363674684267804,6.235345293377794,0.47741555123742235
2012_07_BAL_HOU,2012,7,0.6903700878138971,5.778157675558868,0.4786787954408688
2012_07_CLE_IND,2012,7,0.5096697521959754,0.7762239039539572,0.4933874327390872
2012_07_DAL_CAR,2012,7,0.4463457391033554,-1.9031237123593656,0.5176327134101625
2012_07_DET_CHI,2012,7,0.6854773427868797,5.376879308028217,0.46684859192722056
2012_07_GB_STL,2012,7,0.3283471218953188,-4.742550597674234,0.4780677389311102
2012_07_JAX_OAK,2012,7,0.7341760312546973,6.5636732631218315,0.5166524277709945
2012_07_NO_TB,2012,7,0.45256904943369564,-2.301993777277325,0.46158398056301025
2012_07_NYJ_NE,2012,7,0.8276076383539556,9.649071238897807,0.4601448536254126
2012_07_PIT_CIN,2012,7,0.43938291119932615,-3.019703806939633,0.4405370706012175
2012_07_SEA_SF,2012,7,0.7729522049578346,8.530557359567497,0.5304247366011992
2012_07_TEN_BUF,2012,7,0.6410083580528684,3.284637190886002,0.4788700023348353
2012_07_WAS_NYG,2012,7,0.6900594882337596,6.344908001464898,0.49541693373404566
2012_08_ATL_PHI,2012,8,0.558130593391138,1.421797634802528,0.4976890329315987
2012_08_CAR_CHI,2012,8,0.748649406943786,7.471156976116638,0.5139204657204096
2012_08_IND_TEN,2012,8,0.5824891633182693,2.330596712990258,0.4654858039847662
2012_08_JAX_GB,2012,8,0.8660852204409227,13.253351956154932,0.44852795740053353
2012_08_MIA_NYJ,2012,8,0.49363792054752414,0.07705678616406131,0.4727470780072216
2012_08_NE_STL,2012,8,0.3196722613844728,-6.173162568079765,0.5391467095211067
2012_08_NO_DEN,2012,8,0.7232870784146876,7.228533088978079,0.5362546782524757
2012_08_NYG_DAL,2012,8,0.3850826945816862,-2.8325025156702934,0.46068669006899804
2012_08_OAK_KC,2012,8,0.5246407579824288,1.068053331498457,0.5020110545387265
2012_08_SD_CLE,2012,8,0.436088557623301,-1.9249603736738277,0.5169880197527874
2012_08_SEA_DET,2012,8,0.5843729510526741,3.2377531048789026,0.507025545405256
2012_08_SF_ARI,2012,8,0.2424131474417028,-8.128704439709308,0.46668415790909523
2012_08_TB_MIN,2012,8,0.6931595802964446,5.067021601096996,0.5019805659662578
2012_08_WAS_PIT,2012,8,0.6556463463781448,4.469107335781888,0.49908708302557814
2012_09_ARI_GB,2012,9,0.8389039757443968,11.025278693089593,0.515518741883321
2012_09_BAL_CLE,2012,9,0.32314132232793563,-6.392638520062257,0.41516844278237136
2012_09_BUF_HOU,2012,9,0.7957706105312816,9.133726604517621,0.44502439407162114
2012_09_CAR_WAS,2012,9,0.581163908392238,1.583866531714478,0.4582280653374884
2012_09_CHI_TEN,2012,9,0.32392352902685984,-4.968745161086496,0.48615076332939683
2012_09_DAL_ATL,2012,9,0.63432388839845,3.910739811146253,0.49736226638255543
2012_09_DEN_CIN,2012,9,0.3405999741370228,-3.529047530075855,0.5433826704155763
2012_09_DET_JAX,2012,9,0.29330222468202966,-6.530606215278031,0.48432394335796514
2012_09_KC_SD,2012,9,0.7583404896315014,8.727966400069217,0.5362380010367588
2012_09_MIA_IND,2012,9,0.4440903369707415,-2.7473660587693685,0.4926904253582124
2012_09_MIN_SEA,2012,9,0.665842844576567,3.7979289036548156,0.4792622485586178
2012_09_PHI_NO,2012,9,0.5563122792513857,2.5684866244597355,0.5020238587366338
2012_09_PIT_NYG,2012,9,0.629465517860735,3.590073886678396,0.5026617788993176
2012_09_TB_OAK,2012,9,0.5137403252212982,0.8933517103649777,0.49684843930876954
2012_10_ATL_NO,2012,10,0.44767013820251184,-0.7852296094456347,0.506346472243584
2012_10_BUF_NE,2012,10,0.8390553288973293,12.634927797918218,0.4744534933654865
2012_10_DAL_PHI,2012,10,0.42435037358928085,-1.5622614226727893,0.4833892576602683
2012_10_DEN_CAR,2012,10,0.34010913907180285,-4.589550047415791,0.46783732149223556
2012_10_DET_MIN,2012,10,0.3270116065098545,-5.242951674829301,0.43402159046937827
2012_10_HOU_CHI,2012,10,0.5106940662906475,0.39031746930074784,0.4819892234063808
2012_10_IND_JAX,2012,10,0.34761528009126696,-4.7133249947760625,0.4495046434767898
2012_10_KC_PIT,2012,10,0.8137436563953995,10.918911534427716,0.45338340606296507
2012_10_NYG_CIN,2012,10,0.33054938389425303,-4.5816530634941985,0.4680699341530204
2012_10_NYJ_SEA,2012,10,0.6835879982022288,4.904475214478415,0.4971771438693209
2012_10_OAK_BAL,2012,10,0.7689820056150106,10.674395993413732,0.534661182026716
2012_10_SD_TB,2012,10,0.6074047174515984,2.6577057714179952,0.48988585111180466
2012_10_STL_SF,2012,10,0.8332740780932113,12.46066210899153,0.4693165488344712
2012_10_TEN_MIA,2012,10,0.7191744793237265,6.619265199915468,0.5035243934753282
2012_11_ARI_ATL,2012,11,0.7786954568422013,7.7467511147006505,0.4483345260331699
2012_11_BAL_PIT,2012,11,0.3575855195982101,-4.748355847174376,0.4484779106764428
2012_11_CHI_SF,2012,11,0.6137488544289682,2.0582387045794324,0.4574749610036563
2012_11_CIN_KC,2012,11,0.39061069976866164,-2.7341594804087435,0.5078554199509981
2012_11_CLE_DAL,2012,11,0.7616145562904096,7.380191624078412,0.5112336641924649
2012_11_GB_DET,2012,11,0.38312541573423364,-3.430234621855082,0.48728816803839464
2012_11_IND_NE,2012,11,0.8006146350786135,9.606545570712163,0.4883745638131429
2012_11_JAX_HOU,2012,11,0.9049051487573155,13.835185490648682,0.4656209024278171
2012_11_MIA_BUF,2012,11,0.5712332591358474,1.3021399086131287,0.5089278757166269
2012_11_NO_OAK,2012,11,0.3313893928138872,-4.607535111949942,0.5410762718565525
2012_11_NYJ_STL,2012,11,0.6157779659673874,1.8777508087696888,0.4521755849994602
2012_11_PHI_WAS,2012,11,0.6411272693238373,4.535512515113853,0.5305707397040625
2012_11_SD_DEN,2012,11,0.7005574976629788,4.408127606452841,0.4094237381894167
2012_11_TB_CAR,2012,11,0.43081121296737723,-2.9259866288579692,0.4432771128904614
2012_12_ATL_TB,2012,12,0.49382890068062585,0.014898977593380991,0.5299633373340401
2012_12_BAL_SD,2012,12,0.49141623547571645,-0.8341534793091984,0.5049008537022296
2012_12_BUF_IND,2012,12,0.5432170746051136,1.582472379931201,0.48766349113676394
2012_12_CAR_PHI,2012,12,0.36403864274867376,-4.394725527618799,0.45885727834939494
2012_12_DEN_KC,2012,12,0.17889968112279842,-10.01722770178559,0.4994908994984434
2012_12_GB_NYG,2012,12,0.5447590707663905,0.8155847728901562,0.49455046346865433
2012_12_HOU_DET,2012,12,0.3633330904979392,-4.269294533708019,0.47727865951032605
2012_12_MIN_CHI,2012,12,0.6599762686259842,4.370914150889172,0.43734263534481477
2012_12_NE_NYJ,2012,12,0.2634302577466412,-8.029584850881644,0.469603918739103
2012_12_OAK_CIN,2012,12,0.819974996543619,11.860802331594098,0.5694107767397703
2012_12_PIT_CLE,2012,12,0.4677932055488686,-2.212589085090691,0.46421456564505714
2012_12_SEA_MIA,2012,12,0.4111450618619966,-1.5932470740243803,0.5414962385754583
2012_12_SF_NO,2012,12,0.4924856736818881,0.7497028503746588,0.5515615623171107
2012_12_STL_ARI,2012,12,0.4944737571594611,-0.17384088910219875,0.46535516009264066
2012_12_TEN_JAX,2012,12,0.3637211615319619,-4.999241874450821,0.4557863847367937
2012_12_WAS_DAL,2012,12,0.6367835873134886,2.8643246258116957,0.481221918366648
2012_13_ARI_NYJ,2012,13,0.703773270628745,6.4952834722504935,0.5146329778814857
2012_13_CAR_KC,2012,13,0.316527613141497,-6.086856703415695,0.467916655096949
2012_13_CIN_SD,2012,13,0.5507939815940841,2.348702569411146,0.5397896875843288
2012_13_CLE_OAK,2012,13,0.44974582935096646,-1.561516252353756,0.5277110745480424
2012_13_HOU_TEN,2012,13,0.260477455807023,-6.687786611541891,0.5092254828824652
2012_13_IND_DET,2012,13,0.7693642409727416,9.074909509394647,0.5610756751098223
2012_13_JAX_BUF,2012,13,0.698345894225498,5.753708595210598,0.4927221774512478
2012_13_MIN_GB,2012,13,0.7587347948184129,7.144112416696299,0.5042586254991058
2012_13_NE_MIA,2012,13,0.2523313994323814,-6.5458776732752275,0.5134173655679872
2012_13_NO_ATL,2012,13,0.6587865657488496,5.586542981754681,0.5614153998904776
2012_13_NYG_WAS,2012,13,0.46865412290779573,-0.5482974656588402,0.5574750278951509
2012_13_PHI_DAL,2012,13,0.8237910511588563,10.558583965664674,0.5017312257409476
2012_13_PIT_BAL,2012,13,0.7473589536765183,7.626717480376995,0.5185136535951305
2012_13_SEA_CHI,2012,13,0.5828885856926225,2.6000427718313888,0.48818248073546217
2012_13_SF_STL,2012,13,0.25014272526541753,-6.7242180657807875,0.5081491423679649
2012_13_TB_DEN,2012,13,0.79998688702937,11.045859525116969,0.5455824922592443
2012_14_ARI_SEA,2012,14,0.8199375478089359,10.078801848713878,0.48755507456306413
2012_14_ATL_CAR,2012,14,0.35523856388835223,-4.607676622451105,0.4526031526949021
2012_14_BAL_WAS,2012,14,0.5420807282422248,1.5003764152060186,0.5147833785672675
2012_14_CHI_MIN,2012,14,0.4150876426297918,-2.6528489476884918,0.4512779513136518
2012_14_DAL_CIN,2012,14,0.6238362719616395,3.1324332738885716,0.48913927463976464
2012_14_DEN_OAK,2012,14,0.18753675772700715,-9.509377220401435,0.5144953402385527
2012_14_DET_GB,2012,14,0.7137143469273318,7.169697304869198,0.5345228520749781
2012_14_HOU_NE,2012,14,0.7064561266356876,7.331204116993797,0.5539489362728421
2012_14_KC_CLE,2012,14,0.7763183050974078,8.589198687819566,0.5468546149165431
2012_14_MIA_SF,2012,14,0.8469881112344818,11.325589208204466,0.5243820191987979
2012_14_NO_NYG,2012,14,0.6713084159330849,4.884719042865159,0.5261258779312351
2012_14_NYJ_JAX,2012,14,0.3810636629323284,-3.65549070017284,0.4806370193411788
2012_14_PHI_TB,2012,14,0.7519087777542721,7.679901566446773,0.4905415678341799
2012_14_SD_PIT,2012,14,0.7837087948190998,8.710154861810128,0.5504024250815924
2012_14_STL_BUF,2012,14,0.6716560810796892,5.680827326570685,0.5641670339558928
2012_14_TEN_IND,2012,14,0.6189561725691596,2.5422626095354515,0.4717213571484462
2012_15_CAR_SD,2012,15,0.5995082064522462,3.3470108661941307,0.5102534861509249
2012_15_CIN_PHI,2012,15,0.312595148053894,-5.833388008575584,0.4606606498621787
2012_15_DEN_BAL,2012,15,0.3775028319706667,-4.1923989898762795,0.4648088465194488
2012_15_DET_ARI,2012,15,0.31018894388056556,-5.77776413108575,0.49179229348654346
2012_15_GB_CHI,2012,15,0.3829512945914273,-4.097096024541788,0.4676150583068706
2012_15_IND_HOU,2012,15,0.8063851638878183,10.796571419070592,0.5087633601757686
2012_15_JAX_MIA,2012,15,0.7710322047004209,8.050998768274582,0.5162781992881418
2012_15_KC_OAK,2012,15,0.6341762878189431,3.8973503002558516,0.48219684316258576
2012_15_MIN_STL,2012,15,0.5542248051293794,0.7470816419493519,0.49252637597210785
2012_15_NYG_ATL,2012,15,0.5525198311427527,3.3162607196585054,0.5681141166203686
2012_15_NYJ_TEN,2012,15,0.49064628586222825,0.33144167628460064,0.48025131840108076
2012_15_PIT_DAL,2012,15,0.4301358593577172,-1.4063866908552698,0.4879925665954624
2012_15_SEA_BUF,2012,15,0.35352475352379004,-3.657355320626259,0.524885069040434
2012_15_SF_NE,2012,15,0.6631627854047625,5.062060187196916,0.5313528933976508
2012_15_TB_NO,2012,15,0.6376653659504214,3.7998451275780285,0.5088600788527421
2012_15_WAS_CLE,2012,15,0.6336421222323045,3.0288955483423616,0.47132735008181287
2012_16_ATL_DET,2012,16,0.3721344232345502,-2.131497018550139,0.5403718594999778
2012_16_BUF_MIA,2012,16,0.6659127924136484,5.06903620407056,0.5020400993069439
2012_16_CHI_ARI,2012,16,0.28268025483623976,-6.576447369876671,0.5125144692544158
2012_16_CIN_PIT,2012,16,0.5909939666629315,2.0636276489661527,0.4576333089897542
2012_16_CLE_DEN,2012,16,0.8331348553658191,10.794406931120847,0.4939246964870746
2012_16_IND_KC,2012,16,0.3947518922965053,-1.9282637813561418,0.5755409284734578
2012_16_MIN_HOU,2012,16,0.7536612352581106,6.929694266328965,0.48315174702410285
2012_16_NE_JAX,2012,16,0.15299039956233648,-11.949263798421683,0.5603696139991324
2012_16_NO_DAL,2012,16,0.5883557471744434,1.9553167422728719,0.528207288932
2012_16_NYG_BAL,2012,16,0.4267912823014468,-1.4004506521421192,0.4881679058311444
2012_16_OAK_CAR,2012,16,0.7868551712181203,9.789584652938714,0.5085569409442058
2012_16_SD_NYJ,2012,16,0.6001325785913905,3.5993863529623122,0.517706816284713
2012_16_SF_SEA,2012,16,0.4989383923476991,-0.04651515387072491,0.4251911143761964
2012_16_STL_TB,2012,16,0.5876498255799382,3.253976490246406,0.5075048876786512
2012_16_TEN_GB,2012,16,0.8444272237106191,10.222826908569425,0.49180975577616765
2012_16_WAS_PHI,2012,16,0.3348480079940607,-3.660238927308995,0.49526484577401947
2012_17_ARI_SF,2012,17,0.9125190494783808,16.009728476372008,0.5002874889046495
2012_17_BAL_CIN,2012,17,0.7073581794583834,5.801693892340226,0.5089146986605669
2012_17_CAR_NO,2012,17,0.6590951012588664,5.590566383836711,0.5468947527700596
2012_17_CHI_DET,2012,17,0.3340057040277402,-5.425268832902687,0.42871385377145677
2012_17_CLE_PIT,2012,17,0.8234934588259819,10.658655429906538,0.5194563917635211
2012_17_DAL_WAS,2012,17,0.6528744029640855,4.728353078873324,0.5509358622690206
2012_17_GB_MIN,2012,17,0.3502063940722528,-4.46978927005671,0.4566515003471378
2012_17_HOU_IND,2012,17,0.27343676676307893,-6.800129374172534,0.4911315233701513
2012_17_JAX_TEN,2012,17,0.6683605367369035,4.992187209846609,0.47024548177282116
2012_17_KC_DEN,2012,17,0.923251376174101,16.385510655755333,0.4818473218416749
2012_17_MIA_NE,2012,17,0.8096105562316188,9.771982740815721,0.4490739806508487
2012_17_NYJ_BUF,2012,17,0.6102330641770025,2.716478836730821,0.47685893912244837
2012_17_OAK_SD,2012,17,0.7693633246322216,9.475477833372722,0.4992753389855665
2012_17_PHI_NYG,2012,17,0.6902442907403492,5.688529227783634,0.4760344324495466
2012_17_STL_SEA,2012,17,0.8010247131009117,10.630261803584899,0.48907512883417953
2012_17_TB_ATL,2012,17,0.5638433294430748,2.8718222860452856,0.4962122413914337
2012_18_CIN_HOU,2012,18,0.6501726982696685,4.1056493717462885,0.5031220423014793
2012_18_IND_BAL,2012,18,0.7329585914840292,6.4922893867404685,0.47024849282960574
2012_18_MIN_GB,2012,18,0.87228844150896,12.479047659320896,0.5582745929558938
2012_18_SEA_WAS,2012,18,0.40198664658793987,-2.6503935289346905,0.510330164071738
2012_19_BAL_DEN,2012,19,0.7845771522388623,8.822264410165845,0.4799804553770568
2012_19_GB_SF,2012,19,0.5560700557613245,1.280968806614863,0.44933737505837223
2012_19_HOU_NE,2012,19,0.8001070493452536,10.05045712063681,0.5162622062205273
2012_19_SEA_ATL,2012,19,0.5541471211220136,2.663859092817781,0.5048421270433827
2012_20_BAL_NE,2012,20,0.730179099594099,6.630921074517625,0.45961120787711895
2012_20_SF_ATL,2012,20,0.36265816830199576,-2.914194617559506,0.5173058677102523
2012_21_BAL_SF,2012,21,0.6127375033905476,2.8127735624090997,0.45026979638828635
2013_01_ARI_STL,2013,1,0.6398249898172277,3.353200404941654,0.495661969549963
2013_01_ATL_NO,2013,1,0.6564358594646378,4.278331388746185,0.5229879527782263
2013_01_BAL_DEN,2013,1,0.8413815825787417,10.13364709428155,0.5773367856184076
2013_01_CIN_CHI,2013,1,0.5184791668877418,0.29746981329161626,0.4206670022292316
2013_01_GB_SF,2013,1,0.673603430210448,4.85214979141217,0.4956309244240355
2013_01_HOU_SD,2013,1,0.2978036883330797,-6.3417920896082585,0.46041351455907753
2013_01_KC_JAX,2013,1,0.3550904209077419,-4.434425881731145,0.47240855242741264
2013_01_MIA_CLE,2013,1,0.4860297160996689,0.01011821854393169,0.4268358377078504
2013_01_MIN_DET,2013,1,0.6909625144664194,4.657888213817751,0.5194337464830192
2013_01_NE_BUF,2013,1,0.2380202459103634,-8.457073593205997,0.54549638019082
2013_01_NYG_DAL,2013,1,0.605288478722915,2.301190976540142,0.4646201632406762
2013_01_OAK_IND,2013,1,0.866263373350951,11.430699606213134,0.5127255658608612
2013_01_PHI_WAS,2013,1,0.6301758988955968,2.9899034021419575,0.4701781805560229
2013_01_SEA_CAR,2013,1,0.42650884636858316,-2.5846653330529454,0.5122717351156716
2013_01_TB_NYJ,2013,1,0.3487838783267779,-4.141341737158509,0.4958232470518588
2013_01_TEN_PIT,2013,1,0.6574353688067166,4.361831712176674,0.45170857278844834
2013_02_CAR_BUF,2013,2,0.3851828473958,-3.1552095826289355,0.51018789058134
2013_02_CLE_BAL,2013,2,0.6554273805724911,3.842931936424787,0.4511542043875164
2013_02_DAL_KC,2013,2,0.5852895585636809,1.6603100168623863,0.46047532889635223
2013_02_DEN_NYG,2013,2,0.4424279768487326,-1.307007064658738,0.5645218569736266
2013_02_DET_ARI,2013,2,0.4999631662631132,-0.6246855325449483,0.5110895943847599
2013_02_JAX_OAK,2013,2,0.6916125077101244,4.888846661748795,0.5409699144372231
2013_02_MIA_IND,2013,2,0.49983748562357705,-0.2441001159924645,0.46328722121081356
2013_02_MIN_CHI,2013,2,0.6461483425201933,3.6065383221603504,0.429638944728517
2013_02_NO_TB,2013,2,0.41456364330134754,-2.3163681481003042,0.5201935653677058
2013_02_NYJ_NE,2013,2,0.8128949038572207,8.423801920211755,0.43888669338054975
2013_02_PIT_CIN,2013,2,0.7407308638519879,7.034797136739025,0.5010282987933649
2013_02_SD_PHI,2013,2,0.796535116844439,8.788028820200852,0.5380052314765694
2013_02_SF_SEA,2013,2,0.538770635217167,0.8842016458439987,0.4377304748647466
2013_02_STL_ATL,2013,2,0.6320189373650789,2.886915996225275,0.46714417338562175
2013_02_TEN_HOU,2013,2,0.6994042049687663,4.939305626106553,0.42477952979142003
2013_02_WAS_GB,2013,2,0.74544983535376,7.667396347373636,0.46068371586695656
2013_03_ARI_NO,2013,3,0.7826558636964398,8.191477396124972,0.5056582124393183
2013_03_ATL_MIA,2013,3,0.5551436891791428,1.9818962061836571,0.46994222433565064
2013_03_BUF_NYJ,2013,3,0.5187819906802997,1.1359688957468066,0.4597596151567057
2013_03_CHI_PIT,2013,3,0.4502214332197626,-2.616301129110072,0.4965631952772019
2013_03_CLE_MIN,2013,3,0.7948377946886342,8.814933928838215,0.553472495558886
2013_03_DET_WAS,2013,3,0.41367102511504605,-3.1714055733817093,0.43610779708248587
2013_03_GB_CIN,2013,3,0.37960321408128905,-4.090465960276845,0.4678103431762962
2013_03_HOU_BAL,2013,3,0.5188745890910711,0.694372946787833,0.4909691008011591
2013_03_IND_SF,2013,3,0.778625119087244,8.711386183244613,0.44729840073230115
2013_03_JAX_SEA,2013,3,0.9401095611862711,17.75441800698497,0.4485591981529635
2013_03_KC_PHI,2013,3,0.5961109447217047,2.2504543075419585,0.47786134033795324
2013_03_NYG_CAR,2013,3,0.5043295471184159,0.6548843771334623,0.5487817485479316
2013_03_OAK_DEN,2013,3,0.9080592893149236,14.58777725653211,0.45834299991734995
2013_03_SD_TEN,2013,3,0.5856033852729852,2.842726435655549,0.49535246998616633
2013_03_STL_DAL,2013,3,0.5477837072927273,0.5664446152068292,0.4139871231327585
2013_03_TB_NE,2013,3,0.7446915578104689,6.789192499432046,0.47900442987061326
2013_04_ARI_TB,2013,4,0.48934674095225594,0.012371376108818222,0.4269012995087484
2013_04_BAL_BUF,2013,4,0.3753042567005363,-3.4995919660932584,0.5147843122987019
2013_04_CHI_DET,2013,4,0.5583122461783424,1.6777495941931821,0.4609881920958988
2013_04_CIN_CLE,2013,4,0.38071127454618264,-3.041943444847198,0.5135335607228735
2013_04_DAL_SD,2013,4,0.5152890732757248,-0.18103129793582662,0.5241867373512935
2013_04_IND_JAX,2013,4,0.22821571065655116,-9.276988590478835,0.506589972888958
2013_04_MIA_NO,2013,4,0.7725349631189325,7.0672198198540785,0.5019864235118563
2013_04_NE_ATL,2013,4,0.5479929260376195,0.981227807128926,0.4405642947486221
2013_04_NYG_KC,2013,4,0.6822264019034034,4.868292447778768,0.5403656698398942
2013_04_NYJ_TEN,2013,4,0.6092544117173421,2.582593390267675,0.4729103121159728
2013_04_PHI_DEN,2013,4,0.8186611332906235,10.168456892468667,0.4902034615651722
2013_04_PIT_MIN,2013,4,0.35572021391330694,-5.728559838170306,0.41991319830909585
2013_04_SEA_HOU,2013,4,0.5002567705826141,-0.2819174094696767,0.521210257497013
2013_04_SF_STL,2013,4,0.3797397930386278,-3.2775673967436614,0.4917981060085954
2013_04_WAS_OAK,2013,4,0.37814993947585734,-3.356499472847583,0.5042405444057283
2013_05_BAL_MIA,2013,5,0.4761649184625105,-0.6916378049779683,0.40655431431441036
2013_05_BUF_CLE,2013,5,0.6223512289350998,2.5228960888787113,0.47115051930828417
2013_05_CAR_ARI,2013,5,0.3570804630798087,-4.452261044738694,0.4571664572541743
2013_05_DEN_DAL,2013,5,0.29260367323355635,-5.81176271761252,0.5497598428418594
2013_05_DET_GB,2013,5,0.8257714250486131,10.746564624206671,0.522050700419755
2013_05_HOU_SF,2013,5,0.621712991611145,2.5226194137850695,0.4564284996974666
2013_05_JAX_STL,2013,5,0.8383354751958927,10.74478532110188,0.49245852876800456
2013_05_KC_TEN,2013,5,0.381914912068242,-4.524236298477266,0.44040462361077565
2013_05_NE_CIN,2013,5,0.4220953780445454,-2.4389207374188766,0.48703161517116095
2013_05_NO_CHI,2013,5,0.5498612088803223,2.0776588363833373,0.5318124081904905
2013_05_NYJ_ATL,2013,5,0.8306521074221948,9.888944227816951,0.4967181967921942
2013_05_PHI_NYG,2013,5,0.4305207882512948,-1.8946758546346243,0.4735805238241105
2013_05_SD_OAK,2013,5,0.2438004968148914,-8.412368171252115,0.42908901443409925
2013_05_SEA_IND,2013,5,0.4330471324838034,-2.430537078453153,0.516823368980235
2013_06_ARI_SF,2013,6,0.7863497273671568,8.977939959071623,0.469825645452293
2013_06_CAR_MIN,2013,6,0.5155771249106348,0.5950210847482207,0.44389169995284106
2013_06_CIN_BUF,2013,6,0.2751537908861857,-6.869672542448782,0.47431782772532693
2013_06_DET_CLE,2013,6,0.3936495972887242,-3.1228792918378065,0.43752378679167636
2013_06_GB_BAL,2013,6,0.4605014582192524,-0.8173910228037828,0.5053961644657357
2013_06_IND_SD,2013,6,0.6002759961907869,4.1263947762972615,0.6479281694134446
2013_06_JAX_DEN,2013,6,0.99,27.73790697799225,0.5217952422938746
2013_06_NO_NE,2013,6,0.5583994047710784,2.046135514122998,0.48659024965179165
2013_06_NYG_CHI,2013,6,0.782634221641474,9.13953440114806,0.4893490457649366
2013_06_OAK_KC,2013,6,0.8347932624852447,9.459104166016033,0.557691473123391
2013_06_PHI_TB,2013,6,0.4577411070558977,-1.0900579076782988,0.5415899710832027
2013_06_PIT_NYJ,2013,6,0.42120671859649184,-3.145930258017724,0.4368510620926122
2013_06_STL_HOU,2013,6,0.7665579684619196,8.535845723186506,0.4715322097345097
2013_06_TEN_SEA,2013,6,0.853537693102948,11.461629579811351,0.5136390869386227
2013_06_WAS_DAL,2013,6,0.6368294661076614,3.346934454092552,0.436642861122692
2013_07_BAL_PIT,2013,7,0.5127647673850245,0.9707097286665747,0.45490398483766037
2013_07_BUF_MIA,2013,7,0.6908529076973648,5.627385087834545,0.48899015032749193
2013_07_CHI_WAS,2013,7,0.45051411104140526,-1.709008988092195,0.47905750478250514
2013_07_CIN_DET,2013,7,0.5190851250009283,-0.026867045379381782,0.42576158077618287
2013_07_CLE_GB,2013,7,0.7851712498350945,7.46412812888457,0.49893994153891585
2013_07_DAL_PHI,2013,7,0.5788405052896208,2.1370327798591946,0.4745155710051251
2013_07_DEN_IND,2013,7,0.29075360117457927,-5.773099383156311,0.5067048879879441
2013_07_HOU_KC,2013,7,0.8006114065644913,8.959710987370695,0.5577092175810324
2013_07_MIN_NYG,2013,7,0.6672936518746637,4.236313535001957,0.5069830108295943
2013_07_NE_NYJ,2013,7,0.32043143886499376,-5.706617518377641,0.4350808291282328
2013_07_SD_JAX,2013,7,0.2722789702872489,-6.589119840089845,0.5268972645981755
2013_07_SEA_ARI,2013,7,0.325804875122349,-5.5327534377418575,0.48426053937695784
2013_07_SF_TEN,2013,7,0.371905241430978,-4.283671944265725,0.4621229370767355
2013_07_STL_CAR,2013,7,0.7595041174697991,7.87679864040777,0.4963592926583808
2013_07_TB_ATL,2013,7,0.7100482287166756,6.213718699890641,0.5063153973517263
2013_08_ATL_ARI,2013,8,0.5378116533297238,0.741084430892873,0.4481684790617418
2013_08_BUF_NO,2013,8,0.8427196507796083,10.65270933554955,0.5045126601001242
2013_08_CAR_TB,2013,8,0.23182066819469282,-8.696574746003545,0.4353736855640626
2013_08_CLE_KC,2013,8,0.8018337446957107,8.56631935281243,0.5461831030925198
2013_08_DAL_DET,2013,8,0.570572315648355,2.1257651321488185,0.4741832861009895
2013_08_GB_MIN,2013,8,0.20397272636768207,-8.976442869545721,0.4418015603092829
2013_08_MIA_NE,2013,8,0.6820528869133159,4.801437137691103,0.4499374142024158
2013_08_NYG_PHI,2013,8,0.6280112071177147,3.3936362454158786,0.4380058912256886
2013_08_NYJ_CIN,2013,8,0.7343519246824116,6.762566907727605,0.5225228502526842
2013_08_PIT_OAK,2013,8,0.4664993066132243,-1.1314977902174534,0.540371836813086
2013_08_SEA_STL,2013,8,0.1216088398699337,-13.420814265197317,0.4875664133732842
2013_08_SF_JAX,2013,8,0.07353880109757596,-16.668452695447723,0.48025443602685114
2013_08_WAS_DEN,2013,8,0.8734165621614337,12.535968739966181,0.5452921047135639
2013_09_ATL_CAR,2013,9,0.7577455765144383,8.144161524998895,0.4453298430695097
2013_09_BAL_CLE,2013,9,0.40735310896943094,-3.806629117662342,0.41765412849269345
2013_09_CHI_GB,2013,9,0.8017635628976175,8.663351525909807,0.4605647689043669
2013_09_CIN_MIA,2013,9,0.4053937714895667,-3.763288519265161,0.47745585922802614
2013_09_IND_HOU,2013,9,0.4607847433445126,-2.075596861101137,0.46824833235312885
2013_09_KC_BUF,2013,9,0.2676776975405732,-6.455745483612429,0.44240674238411937
2013_09_MIN_DAL,2013,9,0.8321739274637746,10.298291678764027,0.508814183715097
2013_09_NO_NYJ,2013,9,0.2645838500873057,-7.034380471977119,0.46946261545852874
2013_09_PHI_OAK,2013,9,0.4893983300554612,-0.5463149899745496,0.5134044496023775
2013_09_PIT_NE,2013,9,0.656470539679712,3.815828252946867,0.4503593654095106
2013_09_SD_WAS,2013,9,0.4684932569783371,-1.169504563276786,0.43616325298894626
2013_09_TB_SEA,2013,9,0.9792873270131572,17.31266770922718,0.5387299722227258
2013_09_TEN_STL,2013,9,0.3364687764925771,-5.416966919491153,0.42895527211083867
2013_10_BUF_PIT,2013,10,0.5449714570571433,1.808021773637643,0.4648212322293516
2013_10_CAR_SF,2013,10,0.7089466704650973,6.713794242657894,0.5210837094085522
2013_10_CIN_BAL,2013,10,0.47655207625071483,-0.8882127596566858,0.4443822958570568
2013_10_DAL_NO,2013,10,0.7167696985551378,6.155699934709925,0.5046010303679448
2013_10_DEN_SD,2013,10,0.2739729412425569,-7.07115004836068,0.4978974347305392
2013_10_DET_CHI,2013,10,0.47046803113502417,-1.6697803144568044,0.48021525134603815
2013_10_HOU_ARI,2013,10,0.657313312517512,3.603671915666378,0.48828967995082007
2013_10_JAX_TEN,2013,10,0.764253372764805,8.492597641453884,0.4118570467909083
2013_10_MIA_TB,2013,10,0.4467676124825084,-1.5536502853511993,0.48364351053947063
2013_10_OAK_NYG,2013,10,0.8003847883114743,9.679350959454228,0.5641239706062843
2013_10_PHI_GB,2013,10,0.43228819008651,-2.4673108342955397,0.45672430923056667
2013_10_SEA_ATL,2013,10,0.3975351916611888,-2.4627136151008013,0.5306230055803631
2013_10_STL_IND,2013,10,0.7836289923041151,7.909102313289925,0.5120876469281217
2013_10_WAS_MIN,2013,10,0.49565031973985235,-1.1733057949101022,0.4948787325888284
2013_11_ARI_JAX,2013,11,0.22556573663398502,-9.141037057239906,0.5106065645848681
2013_11_ATL_TB,2013,11,0.5053156944418651,-0.5310905878807315,0.45485112384184834
2013_11_BAL_CHI,2013,11,0.6146118397271998,2.74599253343131,0.46299569678512426
2013_11_CLE_CIN,2013,11,0.650376335525379,3.358847370096529,0.48106023933584185
2013_11_DET_PIT,2013,11,0.3353288357477757,-5.11400395953662,0.43778285480456264
2013_11_GB_NYG,2013,11,0.6359633484266045,3.3470305726509415,0.49547965434683855
2013_11_IND_TEN,2013,11,0.4617997083614399,-1.7903386432069937,0.5209617469541744
2013_11_KC_DEN,2013,11,0.6569099809202611,3.3931425157141275,0.38048331898829074
2013_11_MIN_SEA,2013,11,0.8421162073880142,11.631450495454901,0.45962677272893765
2013_11_NE_CAR,2013,11,0.5553034120487337,0.5199002232442123,0.4271200524182837
2013_11_NYJ_BUF,2013,11,0.43721363588012907,-1.6837403478800905,0.47980323254611357
2013_11_OAK_HOU,2013,11,0.824647810591178,10.454655144658059,0.49866000400153604
2013_11_SD_MIA,2013,11,0.4237806970030023,-2.5389718124326817,0.49884833465712586
2013_11_SF_NO,2013,11,0.6332386863251424,3.5451096523099648,0.5013330454868073
2013_11_WAS_PHI,2013,11,0.6195348063557011,2.9024826988715864,0.452901265674495
2013_12_CAR_MIA,2013,12,0.2951396199616815,-6.339161883707918,0.44581806437532123
2013_12_CHI_STL,2013,12,0.5160468562864269,0.2032175680044903,0.47646772234882645
2013_12_DAL_NYG,2013,12,0.611165535986529,2.754349894191164,0.5516977367890156
2013_12_DEN_NE,2013,12,0.5307471605206607,1.3791722790016703,0.5112035531518213
2013_12_IND_ARI,2013,12,0.6170659123455556,2.4268536976606363,0.4683205205381565
2013_12_JAX_HOU,2013,12,0.7858774494937841,9.26599950790652,0.46358442358472485
2013_12_MIN_GB,2013,12,0.7221962263917797,6.262529833601146,0.5077576036739379
2013_12_NO_ATL,2013,12,0.21591553995850546,-8.228214446477581,0.47849076244862165
2013_12_NYJ_BAL,2013,12,0.6351281346742715,3.211452280047811,0.47671064951243547
2013_12_PIT_CLE,2013,12,0.5227051299703661,0.6051087046568302,0.44418686440217386
2013_12_SD_KC,2013,12,0.644489425446992,4.141808665561396,0.5189591254835931
2013_12_SF_WAS,2013,12,0.2781620575829382,-6.348179134512015,0.47495170110654156
2013_12_TB_DET,2013,12,0.7690196654140062,7.7679963864317365,0.5226830407062342
2013_12_TEN_OAK,2013,12,0.4197364884752299,-2.394372009590054,0.5031214104749658
2013_13_ARI_PHI,2013,13,0.6378381606811955,3.6587590994158887,0.5046914264695816
2013_13_ATL_BUF,2013,13,0.6184903707653729,3.37637357851806,0.4521351791185817
2013_13_CHI_MIN,2013,13,0.461772858607832,-1.2632665648440562,0.39021432010421475
2013_13_CIN_SD,2013,13,0.486941631441496,-1.1052015211617783,0.5411448659775074
2013_13_DEN_KC,2013,13,0.35696172964648637,-3.9228442896691034,0.5317975874458073
2013_13_GB_DET,2013,13,0.7730334393796422,8.888489749562552,0.5556258098625484
2013_13_JAX_CLE,2013,13,0.7393777802892695,6.979534856870461,0.4846233980259927
2013_13_MIA_NYJ,2013,13,0.5081223406219115,-0.3261599684737154,0.5199045700331032
2013_13_NE_HOU,2013,13,0.32356463441093075,-4.444180989826333,0.5750789607518294
2013_13_NO_SEA,2013,13,0.6794748265247087,5.22525472487885,0.46238554995535036
2013_13_NYG_WAS,2013,13,0.47917135347481277,0.19025179658962887,0.4760852448799857
2013_13_OAK_DAL,2013,13,0.8552210399952515,11.343129766341054,0.539625820534104
2013_13_PIT_BAL,2013,13,0.5403154547195569,0.845328544303273,0.4365960046072574
2013_13_STL_SF,2013,13,0.7944749655375709,8.966761017919083,0.543259538644249
2013_13_TB_CAR,2013,13,0.7872766997583696,8.456210135699514,0.5282336237700712
2013_13_TEN_IND,2013,13,0.5882360421259405,2.0252844103044723,0.4565067844248939
2013_14_ATL_GB,2013,14,0.7059613733281906,6.056904436802414,0.5751104665484001
2013_14_BUF_TB,2013,14,0.5588968330696384,1.0174512156615265,0.44162305204248953
2013_14_CAR_NO,2013,14,0.5903973741929154,2.252162321519741,0.4779117367764661
2013_14_CLE_NE,2013,14,0.8697198682216165,11.315543954416215,0.5534903603649298
2013_14_DAL_CHI,2013,14,0.6215379646490918,4.897798201132844,0.5849805659849754
2013_14_DET_PHI,2013,14,0.6030539103948442,3.9997962232851236,0.5442298962350277
2013_14_HOU_JAX,2013,14,0.3253961020895681,-5.466620525346428,0.42751175204877345
2013_14_IND_CIN,2013,14,0.8084424298923378,9.643089867107182,0.5776105531572353
2013_14_KC_WAS,2013,14,0.32976572180344665,-4.504542460037782,0.4703418561630834
2013_14_MIA_PIT,2013,14,0.5628406866087413,1.9058426097415033,0.46770161319258524
2013_14_MIN_BAL,2013,14,0.7976670282414838,9.522502034677482,0.6029252425139162
2013_14_NYG_SD,2013,14,0.6720930306721983,4.718690735668032,0.5064623085309709
2013_14_OAK_NYJ,2013,14,0.6169489031935743,3.723697768653471,0.5213759567841696
2013_14_SEA_SF,2013,14,0.5328429856387287,1.713642066765103,0.47677525052105046
2013_14_STL_ARI,2013,14,0.5944444659401716,2.079691852991021,0.4434432252135952
2013_14_TEN_DEN,2013,14,0.8865710918639493,14.069118488103559,0.5315608264644249
2013_15_ARI_TEN,2013,15,0.4541649956028769,-1.7187618486656246,0.5378054650197608
2013_15_BAL_DET,2013,15,0.6445088399254794,3.5534021247054923,0.472049726300028
2013_15_BUF_JAX,2013,15,0.3197051889968393,-4.735640736653056,0.478271628376387
2013_15_CHI_CLE,2013,15,0.5349461580088508,1.6921879091585006,0.5204460797623196
2013_15_CIN_PIT,2013,15,0.4142441328689324,-3.332224780069142,0.4606948576367011
2013_15_GB_DAL,2013,15,0.6615485687222187,4.290471894587714,0.5085831540206822
2013_15_HOU_IND,2013,15,0.6463169386558422,3.7981044326458404,0.4352185211171857
2013_15_KC_OAK,2013,15,0.26945510133807365,-6.78492905363585,0.491580606831854
2013_15_NE_MIA,2013,15,0.507650647706486,0.8015923102283904,0.4499419636002332
2013_15_NO_STL,2013,15,0.2897585180809864,-5.911693384412786,0.5173797124980213
2013_15_NYJ_CAR,2013,15,0.8241426320728321,11.312572499068782,0.5387271719089377
2013_15_PHI_MIN,2013,15,0.3054947151839968,-5.150526864068866,0.5398123453924095
2013_15_SD_DEN,2013,15,0.8474633705430643,10.905405414183699,0.5267358445003292
2013_15_SEA_NYG,2013,15,0.25617800145952674,-7.358869603964874,0.5630088726173897
2013_15_SF_TB,2013,15,0.3345274291887584,-4.020386752942451,0.5141702044601946
2013_15_WAS_ATL,2013,15,0.7379399174817644,7.529491872732384,0.5597489447183365
2013_16_ARI_SEA,2013,16,0.7676527216056365,7.1765521558474035,0.4756811429359336
2013_16_ATL_SF,2013,16,0.9869639166339859,18.561140421289128,0.5896913715580159
2013_16_CHI_PHI,2013,16,0.518349094616503,1.041001151425426,0.4569685006122482
2013_16_CLE_NYJ,2013,16,0.5012839724682643,1.1033269062366746,0.45880003203411185
2013_16_DAL_WAS,2013,16,0.3511792081436721,-4.017841946609229,0.46994994028822806
2013_16_DEN_HOU,2013,16,0.21664716436382425,-8.2803770690826,0.5212557120407952
2013_16_IND_KC,2013,16,0.8537390573070868,10.773450444094259,0.5957950257835045
2013_16_MIA_BUF,2013,16,0.48052528336160016,0.20071850429999283,0.47639400073670396
2013_16_MIN_CIN,2013,16,0.8104049189861207,8.76497706565206,0.5373270611818356
2013_16_NE_BAL,2013,16,0.42998903850778875,-2.8726654898612067,0.4448373020148787
2013_16_NO_CAR,2013,16,0.5823820268717695,2.423622547751905,0.46822533803769806
2013_16_NYG_DET,2013,16,0.8377315596325491,10.590694336899364,0.5321963836596835
2013_16_OAK_SD,2013,16,0.8339129340037743,10.470324013741099,0.5138958655761261
2013_16_PIT_GB,2013,16,0.4733071490478907,-0.9715224119195582,0.5008415485558184
2013_16_TB_STL,2013,16,0.6080672646906579,3.099653399792854,0.48817097934688203
2013_16_TEN_JAX,2013,16,0.27634751142525377,-6.379951189518652,0.43003200596656077
2013_17_BAL_CIN,2013,17,0.6915141730621458,5.298206663450443,0.46453232086197194
2013_17_BUF_NE,2013,17,0.7867702626606315,8.672901893438002,0.5346171959984072
2013_17_CAR_ATL,2013,17,0.2583199092238692,-7.150032197978796,0.4513605693909297
2013_17_CLE_PIT,2013,17,0.7319741947839103,8.123682663789719,0.45939840651246394
2013_17_DEN_OAK,2013,17,0.17805987933077466,-9.976290074678083,0.5007006582824687
2013_17_DET_MIN,2013,17,0.4335743319151604,-2.538859686808102,0.4988516480990895
2013_17_GB_CHI,2013,17,0.38631374569628113,-2.900412916814443,0.5029428990916742
2013_17_HOU_TEN,2013,17,0.7666230449775079,8.192428937984188,0.5351920350399487
2013_17_JAX_IND,2013,17,0.7755334193690298,8.860039710136306,0.4370252735750588
2013_17_KC_SD,2013,17,0.883059053223575,14.620408955776302,0.47402533780537165
2013_17_NYJ_MIA,2013,17,0.723907155356438,7.28612719720284,0.49368004928116194
2013_17_PHI_DAL,2013,17,0.2517801372535552,-6.787728091221887,0.5210387851992302
2013_17_SF_ARI,2013,17,0.5632745135205375,1.4842303564440391,0.4553010037263058
2013_17_STL_SEA,2013,17,0.9214761101021126,15.589989310177467,0.576070563165009
2013_17_TB_NO,2013,17,0.8398463130923717,10.38587739318319,0.4818581481876344
2013_17_WAS_NYG,2013,17,0.586720382629599,2.0351703311820293,0.45679719975998856
2013_18_KC_IND,2013,18,0.40940051303911273,-3.557581394105989,0.45407339222256904
2013_18_NO_PHI,2013,18,0.6752669283001556,5.791482451690898,0.5819077864712958
2013_18_SD_CIN,2013,18,0.7122739728925096,6.6439460807482895,0.5042537103386667
2013_18_SF_GB,2013,18,0.38063782701073434,-3.076922389759341,0.49772685721990845
2013_19_IND_NE,2013,19,0.75814285924691,8.339245085848516,0.524784801424495
2013_19_NO_SEA,2013,19,0.7338545005715974,8.079393874203205,0.44343450820884706
2013_19_SD_DEN,2013,19,0.7622255153214931,8.510290225573877,0.5150761391726641
2013_19_SF_CAR,2013,19,0.5268708762424535,1.2174374582895564,0.5359281308827815
2013_20_NE_DEN,2013,20,0.7144112477588621,6.459033647398057,0.5430325217493329
2013_20_SF_SEA,2013,20,0.6027724267996893,2.3915904756515705,0.4525816476075427
2013_21_SEA_DEN,2013,21,0.48512857358474243,-0.014906203368000748,0.4553263592521022
2014_01_BUF_CHI,2014,1,0.7264467237636353,7.540077683480865,0.5159557306630809
2014_01_CAR_TB,2014,1,0.6800786388301068,5.055903833876982,0.4868787563978714
2014_01_CIN_BAL,2014,1,0.5249197940723364,1.3498365600534152,0.510336961214746
2014_01_CLE_PIT,2014,1,0.6919942008679382,5.161611411752826,0.4900012311108863
2014_01_GB_SEA,2014,1,0.683733211414769,4.44545896616303,0.4983882470205377
2014_01_IND_DEN,2014,1,0.7964374564266316,10.708430673814934,0.5795038981290688
2014_01_JAX_PHI,2014,1,0.8045193262548631,8.400230346231815,0.4528351708179063
2014_01_MIN_STL,2014,1,0.5813223119453725,2.4410609233936498,0.48348735262483644
2014_01_NE_MIA,2014,1,0.373249655494183,-3.3932270065031886,0.5031552457348466
2014_01_NO_ATL,2014,1,0.40751650265196826,-1.911237364334206,0.5321394850883543
2014_01_NYG_DET,2014,1,0.7035366132733841,5.331236754554762,0.4655046472435812
2014_01_OAK_NYJ,2014,1,0.725277227238888,6.230174586514587,0.49202684450699913
2014_01_SD_ARI,2014,1,0.5800412124835405,2.023933112167801,0.4711810845946977
2014_01_SF_DAL,2014,1,0.400003573596754,-3.2638468729129944,0.5069782712960749
2014_01_TEN_KC,2014,1,0.5932073354429568,2.696782018378731,0.4910402738524163
2014_01_WAS_HOU,2014,1,0.6110727656671378,2.163124065622765,0.47528507526063407
2014_02_ARI_NYG,2014,2,0.5283422431044178,0.9405961195415325,0.49824454495872905
2014_02_ATL_CIN,2014,2,0.6916707792365713,5.4146322754156415,0.4974772912779505
2014_02_CHI_SF,2014,2,0.7353073644513989,7.011316129595977,0.5003344060753827
2014_02_DAL_TEN,2014,2,0.6120050969483283,3.1856393293411394,0.5054857069217483
2014_02_DET_CAR,2014,2,0.4988992279715122,-0.46626074812440654,0.4567551579978309
2014_02_HOU_OAK,2014,2,0.4017449586987374,-3.2990853139138077,0.4911623690899786
2014_02_JAX_WAS,2014,2,0.6632584764877932,4.184593485186801,0.4759183371593138
2014_02_KC_DEN,2014,2,0.8704898824573802,11.274909872887495,0.44915977660872464
2014_02_MIA_BUF,2014,2,0.5138938437704509,0.8087963511016749,0.4943498763291387
2014_02_NE_MIN,2014,2,0.3979710465755573,-3.2265921923265446,0.5080789984015179
2014_02_NO_CLE,2014,2,0.33150945310824914,-4.929636031186061,0.48730584819068545
2014_02_NYJ_GB,2014,2,0.7347817196247621,6.875413864868586,0.49631837249190996
2014_02_PHI_IND,2014,2,0.5810909732333545,3.313467960271125,0.5092625471322229
2014_02_PIT_BAL,2014,2,0.5733021317375443,1.2299826146005697,0.4625246459682752
2014_02_SEA_SD,2014,2,0.32162684601817004,-5.272078548551194,0.4771965222611162
2014_02_STL_TB,2014,2,0.6774741183591514,5.2126800915938425,0.5357881128859232
2014_03_BAL_CLE,2014,3,0.4550323457715855,-2.7131479439734942,0.47893536289090144
2014_03_CHI_NYJ,2014,3,0.5280655923703431,1.1918153787423826,0.4908935409198728
2014_03_DAL_STL,2014,3,0.4561331636564631,-2.577830774472388,0.46818252698445945
2014_03_DEN_SEA,2014,3,0.6596807835974706,4.332725870875992,0.5098314800291995
2014_03_GB_DET,2014,3,0.5404200179406892,1.9821194363913097,0.5142442185947264
2014_03_HOU_NYG,2014,3,0.508736336531557,0.32952052525751485,0.4801946157040018
2014_03_IND_JAX,2014,3,0.29052349970413194,-6.846732812018653,0.4749943576576275
2014_03_KC_MIA,2014,3,0.6884255074009092,5.2590417458678855,0.4781147237455598
2014_03_MIN_NO,2014,3,0.8263471229501045,10.101548105466774,0.5030008482022543
2014_03_OAK_NE,2014,3,0.8912749346600961,14.040109367797859,0.5011852814158194
2014_03_PIT_CAR,2014,3,0.6190928364557226,1.4804434301872111,0.4551898001366565
2014_03_SD_BUF,2014,3,0.5648327812407616,3.1154444047661913,0.518180872151588
2014_03_SF_ARI,2014,3,0.40428317737078323,-3.7080246640527905,0.4790865527848242
2014_03_TB_ATL,2014,3,0.7040374609401835,4.73263706074026,0.447920968401459
2014_03_TEN_CIN,2014,3,0.6932567176186661,5.145584740144034,0.4600423390225319
2014_03_WAS_PHI,2014,3,0.6494804073843822,3.007088509768524,0.4706846269202729
2014_04_ATL_MIN,2014,4,0.31877784946084187,-5.451630230134248,0.5014293855559862
2014_04_BUF_HOU,2014,4,0.565214527943557,3.1080032508122386,0.5031916002630523
2014_04_CAR_BAL,2014,4,0.6035192314996531,3.3877615581112677,0.4966832485837202
2014_04_DET_NYJ,2014,4,0.5317406306852613,1.9383591807212106,0.4981784412176129
2014_04_GB_CHI,2014,4,0.4562261580765669,-1.873398557539896,0.5037411798420577
2014_04_JAX_SD,2014,4,0.8498913310167739,13.671076864877689,0.5198230161607361
2014_04_MIA_OAK,2014,4,0.37069529555919273,-5.909027135400438,0.44377325749546215
2014_04_NE_KC,2014,4,0.4227993776794731,-3.7341418003087647,0.4783158582817533
2014_04_NO_DAL,2014,4,0.43416267112769996,-2.2676545599864912,0.521631135215715
2014_04_NYG_WAS,2014,4,0.6172768995242497,2.5803572680644007,0.48760101691206237
2014_04_PHI_SF,2014,4,0.6608714787062936,3.995226091379249,0.5146312833439536
2014_04_TB_PIT,2014,4,0.7611900366754965,6.996279817753927,0.48511787714232224
2014_04_TEN_IND,2014,4,0.7621308946975299,7.877424934761924,0.511151937162347
2014_05_ARI_DEN,2014,5,0.7649767116385492,8.096993792481987,0.5028662660631846
2014_05_ATL_NYG,2014,5,0.6402113742598348,3.6342978890476085,0.48919435608767736
2014_05_BAL_IND,2014,5,0.562090845943566,2.581468076993451,0.5024074713444527
2014_05_BUF_DET,2014,5,0.6669339034779906,3.7768033381519244,0.4786388303157057
2014_05_CHI_CAR,2014,5,0.514076948750568,1.112366743706001,0.48854651495729207
2014_05_CIN_NE,2014,5,0.44760507784428605,-2.461111417271284,0.5011492058088121
2014_05_CLE_TEN,2014,5,0.45487327807808875,-2.195798419832757,0.4647087812208518
2014_05_HOU_DAL,2014,5,0.6710906602056009,4.074126427804441,0.47266068494372476
2014_05_KC_SF,2014,5,0.653306843562031,3.608099074734473,0.48842045242897386
2014_05_MIN_GB,2014,5,0.7918547938351517,8.465619020248486,0.49898399913794317
2014_05_NYJ_SD,2014,5,0.7397914194124472,7.816362305077249,0.5241098561314406
2014_05_PIT_JAX,2014,5,0.31533627966498334,-6.736349098536025,0.4782507264617421
2014_05_SEA_WAS,2014,5,0.27990610634609275,-6.050195737059815,0.5280447931270755
2014_05_STL_PHI,2014,5,0.6509549474008636,4.015262296648382,0.5152229642829923
2014_05_TB_NO,2014,5,0.8250615362964615,10.152935025805553,0.47498456113604737
2014_06_BAL_TB,2014,6,0.36185780081319635,-5.134556794694115,0.45181451589020283
2014_06_CAR_CIN,2014,6,0.7441631418168972,6.624615147846292,0.48890832646109506
2014_06_CHI_ATL,2014,6,0.6492733713408897,4.645989612688107,0.5338248315038454
2014_06_DAL_SEA,2014,6,0.7983315212805038,9.307500187304331,0.47954471520206504
2014_06_DEN_NYJ,2014,6,0.2220032115866023,-8.296145561130027,0.5502177219811224
2014_06_DET_MIN,2014,6,0.5002516578706191,-0.30797743728688154,0.46140797997156213
2014_06_GB_MIA,2014,6,0.48171921663040024,-1.154125262765186,0.5102199231393614
2014_06_IND_HOU,2014,6,0.4561611180101753,-2.6103521245498778,0.49673898978132003
2014_06_JAX_TEN,2014,6,0.6396279008564164,2.589401376443,0.4583907331518405
2014_06_NE_BUF,2014,6,0.5248753264647812,0.641189192276935,0.4893979296118626
2014_06_NYG_PHI,2014,6,0.5167008694450567,0.8751418204012149,0.4963103335727552
2014_06_PIT_CLE,2014,6,0.5219046604219201,0.743009837333181,0.4482248969165969
2014_06_SD_OAK,2014,6,0.2578954997900562,-5.935465533219095,0.5314257850809518
2014_06_SF_STL,2014,6,0.3619377843288429,-3.4693354559806098,0.5009061757480693
2014_06_WAS_ARI,2014,6,0.6704036033660284,4.165372672726919,0.47535139726598397
2014_07_ARI_OAK,2014,7,0.36740702456695434,-3.956276356245285,0.486519016277668
2014_07_ATL_BAL,2014,7,0.7422364756567922,7.63631426397434,0.5187969407046032
2014_07_CAR_GB,2014,7,0.7112733798607663,5.7962096660821665,0.4792115117125704
2014_07_CIN_IND,2014,7,0.6251522082027793,3.5653031133892013,0.5167005498457776
2014_07_CLE_JAX,2014,7,0.3397165641038097,-4.846009260861457,0.47501569754044126
2014_07_HOU_PIT,2014,7,0.5881338427841797,1.7716617287696912,0.46375105507578046
2014_07_KC_SD,2014,7,0.5703381115659057,1.1540837847547019,0.44562031566868304
2014_07_MIA_CHI,2014,7,0.6034801235400621,2.3576504431346783,0.4810249085544437
2014_07_MIN_BUF,2014,7,0.7419974826472597,7.557656061555413,0.5164747650464299
2014_07_NO_DET,2014,7,0.5314720947855626,1.3603247204271225,0.49587249033933106
2014_07_NYG_DAL,2014,7,0.6743885693004184,4.340893662578556,0.4805302992029063
2014_07_NYJ_NE,2014,7,0.8234100133196609,9.360917064746785,0.49588999393929045
2014_07_SEA_STL,2014,7,0.2716916686977656,-6.194777923831468,0.5237812413156706
2014_07_SF_DEN,2014,7,0.730225754050589,6.473837947405487,0.4844551734987334
2014_07_TEN_WAS,2014,7,0.691446467417174,5.67507126023043,0.4903988668307879
2014_08_BAL_CIN,2014,8,0.4017785027219494,-3.390445322311158,0.4737052685242609
2014_08_BUF_NYJ,2014,8,0.5723285972740646,2.545346450513228,0.48656694500909387
2014_08_CHI_NE,2014,8,0.6822854018329052,6.111854224165278,0.5180748872693197
2014_08_DET_ATL,2014,8,0.39364481684555513,-4.8653620437792835,0.45972048463740517
2014_08_GB_NO,2014,8,0.5381970207986579,2.3325673030894802,0.5098267955704456
2014_08_HOU_TEN,2014,8,0.3488269053461894,-5.224919244704545,0.44916478534580695
2014_08_IND_PIT,2014,8,0.3279642489222436,-4.614815902759768,0.511381138899297
2014_08_MIA_JAX,2014,8,0.24986817504695222,-7.827431912106025,0.47556362850092465
2014_08_MIN_TB,2014,8,0.5128503112841344,0.388436858900294,0.4819337057818999
2014_08_OAK_CLE,2014,8,0.7110415376517439,6.182283605118397,0.4906119404879624
2014_08_PHI_ARI,2014,8,0.49584794888933964,0.4885094800130144,0.48488841598124993
2014_08_SD_DEN,2014,8,0.7796750272891912,8.028282467919857,0.4713092796130824
2014_08_SEA_CAR,2014,8,0.30023237821544874,-6.50245491848904,0.4851552413523881
2014_08_STL_KC,2014,8,0.7628144950001917,7.654014204040689,0.5045512181462048
2014_08_WAS_DAL,2014,8,0.8025101470628437,9.602076974728066,0.5030164765214423
2014_09_ARI_DAL,2014,9,0.5263319024478484,1.5476771497754633,0.501408917875249
2014_09_BAL_PIT,2014,9,0.5206374345234334,0.20789298538280354,0.43258933481193784
2014_09_DEN_NE,2014,9,0.413252698573626,-2.2090664258559807,0.5233597349958719
2014_09_IND_NYG,2014,9,0.4131584318226679,-2.6050638342868546,0.5116692047319309
2014_09_JAX_CIN,2014,9,0.8077538728861599,9.636852085168172,0.48926980835632855
2014_09_NO_CAR,2014,9,0.38540386684734995,-4.152995951494408,0.4659688714144273
2014_09_NYJ_KC,2014,9,0.7979348935609155,9.261389531079418,0.4929491223328701
2014_09_OAK_SEA,2014,9,0.8679627399731745,12.414966845369158,0.46797036923352026
2014_09_PHI_HOU,2014,9,0.4693738240340779,-2.3235952048214417,0.4756767963343465
2014_09_SD_MIA,2014,9,0.5715842236729087,2.5282359456427876,0.4860616052770882
2014_09_STL_SF,2014,9,0.815897154070095,9.187812450510885,0.461284150217793
2014_09_TB_CLE,2014,9,0.7459632534659775,6.771558711764028,0.49324958967434024
2014_09_WAS_MIN,2014,9,0.4898863119219928,-0.2801522632019412,0.5212623459077265
2014_10_ATL_TB,2014,10,0.35002708090968093,-5.9509122125913265,0.4279683171188144
2014_10_CAR_PHI,2014,10,0.7544008825972137,6.778111742860058,0.4934432131959711
2014_10_CHI_GB,2014,10,0.75951750084161,8.204543944809064,0.46177628667833737
2014_10_CLE_CIN,2014,10,0.6866728348597717,5.110856055307223,0.4590213468481234
2014_10_DAL_JAX,2014,10,0.27174899801096614,-7.985139361896499,0.4856665959892825
2014_10_DEN_OAK,2014,10,0.14633698407678775,-12.323657042896919,0.5199784422645191
2014_10_KC_BUF,2014,10,0.5551668934000904,2.401091252768928,0.5118510163974241
2014_10_MIA_DET,2014,10,0.5840305826297335,3.088920434418917,0.5026276936576249
2014_10_NYG_SEA,2014,10,0.8070900910280674,8.938493028722299,0.4981823965562328
2014_10_PIT_NYJ,2014,10,0.3360588734340394,-4.403851493191675,0.5028412874286452
2014_10_SF_NO,2014,10,0.6996137158162358,6.072970830573134,0.5021563709479263
2014_10_STL_ARI,2014,10,0.7353270112416881,6.834596096733053,0.49511222522487114
2014_10_TEN_BAL,2014,10,0.8187516477093693,10.113346581487406,0.4885754585141034
2014_11_ATL_CAR,2014,11,0.4077302655719624,-3.315789031835713,0.4759070539020158
2014_11_BUF_MIA,2014,11,0.6509729368223066,4.181577511959882,0.505365686120393
2014_11_CIN_NO,2014,11,0.7847655672937357,9.198704939920857,0.5206384109927001
2014_11_DEN_STL,2014,11,0.2311985264339344,-8.118015295256896,0.49651254138093304
2014_11_DET_ARI,2014,11,0.4632898440843487,-1.8522948346505839,0.4748303178746383
2014_11_HOU_CLE,2014,11,0.6771752023950215,5.196009713863755,0.5205588698056617
2014_11_MIN_CHI,2014,11,0.5307864278557216,0.936271667151114,0.453892952081469
2014_11_NE_IND,2014,11,0.6068464853848635,4.321168942069576,0.538980002066093
2014_11_OAK_SD,2014,11,0.8052292755221651,9.59330274786925,0.47322606591701444
2014_11_PHI_GB,2014,11,0.6590508097696804,5.8806741090300365,0.5407296722431854
2014_11_PIT_TEN,2014,11,0.257732497379485,-7.797514776594419,0.4764461183244263
2014_11_SEA_KC,2014,11,0.4915218399035462,-0.11472335202056139,0.5261423205070594
2014_11_SF_NYG,2014,11,0.37046149631228803,-3.1108348479270047,0.5262569828917504
2014_11_TB_WAS,2014,11,0.7275857144674764,6.296482666875816,0.49398603009437253
2014_12_ARI_SEA,2014,12,0.7695638430870472,7.481315438926091,0.49944784747975346
2014_12_BAL_NO,2014,12,0.5522807447822091,1.9964779271548103,0.485123727456396
2014_12_CIN_HOU,2014,12,0.58084579425336,2.392017207016966,0.4820394017768739
2014_12_CLE_ATL,2014,12,0.5740716880257518,2.776867710512582,0.49340645544094214
2014_12_DAL_NYG,2014,12,0.32405263691593506,-6.10356520769978,0.4380875926417552
2014_12_DET_NE,2014,12,0.7300390092116985,6.07862613389397,0.4580740576970433
2014_12_GB_MIN,2014,12,0.2460158670939442,-6.733805052049734,0.5226298917642971
2014_12_JAX_IND,2014,12,0.8305970030804546,10.18427086683437,0.4173909790353627
2014_12_KC_OAK,2014,12,0.25211062904998793,-7.234583188539757,0.5078429012569261
2014_12_MIA_DEN,2014,12,0.7162693809674083,6.103608564139421,0.48828780863882393
2014_12_NYJ_BUF,2014,12,0.5502232705161014,-0.10443679181248289,0.423510323691064
2014_12_STL_SD,2014,12,0.6536231124299317,4.591722687383012,0.5174805654259601
2014_12_TB_CHI,2014,12,0.6403096307893417,3.201150455046809,0.4764067430934471
2014_12_TEN_PHI,2014,12,0.831010729809704,9.646361776949048,0.4600651862466316
2014_12_WAS_SF,2014,12,0.7908296373915084,8.447003039734234,0.48366280092197683
2014_13_ARI_ATL,2014,13,0.4778307382975355,-0.6389223886409744,0.5254287023588423
2014_13_CAR_MIN,2014,13,0.5750081418875833,2.0527590759825864,0.48678587540268636
2014_13_CHI_DET,2014,13,0.7536526599589493,7.559143430254861,0.5017477584785569
2014_13_CIN_TB,2014,13,0.3187069431954896,-6.016126333939558,0.4995234463032342
2014_13_CLE_BUF,2014,13,0.6103593332842719,3.070367509539417,0.5020794405632679
2014_13_DEN_KC,2014,13,0.5171033140214076,1.9792298047654413,0.5289121388766033
2014_13_MIA_NYJ,2014,13,0.2431249362875028,-8.187212126300848,0.45027021601515116
2014_13_NE_GB,2014,13,0.6132489805548273,4.868613248303612,0.5550440931796282
2014_13_NO_PIT,2014,13,0.6450050684620507,5.813116254954242,0.5680225495479255
2014_13_NYG_JAX,2014,13,0.4118187459375752,-2.7368752168723494,0.5077751818623527
2014_13_OAK_STL,2014,13,0.7286434614699973,6.7571574140368345,0.5075988712057751
2014_13_PHI_DAL,2014,13,0.6109200106797034,4.718030832808381,0.550633301562922
2014_13_SD_BAL,2014,13,0.7256531748906113,6.673100561691731,0.5051152030060018
2014_13_SEA_SF,2014,13,0.5201868881223849,0.9826821924972544,0.49948823676134296
2014_13_TEN_HOU,2014,13,0.7185971985018215,6.763897910168855,0.49302323668947634
2014_13_WAS_IND,2014,13,0.7822560423595064,7.838748071616156,0.5100093887425434
2014_14_ATL_GB,2014,14,0.8789033156172037,15.341999885804201,0.5542650263569119
2014_14_BAL_MIA,2014,14,0.59877596843963,2.9857092659527784,0.49957769059521173
2014_14_BUF_DEN,2014,14,0.7846632633389106,9.574505647361825,0.516972254286348
2014_14_CAR_NO,2014,14,0.7770954833430277,8.186630014680883,0.4907403473728558
2014_14_DAL_CHI,2014,14,0.3784855405358511,-2.28542331320363,0.5358439336813791
2014_14_HOU_JAX,2014,14,0.2740783472897716,-7.2412705649167215,0.47810550845872485
2014_14_IND_CLE,2014,14,0.4268466717707572,-0.8571199157464249,0.5630599313736788
2014_14_KC_ARI,2014,14,0.4280908806584292,-1.7472727158613433,0.522232534348287
2014_14_NE_SD,2014,14,0.36716496649241587,-1.1297161883530902,0.5841858247597731
2014_14_NYG_TEN,2014,14,0.40986658373465484,-3.945190793128269,0.47209120543773603
2014_14_NYJ_MIN,2014,14,0.6778169273153168,5.254749425319021,0.5222921981420808
2014_14_PIT_CIN,2014,14,0.5664919875206476,3.2428627220026676,0.5071765172104007
2014_14_SEA_PHI,2014,14,0.456269745848126,-1.5646111107880443,0.4980906662612329
2014_14_SF_OAK,2014,14,0.23859200752825085,-7.592284754046438,0.5120466760657043
2014_14_STL_WAS,2014,14,0.4452510095712437,-2.0429191376077784,0.5135047443098167
2014_14_TB_DET,2014,14,0.8083329043150781,10.182937872873662,0.49063126959493614
2014_15_ARI_STL,2014,15,0.7055656086708002,5.971758801501404,0.49916543704349725
2014_15_CIN_CLE,2014,15,0.5401959030395965,0.5967952022331409,0.4439436085011934
2014_15_DAL_PHI,2014,15,0.6008375582431019,4.332756341284726,0.524593418031807
2014_15_DEN_SD,2014,15,0.35292281096135636,-3.9859122904216098,0.5004163097751709
2014_15_GB_BUF,2014,15,0.38845971967987136,-2.596517937120847,0.5266791344202391
2014_15_HOU_IND,2014,15,0.7280949703238339,6.261995891665398,0.47820189166536525
2014_15_JAX_BAL,2014,15,0.8703017257593727,13.512491927783913,0.4855966429720997
2014_15_MIA_NE,2014,15,0.7968133166186351,10.630774281862234,0.5333767947736183
2014_15_MIN_DET,2014,15,0.754421298371735,7.671147457935046,0.4902829474389077
2014_15_NO_CHI,2014,15,0.3768971432908238,-2.592322481726696,0.5120455616727525
2014_15_NYJ_TEN,2014,15,0.34675441295404574,-4.275979042536296,0.47708144697374205
2014_15_OAK_KC,2014,15,0.8223658072442941,11.744752317348338,0.5219972260640953
2014_15_PIT_ATL,2014,15,0.41171450369798224,-2.6262842411638676,0.5110423686749092
2014_15_SF_SEA,2014,15,0.7943647560040762,9.792238705351156,0.49386063014857745
2014_15_TB_CAR,2014,15,0.604854918560723,1.5541496016411287,0.44269611772276407
2014_15_WAS_NYG,2014,15,0.7430317292826383,7.847188969748824,0.5250190958843037
2014_16_ATL_NO,2014,16,0.6890932673612817,7.504712728249459,0.5443742884845046
2014_16_BAL_HOU,2014,16,0.3051679616585614,-6.170403399474315,0.49496449513965923
2014_16_BUF_OAK,2014,16,0.2892424511452267,-5.681632204616295,0.5388976192104099
2014_16_CLE_CAR,2014,16,0.6805274710394227,5.438384430377713,0.4834083269173187
2014_16_DEN_CIN,2014,16,0.3542302038778541,-3.8606200214390234,0.4893444840069662
2014_16_DET_CHI,2014,16,0.21728387104568422,-8.25742100968392,0.5513527967644251
2014_16_GB_TB,2014,16,0.1532762516793925,-11.135498969858025,0.5107701634147049
2014_16_IND_DAL,2014,16,0.6286801459051496,4.667121865537656,0.5344470290625845
2014_16_KC_PIT,2014,16,0.5584249148834267,2.8412500132874015,0.5100833008768022
2014_16_MIN_MIA,2014,16,0.6627517418526957,4.010391424388232,0.48553461104241447
2014_16_NE_NYJ,2014,16,0.2058153753409085,-8.937601578535634,0.5313628577601451
2014_16_NYG_STL,2014,16,0.7375186006678801,8.146326921843919,0.5338347635608831
2014_16_PHI_WAS,2014,16,0.2467726663277398,-7.34228391099596,0.48988615591169105
2014_16_SD_SF,2014,16,0.5378017058839291,1.4034461498205522,0.4823768057260492
2014_16_SEA_ARI,2014,16,0.2138662165147251,-9.407862793699804,0.5027227512467438
2014_16_TEN_JAX,2014,16,0.657627253744051,4.981292492021885,0.5289729334443545
2014_17_ARI_SF,2014,17,0.692317772164729,5.915628071931296,0.4975067177581279
2014_17_BUF_NE,2014,17,0.6348519697124053,2.4706548836347264,0.44025534339338823
2014_17_CAR_ATL,2014,17,0.5368407403561919,1.4422692957611394,0.4687746546593116
2014_17_CHI_MIN,2014,17,0.7482574188770111,8.089347421100536,0.5321567101069872
2014_17_CIN_PIT,2014,17,0.5826031335403806,3.0333933892314846,0.5009868163899958
2014_17_CLE_BAL,2014,17,0.9000356134875392,14.496253492925108,0.5146616239112203
2014_17_DAL_WAS,2014,17,0.29682924749469286,-6.698368250149596,0.47937152531045246
2014_17_DET_GB,2014,17,0.7984482044523575,10.459078118277898,0.5430338282677738
2014_17_IND_TEN,2014,17,0.26773395842696635,-6.046350312972384,0.542874341920245
2014_17_JAX_HOU,2014,17,0.7778446193567169,8.043188129468072,0.4865032001917447
2014_17_NO_TB,2014,17,0.30354890440510435,-6.368160519055921,0.4891217338115705
2014_17_NYJ_MIA,2014,17,0.7462692907841603,7.836609452660443,0.5247070649752192
2014_17_OAK_DEN,2014,17,0.9125149418023663,17.105675275743216,0.5178924769903325
2014_17_PHI_NYG,2014,17,0.4946365706512597,-1.0444675501188108,0.49868592935042144
2014_17_SD_KC,2014,17,0.568187722779289,1.6971224130540343,0.46155798412224047
2014_17_STL_SEA,2014,17,0.8176953053254167,10.183284217433913,0.4758797172459235
2014_18_ARI_CAR,2014,18,0.6872989859334908,4.7221025455781955,0.4770248492536935
2014_18_BAL_PIT,2014,18,0.5819844229848788,1.6152943301728315,0.459151813226338
2014_18_CIN_IND,2014,18,0.6441995870486249,2.460708278216051,0.4693179091569355
2014_18_DET_DAL,2014,18,0.7055375233445309,5.902026135560107,0.49710477231103006
2014_19_BAL_NE,2014,19,0.7330191188415405,7.089276156799393,0.5026382054803618
2014_19_CAR_SEA,2014,19,0.8661404809584476,13.767844229026204,0.5079146205636209
2014_19_DAL_GB,2014,19,0.6977207794957074,7.25763502728175,0.5517939988875118
2014_19_IND_DEN,2014,19,0.809453178918081,10.550509509010785,0.5310125993213909
2014_20_GB_SEA,2014,20,0.7553189834474652,7.4202504191369485,0.4681260045547156
2014_20_IND_NE,2014,20,0.7468899284938837,7.292260601565133,0.5086360002917696
2014_21_NE_SEA,2014,21,0.4736799306621654,-2.792766734664006,0.447176751583101
2015_01_BAL_DEN,2015,1,0.6712553934662009,4.178274752939973,0.4904935069935544
2015_01_CAR_JAX,2015,1,0.4224502112251056,-3.0689776130650106,0.4979616321096483
2015_01_CIN_OAK,2015,1,0.413907284768212,-3.0303184262673257,0.49910405244845585
2015_01_CLE_NYJ,2015,1,0.6332518337408314,3.104254644302727,0.4883068929195639
2015_01_DET_SD,2015,1,0.6274614156466205,3.2298866826267236,0.4920183382796169
2015_01_GB_CHI,2015,1,0.303030303030303,-5.246647133719392,0.5074864620452
2015_01_IND_BUF,2015,1,0.49070156678599663,-1.143213167262299,0.49576794696808085
2015_01_KC_HOU,2015,1,0.5,-1.21086526662055,0.49376891482846913
2015_01_MIA_WAS,2015,1,0.34727812147834686,-3.911049574604265,0.5026285799101478
2015_01_MIN_SF,2015,1,0.4066985645933015,-2.575455619935278,0.4977702014554226
2015_01_NO_ARI,2015,1,0.5520062329567589,1.894288381846936,0.49687611829388395
2015_01_NYG_DAL,2015,1,0.7333014887349733,6.6072321491699295,0.48839484448522785
2015_01_PHI_ATL,2015,1,0.37665039500700276,-3.262893714434593,0.507006434022554
2015_01_PIT_NE,2015,1,0.7590361445783131,7.05243730139167,0.4867763717720796
2015_01_SEA_STL,2015,1,0.37665039500700276,-3.5238403976323105,0.49929548609973
2015_01_TEN_TB,2015,1,0.5933014354066986,2.6687151672021128,0.4902110916146264
2015_02_ARI_CHI,2015,2,0.46943325045014145,-2.052939276044084,0.4984355806385524
2015_02_ATL_NYG,2015,2,0.537852568752202,1.9136178786463807,0.4974473151614457
2015_02_BAL_OAK,2015,2,0.299482251023654,-5.8368142784442965,0.5048222295203832
2015_02_DAL_PHI,2015,2,0.722662440570523,6.626559653191079,0.4889657669874337
2015_02_DEN_KC,2015,2,0.6033428208078484,2.6977074310027644,0.4910676141038936
2015_02_DET_MIN,2015,2,0.5740354444580784,2.271835236972327,0.4932577601797675
2015_02_HOU_CAR,2015,2,0.5740354444580784,2.6783792105561366,0.49049659297365467
2015_02_MIA_JAX,2015,2,0.3199224430441105,-4.8980935987588365,0.5030114360004165
2015_02_NE_BUF,2015,2,0.5399277029247453,1.826635680420452,0.49487700325248474
2015_02_NYJ_IND,2015,2,0.6891002194586686,5.552541751429742,0.4867794567089948
2015_02_SD_CIN,2015,2,0.6186511705872493,3.2685441183039794,0.4931605175012425
2015_02_SEA_GB,2015,2,0.6332518337408314,3.297537540101377,0.4940171994247133
2015_02_SF_PIT,2015,2,0.6949182345700721,5.562205147612832,0.4870648689795994
2015_02_STL_WAS,2015,2,0.37665039500700276,-3.0689776130650106,0.4979616321096483
2015_02_TB_NO,2015,2,0.7849371679176859,8.833280516166202,0.4803055920622471
2015_02_TEN_CLE,2015,2,0.5172913928296243,0.8202622628642198,0.4946886767127404
2015_03_ATL_DAL,2015,3,0.521797153024911,0.868585456342162,0.4961165933516111
2015_03_BUF_MIA,2015,3,0.5046466242274987,0.868585456342162,0.4961165933516111
2015_03_CHI_SEA,2015,3,0.9064921186214268,15.269403711693142,0.4636846039275374
2015_03_CIN_BAL,2015,3,0.5660893345487694,2.3008286895716035,0.49411444634432156
2015_03_DEN_DET,2015,3,0.43391066545123064,-2.9916591715355048,0.5002464821419529
2015_03_IND_TEN,2015,3,0.3813488294127508,-2.9626647380142273,0.5011033033755065
2015_03_JAX_NE,2015,3,0.9064921186214268,13.507720253845237,0.4707032453725053
2015_03_KC_GB,2015,3,0.6757296083811425,4.187938840844849,0.4907790144860025
2015_03_NO_CAR,2015,3,0.7810858143607706,9.22053379463589,0.47697856770870245
2015_03_OAK_CLE,2015,3,0.6233496049929973,3.191229852090311,0.4908762423744532
2015_03_PHI_NYJ,2015,3,0.6033428208078484,2.794350856324059,0.49392303959725353
2015_03_PIT_STL,2015,3,0.537852568752202,1.4297606518459687,0.49792434671836516
2015_03_SD_MIN,2015,3,0.537852568752202,2.3008286895716035,0.49411444634432156
2015_03_SF_ARI,2015,3,0.7326042743306772,6.47194638491035,0.4843993179982677
2015_03_TB_HOU,2015,3,0.6996383748138693,5.465574166515082,0.4842111565310175
2015_03_WAS_NYG,2015,3,0.6108836002739845,2.75569306486605,0.4927808113896006
2015_04_BAL_PIT,2015,4,0.4224502112251056,-3.0109888019792357,0.49967526687138014
2015_04_CAR_TB,2015,4,0.4224502112251056,-3.088307153919116,0.4973904291757364
2015_04_CLE_SD,2015,4,0.6800775569558896,4.139618865293903,0.48935154089915767
2015_04_DAL_NO,2015,4,0.5740354444580784,2.8136799302475257,0.49449417823657643
2015_04_DET_SEA,2015,4,0.8047945205479452,9.22053379463589,0.47697856770870245
2015_04_GB_SF,2015,4,0.2562225475841874,-7.114432294037242,0.5113924704101422
2015_04_HOU_ATL,2015,4,0.6527218785216531,3.733073293634236,0.49211248808768815
2015_04_JAX_IND,2015,4,0.6499689771835965,3.646096278148676,0.48954288976739074
2015_04_KC_CIN,2015,4,0.6233496049929973,3.22022241487883,0.49173280602694175
2015_04_MIN_DEN,2015,4,0.7234124879978217,6.442958336509678,0.48354337573613504
2015_04_NYG_BUF,2015,4,0.690978748012144,5.571868605079624,0.48735028968568184
2015_04_NYJ_MIA,2015,4,0.44139283962726833,-2.5851203886366774,0.49748460022609153
2015_04_OAK_CHI,2015,4,0.37665039500700276,-3.0013239868500765,0.4999608744939004
2015_04_PHI_WAS,2015,4,0.4155887507302011,-2.972329545764086,0.5008176967691351
2015_04_STL_ARI,2015,4,0.722662440570523,6.442958336509678,0.48354337573613504
2015_05_ARI_DET,2015,5,0.34727812147834686,-4.365912707093639,0.5039623859911753
2015_05_BUF_TEN,2015,5,0.5116279069767442,0.8589207754273644,0.4958310042104191
2015_05_CHI_KC,2015,5,0.7882908557935022,9.239854842157216,0.4775486018358344
2015_05_CLE_BAL,2015,5,0.7013921016108003,5.5042257370690235,0.48535252839280457
2015_05_DEN_OAK,2015,5,0.3242703916188576,-4.859434766475438,0.5041538075225391
2015_05_IND_HOU,2015,5,0.6600024206947392,4.062309598327858,0.48706795400969366
2015_05_JAX_TB,2015,5,0.521797153024911,0.8202622628642198,0.4946886767127404
2015_05_NE_DAL,2015,5,0.24096385542168672,-7.520984064586145,0.5141525642585814
2015_05_NO_PHI,2015,5,0.7171050163208644,6.094382085622893,0.4880152746528565
2015_05_PIT_SD,2015,5,0.658869395711501,3.694416409940378,0.49097038486389766
2015_05_SEA_CIN,2015,5,0.5775497887748944,2.7460286991416676,0.49249526564727364
2015_05_SF_NYG,2015,5,0.7590361445783131,6.907494643282771,0.48249632792949265
2015_05_STL_GB,2015,5,0.768632470217584,7.865555968929954,0.48125826589297804
2015_05_WAS_ATL,2015,5,0.7464578672632363,7.004121290598993,0.48534944394698504
2015_06_ARI_PIT,2015,6,0.3199224430441105,-5.314298378614278,0.5054875475573103
2015_06_ATL_NO,2015,6,0.4172836182527931,-2.85635249560857,0.5042448875256538
2015_06_BAL_SF,2015,6,0.4320786780923455,-2.5561260521851157,0.4983414080929551
2015_06_CAR_SEA,2015,6,0.73621103117506,6.394646499614075,0.4821170223232653
2015_06_CHI_DET,2015,6,0.6527218785216531,3.22022241487883,0.49173280602694175
2015_06_CIN_BUF,2015,6,0.4050889296790936,-3.0399832327192793,0.4988184460208095
2015_06_DEN_CLE,2015,6,0.39360687022900764,-3.5238403976323105,0.49929548609973
2015_06_HOU_JAX,2015,6,0.5933014354066986,2.2621708148670336,0.4929722066745967
2015_06_KC_MIN,2015,6,0.6033428208078484,3.181565749154559,0.490590732812651
2015_06_MIA_TEN,2015,6,0.5520062329567589,2.271835236972327,0.4932577601797675
2015_06_NE_IND,2015,6,0.24835146013530876,-7.472669164163326,0.5155793392606067
2015_06_NYG_PHI,2015,6,0.6527218785216531,3.326531217056867,0.4948739164810611
2015_06_SD_GB,2015,6,0.8188617506135327,9.82032885186843,0.4799233293906642
2015_06_WAS_NYJ,2015,6,0.7590361445783131,6.8301992301348875,0.48021464760606775
2015_07_ATL_TEN,2015,7,0.3199224430441105,-5.304633826220438,0.5057731190018429
2015_07_BAL_ARI,2015,7,0.8003561215129767,9.34612791583139,0.48068479530417996
2015_07_BUF_JAX,2015,7,0.3856591915440651,-3.5335052070797177,0.4990098792596017
2015_07_CLE_STL,2015,7,0.7163206180589087,5.978423079860464,0.48459056805161804
2015_07_DAL_NYG,2015,7,0.5933014354066986,2.7460286991416676,0.49249526564727364
2015_07_HOU_MIA,2015,7,0.6691291228800332,4.178274752939973,0.4904935069935544
2015_07_MIN_DET,2015,7,0.521797153024911,0.8879148720275422,0.49668777904982636
2015_07_NO_IND,2015,7,0.6859695689558487,5.223304553540286,0.49182386782689846
2015_07_NYJ_NE,2015,7,0.7319034852546917,6.510598144459447,0.4855407158706095
2015_07_OAK_SD,2015,7,0.6397067958752639,3.278208561630453,0.49344607392829976
2015_07_PHI_CAR,2015,7,0.5642421122306391,2.775021897588844,0.4933519168182371
2015_07_PIT_KC,2015,7,0.658869395711501,3.617104782829004,0.4886864730733527
2015_07_SEA_SF,2015,7,0.28787053606161983,-6.31100721624509,0.5055847962529982
2015_07_TB_WAS,2015,7,0.5860927152317882,2.6977074310027644,0.4910676141038936
2015_08_ARI_CLE,2015,8,0.26311037738282556,-6.688557260196977,0.509202715302717
2015_08_CIN_PIT,2015,8,0.5262215623771888,0.9748978632622003,0.49925820015537054
2015_08_DET_KC,2015,8,0.6143408084559349,2.75569306486605,0.4927808113896006
2015_08_GB_DEN,2015,8,0.4433028919330289,-2.507802018944944,0.49976944036619514
2015_08_IND_CAR,2015,8,0.6712553934662009,4.604150190850465,0.488303807512685
2015_08_MIA_NE,2015,8,0.7901049475262368,7.51697058163989,0.4857289074484821
2015_08_MIN_CHI,2015,8,0.47377843762281124,-1.1625424590816789,0.49519677832586373
2015_08_NYG_NO,2015,8,0.6108836002739845,2.8813324397987645,0.4964932668574845
2015_08_NYJ_OAK,2015,8,0.3856591915440651,-3.02065361556948,0.49938965946077224
2015_08_SD_BAL,2015,8,0.658869395711501,4.245924238476046,0.4924921792473299
2015_08_SEA_DAL,2015,8,0.341130604288499,-4.4528954699476975,0.5013919963337241
2015_08_SF_STL,2015,8,0.7810858143607706,7.323723396911868,0.48002351612252203
2015_08_TB_ATL,2015,8,0.7810858143607706,7.4493304377080864,0.48373152107521405
2015_08_TEN_HOU,2015,8,0.6332518337408314,3.181565749154559,0.490590732812651
2015_09_ATL_SF,2015,9,0.21170914420649786,-9.059532749364712,0.5130140620403217
2015_09_CHI_SD,2015,9,0.6261005910022917,3.297537540101377,0.4940171994247133
2015_09_CLE_CIN,2015,9,0.8733924168721262,12.056114791010874,0.4721296928029717
2015_09_DEN_IND,2015,9,0.3856591915440651,-3.4561867138127242,0.5012947364162746
2015_09_GB_CAR,2015,9,0.4672897196261682,-2.052939276044084,0.4984355806385524
2015_09_JAX_NYJ,2015,9,0.7516485398646913,6.8785082044080035,0.4816406071463961
2015_09_MIA_BUF,2015,9,0.6527218785216531,3.665424191687933,0.4901138686453833
2015_09_NYG_TB,2015,9,0.478202846975089,-1.520758081254495,0.499386572369692
2015_09_OAK_PIT,2015,9,0.7050630837293135,5.59119569845792,0.4879211556606899
2015_09_PHI_DAL,2015,9,0.3920988384996671,-3.02065361556948,0.49938965946077224
2015_09_STL_MIN,2015,9,0.537852568752202,1.729991142634211,0.49202142458894704
2015_09_TEN_NO,2015,9,0.7319034852546917,6.56857781176652,0.487253091798109
2015_09_WAS_NE,2015,9,0.8948106591865358,12.636570815129106,0.474501947234229
2015_10_ARI_SEA,2015,10,0.5860927152317882,2.726700075731233,0.491924189037694
2015_10_BUF_NYJ,2015,10,0.5440238883060285,2.223513472996253,0.49183004036859407
2015_10_CAR_TEN,2015,10,0.35488721804511275,-3.5045107700749063,0.499866700972847
2015_10_CHI_STL,2015,10,0.7697759087280727,6.8785082044080035,0.4816406071463961
2015_10_CLE_PIT,2015,10,0.7368896226171744,6.442958336509678,0.48354337573613504
2015_10_DAL_TB,2015,10,0.49070156678599663,-1.1625424590816789,0.49519677832586373
2015_10_DET_GB,2015,10,0.8348057171586584,9.82032885186843,0.4799233293906642
2015_10_HOU_CIN,2015,10,0.8047945205479452,9.288159297869697,0.4789739397962206
2015_10_JAX_BAL,2015,10,0.658869395711501,3.723409013266008,0.4918269540974348
2015_10_KC_DEN,2015,10,0.6527218785216531,3.6267685628007813,0.4889719381735846
2015_10_MIA_PHI,2015,10,0.6800775569558896,5.1556557543837656,0.4898252900711647
2015_10_MIN_OAK,2015,10,0.6063931297709924,2.736364368979123,0.49220972480123615
2015_10_NE_NYG,2015,10,0.2562225475841874,-6.562927974056992,0.5129137817841817
2015_10_NO_WAS,2015,10,0.4827086071703758,-0.9982416693234151,0.5000519609220617
2015_11_BUF_NE,2015,11,0.7566244633432689,6.520261258974998,0.48582608937267185
2015_11_CIN_ARI,2015,11,0.6499689771835965,3.7427376113777955,0.4923980272238443
2015_11_DAL_MIA,2015,11,0.44139283962726833,-2.5271316449933083,0.49919822570087663
2015_11_DEN_CHI,2015,11,0.46214743124779806,-2.5947851454177098,0.4971990006382029
2015_11_GB_MIN,2015,11,0.4827086071703758,-1.1335484905932534,0.4960535355246444
2015_11_IND_ATL,2015,11,0.6274614156466205,3.2685441183039794,0.4931605175012425
2015_11_KC_SD,2015,11,0.38764174959500114,-2.981994357389007,0.5005320896291577
2015_11_NYJ_HOU,2015,11,0.3500310228164034,-4.017362367497345,0.4994869199575507
2015_11_OAK_DET,2015,11,0.453954604539546,-1.965955983835161,0.5010060431887239
2015_11_SF_SEA,2015,11,0.8923742788383813,12.878998735436502,0.4669110077564824
2015_11_STL_BAL,2015,11,0.5844112492697988,2.6783792105561366,0.49049659297365467
2015_11_TB_PHI,2015,11,0.73621103117506,6.4912721222804235,0.4849699973358055
2015_11_TEN_JAX,2015,11,0.5697382574399427,2.6880432989405083,0.4907821005321166
2015_11_WAS_CAR,2015,11,0.741037721131946,6.452620943155219,0.48382867934344315
2015_12_ARI_SF,2015,12,0.23358617571708445,-7.172415648082676,0.5096795869934431
2015_12_BAL_CLE,2015,12,0.7050630837293135,5.465574166515082,0.4842111565310175
2015_12_BUF_KC,2015,12,0.6691291228800332,4.071973056449674,0.4873533748059386
2015_12_CAR_DAL,2015,12,0.4827086071703758,-1.143213167262299,0.49576794696808085
2015_12_CHI_GB,2015,12,0.7849371679176859,6.936481828351618,0.48335215138836257
2015_12_MIA_NYJ,2015,12,0.664461906242295,4.12995501613727,0.4890660662747926
2015_12_MIN_ATL,2015,12,0.5480494766888677,1.826635680420452,0.49487700325248474
2015_12_NE_DEN,2015,12,0.4433028919330289,-2.5657908406669474,0.4980558041398327
2015_12_NO_HOU,2015,12,0.6487671491207393,3.326531217056867,0.4948739164810611
2015_12_NYG_WAS,2015,12,0.49070156678599663,-1.0852248537871723,0.49748151320861517
2015_12_OAK_TEN,2015,12,0.48044542229805576,-1.1335484905932534,0.4960535355246444
2015_12_PHI_DET,2015,12,0.5860927152317882,2.784686361881392,0.4936374761320733
2015_12_PIT_SEA,2015,12,0.5679213219076544,2.784686361881392,0.4936374761320733
2015_12_SD_JAX,2015,12,0.690978748012144,4.652469256999246,0.4897311559060908
2015_12_STL_CIN,2015,12,0.7882908557935022,9.665758426589074,0.47536277503140295
2015_12_TB_IND,2015,12,0.556697108066971,2.784686361881392,0.4936374761320733
2015_13_ARI_STL,2015,13,0.37253858435337944,-3.4948459546719093,0.5001523086330764
2015_13_ATL_TB,2015,13,0.521797153024911,0.9265738809273569,0.4978301748919037
2015_13_BAL_MIA,2015,13,0.6186511705872493,3.181565749154559,0.490590732812651
2015_13_CAR_NO,2015,13,0.3242703916188576,-5.207990030184062,0.5086285955366968
2015_13_CIN_CLE,2015,13,0.2562225475841874,-7.191743814108168,0.5091085733555566
2015_13_DAL_WAS,2015,13,0.5305667495498585,1.7879774982105658,0.4937347212422873
2015_13_DEN_SD,2015,13,0.3199224430441105,-5.7788270032963345,0.5065356527882334
2015_13_GB_DET,2015,13,0.46516522837297414,-2.507802018944944,0.49976944036619514
2015_13_HOU_BUF,2015,13,0.5740354444580784,2.6977074310027644,0.4910676141038936
2015_13_IND_PIT,2015,13,0.7987191216834401,9.365451534728392,0.4812551831353895
2015_13_JAX_TEN,2015,13,0.5679213219076544,2.726700075731233,0.491924189037694
2015_13_KC_OAK,2015,13,0.4050889296790936,-2.981994357389007,0.5005320896291577
2015_13_NYJ_NYG,2015,13,0.46214743124779806,-2.052939276044084,0.4984355806385524
2015_13_PHI_NE,2015,13,0.7882908557935022,8.881589634142069,0.48173157137326467
2015_13_SEA_MIN,2015,13,0.4224502112251056,-2.5657908406669474,0.4980558041398327
2015_13_SF_CHI,2015,13,0.6969696969696969,5.5042257370690235,0.48535252839280457
2015_14_ATL_CAR,2015,14,0.768632470217584,7.87521791318038,0.48154347835503686
2015_14_BUF_PHI,2015,14,0.5172913928296243,0.9555682503077428,0.4986869872931171
2015_14_DAL_GB,2015,14,0.7137404580152672,5.5042257370690235,0.48535252839280457
2015_14_DET_STL,2015,14,0.4066985645933015,-3.0593128274715906,0.49824723566503215
2015_14_IND_JAX,2015,14,0.5172913928296243,0.9072443504983061,0.4972589733935307
2015_14_MIN_ARI,2015,14,0.7987191216834401,9.288159297869697,0.4789739397962206
2015_14_NE_HOU,2015,14,0.34727812147834686,-3.9013848229215835,0.5029141787959915
2015_14_NO_TB,2015,14,0.6949182345700721,5.6781702953290685,0.49049042101417856
2015_14_NYG_MIA,2015,14,0.46214743124779806,-2.478807575061472,0.5006262630266508
2015_14_OAK_DEN,2015,14,0.7086409898223908,5.5042257370690235,0.48535252839280457
2015_14_PIT_CIN,2015,14,0.5046466242274987,0.9748978632622003,0.49925820015537054
2015_14_SD_KC,2015,14,0.832570049736544,10.594853693983575,0.47327179528143526
2015_14_SEA_BAL,2015,14,0.2081124592610044,-10.017588938034706,0.5142528310065746
2015_14_SF_CLE,2015,14,0.5539593349939177,2.252506426063912,0.49268665775467346
2015_14_TEN_NYJ,2015,14,0.75416247625433,7.362370151802177,0.4811642253486551
2015_14_WAS_CHI,2015,14,0.658869395711501,3.6364323950247086,0.48925741046693955
2015_15_ARI_PHI,2015,15,0.3813488294127508,-3.3498745681846773,0.504436307240203
2015_15_ATL_JAX,2015,15,0.5419847328244275,1.874958944262889,0.49630492958025174
2015_15_BUF_WAS,2015,15,0.46214743124779806,-2.507802018944944,0.49976944036619514
2015_15_CAR_NYG,2015,15,0.341130604288499,-4.356248031507041,0.504247974398689
2015_15_CHI_MIN,2015,15,0.6463391320971134,3.655760210820498,0.4898283758888929
2015_15_CIN_SF,2015,15,0.26967543847731873,-6.785200342750736,0.5063473370024262
2015_15_CLE_SEA,2015,15,0.887410440122825,13.440119917196563,0.46871133282616084
2015_15_DEN_PIT,2015,15,0.7566244633432689,6.946144382895357,0.483637447825841
2015_15_DET_NO,2015,15,0.5399277029247453,2.4264694156315674,0.49782708785442076
2015_15_GB_OAK,2015,15,0.34727812147834686,-3.882055362339956,0.5034853706763706
2015_15_HOU_IND,2015,15,0.556697108066971,2.233177753775701,0.4921155744154643
2015_15_KC_BAL,2015,15,0.2949369162706865,-6.320671785939674,0.5052992224262837
2015_15_MIA_SD,2015,15,0.5,0.9265738809273569,0.4978301748919037
2015_15_NYJ_DAL,2015,15,0.4116032928263426,-3.0689776130650106,0.4979616321096483
2015_15_TB_STL,2015,15,0.5,0.8202622628642198,0.4946886767127404
2015_15_TEN_NE,2015,15,0.887410440122825,13.498062636192891,0.470418627809427
2015_16_CAR_ATL,2015,16,0.28787053606161983,-6.698221394544252,0.5089172014163498
2015_16_CHI_TB,2015,16,0.6261005910022917,2.736364368979123,0.49220972480123615
2015_16_CIN_DEN,2015,16,0.6332518337408314,3.104254644302727,0.4883068929195639
2015_16_CLE_KC,2015,16,0.825993842859055,10.60451264039956,0.4735565954660041
2015_16_DAL_BUF,2015,16,0.7050630837293135,5.949434879690012,0.483734604903372
2015_16_GB_ARI,2015,16,0.6958254667505769,5.639514409747794,0.489348455204039
2015_16_HOU_TEN,2015,16,0.3856591915440651,-3.5721643844128477,0.49786746022408196
2015_16_IND_MIA,2015,16,0.556697108066971,2.271835236972327,0.4932577601797675
2015_16_JAX_NO,2015,16,0.5520062329567589,2.436134196842996,0.4981126908063974
2015_16_NE_NYJ,2015,16,0.44139283962726833,-2.517466833192188,0.4994838328651174
2015_16_NYG_MIN,2015,16,0.7353719494266393,6.462283626405608,0.48411399349269224
2015_16_PIT_BAL,2015,16,0.17400615714094497,-10.375836196845771,0.5184382701083937
2015_16_SD_OAK,2015,16,0.6527218785216531,3.684752292600287,0.49068487331899086
2015_16_SF_DET,2015,16,0.7810858143607706,7.817247606193479,0.47983239048625786
2015_16_STL_SEA,2015,16,0.8316708229426435,10.130305241349209,0.47431717256900285
2015_16_WAS_PHI,2015,16,0.6397067958752639,3.278208561630453,0.49344607392829976
2015_17_BAL_CIN,2015,17,0.7729422894985808,9.17223310706284,0.47555374797223243
2015_17_DET_CHI,2015,17,0.4600722970752547,-2.5271316449933083,0.49919822570087663
2015_17_JAX_HOU,2015,17,0.6712553934662009,4.613813898655139,0.4885892626784485
2015_17_MIN_GB,2015,17,0.5810079557598683,2.736364368979123,0.49220972480123615
2015_17_NE_MIA,2015,17,0.2270577105014191,-9.466088055285454,0.5157736692812723
2015_17_NO_ATL,2015,17,0.6958254667505769,5.7071626873735735,0.4913469611592978
2015_17_NYJ_BUF,2015,17,0.4224502112251056,-2.604449888924964,0.49691340287811564
2015_17_OAK_KC,2015,17,0.7258155230596175,5.978423079860464,0.48459056805161804
2015_17_PHI_NYG,2015,17,0.6527218785216531,3.8007242269610675,0.49411135967658726
2015_17_PIT_CLE,2015,17,0.16324626865671643,-12.243658450515097,0.5223391738221569
2015_17_SD_DEN,2015,17,0.8019661928000565,9.201213183150221,0.47640859354687054
2015_17_SEA_ARI,2015,17,0.6840292887820937,5.571868605079624,0.48735028968568184
2015_17_STL_SF,2015,17,0.3966571791921516,-3.1076366453067275,0.49681923305338443
2015_17_TB_CAR,2015,17,0.7816384942625731,9.239854842157216,0.4775486018358344
2015_17_TEN_IND,2015,17,0.6332518337408314,3.104254644302727,0.4883068929195639
2015_17_WAS_DAL,2015,17,0.6108836002739845,2.6783792105561366,0.49049659297365467
2015_18_GB_WAS,2015,18,0.5440238883060285,1.8652942510600512,0.49601933874702603
2015_18_KC_HOU,2015,18,0.4259645555419216,-3.0979719064729374,0.4971048301699362
2015_18_PIT_CIN,2015,18,0.46943325045014145,-2.0432744774072464,0.49872118599003945
2015_18_SEA_MIN,2015,18,0.33444103612815274,-4.017362367497345,0.4994869199575507
2015_19_GB_ARI,2015,19,0.7161241483724451,6.549251000012383,0.48668226458819924
2015_19_KC_NE,2015,19,0.7050630837293135,5.523551944097205,0.485923272368639
2015_19_PIT_DEN,2015,19,0.7258155230596175,6.404308702981908,0.48240227043762984
2015_19_SEA_CAR,2015,19,0.5775497887748944,2.223513472996253,0.49183004036859407
2015_20_ARI_CAR,2015,20,0.6172970557014359,3.2588797073874636,0.49287496553661686
2015_20_NE_DEN,2015,20,0.4519505233111322,-2.5271316449933083,0.49919822570087663
2015_21_CAR_DEN,2015,21,0.3399975793052606,-4.42390110756925,0.5022488077707583
2016_01_BUF_BAL,2016,1,0.6009430921414721,2.556545094835916,0.4868976962442117
2016_01_CAR_DEN,2016,1,0.41608173652039493,-3.0533377274766607,0.49842380597990654
2016_01_CHI_HOU,2016,1,0.6767225719252958,4.908370840095747,0.4825221957775108
2016_01_CIN_NYJ,2016,1,0.5263363804038363,0.7629009553197967,0.49299377992187265
2016_01_CLE_PHI,2016,1,0.6192056960691231,3.031778786128946,0.48616623732011577
2016_01_DET_IND,2016,1,0.5711627590220835,2.2457438354507877,0.49248684905176665
2016_01_GB_JAX,2016,1,0.3734479026360867,-3.483390868486308,0.5004908209725897
2016_01_LA_SF,2016,1,0.4477624576453373,-2.5630337151028684,0.4981372798019058
2016_01_MIA_SEA,2016,1,0.8141095077605947,9.646056713182656,0.4747817011750166
2016_01_MIN_TEN,2016,1,0.4581476742905341,-2.559063374568488,0.49825460724677684
2016_01_NE_ARI,2016,1,0.7875726853975586,8.363472271093286,0.4811967581391279
2016_01_NYG_DAL,2016,1,0.5144704011915782,0.7921163137155146,0.4938570137476178
2016_01_OAK_NO,2016,1,0.5826644729752714,2.293572864188775,0.49390005161127176
2016_01_PIT_WAS,2016,1,0.44055344332097013,-2.481532341292444,0.5005457427837475
2016_01_SD_KC,2016,1,0.7076655268657461,5.888765981641651,0.48194342181093575
2016_01_TB_ATL,2016,1,0.5476406920609961,2.140272789356143,0.48937085832053157
2016_02_ATL_OAK,2016,2,0.6495608297929112,3.660744027422033,0.4899756068653539
2016_02_BAL_CLE,2016,2,0.35402530734382415,-4.043926039850413,0.49870193158624454
2016_02_CIN_PIT,2016,2,0.5909931807045813,2.59851645902583,0.48813739610431467
2016_02_DAL_WAS,2016,2,0.6247044009373303,3.084104985632697,0.4877117137462043
2016_02_GB_MIN,2016,2,0.45597777942862644,-1.6919728454411977,0.4943271478756325
2016_02_IND_DEN,2016,2,0.6638872243338653,4.48902575730959,0.4849036617006083
2016_02_JAX_SD,2016,2,0.5801006368807916,2.672214926309221,0.49031448316833715
2016_02_KC_HOU,2016,2,0.49621588271531614,-1.1441227380589787,0.4957410695087949
2016_02_MIA_NE,2016,2,0.6656113470742773,4.87331349594194,0.4814872608089267
2016_02_NO_NYG,2016,2,0.6433722655823468,3.2998524419329036,0.49408560013194425
2016_02_NYJ_BUF,2016,2,0.5350857500947167,1.1533876411445483,0.4897582863656789
2016_02_PHI_CHI,2016,2,0.5893313442284976,2.5533106251646904,0.48680216545619603
2016_02_SEA_LA,2016,2,0.31072548545119427,-5.490724056691643,0.5002741159766761
2016_02_SF_CAR,2016,2,0.8230001118290576,11.046433036582904,0.47184429020500535
2016_02_TB_ARI,2016,2,0.7453909118132837,6.872974651823402,0.4814772583204668
2016_02_TEN_DET,2016,2,0.7060876013954076,5.505646445548139,0.4853944839266804
2016_03_ARI_BUF,2016,3,0.3365196571339169,-4.794754318577574,0.5060650389572801
2016_03_ATL_NO,2016,3,0.5891200711289835,2.257300823768137,0.4928283149950002
2016_03_BAL_JAX,2016,3,0.4715512584394462,-1.1768842036432245,0.49477299492462107
2016_03_CHI_DAL,2016,3,0.7023285153575937,5.874653816325768,0.48152682642958344
2016_03_CLE_MIA,2016,3,0.7864482657698424,9.11874564047809,0.473976289126944
2016_03_DEN_CIN,2016,3,0.6331106406671507,3.1124578550778814,0.4885492063055215
2016_03_DET_GB,2016,3,0.6936676889053566,5.422067420600578,0.4829265676921906
2016_03_HOU_NE,2016,3,0.5190881889079161,0.6738839823743401,0.490363791448746
2016_03_LA_TB,2016,3,0.619649722745543,3.086549831096415,0.48778392798383424
2016_03_MIN_CAR,2016,3,0.7005930395907862,5.403570017229856,0.4823804625951933
2016_03_NYJ_KC,2016,3,0.5994203260900891,2.5840547398472413,0.4877102296234511
2016_03_OAK_TEN,2016,3,0.4666058682384789,-1.5919017833928688,0.4972842056399007
2016_03_PIT_PHI,2016,3,0.360435359853629,-3.5032942379537735,0.49990265105270953
2016_03_SD_IND,2016,3,0.5505975995939804,1.3839394442521498,0.49657030426473503
2016_03_SF_SEA,2016,3,0.7901157395101224,9.53700827099218,0.4715664771113818
2016_03_WAS_NYG,2016,3,0.619689028689808,3.1505928255523035,0.48967572342500837
2016_04_BUF_NE,2016,4,0.6101464877942332,3.0795670852441326,0.48757767729825885
2016_04_CAR_ATL,2016,4,0.4374292774981937,-2.473223984629397,0.500791265009503
2016_04_CLE_WAS,2016,4,0.7450021710812158,6.802414066047863,0.479394612877183
2016_04_DAL_SF,2016,4,0.4671695406417016,-1.082884631884291,0.4975506684208456
2016_04_DEN_TB,2016,4,0.38300784389662057,-3.5062676113609035,0.4998147840682101
2016_04_DET_CHI,2016,4,0.3690439936894185,-3.0407871633982984,0.49879468894649465
2016_04_IND_JAX,2016,4,0.5010489495735719,0.7269313694509112,0.4919310226638774
2016_04_KC_PIT,2016,4,0.6162425722676197,2.6403568486603683,0.489373341499049
2016_04_LA_ARI,2016,4,0.7831392284118252,9.1425996078166,0.4746797442940283
2016_04_MIA_CIN,2016,4,0.7533136522556163,6.860920398853995,0.48112143116231065
2016_04_NO_SD,2016,4,0.6524603820270278,3.794125002352636,0.493916366098495
2016_04_NYG_MIN,2016,4,0.6374282715478582,3.023855415283533,0.4859322347508867
2016_04_OAK_BAL,2016,4,0.6342177952202132,3.147465237056733,0.4895833304107142
2016_04_SEA_NYJ,2016,4,0.4842070121745801,-1.1391882927339185,0.4958868806562268
2016_04_TEN_HOU,2016,4,0.6376391281958319,3.4837734152725823,0.4847485605571717
2016_05_ARI_SF,2016,5,0.3523676749443774,-3.6062077071052285,0.4968614586818969
2016_05_ATL_DEN,2016,5,0.6402903402936538,3.12394899985635,0.48888864855766095
2016_05_BUF_LA,2016,5,0.45037941111706636,-2.5692678409008765,0.4979530556180218
2016_05_CHI_IND,2016,5,0.657990539393607,3.719439350623329,0.4917096704586089
2016_05_CIN_DAL,2016,5,0.457772017923855,-2.48441547418468,0.500460542584208
2016_05_HOU_MIN,2016,5,0.6928202541455862,5.354928488976153,0.48094456271402314
2016_05_NE_CLE,2016,5,0.20216948713208052,-9.505941184280449,0.5145968120007799
2016_05_NYG_GB,2016,5,0.7390557025373126,6.478037820214867,0.4845791916361164
2016_05_NYJ_PIT,2016,5,0.7782288720559053,9.252917850942818,0.4779340294421841
2016_05_PHI_DET,2016,5,0.3675414354594533,-3.483378921408704,0.5004911740237581
2016_05_SD_OAK,2016,5,0.6257563564163945,3.1311761151139703,0.48910213780358885
2016_05_TB_CAR,2016,5,0.6812576737297523,5.407632412350122,0.48250039526341554
2016_05_TEN_MIA,2016,5,0.5427486489288099,2.077933512627232,0.48752942663226295
2016_05_WAS_BAL,2016,5,0.6388928882034602,3.5708743306273343,0.4873209224089227
2016_06_ATL_SEA,2016,6,0.7396693684077521,6.514802375794737,0.48566487537498604
2016_06_BAL_NYG,2016,6,0.6319366743319108,3.0400454122392064,0.4864103823950989
2016_06_CAR_NO,2016,6,0.4349339362318084,-2.354258755735818,0.5043067566650864
2016_06_CIN_NE,2016,6,0.7518645463867853,6.88965779667104,0.4819697491270595
2016_06_CLE_TEN,2016,6,0.7493926341506625,6.897070557986699,0.4821885846571279
2016_06_DAL_GB,2016,6,0.6812227185290416,4.519301437818076,0.4857977433683672
2016_06_DEN_SD,2016,6,0.40370264085015173,-3.1224635800426075,0.496381094086
2016_06_IND_HOU,2016,6,0.5904886894135121,2.6041584472007844,0.48830405139354155
2016_06_JAX_CHI,2016,6,0.5469424477213335,2.043350593517463,0.4865079984655312
2016_06_KC_OAK,2016,6,0.4609723687864381,-1.1550610823334537,0.49541784728710225
2016_06_LA_DET,2016,6,0.5752162603716463,2.1596449588293103,0.48994313826876995
2016_06_NYJ_ARI,2016,6,0.7646314289344882,6.944187321476166,0.4835796629790536
2016_06_PHI_WAS,2016,6,0.39232607314780854,-3.1573661865153193,0.49534973306830105
2016_06_PIT_MIA,2016,6,0.26202541506612825,-7.150466699768817,0.5103280025047184
2016_06_SF_BUF,2016,6,0.7435129538666062,6.953427030002431,0.483852480697343
2016_07_BAL_NYJ,2016,7,0.5258460103080523,1.6075495210244826,0.4884042192644736
2016_07_BUF_MIA,2016,7,0.43902241155325983,-2.5508647862380562,0.49849688401460734
2016_07_CHI_GB,2016,7,0.7498142999009882,6.854804174824732,0.4809408932640081
2016_07_CLE_CIN,2016,7,0.8283334041419885,10.558006880813728,0.472185470253075
2016_07_HOU_DEN,2016,7,0.7738973806426189,7.792603029963573,0.4791050764758203
2016_07_IND_TEN,2016,7,0.6349608169578034,3.5564024824503346,0.4868934841394966
2016_07_MIN_PHI,2016,7,0.45405304358688264,-2.5754151657149946,0.49777139691075123
2016_07_NE_PIT,2016,7,0.26786164881624713,-7.133695477471031,0.5108234394042401
2016_07_NO_KC,2016,7,0.6966825325915809,5.5927221305108485,0.487966243081821
2016_07_NYG_LA,2016,7,0.41651237057215,-3.0945932649733474,0.49720467081146863
2016_07_OAK_JAX,2016,7,0.5393486548031358,1.3079796831507158,0.4943257451766239
2016_07_SD_ATL,2016,7,0.6671407509468668,4.240833509579199,0.49234176887020986
2016_07_SEA_ARI,2016,7,0.5470214463729363,2.0805001116926443,0.48760523608592315
2016_07_TB_SF,2016,7,0.5220896486415973,0.7683376675684064,0.4931544175151452
2016_07_WAS_DET,2016,7,0.5015680983873684,-0.9999659426252747,0.5000010064390176
2016_08_ARI_CAR,2016,8,0.5524518064065204,2.1493154140113773,0.4896379869666698
2016_08_DET_HOU,2016,8,0.5103278477111878,0.8093433373637684,0.4943660388568158
2016_08_GB_ATL,2016,8,0.5927614904244871,2.7483442045980087,0.49256367979993926
2016_08_JAX_TEN,2016,8,0.5730836400627471,2.5975698546580177,0.48810943513037774
2016_08_KC_IND,2016,8,0.42507999221677106,-2.9921541421731908,0.5002318551286615
2016_08_MIN_CHI,2016,8,0.30441737625587395,-5.5014298735683695,0.499957745405853
2016_08_NE_BUF,2016,8,0.3076885533126169,-5.344342148165004,0.5045997868478088
2016_08_NYJ_CLE,2016,8,0.44393170115384073,-2.507003724564518,0.499793030983427
2016_08_OAK_TB,2016,8,0.5241492987926225,0.8095250520129611,0.4943714082223202
2016_08_PHI_DAL,2016,8,0.6660013892095314,4.456307557883405,0.4839375346121706
2016_08_SD_DEN,2016,8,0.6122423845680213,3.0488216329814843,0.4866695833201642
2016_08_SEA_NO,2016,8,0.4999486397564684,-1.0341818875121978,0.49898988254948967
2016_08_WAS_CIN,2016,8,0.5779571125294372,2.5685519823786893,0.4872523288963206
2016_09_ATL_TB,2016,9,0.3297572926165551,-4.472987483968007,0.5007982538929063
2016_09_BUF_SEA,2016,9,0.6832852870423481,5.102787363466652,0.4882635515882872
2016_09_CAR_LA,2016,9,0.43329393048334264,-2.923266933674103,0.502267548120891
2016_09_DAL_CLE,2016,9,0.27593534652116114,-6.650612231708961,0.510323703290259
2016_09_DEN_OAK,2016,9,0.49023195519559293,0.74839546381571,0.492565194312325
2016_09_DET_MIN,2016,9,0.6394358635093196,3.5465560038752857,0.48660266864827895
2016_09_IND_GB,2016,9,0.7574135078898792,6.977237597387795,0.48455556172309494
2016_09_JAX_KC,2016,9,0.7324277186827527,6.364053103170166,0.4812139034190982
2016_09_NO_SF,2016,9,0.3392696758904189,-4.694410279045867,0.5090297962654724
2016_09_NYJ_MIA,2016,9,0.6328503657463028,3.1004039814853064,0.48819315026382865
2016_09_PHI_NYG,2016,9,0.5783802654268406,2.5931183339135706,0.4879779460777387
2016_09_PIT_BAL,2016,9,0.399421401328638,-3.4676527291593064,0.5009559023441291
2016_09_TEN_SD,2016,9,0.627147418129939,3.156459117622958,0.48984902277963704
2016_10_ATL_PHI,2016,10,0.5350393760835375,1.6996736549799905,0.4911257040687059
2016_10_CHI_TB,2016,10,0.42635869847595875,-2.5158266786968606,0.4995323014930223
2016_10_CIN_NYG,2016,10,0.46934101431741254,-1.2028442108745088,0.49400591946571315
2016_10_CLE_BAL,2016,10,0.7513727841392834,6.785277032749574,0.478888883976942
2016_10_DAL_PIT,2016,10,0.61261929793001,2.71329425227829,0.49152811501319615
2016_10_DEN_NO,2016,10,0.5837247109538017,2.6718697048644677,0.49030428444262364
2016_10_GB_TEN,2016,10,0.42093322848224785,-3.0580604673714773,0.4982842441593443
2016_10_HOU_JAX,2016,10,0.5866940509146181,2.514511745804618,0.4856562924352722
2016_10_KC_CAR,2016,10,0.6093315456233835,2.6237767355032475,0.48888355990104737
2016_10_LA_NYJ,2016,10,0.47972116658518416,-1.133017246896421,0.4960692336908058
2016_10_MIA_SD,2016,10,0.6475061742041338,3.6339579301809146,0.4891843135567996
2016_10_MIN_WAS,2016,10,0.5721850718884711,2.126042654254313,0.4889504948594082
2016_10_SEA_NE,2016,10,0.7471214479740311,7.023338144508124,0.4859169582523981
2016_10_SF_ARI,2016,10,0.8714026759855793,12.908120402273463,0.46776870461706954
2016_11_ARI_MIN,2016,11,0.5426756553688831,1.657770373945228,0.48988775958573244
2016_11_BAL_DAL,2016,11,0.7331431386768158,6.371949322205616,0.4814469912358923
2016_11_BUF_CIN,2016,11,0.5499149440131272,2.113187322095136,0.4885707541259162
2016_11_CHI_NYG,2016,11,0.7228272547527156,6.368307913772792,0.4813395000178196
2016_11_GB_WAS,2016,11,0.5436741229928473,2.122601677882809,0.48884884896810527
2016_11_HOU_OAK,2016,11,0.6820020151668076,5.8158367197292655,0.4797907503821819
2016_11_JAX_DET,2016,11,0.676348442133011,4.981525719774807,0.48468218703398824
2016_11_MIA_LA,2016,11,0.502018006386682,0.7111682273546595,0.49146530252740045
2016_11_NE_SF,2016,11,0.19365845437020576,-9.869103029759764,0.5186370289635012
2016_11_NO_CAR,2016,11,0.6322669087684207,3.217894971884299,0.4916640419989639
2016_11_PHI_SEA,2016,11,0.7057525273932874,5.8904082777429085,0.48199190417727883
2016_11_PIT_CLE,2016,11,0.25663567833516976,-7.706592524066589,0.5086698839250201
2016_11_TB_KC,2016,11,0.7267326549584892,6.39746666498035,0.48220027846517594
2016_11_TEN_IND,2016,11,0.5683874180387833,2.7368130737174594,0.49222298207673976
2016_12_ARI_ATL,2016,12,0.634554791984064,3.178646234232244,0.49050448162793464
2016_12_CAR_OAK,2016,12,0.6122689004602636,3.18612698566421,0.4907254862322652
2016_12_CIN_BAL,2016,12,0.6303365496483447,3.0731165688552466,0.48738715012597866
2016_12_GB_PHI,2016,12,0.6456453442380574,3.6449406772702955,0.48950875205285166
2016_12_JAX_BUF,2016,12,0.7590538086713658,7.780445086225717,0.47874629509948063
2016_12_KC_DEN,2016,12,0.6165483235770274,3.036959709766948,0.4863192492027695
2016_12_LA_NO,2016,12,0.7565369170667166,6.944229223798832,0.4835809001973692
2016_12_MIN_DET,2016,12,0.5222539786621426,1.5971206734150223,0.4880961671526367
2016_12_NE_NYJ,2016,12,0.2062589000813768,-8.557381513699607,0.5130775998142665
2016_12_NYG_CLE,2016,12,0.2865932863933376,-6.2772370267343085,0.5065826322801429
2016_12_PIT_IND,2016,12,0.21616220092984761,-7.617043736239407,0.511315330205937
2016_12_SD_HOU,2016,12,0.45131367690467317,-2.541422993501614,0.4987758994401603
2016_12_SEA_TB,2016,12,0.3279541314349317,-4.892359297126116,0.5031808868491076
2016_12_SF_MIA,2016,12,0.7449006334189319,6.483045124074233,0.4847270543713892
2016_12_TEN_CHI,2016,12,0.2937079228819395,-6.362906520125717,0.5040512181832466
2016_12_WAS_DAL,2016,12,0.6804338378641865,5.082843351181456,0.48767444857485603
2016_13_BUF_OAK,2016,13,0.5872913053043756,2.7022774155671634,0.49120262965387
2016_13_CAR_SEA,2016,13,0.7877895118775505,7.968031147729865,0.48428370686160005
2016_13_DAL_MIN,2016,13,0.4009441729563258,-3.081089815556749,0.49760370656259495
2016_13_DEN_JAX,2016,13,0.374840227069184,-3.5779312460334896,0.497697044715977
2016_13_DET_NO,2016,13,0.7219074079109092,6.053979001905513,0.48682190605141745
2016_13_HOU_GB,2016,13,0.7442818810488465,6.488442022726827,0.48488642396258375
2016_13_IND_NYJ,2016,13,0.540722305059689,0.8827191217090307,0.4965342435182433
2016_13_KC_ATL,2016,13,0.6611661161633418,4.633626130572445,0.4891745120605248
2016_13_LA_NE,2016,13,0.8704209321526225,12.116662343488064,0.47391485637363184
2016_13_MIA_BAL,2016,13,0.6326510201163741,3.1194541300505527,0.48875587154298883
2016_13_NYG_PIT,2016,13,0.7342557422031942,6.472623510710853,0.48441931265037635
2016_13_PHI_CIN,2016,13,0.5261249435934502,0.7658097671499811,0.49307972594053034
2016_13_SF_CHI,2016,13,0.4731745225177289,-0.16752534803312819,0.4950495385824055
2016_13_TB_SD,2016,13,0.6398316421763096,3.273028192675413,0.49329300853943914
2016_13_WAS_ARI,2016,13,0.5529070080549726,2.2061926346498115,0.4913183016253266
2016_14_ARI_MIA,2016,14,0.4563558070484649,-2.0964330736703256,0.49715030347023687
2016_14_ATL_LA,2016,14,0.341749780657625,-4.409530952490274,0.5026734561466355
2016_14_BAL_NE,2016,14,0.6987369655647078,5.526550320678472,0.4860118234163072
2016_14_CHI_DET,2016,14,0.7433362249787696,6.854784930733721,0.4809403252256046
2016_14_CIN_CLE,2016,14,0.3601825105402282,-3.9793679949905747,0.5006097019202626
2016_14_DAL_NYG,2016,14,0.36558401513079725,-3.4302997516939944,0.5020597224050395
2016_14_DEN_TEN,2016,14,0.5475548963186174,1.727006418300149,0.4919332399999107
2016_14_HOU_IND,2016,14,0.7034384550786354,5.882843726124677,0.48176859261256194
2016_14_MIN_JAX,2016,14,0.3853940051233053,-3.1206985035231054,0.49643325224119744
2016_14_NO_TB,2016,14,0.5444567185034198,1.7734515857094106,0.4933055185806283
2016_14_NYJ_SF,2016,14,0.591936929106537,2.714781798234846,0.49157206403938275
2016_14_OAK_KC,2016,14,0.646401228050201,3.134911049157115,0.4892124691178787
2016_14_PIT_BUF,2016,14,0.48489937008832373,-1.0267997982347867,0.49920803217780124
2016_14_SD_CAR,2016,14,0.5171760773780375,0.8583956716122236,0.49581548757099264
2016_14_SEA_GB,2016,14,0.4262790609864169,-2.9659760648597455,0.5010054497706289
2016_14_WAS_PHI,2016,14,0.45820156012421587,-1.5995275049861515,0.49705886147250533
2016_15_CAR_WAS,2016,15,0.7364735743960438,6.603023014678786,0.4882705123713297
2016_15_CLE_BUF,2016,15,0.804397386937024,9.690966507343044,0.47610632757173743
2016_15_DET_NYG,2016,15,0.6377197553450549,3.521443340242032,0.48586099939198873
2016_15_GB_CHI,2016,15,0.3289616333408374,-4.460662635808179,0.5011624678198383
2016_15_IND_MIN,2016,15,0.6843200340560616,4.491421824841068,0.48497441809905417
2016_15_JAX_HOU,2016,15,0.6289848095047662,3.066366570568915,0.4871877803201801
2016_15_LA_SEA,2016,15,0.9029273664965809,13.939165164455014,0.4686832055575088
2016_15_MIA_NYJ,2016,15,0.4264566830765354,-2.5299418436641745,0.4991151809186989
2016_15_NE_DEN,2016,15,0.4180061265772436,-2.9654144279975454,0.5010220468052327
2016_15_NO_ARI,2016,15,0.5864239390347585,2.6638579128065376,0.49006759737867456
2016_15_OAK_SD,2016,15,0.44596407500957785,-2.52465016942381,0.4992715563453547
2016_15_PHI_BAL,2016,15,0.6688467780451429,4.466133250069919,0.48422766523846095
2016_15_PIT_CIN,2016,15,0.39923706138307535,-3.0335370668430577,0.499008937765716
2016_15_SF_ATL,2016,15,0.8843652158119558,12.633090070846007,0.4743992977976566
2016_15_TB_DAL,2016,15,0.7335114747726192,6.558620433835144,0.48695899224387
2016_15_TEN_KC,2016,15,0.692665607676747,5.485107120223578,0.48478794451547147
2016_16_ARI_SEA,2016,16,0.7750977569350731,8.297969150764692,0.4792634363050794
2016_16_ATL_CAR,2016,16,0.39810217583656593,-3.0889578286686414,0.4973712013184108
2016_16_BAL_PIT,2016,16,0.6927201196830224,5.003736260629934,0.4853380734977286
2016_16_CIN_HOU,2016,16,0.5789237719249639,2.529213827943136,0.4860904853479634
2016_16_DEN_KC,2016,16,0.6317941814146294,3.052473640257018,0.4867774450421316
2016_16_DET_DAL,2016,16,0.7108641214590793,5.920383374611466,0.48287684769191797
2016_16_IND_OAK,2016,16,0.6266304511595905,3.3266674176406803,0.494877941050651
2016_16_MIA_BUF,2016,16,0.6671733126936897,4.058404333291359,0.4869526096101236
2016_16_MIN_GB,2016,16,0.7117307357364057,5.5000541025228555,0.48522933505417376
2016_16_NYG_PHI,2016,16,0.5392737900745318,1.6506029764728094,0.4896760232972499
2016_16_NYJ_NE,2016,16,0.9212906461051281,15.80800588060917,0.46482076439719816
2016_16_SD_CLE,2016,16,0.35189093845179453,-4.359100398181014,0.5041636879967566
2016_16_SF_LA,2016,16,0.6842688294636378,5.330238841981834,0.48021581674704916
2016_16_TB_NO,2016,16,0.609058568311094,2.7254757838785526,0.4918880170926441
2016_16_TEN_JAX,2016,16,0.35134059219856334,-3.979812341919049,0.500596570914756
2016_16_WAS_CHI,2016,16,0.4005106078020928,-3.0025634993051087,0.499924245314634
2016_17_ARI_LA,2016,17,0.27459535204236535,-6.801504423506805,0.5058655870186932
2016_17_BAL_CIN,2016,17,0.42891773775063197,-2.5738721708472205,0.49781699368715954
2016_17_BUF_NYJ,2016,17,0.34597160306296154,-3.58882030267016,0.49737526529960735
2016_17_CAR_TB,2016,17,0.6321344926890232,3.1020760526092594,0.4882425405550837
2016_17_CHI_MIN,2016,17,0.7035225584328058,5.5131051725986895,0.48561475334388965
2016_17_CLE_PIT,2016,17,0.6353159655294429,3.1117396524462393,0.4885279912579212
2016_17_DAL_PHI,2016,17,0.6929410335170667,5.897427369602187,0.48219911839254936
2016_17_GB_DET,2016,17,0.3540389388467567,-3.4316276721208085,0.5020204811697663
2016_17_HOU_TEN,2016,17,0.6031097769286792,2.601201212090747,0.48821669915092436
2016_17_JAX_IND,2016,17,0.7018916166110757,5.135966661063902,0.4892436524287273
2016_17_KC_SD,2016,17,0.32007500635146696,-5.289058015283437,0.5062333520128275
2016_17_NE_MIA,2016,17,0.2322582805470691,-7.168909207972281,0.5097831759574994
2016_17_NO_ATL,2016,17,0.7596115231546536,7.061444423642273,0.48704240045076214
2016_17_NYG_WAS,2016,17,0.7816995454148808,9.145034219652443,0.47475154564436556
2016_17_OAK_DEN,2016,17,0.5272846530791596,0.7603373281574943,0.4929180332676212
2016_17_SEA_SF,2016,17,0.18036397917551938,-11.003787456974024,0.5146604146065363
2016_18_DET_SEA,2016,18,0.7924381369414788,7.523101458347224,0.48590996823404237
2016_18_MIA_PIT,2016,18,0.8326530372367854,10.145670438623007,0.47477030909149665
2016_18_NYG_GB,2016,18,0.6580962067779512,4.5691748492176325,0.48727072602458976
2016_18_OAK_HOU,2016,18,0.6600827133698559,3.535239113098204,0.48626843337976006
2016_19_GB_DAL,2016,19,0.6797922136487551,5.109754437859976,0.48846935000728114
2016_19_HOU_NE,2016,19,0.9054014285148975,14.83222305519309,0.4655336847563572
2016_19_PIT_KC,2016,19,0.561769856089593,2.203282862862526,0.4912323347083009
2016_19_SEA_ATL,2016,19,0.7172447975904873,6.067097739418907,0.4872093761706763
2016_20_GB_ATL,2016,20,0.6940593529165223,6.103780667083514,0.4882928923101638
2016_20_PIT_NE,2016,20,0.6637152380702189,5.002662649751414,0.48530636839749736
2016_21_NE_ATL,2016,21,0.41756365060554307,-2.9454661838747196,0.5016115396885834
2017_01_ARI_DET,2017,1,0.47472805077904273,-2.6240909052397456,0.4963330065484083
2017_01_ATL_CHI,2017,1,0.2840984170445865,-6.401836485580765,0.5029008319407449
2017_01_BAL_CIN,2017,1,0.5667763159790417,2.1766839382747296,0.49044650979772186
2017_01_CAR_SF,2017,1,0.32465379967404895,-4.506141638115059,0.4998185067384811
2017_01_IND_LA,2017,1,0.6346710440932415,3.1214353651681055,0.4888143964411955
2017_01_JAX_HOU,2017,1,0.673357943175343,5.019624910833123,0.48580729635615333
2017_01_KC_NE,2017,1,0.7950535544871538,7.35796160875572,0.48103409349867066
2017_01_LAC_DEN,2017,1,0.5747954982454616,2.649059450987682,0.48963042548516245
2017_01_NO_MIN,2017,1,0.6145202513273237,2.6341761326226836,0.48919075934982326
2017_01_NYG_DAL,2017,1,0.6944321916736201,5.470920645414831,0.48436902930782755
2017_01_NYJ_BUF,2017,1,0.7519670301994745,6.42684056645545,0.4830674921325928
2017_01_OAK_TEN,2017,1,0.5576111627728949,2.1568392553314792,0.48986025270284356
2017_01_PHI_WAS,2017,1,0.4562866497299179,-2.154198100683037,0.49544334782668187
2017_01_PIT_CLE,2017,1,0.20139536279312514,-9.705973913546444,0.5086881603315725
2017_01_SEA_GB,2017,1,0.557319351124437,2.1568392553314792,0.48986025270284356
2017_02_ARI_IND,2017,2,0.2768874820757775,-6.864286863916487,0.5040104293394813
2017_02_BUF_CAR,2017,2,0.7184935243322642,5.9519806932724,0.48380977470431813
2017_02_CHI_TB,2017,2,0.7353155614439546,6.421880214750476,0.4829210405883629
2017_02_CLE_BAL,2017,2,0.7451897534070993,6.905421178410567,0.4824351135812479
2017_02_DAL_DEN,2017,2,0.4526096009556968,-2.6129274591981977,0.49666288794828684
2017_02_DET_NYG,2017,2,0.6068490710699551,2.647819169937989,0.4895937860184032
2017_02_GB_ATL,2017,2,0.6240331523826992,3.087948599281726,0.4878252440589731
2017_02_HOU_CIN,2017,2,0.6876120462342707,5.019624910833123,0.48580729635615333
2017_02_MIA_LAC,2017,2,0.6339657189655505,3.109032782086299,0.4884480330801928
2017_02_MIN_PIT,2017,2,0.7737312768034595,7.841503547335281,0.4805483006306193
2017_02_NE_NO,2017,2,0.3299819355759127,-5.474455481235193,0.5007548727767897
2017_02_NYJ_OAK,2017,2,0.873366660875011,13.035280492740473,0.471515549020759
2017_02_PHI_KC,2017,2,0.6483491258651007,3.581409334018592,0.4876320918285318
2017_02_SF_SEA,2017,2,0.8671771367009253,12.567846956776936,0.47247555740430847
2017_02_TEN_JAX,2017,2,0.4816692410873667,-1.1908450249042568,0.49436047306631414
2017_02_WAS_LA,2017,2,0.5856242649626067,2.639137225490655,0.48933731290370264
2017_03_ATL_DET,2017,3,0.38966224523400594,-3.102666249926828,0.4969661101428138
2017_03_BAL_JAX,2017,3,0.39562962745710367,-3.0704161380694375,0.49791912242095887
2017_03_CIN_GB,2017,3,0.7511219167789337,6.413199650680046,0.48266475746063014
2017_03_CLE_IND,2017,3,0.5216293441061972,0.7583191511272418,0.4928584030297331
2017_03_DAL_ARI,2017,3,0.4106405644573679,-3.0915027652315477,0.4972959968652863
2017_03_DEN_BUF,2017,3,0.3729014286112863,-3.547750939765649,0.49858890154970736
2017_03_HOU_NE,2017,3,0.8874391430458808,12.561649040904163,0.47229284005453387
2017_03_KC_LAC,2017,3,0.42000677790235774,-3.0939835411591843,0.49722268849117635
2017_03_LA_SF,2017,3,0.4258678038517529,-3.076618092737089,0.49773584944102695
2017_03_MIA_NYJ,2017,3,0.3246310034566184,-5.444686016270507,0.5016345944491184
2017_03_NO_CAR,2017,3,0.6901390268729592,4.998541988890421,0.4851846808844308
2017_03_NYG_PHI,2017,3,0.6780910138532206,4.537325634824356,0.48633005640275145
2017_03_OAK_WAS,2017,3,0.3671342124396337,-3.5800011340429383,0.4976358779222552
2017_03_PIT_CHI,2017,3,0.267947639398598,-6.863046485236976,0.5040470822480975
2017_03_SEA_TEN,2017,3,0.5515083062591483,1.7030684811157641,0.49122600098440267
2017_03_TB_MIN,2017,3,0.5024065557955452,-0.20353675546229183,0.4939854562046431
2017_04_BUF_ATL,2017,4,0.7736834821424928,7.356721596704865,0.4809974910525501
2017_04_CAR_NE,2017,4,0.7969592450123538,8.301486559555899,0.47936724048972545
2017_04_CHI_GB,2017,4,0.7117940376953741,6.894260628281848,0.4821056307970971
2017_04_CIN_CLE,2017,4,0.3921068035716044,-3.0790988733870313,0.49766254041665253
2017_04_DET_MIN,2017,4,0.5894628524565364,2.1729630453300874,0.4903365845421352
2017_04_IND_SEA,2017,4,0.8653695255982188,11.624306444461277,0.4741402704537442
2017_04_JAX_NYJ,2017,4,0.3535745564074526,-4.016402935792389,0.49951527237035687
2017_04_LA_DAL,2017,4,0.6865137737665387,4.515002265374445,0.4856707785556304
2017_04_NO_MIA,2017,4,0.3562035305665242,-4.04865320313021,0.4985622386823238
2017_04_NYG_TB,2017,4,0.5660836600576259,2.1655212798814674,0.4901167368450505
2017_04_OAK_DEN,2017,4,0.6308624199002674,3.1152340625365382,0.48863121323396225
2017_04_PHI_LAC,2017,4,0.5264342728987497,1.2158097652650957,0.4916024350263814
2017_04_PIT_BAL,2017,4,0.36473707351840323,-3.5527125142214335,0.49844228168937077
2017_04_SF_ARI,2017,4,0.7059251983343489,5.9519806932724,0.48380977470431813
2017_04_TEN_HOU,2017,4,0.4323174732504431,-2.6104466904724104,0.49673619533070346
2017_04_WAS_KC,2017,4,0.7121044525773997,5.939579589186551,0.4834436149060515
2017_05_ARI_PHI,2017,5,0.6999753001256558,5.474641058089521,0.48447888845603015
2017_05_BAL_OAK,2017,5,0.5915615185034285,2.651540015512096,0.48970370475252745
2017_05_BUF_CIN,2017,5,0.5845046682317099,2.655260868318439,0.4898136244822922
2017_05_CAR_DET,2017,5,0.5523540123581852,1.7030684811157641,0.49122600098440267
2017_05_GB_DAL,2017,5,0.5671249923110948,2.1506378329082017,0.48967705300464026
2017_05_JAX_PIT,2017,5,0.7484460419633969,6.9017009825976965,0.48232528427528865
2017_05_KC_HOU,2017,5,0.4508473390769841,-2.143034721942753,0.4957732199593446
2017_05_LAC_NYG,2017,5,0.6004508712392614,2.639137225490655,0.48933731290370264
2017_05_MIN_CHI,2017,5,0.3734170855787727,-3.5502317272252806,0.4985155915876279
2017_05_NE_TB,2017,5,0.37095697991001647,-3.5837223032324825,0.49752591463154133
2017_05_NYJ_CLE,2017,5,0.4626879430697158,-1.6619784616895328,0.4952134439669027
2017_05_SEA_LA,2017,5,0.5563757738348867,1.6919056833288084,0.4908962088409273
2017_05_SF_IND,2017,5,0.5010994455160539,-1.1945661092004694,0.4942505214651033
2017_05_TEN_MIA,2017,5,0.5179292232853607,-0.20477711266981938,0.4939488062525887
2017_06_CHI_BAL,2017,6,0.6759453818455374,5.015904371538481,0.4856974197815472
2017_06_CLE_HOU,2017,6,0.7428532101848442,6.889300419955536,0.4819591989817043
2017_06_DET_NO,2017,6,0.6817921942711425,5.4609995988237925,0.48407607899352145
2017_06_GB_MIN,2017,6,0.4095643581522596,-3.090262376949693,0.4973326510961346
2017_06_IND_TEN,2017,6,0.7219631737914708,6.416919884366392,0.4827745919779809
2017_06_LAC_OAK,2017,6,0.5887530427681997,2.6316955912388647,0.489117483268108
2017_06_LA_JAX,2017,6,0.521012316487544,0.7583191511272418,0.4928584030297331
2017_06_MIA_ATL,2017,6,0.8677508765100608,13.030322385777328,0.47136940616515016
2017_06_NE_NYJ,2017,6,0.21756272641558885,-8.764945679337993,0.5069458051043204
2017_06_NYG_DEN,2017,6,0.8581480881652584,13.051394584811353,0.47199054689519526
2017_06_PHI_CAR,2017,6,0.5818245611881869,2.642858053889395,0.489447229273367
2017_06_PIT_KC,2017,6,0.6146188255234645,3.109032782086299,0.4884480330801928
2017_06_SF_WAS,2017,6,0.80811627283322,11.140760441179667,0.47462550430437433
2017_06_TB_ARI,2017,6,0.44205181338476435,-2.6191293764040924,0.49647962012684027
2017_07_ARI_LA,2017,7,0.605744410468469,2.639137225490655,0.48933731290370264
2017_07_ATL_NE,2017,7,0.5860780359744601,2.611851384390792,0.488531291715045
2017_07_BAL_MIN,2017,7,0.6700717839982948,4.548487450200229,0.4866597133089341
2017_07_CAR_CHI,2017,7,0.43148986838670944,-2.6017639920573146,0.49699277225352323
2017_07_CIN_PIT,2017,7,0.6467871083060446,3.597532444305215,0.48810833009769494
2017_07_DAL_SF,2017,7,0.2909327565634974,-6.401836485580765,0.5029008319407449
2017_07_DEN_LAC,2017,7,0.4971877049097141,-1.1883642998343935,0.49443377443749875
2017_07_JAX_IND,2017,7,0.40174340988034596,-3.07785848315186,0.4976991949164744
2017_07_KC_OAK,2017,7,0.40489282955998784,-3.0915027652315477,0.4972959968652863
2017_07_NO_GB,2017,7,0.3599210110139355,-3.56139526472758,0.4981856975935775
2017_07_NYJ_MIA,2017,7,0.5969222789649542,2.6527802989811056,0.4897403445523467
2017_07_SEA_NYG,2017,7,0.3396420337798604,-4.017643331484853,0.49947861711905595
2017_07_TB_BUF,2017,7,0.606582169818276,2.6366566773808997,0.4892640358960701
2017_07_TEN_CLE,2017,7,0.31893648114047335,-5.443445623217695,0.5016712493369329
2017_07_WAS_PHI,2017,7,0.6718035907744875,4.521203165704177,0.4858539063871602
2017_08_ATL_NYJ,2017,8,0.2816255869490552,-6.3906730120796835,0.503230717121778
2017_08_CAR_TB,2017,8,0.5356357736663155,1.2207710539551533,0.49174901553941697
2017_08_CHI_NO,2017,8,0.7605692072899973,6.889300419955536,0.4819591989817043
2017_08_DAL_WAS,2017,8,0.3874504100343413,-3.0915027652315477,0.4972959968652863
2017_08_DEN_KC,2017,8,0.7388847042009031,6.42684056645545,0.4830674921325928
2017_08_HOU_SEA,2017,8,0.6989540243418336,5.474641058089521,0.48447888845603015
2017_08_IND_CIN,2017,8,0.8157496066801863,10.200944679525467,0.4764006728032083
2017_08_LAC_NE,2017,8,0.7142348214776043,5.935859283021369,0.483333770415188
2017_08_MIA_BAL,2017,8,0.5938131180414304,2.6577414408357947,0.48988690485002445
2017_08_MIN_CLE,2017,8,0.19189282243864686,-10.629639840187693,0.5109432440766539
2017_08_OAK_BUF,2017,8,0.5497287545099674,2.163040697538948,0.4900434551246995
2017_08_PIT_DET,2017,8,0.38511369415032415,-3.086541210866337,0.4974426139591247
2017_08_SF_PHI,2017,8,0.8639372296539654,12.088018566610799,0.47307026544522807
2017_09_ARI_SF,2017,9,0.44544114144772345,-2.600523605607611,0.4970294262320845
2017_09_ATL_CAR,2017,9,0.4133601375693877,-3.0803392634397477,0.4976258859419551
2017_09_BAL_TEN,2017,9,0.6146608434391033,2.6502997328466704,0.48966706506333496
2017_09_BUF_NYJ,2017,9,0.3755081028854798,-3.0803392634397477,0.4976258859419551
2017_09_CIN_JAX,2017,9,0.6803926885945699,5.49200312678008,0.48499158414389437
2017_09_DEN_PHI,2017,9,0.7337883034211877,6.42932075024619,0.48314071899705724
2017_09_DET_GB,2017,9,0.4498175222879495,-2.609206305725941,0.49677284907472985
2017_09_IND_HOU,2017,9,0.6971145213963162,5.474641058089521,0.48447888845603015
2017_09_KC_DAL,2017,9,0.5486490788568176,1.6757817442329448,0.49041985647518715
2017_09_LA_NYG,2017,9,0.3038196442626155,-5.443445623217695,0.5016712493369329
2017_09_OAK_MIA,2017,9,0.40349189486906206,-3.086541210866337,0.4974426139591247
2017_09_TB_NO,2017,9,0.732781172622333,6.397078779691975,0.48218882737685564
2017_09_WAS_SEA,2017,9,0.7776803708120039,7.365401712033169,0.48125371243663145
2017_10_CIN_TEN,2017,10,0.6690349331539361,4.068668968247005,0.48725578421389815
2017_10_CLE_DET,2017,10,0.7975541983191151,9.732278292887884,0.4773250632997808
2017_10_DAL_ATL,2017,10,0.6338751660930703,3.102831524174632,0.4882648560290339
2017_10_GB_CHI,2017,10,0.6740108352718845,4.076110324008509,0.4874755755135493
2017_10_HOU_LA,2017,10,0.8461233447156885,11.143239864844196,0.47469862661632056
2017_10_LAC_JAX,2017,10,0.6702163540983034,4.541046230451765,0.48643994073084695
2017_10_MIA_CAR,2017,10,0.7666012657419693,7.380282075923044,0.4816929719595023
2017_10_MIN_WAS,2017,10,0.49915141081593906,-1.1933257482133564,0.49428717193757304
2017_10_NE_DEN,2017,10,0.2857164806006321,-6.866767622211761,0.5039371233933284
2017_10_NO_BUF,2017,10,0.4530111586005977,-2.151717352268156,0.49551665241233694
2017_10_NYG_SF,2017,10,0.39669296362468454,-3.0790988733870313,0.49766254041665253
2017_10_NYJ_TB,2017,10,0.5396075174734862,0.752117449889237,0.4926751649453407
2017_10_PIT_IND,2017,10,0.19521939522481813,-10.178349035092609,0.5095042984968717
2017_10_SEA_ARI,2017,10,0.3046292006805352,-5.909616940513882,0.5026709151474739
2017_11_ARI_HOU,2017,11,0.5515770399402349,2.1853660477757213,0.49070300563521163
2017_11_ATL_SEA,2017,11,0.5241558830284418,0.7483964359841777,0.4925652230361586
2017_11_BAL_GB,2017,11,0.44078503441978206,-2.599283218926031,0.49706608024257504
2017_11_BUF_LAC,2017,11,0.7347471407985777,6.428080657691678,0.48310410547412275
2017_11_CIN_DEN,2017,11,0.589082527649933,2.186606352058327,0.4907396483004487
2017_11_DET_CHI,2017,11,0.40732426411196726,-3.07785848315186,0.4976991949164744
2017_11_JAX_CLE,2017,11,0.2613434437637401,-7.3192953281333635,0.5053398949001972
2017_11_KC_NYG,2017,11,0.2228668108960247,-9.699772344173631,0.5088713802606348
2017_11_LA_MIN,2017,11,0.527360655068221,0.7483964359841777,0.4925652230361586
2017_11_NE_OAK,2017,11,0.27556932150264396,-6.891575268998229,0.5032040551420162
2017_11_PHI_DAL,2017,11,0.3148639288867788,-5.92946317910543,0.5020844438624044
2017_11_TB_MIA,2017,11,0.46777107272956514,-1.195806469738811,0.49421387105442577
2017_11_TEN_PIT,2017,11,0.7422151867856188,6.4206401301484854,0.4828844281597387
2017_11_WAS_NO,2017,11,0.7660102862930368,8.762711137967504,0.47822299658037126
2017_12_BUF_KC,2017,12,0.7608611109354193,7.8303436730267455,0.48021891082906515
2017_12_CAR_NYJ,2017,12,0.31006373867992115,-5.436003267740534,0.5018911782727885
2017_12_CHI_PHI,2017,12,0.8616748608683352,13.03652002504,0.471552085498589
2017_12_CLE_CIN,2017,12,0.74227696585428,6.9066612464261965,0.48247172372756353
2017_12_DEN_OAK,2017,12,0.6593384742709709,3.1226756283247408,0.4888510334447327
2017_12_GB_PIT,2017,12,0.8781679709778376,13.03775955955735,0.4715886222812127
2017_12_HOU_BAL,2017,12,0.7646619280348013,6.905421178410567,0.4824351135812479
2017_12_JAX_ARI,2017,12,0.29357639743686387,-6.375788412880187,0.5036705596048198
2017_12_LAC_DAL,2017,12,0.47321648345743766,-1.2020082655987956,0.4940306199417057
2017_12_MIA_NE,2017,12,0.9039842644065585,15.857264001770883,0.4662709721479532
2017_12_MIN_DET,2017,12,0.43949551047246027,-2.617888993501052,0.4965162736170287
2017_12_NO_LA,2017,12,0.5769085297140834,2.1456767094543268,0.4895304952401485
2017_12_NYG_WAS,2017,12,0.7403078453550624,6.421880214750476,0.4829210405883629
2017_12_SEA_SF,2017,12,0.2764723438679046,-6.866767622211761,0.5039371233933284
2017_12_TB_ATL,2017,12,0.8031050685963221,9.72111973137672,0.47699585407326156
2017_12_TEN_IND,2017,12,0.3788790392585735,-3.0915027652315477,0.4972959968652863
2017_13_CAR_NO,2017,13,0.6938975645964366,4.994821507535701,0.48507481228416915
2017_13_CLE_LAC,2017,13,0.86257502058877,12.560409464198852,0.47225629747374137
2017_13_DEN_MIA,2017,13,0.47299807390205173,-1.1883642998343935,0.49443377443749875
2017_13_DET_BAL,2017,13,0.547932350191256,2.1729630453300874,0.4903365845421352
2017_13_HOU_TEN,2017,13,0.7242215260667579,6.42560047654036,0.4830308789728596
2017_13_IND_JAX,2017,13,0.7971570257830711,9.263613035836759,0.4782496091473661
2017_13_KC_NYJ,2017,13,0.35923401646646136,-3.5576740867317347,0.4982956620969312
2017_13_LA_ARI,2017,13,0.2601009699370931,-7.334179744516635,0.5049000775902878
2017_13_MIN_ATL,2017,13,0.5345112812666599,1.6869444582180024,0.490749637081288
2017_13_NE_BUF,2017,13,0.2533377771633801,-7.3478238413721275,0.5044969050441069
2017_13_NYG_OAK,2017,13,0.800226229285787,9.258653481634667,0.4781032673184987
2017_13_PHI_SEA,2017,13,0.36511085499438584,-3.5638760493548056,0.49811238802152574
2017_13_PIT_CIN,2017,13,0.3339659638575092,-4.498699262401276,0.5000384384609656
2017_13_SF_CHI,2017,13,0.5657802968080149,2.175443639877073,0.4904098679426831
2017_13_TB_GB,2017,13,0.6013786566173179,2.6403775007952115,0.48937395157955527
2017_13_WAS_DAL,2017,13,0.46733034940327217,-1.6756225256813673,0.49481027594587995
2017_14_BAL_PIT,2017,14,0.6909234899865339,5.479601625264558,0.48462536965190217
2017_14_CHI_CIN,2017,14,0.706170737959933,5.485802361204766,0.4848084748586339
2017_14_DAL_NYG,2017,14,0.3565885046134677,-4.025085704684819,0.49925868574273075
2017_14_DET_TB,2017,14,0.462167650800634,-0.21966136150109714,0.49350901201320685
2017_14_GB_CLE,2017,14,0.4443574361339224,-2.599283218926031,0.49706608024257504
2017_14_IND_BUF,2017,14,0.6285745050945867,3.1338380355461566,0.4891807718194493
2017_14_MIN_CAR,2017,14,0.4536160266842555,-2.6042447642496533,0.49691946439376405
2017_14_NE_MIA,2017,14,0.18879897331213785,-9.708454546062324,0.5086148717036743
2017_14_NO_ATL,2017,14,0.5561867650072618,2.1518781157929694,0.4897136927240286
2017_14_NYJ_DEN,2017,14,0.5023867297907237,-1.1871239366463187,0.4944704252130231
2017_14_OAK_KC,2017,14,0.662068488303506,4.048825529598993,0.4866696984059101
2017_14_PHI_LA,2017,14,0.47772916966355317,-1.204488980701265,0.4939573199429463
2017_14_SEA_JAX,2017,14,0.5767538486637188,2.6502997328466704,0.48966706506333496
2017_14_SF_HOU,2017,14,0.5388657396219411,0.7496367733760465,0.4926018702598463
2017_14_TEN_ARI,2017,14,0.42680834660346934,-2.607965920727575,0.4968095028534429
2017_14_WAS_LAC,2017,14,0.7078218291430174,5.470920645414831,0.48436902930782755
2017_15_ARI_WAS,2017,15,0.6536965197223569,3.597532444305215,0.48810833009769494
2017_15_ATL_TB,2017,15,0.2553368957335433,-6.87793104942234,0.5036072445864432
2017_15_BAL_CLE,2017,15,0.2923713832631604,-6.38695185868225,0.5033406782379184
2017_15_CHI_DET,2017,15,0.6858651977379795,4.533605048797667,0.4862201733960968
2017_15_CIN_MIN,2017,15,0.8459516604142856,11.621827081813823,0.4740671565305008
2017_15_DAL_OAK,2017,15,0.4240140353889792,-3.090262376949693,0.4973326510961346
2017_15_DEN_IND,2017,15,0.42268191616098755,-3.076618092737089,0.49773584944102695
2017_15_GB_CAR,2017,15,0.5860961681310263,2.6366566773808997,0.4892640358960701
2017_15_HOU_JAX,2017,15,0.8004644711426755,9.740957273209014,0.4775811285558132
2017_15_LAC_KC,2017,15,0.5164716919842028,0.7459157629441975,0.49249192882887044
2017_15_LA_SEA,2017,15,0.49850994242984065,-1.204488980701265,0.4939573199429463
2017_15_MIA_BUF,2017,15,0.6331771226337443,3.1263964230038384,0.4889609451724473
2017_15_NE_PIT,2017,15,0.43299083638522606,-2.6352543280963303,0.4960031283410593
2017_15_NYJ_NO,2017,15,0.8932953196351793,15.389821457114929,0.46722974288470415
2017_15_PHI_NYG,2017,15,0.2653705465948513,-7.327977897379882,0.5050833357634489
2017_15_TEN_SF,2017,15,0.5353297945852944,2.1692421591732693,0.4902266602210374
2017_16_ATL_NO,2017,16,0.6905860264979297,4.984900275376528,0.48478183643151707
2017_16_BUF_NE,2017,16,0.8159476341097899,10.192266106867299,0.4761446636097904
2017_16_CLE_CHI,2017,16,0.6816480492160922,5.0221052759052265,0.48588054816870924
2017_16_DEN_WAS,2017,16,0.6000814908811212,2.6540205832508414,0.4897769844623995
2017_16_DET_CIN,2017,16,0.4090859958914015,-3.0840604324745478,0.49751592267254957
2017_16_IND_BAL,2017,16,0.8698739037726312,12.570326138167902,0.4725486464116658
2017_16_JAX_SF,2017,16,0.3409087211915091,-4.027566495319067,0.49918537534349927
2017_16_LAC_NYJ,2017,16,0.26836778482361706,-7.332939374312884,0.504936729331826
2017_16_LA_TEN,2017,16,0.3210550671988653,-5.452128377166679,0.5014146647670544
2017_16_MIA_KC,2017,16,0.8148439912443123,10.202184483004421,0.476437246560654
2017_16_MIN_GB,2017,16,0.2197983174046264,-8.273966222645495,0.5066792753755684
2017_16_NYG_ARI,2017,16,0.6170319035213796,2.655260868318439,0.4898136244822922
2017_16_OAK_PHI,2017,16,0.7901336513899703,9.251214201627208,0.47788376163043605
2017_16_PIT_HOU,2017,16,0.21864960605777276,-7.812755383248918,0.5055331406957535
2017_16_SEA_DAL,2017,16,0.6650874599756238,4.052546154413314,0.4867795867513445
2017_16_TB_CAR,2017,16,0.796895808847594,9.24997432764703,0.47784717817722083
2017_17_ARI_SEA,2017,17,0.7728685351781168,7.381522115598995,0.4817295782064367
2017_17_BUF_MIA,2017,17,0.4451494470779444,-2.606725535480161,0.496846156666449
2017_17_CAR_ATL,2017,17,0.6844752655319356,4.531124663485029,0.48614691879769845
2017_17_CHI_MIN,2017,17,0.858544374592815,12.577763733617232,0.47276792048164623
2017_17_CIN_BAL,2017,17,0.7711982431280746,7.376561965476258,0.4815831543993639
2017_17_CLE_PIT,2017,17,0.6571223361665768,4.546007039422789,0.48658645520555005
2017_17_DAL_PHI,2017,17,0.3525365614510291,-3.5502317272252806,0.4985155915876279
2017_17_GB_DET,2017,17,0.7412008263794505,6.891780521315048,0.4820324145036366
2017_17_HOU_IND,2017,17,0.6771372012666486,5.0097034950738495,0.4855142952346584
2017_17_JAX_TEN,2017,17,0.5601771390109709,2.180404837930005,0.4905564359771751
2017_17_KC_DEN,2017,17,0.6161744483047787,2.658981728279835,0.48992354519707726
2017_17_NO_TB,2017,17,0.3009578625850649,-5.9319439620984475,0.502011134515386
2017_17_NYJ_NE,2017,17,0.9017341700898787,15.870895172511915,0.4666723672343993
2017_17_OAK_LAC,2017,17,0.7358775270109734,6.4243603879492674,0.48299426599531553
2017_17_SF_LA,2017,17,0.28686377246799555,-6.3931537822769755,0.5031574095367356
2017_17_WAS_NYG,2017,17,0.3229142922983363,-4.96735124101999,0.5009648116787452
2017_18_ATL_LA,2017,18,0.6987046079240815,5.939579589186551,0.4834436149060515
2017_18_BUF_JAX,2017,18,0.780156740626341,7.850183534660636,0.4808045044040962
2017_18_CAR_NO,2017,18,0.7059381420784238,5.940819693829057,0.4834802300923974
2017_18_TEN_KC,2017,18,0.7895599279279746,7.83902356457116,0.4804751014255167
2017_19_ATL_PHI,2017,19,0.44567904660770596,-2.6030043782722845,0.49695611830728503
2017_19_JAX_PIT,2017,19,0.7201836872200638,6.430560844116137,0.4831773327010042
2017_19_NO_MIN,2017,19,0.6782595422977336,4.9973018272789735,0.4851480578580452
2017_19_TEN_NE,2017,19,0.8638557913409957,12.552972049490489,0.47203704824581494
2017_20_JAX_NE,2017,20,0.7480671933358314,6.889300419955536,0.4819591989817043
2017_20_MIN_PHI,2017,20,0.4163967487065322,-3.0728969204438137,0.4978458131591281
2017_21_PHI_NE,2017,21,0.6512710978987748,4.048825529598993,0.4866696984059101
2018_01_ATL_PHI,2018,1,0.505941095523381,0.8627991258745286,0.4959456083429284
2018_01_BUF_BAL,2018,1,0.778292858381207,7.4203718666967085,0.49764690037892206
2018_01_CHI_GB,2018,1,0.6866823610147442,5.7908312230211,0.479052789325562
2018_01_CIN_IND,2018,1,0.4956980381801473,-1.1988143663473,0.4941249933529601
2018_01_DAL_CAR,2018,1,0.5664302760082818,2.1065071415925374,0.4883734286657243
2018_01_HOU_NE,2018,1,0.6976544760727561,5.756028498892719,0.4927907222736687
2018_01_JAX_NYG,2018,1,0.4494378539200746,-2.220689544072514,0.5082533926666144
2018_01_KC_LAC,2018,1,0.6373083189695145,3.35625316157462,0.49575217719278053
2018_01_LA_OAK,2018,1,0.3144868234711771,-5.837547600568455,0.5048005604889866
2018_01_NYJ_DET,2018,1,0.7596200308299907,6.587744075012706,0.48781920292107894
2018_01_PIT_CLE,2018,1,0.3692971084945776,-3.717387315504765,0.4935762041797908
2018_01_SEA_DEN,2018,1,0.6058050433126743,2.545951617757104,0.48658481835033607
2018_01_SF_MIN,2018,1,0.7070660760988355,5.648117540801329,0.48960260026207597
2018_01_TB_NO,2018,1,0.7978140780386564,9.299531264079771,0.4793095365167512
2018_01_TEN_MIA,2018,1,0.4632464207592386,-1.304070024627541,0.49101510125911657
2018_01_WAS_ARI,2018,1,0.5508809450551553,1.808787907129626,0.4943496268239835
2018_02_ARI_LA,2018,2,0.855893132603976,12.52158853753198,0.4711119807039674
2018_02_BAL_CIN,2018,2,0.523948752320572,0.8205708362295022,0.4946977946438958
2018_02_CAR_ATL,2018,2,0.6740877534511337,4.926855049339696,0.48306791973481317
2018_02_CLE_NO,2018,2,0.7772028062337203,9.21742763814317,0.4768869302922732
2018_02_DET_SF,2018,2,0.695688860131248,5.8149887620609135,0.4945328522343147
2018_02_HOU_TEN,2018,2,0.3490980817550931,-4.02333803251583,0.48453856388541927
2018_02_IND_WAS,2018,2,0.6965259823596387,5.806672074867605,0.494287107613425
2018_02_KC_PIT,2018,2,0.6508737567855546,4.173455897409707,0.49035114468546315
2018_02_LAC_BUF,2018,2,0.28068782982313467,-7.266096363200252,0.5069118060520217
2018_02_MIA_NYJ,2018,2,0.5962775103862151,2.5304939069752335,0.4861282903894816
2018_02_MIN_GB,2018,2,0.4582469564258266,-2.105434153540199,0.4968843174776395
2018_02_NE_JAX,2018,2,0.43630094003453307,-2.1584166805999936,0.4953186917465637
2018_02_NYG_DAL,2018,2,0.5713595568305444,2.5015156758638097,0.48527249689655483
2018_02_OAK_DEN,2018,2,0.6735915944032723,5.033355789241868,0.4862128118540036
2018_02_PHI_TB,2018,2,0.418541392959402,-3.1970684654781802,0.4941765814128142
2018_02_SEA_CHI,2018,2,0.6761040151734086,4.600109479244283,0.4881844511601075
2018_03_BUF_MIN,2018,3,0.9156316438285622,15.801221880028525,0.4793594293378993
2018_03_CHI_ARI,2018,3,0.29881229402203324,-5.904624490763694,0.5028184449356309
2018_03_CIN_CAR,2018,3,0.5544783676618219,2.029649633981942,0.48610335615283845
2018_03_DAL_SEA,2018,3,0.5302574685206501,1.0516400824250085,0.5015260268150059
2018_03_DEN_BAL,2018,3,0.6721527286441287,5.191355839115828,0.49087996447903676
2018_03_GB_WAS,2018,3,0.4520301148786871,-2.3298120359849395,0.5050291389732636
2018_03_IND_PHI,2018,3,0.7118872967668405,6.032745105705906,0.48619477616590084
2018_03_LAC_LA,2018,3,0.7215245976173192,6.945805730121955,0.48362744862672385
2018_03_NE_DET,2018,3,0.27543559446156124,-6.715832591078007,0.5083968905910602
2018_03_NO_ATL,2018,3,0.5428411667298974,1.3837537213980855,0.49656481611980885
2018_03_NYG_HOU,2018,3,0.6968678456156616,5.988241865039955,0.4848805132934596
2018_03_NYJ_CLE,2018,3,0.5987021403108466,2.4366020144892957,0.4833556999503752
2018_03_OAK_MIA,2018,3,0.5601353535721981,2.6768246629908825,0.49045066720128144
2018_03_PIT_TB,2018,3,0.5181567991610752,0.8664956435213258,0.49605483968042957
2018_03_SF_KC,2018,3,0.6884706351508003,5.552870148552893,0.48678915593902844
2018_03_TEN_JAX,2018,3,0.7820880717967446,9.317625603355106,0.47984354651781497
2018_04_BAL_PIT,2018,4,0.5968295397264924,2.5213074793560315,0.4858569870513758
2018_04_BUF_GB,2018,4,0.7794520508054327,8.129345353866647,0.489048056752453
2018_04_CIN_ATL,2018,4,0.6295410122796267,3.277881349405402,0.4934364056950079
2018_04_CLE_OAK,2018,4,0.5650550073498225,2.381306693179981,0.4964925060413431
2018_04_DET_DAL,2018,4,0.5697696556623562,2.3083364628397534,0.49433628740862734
2018_04_HOU_IND,2018,4,0.466722927681029,-1.3410361056062055,0.4899230183510423
2018_04_KC_DEN,2018,4,0.37285962580790016,-3.5578750234845953,0.49828972421305545
2018_04_MIA_NE,2018,4,0.713230787666965,6.047493011084359,0.48663034282777734
2018_04_MIN_LA,2018,4,0.7501809630858381,7.259367499021264,0.49288937810939376
2018_04_NO_NYG,2018,4,0.37799954747165193,-3.599368435457584,0.4970635620531466
2018_04_NYJ_JAX,2018,4,0.7678917496985711,7.350231272683322,0.4955742331841194
2018_04_PHI_TEN,2018,4,0.40728211214924553,-3.2747303128587477,0.49188192793031
2018_04_SEA_ARI,2018,4,0.3534922240753367,-3.828828536163333,0.49028365663360113
2018_04_SF_LAC,2018,4,0.7874718723895194,9.229330748258741,0.47723810085654367
2018_04_TB_CHI,2018,4,0.5778069673079224,2.8362340635359264,0.49516062564345154
2018_05_ARI_SF,2018,5,0.5873181770354772,2.6366653443539656,0.4892642919234729
2018_05_ATL_PIT,2018,5,0.6245733187359723,3.2704577335116287,0.4932170590379235
2018_05_BAL_CLE,2018,5,0.37369582915743976,-3.3828218507541044,0.4886886402731863
2018_05_DAL_HOU,2018,5,0.617740806127161,3.2790342666658026,0.49347047128847465
2018_05_DEN_NYJ,2018,5,0.49821428715566624,-1.0620856651461281,0.49816529559084066
2018_05_GB_DET,2018,5,0.5363371869679359,0.7897730216647597,0.4937877747704831
2018_05_IND_NE,2018,5,0.8183793245106091,9.771426512757836,0.47848016776704816
2018_05_JAX_KC,2018,5,0.5684802596681533,2.528632462760653,0.48607331571898377
2018_05_LA_SEA,2018,5,0.2579962315203362,-7.259494621081919,0.5071068658674031
2018_05_MIA_CIN,2018,5,0.6877025052051194,5.39811138631031,0.48221931185910133
2018_05_MIN_PHI,2018,5,0.6265753079023161,3.2669058960805932,0.4931121131027325
2018_05_NYG_CAR,2018,5,0.7144145845981578,6.667306055861247,0.4901694631602701
2018_05_OAK_LAC,2018,5,0.670378472497609,5.022719794615265,0.48589869662304747
2018_05_TEN_BUF,2018,5,0.29415857548776886,-5.77404420886873,0.5066769711057434
2018_05_WAS_NO,2018,5,0.689649065500596,5.012619096143645,0.48560039851103404
2018_06_ARI_MIN,2018,6,0.7824303918920285,9.313784517052595,0.47973018322843075
2018_06_BAL_TEN,2018,6,0.43746412464085105,-2.5450822204854404,0.49866776515419814
2018_06_BUF_HOU,2018,6,0.8117916880178233,10.085483840349767,0.48775244140074697
2018_06_CAR_WAS,2018,6,0.4693087874281719,-1.2345902456957227,0.49306790683046603
2018_06_CHI_MIA,2018,6,0.2584291636089298,-7.627494012525236,0.4962324447380128
2018_06_IND_NYJ,2018,6,0.5607207587082332,2.0418380005985703,0.4864633250581633
2018_06_JAX_DAL,2018,6,0.37513915165684575,-3.1675302441082795,0.49504939390825764
2018_06_KC_NE,2018,6,0.6422990997040627,3.877869145717075,0.49639092615464747
2018_06_LAC_CLE,2018,6,0.5056482211764467,0.9417211858273924,0.49827779179177917
2018_06_LA_DEN,2018,6,0.2797633134666349,-6.82784910663585,0.5050871413855911
2018_06_PHI_NYG,2018,6,0.4430054397760055,-1.9879031304936596,0.48558497611007984
2018_06_PIT_CIN,2018,6,0.523450548685316,0.9256749894948184,0.4978036118971957
2018_06_SEA_OAK,2018,6,0.4042997470360618,-3.342661744119162,0.48987499405146856
2018_06_SF_GB,2018,6,0.7923333519535434,8.459024555525017,0.4840177606072678
2018_06_TB_ATL,2018,6,0.5953750401245305,2.620456174788386,0.48878547151624047
2018_07_BUF_IND,2018,7,0.7364992977627469,6.63655108216213,0.4892609165525196
2018_07_CAR_PHI,2018,7,0.659874122639182,4.458291605641032,0.48399611840691537
2018_07_CIN_KC,2018,7,0.7006935837228948,5.976250714864696,0.48452641997954915
2018_07_CLE_TB,2018,7,0.6314576406199154,3.3728255218726813,0.4962418869684576
2018_07_DAL_WAS,2018,7,0.4600741498433132,-1.548405422922477,0.4985695608573183
2018_07_DEN_ARI,2018,7,0.47991697970606273,-1.3255810841847393,0.49037959481253257
2018_07_DET_MIA,2018,7,0.3570431518866526,-3.3586904957535366,0.48940148372941306
2018_07_HOU_JAX,2018,7,0.6449473442210297,3.5281642879487203,0.4860594889932846
2018_07_LA_SF,2018,7,0.21214112753584125,-8.03029653151982,0.4991046994646401
2018_07_MIN_NYJ,2018,7,0.38037914566147,-3.4880427218480587,0.5003533528288602
2018_07_NE_CHI,2018,7,0.4659961380236031,-0.8835619798913499,0.5034408498767425
2018_07_NO_BAL,2018,7,0.5564216276672436,2.080159269223876,0.4875951686203684
2018_07_NYG_ATL,2018,7,0.658045851481909,4.229527088520969,0.49200771394319776
2018_07_TEN_LAC,2018,7,0.7032884935408651,5.915258462540685,0.48272554074019175
2018_08_BAL_CAR,2018,8,0.4254361897016761,-2.5550647386896403,0.49837277099930216
2018_08_CLE_PIT,2018,8,0.7680518179489232,7.970237486980931,0.4843488566196342
2018_08_DEN_KC,2018,8,0.7671104745588049,7.781633176695921,0.4787813549393254
2018_08_GB_LA,2018,8,0.7599219929210511,7.151458943631102,0.48970130977281784
2018_08_IND_OAK,2018,8,0.37658565622316065,-3.4045407530359597,0.5028209194308635
2018_08_MIA_HOU,2018,8,0.7642403947578331,7.232736730492698,0.49210254416245497
2018_08_NE_BUF,2018,8,0.09918073520444647,-13.150216086498697,0.5103354059639468
2018_08_NO_MIN,2018,8,0.4556130189119644,-2.4432756137649907,0.5016762732896606
2018_08_NYJ_CHI,2018,8,0.7652482142033442,8.062624087876884,0.4870772426987258
2018_08_PHI_JAX,2018,8,0.3287214888811235,-4.317085258011925,0.49063058623616757
2018_08_SEA_DET,2018,8,0.5849233597908101,2.3200940534685017,0.4799163995885601
2018_08_SF_ARI,2018,8,0.41935675122682625,-2.7572062105364146,0.49239968705684395
2018_08_TB_CIN,2018,8,0.6427302647584443,3.354670668935089,0.4957054151899049
2018_08_WAS_NYG,2018,8,0.4788607541718223,-1.326119957486949,0.49036367505476786
2018_09_ATL_WAS,2018,9,0.5460229005312003,1.3162660350517392,0.49457059376618895
2018_09_CHI_BUF,2018,9,0.2150427382417554,-10.098765207496161,0.5118552563079336
2018_09_DET_MIN,2018,9,0.6569086638909934,4.020652644462223,0.48583764802020046
2018_09_GB_NE,2018,9,0.6667262656376078,4.618887081789021,0.488739121207146
2018_09_HOU_DEN,2018,9,0.5312387926999426,0.9142314238130818,0.49746544583794144
2018_09_KC_CLE,2018,9,0.23109690185606407,-7.333678245070888,0.5049148964195466
2018_09_LAC_SEA,2018,9,0.4872160112014212,0.6366193213740376,0.4892629323780476
2018_09_LA_NO,2018,9,0.4471742331545147,-2.440477968168335,0.5017589465317167
2018_09_NYJ_MIA,2018,9,0.5641640174257828,2.278213625789541,0.4786804464801217
2018_09_OAK_SF,2018,9,0.4604569183405305,-1.844410308633373,0.48982333845953596
2018_09_PIT_BAL,2018,9,0.5362700893004892,1.1849279293654407,0.49069006219606676
2018_09_TB_CAR,2018,9,0.7123863039009969,5.467430261697677,0.48426596370657154
2018_09_TEN_DAL,2018,9,0.6674160183761271,4.074622771534778,0.48743163817448776
2018_10_ARI_KC,2018,10,0.9041476112013918,15.57443137069714,0.4726696752350041
2018_10_ATL_CLE,2018,10,0.3319429239644573,-5.378663328164662,0.5035856056915929
2018_10_BUF_NYJ,2018,10,0.7164412360272844,6.2958522049582335,0.4939674012612375
2018_10_CAR_PIT,2018,10,0.6442097858732574,3.3714513302279148,0.49620127966772876
2018_10_DAL_PHI,2018,10,0.7780354513071658,7.36973520872827,0.4961505684106257
2018_10_DET_CHI,2018,10,0.7501159287604307,7.150916206846079,0.4896852765588827
2018_10_JAX_IND,2018,10,0.572308589275427,2.3603837041214195,0.48110558892210625
2018_10_LAC_OAK,2018,10,0.19585311077907386,-10.0676332308733,0.512774807495257
2018_10_MIA_GB,2018,10,0.8346431203790501,12.077131329024713,0.47274927570264086
2018_10_NE_TEN,2018,10,0.2983993866360616,-6.106273485900608,0.49685951489448665
2018_10_NO_CIN,2018,10,0.31850006967627276,-5.108479484145544,0.5115683107171746
2018_10_NYG_SF,2018,10,0.6202185159215922,2.748992441423036,0.49258283270840525
2018_10_SEA_LA,2018,10,0.7845702741757326,9.261982233563744,0.47820148865363565
2018_10_WAS_TB,2018,10,0.6312765790698098,3.304564133444524,0.4942248217031436
2018_11_CAR_DET,2018,11,0.35483092062483845,-4.1241278742088285,0.49633191411421584
2018_11_CIN_BAL,2018,11,0.6942444689443066,5.961362864151246,0.48408680540190846
2018_11_DAL_ATL,2018,11,0.6449291503680673,3.4750412759628415,0.4992624381769624
2018_11_DEN_LAC,2018,11,0.7496747646415027,7.052171886789135,0.48676853274254533
2018_11_GB_SEA,2018,11,0.6031790105557849,2.8298846455681703,0.49497300656244037
2018_11_HOU_WAS,2018,11,0.38104370960650324,-3.3632967525648514,0.4892654116024903
2018_11_KC_LA,2018,11,0.6083963883484463,2.7580445912101186,0.49285029073428116
2018_11_MIN_CHI,2018,11,0.5657011050328243,2.1744505642952277,0.49038052979370444
2018_11_OAK_ARI,2018,11,0.6470919235644172,3.9410918422173284,0.4834882655329077
2018_11_PHI_NO,2018,11,0.752104507825767,6.648101579385634,0.4896021287420217
2018_11_PIT_JAX,2018,11,0.3537905560795759,-3.9833758434691893,0.5004912649807417
2018_11_TB_NYG,2018,11,0.6000041301737922,2.8048040506587597,0.4942319108219445
2018_11_TEN_IND,2018,11,0.5603914043285722,1.984205521141322,0.49953325303880475
2018_12_ARI_LAC,2018,12,0.870448411472314,13.220137610387471,0.4769668794657726
2018_12_ATL_NO,2018,12,0.8211763760230315,10.736690476689274,0.47745523952293717
2018_12_CHI_DET,2018,12,0.37805181852736897,-3.450710120916584,0.4866834128743293
2018_12_CLE_CIN,2018,12,0.4802874467144397,-1.1613508986424523,0.4952319879285502
2018_12_GB_MIN,2018,12,0.6342155328198027,3.3097648667667303,0.4796115516751061
2018_12_JAX_BUF,2018,12,0.39984801505740103,-3.0296125676070025,0.4991249114240008
2018_12_MIA_IND,2018,12,0.7775153132759585,8.40506853157128,0.48242470252419634
2018_12_NE_NYJ,2018,12,0.16066342054777738,-12.428555136868066,0.5168818856252552
2018_12_NYG_PHI,2018,12,0.6466285415599891,3.9427387751249134,0.48353689293944097
2018_12_OAK_BAL,2018,12,0.8589606541059311,12.397349092899733,0.4821968075191997
2018_12_PIT_DEN,2018,12,0.3781766719965622,-3.3532327450594366,0.4895627111912521
2018_12_SEA_CAR,2018,12,0.6165408403479342,3.01892854832324,0.5005593626487789
2018_12_SF_TB,2018,12,0.5445143442762759,1.3676184281440846,0.4960880177944449
2018_12_TEN_HOU,2018,12,0.6367405115454944,3.2797879959055893,0.49349274197904713
2018_12_WAS_DAL,2018,12,0.7541208647569534,6.7589609334934275,0.4928773654893177
2018_13_ARI_GB,2018,13,0.876493997660798,13.05501053293836,0.4868523725199219
2018_13_BAL_ATL,2018,13,0.5749744908113051,2.239050050723294,0.4922890751560116
2018_13_BUF_MIA,2018,13,0.6356686153849773,3.548148214502069,0.5014228383532247
2018_13_CAR_TB,2018,13,0.34595662076622297,-3.7930140987251986,0.49134173813346377
2018_13_CHI_NYG,2018,13,0.36167521744625775,-3.582348259511133,0.497566518614237
2018_13_CLE_HOU,2018,13,0.6889709088292653,4.670693548863735,0.49026953782943433
2018_13_DEN_CIN,2018,13,0.37943137028910245,-3.4440530664555227,0.5016532987675364
2018_13_IND_JAX,2018,13,0.33136979626308255,-4.18985051983377,0.49438985904294663
2018_13_KC_OAK,2018,13,0.1384001719628267,-13.448027870567064,0.516306939365773
2018_13_LAC_PIT,2018,13,0.6469593323942727,3.6095635853495533,0.5032377086489029
2018_13_LA_DET,2018,13,0.20662154960987875,-9.965580412931999,0.5157886590239474
2018_13_MIN_NE,2018,13,0.7066389382659273,5.98263445610331,0.4994868260909618
2018_13_NO_DAL,2018,13,0.26795008668963305,-6.733493571180075,0.5078750945965299
2018_13_NYJ_TEN,2018,13,0.8060847148413558,10.086964354734146,0.48779617195024033
2018_13_SF_SEA,2018,13,0.8092836670357926,9.408259764173726,0.4825189164929972
2018_13_WAS_PHI,2018,13,0.6674179415511449,4.877749952929254,0.481618223605478
2018_14_ATL_GB,2018,14,0.6572406357413728,4.162294308449011,0.5047958890360005
2018_14_BAL_KC,2018,14,0.7210154623562063,6.264903382466517,0.4930529451584685
2018_14_CAR_CLE,2018,14,0.4677563941860694,-1.3767829177524993,0.48886702786155284
2018_14_CIN_LAC,2018,14,0.9097830037182522,16.2754242980494,0.47859813645971117
2018_14_DEN_SF,2018,14,0.3849411869542705,-3.1945471712778333,0.4942510810468443
2018_14_DET_ARI,2018,14,0.4416688780892972,-2.362792177404593,0.5040545969826479
2018_14_IND_HOU,2018,14,0.6317370917245407,3.4481404332201504,0.4836963842260368
2018_14_JAX_TEN,2018,14,0.7048021148785579,5.417969650625817,0.49757591309161364
2018_14_LA_CHI,2018,14,0.42026630797704534,-3.089406196252001,0.49735795177150904
2018_14_MIN_SEA,2018,14,0.6057220633852974,2.7392308346537892,0.49229441655529926
2018_14_NE_MIA,2018,14,0.23093066033827409,-8.241991689149252,0.5076240117191204
2018_14_NO_TB,2018,14,0.20657816268461052,-8.57619192835732,0.49774844294225623
2018_14_NYG_WAS,2018,14,0.38006595998352294,-3.064237658435777,0.4981017021306078
2018_14_NYJ_BUF,2018,14,0.65882444717839,4.135929986085519,0.48924256903017055
2018_14_PHI_DAL,2018,14,0.631587401500252,3.2886629673939405,0.49375497524407846
2018_14_PIT_OAK,2018,14,0.2007560367249633,-10.054345585591191,0.5131672668373465
2018_15_ARI_ATL,2018,15,0.7880102569451489,9.680132545987728,0.49054839165817493
2018_15_CLE_DEN,2018,15,0.5776808283024845,1.579662101480811,0.5171244949466575
2018_15_DAL_IND,2018,15,0.6081343493798954,2.6971628250521436,0.4910515243424517
2018_15_DET_BUF,2018,15,0.5750261179299752,2.313497249790705,0.49448878030987103
2018_15_GB_CHI,2018,15,0.6833895577422745,5.508714423503424,0.48548508621256053
2018_15_HOU_NYJ,2018,15,0.2743796715693245,-6.8788408516187864,0.5035803598578682
2018_15_LAC_KC,2018,15,0.651692687883505,3.4658430314709414,0.4989906189349797
2018_15_MIA_MIN,2018,15,0.7802999147215884,7.458508855998282,0.4987738855151436
2018_15_NE_PIT,2018,15,0.45711817342784594,-2.2990493034989687,0.5059381310181099
2018_15_NO_CAR,2018,15,0.2805929087234376,-6.099360268488685,0.4970638033909943
2018_15_OAK_CIN,2018,15,0.6112471567594566,3.1551501590979294,0.5045847848715752
2018_15_PHI_LA,2018,15,0.8900772676806437,13.332515679625333,0.4950507509089056
2018_15_SEA_SF,2018,15,0.3216877104756607,-3.9993390566800655,0.48524725569861615
2018_15_TB_BAL,2018,15,0.7707568520559357,8.082730900516607,0.4876711271003149
2018_15_TEN_NYG,2018,15,0.46813594651587853,-2.376682777931698,0.5036441310833853
2018_15_WAS_JAX,2018,15,0.7708726679380089,7.401474556297092,0.4970884728694324
2018_16_ATL_CAR,2018,16,0.4162426503679032,-2.4988292538534598,0.5000345970471768
2018_16_BAL_LAC,2018,16,0.6764907082052871,4.312135757797742,0.5092231894103479
2018_16_BUF_NE,2018,16,0.8664118827622429,13.394440140248893,0.4821109302697406
2018_16_CHI_SF,2018,16,0.34917249769532827,-3.7288720142233425,0.49323686299571706
2018_16_CIN_CLE,2018,16,0.7758410397608544,9.44802799970395,0.48369306444719884
2018_16_DEN_OAK,2018,16,0.43318980316249023,-2.7438602647203854,0.4927940089147866
2018_16_GB_NYJ,2018,16,0.41752438341306447,-3.1114589627559264,0.49670628239928266
2018_16_HOU_PHI,2018,16,0.5292743185506946,0.8590919992278219,0.49583606381694445
2018_16_JAX_MIA,2018,16,0.5771452249480946,2.6146286025329784,0.48861332839284977
2018_16_KC_SEA,2018,16,0.48219766115086865,-0.9001853256841517,0.5029496245174864
2018_16_LA_ARI,2018,16,0.1507914569438934,-14.021624476549245,0.5141336511591318
2018_16_MIN_DET,2018,16,0.2829093588137195,-6.516762178280672,0.4995046563029962
2018_16_NYG_IND,2018,16,0.7805935029996202,9.446162033122063,0.4836379689738744
2018_16_PIT_NO,2018,16,0.7184651308338321,6.3531257920636675,0.4956597647743336
2018_16_TB_DAL,2018,16,0.7414327950029829,6.663548865664678,0.49005846747326853
2018_16_WAS_TEN,2018,16,0.8536763370769594,12.028120747006918,0.4860582030884367
2018_17_ARI_SEA,2018,17,0.8804815193101977,15.044006756427734,0.48652737784534894
2018_17_ATL_TB,2018,17,0.4166331802162877,-2.5449548972210154,0.4986715276987191
2018_17_CAR_NO,2018,17,0.750623452202141,7.759743840721873,0.4929004977245489
2018_17_CHI_MIN,2018,17,0.6789330728363298,5.6390631143804235,0.48933512360798315
2018_17_CIN_PIT,2018,17,0.8506820022264212,13.355179146457612,0.4809519615153576
2018_17_CLE_BAL,2018,17,0.7442614820790514,6.677526953884729,0.4904714148632614
2018_17_DAL_NYG,2018,17,0.7722123428165344,7.329873477807861,0.4949726765670307
2018_17_DET_GB,2018,17,0.7597593145948923,7.320499574973438,0.4946956889686305
2018_17_IND_TEN,2018,17,0.3218072428497562,-5.023439100834145,0.4993073449156057
2018_17_JAX_HOU,2018,17,0.755933449600661,6.9889097225931485,0.49967226814360516
2018_17_LAC_DEN,2018,17,0.27986971808705396,-6.954615570368017,0.5013411654627882
2018_17_MIA_BUF,2018,17,0.695329915292268,5.101103519868771,0.4882138134803896
2018_17_NYJ_NE,2018,17,0.8796973800274104,13.417527537015065,0.48279253216773693
2018_17_OAK_KC,2018,17,0.8656472848101887,13.780487134623803,0.478747535919777
2018_17_PHI_WAS,2018,17,0.2953338821283774,-5.974455641386529,0.5007548680441212
2018_17_SF_LA,2018,17,0.8007961866305372,9.97448660357567,0.4844743275832892
2018_18_IND_HOU,2018,18,0.534387128746565,1.758747636594702,0.4928710632984472
2018_18_LAC_BAL,2018,18,0.5788167818449467,2.55389270419408,0.4868193572353083
2018_18_PHI_CHI,2018,18,0.6916507912488974,5.814420139510158,0.47974894245772975
2018_18_SEA_DAL,2018,18,0.5652301323098369,1.9818677057386356,0.48469228571145284
2018_19_DAL_LA,2018,19,0.7610920567149473,7.221837496409881,0.49178052356426344
2018_19_IND_KC,2018,19,0.6587754814267923,3.7860801594840576,0.4936786594308256
2018_19_LAC_NE,2018,19,0.6560205651829183,4.123105982344207,0.5036378889391304
2018_19_PHI_NO,2018,19,0.7756459121927685,8.194261555073773,0.4909658098771818
2018_20_LA_NO,2018,20,0.5967820127713158,2.82327481075056,0.4947776936005199
2018_20_NE_KC,2018,20,0.6111847630590093,2.7168192639794415,0.49163226041973707
2018_21_NE_LA,2018,21,0.43222032559244333,-2.629972618018991,0.48139025705913113
2019_01_ATL_MIN,2019,1,0.6228683865325755,3.1059639569822566,0.488357383691837
2019_01_BAL_MIA,2019,1,0.2689661697325205,-6.824063832677317,0.5051989917804401
2019_01_BUF_NYJ,2019,1,0.5844112492697988,2.131670036506115,0.48911672837404896
2019_01_CIN_SEA,2019,1,0.7801440983259166,8.834283019817404,0.48033518127603564
2019_01_DEN_OAK,2019,1,0.4155887507302011,-3.093314848252248,0.49724244874706724
2019_01_DET_ARI,2019,1,0.41899204424013164,-2.528762172823507,0.49915004161964566
2019_01_GB_CHI,2019,1,0.6247300215982722,3.120570728018756,0.48878885537363953
2019_01_HOU_NO,2019,1,0.7382366085679627,5.939413393840635,0.4834387078520797
2019_01_IND_LAC,2019,1,0.7086409898223908,5.534347291614992,0.48624209455637185
2019_01_KC_JAX,2019,1,0.37118740340541323,-3.583988753850255,0.4975180408266205
2019_01_LA_CAR,2019,1,0.4630595302657377,-1.6805289868281814,0.4946652963529377
2019_01_NYG_DAL,2019,1,0.7368896226171744,6.43523027933498,0.4833151987916789
2019_01_PIT_NE,2019,1,0.6780652506772408,4.982165953052565,0.48470109281609397
2019_01_SF_TB,2019,1,0.5069715560513107,0.7662570766283479,0.4930929425231786
2019_01_TEN_CLE,2019,1,0.6807893209518282,5.033961927738998,0.4862307133385989
2019_01_WAS_PHI,2019,1,0.8027917403716482,9.669311370127945,0.4754675696324441
2019_02_ARI_BAL,2019,2,0.8419894866207438,12.158664081364858,0.47515353136429467
2019_02_BUF_NYG,2019,2,0.4827086071703758,-1.1729122203253712,0.4948903622654412
2019_02_CHI_DEN,2019,2,0.42003945309842866,-3.0564086130916706,0.49833305812900747
2019_02_CLE_NYJ,2019,2,0.28507217303428406,-6.388010595445707,0.5033093922980505
2019_02_DAL_WAS,2019,2,0.29196153724096346,-5.9218948272661756,0.5023080949548203
2019_02_IND_TEN,2019,2,0.6247300215982722,2.581018716114148,0.48762055412223615
2019_02_JAX_HOU,2019,2,0.7484073492752285,6.936232047697842,0.48334477648099317
2019_02_KC_OAK,2019,2,0.27591339268162546,-6.884006703629008,0.5034277082079924
2019_02_LAC_DET,2019,2,0.4953533757725013,-1.113957430591478,0.4966324520498302
2019_02_MIN_GB,2019,2,0.6069415603678434,2.6046574719156155,0.48831879188264543
2019_02_NE_MIA,2019,2,0.099009900990099,-17.230638834415227,0.5227233063522148
2019_02_NO_LA,2019,2,0.5284039285250725,1.7136837101665032,0.49153962140067997
2019_02_PHI_ATL,2019,2,0.5,-1.1944329511098322,0.4942544560487513
2019_02_SEA_PIT,2019,2,0.6459016393442624,3.5875034238905554,0.4878120946894337
2019_02_SF_CIN,2019,2,0.5046466242274987,0.757594743081271,0.4928369992851406
2019_02_TB_CAR,2019,2,0.7141340612678193,5.932078142051266,0.48322213103282025
2019_03_ATL_IND,2019,3,0.5240193918025562,0.718234504871385,0.49167407344552133
2019_03_BAL_KC,2019,3,0.6654526975522995,4.078179375328545,0.4875366886418761
2019_03_CAR_ARI,2019,3,0.5528282163459678,2.1418336995850242,0.48941696891381414
2019_03_CHI_WAS,2019,3,0.320067869813358,-4.9838079719826425,0.5004784950394644
2019_03_CIN_BUF,2019,3,0.696132596685083,5.045135595484625,0.4865607175073873
2019_03_DEN_GB,2019,3,0.7432443808401381,6.4764665289024315,0.4845327927647909
2019_03_DET_PHI,2019,3,0.6618106139438086,3.593654270598064,0.4879937765105748
2019_03_HOU_LAC,2019,3,0.6114139890963924,2.611692712608295,0.4885266046992519
2019_03_LA_CLE,2019,3,0.33564198188598826,-3.9891234578911905,0.5003214157068406
2019_03_MIA_DAL,2019,3,0.937309434930043,20.682711109871097,0.461134112274512
2019_03_NO_SEA,2019,3,0.6742671009771987,4.569324503144346,0.4872751462390376
2019_03_NYG_TB,2019,3,0.6779230919383173,4.557511451635359,0.48692623795539
2019_03_NYJ_NE,2019,3,0.9253624914304412,19.286041475288965,0.46417426005462964
2019_03_OAK_MIN,2019,3,0.7780073411433721,7.917551882341548,0.48279325093399095
2019_03_PIT_SF,2019,3,0.71333597633497,5.545465791088258,0.486570469676946
2019_03_TEN_JAX,2019,3,0.45801526717557256,-1.6616483503520008,0.4952231984787458
2019_04_CAR_HOU,2019,4,0.6999193060318741,4.92684025806713,0.483067483027533
2019_04_CIN_PIT,2019,4,0.6252015045674368,3.0661681759745782,0.48718192053107334
2019_04_CLE_BAL,2019,4,0.7437482371439031,6.935069233188798,0.48331044383586713
2019_04_DAL_NO,2019,4,0.43026174256005734,-2.5678035165509843,0.49799632771928787
2019_04_JAX_DEN,2019,4,0.5642421122306391,2.2199401631858593,0.49172446692092675
2019_04_KC_DET,2019,4,0.23850155231613795,-7.35412936693779,0.5043105800466854
2019_04_LAC_MIA,2019,4,0.13802307087621798,-14.35589056753044,0.5190270390231109
2019_04_MIN_CHI,2019,4,0.4930284439486894,-1.1903906014812136,0.4943739005215585
2019_04_NE_BUF,2019,4,0.2596297346966464,-6.795979289959632,0.5060288436434073
2019_04_OAK_IND,2019,4,0.688252023627215,5.004551899888955,0.48536216042857633
2019_04_PHI_GB,2019,4,0.6379977530895019,3.100530181452462,0.48819687800154116
2019_04_SEA_ARI,2019,4,0.31488140709135287,-5.480498922760775,0.5005762815939615
2019_04_TB_LA,2019,4,0.8001430041331682,8.308673983612922,0.47957935685635283
2019_04_TEN_ATL,2019,4,0.6191482263983098,3.0863892226328904,0.4877791840243339
2019_04_WAS_NYG,2019,4,0.6039037320401216,2.5585143410891726,0.48695585874305114
2019_05_ARI_CIN,2019,5,0.5916792592354435,2.6296510989316904,0.48905708850846635
2019_05_ATL_HOU,2019,5,0.6569372429822994,3.5786937424690453,0.48755188144007067
2019_05_BAL_PIT,2019,5,0.3747984954325632,-3.667472639067292,0.4950510960799283
2019_05_BUF_TEN,2019,5,0.6283801591903431,3.1948394917484264,0.4909828842746785
2019_05_CHI_OAK,2019,5,0.29300627641859867,-6.3981422363345795,0.5030099987387256
2019_05_CLE_SF,2019,5,0.6745662547167928,4.542685362111965,0.48648835128564627
2019_05_DEN_LAC,2019,5,0.6745662547167928,3.5710179515107723,0.48732516444692575
2019_05_GB_DAL,2019,5,0.6279229893276131,3.0899672314446245,0.48788486957879496
2019_05_IND_KC,2019,5,0.8088171988554355,9.722544528433692,0.47703788875963554
2019_05_JAX_CAR,2019,5,0.6375766544186806,2.566288763738682,0.487185482214815
2019_05_LA_SEA,2019,5,0.5369404697342622,1.2277848857483757,0.49195624001981325
2019_05_MIN_NYG,2019,5,0.3108038311329388,-5.410964231848494,0.5026311018430255
2019_05_NE_WAS,2019,5,0.12191974859069715,-14.845795257801576,0.5193250236364351
2019_05_NYJ_PHI,2019,5,0.8589779257283742,13.023193338440745,0.4711592804422782
2019_05_TB_NO,2019,5,0.5816746508332771,2.494018858638316,0.4850511096095169
2019_06_ATL_ARI,2019,6,0.39819971012281646,-3.174583673677989,0.49484097277006245
2019_06_CAR_TB,2019,6,0.45801526717557256,-2.2153515816459555,0.49363635499490055
2019_06_CIN_BAL,2019,6,0.8154296160877514,9.68832804542934,0.4760284979866711
2019_06_DAL_NYJ,2019,6,0.26242745394902856,-6.822231251782498,0.5052531422448894
2019_06_DET_GB,2019,6,0.6471201212580523,3.1304611030248637,0.48908101618045696
2019_06_HOU_KC,2019,6,0.6336902505251294,3.135116974377488,0.4892185522481072
2019_06_NO_JAX,2019,6,0.5679213219076544,2.135145922785706,0.48921940739823494
2019_06_NYG_NE,2019,6,0.8867369007501867,15.53659719789082,0.47155436025493996
2019_06_PHI_MIN,2019,6,0.6210456942003515,3.1668946955961212,0.49015731063328477
2019_06_PIT_LAC,2019,6,0.696132596685083,5.615432613777472,0.48863707829588343
2019_06_SEA_CLE,2019,6,0.5172913928296243,0.7970319957400509,0.49400226162589667
2019_06_SF_LA,2019,6,0.5816746508332771,2.566027807619183,0.4871777746084942
2019_06_TEN_DEN,2019,6,0.533647048893203,0.7467546808832798,0.4925167155517767
2019_06_WAS_MIA,2019,6,0.3136531365313653,-5.854969168551943,0.5042857642743922
2019_07_ARI_NYG,2019,7,0.6362901596282077,3.126865180140423,0.4889747922489703
2019_07_BAL_SEA,2019,7,0.5955112768937784,2.630037002331715,0.4890684881619731
2019_07_HOU_IND,2019,7,0.5327102803738317,1.2042288644151358,0.4912602835350416
2019_07_JAX_CIN,2019,7,0.3367436672886772,-3.9544878227366125,0.5013449405474243
2019_07_KC_DEN,2019,7,0.4166248368637687,-3.2407147569524795,0.49288694772632974
2019_07_LAC_TEN,2019,7,0.5955112768937784,2.6080390031182046,0.4884186779837751
2019_07_LA_ATL,2019,7,0.40832074076455643,-3.037305013319677,0.49889759050788024
2019_07_MIA_BUF,2019,7,0.8913998705928935,15.915610623442499,0.4679893323880635
2019_07_MIN_DET,2019,7,0.4357578877693609,-2.621377004402593,0.49641320247757414
2019_07_NE_NYJ,2019,7,0.23599440828535784,-9.26738602028168,0.5068737007229667
2019_07_NO_CHI,2019,7,0.6621475756659903,3.699336124625999,0.4911157320853548
2019_07_OAK_GB,2019,7,0.6873022714142923,4.839177774650204,0.4804796530731426
2019_07_PHI_DAL,2019,7,0.6069415603678434,2.5975502426785773,0.4881088558287391
2019_07_SF_WAS,2019,7,0.2154605263157895,-9.525785343306211,0.5140107687241231
2019_08_ARI_NO,2019,8,0.8301610541727672,11.60741726742888,0.4736422428933917
2019_08_CAR_SF,2019,8,0.6572903685241233,4.049551981069055,0.4866911540105955
2019_08_CIN_LA,2019,8,0.8291473616315197,11.07757901405873,0.4727624745072032
2019_08_CLE_NE,2019,8,0.7627068693058542,8.849633049088906,0.4807882557012861
2019_08_DEN_IND,2019,8,0.6851185929086472,5.563953391798794,0.48711650478274116
2019_08_GB_KC,2019,8,0.3220769080616826,-4.958083341580114,0.5012386889205847
2019_08_LAC_CHI,2019,8,0.629269318749507,3.167728678514229,0.49018194841356233
2019_08_MIA_PIT,2019,8,0.8360766173399501,12.992000668494818,0.47023998457934324
2019_08_NYG_DET,2019,8,0.7072057697217258,5.932625786319227,0.48323830032168796
2019_08_NYJ_JAX,2019,8,0.7255610366150211,6.5418285475530285,0.4864630458693994
2019_08_OAK_HOU,2019,8,0.683174291856825,4.411599420873826,0.48261751339490383
2019_08_PHI_BUF,2019,8,0.5369404697342622,0.7448003796442662,0.49245897368769986
2019_08_SEA_ATL,2019,8,0.2588343276732446,-7.3136874950639745,0.5055055982347034
2019_08_TB_TEN,2019,8,0.5357590966122961,1.5228686404137877,0.48590309245971575
2019_08_WAS_MIN,2019,8,0.883065536404312,15.490380523068895,0.47019224069701293
2019_09_CHI_PHI,2019,9,0.6745662547167928,4.5574469630707375,0.48692433325931544
2019_09_CLE_DEN,2019,9,0.3569607343192249,-4.015464746772653,0.4995429970374831
2019_09_DAL_NYG,2019,9,0.2735384297378303,-6.452548841681254,0.5014022395798777
2019_09_DET_OAK,2019,9,0.5740354444580784,2.132042600247513,0.489127734016579
2019_09_GB_LAC,2019,9,0.3427096314758768,-4.021646283573598,0.49936032488661247
2019_09_HOU_JAX,2019,9,0.5185243789416578,0.6755256987741098,0.4904122921876219
2019_09_IND_PIT,2019,9,0.5274287332041203,0.7890446020802524,0.49376625165823723
2019_09_MIN_KC,2019,9,0.32646911099949777,-5.424510359296116,0.5022308038861265
2019_09_NE_BAL,2019,9,0.41493775933609955,-3.065316324780687,0.4980698265263475
2019_09_NYJ_MIA,2019,9,0.3650052779508833,-3.6076202439977294,0.49681971771765654
2019_09_SF_ARI,2019,9,0.20847279334417138,-10.190578132040315,0.5091430117398201
2019_09_TB_SEA,2019,9,0.6584314375725417,3.57447189029687,0.4874271816544237
2019_09_TEN_CAR,2019,9,0.6252015045674368,3.1442630730930397,0.489488734919672
2019_09_WAS_BUF,2019,9,0.7928552023906547,9.837196941230008,0.4804211872069633
2019_10_ARI_TB,2019,10,0.6829002792370676,5.054254328165842,0.4868300378582341
2019_10_ATL_NO,2019,10,0.8393555347273013,13.034497425471843,0.47149246743847395
2019_10_BAL_CIN,2019,10,0.2116883630752186,-10.119727140461935,0.5112360638522832
2019_10_BUF_CLE,2019,10,0.586736037934668,2.683571162210903,0.49064997895506635
2019_10_CAR_GB,2019,10,0.675595238095238,4.565500568382018,0.48716220207212113
2019_10_DET_CHI,2019,10,0.7096900745390349,5.563627026840075,0.48710686531383485
2019_10_KC_TEN,2019,10,0.3190724859866813,-4.897460926903163,0.5030301317276119
2019_10_LAC_OAK,2019,10,0.47377843762281124,-1.2004457127085792,0.494076790250356
2019_10_LA_PIT,2019,10,0.3367436672886772,-4.153025886315283,0.49547798601926135
2019_10_MIA_IND,2019,10,0.8022396950202525,10.245443606037119,0.4777134972760053
2019_10_MIN_DAL,2019,10,0.6252015045674368,3.062284756776889,0.4870672202958111
2019_10_NYG_NYJ,2019,10,0.41899204424013164,-3.023854864418103,0.49929505858835893
2019_10_SEA_SF,2019,10,0.7080384627590365,5.9231740067488365,0.48295923883506564
2019_11_ARI_SF,2019,11,0.786035261712446,9.246376430820844,0.4777410204703142
2019_11_ATL_CAR,2019,11,0.648330451760112,3.102065832554895,0.48824223867056965
2019_11_BUF_MIA,2019,11,0.26751500253054733,-6.851902939898964,0.5043763699159591
2019_11_CHI_LA,2019,11,0.6802135750777858,4.6064404931317915,0.48837145995500886
2019_11_CIN_OAK,2019,11,0.8312468583191708,12.129820303355181,0.4743028717533667
2019_11_DAL_DET,2019,11,0.2366416065391796,-7.319087136407806,0.5053460466804043
2019_11_DEN_MIN,2019,11,0.780155608608282,9.34839109652828,0.48075159705928794
2019_11_HOU_BAL,2019,11,0.666540435916856,3.4365758455786484,0.4833549272987406
2019_11_JAX_IND,2019,11,0.5586071603727317,2.0611107396421753,0.4870325448671341
2019_11_KC_LAC,2019,11,0.3108038311329388,-5.701261731363457,0.49405267852337104
2019_11_NE_PHI,2019,11,0.34043487810235007,-4.542875437327047,0.4987329780751655
2019_11_NO_TB,2019,11,0.3220769080616826,-5.001413914796799,0.499958217007978
2019_11_NYJ_WAS,2019,11,0.5369404697342622,0.8436686706571593,0.4953803123584025
2019_11_PIT_CLE,2019,11,0.6039037320401216,2.6848639995361694,0.49068817350233385
2019_12_BAL_LA,2019,12,0.39763241766580665,-3.5458930133906783,0.49864380532202385
2019_12_CAR_NO,2019,12,0.7954597198863094,9.217470801097164,0.4768882036716483
2019_12_DAL_NE,2019,12,0.6789306742455842,5.040764007470159,0.48643160550163506
2019_12_DEN_BUF,2019,12,0.6388542963885429,3.196236375896277,0.4910241534926421
2019_12_DET_WAS,2019,12,0.36200224691049804,-3.952560079999589,0.5014019074752365
2019_12_GB_SF,2019,12,0.6196403872752421,2.593161004896693,0.48797920648737314
2019_12_IND_HOU,2019,12,0.6306061713569676,3.107450231235285,0.4884012863639647
2019_12_JAX_TEN,2019,12,0.6735308890005023,4.038850788892349,0.48637510028322567
2019_12_MIA_CLE,2019,12,0.791595099049582,10.237867570984305,0.4774899686939254
2019_12_NYG_CHI,2019,12,0.696132596685083,5.527249122336087,0.4860324612230874
2019_12_OAK_NYJ,2019,12,0.3775590873156503,-3.4399628049551385,0.5017741701148354
2019_12_PIT_CIN,2019,12,0.3257328990228013,-5.398007738194866,0.5030139732176365
2019_12_SEA_PHI,2019,12,0.5,-1.148802625795847,0.4956027809751738
2019_12_TB_ATL,2019,12,0.6297217024951262,3.066418712377385,0.4871893203827679
2019_13_BUF_DAL,2019,13,0.7271879798201359,6.013823647376017,0.4856359714091234
2019_13_CHI_DET,2019,13,0.32135553607946243,-5.44142361461219,0.5017310017361724
2019_13_CLE_PIT,2019,13,0.48147562105834224,-1.1962227848030358,0.4942015697081289
2019_13_GB_NYG,2019,13,0.30096036791559583,-6.291856331806345,0.506150668138614
2019_13_LAC_DEN,2019,13,0.34385815571062156,-4.659926067631801,0.49527409052796884
2019_13_LA_ARI,2019,13,0.43316719528772085,-2.659607090037253,0.4952835160641098
2019_13_MIN_SEA,2019,13,0.5906658931218978,2.126578564238778,0.4889663256193373
2019_13_NE_HOU,2019,13,0.3837038708949329,-3.5874206203306724,0.4974166268231909
2019_13_NO_ATL,2019,13,0.2609486323551392,-6.892541808621163,0.5031754935719595
2019_13_NYJ_CIN,2019,13,0.46214743124779806,-2.5355629430637707,0.49894907072632744
2019_13_OAK_KC,2019,13,0.7933380591780781,10.650003507853702,0.4748981019816575
2019_13_PHI_MIA,2019,13,0.20108991440425786,-10.11089581707772,0.5114969348241226
2019_13_SF_BAL,2019,13,0.688252023627215,5.099477458933629,0.4881657823560029
2019_13_TB_JAX,2019,13,0.4066985645933015,-3.1201158219181533,0.49645047054360547
2019_13_TEN_IND,2019,13,0.49070156678599663,-1.2005110508658905,0.49407485963706343
2019_13_WAS_CAR,2019,13,0.8026195304922302,9.863524471589,0.4811982990169879
2019_14_BAL_BUF,2019,14,0.29468911917098445,-6.326362224059061,0.5051310770656774
2019_14_CAR_ATL,2019,14,0.6265670845558816,3.0706975602316717,0.4873157012569885
2019_14_CIN_CLE,2019,14,0.7088665520016411,5.955051889317377,0.48390045814869526
2019_14_DAL_CHI,2019,14,0.3900657414170928,-3.0078369399848577,0.4997684084049388
2019_14_DEN_HOU,2019,14,0.7717353250087524,7.428548278041488,0.4831179118691446
2019_14_DET_MIN,2019,14,0.8278976203777234,11.211522038283071,0.4767127074442298
2019_14_IND_TB,2019,14,0.6084434892689964,2.6239112150487576,0.48888753240139143
2019_14_KC_NE,2019,14,0.5850622406639003,2.6922836855463923,0.490907376385278
2019_14_LAC_JAX,2019,14,0.3747984954325632,-3.650924799485441,0.4955400718902847
2019_14_MIA_NYJ,2019,14,0.6629225583423975,4.594569670093677,0.48802081551367277
2019_14_NYG_PHI,2019,14,0.7800741120115687,8.887394845641344,0.48190294459007843
2019_14_PIT_ARI,2019,14,0.4491310290958797,-2.5610750525323907,0.4981951601764807
2019_14_SEA_LA,2019,14,0.5327102803738317,0.7714207922430814,0.493245514559783
2019_14_SF_NO,2019,14,0.5240193918025562,0.7675735859481501,0.4931318412604735
2019_14_TEN_OAK,2019,14,0.4116032928263426,-3.0934667530634,0.4972379598728672
2019_14_WAS_GB,2019,14,0.8549876092699,12.219528076834646,0.47694889702215865
2019_15_ATL_SF,2019,15,0.7963340122199594,9.806303368222554,0.47950939424744754
2019_15_BUF_PIT,2019,15,0.5150073206442166,0.8820216275011321,0.4965136324540172
2019_15_CHI_GB,2019,15,0.6668622192423734,3.7000459588903896,0.49113670340705706
2019_15_CLE_ARI,2019,15,0.40609137055837563,-3.0971958434058657,0.49712776322781166
2019_15_DEN_KC,2019,15,0.7854392376974285,9.341327531107241,0.4805431053115775
2019_15_HOU_TEN,2019,15,0.6069415603678434,2.5922147043786765,0.48795125482095275
2019_15_IND_NO,2019,15,0.7662541740326065,7.364160503768779,0.4812170737253143
2019_15_JAX_OAK,2019,15,0.7264615702621697,6.499283764476732,0.4852065862076689
2019_15_LA_DAL,2019,15,0.478202846975089,-1.1180428152054755,0.49651172816230726
2019_15_MIA_NYG,2019,15,0.6323766526926797,3.103396627254802,0.4882815483332732
2019_15_MIN_LAC,2019,15,0.4715960714749275,-1.1059099410684468,0.4968702577778886
2019_15_NE_CIN,2019,15,0.20148417214126596,-10.133893051721746,0.5108176029799598
2019_15_NYJ_BAL,2019,15,0.8891826646741006,16.013614850112113,0.4708769711097244
2019_15_PHI_WAS,2019,15,0.28003075985548675,-6.877683345479371,0.5036145642551833
2019_15_SEA_CAR,2019,15,0.3056768558951965,-5.874698075912967,0.5037027790820464
2019_15_TB_DET,2019,15,0.3139179553662376,-5.376880531492983,0.5036382874559326
2019_16_ARI_SEA,2019,16,0.7701094942408874,7.469411210925186,0.4843244579269782
2019_16_BAL_CLE,2019,16,0.2360978550258703,-9.223786968975139,0.5081618791683244
2019_16_BUF_NE,2019,16,0.7222420564084255,6.5716632498093634,0.48734422422695933
2019_16_CAR_IND,2019,16,0.7331798681594643,7.004874464683524,0.48537168621812016
2019_16_CIN_MIA,2019,16,0.4715960714749275,-1.6729008985759408,0.49489069681018816
2019_16_DAL_PHI,2019,16,0.4672897196261682,-2.1235155137783672,0.496350009387624
2019_16_DET_DEN,2019,16,0.7759856630824372,8.907757783396983,0.4825040965741649
2019_16_GB_MIN,2019,16,0.6511009958640449,3.570493177301531,0.4873096645343349
2019_16_HOU_TB,2019,16,0.41493775933609955,-3.107002918088445,0.4968379599121287
2019_16_JAX_ATL,2019,16,0.7360752537000588,6.923426526298304,0.48296669430524797
2019_16_KC_CHI,2019,16,0.2744389633849788,-6.31533934570867,0.5054567885411452
2019_16_LA_SF,2019,16,0.7402276100940128,6.468170177530918,0.48428781218248645
2019_16_NO_TEN,2019,16,0.3761738518578658,-3.517234392028579,0.4994907017933604
2019_16_NYG_WAS,2019,16,0.4837531945965681,-1.1418704847932672,0.495807622742006
2019_16_OAK_LAC,2019,16,0.7403702653033536,6.897463845227574,0.48220019522082613
2019_16_PIT_NYJ,2019,16,0.38514560209200854,-2.9776153597369914,0.5006614944696619
2019_17_ARI_LA,2019,17,0.7098956093365133,6.464954548429525,0.48419286038201775
2019_17_ATL_TB,2019,17,0.5327102803738317,0.7591738064831007,0.492883655156904
2019_17_CHI_MIN,2019,17,0.32135553607946243,-5.392015302402305,0.5031910520093563
2019_17_CLE_CIN,2019,17,0.4357578877693609,-2.571892876843901,0.49787548350608146
2019_17_GB_DET,2019,17,0.15934306815499277,-12.919793691365577,0.5171405621326334
2019_17_IND_JAX,2019,17,0.320067869813358,-4.952022179781447,0.5014178030159491
2019_17_LAC_KC,2019,17,0.7717353250087524,9.302789441151672,0.4794056909003553
2019_17_MIA_NE,2019,17,0.889941642844805,16.407638014008434,0.4677544959963941
2019_17_NO_CAR,2019,17,0.15879648976180524,-12.978131855736224,0.515418031569768
2019_17_NYJ_BUF,2019,17,0.4600722970752547,-1.6045751386706602,0.4969097016987208
2019_17_OAK_DEN,2019,17,0.6700755434503315,5.015408123161694,0.48568276444187986
2019_17_PHI_NYG,2019,17,0.35287987874194765,-4.043092012747458,0.49872657802671044
2019_17_PIT_BAL,2019,17,0.43949878436506445,-2.10265911360398,0.49696632102419086
2019_17_SF_SEA,2019,17,0.37665039500700276,-3.5748249885327863,0.4977888371319247
2019_17_TEN_HOU,2019,17,0.23784247274509004,-9.685419120001841,0.5092954264383914
2019_17_WAS_DAL,2019,17,0.8343994395764669,12.153588492412656,0.4750038339640907
2019_18_BUF_HOU,2019,18,0.5757997218358832,2.1307557705628537,0.48908972072424234
2019_18_MIN_NO,2019,18,0.7573333333333334,6.965452886794802,0.4842075753678677
2019_18_SEA_PHI,2019,18,0.5305667495498585,0.7920963176956021,0.4938564229096954
2019_18_TEN_NE,2019,18,0.6640273913973893,4.079507792400269,0.48757592596845717
2019_19_HOU_KC,2019,19,0.7963968410661403,9.284644344923748,0.47887021344920644
2019_19_MIN_SF,2019,19,0.7416762342135478,6.49062401522702,0.4849508585539487
2019_19_SEA_GB,2019,19,0.6724890829694323,4.053736999858492,0.48681475848529887
2019_19_TEN_BAL,2019,19,0.7896823383890214,9.258851437380251,0.4781091083527455
2019_20_GB_SF,2019,20,0.7661538461538461,7.347898007092134,0.48073704261200784
2019_20_TEN_KC,2019,20,0.748535521515462,6.940047156755423,0.48345742023566846
2019_21_SF_KC,2019,21,0.5419847328244275,1.0970677260540842,0.48809460318702697
2020_01_ARI_SF,2020,1,0.7159090909090909,6.214592275338552,0.47680328286219076
2020_01_CHI_DET,2020,1,0.5480494766888677,2.06551353485376,0.4871625850495531
2020_01_CLE_BAL,2020,1,0.7300564061240935,6.254078695562589,0.4779682814804181
2020_01_DAL_LA,2020,1,0.5195545777019441,0.37969766564056784,0.48167572009152543
2020_01_GB_MIN,2020,1,0.5195545777019441,0.5640096934398889,0.4871181677007497
2020_01_HOU_KC,2020,1,0.7840868276451428,8.47583443289705,0.4697636028867583
2020_01_IND_JAX,2020,1,0.26612876988645606,-6.971072027549109,0.5008548579603878
2020_01_LAC_CIN,2020,1,0.4499636492248442,-2.5982388757828994,0.49709694109341307
2020_01_LV_CAR,2020,1,0.43566205072351016,-3.2479731444519784,0.4926724882180279
2020_01_MIA_NE,2020,1,0.7432443808401381,6.8774372744434675,0.4816089933710709
2020_01_NYJ_BUF,2020,1,0.7157173074903613,5.972975642736622,0.484429710670705
2020_01_PHI_WAS,2020,1,0.32440476190476186,-5.469567973577409,0.5008993045730462
2020_01_PIT_NYG,2020,1,0.3029704839803284,-6.013962402871091,0.49958739319642775
2020_01_SEA_ATL,2020,1,0.5162468054034319,0.4455202513741011,0.48361901947344654
2020_01_TB_NO,2020,1,0.644674925573802,3.343213153332977,0.480598761766651
2020_01_TEN_DEN,2020,1,0.3794411866160745,-3.063625931692734,0.4981197792361851
2020_02_ATL_DAL,2020,2,0.5775497887748944,2.2676195706073345,0.4783678323237097
2020_02_BAL_HOU,2020,2,0.24770150852450237,-7.59447380146914,0.4972082010243821
2020_02_BUF_MIA,2020,2,0.3098652446494199,-5.4959038177689195,0.5001210474263061
2020_02_CAR_TB,2020,2,0.7510980966325037,6.732642704669753,0.47733581474350567
2020_02_CIN_CLE,2020,2,0.6891961688670611,5.362769656637379,0.4811760180749409
2020_02_DEN_PIT,2020,2,0.7072057697217258,5.45492094639848,0.4838965917699201
2020_02_DET_GB,2020,2,0.7184337879454465,6.148785698202597,0.47486218551235276
2020_02_JAX_TEN,2020,2,0.7255610366150211,6.319893223811976,0.47991047233928613
2020_02_KC_LAC,2020,2,0.2360978550258703,-8.485744002797594,0.5004212828871335
2020_02_LA_PHI,2020,2,0.537852568752202,1.4947949714972246,0.4850740286591426
2020_02_MIN_IND,2020,2,0.6219592373438527,2.8514877765944835,0.4808430018883354
2020_02_NE_SEA,2020,2,0.648330451760112,3.4353628198346953,0.4833191121079616
2020_02_NO_LV,2020,2,0.3484602917341977,-4.191916880612853,0.49432880154078956
2020_02_NYG_CHI,2020,2,0.6711332625214478,3.979747461252513,0.4846296760921506
2020_02_SF_NYJ,2020,2,0.27065517450846727,-6.905232606126172,0.5028004747938802
2020_02_WAS_ARI,2020,2,0.7360752537000588,6.745804919473578,0.47772415789344713
2020_03_CAR_LAC,2020,3,0.7055264219443325,5.389097820253238,0.48195321802600627
2020_03_CHI_ATL,2020,3,0.5605012156349355,1.973354059298035,0.48444088485245085
2020_03_CIN_PHI,2020,3,0.6809275140133186,4.831553120470724,0.4802546076841293
2020_03_DAL_SEA,2020,3,0.6841493589262952,4.528845069151716,0.47132586221175504
2020_03_DET_ARI,2020,3,0.6676212973221565,3.637506530686213,0.47452954238996714
2020_03_GB_NO,2020,3,0.6162961291050671,2.7725082782168684,0.4785120888697526
2020_03_HOU_PIT,2020,3,0.644674925573802,3.3958691572660467,0.4821531171887401
2020_03_KC_BAL,2020,3,0.6191482263983098,2.693535579962509,0.47618211118117204
2020_03_LA_BUF,2020,3,0.5440238883060285,1.0030706793287891,0.4853184180210343
2020_03_LV_NE,2020,3,0.7347120560783859,6.254078695562589,0.4779682814804181
2020_03_MIA_JAX,2020,3,0.5649948822927329,2.3729264296622476,0.4814758348302453
2020_03_NYJ_IND,2020,3,0.8360766173399501,11.597269264266098,0.4733430186336935
2020_03_SF_NYG,2020,3,0.4166248368637687,-3.1426328246290587,0.495785095874677
2020_03_TB_DEN,2020,3,0.29468911917098445,-5.974458630889702,0.5007547797006339
2020_03_TEN_MIN,2020,3,0.40770645135502437,-3.287474794986273,0.4915053938204303
2020_03_WAS_CLE,2020,3,0.745785705017046,6.785292725108002,0.47888934705679576
2020_04_ARI_CAR,2020,4,0.4044887231062215,-3.366475986295338,0.4891714954877587
2020_04_ATL_GB,2020,4,0.6700755434503315,4.089753618961833,0.473121421824497
2020_04_BAL_WAS,2020,4,0.12237778415242397,-14.175738526764361,0.5095814202880236
2020_04_BUF_LV,2020,4,0.3837038708949329,-3.379642538120352,0.4887825555763638
2020_04_CLE_DAL,2020,4,0.6205588133839255,2.654052010944701,0.47501750464907844
2020_04_DEN_NYJ,2020,4,0.5207810820494446,0.6693414231756041,0.4902295927193416
2020_04_IND_CHI,2020,4,0.3808517736016902,-3.6080201181226936,0.4968079013022867
2020_04_JAX_CIN,2020,4,0.5150073206442166,0.43235543248146513,0.4832303180758347
2020_04_LAC_TB,2020,4,0.745785705017046,6.851109400658311,0.48083183329662155
2020_04_MIN_HOU,2020,4,0.6162961291050671,2.759345669722392,0.47812369157229445
2020_04_NE_KC,2020,4,0.7279106401260202,6.109304375721869,0.47369788785782424
2020_04_NO_DET,2020,4,0.40770645135502437,-3.340142600342152,0.4899494141735699
2020_04_NYG_LA,2020,4,0.8711407299422085,12.409671765617864,0.46781439989851403
2020_04_PHI_SF,2020,4,0.7397124442240952,7.729257600252511,0.4772359427590205
2020_04_SEA_MIA,2020,4,0.3285592220368638,-4.867979889227646,0.48912706967063146
2020_05_ARI_NYJ,2020,5,0.2744389633849788,-7.089583172334842,0.49735272201664316
2020_05_BUF_TEN,2020,5,0.38953488372093026,-3.353309339229334,0.4895604485103363
2020_05_CAR_ATL,2020,5,0.5668328047122791,1.7758935466300576,0.47861198340993855
2020_05_CIN_BAL,2020,5,0.8502780289413667,11.465682678811216,0.46946447617557313
2020_05_IND_CLE,2020,5,0.5103878116343491,0.47185031787439713,0.4843964812656978
2020_05_JAX_HOU,2020,5,0.7166928161923811,5.5649376598908225,0.4723897892988896
2020_05_LAC_NO,2020,5,0.7497605909982216,6.188269008965038,0.4760267565342264
2020_05_LA_WAS,2020,5,0.2683718772778477,-6.997407872721213,0.5000766006786175
2020_05_LV_KC,2020,5,0.8009757715644134,9.885240728108148,0.46709483530999174
2020_05_MIA_SF,2020,5,0.7580179712692672,7.597647528582886,0.47335417187540674
2020_05_MIN_SEA,2020,5,0.7184337879454465,5.591256741880181,0.47316574034198494
2020_05_NYG_DAL,2020,5,0.7531355103799062,6.601032075712442,0.4734539672348885
2020_05_PHI_PIT,2020,5,0.7645462526937505,6.811618862456454,0.47966626824830644
2020_05_TB_CHI,2020,5,0.3689461650384535,-3.62118791394253,0.49641879011721607
2020_06_ARI_DAL,2020,6,0.5195545777019441,0.2875529079448834,0.4789560451129343
2020_06_ATL_MIN,2020,6,0.6354245784596689,2.746183253530924,0.4777353207244303
2020_06_BAL_PHI,2020,6,0.2163676758298239,-10.386795674867974,0.5033452935075058
2020_06_CHI_CAR,2020,6,0.5399277029247453,1.521126042832488,0.4858516287407527
2020_06_CIN_IND,2020,6,0.7498863119599818,6.7589673300871365,0.4781125279741355
2020_06_CLE_PIT,2020,6,0.5986798270759409,2.34659866943461,0.4806986903793664
2020_06_DEN_NE,2020,6,0.7443860487338748,6.346220295303805,0.48068752203603093
2020_06_DET_JAX,2020,6,0.40832074076455643,-3.366475986295338,0.4891714954877587
2020_06_GB_TB,2020,6,0.4224502112251056,-3.4323077246230023,0.4872269364508816
2020_06_HOU_TEN,2020,6,0.6379977530895019,3.2510718448219733,0.47787956127188636
2020_06_KC_BUF,2020,6,0.32135553607946243,-5.825093372791138,0.4903940031239731
2020_06_LA_SF,2020,6,0.4600722970752547,-2.3698622474380033,0.4890714643427565
2020_06_NYJ_MIA,2020,6,0.7796024200518582,8.673226101821285,0.4755830371940136
2020_06_WAS_NYG,2020,6,0.5480494766888677,1.5869558387900993,0.48779592041095204
2020_07_BUF_NYJ,2020,7,0.22725484478632957,-9.442853666655187,0.5016887422559679
2020_07_CAR_NO,2020,7,0.7382412574463144,6.188269008965038,0.4760267565342264
2020_07_CHI_LA,2020,7,0.7231682018677297,5.854494942849158,0.48093176549863653
2020_07_CLE_CIN,2020,7,0.34927302475080935,-4.736309786542232,0.49301709992521925
2020_07_DAL_WAS,2020,7,0.48837209302325585,-1.2415787165123524,0.49286142068831373
2020_07_DET_ATL,2020,7,0.5172913928296243,0.3270424766265787,0.4801214767880408
2020_07_GB_HOU,2020,7,0.43026174256005734,-2.966915594274948,0.48620479691614343
2020_07_JAX_LAC,2020,7,0.7717353250087524,7.184884082645669,0.47592690904146046
2020_07_KC_DEN,2020,7,0.26994359387590655,-7.023743720588738,0.4992983430256803
2020_07_NYG_PHI,2020,7,0.6721843886695558,4.405647845329123,0.4824418053878603
2020_07_PIT_TEN,2020,7,0.5195545777019441,0.4060262404863837,0.4824529766241819
2020_07_SEA_ARI,2020,7,0.36630974947487066,-3.924031596617747,0.4874713836449892
2020_07_SF_NE,2020,7,0.6099342585829073,2.5045744567683768,0.48536282656450364
2020_07_TB_LV,2020,7,0.35946425054165854,-3.818699154317791,0.49058290675520716
2020_08_ATL_CAR,2020,8,0.521797153024911,0.8582588745431822,0.4810428681589158
2020_08_DAL_PHI,2020,8,0.7770439484940493,9.23076098704997,0.47728029755823687
2020_08_IND_DET,2020,8,0.3676233473073202,-3.7528635747431305,0.49252799460494495
2020_08_LAC_DEN,2020,8,0.4207141879874127,-3.1558005303134604,0.49539599710103926
2020_08_LA_MIA,2020,8,0.37895430579964856,-3.687026352039345,0.4944733086862032
2020_08_LV_CLE,2020,8,0.5508689709041202,0.48501555865086177,0.4847852407214335
2020_08_MIN_GB,2020,8,0.6940796970600095,4.818389691328353,0.4798660975013388
2020_08_NE_BUF,2020,8,0.6459016393442624,3.5406854567075476,0.486429285568971
2020_08_NO_CHI,2020,8,0.3223657136138275,-5.4564000616368284,0.5012884317480224
2020_08_NYJ_KC,2020,8,0.9254205701985654,18.64435085349667,0.46000605930721766
2020_08_PIT_BAL,2020,8,0.6495327102803738,3.46169266729642,0.4840965437572601
2020_08_SF_SEA,2020,8,0.5116279069767442,0.3138791077536822,0.479732974896383
2020_08_TB_NYG,2020,8,0.16997029172551503,-12.792739507558084,0.5061245722534073
2020_08_TEN_CIN,2020,8,0.2596297346966464,-7.59447380146914,0.4972082010243821
2020_09_BAL_IND,2020,9,0.497677011707861,0.48501555865086177,0.4847852407214335
2020_09_CAR_KC,2020,9,0.7915272066558287,9.007037149835964,0.4706831132682939
2020_09_CHI_TEN,2020,9,0.7165025365562518,5.788678040182481,0.4789892480152599
2020_09_DEN_ATL,2020,9,0.6676212973221565,3.782285771431073,0.47880061268988666
2020_09_DET_MIN,2020,9,0.617727368199958,2.30710831033795,0.479533149970578
2020_09_GB_SF,2020,9,0.30868052457846373,-6.132473153117007,0.4960853115811587
2020_09_HOU_JAX,2020,9,0.2783322958479118,-7.102751006512642,0.496963605549699
2020_09_LV_LAC,2020,9,0.4837531945965681,-1.4522459365757698,0.48663805292860957
2020_09_MIA_ARI,2020,9,0.6873022714142923,5.244301506833317,0.47767979954002937
2020_09_NE_NYJ,2020,9,0.2354537473062495,-9.298008497651395,0.5059688847382454
2020_09_NO_TB,2020,9,0.6252015045674368,2.32027158798846,0.47992163931318743
2020_09_NYG_WAS,2020,9,0.6023675823341934,2.5309057161433066,0.4861404525265492
2020_09_PIT_DAL,2020,9,0.14019892792765798,-13.670848257866384,0.5097258916808394
2020_09_SEA_BUF,2020,9,0.3945716506247385,-3.4323077246230023,0.4872269364508816
2020_10_BAL_NE,2020,10,0.2610933439936038,-6.971072027549109,0.5008548579603878
2020_10_BUF_ARI,2020,10,0.590044398353696,2.2018088530328037,0.4764261655903972
2020_10_CIN_PIT,2020,10,0.7264615702621697,5.815004271009373,0.4797661820655259
2020_10_DEN_LV,2020,10,0.6362901596282077,2.8119972234233166,0.4796774347806764
2020_10_HOU_CLE,2020,10,0.666540435916856,3.8875941869829616,0.481908829321886
2020_10_IND_TEN,2020,10,0.47698280643372154,-1.3600819037189846,0.4893603804103099
2020_10_JAX_GB,2020,10,0.8713278884167888,12.475456235083755,0.46975245878451866
2020_10_LAC_MIA,2020,10,0.521797153024911,0.47185031787439713,0.4843964812656978
2020_10_MIN_CHI,2020,10,0.38659793814432986,-3.62118791394253,0.49641879011721607
2020_10_PHI_NYG,2020,10,0.3313046548823297,-4.604633541599791,0.4969079758692166
2020_10_SEA_LA,2020,10,0.5792858120125872,2.214970595776795,0.4768144438201614
2020_10_SF_NO,2020,10,0.7707167103733034,8.581103282180834,0.47286637923860975
2020_10_TB_CAR,2020,10,0.2983362973058321,-6.158808584444554,0.4953071112856254
2020_10_WAS_DET,2020,10,0.562379468921525,1.973354059298035,0.48444088485245085
2020_11_ARI_SEA,2020,11,0.6054283493752616,2.175485992551995,0.47564969507752963
2020_11_ATL_NO,2020,11,0.6279229893276131,2.838324085893306,0.4804544557222452
2020_11_CIN_WAS,2020,11,0.534834771627026,1.4421344312558029,0.48351904902984433
2020_11_DAL_MIN,2020,11,0.730924978687127,6.175107690131959,0.47563853659727695
2020_11_DET_CAR,2020,11,0.3871172000921022,-3.221638382786637,0.49345059630674853
2020_11_GB_IND,2020,11,0.5327102803738317,0.8582588745431822,0.4810428681589158
2020_11_KC_LV,2020,11,0.24498087954110898,-7.778819554488563,0.49176111100016023
2020_11_LA_TB,2020,11,0.6434398984710219,3.3695408278035495,0.48137589441895373
2020_11_MIA_DEN,2020,11,0.35532507442619804,-4.152413985380355,0.4954960673181274
2020_11_NE_HOU,2020,11,0.42003945309842866,-2.8089185560009766,0.49087185787290516
2020_11_NYJ_LAC,2020,11,0.7849902733695097,9.125470970357926,0.47417461145781264
2020_11_PHI_CLE,2020,11,0.5605012156349355,1.986519315529664,0.484829646435171
2020_11_PIT_JAX,2020,11,0.19941043870296515,-10.878518494922448,0.5035898855262138
2020_11_TEN_BAL,2020,11,0.6970295160196717,5.204815532398637,0.47651486223025125
2020_12_ARI_NE,2020,12,0.478202846975089,-1.4127477020570733,0.48780467706179714
2020_12_BAL_PIT,2020,12,0.812208284714119,9.748811752412895,0.477812875653639
2020_12_CAR_MIN,2020,12,0.5775497887748944,2.34659866943461,0.4806986903793664
2020_12_CHI_GB,2020,12,0.7530153174805347,6.811618862456454,0.47966626824830644
2020_12_CLE_JAX,2020,12,0.2528312438831151,-7.568138081901076,0.4979864410102539
2020_12_HOU_DET,2020,12,0.40770645135502437,-3.366475986295338,0.4891714954877587
2020_12_KC_TB,2020,12,0.3915565107310036,-3.9371976919623033,0.48708250657040936
2020_12_LAC_BUF,2020,12,0.6632563327113227,3.7559604629355006,0.4780238055084423
2020_12_LV_ATL,2020,12,0.3689461650384535,-3.858199535461824,0.4894159871212655
2020_12_MIA_NYJ,2020,12,0.2450980392156863,-7.502298532904975,0.4999320754107957
2020_12_NO_DEN,2020,12,0.09646730091144967,-16.344719624939025,0.5193567726024869
2020_12_NYG_CIN,2020,12,0.2974714923153198,-6.51885306206795,0.4994428680645056
2020_12_SEA_PHI,2020,12,0.28827328924447726,-6.6505314674981335,0.495551694629528
2020_12_SF_LA,2020,12,0.6643580181140117,4.405647845329123,0.4824418053878603
2020_12_TEN_IND,2020,12,0.5810079557598683,2.30710831033795,0.479533149970578
2020_12_WAS_DAL,2020,12,0.5605012156349355,1.973354059298035,0.48444088485245085
2020_13_BUF_SF,2020,13,0.5357590966122961,0.9635748101407995,0.48415211944210973
2020_13_CIN_MIA,2020,13,0.8050322142204421,9.709325571632768,0.4766479099658625
2020_13_CLE_TEN,2020,13,0.6495327102803738,3.198423871313214,0.47632631047948076
2020_13_DAL_BAL,2020,13,0.7722413312261782,7.716095636453634,0.4768476341294417
2020_13_DEN_KC,2020,13,0.8412035102381947,11.891629525864472,0.4672829935616071
2020_13_DET_CHI,2020,13,0.6018002898771837,2.5045744567683768,0.48536282656450364
2020_13_IND_HOU,2020,13,0.37895430579964856,-3.7791980276983974,0.4917499290207324
2020_13_JAX_MIN,2020,13,0.7915272066558287,9.498766048719505,0.4704393574195358
2020_13_LA_ARI,2020,13,0.4242002781641169,-2.79575153275063,0.4912608626848811
2020_13_LV_NYJ,2020,13,0.24568411260977813,-7.554970193835795,0.498375564897552
2020_13_NE_LAC,2020,13,0.5500363507751557,1.9470239607169235,0.4836634186453438
2020_13_NO_ATL,2020,13,0.4295364214803857,-2.716747898740197,0.4935950973212097
2020_13_NYG_SEA,2020,13,0.8111245777988322,10.04312860377156,0.47174688412553584
2020_13_PHI_GB,2020,13,0.7733375018390467,7.132240329815162,0.47437423863401373
2020_13_WAS_PIT,2020,13,0.7061546512095963,4.910537221392773,0.4825861538949809
2020_14_ARI_NYG,2020,14,0.40832074076455643,-3.221638382786637,0.49345059630674853
2020_14_ATL_LAC,2020,14,0.5284039285250725,0.4586852143102197,0.4840077406932027
2020_14_BAL_CLE,2020,14,0.3808517736016902,-3.182135816759589,0.4946178167550166
2020_14_DAL_CIN,2020,14,0.39360687022900764,-3.1426328246290587,0.495785095874677
2020_14_DEN_CAR,2020,14,0.648330451760112,3.4090335590862186,0.48254176119557274
2020_14_GB_DET,2020,14,0.24757983754311783,-9.666707197686465,0.49507371412001117
2020_14_HOU_CHI,2020,14,0.4792189179505553,-1.281080467216325,0.4916943124991455
2020_14_IND_LV,2020,14,0.4479937670432412,-2.8615858118989874,0.48931595387076504
2020_14_KC_MIA,2020,14,0.25484501866887926,-7.647144918512807,0.4956517654045913
2020_14_MIN_TB,2020,14,0.7382412574463144,6.109304375721869,0.47369788785782424
2020_14_NE_LA,2020,14,0.6766178964388532,4.43197702864807,0.4832191456456481
2020_14_NO_PHI,2020,14,0.252701289647961,-7.423291092045758,0.5022668342216137
2020_14_NYJ_SEA,2020,14,0.8837648682394691,15.281129206904236,0.46402968432565117
2020_14_PIT_BUF,2020,14,0.5399277029247453,1.4289696499612292,0.48313035280608396
2020_14_TEN_JAX,2020,14,0.23850155231613795,-7.686647866647773,0.4944844923428881
2020_14_WAS_SF,2020,14,0.5833751631362314,2.5177400238041434,0.4857516309225048
2020_15_BUF_DEN,2020,15,0.31174797637278495,-5.667085685079286,0.49506253018776686
2020_15_CAR_GB,2020,15,0.782639650883262,8.488992145088144,0.4701513270842313
2020_15_CHI_MIN,2020,15,0.5883967071736573,1.9338591251987194,0.48327471495988195
2020_15_CLE_NYG,2020,15,0.2901043906634867,-6.027130324169711,0.4991982647328258
2020_15_DET_TEN,2020,15,0.7717353250087524,8.449519808747494,0.468988264436866
2020_15_HOU_IND,2020,15,0.7639021449741297,6.587872239639852,0.47306595115303807
2020_15_JAX_BAL,2020,15,0.8541238464403459,11.931098235001333,0.4684455579329239
2020_15_KC_NO,2020,15,0.4357578877693609,-2.9142515642678695,0.4877602568503021
2020_15_LAC_LV,2020,15,0.6191482263983098,2.7725082782168684,0.4785120888697526
2020_15_NE_MIA,2020,15,0.4672897196261682,-1.601625455654184,0.49699686606541266
2020_15_NYJ_LA,2020,15,0.9086641283062269,16.36982631560359,0.4666408915315881
2020_15_PHI_ARI,2020,15,0.7016637026941679,5.709703889718614,0.47665907060033125
2020_15_PIT_CIN,2020,15,0.12392310583175953,-14.05724036530054,0.5130817686881333
2020_15_SEA_WAS,2020,15,0.30476951262926655,-6.027130324169711,0.4991982647328258
2020_15_SF_DAL,2020,15,0.3480866758875058,-4.152413985380355,0.4954960673181274
2020_15_TB_ATL,2020,15,0.299206017551191,-6.158808584444554,0.4953071112856254
2020_16_ATL_KC,2020,16,0.8096263917938955,9.898396542562791,0.4674822988159765
2020_16_BUF_NE,2020,16,0.26392474629994117,-7.050079543766408,0.4985200887725996
2020_16_CAR_WAS,2020,16,0.4837531945965681,-1.1494059268050885,0.495584953745485
2020_16_CHI_JAX,2020,16,0.20624719772829175,-9.442853666655187,0.5016887422559679
2020_16_CIN_HOU,2020,16,0.7418160561184722,6.7589673300871365,0.4781125279741355
2020_16_CLE_NYJ,2020,16,0.26978176462712544,-6.51885306206795,0.4994428680645056
2020_16_DEN_LAC,2020,16,0.5419847328244275,1.9338591251987194,0.48327471495988195
2020_16_IND_PIT,2020,16,0.497677011707861,-1.2020764006715683,0.49402860668857135
2020_16_LA_SEA,2020,16,0.5460453954604539,0.9635748101407995,0.48415211944210973
2020_16_MIA_LV,2020,16,0.45801526717557256,-2.3435289089412423,0.4898493764954482
2020_16_MIN_NO,2020,16,0.7300564061240935,5.722865755116749,0.4770473656975062
2020_16_NYG_BAL,2020,16,0.7834776815456361,9.217599000223704,0.47689198576181074
2020_16_PHI_DAL,2020,16,0.3915565107310036,-3.3006418669552957,0.4911163823010324
2020_16_SF_ARI,2020,16,0.7159090909090909,5.244301506833317,0.47767979954002937
2020_16_TB_DET,2020,16,0.1740093929817051,-12.046314449804234,0.4986313514091769
2020_16_TEN_GB,2020,16,0.6233496049929973,2.2807822982370944,0.4787562460077361
2020_17_ARI_LA,2020,17,0.5419847328244275,0.6430079067197209,0.48945165606761937
2020_17_ATL_TB,2020,17,0.7416762342135478,6.627352444265454,0.47423009513178066
2020_17_BAL_CIN,2020,17,0.13899131574838086,-13.244960385821134,0.5075362987691981
2020_17_DAL_NYG,2020,17,0.46635295110679686,-1.7201343828304558,0.49349503548171264
2020_17_GB_CHI,2020,17,0.3430627570177007,-4.696807402304788,0.4941842953429135
2020_17_JAX_IND,2020,17,0.9035326990885503,14.36343775203182,0.4664527654410068
2020_17_LAC_KC,2020,17,0.28252766108514293,-6.944736212457673,0.5016331110999751
2020_17_LV_DEN,2020,17,0.4242002781641169,-2.8352523582115094,0.49009388188131847
2020_17_MIA_BUF,2020,17,0.40995560164630396,-3.5816844456646275,0.49758613480108954
2020_17_MIN_DET,2020,17,0.39819971012281646,-3.4059753423693797,0.4880047169689105
2020_17_NO_CAR,2020,17,0.3050108932461874,-6.092969756407721,0.49725264641008243
2020_17_NYJ_NE,2020,17,0.6018002898771837,2.5835696701828184,0.4876959020041412
2020_17_PIT_CLE,2020,17,0.7963340122199594,9.656680220048266,0.4750950197295828
2020_17_SEA_SF,2020,17,0.26544089084552636,-6.997407872721213,0.5000766006786175
2020_17_TEN_HOU,2020,17,0.27065517450846727,-7.273929174321364,0.4919055977120608
2020_17_WAS_PHI,2020,17,0.2817523080884246,-6.47934928911791,0.5006102547020977
2020_18_BAL_TEN,2020,18,0.37073068125049297,-3.858199535461824,0.4894159871212655
2020_18_CHI_NO,2020,18,0.8215806113982332,10.05628762124509,0.47213478769163075
2020_18_CLE_PIT,2020,18,0.6860820446337623,4.326664109852516,0.48011030945679567
2020_18_IND_BUF,2020,18,0.7424632631419482,6.161946585409371,0.4752503461010391
2020_18_LA_SEA,2020,18,0.6162961291050671,2.557237463062233,0.48691814559312396
2020_18_TB_WAS,2020,18,0.20494824688154287,-9.868737291694234,0.5038789199317187
2020_19_BAL_BUF,2020,19,0.5642421122306391,1.868037221922565,0.48133150948330006
2020_19_CLE_KC,2020,19,0.7666849658850287,6.508918312346722,0.4707385541421404
2020_19_LA_GB,2020,19,0.755019120458891,6.306729951285711,0.47952198370158833
2020_19_TB_NO,2020,19,0.556697108066971,1.7890563920478808,0.479000413295645
2020_20_BUF_KC,2020,20,0.5971016303329377,2.228132542314031,0.4772027500758402
2020_20_TB_GB,2020,20,0.6210456942003515,2.2676195706073345,0.4783678323237097
2020_21_KC_TB,2020,21,0.39819971012281646,-3.4323077246230023,0.4872269364508816
2021_01_ARI_TEN,2021,1,0.5782326921098653,1.7394304154418387,0.4775360793611137
2021_01_BAL_LV,2021,1,0.39101972672553925,-3.178559343267304,0.49472349669389015
2021_01_CHI_LA,2021,1,0.7711337105475873,8.641513860919678,0.4746477238105328
2021_01_CLE_KC,2021,1,0.6873022714142923,4.6013289916308695,0.47346272205466977
2021_01_DAL_TB,2021,1,0.7849902733695097,8.961499811976875,0.46934123083362594
2021_01_DEN_NYG,2021,1,0.43316719528772085,-2.958202905400601,0.5012351556736269
2021_01_GB_NO,2021,1,0.37207701067238685,-4.0998572917558835,0.4970491161170467
2021_01_JAX_HOU,2021,1,0.3837038708949329,-3.5351512551918476,0.49896123658818975
2021_01_LAC_WAS,2021,1,0.5500363507751557,1.9474784011751614,0.48367683669058986
2021_01_MIA_NE,2021,1,0.617727368199958,2.9544683270375875,0.4838832271956657
2021_01_MIN_CIN,2021,1,0.43949878436506445,-3.0928658351151217,0.49725571734456064
2021_01_NYJ_CAR,2021,1,0.6310538349615464,2.9299898279651746,0.4831604734626163
2021_01_PHI_ATL,2021,1,0.6265670845558816,2.8198432341215236,0.4799089969535144
2021_01_PIT_BUF,2021,1,0.7072057697217258,5.718437376103227,0.47691671931365864
2021_01_SEA_IND,2021,1,0.4207141879874127,-3.141833739763162,0.4958087085447376
2021_01_SF_DET,2021,1,0.2184424838819138,-9.295534033410513,0.5060420000385999
2021_02_ATL_TB,2021,2,0.8579119575560857,12.326946206738715,0.4653783320794282
2021_02_BUF_MIA,2021,2,0.3747984954325632,-3.596361564318221,0.4971524166092533
2021_02_CIN_CHI,2021,2,0.5440238883060285,1.4929414945420931,0.48501929452314163
2021_02_DAL_LAC,2021,2,0.5850622406639003,2.193978661256986,0.4761951814710083
2021_02_DEN_JAX,2021,2,0.31269772858570755,-5.9179670192225355,0.502424164668286
2021_02_DET_GB,2021,2,0.8061357702349868,10.471978683487484,0.46964998920712114
2021_02_HOU_CLE,2021,2,0.8439623496250064,12.412558914709646,0.4678994417693988
2021_02_KC_BAL,2021,2,0.38514560209200854,-3.7310218550370204,0.4931733416631658
2021_02_LA_IND,2021,2,0.3453742498018345,-4.07537322482359,0.49777263629844976
2021_02_LV_PIT,2021,2,0.6766178964388532,4.797108082384071,0.47923802505672247
2021_02_MIN_ARI,2021,2,0.6392711044998141,3.2499131901279457,0.47784537427164625
2021_02_NE_NYJ,2021,2,0.31709972076293247,-5.389987252577405,0.5032509815241811
2021_02_NO_CAR,2021,2,0.4224502112251056,-3.0438975966148205,0.4987027721158179
2021_02_NYG_WAS,2021,2,0.6471201212580523,3.4702027741070443,0.48434783159935174
2021_02_SF_PHI,2021,2,0.4242002781641169,-3.141833739763162,0.4958087085447376
2021_02_TEN_SEA,2021,2,0.7199692401445134,5.5838470790263495,0.47294727489428884
2021_03_ARI_JAX,2021,3,0.2402841621395737,-7.9931604138728805,0.5002021185162834
2021_03_ATL_NYG,2021,3,0.5740354444580784,2.3653011648608677,0.4812507444205084
2021_03_BAL_DET,2021,3,0.24770150852450237,-7.501906765498417,0.4999436526389926
2021_03_CAR_HOU,2021,3,0.21652231845436373,-7.785047121214988,0.5063518643214164
2021_03_CHI_CLE,2021,3,0.7661538461538461,6.7498992559096065,0.4778449631327804
2021_03_CIN_PIT,2021,3,0.5686556434219986,2.0209163562023167,0.48584543613135595
2021_03_GB_SF,2021,3,0.6252015045674368,2.7831303521127153,0.4788255359250339
2021_03_IND_TEN,2021,3,0.6455089820359281,3.8268323405415305,0.4801152747106962
2021_03_LAC_KC,2021,3,0.7115258195992297,5.547144795911793,0.4718652712383032
2021_03_MIA_LV,2021,3,0.6430392656807752,3.396767839902677,0.4821796478720365
2021_03_NO_NE,2021,3,0.5757997218358832,2.4632127590314217,0.484141428817065
2021_03_NYJ_DEN,2021,3,0.8299958535574039,9.697444852914467,0.47629743024861343
2021_03_PHI_DAL,2021,3,0.6367156074014482,2.758655897309975,0.4781033385972411
2021_03_SEA_MIN,2021,3,0.4672897196261682,-2.2939839553604857,0.49131308440094107
2021_03_TB_LA,2021,3,0.497677011707861,-1.3726805954285541,0.4889882100423369
2021_03_WAS_BUF,2021,3,0.7451549813311207,6.737662397420092,0.4774839152092445
2021_04_ARI_LA,2021,4,0.6495327102803738,2.7097090060169298,0.4766592215346507
2021_04_BAL_DEN,2021,4,0.5284039285250725,0.5471511401597723,0.4866202457823786
2021_04_CAR_DAL,2021,4,0.6595651218976498,3.7166972683904884,0.47686538319810734
2021_04_CLE_MIN,2021,4,0.5011531365313653,-1.2992342081408732,0.49115797015519347
2021_04_DET_CHI,2021,4,0.582716381747207,2.512171536717361,0.48558718118139305
2021_04_HOU_BUF,2021,4,0.9107142857142858,17.706389703127847,0.4618305810022971
2021_04_IND_MIA,2021,4,0.5757997218358832,2.0453965645532346,0.4865684251036087
2021_04_JAX_CIN,2021,4,0.7650845050136826,6.725425709996382,0.4771228908126712
2021_04_KC_PHI,2021,4,0.24521583362460678,-7.563117224525093,0.4981348120185205
2021_04_LV_LAC,2021,4,0.6008197724213874,2.2673986894117233,0.47836131460277476
2021_04_NYG_NO,2021,4,0.748535521515462,6.798848345743172,0.47928938257989084
2021_04_PIT_GB,2021,4,0.71333597633497,5.7918594417653155,0.47908313267111013
2021_04_SEA_SF,2021,4,0.556697108066971,1.7883789439889162,0.4789804216058936
2021_04_TB_NE,2021,4,0.3011920417426717,-6.02814581505037,0.4991682557403392
2021_04_TEN_NYJ,2021,4,0.31808312064302313,-5.426713331345485,0.5021657042305775
2021_04_WAS_ATL,2021,4,0.47377843762281124,-1.1890602753249733,0.4944132094802178
2021_05_BUF_KC,2021,5,0.5586071603727317,1.666012797472427,0.47537027768209433
2021_05_CHI_LV,2021,5,0.6910678307588987,4.809345732900864,0.47959918192131956
2021_05_CLE_LAC,2021,5,0.5500363507751557,1.9230000460459293,0.4829541027655579
2021_05_DEN_PIT,2021,5,0.45890354830779323,-1.9634534983954561,0.5010799945838722
2021_05_DET_MIN,2021,5,0.7825612438504289,9.034897194846078,0.4715042509731861
2021_05_GB_CIN,2021,5,0.46214743124779806,-2.208293315479843,0.4938449101184955
2021_05_IND_BAL,2021,5,0.7579052432627578,6.713189196376942,0.47676189031872335
2021_05_LA_SEA,2021,5,0.43949878436506445,-2.772996764236754,0.4919331459710987
2021_05_MIA_TB,2021,5,0.8231559210806665,10.029650279232454,0.47134959576141106
2021_05_NE_HOU,2021,5,0.25023940900177843,-7.6993566990346665,0.5088836600652928
2021_05_NO_WAS,2021,5,0.4491310290958797,-2.528159755137451,0.49916784379381796
2021_05_NYG_DAL,2021,5,0.7477895347151761,6.554131580770002,0.47207122977443183
2021_05_NYJ_ATL,2021,5,0.590044398353696,2.426494931755778,0.4830572873916868
2021_05_PHI_CAR,2021,5,0.5679213219076544,1.935239160207726,0.4833154610032847
2021_05_SF_ARI,2021,5,0.7063684354090785,5.227179769275531,0.4771746404528711
2021_05_TEN_JAX,2021,5,0.36072889550018594,-4.0998572917558835,0.4970491161170467
2021_06_ARI_CLE,2021,6,0.5740354444580784,2.3653011648608677,0.4812507444205084
2021_06_BUF_TEN,2021,6,0.3139179553662376,-6.126082154765496,0.4962741651020175
2021_06_CIN_DET,2021,6,0.35946425054165854,-3.559635421791505,0.49823770268245876
2021_06_DAL_NE,2021,6,0.36242334558131956,-3.65757133216603,0.4953436711641267
2021_06_GB_CHI,2021,6,0.3233821035611469,-5.414471284955295,0.502527466100928
2021_06_HOU_IND,2021,6,0.7906090880291756,9.660737086373835,0.47521467275890766
2021_06_KC_WAS,2021,6,0.3011920417426717,-6.138324098630994,0.49591241734924685
2021_06_LAC_BAL,2021,6,0.6084434892689964,2.304110959992668,0.4794446915258391
2021_06_LA_NYG,2021,6,0.2556139512661252,-7.465180462935635,0.5010289607494514
2021_06_LV_DEN,2021,6,0.6546257501981656,4.342564977188524,0.48057963000923287
2021_06_MIA_JAX,2021,6,0.46424090338770385,-2.6260960946947223,0.4962737531772327
2021_06_MIN_CAR,2021,6,0.44139283962726833,-2.577128063554447,0.49772077939492276
2021_06_SEA_PIT,2021,6,0.6629225583423975,4.882774795410624,0.4817665577493942
2021_06_TB_PHI,2021,6,0.28766575393040644,-7.0718635463260116,0.49787635024814364
2021_07_ATL_MIA,2021,7,0.4499636492248442,-1.692555932581732,0.49430991865164436
2021_07_CAR_NYG,2021,7,0.40832074076455643,-2.9826870971935375,0.5005116182987229
2021_07_CHI_TB,2021,7,0.8387670009795338,11.491197350628658,0.4702163116424775
2021_07_CIN_BAL,2021,7,0.7107129525942516,5.779622017507491,0.4787220069298348
2021_07_DEN_CLE,2021,7,0.534834771627026,1.5908628666584534,0.48791132456718156
2021_07_DET_LA,2021,7,0.8989085704061549,15.704650980879965,0.46177943520279796
2021_07_HOU_ARI,2021,7,0.9202343894938516,19.155732505983785,0.4603407242858579
2021_07_IND_SF,2021,7,0.6128827999078977,3.0034267731518263,0.48532893392777104
2021_07_KC_TEN,2021,7,0.3415685624274581,-4.307966016382844,0.4908999992918597
2021_07_NO_SEA,2021,7,0.31585064107370475,-5.844515194322299,0.5045946734518922
2021_07_NYJ_NE,2021,7,0.7307643486568282,6.319829298858819,0.4799085856709943
2021_07_PHI_LV,2021,7,0.5069715560513107,0.4492328473303292,0.48372863955326795
2021_07_WAS_GB,2021,7,0.7749165560874428,7.634526247553791,0.4744416513871089
2021_08_CAR_ATL,2021,8,0.5500363507751557,1.9107610614337278,0.48259276235446735
2021_08_CIN_NYJ,2021,8,0.1896707191940549,-11.150378230045256,0.5103306160219232
2021_08_DAL_MIN,2021,8,0.6679400834834022,3.7656445504608245,0.47830955400488384
2021_08_GB_ARI,2021,8,0.7157173074903613,5.645021623648746,0.4747511741620603
2021_08_JAX_SEA,2021,8,0.6405357494583416,3.42124563885029,0.48290230526405375
2021_08_LA_HOU,2021,8,0.11767948772316696,-16.50521953151816,0.5146181234663786
2021_08_MIA_BUF,2021,8,0.880139051980694,13.849652597522386,0.4660468551427822
2021_08_NE_LAC,2021,8,0.6297217024951262,2.7831303521127153,0.4788255359250339
2021_08_NYG_KC,2021,8,0.8153846153846155,9.428296961828522,0.4683630364807242
2021_08_PHI_DET,2021,8,0.3885860109036074,-3.129591804526494,0.4961704551093395
2021_08_PIT_CLE,2021,8,0.6711332625214478,4.882774795410624,0.4817665577493942
2021_08_SF_CHI,2021,8,0.34043487810235007,-4.358511913564245,0.5041810775193425
2021_08_TB_NO,2021,8,0.36370984037179227,-4.087615268132803,0.49741087485235286
2021_08_TEN_IND,2021,8,0.6002460024600246,2.2918733766225374,0.47908354389785224
2021_08_WAS_DEN,2021,8,0.6392711044998141,3.396767839902677,0.4821796478720365
2021_09_ARI_SF,2021,9,0.6829002792370676,4.846059603588494,0.48068277895671707
2021_09_ATL_NO,2021,9,0.7141340612678193,6.319829298858819,0.4799085856709943
2021_09_BUF_JAX,2021,9,0.11073451745198123,-14.134627942122144,0.5107958939962439
2021_09_CHI_PIT,2021,9,0.73232769419428,6.393259109834948,0.4820760644719267
2021_09_CLE_CIN,2021,9,0.5500363507751557,1.8985222091147647,0.4822314401469959
2021_09_DEN_DAL,2021,9,0.7971382780577254,9.501690626617822,0.47052554576705197
2021_09_GB_KC,2021,9,0.7410248542497699,6.197458786282516,0.476297841270543
2021_09_HOU_MIA,2021,9,0.6332518337408314,3.396767839902677,0.4821796478720365
2021_09_LAC_PHI,2021,9,0.497677011707861,-1.2380270116101753,0.4929663615568357
2021_09_LV_NYG,2021,9,0.4116032928263426,-3.0928658351151217,0.49725571734456064
2021_09_MIN_BAL,2021,9,0.7316281227221523,6.603068846640487,0.4735140234250541
2021_09_NE_CAR,2021,9,0.37895430579964856,-3.4372144929213237,0.5018553854129049
2021_09_NYJ_IND,2021,9,0.8099784704670973,9.5995612774409,0.47341059967915883
2021_09_TEN_LA,2021,9,0.7549019607843137,6.0628721245266295,0.47232889664970373
2021_10_ATL_DAL,2021,10,0.7732468107071749,6.9842251411772525,0.4700108523566629
2021_10_BAL_MIA,2021,10,0.2277586687738217,-8.3497517615301,0.5044399361094724
2021_10_BUF_NYJ,2021,10,0.15452908001063,-12.673105642315209,0.5096592027701735
2021_10_CAR_ARI,2021,10,0.7445212005717008,6.344305321086287,0.4806309986118439
2021_10_CLE_NE,2021,10,0.5547708605204575,1.9474784011751614,0.48367683669058986
2021_10_DET_PIT,2021,10,0.7591524685560168,8.235908316966373,0.47743216265692917
2021_10_JAX_IND,2021,10,0.7882397728534491,9.562858193602478,0.4723284859637576
2021_10_KC_LV,2021,10,0.41899204424013164,-2.772996764236754,0.4919331459710987
2021_10_LA_SF,2021,10,0.3775590873156503,-3.645329438401463,0.49570541201815616
2021_10_MIN_LAC,2021,10,0.6252015045674368,2.2306878985154697,0.47727814120228745
2021_10_NO_TEN,2021,10,0.5810079557598683,2.4632127590314217,0.484141428817065
2021_10_PHI_DEN,2021,10,0.513948077676165,0.53491096875828,0.4862587420433266
2021_10_SEA_GB,2021,10,0.6114139890963924,2.3285865925599794,0.4801670508618239
2021_10_TB_WAS,2021,10,0.21132463018189718,-9.896964758435667,0.5030447937159453
2021_11_ARI_SEA,2021,11,0.5850622406639003,1.935239160207726,0.4833154610032847
2021_11_BAL_CHI,2021,11,0.32543374528320723,-4.910975552255028,0.5026307673177965
2021_11_CIN_LV,2021,11,0.46097238299983456,-1.262510069895812,0.49224298025843727
2021_11_DAL_KC,2021,11,0.5597200270941521,1.6904846176088393,0.4760921126772103
2021_11_DET_CLE,2021,11,0.8285075183298123,12.08032567031725,0.4728434530282983
2021_11_GB_MIN,2021,11,0.486051922323835,-1.2013020299863333,0.4940514877798408
2021_11_HOU_TEN,2021,11,0.7967994099228416,9.636266178827091,0.47449296324177503
2021_11_IND_BUF,2021,11,0.7402276100940128,6.639773917853337,0.47459641033451155
2021_11_MIA_NYJ,2021,11,0.37207701067238685,-3.510667056999436,0.49968477484431784
2021_11_NE_ATL,2021,11,0.25547879942829915,-6.937200552867161,0.5018557973548929
2021_11_NO_PHI,2021,11,0.5757997218358832,2.0209163562023167,0.48584543613135595
2021_11_NYG_TB,2021,11,0.8146730471948239,10.471978683487484,0.46964998920712114
2021_11_PIT_LAC,2021,11,0.6958932594004505,4.772633257363432,0.4785157768057584
2021_11_SF_JAX,2021,11,0.2833071838076188,-6.396978698420107,0.5030443817835578
2021_11_WAS_CAR,2021,11,0.6162961291050671,2.9667077616870676,0.4842446295363293
2021_12_ATL_JAX,2021,12,0.47698280643372154,-1.6313466285136051,0.49611860023601856
2021_12_BUF_NO,2021,12,0.290309925460965,-6.87599044565596,0.5036645895299829
2021_12_CAR_MIA,2021,12,0.46943325045014145,-1.0299146004075408,0.49911598598982626
2021_12_CHI_DET,2021,12,0.45225634442579243,-2.000179799311284,0.49999468670020325
2021_12_CLE_BAL,2021,12,0.5939086294416244,2.3897782633731213,0.48197330543663236
2021_12_LAC_DEN,2021,12,0.4295364214803857,-2.6260960946947223,0.4962737531772327
2021_12_LA_GB,2021,12,0.4684838160136286,-2.1348423347551924,0.49601530266248595
2021_12_LV_DAL,2021,12,0.7367517454503835,6.1240449463872135,0.47413255909610386
2021_12_MIN_SF,2021,12,0.6306061713569676,2.8198432341215236,0.4799089969535144
2021_12_NYJ_HOU,2021,12,0.5660893345487694,2.450973359080356,0.4837800312514772
2021_12_PHI_NYG,2021,12,0.35946425054165854,-4.014162809256679,0.4995814709344206
2021_12_PIT_CIN,2021,12,0.6162961291050671,2.9544683270375875,0.4838832271956657
2021_12_SEA_WAS,2021,12,0.4519505233111322,-1.1768184781866764,0.4947749370293406
2021_12_TB_IND,2021,12,0.4155887507302011,-3.2397678434164923,0.4929149258029174
2021_12_TEN_NE,2021,12,0.7316281227221523,6.798848345743172,0.47928938257989084
2021_13_ARI_CHI,2021,13,0.23448111757765636,-7.318276699469463,0.5053699939692778
2021_13_BAL_PIT,2021,13,0.3557216929940914,-3.9774364997238636,0.5006667800046718
2021_13_DAL_NO,2021,13,0.30207871113083246,-5.9424511376495905,0.5017006373960061
2021_13_DEN_KC,2021,13,0.7707167103733034,7.671232811666013,0.4755242435454944
2021_13_IND_HOU,2021,13,0.2209541041789902,-9.76230469275329,0.5070238376760323
2021_13_JAX_LA,2021,13,0.8609585172219015,12.9038203716695,0.46764204978640544
2021_13_LAC_CIN,2021,13,0.5704635785196144,1.8495681776336612,0.4807863408902643
2021_13_MIN_DET,2021,13,0.27370749239701414,-6.937200552867161,0.5018557973548929
2021_13_NE_BUF,2021,13,0.5792858120125872,2.5611320672326823,0.48703317479177155
2021_13_NYG_MIA,2021,13,0.7246530137533368,5.914241973359709,0.4826955303974625
2021_13_PHI_NYJ,2021,13,0.35166954823988805,-4.935459651873666,0.5019072426354585
2021_13_SF_SEA,2021,13,0.43391066545123064,-3.031655505454633,0.4990645401510722
2021_13_TB_ATL,2021,13,0.19908248939669348,-10.854988334914825,0.5042851979165145
2021_13_WAS_LV,2021,13,0.5480494766888677,0.4614722299178924,0.4840900347293653
2021_14_ATL_CAR,2021,14,0.562379468921525,2.0576368232488633,0.48692994085801355
2021_14_BAL_CLE,2021,14,0.5850622406639003,2.4632127590314217,0.484141428817065
2021_14_BUF_TB,2021,14,0.6270291076571854,2.7341821079742497,0.4773812327983632
2021_14_CHI_GB,2021,14,0.8379464148659493,10.631018532374618,0.4743382075729326
2021_14_DAL_WAS,2021,14,0.2809810923139964,-6.470431057890457,0.5008737993898043
2021_14_DET_DEN,2021,14,0.83714618069019,12.09256012039746,0.4732041698058085
2021_14_JAX_TEN,2021,14,0.7695940284865566,7.720177487362372,0.4769680559169227
2021_14_LA_ARI,2021,14,0.6162961291050671,2.2918733766225374,0.47908354389785224
2021_14_LV_KC,2021,14,0.7914590201640727,9.071598844455425,0.4725861675588034
2021_14_NO_NYJ,2021,14,0.3569607343192249,-4.407479821185778,0.5027340683100731
2021_14_NYG_LAC,2021,14,0.7739261492087415,8.690456751107721,0.47609129066566336
2021_14_PIT_MIN,2021,14,0.6205588133839255,2.917750769030745,0.4827991228245016
2021_14_SEA_HOU,2021,14,0.22352699724272085,-9.639891962028676,0.5106403916156076
2021_14_SF_CIN,2021,14,0.4491310290958797,-2.662821830193059,0.49518852315132966
2021_15_ARI_DET,2021,15,0.16288307480638217,-12.697588033104092,0.5089359133720402
2021_15_ATL_SF,2021,15,0.7683621272077985,8.592574051893397,0.4732045805703475
2021_15_CAR_BUF,2021,15,0.853607808514128,13.026143070916364,0.47124622161708657
2021_15_CIN_DEN,2021,15,0.5933014354066986,2.4387340824070387,0.48341865065063416
2021_15_DAL_NYG,2021,15,0.18358081030369017,-11.138137287053597,0.5106922259727847
2021_15_GB_BAL,2021,15,0.24324121599177054,-9.283292336112309,0.5064037138406052
2021_15_HOU_JAX,2021,15,0.6999193060318741,5.435225223444681,0.4833150495143361
2021_15_KC_LAC,2021,15,0.38227263180004206,-3.264250885655297,0.4921915467139143
2021_15_LV_CLE,2021,15,0.4210921117684164,-2.945960822215963,0.5015969226106299
2021_15_MIN_CHI,2021,15,0.25977238990598717,-6.949442627642979,0.5014940315758017
2021_15_NE_IND,2021,15,0.5080764260660882,-1.1523347674794107,0.4954984081593897
2021_15_NO_TB,2021,15,0.8125034131660225,10.56984513332713,0.4725344657850138
2021_15_NYJ_MIA,2021,15,0.7918814679039217,9.697444852914467,0.47629743024861343
2021_15_SEA_LA,2021,15,0.7560659701234782,6.7009528592998295,0.4764009141029637
2021_15_TEN_PIT,2021,15,0.533647048893203,0.5471511401597723,0.4866202457823786
2021_15_WAS_PHI,2021,15,0.7979978548444763,9.27960808283301,0.4787215957282296
2021_16_BAL_CIN,2021,16,0.7615828054942709,6.798848345743172,0.47928938257989084
2021_16_BUF_NE,2021,16,0.5183217790582515,0.5593914132656005,0.4869817635202572
2021_16_CHI_SEA,2021,16,0.7360752537000588,6.368781932057299,0.48135349254973353
2021_16_CLE_GB,2021,16,0.7823319232822703,6.713189196376942,0.47676189031872335
2021_16_DEN_LV,2021,16,0.4919235739339118,-1.0543987756141628,0.4983924508988974
2021_16_DET_ATL,2021,16,0.7633307815087788,6.8110860184715385,0.47965054249991573
2021_16_IND_ARI,2021,16,0.5998344142403753,2.3653011648608677,0.4812507444205084
2021_16_JAX_NYJ,2021,16,0.5431472081218274,2.0209163562023167,0.48584543613135595
2021_16_LAC_HOU,2021,16,0.1609900571186799,-13.127637149853637,0.5110024037520475
2021_16_LA_MIN,2021,16,0.3775590873156503,-3.608603572192041,0.49679066004262024
2021_16_MIA_NO,2021,16,0.40073982737361286,-2.860266733935001,0.504129223143984
2021_16_NYG_PHI,2021,16,0.812721815973132,10.20093892587336,0.47640050307300036
2021_16_PIT_KC,2021,16,0.7739602169981917,9.648501537095028,0.4748538048693653
2021_16_SF_TEN,2021,16,0.38421186945302976,-3.5351512551918476,0.49896123658818975
2021_16_TB_CAR,2021,16,0.19370568942199892,-11.174860348886916,0.5096073640631522
2021_16_WAS_DAL,2021,16,0.7930283629175197,9.611796046265225,0.4737713602719392
2021_17_ARI_DAL,2021,17,0.7016893283889576,5.596081587964089,0.47330799976223975
2021_17_ATL_BUF,2021,17,0.8667261434992967,12.940514726386661,0.46872296405512576
2021_17_CAR_NO,2021,17,0.7133174989788355,6.466693824563095,0.4842442179977121
2021_17_CLE_PIT,2021,17,0.47499179161650434,-1.0911249398758425,0.4973071618327645
2021_17_DEN_LAC,2021,17,0.7484276729559749,7.216683334703924,0.47686497213237616
2021_17_DET_SEA,2021,17,0.7734629300912957,7.793599695478523,0.4791344888674225
2021_17_HOU_SF,2021,17,0.8284147182041719,13.001676696929321,0.47052513525091755
2021_17_JAX_NE,2021,17,0.8831038555503422,16.403806444119546,0.46764163956406335
2021_17_KC_CIN,2021,17,0.3779947243901776,-3.669813190527532,0.4949819351849395
2021_17_LA_BAL,2021,17,0.26605339105339104,-6.924958492201769,0.5022175611909556
2021_17_LV_IND,2021,17,0.7724619434588531,7.671232811666013,0.4755242435454944
2021_17_MIA_TEN,2021,17,0.6124587340318646,2.536651593854884,0.48631014934103345
2021_17_MIN_GB,2021,17,0.8454571731380673,12.09256012039746,0.4732041698058085
2021_17_NYG_CHI,2021,17,0.718984860037033,6.4789333788271675,0.4846056367996184
2021_17_PHI_WAS,2021,17,0.3169899088419552,-6.384736703479846,0.503406136569246
2021_17_TB_NYJ,2021,17,0.1336344710670326,-14.134627942122144,0.5107958939962439
2021_18_CAR_TB,2021,18,0.798845836768343,10.151995398577013,0.47495684861523607
2021_18_CHI_MIN,2021,18,0.6301020408163266,2.9055118408226823,0.482437790174719
2021_18_CIN_CLE,2021,18,0.6957699520733487,5.9631988219465155,0.48414101728382397
2021_18_DAL_PHI,2021,18,0.2846975088967971,-6.421462754992709,0.502320863028689
2021_18_GB_DET,2021,18,0.36341238065906994,-4.001920705593741,0.49994324069133617
2021_18_IND_JAX,2021,18,0.12790697674418605,-13.533208581705209,0.5137915357182452
2021_18_KC_DEN,2021,18,0.1790281329923274,-11.174860348886916,0.5096073640631522
2021_18_LAC_LV,2021,18,0.37889039242219213,-3.596361564318221,0.4971524166092533
2021_18_NE_MIA,2021,18,0.3181818181818181,-5.8200315028266045,0.5053181419366105
2021_18_NO_ATL,2021,18,0.33941312975774796,-4.358511913564245,0.5041810775193425
2021_18_NYJ_BUF,2021,18,0.8872651356993738,14.94225417140657,0.4687742090850383
2021_18_PIT_BAL,2021,18,0.5882115462252725,2.536651593854884,0.48631014934103345
2021_18_SEA_ARI,2021,18,0.6704377766847024,4.760396088339778,0.4781546861715498
2021_18_SF_LA,2021,18,0.6115107913669064,2.402017019495237,0.48233461440771935
2021_18_TEN_HOU,2021,18,0.18711018711018712,-10.180110538548245,0.5094522585072923
2021_18_WAS_NYG,2021,18,0.3169899088419552,-5.697615911383778,0.5089350897398466
2021_19_ARI_LA,2021,19,0.6233902972381955,3.2866247651619727,0.4789286555230987
2021_19_LV_CIN,2021,19,0.691138880999716,5.227179769275531,0.4771746404528711
2021_19_NE_BUF,2021,19,0.6545399304578752,3.9247405192653395,0.4830054891615919
2021_19_PHI_TB,2021,19,0.7537267892947433,6.737662397420092,0.4774839152092445
2021_19_PIT_KC,2021,19,0.8447102101575499,11.994690447706926,0.4703192503231641
2021_19_SF_DAL,2021,19,0.6013875365141188,2.2918733766225374,0.47908354389785224
2021_20_BUF_KC,2021,20,0.5649948822927329,1.7394304154418387,0.4775360793611137
2021_20_CIN_TEN,2021,20,0.6392711044998141,3.311099953609243,0.4796509537652404
2021_20_LA_TB,2021,20,0.5775497887748944,1.8862834918323879,0.48187013652005045
2021_20_SF_GB,2021,20,0.7033884379005488,4.784870589624834,0.478876889892827
2021_21_CIN_KC,2021,21,0.7272727272727274,6.038404447675923,0.4716076312349073
2021_21_SF_LA,2021,21,0.6211096075778079,2.9055118408226823,0.482437790174719
2021_22_LA_CIN,2021,22,0.3698979591836735,-4.566626906209492,0.4980310976299973
2022_01_BAL_NYJ,2022,1,0.29384534879040375,-6.390713746981992,0.5032295133927306
2022_01_BUF_LA,2022,1,0.47377843762281124,-1.268475589736335,0.4920667255996881
2022_01_CLE_CAR,2022,1,0.5431472081218274,1.9430647751572354,0.4835465184584177
2022_01_DEN_SEA,2022,1,0.3029704839803284,-5.901889155284274,0.5028992755247119
2022_01_GB_MIN,2022,1,0.5419847328244275,1.7902090510220052,0.4790344287194582
2022_01_IND_HOU,2022,1,0.2775800711743772,-6.947494364165325,0.501551604835911
2022_01_JAX_WAS,2022,1,0.5986798270759409,2.3979224439710536,0.48221373391943506
2022_01_KC_ARI,2022,1,0.30320780070978187,-6.241667420727971,0.49285879978502
2022_01_LV_LAC,2022,1,0.6265670845558816,2.5810824729854622,0.47286576572315003
2022_01_NE_MIA,2022,1,0.5933014354066986,2.2790378382542547,0.47870476826551084
2022_01_NO_ATL,2022,1,0.3233821035611469,-5.884900198914113,0.5034013052457345
2022_01_NYG_TEN,2022,1,0.685385750480274,4.8420615829874105,0.480564771709029
2022_01_PHI_DET,2022,1,0.312960235640648,-6.07177984099548,0.49787882381280035
2022_01_PIT_CIN,2022,1,0.7331798681594643,6.763410081251471,0.4782436204979718
2022_01_SF_CHI,2022,1,0.30683501446004086,-6.186851877058711,0.5092530980747529
2022_01_TB_DAL,2022,1,0.4433028919330289,-2.666996360430729,0.4950651696434102
2022_02_ARI_LV,2022,2,0.6721843886695558,4.57036554501812,0.47254980817663145
2022_02_ATL_LA,2022,2,0.8001430041331682,9.628466237901442,0.4742629405547212
2022_02_CAR_NYG,2022,2,0.48044542229805576,-1.0136439034186346,0.49959680525801664
2022_02_CHI_GB,2022,2,0.7834776815456361,9.781295498300958,0.4787713902349534
2022_02_CIN_DAL,2022,2,0.26978176462712544,-7.300408005036838,0.5058979840664115
2022_02_HOU_DEN,2022,2,0.8025629436811645,9.645445858384958,0.4747636857374546
2022_02_IND_JAX,2022,2,0.4034916946651176,-2.9519528364589616,0.5014198521869305
2022_02_LAC_KC,2022,2,0.6354245784596689,3.069914130208084,0.4725364998975581
2022_02_MIA_BAL,2022,2,0.6063931297709924,2.380938089264134,0.48171233759997434
2022_02_MIN_PHI,2022,2,0.5704635785196144,1.7052996001730691,0.4765291422738282
2022_02_NE_PIT,2022,2,0.41493775933609955,-2.8330302620261616,0.5049340436890916
2022_02_NYJ_CLE,2022,2,0.6829002792370676,5.989563664430839,0.484919546174291
2022_02_SEA_SF,2022,2,0.7678386211843623,7.893916766370134,0.48209547946713754
2022_02_TB_NO,2022,2,0.43500511770726713,-2.4801174105925043,0.5005875557548866
2022_02_TEN_BUF,2022,2,0.7739261492087415,9.105676851911019,0.47359092389928864
2022_02_WAS_DET,2022,2,0.48044542229805576,-1.1665446624521019,0.4950785168783934
2022_03_ATL_SEA,2022,3,0.5023229882921391,0.4595984378161675,0.48403470596722603
2022_03_BAL_NE,2022,3,0.4259645555419216,-2.5310847053545507,0.49908140797912937
2022_03_BUF_MIA,2022,3,0.35449101796407184,-4.286367073362325,0.4915381210199361
2022_03_CIN_NYJ,2022,3,0.3050817654299279,-6.458669844111867,0.5012213571024122
2022_03_DAL_NYG,2022,3,0.5327102803738317,0.61247545816619,0.48854972628502624
2022_03_DET_MIN,2022,3,0.7069937235814012,5.53105200772128,0.4713909119208899
2022_03_GB_TB,2022,3,0.5390276170001653,0.5105556055235003,0.4855394596164331
2022_03_HOU_CHI,2022,3,0.5949110703209063,2.5168198052819317,0.4857244546661468
2022_03_JAX_LAC,2022,3,0.696132596685083,5.734805865500421,0.47739963602139407
2022_03_KC_IND,2022,3,0.35166954823988805,-4.673261534810614,0.49488004042367967
2022_03_LA_ARI,2022,3,0.38514560209200854,-3.6276569059573633,0.49622763124351993
2022_03_LV_TEN,2022,3,0.4491310290958797,-1.553435671683902,0.498420911625843
2022_03_NO_CAR,2022,3,0.46097238299983456,-1.889358637077391,0.5032695572965245
2022_03_PHI_WAS,2022,3,0.3136531365313653,-6.003823527752593,0.49988700986219226
2022_03_PIT_CLE,2022,3,0.6557852820085941,4.051244109925264,0.48674113086073256
2022_03_SF_DEN,2022,3,0.489612188365651,-1.0136439034186346,0.49959680525801664
2022_04_ARI_CAR,2022,4,0.5172913928296243,0.4256281489146335,0.48303169598710416
2022_04_BUF_BAL,2022,4,0.3837038708949329,-3.1728098375528466,0.49489338755940493
2022_04_CHI_NYG,2022,4,0.5757997218358832,2.550792470777856,0.4867277917249864
2022_04_CLE_ATL,2022,4,0.4953533757725013,-1.1495558794736154,0.4955805227238245
2022_04_DEN_LV,2022,4,0.5642421122306391,1.8411584616606393,0.48053811503779786
2022_04_JAX_PHI,2022,4,0.6990396320844041,5.802735024075092,0.47940408494940284
2022_04_KC_TB,2022,4,0.5419847328244275,0.34070690129920633,0.48052478674372323
2022_04_LAC_HOU,2022,4,0.3187935477713086,-5.447042657710809,0.5015649532380095
2022_04_LA_SF,2022,4,0.5399277029247453,0.4935696614886982,0.48503784458737714
2022_04_MIA_CIN,2022,4,0.6379977530895019,3.2057510939425438,0.47654246140845063
2022_04_MIN_NO,2022,4,0.35166954823988805,-3.8786349542513037,0.5035864441431775
2022_04_NE_GB,2022,4,0.7883116369247813,9.343416266485253,0.4806047569232964
2022_04_NYJ_PIT,2022,4,0.6018002898771837,2.4828479756881334,0.4847212326557557
2022_04_SEA_DET,2022,4,0.6119390066215612,2.228091820644572,0.47720154866381376
2022_04_TEN_IND,2022,4,0.6546257501981656,3.881389667023389,0.48172566828768376
2022_04_WAS_DAL,2022,4,0.5933014354066986,2.499833782328017,0.4852228287754003
2022_05_ATL_TB,2022,5,0.7868489845163884,9.645445858384958,0.4747636857374546
2022_05_CHI_MIN,2022,5,0.7701094942408874,9.224538349192759,0.4770967113413154
2022_05_CIN_BAL,2022,5,0.6114139890963924,2.262055511007627,0.4782036508628292
2022_05_DAL_LA,2022,5,0.6697626418988648,4.893013600649209,0.4820688166879454
2022_05_DET_NE,2022,5,0.5816746508332771,2.2960204771151558,0.4792059285306408
2022_05_HOU_JAX,2022,5,0.730924978687127,6.2915636625987235,0.4790744040398852
2022_05_IND_DEN,2022,5,0.6238261481421341,2.9377041380911217,0.4833882408191213
2022_05_LAC_CLE,2022,5,0.48044542229805576,-1.115578126725266,0.4965845601352291
2022_05_LV_KC,2022,5,0.7408832128019694,6.525693904052957,0.47123298266870284
2022_05_MIA_NYJ,2022,5,0.3966571791921516,-3.0368983032423986,0.49890960926587546
2022_05_NYG_GB,2022,5,0.7749165560874428,7.825981243010735,0.48009015497762536
2022_05_PHI_ARI,2022,5,0.32886673747855216,-5.565966258744534,0.4980506203728215
2022_05_PIT_BUF,2022,5,0.8549293271728136,13.135179462540407,0.47446091512848015
2022_05_SEA_NO,2022,5,0.6769093283838592,4.774129575639257,0.4785599309229831
2022_05_SF_CAR,2022,5,0.31808312064302313,-5.76597931050763,0.5069152645894994
2022_05_TEN_WAS,2022,5,0.48837209302325585,-0.9796657033333572,0.5006009042677846
2022_06_ARI_SEA,2022,6,0.43762053107847504,-2.683985069328571,0.49456317399848304
2022_06_BAL_NYG,2022,6,0.31808312064302313,-5.481020825128894,0.5005608587265973
2022_06_BUF_KC,2022,6,0.4207141879874127,-2.8198912572454087,0.49054768843960284
2022_06_CAR_LA,2022,6,0.7810116153488234,9.309449618148825,0.47960224784912114
2022_06_CIN_NO,2022,6,0.39360687022900764,-2.9179747438232915,0.5024239364006599
2022_06_DAL_PHI,2022,6,0.723912553527158,5.85368508327459,0.48090786048844814
2022_06_DEN_LAC,2022,6,0.6336902505251294,2.818814984436848,0.47987864945811987
2022_06_JAX_IND,2022,6,0.5357590966122961,0.527541761240414,0.48604110377976467
2022_06_MIN_MIA,2022,6,0.3794411866160745,-3.002920112968204,0.49991370692463105
2022_06_NE_CLE,2022,6,0.5697382574399427,1.9260797447170757,0.48304502915751807
2022_06_NYJ_GB,2022,6,0.7603858721020694,6.763410081251471,0.4782436204979718
2022_06_SF_ATL,2022,6,0.36674816625916873,-3.52572281306751,0.49923985840784163
2022_06_TB_PIT,2022,6,0.22937728315351283,-9.914419696586723,0.5025289905726406
2022_06_WAS_CHI,2022,6,0.4672897196261682,-0.8267650876037322,0.5051191729146797
2022_07_ATL_CIN,2022,7,0.7098956093365133,5.683862443108007,0.4758967733361343
2022_07_CHI_NE,2022,7,0.7728364052746279,8.871572151978045,0.48143585743520895
2022_07_CLE_BAL,2022,7,0.7174723389148571,5.734805865500421,0.47739963602139407
2022_07_DET_DAL,2022,7,0.7149278269657159,6.104773978990876,0.4735643013892141
2022_07_GB_WAS,2022,7,0.35656010152897805,-3.861646067909576,0.5040884642213799
2022_07_HOU_LV,2022,7,0.7429694587239188,6.223635341932042,0.477070070359908
2022_07_IND_TEN,2022,7,0.5740354444580784,1.9260797447170757,0.48304502915751807
2022_07_KC_SF,2022,7,0.497677011707861,-1.183533373366306,0.49457652095582594
2022_07_NO_ARI,2022,7,0.5686556434219986,1.892110435670392,0.4820421540108629
2022_07_NYG_JAX,2022,7,0.6069415603678434,2.380938089264134,0.48171233759997434
2022_07_NYJ_DEN,2022,7,0.453954604539546,-1.753449232287267,0.5072854857783777
2022_07_PIT_MIA,2022,7,0.7264615702621697,6.763410081251471,0.4782436204979718
2022_07_SEA_LAC,2022,7,0.6679400834834022,4.57036554501812,0.47254980817663145
2022_07_TB_CAR,2022,7,0.15527950310559005,-12.592546930702213,0.5120389319402063
2022_08_ARI_MIN,2022,8,0.648330451760112,3.2057510939425438,0.47654246140845063
2022_08_BAL_TB,2022,8,0.5480494766888677,1.3353467665316483,0.4803665782167693
2022_08_CAR_ATL,2022,8,0.6499104422061458,3.9493286453537584,0.4837314681528953
2022_08_CHI_DAL,2022,8,0.7868489845163884,9.747331078074547,0.4777691876511765
2022_08_CIN_CLE,2022,8,0.3951262751461066,-3.002920112968204,0.49991370692463105
2022_08_DEN_JAX,2022,8,0.5046466242274987,0.527541761240414,0.48604110377976467
2022_08_GB_BUF,2022,8,0.7915272066558287,9.611486993907569,0.4737622471314561
2022_08_LV_NO,2022,8,0.46943325045014145,-1.1665446624521019,0.4950785168783934
2022_08_MIA_DET,2022,8,0.36200224691049804,-3.7295890102724667,0.49321567789897325
2022_08_NE_NYJ,2022,8,0.4066985645933015,-2.8330302620261616,0.5049340436890916
2022_08_NYG_SEA,2022,8,0.6054283493752616,2.363954002211005,0.4812109781069704
2022_08_PIT_PHI,2022,8,0.8049780187088884,10.236160394208575,0.47743959994385476
2022_08_SF_LA,2022,8,0.5023229882921391,-0.9456875384450244,0.5016049984308442
2022_08_TEN_HOU,2022,8,0.478202846975089,-0.8437538430802652,0.504617170856134
2022_08_WAS_IND,2022,8,0.586736037934668,2.499833782328017,0.4852228287754003
2022_09_BAL_NO,2022,9,0.4600722970752547,-1.081600173926856,0.4975886250932716
2022_09_BUF_NYJ,2022,9,0.19386422976501305,-10.858091054288131,0.5041935137645945
2022_09_CAR_CIN,2022,9,0.745785705017046,6.325529689496836,0.4800768276255788
2022_09_GB_DET,2022,9,0.36072889550018594,-4.133470434590572,0.49605584206664033
2022_09_IND_NE,2022,9,0.6618106139438086,4.47212637899778,0.48440463298784064
2022_09_LAC_ATL,2022,9,0.4248994579471935,-2.666996360430729,0.4950651696434102
2022_09_LA_TB,2022,9,0.5971016303329377,2.414907059000751,0.4827151660582693
2022_09_LV_JAX,2022,9,0.451107083760145,-2.5990408757465517,0.49707324160054056
2022_09_MIA_CHI,2022,9,0.3582082253410925,-4.0145473180761675,0.49957010821304626
2022_09_MIN_WAS,2022,9,0.3880609933784388,-2.9519528364589616,0.5014198521869305
2022_09_PHI_HOU,2022,9,0.15167045527612721,-13.774051130342354,0.5066767665959853
2022_09_SEA_ARI,2022,9,0.5480494766888677,0.7276403150349734,0.4771882279009122
2022_09_TEN_KC,2022,9,0.8461898356629043,13.101221056007184,0.4734595394790143
2022_10_ARI_LA,2022,10,0.6270426989984186,3.0735918984414097,0.48740118971074614
2022_10_ATL_CAR,2022,10,0.4452291394795425,-2.3951721894184006,0.5030977648551137
2022_10_CLE_MIA,2022,10,0.6224409126843496,2.2111104721683255,0.47670056587609116
2022_10_DAL_GB,2022,10,0.35166954823988805,-3.474755517109042,0.5007460063483494
2022_10_DEN_TEN,2022,10,0.5605012156349355,2.027993393137449,0.4860544419175678
2022_10_DET_CHI,2022,10,0.5986798270759409,2.228091820644572,0.47720154866381376
2022_10_HOU_NYG,2022,10,0.6700755434503315,4.9099981411937295,0.4825702385777569
2022_10_IND_LV,2022,10,0.648330451760112,3.9493286453537584,0.4837314681528953
2022_10_JAX_KC,2022,10,0.7758985390740433,8.96985846435102,0.4695875157902894
2022_10_LAC_SF,2022,10,0.7584745314828713,7.707105576706125,0.4765824190124282
2022_10_MIN_BUF,2022,10,0.7053108808290155,5.700843241026002,0.4763976804126925
2022_10_NO_PIT,2022,10,0.5240193918025562,0.5785014250908145,0.4875462009834961
2022_10_SEA_TB,2022,10,0.5649948822927329,1.8581421779487641,0.48103942352002166
2022_10_WAS_PHI,2022,10,0.808051612079015,10.236160394208575,0.47743959994385476
2022_11_CAR_BAL,2022,11,0.8392998896396833,12.225441357401063,0.4771233524530404
2022_11_CHI_ATL,2022,11,0.5660893345487694,2.228091820644572,0.47720154866381376
2022_11_CIN_PIT,2022,11,0.37073068125049297,-3.287877782545438,0.50626822511969
2022_11_CLE_BUF,2022,11,0.7561815774459886,6.559648777019099,0.4722338726174976
2022_11_DAL_MIN,2022,11,0.4471717836540324,-1.6553693810965855,0.4954087372661706
2022_11_DET_NYG,2022,11,0.5986798270759409,2.380938089264134,0.48171233759997434
2022_11_KC_LAC,2022,11,0.32106932575441594,-5.701877085933144,0.4940344960350518
2022_11_LA_NO,2022,11,0.5399277029247453,2.0449797585305336,0.4865561149401167
2022_11_LV_DEN,2022,11,0.5775497887748944,1.9770355512014528,0.4845495954762099
2022_11_NYJ_NE,2022,11,0.629269318749507,3.0566052057769375,0.4868994716414854
2022_11_PHI_IND,2022,11,0.290309925460965,-6.4416807746235945,0.5017234023998853
2022_11_SF_ARI,2022,11,0.21561338289962823,-9.795497967158159,0.5060430657202659
2022_11_TEN_GB,2022,11,0.6148543979079913,2.499833782328017,0.4852228287754003
2022_11_WAS_HOU,2022,11,0.41493775933609955,-2.8670078894541042,0.5039300235339108
2022_12_ATL_WAS,2022,12,0.6297217024951262,2.9886604263639716,0.4848928734395594
2022_12_BAL_JAX,2022,12,0.3945716506247385,-3.423788319466474,0.5022521407505354
2022_12_BUF_DET,2022,12,0.21945616020299694,-10.152266077579924,0.49550043790467513
2022_12_CHI_NYJ,2022,12,0.7661538461538461,8.01281373886204,0.4856061467067589
2022_12_CIN_TEN,2022,12,0.5,-0.9796657033333572,0.5006009042677846
2022_12_DEN_CAR,2022,12,0.4759806081974437,-0.7588108887821772,0.5071270678168139
2022_12_GB_PHI,2022,12,0.7149278269657159,5.734805865500421,0.47739963602139407
2022_12_HOU_MIA,2022,12,0.8640691389767738,13.033308959978045,0.4714574365772549
2022_12_LAC_ARI,2022,12,0.43762053107847504,-2.6330187332062014,0.49606918977058134
2022_12_LA_KC,2022,12,0.8882601694532649,15.647251701498588,0.47481694413051595
2022_12_LV_SEA,2022,12,0.644674925573802,3.2397139131838832,0.4775444438022195
2022_12_NE_MIN,2022,12,0.562379468921525,1.9430647751572354,0.4835465184584177
2022_12_NO_SF,2022,12,0.7728364052746279,8.735708884405655,0.4774262786042492
2022_12_NYG_DAL,2022,12,0.7905398342128594,9.662425848047699,0.47526448167780966
2022_12_PIT_IND,2022,12,0.5480494766888677,2.027993393137449,0.4860544419175678
2022_12_TB_CLE,2022,12,0.3880609933784388,-2.900985747071094,0.502925971682286
2022_13_BUF_NE,2022,13,0.3676233473073202,-3.440777362170657,0.5017500991412784
2022_13_CLE_HOU,2022,13,0.25547879942829915,-7.470297038889989,0.5008777598132734
2022_13_DEN_BAL,2022,13,0.7536076905268497,8.85458821565866,0.4809345186809152
2022_13_GB_CHI,2022,13,0.37073068125049297,-3.9805691178577263,0.5005742072411512
2022_13_IND_DAL,2022,13,0.7963340122199594,10.18521689012935,0.47593672602511794
2022_13_JAX_DET,2022,13,0.5284039285250725,0.17088669751826446,0.47551403469289566
2022_13_KC_CIN,2022,13,0.444104134762634,-2.7859153936890686,0.4915514657345141
2022_13_LAC_LV,2022,13,0.5668328047122791,1.722280832820096,0.47703010913247224
2022_13_MIA_SF,2022,13,0.6711332625214478,3.77948936982357,0.47871809259887377
2022_13_NO_TB,2022,13,0.6379977530895019,2.9716747660170935,0.4843912974534736
2022_13_NYJ_MIN,2022,13,0.5792858120125872,2.380938089264134,0.48171233759997434
2022_13_PIT_ATL,2022,13,0.48147562105834224,-0.9796657033333572,0.5006009042677846
2022_13_SEA_LA,2022,13,0.276087446472842,-6.777606062377153,0.5065717282866421
2022_13_TEN_PHI,2022,13,0.6629225583423975,4.319266534871588,0.4798919763865739
2022_13_WAS_NYG,2022,13,0.45890354830779323,-2.3442055422338526,0.5046038234593643
2022_14_BAL_PIT,2022,14,0.5399277029247453,1.1522632289347654,0.48972506953132305
2022_14_CAR_SEA,2022,14,0.6495327102803738,2.852781951680628,0.48088120240468335
2022_14_CLE_CIN,2022,14,0.6534585746204004,3.7455250173121537,0.47771589932881664
2022_14_HOU_DAL,2022,14,0.90462674227086,16.05118918105593,0.47198449192110975
2022_14_JAX_TEN,2022,14,0.6119390066215612,2.448877040698809,0.4837181337642921
2022_14_KC_DEN,2022,14,0.22616355195810023,-8.363001170842903,0.5040484212775184
2022_14_LV_LA,2022,14,0.2817523080884246,-6.339747144950263,0.5047355657795527
2022_14_MIA_LAC,2022,14,0.3960962679598783,-3.3257044061033927,0.49037595155206076
2022_14_MIN_DET,2022,14,0.5547708605204575,1.6373781767207505,0.4745257571002934
2022_14_NE_ARI,2022,14,0.45801526717557256,-1.9912929072683747,0.5002573057177179
2022_14_NYJ_BUF,2022,14,0.7754085940036801,9.241519962048358,0.4775977304882072
2022_14_PHI_NYG,2022,14,0.26994359387590655,-7.385351901841875,0.503387957329271
2022_14_TB_SF,2022,14,0.6455089820359281,3.0735918984414097,0.48740118971074614
2022_15_ARI_DEN,2022,15,0.534834771627026,1.13527574381372,0.48922324237546394
2022_15_ATL_NO,2022,15,0.6789306742455842,4.353233517378777,0.4808945314329685
2022_15_BAL_CLE,2022,15,0.5922935486449755,2.0449797585305336,0.4865561149401167
2022_15_CIN_TB,2022,15,0.3900657414170928,-3.5597009669709645,0.4982357657574252
2022_15_DAL_JAX,2022,15,0.36370984037179227,-4.099492579805988,0.49705989352824653
2022_15_DET_NYJ,2022,15,0.555895865237366,1.4032828958054786,0.48237198607015114
2022_15_IND_MIN,2022,15,0.6362901596282077,2.7848491950278897,0.47887625854156435
2022_15_KC_HOU,2022,15,0.14421617245218096,-14.36480797534006,0.5039950306050047
2022_15_LA_GB,2022,15,0.7579052432627578,7.42207396737262,0.4829267609804875
2022_15_MIA_BUF,2022,15,0.7397124442240952,6.2915636625987235,0.4790744040398852
2022_15_NE_LV,2022,15,0.5500363507751557,0.3916588534596144,0.48202882271066005
2022_15_NYG_WAS,2022,15,0.6522836814321781,3.966314003591005,0.4842330025627436
2022_15_PHI_CHI,2022,15,0.22937728315351283,-8.48192423968851,0.50053416169511
2022_15_PIT_CAR,2022,15,0.5764909248055315,2.146901826914327,0.48956668660477975
2022_15_SF_SEA,2022,15,0.3871172000921022,-2.9349637760697087,0.501921896231451
2022_15_TEN_LAC,2022,15,0.5971016303329377,2.2960204771151558,0.4792059285306408
2022_16_ATL_BAL,2022,16,0.7123342460695936,6.1084691405068545,0.4884313837435851
2022_16_BUF_CHI,2022,16,0.2402841621395737,-7.721279524543476,0.5082359617117939
2022_16_CIN_NE,2022,16,0.4132639620653319,-2.900985747071094,0.502925971682286
2022_16_DEN_LA,2022,16,0.38227263180004206,-2.7141112276930737,0.5084477477459661
2022_16_DET_CAR,2022,16,0.4499636492248442,-2.463128319743803,0.5010896039937406
2022_16_GB_MIA,2022,16,0.629269318749507,2.699940259023743,0.4763710429048292
2022_16_HOU_TEN,2022,16,0.6143408084559349,2.7206662812443874,0.4917459200341687
2022_16_JAX_NYJ,2022,16,0.562379468921525,2.146901826914327,0.48956668660477975
2022_16_LAC_IND,2022,16,0.3676233473073202,-3.474755517109042,0.5007460063483494
2022_16_LV_PIT,2022,16,0.5704635785196144,2.0789530724011285,0.48755954124284157
2022_16_NO_CLE,2022,16,0.6279229893276131,2.7886196007095134,0.4937536938600969
2022_16_NYG_MIN,2022,16,0.6651251793972254,3.7115619690498782,0.4767138854386813
2022_16_PHI_DAL,2022,16,0.6495327102803738,3.22273233562001,0.47704342950896894
2022_16_SEA_KC,2022,16,0.7923696806592547,9.492643441384207,0.47025892649950324
2022_16_TB_ARI,2022,16,0.26028755577590484,-7.283419455360926,0.5063999577877697
2022_16_WAS_SF,2022,16,0.7151211298942416,6.023535663926616,0.4859227915682946
2022_17_ARI_ATL,2022,17,0.7151211298942416,6.393465183416978,0.4820821480647872
2022_17_CAR_TB,2022,17,0.6310538349615464,2.9886604263639716,0.4848928734395594
2022_17_CHI_DET,2022,17,0.6686953451176703,3.5587459612432486,0.47220725796217317
2022_17_CLE_WAS,2022,17,0.5262215623771888,0.5105556055235003,0.4855394596164331
2022_17_DAL_TEN,2022,17,0.14616351195638383,-13.62115992125996,0.5111937400768577
2022_17_DEN_KC,2022,17,0.8495317115164828,12.578432504063494,0.47278763747670455
2022_17_IND_NYG,2022,17,0.6776342863861725,5.011910485078799,0.485579471808993
2022_17_JAX_HOU,2022,17,0.3650052779508833,-3.423788319466474,0.5022521407505354
2022_17_LA_LAC,2022,17,0.7176598944357621,5.887653198693162,0.4819105714002525
2022_17_MIA_NE,2022,17,0.6002460024600246,2.46586239269961,0.4842196673159049
2022_17_MIN_GB,2022,17,0.617727368199958,2.262055511007627,0.4782036508628292
2022_17_NO_PHI,2022,17,0.6735308890005023,4.9099981411937295,0.4825702385777569
2022_17_NYJ_SEA,2022,17,0.4827086071703758,-0.9796657033333572,0.5006009042677846
2022_17_PIT_BAL,2022,17,0.534834771627026,0.714401345638146,0.4915608236904188
2022_17_SF_LV,2022,17,0.20583407465858716,-9.72754447817523,0.5080508628862933
2022_18_ARI_SF,2022,18,0.886302763694837,13.271027447565665,0.4784683920506161
2022_18_BAL_CIN,2022,18,0.8311808694065155,10.372023725784748,0.48144918757909305
2022_18_CAR_NO,2022,18,0.6252015045674368,2.954689334147579,0.48388975291056874
2022_18_CLE_PIT,2022,18,0.5722567873303167,2.027993393137449,0.4860544419175678
2022_18_DAL_WAS,2022,18,0.25977238990598717,-7.249442644490563,0.5074038655100009
2022_18_DET_GB,2022,18,0.7115258195992297,4.655260923164958,0.47505315958221955
2022_18_HOU_IND,2022,18,0.5722567873303167,2.5847659134589724,0.48773123575808774
2022_18_KC_LV,2022,18,0.22143025602054453,-9.089672269433917,0.4973500891413445
2022_18_LAC_DEN,2022,18,0.6979212888691675,5.500737028039032,0.4852495025621776
2022_18_LA_SEA,2022,18,0.6732289817653704,4.9099981411937295,0.4825702385777569
2022_18_MIN_CHI,2022,18,0.2974714923153198,-6.339747144950263,0.5047355657795527
2022_18_NE_BUF,2022,18,0.7655188824223437,7.269221339230976,0.4784150971851272
2022_18_NYG_PHI,2022,18,0.8986974530501657,15.630272041404593,0.47431619350197823
2022_18_NYJ_MIA,2022,18,0.6495327102803738,3.090578775549268,0.48790293316849365
2022_18_TB_ATL,2022,18,0.6829002792370676,5.432795123641575,0.4832433000401143
2022_18_TEN_JAX,2022,18,0.7025285076846802,5.4667656146455474,0.48424633783203513
2022_19_BAL_CIN,2022,19,0.7639021449741297,6.916261834327816,0.4827551639072182
2022_19_DAL_TB,2022,19,0.43949878436506445,-2.5310847053545507,0.49908140797912937
2022_19_LAC_JAX,2022,19,0.4559761116939714,-2.0762383034309217,0.4977470725213093
2022_19_MIA_BUF,2022,19,0.8705882042861398,13.135179462540407,0.47446091512848015
2022_19_NYG_MIN,2022,19,0.5733276913854508,1.7562442990382017,0.4780321805040259
2022_19_SEA_SF,2022,19,0.7923696806592547,9.29246673806578,0.4791010544024171
2022_20_CIN_BUF,2022,20,0.7016637026941679,5.161071439273357,0.4752245342478443
2022_20_DAL_SF,2022,20,0.6306061713569676,2.7848491950278897,0.47887625854156435
2022_20_JAX_KC,2022,20,0.7967369210534896,8.935908168539534,0.46858725477215885
2022_20_NYG_PHI,2022,20,0.7597158378604262,7.133373647509156,0.47440766059633016
2022_21_CIN_KC,2022,21,0.5539593349939177,1.2504331247090166,0.4778607153222575
2022_21_SF_PHI,2022,21,0.5810079557598683,1.8581421779487641,0.48103942352002166
2022_22_KC_PHI,2022,22,0.521797153024911,0.18786722662788824,0.47601490480625835
2023_01_ARI_WAS,2023,1,0.740871613663133,6.41417842632714,0.4826936542683759
2023_01_BUF_NYJ,2023,1,0.448558885283451,-2.4320385633771964,0.5020083389619799
2023_01_CAR_ATL,2023,1,0.6309403437815976,2.9703903417399022,0.484353370197837
2023_01_CIN_CLE,2023,1,0.4956702459300312,-1.043061441298754,0.49872748144755286
2023_01_DAL_NYG,2023,1,0.3962430290578221,-3.3957589998360285,0.503080424376002
2023_01_DET_KC,2023,1,0.6369041816941223,3.098625558138007,0.47338300947960166
2023_01_GB_CHI,2023,1,0.5173641257162701,0.5469250523603412,0.48661356835823955
2023_01_HOU_BAL,2023,1,0.7999999999999999,8.667913583668923,0.47542634150889274
2023_01_JAX_IND,2023,1,0.35527082119976705,-3.905920702848067,0.5027801411523386
2023_01_LA_SEA,2023,1,0.6574752261956054,3.80679920975862,0.4795240276814513
2023_01_LV_DEN,2023,1,0.593369754159424,2.4177882656831056,0.48280022986852356
2023_01_MIA_LAC,2023,1,0.593369754159424,2.2056017541035646,0.4765380558576673
2023_01_PHI_NE,2023,1,0.3775334481388264,-3.3957589998360285,0.503080424376002
2023_01_SF_PIT,2023,1,0.4782608695652174,-1.3834136629108693,0.5034452326701343
2023_01_TB_MIN,2023,1,0.644729178800233,3.324932731236983,0.4800592087671169
2023_01_TEN_NO,2023,1,0.5720596355604638,2.474378562521499,0.4844711372504195
2023_02_BAL_CIN,2023,2,0.6092362344582594,2.828920430052208,0.48017690399968393
2023_02_CHI_TB,2023,2,0.551441114716549,1.9925148185902293,0.485006694600868
2023_02_CLE_PIT,2023,2,0.42794036443953615,-2.2763821377867104,0.5066078918905127
2023_02_GB_ATL,2023,2,0.5720596355604638,2.488526541586933,0.4848889198108534
2023_02_IND_HOU,2023,2,0.5,-0.8591013568814728,0.5041636596674739
2023_02_KC_JAX,2023,2,0.3962430290578221,-3.565568618655349,0.49806237100700734
2023_02_LAC_TEN,2023,2,0.43650793650793646,-2.4603401625781918,0.5011719972757713
2023_02_LV_BUF,2023,2,0.7477827050997783,6.641431489464033,0.4746452945458581
2023_02_MIA_NE,2023,2,0.4572564612326044,-2.0067816930320883,0.49979959229856197
2023_02_MIN_PHI,2023,2,0.6750312469954812,5.139249026624845,0.4745809306041154
2023_02_NO_CAR,2023,2,0.39076376554174075,-2.7723932369481767,0.5067257525558713
2023_02_NYG_ARI,2023,2,0.33635187580853815,-4.713987431653517,0.5084514052568212
2023_02_NYJ_DAL,2023,2,0.7600000000000001,7.845627722695208,0.48067003129795327
2023_02_SEA_DET,2023,2,0.6574752261956054,3.7360732189373365,0.477437027923773
2023_02_SF_LA,2023,2,0.2591283863368669,-7.264793726668601,0.5069502948191669
2023_02_WAS_DEN,2023,2,0.6369041816941223,3.5088462689323663,0.4854889798353442
2023_03_ATL_DET,2023,3,0.5996387718242023,2.290470728250136,0.4790421509395962
2023_03_BUF_WAS,2023,3,0.3194444444444444,-5.3090500892293635,0.5056426261354281
2023_03_CAR_SEA,2023,3,0.6636481241914618,4.359395935842877,0.48107643189947447
2023_03_CHI_KC,2023,3,0.8465011286681716,11.913753223869744,0.4679346209442644
2023_03_DAL_ARI,2023,3,0.16835016835016833,-11.077237790094971,0.5124911227970728
2023_03_DEN_MIA,2023,3,0.6853932584269663,5.181679096997771,0.4758323707751642
2023_03_HOU_JAX,2023,3,0.7600000000000001,6.740438663856502,0.4775658272073226
2023_03_IND_BAL,2023,3,0.7600000000000001,6.740438663856502,0.4775658272073226
2023_03_LAC_MIN,2023,3,0.5,0.17911842382996024,0.4757568389333024
2023_03_LA_CIN,2023,3,0.593369754159424,2.3470543561877264,0.4807121407537624
2023_03_NE_NYJ,2023,3,0.43650793650793646,-2.1773319209568953,0.5095343469643726
2023_03_NO_GB,2023,3,0.4675324675324675,-1.3834136629108693,0.5034452326701343
2023_03_NYG_SF,2023,3,0.8081570996978852,9.631653467092146,0.47435693190386147
2023_03_PHI_TB,2023,3,0.30920711694593195,-5.7909107495486065,0.5061786079685192
2023_03_PIT_LV,2023,3,0.5720596355604638,2.403641117521944,0.4823825616505355
2023_03_TEN_CLE,2023,3,0.6224665518611737,3.04113152111825,0.48644245972338174
2023_04_ARI_SF,2023,4,0.8800000000000001,13.954365740273168,0.4691310370202618
2023_04_ATL_JAX,2023,4,0.6224665518611737,2.913800232957784,0.4826824886946569
2023_04_BAL_CLE,2023,4,0.448558885283451,-1.7803710439594904,0.5064900304906922
2023_04_CIN_TEN,2023,4,0.4066302458405761,-2.347134391389245,0.5045172778733671
2023_04_DEN_CHI,2023,4,0.4066302458405761,-2.98465275689683,0.5004535305809366
2023_04_DET_GB,2023,4,0.43650793650793646,-2.4461893549002296,0.5015901692311584
2023_04_KC_NYJ,2023,4,0.2042241228835748,-9.093191944403868,0.5120198796256413
2023_04_LA_IND,2023,4,0.4891657638136511,-0.9864581377736418,0.5004001792956644
2023_04_LV_LAC,2023,4,0.725752508361204,6.102990256441373,0.47351170610471205
2023_04_MIA_BUF,2023,4,0.5634920634920635,1.6530140435743472,0.4749868916206067
2023_04_MIN_CAR,2023,4,0.33635187580853815,-4.416082420424782,0.5024798559231167
2023_04_NE_DAL,2023,4,0.7095435684647302,5.790848876345664,0.47905331028462605
2023_04_PIT_HOU,2023,4,0.4066302458405761,-2.828994864270286,0.5050532855153956
2023_04_SEA_NYG,2023,4,0.43650793650793646,-2.48864180940571,0.5003356490312839
2023_04_TB_NO,2023,4,0.644729178800233,3.438106836754267,0.4834001307693526
2023_04_WAS_PHI,2023,4,0.7867435158501441,8.682057198011382,0.47584352364500965
2023_05_BAL_PIT,2023,5,0.33099297893681046,-4.18967644375522,0.5091696507643219
2023_05_CAR_DET,2023,5,0.7867435158501441,8.667913583668923,0.47542634150889274
2023_05_CHI_WAS,2023,5,0.690792883054068,5.23825593867761,0.47750142719155597
2023_05_CIN_ARI,2023,5,0.3962430290578221,-2.942200311170637,0.5017080495718828
2023_05_DAL_SF,2023,5,0.6164383561643836,2.8430665854079775,0.480594435620825
2023_05_GB_LV,2023,5,0.5173641257162701,0.43374053442658544,0.48327121353167335
2023_05_HOU_ATL,2023,5,0.5634920634920635,1.9642189295879442,0.48417113899352066
2023_05_JAX_BUF,2023,5,0.6853932584269663,4.671522481027527,0.4755327875362797
2023_05_KC_MIN,2023,5,0.3835616438356164,-3.622171557538253,0.4963897233705885
2023_05_NO_NE,2023,5,0.551441114716549,2.0632571315779313,0.48709594014919755
2023_05_NYG_MIA,2023,5,0.8465011286681716,11.446016241479821,0.4688850435564511
2023_05_NYJ_DEN,2023,5,0.551441114716549,1.9500712240884952,0.4837533940811822
2023_05_PHI_LA,2023,5,0.3690596562184025,-3.565568618655349,0.49806237100700734
2023_05_TEN_IND,2023,5,0.43650793650793646,-2.403737045788844,0.502844669410017
2023_06_ARI_LA,2023,6,0.740871613663133,6.131275390160652,0.4743457823451431
2023_06_BAL_TEN,2023,6,0.31460674157303364,-5.266599033533602,0.5068969537249297
2023_06_CAR_MIA,2023,6,0.8800000000000001,12.891644242880707,0.467283427004983
2023_06_DAL_LAC,2023,6,0.4572564612326044,-1.6098262323157857,0.4967545300532714
2023_06_DEN_KC,2023,6,0.8316498316498315,9.518519459442544,0.4710215241448063
2023_06_DET_TB,2023,6,0.4066302458405761,-2.885597312961744,0.5033807053775023
2023_06_IND_JAX,2023,6,0.644729178800233,3.353225127559152,0.48089428378742877
2023_06_MIN_CHI,2023,6,0.4003612281757977,-2.913898760368446,0.5025443845934988
2023_06_NE_LV,2023,6,0.5720596355604638,2.4602307411593802,0.4840533763933373
2023_06_NO_HOU,2023,6,0.4572564612326044,-1.8935753461119589,0.50314495217443
2023_06_NYG_BUF,2023,6,0.8869565217391304,14.450379966429354,0.4690136064223239
2023_06_PHI_NYJ,2023,6,0.27792074112197634,-6.2444710884280425,0.5075507555484762
2023_06_SEA_CIN,2023,6,0.5829926410466066,2.3470543561877264,0.4807121407537624
2023_06_SF_CLE,2023,6,0.20863836017569545,-8.937560438709266,0.5166160019986851
2023_06_WAS_ATL,2023,6,0.5324675324675325,1.0004914088018433,0.4852422491636978
2023_07_ARI_SEA,2023,7,0.7867435158501441,8.667913583668923,0.47542634150889274
2023_07_ATL_TB,2023,7,0.5720596355604638,2.5734174902917513,0.4873960382980528
2023_07_BUF_NE,2023,7,0.23409789548356585,-7.151594394751265,0.5102946888065006
2023_07_CLE_IND,2023,7,0.3835616438356164,-3.2684043415390187,0.5068436124736725
2023_07_DET_BAL,2023,7,0.593369754159424,2.403641117521944,0.4823825616505355
2023_07_GB_DEN,2023,7,0.5173641257162701,0.9438999139708211,0.483571176918414
2023_07_JAX_NO,2023,7,0.5720596355604638,1.9925148185902293,0.485006694600868
2023_07_LAC_KC,2023,7,0.6957699520733487,4.671522481027527,0.4755327875362797
2023_07_LV_CHI,2023,7,0.43650793650793646,-2.262231871459123,0.5070259893048487
2023_07_MIA_PHI,2023,7,0.5829926410466066,2.1631704249999686,0.4752864426099257
2023_07_PIT_LA,2023,7,0.6092362344582594,2.8713594829799325,0.48142957960187077
2023_07_SF_MIN,2023,7,0.26645768025078376,-6.768782617081243,0.5068324355893216
2023_07_WAS_NYG,2023,7,0.4066302458405761,-2.7016427719302145,0.5088161203080848
2023_08_ATL_TEN,2023,8,0.4572564612326044,-2.1631822434114953,0.5099523633157932
2023_08_BAL_ARI,2023,8,0.19999999999999998,-9.17808844350451,0.5095119971246121
2023_08_CHI_LAC,2023,8,0.7819063004846527,8.597199337720513,0.47334095682991006
2023_08_CIN_SF,2023,8,0.644729178800233,3.353225127559152,0.48089428378742877
2023_08_CLE_SEA,2023,8,0.6369041816941223,3.480550024260262,0.4846533752789112
2023_08_HOU_CAR,2023,8,0.4066302458405761,-2.871446638651845,0.503798858968064
2023_08_JAX_PIT,2023,8,0.448558885283451,-2.332983831897236,0.5049354156538649
2023_08_KC_DEN,2023,8,0.2591283863368669,-6.7970832781050285,0.5059962230858005
2023_08_LA_DAL,2023,8,0.725752508361204,5.7484133571101825,0.4778011207840039
2023_08_LV_DET,2023,8,0.740871613663133,6.187848748150245,0.47601435973081574
2023_08_MIN_GB,2023,8,0.4956702459300312,-0.9015533894177987,0.5029091975729333
2023_08_NE_MIA,2023,8,0.7600000000000001,6.655574633341387,0.4750624119949776
2023_08_NO_IND,2023,8,0.4572564612326044,-1.921876826105152,0.5023086269032656
2023_08_NYJ_NYG,2023,8,0.4066302458405761,-2.6450439864205966,0.5104881960849202
2023_08_PHI_WAS,2023,8,0.27792074112197634,-6.712182161896829,0.5085047412418894
2023_08_TB_BUF,2023,8,0.7957758771164253,9.16392660985378,0.47530874598825157
2023_09_ARI_CLE,2023,9,0.8465011286681716,12.196579165229988,0.4762718932835504
2023_09_BUF_CIN,2023,9,0.5324675324675325,0.745852482597432,0.4777255612530945
2023_09_CHI_NO,2023,9,0.7819063004846527,8.228476759941543,0.47721290554195805
2023_09_DAL_PHI,2023,9,0.6092362344582594,2.8006287273722466,0.47934192440323525
2023_09_IND_CAR,2023,9,0.4572564612326044,-1.4824690854534033,0.5005180608193406
2023_09_LAC_NYJ,2023,9,0.3962430290578221,-2.8148443698179384,0.5054714143402981
2023_09_LA_GB,2023,9,0.6333661417322834,3.04113152111825,0.48644245972338174
2023_09_MIA_KC,2023,9,0.5108342361863488,0.2639848205013875,0.47826057953558615
2023_09_MIN_ATL,2023,9,0.6309403437815976,3.026982992886681,0.48602460158054117
2023_09_NYG_LV,2023,9,0.5173641257162701,0.617669932536534,0.4887031672644608
2023_09_SEA_BAL,2023,9,0.7001620745542949,5.26654574677425,0.47833614618557435
2023_09_TB_HOU,2023,9,0.5720596355604638,2.0349597835040982,0.48626018372583796
2023_09_TEN_PIT,2023,9,0.6092362344582594,3.0694289864269573,0.4872782322833813
2023_09_WAS_NE,2023,9,0.5829926410466066,2.006662993613792,0.4854245041302977
2023_10_ATL_ARI,2023,10,0.4572564612326044,-1.921876826105152,0.5023086269032656
2023_10_CAR_CHI,2023,10,0.6164383561643836,2.5592686540568277,0.4869781377606669
2023_10_CLE_BAL,2023,10,0.690792883054068,5.43630188415543,0.48334683843917375
2023_10_DEN_BUF,2023,10,0.7659021045164341,6.627288602915825,0.47422821247582686
2023_10_DET_LAC,2023,10,0.43650793650793646,-2.545245109993322,0.4986629515876738
2023_10_GB_PIT,2023,10,0.5996387718242023,2.5451199500800565,0.4865602554280299
2023_10_HOU_CIN,2023,10,0.6853932584269663,4.742243266408312,0.4776190713810353
2023_10_IND_NE,2023,10,0.4826358742837298,-0.915704131703891,0.5024910346220897
2023_10_NO_MIN,2023,10,0.4170073589533933,-2.8148443698179384,0.5054714143402981
2023_10_NYG_DAL,2023,10,0.9197080291970804,16.519275495373,0.47104380705240617
2023_10_NYJ_LV,2023,10,0.4891657638136511,-0.7317480021152216,0.5079266682802824
2023_10_SF_JAX,2023,10,0.3962430290578221,-2.913898760368446,0.5025443845934988
2023_10_TEN_TB,2023,10,0.5634920634920635,2.0349597835040982,0.48626018372583796
2023_10_WAS_SEA,2023,10,0.7001620745542949,5.28069098283196,0.4787535513479105
2023_11_ARI_HOU,2023,11,0.6853932584269663,4.685666158335138,0.4759499783303105
2023_11_CHI_DET,2023,11,0.7819063004846527,7.095017002421266,0.4732766104215605
2023_11_CIN_BAL,2023,11,0.644729178800233,3.2824956657819637,0.47880680657975727
2023_11_DAL_CAR,2023,11,0.16835016835016833,-10.581226313787175,0.5123733140531646
2023_11_LAC_GB,2023,11,0.4066302458405761,-2.8997480216166083,0.5029625470576748
2023_11_LV_MIA,2023,11,0.8800000000000001,12.976476935599866,0.46978253513885176
2023_11_MIN_DEN,2023,11,0.5634920634920635,1.921776312287569,0.482917972952202
2023_11_NYG_WAS,2023,11,0.7659021045164341,6.867749796159858,0.48132302498975366
2023_11_NYJ_BUF,2023,11,0.7659021045164341,7.33546925638422,0.4803701935651533
2023_11_PHI_KC,2023,11,0.5720596355604638,1.8510421425297388,0.4808298480277135
2023_11_PIT_CLE,2023,11,0.5634920634920635,2.1906011954128357,0.4908576696333757
2023_11_SEA_LA,2023,11,0.551441114716549,1.8793352561496222,0.4816650217331873
2023_11_TB_SF,2023,11,0.8677165354330709,12.579448804214213,0.4728176006285184
2023_11_TEN_JAX,2023,11,0.7135512302607419,5.875725542297438,0.48155846340179786
2023_12_BAL_LAC,2023,12,0.3962430290578221,-3.0412560625449836,0.4987808324404769
2023_12_BUF_PHI,2023,12,0.5720596355604638,1.7661676086156486,0.4783249882073632
2023_12_CAR_TEN,2023,12,0.6092362344582594,3.0977269685822986,0.48811407598633155
2023_12_CHI_MIN,2023,12,0.5996387718242023,2.403641117521944,0.4823825616505355
2023_12_CLE_DEN,2023,12,0.5324675324675325,1.1278306264559883,0.4890033115558477
2023_12_GB_DET,2023,12,0.7768331562167907,7.6051726152024886,0.473576055738233
2023_12_JAX_HOU,2023,12,0.4891657638136511,-1.0855137980695178,0.4974729747059378
2023_12_KC_LV,2023,12,0.19999999999999998,-8.639628362282625,0.5106481785526461
2023_12_LA_ARI,2023,12,0.42794036443953615,-2.9280495249691785,0.5021262185699146
2023_12_MIA_NYJ,2023,12,0.19999999999999998,-9.050745285724801,0.5132736018819334
2023_12_NE_NYG,2023,12,0.34252477380439467,-4.1330779959786,0.5108416800454626
2023_12_NO_ATL,2023,12,0.4572564612326044,-1.879424651916338,0.5035631085032306
2023_12_PIT_CIN,2023,12,0.448558885283451,-1.7096203597877195,0.5085804284165912
2023_12_SF_SEA,2023,12,0.2522172949002217,-6.740482233688035,0.5076686098667333
2023_12_TB_IND,2023,12,0.5829926410466066,1.8793352561496222,0.4816650217331873
2023_12_WAS_DAL,2023,12,0.8524590163934427,11.913753223869744,0.4679346209442644
2023_13_ARI_PIT,2023,13,0.7095435684647302,5.365566780687379,0.48125858504162317
2023_13_ATL_NYJ,2023,13,0.4675324675324675,-1.6247224617794638,0.5110885035002215
2023_13_CAR_TB,2023,13,0.6369041816941223,3.55129173063932,0.4867425373365957
2023_13_CIN_JAX,2023,13,0.8118668596237336,9.220502249080656,0.47697763704979323
2023_13_CLE_LA,2023,13,0.6309403437815976,2.9986863664761128,0.48518894448536826
2023_13_DEN_HOU,2023,13,0.6037569709421778,2.7723378636221176,0.4785070602088388
2023_13_DET_NO,2023,13,0.3630958183058778,-3.962523832029057,0.5011074673117482
2023_13_IND_TEN,2023,13,0.4739134147382802,-1.3975643665430053,0.5030270750419333
2023_13_KC_GB,2023,13,0.30423004792665137,-5.294899674345765,0.5060607440043214
2023_13_LAC_NE,2023,13,0.33635187580853815,-4.18967644375522,0.5091696507643219
2023_13_MIA_WAS,2023,13,0.2132564841498559,-8.37001956609522,0.5038410288555313
2023_13_SEA_DAL,2023,13,0.7999999999999999,8.554774002821658,0.4720901676597915
2023_13_SF_PHI,2023,13,0.42794036443953615,-2.9705019313827647,0.5008717049923982
2023_14_BUF_KC,2023,14,0.5324675324675325,1.270155060736232,0.4784426495052973
2023_14_CAR_NO,2023,14,0.6805555555555556,4.940289993947122,0.48346459021784216
2023_14_DEN_LAC,2023,14,0.593369754159424,2.361200763352448,0.4811297070178825
2023_14_DET_CHI,2023,14,0.3962430290578221,-2.913898760368446,0.5025443845934988
2023_14_GB_NYG,2023,14,0.30423004792665137,-5.60696283349192,0.5116131107678813
2023_14_HOU_NYJ,2023,14,0.39076376554174075,-3.0844583637547247,0.5122778484280537
2023_14_IND_CIN,2023,14,0.5720596355604638,2.361200763352448,0.4811297070178825
2023_14_JAX_CLE,2023,14,0.5634920634920635,2.091555003900581,0.48793176873357685
2023_14_LA_BAL,2023,14,0.7508125677139762,6.782873810653531,0.47881796548132194
2023_14_MIN_LV,2023,14,0.4170073589533933,-2.8006939309487158,0.5058895355118102
2023_14_NE_PIT,2023,14,0.7001620745542949,5.676829687999587,0.4904508156541783
2023_14_PHI_DAL,2023,14,0.6092362344582594,2.6308973134152187,0.474334632812005
2023_14_SEA_SF,2023,14,0.8720930232558138,13.458351539000917,0.4692484710367796
2023_14_TB_ATL,2023,14,0.5324675324675325,1.014639667803644,0.4856600702510695
2023_14_TEN_MIA,2023,14,0.8677165354330709,12.962337362518209,0.46936590845897075
2023_15_ATL_CAR,2023,15,0.4170073589533933,-2.5601490890552037,0.5129958580919195
2023_15_BAL_JAX,2023,15,0.33635187580853815,-3.821016941349714,0.50528902354023
2023_15_CHI_CLE,2023,15,0.5720596355604638,2.5592686540568277,0.4869781377606669
2023_15_DAL_BUF,2023,15,0.551441114716549,1.270155060736232,0.4784426495052973
2023_15_DEN_DET,2023,15,0.690792883054068,4.657379052058797,0.4751156308890137
2023_15_HOU_TEN,2023,15,0.6037569709421778,2.5592686540568277,0.4869781377606669
2023_15_KC_NE,2023,15,0.2042241228835748,-9.518459814771354,0.5142271118806144
2023_15_LAC_LV,2023,15,0.593369754159424,2.615864750120212,0.4886498433034593
2023_15_MIN_CIN,2023,15,0.6092362344582594,2.4602307411593802,0.4840533763933373
2023_15_NYG_NO,2023,15,0.6853932584269663,5.408007305771031,0.4825114631905481
2023_15_NYJ_MIA,2023,15,0.7440690150970525,6.9526326087280825,0.48382902379280124
2023_15_PHI_SEA,2023,15,0.3249687530045188,-4.883791949795806,0.503434054223972
2023_15_PIT_IND,2023,15,0.5260865852617197,1.014639667803644,0.4856600702510695
2023_15_SF_ARI,2023,15,0.15349887133182846,-12.168305739518015,0.5098010038505647
2023_15_TB_GB,2023,15,0.6574752261956054,3.42395943907595,0.4829824282168098
2023_15_WAS_LA,2023,15,0.7179705215419501,5.635262198095202,0.47446335505889514
2023_16_ARI_CHI,2023,16,0.6574752261956054,3.891677212375331,0.4820293646895823
2023_16_BAL_SF,2023,16,0.7440690150970525,5.663548517337286,0.4752975942867706
2023_16_BUF_LAC,2023,16,0.1475409836065574,-12.551123519274237,0.5132624307785294
2023_16_CIN_PIT,2023,16,0.4170073589533933,-2.7723932369481767,0.5067257525558713
2023_16_CLE_HOU,2023,16,0.4066302458405761,-2.786543551909796,0.5063076484452224
2023_16_DAL_MIA,2023,16,0.5260865852617197,0.8165792235684565,0.47981266419252566
2023_16_DET_MIN,2023,16,0.42794036443953615,-2.516943469873043,0.4994992989085575
2023_16_GB_CAR,2023,16,0.3630958183058778,-3.2542541149290325,0.5072617044194274
2023_16_IND_ATL,2023,16,0.5829926410466066,2.3894941482554146,0.48196491804809627
2023_16_JAX_TB,2023,16,0.4675324675324675,-1.9077260722575784,0.5027267914461314
2023_16_LV_KC,2023,16,0.8223350253807106,10.198383675199183,0.4763251247250022
2023_16_NE_DEN,2023,16,0.740871613663133,6.428325704982347,0.48311134044264875
2023_16_NO_LA,2023,16,0.6574752261956054,3.310786834648095,0.4796417127443674
2023_16_NYG_PHI,2023,16,0.863013698630137,13.075462294544673,0.4727000689163435
2023_16_SEA_TEN,2023,16,0.4003612281757977,-2.8431454100584106,0.5046351496218552
2023_16_WAS_NYJ,2023,16,0.5996387718242023,2.6017155425663514,0.48823189165307074
2023_17_ARI_PHI,2023,17,0.8465011286681716,10.950001987971673,0.4690024703968193
2023_17_ATL_CHI,2023,17,0.5829926410466066,2.530971382603373,0.48614239188351566
2023_17_CAR_JAX,2023,17,0.6309403437815976,3.04113152111825,0.48644245972338174
2023_17_CIN_KC,2023,17,0.7440690150970525,6.669718030322733,0.47547956424408133
2023_17_DET_DAL,2023,17,0.6750312469954812,4.544241067466622,0.47177967647166524
2023_17_GB_MIN,2023,17,0.5043297540699688,0.504479721820188,0.4853600289103962
2023_17_LAC_DEN,2023,17,0.6369041816941223,2.9986863664761128,0.48518894448536826
2023_17_LA_NYG,2023,17,0.2820294784580499,-5.776760414357842,0.5065967148644944
2023_17_LV_IND,2023,17,0.6164383561643836,2.913800232957784,0.4826824886946569
2023_17_MIA_BAL,2023,17,0.6164383561643836,2.3046163266587443,0.47945960594418463
2023_17_NE_BUF,2023,17,0.8869565217391304,14.0674893413421,0.4724650145824857
2023_17_NO_TB,2023,17,0.5720596355604638,1.9500712240884952,0.4837533940811822
2023_17_NYJ_CLE,2023,17,0.7415045018878884,6.059646889755831,0.4869893091599471
2023_17_PIT_SEA,2023,17,0.6636481241914618,3.934118734307241,0.48328238000138013
2023_17_SF_WAS,2023,17,0.12382234185733514,-13.642190077275433,0.5105725033713775
2023_17_TEN_HOU,2023,17,0.6690070210631895,4.316957381966696,0.4798238249547965
2023_18_ATL_NO,2023,18,0.6092362344582594,2.9420949525967814,0.4835178833806756
2023_18_BUF_MIA,2023,18,0.4170073589533933,-2.516943469873043,0.4994992989085575
2023_18_CHI_GB,2023,18,0.5720596355604638,1.8651886041351302,0.4812474217818186
2023_18_CLE_CIN,2023,18,0.7508125677139762,6.924337635790826,0.4829935942508838
2023_18_DAL_WAS,2023,18,0.14205607476635515,-12.636017954978469,0.5107548323213573
2023_18_DEN_LV,2023,18,0.6092362344582594,3.0552801870456174,0.4868603368187767
2023_18_HOU_IND,2023,18,0.4675324675324675,-1.5532232015566039,0.4984271903410825
2023_18_JAX_TEN,2023,18,0.3775334481388264,-3.310855421509114,0.5055892815418487
2023_18_KC_LAC,2023,18,0.6224665518611737,3.1260254336418893,0.48894998616348095
2023_18_LA_SF,2023,18,0.6805555555555556,4.911995318166636,0.48262920156702044
2023_18_MIN_DET,2023,18,0.644729178800233,2.7723378636221176,0.4785070602088388
2023_18_NYJ_NE,2023,18,0.5634920634920635,2.346253843959873,0.49545670250075324
2023_18_PHI_NYG,2023,18,0.32872981910134214,-4.317027986246386,0.5054068916773352
2023_18_PIT_BAL,2023,18,0.4170073589533933,-2.6167452158937623,0.511324148312845
2023_18_SEA_ARI,2023,18,0.4170073589533933,-2.5310942946007375,0.49908112460538145
2023_18_TB_CAR,2023,18,0.3194444444444444,-4.614940034437598,0.5113774721416717
2023_19_CLE_HOU,2023,19,0.42794036443953615,-2.4461893549002296,0.5015901692311584
2023_19_GB_DAL,2023,19,0.7440690150970525,6.004000977530138,0.47059363360394174
2023_19_LA_DET,2023,19,0.593369754159424,2.6308973134152187,0.474334632812005
2023_19_MIA_KC,2023,19,0.6690070210631895,3.849237332738281,0.4807765753469697
2023_19_PHI_TB,2023,19,0.4066302458405761,-2.3895863282198184,0.5032628289573206
2023_19_PIT_BUF,2023,19,0.7957758771164253,9.26293644713142,0.47822964483536984
2023_20_GB_SF,2023,20,0.7913616398243045,9.433681184190268,0.46852164907813076
2023_20_HOU_BAL,2023,20,0.7768331562167907,9.135640276983839,0.4744745048866846
2023_20_KC_BUF,2023,20,0.5634920634920635,1.8651886041351302,0.4812474217818186
2023_20_TB_DET,2023,20,0.705033164260632,5.125106180162398,0.4741638540451387
2023_21_DET_SF,2023,21,0.7335423197492164,6.4858748194983935,0.4700594648831356
2023_21_KC_BAL,2023,21,0.6574752261956054,3.835091090914718,0.48035903183009615
2023_22_SF_KC,2023,22,0.4782608695652174,-1.5390723932998396,0.4988453623761718
2024_01_ARI_BUF,2024,1,0.725752508361204,5.8631582528173025,0.4811874888114518
2024_01_BAL_KC,2024,1,0.5720596355604638,2.3468409139814064,0.4807058406390158
2024_01_CAR_NO,2024,1,0.6309403437815976,3.135916190549637,0.48924216150265265
2024_01_DAL_CLE,2024,1,0.5427435387673957,1.8858643772718886,0.4818577639485794
2024_01_DEN_SEA,2024,1,0.705033164260632,5.907466718455946,0.4824955035095628
2024_01_GB_PHI,2024,1,0.5427435387673957,1.176075561751925,0.47566708516104095
2024_01_HOU_IND,2024,1,0.4170073589533933,-3.251585949403783,0.4925657434801022
2024_01_JAX_MIA,2024,1,0.6164383561643836,2.8340518969121407,0.4803283596004361
2024_01_LA_DET,2024,1,0.6636481241914618,4.115980222306399,0.4738947419579738
2024_01_LV_LAC,2024,1,0.5829926410466066,2.6207373590084537,0.48879377758902026
2024_01_MIN_NYG,2024,1,0.4891657638136511,-0.8368836904994444,0.5048201784550923
2024_01_NE_CIN,2024,1,0.7571884984025559,7.6102317125760495,0.4884834482016793
2024_01_NYJ_SF,2024,1,0.6164383561643836,3.225116161146931,0.49187739198053804
2024_01_PIT_ATL,2024,1,0.6309403437815976,3.4918084726215706,0.48498583593699784
2024_01_TEN_CHI,2024,1,0.6369041816941223,3.5801164979664044,0.4875939052860994
2024_01_WAS_TB,2024,1,0.6369041816941223,3.61118485779512,0.48851160315454234
2024_02_ATL_PHI,2024,2,0.6957699520733487,4.763126327559975,0.4782352476903367
2024_02_BUF_MIA,2024,2,0.551441114716549,1.5606262116960385,0.4722626871485563
2024_02_CHI_HOU,2024,2,0.690792883054068,5.40605505528118,0.4824538273144978
2024_02_CIN_KC,2024,2,0.7135512302607419,5.700500225574557,0.4763875616196426
2024_02_CLE_JAX,2024,2,0.6037569709421778,2.5476443118800165,0.486634811449787
2024_02_IND_GB,2024,2,0.43650793650793646,-2.7051664902450128,0.5087120150496182
2024_02_LAC_CAR,2024,2,0.33635187580853815,-4.654156274393454,0.5102190070067485
2024_02_LA_ARI,2024,2,0.4956702459300312,-1.2957712566252275,0.4912602799590023
2024_02_LV_BAL,2024,2,0.7867435158501441,8.568961880216131,0.4872644357235295
2024_02_NO_DAL,2024,2,0.7135512302607419,5.734432388871303,0.4773886170324009
2024_02_NYG_WAS,2024,2,0.5324675324675325,1.0321752426233082,0.4861779460785312
2024_02_NYJ_TEN,2024,2,0.3835616438356164,-3.5200606063766533,0.49940718362156444
2024_02_PIT_DEN,2024,2,0.4170073589533933,-2.6614723146002546,0.510002878096389
2024_02_SEA_NE,2024,2,0.3962430290578221,-3.183997552539437,0.509337424121089
2024_02_SF_MIN,2024,2,0.34252477380439467,-4.342212039305494,0.5046627300495332
2024_02_TB_DET,2024,2,0.7571884984025559,6.704592000658303,0.47650826803366464
2024_03_BAL_DAL,2024,3,0.4782608695652174,-1.4674910081347474,0.500960681393625
2024_03_CAR_LV,2024,3,0.6805555555555556,5.099487030458845,0.48816606508237115
2024_03_CHI_IND,2024,3,0.5324675324675325,1.0962426285426163,0.4880702313796982
2024_03_DEN_TB,2024,3,0.6805555555555556,5.46576108503834,0.48421667588766193
2024_03_DET_ARI,2024,3,0.42794036443953615,-3.114414446354326,0.4966189471321342
2024_03_GB_TEN,2024,3,0.593369754159424,2.717871082142439,0.49166333618064734
2024_03_HOU_MIN,2024,3,0.448558885283451,-1.9980763879809371,0.5000568451972516
2024_03_JAX_BUF,2024,3,0.6574752261956054,3.465392549291141,0.4842057937147882
2024_03_KC_ATL,2024,3,0.3962430290578221,-3.004197041041498,0.49987597206688433
2024_03_LAC_PIT,2024,3,0.5720596355604638,2.828725501401148,0.4949387551066183
2024_03_MIA_SEA,2024,3,0.644729178800233,3.595026293814603,0.48803430325221
2024_03_NE_NYJ,2024,3,0.7095435684647302,5.999995440590162,0.4852276027074299
2024_03_NYG_CLE,2024,3,0.7001620745542949,6.021155733297668,0.48585250558021237
2024_03_PHI_NO,2024,3,0.5634920634920635,1.7284573273579111,0.47721233222128945
2024_03_SF_LA,2024,3,0.30920711694593195,-5.888396959290203,0.50329797514338
2024_03_WAS_CIN,2024,3,0.7477827050997783,6.774205788361664,0.47856217985362737
2024_04_BUF_BAL,2024,4,0.551441114716549,1.6263508681033878,0.47420055911631925
2024_04_CIN_CAR,2024,4,0.35527082119976705,-4.648312280152657,0.4956172704392687
2024_04_CLE_LV,2024,4,0.448558885283451,-2.0079989812735124,0.5145360420055861
2024_04_DAL_NYG,2024,4,0.31460674157303364,-5.516500314698195,0.4995123947011792
2024_04_DEN_NYJ,2024,4,0.7768331562167907,7.198233418790393,0.49108315382675
2024_04_JAX_HOU,2024,4,0.6750312469954812,4.864404562274604,0.4812242779744754
2024_04_KC_LAC,2024,4,0.2559309849029475,-7.1706740135004745,0.5097310392938197
2024_04_LA_CHI,2024,4,0.593369754159424,2.7633730743758056,0.49300772949701066
2024_04_MIN_GB,2024,4,0.551441114716549,1.7886384344725494,0.47898807923948244
2024_04_NE_SF,2024,4,0.8118668596237336,9.939382304553904,0.4834377899156549
2024_04_NO_ATL,2024,4,0.5634920634920635,1.8319258653483126,0.48026560928536544
2024_04_PHI_TB,2024,4,0.4891657638136511,-0.8350343493685781,0.504874824818227
2024_04_PIT_IND,2024,4,0.4572564612326044,-2.093521731768915,0.5120101384070597
2024_04_SEA_DET,2024,4,0.6224665518611737,2.953440593911778,0.48385288119985054
2024_04_TEN_MIA,2024,4,0.551441114716549,2.054292434733015,0.4868311633424546
2024_04_WAS_ARI,2024,4,0.6164383561643836,2.913616649619183,0.4826770686857009
2024_05_ARI_SF,2024,5,0.7335423197492164,6.027115692143698,0.4712748892063047
2024_05_BAL_CIN,2024,5,0.42794036443953615,-2.4815050760452455,0.5005465485059475
2024_05_BUF_HOU,2024,5,0.5173641257162701,0.3164120294561781,0.4798077297210421
2024_05_CAR_CHI,2024,5,0.6369041816941223,3.6799472591871494,0.4905429177336826
2024_05_CLE_WAS,2024,5,0.5829926410466066,2.312197917451144,0.47968335785151117
2024_05_DAL_PIT,2024,5,0.551441114716549,1.7595146372766646,0.4781286772724432
2024_05_GB_LA,2024,5,0.4170073589533933,-3.022087429875634,0.499347288465809
2024_05_IND_JAX,2024,5,0.6224665518611737,3.0759992807549863,0.48747229566091443
2024_05_LV_DEN,2024,5,0.5829926410466066,2.7310022522626536,0.49205129821935395
2024_05_MIA_NE,2024,5,0.4572564612326044,-1.6936960783322919,0.5090508963915543
2024_05_NO_KC,2024,5,0.6690070210631895,4.914527328647448,0.4827039550812571
2024_05_NYG_SEA,2024,5,0.725752508361204,6.5209241846228005,0.48584566732557827
2024_05_NYJ_MIN,2024,5,0.5634920634920635,1.8051467527640401,0.47947525994948265
2024_05_TB_ATL,2024,5,0.5634920634920635,1.8205019080699696,0.4799284369473681
2024_06_ARI_GB,2024,6,0.6750312469954812,4.892694065095198,0.48205938354806666
2024_06_ATL_CAR,2024,6,0.30920711694593195,-5.9006886414693795,0.5029347512962662
2024_06_BUF_NYJ,2024,6,0.4739134147382802,-0.9884837042773493,0.5003403212385295
2024_06_CIN_NYG,2024,6,0.33099297893681046,-4.4539009170505555,0.5013622842618675
2024_06_CLE_PHI,2024,6,0.7768331562167907,7.243258099207608,0.47764901384710423
2024_06_DET_DAL,2024,6,0.3835616438356164,-3.618847202814312,0.4964879583937205
2024_06_HOU_NE,2024,6,0.30423004792665137,-5.941756928575579,0.5164920971303496
2024_06_IND_TEN,2024,6,0.551441114716549,1.9268443964786894,0.48306760521272146
2024_06_JAX_CHI,2024,6,0.4782608695652174,-1.5419340958764616,0.498760795782738
2024_06_LAC_DEN,2024,6,0.4170073589533933,-2.6593157537790124,0.5100665870675719
2024_06_PIT_LV,2024,6,0.3835616438356164,-3.2960337316200534,0.5060272350063163
2024_06_SF_SEA,2024,6,0.3630958183058778,-3.766981968029831,0.4921108553540309
2024_06_TB_NO,2024,6,0.39076376554174075,-3.534892863611342,0.498968872364448
2024_06_WAS_BAL,2024,6,0.7095435684647302,5.69492061798985,0.4762229679864061
2024_07_BAL_TB,2024,7,0.33635187580853815,-4.48004057226003,0.5005898264234944
2024_07_CAR_WAS,2024,7,0.8081570996978852,8.993491057965167,0.4702839050759104
2024_07_CIN_CLE,2024,7,0.33099297893681046,-5.246338803047125,0.5074955720048986
2024_07_DEN_NO,2024,7,0.42794036443953615,-1.9152091589125788,0.5172759148789158
2024_07_DET_MIN,2024,7,0.5173641257162701,0.4174188654995854,0.4827893237736516
2024_07_HOU_GB,2024,7,0.6037569709421778,2.4424658564947492,0.483528834716165
2024_07_KC_SF,2024,7,0.5634920634920635,1.7567578096915066,0.4780473324047494
2024_07_LAC_ARI,2024,7,0.4739134147382802,-0.9892721536748117,0.5003170215575063
2024_07_LV_LA,2024,7,0.7477827050997783,6.572443989758958,0.4873672845026016
2024_07_MIA_IND,2024,7,0.5829926410466066,2.4201700262401347,0.4828705487848981
2024_07_NE_JAX,2024,7,0.7179705215419501,5.964957193407547,0.4841929384831405
2024_07_NYJ_PIT,2024,7,0.4003612281757977,-2.7245064455515435,0.5081406221527383
2024_07_PHI_NYG,2024,7,0.4003612281757977,-2.8592077099462045,0.504160516969318
2024_07_SEA_ATL,2024,7,0.593369754159424,2.3730733652327154,0.4814801722837782
2024_07_TEN_BUF,2024,7,0.8081570996978852,9.060242889479008,0.48700691236009785
2024_08_ARI_MIA,2024,8,0.6369041816941223,3.43179260606999,0.48321370054602275
2024_08_ATL_TB,2024,8,0.4739134147382802,-1.5327181216586,0.49903313857132325
2024_08_BAL_CLE,2024,8,0.24000000000000005,-7.308889902254122,0.5056473593916898
2024_08_BUF_SEA,2024,8,0.3962430290578221,-2.856936861776438,0.5042276197309855
2024_08_CAR_DEN,2024,8,0.8465011286681716,12.308422805891158,0.4795719439628423
2024_08_CHI_WAS,2024,8,0.5260865852617197,0.998805185775682,0.4851924533282263
2024_08_DAL_SF,2024,8,0.6750312469954812,4.748868761085475,0.4778145577270438
2024_08_GB_JAX,2024,8,0.3690596562184025,-3.560032452391288,0.49822597003526264
2024_08_IND_HOU,2024,8,0.6636481241914618,4.500964806492243,0.4852562291076081
2024_08_KC_LV,2024,8,0.21809369951534735,-8.768530753881445,0.506839877376506
2024_08_MIN_LA,2024,8,0.4170073589533933,-2.9928693722842428,0.5002107191666181
2024_08_NO_LAC,2024,8,0.725752508361204,6.373813253588516,0.4815020133958121
2024_08_NYG_PIT,2024,8,0.7001620745542949,5.648386161262629,0.48961053564648616
2024_08_NYJ_NE,2024,8,0.27792074112197634,-6.937054884141356,0.5018601020055174
2024_08_PHI_CIN,2024,8,0.5720596355604638,1.7186370511239035,0.4769226100884205
2024_08_TEN_DET,2024,8,0.8524590163934427,11.535389104798055,0.47151875046227293
2024_09_CHI_ARI,2024,9,0.5217391304347826,0.9666837327936275,0.4842439200056218
2024_09_DAL_ATL,2024,9,0.5996387718242023,2.2765964533772656,0.47863272537444557
2024_09_DEN_BAL,2024,9,0.7779605263157894,8.302273572979455,0.4793904666673914
2024_09_DET_GB,2024,9,0.4170073589533933,-2.320514416696498,0.5053038724782202
2024_09_HOU_NYJ,2024,9,0.5720596355604638,2.009019162823579,0.48549408569207214
2024_09_IND_MIN,2024,9,0.7179705215419501,5.926397015454699,0.48305439644993037
2024_09_JAX_PHI,2024,9,0.740871613663133,6.84713976488551,0.4807146617400928
2024_09_LAC_CLE,2024,9,0.4572564612326044,-1.7278439053345656,0.508042016230323
2024_09_LA_SEA,2024,9,0.4675324675324675,-1.5180888993698796,0.49946545002924453
2024_09_LV_CIN,2024,9,0.771505376344086,7.498338966227042,0.4851786854440718
2024_09_MIA_BUF,2024,9,0.7095435684647302,5.748855827322844,0.4778141761089647
2024_09_NE_TEN,2024,9,0.593369754159424,2.8198784410449176,0.49467733529406005
2024_09_NO_CAR,2024,9,0.2559309849029475,-6.763789773852735,0.5069799583881877
2024_09_TB_KC,2024,9,0.7768331562167907,8.159253356173744,0.4751709114286022
2024_09_WAS_NYG,2024,9,0.34252477380439467,-4.334170428491765,0.5049003528699796
2024_10_ATL_NO,2024,10,0.3690596562184025,-3.459720241541943,0.5011903166556152
2024_10_BUF_IND,2024,10,0.33099297893681046,-4.443055950923802,0.5016827645502681
2024_10_CIN_BAL,2024,10,0.7001620745542949,5.169991222134276,0.4754876221627042
2024_10_DEN_KC,2024,10,0.7600000000000001,6.870794380950768,0.4814128982255065
2024_10_DET_HOU,2024,10,0.33099297893681046,-4.435920102636423,0.5018936358804187
2024_10_MIA_LA,2024,10,0.5634920634920635,1.7677745647023038,0.478372405863878
2024_10_MIN_JAX,2024,10,0.25341685649202733,-6.697343117452891,0.5089431491258841
2024_10_NE_CHI,2024,10,0.7335423197492164,6.231250317647988,0.492058627415242
2024_10_NYG_CAR,2024,10,0.2820294784580499,-6.459392496763969,0.5012000018898647
2024_10_NYJ_ARI,2024,10,0.4572564612326044,-1.9776484211153993,0.5006605174649514
2024_10_PHI_DAL,2024,10,0.2491874322860238,-7.277814930868692,0.5065655567920408
2024_10_PIT_WAS,2024,10,0.5260865852617197,0.992106210754745,0.48499462825178563
2024_10_SF_TB,2024,10,0.2820294784580499,-6.285639219901267,0.5063343692590783
2024_10_TEN_LAC,2024,10,0.7600000000000001,7.637152413226418,0.48927868022710225
2024_11_ATL_DEN,2024,11,0.551441114716549,1.491439924382218,0.48497495258426754
2024_11_BAL_PIT,2024,11,0.39076376554174075,-3.153944212037872,0.49545085007253464
2024_11_CIN_LAC,2024,11,0.5,0.472929813378025,0.48442835738620216
2024_11_CLE_NO,2024,11,0.4891657638136511,-0.9036890636094996,0.5028460873087701
2024_11_GB_CHI,2024,11,0.30423004792665137,-5.696358077874927,0.5089722509680596
2024_11_HOU_DAL,2024,11,0.2491874322860238,-7.005719969671569,0.5146033447974008
2024_11_IND_NYJ,2024,11,0.644729178800233,3.684864672918123,0.49068819339621156
2024_11_JAX_DET,2024,11,0.8720930232558138,13.09709983767022,0.47333802304428774
2024_11_KC_BUF,2024,11,0.5634920634920635,1.8589818489312382,0.48106420887917783
2024_11_LA_NE,2024,11,0.3630958183058778,-3.7207001230943075,0.5082530801098805
2024_11_LV_MIA,2024,11,0.7768331562167907,7.437889518659004,0.4833937143038607
2024_11_MIN_TEN,2024,11,0.28644876973925815,-5.585568579012897,0.5122450556432085
2024_11_SEA_SF,2024,11,0.6957699520733487,5.3054904453553755,0.47948540306754944
2024_11_WAS_PHI,2024,11,0.6690070210631895,3.7746590321818867,0.4785755544577468
2024_12_ARI_SEA,2024,12,0.4891657638136511,-0.9899534961767622,0.5002968870203971
2024_12_BAL_LAC,2024,12,0.4003612281757977,-3.2533544721716665,0.49251349050701987
2024_12_DAL_WAS,2024,12,0.827123695976155,9.660351759082797,0.4752033078372151
2024_12_DEN_LV,2024,12,0.2949668357393679,-6.388925542711253,0.5032823553579104
2024_12_DET_IND,2024,12,0.2428115015974441,-6.937654931409935,0.5018423700315673
2024_12_KC_CAR,2024,12,0.15999999999999998,-10.55682094209048,0.5130941565103136
2024_12_MIN_CHI,2024,12,0.39076376554174075,-2.6295132998875097,0.5109469820970827
2024_12_NE_MIA,2024,12,0.7508125677139762,6.872151312622386,0.4814529538573304
2024_12_PHI_LA,2024,12,0.3962430290578221,-2.9680389510931597,0.5009444890239821
2024_12_PIT_CLE,2024,12,0.35527082119976705,-3.1789791310556406,0.509485683628653
2024_12_SF_GB,2024,12,0.7135512302607419,5.943901158113261,0.4835712136532361
2024_12_TB_NYG,2024,12,0.2820294784580499,-5.904937244883062,0.517579173399162
2024_12_TEN_HOU,2024,12,0.7571884984025559,7.441888135550583,0.48351177689091457
2024_13_ARI_MIN,2024,13,0.6224665518611737,3.1630445117122483,0.4900435678032984
2024_13_CHI_DET,2024,13,0.8042929292929294,8.719464083055989,0.47694700908202514
2024_13_CLE_DEN,2024,13,0.7135512302607419,6.111611912777876,0.4885242179485727
2024_13_HOU_JAX,2024,13,0.3690596562184025,-3.583222319419379,0.49754068951077884
2024_13_IND_NE,2024,13,0.448558885283451,-1.9474382185845673,0.5163243497622173
2024_13_LAC_ATL,2024,13,0.4826358742837298,-0.7882074635569168,0.5062584838245231
2024_13_LA_NO,2024,13,0.43650793650793646,-2.2954045468548063,0.5060458260929351
2024_13_LV_KC,2024,13,0.8524590163934427,12.962781982009561,0.48412870887194653
2024_13_MIA_GB,2024,13,0.6092362344582594,3.149402713540908,0.4896405659094666
2024_13_NYG_DAL,2024,13,0.661450015969339,4.192153542230148,0.49090353148307164
2024_13_PHI_BAL,2024,13,0.593369754159424,2.5282617844109905,0.48606236837970074
2024_13_PIT_CIN,2024,13,0.5829926410466066,2.4220594027657003,0.48292633097192567
2024_13_SEA_NYJ,2024,13,0.5108342361863488,0.9492469807899857,0.49850018684995895
2024_13_SF_BUF,2024,13,0.740871613663133,6.0282925357927155,0.4860632765677873
2024_13_TB_CAR,2024,13,0.28644876973925815,-6.577591105277846,0.4977070961439487
2024_13_TEN_WAS,2024,13,0.6853932584269663,5.713912753519393,0.49154638840406945
2024_14_ATL_MIN,2024,14,0.6853932584269663,5.420629957235678,0.482884127813856
2024_14_BUF_LA,2024,14,0.3690596562184025,-3.5004458769508426,0.49998682376536924
2024_14_CAR_PHI,2024,14,0.8677165354330709,13.259404517996595,0.4781254279990603
2024_14_CHI_SF,2024,14,0.593369754159424,2.7608330693014196,0.49293268074941593
2024_14_CIN_DAL,2024,14,0.33099297893681046,-4.858453736211635,0.5041827966401228
2024_14_CLE_PIT,2024,14,0.690792883054068,5.537863556621569,0.4863459433582586
2024_14_GB_DET,2024,14,0.6037569709421778,2.1854995672249116,0.47594506429989114
2024_14_JAX_TEN,2024,14,0.6037569709421778,2.8235655741703565,0.4947862852967695
2024_14_LAC_KC,2024,14,0.6750312469954812,4.716126514936428,0.49161179331313687
2024_14_LV_TB,2024,14,0.7335423197492164,6.567949537199949,0.48723453497238534
2024_14_NO_NYG,2024,14,0.3194444444444444,-4.9584414663349285,0.5159994565806464
2024_14_NYJ_MIA,2024,14,0.7179705215419501,5.9346689955893135,0.4832986266611684
2024_14_SEA_ARI,2024,14,0.6092362344582594,2.5671585359956546,0.4872111718639935
2024_15_ATL_LV,2024,15,0.2559309849029475,-6.45174101820063,0.501426111647779
2024_15_BAL_NYG,2024,15,0.08755760368663595,-15.857834603207849,0.5189696554349303
2024_15_BUF_DET,2024,15,0.5427435387673957,1.6247325994516797,0.47415283742572545
2024_15_CHI_MIN,2024,15,0.7335423197492164,6.366913576096938,0.48129834073797284
2024_15_CIN_TEN,2024,15,0.31460674157303364,-5.691680355043154,0.5091104481632474
2024_15_DAL_CAR,2024,15,0.5634920634920635,1.900843417813173,0.4822999670491931
2024_15_GB_SEA,2024,15,0.4066302458405761,-2.989629495011103,0.5003064616668357
2024_15_IND_DEN,2024,15,0.6750312469954812,4.2311708261753065,0.49205627880603814
2024_15_KC_CLE,2024,15,0.33099297893681046,-4.265163140931787,0.5069393798089791
2024_15_LA_SF,2024,15,0.5829926410466066,2.485139016477614,0.4847888864053274
2024_15_MIA_HOU,2024,15,0.5829926410466066,2.008817066485183,0.48548811743662224
2024_15_NE_ARI,2024,15,0.690792883054068,5.610326241156433,0.48848624047848066
2024_15_NYJ_JAX,2024,15,0.39076376554174075,-3.2539905770846786,0.5072694910084766
2024_15_PIT_PHI,2024,15,0.6957699520733487,5.0445612536464495,0.4865437546144674
2024_15_TB_LAC,2024,15,0.593369754159424,2.561980272649806,0.48705822713177893
2024_15_WAS_NO,2024,15,0.2428115015974441,-7.161367658489188,0.5100059698459158
2024_16_ARI_CAR,2024,16,0.3194444444444444,-5.258034684788453,0.5071500019661432
2024_16_CLE_CIN,2024,16,0.817258883248731,9.401829116822098,0.48232906708964746
2024_16_DEN_LAC,2024,16,0.5720596355604638,2.7311120060837757,0.49205454094171647
2024_16_DET_CHI,2024,16,0.2591283863368669,-6.685438348290254,0.5092948583720966
2024_16_HOU_KC,2024,16,0.6164383561643836,3.443373450826215,0.4983266178952546
2024_16_JAX_LV,2024,16,0.5427435387673957,2.0767614180627274,0.48749480670836276
2024_16_LA_NYJ,2024,16,0.4066302458405761,-2.65546336563658,0.5101803934123892
2024_16_MIN_SEA,2024,16,0.42794036443953615,-2.088703786083888,0.5121524495781834
2024_16_NE_BUF,2024,16,0.8800000000000001,13.22582266623403,0.4771346020949127
2024_16_NO_GB,2024,16,0.8677165354330709,13.354566181033295,0.4809338682732771
2024_16_NYG_ATL,2024,16,0.8118668596237336,8.983692398286712,0.4847461681515629
2024_16_PHI_WAS,2024,16,0.34252477380439467,-3.8155168927907783,0.5054515422879499
2024_16_PIT_BAL,2024,16,0.7440690150970525,6.545197049212485,0.48656253251330067
2024_16_SF_MIA,2024,16,0.4675324675324675,-1.8136836346847347,0.5055057123029876
2024_16_TB_DAL,2024,16,0.34252477380439467,-4.319114350069011,0.5053452425540785
2024_16_TEN_IND,2024,16,0.6369041816941223,3.695401748577125,0.4909994954471023
2024_17_ARI_LA,2024,17,0.740871613663133,5.695116118523397,0.47622873501587576
2024_17_ATL_WAS,2024,17,0.6309403437815976,3.059599985638048,0.4869879238204912
2024_17_BAL_HOU,2024,17,0.3194444444444444,-5.269165646125869,0.50682111824806
2024_17_CAR_TB,2024,17,0.7999999999999999,9.002968871585276,0.4853154115098331
2024_17_DAL_PHI,2024,17,0.7335423197492164,7.377887475945685,0.4963914678142034
2024_17_DEN_CIN,2024,17,0.6092362344582594,2.9665364296332335,0.48423957040501814
2024_17_DET_SF,2024,17,0.33099297893681046,-3.914396421326992,0.5025296783725346
2024_17_GB_MIN,2024,17,0.4956702459300312,-1.1298227608982003,0.49616363036793687
2024_17_IND_NYG,2024,17,0.22849462365591394,-6.97535482360595,0.5155000348031321
2024_17_KC_PIT,2024,17,0.4066302458405761,-2.657723022827354,0.510113639250803
2024_17_LAC_NE,2024,17,0.27792074112197634,-5.54892370356616,0.5133274020470731
2024_17_LV_NO,2024,17,0.4675324675324675,-1.3164001205796834,0.5201926217506152
2024_17_MIA_CLE,2024,17,0.3962430290578221,-2.26570338633809,0.5216887098898948
2024_17_NYJ_BUF,2024,17,0.8042929292929294,9.509350276607618,0.48550386406352136
2024_17_SEA_CHI,2024,17,0.3690596562184025,-3.233190105134215,0.5078840606573627
2024_17_TEN_JAX,2024,17,0.5043297540699688,-0.6342140032817876,0.5108081219344969
2024_18_BUF_NE,2024,18,0.4003612281757977,-2.788828698619681,0.5062401277856676
2024_18_CAR_ATL,2024,18,0.7600000000000001,6.833135128002221,0.48030130089339945
2024_18_CHI_GB,2024,18,0.771505376344086,9.60167549389493,0.48823070867856144
2024_18_CIN_PIT,2024,18,0.42794036443953615,-2.3015864854043815,0.5058631622465888
2024_18_CLE_BAL,2024,18,0.9258160237388724,18.667353851685274,0.47540983212282617
2024_18_HOU_TEN,2024,18,0.5634920634920635,2.308419379406773,0.49433873745249335
2024_18_JAX_IND,2024,18,0.6164383561643836,3.1884921619866935,0.49079536147380287
2024_18_KC_DEN,2024,18,0.7957758771164253,10.013704676635292,0.48563245795111915
2024_18_LAC_LV,2024,18,0.2559309849029475,-6.844871641849388,0.5045841406682148
2024_18_MIA_NYJ,2024,18,0.5260865852617197,1.4379461231395745,0.4981662349654442
2024_18_MIN_DET,2024,18,0.5720596355604638,2.2525192541213195,0.47792226842807867
2024_18_NO_TB,2024,18,0.8761776581426649,13.801587758898414,0.4793702270599043
2024_18_NYG_PHI,2024,18,0.5829926410466066,3.02760165169994,0.5008156635703881
2024_18_SEA_LA,2024,18,0.2491874322860238,-6.975220294045187,0.5155040073220998
2024_18_SF_ARI,2024,18,0.6309403437815976,4.152627558420092,0.4897358323666044
2024_18_WAS_DAL,2024,18,0.27424749163879597,-6.564458916669679,0.512868564091864
2024_19_DEN_BUF,2024,19,0.7768331562167907,6.901898076388867,0.48233110293389553
2024_19_GB_PHI,2024,19,0.6853932584269663,4.732105537336021,0.4773199664023006
2024_19_LAC_HOU,2024,19,0.4066302458405761,-2.762283282768033,0.5070244702704308
2024_19_MIN_LA,2024,19,0.43650793650793646,-2.8974576377283485,0.48825631462457786
2024_19_PIT_BAL,2024,19,0.8042929292929294,8.819817287836862,0.479908231180143
2024_19_WAS_TB,2024,19,0.593369754159424,2.397055969514116,0.4821881539788391
2024_20_BAL_BUF,2024,20,0.4826358742837298,-1.4719097762410933,0.5008301014694029
2024_20_HOU_KC,2024,20,0.8118668596237336,9.079554377025072,0.48757730193619975
2024_20_LA_PHI,2024,20,0.7335423197492164,6.578908578285937,0.48755822702419854
2024_20_WAS_DET,2024,20,0.8042929292929294,7.573176973969898,0.4726326933442189
2024_21_BUF_KC,2024,21,0.5173641257162701,1.0421733192628064,0.4864732284531622
2024_21_WAS_PHI,2024,21,0.6853932584269663,5.360216223467907,0.48110064520773094
2024_22_KC_PHI,2024,22,0.4782608695652174,-1.5703285981228978,0.497921709303286
2025_01_ARI_NO,2025,1,0.29541685857953776,-5.931197773724896,0.5020331850536911
2025_01_BAL_BUF,2025,1,0.43193421965579837,-1.518038291964225,0.4994669455415218
2025_01_CAR_JAX,2025,1,0.6170528865117123,3.747575025662198,0.4777763854227174
2025_01_CIN_CLE,2025,1,0.30428605409405074,-5.632261663511223,0.496091561069309
2025_01_DAL_PHI,2025,1,0.7780172820105443,7.85573004792452,0.48096822281449664
2025_01_DET_GB,2025,1,0.5178146577413737,0.9318808231046969,0.4832163051645874
2025_01_HOU_LA,2025,1,0.6003384916365966,3.319280534811529,0.4946596679773719
2025_01_KC_LAC,2025,1,0.36764933832539404,-3.0031582063459257,0.49990667096073116
2025_01_LV_NE,2025,1,0.5627913619935663,2.031428700934006,0.48615589807961923
2025_01_MIA_IND,2025,1,0.49358591289099085,0.8687052685467362,0.48135122952024373
2025_01_MIN_CHI,2025,1,0.47038071154429584,-1.417560836707063,0.5024361676588432
2025_01_NYG_WAS,2025,1,0.7106007226402836,5.6058041766634,0.48835266399056476
2025_01_PIT_NYJ,2025,1,0.41066559905813177,-2.6729344756854063,0.5096642594797206
2025_01_SF_SEA,2025,1,0.4247923464638067,-1.9056749795067223,0.5175573935391583
2025_01_TB_ATL,2025,1,0.470367908885233,-1.4884440275048094,0.5003414937375174
2025_01_TEN_DEN,2025,1,0.7868813049184399,8.033784333219938,0.4862254683206613
2025_02_ATL_MIN,2025,2,0.6126989427958978,3.1976052691512398,0.4910645958474438
2025_02_BUF_NYJ,2025,2,0.2849330658497058,-6.301382078770515,0.49109451353126465
2025_02_CAR_ARI,2025,2,0.7261951375800494,6.558164332783422,0.4869455210833304
2025_02_CHI_DET,2025,2,0.6937056892791023,5.311267761681043,0.47965590625773113
2025_02_CLE_BAL,2025,2,0.8424727832208904,11.380959621180521,0.46696875535626114
2025_02_DEN_IND,2025,2,0.4460232739010699,-1.859079977098646,0.518932894574513
2025_02_JAX_CIN,2025,2,0.6271468402630508,3.0703034085073906,0.4873040594622984
2025_02_LAC_LV,2025,2,0.3564478110947885,-3.75062426399733,0.4925941575991434
2025_02_LA_TEN,2025,2,0.3111804400984293,-5.485033583137175,0.5004422766851587
2025_02_NE_MIA,2025,2,0.509599038221739,0.9660618390837011,0.4842255566020829
2025_02_NYG_DAL,2025,2,0.6457890472841766,3.950145690601948,0.4837555928371805
2025_02_PHI_KC,2025,2,0.4623333654827525,-1.3985262309027495,0.5029986515294833
2025_02_SEA_PIT,2025,2,0.62670556609962,3.6553889524924372,0.5045918410553224
2025_02_SF_NO,2025,2,0.39441301165881576,-2.7492533275874096,0.507409459102607
2025_02_TB_HOU,2025,2,0.5390548699245152,1.695397342364015,0.4762370307880367
2025_02_WAS_GB,2025,2,0.6222015131061736,3.1568339193428057,0.4898600950684841
2025_03_ARI_SF,2025,3,0.5141106342522918,1.121187216025801,0.4888070662009041
2025_03_ATL_CAR,2025,3,0.3305099093911477,-5.560890908820229,0.4982006018033643
2025_03_CIN_MIN,2025,3,0.5798916068567647,2.6918421762888602,0.49089433261537185
2025_03_DAL_CHI,2025,3,0.44994659358612576,-1.6917004322150082,0.4943351972224298
2025_03_DEN_LAC,2025,3,0.5510606330237022,1.6478029855444891,0.4748332028321561
2025_03_DET_BAL,2025,3,0.6567254685600262,3.7984039646469228,0.47927626826056874
2025_03_GB_CLE,2025,3,0.20430160500442993,-8.239120504028017,0.5077088432474609
2025_03_HOU_JAX,2025,3,0.5207243181545802,0.9413342515634759,0.48349542290550646
2025_03_IND_TEN,2025,3,0.31362692820597754,-6.102045252371209,0.49698446088801923
2025_03_KC_NYG,2025,3,0.27274403552693643,-5.879545722478605,0.503559530855699
2025_03_LA_PHI,2025,3,0.6273150418696037,3.2930942166319457,0.4938859086206157
2025_03_LV_WAS,2025,3,0.5499401742323493,1.9859066386964028,0.484811554157986
2025_03_MIA_BUF,2025,3,0.8538602399147733,11.22270083332702,0.4623104155694074
2025_03_NO_SEA,2025,3,0.7611494784221998,7.1010311810521936,0.4882116767089205
2025_03_NYJ_TB,2025,3,0.7468242224545413,6.071416718735751,0.4873369425864402
2025_03_PIT_NE,2025,3,0.4713852612325366,-1.4534142702002721,0.5013766652144828
2025_04_BAL_KC,2025,4,0.42242307542769725,-2.3236178376044996,0.5052121703837077
2025_04_CAR_NE,2025,4,0.6892930133497348,5.193018279101821,0.4909290789400008
2025_04_CHI_LV,2025,4,0.5238959860985792,1.0804091570419934,0.4876025495572191
2025_04_CIN_DEN,2025,4,0.7871718114562551,7.231440599748586,0.4920642493815561
2025_04_CLE_DET,2025,4,0.8022165618111754,9.226065294405167,0.47714176029166766
2025_04_GB_DAL,2025,4,0.2533554815686584,-7.046830114549535,0.49861611294656555
2025_04_IND_LA,2025,4,0.618877752428688,2.973640335685922,0.48444933825482883
2025_04_JAX_SF,2025,4,0.6076531333905305,3.130312301036033,0.4890766205390039
2025_04_LAC_NYG,2025,4,0.28837119757590207,-6.064915553846288,0.4980816696826897
2025_04_MIN_PIT,2025,4,0.42438050517365017,-1.7516383182915083,0.5221037244323002
2025_04_NO_BUF,2025,4,0.9096127830330454,14.509180783923743,0.47074628964525
2025_04_NYJ_MIA,2025,4,0.5492198539485401,1.922636399302466,0.482943366355956
2025_04_PHI_TB,2025,4,0.35394536364619184,-3.645669515776613,0.49569536288008076
2025_04_SEA_ARI,2025,4,0.45470859574207206,-1.4039133888390016,0.5028394583793979
2025_04_TEN_HOU,2025,4,0.7894549413099554,7.5881792263799195,0.5026057904824901
2025_04_WAS_ATL,2025,4,0.5627231286627231,2.0334709231026196,0.48621621217546396
2025_05_DAL_NYJ,2025,5,0.5162036768795624,1.0051261254420112,0.4853791181181047
2025_05_DEN_PHI,2025,5,0.6571343107154497,3.2018320885006424,0.49118947287365305
2025_05_DET_CIN,2025,5,0.17353842057910146,-10.239080672537185,0.507710020099209
2025_05_HOU_BAL,2025,5,0.41638628382006837,-2.0807325456996564,0.5123878985052214
2025_05_KC_JAX,2025,5,0.3521211607552682,-3.941005627536429,0.4869700367094329
2025_05_LV_IND,2025,5,0.7518130458884111,6.742785782659997,0.49239945048849026
2025_05_MIA_CAR,2025,5,0.45636756350935037,-1.3487681294350868,0.5044690018849641
2025_05_MIN_CLE,2025,5,0.35432060425136463,-3.341091701394772,0.5046958351914544
2025_05_NE_BUF,2025,5,0.7642417513653036,6.916625962178226,0.4827659143029354
2025_05_NYG_NO,2025,5,0.5279414787627758,1.2583213753813092,0.49285846874875594
2025_05_SF_LA,2025,5,0.7848426017364591,7.918067148271146,0.4828084635490918
2025_05_TB_SEA,2025,5,0.6237971003442712,3.4464644646604388,0.49841796055015086
2025_05_TEN_ARI,2025,5,0.7876216950063765,7.128298727850476,0.48901713930230345
2025_05_WAS_LAC,2025,5,0.5667874815078385,1.892604951087387,0.48205675277875787
2025_06_ARI_IND,2025,6,0.7935865023324883,7.885700319005098,0.48185292083209424
2025_06_BUF_ATL,2025,6,0.35058633841979675,-4.037475070764564,0.4841211186484685
2025_06_CHI_WAS,2025,6,0.6807137829802165,4.9830501106340055,0.4847272016226139
2025_06_CIN_GB,2025,6,0.8869744773273656,13.335669659638082,0.4803761085694682
2025_06_CLE_PIT,2025,6,0.7044169253461501,5.38564851351993,0.4966208076102273
2025_06_DAL_CAR,2025,6,0.37709457400029617,-3.0658581666302145,0.4980538145950891
2025_06_DEN_NYJ,2025,6,0.2194053451168484,-6.950213026020487,0.5162424189646319
2025_06_DET_KC,2025,6,0.5421437658227499,1.6870282543539759,0.4759901569695548
2025_06_LAC_MIA,2025,6,0.35588393671523233,-3.5942793944175433,0.4972139458612207
2025_06_LA_BAL,2025,6,0.24729219816204415,-6.6034860025894435,0.5117158116504316
2025_06_NE_NO,2025,6,0.365336637278824,-3.720583402702248,0.49348176813731276
2025_06_PHI_NYG,2025,6,0.238928893776588,-6.881601320853807,0.5034987876694372
2025_06_SEA_JAX,2025,6,0.4689314302689282,-1.6145046105902547,0.4966162827593152
2025_06_SF_TB,2025,6,0.624359626477158,3.0147968425635687,0.48566471196649696
2025_06_TEN_LV,2025,6,0.6260363630830138,3.3356708118754277,0.49514398206477284
2025_07_ATL_SF,2025,7,0.5170325070383297,1.1474655056642469,0.4895833383457041
2025_07_CAR_NYJ,2025,7,0.5165455852469897,1.4419884135236296,0.4982856886390159
2025_07_GB_ARI,2025,7,0.2397604571123855,-6.706600253145128,0.5086696555747927
2025_07_HOU_SEA,2025,7,0.5868346178082873,2.652782443372308,0.48974040790089524
2025_07_IND_LAC,2025,7,0.5448003809148435,1.7399319956160033,0.4775508782082046
2025_07_LA_JAX,2025,7,0.39148054231465923,-3.0420011005692706,0.4987588157178653
2025_07_LV_KC,2025,7,0.8648368106432821,12.874141783040955,0.48151171142889254
2025_07_MIA_CLE,2025,7,0.5664863967130209,2.3132663736470995,0.4944819582761453
2025_07_NE_TEN,2025,7,0.28641451547074653,-6.3149843879613385,0.5054672770137886
2025_07_NO_CHI,2025,7,0.659869849658304,4.295813156015908,0.49396624744696593
2025_07_NYG_DEN,2025,7,0.7966440178031426,7.629054582921047,0.5038136700329696
2025_07_PHI_MIN,2025,7,0.4277688360507897,-1.756036075219363,0.521973963442483
2025_07_PIT_CIN,2025,7,0.3074617892653406,-5.500630993970965,0.4999813533204737
2025_07_TB_DET,2025,7,0.6954035572861358,5.0795937272136324,0.47282187334516484
2025_07_WAS_DAL,2025,7,0.5221764643152035,0.5684918356946291,0.4724945690584285
2025_08_BUF_CAR,2025,8,0.24078124220079136,-7.217986298399817,0.4935585057695941
2025_08_CHI_BAL,2025,8,0.5525137465154519,1.868247526583209,0.4813377174517823
2025_08_CLE_NE,2025,8,0.7770461533429759,7.062056985494591,0.501833856897704
2025_08_DAL_DEN,2025,8,0.6247135523027966,3.090073479479057,0.4878880078966946
2025_08_GB_PIT,2025,8,0.40199353875502547,-2.835514289118809,0.5048606430400476
2025_08_MIA_ATL,2025,8,0.741293225627575,6.5857332619145135,0.4877598086556333
2025_08_MIN_LAC,2025,8,0.6026917674359343,2.5086100403406335,0.4854820035988155
2025_08_NYG_PHI,2025,8,0.7623484097418695,6.853631453931575,0.49567470684849774
2025_08_NYJ_CIN,2025,8,0.6817179039169237,5.214479210139441,0.4915631241713898
2025_08_SF_HOU,2025,8,0.5676901896399533,2.3089319023710106,0.4943538816411947
2025_08_TB_NO,2025,8,0.33563839987799976,-4.750007872509797,0.49261236962565225
2025_08_TEN_IND,2025,8,0.9239722529827122,14.477406814564734,0.46980993546047645
2025_08_WAS_KC,2025,8,0.830370812402499,9.541289750844143,0.47169268025835287
2025_09_ARI_DAL,2025,9,0.6085717061721224,2.8452323153856316,0.48065836023297326
2025_09_ATL_NE,2025,9,0.6937431993532545,5.270853504088936,0.49322875287748985
2025_09_BAL_MIA,2025,9,0.19776672476709134,-7.177495061411468,0.5095295273312814
2025_09_CAR_GB,2025,9,0.8881624552777309,12.06498234226293,0.4871468957662491
2025_09_CHI_CIN,2025,9,0.3881532960696368,-2.7118088456723295,0.5085157707039996
2025_09_DEN_HOU,2025,9,0.5315229519076959,1.2256718416319856,0.491893809653287
2025_09_IND_PIT,2025,9,0.3607336269159528,-3.5497214176888767,0.498530671784305
2025_09_JAX_LV,2025,9,0.4558699739049409,-1.921312390060507,0.5170957239639015
2025_09_KC_BUF,2025,9,0.4394721324018356,-2.181067422736613,0.5094239892683474
2025_09_LAC_TEN,2025,9,0.17002299649776667,-9.387573577417449,0.5180917790908053
2025_09_MIN_DET,2025,9,0.8221757558765979,8.954879273341012,0.4838953612812106
2025_09_NO_LA,2025,9,0.9069383244331019,13.268068660357876,0.47838108399776247
2025_09_SEA_WAS,2025,9,0.43216329984576374,-2.176823820837548,0.5095493576782977
2025_09_SF_NYG,2025,9,0.42665066759927217,-2.1483592748732394,0.5103902586112705
2025_10_ARI_SEA,2025,10,0.7470839605975842,6.615953766012847,0.48865247277257756
2025_10_ATL_IND,2025,10,0.7236937736876418,6.002991701853834,0.48531608571641494
2025_10_BAL_MIN,2025,10,0.3293665915700298,-4.619941569546057,0.4964556197207235
2025_10_BUF_MIA,2025,10,0.18837858923360712,-8.532602354260744,0.499036559636104
2025_10_CLE_NYJ,2025,10,0.4550089540391707,-1.0524059302765079,0.5132245547751662
2025_10_DET_WAS,2025,10,0.1919215816811723,-8.535586049509536,0.4989483879036489
2025_10_JAX_HOU,2025,10,0.4553376954504086,-0.9228519675985835,0.5170502691460162
2025_10_LA_SF,2025,10,0.30627998208897433,-5.578473806724539,0.4976810116220716
2025_10_LV_DEN,2025,10,0.7997274190081856,9.080986653756584,0.4876196070947681
2025_10_NE_TB,2025,10,0.5617661566532045,1.88355290486928,0.4817895278897763
2025_10_NO_CAR,2025,10,0.6782551532196911,5.114697705854284,0.4886153696527417
2025_10_NYG_CHI,2025,10,0.6667992613820282,4.443898694690034,0.49834213938847516
2025_10_PHI_GB,2025,10,0.5057589369561506,1.4026474352284852,0.4971231320310743
2025_10_PIT_LAC,2025,10,0.5927642998007034,2.590575587010864,0.487902838986425
2025_11_BAL_CLE,2025,11,0.2206113729583672,-7.206737354423988,0.5086656050127897
2025_11_CAR_ATL,2025,11,0.6468485076683653,4.084153874539003,0.4877131577906306
2025_11_CHI_MIN,2025,11,0.5540235764279148,2.386895465070606,0.4818882024535336
2025_11_CIN_PIT,2025,11,0.674144170954064,5.033521155868122,0.48621769573195717
2025_11_DAL_LV,2025,11,0.35419983324952037,-3.939301187145303,0.48702037834055073
2025_11_DET_PHI,2025,11,0.5647160166715691,1.854124267936811,0.4809208241024606
2025_11_GB_NYG,2025,11,0.2151106164948845,-7.0991266197272065,0.5118445808257406
2025_11_HOU_TEN,2025,11,0.30561168373396974,-5.14003875906115,0.5106360551178303
2025_11_KC_DEN,2025,11,0.33257101614830564,-3.8487816425773933,0.48969420251314355
2025_11_LAC_JAX,2025,11,0.4188549948054294,-2.907591247679556,0.5027307755917874
2025_11_NYJ_NE,2025,11,0.8734137611109589,11.883215321466174,0.48177956226880303
2025_11_SEA_LA,2025,11,0.5905438885599925,2.490646246241677,0.4849515150414314
2025_11_SF_ARI,2025,11,0.34394130086555286,-3.6981846325575716,0.4941436007809716
2025_11_TB_BUF,2025,11,0.7129978011927435,5.8164138869926365,0.4945749625759868
2025_11_WAS_MIA,2025,11,0.5597033968671862,1.8474159512995405,0.48072281386796023
2025_12_ATL_NO,2025,12,0.5222915781300546,1.0831343581015966,0.48768304410004987
2025_12_BUF_HOU,2025,12,0.3138583856842819,-5.228030134756527,0.5080365140299589
2025_12_CAR_SF,2025,12,0.7678588551682575,6.986502154617486,0.4848291396749614
2025_12_CLE_LV,2025,12,0.5997681419153084,3.003359106413129,0.5000992658932397
2025_12_IND_KC,2025,12,0.6569999135044775,3.3455715050093384,0.49543653982475777
2025_12_JAX_ARI,2025,12,0.4485519484087125,-2.027767679909148,0.5139522241196276
2025_12_MIN_GB,2025,12,0.7098197163462159,6.139802525815168,0.4893569663701498
2025_12_NE_CIN,2025,12,0.21396377534444375,-7.141571900414737,0.510590764862463
2025_12_NYG_DET,2025,12,0.8779286812230425,13.04870849677414,0.4719113658290257
2025_12_NYJ_BAL,2025,12,0.8879397337332173,13.385608322038,0.4818502050174974
2025_12_PHI_DAL,2025,12,0.39971833084682556,-3.1761628915196103,0.494794308799003
2025_12_PIT_CHI,2025,12,0.5773984809772056,2.351623899419346,0.48084701985433254
2025_12_SEA_TEN,2025,12,0.1335938358272932,-11.664620603900282,0.5246707848590206
2025_12_TB_LA,2025,12,0.7575727051079179,6.494839601485317,0.48507534660931484
2025_13_ARI_TB,2025,13,0.6368234098382194,4.4781014117846825,0.4993528689711889
2025_13_ATL_NYJ,2025,13,0.3953475963697332,-2.547713019449299,0.513363159292939
2025_13_BUF_PIT,2025,13,0.389940337055664,-2.96779294445183,0.5009517588145984
2025_13_CHI_PHI,2025,13,0.7511890771479482,7.076895506535245,0.5022723483592999
2025_13_CIN_BAL,2025,13,0.7646696699986955,7.133303262357302,0.503939218021015
2025_13_DEN_WAS,2025,13,0.2824614643697459,-5.939548885770234,0.5165572916377
2025_13_GB_DET,2025,13,0.5690086845465782,1.822154805617571,0.47997722050202324
2025_13_HOU_IND,2025,13,0.6063424688032927,2.8877513792234955,0.4966829477949539
2025_13_JAX_TEN,2025,13,0.2929070802571465,-6.012164562202791,0.49964052166455214
2025_13_KC_DAL,2025,13,0.36259808266118954,-4.080461648002384,0.48285189923090394
2025_13_LA_CAR,2025,13,0.1919815990801795,-9.03464259510624,0.5285032535687294
2025_13_LV_LAC,2025,13,0.8274311330331343,9.910896253697643,0.4973668893593252
2025_13_MIN_SEA,2025,13,0.8820240577228271,12.702495927792134,0.5059837894831443
2025_13_NO_MIA,2025,13,0.6868008656977497,5.492201954343312,0.49976955778192944
2025_13_NYG_NE,2025,13,0.769261668892891,7.457410543949763,0.5135144812352369
2025_13_SF_CLE,2025,13,0.32022454174393955,-4.817458210683654,0.5201613938332014
2025_14_CHI_GB,2025,14,0.7280611306619214,6.656472488624569,0.5046238587991253
2025_14_CIN_BUF,2025,14,0.7176521014408783,6.011419110927209,0.5003374493044609
2025_14_DAL_DET,2025,14,0.6356321413405752,3.34248737241212,0.4953454058414333
2025_14_DEN_LV,2025,14,0.210472448287606,-8.600579279608795,0.49702778103972056
2025_14_HOU_KC,2025,14,0.6685713603752207,4.888186696954488,0.51146983317236
2025_14_IND_JAX,2025,14,0.43609104241352753,-2.1549086835346274,0.5101967796325984
2025_14_LA_ARI,2025,14,0.18552257252033713,-9.710023101407984,0.4937937988648985
2025_14_MIA_NYJ,2025,14,0.42320210438504363,-2.0762820155269517,0.5125193532817945
2025_14_NO_TB,2025,14,0.7840484083589936,7.6125542656571605,0.5033260840894405
2025_14_PHI_LAC,2025,14,0.4738811562014928,-1.0967258174817047,0.5119154961457059
2025_14_PIT_BAL,2025,14,0.6879797915154561,5.509536339551661,0.5002818110171128
2025_14_SEA_ATL,2025,14,0.2585135995201058,-6.352884412441977,0.5191157732257833
2025_14_TEN_CLE,2025,14,0.6497049142506466,5.056055819445341,0.5164275160566529
2025_14_WAS_MIN,2025,14,0.46913708758334366,-1.0834767497941933,0.512306842605908
2025_15_ARI_HOU,2025,15,0.8328207072500899,10.140611390045759,0.4893808608559716
2025_15_ATL_TB,2025,15,0.7133650620238354,6.205496114817329,0.506072438728366
2025_15_BAL_CIN,2025,15,0.39858849314137973,-2.4805663188091462,0.500574289956534
2025_15_BUF_NE,2025,15,0.4282294505636156,-1.8800920968880699,0.5183126362502211
2025_15_CAR_NO,2025,15,0.4193214851928577,-2.1067067738275727,0.5116206744504044
2025_15_CLE_CHI,2025,15,0.7800713834422974,8.030911646074458,0.5156850755400499
2025_15_DET_LA,2025,15,0.6786344847260483,4.7889827405812895,0.47899823981682993
2025_15_GB_DEN,2025,15,0.46819111236345173,-0.8160193730864389,0.5202038589024948
2025_15_IND_SEA,2025,15,0.8823550903494443,13.133296733007416,0.4891647815280636
2025_15_LAC_KC,2025,15,0.682945236396072,5.738421251852117,0.5070452869332025
2025_15_LV_PHI,2025,15,0.899874900061656,13.044666085378578,0.5160912144264088
2025_15_MIA_PIT,2025,15,0.5981409582761307,2.9740575630055943,0.4992333682515589
2025_15_MIN_DAL,2025,15,0.6981181387973665,5.4132724562564745,0.49743710769747423
2025_15_NYJ_JAX,2025,15,0.9023430717346559,13.716890518859264,0.5064091167423322
2025_15_TEN_SF,2025,15,0.8842262160404982,12.35264688114869,0.4956456131840616
2025_15_WAS_NYG,2025,15,0.5761213592256872,1.9944441897280751,0.4850636698699206
2025_16_ATL_ARI,2025,16,0.42904187531528637,-2.0706789178395653,0.5126848493710668
2025_16_BUF_CLE,2025,16,0.18519144968200332,-9.853337177406578,0.5191024087934266
2025_16_CIN_MIA,2025,16,0.33608590601105826,-3.592010723207767,0.4972809864036075
2025_16_GB_CHI,2025,16,0.5164009240309234,1.1151965578047491,0.488630105371234
2025_16_JAX_DEN,2025,16,0.6212270113091165,3.5112142249714724,0.5003313946643361
2025_16_KC_TEN,2025,16,0.3806372110570785,-3.3560312498057483,0.5042543802117256
2025_16_LAC_DAL,2025,16,0.5203774941736822,1.2049009029575521,0.49128013837925577
2025_16_LA_SEA,2025,16,0.5263653504743778,1.5550178503009777,0.5016258434003108
2025_16_LV_HOU,2025,16,0.9302314950208148,14.607114871564736,0.5031653483523704
2025_16_MIN_NYG,2025,16,0.4360654992810652,-1.8563604516439651,0.5190131691303796
2025_16_NE_BAL,2025,16,0.6262900340829154,3.4657281986339017,0.4989872254885541
2025_16_NYJ_NO,2025,16,0.7273151386660576,6.724959205276326,0.5066475248247732
2025_16_PHI_WAS,2025,16,0.2481442473820921,-6.4858528506889135,0.5151900341942635
2025_16_PIT_DET,2025,16,0.7772449103892347,6.879072296401039,0.4816572591477872
2025_16_SF_IND,2025,16,0.3270789576613438,-4.234016972459379,0.5078596304264501
2025_16_TB_CAR,2025,16,0.4064597396550641,-3.120221989354338,0.4964473332842615
2025_17_ARI_CIN,2025,17,0.7481950472726105,6.54686386617335,0.4866117612462364
2025_17_BAL_GB,2025,17,0.5535995614121518,2.335067960955782,0.4951261683730591
2025_17_CHI_SF,2025,17,0.6389511677812899,3.361821613261069,0.49591672309638507
2025_17_DAL_WAS,2025,17,0.18493054189799288,-8.250572703338722,0.5073704765498083
2025_17_DEN_KC,2025,17,0.11303181360044631,-12.834921188339088,0.5196459829208313
2025_17_DET_MIN,2025,17,0.2374339580538074,-6.871651590956661,0.5037928026392665
2025_17_HOU_LAC,2025,17,0.5264127214475808,1.6348347371448972,0.5039844728296035
2025_17_JAX_IND,2025,17,0.3183901440057331,-3.6922364047908145,0.49431936014800426
2025_17_LA_ATL,2025,17,0.23220533474637325,-7.4053839249108755,0.5027960032400991
2025_17_NE_NYJ,2025,17,0.1342797167963607,-11.628421778774712,0.5257383705342537
2025_17_NO_TEN,2025,17,0.482316933314082,-0.7940367174267058,0.5208526142316517
2025_17_NYG_LV,2025,17,0.40766191146367703,-2.5712134655255463,0.5126690607785988
2025_17_PHI_BUF,2025,17,0.6012409854317472,2.870356669367246,0.49616893251712624
2025_17_PIT_CLE,2025,17,0.3501740265543424,-4.1099835609903455,0.5115238819376207
2025_17_SEA_CAR,2025,17,0.2883095052353157,-6.159967300268521,0.5100473391530751
2025_17_TB_MIA,2025,17,0.3022083134879551,-5.746549587267754,0.4927145490994654
2025_18_ARI_LA,2025,18,0.9029375592101128,13.920551947940442,0.4828818246615733
2025_18_BAL_PIT,2025,18,0.3409254700479238,-3.7075864705184762,0.5234033944347627
2025_18_CAR_TB,2025,18,0.5785217676571178,3.0098911193265994,0.5002922952108766
2025_18_CLE_CIN,2025,18,0.7982741883070759,8.970914623869804,0.4843688515000692
2025_18_DAL_NYG,2025,18,0.3981566460872981,-2.787187473860538,0.5062886220986726
2025_18_DET_CHI,2025,18,0.6292773769165235,3.1561479841872506,0.48983983136758985
2025_18_GB_MIN,2025,18,0.8311904800546381,12.071976434371797,0.48735347457770106
2025_18_IND_HOU,2025,18,0.8242925630267931,9.922335292456363,0.5124785130183118
2025_18_KC_LV,2025,18,0.32696701507510556,-3.568596937409267,0.4979728814165196
2025_18_LAC_DEN,2025,18,0.9163843027477051,14.674985373655698,0.5051708969835917
2025_18_MIA_NE,2025,18,0.8995265594337756,13.51996484164397,0.48581733539363786
2025_18_NO_ATL,2025,18,0.6320861521780985,4.395174954839746,0.49690231686416325
2025_18_NYJ_BUF,2025,18,0.8803627772253909,12.87481219415046,0.5110747572929106
2025_18_SEA_SF,2025,18,0.417751433760931,-2.1551376921690006,0.5101900143435377
2025_18_TEN_JAX,2025,18,0.8615834341189466,12.068196554622213,0.48724183091818585
2025_18_WAS_PHI,2025,18,0.5941797536612797,2.9895651060971167,0.49969163555890117
2025_19_BUF_JAX,2025,19,0.5220295146050441,1.1852120569211604,0.4906984562446879
2025_19_GB_CHI,2025,19,0.4408407131814995,-1.5544161608003366,0.5279203811315553
2025_19_HOU_PIT,2025,19,0.4212277460430191,-2.3284030741498976,0.5198383656372615
2025_19_LAC_NE,2025,19,0.6488189732290964,3.7913735814371377,0.5086097938348435
2025_19_LA_CAR,2025,19,0.1840949022890644,-9.366311860355598,0.5187194211723519
2025_19_SF_PHI,2025,19,0.6968704608816717,5.606082340199391,0.488360880578015
2025_20_BUF_DEN,2025,20,0.5278850726508966,1.4064266552366598,0.4972348100272733
2025_20_HOU_NE,2025,20,0.6253459959499991,3.165703845448185,0.5048966377840521
2025_20_LA_CHI,2025,20,0.3759812976413184,-3.3768398984748482,0.5036394881636788
2025_20_SF_SEA,2025,20,0.7177737843126176,6.061134035164082,0.48703323291594214
2025_21_LA_SEA,2025,21,0.5491828180573964,1.8500817644525962,0.4808015004467292
2025_21_NE_DEN,2025,21,0.3461853519808541,-3.0929680289601826,0.5120264936083591
2025_22_SEA_NE,2025,22,0.3153435810896685,-4.08113108066729,0.5123761269597549
2026_01_ARI_LAC,2026,1,0.7782856948550082,7.927844696563347,0.4830971387778425
2026_01_ATL_PIT,2026,1,0.7265718864421241,6.3623922191687825,0.4959335843517423
2026_01_BAL_IND,2026,1,0.3928090134308722,-2.9506543460854453,0.5014582239899219
2026_01_BUF_HOU,2026,1,0.4799945968852091,-1.3750830779070928,0.5036914022688602
2026_01_CHI_CAR,2026,1,0.38607453318409596,-3.135617326039075,0.4959924018270111
2026_01_CLE_JAX,2026,1,0.7908898200585183,8.475979417355527,0.49929016141034416
2026_01_DAL_NYG,2026,1,0.3893882995022759,-3.0892577652224085,0.4973623380023983
2026_01_DEN_KC,2026,1,0.518118834177909,1.5548977633730332,0.47209381599002176
2026_01_GB_MIN,2026,1,0.5092660720351869,0.7742117006596683,0.47856235431728533
2026_01_MIA_LV,2026,1,0.5897491981931255,2.5737364641563496,0.48740545968286797
2026_01_NE_SEA,2026,1,0.5844531581991244,2.5793210057189784,0.4875704088610406
2026_01_NO_DET,2026,1,0.733535718328263,6.4802191458098966,0.4846436046373672
2026_01_NYJ_TEN,2026,1,0.5254888973321,1.4649162970390281,0.49896323283632693
2026_01_SF_LA,2026,1,0.6497303993555987,2.880845174759334,0.48170959474323133
2026_01_TB_CIN,2026,1,0.6360274096084919,2.9423855028608683,0.48352646218786743
2026_01_WAS_PHI,2026,1,0.6746764357484377,5.5472770554394,0.4866239646477818
2026_02_CAR_ATL,2026,2,0.4068529521010312,-2.2401262254894063,0.5076791284183204
2026_02_CIN_HOU,2026,2,0.5630692072858319,2.5103016262450137,0.48553195913728
2026_02_CLE_TB,2026,2,0.7728758967827076,8.178995685659904,0.49051480544280673
2026_02_DET_BUF,2026,2,0.6724040215511333,4.457566492650394,0.469225340919845
2026_02_GB_NYJ,2026,2,0.36777592333351666,-3.4534983008324276,0.5013741820164992
2026_02_IND_KC,2026,2,0.6958558289013944,5.603395622159456,0.4882815186442338
2026_02_JAX_DEN,2026,2,0.5619392213359475,1.7909119333292347,0.47905517113028057
2026_02_LV_LAC,2026,2,0.7284634171999089,6.272899817767394,0.4932892154330191
2026_02_MIA_SF,2026,2,0.8690012939102755,12.051086878458948,0.486736487036907
2026_02_MIN_CHI,2026,2,0.647028366291976,4.028052759253809,0.48605619519046583
2026_02_NO_BAL,2026,2,0.7544167902061064,7.890449684759831,0.4819931265608794
2026_02_NYG_LA,2026,2,0.7314901092688201,6.561080347810847,0.5018049963041743
2026_02_PHI_TEN,2026,2,0.26540914066108023,-6.638195331560085,0.5106905112993182
2026_02_PIT_NE,2026,2,0.6571693806106028,4.452354093856415,0.4985920054083117
2026_02_SEA_ARI,2026,2,0.3378072787803889,-3.4899588965241177,0.5002967274332643
2026_02_WAS_DAL,2026,2,0.6487696780370323,3.0988968135981403,0.4881486311040636
2026_03_ARI_SF,2026,3,0.7507569594860346,6.720209317480091,0.4769689949697078
2026_03_ATL_GB,2026,3,0.6710847464871056,4.01571967660417,0.4856919653191362
2026_03_BAL_DAL,2026,3,0.389698015827461,-3.3715097095868067,0.48902279807700744
2026_03_CAR_CLE,2026,3,0.44304086242866114,-2.1768418951522763,0.5095488237121764
2026_03_CIN_PIT,2026,3,0.36171833638972056,-3.6816804990510983,0.49463127075466573
2026_03_HOU_IND,2026,3,0.4521617985976746,-1.403827815880221,0.5028419871057563
2026_03_KC_MIA,2026,3,0.1834952414398757,-9.697042596115566,0.508952027682343
2026_03_LAC_BUF,2026,3,0.7272410434622757,6.356301163714252,0.4809850808257306
2026_03_LA_DEN,2026,3,0.5129778885988998,1.1368835773706718,0.4892707386546089
2026_03_LV_NO,2026,3,0.6287988300331848,3.3338367649325016,0.4950897876901093
2026_03_MIN_TB,2026,3,0.4999813164394183,-0.8196984256303763,0.5200952768939103
2026_03_NE_JAX,2026,3,0.5876849777287266,2.505056515824028,0.4853770624466134
2026_03_NYJ_DET,2026,3,0.7357551896548123,6.671311390660301,0.49028779042440906
2026_03_PHI_CHI,2026,3,0.34568954901492144,-3.539974020525756,0.49881871825172625
2026_03_SEA_WAS,2026,3,0.2304322312008259,-8.064592742484129,0.512864611424728
2026_03_TEN_NYG,2026,3,0.52491802144202,2.110415645029053,0.48848888137721774
2026_04_ARI_NYG,2026,4,0.43788503524469846,-1.9972103520308369,0.5148546434788188
2026_04_ATL_NO,2026,4,0.5297883950774694,1.5773830699579594,0.4727566976119696
2026_04_DAL_HOU,2026,4,0.5771005731478602,2.342313897174386,0.4805722190698231
2026_04_DEN_SF,2026,4,0.5723994475412799,2.5136406382684453,0.4856305667629473
2026_04_DET_CAR,2026,4,0.36570835443463934,-3.714813149155459,0.493652264344944
2026_04_GB_TB,2026,4,0.38540749452995093,-2.824873776099281,0.5051750589387027
2026_04_IND_WAS,2026,4,0.3463846992321586,-4.730097117335202,0.4932006648609104
2026_04_JAX_CIN,2026,4,0.5586653439496622,1.7290820479604556,0.4772307634139234
2026_04_KC_LV,2026,4,0.3183043417174153,-5.124834577147481,0.48154192885908387
2026_04_LAC_SEA,2026,4,0.763763109597952,6.996305251021148,0.4998908154396494
2026_04_LA_PHI,2026,4,0.37305587595260137,-3.2415068712554156,0.5076383360872603
2026_04_MIA_MIN,2026,4,0.8273473572360353,10.00579163983228,0.500171150365265
2026_04_NE_BUF,2026,4,0.7244447703878767,6.400616568664082,0.48229326996803146
2026_04_NYJ_CHI,2026,4,0.6091076348188116,3.2413368297670653,0.49235663989077516
2026_04_PIT_CLE,2026,4,0.4340398706634721,-2.009394908279239,0.5144948178841796
2026_04_TEN_BAL,2026,4,0.8513392787084716,11.20230851773725,0.49120354853935033
2026_05_BAL_ATL,2026,5,0.2988368174935924,-5.807795641803294,0.5056796929301118
2026_05_BUF_LA,2026,5,0.5344759261992207,1.6078348689356852,0.4736545566209777
2026_05_CHI_GB,2026,5,0.5500058364105648,1.982492182291213,0.4847107262225204
2026_05_CIN_MIA,2026,5,0.2079380297130329,-8.453859105594308,0.5013635198367092
2026_05_CLE_NYJ,2026,5,0.5383196193584412,1.4021964876408675,0.4971098063007339
2026_05_DEN_LAC,2026,5,0.44370574697135534,-2.0874146716614974,0.5121905268282322
2026_05_DET_ARI,2026,5,0.3120580415259706,-5.80305076262077,0.4910452141423223
2026_05_HOU_TEN,2026,5,0.269593189357388,-6.383772677753434,0.50343462371639
2026_05_IND_PIT,2026,5,0.5461829597140205,1.1405201264002263,0.4893781648541632
2026_05_LV_NE,2026,5,0.6384001336239878,3.5377138405112305,0.5011144908123071
2026_05_MIN_NO,2026,5,0.44327258373420153,-1.9212789974313846,0.5170967098525955
2026_05_NYG_WAS,2026,5,0.5451618827061879,1.6983809425760548,0.4763250441147272
2026_05_PHI_JAX,2026,5,0.5610015488594271,2.4719402478506183,0.48439913677898344
2026_05_SF_SEA,2026,5,0.5922968940965994,2.4614342959985795,0.4840889146251145
2026_05_TB_DAL,2026,5,0.8296585484908947,9.209893700511506,0.49142764728505894
