game_id,season,week,p_home,margin,p_home_cover
2006_01_ATL_CAR,2006,1,0.6305586598182363,4.5,0.5
2006_01_BAL_TB,2006,1,0.5879295521290574,3.0,0.5
2006_01_BUF_NE,2006,1,0.7705746740352664,10.0,0.5
2006_01_CHI_GB,2006,1,0.3977176056694844,-3.5,0.5
2006_01_CIN_KC,2006,1,0.4557641189546886,-1.5,0.5
2006_01_DAL_JAX,2006,1,0.42654189431596573,-2.5,0.5
2006_01_DEN_STL,2006,1,0.3977176056694844,-3.5,0.5
2006_01_IND_NYG,2006,1,0.4120704478709426,-3.0,0.5
2006_01_MIA_PIT,2006,1,0.5442358810453114,1.5,0.5
2006_01_MIN_WAS,2006,1,0.6164980929170679,4.0,0.5
2006_01_NO_CLE,2006,1,0.5879295521290574,3.0,0.5
2006_01_NYJ_TEN,2006,1,0.5734581056840343,2.5,0.5
2006_01_PHI_HOU,2006,1,0.32836064328188524,-6.0,0.5
2006_01_SD_OAK,2006,1,0.4120704478709426,-3.0,0.5
2006_01_SEA_DET,2006,1,0.32836064328188524,-6.0,0.5
2006_01_SF_ARI,2006,1,0.7591913433207376,9.5,0.5
2006_02_ARI_SEA,2006,2,0.6979517285214231,7.0,0.5
2006_02_BUF_MIA,2006,2,0.6849128309162449,6.5,0.5
2006_02_CAR_MIN,2006,2,0.5588870740382756,2.0,0.5
2006_02_CLE_CIN,2006,2,0.7816499846386211,10.5,0.5
2006_02_DET_CHI,2006,2,0.6979517285214231,7.0,0.5
2006_02_HOU_IND,2006,2,0.8227577615633441,12.5,0.5
2006_02_KC_DEN,2006,2,0.79241084025005,11.0,0.5
2006_02_NE_NYJ,2006,2,0.32836064328188524,-6.0,0.5
2006_02_NO_GB,2006,2,0.4704757222326031,-1.0,0.5
2006_02_NYG_PHI,2006,2,0.5879295521290574,3.0,0.5
2006_02_OAK_BAL,2006,2,0.8322169448845721,13.0,0.5
2006_02_PIT_JAX,2006,2,0.42654189431596573,-2.5,0.5
2006_02_STL_SF,2006,2,0.4120704478709426,-3.0,0.5
2006_02_TB_ATL,2006,2,0.6305586598182363,4.5,0.5
2006_02_TEN_SD,2006,2,0.8129686012545587,12.0,0.5
2006_02_WAS_DAL,2006,2,0.6979517285214231,7.0,0.5
2006_03_ATL_NO,2006,3,0.383501907082932,-4.0,0.5
2006_03_BAL_CLE,2006,3,0.3150871690837551,-6.5,0.5
2006_03_CAR_TB,2006,3,0.4120704478709426,-3.0,0.5
2006_03_CHI_MIN,2006,3,0.3977176056694844,-3.5,0.5
2006_03_CIN_PIT,2006,3,0.5588870740382756,2.0,0.5
2006_03_DEN_NE,2006,3,0.6849128309162449,6.5,0.5
2006_03_GB_DET,2006,3,0.6849128309162449,6.5,0.5
2006_03_JAX_IND,2006,3,0.6849128309162449,6.5,0.5
2006_03_NYG_SEA,2006,3,0.6164980929170679,4.0,0.5
2006_03_NYJ_BUF,2006,3,0.6716393567181147,6.0,0.5
2006_03_PHI_SF,2006,3,0.32836064328188524,-6.0,0.5
2006_03_STL_ARI,2006,3,0.6581456062996048,5.5,0.5
2006_03_TEN_MIA,2006,3,0.7816499846386211,10.5,0.5
2006_03_WAS_HOU,2006,3,0.3977176056694844,-3.5,0.5
2006_04_ARI_ATL,2006,4,0.6979517285214231,7.0,0.5
2006_04_CLE_OAK,2006,4,0.4704757222326031,-1.0,0.5
2006_04_DAL_TEN,2006,4,0.22942532596473364,-10.0,0.5
2006_04_DET_STL,2006,4,0.6581456062996048,5.5,0.5
2006_04_GB_PHI,2006,4,0.8129686012545587,12.0,0.5
2006_04_IND_NYJ,2006,4,0.28925736075397196,-7.5,0.5
2006_04_JAX_WAS,2006,4,0.42654189431596573,-2.5,0.5
2006_04_MIA_HOU,2006,4,0.3977176056694844,-3.5,0.5
2006_04_MIN_BUF,2006,4,0.529524277767397,1.0,0.5
2006_04_NE_CIN,2006,4,0.6581456062996048,5.5,0.5
2006_04_NO_CAR,2006,4,0.6979517285214231,7.0,0.5
2006_04_SD_BAL,2006,4,0.529524277767397,1.0,0.5
2006_04_SEA_CHI,2006,4,0.6022823943305156,3.5,0.5
2006_04_SF_KC,2006,4,0.6979517285214231,7.0,0.5
2006_05_BAL_DEN,2006,5,0.6581456062996048,5.5,0.5
2006_05_BUF_CHI,2006,5,0.7591913433207376,9.5,0.5
2006_05_CLE_CAR,2006,5,0.7107426392460281,7.5,0.5
2006_05_DAL_PHI,2006,5,0.4704757222326031,-1.0,0.5
2006_05_DET_MIN,2006,5,0.6164980929170679,4.0,0.5
2006_05_KC_ARI,2006,5,0.3977176056694844,-3.5,0.5
2006_05_MIA_NE,2006,5,0.7591913433207376,9.5,0.5
2006_05_NYJ_JAX,2006,5,0.6979517285214231,7.0,0.5
2006_05_OAK_SF,2006,5,0.5879295521290574,3.0,0.5
2006_05_PIT_SD,2006,5,0.6022823943305156,3.5,0.5
2006_05_STL_GB,2006,5,0.42654189431596573,-2.5,0.5
2006_05_TB_NO,2006,5,0.6979517285214231,7.0,0.5
2006_05_TEN_IND,2006,5,0.8413447460685429,13.5,0.5
2006_05_WAS_NYG,2006,5,0.6716393567181147,6.0,0.5
2006_06_BUF_DET,2006,6,0.4704757222326031,-1.0,0.5
2006_06_CAR_BAL,2006,6,0.5879295521290574,3.0,0.5
2006_06_CHI_ARI,2006,6,0.19714816153420778,-11.5,0.5
2006_06_CIN_TB,2006,6,0.36944134018176367,-4.5,0.5
2006_06_HOU_DAL,2006,6,0.8322169448845721,13.0,0.5
2006_06_KC_PIT,2006,6,0.6849128309162449,6.5,0.5
2006_06_MIA_NYJ,2006,6,0.5588870740382756,2.0,0.5
2006_06_NYG_ATL,2006,6,0.5879295521290574,3.0,0.5
2006_06_OAK_DEN,2006,6,0.8501407016943955,14.0,0.5
2006_06_PHI_NO,2006,6,0.4120704478709426,-3.0,0.5
2006_06_SD_SF,2006,6,0.24080865667926238,-9.5,0.5
2006_06_SEA_STL,2006,6,0.4120704478709426,-3.0,0.5
2006_06_TEN_WAS,2006,6,0.8028518384657922,11.5,0.5
2006_07_ARI_OAK,2006,7,0.4120704478709426,-3.0,0.5
2006_07_CAR_CIN,2006,7,0.5879295521290574,3.0,0.5
2006_07_DEN_CLE,2006,7,0.36944134018176367,-4.5,0.5
2006_07_DET_NYJ,2006,7,0.6164980929170679,4.0,0.5
2006_07_GB_MIA,2006,7,0.6716393567181147,6.0,0.5
2006_07_JAX_HOU,2006,7,0.28925736075397196,-7.5,0.5
2006_07_MIN_SEA,2006,7,0.6716393567181147,6.0,0.5
2006_07_NE_BUF,2006,7,0.34185439370039516,-5.5,0.5
2006_07_NYG_DAL,2006,7,0.5879295521290574,3.0,0.5
2006_07_PHI_TB,2006,7,0.32836064328188524,-6.0,0.5
2006_07_PIT_ATL,2006,7,0.42654189431596573,-2.5,0.5
2006_07_SD_KC,2006,7,0.32836064328188524,-6.0,0.5
2006_07_WAS_IND,2006,7,0.7232730811922008,8.0,0.5
2006_08_ARI_GB,2006,8,0.6164980929170679,4.0,0.5
2006_08_ATL_CIN,2006,8,0.6022823943305156,3.5,0.5
2006_08_BAL_NO,2006,8,0.529524277767397,1.0,0.5
2006_08_DAL_CAR,2006,8,0.6305586598182363,4.5,0.5
2006_08_HOU_TEN,2006,8,0.5879295521290574,3.0,0.5
2006_08_IND_DEN,2006,8,0.5879295521290574,3.0,0.5
2006_08_JAX_PHI,2006,8,0.7475074624530771,9.0,0.5
2006_08_NE_MIN,2006,8,0.4704757222326031,-1.0,0.5
2006_08_NYJ_CLE,2006,8,0.529524277767397,1.0,0.5
2006_08_PIT_OAK,2006,8,0.2524925375469229,-9.0,0.5
2006_08_SEA_KC,2006,8,0.6164980929170679,4.0,0.5
2006_08_SF_CHI,2006,8,0.8820278819387608,16.0,0.5
2006_08_STL_SD,2006,8,0.7591913433207376,9.5,0.5
2006_08_TB_NYG,2006,8,0.7591913433207376,9.5,0.5
2006_09_ATL_DET,2006,9,0.3555532737974019,-5.0,0.5
2006_09_CIN_BAL,2006,9,0.5879295521290574,3.0,0.5
2006_09_CLE_SD,2006,9,0.8322169448845721,13.0,0.5
2006_09_DAL_WAS,2006,9,0.4120704478709426,-3.0,0.5
2006_09_DEN_PIT,2006,9,0.5879295521290574,3.0,0.5
2006_09_GB_BUF,2006,9,0.6022823943305156,3.5,0.5
2006_09_HOU_NYG,2006,9,0.8322169448845721,13.0,0.5
2006_09_IND_NE,2006,9,0.5879295521290574,3.0,0.5
2006_09_KC_STL,2006,9,0.5734581056840343,2.5,0.5
2006_09_MIA_CHI,2006,9,0.8322169448845721,13.0,0.5
2006_09_MIN_SF,2006,9,0.383501907082932,-4.0,0.5
2006_09_NO_TB,2006,9,0.529524277767397,1.0,0.5
2006_09_OAK_SEA,2006,9,0.6979517285214231,7.0,0.5
2006_09_TEN_JAX,2006,9,0.7591913433207376,9.5,0.5
2006_10_BAL_TEN,2006,10,0.30204827147857694,-7.0,0.5
2006_10_BUF_IND,2006,10,0.8129686012545587,12.0,0.5
2006_10_CHI_NYG,2006,10,0.529524277767397,1.0,0.5
2006_10_CLE_ATL,2006,10,0.7475074624530771,9.0,0.5
2006_10_DAL_ARI,2006,10,0.3150871690837551,-6.5,0.5
2006_10_DEN_OAK,2006,10,0.2524925375469229,-9.0,0.5
2006_10_GB_MIN,2006,10,0.6444467262025981,5.0,0.5
2006_10_HOU_JAX,2006,10,0.7705746740352664,10.0,0.5
2006_10_KC_MIA,2006,10,0.529524277767397,1.0,0.5
2006_10_NO_PIT,2006,10,0.6849128309162449,6.5,0.5
2006_10_NYJ_NE,2006,10,0.7816499846386211,10.5,0.5
2006_10_SD_CIN,2006,10,0.4704757222326031,-1.0,0.5
2006_10_SF_DET,2006,10,0.6849128309162449,6.5,0.5
2006_10_STL_SEA,2006,10,0.5879295521290574,3.0,0.5
2006_10_TB_CAR,2006,10,0.7705746740352664,10.0,0.5
2006_10_WAS_PHI,2006,10,0.7475074624530771,9.0,0.5
2006_11_ATL_BAL,2006,11,0.6022823943305156,3.5,0.5
2006_11_BUF_HOU,2006,11,0.5879295521290574,3.0,0.5
2006_11_CHI_NYJ,2006,11,0.34185439370039516,-5.5,0.5
2006_11_CIN_NO,2006,11,0.6022823943305156,3.5,0.5
2006_11_DET_ARI,2006,11,0.5734581056840343,2.5,0.5
2006_11_IND_DAL,2006,11,0.4704757222326031,-1.0,0.5
2006_11_MIN_MIA,2006,11,0.5879295521290574,3.0,0.5
2006_11_NE_GB,2006,11,0.34185439370039516,-5.5,0.5
2006_11_NYG_JAX,2006,11,0.6164980929170679,4.0,0.5
2006_11_OAK_KC,2006,11,0.7475074624530771,9.0,0.5
2006_11_PIT_CLE,2006,11,0.383501907082932,-4.0,0.5
2006_11_SD_DEN,2006,11,0.5734581056840343,2.5,0.5
2006_11_SEA_SF,2006,11,0.4120704478709426,-3.0,0.5
2006_11_STL_CAR,2006,11,0.6849128309162449,6.5,0.5
2006_11_TEN_PHI,2006,11,0.8322169448845721,13.0,0.5
2006_11_WAS_TB,2006,11,0.5879295521290574,3.0,0.5
2006_12_ARI_MIN,2006,12,0.6979517285214231,7.0,0.5
2006_12_CAR_WAS,2006,12,0.34185439370039516,-5.5,0.5
2006_12_CHI_NE,2006,12,0.6305586598182363,4.5,0.5
2006_12_CIN_CLE,2006,12,0.4120704478709426,-3.0,0.5
2006_12_DEN_KC,2006,12,0.529524277767397,1.0,0.5
2006_12_GB_SEA,2006,12,0.7705746740352664,10.0,0.5
2006_12_HOU_NYJ,2006,12,0.6305586598182363,4.5,0.5
2006_12_JAX_BUF,2006,12,0.4120704478709426,-3.0,0.5
2006_12_MIA_DET,2006,12,0.4120704478709426,-3.0,0.5
2006_12_NO_ATL,2006,12,0.5879295521290574,3.0,0.5
2006_12_NYG_TEN,2006,12,0.383501907082932,-4.0,0.5
2006_12_OAK_SD,2006,12,0.8413447460685429,13.5,0.5
2006_12_PHI_IND,2006,12,0.7705746740352664,10.0,0.5
2006_12_PIT_BAL,2006,12,0.5879295521290574,3.0,0.5
2006_12_SF_STL,2006,12,0.6305586598182363,4.5,0.5
2006_12_TB_DAL,2006,12,0.8227577615633441,12.5,0.5
2006_13_ARI_STL,2006,13,0.6716393567181147,6.0,0.5
2006_13_ATL_WAS,2006,13,0.4704757222326031,-1.0,0.5
2006_13_BAL_CIN,2006,13,0.5879295521290574,3.0,0.5
2006_13_CAR_PHI,2006,13,0.4120704478709426,-3.0,0.5
2006_13_DAL_NYG,2006,13,0.4120704478709426,-3.0,0.5
2006_13_DET_NE,2006,13,0.8322169448845721,13.0,0.5
2006_13_HOU_OAK,2006,13,0.5879295521290574,3.0,0.5
2006_13_IND_TEN,2006,13,0.28925736075397196,-7.5,0.5
2006_13_JAX_MIA,2006,13,0.529524277767397,1.0,0.5
2006_13_KC_CLE,2006,13,0.383501907082932,-4.0,0.5
2006_13_MIN_CHI,2006,13,0.7475074624530771,9.0,0.5
2006_13_NYJ_GB,2006,13,0.529524277767397,1.0,0.5
2006_13_SD_BUF,2006,13,0.34185439370039516,-5.5,0.5
2006_13_SEA_DEN,2006,13,0.6305586598182363,4.5,0.5
2006_13_SF_NO,2006,13,0.6979517285214231,7.0,0.5
2006_13_TB_PIT,2006,13,0.7475074624530771,9.0,0.5
2006_14_ATL_TB,2006,14,0.383501907082932,-4.0,0.5
2006_14_BAL_KC,2006,14,0.5879295521290574,3.0,0.5
2006_14_BUF_NYJ,2006,14,0.6305586598182363,4.5,0.5
2006_14_CHI_STL,2006,14,0.32836064328188524,-6.0,0.5
2006_14_CLE_PIT,2006,14,0.6979517285214231,7.0,0.5
2006_14_DEN_SD,2006,14,0.7475074624530771,9.0,0.5
2006_14_GB_SF,2006,14,0.6164980929170679,4.0,0.5
2006_14_IND_JAX,2006,14,0.4704757222326031,-1.0,0.5
2006_14_MIN_DET,2006,14,0.529524277767397,1.0,0.5
2006_14_NE_MIA,2006,14,0.4120704478709426,-3.0,0.5
2006_14_NO_DAL,2006,14,0.7107426392460281,7.5,0.5
2006_14_NYG_CAR,2006,14,0.4120704478709426,-3.0,0.5
2006_14_OAK_CIN,2006,14,0.7816499846386211,10.5,0.5
2006_14_PHI_WAS,2006,14,0.4411129259617243,-2.0,0.5
2006_14_SEA_ARI,2006,14,0.4120704478709426,-3.0,0.5
2006_14_TEN_HOU,2006,14,0.529524277767397,1.0,0.5
2006_15_CIN_IND,2006,15,0.6022823943305156,3.5,0.5
2006_15_CLE_BAL,2006,15,0.8322169448845721,13.0,0.5
2006_15_DAL_ATL,2006,15,0.383501907082932,-4.0,0.5
2006_15_DEN_ARI,2006,15,0.42654189431596573,-2.5,0.5
2006_15_DET_GB,2006,15,0.6716393567181147,6.0,0.5
2006_15_HOU_NE,2006,15,0.8322169448845721,13.0,0.5
2006_15_JAX_TEN,2006,15,0.3977176056694844,-3.5,0.5
2006_15_KC_SD,2006,15,0.7591913433207376,9.5,0.5
2006_15_MIA_BUF,2006,15,0.529524277767397,1.0,0.5
2006_15_NYJ_MIN,2006,15,0.6022823943305156,3.5,0.5
2006_15_PHI_NYG,2006,15,0.6581456062996048,5.5,0.5
2006_15_PIT_CAR,2006,15,0.4120704478709426,-3.0,0.5
2006_15_SF_SEA,2006,15,0.7705746740352664,10.0,0.5
2006_15_STL_OAK,2006,15,0.5879295521290574,3.0,0.5
2006_15_TB_CHI,2006,15,0.8322169448845721,13.0,0.5
2006_15_WAS_NO,2006,15,0.7705746740352664,10.0,0.5
2006_16_ARI_SF,2006,16,0.6022823943305156,3.5,0.5
2006_16_BAL_PIT,2006,16,0.6164980929170679,4.0,0.5
2006_16_CAR_ATL,2006,16,0.6716393567181147,6.0,0.5
2006_16_CHI_DET,2006,16,0.32836064328188524,-6.0,0.5
2006_16_CIN_DEN,2006,16,0.5879295521290574,3.0,0.5
2006_16_IND_HOU,2006,16,0.2524925375469229,-9.0,0.5
2006_16_KC_OAK,2006,16,0.30204827147857694,-7.0,0.5
2006_16_MIN_GB,2006,16,0.6164980929170679,4.0,0.5
2006_16_NE_JAX,2006,16,0.5879295521290574,3.0,0.5
2006_16_NO_NYG,2006,16,0.5879295521290574,3.0,0.5
2006_16_NYJ_MIA,2006,16,0.5734581056840343,2.5,0.5
2006_16_PHI_DAL,2006,16,0.6849128309162449,6.5,0.5
2006_16_SD_SEA,2006,16,0.383501907082932,-4.0,0.5
2006_16_TB_CLE,2006,16,0.6022823943305156,3.5,0.5
2006_16_TEN_BUF,2006,16,0.6581456062996048,5.5,0.5
2006_16_WAS_STL,2006,16,0.529524277767397,1.0,0.5
2006_17_ARI_SD,2006,17,0.8413447460685429,13.5,0.5
2006_17_ATL_PHI,2006,17,0.6979517285214231,7.0,0.5
2006_17_BUF_BAL,2006,17,0.7591913433207376,9.5,0.5
2006_17_CAR_NO,2006,17,0.4120704478709426,-3.0,0.5
2006_17_CLE_HOU,2006,17,0.6716393567181147,6.0,0.5
2006_17_DET_DAL,2006,17,0.8413447460685429,13.5,0.5
2006_17_GB_CHI,2006,17,0.5734581056840343,2.5,0.5
2006_17_JAX_KC,2006,17,0.529524277767397,1.0,0.5
2006_17_MIA_IND,2006,17,0.7591913433207376,9.5,0.5
2006_17_NE_TEN,2006,17,0.6022823943305156,3.5,0.5
2006_17_NYG_WAS,2006,17,0.4704757222326031,-1.0,0.5
2006_17_OAK_NYJ,2006,17,0.7705746740352664,10.0,0.5
2006_17_PIT_CIN,2006,17,0.6716393567181147,6.0,0.5
2006_17_SEA_TB,2006,17,0.5879295521290574,3.0,0.5
2006_17_SF_DEN,2006,17,0.7816499846386211,10.5,0.5
2006_17_STL_MIN,2006,17,0.4704757222326031,-1.0,0.5
2006_18_DAL_SEA,2006,18,0.529524277767397,1.0,0.5
2006_18_KC_IND,2006,18,0.6979517285214231,7.0,0.5
2006_18_NYG_PHI,2006,18,0.6849128309162449,6.5,0.5
2006_18_NYJ_NE,2006,18,0.7591913433207376,9.5,0.5
2006_19_IND_BAL,2006,19,0.6164980929170679,4.0,0.5
2006_19_NE_SD,2006,19,0.6444467262025981,5.0,0.5
2006_19_PHI_NO,2006,19,0.6581456062996048,5.5,0.5
2006_19_SEA_CHI,2006,19,0.6022823943305156,3.5,0.5
2006_20_NE_IND,2006,20,0.6022823943305156,3.5,0.5
2006_20_NO_CHI,2006,20,0.5734581056840343,2.5,0.5
2006_21_IND_CHI,2006,21,0.3150871690837551,-6.5,0.5
2007_01_ARI_SF,2007,1,0.6022823943305156,3.5,0.5
2007_01_ATL_MIN,2007,1,0.5879295521290574,3.0,0.5
2007_01_BAL_CIN,2007,1,0.5734581056840343,2.5,0.5
2007_01_CAR_STL,2007,1,0.5442358810453114,1.5,0.5
2007_01_CHI_SD,2007,1,0.6979517285214231,7.0,0.5
2007_01_DEN_BUF,2007,1,0.4120704478709426,-3.0,0.5
2007_01_DET_OAK,2007,1,0.5879295521290574,3.0,0.5
2007_01_KC_HOU,2007,1,0.5879295521290574,3.0,0.5
2007_01_MIA_WAS,2007,1,0.5879295521290574,3.0,0.5
2007_01_NE_NYJ,2007,1,0.32836064328188524,-6.0,0.5
2007_01_NO_IND,2007,1,0.6581456062996048,5.5,0.5
2007_01_NYG_DAL,2007,1,0.6716393567181147,6.0,0.5
2007_01_PHI_GB,2007,1,0.4120704478709426,-3.0,0.5
2007_01_PIT_CLE,2007,1,0.36944134018176367,-4.5,0.5
2007_01_TB_SEA,2007,1,0.6716393567181147,6.0,0.5
2007_01_TEN_JAX,2007,1,0.7107426392460281,7.5,0.5
2007_02_ATL_JAX,2007,2,0.7705746740352664,10.0,0.5
2007_02_BUF_PIT,2007,2,0.7705746740352664,10.0,0.5
2007_02_CIN_CLE,2007,2,0.30204827147857694,-7.0,0.5
2007_02_DAL_MIA,2007,2,0.3977176056694844,-3.5,0.5
2007_02_GB_NYG,2007,2,0.5879295521290574,3.0,0.5
2007_02_HOU_CAR,2007,2,0.6849128309162449,6.5,0.5
2007_02_IND_TEN,2007,2,0.30204827147857694,-7.0,0.5
2007_02_KC_CHI,2007,2,0.8028518384657922,11.5,0.5
2007_02_MIN_DET,2007,2,0.5879295521290574,3.0,0.5
2007_02_NO_TB,2007,2,0.3555532737974019,-5.0,0.5
2007_02_NYJ_BAL,2007,2,0.7591913433207376,9.5,0.5
2007_02_OAK_DEN,2007,2,0.7705746740352664,10.0,0.5
2007_02_SD_NE,2007,2,0.6022823943305156,3.5,0.5
2007_02_SEA_ARI,2007,2,0.4120704478709426,-3.0,0.5
2007_02_SF_STL,2007,2,0.5879295521290574,3.0,0.5
2007_02_WAS_PHI,2007,2,0.6849128309162449,6.5,0.5
2007_03_ARI_BAL,2007,3,0.6979517285214231,7.0,0.5
2007_03_BUF_NE,2007,3,0.8891881987703032,16.5,0.5
2007_03_CAR_ATL,2007,3,0.383501907082932,-4.0,0.5
2007_03_CIN_SEA,2007,3,0.6022823943305156,3.5,0.5
2007_03_CLE_OAK,2007,3,0.5879295521290574,3.0,0.5
2007_03_DAL_CHI,2007,3,0.5879295521290574,3.0,0.5
2007_03_DET_PHI,2007,3,0.6444467262025981,5.0,0.5
2007_03_IND_HOU,2007,3,0.3150871690837551,-6.5,0.5
2007_03_JAX_DEN,2007,3,0.6022823943305156,3.5,0.5
2007_03_MIA_NYJ,2007,3,0.5879295521290574,3.0,0.5
2007_03_MIN_KC,2007,3,0.5879295521290574,3.0,0.5
2007_03_NYG_WAS,2007,3,0.6022823943305156,3.5,0.5
2007_03_SD_GB,2007,3,0.34185439370039516,-5.5,0.5
2007_03_SF_PIT,2007,3,0.7705746740352664,10.0,0.5
2007_03_STL_TB,2007,3,0.6022823943305156,3.5,0.5
2007_03_TEN_NO,2007,3,0.6305586598182363,4.5,0.5
2007_04_BAL_CLE,2007,4,0.3977176056694844,-3.5,0.5
2007_04_CHI_DET,2007,4,0.42654189431596573,-2.5,0.5
2007_04_DEN_IND,2007,4,0.7705746740352664,10.0,0.5
2007_04_GB_MIN,2007,4,0.4704757222326031,-1.0,0.5
2007_04_HOU_ATL,2007,4,0.42654189431596573,-2.5,0.5
2007_04_KC_SD,2007,4,0.8129686012545587,12.0,0.5
2007_04_NE_CIN,2007,4,0.28925736075397196,-7.5,0.5
2007_04_NYJ_BUF,2007,4,0.3977176056694844,-3.5,0.5
2007_04_OAK_MIA,2007,4,0.6022823943305156,3.5,0.5
2007_04_PHI_NYG,2007,4,0.4411129259617243,-2.0,0.5
2007_04_PIT_ARI,2007,4,0.34185439370039516,-5.5,0.5
2007_04_SEA_SF,2007,4,0.4704757222326031,-1.0,0.5
2007_04_STL_DAL,2007,4,0.8322169448845721,13.0,0.5
2007_04_TB_CAR,2007,4,0.5879295521290574,3.0,0.5
2007_05_ARI_STL,2007,5,0.3977176056694844,-3.5,0.5
2007_05_ATL_TEN,2007,5,0.7475074624530771,9.0,0.5
2007_05_BAL_SF,2007,5,0.383501907082932,-4.0,0.5
2007_05_CAR_NO,2007,5,0.6022823943305156,3.5,0.5
2007_05_CHI_GB,2007,5,0.5879295521290574,3.0,0.5
2007_05_CLE_NE,2007,5,0.8745462947506933,15.5,0.5
2007_05_DAL_BUF,2007,5,0.21835001536137882,-10.5,0.5
2007_05_DET_WAS,2007,5,0.6164980929170679,4.0,0.5
2007_05_JAX_KC,2007,5,0.4704757222326031,-1.0,0.5
2007_05_MIA_HOU,2007,5,0.6305586598182363,4.5,0.5
2007_05_NYJ_NYG,2007,5,0.6022823943305156,3.5,0.5
2007_05_SD_DEN,2007,5,0.4704757222326031,-1.0,0.5
2007_05_SEA_PIT,2007,5,0.6581456062996048,5.5,0.5
2007_05_TB_IND,2007,5,0.7475074624530771,9.0,0.5
2007_06_CAR_ARI,2007,6,0.6716393567181147,6.0,0.5
2007_06_CIN_KC,2007,6,0.4704757222326031,-1.0,0.5
2007_06_HOU_JAX,2007,6,0.6849128309162449,6.5,0.5
2007_06_MIA_CLE,2007,6,0.6164980929170679,4.0,0.5
2007_06_MIN_CHI,2007,6,0.6305586598182363,4.5,0.5
2007_06_NE_DAL,2007,6,0.3555532737974019,-5.0,0.5
2007_06_NO_SEA,2007,6,0.6581456062996048,5.5,0.5
2007_06_NYG_ATL,2007,6,0.36944134018176367,-4.5,0.5
2007_06_OAK_SD,2007,6,0.7591913433207376,9.5,0.5
2007_06_PHI_NYJ,2007,6,0.383501907082932,-4.0,0.5
2007_06_STL_BAL,2007,6,0.7475074624530771,9.0,0.5
2007_06_TEN_TB,2007,6,0.529524277767397,1.0,0.5
2007_06_WAS_GB,2007,6,0.5879295521290574,3.0,0.5
2007_07_ARI_WAS,2007,7,0.7475074624530771,9.0,0.5
2007_07_ATL_NO,2007,7,0.7475074624530771,9.0,0.5
2007_07_BAL_BUF,2007,7,0.4120704478709426,-3.0,0.5
2007_07_CHI_PHI,2007,7,0.6581456062996048,5.5,0.5
2007_07_IND_JAX,2007,7,0.4120704478709426,-3.0,0.5
2007_07_KC_OAK,2007,7,0.529524277767397,1.0,0.5
2007_07_MIN_DAL,2007,7,0.7591913433207376,9.5,0.5
2007_07_NE_MIA,2007,7,0.12545370524930666,-15.5,0.5
2007_07_NYJ_CIN,2007,7,0.6716393567181147,6.0,0.5
2007_07_PIT_DEN,2007,7,0.383501907082932,-4.0,0.5
2007_07_SF_NYG,2007,7,0.7591913433207376,9.5,0.5
2007_07_STL_SEA,2007,7,0.7475074624530771,9.0,0.5
2007_07_TB_DET,2007,7,0.5734581056840343,2.5,0.5
2007_07_TEN_HOU,2007,7,0.5588870740382756,2.0,0.5
2007_08_BUF_NYJ,2007,8,0.5879295521290574,3.0,0.5
2007_08_CLE_STL,2007,8,0.4120704478709426,-3.0,0.5
2007_08_DET_CHI,2007,8,0.6716393567181147,6.0,0.5
2007_08_GB_DEN,2007,8,0.5879295521290574,3.0,0.5
2007_08_HOU_SD,2007,8,0.7705746740352664,10.0,0.5
2007_08_IND_CAR,2007,8,0.30204827147857694,-7.0,0.5
2007_08_JAX_TB,2007,8,0.6022823943305156,3.5,0.5
2007_08_NO_SF,2007,8,0.4704757222326031,-1.0,0.5
2007_08_NYG_MIA,2007,8,0.22942532596473364,-10.0,0.5
2007_08_OAK_TEN,2007,8,0.6979517285214231,7.0,0.5
2007_08_PHI_MIN,2007,8,0.529524277767397,1.0,0.5
2007_08_PIT_CIN,2007,8,0.383501907082932,-4.0,0.5
2007_08_WAS_NE,2007,8,0.8667397370974946,15.0,0.5
2007_09_ARI_TB,2007,9,0.6022823943305156,3.5,0.5
2007_09_BAL_PIT,2007,9,0.7591913433207376,9.5,0.5
2007_09_CAR_TEN,2007,9,0.6444467262025981,5.0,0.5
2007_09_CIN_BUF,2007,9,0.4704757222326031,-1.0,0.5
2007_09_DAL_PHI,2007,9,0.4120704478709426,-3.0,0.5
2007_09_DEN_DET,2007,9,0.5879295521290574,3.0,0.5
2007_09_GB_KC,2007,9,0.529524277767397,1.0,0.5
2007_09_HOU_OAK,2007,9,0.5879295521290574,3.0,0.5
2007_09_JAX_NO,2007,9,0.6022823943305156,3.5,0.5
2007_09_NE_IND,2007,9,0.3555532737974019,-5.0,0.5
2007_09_SD_MIN,2007,9,0.30204827147857694,-7.0,0.5
2007_09_SEA_CLE,2007,9,0.529524277767397,1.0,0.5
2007_09_SF_ATL,2007,9,0.6022823943305156,3.5,0.5
2007_09_WAS_NYJ,2007,9,0.3977176056694844,-3.5,0.5
2007_10_ATL_CAR,2007,10,0.6022823943305156,3.5,0.5
2007_10_BUF_MIA,2007,10,0.4704757222326031,-1.0,0.5
2007_10_CHI_OAK,2007,10,0.3977176056694844,-3.5,0.5
2007_10_CIN_BAL,2007,10,0.5879295521290574,3.0,0.5
2007_10_CLE_PIT,2007,10,0.7705746740352664,10.0,0.5
2007_10_DAL_NYG,2007,10,0.4704757222326031,-1.0,0.5
2007_10_DEN_KC,2007,10,0.5879295521290574,3.0,0.5
2007_10_DET_ARI,2007,10,0.5588870740382756,2.0,0.5
2007_10_IND_SD,2007,10,0.3977176056694844,-3.5,0.5
2007_10_JAX_TEN,2007,10,0.6305586598182363,4.5,0.5
2007_10_MIN_GB,2007,10,0.6581456062996048,5.5,0.5
2007_10_PHI_WAS,2007,10,0.5879295521290574,3.0,0.5
2007_10_SF_SEA,2007,10,0.7591913433207376,9.5,0.5
2007_10_STL_NO,2007,10,0.7816499846386211,10.5,0.5
2007_11_ARI_CIN,2007,11,0.5879295521290574,3.0,0.5
2007_11_CAR_GB,2007,11,0.7705746740352664,10.0,0.5
2007_11_CHI_SEA,2007,11,0.6716393567181147,6.0,0.5
2007_11_CLE_BAL,2007,11,0.4704757222326031,-1.0,0.5
2007_11_KC_IND,2007,11,0.858605258338129,14.5,0.5
2007_11_MIA_PHI,2007,11,0.7591913433207376,9.5,0.5
2007_11_NE_BUF,2007,11,0.12545370524930666,-15.5,0.5
2007_11_NO_HOU,2007,11,0.529524277767397,1.0,0.5
2007_11_NYG_DET,2007,11,0.42654189431596573,-2.5,0.5
2007_11_OAK_MIN,2007,11,0.6305586598182363,4.5,0.5
2007_11_PIT_NYJ,2007,11,0.24080865667926238,-9.5,0.5
2007_11_SD_JAX,2007,11,0.5879295521290574,3.0,0.5
2007_11_STL_SF,2007,11,0.4120704478709426,-3.0,0.5
2007_11_TB_ATL,2007,11,0.4120704478709426,-3.0,0.5
2007_11_TEN_DEN,2007,11,0.529524277767397,1.0,0.5
2007_11_WAS_DAL,2007,11,0.79241084025005,11.0,0.5
2007_12_BAL_SD,2007,12,0.7475074624530771,9.0,0.5
2007_12_BUF_JAX,2007,12,0.7591913433207376,9.5,0.5
2007_12_DEN_CHI,2007,12,0.529524277767397,1.0,0.5
2007_12_GB_DET,2007,12,0.3977176056694844,-3.5,0.5
2007_12_HOU_CLE,2007,12,0.5879295521290574,3.0,0.5
2007_12_IND_ATL,2007,12,0.15865525393145707,-13.5,0.5
2007_12_MIA_PIT,2007,12,0.8667397370974946,15.0,0.5
2007_12_MIN_NYG,2007,12,0.6979517285214231,7.0,0.5
2007_12_NO_CAR,2007,12,0.4120704478709426,-3.0,0.5
2007_12_NYJ_DAL,2007,12,0.8501407016943955,14.0,0.5
2007_12_OAK_KC,2007,12,0.6164980929170679,4.0,0.5
2007_12_PHI_NE,2007,12,0.9622798201865997,24.0,0.5
2007_12_SEA_STL,2007,12,0.4120704478709426,-3.0,0.5
2007_12_SF_ARI,2007,12,0.7705746740352664,10.0,0.5
2007_12_TEN_CIN,2007,12,0.529524277767397,1.0,0.5
2007_12_WAS_TB,2007,12,0.6022823943305156,3.5,0.5
2007_13_ATL_STL,2007,13,0.5879295521290574,3.0,0.5
2007_13_BUF_WAS,2007,13,0.6849128309162449,6.5,0.5
2007_13_CIN_PIT,2007,13,0.6979517285214231,7.0,0.5
2007_13_CLE_ARI,2007,13,0.529524277767397,1.0,0.5
2007_13_DEN_OAK,2007,13,0.3977176056694844,-3.5,0.5
2007_13_DET_MIN,2007,13,0.6581456062996048,5.5,0.5
2007_13_GB_DAL,2007,13,0.6979517285214231,7.0,0.5
2007_13_HOU_TEN,2007,13,0.6022823943305156,3.5,0.5
2007_13_JAX_IND,2007,13,0.6979517285214231,7.0,0.5
2007_13_NE_BAL,2007,13,0.07965330798079062,-19.0,0.5
2007_13_NYG_CHI,2007,13,0.4704757222326031,-1.0,0.5
2007_13_NYJ_MIA,2007,13,0.529524277767397,1.0,0.5
2007_13_SD_KC,2007,13,0.32836064328188524,-6.0,0.5
2007_13_SEA_PHI,2007,13,0.5879295521290574,3.0,0.5
2007_13_SF_CAR,2007,13,0.5879295521290574,3.0,0.5
2007_13_TB_NO,2007,13,0.6581456062996048,5.5,0.5
2007_14_ARI_SEA,2007,14,0.7107426392460281,7.5,0.5
2007_14_CAR_JAX,2007,14,0.79241084025005,11.0,0.5
2007_14_CHI_WAS,2007,14,0.5879295521290574,3.0,0.5
2007_14_CLE_NYJ,2007,14,0.4120704478709426,-3.0,0.5
2007_14_DAL_DET,2007,14,0.22942532596473364,-10.0,0.5
2007_14_IND_BAL,2007,14,0.26446846661124007,-8.5,0.5
2007_14_KC_DEN,2007,14,0.7107426392460281,7.5,0.5
2007_14_MIA_BUF,2007,14,0.6979517285214231,7.0,0.5
2007_14_MIN_SF,2007,14,0.28925736075397196,-7.5,0.5
2007_14_NO_ATL,2007,14,0.383501907082932,-4.0,0.5
2007_14_NYG_PHI,2007,14,0.5879295521290574,3.0,0.5
2007_14_OAK_GB,2007,14,0.7816499846386211,10.5,0.5
2007_14_PIT_NE,2007,14,0.79241084025005,11.0,0.5
2007_14_SD_TEN,2007,14,0.4704757222326031,-1.0,0.5
2007_14_STL_CIN,2007,14,0.7705746740352664,10.0,0.5
2007_14_TB_HOU,2007,14,0.4120704478709426,-3.0,0.5
2007_15_ARI_NO,2007,15,0.6164980929170679,4.0,0.5
2007_15_ATL_TB,2007,15,0.8322169448845721,13.0,0.5
2007_15_BAL_MIA,2007,15,0.4120704478709426,-3.0,0.5
2007_15_BUF_CLE,2007,15,0.6305586598182363,4.5,0.5
2007_15_CHI_MIN,2007,15,0.7816499846386211,10.5,0.5
2007_15_CIN_SF,2007,15,0.2524925375469229,-9.0,0.5
2007_15_DEN_HOU,2007,15,0.42654189431596573,-2.5,0.5
2007_15_DET_SD,2007,15,0.7591913433207376,9.5,0.5
2007_15_GB_STL,2007,15,0.30204827147857694,-7.0,0.5
2007_15_IND_OAK,2007,15,0.24080865667926238,-9.5,0.5
2007_15_JAX_PIT,2007,15,0.6022823943305156,3.5,0.5
2007_15_NYJ_NE,2007,15,0.9355581326461307,20.5,0.5
2007_15_PHI_DAL,2007,15,0.7705746740352664,10.0,0.5
2007_15_SEA_CAR,2007,15,0.30204827147857694,-7.0,0.5
2007_15_TEN_KC,2007,15,0.3977176056694844,-3.5,0.5
2007_15_WAS_NYG,2007,15,0.6716393567181147,6.0,0.5
2007_16_ATL_ARI,2007,16,0.79241084025005,11.0,0.5
2007_16_BAL_SEA,2007,16,0.8227577615633441,12.5,0.5
2007_16_CLE_CIN,2007,16,0.4704757222326031,-1.0,0.5
2007_16_DAL_CAR,2007,16,0.21835001536137882,-10.5,0.5
2007_16_DEN_SD,2007,16,0.7475074624530771,9.0,0.5
2007_16_GB_CHI,2007,16,0.2524925375469229,-9.0,0.5
2007_16_HOU_IND,2007,16,0.6849128309162449,6.5,0.5
2007_16_KC_DET,2007,16,0.6716393567181147,6.0,0.5
2007_16_MIA_NE,2007,16,0.9484101008680607,22.0,0.5
2007_16_NYG_BUF,2007,16,0.4704757222326031,-1.0,0.5
2007_16_NYJ_TEN,2007,16,0.7475074624530771,9.0,0.5
2007_16_OAK_JAX,2007,16,0.8501407016943955,14.0,0.5
2007_16_PHI_NO,2007,16,0.5879295521290574,3.0,0.5
2007_16_PIT_STL,2007,16,0.2524925375469229,-9.0,0.5
2007_16_TB_SF,2007,16,0.3150871690837551,-6.5,0.5
2007_16_WAS_MIN,2007,16,0.6716393567181147,6.0,0.5
2007_17_BUF_PHI,2007,17,0.7591913433207376,9.5,0.5
2007_17_CAR_TB,2007,17,0.4120704478709426,-3.0,0.5
2007_17_CIN_MIA,2007,17,0.4704757222326031,-1.0,0.5
2007_17_DAL_WAS,2007,17,0.7475074624530771,9.0,0.5
2007_17_DET_GB,2007,17,0.6022823943305156,3.5,0.5
2007_17_JAX_HOU,2007,17,0.6979517285214231,7.0,0.5
2007_17_KC_NYJ,2007,17,0.6164980929170679,4.0,0.5
2007_17_MIN_DEN,2007,17,0.4120704478709426,-3.0,0.5
2007_17_NE_NYG,2007,17,0.1677830551154279,-13.0,0.5
2007_17_NO_CHI,2007,17,0.529524277767397,1.0,0.5
2007_17_PIT_BAL,2007,17,0.4120704478709426,-3.0,0.5
2007_17_SD_OAK,2007,17,0.2524925375469229,-9.0,0.5
2007_17_SEA_ATL,2007,17,0.4411129259617243,-2.0,0.5
2007_17_SF_CLE,2007,17,0.8028518384657922,11.5,0.5
2007_17_STL_ARI,2007,17,0.6716393567181147,6.0,0.5
2007_17_TEN_IND,2007,17,0.383501907082932,-4.0,0.5
2007_18_JAX_PIT,2007,18,0.42654189431596573,-2.5,0.5
2007_18_NYG_TB,2007,18,0.5879295521290574,3.0,0.5
2007_18_TEN_SD,2007,18,0.7816499846386211,10.5,0.5
2007_18_WAS_SEA,2007,18,0.5879295521290574,3.0,0.5
2007_19_JAX_NE,2007,19,0.8413447460685429,13.5,0.5
2007_19_NYG_DAL,2007,19,0.6979517285214231,7.0,0.5
2007_19_SD_IND,2007,19,0.7816499846386211,10.5,0.5
2007_19_SEA_GB,2007,19,0.7475074624530771,9.0,0.5
2007_20_NYG_GB,2007,20,0.7107426392460281,7.5,0.5
2007_20_SD_NE,2007,20,0.8501407016943955,14.0,0.5
2007_21_NYG_NE,2007,21,0.8227577615633441,12.5,0.5
2008_01_ARI_SF,2008,1,0.42654189431596573,-2.5,0.5
2008_01_CAR_SD,2008,1,0.7591913433207376,9.5,0.5
2008_01_CHI_IND,2008,1,0.7705746740352664,10.0,0.5
2008_01_CIN_BAL,2008,1,0.4411129259617243,-2.0,0.5
2008_01_DAL_CLE,2008,1,0.32836064328188524,-6.0,0.5
2008_01_DEN_OAK,2008,1,0.4120704478709426,-3.0,0.5
2008_01_DET_ATL,2008,1,0.4120704478709426,-3.0,0.5
2008_01_HOU_PIT,2008,1,0.6849128309162449,6.5,0.5
2008_01_JAX_TEN,2008,1,0.4120704478709426,-3.0,0.5
2008_01_KC_NE,2008,1,0.8820278819387608,16.0,0.5
2008_01_MIN_GB,2008,1,0.5734581056840343,2.5,0.5
2008_01_NYJ_MIA,2008,1,0.4120704478709426,-3.0,0.5
2008_01_SEA_BUF,2008,1,0.529524277767397,1.0,0.5
2008_01_STL_PHI,2008,1,0.7232730811922008,8.0,0.5
2008_01_TB_NO,2008,1,0.5879295521290574,3.0,0.5
2008_01_WAS_NYG,2008,1,0.6305586598182363,4.5,0.5
2008_02_ATL_TB,2008,2,0.6979517285214231,7.0,0.5
2008_02_BUF_JAX,2008,2,0.6164980929170679,4.0,0.5
2008_02_CHI_CAR,2008,2,0.5879295521290574,3.0,0.5
2008_02_GB_DET,2008,2,0.4120704478709426,-3.0,0.5
2008_02_IND_MIN,2008,2,0.4704757222326031,-1.0,0.5
2008_02_MIA_ARI,2008,2,0.6849128309162449,6.5,0.5
2008_02_NE_NYJ,2008,2,0.529524277767397,1.0,0.5
2008_02_NO_WAS,2008,2,0.529524277767397,1.0,0.5
2008_02_NYG_STL,2008,2,0.2767269188077992,-8.0,0.5
2008_02_OAK_KC,2008,2,0.6022823943305156,3.5,0.5
2008_02_PHI_DAL,2008,2,0.6849128309162449,6.5,0.5
2008_02_PIT_CLE,2008,2,0.3150871690837551,-6.5,0.5
2008_02_SD_DEN,2008,2,0.529524277767397,1.0,0.5
2008_02_SF_SEA,2008,2,0.6849128309162449,6.5,0.5
2008_02_TEN_CIN,2008,2,0.529524277767397,1.0,0.5
2008_03_ARI_WAS,2008,3,0.5879295521290574,3.0,0.5
2008_03_CAR_MIN,2008,3,0.5879295521290574,3.0,0.5
2008_03_CIN_NYG,2008,3,0.8322169448845721,13.0,0.5
2008_03_CLE_BAL,2008,3,0.5734581056840343,2.5,0.5
2008_03_DAL_GB,2008,3,0.4120704478709426,-3.0,0.5
2008_03_DET_SF,2008,3,0.6444467262025981,5.0,0.5
2008_03_HOU_TEN,2008,3,0.6444467262025981,5.0,0.5
2008_03_JAX_IND,2008,3,0.6164980929170679,4.0,0.5
2008_03_KC_ATL,2008,3,0.6849128309162449,6.5,0.5
2008_03_MIA_NE,2008,3,0.8227577615633441,12.5,0.5
2008_03_NO_DEN,2008,3,0.6581456062996048,5.5,0.5
2008_03_NYJ_SD,2008,3,0.7232730811922008,8.0,0.5
2008_03_OAK_BUF,2008,3,0.7705746740352664,10.0,0.5
2008_03_PIT_PHI,2008,3,0.6022823943305156,3.5,0.5
2008_03_STL_SEA,2008,3,0.7232730811922008,8.0,0.5
2008_03_TB_CHI,2008,3,0.5879295521290574,3.0,0.5
2008_04_ARI_NYJ,2008,4,0.5442358810453114,1.5,0.5
2008_04_ATL_CAR,2008,4,0.6979517285214231,7.0,0.5
2008_04_BAL_PIT,2008,4,0.6716393567181147,6.0,0.5
2008_04_BUF_STL,2008,4,0.26446846661124007,-8.5,0.5
2008_04_CLE_CIN,2008,4,0.529524277767397,1.0,0.5
2008_04_DEN_KC,2008,4,0.2524925375469229,-9.0,0.5
2008_04_GB_TB,2008,4,0.5588870740382756,2.0,0.5
2008_04_HOU_JAX,2008,4,0.6849128309162449,6.5,0.5
2008_04_MIN_TEN,2008,4,0.5879295521290574,3.0,0.5
2008_04_PHI_CHI,2008,4,0.4120704478709426,-3.0,0.5
2008_04_SD_OAK,2008,4,0.2767269188077992,-8.0,0.5
2008_04_SF_NO,2008,4,0.6164980929170679,4.0,0.5
2008_04_WAS_DAL,2008,4,0.7705746740352664,10.0,0.5
2008_05_ATL_GB,2008,5,0.6444467262025981,5.0,0.5
2008_05_BUF_ARI,2008,5,0.529524277767397,1.0,0.5
2008_05_CHI_DET,2008,5,0.3977176056694844,-3.5,0.5
2008_05_CIN_DAL,2008,5,0.8820278819387608,16.0,0.5
2008_05_IND_HOU,2008,5,0.383501907082932,-4.0,0.5
2008_05_KC_CAR,2008,5,0.7705746740352664,10.0,0.5
2008_05_MIN_NO,2008,5,0.5879295521290574,3.0,0.5
2008_05_NE_SF,2008,5,0.4120704478709426,-3.0,0.5
2008_05_PIT_JAX,2008,5,0.6581456062996048,5.5,0.5
2008_05_SD_MIA,2008,5,0.32836064328188524,-6.0,0.5
2008_05_SEA_NYG,2008,5,0.6849128309162449,6.5,0.5
2008_05_TB_DEN,2008,5,0.6022823943305156,3.5,0.5
2008_05_TEN_BAL,2008,5,0.4704757222326031,-1.0,0.5
2008_05_WAS_PHI,2008,5,0.6849128309162449,6.5,0.5
2008_06_BAL_IND,2008,6,0.6164980929170679,4.0,0.5
2008_06_CAR_TB,2008,6,0.529524277767397,1.0,0.5
2008_06_CHI_ATL,2008,6,0.4120704478709426,-3.0,0.5
2008_06_CIN_NYJ,2008,6,0.7591913433207376,9.5,0.5
2008_06_DAL_ARI,2008,6,0.36944134018176367,-4.5,0.5
2008_06_DET_MIN,2008,6,0.8322169448845721,13.0,0.5
2008_06_GB_SEA,2008,6,0.529524277767397,1.0,0.5
2008_06_JAX_DEN,2008,6,0.6022823943305156,3.5,0.5
2008_06_MIA_HOU,2008,6,0.5879295521290574,3.0,0.5
2008_06_NE_SD,2008,6,0.6716393567181147,6.0,0.5
2008_06_NYG_CLE,2008,6,0.2524925375469229,-9.0,0.5
2008_06_OAK_NO,2008,6,0.6979517285214231,7.0,0.5
2008_06_PHI_SF,2008,6,0.36944134018176367,-4.5,0.5
2008_06_STL_WAS,2008,6,0.8129686012545587,12.0,0.5
2008_07_BAL_MIA,2008,7,0.5879295521290574,3.0,0.5
2008_07_CLE_WAS,2008,7,0.6979517285214231,7.0,0.5
2008_07_DAL_STL,2008,7,0.2524925375469229,-9.0,0.5
2008_07_DEN_NE,2008,7,0.5879295521290574,3.0,0.5
2008_07_DET_HOU,2008,7,0.79241084025005,11.0,0.5
2008_07_IND_GB,2008,7,0.4704757222326031,-1.0,0.5
2008_07_MIN_CHI,2008,7,0.5879295521290574,3.0,0.5
2008_07_NO_CAR,2008,7,0.5879295521290574,3.0,0.5
2008_07_NYJ_OAK,2008,7,0.4120704478709426,-3.0,0.5
2008_07_PIT_CIN,2008,7,0.2524925375469229,-9.0,0.5
2008_07_SD_BUF,2008,7,0.4704757222326031,-1.0,0.5
2008_07_SEA_TB,2008,7,0.7816499846386211,10.5,0.5
2008_07_SF_NYG,2008,7,0.7705746740352664,10.0,0.5
2008_07_TEN_KC,2008,7,0.2524925375469229,-9.0,0.5
2008_08_ARI_CAR,2008,8,0.6444467262025981,5.0,0.5
2008_08_ATL_PHI,2008,8,0.7591913433207376,9.5,0.5
2008_08_BUF_MIA,2008,8,0.529524277767397,1.0,0.5
2008_08_CIN_HOU,2008,8,0.7475074624530771,9.0,0.5
2008_08_CLE_JAX,2008,8,0.6979517285214231,7.0,0.5
2008_08_IND_TEN,2008,8,0.6164980929170679,4.0,0.5
2008_08_KC_NYJ,2008,8,0.8501407016943955,14.0,0.5
2008_08_NYG_PIT,2008,8,0.5879295521290574,3.0,0.5
2008_08_OAK_BAL,2008,8,0.7475074624530771,9.0,0.5
2008_08_SD_NO,2008,8,0.4120704478709426,-3.0,0.5
2008_08_SEA_SF,2008,8,0.6444467262025981,5.0,0.5
2008_08_STL_NE,2008,8,0.7475074624530771,9.0,0.5
2008_08_TB_DAL,2008,8,0.529524277767397,1.0,0.5
2008_08_WAS_DET,2008,8,0.30204827147857694,-7.0,0.5
2008_09_ARI_STL,2008,9,0.4120704478709426,-3.0,0.5
2008_09_ATL_OAK,2008,9,0.4120704478709426,-3.0,0.5
2008_09_BAL_CLE,2008,9,0.529524277767397,1.0,0.5
2008_09_DAL_NYG,2008,9,0.7591913433207376,9.5,0.5
2008_09_DET_CHI,2008,9,0.8227577615633441,12.5,0.5
2008_09_GB_TEN,2008,9,0.6022823943305156,3.5,0.5
2008_09_HOU_MIN,2008,9,0.6849128309162449,6.5,0.5
2008_09_JAX_CIN,2008,9,0.30204827147857694,-7.0,0.5
2008_09_MIA_DEN,2008,9,0.6164980929170679,4.0,0.5
2008_09_NE_IND,2008,9,0.6849128309162449,6.5,0.5
2008_09_NYJ_BUF,2008,9,0.6444467262025981,5.0,0.5
2008_09_PHI_SEA,2008,9,0.30204827147857694,-7.0,0.5
2008_09_PIT_WAS,2008,9,0.529524277767397,1.0,0.5
2008_09_TB_KC,2008,9,0.24080865667926238,-9.5,0.5
2008_10_BAL_HOU,2008,10,0.5734581056840343,2.5,0.5
2008_10_BUF_NE,2008,10,0.6022823943305156,3.5,0.5
2008_10_CAR_OAK,2008,10,0.22942532596473364,-10.0,0.5
2008_10_DEN_CLE,2008,10,0.5879295521290574,3.0,0.5
2008_10_GB_MIN,2008,10,0.5734581056840343,2.5,0.5
2008_10_IND_PIT,2008,10,0.6022823943305156,3.5,0.5
2008_10_JAX_DET,2008,10,0.34185439370039516,-5.5,0.5
2008_10_KC_SD,2008,10,0.858605258338129,14.5,0.5
2008_10_NO_ATL,2008,10,0.529524277767397,1.0,0.5
2008_10_NYG_PHI,2008,10,0.5879295521290574,3.0,0.5
2008_10_SEA_MIA,2008,10,0.7475074624530771,9.0,0.5
2008_10_SF_ARI,2008,10,0.7591913433207376,9.5,0.5
2008_10_STL_NYJ,2008,10,0.7591913433207376,9.5,0.5
2008_10_TEN_CHI,2008,10,0.4704757222326031,-1.0,0.5
2008_11_ARI_SEA,2008,11,0.4120704478709426,-3.0,0.5
2008_11_BAL_NYG,2008,11,0.6979517285214231,7.0,0.5
2008_11_CHI_GB,2008,11,0.6022823943305156,3.5,0.5
2008_11_CLE_BUF,2008,11,0.6305586598182363,4.5,0.5
2008_11_DAL_WAS,2008,11,0.4704757222326031,-1.0,0.5
2008_11_DEN_ATL,2008,11,0.6849128309162449,6.5,0.5
2008_11_DET_CAR,2008,11,0.8501407016943955,14.0,0.5
2008_11_HOU_IND,2008,11,0.7475074624530771,9.0,0.5
2008_11_MIN_TB,2008,11,0.6305586598182363,4.5,0.5
2008_11_NO_KC,2008,11,0.32836064328188524,-6.0,0.5
2008_11_NYJ_NE,2008,11,0.5879295521290574,3.0,0.5
2008_11_OAK_MIA,2008,11,0.7705746740352664,10.0,0.5
2008_11_PHI_CIN,2008,11,0.24080865667926238,-9.5,0.5
2008_11_SD_PIT,2008,11,0.6305586598182363,4.5,0.5
2008_11_STL_SF,2008,11,0.6979517285214231,7.0,0.5
2008_11_TEN_JAX,2008,11,0.4704757222326031,-1.0,0.5
2008_12_BUF_KC,2008,12,0.4120704478709426,-3.0,0.5
2008_12_CAR_ATL,2008,12,0.529524277767397,1.0,0.5
2008_12_CHI_STL,2008,12,0.30204827147857694,-7.0,0.5
2008_12_CIN_PIT,2008,12,0.8028518384657922,11.5,0.5
2008_12_GB_NO,2008,12,0.529524277767397,1.0,0.5
2008_12_HOU_CLE,2008,12,0.5879295521290574,3.0,0.5
2008_12_IND_SD,2008,12,0.5879295521290574,3.0,0.5
2008_12_MIN_JAX,2008,12,0.529524277767397,1.0,0.5
2008_12_NE_MIA,2008,12,0.4704757222326031,-1.0,0.5
2008_12_NYG_ARI,2008,12,0.4120704478709426,-3.0,0.5
2008_12_NYJ_TEN,2008,12,0.6581456062996048,5.5,0.5
2008_12_OAK_DEN,2008,12,0.7475074624530771,9.0,0.5
2008_12_PHI_BAL,2008,12,0.529524277767397,1.0,0.5
2008_12_SF_DAL,2008,12,0.7591913433207376,9.5,0.5
2008_12_TB_DET,2008,12,0.2524925375469229,-9.0,0.5
2008_12_WAS_SEA,2008,12,0.4120704478709426,-3.0,0.5
2008_13_ARI_PHI,2008,13,0.5879295521290574,3.0,0.5
2008_13_ATL_SD,2008,13,0.6849128309162449,6.5,0.5
2008_13_BAL_CIN,2008,13,0.30204827147857694,-7.0,0.5
2008_13_CAR_GB,2008,13,0.5879295521290574,3.0,0.5
2008_13_CHI_MIN,2008,13,0.6444467262025981,5.0,0.5
2008_13_DEN_NYJ,2008,13,0.7107426392460281,7.5,0.5
2008_13_IND_CLE,2008,13,0.383501907082932,-4.0,0.5
2008_13_JAX_HOU,2008,13,0.5879295521290574,3.0,0.5
2008_13_KC_OAK,2008,13,0.5879295521290574,3.0,0.5
2008_13_MIA_STL,2008,13,0.30204827147857694,-7.0,0.5
2008_13_NO_TB,2008,13,0.6022823943305156,3.5,0.5
2008_13_NYG_WAS,2008,13,0.3977176056694844,-3.5,0.5
2008_13_PIT_NE,2008,13,0.529524277767397,1.0,0.5
2008_13_SEA_DAL,2008,13,0.8028518384657922,11.5,0.5
2008_13_SF_BUF,2008,13,0.6849128309162449,6.5,0.5
2008_13_TEN_DET,2008,13,0.20758915974995001,-11.0,0.5
2008_14_ATL_NO,2008,14,0.5879295521290574,3.0,0.5
2008_14_CIN_IND,2008,14,0.8413447460685429,13.5,0.5
2008_14_CLE_TEN,2008,14,0.8501407016943955,14.0,0.5
2008_14_DAL_PIT,2008,14,0.6164980929170679,4.0,0.5
2008_14_HOU_GB,2008,14,0.6979517285214231,7.0,0.5
2008_14_JAX_CHI,2008,14,0.6849128309162449,6.5,0.5
2008_14_KC_DEN,2008,14,0.7475074624530771,9.0,0.5
2008_14_MIA_BUF,2008,14,0.529524277767397,1.0,0.5
2008_14_MIN_DET,2008,14,0.21835001536137882,-10.5,0.5
2008_14_NE_SEA,2008,14,0.28925736075397196,-7.5,0.5
2008_14_NYJ_SF,2008,14,0.383501907082932,-4.0,0.5
2008_14_OAK_SD,2008,14,0.7591913433207376,9.5,0.5
2008_14_PHI_NYG,2008,14,0.6849128309162449,6.5,0.5
2008_14_STL_ARI,2008,14,0.8501407016943955,14.0,0.5
2008_14_TB_CAR,2008,14,0.5879295521290574,3.0,0.5
2008_14_WAS_BAL,2008,14,0.6716393567181147,6.0,0.5
2008_15_BUF_NYJ,2008,15,0.7475074624530771,9.0,0.5
2008_15_CLE_PHI,2008,15,0.8745462947506933,15.5,0.5
2008_15_DEN_CAR,2008,15,0.6979517285214231,7.0,0.5
2008_15_DET_IND,2008,15,0.8891881987703032,16.5,0.5
2008_15_GB_JAX,2008,15,0.42654189431596573,-2.5,0.5
2008_15_MIN_ARI,2008,15,0.6164980929170679,4.0,0.5
2008_15_NE_OAK,2008,15,0.3150871690837551,-6.5,0.5
2008_15_NO_CHI,2008,15,0.5879295521290574,3.0,0.5
2008_15_NYG_DAL,2008,15,0.5879295521290574,3.0,0.5
2008_15_PIT_BAL,2008,15,0.5879295521290574,3.0,0.5
2008_15_SD_KC,2008,15,0.32836064328188524,-6.0,0.5
2008_15_SEA_STL,2008,15,0.4704757222326031,-1.0,0.5
2008_15_SF_MIA,2008,15,0.6581456062996048,5.5,0.5
2008_15_TB_ATL,2008,15,0.6581456062996048,5.5,0.5
2008_15_TEN_HOU,2008,15,0.4120704478709426,-3.0,0.5
2008_15_WAS_CIN,2008,15,0.3150871690837551,-6.5,0.5
2008_16_ARI_NE,2008,16,0.7475074624530771,9.0,0.5
2008_16_ATL_MIN,2008,16,0.5879295521290574,3.0,0.5
2008_16_BAL_DAL,2008,16,0.6444467262025981,5.0,0.5
2008_16_BUF_DEN,2008,16,0.6849128309162449,6.5,0.5
2008_16_CAR_NYG,2008,16,0.6164980929170679,4.0,0.5
2008_16_CIN_CLE,2008,16,0.529524277767397,1.0,0.5
2008_16_GB_CHI,2008,16,0.6164980929170679,4.0,0.5
2008_16_HOU_OAK,2008,16,0.30204827147857694,-7.0,0.5
2008_16_IND_JAX,2008,16,0.34185439370039516,-5.5,0.5
2008_16_MIA_KC,2008,16,0.3977176056694844,-3.5,0.5
2008_16_NO_DET,2008,16,0.30204827147857694,-7.0,0.5
2008_16_NYJ_SEA,2008,16,0.3977176056694844,-3.5,0.5
2008_16_PHI_WAS,2008,16,0.36944134018176367,-4.5,0.5
2008_16_PIT_TEN,2008,16,0.42654189431596573,-2.5,0.5
2008_16_SD_TB,2008,16,0.6305586598182363,4.5,0.5
2008_16_SF_STL,2008,16,0.3977176056694844,-3.5,0.5
2008_17_CAR_NO,2008,17,0.4704757222326031,-1.0,0.5
2008_17_CHI_HOU,2008,17,0.5879295521290574,3.0,0.5
2008_17_CLE_PIT,2008,17,0.79241084025005,11.0,0.5
2008_17_DAL_PHI,2008,17,0.5734581056840343,2.5,0.5
2008_17_DEN_SD,2008,17,0.6979517285214231,7.0,0.5
2008_17_DET_GB,2008,17,0.79241084025005,11.0,0.5
2008_17_JAX_BAL,2008,17,0.7816499846386211,10.5,0.5
2008_17_KC_CIN,2008,17,0.5442358810453114,1.5,0.5
2008_17_MIA_NYJ,2008,17,0.5734581056840343,2.5,0.5
2008_17_NE_BUF,2008,17,0.34185439370039516,-5.5,0.5
2008_17_NYG_MIN,2008,17,0.6979517285214231,7.0,0.5
2008_17_OAK_TB,2008,17,0.79241084025005,11.0,0.5
2008_17_SEA_ARI,2008,17,0.6979517285214231,7.0,0.5
2008_17_STL_ATL,2008,17,0.8501407016943955,14.0,0.5
2008_17_TEN_IND,2008,17,0.4120704478709426,-3.0,0.5
2008_17_WAS_SF,2008,17,0.529524277767397,1.0,0.5
2008_18_ATL_ARI,2008,18,0.5588870740382756,2.0,0.5
2008_18_BAL_MIA,2008,18,0.3977176056694844,-3.5,0.5
2008_18_IND_SD,2008,18,0.4557641189546886,-1.5,0.5
2008_18_PHI_MIN,2008,18,0.4120704478709426,-3.0,0.5
2008_19_ARI_CAR,2008,19,0.7705746740352664,10.0,0.5
2008_19_BAL_TEN,2008,19,0.5879295521290574,3.0,0.5
2008_19_PHI_NYG,2008,19,0.6164980929170679,4.0,0.5
2008_19_SD_PIT,2008,19,0.6849128309162449,6.5,0.5
2008_20_BAL_PIT,2008,20,0.6716393567181147,6.0,0.5
2008_20_PHI_ARI,2008,20,0.3977176056694844,-3.5,0.5
2008_21_PIT_ARI,2008,21,0.3150871690837551,-6.5,0.5
2009_01_BUF_NE,2009,1,0.8413447460685429,13.5,0.5
2009_01_CHI_GB,2009,1,0.6444467262025981,5.0,0.5
2009_01_DAL_TB,2009,1,0.36944134018176367,-4.5,0.5
2009_01_DEN_CIN,2009,1,0.6305586598182363,4.5,0.5
2009_01_DET_NO,2009,1,0.8501407016943955,14.0,0.5
2009_01_JAX_IND,2009,1,0.6849128309162449,6.5,0.5
2009_01_KC_BAL,2009,1,0.8322169448845721,13.0,0.5
2009_01_MIA_ATL,2009,1,0.6164980929170679,4.0,0.5
2009_01_MIN_CLE,2009,1,0.383501907082932,-4.0,0.5
2009_01_NYJ_HOU,2009,1,0.6305586598182363,4.5,0.5
2009_01_PHI_CAR,2009,1,0.4704757222326031,-1.0,0.5
2009_01_SD_OAK,2009,1,0.22942532596473364,-10.0,0.5
2009_01_SF_ARI,2009,1,0.6444467262025981,5.0,0.5
2009_01_STL_SEA,2009,1,0.6979517285214231,7.0,0.5
2009_01_TEN_PIT,2009,1,0.6849128309162449,6.5,0.5
2009_01_WAS_NYG,2009,1,0.6716393567181147,6.0,0.5
2009_02_ARI_JAX,2009,2,0.5879295521290574,3.0,0.5
2009_02_BAL_SD,2009,2,0.5879295521290574,3.0,0.5
2009_02_CAR_ATL,2009,2,0.6581456062996048,5.5,0.5
2009_02_CIN_GB,2009,2,0.7107426392460281,7.5,0.5
2009_02_CLE_DEN,2009,2,0.5879295521290574,3.0,0.5
2009_02_HOU_TEN,2009,2,0.6979517285214231,7.0,0.5
2009_02_IND_MIA,2009,2,0.4120704478709426,-3.0,0.5
2009_02_MIN_DET,2009,2,0.22942532596473364,-10.0,0.5
2009_02_NE_NYJ,2009,2,0.3977176056694844,-3.5,0.5
2009_02_NO_PHI,2009,2,0.42654189431596573,-2.5,0.5
2009_02_NYG_DAL,2009,2,0.5879295521290574,3.0,0.5
2009_02_OAK_KC,2009,2,0.5442358810453114,1.5,0.5
2009_02_PIT_CHI,2009,2,0.4704757222326031,-1.0,0.5
2009_02_SEA_SF,2009,2,0.529524277767397,1.0,0.5
2009_02_STL_WAS,2009,2,0.7705746740352664,10.0,0.5
2009_02_TB_BUF,2009,2,0.6305586598182363,4.5,0.5
2009_03_ATL_NE,2009,3,0.6305586598182363,4.5,0.5
2009_03_CAR_DAL,2009,3,0.7475074624530771,9.0,0.5
2009_03_CHI_SEA,2009,3,0.4704757222326031,-1.0,0.5
2009_03_CLE_BAL,2009,3,0.8413447460685429,13.5,0.5
2009_03_DEN_OAK,2009,3,0.4704757222326031,-1.0,0.5
2009_03_GB_STL,2009,3,0.3150871690837551,-6.5,0.5
2009_03_IND_ARI,2009,3,0.5879295521290574,3.0,0.5
2009_03_JAX_HOU,2009,3,0.6164980929170679,4.0,0.5
2009_03_KC_PHI,2009,3,0.7107426392460281,7.5,0.5
2009_03_MIA_SD,2009,3,0.6581456062996048,5.5,0.5
2009_03_NO_BUF,2009,3,0.34185439370039516,-5.5,0.5
2009_03_NYG_TB,2009,3,0.32836064328188524,-6.0,0.5
2009_03_PIT_CIN,2009,3,0.3977176056694844,-3.5,0.5
2009_03_SF_MIN,2009,3,0.6979517285214231,7.0,0.5
2009_03_TEN_NYJ,2009,3,0.529524277767397,1.0,0.5
2009_03_WAS_DET,2009,3,0.3150871690837551,-6.5,0.5
2009_04_BAL_NE,2009,4,0.529524277767397,1.0,0.5
2009_04_BUF_MIA,2009,4,0.529524277767397,1.0,0.5
2009_04_CIN_CLE,2009,4,0.32836064328188524,-6.0,0.5
2009_04_DAL_DEN,2009,4,0.4704757222326031,-1.0,0.5
2009_04_DET_CHI,2009,4,0.7591913433207376,9.5,0.5
2009_04_GB_MIN,2009,4,0.6305586598182363,4.5,0.5
2009_04_NYG_KC,2009,4,0.2524925375469229,-9.0,0.5
2009_04_NYJ_NO,2009,4,0.7107426392460281,7.5,0.5
2009_04_OAK_HOU,2009,4,0.7475074624530771,9.0,0.5
2009_04_SD_PIT,2009,4,0.6581456062996048,5.5,0.5
2009_04_SEA_IND,2009,4,0.7705746740352664,10.0,0.5
2009_04_STL_SF,2009,4,0.7591913433207376,9.5,0.5
2009_04_TB_WAS,2009,4,0.7591913433207376,9.5,0.5
2009_04_TEN_JAX,2009,4,0.4120704478709426,-3.0,0.5
2009_05_ATL_SF,2009,5,0.529524277767397,1.0,0.5
2009_05_CIN_BAL,2009,5,0.7475074624530771,9.0,0.5
2009_05_CLE_BUF,2009,5,0.6716393567181147,6.0,0.5
2009_05_DAL_KC,2009,5,0.30204827147857694,-7.0,0.5
2009_05_HOU_ARI,2009,5,0.6581456062996048,5.5,0.5
2009_05_IND_TEN,2009,5,0.4120704478709426,-3.0,0.5
2009_05_JAX_SEA,2009,5,0.529524277767397,1.0,0.5
2009_05_MIN_STL,2009,5,0.22942532596473364,-10.0,0.5
2009_05_NE_DEN,2009,5,0.4120704478709426,-3.0,0.5
2009_05_NYJ_MIA,2009,5,0.4120704478709426,-3.0,0.5
2009_05_OAK_NYG,2009,5,0.8745462947506933,15.5,0.5
2009_05_PIT_DET,2009,5,0.20758915974995001,-11.0,0.5
2009_05_TB_PHI,2009,5,0.8745462947506933,15.5,0.5
2009_05_WAS_CAR,2009,5,0.6444467262025981,5.0,0.5
2009_06_ARI_SEA,2009,6,0.5879295521290574,3.0,0.5
2009_06_BAL_MIN,2009,6,0.5879295521290574,3.0,0.5
2009_06_BUF_NYJ,2009,6,0.7591913433207376,9.5,0.5
2009_06_CAR_TB,2009,6,0.4120704478709426,-3.0,0.5
2009_06_CHI_ATL,2009,6,0.6164980929170679,4.0,0.5
2009_06_CLE_PIT,2009,6,0.8501407016943955,14.0,0.5
2009_06_DEN_SD,2009,6,0.6022823943305156,3.5,0.5
2009_06_DET_GB,2009,6,0.8501407016943955,14.0,0.5
2009_06_HOU_CIN,2009,6,0.6164980929170679,4.0,0.5
2009_06_KC_WAS,2009,6,0.6849128309162449,6.5,0.5
2009_06_NYG_NO,2009,6,0.6022823943305156,3.5,0.5
2009_06_PHI_OAK,2009,6,0.14985929830560452,-14.0,0.5
2009_06_STL_JAX,2009,6,0.7591913433207376,9.5,0.5
2009_06_TEN_NE,2009,6,0.7591913433207376,9.5,0.5
2009_07_ARI_NYG,2009,7,0.7475074624530771,9.0,0.5
2009_07_ATL_DAL,2009,7,0.6581456062996048,5.5,0.5
2009_07_BUF_CAR,2009,7,0.6979517285214231,7.0,0.5
2009_07_CHI_CIN,2009,7,0.4704757222326031,-1.0,0.5
2009_07_GB_CLE,2009,7,0.24080865667926238,-9.5,0.5
2009_07_IND_STL,2009,7,0.14985929830560452,-14.0,0.5
2009_07_MIN_PIT,2009,7,0.6716393567181147,6.0,0.5
2009_07_NE_TB,2009,7,0.12545370524930666,-15.5,0.5
2009_07_NO_MIA,2009,7,0.32836064328188524,-6.0,0.5
2009_07_NYJ_OAK,2009,7,0.32836064328188524,-6.0,0.5
2009_07_PHI_WAS,2009,7,0.2524925375469229,-9.0,0.5
2009_07_SD_KC,2009,7,0.34185439370039516,-5.5,0.5
2009_07_SF_HOU,2009,7,0.5879295521290574,3.0,0.5
2009_08_ATL_NO,2009,8,0.79241084025005,11.0,0.5
2009_08_CAR_ARI,2009,8,0.7705746740352664,10.0,0.5
2009_08_CLE_CHI,2009,8,0.8028518384657922,11.5,0.5
2009_08_DEN_BAL,2009,8,0.6305586598182363,4.5,0.5
2009_08_HOU_BUF,2009,8,0.3977176056694844,-3.5,0.5
2009_08_JAX_TEN,2009,8,0.5879295521290574,3.0,0.5
2009_08_MIA_NYJ,2009,8,0.6022823943305156,3.5,0.5
2009_08_MIN_GB,2009,8,0.6022823943305156,3.5,0.5
2009_08_NYG_PHI,2009,8,0.4704757222326031,-1.0,0.5
2009_08_OAK_SD,2009,8,0.8820278819387608,16.0,0.5
2009_08_SEA_DAL,2009,8,0.7705746740352664,10.0,0.5
2009_08_SF_IND,2009,8,0.8322169448845721,13.0,0.5
2009_08_STL_DET,2009,8,0.6022823943305156,3.5,0.5
2009_09_ARI_CHI,2009,9,0.529524277767397,1.0,0.5
2009_09_BAL_CIN,2009,9,0.4120704478709426,-3.0,0.5
2009_09_CAR_NO,2009,9,0.8227577615633441,12.5,0.5
2009_09_DAL_PHI,2009,9,0.5879295521290574,3.0,0.5
2009_09_DET_SEA,2009,9,0.79241084025005,11.0,0.5
2009_09_GB_TB,2009,9,0.24080865667926238,-9.5,0.5
2009_09_HOU_IND,2009,9,0.7107426392460281,7.5,0.5
2009_09_KC_JAX,2009,9,0.6979517285214231,7.0,0.5
2009_09_MIA_NE,2009,9,0.7816499846386211,10.5,0.5
2009_09_PIT_DEN,2009,9,0.4120704478709426,-3.0,0.5
2009_09_SD_NYG,2009,9,0.6444467262025981,5.0,0.5
2009_09_TEN_SF,2009,9,0.6305586598182363,4.5,0.5
2009_09_WAS_ATL,2009,9,0.7475074624530771,9.0,0.5
2009_10_ATL_CAR,2009,10,0.4704757222326031,-1.0,0.5
2009_10_BAL_CLE,2009,10,0.21835001536137882,-10.5,0.5
2009_10_BUF_TEN,2009,10,0.7475074624530771,9.0,0.5
2009_10_CHI_SF,2009,10,0.6022823943305156,3.5,0.5
2009_10_CIN_PIT,2009,10,0.6849128309162449,6.5,0.5
2009_10_DAL_GB,2009,10,0.4120704478709426,-3.0,0.5
2009_10_DEN_WAS,2009,10,0.3977176056694844,-3.5,0.5
2009_10_DET_MIN,2009,10,0.8960316482519415,17.0,0.5
2009_10_JAX_NYJ,2009,10,0.6849128309162449,6.5,0.5
2009_10_KC_OAK,2009,10,0.529524277767397,1.0,0.5
2009_10_NE_IND,2009,10,0.529524277767397,1.0,0.5
2009_10_NO_STL,2009,10,0.14985929830560452,-14.0,0.5
2009_10_PHI_SD,2009,10,0.529524277767397,1.0,0.5
2009_10_SEA_ARI,2009,10,0.7475074624530771,9.0,0.5
2009_10_TB_MIA,2009,10,0.7705746740352664,10.0,0.5
2009_11_ARI_STL,2009,11,0.24080865667926238,-9.5,0.5
2009_11_ATL_NYG,2009,11,0.6979517285214231,7.0,0.5
2009_11_BUF_JAX,2009,11,0.7475074624530771,9.0,0.5
2009_11_CIN_OAK,2009,11,0.2524925375469229,-9.0,0.5
2009_11_CLE_DET,2009,11,0.6022823943305156,3.5,0.5
2009_11_IND_BAL,2009,11,0.4704757222326031,-1.0,0.5
2009_11_MIA_CAR,2009,11,0.6022823943305156,3.5,0.5
2009_11_NO_TB,2009,11,0.21835001536137882,-10.5,0.5
2009_11_NYJ_NE,2009,11,0.7816499846386211,10.5,0.5
2009_11_PHI_CHI,2009,11,0.3977176056694844,-3.5,0.5
2009_11_PIT_KC,2009,11,0.21835001536137882,-10.5,0.5
2009_11_SD_DEN,2009,11,0.3150871690837551,-6.5,0.5
2009_11_SEA_MIN,2009,11,0.7816499846386211,10.5,0.5
2009_11_SF_GB,2009,11,0.6716393567181147,6.0,0.5
2009_11_TEN_HOU,2009,11,0.6164980929170679,4.0,0.5
2009_11_WAS_DAL,2009,11,0.79241084025005,11.0,0.5
2009_12_ARI_TEN,2009,12,0.6022823943305156,3.5,0.5
2009_12_CAR_NYJ,2009,12,0.6022823943305156,3.5,0.5
2009_12_CHI_MIN,2009,12,0.7705746740352664,10.0,0.5
2009_12_CLE_CIN,2009,12,0.8129686012545587,12.0,0.5
2009_12_GB_DET,2009,12,0.20758915974995001,-11.0,0.5
2009_12_IND_HOU,2009,12,0.4120704478709426,-3.0,0.5
2009_12_JAX_SF,2009,12,0.5879295521290574,3.0,0.5
2009_12_KC_SD,2009,12,0.8322169448845721,13.0,0.5
2009_12_MIA_BUF,2009,12,0.3977176056694844,-3.5,0.5
2009_12_NE_NO,2009,12,0.529524277767397,1.0,0.5
2009_12_NYG_DEN,2009,12,0.36944134018176367,-4.5,0.5
2009_12_OAK_DAL,2009,12,0.8413447460685429,13.5,0.5
2009_12_PIT_BAL,2009,12,0.7475074624530771,9.0,0.5
2009_12_SEA_STL,2009,12,0.3977176056694844,-3.5,0.5
2009_12_TB_ATL,2009,12,0.8129686012545587,12.0,0.5
2009_12_WAS_PHI,2009,12,0.7591913433207376,9.5,0.5
2009_13_BAL_GB,2009,13,0.6164980929170679,4.0,0.5
2009_13_DAL_NYG,2009,13,0.4704757222326031,-1.0,0.5
2009_13_DEN_KC,2009,13,0.32836064328188524,-6.0,0.5
2009_13_DET_CIN,2009,13,0.8413447460685429,13.5,0.5
2009_13_HOU_JAX,2009,13,0.4704757222326031,-1.0,0.5
2009_13_MIN_ARI,2009,13,0.3977176056694844,-3.5,0.5
2009_13_NE_MIA,2009,13,0.36944134018176367,-4.5,0.5
2009_13_NO_WAS,2009,13,0.2524925375469229,-9.0,0.5
2009_13_NYJ_BUF,2009,13,0.3977176056694844,-3.5,0.5
2009_13_OAK_PIT,2009,13,0.858605258338129,14.5,0.5
2009_13_PHI_ATL,2009,13,0.383501907082932,-4.0,0.5
2009_13_SD_CLE,2009,13,0.15865525393145707,-13.5,0.5
2009_13_SF_SEA,2009,13,0.4704757222326031,-1.0,0.5
2009_13_STL_CHI,2009,13,0.7591913433207376,9.5,0.5
2009_13_TB_CAR,2009,13,0.6022823943305156,3.5,0.5
2009_13_TEN_IND,2009,13,0.6716393567181147,6.0,0.5
2009_14_ARI_SF,2009,14,0.383501907082932,-4.0,0.5
2009_14_BUF_KC,2009,14,0.4120704478709426,-3.0,0.5
2009_14_CAR_NE,2009,14,0.8227577615633441,12.5,0.5
2009_14_CIN_MIN,2009,14,0.6716393567181147,6.0,0.5
2009_14_DEN_IND,2009,14,0.6849128309162449,6.5,0.5
2009_14_DET_BAL,2009,14,0.8501407016943955,14.0,0.5
2009_14_GB_CHI,2009,14,0.383501907082932,-4.0,0.5
2009_14_MIA_JAX,2009,14,0.529524277767397,1.0,0.5
2009_14_NO_ATL,2009,14,0.22942532596473364,-10.0,0.5
2009_14_NYJ_TB,2009,14,0.3977176056694844,-3.5,0.5
2009_14_PHI_NYG,2009,14,0.4704757222326031,-1.0,0.5
2009_14_PIT_CLE,2009,14,0.22942532596473364,-10.0,0.5
2009_14_SD_DAL,2009,14,0.6022823943305156,3.5,0.5
2009_14_SEA_HOU,2009,14,0.6979517285214231,7.0,0.5
2009_14_STL_TEN,2009,14,0.8413447460685429,13.5,0.5
2009_14_WAS_OAK,2009,14,0.4704757222326031,-1.0,0.5
2009_15_ARI_DET,2009,15,0.14985929830560452,-14.0,0.5
2009_15_ATL_NYJ,2009,15,0.6581456062996048,5.5,0.5
2009_15_CHI_BAL,2009,15,0.7816499846386211,10.5,0.5
2009_15_CIN_SD,2009,15,0.6849128309162449,6.5,0.5
2009_15_CLE_KC,2009,15,0.529524277767397,1.0,0.5
2009_15_DAL_NO,2009,15,0.7107426392460281,7.5,0.5
2009_15_GB_PIT,2009,15,0.5734581056840343,2.5,0.5
2009_15_HOU_STL,2009,15,0.14985929830560452,-14.0,0.5
2009_15_IND_JAX,2009,15,0.3977176056694844,-3.5,0.5
2009_15_MIA_TEN,2009,15,0.6305586598182363,4.5,0.5
2009_15_MIN_CAR,2009,15,0.2524925375469229,-9.0,0.5
2009_15_NE_BUF,2009,15,0.3150871690837551,-6.5,0.5
2009_15_NYG_WAS,2009,15,0.4704757222326031,-1.0,0.5
2009_15_OAK_DEN,2009,15,0.8413447460685429,13.5,0.5
2009_15_SF_PHI,2009,15,0.6979517285214231,7.0,0.5
2009_15_TB_SEA,2009,15,0.6849128309162449,6.5,0.5
2009_16_BAL_PIT,2009,16,0.5879295521290574,3.0,0.5
2009_16_BUF_ATL,2009,16,0.7475074624530771,9.0,0.5
2009_16_CAR_NYG,2009,16,0.7475074624530771,9.0,0.5
2009_16_DAL_WAS,2009,16,0.30204827147857694,-7.0,0.5
2009_16_DEN_PHI,2009,16,0.6979517285214231,7.0,0.5
2009_16_DET_SF,2009,16,0.8501407016943955,14.0,0.5
2009_16_HOU_MIA,2009,16,0.529524277767397,1.0,0.5
2009_16_JAX_NE,2009,16,0.7591913433207376,9.5,0.5
2009_16_KC_CIN,2009,16,0.8322169448845721,13.0,0.5
2009_16_MIN_CHI,2009,16,0.2524925375469229,-9.0,0.5
2009_16_NYJ_IND,2009,16,0.5879295521290574,3.0,0.5
2009_16_OAK_CLE,2009,16,0.5879295521290574,3.0,0.5
2009_16_SD_TEN,2009,16,0.529524277767397,1.0,0.5
2009_16_SEA_GB,2009,16,0.8413447460685429,13.5,0.5
2009_16_STL_ARI,2009,16,0.8820278819387608,16.0,0.5
2009_16_TB_NO,2009,16,0.8501407016943955,14.0,0.5
2009_17_ATL_TB,2009,17,0.4120704478709426,-3.0,0.5
2009_17_BAL_OAK,2009,17,0.22942532596473364,-10.0,0.5
2009_17_CHI_DET,2009,17,0.383501907082932,-4.0,0.5
2009_17_CIN_NYJ,2009,17,0.7591913433207376,9.5,0.5
2009_17_GB_ARI,2009,17,0.5879295521290574,3.0,0.5
2009_17_IND_BUF,2009,17,0.7475074624530771,9.0,0.5
2009_17_JAX_CLE,2009,17,0.529524277767397,1.0,0.5
2009_17_KC_DEN,2009,17,0.7591913433207376,9.5,0.5
2009_17_NE_HOU,2009,17,0.7475074624530771,9.0,0.5
2009_17_NO_CAR,2009,17,0.7705746740352664,10.0,0.5
2009_17_NYG_MIN,2009,17,0.7475074624530771,9.0,0.5
2009_17_PHI_DAL,2009,17,0.5879295521290574,3.0,0.5
2009_17_PIT_MIA,2009,17,0.4120704478709426,-3.0,0.5
2009_17_SF_STL,2009,17,0.30204827147857694,-7.0,0.5
2009_17_TEN_SEA,2009,17,0.32836064328188524,-6.0,0.5
2009_17_WAS_SD,2009,17,0.5879295521290574,3.0,0.5
2009_18_BAL_NE,2009,18,0.6022823943305156,3.5,0.5
2009_18_GB_ARI,2009,18,0.42654189431596573,-2.5,0.5
2009_18_NYJ_CIN,2009,18,0.5734581056840343,2.5,0.5
2009_18_PHI_DAL,2009,18,0.6022823943305156,3.5,0.5
2009_19_ARI_NO,2009,19,0.6979517285214231,7.0,0.5
2009_19_BAL_IND,2009,19,0.6849128309162449,6.5,0.5
2009_19_DAL_MIN,2009,19,0.5734581056840343,2.5,0.5
2009_19_NYJ_SD,2009,19,0.7475074624530771,9.0,0.5
2009_20_MIN_NO,2009,20,0.6164980929170679,4.0,0.5
2009_20_NYJ_IND,2009,20,0.7232730811922008,8.0,0.5
2009_21_NO_IND,2009,21,0.6305586598182363,4.5,0.5
2010_01_ARI_STL,2010,1,0.4120704478709426,-3.0,0.5
2010_01_ATL_PIT,2010,1,0.4704757222326031,-1.0,0.5
2010_01_BAL_NYJ,2010,1,0.529524277767397,1.0,0.5
2010_01_CAR_NYG,2010,1,0.6645727397653388,5.737169517884914,0.5070083023302734
2010_01_CIN_NE,2010,1,0.6444467262025981,5.0,0.5
2010_01_CLE_TB,2010,1,0.5734581056840343,2.5,0.5
2010_01_DAL_WAS,2010,1,0.4113307847490014,-3.0256609642301715,0.5140144420174839
2010_01_DEN_JAX,2010,1,0.5879295521290574,3.0,0.5
2010_01_DET_CHI,2010,1,0.691127776781117,6.737169517884914,0.5070083023302734
2010_01_GB_PHI,2010,1,0.4120704478709426,-3.0,0.5
2010_01_IND_HOU,2010,1,0.48446997006939546,-0.5256609642301713,0.5140144420174839
2010_01_MIA_BUF,2010,1,0.4120704478709426,-3.0,0.5
2010_01_MIN_NO,2010,1,0.6305586598182363,4.5,0.5
2010_01_OAK_TEN,2010,1,0.6786450929552885,6.262830482115086,0.4929916976697266
2010_01_SD_KC,2010,1,0.3902267158650971,-3.7628304821150858,0.5070083023302734
2010_01_SF_SEA,2010,1,0.4120704478709426,-3.0,0.5
2010_02_ARI_ATL,2010,2,0.6917969867616152,6.762830482115086,0.4929916976697266
2010_02_BAL_CIN,2010,2,0.43344226955974724,-2.2628304821150858,0.5070083023302734
2010_02_BUF_GB,2010,2,0.8181553966421968,12.262830482115085,0.4929916976697266
2010_02_CHI_DAL,2010,2,0.6917969867616152,6.762830482115086,0.4929916976697266
2010_02_HOU_WAS,2010,2,0.42654189431596573,-2.5,0.5
2010_02_JAX_SD,2010,2,0.6917969867616152,6.762830482115086,0.4929916976697266
2010_02_KC_CLE,2010,2,0.5879295521290574,3.0,0.5
2010_02_MIA_MIN,2010,2,0.6645727397653388,5.737169517884914,0.5070083023302734
2010_02_NE_NYJ,2010,2,0.4052464001164976,-3.2371695178849142,0.4929916976697266
2010_02_NO_SF,2010,2,0.3628311434027365,-4.737169517884914,0.4929916976697266
2010_02_NYG_IND,2010,2,0.5962265717315748,3.288491446345257,0.4789837415795724
2010_02_PHI_DET,2010,2,0.3150871690837551,-6.5,0.5
2010_02_PIT_TEN,2010,2,0.6842372027849888,6.4743390357698285,0.5140144420174839
2010_02_SEA_DEN,2010,2,0.5886692152509986,3.0256609642301715,0.4859855579825161
2010_02_STL_OAK,2010,2,0.5673053470944808,2.288491446345257,0.4789837415795724
2010_02_TB_CAR,2010,2,0.5894085633319761,3.0513219284603426,0.47198840510147
2010_03_ATL_NO,2010,3,0.5879295521290574,3.0,0.5
2010_03_BUF_NE,2010,3,0.8501407016943955,14.0,0.5
2010_03_CIN_CAR,2010,3,0.4052464001164976,-3.2371695178849142,0.4929916976697266
2010_03_CLE_BAL,2010,3,0.8356484446182761,13.185847589424572,0.5349983008044475
2010_03_DAL_HOU,2010,3,0.5511942620397943,1.7371695178849142,0.5070083023302734
2010_03_DET_MIN,2010,3,0.8451060776904336,13.711508553654744,0.5210162584204276
2010_03_GB_CHI,2010,3,0.4052464001164976,-3.2371695178849142,0.4929916976697266
2010_03_IND_DEN,2010,3,0.3614060253508302,-4.788491446345257,0.5210162584204276
2010_03_NYJ_MIA,2010,3,0.5225306267926487,0.7628304821150856,0.4929916976697266
2010_03_OAK_ARI,2010,3,0.67095206804755,5.9743390357698285,0.5140144420174839
2010_03_PHI_JAX,2010,3,0.4341901244489272,-2.2371695178849142,0.4929916976697266
2010_03_PIT_TB,2010,3,0.4550105511837763,-1.5256609642301713,0.5140144420174839
2010_03_SD_SEA,2010,3,0.4045097450182105,-3.2628304821150858,0.5070083023302734
2010_03_SF_KC,2010,3,0.41966393138284275,-2.7371695178849142,0.4929916976697266
2010_03_TEN_NYG,2010,3,0.5810788117377582,2.7628304821150858,0.4929916976697266
2010_03_WAS_STL,2010,3,0.3497343849922294,-5.211508553654743,0.4789837415795724
2010_04_ARI_SD,2010,4,0.7652130835251412,9.762830482115085,0.4929916976697266
2010_04_BAL_PIT,2010,4,0.5519462316622998,1.7628304821150858,0.4929916976697266
2010_04_CAR_NO,2010,4,0.8227577615633441,12.5,0.5
2010_04_CHI_NYG,2010,4,0.5886692152509986,3.0256609642301715,0.4859855579825161
2010_04_CIN_CLE,2010,4,0.4418630692663152,-1.9743390357698287,0.4859855579825161
2010_04_DEN_TEN,2010,4,0.6779638421519645,6.237169517884914,0.5070083023302734
2010_04_DET_GB,2010,4,0.8700819098163823,15.211508553654744,0.5210162584204276
2010_04_HOU_OAK,2010,4,0.4045097450182105,-3.2628304821150858,0.5070083023302734
2010_04_IND_JAX,2010,4,0.3206742567116695,-6.288491446345257,0.5210162584204276
2010_04_NE_MIA,2010,4,0.5365088337658074,1.2371695178849142,0.5070083023302734
2010_04_NYJ_BUF,2010,4,0.32904793195245,-5.9743390357698285,0.4859855579825161
2010_04_SEA_STL,2010,4,0.4557641189546886,-1.5,0.5
2010_04_SF_ATL,2010,4,0.6917969867616152,6.762830482115086,0.4929916976697266
2010_04_WAS_PHI,2010,4,0.6378816545480335,4.762830482115086,0.4929916976697266
2010_05_ATL_CLE,2010,5,0.4052464001164976,-3.2371695178849142,0.4929916976697266
2010_05_CHI_CAR,2010,5,0.5665577304402527,2.2628304821150858,0.4929916976697266
2010_05_DEN_BAL,2010,5,0.7349091980222562,8.474339035769828,0.5140144420174839
2010_05_GB_WAS,2010,5,0.4403629938690361,-2.0256609642301715,0.5140144420174839
2010_05_JAX_BUF,2010,5,0.5665577304402527,2.2628304821150858,0.4929916976697266
2010_05_KC_IND,2010,5,0.704707141180895,7.262830482115086,0.4929916976697266
2010_05_MIN_NYJ,2010,5,0.6164980929170679,4.0,0.5
2010_05_NO_ARI,2010,5,0.3213549070447115,-6.262830482115086,0.5070083023302734
2010_05_NYG_HOU,2010,5,0.6150457834910278,3.9486780715396574,0.52801159489853
2010_05_PHI_SF,2010,5,0.6083136692190456,3.711508553654743,0.5210162584204276
2010_05_SD_OAK,2010,5,0.2839242935025855,-7.711508553654743,0.4789837415795724
2010_05_STL_DET,2010,5,0.5879295521290574,3.0,0.5
2010_05_TB_CIN,2010,5,0.6786450929552885,6.262830482115086,0.4929916976697266
2010_05_TEN_DAL,2010,5,0.6972884735355928,6.9743390357698285,0.5140144420174839
2010_06_ATL_PHI,2010,6,0.5155300299306046,0.5256609642301713,0.4859855579825161
2010_06_BAL_NE,2010,6,0.5810788117377582,2.7628304821150858,0.4929916976697266
2010_06_CLE_PIT,2010,6,0.8620864574400824,14.711508553654744,0.5210162584204276
2010_06_DAL_MIN,2010,6,0.529524277767397,1.0,0.5
2010_06_DET_NYG,2010,6,0.7705746740352664,10.0,0.5
2010_06_IND_WAS,2010,6,0.4120704478709426,-3.0,0.5
2010_06_KC_HOU,2010,6,0.6172236357122223,4.0256609642301715,0.4859855579825161
2010_06_MIA_GB,2010,6,0.553449608372802,1.8141524105754283,0.4650016991955524
2010_06_NO_TB,2010,6,0.34185439370039516,-5.5,0.5
2010_06_NYJ_DEN,2010,6,0.3775340946832514,-4.211508553654743,0.4789837415795724
2010_06_OAK_SF,2010,6,0.753086538054357,9.237169517884915,0.5070083023302734
2010_06_SD_STL,2010,6,0.25752344794684334,-8.788491446345256,0.5210162584204276
2010_06_SEA_CHI,2010,6,0.6652652973750789,5.762830482115086,0.4929916976697266
2010_06_TEN_JAX,2010,6,0.4189211882622418,-2.7628304821150858,0.5070083023302734
2010_07_ARI_SEA,2010,7,0.6723260650088579,6.0256609642301715,0.4859855579825161
2010_07_BUF_BAL,2010,7,0.8176529929984105,12.237169517884915,0.5070083023302734
2010_07_CIN_ATL,2010,7,0.5954902549817895,3.2628304821150858,0.4929916976697266
2010_07_CLE_NO,2010,7,0.8129686012545587,12.0,0.5
2010_07_JAX_KC,2010,7,0.753086538054357,9.237169517884915,0.5070083023302734
2010_07_MIN_GB,2010,7,0.5803360686171573,2.7371695178849142,0.5070083023302734
2010_07_NE_SD,2010,7,0.5526980146630565,1.7884914463452568,0.4789837415795724
2010_07_NYG_DAL,2010,7,0.6022823943305156,3.5,0.5
2010_07_OAK_DEN,2010,7,0.6793257432883305,6.288491446345257,0.4789837415795724
2010_07_PHI_TEN,2010,7,0.5879295521290574,3.0,0.5
2010_07_PIT_MIA,2010,7,0.4189211882622418,-2.7628304821150858,0.5070083023302734
2010_07_SF_CAR,2010,7,0.46349116623419256,-1.2371695178849142,0.4929916976697266
2010_07_STL_TB,2010,7,0.5673053470944808,2.288491446345257,0.4789837415795724
2010_07_WAS_CHI,2010,7,0.5810788117377582,2.7628304821150858,0.4929916976697266
2010_08_BUF_KC,2010,8,0.6979517285214231,7.0,0.5
2010_08_CAR_STL,2010,8,0.5803360686171573,2.7371695178849142,0.5070083023302734
2010_08_DEN_SF,2010,8,0.5658098755510728,2.2371695178849142,0.5070083023302734
2010_08_GB_NYJ,2010,8,0.6972884735355928,6.9743390357698285,0.5140144420174839
2010_08_HOU_IND,2010,8,0.6451545238943044,5.0256609642301715,0.4859855579825161
2010_08_JAX_DAL,2010,8,0.6659572932635479,5.788491446345257,0.4789837415795724
2010_08_MIA_CIN,2010,8,0.4704757222326031,-1.0,0.5
2010_08_MIN_NE,2010,8,0.6444467262025981,5.0,0.5
2010_08_PIT_NO,2010,8,0.529524277767397,1.0,0.5
2010_08_SEA_OAK,2010,8,0.5650617850539452,2.211508553654743,0.5210162584204276
2010_08_TB_ARI,2010,8,0.5947535998835024,3.2371695178849142,0.5070083023302734
2010_08_TEN_SD,2010,8,0.6652652973750789,5.762830482115086,0.4929916976697266
2010_08_WAS_DET,2010,8,0.5734581056840343,2.5,0.5
2010_09_ARI_MIN,2010,9,0.7040506603467783,7.237169517884914,0.5070083023302734
2010_09_CHI_BUF,2010,9,0.4120704478709426,-3.0,0.5
2010_09_DAL_GB,2010,9,0.6979517285214231,7.0,0.5
2010_09_IND_PHI,2010,9,0.6224659053167486,4.211508553654743,0.5210162584204276
2010_09_KC_OAK,2010,9,0.4495578915331868,-1.7115085536547432,0.4789837415795724
2010_09_MIA_BAL,2010,9,0.6444467262025981,5.0,0.5
2010_09_NE_CLE,2010,9,0.383501907082932,-4.0,0.5
2010_09_NO_CAR,2010,9,0.3354272602346612,-5.737169517884914,0.4929916976697266
2010_09_NYG_SEA,2010,9,0.2899075766502324,-7.4743390357698285,0.4859855579825161
2010_09_NYJ_DET,2010,9,0.3354272602346612,-5.737169517884914,0.4929916976697266
2010_09_PIT_CIN,2010,9,0.36211834545196653,-4.762830482115086,0.5070083023302734
2010_09_SD_HOU,2010,9,0.4052464001164976,-3.2371695178849142,0.4929916976697266
2010_09_TB_ATL,2010,9,0.7913209520682571,10.948678071539657,0.52801159489853
2010_10_BAL_ATL,2010,10,0.529524277767397,1.0,0.5
2010_10_CAR_TB,2010,10,0.6855878409917312,6.5256609642301715,0.4859855579825161
2010_10_CIN_IND,2010,10,0.6849128309162449,6.5,0.5
2010_10_DAL_NYG,2010,10,0.7827691020058408,10.551321928460343,0.47198840510147
2010_10_DET_BUF,2010,10,0.5511942620397943,1.7371695178849142,0.5070083023302734
2010_10_HOU_JAX,2010,10,0.529524277767397,1.0,0.5
2010_10_KC_DEN,2010,10,0.45651784589689276,-1.4743390357698287,0.4859855579825161
2010_10_MIN_CHI,2010,10,0.5365088337658074,1.2371695178849142,0.5070083023302734
2010_10_NE_PIT,2010,10,0.610502513126702,3.788491446345257,0.4789837415795724
2010_10_NYJ_CLE,2010,10,0.3977176056694844,-3.5,0.5
2010_10_PHI_WAS,2010,10,0.4113307847490014,-3.0256609642301715,0.5140144420174839
2010_10_SEA_ARI,2010,10,0.6157721413786272,3.9743390357698285,0.5140144420174839
2010_10_STL_SF,2010,10,0.6305586598182363,4.5,0.5
2010_10_TEN_MIA,2010,10,0.5365088337658074,1.2371695178849142,0.5070083023302734
2010_11_ARI_KC,2010,11,0.6917969867616152,6.762830482115086,0.4929916976697266
2010_11_ATL_STL,2010,11,0.3977176056694844,-3.5,0.5
2010_11_BAL_CAR,2010,11,0.1677830551154279,-13.0,0.5
2010_11_BUF_CIN,2010,11,0.5962265717315748,3.288491446345257,0.4789837415795724
2010_11_CHI_MIA,2010,11,0.5596370061309639,2.0256609642301715,0.4859855579825161
2010_11_CLE_JAX,2010,11,0.5803360686171573,2.7371695178849142,0.5070083023302734
2010_11_DEN_SD,2010,11,0.736153124385277,8.525660964230172,0.4859855579825161
2010_11_DET_DAL,2010,11,0.657447414239018,5.4743390357698285,0.5140144420174839
2010_11_GB_MIN,2010,11,0.4189211882622418,-2.7628304821150858,0.5070083023302734
2010_11_HOU_NYJ,2010,11,0.691127776781117,6.737169517884914,0.5070083023302734
2010_11_IND_NE,2010,11,0.6298410983191973,4.4743390357698285,0.5140144420174839
2010_11_NYG_PHI,2010,11,0.6291230846206051,4.448678071539657,0.52801159489853
2010_11_OAK_PIT,2010,11,0.6917969867616152,6.762830482115086,0.4929916976697266
2010_11_SEA_NO,2010,11,0.79241084025005,11.0,0.5
2010_11_TB_SF,2010,11,0.6022823943305156,3.5,0.5
2010_11_WAS_TEN,2010,11,0.6979517285214231,7.0,0.5
2010_12_CAR_CLE,2010,12,0.7475074624530771,9.0,0.5
2010_12_CIN_NYJ,2010,12,0.7862407219647576,10.711508553654744,0.5210162584204276
2010_12_GB_ATL,2010,12,0.5734581056840343,2.5,0.5
2010_12_JAX_NYG,2010,12,0.7113921688725307,7.5256609642301715,0.4859855579825161
2010_12_KC_SEA,2010,12,0.46349116623419256,-1.2371695178849142,0.4929916976697266
2010_12_MIA_OAK,2010,12,0.5947535998835024,3.2371695178849142,0.5070083023302734
2010_12_MIN_WAS,2010,12,0.45651784589689276,-1.4743390357698287,0.4859855579825161
2010_12_NE_DET,2010,12,0.3411567421137379,-5.5256609642301715,0.5140144420174839
2010_12_NO_DAL,2010,12,0.36944134018176367,-4.5,0.5
2010_12_PHI_CHI,2010,12,0.42579660340886927,-2.5256609642301715,0.5140144420174839
2010_12_PIT_BUF,2010,12,0.30887222321888297,-6.737169517884914,0.4929916976697266
2010_12_SD_IND,2010,12,0.5449894488162237,1.5256609642301713,0.4859855579825161
2010_12_SF_ARI,2010,12,0.47746937320735133,-0.7628304821150856,0.5070083023302734
2010_12_STL_DEN,2010,12,0.5810788117377582,2.7628304821150858,0.4929916976697266
2010_12_TB_BAL,2010,12,0.7107426392460281,7.5,0.5
2010_12_TEN_HOU,2010,12,0.6702642009919757,5.948678071539657,0.52801159489853
2010_13_ATL_TB,2010,13,0.4052464001164976,-3.2371695178849142,0.4929916976697266
2010_13_BUF_MIN,2010,13,0.657447414239018,5.4743390357698285,0.5140144420174839
2010_13_CAR_SEA,2010,13,0.6371688565972635,4.737169517884914,0.5070083023302734
2010_13_CHI_DET,2010,13,0.34903077938496685,-5.237169517884914,0.4929916976697266
2010_13_CLE_MIA,2010,13,0.6716393567181147,6.0,0.5
2010_13_DAL_IND,2010,13,0.6385939746491698,4.788491446345257,0.4789837415795724
2010_13_DEN_KC,2010,13,0.7585989523614419,9.474339035769828,0.5140144420174839
2010_13_HOU_PHI,2010,13,0.7297514713495483,8.262830482115085,0.4929916976697266
2010_13_JAX_TEN,2010,13,0.5879295521290574,3.0,0.5
2010_13_NO_CIN,2010,13,0.3150871690837551,-6.5,0.5
2010_13_NYJ_NE,2010,13,0.609773284134903,3.7628304821150858,0.4929916976697266
2010_13_OAK_SD,2010,13,0.8134789993391202,12.025660964230172,0.4859855579825161
2010_13_PIT_BAL,2010,13,0.5810788117377582,2.7628304821150858,0.4929916976697266
2010_13_SF_GB,2010,13,0.7585989523614419,9.474339035769828,0.5140144420174839
2010_13_STL_ARI,2010,13,0.4120704478709426,-3.0,0.5
2010_13_WAS_NYG,2010,13,0.6979517285214231,7.0,0.5
2010_14_ATL_CAR,2010,14,0.2780007526363061,-7.948678071539657,0.47198840510147
2010_14_BAL_HOU,2010,14,0.4189211882622418,-2.7628304821150858,0.5070083023302734
2010_14_CIN_PIT,2010,14,0.7475074624530771,9.0,0.5
2010_14_CLE_BUF,2010,14,0.5085246426936125,0.2884914463452569,0.4789837415795724
2010_14_DEN_ARI,2010,14,0.3902267158650971,-3.7628304821150858,0.5070083023302734
2010_14_GB_DET,2010,14,0.2959493396532217,-7.237169517884914,0.4929916976697266
2010_14_IND_TEN,2010,14,0.4189211882622418,-2.7628304821150858,0.5070083023302734
2010_14_KC_SD,2010,14,0.7652130835251412,9.762830482115085,0.4929916976697266
2010_14_MIA_NYJ,2010,14,0.6509692206150332,5.237169517884914,0.5070083023302734
2010_14_NE_CHI,2010,14,0.4120704478709426,-3.0,0.5
2010_14_NYG_MIN,2010,14,0.3628311434027365,-4.737169517884914,0.4929916976697266
2010_14_OAK_JAX,2010,14,0.6022823943305156,3.5,0.5
2010_14_PHI_DAL,2010,14,0.3902267158650971,-3.7628304821150858,0.5070083023302734
2010_14_SEA_SF,2010,14,0.6371688565972635,4.737169517884914,0.5070083023302734
2010_14_STL_NO,2010,14,0.7646288531080496,9.737169517884915,0.5070083023302734
2010_14_TB_WAS,2010,14,0.4704757222326031,-1.0,0.5
2010_15_ARI_CAR,2010,15,0.5803360686171573,2.7371695178849142,0.5070083023302734
2010_15_ATL_SEA,2010,15,0.34185439370039516,-5.5,0.5
2010_15_BUF_MIA,2010,15,0.67095206804755,5.9743390357698285,0.5140144420174839
2010_15_CHI_MIN,2010,15,0.3354272602346612,-5.737169517884914,0.4929916976697266
2010_15_CLE_CIN,2010,15,0.529524277767397,1.0,0.5
2010_15_DEN_OAK,2010,15,0.7475074624530771,9.0,0.5
2010_15_DET_TB,2010,15,0.6224659053167486,4.211508553654743,0.5210162584204276
2010_15_GB_NE,2010,15,0.8581788911941586,14.474339035769828,0.5140144420174839
2010_15_HOU_TEN,2010,15,0.5519462316622998,1.7628304821150858,0.4929916976697266
2010_15_JAX_IND,2010,15,0.6298410983191973,4.4743390357698285,0.5140144420174839
2010_15_KC_STL,2010,15,0.5879295521290574,3.0,0.5
2010_15_NO_BAL,2010,15,0.5155300299306046,0.5256609642301713,0.4859855579825161
2010_15_NYJ_PIT,2010,15,0.6090436686880996,3.7371695178849142,0.5070083023302734
2010_15_PHI_NYG,2010,15,0.5947535998835024,3.2371695178849142,0.5070083023302734
2010_15_SF_SD,2010,15,0.775866945732758,10.237169517884915,0.5070083023302734
2010_15_WAS_DAL,2010,15,0.7591913433207376,9.5,0.5
2010_16_BAL_CLE,2010,16,0.4045097450182105,-3.2628304821150858,0.5070083023302734
2010_16_CAR_PIT,2010,16,0.854197026153711,14.237169517884915,0.5070083023302734
2010_16_DAL_ARI,2010,16,0.30204827147857694,-7.0,0.5
2010_16_DET_MIA,2010,16,0.6090436686880996,3.7371695178849142,0.5070083023302734
2010_16_HOU_DEN,2010,16,0.4480537683377002,-1.7628304821150858,0.5070083023302734
2010_16_IND_OAK,2010,16,0.47746937320735133,-0.7628304821150856,0.5070083023302734
2010_16_MIN_PHI,2010,16,0.854197026153711,14.237169517884915,0.5070083023302734
2010_16_NE_BUF,2010,16,0.3144121590082688,-6.5256609642301715,0.5140144420174839
2010_16_NO_ATL,2010,16,0.5588870740382756,2.0,0.5
2010_16_NYG_GB,2010,16,0.5810788117377582,2.7628304821150858,0.4929916976697266
2010_16_NYJ_CHI,2010,16,0.5581369307336848,1.9743390357698287,0.5140144420174839
2010_16_SD_CIN,2010,16,0.263846875614723,-8.525660964230172,0.5140144420174839
2010_16_SEA_TB,2010,16,0.6378816545480335,4.762830482115086,0.4929916976697266
2010_16_SF_STL,2010,16,0.5658098755510728,2.2371695178849142,0.5070083023302734
2010_16_TEN_KC,2010,16,0.6164980929170679,4.0,0.5
2010_16_WAS_JAX,2010,16,0.7040506603467783,7.237169517884914,0.5070083023302734
2010_17_ARI_SF,2010,17,0.6652652973750789,5.762830482115086,0.4929916976697266
2010_17_BUF_NYJ,2010,17,0.529524277767397,1.0,0.5
2010_17_CAR_ATL,2010,17,0.8581788911941586,14.474339035769828,0.5140144420174839
2010_17_CHI_GB,2010,17,0.79241084025005,11.0,0.5
2010_17_CIN_BAL,2010,17,0.7752977057980598,10.211508553654744,0.5210162584204276
2010_17_DAL_PHI,2010,17,0.4280332606983779,-2.4486780715396574,0.47198840510147
2010_17_JAX_HOU,2010,17,0.6305586598182363,4.5,0.5
2010_17_MIA_NE,2010,17,0.6231879884488306,4.237169517884914,0.5070083023302734
2010_17_MIN_DET,2010,17,0.6090436686880996,3.7371695178849142,0.5070083023302734
2010_17_NYG_WAS,2010,17,0.37609035908331545,-4.262830482115086,0.5070083023302734
2010_17_OAK_KC,2010,17,0.6437384300428364,4.9743390357698285,0.5140144420174839
2010_17_PIT_CLE,2010,17,0.30887222321888297,-6.737169517884914,0.4929916976697266
2010_17_SD_DEN,2010,17,0.3555532737974019,-5.0,0.5
2010_17_STL_SEA,2010,17,0.4120704478709426,-3.0,0.5
2010_17_TB_NO,2010,17,0.6917969867616152,6.762830482115086,0.4929916976697266
2010_17_TEN_IND,2010,17,0.7475074624530771,9.0,0.5
2010_18_BAL_KC,2010,18,0.4120704478709426,-3.0,0.5
2010_18_GB_PHI,2010,18,0.5365088337658074,1.2371695178849142,0.5070083023302734
2010_18_NO_SEA,2010,18,0.2518857118258544,-9.025660964230172,0.5140144420174839
2010_18_NYJ_IND,2010,18,0.5085246426936125,0.2884914463452569,0.4789837415795724
2010_19_BAL_PIT,2010,19,0.6022823943305156,3.5,0.5
2010_19_GB_ATL,2010,19,0.5365088337658074,1.2371695178849142,0.5070083023302734
2010_19_NYJ_NE,2010,19,0.7646288531080496,9.737169517884915,0.5070083023302734
2010_19_SEA_CHI,2010,19,0.7705746740352664,10.0,0.5
2010_20_GB_CHI,2010,20,0.4045097450182105,-3.2628304821150858,0.5070083023302734
2010_20_NYJ_PIT,2010,20,0.6231879884488306,4.237169517884914,0.5070083023302734
2010_21_PIT_GB,2010,21,0.5947535998835024,3.2371695178849142,0.5070083023302734
2011_01_ATL_CHI,2011,1,0.4877361867081678,-0.41506646971935013,0.517280127571979
2011_01_BUF_KC,2011,1,0.6022823943305156,3.5,0.5
2011_01_CAR_ARI,2011,1,0.6925690760318485,6.7924667651403245,0.508642091260791
2011_01_CIN_CLE,2011,1,0.6849128309162449,6.5,0.5
2011_01_DAL_NYJ,2011,1,0.6925690760318485,6.7924667651403245,0.508642091260791
2011_01_DET_TB,2011,1,0.529524277767397,1.0,0.5
2011_01_IND_HOU,2011,1,0.7475074624530771,9.0,0.5
2011_01_MIN_SD,2011,1,0.7475074624530771,9.0,0.5
2011_01_NE_MIA,2011,1,0.3096458953833394,-6.7075332348596755,0.508642091260791
2011_01_NO_GB,2011,1,0.6305586598182363,4.5,0.5
2011_01_NYG_WAS,2011,1,0.4704757222326031,-1.0,0.5
2011_01_OAK_DEN,2011,1,0.5879295521290574,3.0,0.5
2011_01_PHI_STL,2011,1,0.3977176056694844,-3.5,0.5
2011_01_PIT_BAL,2011,1,0.529524277767397,1.0,0.5
2011_01_SEA_SF,2011,1,0.6794311337338381,6.2924667651403245,0.508642091260791
2011_01_TEN_JAX,2011,1,0.4704757222326031,-1.0,0.5
2011_02_ARI_WAS,2011,2,0.6387042822277739,4.7924667651403245,0.508642091260791
2011_02_BAL_TEN,2011,2,0.3339355552128471,-5.7924667651403245,0.49135790873920904
2011_02_CHI_NO,2011,2,0.6305586598182363,4.5,0.5
2011_02_CIN_DEN,2011,2,0.5770164491610911,2.6225997045790255,0.47408994030907103
2011_02_CLE_IND,2011,2,0.4446987255430382,-1.8774002954209748,0.47408994030907103
2011_02_DAL_SF,2011,2,0.4375319474432724,-2.1225997045790255,0.525910059690929
2011_02_GB_CAR,2011,2,0.22479055241873236,-10.207533234859675,0.508642091260791
2011_02_HOU_MIA,2011,2,0.4120704478709426,-3.0,0.5
2011_02_JAX_NYJ,2011,2,0.7678117222565752,9.877400295420975,0.525910059690929
2011_02_KC_DET,2011,2,0.7475074624530771,9.0,0.5
2011_02_OAK_BUF,2011,2,0.6106154483440186,3.792466765140325,0.508642091260791
2011_02_PHI_ATL,2011,2,0.409623494270006,-3.08493353028065,0.48271987242802095
2011_02_SD_NE,2011,2,0.6849128309162449,6.5,0.5
2011_02_SEA_PIT,2011,2,0.8516018911818524,14.084933530280649,0.517280127571979
2011_02_STL_NYG,2011,2,0.7128898422396063,7.58493353028065,0.517280127571979
2011_02_TB_MIN,2011,2,0.5208989447985934,0.707533234859675,0.49135790873920904
2011_03_ARI_SEA,2011,3,0.3952926553876762,-3.58493353028065,0.48271987242802095
2011_03_ATL_TB,2011,3,0.529524277767397,1.0,0.5
2011_03_BAL_STL,2011,3,0.3498434316984222,-5.2075332348596755,0.508642091260791
2011_03_DEN_TEN,2011,3,0.7202253676521208,7.8774002954209745,0.525910059690929
2011_03_DET_MIN,2011,3,0.4120704478709426,-3.0,0.5
2011_03_GB_CHI,2011,3,0.39179945428330454,-3.707533234859675,0.508642091260791
2011_03_HOU_NO,2011,3,0.5854791751031054,2.91506646971935,0.48271987242802095
2011_03_JAX_CAR,2011,3,0.5854791751031054,2.91506646971935,0.48271987242802095
2011_03_KC_SD,2011,3,0.8234818600272227,12.537666174298375,0.4568705229488183
2011_03_MIA_CLE,2011,3,0.4704757222326031,-1.0,0.5
2011_03_NE_BUF,2011,3,0.3096458953833394,-6.7075332348596755,0.508642091260791
2011_03_NYG_PHI,2011,3,0.7543777773897489,9.292466765140325,0.508642091260791
2011_03_NYJ_OAK,2011,3,0.4704757222326031,-1.0,0.5
2011_03_PIT_IND,2011,3,0.18778214430102702,-11.962333825701625,0.4568705229488183
2011_03_SF_CIN,2011,3,0.5208989447985934,0.707533234859675,0.49135790873920904
2011_03_WAS_DAL,2011,3,0.5939024066592602,3.207533234859675,0.49135790873920904
2011_04_ATL_SEA,2011,4,0.3205688662661618,-6.2924667651403245,0.49135790873920904
2011_04_BUF_CIN,2011,4,0.42052209412197533,-2.707533234859675,0.508642091260791
2011_04_CAR_CHI,2011,4,0.6903541046166606,6.7075332348596755,0.49135790873920904
2011_04_DEN_GB,2011,4,0.7950007512484895,11.122599704579025,0.47408994030907103
2011_04_DET_DAL,2011,4,0.556403431461062,1.91506646971935,0.48271987242802095
2011_04_IND_TB,2011,4,0.8020765377012355,11.462333825701625,0.5431294770511816
2011_04_MIA_SD,2011,4,0.6771763093599411,6.2075332348596755,0.49135790873920904
2011_04_MIN_KC,2011,4,0.4120704478709426,-3.0,0.5
2011_04_NE_OAK,2011,4,0.3128553706623185,-6.58493353028065,0.48271987242802095
2011_04_NO_JAX,2011,4,0.2524925375469229,-9.0,0.5
2011_04_NYG_ARI,2011,4,0.4704757222326031,-1.0,0.5
2011_04_NYJ_BAL,2011,4,0.6281819257033714,4.41506646971935,0.48271987242802095
2011_04_PIT_HOU,2011,4,0.6329304148655711,4.58493353028065,0.517280127571979
2011_04_SF_PHI,2011,4,0.7724779117388821,10.084933530280649,0.517280127571979
2011_04_TEN_CLE,2011,4,0.529524277767397,1.0,0.5
2011_04_WAS_STL,2011,4,0.403659390738426,-3.292466765140325,0.49135790873920904
2011_05_ARI_MIN,2011,5,0.6022823943305156,3.5,0.5
2011_05_CHI_DET,2011,5,0.6925690760318485,6.7924667651403245,0.508642091260791
2011_05_CIN_JAX,2011,5,0.45327055797876853,-1.58493353028065,0.48271987242802095
2011_05_GB_ATL,2011,5,0.34416734790970915,-5.41506646971935,0.517280127571979
2011_05_KC_IND,2011,5,0.5208989447985934,0.707533234859675,0.49135790873920904
2011_05_NO_CAR,2011,5,0.3228236906400589,-6.2075332348596755,0.508642091260791
2011_05_NYJ_NE,2011,5,0.7032916467468917,7.2075332348596755,0.49135790873920904
2011_05_OAK_HOU,2011,5,0.6467875014897556,5.08493353028065,0.517280127571979
2011_05_PHI_BUF,2011,5,0.4120704478709426,-3.0,0.5
2011_05_SD_DEN,2011,5,0.3977176056694844,-3.5,0.5
2011_05_SEA_NYG,2011,5,0.7705746740352664,10.0,0.5
2011_05_TB_SF,2011,5,0.556403431461062,1.91506646971935,0.48271987242802095
2011_05_TEN_PIT,2011,5,0.5709894593658742,2.41506646971935,0.48271987242802095
2011_06_BUF_NYG,2011,6,0.596340609261574,3.292466765140325,0.508642091260791
2011_06_CAR_ATL,2011,6,0.5939024066592602,3.207533234859675,0.49135790873920904
2011_06_CLE_OAK,2011,6,0.6693623377662692,5.91506646971935,0.48271987242802095
2011_06_DAL_NE,2011,6,0.6925690760318485,6.7924667651403245,0.508642091260791
2011_06_HOU_BAL,2011,6,0.7054644869738194,7.2924667651403245,0.508642091260791
2011_06_IND_CIN,2011,6,0.6683505132130594,5.8774002954209745,0.525910059690929
2011_06_JAX_PIT,2011,6,0.7993408424112254,11.3301329394387,0.4654721502244445
2011_06_MIA_NYJ,2011,6,0.6979517285214231,7.0,0.5
2011_06_MIN_CHI,2011,6,0.5208989447985934,0.707533234859675,0.49135790873920904
2011_06_NO_TB,2011,6,0.3205688662661618,-6.2924667651403245,0.49135790873920904
2011_06_PHI_WAS,2011,6,0.42901054063412575,-2.41506646971935,0.517280127571979
2011_06_SF_DET,2011,6,0.6501565683015778,5.2075332348596755,0.49135790873920904
2011_06_STL_GB,2011,6,0.8450359307982667,13.707533234859675,0.49135790873920904
2011_07_ATL_DET,2011,7,0.6305586598182363,4.5,0.5
2011_07_BAL_JAX,2011,7,0.2229091777331857,-10.292466765140325,0.49135790873920904
2011_07_CHI_TB,2011,7,0.44718553825964985,-1.792466765140325,0.49135790873920904
2011_07_DEN_MIA,2011,7,0.4704757222326031,-1.0,0.5
2011_07_GB_MIN,2011,7,0.22942532596473364,-10.0,0.5
2011_07_HOU_TEN,2011,7,0.6047073446123238,3.58493353028065,0.517280127571979
2011_07_IND_NO,2011,7,0.8360458641914142,13.207533234859675,0.49135790873920904
2011_07_KC_OAK,2011,7,0.5599877806406803,2.0376661742983755,0.4568705229488183
2011_07_PIT_ARI,2011,7,0.408539443279218,-3.1225997045790255,0.525910059690929
2011_07_SD_NYJ,2011,7,0.4618642191771762,-1.292466765140325,0.49135790873920904
2011_07_SEA_CLE,2011,7,0.596340609261574,3.292466765140325,0.508642091260791
2011_07_STL_DAL,2011,7,0.8450359307982667,13.707533234859675,0.49135790873920904
2011_07_WAS_CAR,2011,7,0.5698937729628735,2.3774002954209745,0.525910059690929
2011_08_ARI_BAL,2011,8,0.8187345526026958,12.292466765140325,0.508642091260791
2011_08_CIN_SEA,2011,8,0.4791010552014065,-0.707533234859675,0.508642091260791
2011_08_CLE_SF,2011,8,0.7611464052688178,9.584933530280649,0.517280127571979
2011_08_DAL_PHI,2011,8,0.596340609261574,3.292466765140325,0.508642091260791
2011_08_DET_DEN,2011,8,0.4120704478709426,-3.0,0.5
2011_08_IND_TEN,2011,8,0.7543777773897489,9.292466765140325,0.508642091260791
2011_08_JAX_HOU,2011,8,0.7639531181465842,9.707533234859675,0.49135790873920904
2011_08_MIA_NYG,2011,8,0.7591913433207376,9.5,0.5
2011_08_MIN_CAR,2011,8,0.596340609261574,3.292466765140325,0.508642091260791
2011_08_NE_PIT,2011,8,0.3869739133300011,-3.8774002954209745,0.47408994030907103
2011_08_NO_STL,2011,8,0.14343963596459525,-14.377400295420975,0.47408994030907103
2011_08_SD_KC,2011,8,0.42901054063412575,-2.41506646971935,0.517280127571979
2011_08_WAS_BUF,2011,8,0.5998534855060912,3.41506646971935,0.48271987242802095
2011_09_ATL_IND,2011,9,0.29985767742691427,-7.08493353028065,0.48271987242802095
2011_09_BAL_PIT,2011,9,0.5854791751031054,2.91506646971935,0.48271987242802095
2011_09_CHI_PHI,2011,9,0.7543777773897489,9.292466765140325,0.508642091260791
2011_09_CIN_TEN,2011,9,0.5528144617403502,1.792466765140325,0.508642091260791
2011_09_CLE_HOU,2011,9,0.7816499846386211,10.5,0.5
2011_09_DEN_OAK,2011,9,0.6903541046166606,6.7075332348596755,0.49135790873920904
2011_09_GB_SD,2011,9,0.3106304105758076,-6.6698670605613,0.4654721502244445
2011_09_MIA_KC,2011,9,0.6363450424776795,4.7075332348596755,0.49135790873920904
2011_09_NYG_NE,2011,9,0.7789631944377886,10.377400295420975,0.525910059690929
2011_09_NYJ_BUF,2011,9,0.5734581056840343,2.5,0.5
2011_09_SEA_DAL,2011,9,0.77979066127776,10.415066469719351,0.48271987242802095
2011_09_SF_WAS,2011,9,0.34751633357339534,-5.2924667651403245,0.49135790873920904
2011_09_STL_ARI,2011,9,0.5122638132918322,0.41506646971935013,0.48271987242802095
2011_09_TB_NO,2011,9,0.7475074624530771,9.0,0.5
2011_10_ARI_PHI,2011,10,0.8413447460685429,13.5,0.5
2011_10_BAL_SEA,2011,10,0.30204827147857694,-7.0,0.5
2011_10_BUF_DAL,2011,10,0.6140937645779889,3.91506646971935,0.48271987242802095
2011_10_DEN_KC,2011,10,0.5879295521290574,3.0,0.5
2011_10_DET_CHI,2011,10,0.556403431461062,1.91506646971935,0.48271987242802095
2011_10_HOU_TB,2011,10,0.4145208248968945,-2.91506646971935,0.517280127571979
2011_10_JAX_IND,2011,10,0.403659390738426,-3.292466765140325,0.49135790873920904
2011_10_MIN_GB,2011,10,0.8283309238082869,12.792466765140325,0.508642091260791
2011_10_NE_NYJ,2011,10,0.5819362587341107,2.792466765140325,0.508642091260791
2011_10_NO_ATL,2011,10,0.529524277767397,1.0,0.5
2011_10_NYG_SF,2011,10,0.6247425506158318,4.2924667651403245,0.508642091260791
2011_10_OAK_SD,2011,10,0.718104495035424,7.7924667651403245,0.508642091260791
2011_10_PIT_CIN,2011,10,0.40609759334073975,-3.207533234859675,0.508642091260791
2011_10_STL_CLE,2011,10,0.5649458722336325,2.207533234859675,0.49135790873920904
2011_10_TEN_CAR,2011,10,0.6106154483440186,3.792466765140325,0.508642091260791
2011_10_WAS_MIA,2011,10,0.6164980929170679,4.0,0.5
2011_11_ARI_SF,2011,11,0.7835002320451102,10.584933530280649,0.517280127571979
2011_11_BUF_MIA,2011,11,0.6047073446123238,3.58493353028065,0.517280127571979
2011_11_CAR_DET,2011,11,0.7054644869738194,7.2924667651403245,0.508642091260791
2011_11_CIN_BAL,2011,11,0.6979517285214231,7.0,0.5
2011_11_DAL_WAS,2011,11,0.32508504737697275,-6.1225997045790255,0.525910059690929
2011_11_JAX_CLE,2011,11,0.5122638132918322,0.41506646971935013,0.48271987242802095
2011_11_KC_NE,2011,11,0.8920668754288316,16.707533234859675,0.49135790873920904
2011_11_NYJ_DEN,2011,11,0.3150871690837551,-6.5,0.5
2011_11_OAK_MIN,2011,11,0.5553012744569619,1.8774002954209748,0.525910059690929
2011_11_PHI_NYG,2011,11,0.6637721969188166,5.7075332348596755,0.49135790873920904
2011_11_SD_CHI,2011,11,0.6548050320052876,5.3774002954209745,0.525910059690929
2011_11_SEA_STL,2011,11,0.5709894593658742,2.41506646971935,0.48271987242802095
2011_11_TB_GB,2011,11,0.8413447460685429,13.5,0.5
2011_11_TEN_ATL,2011,11,0.6637721969188166,5.7075332348596755,0.49135790873920904
2011_12_ARI_STL,2011,12,0.5467294420212315,1.58493353028065,0.517280127571979
2011_12_BUF_NYJ,2011,12,0.7853413749237168,10.6698670605613,0.5345278497755556
2011_12_CAR_IND,2011,12,0.40609759334073975,-3.207533234859675,0.508642091260791
2011_12_CHI_OAK,2011,12,0.5794779058780246,2.707533234859675,0.49135790873920904
2011_12_CLE_CIN,2011,12,0.7150294687485146,7.6698670605613,0.5345278497755556
2011_12_DEN_SD,2011,12,0.6057814669967165,3.6225997045790255,0.47408994030907103
2011_12_GB_DET,2011,12,0.383501907082932,-4.0,0.5
2011_12_HOU_JAX,2011,12,0.3205688662661618,-6.2924667651403245,0.49135790873920904
2011_12_MIA_DAL,2011,12,0.667079033381424,5.8301329394387,0.4654721502244445
2011_12_MIN_ATL,2011,12,0.7835002320451102,10.584933530280649,0.517280127571979
2011_12_NE_PHI,2011,12,0.3952926553876762,-3.58493353028065,0.48271987242802095
2011_12_NYG_NO,2011,12,0.7274687496899274,8.1698670605613,0.5345278497755556
2011_12_PIT_KC,2011,12,0.2120170875886409,-10.792466765140325,0.49135790873920904
2011_12_SF_BAL,2011,12,0.596340609261574,3.292466765140325,0.508642091260791
2011_12_TB_TEN,2011,12,0.6047073446123238,3.58493353028065,0.517280127571979
2011_12_WAS_SEA,2011,12,0.5794779058780246,2.707533234859675,0.49135790873920904
2011_13_ATL_HOU,2011,13,0.4877361867081678,-0.41506646971935013,0.517280127571979
2011_13_BAL_CLE,2011,13,0.29453551302618064,-7.2924667651403245,0.49135790873920904
2011_13_CAR_TB,2011,13,0.4618642191771762,-1.292466765140325,0.49135790873920904
2011_13_CIN_PIT,2011,13,0.7054644869738194,7.2924667651403245,0.508642091260791
2011_13_DAL_ARI,2011,13,0.383501907082932,-4.0,0.5
2011_13_DEN_MIN,2011,13,0.5122638132918322,0.41506646971935013,0.48271987242802095
2011_13_DET_NO,2011,13,0.7724779117388821,10.084933530280649,0.517280127571979
2011_13_GB_NYG,2011,13,0.3096458953833394,-6.7075332348596755,0.508642091260791
2011_13_IND_NE,2011,13,0.9327844149489534,20.207533234859675,0.49135790873920904
2011_13_KC_CHI,2011,13,0.740537204829661,8.707533234859675,0.49135790873920904
2011_13_NYJ_WAS,2011,13,0.403659390738426,-3.292466765140325,0.49135790873920904
2011_13_OAK_MIA,2011,13,0.627126323944078,4.3774002954209745,0.525910059690929
2011_13_PHI_SEA,2011,13,0.4375319474432724,-2.1225997045790255,0.525910059690929
2011_13_SD_JAX,2011,13,0.403659390738426,-3.292466765140325,0.49135790873920904
2011_13_STL_SF,2011,13,0.8501407016943955,14.0,0.5
2011_13_TEN_BUF,2011,13,0.529524277767397,1.0,0.5
2011_14_ATL_CAR,2011,14,0.42052209412197533,-2.707533234859675,0.508642091260791
2011_14_BUF_SD,2011,14,0.7128898422396063,7.58493353028065,0.517280127571979
2011_14_CHI_DEN,2011,14,0.6106154483440186,3.792466765140325,0.508642091260791
2011_14_CLE_PIT,2011,14,0.8501407016943955,14.0,0.5
2011_14_HOU_CIN,2011,14,0.590376505729994,3.08493353028065,0.517280127571979
2011_14_IND_BAL,2011,14,0.8891881987703032,16.5,0.5
2011_14_KC_NYJ,2011,14,0.7686625460484666,9.915066469719351,0.48271987242802095
2011_14_MIN_DET,2011,14,0.750399712674438,9.122599704579025,0.47408994030907103
2011_14_NE_WAS,2011,14,0.28925736075397196,-7.5,0.5
2011_14_NO_TEN,2011,14,0.3811020564877537,-4.08493353028065,0.48271987242802095
2011_14_NYG_DAL,2011,14,0.6548050320052876,5.3774002954209745,0.525910059690929
2011_14_OAK_GB,2011,14,0.8028518384657922,11.5,0.5
2011_14_PHI_MIA,2011,14,0.5879295521290574,3.0,0.5
2011_14_SF_ARI,2011,14,0.40609759334073975,-3.207533234859675,0.508642091260791
2011_14_STL_SEA,2011,14,0.7611464052688178,9.584933530280649,0.517280127571979
2011_14_TB_JAX,2011,14,0.42052209412197533,-2.707533234859675,0.508642091260791
2011_15_BAL_SD,2011,15,0.4791010552014065,-0.707533234859675,0.508642091260791
2011_15_CAR_HOU,2011,15,0.6140937645779889,3.91506646971935,0.48271987242802095
2011_15_CIN_STL,2011,15,0.29453551302618064,-7.2924667651403245,0.49135790873920904
2011_15_CLE_ARI,2011,15,0.7023256957282655,7.1698670605613,0.5345278497755556
2011_15_DAL_TB,2011,15,0.29453551302618064,-7.2924667651403245,0.49135790873920904
2011_15_DET_OAK,2011,15,0.4361526781900018,-2.1698670605613,0.4654721502244445
2011_15_GB_KC,2011,15,0.22020933872224002,-10.415066469719351,0.517280127571979
2011_15_JAX_ATL,2011,15,0.8501407016943955,14.0,0.5
2011_15_MIA_BUF,2011,15,0.4704757222326031,-1.0,0.5
2011_15_NE_DEN,2011,15,0.3173257382504,-6.41506646971935,0.517280127571979
2011_15_NO_MIN,2011,15,0.30204827147857694,-7.0,0.5
2011_15_NYJ_PHI,2011,15,0.5879295521290574,3.0,0.5
2011_15_PIT_SF,2011,15,0.5879295521290574,3.0,0.5
2011_15_SEA_CHI,2011,15,0.5770164491610911,2.6225997045790255,0.47408994030907103
2011_15_TEN_IND,2011,15,0.29985767742691427,-7.08493353028065,0.48271987242802095
2011_15_WAS_NYG,2011,15,0.6421004902444069,4.91506646971935,0.48271987242802095
2011_16_ARI_CIN,2011,16,0.6106154483440186,3.792466765140325,0.508642091260791
2011_16_ATL_NO,2011,16,0.7054644869738194,7.2924667651403245,0.508642091260791
2011_16_CHI_GB,2011,16,0.8267241105051458,12.707533234859675,0.49135790873920904
2011_16_CLE_BAL,2011,16,0.7816499846386211,10.5,0.5
2011_16_DEN_BUF,2011,16,0.403659390738426,-3.292466765140325,0.49135790873920904
2011_16_HOU_IND,2011,16,0.29453551302618064,-7.2924667651403245,0.49135790873920904
2011_16_JAX_TEN,2011,16,0.7425715861798587,8.792466765140325,0.508642091260791
2011_16_MIA_NE,2011,16,0.7032916467468917,7.2075332348596755,0.49135790873920904
2011_16_MIN_WAS,2011,16,0.6871446293376815,6.58493353028065,0.517280127571979
2011_16_NYG_NYJ,2011,16,0.5783866808075268,2.6698670605613,0.5345278497755556
2011_16_OAK_KC,2011,16,0.6047073446123238,3.58493353028065,0.517280127571979
2011_16_PHI_DAL,2011,16,0.4643633735056536,-1.207533234859675,0.508642091260791
2011_16_SD_DET,2011,16,0.4704757222326031,-1.0,0.5
2011_16_SF_SEA,2011,16,0.4557641189546886,-1.5,0.5
2011_16_STL_PIT,2011,16,0.7705746740352664,10.0,0.5
2011_16_TB_CAR,2011,16,0.7334688687360225,8.415066469719351,0.48271987242802095
2011_17_BAL_CIN,2011,17,0.44359656853893803,-1.91506646971935,0.517280127571979
2011_17_BUF_NE,2011,17,0.7770908222668143,10.292466765140325,0.508642091260791
2011_17_CAR_NO,2011,17,0.7202253676521208,7.8774002954209745,0.525910059690929
2011_17_CHI_MIN,2011,17,0.5442358810453114,1.5,0.5
2011_17_DAL_NYG,2011,17,0.5794779058780246,2.707533234859675,0.49135790873920904
2011_17_DET_GB,2011,17,0.3228236906400589,-6.2075332348596755,0.508642091260791
2011_17_IND_JAX,2011,17,0.5794779058780246,2.707533234859675,0.49135790873920904
2011_17_KC_DEN,2011,17,0.529524277767397,1.0,0.5
2011_17_NYJ_MIA,2011,17,0.5356366264943464,1.207533234859675,0.49135790873920904
2011_17_PIT_CLE,2011,17,0.29453551302618064,-7.2924667651403245,0.49135790873920904
2011_17_SD_OAK,2011,17,0.5819362587341107,2.792466765140325,0.508642091260791
2011_17_SEA_ARI,2011,17,0.5649458722336325,2.207533234859675,0.49135790873920904
2011_17_SF_STL,2011,17,0.17166907619171312,-12.792466765140325,0.49135790873920904
2011_17_TB_ATL,2011,17,0.7835002320451102,10.584933530280649,0.517280127571979
2011_17_TEN_HOU,2011,17,0.4704757222326031,-1.0,0.5
2011_17_WAS_PHI,2011,17,0.6903541046166606,6.7075332348596755,0.49135790873920904
2011_18_ATL_NYG,2011,18,0.596340609261574,3.292466765140325,0.508642091260791
2011_18_CIN_HOU,2011,18,0.6164980929170679,4.0,0.5
2011_18_DET_NO,2011,18,0.7816499846386211,10.5,0.5
2011_18_PIT_DEN,2011,18,0.28189550496457605,-7.7924667651403245,0.49135790873920904
2011_19_DEN_NE,2011,19,0.8600102618378453,14.584933530280649,0.517280127571979
2011_19_HOU_BAL,2011,19,0.7107426392460281,7.5,0.5
2011_19_NO_SF,2011,19,0.3977176056694844,-3.5,0.5
2011_19_NYG_GB,2011,19,0.73553153338876,8.5,0.5
2011_20_BAL_NE,2011,20,0.6979517285214231,7.0,0.5
2011_20_NYG_SF,2011,20,0.5588870740382756,2.0,0.5
2011_21_NYG_NE,2011,21,0.5879295521290574,3.0,0.5
2012_01_ATL_KC,2012,1,0.45365115071959794,-1.5719661335841955,0.483102723972404
2012_01_BUF_NYJ,2012,1,0.5879295521290574,3.0,0.5
2012_01_CAR_TB,2012,1,0.42033431654109404,-2.714016933207902,0.5084505336437405
2012_01_CIN_BAL,2012,1,0.7052988747365878,7.285983066792098,0.5084505336437405
2012_01_DAL_NYG,2012,1,0.6104312475256329,3.785983066792098,0.5084505336437405
2012_01_IND_CHI,2012,1,0.7769475179385079,10.285983066792097,0.5084505336437405
2012_01_JAX_MIN,2012,1,0.6185318346059878,4.071966133584196,0.516897276027596
2012_01_MIA_HOU,2012,1,0.8213690696144713,12.428033866415804,0.483102723972404
2012_01_NE_TEN,2012,1,0.36147563406910455,-4.785983066792098,0.49154946635625957
2012_01_PHI_CLE,2012,1,0.24577343474338476,-9.285983066792097,0.49154946635625957
2012_01_PIT_DEN,2012,1,0.5900031372974142,3.0719661335841955,0.516897276027596
2012_01_SD_OAK,2012,1,0.5463488492804021,1.5719661335841955,0.516897276027596
2012_01_SEA_ARI,2012,1,0.4789097189957884,-0.7140169332079023,0.5084505336437405
2012_01_SF_GB,2012,1,0.6716393567181147,6.0,0.5
2012_01_STL_DET,2012,1,0.7406927986863248,8.714016933207903,0.49154946635625957
2012_01_WAS_NO,2012,1,0.7657395162839336,9.785983066792097,0.5084505336437405
2012_02_ARI_NE,2012,2,0.837478353602686,13.285983066792097,0.5084505336437405
2012_02_BAL_PHI,2012,2,0.5879295521290574,3.0,0.5
2012_02_CHI_GB,2012,2,0.6365253270159895,4.714016933207902,0.49154946635625957
2012_02_CLE_CIN,2012,2,0.6979517285214231,7.0,0.5
2012_02_DAL_SEA,2012,2,0.42033431654109404,-2.714016933207902,0.5084505336437405
2012_02_DEN_ATL,2012,2,0.5961546111772608,3.285983066792098,0.5084505336437405
2012_02_DET_SF,2012,2,0.7268302158661047,8.143932267168392,0.5337642525765888
2012_02_HOU_JAX,2012,2,0.2856230677641739,-7.643932267168391,0.46623574742341123
2012_02_KC_BUF,2012,2,0.5961546111772608,3.285983066792098,0.5084505336437405
2012_02_MIN_IND,2012,2,0.3875256058278338,-3.857949200376293,0.474663559006332
2012_02_NO_CAR,2012,2,0.428633452946891,-2.4280338664158045,0.516897276027596
2012_02_NYJ_PIT,2012,2,0.6305586598182363,4.5,0.5
2012_02_OAK_MIA,2012,2,0.4789097189957884,-0.7140169332079023,0.5084505336437405
2012_02_TB_NYG,2012,2,0.7406927986863248,8.714016933207903,0.49154946635625957
2012_02_TEN_SD,2012,2,0.6924002344081446,6.785983066792098,0.5084505336437405
2012_02_WAS_STL,2012,2,0.38956875247436706,-3.785983066792098,0.49154946635625957
2012_03_ATL_SD,2012,3,0.579665683458906,2.714016933207902,0.49154946635625957
2012_03_BUF_CLE,2012,3,0.42654189431596573,-2.5,0.5
2012_03_CIN_WAS,2012,3,0.5879295521290574,3.0,0.5
2012_03_DET_TEN,2012,3,0.4059113348689325,-3.214016933207902,0.5084505336437405
2012_03_GB_SEA,2012,3,0.4120704478709426,-3.0,0.5
2012_03_HOU_DEN,2012,3,0.46205494905666833,-1.2859830667920977,0.49154946635625957
2012_03_JAX_IND,2012,3,0.5961546111772608,3.285983066792098,0.5084505336437405
2012_03_KC_NO,2012,3,0.7475074624530771,9.0,0.5
2012_03_NE_BAL,2012,3,0.5734581056840343,2.5,0.5
2012_03_NYG_CAR,2012,3,0.5900031372974142,3.0719661335841955,0.516897276027596
2012_03_NYJ_MIA,2012,3,0.4432172276038058,-1.9280338664158045,0.516897276027596
2012_03_PHI_ARI,2012,3,0.428633452946891,-2.4280338664158045,0.516897276027596
2012_03_PIT_OAK,2012,3,0.4059113348689325,-3.214016933207902,0.5084505336437405
2012_03_SF_MIN,2012,3,0.30759976559185537,-6.785983066792098,0.49154946635625957
2012_03_STL_CHI,2012,3,0.7197403390516085,7.857949200376293,0.525336440993668
2012_03_TB_DAL,2012,3,0.6677769117482342,5.856067732831609,0.46623574742341123
2012_04_CAR_ATL,2012,4,0.6905234375314113,6.714016933207902,0.49154946635625957
2012_04_CHI_DAL,2012,4,0.5630357316263515,2.142050799623707,0.474663559006332
2012_04_CIN_JAX,2012,4,0.5379450509433317,1.2859830667920977,0.5084505336437405
2012_04_CLE_BAL,2012,4,0.8086782128882571,11.785983066792097,0.5084505336437405
2012_04_MIA_ARI,2012,4,0.6083850441110527,3.714016933207902,0.49154946635625957
2012_04_MIN_DET,2012,4,0.6022823943305156,3.5,0.5
2012_04_NE_BUF,2012,4,0.4059113348689325,-3.214016933207902,0.5084505336437405
2012_04_NO_GB,2012,4,0.725054483044973,8.071966133584196,0.516897276027596
2012_04_NYG_PHI,2012,4,0.5442358810453114,1.5,0.5
2012_04_OAK_DEN,2012,4,0.7071346835200528,7.357949200376293,0.525336440993668
2012_04_SD_KC,2012,4,0.40178212171152083,-3.357949200376293,0.474663559006332
2012_04_SEA_STL,2012,4,0.4494843598893453,-1.7140169332079023,0.5084505336437405
2012_04_SF_NYJ,2012,4,0.3977176056694844,-3.5,0.5
2012_04_TEN_HOU,2012,4,0.8322169448845721,13.0,0.5
2012_04_WAS_TB,2012,4,0.5442358810453114,1.5,0.5
2012_05_ARI_STL,2012,5,0.46205494905666833,-1.2859830667920977,0.49154946635625957
2012_05_ATL_WAS,2012,5,0.4120704478709426,-3.0,0.5
2012_05_BAL_KC,2012,5,0.3131956742970989,-6.571966133584196,0.483102723972404
2012_05_BUF_SF,2012,5,0.7832183300310394,10.571966133584196,0.516897276027596
2012_05_CHI_JAX,2012,5,0.32836064328188524,-6.0,0.5
2012_05_CLE_NYG,2012,5,0.6886416582943046,6.642050799623707,0.474663559006332
2012_05_DEN_NE,2012,5,0.6639473998682882,5.714016933207902,0.49154946635625957
2012_05_GB_IND,2012,5,0.30759976559185537,-6.785983066792098,0.49154946635625957
2012_05_HOU_NYJ,2012,5,0.22146481142635932,-10.357949200376293,0.474663559006332
2012_05_MIA_CIN,2012,5,0.5961546111772608,3.285983066792098,0.5084505336437405
2012_05_PHI_PIT,2012,5,0.6245603797596194,4.285983066792098,0.5084505336437405
2012_05_SD_NO,2012,5,0.5940886651310675,3.214016933207902,0.49154946635625957
2012_05_SEA_CAR,2012,5,0.512646829670795,0.42803386641580454,0.483102723972404
2012_05_TEN_MIN,2012,5,0.6716393567181147,6.0,0.5
2012_06_BUF_ARI,2012,6,0.6601007947426812,5.571966133584196,0.516897276027596
2012_06_CIN_CLE,2012,6,0.436909364718263,-2.143932267168391,0.46623574742341123
2012_06_DAL_BAL,2012,6,0.5879295521290574,3.0,0.5
2012_06_DEN_SD,2012,6,0.529524277767397,1.0,0.5
2012_06_DET_PHI,2012,6,0.6185318346059878,4.071966133584196,0.516897276027596
2012_06_GB_HOU,2012,6,0.6325686278028221,4.571966133584196,0.516897276027596
2012_06_IND_NYJ,2012,6,0.6265808287210662,4.357949200376293,0.525336440993668
2012_06_KC_TB,2012,6,0.6678275174955978,5.857949200376293,0.525336440993668
2012_06_MIN_WAS,2012,6,0.4641725409735354,-1.2140169332079023,0.5084505336437405
2012_06_NE_SEA,2012,6,0.3977176056694844,-3.5,0.5
2012_06_NYG_SF,2012,6,0.7197403390516085,7.857949200376293,0.525336440993668
2012_06_OAK_ATL,2012,6,0.7832183300310394,10.571966133584196,0.516897276027596
2012_06_PIT_TEN,2012,6,0.34185439370039516,-5.5,0.5
2012_06_STL_MIA,2012,6,0.6658896749458554,5.785983066792098,0.5084505336437405
2012_07_ARI_MIN,2012,7,0.7125625023546459,7.571966133584196,0.516897276027596
2012_07_BAL_HOU,2012,7,0.6849128309162449,6.5,0.5
2012_07_CLE_IND,2012,7,0.5210902810042116,0.7140169332079023,0.49154946635625957
2012_07_DAL_CAR,2012,7,0.42654189431596573,-2.5,0.5
2012_07_DET_CHI,2012,7,0.699808334754971,7.071966133584196,0.516897276027596
2012_07_GB_STL,2012,7,0.39977542349961487,-3.4280338664158045,0.516897276027596
2012_07_JAX_OAK,2012,7,0.6792592357131942,6.285983066792098,0.5084505336437405
2012_07_NO_TB,2012,7,0.4789097189957884,-0.7140169332079023,0.5084505336437405
2012_07_NYJ_NE,2012,7,0.79241084025005,11.0,0.5
2012_07_PIT_CIN,2012,7,0.4958022945025592,-0.1420507996237068,0.525336440993668
2012_07_SEA_SF,2012,7,0.7179422730964492,7.785983066792098,0.5084505336437405
2012_07_TEN_BUF,2012,7,0.6002245765003851,3.4280338664158045,0.483102723972404
2012_07_WAS_NYG,2012,7,0.6849128309162449,6.5,0.5
2012_08_ATL_PHI,2012,8,0.5358274590264647,1.2140169332079023,0.49154946635625957
2012_08_CAR_CHI,2012,8,0.7052988747365878,7.285983066792098,0.5084505336437405
2012_08_IND_TEN,2012,8,0.5940886651310675,3.214016933207902,0.49154946635625957
2012_08_JAX_GB,2012,8,0.8476426626191542,13.856067732831608,0.46623574742341123
2012_08_MIA_NYJ,2012,8,0.529524277767397,1.0,0.5
2012_08_NE_STL,2012,8,0.2965422233700147,-7.214016933207902,0.5084505336437405
2012_08_NO_DEN,2012,8,0.6716393567181147,6.0,0.5
2012_08_NYG_DAL,2012,8,0.447375464415723,-1.7859830667920977,0.49154946635625957
2012_08_OAK_KC,2012,8,0.529524277767397,1.0,0.5
2012_08_SD_CLE,2012,8,0.40178212171152083,-3.357949200376293,0.474663559006332
2012_08_SEA_DET,2012,8,0.5713665470531091,2.4280338664158045,0.483102723972404
2012_08_SF_ARI,2012,8,0.29470112526341213,-7.285983066792098,0.49154946635625957
2012_08_TB_MIN,2012,8,0.6365253270159895,4.714016933207902,0.49154946635625957
2012_08_WAS_PIT,2012,8,0.6144611363951542,3.9280338664158045,0.483102723972404
2012_09_ARI_GB,2012,9,0.7491629889954055,9.070084666039511,0.4578230499287806
2012_09_BAL_CLE,2012,9,0.4059113348689325,-3.214016933207902,0.5084505336437405
2012_09_BUF_HOU,2012,9,0.8043280325722131,11.571966133584196,0.516897276027596
2012_09_CAR_WAS,2012,9,0.5961546111772608,3.285983066792098,0.5084505336437405
2012_09_CHI_TEN,2012,9,0.36147563406910455,-4.785983066792098,0.49154946635625957
2012_09_DAL_ATL,2012,9,0.6245603797596194,4.285983066792098,0.5084505336437405
2012_09_DEN_CIN,2012,9,0.3634746729840105,-4.714016933207902,0.5084505336437405
2012_09_DET_JAX,2012,9,0.32074076428680576,-6.285983066792098,0.49154946635625957
2012_09_KC_SD,2012,9,0.7107426392460281,7.5,0.5
2012_09_MIA_IND,2012,9,0.4099968627025859,-3.0719661335841955,0.483102723972404
2012_09_MIN_SEA,2012,9,0.6305586598182363,4.5,0.5
2012_09_PHI_NO,2012,9,0.5734581056840343,2.5,0.5
2012_09_PIT_NYG,2012,9,0.6104312475256329,3.785983066792098,0.5084505336437405
2012_09_TB_OAK,2012,9,0.529524277767397,1.0,0.5
2012_10_ATL_NO,2012,10,0.4704757222326031,-1.0,0.5
2012_10_BUF_NE,2012,10,0.8562341046325721,14.357949200376293,0.525336440993668
2012_10_DAL_PHI,2012,10,0.4789097189957884,-0.7140169332079023,0.5084505336437405
2012_10_DEN_CAR,2012,10,0.4141464909154817,-2.9280338664158045,0.516897276027596
2012_10_DET_MIN,2012,10,0.42033431654109404,-2.714016933207902,0.5084505336437405
2012_10_HOU_CHI,2012,10,0.5379450509433317,1.2859830667920977,0.5084505336437405
2012_10_IND_JAX,2012,10,0.4369642683736486,-2.142050799623707,0.525336440993668
2012_10_KC_PIT,2012,10,0.8115325873641982,11.928033866415804,0.483102723972404
2012_10_NYG_CIN,2012,10,0.3977176056694844,-3.5,0.5
2012_10_NYJ_SEA,2012,10,0.6285451170713188,4.428033866415804,0.483102723972404
2012_10_OAK_BAL,2012,10,0.7657395162839336,9.785983066792097,0.5084505336437405
2012_10_SD_TB,2012,10,0.5961546111772608,3.285983066792098,0.5084505336437405
2012_10_STL_SF,2012,10,0.8413447460685429,13.5,0.5
2012_10_TEN_MIA,2012,10,0.6849128309162449,6.5,0.5
2012_11_ARI_ATL,2012,11,0.7525448278566985,9.214016933207903,0.49154946635625957
2012_11_BAL_PIT,2012,11,0.39566262990757756,-3.5719661335841955,0.483102723972404
2012_11_CHI_SF,2012,11,0.6104312475256329,3.785983066792098,0.5084505336437405
2012_11_CIN_KC,2012,11,0.4038453888227393,-3.285983066792098,0.49154946635625957
2012_11_CLE_DAL,2012,11,0.6979517285214231,7.0,0.5
2012_11_GB_DET,2012,11,0.39566262990757756,-3.5719661335841955,0.483102723972404
2012_11_IND_NE,2012,11,0.7641010438136522,9.714016933207903,0.49154946635625957
2012_11_JAX_HOU,2012,11,0.8799351968919036,15.857949200376293,0.525336440993668
2012_11_MIA_BUF,2012,11,0.5041977054974408,0.1420507996237068,0.474663559006332
2012_11_NO_OAK,2012,11,0.3131956742970989,-6.571966133584196,0.483102723972404
2012_11_NYJ_STL,2012,11,0.6104312475256329,3.785983066792098,0.5084505336437405
2012_11_PHI_WAS,2012,11,0.6104312475256329,3.785983066792098,0.5084505336437405
2012_11_SD_DEN,2012,11,0.7107426392460281,7.5,0.5
2012_11_TB_CAR,2012,11,0.4789097189957884,-0.7140169332079023,0.5084505336437405
2012_12_ATL_TB,2012,12,0.4789097189957884,-0.7140169332079023,0.5084505336437405
2012_12_BAL_SD,2012,12,0.4704757222326031,-1.0,0.5
2012_12_BUF_IND,2012,12,0.5755476005734015,2.5719661335841955,0.516897276027596
2012_12_CAR_PHI,2012,12,0.39566262990757756,-3.5719661335841955,0.483102723972404
2012_12_DEN_KC,2012,12,0.22305248206149203,-10.285983066792097,0.49154946635625957
2012_12_GB_NYG,2012,12,0.5463488492804021,1.5719661335841955,0.516897276027596
2012_12_HOU_DET,2012,12,0.3814681653940122,-4.071966133584196,0.483102723972404
2012_12_MIN_CHI,2012,12,0.6849128309162449,6.5,0.5
2012_12_NE_NYJ,2012,12,0.32456658860870446,-6.142050799623707,0.525336440993668
2012_12_OAK_CIN,2012,12,0.772187907517395,10.071966133584196,0.516897276027596
2012_12_PIT_CLE,2012,12,0.4958022945025592,-0.1420507996237068,0.525336440993668
2012_12_SEA_MIA,2012,12,0.4120704478709426,-3.0,0.5
2012_12_SF_NO,2012,12,0.4704757222326031,-1.0,0.5
2012_12_STL_ARI,2012,12,0.529524277767397,1.0,0.5
2012_12_TEN_JAX,2012,12,0.3977176056694844,-3.5,0.5
2012_12_WAS_DAL,2012,12,0.5775804300523362,2.642050799623707,0.474663559006332
2012_13_ARI_NYJ,2012,13,0.6792592357131942,6.285983066792098,0.5084505336437405
2012_13_CAR_KC,2012,13,0.3634746729840105,-4.714016933207902,0.5084505336437405
2012_13_CIN_SD,2012,13,0.512646829670795,0.42803386641580454,0.483102723972404
2012_13_CLE_OAK,2012,13,0.41825129669801503,-2.785983066792098,0.49154946635625957
2012_13_HOU_TEN,2012,13,0.3169835249818672,-6.428033866415804,0.516897276027596
2012_13_IND_DET,2012,13,0.6905234375314113,6.714016933207902,0.49154946635625957
2012_13_JAX_BUF,2012,13,0.6868043257029011,6.571966133584196,0.516897276027596
2012_13_MIN_GB,2012,13,0.6830164750181328,6.428033866415804,0.483102723972404
2012_13_NE_MIA,2012,13,0.32456658860870446,-6.142050799623707,0.525336440993668
2012_13_NO_ATL,2012,13,0.5858535090845183,2.9280338664158045,0.483102723972404
2012_13_NYG_WAS,2012,13,0.4348650781918852,-2.214016933207902,0.5084505336437405
2012_13_PHI_DAL,2012,13,0.7816499846386211,10.5,0.5
2012_13_PIT_BAL,2012,13,0.6979517285214231,7.0,0.5
2012_13_SEA_CHI,2012,13,0.5961546111772608,3.285983066792098,0.5084505336437405
2012_13_SF_STL,2012,13,0.29470112526341213,-7.285983066792098,0.49154946635625957
2012_13_TB_DEN,2012,13,0.7591913433207376,9.5,0.5
2012_14_ARI_SEA,2012,14,0.7816499846386211,10.5,0.5
2012_14_ATL_CAR,2012,14,0.39566262990757756,-3.5719661335841955,0.483102723972404
2012_14_BAL_WAS,2012,14,0.5463488492804021,1.5719661335841955,0.516897276027596
2012_14_CHI_MIN,2012,14,0.487353170329205,-0.42803386641580454,0.516897276027596
2012_14_DAL_CIN,2012,14,0.6104312475256329,3.785983066792098,0.5084505336437405
2012_14_DEN_OAK,2012,14,0.22942532596473364,-10.0,0.5
2012_14_DET_GB,2012,14,0.6639473998682882,5.714016933207902,0.49154946635625957
2012_14_HOU_NE,2012,14,0.6658896749458554,5.785983066792098,0.5084505336437405
2012_14_KC_CLE,2012,14,0.6979517285214231,7.0,0.5
2012_14_MIA_SF,2012,14,0.7816499846386211,10.5,0.5
2012_14_NO_NYG,2012,14,0.6164980929170679,4.0,0.5
2012_14_NYJ_JAX,2012,14,0.39566262990757756,-3.5719661335841955,0.483102723972404
2012_14_PHI_TB,2012,14,0.7303184935994994,8.285983066792097,0.5084505336437405
2012_14_SD_PIT,2012,14,0.6979517285214231,7.0,0.5
2012_14_STL_BUF,2012,14,0.5775804300523362,2.642050799623707,0.474663559006332
2012_14_TEN_IND,2012,14,0.5858535090845183,2.9280338664158045,0.483102723972404
2012_15_CAR_SD,2012,15,0.5879295521290574,3.0,0.5
2012_15_CIN_PHI,2012,15,0.3457260865556958,-5.357949200376293,0.474663559006332
2012_15_DEN_BAL,2012,15,0.3875256058278338,-3.857949200376293,0.474663559006332
2012_15_DET_ARI,2012,15,0.35754094346405746,-4.928033866415804,0.516897276027596
2012_15_GB_CHI,2012,15,0.4038453888227393,-3.285983066792098,0.49154946635625957
2012_15_IND_HOU,2012,15,0.8057974966276513,11.643932267168392,0.5337642525765888
2012_15_JAX_MIA,2012,15,0.7107426392460281,7.5,0.5
2012_15_KC_OAK,2012,15,0.6305586598182363,4.5,0.5
2012_15_MIN_STL,2012,15,0.5379450509433317,1.2859830667920977,0.5084505336437405
2012_15_NYG_ATL,2012,15,0.529524277767397,1.0,0.5
2012_15_NYJ_TEN,2012,15,0.5463488492804021,1.5719661335841955,0.516897276027596
2012_15_PIT_DAL,2012,15,0.4704757222326031,-1.0,0.5
2012_15_SEA_BUF,2012,15,0.36147563406910455,-4.785983066792098,0.49154946635625957
2012_15_SF_NE,2012,15,0.6164980929170679,4.0,0.5
2012_15_TB_NO,2012,15,0.5858535090845183,2.9280338664158045,0.483102723972404
2012_15_WAS_CLE,2012,15,0.6245603797596194,4.285983066792098,0.5084505336437405
2012_16_ATL_DET,2012,16,0.3977176056694844,-3.5,0.5
2012_16_BUF_MIA,2012,16,0.6285451170713188,4.428033866415804,0.483102723972404
2012_16_CHI_ARI,2012,16,0.3094765624685887,-6.714016933207902,0.5084505336437405
2012_16_CIN_PIT,2012,16,0.5940886651310675,3.214016933207902,0.49154946635625957
2012_16_CLE_DEN,2012,16,0.79241084025005,11.0,0.5
2012_16_IND_KC,2012,16,0.3774634915603045,-4.214016933207902,0.5084505336437405
2012_16_MIN_HOU,2012,16,0.7107426392460281,7.5,0.5
2012_16_NE_JAX,2012,16,0.14497735702915832,-14.285983066792097,0.49154946635625957
2012_16_NO_DAL,2012,16,0.529524277767397,1.0,0.5
2012_16_NYG_BAL,2012,16,0.46205494905666833,-1.2859830667920977,0.49154946635625957
2012_16_OAK_CAR,2012,16,0.7525448278566985,9.214016933207903,0.49154946635625957
2012_16_SD_NYJ,2012,16,0.579665683458906,2.714016933207902,0.49154946635625957
2012_16_SF_SEA,2012,16,0.5817487033019849,2.785983066792098,0.5084505336437405
2012_16_STL_TB,2012,16,0.5961546111772608,3.285983066792098,0.5084505336437405
2012_16_TEN_GB,2012,16,0.7689550577040773,9.928033866415804,0.483102723972404
2012_16_WAS_PHI,2012,16,0.38956875247436706,-3.785983066792098,0.49154946635625957
2012_17_ARI_SF,2012,17,0.8734427776499611,15.428033866415804,0.483102723972404
2012_17_BAL_CIN,2012,17,0.6658896749458554,5.785983066792098,0.5084505336437405
2012_17_CAR_NO,2012,17,0.6002245765003851,3.4280338664158045,0.483102723972404
2012_17_CHI_DET,2012,17,0.4120704478709426,-3.0,0.5
2012_17_CLE_PIT,2012,17,0.7769475179385079,10.285983066792097,0.5084505336437405
2012_17_DAL_WAS,2012,17,0.5961546111772608,3.285983066792098,0.5084505336437405
2012_17_GB_MIN,2012,17,0.4038453888227393,-3.285983066792098,0.49154946635625957
2012_17_HOU_IND,2012,17,0.2856230677641739,-7.643932267168391,0.46623574742341123
2012_17_JAX_TEN,2012,17,0.6561861669397319,5.428033866415804,0.483102723972404
2012_17_KC_DEN,2012,17,0.9139015879315688,18.429915333960487,0.5421769500712195
2012_17_MIA_NE,2012,17,0.8143978266898764,12.071966133584196,0.516897276027596
2012_17_NYJ_BUF,2012,17,0.6104312475256329,3.785983066792098,0.5084505336437405
2012_17_OAK_SD,2012,17,0.7785351885736407,10.357949200376293,0.525336440993668
2012_17_PHI_NYG,2012,17,0.6849128309162449,6.5,0.5
2012_17_STL_SEA,2012,17,0.79241084025005,11.0,0.5
2012_17_TB_ATL,2012,17,0.5879295521290574,3.0,0.5
2012_18_CIN_HOU,2012,18,0.6245603797596194,4.285983066792098,0.5084505336437405
2012_18_IND_BAL,2012,18,0.7179422730964492,7.785983066792098,0.5084505336437405
2012_18_MIN_GB,2012,18,0.7816499846386211,10.5,0.5
2012_18_SEA_WAS,2012,18,0.4038453888227393,-3.285983066792098,0.49154946635625957
2012_19_BAL_DEN,2012,19,0.7657395162839336,9.785983066792097,0.5084505336437405
2012_19_GB_SF,2012,19,0.5879295521290574,3.0,0.5
2012_19_HOU_NE,2012,19,0.7591913433207376,9.5,0.5
2012_19_SEA_ATL,2012,19,0.5734581056840343,2.5,0.5
2012_20_BAL_NE,2012,20,0.7161386704989928,7.714016933207902,0.49154946635625957
2012_20_SF_ATL,2012,20,0.3977176056694844,-3.5,0.5
2012_21_BAL_SF,2012,21,0.6305586598182363,4.5,0.5
2013_01_ARI_STL,2013,1,0.621332529274562,4.171261930010605,0.5198284783177074
2013_01_ATL_NO,2013,1,0.6022823943305156,3.5,0.5
2013_01_BAL_DEN,2013,1,0.7107426392460281,7.5,0.5
2013_01_CIN_CHI,2013,1,0.5975783049790346,3.3356309650053024,0.5099173029807671
2013_01_GB_SF,2013,1,0.6536641324537664,5.335630965005302,0.5099173029807671
2013_01_HOU_SD,2013,1,0.3555532737974019,-5.0,0.5
2013_01_KC_JAX,2013,1,0.3977176056694844,-3.5,0.5
2013_01_MIA_CLE,2013,1,0.5636869280819946,2.1643690349946976,0.49008269701923296
2013_01_MIN_DET,2013,1,0.6259546135479859,4.335630965005302,0.5099173029807671
2013_01_NE_BUF,2013,1,0.23703297523477618,-9.664369034994698,0.5099173029807671
2013_01_NYG_DAL,2013,1,0.6022823943305156,3.5,0.5
2013_01_OAK_IND,2013,1,0.79241084025005,11.0,0.5
2013_01_PHI_WAS,2013,1,0.6164980929170679,4.0,0.5
2013_01_SEA_CAR,2013,1,0.40242169502096536,-3.3356309650053024,0.49008269701923296
2013_01_TB_NYJ,2013,1,0.383501907082932,-4.0,0.5
2013_01_TEN_PIT,2013,1,0.6716393567181147,6.0,0.5
2013_02_CAR_BUF,2013,2,0.3977176056694844,-3.5,0.5
2013_02_CLE_BAL,2013,2,0.6581456062996048,5.5,0.5
2013_02_DAL_KC,2013,2,0.5879295521290574,3.0,0.5
2013_02_DEN_NYG,2013,2,0.3977176056694844,-3.5,0.5
2013_02_DET_ARI,2013,2,0.4704757222326031,-1.0,0.5
2013_02_JAX_OAK,2013,2,0.6493503075855207,5.178154825026512,0.549464200222828
2013_02_MIA_IND,2013,2,0.5196250335227031,0.6643690349946977,0.49008269701923296
2013_02_MIN_CHI,2013,2,0.6716393567181147,6.0,0.5
2013_02_NO_TB,2013,2,0.43152257802077465,-2.328738069989395,0.5198284783177074
2013_02_NYJ_NE,2013,2,0.7667099401167723,9.828738069989395,0.4801715216822926
2013_02_PIT_CIN,2013,2,0.7150645444269911,7.671261930010605,0.5198284783177074
2013_02_SD_PHI,2013,2,0.7021845786417207,7.164369034994698,0.49008269701923296
2013_02_SF_SEA,2013,2,0.578227347183652,2.6643690349946976,0.49008269701923296
2013_02_STL_ATL,2013,2,0.6259546135479859,4.335630965005302,0.5099173029807671
2013_02_TEN_HOU,2013,2,0.7107426392460281,7.5,0.5
2013_02_WAS_GB,2013,2,0.7475074624530771,9.0,0.5
2013_03_ARI_NO,2013,3,0.7063901668929371,7.328738069989395,0.4801715216822926
2013_03_ATL_MIA,2013,3,0.5975783049790346,3.3356309650053024,0.5099173029807671
2013_03_BUF_NYJ,2013,3,0.5734581056840343,2.5,0.5
2013_03_CHI_PIT,2013,3,0.42654189431596573,-2.5,0.5
2013_03_CLE_MIN,2013,3,0.7065659280415373,7.335630965005302,0.5099173029807671
2013_03_DET_WAS,2013,3,0.4704757222326031,-1.0,0.5
2013_03_GB_CIN,2013,3,0.40242169502096536,-3.3356309650053024,0.49008269701923296
2013_03_HOU_BAL,2013,3,0.5394053093118804,1.3356309650053024,0.5099173029807671
2013_03_IND_SF,2013,3,0.8029935190246479,11.506892895015907,0.5297274097229906
2013_03_JAX_SEA,2013,3,0.9324340841363383,20.171261930010605,0.5198284783177074
2013_03_KC_PHI,2013,3,0.5975783049790346,3.3356309650053024,0.5099173029807671
2013_03_NYG_CAR,2013,3,0.46059469068811965,-1.3356309650053024,0.49008269701923296
2013_03_OAK_DEN,2013,3,0.8770414668432067,15.664369034994698,0.49008269701923296
2013_03_SD_TEN,2013,3,0.6071679713467968,3.671261930010605,0.5198284783177074
2013_03_STL_DAL,2013,3,0.6118411009662433,3.8356309650053024,0.5099173029807671
2013_03_TB_NE,2013,3,0.7107426392460281,7.5,0.5
2013_04_ARI_TB,2013,4,0.5636869280819946,2.1643690349946976,0.49008269701923296
2013_04_BAL_BUF,2013,4,0.37404538645201413,-4.335630965005302,0.49008269701923296
2013_04_CHI_DET,2013,4,0.5879295521290574,3.0,0.5
2013_04_CIN_CLE,2013,4,0.3977176056694844,-3.5,0.5
2013_04_DAL_SD,2013,4,0.43112124193570817,-2.3425238600212093,0.46039199641428946
2013_04_IND_JAX,2013,4,0.24861894157922054,-9.164369034994698,0.5099173029807671
2013_04_MIA_NO,2013,4,0.6803920603588426,6.328738069989395,0.4801715216822926
2013_04_NE_ATL,2013,4,0.5879295521290574,3.0,0.5
2013_04_NYG_KC,2013,4,0.621332529274562,4.171261930010605,0.5198284783177074
2013_04_NYJ_TEN,2013,4,0.6118411009662433,3.8356309650053024,0.5099173029807671
2013_04_PHI_DEN,2013,4,0.7889083857145086,10.835630965005302,0.5099173029807671
2013_04_PIT_MIN,2013,4,0.38330697585846824,-4.006892895015907,0.47027259027700946
2013_04_SEA_HOU,2013,4,0.480374966477297,-0.6643690349946977,0.5099173029807671
2013_04_SF_STL,2013,4,0.421772652816348,-2.6643690349946976,0.5099173029807671
2013_04_WAS_OAK,2013,4,0.3881588990337566,-3.8356309650053024,0.49008269701923296
2013_05_BAL_MIA,2013,5,0.5734581056840343,2.5,0.5
2013_05_BUF_CLE,2013,5,0.5926618804173888,3.1643690349946976,0.49008269701923296
2013_05_CAR_ARI,2013,5,0.421772652816348,-2.6643690349946976,0.5099173029807671
2013_05_DEN_DAL,2013,5,0.2808166852863926,-7.835630965005302,0.49008269701923296
2013_05_DET_GB,2013,5,0.7780435103617015,10.335630965005302,0.5099173029807671
2013_05_HOU_SF,2013,5,0.6259546135479859,4.335630965005302,0.5099173029807671
2013_05_JAX_STL,2013,5,0.7852224678683843,10.664369034994698,0.49008269701923296
2013_05_KC_TEN,2013,5,0.42654189431596573,-2.5,0.5
2013_05_NE_CIN,2013,5,0.42157289770181444,-2.671261930010605,0.4801715216822926
2013_05_NO_CHI,2013,5,0.5394053093118804,1.3356309650053024,0.5099173029807671
2013_05_NYJ_ATL,2013,5,0.7780435103617015,10.335630965005302,0.5099173029807671
2013_05_PHI_NYG,2013,5,0.4409114628225781,-2.006892895015907,0.47027259027700946
2013_05_SD_OAK,2013,5,0.32836064328188524,-6.0,0.5
2013_05_SEA_IND,2013,5,0.421772652816348,-2.6643690349946976,0.5099173029807671
2013_06_ARI_SF,2013,6,0.7629670247652238,9.664369034994698,0.49008269701923296
2013_06_CAR_MIN,2013,6,0.5831844025757678,2.8356309650053024,0.5099173029807671
2013_06_CIN_BUF,2013,6,0.3194254645014102,-6.335630965005302,0.49008269701923296
2013_06_DET_CLE,2013,6,0.4704757222326031,-1.0,0.5
2013_06_GB_BAL,2013,6,0.49028632923211984,-0.32873806998939537,0.5198284783177074
2013_06_IND_SD,2013,6,0.4507379323361891,-1.6712619300106046,0.4801715216822926
2013_06_JAX_DEN,2013,6,0.9772498680518208,27.0,0.5
2013_06_NO_NE,2013,6,0.5831844025757678,2.8356309650053024,0.5099173029807671
2013_06_NYG_CHI,2013,6,0.7591913433207376,9.5,0.5
2013_06_OAK_KC,2013,6,0.7107426392460281,7.5,0.5
2013_06_PHI_TB,2013,6,0.4071399571208071,-3.171261930010605,0.4801715216822926
2013_06_PIT_NYJ,2013,6,0.4409114628225781,-2.006892895015907,0.47027259027700946
2013_06_STL_HOU,2013,6,0.7668661812479376,9.835630965005302,0.5099173029807671
2013_06_TEN_SEA,2013,6,0.7704198237297994,9.993107104984093,0.47027259027700946
2013_06_WAS_DAL,2013,6,0.6581456062996048,5.5,0.5
2013_07_BAL_PIT,2013,7,0.5831844025757678,2.8356309650053024,0.5099173029807671
2013_07_BUF_MIA,2013,7,0.6716393567181147,6.0,0.5
2013_07_CHI_WAS,2013,7,0.4704757222326031,-1.0,0.5
2013_07_CIN_DET,2013,7,0.5636869280819946,2.1643690349946976,0.49008269701923296
2013_07_CLE_GB,2013,7,0.6668558960171889,5.821845174973488,0.4505357997771719
2013_07_DAL_PHI,2013,7,0.5975783049790346,3.3356309650053024,0.5099173029807671
2013_07_DEN_IND,2013,7,0.33739509436212833,-5.664369034994698,0.5099173029807671
2013_07_HOU_KC,2013,7,0.7065659280415373,7.335630965005302,0.5099173029807671
2013_07_MIN_NYG,2013,7,0.6164980929170679,4.0,0.5
2013_07_NE_NYJ,2013,7,0.4170148577217733,-2.828738069989395,0.5198284783177074
2013_07_SD_JAX,2013,7,0.28925736075397196,-7.5,0.5
2013_07_SEA_ARI,2013,7,0.3742388577166643,-4.328738069989395,0.5198284783177074
2013_07_SF_TEN,2013,7,0.40242169502096536,-3.3356309650053024,0.49008269701923296
2013_07_STL_CAR,2013,7,0.7315323912347695,8.335630965005302,0.5099173029807671
2013_07_TB_ATL,2013,7,0.6626049056378717,5.664369034994698,0.49008269701923296
2013_08_ATL_ARI,2013,8,0.5831844025757678,2.8356309650053024,0.5099173029807671
2013_08_BUF_NO,2013,8,0.7889083857145086,10.835630965005302,0.5099173029807671
2013_08_CAR_TB,2013,8,0.29763850719727686,-7.171261930010605,0.4801715216822926
2013_08_CLE_KC,2013,8,0.6892257687866191,6.664369034994698,0.49008269701923296
2013_08_DAL_DET,2013,8,0.5879295521290574,3.0,0.5
2013_08_GB_MIN,2013,8,0.3196079396411574,-6.328738069989395,0.5198284783177074
2013_08_MIA_NE,2013,8,0.6760278736710905,6.164369034994698,0.49008269701923296
2013_08_NYG_PHI,2013,8,0.6672270279937655,5.835630965005302,0.5099173029807671
2013_08_NYJ_CIN,2013,8,0.6716393567181147,6.0,0.5
2013_08_PIT_OAK,2013,8,0.4168155974242322,-2.8356309650053024,0.49008269701923296
2013_08_SEA_STL,2013,8,0.1677830551154279,-13.0,0.5
2013_08_SF_JAX,2013,8,0.11797211806123914,-16.0,0.5
2013_08_WAS_DEN,2013,8,0.7852224678683843,10.664369034994698,0.49008269701923296
2013_09_ATL_CAR,2013,9,0.7705746740352664,10.0,0.5
2013_09_BAL_CLE,2013,9,0.480374966477297,-0.6643690349946977,0.5099173029807671
2013_09_CHI_GB,2013,9,0.7629670247652238,9.664369034994698,0.49008269701923296
2013_09_CIN_MIA,2013,9,0.43152257802077465,-2.328738069989395,0.5198284783177074
2013_09_IND_HOU,2013,9,0.49028632923211984,-0.32873806998939537,0.5198284783177074
2013_09_KC_BUF,2013,9,0.35083895857526126,-5.171261930010605,0.4801715216822926
2013_09_MIN_DAL,2013,9,0.7473443293962001,8.993107104984093,0.47027259027700946
2013_09_NO_NYJ,2013,9,0.33739509436212833,-5.664369034994698,0.5099173029807671
2013_09_PHI_OAK,2013,9,0.4704757222326031,-1.0,0.5
2013_09_PIT_NE,2013,9,0.6581456062996048,5.5,0.5
2013_09_SD_WAS,2013,9,0.5492620676638109,1.6712619300106046,0.5198284783177074
2013_09_TB_SEA,2013,9,0.886869520490873,16.3356309650053,0.5099173029807671
2013_09_TEN_STL,2013,9,0.421772652816348,-2.6643690349946976,0.5099173029807671
2013_10_BUF_PIT,2013,10,0.5975783049790346,3.3356309650053024,0.5099173029807671
2013_10_CAR_SF,2013,10,0.6805745354985898,6.335630965005302,0.5099173029807671
2013_10_CIN_BAL,2013,10,0.5394053093118804,1.3356309650053024,0.5099173029807671
2013_10_DAL_NO,2013,10,0.6805745354985898,6.335630965005302,0.5099173029807671
2013_10_DEN_SD,2013,10,0.2934340719584627,-7.335630965005302,0.49008269701923296
2013_10_DET_CHI,2013,10,0.480374966477297,-0.6643690349946977,0.5099173029807671
2013_10_HOU_ARI,2013,10,0.6164980929170679,4.0,0.5
2013_10_JAX_TEN,2013,10,0.8028518384657922,11.5,0.5
2013_10_MIA_TB,2013,10,0.480374966477297,-0.6643690349946977,0.5099173029807671
2013_10_OAK_NYG,2013,10,0.7356985746273379,8.506892895015907,0.5297274097229906
2013_10_PHI_GB,2013,10,0.4704757222326031,-1.0,0.5
2013_10_SEA_ATL,2013,10,0.4170148577217733,-2.828738069989395,0.5198284783177074
2013_10_STL_IND,2013,10,0.7191833147136074,7.835630965005302,0.5099173029807671
2013_10_WAS_MIN,2013,10,0.42137316276753173,-2.6781548250265117,0.4505357997771719
2013_11_ARI_JAX,2013,11,0.2255967387037927,-10.171261930010605,0.4801715216822926
2013_11_ATL_TB,2013,11,0.5196250335227031,0.6643690349946977,0.49008269701923296
2013_11_BAL_CHI,2013,11,0.6069716583150908,3.6643690349946976,0.49008269701923296
2013_11_CLE_CIN,2013,11,0.5877308148862602,2.993107104984093,0.47027259027700946
2013_11_DET_PIT,2013,11,0.3928320286532032,-3.671261930010605,0.4801715216822926
2013_11_GB_NYG,2013,11,0.6307513295595626,4.506892895015907,0.5297274097229906
2013_11_IND_TEN,2013,11,0.4071399571208071,-3.171261930010605,0.4801715216822926
2013_11_KC_DEN,2013,11,0.7021845786417207,7.164369034994698,0.49008269701923296
2013_11_MIN_SEA,2013,11,0.8322169448845721,13.0,0.5
2013_11_NE_CAR,2013,11,0.5975783049790346,3.3356309650053024,0.5099173029807671
2013_11_NYJ_BUF,2013,11,0.4704757222326031,-1.0,0.5
2013_11_OAK_HOU,2013,11,0.7816499846386211,10.5,0.5
2013_11_SD_MIA,2013,11,0.42654189431596573,-2.5,0.5
2013_11_SF_NO,2013,11,0.6022823943305156,3.5,0.5
2013_11_WAS_PHI,2013,11,0.6305586598182363,4.5,0.5
2013_12_CAR_MIA,2013,12,0.36944134018176367,-4.5,0.5
2013_12_CHI_STL,2013,12,0.5394053093118804,1.3356309650053024,0.5099173029807671
2013_12_DAL_NYG,2013,12,0.5394053093118804,1.3356309650053024,0.5099173029807671
2013_12_DEN_NE,2013,12,0.529524277767397,1.0,0.5
2013_12_IND_ARI,2013,12,0.6022823943305156,3.5,0.5
2013_12_JAX_HOU,2013,12,0.7816499846386211,10.5,0.5
2013_12_MIN_GB,2013,12,0.6716393567181147,6.0,0.5
2013_12_NO_ATL,2013,12,0.30648713824245355,-6.828738069989395,0.5198284783177074
2013_12_NYJ_BAL,2013,12,0.6259546135479859,4.335630965005302,0.5099173029807671
2013_12_PIT_CLE,2013,12,0.5636869280819946,2.1643690349946976,0.49008269701923296
2013_12_SD_KC,2013,12,0.621332529274562,4.171261930010605,0.5198284783177074
2013_12_SF_WAS,2013,12,0.3602897912576878,-4.828738069989395,0.5198284783177074
2013_12_TB_DET,2013,12,0.7150645444269911,7.671261930010605,0.5198284783177074
2013_12_TEN_OAK,2013,12,0.4071399571208071,-3.171261930010605,0.4801715216822926
2013_13_ARI_PHI,2013,13,0.5926618804173888,3.1643690349946976,0.49008269701923296
2013_13_ATL_BUF,2013,13,0.6351440586872885,4.664369034994698,0.49008269701923296
2013_13_CHI_MIN,2013,13,0.5734581056840343,2.5,0.5
2013_13_CIN_SD,2013,13,0.4168155974242322,-2.8356309650053024,0.49008269701923296
2013_13_DEN_KC,2013,13,0.34633586754623363,-5.335630965005302,0.49008269701923296
2013_13_GB_DET,2013,13,0.6979517285214231,7.0,0.5
2013_13_JAX_CLE,2013,13,0.6935128617575465,6.828738069989395,0.4801715216822926
2013_13_MIA_NYJ,2013,13,0.4704757222326031,-1.0,0.5
2013_13_NE_HOU,2013,13,0.3196079396411574,-6.328738069989395,0.5198284783177074
2013_13_NO_SEA,2013,13,0.6760278736710905,6.164369034994698,0.49008269701923296
2013_13_NYG_WAS,2013,13,0.5492620676638109,1.6712619300106046,0.5198284783177074
2013_13_OAK_DAL,2013,13,0.7705746740352664,10.0,0.5
2013_13_PIT_BAL,2013,13,0.5975783049790346,3.3356309650053024,0.5099173029807671
2013_13_STL_SF,2013,13,0.6847314083550254,6.493107104984093,0.47027259027700946
2013_13_TB_CAR,2013,13,0.7021845786417207,7.164369034994698,0.49008269701923296
2013_13_TEN_IND,2013,13,0.6022823943305156,3.5,0.5
2013_14_ATL_GB,2013,14,0.5926618804173888,3.1643690349946976,0.49008269701923296
2013_14_BUF_TB,2013,14,0.578227347183652,2.6643690349946976,0.49008269701923296
2013_14_CAR_NO,2013,14,0.5879295521290574,3.0,0.5
2013_14_CLE_NE,2013,14,0.7434378470928306,8.828738069989395,0.4801715216822926
2013_14_DAL_CHI,2013,14,0.5490599223278013,1.6643690349946976,0.49008269701923296
2013_14_DET_PHI,2013,14,0.5636869280819946,2.1643690349946976,0.49008269701923296
2013_14_HOU_JAX,2013,14,0.40242169502096536,-3.3356309650053024,0.49008269701923296
2013_14_IND_CIN,2013,14,0.6979517285214231,7.0,0.5
2013_14_KC_WAS,2013,14,0.42674213472512607,-2.493107104984093,0.5297274097229906
2013_14_MIA_PIT,2013,14,0.5684774219792254,2.328738069989395,0.4801715216822926
2013_14_MIN_BAL,2013,14,0.6981297768624445,7.006892895015907,0.5297274097229906
2013_14_NYG_SD,2013,14,0.6305586598182363,4.5,0.5
2013_14_OAK_NYJ,2013,14,0.6071679713467968,3.671261930010605,0.5198284783177074
2013_14_SEA_SF,2013,14,0.5734581056840343,2.5,0.5
2013_14_STL_ARI,2013,14,0.6259546135479859,4.335630965005302,0.5099173029807671
2013_14_TEN_DEN,2013,14,0.8322169448845721,13.0,0.5
2013_15_ARI_TEN,2013,15,0.421772652816348,-2.6643690349946976,0.5099173029807671
2013_15_BAL_DET,2013,15,0.6211383150071026,4.164369034994698,0.49008269701923296
2013_15_BUF_JAX,2013,15,0.3646640667548178,-4.671261930010605,0.4801715216822926
2013_15_CHI_CLE,2013,15,0.529524277767397,1.0,0.5
2013_15_CIN_PIT,2013,15,0.4411129259617243,-2.0,0.5
2013_15_GB_DAL,2013,15,0.5973807225077259,3.328738069989395,0.4801715216822926
2013_15_HOU_IND,2013,15,0.6716393567181147,6.0,0.5
2013_15_KC_OAK,2013,15,0.3329585175405799,-5.828738069989395,0.5198284783177074
2013_15_NE_MIA,2013,15,0.5734581056840343,2.5,0.5
2013_15_NO_STL,2013,15,0.3150871690837551,-6.5,0.5
2013_15_NYJ_CAR,2013,15,0.7780435103617015,10.335630965005302,0.5099173029807671
2013_15_PHI_MIN,2013,15,0.2890828205035096,-7.506892895015907,0.47027259027700946
2013_15_SD_DEN,2013,15,0.7552227705589374,9.328738069989395,0.4801715216822926
2013_15_SEA_NYG,2013,15,0.24861894157922054,-9.164369034994698,0.5099173029807671
2013_15_SF_TB,2013,15,0.3600987369258124,-4.835630965005302,0.49008269701923296
2013_15_WAS_ATL,2013,15,0.6581456062996048,5.5,0.5
2013_16_ARI_SEA,2013,16,0.7148911941986189,7.664369034994698,0.49008269701923296
2013_16_ATL_SF,2013,16,0.8796040422889055,15.835630965005302,0.5099173029807671
2013_16_CHI_PHI,2013,16,0.5734581056840343,2.5,0.5
2013_16_CLE_NYJ,2013,16,0.5928600428791929,3.171261930010605,0.5198284783177074
2013_16_DAL_WAS,2013,16,0.421772652816348,-2.6643690349946976,0.5099173029807671
2013_16_DEN_HOU,2013,16,0.2524925375469229,-9.0,0.5
2013_16_IND_KC,2013,16,0.7191833147136074,7.835630965005302,0.5099173029807671
2013_16_MIA_BUF,2013,16,0.5097136707678801,0.32873806998939537,0.4801715216822926
2013_16_MIN_CIN,2013,16,0.7191833147136074,7.835630965005302,0.5099173029807671
2013_16_NE_BAL,2013,16,0.4704757222326031,-1.0,0.5
2013_16_NO_CAR,2013,16,0.6118411009662433,3.8356309650053024,0.5099173029807671
2013_16_NYG_DET,2013,16,0.7591913433207376,9.5,0.5
2013_16_OAK_SD,2013,16,0.7629670247652238,9.664369034994698,0.49008269701923296
2013_16_PIT_GB,2013,16,0.46059469068811965,-1.3356309650053024,0.49008269701923296
2013_16_TB_STL,2013,16,0.6118411009662433,3.8356309650053024,0.5099173029807671
2013_16_TEN_JAX,2013,16,0.383501907082932,-4.0,0.5
2013_17_BAL_CIN,2013,17,0.6579581151200091,5.493107104984093,0.47027259027700946
2013_17_BUF_NE,2013,17,0.7191833147136074,7.835630965005302,0.5099173029807671
2013_17_CAR_ATL,2013,17,0.34185439370039516,-5.5,0.5
2013_17_CLE_PIT,2013,17,0.7818004827447345,10.506892895015907,0.5297274097229906
2013_17_DEN_OAK,2013,17,0.24477722944106262,-9.328738069989395,0.5198284783177074
2013_17_DET_MIN,2013,17,0.4363130719180054,-2.1643690349946976,0.5099173029807671
2013_17_GB_CHI,2013,17,0.421772652816348,-2.6643690349946976,0.5099173029807671
2013_17_HOU_TEN,2013,17,0.6803920603588426,6.328738069989395,0.4801715216822926
2013_17_JAX_IND,2013,17,0.79241084025005,11.0,0.5
2013_17_KC_SD,2013,17,0.8796040422889055,15.835630965005302,0.5099173029807671
2013_17_NYJ_MIA,2013,17,0.7107426392460281,7.5,0.5
2013_17_PHI_DAL,2013,17,0.26430142537266205,-8.506892895015907,0.47027259027700946
2013_17_SF_ARI,2013,17,0.5879295521290574,3.0,0.5
2013_17_STL_SEA,2013,17,0.8259038513514951,12.664369034994698,0.49008269701923296
2013_17_TB_NO,2013,17,0.7994550661173474,11.335630965005302,0.5099173029807671
2013_17_WAS_NYG,2013,17,0.5732578652748739,2.493107104984093,0.47027259027700946
2013_18_KC_IND,2013,18,0.4411129259617243,-2.0,0.5
2013_18_NO_PHI,2013,18,0.5879295521290574,3.0,0.5
2013_18_SD_CIN,2013,18,0.6849128309162449,6.5,0.5
2013_18_SF_GB,2013,18,0.4120704478709426,-3.0,0.5
2013_19_IND_NE,2013,19,0.7021845786417207,7.164369034994698,0.49008269701923296
2013_19_NO_SEA,2013,19,0.7629670247652238,9.664369034994698,0.49008269701923296
2013_19_SD_DEN,2013,19,0.7315323912347695,8.335630965005302,0.5099173029807671
2013_19_SF_CAR,2013,19,0.5099173029807671,0.3356309650053023,0.5099173029807671
2013_20_NE_DEN,2013,20,0.6444467262025981,5.0,0.5
2013_20_SF_SEA,2013,20,0.6164980929170679,4.0,0.5
2013_21_SEA_DEN,2013,21,0.5442358810453114,1.5,0.5
2014_01_BUF_CHI,2014,1,0.6979517285214231,7.0,0.5
2014_01_CAR_TB,2014,1,0.6581456062996048,5.5,0.5
2014_01_CIN_BAL,2014,1,0.529524277767397,1.0,0.5
2014_01_CLE_PIT,2014,1,0.6581456062996048,5.5,0.5
2014_01_GB_SEA,2014,1,0.6305586598182363,4.5,0.5
2014_01_IND_DEN,2014,1,0.7198558934831963,7.862581796549673,0.49593918631538153
2014_01_JAX_PHI,2014,1,0.7736495584155753,10.137418203450327,0.5040608136846185
2014_01_MIN_STL,2014,1,0.5839632935461767,2.862581796549673,0.49593918631538153
2014_01_NE_MIA,2014,1,0.3937961753215283,-3.637418203450327,0.49593918631538153
2014_01_NO_ATL,2014,1,0.4120704478709426,-3.0,0.5
2014_01_NYG_DET,2014,1,0.6849128309162449,6.5,0.5
2014_01_OAK_NYJ,2014,1,0.6812875830240468,6.362581796549673,0.49593918631538153
2014_01_SD_ARI,2014,1,0.5918868491406718,3.137418203450327,0.5040608136846185
2014_01_SF_DAL,2014,1,0.4016493983782291,-3.362581796549673,0.5040608136846185
2014_01_TEN_KC,2014,1,0.5879295521290574,3.0,0.5
2014_01_WAS_HOU,2014,1,0.5839632935461767,2.862581796549673,0.49593918631538153
2014_02_ARI_NYG,2014,2,0.5254730624707739,0.8625817965496728,0.49593918631538153
2014_02_ATL_CIN,2014,2,0.6581456062996048,5.5,0.5
2014_02_CHI_SF,2014,2,0.7014923943345279,7.137418203450327,0.5040608136846185
2014_02_DAL_TEN,2014,2,0.5879295521290574,3.0,0.5
2014_02_DET_CAR,2014,2,0.5376171311253332,1.2748364069006544,0.5081212066350418
2014_02_HOU_OAK,2014,2,0.41603670645382324,-2.862581796549673,0.5040608136846185
2014_02_JAX_WAS,2014,2,0.6520010802359798,5.274836406900654,0.5081212066350418
2014_02_KC_DEN,2014,2,0.8322169448845721,13.0,0.5
2014_02_MIA_BUF,2014,2,0.5335724395875057,1.137418203450327,0.5040608136846185
2014_02_NE_MIN,2014,2,0.4016493983782291,-3.362581796549673,0.5040608136846185
2014_02_NO_CLE,2014,2,0.3656064845614149,-4.637418203450327,0.49593918631538153
2014_02_NYJ_GB,2014,2,0.6943923255999431,6.862581796549673,0.49593918631538153
2014_02_PHI_IND,2014,2,0.5839632935461767,2.862581796549673,0.49593918631538153
2014_02_PIT_BAL,2014,2,0.5734581056840343,2.5,0.5
2014_02_SEA_SD,2014,2,0.3617850145828362,-4.774836406900654,0.4918787933649582
2014_02_STL_TB,2014,2,0.6126058094086677,3.862581796549673,0.49593918631538153
2014_03_BAL_CLE,2014,3,0.4411129259617243,-2.0,0.5
2014_03_CHI_NYJ,2014,3,0.5522979897020148,1.7748364069006544,0.5081212066350418
2014_03_DAL_STL,2014,3,0.4557641189546886,-1.5,0.5
2014_03_DEN_SEA,2014,3,0.6164980929170679,4.0,0.5
2014_03_GB_DET,2014,3,0.5401977737764607,1.362581796549673,0.49593918631538153
2014_03_HOU_NYG,2014,3,0.529524277767397,1.0,0.5
2014_03_IND_JAX,2014,3,0.33204789282064173,-5.862581796549673,0.5040608136846185
2014_03_KC_MIA,2014,3,0.6679521071793583,5.862581796549673,0.49593918631538153
2014_03_MIN_NO,2014,3,0.7674765173127139,9.862581796549673,0.49593918631538153
2014_03_OAK_NE,2014,3,0.8525000538794365,14.137418203450327,0.5040608136846185
2014_03_PIT_CAR,2014,3,0.5839632935461767,2.862581796549673,0.49593918631538153
2014_03_SD_BUF,2014,3,0.5774461231693275,2.637418203450327,0.5040608136846185
2014_03_SF_ARI,2014,3,0.42399453941353815,-2.587745389649019,0.5121807582478451
2014_03_TB_ATL,2014,3,0.6849128309162449,6.5,0.5
2014_03_TEN_CIN,2014,3,0.6776449015659981,6.225163593099346,0.4918787933649582
2014_03_WAS_PHI,2014,3,0.6203786549392016,4.137418203450327,0.5040608136846185
2014_04_ATL_MIN,2014,4,0.3344108703613513,-5.774836406900654,0.4918787933649582
2014_04_BUF_HOU,2014,4,0.5879295521290574,3.0,0.5
2014_04_CAR_BAL,2014,4,0.5983506016217709,3.362581796549673,0.49593918631538153
2014_04_DET_NYJ,2014,4,0.5588870740382756,2.0,0.5
2014_04_GB_CHI,2014,4,0.4250994489354246,-2.5496728138013087,0.48376095181892387
2014_04_JAX_SD,2014,4,0.8296501973253809,12.862581796549673,0.49593918631538153
2014_04_MIA_OAK,2014,4,0.383501907082932,-4.0,0.5
2014_04_NE_KC,2014,4,0.4081131508593282,-3.137418203450327,0.49593918631538153
2014_04_NO_DAL,2014,4,0.4120704478709426,-3.0,0.5
2014_04_NYG_WAS,2014,4,0.5839632935461767,2.862581796549673,0.49593918631538153
2014_04_PHI_SF,2014,4,0.6022823943305156,3.5,0.5
2014_04_TB_PIT,2014,4,0.7142129224397802,7.637418203450327,0.5040608136846185
2014_04_TEN_IND,2014,4,0.7037432845359449,7.225163593099346,0.4918787933649582
2014_05_ARI_DEN,2014,5,0.7266697183902933,8.137418203450327,0.5040608136846185
2014_05_ATL_NYG,2014,5,0.6242471299261148,4.274836406900654,0.5081212066350418
2014_05_BAL_IND,2014,5,0.5734581056840343,2.5,0.5
2014_05_BUF_DET,2014,5,0.6382149854171638,4.774836406900654,0.5081212066350418
2014_05_CHI_CAR,2014,5,0.5563211680757643,1.9122546103509814,0.5121807582478451
2014_05_CIN_NE,2014,5,0.4345401023238621,-2.225163593099346,0.5081212066350418
2014_05_CLE_TEN,2014,5,0.46642756041249434,-1.137418203450327,0.49593918631538153
2014_05_HOU_DAL,2014,5,0.6444467262025981,5.0,0.5
2014_05_KC_SF,2014,5,0.6087021734996747,3.725163593099346,0.4918787933649582
2014_05_MIN_GB,2014,5,0.7388515302338768,8.637418203450327,0.5040608136846185
2014_05_NYJ_SD,2014,5,0.6943923255999431,6.862581796549673,0.49593918631538153
2014_05_PIT_JAX,2014,5,0.3210363781783301,-6.274836406900654,0.4918787933649582
2014_05_SEA_WAS,2014,5,0.2985076056654721,-7.137418203450327,0.49593918631538153
2014_05_STL_PHI,2014,5,0.5983506016217709,3.362581796549673,0.49593918631538153
2014_05_TB_NO,2014,5,0.7981898641969323,11.274836406900654,0.5081212066350418
2014_06_BAL_TB,2014,6,0.3977176056694844,-3.5,0.5
2014_06_CAR_CIN,2014,6,0.6908144571492625,6.725163593099346,0.4918787933649582
2014_06_CHI_ATL,2014,6,0.6062038246784718,3.637418203450327,0.5040608136846185
2014_06_DAL_SEA,2014,6,0.7643552355349481,9.725163593099346,0.4918787933649582
2014_06_DEN_NYJ,2014,6,0.23252348268728606,-9.862581796549673,0.5040608136846185
2014_06_DET_MIN,2014,6,0.5254730624707739,0.8625817965496728,0.49593918631538153
2014_06_GB_MIA,2014,6,0.45980222622353933,-1.362581796549673,0.5040608136846185
2014_06_IND_HOU,2014,6,0.4345401023238621,-2.225163593099346,0.5081212066350418
2014_06_JAX_TEN,2014,6,0.6008623378781276,3.4503271861986913,0.48376095181892387
2014_06_NE_BUF,2014,6,0.529524277767397,1.0,0.5
2014_06_NYG_PHI,2014,6,0.5214192114507645,0.7251635930993456,0.4918787933649582
2014_06_PIT_CLE,2014,6,0.5734581056840343,2.5,0.5
2014_06_SD_OAK,2014,6,0.30560767440005693,-6.862581796549673,0.5040608136846185
2014_06_SF_STL,2014,6,0.4016493983782291,-3.362581796549673,0.5040608136846185
2014_06_WAS_ARI,2014,6,0.6557559777005018,5.412254610350981,0.5121807582478451
2014_07_ARI_OAK,2014,7,0.4016493983782291,-3.362581796549673,0.5040608136846185
2014_07_ATL_BAL,2014,7,0.6943923255999431,6.862581796549673,0.49593918631538153
2014_07_CAR_GB,2014,7,0.6849128309162449,6.5,0.5
2014_07_CIN_IND,2014,7,0.5918868491406718,3.137418203450327,0.5040608136846185
2014_07_CLE_JAX,2014,7,0.3873941905913323,-3.862581796549673,0.5040608136846185
2014_07_HOU_PIT,2014,7,0.5879295521290574,3.0,0.5
2014_07_KC_SD,2014,7,0.5879295521290574,3.0,0.5
2014_07_MIA_CHI,2014,7,0.5879295521290574,3.0,0.5
2014_07_MIN_BUF,2014,7,0.7014923943345279,7.137418203450327,0.5040608136846185
2014_07_NO_DET,2014,7,0.5401977737764607,1.362581796549673,0.49593918631538153
2014_07_NYG_DAL,2014,7,0.6368351983312613,4.725163593099346,0.4918787933649582
2014_07_NYJ_NE,2014,7,0.7528057099252483,9.225163593099346,0.4918787933649582
2014_07_SEA_STL,2014,7,0.3163955638563585,-6.450327186198692,0.5162390481810761
2014_07_SF_DEN,2014,7,0.7050140567621295,7.274836406900654,0.5081212066350418
2014_07_TEN_WAS,2014,7,0.6679521071793583,5.862581796549673,0.49593918631538153
2014_08_BAL_CIN,2014,8,0.42654189431596573,-2.5,0.5
2014_08_BUF_NYJ,2014,8,0.5879295521290574,3.0,0.5
2014_08_CHI_NE,2014,8,0.6618752778718445,5.637418203450327,0.5040608136846185
2014_08_DET_ATL,2014,8,0.3977176056694844,-3.5,0.5
2014_08_GB_NO,2014,8,0.5629005413078871,2.137418203450327,0.5040608136846185
2014_08_HOU_TEN,2014,8,0.3977176056694844,-3.5,0.5
2014_08_IND_PIT,2014,8,0.3555532737974019,-5.0,0.5
2014_08_MIA_JAX,2014,8,0.30204827147857694,-7.0,0.5
2014_08_MIN_TB,2014,8,0.5335724395875057,1.137418203450327,0.5040608136846185
2014_08_OAK_CLE,2014,8,0.6885203548698413,6.637418203450327,0.5040608136846185
2014_08_PHI_ARI,2014,8,0.529524277767397,1.0,0.5
2014_08_SD_DEN,2014,8,0.7507480998965319,9.137418203450327,0.5040608136846185
2014_08_SEA_CAR,2014,8,0.33575147756694,-5.725163593099346,0.5081212066350418
2014_08_STL_KC,2014,8,0.7107426392460281,7.5,0.5
2014_08_WAS_DAL,2014,8,0.7560097962824084,9.362581796549673,0.49593918631538153
2014_09_ARI_DAL,2014,9,0.5321095216788896,1.0877453896490186,0.4878192417521549
2014_09_BAL_PIT,2014,9,0.5774461231693275,2.637418203450327,0.5040608136846185
2014_09_DEN_NE,2014,9,0.4120704478709426,-3.0,0.5
2014_09_IND_NYG,2014,9,0.41603670645382324,-2.862581796549673,0.5040608136846185
2014_09_JAX_CIN,2014,9,0.7643552355349481,9.725163593099346,0.4918787933649582
2014_09_NO_CAR,2014,9,0.40416520425334707,-3.274836406900654,0.4918787933649582
2014_09_NYJ_KC,2014,9,0.7623501822782969,9.637418203450327,0.5040608136846185
2014_09_OAK_SEA,2014,9,0.8312920261640191,12.950327186198692,0.48376095181892387
2014_09_PHI_HOU,2014,9,0.4557641189546886,-1.5,0.5
2014_09_SD_MIA,2014,9,0.595834795746653,3.274836406900654,0.5081212066350418
2014_09_STL_SF,2014,9,0.7816499846386211,10.5,0.5
2014_09_TB_CLE,2014,9,0.6979517285214231,7.0,0.5
2014_09_WAS_MIN,2014,9,0.46642756041249434,-1.137418203450327,0.49593918631538153
2014_10_ATL_TB,2014,10,0.3898854852461602,-3.774836406900654,0.4918787933649582
2014_10_CAR_PHI,2014,10,0.6979517285214231,7.0,0.5
2014_10_CHI_GB,2014,10,0.765486150286375,9.774836406900654,0.5081212066350418
2014_10_CLE_CIN,2014,10,0.673985081932444,6.087745389649019,0.4878192417521549
2014_10_DAL_JAX,2014,10,0.29274732406630316,-7.362581796549673,0.5040608136846185
2014_10_DEN_OAK,2014,10,0.1627246859104453,-13.274836406900654,0.4918787933649582
2014_10_KC_BUF,2014,10,0.5548675498714853,1.862581796549673,0.49593918631538153
2014_10_MIA_DET,2014,10,0.5918868491406718,3.137418203450327,0.5040608136846185
2014_10_NYG_SEA,2014,10,0.7343261844022448,8.450327186198692,0.48376095181892387
2014_10_PIT_NYJ,2014,10,0.36944134018176367,-4.5,0.5
2014_10_SF_NO,2014,10,0.6679521071793583,5.862581796549673,0.49593918631538153
2014_10_STL_ARI,2014,10,0.6979517285214231,7.0,0.5
2014_10_TEN_BAL,2014,10,0.7786371681275104,10.362581796549673,0.49593918631538153
2014_11_ATL_CAR,2014,11,0.4185737821196166,-2.774836406900654,0.4918787933649582
2014_11_BUF_MIA,2014,11,0.6087021734996747,3.725163593099346,0.4918787933649582
2014_11_CIN_NO,2014,11,0.7486814179846871,9.049672813801308,0.5162390481810761
2014_11_DEN_STL,2014,11,0.28014410651680366,-7.862581796549673,0.5040608136846185
2014_11_DET_ARI,2014,11,0.4745269375292262,-0.8625817965496728,0.5040608136846185
2014_11_HOU_CLE,2014,11,0.6343935154385851,4.637418203450327,0.5040608136846185
2014_11_MIN_CHI,2014,11,0.5694625636678344,2.362581796549673,0.49593918631538153
2014_11_NE_IND,2014,11,0.5918868491406718,3.137418203450327,0.5040608136846185
2014_11_OAK_SD,2014,11,0.7846390427637105,10.637418203450327,0.5040608136846185
2014_11_PHI_GB,2014,11,0.6343935154385851,4.637418203450327,0.5040608136846185
2014_11_PIT_TEN,2014,11,0.30560767440005693,-6.862581796549673,0.5040608136846185
2014_11_SEA_KC,2014,11,0.4745269375292262,-0.8625817965496728,0.5040608136846185
2014_11_SF_NYG,2014,11,0.383501907082932,-4.0,0.5
2014_11_TB_WAS,2014,11,0.6849128309162449,6.5,0.5
2014_12_ARI_SEA,2014,12,0.7072526759336968,7.362581796549673,0.49593918631538153
2014_12_BAL_NO,2014,12,0.5734581056840343,2.5,0.5
2014_12_CIN_HOU,2014,12,0.5839632935461767,2.862581796549673,0.49593918631538153
2014_12_CLE_ATL,2014,12,0.5918868491406718,3.137418203450327,0.5040608136846185
2014_12_DAL_NYG,2014,12,0.37575287007388525,-4.274836406900654,0.4918787933649582
2014_12_DET_NE,2014,12,0.7107426392460281,7.5,0.5
2014_12_GB_MIN,2014,12,0.28233672103042345,-7.774836406900654,0.4918787933649582
2014_12_JAX_IND,2014,12,0.8270584352576509,12.725163593099346,0.4918787933649582
2014_12_KC_OAK,2014,12,0.28233672103042345,-7.774836406900654,0.4918787933649582
2014_12_MIA_DEN,2014,12,0.6849128309162449,6.5,0.5
2014_12_NYJ_BUF,2014,12,0.5734581056840343,2.5,0.5
2014_12_STL_SD,2014,12,0.6126058094086677,3.862581796549673,0.49593918631538153
2014_12_TB_CHI,2014,12,0.6203786549392016,4.137418203450327,0.5040608136846185
2014_12_TEN_PHI,2014,12,0.7894850293906059,10.862581796549673,0.49593918631538153
2014_12_WAS_SF,2014,12,0.7442447591762325,8.862581796549673,0.49593918631538153
2014_13_ARI_ATL,2014,13,0.44770201029798523,-1.7748364069006544,0.4918787933649582
2014_13_CAR_MIN,2014,13,0.5814262178803834,2.774836406900654,0.5081212066350418
2014_13_CHI_DET,2014,13,0.7176632789695765,7.774836406900654,0.5081212066350418
2014_13_CIN_TB,2014,13,0.33204789282064173,-5.862581796549673,0.5040608136846185
2014_13_CLE_BUF,2014,13,0.599773005966653,3.412254610350981,0.5121807582478451
2014_13_DEN_KC,2014,13,0.5335724395875057,1.137418203450327,0.5040608136846185
2014_13_MIA_NYJ,2014,13,0.31871241697595315,-6.362581796549673,0.5040608136846185
2014_13_NE_GB,2014,13,0.5879295521290574,3.0,0.5
2014_13_NO_PIT,2014,13,0.5983506016217709,3.362581796549673,0.49593918631538153
2014_13_NYG_JAX,2014,13,0.41603670645382324,-2.862581796549673,0.5040608136846185
2014_13_OAK_STL,2014,13,0.6885203548698413,6.637418203450327,0.5040608136846185
2014_13_PHI_DAL,2014,13,0.5918868491406718,3.137418203450327,0.5040608136846185
2014_13_SD_BAL,2014,13,0.6849128309162449,6.5,0.5
2014_13_SEA_SF,2014,13,0.5254730624707739,0.8625817965496728,0.49593918631538153
2014_13_TEN_HOU,2014,13,0.7014923943345279,7.137418203450327,0.5040608136846185
2014_13_WAS_IND,2014,13,0.7037432845359449,7.225163593099346,0.4918787933649582
2014_14_ATL_GB,2014,14,0.8413447460685429,13.5,0.5
2014_14_BAL_MIA,2014,14,0.5839632935461767,2.862581796549673,0.49593918631538153
2014_14_BUF_DEN,2014,14,0.7442447591762325,8.862581796549673,0.49593918631538153
2014_14_CAR_NO,2014,14,0.7388515302338768,8.637418203450327,0.5040608136846185
2014_14_DAL_CHI,2014,14,0.3977176056694844,-3.5,0.5
2014_14_HOU_JAX,2014,14,0.3150871690837551,-6.5,0.5
2014_14_IND_CLE,2014,14,0.41603670645382324,-2.862581796549673,0.5040608136846185
2014_14_KC_ARI,2014,14,0.4185737821196166,-2.774836406900654,0.4918787933649582
2014_14_NE_SD,2014,14,0.3796213450607984,-4.137418203450327,0.49593918631538153
2014_14_NYG_TEN,2014,14,0.40416520425334707,-3.274836406900654,0.4918787933649582
2014_14_NYJ_MIN,2014,14,0.6305586598182363,4.5,0.5
2014_14_PIT_CIN,2014,14,0.5918868491406718,3.137418203450327,0.5040608136846185
2014_14_SEA_PHI,2014,14,0.4557641189546886,-1.5,0.5
2014_14_SF_OAK,2014,14,0.28014410651680366,-7.862581796549673,0.5040608136846185
2014_14_STL_WAS,2014,14,0.4146020059948608,-2.912254610350981,0.4878192417521549
2014_14_TB_DET,2014,14,0.787604222606792,10.774836406900654,0.5081212066350418
2014_15_ARI_STL,2014,15,0.6789636218216699,6.274836406900654,0.5081212066350418
2014_15_CIN_CLE,2014,15,0.5774461231693275,2.637418203450327,0.5040608136846185
2014_15_DAL_PHI,2014,15,0.5983506016217709,3.362581796549673,0.49593918631538153
2014_15_DEN_SD,2014,15,0.383501907082932,-4.0,0.5
2014_15_GB_BUF,2014,15,0.3937961753215283,-3.637418203450327,0.49593918631538153
2014_15_HOU_IND,2014,15,0.7014923943345279,7.137418203450327,0.5040608136846185
2014_15_JAX_BAL,2014,15,0.8501407016943955,14.0,0.5
2014_15_MIA_NE,2014,15,0.765486150286375,9.774836406900654,0.5081212066350418
2014_15_MIN_DET,2014,15,0.7334004420674396,8.412254610350981,0.5121807582478451
2014_15_NO_CHI,2014,15,0.40416520425334707,-3.274836406900654,0.4918787933649582
2014_15_NYJ_TEN,2014,15,0.38598591009761374,-3.912254610350981,0.4878192417521549
2014_15_OAK_KC,2014,15,0.79241084025005,11.0,0.5
2014_15_PIT_ATL,2014,15,0.40022699403334705,-3.412254610350981,0.4878192417521549
2014_15_SF_SEA,2014,15,0.7736495584155753,10.137418203450327,0.5040608136846185
2014_15_TB_CAR,2014,15,0.6022823943305156,3.5,0.5
2014_15_WAS_NYG,2014,15,0.7014923943345279,7.137418203450327,0.5040608136846185
2014_16_ATL_NO,2014,16,0.6753099627533428,6.137418203450327,0.5040608136846185
2014_16_BAL_HOU,2014,16,0.3210363781783301,-6.274836406900654,0.4918787933649582
2014_16_BUF_OAK,2014,16,0.29498594323787053,-7.274836406900654,0.4918787933649582
2014_16_CLE_CAR,2014,16,0.6753099627533428,6.137418203450327,0.5040608136846185
2014_16_DEN_CIN,2014,16,0.4016493983782291,-3.362581796549673,0.5040608136846185
2014_16_DET_CHI,2014,16,0.22635044158442474,-10.137418203450327,0.49593918631538153
2014_16_GB_TB,2014,16,0.19433523560874677,-11.637418203450327,0.49593918631538153
2014_16_IND_DAL,2014,16,0.6062038246784718,3.637418203450327,0.5040608136846185
2014_16_KC_PIT,2014,16,0.5774461231693275,2.637418203450327,0.5040608136846185
2014_16_MIN_MIA,2014,16,0.6382149854171638,4.774836406900654,0.5081212066350418
2014_16_NE_NYJ,2014,16,0.22942532596473364,-10.0,0.5
2014_16_NYG_STL,2014,16,0.6979517285214231,7.0,0.5
2014_16_PHI_WAS,2014,16,0.30560767440005693,-6.862581796549673,0.5040608136846185
2014_16_SD_SF,2014,16,0.5548675498714853,1.862581796549673,0.49593918631538153
2014_16_SEA_ARI,2014,16,0.2439902037175916,-9.362581796549673,0.5040608136846185
2014_16_TEN_JAX,2014,16,0.6242471299261148,4.274836406900654,0.5081212066350418
2014_17_ARI_SF,2014,17,0.6716393567181147,6.0,0.5
2014_17_BUF_NE,2014,17,0.6343935154385851,4.637418203450327,0.5040608136846185
2014_17_CAR_ATL,2014,17,0.5694625636678344,2.362581796549673,0.49593918631538153
2014_17_CHI_MIN,2014,17,0.6979517285214231,7.0,0.5
2014_17_CIN_PIT,2014,17,0.595834795746653,3.274836406900654,0.5081212066350418
2014_17_CLE_BAL,2014,17,0.8477563121789693,13.862581796549673,0.49593918631538153
2014_17_DAL_WAS,2014,17,0.33204789282064173,-5.862581796549673,0.5040608136846185
2014_17_DET_GB,2014,17,0.7475074624530771,9.0,0.5
2014_17_IND_TEN,2014,17,0.29274732406630316,-7.362581796549673,0.5040608136846185
2014_17_JAX_HOU,2014,17,0.7321901902725074,8.362581796549673,0.49593918631538153
2014_17_NO_TB,2014,17,0.33204789282064173,-5.862581796549673,0.5040608136846185
2014_17_NYJ_MIA,2014,17,0.7050140567621295,7.274836406900654,0.5081212066350418
2014_17_OAK_DEN,2014,17,0.8872520578785952,16.362581796549673,0.49593918631538153
2014_17_PHI_NYG,2014,17,0.4704757222326031,-1.0,0.5
2014_17_SD_KC,2014,17,0.5839632935461767,2.862581796549673,0.49593918631538153
2014_17_STL_SEA,2014,17,0.79241084025005,11.0,0.5
2014_18_ARI_CAR,2014,18,0.6618752778718445,5.637418203450327,0.5040608136846185
2014_18_BAL_PIT,2014,18,0.5879295521290574,3.0,0.5
2014_18_CIN_IND,2014,18,0.6022823943305156,3.5,0.5
2014_18_DET_DAL,2014,18,0.66424852243306,5.725163593099346,0.4918787933649582
2014_19_BAL_NE,2014,19,0.6979517285214231,7.0,0.5
2014_19_CAR_SEA,2014,19,0.8413447460685429,13.5,0.5
2014_19_DAL_GB,2014,19,0.6655891296386487,5.774836406900654,0.5081212066350418
2014_19_IND_DEN,2014,19,0.7591913433207376,9.5,0.5
2014_20_GB_SEA,2014,20,0.73553153338876,8.5,0.5
2014_20_IND_NE,2014,20,0.6943923255999431,6.862581796549673,0.49593918631538153
2014_21_NE_SEA,2014,21,0.4704757222326031,-1.0,0.5
2015_01_BAL_DEN,2015,1,0.6373514674557904,4.743741935483871,0.5072024948749826
2015_01_CAR_JAX,2015,1,0.40505769214628806,-3.243741935483871,0.4927975051250174
2015_01_CIN_OAK,2015,1,0.4120704478709426,-3.0,0.5
2015_01_CLE_NYJ,2015,1,0.5953016112367122,3.256258064516129,0.4927975051250174
2015_01_DET_SD,2015,1,0.609230578213598,3.743741935483871,0.5072024948749826
2015_01_GB_CHI,2015,1,0.34850772113061423,-5.256258064516129,0.5072024948749826
2015_01_IND_BUF,2015,1,0.4704757222326031,-1.0,0.5
2015_01_KC_HOU,2015,1,0.46329776106546716,-1.2437419354838708,0.4927975051250174
2015_01_MIA_WAS,2015,1,0.3766271371047285,-4.243741935483871,0.4927975051250174
2015_01_MIN_SF,2015,1,0.42654189431596573,-2.5,0.5
2015_01_NO_ARI,2015,1,0.5660014425253795,2.243741935483871,0.5072024948749826
2015_01_NYG_DAL,2015,1,0.7042188654067709,7.243741935483871,0.5072024948749826
2015_01_PHI_ATL,2015,1,0.3907694217864019,-3.743741935483871,0.4927975051250174
2015_01_PIT_NE,2015,1,0.7045390637993223,7.256258064516129,0.4927975051250174
2015_01_SEA_STL,2015,1,0.3977176056694844,-3.5,0.5
2015_01_TEN_TB,2015,1,0.5949423078537119,3.243741935483871,0.5072024948749826
2015_02_ARI_CHI,2015,2,0.4482463489776038,-1.7562580645161292,0.5072024948749826
2015_02_ATL_NYG,2015,2,0.5588870740382756,2.0,0.5
2015_02_BAL_OAK,2015,2,0.3349120305979568,-5.756258064516129,0.5072024948749826
2015_02_DAL_PHI,2015,2,0.710425582233132,7.487483870967742,0.514402642316174
2015_02_DEN_KC,2015,2,0.5879295521290574,3.0,0.5
2015_02_DET_MIN,2015,2,0.5805263311664906,2.743741935483871,0.5072024948749826
2015_02_HOU_CAR,2015,2,0.5949423078537119,3.243741935483871,0.5072024948749826
2015_02_MIA_JAX,2015,2,0.3290310861241874,-5.974967741935483,0.47121348107187455
2015_02_NE_BUF,2015,2,0.5660014425253795,2.243741935483871,0.5072024948749826
2015_02_NYJ_IND,2015,2,0.6781383846925385,6.243741935483871,0.5072024948749826
2015_02_SD_CIN,2015,2,0.6161440611456207,3.9874838709677416,0.514402642316174
2015_02_SEA_GB,2015,2,0.5953016112367122,3.256258064516129,0.4927975051250174
2015_02_SF_PIT,2015,2,0.6716393567181147,6.0,0.5
2015_02_STL_WAS,2015,2,0.40505769214628806,-3.243741935483871,0.4927975051250174
2015_02_TB_NO,2015,2,0.7535326825628459,9.256258064516128,0.4927975051250174
2015_02_TEN_CLE,2015,2,0.529524277767397,1.0,0.5
2015_03_ATL_DAL,2015,3,0.529524277767397,1.0,0.5
2015_03_BUF_MIA,2015,3,0.529524277767397,1.0,0.5
2015_03_CHI_SEA,2015,3,0.8891881987703032,16.5,0.5
2015_03_CIN_BAL,2015,3,0.5663662086055041,2.256258064516129,0.4927975051250174
2015_03_DEN_DET,2015,3,0.40505769214628806,-3.243741935483871,0.4927975051250174
2015_03_IND_TEN,2015,3,0.41911139601810826,-2.756258064516129,0.5072024948749826
2015_03_JAX_NE,2015,3,0.8703904904559626,15.231225806451613,0.5215980971847575
2015_03_KC_GB,2015,3,0.6168520274484943,4.012516129032258,0.48559735768382595
2015_03_NO_CAR,2015,3,0.7760126105221226,10.243741935483872,0.5072024948749826
2015_03_OAK_CLE,2015,3,0.6022823943305156,3.5,0.5
2015_03_PHI_NYJ,2015,3,0.5879295521290574,3.0,0.5
2015_03_PIT_STL,2015,3,0.5442358810453114,1.5,0.5
2015_03_SD_MIN,2015,3,0.5805263311664906,2.743741935483871,0.5072024948749826
2015_03_SF_ARI,2015,3,0.6916256458766112,6.756258064516129,0.4927975051250174
2015_03_TB_HOU,2015,3,0.6716393567181147,6.0,0.5
2015_03_WAS_NYG,2015,3,0.5808886039818918,2.756258064516129,0.4927975051250174
2015_04_BAL_PIT,2015,4,0.41911139601810826,-2.756258064516129,0.5072024948749826
2015_04_CAR_TB,2015,4,0.4120704478709426,-3.0,0.5
2015_04_CLE_SD,2015,4,0.609942226011208,3.768774193548387,0.47840190281524253
2015_04_DAL_NO,2015,4,0.5879295521290574,3.0,0.5
2015_04_DET_SEA,2015,4,0.7705746740352664,10.0,0.5
2015_04_GB_SF,2015,4,0.3017250059775384,-7.012516129032258,0.514402642316174
2015_04_HOU_ATL,2015,4,0.6095864480071522,3.756258064516129,0.4927975051250174
2015_04_JAX_IND,2015,4,0.6370036871133538,4.731225806451612,0.5215980971847575
2015_04_KC_CIN,2015,4,0.5953016112367122,3.256258064516129,0.4927975051250174
2015_04_MIN_DEN,2015,4,0.7042188654067709,7.243741935483871,0.5072024948749826
2015_04_NYG_BUF,2015,4,0.658485953339443,5.512516129032258,0.48559735768382595
2015_04_NYJ_MIA,2015,4,0.44074712021695783,-2.0125161290322584,0.514402642316174
2015_04_OAK_CHI,2015,4,0.40505769214628806,-3.243741935483871,0.4927975051250174
2015_04_PHI_WAS,2015,4,0.3911253830871683,-3.731225806451613,0.47840190281524253
2015_04_STL_ARI,2015,4,0.6979517285214231,7.0,0.5
2015_05_ARI_DET,2015,5,0.3558986829419152,-4.987483870967742,0.48559735768382595
2015_05_BUF_TEN,2015,5,0.529524277767397,1.0,0.5
2015_05_CHI_KC,2015,5,0.7970175723626296,11.218709677419355,0.5359655738636454
2015_05_CLE_BAL,2015,5,0.6650879694020432,5.756258064516129,0.4927975051250174
2015_05_DEN_OAK,2015,5,0.3623008654829647,-4.756258064516129,0.5072024948749826
2015_05_IND_HOU,2015,5,0.6168520274484943,4.012516129032258,0.48559735768382595
2015_05_JAX_TB,2015,5,0.5223367106028927,0.7562580645161291,0.4927975051250174
2015_05_NE_DAL,2015,5,0.2707164678291496,-8.243741935483872,0.4927975051250174
2015_05_NO_PHI,2015,5,0.6849128309162449,6.5,0.5
2015_05_PIT_SD,2015,5,0.6095864480071522,3.756258064516129,0.4927975051250174
2015_05_SEA_CIN,2015,5,0.5949423078537119,3.243741935483871,0.5072024948749826
2015_05_SF_NYG,2015,5,0.7107426392460281,7.5,0.5
2015_05_STL_GB,2015,5,0.7295903998916842,8.256258064516128,0.4927975051250174
2015_05_WAS_ATL,2015,5,0.728976490669533,8.231225806451613,0.5215980971847575
2015_06_ARI_PIT,2015,6,0.3352498254345856,-5.743741935483871,0.4927975051250174
2015_06_ATL_NO,2015,6,0.40505769214628806,-3.243741935483871,0.4927975051250174
2015_06_BAL_SF,2015,6,0.43363379139449587,-2.256258064516129,0.5072024948749826
2015_06_CAR_SEA,2015,6,0.7042188654067709,7.243741935483871,0.5072024948749826
2015_06_CHI_DET,2015,6,0.6022823943305156,3.5,0.5
2015_06_CIN_BUF,2015,6,0.4120704478709426,-3.0,0.5
2015_06_DEN_CLE,2015,6,0.4046983887632878,-3.256258064516129,0.5072024948749826
2015_06_HOU_JAX,2015,6,0.5805263311664906,2.743741935483871,0.5072024948749826
2015_06_KC_MIN,2015,6,0.6161440611456207,3.9874838709677416,0.514402642316174
2015_06_MIA_TEN,2015,6,0.5734581056840343,2.5,0.5
2015_06_NE_IND,2015,6,0.28280202049435266,-7.756258064516129,0.5072024948749826
2015_06_NYG_PHI,2015,6,0.6161440611456207,3.9874838709677416,0.514402642316174
2015_06_SD_GB,2015,6,0.802336792635567,11.474967741935483,0.5287865189281254
2015_06_WAS_NYJ,2015,6,0.7408053836764157,8.718709677419355,0.5359655738636454
2015_07_ATL_TEN,2015,7,0.32219403776002453,-6.231225806451612,0.47840190281524253
2015_07_BAL_ARI,2015,7,0.7594799946277584,9.512516129032258,0.48559735768382595
2015_07_BUF_JAX,2015,7,0.43290442908717,-2.2812903225806456,0.5359655738636454
2015_07_CLE_STL,2015,7,0.6849128309162449,6.5,0.5
2015_07_DAL_NYG,2015,7,0.5738216540820323,2.5125161290322584,0.48559735768382595
2015_07_HOU_MIA,2015,7,0.6373514674557904,4.743741935483871,0.5072024948749826
2015_07_MIN_DET,2015,7,0.529524277767397,1.0,0.5
2015_07_NO_IND,2015,7,0.6514922788693858,5.256258064516129,0.4927975051250174
2015_07_NYJ_NE,2015,7,0.6979517285214231,7.0,0.5
2015_07_OAK_SD,2015,7,0.581250808230003,2.768774193548387,0.47840190281524253
2015_07_PHI_CAR,2015,7,0.5949423078537119,3.243741935483871,0.5072024948749826
2015_07_PIT_KC,2015,7,0.6233728628952715,4.243741935483871,0.5072024948749826
2015_07_SEA_SF,2015,7,0.3215293353646721,-6.256258064516129,0.5072024948749826
2015_07_TB_WAS,2015,7,0.5667309181695483,2.268774193548387,0.47840190281524253
2015_08_ARI_CLE,2015,8,0.3083743541233888,-6.756258064516129,0.5072024948749826
2015_08_CIN_PIT,2015,8,0.5151418702892031,0.5125161290322582,0.48559735768382595
2015_08_DET_KC,2015,8,0.5879295521290574,3.0,0.5
2015_08_GB_DEN,2015,8,0.41947366883350945,-2.743741935483871,0.4927975051250174
2015_08_IND_CAR,2015,8,0.6444467262025981,5.0,0.5
2015_08_MIA_NE,2015,8,0.7232730811922008,8.0,0.5
2015_08_MIN_CHI,2015,8,0.4704757222326031,-1.0,0.5
2015_08_NYG_NO,2015,8,0.5949423078537119,3.243741935483871,0.5072024948749826
2015_08_NYJ_OAK,2015,8,0.4261783459179677,-2.5125161290322584,0.514402642316174
2015_08_SD_BAL,2015,8,0.650806294298224,5.231225806451612,0.5215980971847575
2015_08_SEA_DAL,2015,8,0.37627515125350847,-4.256258064516129,0.5072024948749826
2015_08_SF_STL,2015,8,0.7292835321708504,8.243741935483872,0.5072024948749826
2015_08_TB_ATL,2015,8,0.7352280823721474,8.487483870967742,0.514402642316174
2015_08_TEN_HOU,2015,8,0.609230578213598,3.743741935483871,0.5072024948749826
2015_09_ATL_SF,2015,9,0.24080865667926238,-9.5,0.5
2015_09_CHI_SD,2015,9,0.5882903618326757,3.0125161290322584,0.48559735768382595
2015_09_CLE_CIN,2015,9,0.8497082241056213,13.974967741935483,0.5287865189281254
2015_09_DEN_IND,2015,9,0.3907694217864019,-3.743741935483871,0.4927975051250174
2015_09_GB_CAR,2015,9,0.4411129259617243,-2.0,0.5
2015_09_JAX_NYJ,2015,9,0.7107426392460281,7.5,0.5
2015_09_MIA_BUF,2015,9,0.6026399950983782,3.5125161290322584,0.48559735768382595
2015_09_NYG_TB,2015,9,0.46292947556058195,-1.2562580645161292,0.5072024948749826
2015_09_OAK_PIT,2015,9,0.6716393567181147,6.0,0.5
2015_09_PHI_DAL,2015,9,0.4120704478709426,-3.0,0.5
2015_09_STL_MIN,2015,9,0.5730944948634167,2.4874838709677416,0.514402642316174
2015_09_TEN_NO,2015,9,0.6979517285214231,7.0,0.5
2015_09_WAS_NE,2015,9,0.8369365379143121,13.256258064516128,0.4927975051250174
2015_10_ARI_SEA,2015,10,0.5879295521290574,3.0,0.5
2015_10_BUF_NYJ,2015,10,0.5592528797830422,2.0125161290322584,0.48559735768382595
2015_10_CAR_TEN,2015,10,0.3907694217864019,-3.743741935483871,0.4927975051250174
2015_10_CHI_STL,2015,10,0.7168843022370939,7.743741935483871,0.5072024948749826
2015_10_CLE_PIT,2015,10,0.7226521264082622,7.974967741935483,0.5287865189281254
2015_10_DAL_TB,2015,10,0.45613172936871144,-1.4874838709677418,0.48559735768382595
2015_10_DET_GB,2015,10,0.7921453544911174,10.987483870967742,0.514402642316174
2015_10_HOU_CIN,2015,10,0.7760126105221226,10.243741935483872,0.5072024948749826
2015_10_JAX_BAL,2015,10,0.6164980929170679,4.0,0.5
2015_10_KC_DEN,2015,10,0.6233728628952715,4.243741935483871,0.5072024948749826
2015_10_MIA_PHI,2015,10,0.6647501745654144,5.743741935483871,0.5072024948749826
2015_10_MIN_OAK,2015,10,0.5879295521290574,3.0,0.5
2015_10_NE_NYG,2015,10,0.2957811345932291,-7.243741935483871,0.4927975051250174
2015_10_NO_WAS,2015,10,0.4848581297107969,-0.5125161290322582,0.514402642316174
2015_11_BUF_NE,2015,11,0.6916256458766112,6.756258064516129,0.4927975051250174
2015_11_CIN_ARI,2015,11,0.6164980929170679,4.0,0.5
2015_11_DAL_MIA,2015,11,0.41947366883350945,-2.743741935483871,0.4927975051250174
2015_11_DEN_CHI,2015,11,0.41947366883350945,-2.743741935483871,0.4927975051250174
2015_11_GB_MIN,2015,11,0.4704757222326031,-1.0,0.5
2015_11_IND_ATL,2015,11,0.6161440611456207,3.9874838709677416,0.514402642316174
2015_11_KC_SD,2015,11,0.4120704478709426,-3.0,0.5
2015_11_NYJ_HOU,2015,11,0.3766271371047285,-4.243741935483871,0.4927975051250174
2015_11_OAK_DET,2015,11,0.4411129259617243,-2.0,0.5
2015_11_SF_SEA,2015,11,0.8458942626862167,13.756258064516128,0.4927975051250174
2015_11_STL_BAL,2015,11,0.5879295521290574,3.0,0.5
2015_11_TB_PHI,2015,11,0.6852421442422737,6.512516129032258,0.48559735768382595
2015_11_TEN_JAX,2015,11,0.5949423078537119,3.243741935483871,0.5072024948749826
2015_11_WAS_CAR,2015,11,0.6788028018439484,6.268774193548388,0.47840190281524253
2015_12_ARI_SF,2015,12,0.28925736075397196,-7.5,0.5
2015_12_BAL_CLE,2015,12,0.6845833705547637,6.487483870967742,0.514402642316174
2015_12_BUF_KC,2015,12,0.6305586598182363,4.5,0.5
2015_12_CAR_DAL,2015,12,0.4704757222326031,-1.0,0.5
2015_12_CHI_GB,2015,12,0.7229626889556785,7.987483870967742,0.514402642316174
2015_12_MIA_NYJ,2015,12,0.6373514674557904,4.743741935483871,0.5072024948749826
2015_12_MIN_ATL,2015,12,0.5517536510223963,1.7562580645161292,0.4927975051250174
2015_12_NE_DEN,2015,12,0.43363379139449587,-2.256258064516129,0.5072024948749826
2015_12_NO_HOU,2015,12,0.609230578213598,3.743741935483871,0.5072024948749826
2015_12_NYG_WAS,2015,12,0.4848581297107969,-0.5125161290322582,0.514402642316174
2015_12_OAK_TEN,2015,12,0.4704757222326031,-1.0,0.5
2015_12_PHI_DET,2015,12,0.6019247075977563,3.4874838709677416,0.514402642316174
2015_12_PIT_SEA,2015,12,0.5738216540820323,2.5125161290322584,0.48559735768382595
2015_12_SD_JAX,2015,12,0.6644122464576658,5.731225806451612,0.5215980971847575
2015_12_STL_CIN,2015,12,0.7921453544911174,10.987483870967742,0.514402642316174
2015_12_TB_IND,2015,12,0.5738216540820323,2.5125161290322584,0.48559735768382595
2015_13_ARI_STL,2015,13,0.4046983887632878,-3.256258064516129,0.5072024948749826
2015_13_ATL_TB,2015,13,0.5151418702892031,0.5125161290322582,0.48559735768382595
2015_13_BAL_MIA,2015,13,0.5882903618326757,3.0125161290322584,0.48559735768382595
2015_13_CAR_NO,2015,13,0.3352498254345856,-5.743741935483871,0.4927975051250174
2015_13_CIN_CLE,2015,13,0.28925736075397196,-7.5,0.5
2015_13_DAL_WAS,2015,13,0.5588870740382756,2.0,0.5
2015_13_DEN_SD,2015,13,0.32836064328188524,-6.0,0.5
2015_13_GB_DET,2015,13,0.42654189431596573,-2.5,0.5
2015_13_HOU_BUF,2015,13,0.5667309181695483,2.268774193548387,0.47840190281524253
2015_13_IND_PIT,2015,13,0.7970175723626296,11.218709677419355,0.5359655738636454
2015_13_JAX_TEN,2015,13,0.5879295521290574,3.0,0.5
2015_13_KC_OAK,2015,13,0.4261783459179677,-2.5125161290322584,0.514402642316174
2015_13_NYJ_NYG,2015,13,0.4269055051365833,-2.4874838709677416,0.48559735768382595
2015_13_PHI_NE,2015,13,0.747803537750662,9.012516129032258,0.48559735768382595
2015_13_SEA_MIN,2015,13,0.41947366883350945,-2.743741935483871,0.4927975051250174
2015_13_SF_CHI,2015,13,0.658485953339443,5.512516129032258,0.48559735768382595
2015_14_ATL_CAR,2015,14,0.7295903998916842,8.256258064516128,0.4927975051250174
2015_14_BUF_PHI,2015,14,0.5438682706312886,1.4874838709677418,0.514402642316174
2015_14_DAL_GB,2015,14,0.6716393567181147,6.0,0.5
2015_14_DET_STL,2015,14,0.41911139601810826,-2.756258064516129,0.5072024948749826
2015_14_IND_JAX,2015,14,0.5652717420363377,2.2187096774193544,0.5359655738636454
2015_14_MIN_ARI,2015,14,0.7760126105221226,10.243741935483872,0.5072024948749826
2015_14_NE_HOU,2015,14,0.3904135519928477,-3.756258064516129,0.5072024948749826
2015_14_NO_TB,2015,14,0.6716393567181147,6.0,0.5
2015_14_NYG_MIA,2015,14,0.42654189431596573,-2.5,0.5
2015_14_OAK_DEN,2015,14,0.658485953339443,5.512516129032258,0.48559735768382595
2015_14_PIT_CIN,2015,14,0.5223367106028927,0.7562580645161291,0.4927975051250174
2015_14_SD_KC,2015,14,0.8028518384657922,11.5,0.5
2015_14_SEA_BAL,2015,14,0.21306463083242294,-10.743741935483872,0.4927975051250174
2015_14_SF_CLE,2015,14,0.5734581056840343,2.5,0.5
2015_14_TEN_NYJ,2015,14,0.7352280823721474,8.487483870967742,0.514402642316174
2015_14_WAS_CHI,2015,14,0.6026399950983782,3.5125161290322584,0.48559735768382595
2015_15_ARI_PHI,2015,15,0.41170963816732425,-3.0125161290322584,0.514402642316174
2015_15_ATL_JAX,2015,15,0.5588870740382756,2.0,0.5
2015_15_BUF_WAS,2015,15,0.44074712021695783,-2.0125161290322584,0.514402642316174
2015_15_CAR_NYG,2015,15,0.36944134018176367,-4.5,0.5
2015_15_CHI_MIN,2015,15,0.6095864480071522,3.756258064516129,0.4927975051250174
2015_15_CIN_SF,2015,15,0.3083743541233888,-6.756258064516129,0.5072024948749826
2015_15_CLE_SEA,2015,15,0.8545202592500631,14.256258064516128,0.4927975051250174
2015_15_DEN_PIT,2015,15,0.728976490669533,8.231225806451613,0.5215980971847575
2015_15_DET_NO,2015,15,0.587568668081312,2.9874838709677416,0.514402642316174
2015_15_GB_OAK,2015,15,0.3766271371047285,-4.243741935483871,0.4927975051250174
2015_15_HOU_IND,2015,15,0.5663662086055041,2.256258064516129,0.4927975051250174
2015_15_KC_BAL,2015,15,0.3215293353646721,-6.256258064516129,0.5072024948749826
2015_15_MIA_SD,2015,15,0.5438682706312886,1.4874838709677418,0.514402642316174
2015_15_NYJ_DAL,2015,15,0.3911253830871683,-3.731225806451613,0.47840190281524253
2015_15_TB_STL,2015,15,0.5367022389345328,1.2437419354838708,0.5072024948749826
2015_15_TEN_NE,2015,15,0.858605258338129,14.5,0.5
2015_16_CAR_ATL,2015,16,0.3083743541233888,-6.756258064516129,0.5072024948749826
2015_16_CHI_TB,2015,16,0.5879295521290574,3.0,0.5
2015_16_CIN_DEN,2015,16,0.6161440611456207,3.9874838709677416,0.514402642316174
2015_16_CLE_KC,2015,16,0.7874739185462797,10.768774193548387,0.47840190281524253
2015_16_DAL_BUF,2015,16,0.6849128309162449,6.5,0.5
2015_16_GB_ARI,2015,16,0.6845833705547637,6.487483870967742,0.514402642316174
2015_16_HOU_TEN,2015,16,0.41170963816732425,-3.0125161290322584,0.514402642316174
2015_16_IND_MIA,2015,16,0.5663662086055041,2.256258064516129,0.4927975051250174
2015_16_JAX_NO,2015,16,0.5592528797830422,2.0125161290322584,0.48559735768382595
2015_16_NE_NYJ,2015,16,0.44074712021695783,-2.0125161290322584,0.514402642316174
2015_16_NYG_MIN,2015,16,0.7042188654067709,7.243741935483871,0.5072024948749826
2015_16_PIT_BAL,2015,16,0.20758915974995001,-11.0,0.5
2015_16_SD_OAK,2015,16,0.6026399950983782,3.5125161290322584,0.48559735768382595
2015_16_SF_DET,2015,16,0.7586134756837498,9.474967741935483,0.5287865189281254
2015_16_STL_SEA,2015,16,0.7765669087914493,10.268774193548387,0.47840190281524253
2015_16_WAS_PHI,2015,16,0.6022823943305156,3.5,0.5
2015_17_BAL_CIN,2015,17,0.7650635238500187,9.756258064516128,0.4927975051250174
2015_17_DET_CHI,2015,17,0.41243133191868797,-2.9874838709677416,0.48559735768382595
2015_17_JAX_HOU,2015,17,0.6444467262025981,5.0,0.5
2015_17_MIN_GB,2015,17,0.5949423078537119,3.243741935483871,0.5072024948749826
2015_17_NE_MIA,2015,17,0.2519005701478846,-9.025032258064517,0.5287865189281254
2015_17_NO_ATL,2015,17,0.6973047314011576,6.974967741935483,0.5287865189281254
2015_17_NYJ_BUF,2015,17,0.41243133191868797,-2.9874838709677416,0.48559735768382595
2015_17_OAK_KC,2015,17,0.6719743711463939,6.012516129032258,0.48559735768382595
2015_17_PHI_NYG,2015,17,0.6095864480071522,3.756258064516129,0.4927975051250174
2015_17_PIT_CLE,2015,17,0.15454630955595056,-13.731225806451613,0.47840190281524253
2015_17_SD_DEN,2015,17,0.7760126105221226,10.243741935483872,0.5072024948749826
2015_17_SEA_ARI,2015,17,0.6845833705547637,6.487483870967742,0.514402642316174
2015_17_STL_SF,2015,17,0.38421006758817083,-3.9749677419354836,0.47121348107187455
2015_17_TB_CAR,2015,17,0.7594799946277584,9.512516129032258,0.48559735768382595
2015_17_TEN_IND,2015,17,0.6022823943305156,3.5,0.5
2015_17_WAS_DAL,2015,17,0.5949423078537119,3.243741935483871,0.5072024948749826
2015_18_GB_WAS,2015,18,0.5660014425253795,2.243741935483871,0.5072024948749826
2015_18_KC_HOU,2015,18,0.4120704478709426,-3.0,0.5
2015_18_PIT_CIN,2015,18,0.4411129259617243,-2.0,0.5
2015_18_SEA_MIN,2015,18,0.383501907082932,-4.0,0.5
2015_19_GB_ARI,2015,19,0.7042188654067709,7.243741935483871,0.5072024948749826
2015_19_KC_NE,2015,19,0.6845833705547637,6.487483870967742,0.514402642316174
2015_19_PIT_DEN,2015,19,0.710425582233132,7.487483870967742,0.514402642316174
2015_19_SEA_CAR,2015,19,0.5663662086055041,2.256258064516129,0.4927975051250174
2015_20_ARI_CAR,2015,20,0.5953016112367122,3.256258064516129,0.4927975051250174
2015_20_NE_DEN,2015,20,0.42654189431596573,-2.5,0.5
2015_21_CAR_DEN,2015,21,0.36944134018176367,-4.5,0.5
2016_01_BUF_BAL,2016,1,0.5711608916834751,2.4209614551754006,0.4828939149902578
2016_01_CAR_DEN,2016,1,0.4120704478709426,-3.0,0.5
2016_01_CHI_HOU,2016,1,0.6502374219668788,5.210480727587701,0.49144499068968356
2016_01_CIN_NYJ,2016,1,0.5380490760024075,1.2895192724122997,0.5085550093103165
2016_01_CLE_PHI,2016,1,0.6022823943305156,3.5,0.5
2016_01_DET_IND,2016,1,0.5565758864814618,1.9209614551754006,0.4828939149902578
2016_01_GB_JAX,2016,1,0.3977176056694844,-3.5,0.5
2016_01_LA_SF,2016,1,0.42654189431596573,-2.5,0.5
2016_01_MIA_SEA,2016,1,0.7879196294911168,10.7895192724123,0.5085550093103165
2016_01_MIN_TEN,2016,1,0.42654189431596573,-2.5,0.5
2016_01_NE_ARI,2016,1,0.7475074624530771,9.0,0.5
2016_01_NYG_DAL,2016,1,0.520985926939449,0.7104807275877003,0.49144499068968356
2016_01_OAK_NO,2016,1,0.5734581056840343,2.5,0.5
2016_01_PIT_WAS,2016,1,0.4434241135185382,-1.9209614551754006,0.5171060850097422
2016_01_SD_KC,2016,1,0.6772546695311924,6.210480727587701,0.49144499068968356
2016_01_TB_ATL,2016,1,0.5734581056840343,2.5,0.5
2016_02_ATL_OAK,2016,2,0.6246597390935822,4.289519272412299,0.5085550093103165
2016_02_BAL_CLE,2016,2,0.3917155781954323,-3.7104807275877003,0.5085550093103165
2016_02_CIN_PIT,2016,2,0.5879295521290574,3.0,0.5
2016_02_DAL_WAS,2016,2,0.5939870824973533,3.2104807275877003,0.49144499068968356
2016_02_GB_MIN,2016,2,0.4557641189546886,-1.5,0.5
2016_02_IND_DEN,2016,2,0.67586032852335,6.158077089649199,0.534180733671183
2016_02_JAX_SD,2016,2,0.5962560571314812,3.2895192724122997,0.5085550093103165
2016_02_KC_HOU,2016,2,0.4704757222326031,-1.0,0.5
2016_02_MIA_NE,2016,2,0.6502374219668788,5.210480727587701,0.49144499068968356
2016_02_NO_NYG,2016,2,0.6105317136320929,3.7895192724122997,0.5085550093103165
2016_02_NYJ_BUF,2016,2,0.535723380084198,1.2104807275877003,0.49144499068968356
2016_02_PHI_CHI,2016,2,0.6045391656767493,3.5790385448245994,0.5171060850097422
2016_02_SEA_LA,2016,2,0.34976257803312116,-5.210480727587701,0.5085550093103165
2016_02_SF_CAR,2016,2,0.8129686012545587,12.0,0.5
2016_02_TB_ARI,2016,2,0.7107426392460281,7.5,0.5
2016_02_TEN_DET,2016,2,0.6716393567181147,6.0,0.5
2016_03_ARI_BUF,2016,3,0.34759699650886255,-5.289519272412299,0.49144499068968356
2016_03_ATL_NO,2016,3,0.5565758864814618,1.9209614551754006,0.4828939149902578
2016_03_BAL_JAX,2016,3,0.4449575292629966,-1.868557817236899,0.47435070108739796
2016_03_CHI_DAL,2016,3,0.6849128309162449,6.5,0.5
2016_03_CLE_MIA,2016,3,0.7896127678073226,10.8685578172369,0.525649298912602
2016_03_DEN_CIN,2016,3,0.6022823943305156,3.5,0.5
2016_03_DET_GB,2016,3,0.6638518486857716,5.710480727587701,0.49144499068968356
2016_03_HOU_NE,2016,3,0.5465564296578284,1.5790385448245994,0.5171060850097422
2016_03_LA_TB,2016,3,0.5939870824973533,3.2104807275877003,0.49144499068968356
2016_03_MIN_CAR,2016,3,0.6716393567181147,6.0,0.5
2016_03_NYJ_KC,2016,3,0.5627261357782256,2.131442182763101,0.47435070108739796
2016_03_OAK_TEN,2016,3,0.4557641189546886,-1.5,0.5
2016_03_PIT_PHI,2016,3,0.3894682863679071,-3.7895192724122997,0.49144499068968356
2016_03_SD_IND,2016,3,0.5271944948958105,0.9209614551754006,0.4828939149902578
2016_03_SF_SEA,2016,3,0.7816499846386211,10.5,0.5
2016_03_WAS_NYG,2016,3,0.5939870824973533,3.2104807275877003,0.49144499068968356
2016_04_BUF_NE,2016,4,0.6187315233793182,4.079038544824599,0.5171060850097422
2016_04_CAR_ATL,2016,4,0.43496818388575814,-2.2104807275877003,0.5085550093103165
2016_04_CLE_WAS,2016,4,0.7252292434052451,8.079038544824598,0.5171060850097422
2016_04_DAL_SF,2016,4,0.49611577661937706,-0.13144218276310093,0.525649298912602
2016_04_DEN_TB,2016,4,0.3977176056694844,-3.5,0.5
2016_04_DET_CHI,2016,4,0.40374394286851883,-3.2895192724122997,0.49144499068968356
2016_04_IND_JAX,2016,4,0.5380490760024075,1.2895192724122997,0.5085550093103165
2016_04_KC_PIT,2016,4,0.5711608916834751,2.4209614551754006,0.4828939149902578
2016_04_LA_ARI,2016,4,0.7705746740352664,10.0,0.5
2016_04_MIA_CIN,2016,4,0.7323359391861626,8.3685578172369,0.525649298912602
2016_04_NO_SD,2016,4,0.6000221948690843,3.4209614551754006,0.4828939149902578
2016_04_NYG_MIN,2016,4,0.6349688829526099,4.658077089649199,0.534180733671183
2016_04_OAK_BAL,2016,4,0.6022823943305156,3.5,0.5
2016_04_SEA_NYJ,2016,4,0.4619509239975925,-1.2895192724122997,0.49144499068968356
2016_04_TEN_HOU,2016,4,0.6164980929170679,4.0,0.5
2016_05_ARI_SF,2016,5,0.3894682863679071,-3.7895192724122997,0.49144499068968356
2016_05_ATL_DEN,2016,5,0.6187315233793182,4.079038544824599,0.5171060850097422
2016_05_BUF_LA,2016,5,0.43496818388575814,-2.2104807275877003,0.5085550093103165
2016_05_CHI_IND,2016,5,0.6246597390935822,4.289519272412299,0.5085550093103165
2016_05_CIN_DAL,2016,5,0.4097932176196249,-3.0790385448245994,0.4828939149902578
2016_05_HOU_MIN,2016,5,0.6559933770345443,5.420961455175401,0.4828939149902578
2016_05_NE_CLE,2016,5,0.21038723219267746,-10.8685578172369,0.47435070108739796
2016_05_NYG_GB,2016,5,0.7053892048865431,7.289519272412299,0.5085550093103165
2016_05_NYJ_PIT,2016,5,0.7770256825457144,10.2895192724123,0.5085550093103165
2016_05_PHI_DET,2016,5,0.38126847662068175,-4.079038544824599,0.4828939149902578
2016_05_SD_OAK,2016,5,0.6187315233793182,4.079038544824599,0.5171060850097422
2016_05_TB_CAR,2016,5,0.6716393567181147,6.0,0.5
2016_05_TEN_MIA,2016,5,0.5565758864814618,1.9209614551754006,0.4828939149902578
2016_05_WAS_BAL,2016,5,0.6164980929170679,4.0,0.5
2016_06_ATL_SEA,2016,6,0.6904310884616742,6.710480727587701,0.49144499068968356
2016_06_BAL_NYG,2016,6,0.6187315233793182,4.079038544824599,0.5171060850097422
2016_06_CAR_NO,2016,6,0.42654189431596573,-2.5,0.5
2016_06_CIN_NE,2016,6,0.7107426392460281,7.5,0.5
2016_06_CLE_TEN,2016,6,0.7393487862883256,8.658077089649199,0.534180733671183
2016_06_DAL_GB,2016,6,0.6524030034911374,5.289519272412299,0.5085550093103165
2016_06_DEN_SD,2016,6,0.39546083432325074,-3.5790385448245994,0.4828939149902578
2016_06_IND_HOU,2016,6,0.5879295521290574,3.0,0.5
2016_06_JAX_CHI,2016,6,0.5480941142550517,1.631442182763101,0.47435070108739796
2016_06_KC_OAK,2016,6,0.4534435703421716,-1.5790385448245994,0.4828939149902578
2016_06_LA_DET,2016,6,0.5395903323112772,1.3419229103508012,0.465819266328817
2016_06_NYJ_ARI,2016,6,0.7107426392460281,7.5,0.5
2016_06_PHI_WAS,2016,6,0.40374394286851883,-3.2895192724122997,0.49144499068968356
2016_06_PIT_MIA,2016,6,0.31163615603450423,-6.6314421827631005,0.525649298912602
2016_06_SF_BUF,2016,6,0.7107426392460281,7.5,0.5
2016_07_BAL_NYJ,2016,7,0.5757528303904847,2.5790385448245994,0.5171060850097422
2016_07_BUF_MIA,2016,7,0.42654189431596573,-2.5,0.5
2016_07_CHI_GB,2016,7,0.7180307544282745,7.789519272412299,0.5085550093103165
2016_07_CLE_CIN,2016,7,0.8202162357313918,12.3685578172369,0.525649298912602
2016_07_HOU_DEN,2016,7,0.7493740810557914,9.079038544824598,0.5171060850097422
2016_07_IND_TEN,2016,7,0.6487989069722988,5.158077089649199,0.534180733671183
2016_07_MIN_PHI,2016,7,0.42654189431596573,-2.5,0.5
2016_07_NE_PIT,2016,7,0.253734157893158,-8.947596362061498,0.4573035118364165
2016_07_NO_KC,2016,7,0.7020230466953288,7.158077089649199,0.534180733671183
2016_07_NYG_LA,2016,7,0.42043672808865673,-2.7104807275877003,0.5085550093103165
2016_07_OAK_JAX,2016,7,0.5527281227072753,1.7895192724122997,0.5085550093103165
2016_07_SD_ATL,2016,7,0.6466252132032906,5.079038544824599,0.5171060850097422
2016_07_SEA_ARI,2016,7,0.5734581056840343,2.5,0.5
2016_07_TB_SF,2016,7,0.5380490760024075,1.2895192724122997,0.5085550093103165
2016_07_WAS_DET,2016,7,0.4449575292629966,-1.868557817236899,0.47435070108739796
2016_08_ARI_CAR,2016,8,0.5650318161142418,2.2104807275877003,0.49144499068968356
2016_08_DET_HOU,2016,8,0.5465564296578284,1.5790385448245994,0.5171060850097422
2016_08_GB_ATL,2016,8,0.6045391656767493,3.5790385448245994,0.5171060850097422
2016_08_JAX_TEN,2016,8,0.5627261357782256,2.131442182763101,0.47435070108739796
2016_08_KC_IND,2016,8,0.3790389936055964,-4.158077089649199,0.465819266328817
2016_08_MIN_CHI,2016,8,0.32624737537838294,-6.079038544824599,0.4828939149902578
2016_08_NE_BUF,2016,8,0.31855439807238706,-6.3685578172368995,0.47435070108739796
2016_08_NYJ_CLE,2016,8,0.4434241135185382,-1.9209614551754006,0.5171060850097422
2016_08_OAK_TB,2016,8,0.520985926939449,0.7104807275877003,0.49144499068968356
2016_08_PHI_DAL,2016,8,0.6364270036704994,4.710480727587701,0.49144499068968356
2016_08_SD_DEN,2016,8,0.5939870824973533,3.2104807275877003,0.49144499068968356
2016_08_SEA_NO,2016,8,0.47901407306055105,-0.7104807275877003,0.5085550093103165
2016_08_WAS_CIN,2016,8,0.5879295521290574,3.0,0.5
2016_09_ATL_TB,2016,9,0.3613775040165077,-4.789519272412299,0.49144499068968356
2016_09_BUF_SEA,2016,9,0.6502374219668788,5.210480727587701,0.49144499068968356
2016_09_CAR_LA,2016,9,0.4457372272910333,-1.8419229103508012,0.534180733671183
2016_09_DAL_CLE,2016,9,0.31717014853272185,-6.420961455175401,0.5171060850097422
2016_09_DEN_OAK,2016,9,0.5380490760024075,1.2895192724122997,0.5085550093103165
2016_09_DET_MIN,2016,9,0.6164980929170679,4.0,0.5
2016_09_IND_GB,2016,9,0.7180307544282745,7.789519272412299,0.5085550093103165
2016_09_JAX_KC,2016,9,0.6751506863200025,6.1314421827631005,0.47435070108739796
2016_09_NO_SF,2016,9,0.3635729963295006,-4.710480727587701,0.5085550093103165
2016_09_NYJ_MIA,2016,9,0.6105317136320929,3.7895192724122997,0.5085550093103165
2016_09_PHI_NYG,2016,9,0.5879295521290574,3.0,0.5
2016_09_PIT_BAL,2016,9,0.3977176056694844,-3.5,0.5
2016_09_TEN_SD,2016,9,0.5939870824973533,3.2104807275877003,0.49144499068968356
2016_10_ATL_PHI,2016,10,0.5588870740382756,2.0,0.5
2016_10_CHI_TB,2016,10,0.4097932176196249,-3.0790385448245994,0.4828939149902578
2016_10_CIN_NYG,2016,10,0.4534435703421716,-1.5790385448245994,0.4828939149902578
2016_10_CLE_BAL,2016,10,0.6959067459831322,6.920961455175401,0.4828939149902578
2016_10_DAL_PIT,2016,10,0.5962560571314812,3.2895192724122997,0.5085550093103165
2016_10_DEN_NO,2016,10,0.5962560571314812,3.2895192724122997,0.5085550093103165
2016_10_GB_TEN,2016,10,0.4372738642217744,-2.131442182763101,0.525649298912602
2016_10_HOU_JAX,2016,10,0.6045391656767493,3.5790385448245994,0.5171060850097422
2016_10_KC_CAR,2016,10,0.5879295521290574,3.0,0.5
2016_10_LA_NYJ,2016,10,0.4534435703421716,-1.5790385448245994,0.4828939149902578
2016_10_MIA_SD,2016,10,0.6000221948690843,3.4209614551754006,0.4828939149902578
2016_10_MIN_WAS,2016,10,0.5650318161142418,2.2104807275877003,0.49144499068968356
2016_10_SEA_NE,2016,10,0.7107426392460281,7.5,0.5
2016_10_SF_ARI,2016,10,0.8501407016943955,14.0,0.5
2016_11_ARI_MIN,2016,11,0.5588870740382756,2.0,0.5
2016_11_BAL_DAL,2016,11,0.7127410552352689,7.579038544824599,0.5171060850097422
2016_11_BUF_CIN,2016,11,0.5734581056840343,2.5,0.5
2016_11_CHI_NYG,2016,11,0.6979517285214231,7.0,0.5
2016_11_GB_WAS,2016,11,0.6067924368694957,3.6580770896491988,0.534180733671183
2016_11_HOU_OAK,2016,11,0.692492325595258,6.789519272412299,0.5085550093103165
2016_11_JAX_DET,2016,11,0.6502374219668788,5.210480727587701,0.49144499068968356
2016_11_MIA_LA,2016,11,0.5550424707370034,1.868557817236899,0.525649298912602
2016_11_NE_SF,2016,11,0.22472511164406916,-10.2104807275877,0.5085550093103165
2016_11_NO_CAR,2016,11,0.6105317136320929,3.7895192724122997,0.5085550093103165
2016_11_PHI_SEA,2016,11,0.6772546695311924,6.210480727587701,0.49144499068968356
2016_11_PIT_CLE,2016,11,0.2839500953730073,-7.710480727587701,0.5085550093103165
2016_11_TB_KC,2016,11,0.6751506863200025,6.1314421827631005,0.47435070108739796
2016_11_TEN_IND,2016,11,0.5711608916834751,2.4209614551754006,0.4828939149902578
2016_12_ARI_ATL,2016,12,0.6022823943305156,3.5,0.5
2016_12_CAR_OAK,2016,12,0.6187315233793182,4.079038544824599,0.5171060850097422
2016_12_CIN_BAL,2016,12,0.6022823943305156,3.5,0.5
2016_12_GB_PHI,2016,12,0.6327659608851062,4.579038544824599,0.5171060850097422
2016_12_JAX_BUF,2016,12,0.73553153338876,8.5,0.5
2016_12_KC_DEN,2016,12,0.650967743712397,5.237115634473798,0.5511926828443167
2016_12_LA_NO,2016,12,0.7180307544282745,7.789519272412299,0.5085550093103165
2016_12_MIN_DET,2016,12,0.5757528303904847,2.5790385448245994,0.5171060850097422
2016_12_NE_NYJ,2016,12,0.24569095753168307,-9.2895192724123,0.49144499068968356
2016_12_NYG_CLE,2016,12,0.3304794172477214,-5.920961455175401,0.5171060850097422
2016_12_PIT_IND,2016,12,0.26255628958214117,-8.579038544824598,0.4828939149902578
2016_12_SD_HOU,2016,12,0.42654189431596573,-2.5,0.5
2016_12_SEA_TB,2016,12,0.3879803311561562,-3.8419229103508012,0.534180733671183
2016_12_SF_MIA,2016,12,0.6751506863200025,6.1314421827631005,0.47435070108739796
2016_12_TEN_CHI,2016,12,0.30000948761377877,-7.079038544824599,0.4828939149902578
2016_12_WAS_DAL,2016,12,0.6422635102370827,4.920961455175401,0.4828939149902578
2016_13_BUF_OAK,2016,13,0.5962560571314812,3.2895192724122997,0.5085550093103165
2016_13_CAR_SEA,2016,13,0.7561486249090599,9.3685578172369,0.525649298912602
2016_13_DAL_MIN,2016,13,0.42043672808865673,-2.7104807275877003,0.5085550093103165
2016_13_DEN_JAX,2016,13,0.38126847662068175,-4.079038544824599,0.4828939149902578
2016_13_DET_NO,2016,13,0.6772546695311924,6.210480727587701,0.49144499068968356
2016_13_HOU_GB,2016,13,0.7053892048865431,7.289519272412299,0.5085550093103165
2016_13_IND_NYJ,2016,13,0.520985926939449,0.7104807275877003,0.49144499068968356
2016_13_KC_ATL,2016,13,0.6444467262025981,5.0,0.5
2016_13_LA_NE,2016,13,0.8322169448845721,13.0,0.5
2016_13_MIA_BAL,2016,13,0.6187315233793182,4.079038544824599,0.5171060850097422
2016_13_NYG_PIT,2016,13,0.7053892048865431,7.289519272412299,0.5085550093103165
2016_13_PHI_CIN,2016,13,0.5380490760024075,1.2895192724122997,0.5085550093103165
2016_13_SF_CHI,2016,13,0.4828939149902578,-0.5790385448245994,0.4828939149902578
2016_13_TB_SD,2016,13,0.5939870824973533,3.2104807275877003,0.49144499068968356
2016_13_WAS_ARI,2016,13,0.5734581056840343,2.5,0.5
2016_14_ARI_MIA,2016,14,0.4242471696095152,-2.5790385448245994,0.4828939149902578
2016_14_ATL_LA,2016,14,0.38573921529092514,-3.9209614551754006,0.5171060850097422
2016_14_BAL_NE,2016,14,0.679352993570026,6.289519272412299,0.5085550093103165
2016_14_CHI_DET,2016,14,0.7033671747635529,7.210480727587701,0.49144499068968356
2016_14_CIN_CLE,2016,14,0.3917155781954323,-3.7104807275877003,0.5085550093103165
2016_14_DAL_NYG,2016,14,0.4143506428233015,-2.9209614551754006,0.5171060850097422
2016_14_DEN_TEN,2016,14,0.5588870740382756,2.0,0.5
2016_14_HOU_IND,2016,14,0.6849128309162449,6.5,0.5
2016_14_MIN_JAX,2016,14,0.39546083432325074,-3.5790385448245994,0.4828939149902578
2016_14_NO_TB,2016,14,0.5504119778609886,1.7104807275877003,0.49144499068968356
2016_14_NYJ_SF,2016,14,0.5962560571314812,3.2895192724122997,0.5085550093103165
2016_14_OAK_KC,2016,14,0.6105317136320929,3.7895192724122997,0.5085550093103165
2016_14_PIT_BUF,2016,14,0.4704757222326031,-1.0,0.5
2016_14_SD_CAR,2016,14,0.520985926939449,0.7104807275877003,0.49144499068968356
2016_14_SEA_GB,2016,14,0.40374394286851883,-3.2895192724122997,0.49144499068968356
2016_14_WAS_PHI,2016,14,0.46427661991580205,-1.2104807275877003,0.5085550093103165
2016_15_CAR_WAS,2016,15,0.7127410552352689,7.579038544824599,0.5171060850097422
2016_15_CLE_BUF,2016,15,0.7752748883559308,10.2104807275877,0.49144499068968356
2016_15_DET_NYG,2016,15,0.6246597390935822,4.289519272412299,0.5085550093103165
2016_15_GB_CHI,2016,15,0.37756302598890795,-4.210480727587701,0.5085550093103165
2016_15_IND_MIN,2016,15,0.6444467262025981,5.0,0.5
2016_15_JAX_HOU,2016,15,0.5856493571766985,2.9209614551754006,0.4828939149902578
2016_15_LA_SEA,2016,15,0.8757505008160588,15.579038544824598,0.5171060850097422
2016_15_MIA_NYJ,2016,15,0.41814900175812436,-2.7895192724122997,0.49144499068968356
2016_15_NE_DEN,2016,15,0.40374394286851883,-3.2895192724122997,0.49144499068968356
2016_15_NO_ARI,2016,15,0.5879295521290574,3.0,0.5
2016_15_OAK_SD,2016,15,0.41814900175812436,-2.7895192724122997,0.49144499068968356
2016_15_PHI_BAL,2016,15,0.6524030034911374,5.289519272412299,0.5085550093103165
2016_15_PIT_CIN,2016,15,0.40374394286851883,-3.2895192724122997,0.49144499068968356
2016_15_SF_ATL,2016,15,0.8360998329144163,13.2104807275877,0.49144499068968356
2016_15_TB_DAL,2016,15,0.6904310884616742,6.710480727587701,0.49144499068968356
2016_15_TEN_KC,2016,15,0.6638518486857716,5.710480727587701,0.49144499068968356
2016_16_ARI_SEA,2016,16,0.7610109911526444,9.579038544824598,0.5171060850097422
2016_16_ATL_CAR,2016,16,0.42883910831652494,-2.4209614551754006,0.5171060850097422
2016_16_BAL_PIT,2016,16,0.6581456062996048,5.5,0.5
2016_16_CIN_HOU,2016,16,0.6127753151999141,3.868557817236899,0.525649298912602
2016_16_DEN_KC,2016,16,0.6187315233793182,4.079038544824599,0.5171060850097422
2016_16_DET_DAL,2016,16,0.6772546695311924,6.210480727587701,0.49144499068968356
2016_16_IND_OAK,2016,16,0.5939870824973533,3.2104807275877003,0.49144499068968356
2016_16_MIA_BUF,2016,16,0.6386224959834923,4.789519272412299,0.5085550093103165
2016_16_MIN_GB,2016,16,0.679352993570026,6.289519272412299,0.5085550093103165
2016_16_NYG_PHI,2016,16,0.5673352871851338,2.2895192724122997,0.5085550093103165
2016_16_NYJ_NE,2016,16,0.8998513716202547,17.2895192724123,0.5085550093103165
2016_16_SD_CLE,2016,16,0.38573921529092514,-3.9209614551754006,0.5171060850097422
2016_16_SF_LA,2016,16,0.6638518486857716,5.710480727587701,0.49144499068968356
2016_16_TB_NO,2016,16,0.5879295521290574,3.0,0.5
2016_16_TEN_JAX,2016,16,0.383501907082932,-4.0,0.5
2016_16_WAS_CHI,2016,16,0.42043672808865673,-2.7104807275877003,0.5085550093103165
2016_17_ARI_LA,2016,17,0.28725894476473113,-7.579038544824599,0.4828939149902578
2016_17_BAL_CIN,2016,17,0.41814900175812436,-2.7895192724122997,0.49144499068968356
2016_17_BUF_NYJ,2016,17,0.4143506428233015,-2.9209614551754006,0.5171060850097422
2016_17_CAR_TB,2016,17,0.6105317136320929,3.7895192724122997,0.5085550093103165
2016_17_CHI_MIN,2016,17,0.6559933770345443,5.420961455175401,0.4828939149902578
2016_17_CLE_PIT,2016,17,0.5939870824973533,3.2104807275877003,0.49144499068968356
2016_17_DAL_PHI,2016,17,0.7219723680794891,7.947596362061498,0.5426964881635835
2016_17_GB_DET,2016,17,0.3894682863679071,-3.7895192724122997,0.49144499068968356
2016_17_HOU_TEN,2016,17,0.6127753151999141,3.868557817236899,0.525649298912602
2016_17_JAX_IND,2016,17,0.6502374219668788,5.210480727587701,0.49144499068968356
2016_17_KC_SD,2016,17,0.3109388551605443,-6.658077089649199,0.465819266328817
2016_17_NE_MIA,2016,17,0.28196924557172554,-7.789519272412299,0.49144499068968356
2016_17_NO_ATL,2016,17,0.7033671747635529,7.210480727587701,0.49144499068968356
2016_17_NYG_WAS,2016,17,0.7770256825457144,10.2895192724123,0.5085550093103165
2016_17_OAK_DEN,2016,17,0.5465564296578284,1.5790385448245994,0.5171060850097422
2016_17_SEA_SF,2016,17,0.19714816153420778,-11.5,0.5
2016_18_DET_SEA,2016,18,0.7232730811922008,8.0,0.5
2016_18_MIA_PIT,2016,18,0.8044727412923285,11.579038544824598,0.5171060850097422
2016_18_NYG_GB,2016,18,0.6444467262025981,5.0,0.5
2016_18_OAK_HOU,2016,18,0.6246597390935822,4.289519272412299,0.5085550093103165
2016_19_GB_DAL,2016,19,0.673752624621617,6.079038544824599,0.5171060850097422
2016_19_HOU_NE,2016,19,0.8820278819387608,16.0,0.5
2016_19_PIT_KC,2016,19,0.5734581056840343,2.5,0.5
2016_19_SEA_ATL,2016,19,0.6849128309162449,6.5,0.5
2016_20_GB_ATL,2016,20,0.7074048528100273,7.3685578172368995,0.525649298912602
2016_20_PIT_NE,2016,20,0.6581456062996048,5.5,0.5
2016_21_NE_ATL,2016,21,0.4120704478709426,-3.0,0.5
2017_01_ARI_DET,2017,1,0.4351856107710401,-2.2030241563710127,0.5087753085516945
2017_01_ATL_CHI,2017,1,0.30731352735810913,-6.796975843628988,0.4912246914483055
2017_01_BAL_CIN,2017,1,0.5648143892289599,2.2030241563710127,0.4912246914483055
2017_01_CAR_SF,2017,1,0.3611706133286476,-4.796975843628988,0.4912246914483055
2017_01_IND_LA,2017,1,0.6275055376449216,4.390927530886962,0.5263089503757226
2017_01_JAX_HOU,2017,1,0.6500328650753782,5.203024156371012,0.4912246914483055
2017_01_KC_NE,2017,1,0.7305875052429538,8.296975843628987,0.5087753085516945
2017_01_LAC_DEN,2017,1,0.5707271760633285,2.406048312742025,0.48245362825658294
2017_01_NO_MIN,2017,1,0.5964699485150263,3.2969758436289873,0.5087753085516945
2017_01_NYG_DAL,2017,1,0.6795506572776351,6.296975843628988,0.5087753085516945
2017_01_NYJ_BUF,2017,1,0.7055796364353613,7.296975843628988,0.5087753085516945
2017_01_OAK_TEN,2017,1,0.5734581056840343,2.5,0.5
2017_01_PHI_WAS,2017,1,0.4411129259617243,-2.0,0.5
2017_01_PIT_CLE,2017,1,0.23614978666547404,-9.703024156371013,0.5087753085516945
2017_01_SEA_GB,2017,1,0.5906361159669197,3.093951687257975,0.5175463717434171
2017_02_ARI_IND,2017,2,0.2944203635646388,-7.296975843628988,0.4912246914483055
2017_02_BUF_CAR,2017,2,0.6849128309162449,6.5,0.5
2017_02_CHI_TB,2017,2,0.7055796364353613,7.296975843628988,0.5087753085516945
2017_02_CLE_BAL,2017,2,0.7107426392460281,7.5,0.5
2017_02_DAL_DEN,2017,2,0.42654189431596573,-2.5,0.5
2017_02_DET_NYG,2017,2,0.5707271760633285,2.406048312742025,0.48245362825658294
2017_02_GB_ATL,2017,2,0.6107435358841109,3.7969758436289873,0.5087753085516945
2017_02_HOU_CIN,2017,2,0.6741507378082818,6.093951687257975,0.5175463717434171
2017_02_MIA_LAC,2017,2,0.5937728609452849,3.2030241563710127,0.4912246914483055
2017_02_MIN_PIT,2017,2,0.7282840211340349,8.203024156371013,0.4912246914483055
2017_02_NE_NO,2017,2,0.3338140330120649,-5.796975843628988,0.4912246914483055
2017_02_NYJ_OAK,2017,2,0.8601588846147419,14.593951687257976,0.5175463717434171
2017_02_PHI_KC,2017,2,0.6164980929170679,4.0,0.5
2017_02_SF_SEA,2017,2,0.8413447460685429,13.5,0.5
2017_02_TEN_JAX,2017,2,0.4617315815302951,-1.2969758436289875,0.4912246914483055
2017_02_WAS_LA,2017,2,0.5879295521290574,3.0,0.5
2017_03_ATL_DET,2017,3,0.3950354127616368,-3.593951687257975,0.48245362825658294
2017_03_BAL_JAX,2017,3,0.4120704478709426,-3.0,0.5
2017_03_CIN_GB,2017,3,0.6824361779112571,6.406048312742025,0.48245362825658294
2017_03_CLE_IND,2017,3,0.5032231960112878,0.10907246911303758,0.4736910496242774
2017_03_DAL_ARI,2017,3,0.42065269443098613,-2.7030241563710127,0.5087753085516945
2017_03_DEN_BUF,2017,3,0.38925646411588904,-3.7969758436289873,0.4912246914483055
2017_03_HOU_NE,2017,3,0.8517564773139377,14.093951687257976,0.5175463717434171
2017_03_KC_LAC,2017,3,0.4120704478709426,-3.0,0.5
2017_03_LA_SF,2017,3,0.4035300514849737,-3.2969758436289873,0.4912246914483055
2017_03_MIA_NYJ,2017,3,0.317963187604894,-6.390927530886962,0.4736910496242774
2017_03_NO_CAR,2017,3,0.6820368123951059,6.390927530886962,0.5263089503757226
2017_03_NYG_PHI,2017,3,0.6279292775085378,4.406048312742025,0.48245362825658294
2017_03_OAK_WAS,2017,3,0.3977176056694844,-3.5,0.5
2017_03_PIT_CHI,2017,3,0.30204827147857694,-7.0,0.5
2017_03_SEA_TEN,2017,3,0.5501933806201471,1.7030241563710125,0.4912246914483055
2017_03_TB_MIN,2017,3,0.5175463717434171,0.593951687257975,0.5175463717434171
2017_04_BUF_ATL,2017,4,0.7158626861717754,7.703024156371012,0.4912246914483055
2017_04_CAR_NE,2017,4,0.761353480742841,9.593951687257976,0.5175463717434171
2017_04_CHI_GB,2017,4,0.7107426392460281,7.5,0.5
2017_04_CIN_CLE,2017,4,0.4120704478709426,-3.0,0.5
2017_04_DET_MIN,2017,4,0.5648143892289599,2.2030241563710127,0.4912246914483055
2017_04_IND_SEA,2017,4,0.8393818600741403,13.390927530886962,0.5263089503757226
2017_04_JAX_NYJ,2017,4,0.37513077532703437,-4.296975843628988,0.4912246914483055
2017_04_LA_DAL,2017,4,0.6444467262025981,5.0,0.5
2017_04_NO_MIA,2017,4,0.383501907082932,-4.0,0.5
2017_04_NYG_TB,2017,4,0.5561395888693267,1.906048312742025,0.48245362825658294
2017_04_OAK_DEN,2017,4,0.6022823943305156,3.5,0.5
2017_04_PHI_LAC,2017,4,0.5702873345232561,2.3909275308869624,0.5263089503757226
2017_04_PIT_BAL,2017,4,0.4062271390547151,-3.2030241563710127,0.5087753085516945
2017_04_SF_ARI,2017,4,0.6770564186381691,6.203024156371012,0.4912246914483055
2017_04_TEN_HOU,2017,4,0.4179333170980105,-2.7969758436289873,0.4912246914483055
2017_04_WAS_KC,2017,4,0.669120195782239,5.906048312742025,0.48245362825658294
2017_05_ARI_PHI,2017,5,0.6636503313077449,5.703024156371012,0.4912246914483055
2017_05_BAL_OAK,2017,5,0.5879295521290574,3.0,0.5
2017_05_BUF_CIN,2017,5,0.5964699485150263,3.2969758436289873,0.5087753085516945
2017_05_CAR_DET,2017,5,0.5761855180324708,2.593951687257975,0.5175463717434171
2017_05_GB_DAL,2017,5,0.5648143892289599,2.2030241563710127,0.4912246914483055
2017_05_JAX_PIT,2017,5,0.7031760868453397,7.203024156371012,0.4912246914483055
2017_05_KC_HOU,2017,5,0.4498066193798529,-1.7030241563710125,0.5087753085516945
2017_05_LAC_NYG,2017,5,0.5620731850874774,2.1090724691130376,0.4736910496242774
2017_05_MIN_CHI,2017,5,0.38084750929299455,-4.093951687257975,0.48245362825658294
2017_05_NE_TB,2017,5,0.3642009658009737,-4.68790337451595,0.4649411824446771
2017_05_NYJ_CLE,2017,5,0.4383682720334147,-2.093951687257975,0.48245362825658294
2017_05_SEA_LA,2017,5,0.5675524820170125,2.2969758436289873,0.5087753085516945
2017_05_SF_IND,2017,5,0.4530059005975328,-1.593951687257975,0.48245362825658294
2017_05_TEN_MIA,2017,5,0.5087753085516945,0.2969758436289875,0.5087753085516945
2017_06_CHI_BAL,2017,6,0.6500328650753782,5.203024156371012,0.4912246914483055
2017_06_CLE_HOU,2017,6,0.7031760868453397,7.203024156371012,0.4912246914483055
2017_06_DET_NO,2017,6,0.6795506572776351,6.296975843628988,0.5087753085516945
2017_06_GB_MIN,2017,6,0.4035300514849737,-3.2969758436289873,0.4912246914483055
2017_06_IND_TEN,2017,6,0.7055796364353613,7.296975843628988,0.5087753085516945
2017_06_LAC_OAK,2017,6,0.5793473055690138,2.7030241563710127,0.4912246914483055
2017_06_LA_JAX,2017,6,0.52076587747354,0.7030241563710125,0.4912246914483055
2017_06_MIA_ATL,2017,6,0.8501407016943955,14.0,0.5
2017_06_NE_NYJ,2017,6,0.245517091819337,-9.296975843628987,0.4912246914483055
2017_06_NYG_DEN,2017,6,0.8697118135448941,15.18790337451595,0.5350588175553229
2017_06_PHI_CAR,2017,6,0.5879295521290574,3.0,0.5
2017_06_PIT_KC,2017,6,0.5852187992880123,2.906048312742025,0.48245362825658294
2017_06_SF_WAS,2017,6,0.8009145597977632,11.406048312742024,0.48245362825658294
2017_06_TB_ARI,2017,6,0.4438604111306733,-1.906048312742025,0.5175463717434171
2017_07_ARI_LA,2017,7,0.5793473055690138,2.7030241563710127,0.4912246914483055
2017_07_ATL_NE,2017,7,0.5793473055690138,2.7030241563710127,0.4912246914483055
2017_07_BAL_MIN,2017,7,0.6279292775085378,4.406048312742025,0.48245362825658294
2017_07_CAR_CHI,2017,7,0.4351856107710401,-2.2030241563710127,0.5087753085516945
2017_07_CIN_PIT,2017,7,0.6080722222294372,3.7030241563710127,0.4912246914483055
2017_07_DAL_SF,2017,7,0.3150871690837551,-6.5,0.5
2017_07_DEN_LAC,2017,7,0.47923412252646,-0.7030241563710125,0.5087753085516945
2017_07_JAX_IND,2017,7,0.4120704478709426,-3.0,0.5
2017_07_KC_OAK,2017,7,0.4120704478709426,-3.0,0.5
2017_07_NO_GB,2017,7,0.37249446235507844,-4.390927530886962,0.4736910496242774
2017_07_NYJ_MIA,2017,7,0.5879295521290574,3.0,0.5
2017_07_SEA_NYG,2017,7,0.383501907082932,-4.0,0.5
2017_07_TB_BUF,2017,7,0.5793473055690138,2.7030241563710127,0.4912246914483055
2017_07_TEN_CLE,2017,7,0.34996713492462184,-5.203024156371012,0.5087753085516945
2017_07_WAS_PHI,2017,7,0.6526070513372366,5.296975843628988,0.5087753085516945
2017_08_ATL_NYJ,2017,8,0.2920258382993366,-7.390927530886962,0.4736910496242774
2017_08_CAR_TB,2017,8,0.535503907454484,1.2030241563710125,0.4912246914483055
2017_08_CHI_NO,2017,8,0.7031760868453397,7.203024156371012,0.4912246914483055
2017_08_DAL_WAS,2017,8,0.3781987076075276,-4.18790337451595,0.4649411824446771
2017_08_DEN_KC,2017,8,0.6979517285214231,7.0,0.5
2017_08_HOU_SEA,2017,8,0.6795506572776351,6.296975843628988,0.5087753085516945
2017_08_IND_CIN,2017,8,0.8166860067911306,12.18790337451595,0.5350588175553229
2017_08_LAC_NE,2017,8,0.6849128309162449,6.5,0.5
2017_08_MIA_BAL,2017,8,0.6049645872383632,3.593951687257975,0.5175463717434171
2017_08_MIN_CLE,2017,8,0.20758915974995001,-11.0,0.5
2017_08_OAK_BUF,2017,8,0.5734581056840343,2.5,0.5
2017_08_PIT_DET,2017,8,0.42065269443098613,-2.7030241563710127,0.5087753085516945
2017_08_SF_PHI,2017,8,0.8376784285719732,13.296975843628987,0.5087753085516945
2017_09_ARI_SF,2017,9,0.39235818457984284,-3.68790337451595,0.4649411824446771
2017_09_ATL_CAR,2017,9,0.4035300514849737,-3.2969758436289873,0.4912246914483055
2017_09_BAL_TEN,2017,9,0.5879295521290574,3.0,0.5
2017_09_BUF_NYJ,2017,9,0.4035300514849737,-3.2969758436289873,0.4912246914483055
2017_09_CIN_JAX,2017,9,0.6716393567181147,6.0,0.5
2017_09_DEN_PHI,2017,9,0.6979517285214231,7.0,0.5
2017_09_DET_GB,2017,9,0.42654189431596573,-2.5,0.5
2017_09_IND_HOU,2017,9,0.687381199037843,6.593951687257975,0.5175463717434171
2017_09_KC_DAL,2017,9,0.5675524820170125,2.2969758436289873,0.5087753085516945
2017_09_LA_NYG,2017,9,0.3024390170372338,-6.984879218144938,0.4562082351890273
2017_09_OAK_MIA,2017,9,0.42927282393667154,-2.406048312742025,0.5175463717434171
2017_09_TB_NO,2017,9,0.6979517285214231,7.0,0.5
2017_09_WAS_SEA,2017,9,0.7305875052429538,8.296975843628987,0.5087753085516945
2017_10_CIN_TEN,2017,10,0.6305586598182363,4.5,0.5
2017_10_CLE_DET,2017,10,0.7684589975382076,9.906048312742024,0.48245362825658294
2017_10_DAL_ATL,2017,10,0.6107435358841109,3.7969758436289873,0.5087753085516945
2017_10_GB_CHI,2017,10,0.6305586598182363,4.5,0.5
2017_10_HOU_LA,2017,10,0.8069990442418642,11.703024156371013,0.4912246914483055
2017_10_LAC_JAX,2017,10,0.6526070513372366,5.296975843628988,0.5087753085516945
2017_10_MIA_CAR,2017,10,0.7158626861717754,7.703024156371012,0.4912246914483055
2017_10_MIN_WAS,2017,10,0.47923412252646,-0.7030241563710125,0.5087753085516945
2017_10_NE_DEN,2017,10,0.31756382208874284,-6.406048312742025,0.5175463717434171
2017_10_NO_BUF,2017,10,0.43244751798298753,-2.2969758436289873,0.4912246914483055
2017_10_NYG_SF,2017,10,0.42065269443098613,-2.7030241563710127,0.5087753085516945
2017_10_NYJ_TB,2017,10,0.52076587747354,0.7030241563710125,0.4912246914483055
2017_10_PIT_IND,2017,10,0.20560271029959065,-11.093951687257976,0.48245362825658294
2017_10_SEA_ARI,2017,10,0.3690187280954755,-4.515120781855062,0.5437917648109727
2017_11_ARI_HOU,2017,11,0.5561395888693267,1.906048312742025,0.48245362825658294
2017_11_ATL_SEA,2017,11,0.5032231960112878,0.10907246911303758,0.4736910496242774
2017_11_BAL_GB,2017,11,0.4179333170980105,-2.7969758436289873,0.4912246914483055
2017_11_BUF_LAC,2017,11,0.6979517285214231,7.0,0.5
2017_11_CIN_DEN,2017,11,0.5734581056840343,2.5,0.5
2017_11_DET_CHI,2017,11,0.3950354127616368,-3.593951687257975,0.48245362825658294
2017_11_JAX_CLE,2017,11,0.3122223167737098,-6.609072469113038,0.5263089503757226
2017_11_KC_NYG,2017,11,0.22942532596473364,-10.0,0.5
2017_11_LA_MIN,2017,11,0.5032231960112878,0.10907246911303758,0.4736910496242774
2017_11_NE_OAK,2017,11,0.31756382208874284,-6.406048312742025,0.5175463717434171
2017_11_PHI_DAL,2017,11,0.30487194323816946,-6.890927530886962,0.4736910496242774
2017_11_TB_MIA,2017,11,0.47923412252646,-0.7030241563710125,0.5087753085516945
2017_11_TEN_PIT,2017,11,0.6902363184632763,6.703024156371012,0.4912246914483055
2017_11_WAS_NO,2017,11,0.7659892360112476,9.796975843628987,0.5087753085516945
2017_12_BUF_KC,2017,12,0.7497254566738218,9.093951687257976,0.5175463717434171
2017_12_CAR_NYJ,2017,12,0.34185439370039516,-5.5,0.5
2017_12_CHI_PHI,2017,12,0.8552081362655518,14.296975843628987,0.5087753085516945
2017_12_CLE_CIN,2017,12,0.7031760868453397,7.203024156371012,0.4912246914483055
2017_12_DEN_OAK,2017,12,0.6022823943305156,3.5,0.5
2017_12_GB_PIT,2017,12,0.8501407016943955,14.0,0.5
2017_12_HOU_BAL,2017,12,0.718217285536638,7.796975843628988,0.5087753085516945
2017_12_JAX_ARI,2017,12,0.3150871690837551,-6.5,0.5
2017_12_LAC_DAL,2017,12,0.4617315815302951,-1.2969758436289875,0.4912246914483055
2017_12_MIA_NE,2017,12,0.8878670696458941,16.406048312742026,0.48245362825658294
2017_12_MIN_DET,2017,12,0.42654189431596573,-2.5,0.5
2017_12_NO_LA,2017,12,0.5820666829019895,2.7969758436289873,0.5087753085516945
2017_12_NYG_WAS,2017,12,0.7055796364353613,7.296975843628988,0.5087753085516945
2017_12_SEA_SF,2017,12,0.34144323536622523,-5.515120781855062,0.5437917648109727
2017_12_TB_ATL,2017,12,0.8006017020862892,11.390927530886962,0.5263089503757226
2017_12_TEN_IND,2017,12,0.42065269443098613,-2.7030241563710127,0.5087753085516945
2017_13_CAR_NO,2017,13,0.6661859669879351,5.796975843628988,0.5087753085516945
2017_13_CLE_LAC,2017,13,0.8359632804543379,13.203024156371013,0.4912246914483055
2017_13_DEN_MIA,2017,13,0.4967768039887122,-0.10907246911303758,0.5263089503757226
2017_13_DET_BAL,2017,13,0.5820666829019895,2.7969758436289873,0.5087753085516945
2017_13_HOU_TEN,2017,13,0.7055796364353613,7.296975843628988,0.5087753085516945
2017_13_IND_JAX,2017,13,0.763850213334526,9.703024156371013,0.4912246914483055
2017_13_KC_NYJ,2017,13,0.4062271390547151,-3.2030241563710127,0.5087753085516945
2017_13_LA_ARI,2017,13,0.28178271446336195,-7.796975843628988,0.4912246914483055
2017_13_MIN_ATL,2017,13,0.5588870740382756,2.0,0.5
2017_13_NE_BUF,2017,13,0.28178271446336195,-7.796975843628988,0.4912246914483055
2017_13_NYG_OAK,2017,13,0.7836961552722844,10.593951687257976,0.5175463717434171
2017_13_PHI_SEA,2017,13,0.38084750929299455,-4.093951687257975,0.48245362825658294
2017_13_PIT_CIN,2017,13,0.36944134018176367,-4.5,0.5
2017_13_SF_CHI,2017,13,0.5648143892289599,2.2030241563710127,0.4912246914483055
2017_13_TB_GB,2017,13,0.5964699485150263,3.2969758436289873,0.5087753085516945
2017_13_WAS_DAL,2017,13,0.4557641189546886,-1.5,0.5
2017_14_BAL_PIT,2017,14,0.6555867203757313,5.406048312742025,0.48245362825658294
2017_14_CHI_CIN,2017,14,0.6392488045254974,4.81209662548405,0.4649411824446771
2017_14_DAL_NYG,2017,14,0.39192777777056276,-3.7030241563710127,0.5087753085516945
2017_14_DET_TB,2017,14,0.4912246914483055,-0.2969758436289875,0.4912246914483055
2017_14_GB_CLE,2017,14,0.4351856107710401,-2.2030241563710127,0.5087753085516945
2017_14_IND_BUF,2017,14,0.6191524907070054,4.093951687257975,0.5175463717434171
2017_14_MIN_CAR,2017,14,0.4093638840330804,-3.093951687257975,0.48245362825658294
2017_14_NE_MIA,2017,14,0.22280954787740703,-10.296975843628987,0.4912246914483055
2017_14_NO_ATL,2017,14,0.5734581056840343,2.5,0.5
2017_14_NYJ_DEN,2017,14,0.4530059005975328,-1.593951687257975,0.48245362825658294
2017_14_OAK_KC,2017,14,0.6222270654659924,4.203024156371012,0.4912246914483055
2017_14_PHI_LA,2017,14,0.4704757222326031,-1.0,0.5
2017_14_SEA_JAX,2017,14,0.5879295521290574,3.0,0.5
2017_14_SF_HOU,2017,14,0.529524277767397,1.0,0.5
2017_14_TEN_ARI,2017,14,0.4179333170980105,-2.7969758436289873,0.4912246914483055
2017_14_WAS_LAC,2017,14,0.6795506572776351,6.296975843628988,0.5087753085516945
2017_15_ARI_WAS,2017,15,0.6248692246729657,4.296975843628988,0.5087753085516945
2017_15_ATL_TB,2017,15,0.28688261382705876,-7.593951687257975,0.48245362825658294
2017_15_BAL_CLE,2017,15,0.2996255053105299,-7.093951687257975,0.48245362825658294
2017_15_CHI_DET,2017,15,0.6362196460564814,4.703024156371012,0.4912246914483055
2017_15_CIN_MIN,2017,15,0.8284159617962663,12.796975843628987,0.5087753085516945
2017_15_DAL_OAK,2017,15,0.42065269443098613,-2.7030241563710127,0.5087753085516945
2017_15_DEN_IND,2017,15,0.3950354127616368,-3.593951687257975,0.48245362825658294
2017_15_GB_CAR,2017,15,0.5620731850874774,2.1090724691130376,0.4736910496242774
2017_15_HOU_JAX,2017,15,0.7880797013386452,10.796975843628987,0.5087753085516945
2017_15_LAC_KC,2017,15,0.529524277767397,1.0,0.5
2017_15_LA_SEA,2017,15,0.4443028529030558,-1.8909275308869624,0.4736910496242774
2017_15_MIA_BUF,2017,15,0.6107435358841109,3.7969758436289873,0.5087753085516945
2017_15_NE_PIT,2017,15,0.42654189431596573,-2.5,0.5
2017_15_NYJ_NO,2017,15,0.8849738238573401,16.20302415637101,0.4912246914483055
2017_15_PHI_NYG,2017,15,0.28178271446336195,-7.796975843628988,0.4912246914483055
2017_15_TEN_SF,2017,15,0.5906361159669197,3.093951687257975,0.5175463717434171
2017_16_ATL_NO,2017,16,0.6581456062996048,5.5,0.5
2017_16_BUF_NE,2017,16,0.7986511626907351,11.296975843628987,0.5087753085516945
2017_16_CLE_CHI,2017,16,0.6500328650753782,5.203024156371012,0.4912246914483055
2017_16_DEN_WAS,2017,16,0.5707271760633285,2.406048312742025,0.48245362825658294
2017_16_DET_CIN,2017,16,0.4035300514849737,-3.2969758436289873,0.4912246914483055
2017_16_IND_BAL,2017,16,0.8466091263457673,13.796975843628987,0.5087753085516945
2017_16_JAX_SF,2017,16,0.39192777777056276,-3.7030241563710127,0.5087753085516945
2017_16_LAC_NYJ,2017,16,0.28925736075397196,-7.5,0.5
2017_16_LA_TEN,2017,16,0.3338140330120649,-5.796975843628988,0.4912246914483055
2017_16_MIA_KC,2017,16,0.79241084025005,11.0,0.5
2017_16_MIN_GB,2017,16,0.23649504884254008,-9.68790337451595,0.4649411824446771
2017_16_NYG_ARI,2017,16,0.5964699485150263,3.2969758436289873,0.5087753085516945
2017_16_OAK_PHI,2017,16,0.777190452122593,10.296975843628987,0.5087753085516945
2017_16_PIT_HOU,2017,16,0.2841373138282246,-7.703024156371012,0.5087753085516945
2017_16_SEA_DAL,2017,16,0.6222270654659924,4.203024156371012,0.4912246914483055
2017_16_TB_CAR,2017,16,0.777190452122593,10.296975843628987,0.5087753085516945
2017_17_ARI_SEA,2017,17,0.7232730811922008,8.0,0.5
2017_17_BUF_MIA,2017,17,0.4179333170980105,-2.7969758436289873,0.4912246914483055
2017_17_CAR_ATL,2017,17,0.6362196460564814,4.703024156371012,0.4912246914483055
2017_17_CHI_MIN,2017,17,0.8466091263457673,13.796975843628987,0.5087753085516945
2017_17_CIN_BAL,2017,17,0.7305875052429538,8.296975843628987,0.5087753085516945
2017_17_CLE_PIT,2017,17,0.6444467262025981,5.0,0.5
2017_17_DAL_PHI,2017,17,0.3977176056694844,-3.5,0.5
2017_17_GB_DET,2017,17,0.7400658394775608,8.68790337451595,0.5350588175553229
2017_17_HOU_IND,2017,17,0.6581456062996048,5.5,0.5
2017_17_JAX_TEN,2017,17,0.5648143892289599,2.2030241563710127,0.4912246914483055
2017_17_KC_DEN,2017,17,0.5793473055690138,2.7030241563710127,0.4912246914483055
2017_17_NO_TB,2017,17,0.32836064328188524,-6.0,0.5
2017_17_NYJ_NE,2017,17,0.8999483769777001,17.29697584362899,0.5087753085516945
2017_17_OAK_LAC,2017,17,0.6902363184632763,6.703024156371012,0.4912246914483055
2017_17_SF_LA,2017,17,0.30731352735810913,-6.796975843628988,0.4912246914483055
2017_17_WAS_NYG,2017,17,0.3233457581757359,-6.18790337451595,0.4649411824446771
2017_18_ATL_LA,2017,18,0.6849128309162449,6.5,0.5
2017_18_BUF_JAX,2017,18,0.7426793583273201,8.796975843628987,0.5087753085516945
2017_18_CAR_NO,2017,18,0.6849128309162449,6.5,0.5
2017_18_TEN_KC,2017,18,0.7497254566738218,9.093951687257976,0.5175463717434171
2017_19_ATL_PHI,2017,19,0.42654189431596573,-2.5,0.5
2017_19_JAX_PIT,2017,19,0.6902363184632763,6.703024156371012,0.4912246914483055
2017_19_NO_MIN,2017,19,0.6581456062996048,5.5,0.5
2017_19_TEN_NE,2017,19,0.8466091263457673,13.796975843628987,0.5087753085516945
2017_20_JAX_NE,2017,20,0.7107426392460281,7.5,0.5
2017_20_MIN_PHI,2017,20,0.4120704478709426,-3.0,0.5
2017_21_PHI_NE,2017,21,0.6305586598182363,4.5,0.5
2018_01_ATL_PHI,2018,1,0.5191909884487735,0.6496637690667542,0.4896482778352592
2018_01_BUF_BAL,2018,1,0.7018069906971856,7.149663769066754,0.4896482778352592
2018_01_CHI_GB,2018,1,0.6756362386479873,6.149663769066754,0.4896482778352592
2018_01_CIN_IND,2018,1,0.46016227623709904,-1.3503362309332458,0.4896482778352592
2018_01_DAL_CAR,2018,1,0.5937052927456877,3.2006724618664917,0.5206964757447746
2018_01_HOU_NE,2018,1,0.6809636808264594,6.350336230933246,0.5103517221647408
2018_01_JAX_NYG,2018,1,0.416390568040406,-2.850336230933246,0.4896482778352592
2018_01_KC_LAC,2018,1,0.6022823943305156,3.5,0.5
2018_01_LA_OAK,2018,1,0.33779312785205257,-5.649663769066754,0.5103517221647408
2018_01_NYJ_DET,2018,1,0.7245363001033427,8.051008692799737,0.531027306225597
2018_01_PIT_CLE,2018,1,0.3778391441379698,-4.200672461866492,0.4793035242552254
2018_01_SEA_DEN,2018,1,0.617939918398686,4.051008692799737,0.531027306225597
2018_01_SF_MIN,2018,1,0.6716393567181147,6.0,0.5
2018_01_TB_NO,2018,1,0.7705746740352664,10.0,0.5
2018_01_TEN_MIA,2018,1,0.4704757222326031,-1.0,0.5
2018_01_WAS_ARI,2018,1,0.5588870740382756,2.0,0.5
2018_02_ARI_LA,2018,2,0.8413447460685429,13.5,0.5
2018_02_BAL_CIN,2018,2,0.5501244350556,1.7006724618664917,0.5206964757447746
2018_02_CAR_ATL,2018,2,0.6581456062996048,5.5,0.5
2018_02_CLE_NO,2018,2,0.7860069022760101,10.700672461866493,0.5206964757447746
2018_02_DET_SF,2018,2,0.6622068721479475,5.649663769066754,0.4896482778352592
2018_02_HOU_TEN,2018,2,0.38774159483000775,-3.850336230933246,0.4896482778352592
2018_02_IND_WAS,2018,2,0.6901748797449281,6.700672461866492,0.5206964757447746
2018_02_KC_PIT,2018,2,0.6207238771214965,4.149663769066754,0.4896482778352592
2018_02_LAC_BUF,2018,2,0.3072523073885368,-6.799327538133508,0.5206964757447746
2018_02_MIA_NYJ,2018,2,0.5676209778888264,2.2993275381335083,0.4793035242552254
2018_02_MIN_GB,2018,2,0.43089383737336123,-2.350336230933246,0.4896482778352592
2018_02_NE_JAX,2018,2,0.43089383737336123,-2.350336230933246,0.4896482778352592
2018_02_NYG_DAL,2018,2,0.5778011234545692,2.649663769066754,0.4896482778352592
2018_02_OAK_DEN,2018,2,0.6581456062996048,5.5,0.5
2018_02_PHI_TB,2018,2,0.4221988765454308,-2.649663769066754,0.5103517221647408
2018_02_SEA_CHI,2018,2,0.6915063025954336,6.75168115466623,0.5516195342253394
2018_03_BUF_MIN,2018,3,0.879064004171137,15.799327538133507,0.4793035242552254
2018_03_CHI_ARI,2018,3,0.3190363191735406,-6.350336230933246,0.4896482778352592
2018_03_CIN_CAR,2018,3,0.5632578804234556,2.149663769066754,0.4896482778352592
2018_03_DAL_SEA,2018,3,0.5088447871879055,0.2993275381335083,0.4793035242552254
2018_03_DEN_BAL,2018,3,0.6388946285769997,4.799327538133508,0.4793035242552254
2018_03_GB_WAS,2018,3,0.4367421195765444,-2.149663769066754,0.5103517221647408
2018_03_IND_PHI,2018,3,0.729478204379949,8.25168115466623,0.5516195342253394
2018_03_LAC_LA,2018,3,0.7195503927311382,7.850336230933246,0.5103517221647408
2018_03_NE_DET,2018,3,0.32038701301304046,-6.299327538133508,0.5206964757447746
2018_03_NO_ATL,2018,3,0.5442358810453114,1.5,0.5
2018_03_NYG_HOU,2018,3,0.6849128309162449,6.5,0.5
2018_03_NYJ_CLE,2018,3,0.5778011234545692,2.649663769066754,0.4896482778352592
2018_03_OAK_MIA,2018,3,0.5879295521290574,3.0,0.5
2018_03_PIT_TB,2018,3,0.5501244350556,1.7006724618664917,0.5206964757447746
2018_03_SF_KC,2018,3,0.6622068721479475,5.649663769066754,0.4896482778352592
2018_03_TEN_JAX,2018,3,0.7705746740352664,10.0,0.5
2018_04_BAL_PIT,2018,4,0.5879295521290574,3.0,0.5
2018_04_BUF_GB,2018,4,0.7094494722783314,7.448991307200263,0.468972693774403
2018_04_CIN_ATL,2018,4,0.6022823943305156,3.5,0.5
2018_04_CLE_OAK,2018,4,0.583609431959594,2.850336230933246,0.5103517221647408
2018_04_DET_DAL,2018,4,0.542737474040348,1.4489913072002625,0.468972693774403
2018_04_HOU_IND,2018,4,0.4192438643457414,-2.751681154666229,0.4483804657746606
2018_04_KC_DEN,2018,4,0.40776095754634356,-3.149663769066754,0.5103517221647408
2018_04_MIA_NE,2018,4,0.6849128309162449,6.5,0.5
2018_04_MIN_LA,2018,4,0.7107426392460281,7.5,0.5
2018_04_NO_NYG,2018,4,0.3680163281720772,-4.551008692799737,0.468972693774403
2018_04_NYJ_JAX,2018,4,0.7107426392460281,7.5,0.5
2018_04_PHI_TEN,2018,4,0.4221988765454308,-2.649663769066754,0.5103517221647408
2018_04_SEA_ARI,2018,4,0.41786529839823894,-2.7993275381335083,0.5206964757447746
2018_04_SF_LAC,2018,4,0.7626305642057125,9.649663769066754,0.4896482778352592
2018_04_TB_CHI,2018,4,0.5778011234545692,2.649663769066754,0.4896482778352592
2018_05_ARI_SF,2018,5,0.5979997430132425,3.350336230933246,0.5103517221647408
2018_05_ATL_PIT,2018,5,0.5922390424536564,3.149663769066754,0.4896482778352592
2018_05_BAL_CLE,2018,5,0.391994709113442,-3.7006724618664917,0.4793035242552254
2018_05_DAL_HOU,2018,5,0.6122584051699923,3.850336230933246,0.5103517221647408
2018_05_DEN_NYJ,2018,5,0.4704757222326031,-1.0,0.5
2018_05_GB_DET,2018,5,0.539837723762901,1.3503362309332458,0.5103517221647408
2018_05_IND_NE,2018,5,0.8038988404052243,11.551008692799737,0.531027306225597
2018_05_JAX_KC,2018,5,0.5879295521290574,3.0,0.5
2018_05_LA_SEA,2018,5,0.27177376264771314,-8.200672461866493,0.4793035242552254
2018_05_MIA_CIN,2018,5,0.652671395901731,5.299327538133508,0.4793035242552254
2018_05_MIN_PHI,2018,5,0.6221608558620302,4.200672461866492,0.5206964757447746
2018_05_NYG_CAR,2018,5,0.7069407329460475,7.350336230933246,0.5103517221647408
2018_05_OAK_LAC,2018,5,0.6388946285769997,4.799327538133508,0.4793035242552254
2018_05_TEN_BUF,2018,5,0.33779312785205257,-5.649663769066754,0.5103517221647408
2018_05_WAS_NO,2018,5,0.6676227329486272,5.850336230933246,0.5103517221647408
2018_06_ARI_MIN,2018,6,0.746298934584035,8.948991307200263,0.468972693774403
2018_06_BAL_TEN,2018,6,0.416390568040406,-2.850336230933246,0.4896482778352592
2018_06_BUF_HOU,2018,6,0.7739224323550706,10.149663769066754,0.4896482778352592
2018_06_CAR_WAS,2018,6,0.44987556494439995,-1.7006724618664917,0.4793035242552254
2018_06_CHI_MIA,2018,6,0.28925736075397196,-7.5,0.5
2018_06_IND_NYJ,2018,6,0.6037392318890079,3.5510086927997375,0.531027306225597
2018_06_JAX_DAL,2018,6,0.4120704478709426,-3.0,0.5
2018_06_KC_NE,2018,6,0.636154240190274,4.700672461866492,0.5206964757447746
2018_06_LAC_CLE,2018,6,0.539837723762901,1.3503362309332458,0.5103517221647408
2018_06_LA_DEN,2018,6,0.2930592670539524,-7.350336230933246,0.4896482778352592
2018_06_PHI_NYG,2018,6,0.44549091678729075,-1.8503362309332458,0.4896482778352592
2018_06_PIT_CIN,2018,6,0.5191909884487735,0.6496637690667542,0.4896482778352592
2018_06_SEA_OAK,2018,6,0.4120704478709426,-3.0,0.5
2018_06_SF_GB,2018,6,0.755725187031071,9.350336230933246,0.5103517221647408
2018_06_TB_ATL,2018,6,0.5879295521290574,3.0,0.5
2018_07_BUF_IND,2018,7,0.6702726010569284,5.948991307200263,0.468972693774403
2018_07_CAR_PHI,2018,7,0.6444467262025981,5.0,0.5
2018_07_CIN_KC,2018,7,0.7031158088002775,7.200672461866492,0.5206964757447746
2018_07_CLE_TB,2018,7,0.6022823943305156,3.5,0.5
2018_07_DAL_WAS,2018,7,0.43525418812812505,-2.2006724618664917,0.4793035242552254
2018_07_DEN_ARI,2018,7,0.46016227623709904,-1.3503362309332458,0.4896482778352592
2018_07_DET_MIA,2018,7,0.40200025698675745,-3.350336230933246,0.4896482778352592
2018_07_HOU_JAX,2018,7,0.6458531901788445,5.051008692799737,0.531027306225597
2018_07_LA_SF,2018,7,0.2767269188077992,-8.0,0.5
2018_07_MIN_NYJ,2018,7,0.38774159483000775,-3.850336230933246,0.4896482778352592
2018_07_NE_CHI,2018,7,0.4704757222326031,-1.0,0.5
2018_07_NO_BAL,2018,7,0.5632578804234556,2.149663769066754,0.4896482778352592
2018_07_NYG_ATL,2018,7,0.640308740546958,4.850336230933246,0.5103517221647408
2018_07_TEN_LAC,2018,7,0.6662493395628811,5.799327538133508,0.4793035242552254
2018_08_BAL_CAR,2018,8,0.44698457969249306,-1.7993275381335083,0.5206964757447746
2018_08_CLE_PIT,2018,8,0.7439529498441935,8.850336230933246,0.5103517221647408
2018_08_DEN_KC,2018,8,0.73553153338876,8.5,0.5
2018_08_GB_LA,2018,8,0.7018069906971856,7.149663769066754,0.4896482778352592
2018_08_IND_OAK,2018,8,0.4280241552268883,-2.4489913072002625,0.531027306225597
2018_08_MIA_HOU,2018,8,0.6742762557880156,6.098655076267017,0.45866271281422893
2018_08_NE_BUF,2018,8,0.1524573803019148,-13.850336230933246,0.4896482778352592
2018_08_NO_MIN,2018,8,0.3764038538545295,-4.25168115466623,0.4483804657746606
2018_08_NYJ_CHI,2018,8,0.7522323136930064,9.200672461866493,0.5206964757447746
2018_08_PHI_JAX,2018,8,0.363845759809726,-4.700672461866492,0.4793035242552254
2018_08_SEA_DET,2018,8,0.5879295521290574,3.0,0.5
2018_08_SF_ARI,2018,8,0.416390568040406,-2.850336230933246,0.4896482778352592
2018_08_TB_CIN,2018,8,0.5719758447731117,2.4489913072002625,0.468972693774403
2018_08_WAS_NYG,2018,8,0.4808090115512264,-0.6496637690667542,0.5103517221647408
2018_09_ATL_WAS,2018,9,0.5339330157816996,1.1496637690667542,0.4896482778352592
2018_09_CHI_BUF,2018,9,0.2107768637249584,-10.850336230933246,0.4896482778352592
2018_09_DET_MIN,2018,9,0.6008241289698238,3.4489913072002625,0.468972693774403
2018_09_GB_NE,2018,9,0.6540659560314591,5.350336230933246,0.5103517221647408
2018_09_HOU_DEN,2018,9,0.5088447871879055,0.2993275381335083,0.4793035242552254
2018_09_KC_CLE,2018,9,0.2548326693478289,-8.901344923732983,0.45866271281422893
2018_09_LAC_SEA,2018,9,0.539837723762901,1.3503362309332458,0.5103517221647408
2018_09_LA_NO,2018,9,0.42654189431596573,-2.5,0.5
2018_09_NYJ_MIA,2018,9,0.5879295521290574,3.0,0.5
2018_09_OAK_SF,2018,9,0.43525418812812505,-2.2006724618664917,0.4793035242552254
2018_09_PIT_BAL,2018,9,0.5339330157816996,1.1496637690667542,0.4896482778352592
2018_09_TB_CAR,2018,9,0.6716393567181147,6.0,0.5
2018_09_TEN_DAL,2018,9,0.6108103347304344,3.7993275381335083,0.4793035242552254
2018_10_ARI_KC,2018,10,0.8940161552181172,16.850336230933245,0.5103517221647408
2018_10_ATL_CLE,2018,10,0.34185439370039516,-5.5,0.5
2018_10_BUF_NYJ,2018,10,0.6756362386479873,6.149663769066754,0.4896482778352592
2018_10_CAR_PIT,2018,10,0.6122584051699923,3.850336230933246,0.5103517221647408
2018_10_DAL_PHI,2018,10,0.7282262373522869,8.200672461866493,0.5206964757447746
2018_10_DET_CHI,2018,10,0.7282262373522869,8.200672461866493,0.5206964757447746
2018_10_JAX_IND,2018,10,0.5879295521290574,3.0,0.5
2018_10_LAC_OAK,2018,10,0.23395736037872028,-9.799327538133507,0.5206964757447746
2018_10_MIA_GB,2018,10,0.8449148189893251,13.700672461866493,0.5206964757447746
2018_10_NE_TEN,2018,10,0.3190363191735406,-6.350336230933246,0.4896482778352592
2018_10_NO_CIN,2018,10,0.29557800815923274,-7.25168115466623,0.4483804657746606
2018_10_NYG_SF,2018,10,0.5573957394347641,1.9489913072002625,0.468972693774403
2018_10_SEA_LA,2018,10,0.7783675423156828,10.350336230933246,0.5103517221647408
2018_10_WAS_TB,2018,10,0.6022823943305156,3.5,0.5
2018_11_CAR_DET,2018,11,0.383501907082932,-4.0,0.5
2018_11_CIN_BAL,2018,11,0.6940742411555032,6.850336230933246,0.5103517221647408
2018_11_DAL_ATL,2018,11,0.6122584051699923,3.850336230933246,0.5103517221647408
2018_11_DEN_LAC,2018,11,0.7195503927311382,7.850336230933246,0.5103517221647408
2018_11_GB_SEA,2018,11,0.6080052908865581,3.7006724618664917,0.5206964757447746
2018_11_HOU_WAS,2018,11,0.391994709113442,-3.7006724618664917,0.4793035242552254
2018_11_KC_LA,2018,11,0.5979997430132425,3.350336230933246,0.5103517221647408
2018_11_MIN_CHI,2018,11,0.583609431959594,2.850336230933246,0.5103517221647408
2018_11_OAK_ARI,2018,11,0.6108103347304344,3.7993275381335083,0.4793035242552254
2018_11_PHI_NO,2018,11,0.7069407329460475,7.350336230933246,0.5103517221647408
2018_11_PIT_JAX,2018,11,0.3934472457559725,-3.649663769066754,0.5103517221647408
2018_11_TB_NYG,2018,11,0.6277974878399235,4.401344923732983,0.541337287185771
2018_11_TEN_IND,2018,11,0.5383375934941832,1.2993275381335083,0.4793035242552254
2018_12_ARI_LAC,2018,12,0.8675511186452596,15.051008692799737,0.531027306225597
2018_12_ATL_NO,2018,12,0.8028518384657922,11.5,0.5
2018_12_CHI_DET,2018,12,0.40200025698675745,-3.350336230933246,0.4896482778352592
2018_12_CLE_CIN,2018,12,0.42940962929639565,-2.4013449237329834,0.45866271281422893
2018_12_GB_MIN,2018,12,0.6263672580392977,4.350336230933246,0.5103517221647408
2018_12_JAX_BUF,2018,12,0.4120704478709426,-3.0,0.5
2018_12_MIA_IND,2018,12,0.7391463378567286,8.649663769066754,0.4896482778352592
2018_12_NE_NYJ,2018,12,0.15508518101067492,-13.700672461866493,0.4793035242552254
2018_12_NYG_PHI,2018,12,0.6008241289698238,3.4489913072002625,0.468972693774403
2018_12_OAK_BAL,2018,12,0.811951472709564,11.948991307200263,0.468972693774403
2018_12_PIT_DEN,2018,12,0.4221988765454308,-2.649663769066754,0.5103517221647408
2018_12_SEA_CAR,2018,12,0.5979997430132425,3.350336230933246,0.5103517221647408
2018_12_SF_TB,2018,12,0.5236073574933777,0.7993275381335083,0.4793035242552254
2018_12_TEN_HOU,2018,12,0.6022823943305156,3.5,0.5
2018_12_WAS_DAL,2018,12,0.6796129869869596,6.299327538133508,0.4793035242552254
2018_13_ARI_GB,2018,13,0.828460302387675,12.799327538133507,0.4793035242552254
2018_13_BAL_ATL,2018,13,0.6037392318890079,3.5510086927997375,0.531027306225597
2018_13_BUF_MIA,2018,13,0.5922390424536564,3.149663769066754,0.4896482778352592
2018_13_CAR_TB,2018,13,0.3582790658736702,-4.901344923732983,0.45866271281422893
2018_13_CHI_NYG,2018,13,0.3977176056694844,-3.5,0.5
2018_13_CLE_HOU,2018,13,0.6444467262025981,5.0,0.5
2018_13_DEN_CIN,2018,13,0.3977176056694844,-3.5,0.5
2018_13_IND_JAX,2018,13,0.3934472457559725,-3.649663769066754,0.5103517221647408
2018_13_KC_OAK,2018,13,0.15598758612162084,-13.649663769066754,0.5103517221647408
2018_13_LAC_PIT,2018,13,0.6022823943305156,3.5,0.5
2018_13_LA_DET,2018,13,0.2107768637249584,-10.850336230933246,0.4896482778352592
2018_13_MIN_NE,2018,13,0.6716393567181147,6.0,0.5
2018_13_NO_DAL,2018,13,0.2754636998966573,-8.051008692799737,0.468972693774403
2018_13_NYJ_TEN,2018,13,0.7892231362750416,10.850336230933246,0.5103517221647408
2018_13_SF_SEA,2018,13,0.7783675423156828,10.350336230933246,0.5103517221647408
2018_13_WAS_PHI,2018,13,0.6388946285769997,4.799327538133508,0.4793035242552254
2018_14_ATL_GB,2018,14,0.5965374007763458,3.2993275381335083,0.4793035242552254
2018_14_BAL_KC,2018,14,0.6940742411555032,6.850336230933246,0.5103517221647408
2018_14_CAR_CLE,2018,14,0.46016227623709904,-1.3503362309332458,0.4896482778352592
2018_14_CIN_LAC,2018,14,0.9050982993006897,17.700672461866493,0.5206964757447746
2018_14_DEN_SF,2018,14,0.4120704478709426,-3.0,0.5
2018_14_DET_ARI,2018,14,0.4367421195765444,-2.149663769066754,0.5103517221647408
2018_14_IND_HOU,2018,14,0.6263672580392977,4.350336230933246,0.5103517221647408
2018_14_JAX_TEN,2018,14,0.6581456062996048,5.5,0.5
2018_14_LA_CHI,2018,14,0.40200025698675745,-3.350336230933246,0.4896482778352592
2018_14_MIN_SEA,2018,14,0.5676209778888264,2.2993275381335083,0.4793035242552254
2018_14_NE_MIA,2018,14,0.25604705015580653,-8.850336230933246,0.4896482778352592
2018_14_NO_TB,2018,14,0.25604705015580653,-8.850336230933246,0.4896482778352592
2018_14_NYG_WAS,2018,14,0.40200025698675745,-3.350336230933246,0.4896482778352592
2018_14_NYJ_BUF,2018,14,0.6305586598182363,4.5,0.5
2018_14_PHI_DAL,2018,14,0.5922390424536564,3.149663769066754,0.4896482778352592
2018_14_PIT_OAK,2018,14,0.2260775676449293,-10.149663769066754,0.5103517221647408
2018_15_ARI_ATL,2018,15,0.7705746740352664,10.0,0.5
2018_15_CLE_DEN,2018,15,0.529524277767397,1.0,0.5
2018_15_DAL_IND,2018,15,0.5879295521290574,3.0,0.5
2018_15_DET_BUF,2018,15,0.583609431959594,2.850336230933246,0.5103517221647408
2018_15_GB_CHI,2018,15,0.6901748797449281,6.700672461866492,0.5206964757447746
2018_15_HOU_NYJ,2018,15,0.2930592670539524,-7.350336230933246,0.4896482778352592
2018_15_LAC_KC,2018,15,0.5821347016017611,2.7993275381335083,0.4793035242552254
2018_15_MIA_MIN,2018,15,0.7195503927311382,7.850336230933246,0.5103517221647408
2018_15_NE_PIT,2018,15,0.416390568040406,-2.850336230933246,0.4896482778352592
2018_15_NO_CAR,2018,15,0.32836064328188524,-6.0,0.5
2018_15_OAK_CIN,2018,15,0.5979997430132425,3.350336230933246,0.5103517221647408
2018_15_PHI_LA,2018,15,0.859450206031535,14.551008692799737,0.531027306225597
2018_15_SEA_SF,2018,15,0.40776095754634356,-3.149663769066754,0.5103517221647408
2018_15_TB_BAL,2018,15,0.73553153338876,8.5,0.5
2018_15_TEN_NYG,2018,15,0.42654189431596573,-2.5,0.5
2018_15_WAS_JAX,2018,15,0.7018069906971856,7.149663769066754,0.4896482778352592
2018_16_ATL_CAR,2018,16,0.40629470725431227,-3.2006724618664917,0.4793035242552254
2018_16_BAL_LAC,2018,16,0.6164980929170679,4.0,0.5
2018_16_BUF_NE,2018,16,0.8501407016943955,14.0,0.5
2018_16_CHI_SF,2018,16,0.3977176056694844,-3.5,0.5
2018_16_CIN_CLE,2018,16,0.7783675423156828,10.350336230933246,0.5103517221647408
2018_16_DEN_OAK,2018,16,0.42654189431596573,-2.5,0.5
2018_16_GB_NYJ,2018,16,0.4221988765454308,-2.649663769066754,0.5103517221647408
2018_16_HOU_PHI,2018,16,0.529524277767397,1.0,0.5
2018_16_JAX_MIA,2018,16,0.5879295521290574,3.0,0.5
2018_16_KC_SEA,2018,16,0.42940962929639565,-2.4013449237329834,0.45866271281422893
2018_16_LA_ARI,2018,16,0.14139474166187105,-14.5,0.5
2018_16_MIN_DET,2018,16,0.32436376135201267,-6.149663769066754,0.5103517221647408
2018_16_NYG_IND,2018,16,0.7783675423156828,10.350336230933246,0.5103517221647408
2018_16_PIT_NO,2018,16,0.6940742411555032,6.850336230933246,0.5103517221647408
2018_16_TB_DAL,2018,16,0.6702726010569284,5.948991307200263,0.468972693774403
2018_16_WAS_TEN,2018,16,0.8227577615633441,12.5,0.5
2018_17_ARI_SEA,2018,17,0.8635145389772665,14.799327538133507,0.4793035242552254
2018_17_ATL_TB,2018,17,0.42654189431596573,-2.5,0.5
2018_17_CAR_NO,2018,17,0.7232730811922008,8.0,0.5
2018_17_CHI_MIN,2018,17,0.6809636808264594,6.350336230933246,0.5103517221647408
2018_17_CIN_PIT,2018,17,0.8440124138783791,13.649663769066754,0.4896482778352592
2018_17_CLE_BAL,2018,17,0.7069407329460475,7.350336230933246,0.5103517221647408
2018_17_DAL_NYG,2018,17,0.6927476926114632,6.799327538133508,0.4793035242552254
2018_17_DET_GB,2018,17,0.6927476926114632,6.799327538133508,0.4793035242552254
2018_17_IND_TEN,2018,17,0.3849453476367957,-3.9489913072002625,0.531027306225597
2018_17_JAX_HOU,2018,17,0.7158036279413204,7.700672461866492,0.5206964757447746
2018_17_LAC_DEN,2018,17,0.30204827147857694,-7.0,0.5
2018_17_MIA_BUF,2018,17,0.6676227329486272,5.850336230933246,0.5103517221647408
2018_17_NYJ_NE,2018,17,0.8675511186452596,15.051008692799737,0.531027306225597
2018_17_OAK_KC,2018,17,0.8466503467756153,13.799327538133507,0.4793035242552254
2018_17_PHI_WAS,2018,17,0.33779312785205257,-5.649663769066754,0.5103517221647408
2018_17_SF_LA,2018,17,0.7816499846386211,10.5,0.5
2018_18_IND_HOU,2018,18,0.5994607146525779,3.4013449237329834,0.541337287185771
2018_18_LAC_BAL,2018,18,0.5979997430132425,3.350336230933246,0.5103517221647408
2018_18_PHI_CHI,2018,18,0.7031158088002775,7.200672461866492,0.5206964757447746
2018_18_SEA_DAL,2018,18,0.5734581056840343,2.5,0.5
2018_19_DAL_LA,2018,19,0.7195503927311382,7.850336230933246,0.5103517221647408
2018_19_IND_KC,2018,19,0.6263672580392977,4.350336230933246,0.5103517221647408
2018_19_LAC_NE,2018,19,0.6164980929170679,4.0,0.5
2018_19_PHI_NO,2018,19,0.7439529498441935,8.850336230933246,0.5103517221647408
2018_20_LA_NO,2018,20,0.5879295521290574,3.0,0.5
2018_20_NE_KC,2018,20,0.5879295521290574,3.0,0.5
2018_21_NE_LA,2018,21,0.4411129259617243,-2.0,0.5
2019_01_ATL_MIN,2019,1,0.5933238957986299,3.187399854333576,0.4907630910068172
2019_01_BAL_MIA,2019,1,0.30204827147857694,-7.0,0.5
2019_01_BUF_NYJ,2019,1,0.5734581056840343,2.5,0.5
2019_01_CIN_SEA,2019,1,0.773377115392175,10.125200291332849,0.5184688668868556
2019_01_DEN_OAK,2019,1,0.4120704478709426,-3.0,0.5
2019_01_DET_ARI,2019,1,0.4174814572810225,-2.812600145666424,0.4907630910068172
2019_01_GB_CHI,2019,1,0.6022823943305156,3.5,0.5
2019_01_HOU_NO,2019,1,0.6849128309162449,6.5,0.5
2019_01_IND_LAC,2019,1,0.6716393567181147,6.0,0.5
2019_01_KC_JAX,2019,1,0.3977176056694844,-3.5,0.5
2019_01_LA_CAR,2019,1,0.4557641189546886,-1.5,0.5
2019_01_NYG_DAL,2019,1,0.6979517285214231,7.0,0.5
2019_01_PIT_NE,2019,1,0.6666069158222071,5.8126001456664245,0.5092369089931829
2019_01_SF_TB,2019,1,0.5203047711977343,0.687399854333576,0.4907630910068172
2019_01_TEN_CLE,2019,1,0.6666069158222071,5.8126001456664245,0.5092369089931829
2019_01_WAS_PHI,2019,1,0.788414882367122,10.812600145666424,0.5092369089931829
2019_02_ARI_BAL,2019,2,0.8263418179509243,12.687399854333576,0.4907630910068172
2019_02_BUF_NYG,2019,2,0.46127201495128073,-1.312600145666424,0.4907630910068172
2019_02_CHI_DEN,2019,2,0.403081962773012,-3.312600145666424,0.4907630910068172
2019_02_CLE_NYJ,2019,2,0.3150871690837551,-6.5,0.5
2019_02_DAL_WAS,2019,2,0.30365705807928145,-6.937800436999272,0.4723090694583592
2019_02_IND_TEN,2019,2,0.5879295521290574,3.0,0.5
2019_02_JAX_HOU,2019,2,0.7186079448999758,7.8126001456664245,0.5092369089931829
2019_02_KC_OAK,2019,2,0.30204827147857694,-7.0,0.5
2019_02_LAC_DET,2019,2,0.4796952288022657,-0.687399854333576,0.5092369089931829
2019_02_MIN_GB,2019,2,0.596918037226988,3.312600145666424,0.5092369089931829
2019_02_NE_MIA,2019,2,0.08747183241350981,-18.312600145666423,0.4907630910068172
2019_02_NO_LA,2019,2,0.5588870740382756,2.0,0.5
2019_02_PHI_ATL,2019,2,0.4704757222326031,-1.0,0.5
2019_02_SEA_PIT,2019,2,0.6253080557204047,4.3126001456664245,0.5092369089931829
2019_02_SF_CIN,2019,2,0.5110743884730689,0.37479970866715195,0.48153113311314444
2019_02_TB_CAR,2019,2,0.6849128309162449,6.5,0.5
2019_03_ATL_IND,2019,3,0.5203047711977343,0.687399854333576,0.4907630910068172
2019_03_BAL_KC,2019,3,0.6129523392780531,3.874799708667152,0.48153113311314444
2019_03_CAR_ARI,2019,3,0.5915353771655207,3.125200291332848,0.5184688668868556
2019_03_CHI_WAS,2019,3,0.3555532737974019,-5.0,0.5
2019_03_CIN_BUF,2019,3,0.6832741142829122,6.437800436999272,0.5276909305416408
2019_03_DEN_GB,2019,3,0.6979517285214231,7.0,0.5
2019_03_DET_PHI,2019,3,0.6076274806573371,3.687399854333576,0.4907630910068172
2019_03_HOU_LAC,2019,3,0.5788946980245944,2.687399854333576,0.4907630910068172
2019_03_LA_CLE,2019,3,0.3233378395290938,-6.188201019664968,0.4356178981983165
2019_03_MIA_DAL,2019,3,0.9459151053710004,21.687399854333577,0.4907630910068172
2019_03_NO_SEA,2019,3,0.6357850250580783,4.6873998543335755,0.4907630910068172
2019_03_NYG_TB,2019,3,0.6444467262025981,5.0,0.5
2019_03_NYJ_NE,2019,3,0.9411885713673475,21.12520029133285,0.5184688668868556
2019_03_OAK_MIN,2019,3,0.743052615585507,8.812600145666424,0.5092369089931829
2019_03_PIT_SF,2019,3,0.6632279246803632,5.6873998543335755,0.4907630910068172
2019_03_TEN_JAX,2019,3,0.46495600464157244,-1.187399854333576,0.5092369089931829
2019_04_CAR_HOU,2019,4,0.6914729079570413,6.750400582665696,0.5368981727170999
2019_04_CIN_PIT,2019,4,0.6200341166939939,4.125200291332848,0.5184688668868556
2019_04_CLE_BAL,2019,4,0.7340217739891515,8.437800436999272,0.5276909305416408
2019_04_DAL_NO,2019,4,0.42654189431596573,-2.5,0.5
2019_04_JAX_DEN,2019,4,0.5552251623175778,1.874799708667152,0.48153113311314444
2019_04_KC_DET,2019,4,0.31345208368767097,-6.562199563000728,0.5276909305416408
2019_04_LAC_MIA,2019,4,0.13830736665251114,-14.687399854333576,0.5092369089931829
2019_04_MIN_CHI,2019,4,0.4520890047322364,-1.625200291332848,0.48153113311314444
2019_04_NE_BUF,2019,4,0.3101719706331148,-6.6873998543335755,0.5092369089931829
2019_04_OAK_IND,2019,4,0.6496041008084059,5.1873998543335755,0.4907630910068172
2019_04_PHI_GB,2019,4,0.6111872758493047,3.812600145666424,0.5092369089931829
2019_04_SEA_ARI,2019,4,0.3503958991915941,-5.1873998543335755,0.5092369089931829
2019_04_TB_LA,2019,4,0.7475074624530771,9.0,0.5
2019_04_TEN_ATL,2019,4,0.6111872758493047,3.812600145666424,0.5092369089931829
2019_04_WAS_NYG,2019,4,0.596918037226988,3.312600145666424,0.5092369089931829
2019_05_ARI_CIN,2019,5,0.5879295521290574,3.0,0.5
2019_05_ATL_HOU,2019,5,0.6340530937706947,4.625200291332848,0.5184688668868556
2019_05_BAL_PIT,2019,5,0.41568371179829827,-2.874799708667152,0.5184688668868556
2019_05_BUF_TEN,2019,5,0.6022823943305156,3.5,0.5
2019_05_CHI_OAK,2019,5,0.2988216419888201,-7.125200291332848,0.48153113311314444
2019_05_CLE_SF,2019,5,0.6530344643394345,5.3126001456664245,0.5092369089931829
2019_05_DEN_LAC,2019,5,0.6340530937706947,4.625200291332848,0.5184688668868556
2019_05_GB_DAL,2019,5,0.6111872758493047,3.812600145666424,0.5092369089931829
2019_05_IND_KC,2019,5,0.788414882367122,10.812600145666424,0.5092369089931829
2019_05_JAX_CAR,2019,5,0.5515585313017659,1.749599417334304,0.4631018272829001
2019_05_LA_SEA,2019,5,0.5442358810453114,1.5,0.5
2019_05_MIN_NYG,2019,5,0.32501571045194055,-6.125200291332848,0.48153113311314444
2019_05_NE_WAS,2019,5,0.12073835944974248,-15.812600145666424,0.4907630910068172
2019_05_NYJ_PHI,2019,5,0.8554715072845356,14.312600145666424,0.5092369089931829
2019_05_TB_NO,2019,5,0.5879295521290574,3.0,0.5
2019_06_ATL_ARI,2019,6,0.4120704478709426,-3.0,0.5
2019_06_CAR_TB,2019,6,0.4502647115733933,-1.687399854333576,0.5092369089931829
2019_06_CIN_BAL,2019,6,0.7950554796204383,11.125200291332849,0.5184688668868556
2019_06_DAL_NYJ,2019,6,0.3101719706331148,-6.6873998543335755,0.5092369089931829
2019_06_DET_GB,2019,6,0.5843162882017017,2.874799708667152,0.48153113311314444
2019_06_HOU_KC,2019,6,0.5661721581279436,2.249599417334304,0.4631018272829001
2019_06_NO_JAX,2019,6,0.5915353771655207,3.125200291332848,0.5184688668868556
2019_06_NYG_NE,2019,6,0.9017675521693245,17.43780043699927,0.5276909305416408
2019_06_PHI_MIN,2019,6,0.6111872758493047,3.812600145666424,0.5092369089931829
2019_06_PIT_LAC,2019,6,0.6963429419207186,6.937800436999272,0.5276909305416408
2019_06_SEA_CLE,2019,6,0.5570684438274055,1.937800436999272,0.5276909305416408
2019_06_SF_LA,2019,6,0.5879295521290574,3.0,0.5
2019_06_TEN_DEN,2019,6,0.5203047711977343,0.687399854333576,0.4907630910068172
2019_06_WAS_MIA,2019,6,0.3452659602459885,-5.374799708667152,0.5184688668868556
2019_07_ARI_NYG,2019,7,0.5933238957986299,3.187399854333576,0.4907630910068172
2019_07_BAL_SEA,2019,7,0.5879295521290574,3.0,0.5
2019_07_HOU_IND,2019,7,0.5073755620673308,0.2495994173343039,0.4631018272829001
2019_07_JAX_CIN,2019,7,0.3233378395290938,-6.188201019664968,0.4356178981983165
2019_07_KC_DEN,2019,7,0.4484414686982341,-1.749599417334304,0.5368981727170999
2019_07_LAC_TEN,2019,7,0.596918037226988,3.312600145666424,0.5092369089931829
2019_07_LA_ATL,2019,7,0.4120704478709426,-3.0,0.5
2019_07_MIA_BUF,2019,7,0.904150652721006,17.62520029133285,0.5184688668868556
2019_07_MIN_DET,2019,7,0.42654189431596573,-2.5,0.5
2019_07_NE_NYJ,2019,7,0.22662288460782498,-10.125200291332849,0.48153113311314444
2019_07_NO_CHI,2019,7,0.6427290326224631,4.937800436999272,0.5276909305416408
2019_07_OAK_GB,2019,7,0.6496041008084059,5.1873998543335755,0.4907630910068172
2019_07_PHI_DAL,2019,7,0.6058555980807243,3.625200291332848,0.5184688668868556
2019_07_SF_WAS,2019,7,0.22942532596473364,-10.0,0.5
2019_08_ARI_NO,2019,8,0.8227577615633441,12.5,0.5
2019_08_CAR_SF,2019,8,0.6217871116530016,4.1873998543335755,0.4907630910068172
2019_08_CIN_LA,2019,8,0.8310582589298252,12.937800436999272,0.5276909305416408
2019_08_CLE_NE,2019,8,0.7591913433207376,9.5,0.5
2019_08_DEN_IND,2019,8,0.6882003336131497,6.625200291332848,0.5184688668868556
2019_08_GB_KC,2019,8,0.3134310466727595,-6.563000728332121,0.45391431003203225
2019_08_LAC_CHI,2019,8,0.6200341166939939,4.125200291332848,0.5184688668868556
2019_08_MIA_PIT,2019,8,0.8606730440101309,14.625200291332849,0.5184688668868556
2019_08_NYG_DET,2019,8,0.6849128309162449,6.5,0.5
2019_08_NYJ_JAX,2019,8,0.7217288924548766,7.937800436999272,0.5276909305416408
2019_08_OAK_HOU,2019,8,0.6270534066573001,4.374799708667152,0.48153113311314444
2019_08_PHI_BUF,2019,8,0.5570684438274055,1.937800436999272,0.5276909305416408
2019_08_SEA_ATL,2019,8,0.28925736075397196,-7.5,0.5
2019_08_TB_TEN,2019,8,0.5680075200534856,2.312600145666424,0.5092369089931829
2019_08_WAS_MIN,2019,8,0.9017675521693245,17.43780043699927,0.5276909305416408
2019_09_CHI_PHI,2019,9,0.6270534066573001,4.374799708667152,0.48153113311314444
2019_09_CLE_DEN,2019,9,0.3746919442795953,-4.3126001456664245,0.4907630910068172
2019_09_DAL_NYG,2019,9,0.3150871690837551,-6.5,0.5
2019_09_DET_OAK,2019,9,0.5825185427189775,2.812600145666424,0.5092369089931829
2019_09_GB_LAC,2019,9,0.36594690622930526,-4.625200291332848,0.48153113311314444
2019_09_HOU_JAX,2019,9,0.5570684438274055,1.937800436999272,0.5276909305416408
2019_09_IND_PIT,2019,9,0.5479109952677635,1.625200291332848,0.5184688668868556
2019_09_MIN_KC,2019,9,0.31672588571708776,-6.437800436999272,0.4723090694583592
2019_09_NE_BAL,2019,9,0.4120704478709426,-3.0,0.5
2019_09_NYJ_MIA,2019,9,0.4066761042013701,-3.187399854333576,0.5092369089931829
2019_09_SF_ARI,2019,9,0.2393760493467541,-9.562199563000728,0.5276909305416408
2019_09_TB_SEA,2019,9,0.6076274806573371,3.687399854333576,0.4907630910068172
2019_09_TEN_CAR,2019,9,0.5843162882017017,2.874799708667152,0.48153113311314444
2019_09_WAS_BUF,2019,9,0.8015705662954054,11.437800436999272,0.5276909305416408
2019_10_ARI_TB,2019,10,0.6666069158222071,5.8126001456664245,0.5092369089931829
2019_10_ATL_NO,2019,10,0.8554715072845356,14.312600145666424,0.5092369089931829
2019_10_BAL_CIN,2019,10,0.20494452037956168,-11.125200291332849,0.48153113311314444
2019_10_BUF_CLE,2019,10,0.5698181034873794,2.374799708667152,0.48153113311314444
2019_10_CAR_GB,2019,10,0.6530344643394345,5.3126001456664245,0.5092369089931829
2019_10_DET_CHI,2019,10,0.6799646713974208,6.3126001456664245,0.5092369089931829
2019_10_KC_TEN,2019,10,0.34696553566056554,-5.3126001456664245,0.4907630910068172
2019_10_LAC_OAK,2019,10,0.4981619297991038,-0.06219956300072793,0.5276909305416408
2019_10_LA_PIT,2019,10,0.3746919442795953,-4.3126001456664245,0.4907630910068172
2019_10_MIA_IND,2019,10,0.7857203050298416,10.687399854333576,0.4907630910068172
2019_10_MIN_DAL,2019,10,0.6288185840546259,4.437800436999272,0.5276909305416408
2019_10_NYG_NYJ,2019,10,0.4120704478709426,-3.0,0.5
2019_10_SEA_SF,2019,10,0.6766408458302628,6.1873998543335755,0.4907630910068172
2019_11_ARI_SF,2019,11,0.7562935844358754,9.374799708667151,0.48153113311314444
2019_11_ATL_CAR,2019,11,0.6022823943305156,3.5,0.5
2019_11_BUF_MIA,2019,11,0.3101719706331148,-6.6873998543335755,0.5092369089931829
2019_11_CHI_LA,2019,11,0.6357850250580783,4.6873998543335755,0.4907630910068172
2019_11_CIN_OAK,2019,11,0.843578400050258,13.625200291332849,0.5184688668868556
2019_11_DAL_DET,2019,11,0.28925736075397196,-7.5,0.5
2019_11_DEN_MIN,2019,11,0.7562935844358754,9.374799708667151,0.48153113311314444
2019_11_HOU_BAL,2019,11,0.6164980929170679,4.0,0.5
2019_11_JAX_IND,2019,11,0.5552251623175778,1.874799708667152,0.48153113311314444
2019_11_KC_LAC,2019,11,0.34185439370039516,-5.5,0.5
2019_11_NE_PHI,2019,11,0.352104674301594,-5.125200291332848,0.48153113311314444
2019_11_NO_TB,2019,11,0.3642149749419216,-4.6873998543335755,0.5092369089931829
2019_11_NYJ_WAS,2019,11,0.5387279850487192,1.312600145666424,0.5092369089931829
2019_11_PIT_CLE,2019,11,0.5788946980245944,2.687399854333576,0.4907630910068172
2019_12_BAL_LA,2019,12,0.3888127241506954,-3.812600145666424,0.4907630910068172
2019_12_CAR_NO,2019,12,0.7634934491917365,9.687399854333576,0.4907630910068172
2019_12_DAL_NE,2019,12,0.6666069158222071,5.8126001456664245,0.5092369089931829
2019_12_DEN_BUF,2019,12,0.6022823943305156,3.5,0.5
2019_12_DET_WAS,2019,12,0.40129941108864,-3.374799708667152,0.5184688668868556
2019_12_GB_SF,2019,12,0.5788946980245944,2.687399854333576,0.4907630910068172
2019_12_IND_HOU,2019,12,0.5933238957986299,3.187399854333576,0.4907630910068172
2019_12_JAX_TEN,2019,12,0.6305586598182363,4.5,0.5
2019_12_MIA_CLE,2019,12,0.7789059980255282,10.374799708667151,0.48153113311314444
2019_12_NYG_CHI,2019,12,0.6716393567181147,6.0,0.5
2019_12_OAK_NYJ,2019,12,0.37996588330600606,-4.125200291332848,0.48153113311314444
2019_12_PIT_CIN,2019,12,0.3503958991915941,-5.1873998543335755,0.5092369089931829
2019_12_SEA_PHI,2019,12,0.46127201495128073,-1.312600145666424,0.4907630910068172
2019_12_TB_ATL,2019,12,0.5752641569900935,2.562199563000728,0.4723090694583592
2019_13_BUF_DAL,2019,13,0.6766408458302628,6.1873998543335755,0.4907630910068172
2019_13_CHI_DET,2019,13,0.3503958991915941,-5.1873998543335755,0.5092369089931829
2019_13_CLE_PIT,2019,13,0.4704757222326031,-1.0,0.5
2019_13_GB_NYG,2019,13,0.29083459892871855,-7.437800436999272,0.4723090694583592
2019_13_LAC_DEN,2019,13,0.36944134018176367,-4.5,0.5
2019_13_LA_ARI,2019,13,0.4356412647949027,-2.187399854333576,0.5092369089931829
2019_13_MIN_SEA,2019,13,0.5643587352050973,2.187399854333576,0.4907630910068172
2019_13_NE_HOU,2019,13,0.4066761042013701,-3.187399854333576,0.5092369089931829
2019_13_NO_ATL,2019,13,0.3183893842017557,-6.374799708667152,0.5184688668868556
2019_13_NYJ_CIN,2019,13,0.4356412647949027,-2.187399854333576,0.5092369089931829
2019_13_OAK_KC,2019,13,0.8028518384657922,11.5,0.5
2019_13_PHI_MIA,2019,13,0.21835001536137882,-10.5,0.5
2019_13_SF_BAL,2019,13,0.6581456062996048,5.5,0.5
2019_13_TB_JAX,2019,13,0.403081962773012,-3.312600145666424,0.4907630910068172
2019_13_TEN_IND,2019,13,0.46127201495128073,-1.312600145666424,0.4907630910068172
2019_13_WAS_CAR,2019,13,0.7816499846386211,10.5,0.5
2019_14_BAL_BUF,2019,14,0.3150871690837551,-6.5,0.5
2019_14_CAR_ATL,2019,14,0.6111872758493047,3.812600145666424,0.5092369089931829
2019_14_CIN_CLE,2019,14,0.6766408458302628,6.1873998543335755,0.4907630910068172
2019_14_DAL_CHI,2019,14,0.39414440191927574,-3.625200291332848,0.48153113311314444
2019_14_DEN_HOU,2019,14,0.7309696264313612,8.312600145666424,0.5092369089931829
2019_14_DET_MIN,2019,14,0.8129686012545587,12.0,0.5
2019_14_IND_TB,2019,14,0.6058555980807243,3.625200291332848,0.5184688668868556
2019_14_KC_NE,2019,14,0.5879295521290574,3.0,0.5
2019_14_LAC_JAX,2019,14,0.4066761042013701,-3.187399854333576,0.5092369089931829
2019_14_MIA_NYJ,2019,14,0.6093971347938868,3.749599417334304,0.4631018272829001
2019_14_NYG_PHI,2019,14,0.7663439148887474,9.812600145666424,0.5092369089931829
2019_14_PIT_ARI,2019,14,0.44477483768242215,-1.874799708667152,0.5184688668868556
2019_14_SEA_LA,2019,14,0.529524277767397,1.0,0.5
2019_14_SF_NO,2019,14,0.529524277767397,1.0,0.5
2019_14_TEN_OAK,2019,14,0.42110530197540563,-2.687399854333576,0.5092369089931829
2019_14_WAS_GB,2019,14,0.8379625239967181,13.312600145666424,0.5092369089931829
2019_15_ATL_SF,2019,15,0.7677529146053552,9.874799708667151,0.48153113311314444
2019_15_BUF_PIT,2019,15,0.5203047711977343,0.687399854333576,0.4907630910068172
2019_15_CHI_GB,2019,15,0.6427290326224631,4.937800436999272,0.5276909305416408
2019_15_CLE_ARI,2019,15,0.4392955366749417,-2.062199563000728,0.5276909305416408
2019_15_DEN_KC,2019,15,0.7843742497216288,10.625200291332849,0.5184688668868556
2019_15_HOU_TEN,2019,15,0.5698181034873794,2.374799708667152,0.48153113311314444
2019_15_IND_NO,2019,15,0.7232730811922008,8.0,0.5
2019_15_JAX_OAK,2019,15,0.6979517285214231,7.0,0.5
2019_15_LA_DAL,2019,15,0.46127201495128073,-1.312600145666424,0.4907630910068172
2019_15_MIA_NYG,2019,15,0.5752641569900935,2.562199563000728,0.4723090694583592
2019_15_MIN_LAC,2019,15,0.46127201495128073,-1.312600145666424,0.4907630910068172
2019_15_NE_CIN,2019,15,0.21158511763287796,-10.812600145666424,0.4907630910068172
2019_15_NYJ_BAL,2019,15,0.9117933906411466,18.250400582665698,0.5368981727170999
2019_15_PHI_WAS,2019,15,0.3101719706331148,-6.6873998543335755,0.5092369089931829
2019_15_SEA_CAR,2019,15,0.32836064328188524,-6.0,0.5
2019_15_TB_DET,2019,15,0.3333930841777929,-5.8126001456664245,0.4907630910068172
2019_16_ARI_SEA,2019,16,0.6914520144359926,6.749599417334304,0.4631018272829001
2019_16_BAL_CLE,2019,16,0.24080865667926238,-9.5,0.5
2019_16_BUF_NE,2019,16,0.6898280293668853,6.6873998543335755,0.4907630910068172
2019_16_CAR_IND,2019,16,0.7186079448999758,7.8126001456664245,0.5092369089931829
2019_16_CIN_MIA,2019,16,0.46495600464157244,-1.187399854333576,0.5092369089931829
2019_16_DAL_PHI,2019,16,0.43199247994651435,-2.312600145666424,0.4907630910068172
2019_16_DET_DEN,2019,16,0.7445357364024938,8.874799708667151,0.48153113311314444
2019_16_GB_MIN,2019,16,0.6076274806573371,3.687399854333576,0.4907630910068172
2019_16_HOU_TB,2019,16,0.4120704478709426,-3.0,0.5
2019_16_JAX_ATL,2019,16,0.7027755036732337,7.1873998543335755,0.4907630910068172
2019_16_KC_CHI,2019,16,0.30690689189195164,-6.8126001456664245,0.4907630910068172
2019_16_LA_SF,2019,16,0.6979517285214231,7.0,0.5
2019_16_NO_TEN,2019,16,0.4066761042013701,-3.187399854333576,0.5092369089931829
2019_16_NYG_WAS,2019,16,0.4520890047322364,-1.625200291332848,0.48153113311314444
2019_16_OAK_LAC,2019,16,0.7107426392460281,7.5,0.5
2019_16_PIT_NYJ,2019,16,0.39414440191927574,-3.625200291332848,0.48153113311314444
2019_17_ARI_LA,2019,17,0.6816106157982442,6.374799708667152,0.48153113311314444
2019_17_ATL_TB,2019,17,0.529524277767397,1.0,0.5
2019_17_CHI_MIN,2019,17,0.3590137389977701,-4.874799708667152,0.5184688668868556
2019_17_CLE_CIN,2019,17,0.42654189431596573,-2.5,0.5
2019_17_GB_DET,2019,17,0.15865525393145707,-13.5,0.5
2019_17_IND_JAX,2019,17,0.34696553566056554,-5.3126001456664245,0.4907630910068172
2019_17_LAC_KC,2019,17,0.7775354808427892,10.312600145666424,0.5092369089931829
2019_17_MIA_NE,2019,17,0.9064909534704904,17.812600145666423,0.5092369089931829
2019_17_NO_CAR,2019,17,0.164323087235356,-13.187399854333576,0.5092369089931829
2019_17_NYJ_BUF,2019,17,0.46495600464157244,-1.187399854333576,0.5092369089931829
2019_17_OAK_DEN,2019,17,0.6409862610022299,4.874799708667152,0.48153113311314444
2019_17_PHI_NYG,2019,17,0.40129941108864,-3.374799708667152,0.5184688668868556
2019_17_PIT_BAL,2019,17,0.43199247994651435,-2.312600145666424,0.4907630910068172
2019_17_SF_SEA,2019,17,0.3888127241506954,-3.812600145666424,0.4907630910068172
2019_17_TEN_HOU,2019,17,0.22246451915721077,-10.312600145666424,0.4907630910068172
2019_17_WAS_DAL,2019,17,0.8379625239967181,13.312600145666424,0.5092369089931829
2019_18_BUF_HOU,2019,18,0.5734581056840343,2.5,0.5
2019_18_MIN_NO,2019,18,0.7107426392460281,7.5,0.5
2019_18_SEA_PHI,2019,18,0.5387279850487192,1.312600145666424,0.5092369089931829
2019_18_TEN_NE,2019,18,0.6305586598182363,4.5,0.5
2019_19_HOU_KC,2019,19,0.7634934491917365,9.687399854333576,0.4907630910068172
2019_19_MIN_SF,2019,19,0.7059784772698066,7.3126001456664245,0.5092369089931829
2019_19_SEA_GB,2019,19,0.6392627682108601,4.8126001456664245,0.5092369089931829
2019_19_TEN_BAL,2019,19,0.7775354808427892,10.312600145666424,0.5092369089931829
2019_20_GB_SF,2019,20,0.7232730811922008,8.0,0.5
2019_20_TEN_KC,2019,20,0.7107426392460281,7.5,0.5
2019_21_SF_KC,2019,21,0.5442358810453114,1.5,0.5
2020_01_ARI_SF,2020,1,0.6911133931756746,6.736618243685381,0.4922172256947254
2020_01_CHI_DET,2020,1,0.5657938067985302,2.236618243685381,0.4922172256947254
2020_01_CLE_BAL,2020,1,0.7114200611462068,7.526763512629238,0.5155625869051644
2020_01_DAL_LA,2020,1,0.5372801239967164,1.2633817563146186,0.5077827743052745
2020_01_GB_MIN,2020,1,0.5372801239967164,1.2633817563146186,0.5077827743052745
2020_01_HOU_KC,2020,1,0.7591913433207376,9.5,0.5
2020_01_IND_JAX,2020,1,0.30204827147857694,-7.0,0.5
2020_01_LAC_CIN,2020,1,0.42654189431596573,-2.5,0.5
2020_01_LV_CAR,2020,1,0.40449392316868205,-3.263381756314619,0.4922172256947254
2020_01_MIA_NE,2020,1,0.7107426392460281,7.5,0.5
2020_01_NYJ_BUF,2020,1,0.6918113564098894,6.763381756314619,0.5077827743052745
2020_01_PHI_WAS,2020,1,0.3562920137286655,-4.973236487370762,0.5155625869051644
2020_01_PIT_NYG,2020,1,0.33544214459004346,-5.736618243685381,0.5077827743052745
2020_01_SEA_ATL,2020,1,0.5217572152951019,0.7366182436853814,0.4922172256947254
2020_01_TB_NO,2020,1,0.6239251394256223,4.263381756314619,0.5077827743052745
2020_01_TEN_DEN,2020,1,0.40449392316868205,-3.263381756314619,0.4922172256947254
2020_02_ATL_DAL,2020,2,0.5879295521290574,3.0,0.5
2020_02_BAL_HOU,2020,2,0.28925736075397196,-7.5,0.5
2020_02_BUF_MIA,2020,2,0.3562920137286655,-4.973236487370762,0.5155625869051644
2020_02_CAR_TB,2020,2,0.7107426392460281,7.5,0.5
2020_02_CIN_CLE,2020,2,0.6786597216768618,6.263381756314619,0.5077827743052745
2020_02_DEN_PIT,2020,2,0.6645578554099565,5.736618243685381,0.4922172256947254
2020_02_DET_GB,2020,2,0.7114200611462068,7.526763512629238,0.5155625869051644
2020_02_JAX_TEN,2020,2,0.6842081599426867,6.473236487370762,0.48443741309483557
2020_02_KC_LAC,2020,2,0.2708912025631467,-8.236618243685381,0.5077827743052745
2020_02_LA_PHI,2020,2,0.5511781054571243,1.7366182436853814,0.4922172256947254
2020_02_MIN_IND,2020,2,0.594737770636581,3.236618243685381,0.4922172256947254
2020_02_NE_SEA,2020,2,0.6164980929170679,4.0,0.5
2020_02_NO_LV,2020,2,0.383501907082932,-4.0,0.5
2020_02_NYG_CHI,2020,2,0.6378969623431944,4.763381756314619,0.5077827743052745
2020_02_SF_NYJ,2020,2,0.2952787630050553,-7.263381756314619,0.4922172256947254
2020_02_WAS_ARI,2020,2,0.7107426392460281,7.5,0.5
2020_03_CAR_LAC,2020,3,0.6502202506150027,5.209854731056144,0.47666352052494654
2020_03_CHI_ATL,2020,3,0.5503936267004769,1.709854731056144,0.47666352052494654
2020_03_CIN_PHI,2020,3,0.6509541105074871,5.236618243685381,0.4922172256947254
2020_03_DAL_SEA,2020,3,0.6652801694262187,5.763381756314619,0.5077827743052745
2020_03_DET_ARI,2020,3,0.6305586598182363,4.5,0.5
2020_03_GB_NO,2020,3,0.6097889542235749,3.763381756314619,0.5077827743052745
2020_03_HOU_PIT,2020,3,0.6164980929170679,4.0,0.5
2020_03_KC_BAL,2020,3,0.6022823943305156,3.5,0.5
2020_03_LA_BUF,2020,3,0.5364926111414667,1.2366182436853814,0.4922172256947254
2020_03_LV_NE,2020,3,0.7047212369949447,7.263381756314619,0.5077827743052745
2020_03_MIA_JAX,2020,3,0.5803201091246116,2.736618243685381,0.4922172256947254
2020_03_NYJ_IND,2020,3,0.8327139312965746,13.026763512629238,0.5155625869051644
2020_03_SF_NYG,2020,3,0.42731948687849175,-2.473236487370763,0.5155625869051644
2020_03_TB_DEN,2020,3,0.32836064328188524,-6.0,0.5
2020_03_TEN_MIN,2020,3,0.40449392316868205,-3.263381756314619,0.4922172256947254
2020_03_WAS_CLE,2020,3,0.6904147391216969,6.709854731056144,0.47666352052494654
2020_04_ARI_CAR,2020,4,0.44267790997810436,-1.9464729747415255,0.5311015004454315
2020_04_ATL_GB,2020,4,0.6298102574398329,4.473236487370762,0.48443741309483557
2020_04_BAL_WAS,2020,4,0.1370687713035853,-14.763381756314619,0.4922172256947254
2020_04_BUF_LV,2020,4,0.39695304510980534,-3.526763512629237,0.48443741309483557
2020_04_CLE_DAL,2020,4,0.6097889542235749,3.763381756314619,0.5077827743052745
2020_04_DEN_NYJ,2020,4,0.5372801239967164,1.2633817563146186,0.5077827743052745
2020_04_IND_CHI,2020,4,0.40526222936341905,-3.236618243685381,0.5077827743052745
2020_04_JAX_CIN,2020,4,0.5217572152951019,0.7366182436853814,0.4922172256947254
2020_04_LAC_TB,2020,4,0.7173764377746682,7.763381756314619,0.5077827743052745
2020_04_MIN_HOU,2020,4,0.6097889542235749,3.763381756314619,0.5077827743052745
2020_04_NE_KC,2020,4,0.6979517285214231,7.0,0.5
2020_04_NO_DET,2020,4,0.4349864366243099,-2.209854731056144,0.5233364794750535
2020_04_NYG_LA,2020,4,0.8460194889286567,13.763381756314619,0.5077827743052745
2020_04_PHI_SF,2020,4,0.7291087974368533,8.236618243685381,0.4922172256947254
2020_04_SEA_MIA,2020,4,0.3768275195366114,-4.236618243685381,0.5077827743052745
2020_05_ARI_NYJ,2020,5,0.2885799388537932,-7.526763512629238,0.48443741309483557
2020_05_BUF_TEN,2020,5,0.42731948687849175,-2.473236487370763,0.5155625869051644
2020_05_CAR_ATL,2020,5,0.5734581056840343,2.5,0.5
2020_05_CIN_BAL,2020,5,0.8176421903593005,12.236618243685381,0.4922172256947254
2020_05_IND_CLE,2020,5,0.5217572152951019,0.7366182436853814,0.4922172256947254
2020_05_JAX_HOU,2020,5,0.6849128309162449,6.5,0.5
2020_05_LAC_NO,2020,5,0.7114200611462068,7.526763512629238,0.5155625869051644
2020_05_LA_WAS,2020,5,0.2952787630050553,-7.263381756314619,0.4922172256947254
2020_05_LV_KC,2020,5,0.79241084025005,11.0,0.5
2020_05_MIA_SF,2020,5,0.7226091554127949,7.973236487370762,0.48443741309483557
2020_05_MIN_SEA,2020,5,0.6779492002745635,6.236618243685381,0.4922172256947254
2020_05_NYG_DAL,2020,5,0.6972599615240838,6.973236487370762,0.48443741309483557
2020_05_PHI_PIT,2020,5,0.7239362274469223,8.026763512629238,0.5155625869051644
2020_05_TB_CHI,2020,5,0.42809736191083303,-2.4464729747415257,0.5311015004454315
2020_06_ARI_DAL,2020,6,0.529524277767397,1.0,0.5
2020_06_ATL_MIN,2020,6,0.579545141953581,2.709854731056144,0.47666352052494654
2020_06_BAL_PHI,2020,6,0.2014910920667825,-11.290145268943856,0.47666352052494654
2020_06_CHI_CAR,2020,6,0.5588870740382756,2.0,0.5
2020_06_CIN_IND,2020,6,0.7040365498268428,7.236618243685381,0.4922172256947254
2020_06_CLE_PIT,2020,6,0.595506076831318,3.263381756314619,0.5077827743052745
2020_06_DEN_NE,2020,6,0.7114200611462068,7.526763512629238,0.5155625869051644
2020_06_DET_JAX,2020,6,0.4196798908753884,-2.736618243685381,0.5077827743052745
2020_06_GB_TB,2020,6,0.4120704478709426,-3.0,0.5
2020_06_HOU_TEN,2020,6,0.6164980929170679,4.0,0.5
2020_06_KC_BUF,2020,6,0.33471983057378135,-5.763381756314619,0.4922172256947254
2020_06_LA_SF,2020,6,0.43342620600633835,-2.263381756314619,0.4922172256947254
2020_06_NYJ_MIA,2020,6,0.7770395180038066,10.290145268943856,0.5233364794750535
2020_06_WAS_NYG,2020,6,0.5588870740382756,2.0,0.5
2020_07_BUF_NYJ,2020,7,0.24692635294650356,-9.236618243685381,0.5077827743052745
2020_07_CAR_NO,2020,7,0.6911133931756746,6.736618243685381,0.4922172256947254
2020_07_CHI_LA,2020,7,0.6849128309162449,6.5,0.5
2020_07_CLE_CIN,2020,7,0.36944134018176367,-4.5,0.5
2020_07_DAL_WAS,2020,7,0.47824278470489817,-0.7366182436853814,0.5077827743052745
2020_07_DET_ATL,2020,7,0.5372801239967164,1.2633817563146186,0.5077827743052745
2020_07_GB_HOU,2020,7,0.44189530459826026,-1.9732364873707628,0.5155625869051644
2020_07_JAX_LAC,2020,7,0.7361798149506997,8.526763512629238,0.5155625869051644
2020_07_KC_DEN,2020,7,0.3088866068243255,-6.736618243685381,0.5077827743052745
2020_07_NYG_PHI,2020,7,0.6298102574398329,4.473236487370762,0.48443741309483557
2020_07_PIT_TEN,2020,7,0.5372801239967164,1.2633817563146186,0.5077827743052745
2020_07_SEA_ARI,2020,7,0.40526222936341905,-3.236618243685381,0.5077827743052745
2020_07_SF_NE,2020,7,0.6105494978675768,3.790145268943856,0.5233364794750535
2020_07_TB_LV,2020,7,0.3977176056694844,-3.5,0.5
2020_08_ATL_CAR,2020,8,0.5364926111414667,1.2366182436853814,0.4922172256947254
2020_08_DAL_PHI,2020,8,0.7646162932944955,9.736618243685381,0.4922172256947254
2020_08_IND_DET,2020,8,0.3977176056694844,-3.5,0.5
2020_08_LAC_DEN,2020,8,0.4196798908753884,-2.736618243685381,0.5077827743052745
2020_08_LA_MIA,2020,8,0.3977176056694844,-3.5,0.5
2020_08_LV_CLE,2020,8,0.5139818803600568,0.47323648737076274,0.48443741309483557
2020_08_MIN_GB,2020,8,0.6581456062996048,5.5,0.5
2020_08_NE_BUF,2020,8,0.6239251394256223,4.263381756314619,0.5077827743052745
2020_08_NO_CHI,2020,8,0.3490458894925129,-5.236618243685381,0.5077827743052745
2020_08_NYJ_KC,2020,8,0.933321086491454,20.26338175631462,0.5077827743052745
2020_08_PIT_BAL,2020,8,0.6164980929170679,4.0,0.5
2020_08_SF_SEA,2020,8,0.5372801239967164,1.2633817563146186,0.5077827743052745
2020_08_TB_NYG,2020,8,0.1677830551154279,-13.0,0.5
2020_08_TEN_CIN,2020,8,0.26317271473126524,-8.553527025258475,0.4688984995545685
2020_09_BAL_IND,2020,9,0.529524277767397,1.0,0.5
2020_09_CAR_KC,2020,9,0.7705746740352664,10.0,0.5
2020_09_CHI_TEN,2020,9,0.6849128309162449,6.5,0.5
2020_09_DEN_ATL,2020,9,0.6231724804633886,4.236618243685381,0.4922172256947254
2020_09_DET_MIN,2020,9,0.595506076831318,3.263381756314619,0.5077827743052745
2020_09_GB_SF,2020,9,0.3006668716837245,-7.053527025258474,0.4688984995545685
2020_09_HOU_JAX,2020,9,0.30204827147857694,-7.0,0.5
2020_09_LV_LAC,2020,9,0.4627198760032835,-1.2633817563146186,0.4922172256947254
2020_09_MIA_ARI,2020,9,0.6574174036572358,5.473236487370762,0.48443741309483557
2020_09_NE_NYJ,2020,9,0.24080865667926238,-9.5,0.5
2020_09_NO_TB,2020,9,0.5803201091246116,2.736618243685381,0.4922172256947254
2020_09_NYG_WAS,2020,9,0.5803201091246116,2.736618243685381,0.4922172256947254
2020_09_PIT_DAL,2020,9,0.15913543213901943,-13.473236487370762,0.5155625869051644
2020_09_SEA_BUF,2020,9,0.4196798908753884,-2.736618243685381,0.5077827743052745
2020_10_BAL_NE,2020,10,0.3088866068243255,-6.736618243685381,0.5077827743052745
2020_10_BUF_ARI,2020,10,0.5879295521290574,3.0,0.5
2020_10_CIN_PIT,2020,10,0.7120967346995194,7.553527025258474,0.5311015004454315
2020_10_DEN_LV,2020,10,0.5871577757667514,2.973236487370763,0.48443741309483557
2020_10_HOU_CLE,2020,10,0.6451849239113039,5.026763512629238,0.5155625869051644
2020_10_IND_TEN,2020,10,0.4627198760032835,-1.2633817563146186,0.4922172256947254
2020_10_JAX_GB,2020,10,0.8413447460685429,13.5,0.5
2020_10_LAC_MIA,2020,10,0.5372801239967164,1.2633817563146186,0.5077827743052745
2020_10_MIN_CHI,2020,10,0.39021104577642507,-3.763381756314619,0.4922172256947254
2020_10_PHI_NYG,2020,10,0.36944134018176367,-4.5,0.5
2020_10_SEA_LA,2020,10,0.6105494978675768,3.790145268943856,0.5233364794750535
2020_10_SF_NO,2020,10,0.7652256257384019,9.763381756314619,0.5077827743052745
2020_10_TB_CAR,2020,10,0.31438317041763486,-6.526763512629238,0.48443741309483557
2020_10_WAS_DET,2020,10,0.5887009885590107,3.026763512629237,0.5155625869051644
2020_11_ARI_SEA,2020,11,0.5650135633756901,2.209854731056144,0.47666352052494654
2020_11_ATL_NO,2020,11,0.6022823943305156,3.5,0.5
2020_11_CIN_WAS,2020,11,0.5588870740382756,2.0,0.5
2020_11_DAL_MIN,2020,11,0.7047212369949447,7.263381756314619,0.5077827743052745
2020_11_DET_CAR,2020,11,0.39695304510980534,-3.526763512629237,0.48443741309483557
2020_11_GB_IND,2020,11,0.5364926111414667,1.2366182436853814,0.4922172256947254
2020_11_KC_LV,2020,11,0.29596345017315717,-7.236618243685381,0.5077827743052745
2020_11_LA_TB,2020,11,0.6164980929170679,4.0,0.5
2020_11_MIA_DEN,2020,11,0.3760748605743776,-4.263381756314619,0.4922172256947254
2020_11_NE_HOU,2020,11,0.41890523508075833,-2.763381756314619,0.4922172256947254
2020_11_NYJ_LAC,2020,11,0.7764475681128467,10.263381756314619,0.5077827743052745
2020_11_PHI_CLE,2020,11,0.5734581056840343,2.5,0.5
2020_11_PIT_JAX,2020,11,0.2020490537241545,-11.263381756314619,0.4922172256947254
2020_11_TEN_BAL,2020,11,0.7060884196658919,7.316908781573093,0.5388547083633867
2020_12_ARI_NE,2020,12,0.4704757222326031,-1.0,0.5
2020_12_BAL_PIT,2020,12,0.7873579717359016,10.763381756314619,0.5077827743052745
2020_12_CAR_MIN,2020,12,0.5726805131215083,2.473236487370763,0.48443741309483557
2020_12_CHI_GB,2020,12,0.7239362274469223,8.026763512629238,0.5155625869051644
2020_12_CLE_JAX,2020,12,0.2760637725530777,-8.026763512629238,0.48443741309483557
2020_12_HOU_DET,2020,12,0.40449392316868205,-3.263381756314619,0.4922172256947254
2020_12_KC_TB,2020,12,0.3827451998275173,-4.026763512629238,0.48443741309483557
2020_12_LAC_BUF,2020,12,0.6305586598182363,4.5,0.5
2020_12_LV_ATL,2020,12,0.3827451998275173,-4.026763512629238,0.48443741309483557
2020_12_MIA_NYJ,2020,12,0.29596345017315717,-7.236618243685381,0.5077827743052745
2020_12_NO_DEN,2020,12,0.10753403114527343,-16.73661824368538,0.5077827743052745
2020_12_NYG_CIN,2020,12,0.3150871690837551,-6.5,0.5
2020_12_SEA_PHI,2020,12,0.3220507997254365,-6.236618243685381,0.5077827743052745
2020_12_SF_LA,2020,12,0.6444467262025981,5.0,0.5
2020_12_TEN_IND,2020,12,0.5803201091246116,2.736618243685381,0.4922172256947254
2020_12_WAS_DAL,2020,12,0.5810947649192417,2.763381756314619,0.5077827743052745
2020_13_BUF_SF,2020,13,0.5442358810453114,1.5,0.5
2020_13_CIN_MIA,2020,13,0.7873579717359016,10.763381756314619,0.5077827743052745
2020_13_CLE_TEN,2020,13,0.5939690991798715,3.209854731056144,0.47666352052494654
2020_13_DAL_BAL,2020,13,0.7418758580205687,8.763381756314619,0.5077827743052745
2020_13_DEN_KC,2020,13,0.8322169448845721,13.0,0.5
2020_13_DET_CHI,2020,13,0.6030469548901947,3.526763512629237,0.5155625869051644
2020_13_IND_HOU,2020,13,0.420454858046419,-2.709854731056144,0.5233364794750535
2020_13_JAX_MIN,2020,13,0.7816499846386211,10.5,0.5
2020_13_LA_ARI,2020,13,0.41890523508075833,-2.763381756314619,0.4922172256947254
2020_13_LV_NYJ,2020,13,0.30958526087830307,-6.709854731056144,0.5233364794750535
2020_13_NE_LAC,2020,13,0.5734581056840343,2.5,0.5
2020_13_NO_ATL,2020,13,0.41890523508075833,-2.763381756314619,0.4922172256947254
2020_13_NYG_SEA,2020,13,0.7867819631334011,10.736618243685381,0.4922172256947254
2020_13_PHI_GB,2020,13,0.7100644708367376,7.473236487370762,0.48443741309483557
2020_13_WAS_PIT,2020,13,0.6437079862713345,4.973236487370762,0.48443741309483557
2020_14_ARI_NYG,2020,14,0.4120704478709426,-3.0,0.5
2020_14_ATL_LAC,2020,14,0.5604511390507482,2.0535270252584743,0.5311015004454315
2020_14_BAL_CLE,2020,14,0.39695304510980534,-3.526763512629237,0.48443741309483557
2020_14_DAL_CIN,2020,14,0.42731948687849175,-2.473236487370763,0.5155625869051644
2020_14_DEN_CAR,2020,14,0.6090279901455409,3.736618243685381,0.4922172256947254
2020_14_GB_DET,2020,14,0.22296048199619345,-10.290145268943856,0.47666352052494654
2020_14_HOU_CHI,2020,14,0.4627198760032835,-1.2633817563146186,0.4922172256947254
2020_14_IND_LV,2020,14,0.42654189431596573,-2.5,0.5
2020_14_KC_MIA,2020,14,0.2760637725530777,-8.026763512629238,0.48443741309483557
2020_14_MIN_TB,2020,14,0.7047212369949447,7.263381756314619,0.5077827743052745
2020_14_NE_LA,2020,14,0.6444467262025981,5.0,0.5
2020_14_NO_PHI,2020,14,0.2826235622253318,-7.763381756314619,0.4922172256947254
2020_14_NYJ_SEA,2020,14,0.9065442601287561,17.816908781573094,0.5388547083633867
2020_14_PIT_BUF,2020,14,0.5742354128243125,2.526763512629237,0.5155625869051644
2020_14_TEN_JAX,2020,14,0.29596345017315717,-7.236618243685381,0.5077827743052745
2020_14_WAS_SF,2020,14,0.5803201091246116,2.736618243685381,0.4922172256947254
2020_15_BUF_DEN,2020,15,0.34185439370039516,-5.5,0.5
2020_15_CAR_GB,2020,15,0.7711753666281442,10.026763512629238,0.5155625869051644
2020_15_CHI_MIN,2020,15,0.5734581056840343,2.5,0.5
2020_15_CLE_NYG,2020,15,0.33544214459004346,-5.736618243685381,0.5077827743052745
2020_15_DET_TEN,2020,15,0.7711753666281442,10.026763512629238,0.5155625869051644
2020_15_HOU_IND,2020,15,0.7107426392460281,7.5,0.5
2020_15_JAX_BAL,2020,15,0.8322169448845721,13.0,0.5
2020_15_KC_NO,2020,15,0.41890523508075833,-2.763381756314619,0.4922172256947254
2020_15_LAC_LV,2020,15,0.5871577757667514,2.973236487370763,0.48443741309483557
2020_15_NE_MIA,2020,15,0.4557641189546886,-1.5,0.5
2020_15_NYJ_LA,2020,15,0.902563287948533,17.5,0.5
2020_15_PHI_ARI,2020,15,0.6779492002745635,6.236618243685381,0.4922172256947254
2020_15_PIT_CIN,2020,15,0.1370687713035853,-14.763381756314619,0.4922172256947254
2020_15_SEA_WAS,2020,15,0.32134027832313816,-6.263381756314619,0.4922172256947254
2020_15_SF_DAL,2020,15,0.3760748605743776,-4.263381756314619,0.4922172256947254
2020_15_TB_ATL,2020,15,0.3006668716837245,-7.053527025258474,0.4688984995545685
2020_16_ATL_KC,2020,16,0.8140322789396224,12.053527025258475,0.5311015004454315
2020_16_BUF_NE,2020,16,0.30204827147857694,-7.0,0.5
2020_16_CAR_WAS,2020,16,0.48601811963994324,-0.47323648737076274,0.5155625869051644
2020_16_CHI_JAX,2020,16,0.24692635294650356,-9.236618243685381,0.5077827743052745
2020_16_CIN_HOU,2020,16,0.7107426392460281,7.5,0.5
2020_16_CLE_NYJ,2020,16,0.3220507997254365,-6.236618243685381,0.5077827743052745
2020_16_DEN_LAC,2020,16,0.5657938067985302,2.236618243685381,0.4922172256947254
2020_16_IND_PIT,2020,16,0.48601811963994324,-0.47323648737076274,0.5155625869051644
2020_16_LA_SEA,2020,16,0.5364926111414667,1.2366182436853814,0.4922172256947254
2020_16_MIA_LV,2020,16,0.44882189454287563,-1.7366182436853814,0.5077827743052745
2020_16_MIN_NO,2020,16,0.6849128309162449,6.5,0.5
2020_16_NYG_BAL,2020,16,0.7646162932944955,9.736618243685381,0.4922172256947254
2020_16_PHI_DAL,2020,16,0.4120704478709426,-3.0,0.5
2020_16_SF_ARI,2020,16,0.6925086267669732,6.790145268943856,0.5233364794750535
2020_16_TB_DET,2020,16,0.17672754121393563,-12.526763512629238,0.48443741309483557
2020_16_TEN_GB,2020,16,0.5879295521290574,3.0,0.5
2020_17_ARI_LA,2020,17,0.5217572152951019,0.7366182436853814,0.4922172256947254
2020_17_ATL_TB,2020,17,0.7173764377746682,7.763381756314619,0.5077827743052745
2020_17_BAL_CIN,2020,17,0.15865525393145707,-13.5,0.5
2020_17_DAL_NYG,2020,17,0.47126450885052507,-0.9732364873707627,0.5155625869051644
2020_17_GB_CHI,2020,17,0.3621030376568056,-4.763381756314619,0.4922172256947254
2020_17_JAX_IND,2020,17,0.8745462947506933,15.5,0.5
2020_17_LAC_KC,2020,17,0.30204827147857694,-7.0,0.5
2020_17_LV_DEN,2020,17,0.43420619320146975,-2.236618243685381,0.5077827743052745
2020_17_MIA_BUF,2020,17,0.39021104577642507,-3.763381756314619,0.4922172256947254
2020_17_MIN_DET,2020,17,0.4349864366243099,-2.209854731056144,0.5233364794750535
2020_17_NO_CAR,2020,17,0.3074913732330268,-6.790145268943856,0.47666352052494654
2020_17_NYJ_NE,2020,17,0.5879295521290574,3.0,0.5
2020_17_PIT_CLE,2020,17,0.7929778614744646,11.026763512629238,0.5155625869051644
2020_17_SEA_SF,2020,17,0.2754014075110449,-8.053527025258475,0.4688984995545685
2020_17_TEN_HOU,2020,17,0.2952787630050553,-7.263381756314619,0.4922172256947254
2020_17_WAS_PHI,2020,17,0.2812843709104994,-7.816908781573093,0.46114529163661333
2020_18_BAL_TEN,2020,18,0.3977176056694844,-3.5,0.5
2020_18_CHI_NO,2020,18,0.8034016061715319,11.526763512629238,0.5155625869051644
2020_18_CLE_PIT,2020,18,0.6588732210263519,5.526763512629238,0.5155625869051644
2020_18_IND_BUF,2020,18,0.7047212369949447,7.263381756314619,0.5077827743052745
2020_18_LA_SEA,2020,18,0.5803201091246116,2.736618243685381,0.4922172256947254
2020_18_TB_WAS,2020,18,0.22942532596473364,-10.0,0.5
2020_19_BAL_BUF,2020,19,0.5734581056840343,2.5,0.5
2020_19_CLE_KC,2020,19,0.7040365498268428,7.236618243685381,0.4922172256947254
2020_19_LA_GB,2020,19,0.7180464164363185,7.790145268943856,0.5233364794750535
2020_19_TB_NO,2020,19,0.5734581056840343,2.5,0.5
2020_20_BUF_KC,2020,20,0.5879295521290574,3.0,0.5
2020_20_TB_GB,2020,20,0.5879295521290574,3.0,0.5
2020_21_KC_TB,2020,21,0.4196798908753884,-2.736618243685381,0.5077827743052745
2021_01_ARI_TEN,2021,1,0.5647608469428242,2.201188047521901,0.4911704452899007
2021_01_BAL_LV,2021,1,0.42070587773019213,-2.701188047521901,0.5088295547100993
2021_01_CHI_LA,2021,1,0.7591913433207376,9.5,0.5
2021_01_CLE_KC,2021,1,0.6499824882266598,5.201188047521901,0.4911704452899007
2021_01_DAL_TB,2021,1,0.7638083031401779,9.701188047521901,0.4911704452899007
2021_01_DEN_NYG,2021,1,0.4034773872160868,-3.298811952478099,0.4911704452899007
2021_01_GB_NO,2021,1,0.383501907082932,-4.0,0.5
2021_01_JAX_HOU,2021,1,0.38920430997274674,-3.798811952478099,0.4911704452899007
2021_01_LAC_WAS,2021,1,0.5734581056840343,2.5,0.5
2021_01_MIA_NE,2021,1,0.6022823943305156,3.5,0.5
2021_01_MIN_CIN,2021,1,0.42070587773019213,-2.701188047521901,0.5088295547100993
2021_01_NYJ_CAR,2021,1,0.6107956900272533,3.798811952478099,0.5088295547100993
2021_01_PHI_ATL,2021,1,0.6107956900272533,3.798811952478099,0.5088295547100993
2021_01_PIT_BUF,2021,1,0.6849128309162449,6.5,0.5
2021_01_SEA_IND,2021,1,0.3949306759744428,-3.5976239049561984,0.48234521515135814
2021_01_SF_DET,2021,1,0.24080865667926238,-9.5,0.5
2021_02_ATL_TB,2021,2,0.8413447460685429,13.5,0.5
2021_02_BUF_MIA,2021,2,0.38920430997274674,-3.798811952478099,0.4911704452899007
2021_02_CIN_CHI,2021,2,0.5676059610233176,2.298811952478099,0.5088295547100993
2021_02_DAL_LAC,2021,2,0.5792941222698078,2.701188047521901,0.4911704452899007
2021_02_DEN_JAX,2021,2,0.32836064328188524,-6.0,0.5
2021_02_DET_GB,2021,2,0.8028518384657922,11.5,0.5
2021_02_HOU_CLE,2021,2,0.8359296444048749,13.201188047521901,0.4911704452899007
2021_02_KC_BAL,2021,2,0.38074387175954605,-4.097623904956198,0.48234521515135814
2021_02_LA_IND,2021,2,0.35841489118567893,-4.896435857434297,0.4735286278026529
2021_02_LV_PIT,2021,2,0.6662354461612597,5.798811952478099,0.5088295547100993
2021_02_MIN_ARI,2021,2,0.624920802831151,4.298811952478099,0.5088295547100993
2021_02_NE_NYJ,2021,2,0.3500175117733401,-5.201188047521901,0.5088295547100993
2021_02_NO_CAR,2021,2,0.42937963535427304,-2.4023760950438016,0.5176547848486418
2021_02_NYG_WAS,2021,2,0.6332843588360406,4.597623904956198,0.5176547848486418
2021_02_SF_PHI,2021,2,0.4120704478709426,-3.0,0.5
2021_02_TEN_SEA,2021,2,0.6849128309162449,6.5,0.5
2021_03_ARI_JAX,2021,3,0.284183423626083,-7.701188047521901,0.5088295547100993
2021_03_ATL_NYG,2021,3,0.6050693240255571,3.5976239049561984,0.5176547848486418
2021_03_BAL_DET,2021,3,0.28925736075397196,-7.5,0.5
2021_03_CAR_HOU,2021,3,0.25494940985866266,-8.896435857434298,0.4735286278026529
2021_03_CHI_CLE,2021,3,0.7256882292771789,8.097623904956198,0.5176547848486418
2021_03_CIN_PIT,2021,3,0.5734581056840343,2.5,0.5
2021_03_GB_SF,2021,3,0.6022823943305156,3.5,0.5
2021_03_IND_TEN,2021,3,0.6305586598182363,4.5,0.5
2021_03_LAC_KC,2021,3,0.6927342712010083,6.798811952478099,0.5088295547100993
2021_03_MIA_LV,2021,3,0.624920802831151,4.298811952478099,0.5088295547100993
2021_03_NO_NE,2021,3,0.5879295521290574,3.0,0.5
2021_03_NYJ_DEN,2021,3,0.7881191066427968,10.798811952478099,0.5088295547100993
2021_03_PHI_DAL,2021,3,0.6107956900272533,3.798811952478099,0.5088295547100993
2021_03_SEA_MIN,2021,3,0.4323940389766824,-2.298811952478099,0.4911704452899007
2021_03_TB_LA,2021,3,0.4792883085619409,-0.7011880475219008,0.5088295547100993
2021_03_WAS_BUF,2021,3,0.7107426392460281,7.5,0.5
2021_04_ARI_LA,2021,4,0.6107956900272533,3.798811952478099,0.5088295547100993
2021_04_BAL_DEN,2021,4,0.5558583316016713,1.8964358574342974,0.5264713721973471
2021_04_CAR_DAL,2021,4,0.6305586598182363,4.5,0.5
2021_04_CLE_MIN,2021,4,0.4792883085619409,-0.7011880475219008,0.5088295547100993
2021_04_DET_CHI,2021,4,0.5879295521290574,3.0,0.5
2021_04_HOU_BUF,2021,4,0.9135806414909025,18.402376095043802,0.48234521515135814
2021_04_IND_MIA,2021,4,0.6078508882215318,3.695247809912397,0.5352750112289326
2021_04_JAX_CIN,2021,4,0.6797567435568742,6.304752190087603,0.4647249887710674
2021_04_KC_PHI,2021,4,0.2817367921016569,-7.798811952478099,0.4911704452899007
2021_04_LV_LAC,2021,4,0.5792941222698078,2.701188047521901,0.4911704452899007
2021_04_NYG_NO,2021,4,0.7107426392460281,7.5,0.5
2021_04_PIT_GB,2021,4,0.6849128309162449,6.5,0.5
2021_04_SEA_SF,2021,4,0.5821197893878298,2.798811952478099,0.5088295547100993
2021_04_TB_NE,2021,4,0.3445134425342278,-5.402376095043802,0.5176547848486418
2021_04_TEN_NYJ,2021,4,0.3500175117733401,-5.201188047521901,0.5088295547100993
2021_04_WAS_ATL,2021,4,0.4704757222326031,-1.0,0.5
2021_05_BUF_KC,2021,5,0.5647608469428242,2.201188047521901,0.4911704452899007
2021_05_CHI_LV,2021,5,0.6662354461612597,5.798811952478099,0.5088295547100993
2021_05_CLE_LAC,2021,5,0.5993201711826804,3.396435857434297,0.5264713721973471
2021_05_DEN_PIT,2021,5,0.4323940389766824,-2.298811952478099,0.4911704452899007
2021_05_DET_MIN,2021,5,0.7705746740352664,10.0,0.5
2021_05_GB_CIN,2021,5,0.4323940389766824,-2.298811952478099,0.4911704452899007
2021_05_IND_BAL,2021,5,0.7182632078983431,7.798811952478099,0.5088295547100993
2021_05_LA_SEA,2021,5,0.42654189431596573,-2.5,0.5
2021_05_MIA_TB,2021,5,0.7795120722396771,10.402376095043802,0.48234521515135814
2021_05_NE_HOU,2021,5,0.2621076843196576,-8.597623904956198,0.48234521515135814
2021_05_NO_WAS,2021,5,0.41788021061217023,-2.798811952478099,0.4911704452899007
2021_05_NYG_DAL,2021,5,0.7256882292771789,8.097623904956198,0.5176547848486418
2021_05_NYJ_ATL,2021,5,0.570620364645727,2.4023760950438016,0.48234521515135814
2021_05_PHI_CAR,2021,5,0.5560321443221398,1.9023760950438016,0.48234521515135814
2021_05_SF_ARI,2021,5,0.6636007023766615,5.701188047521901,0.4911704452899007
2021_05_TEN_JAX,2021,5,0.40050976519937187,-3.4023760950438016,0.5176547848486418
2021_06_ARI_CLE,2021,6,0.5879295521290574,3.0,0.5
2021_06_BUF_TEN,2021,6,0.320400677748996,-6.298811952478099,0.4911704452899007
2021_06_CIN_DET,2021,6,0.3977176056694844,-3.5,0.5
2021_06_DAL_NE,2021,6,0.4062798933589477,-3.201188047521901,0.5088295547100993
2021_06_GB_CHI,2021,6,0.34185439370039516,-5.5,0.5
2021_06_HOU_IND,2021,6,0.800715706803113,11.396435857434298,0.5264713721973471
2021_06_KC_WAS,2021,6,0.320400677748996,-6.298811952478099,0.4911704452899007
2021_06_LAC_BAL,2021,6,0.5879295521290574,3.0,0.5
2021_06_LA_NYG,2021,6,0.2817367921016569,-7.798811952478099,0.4911704452899007
2021_06_LV_DEN,2021,6,0.6526572893717523,5.298811952478099,0.5088295547100993
2021_06_MIA_JAX,2021,6,0.4352391530571757,-2.201188047521901,0.5088295547100993
2021_06_MIN_CAR,2021,6,0.40925818142887727,-3.0976239049561984,0.48234521515135814
2021_06_SEA_PIT,2021,6,0.6662354461612597,5.798811952478099,0.5088295547100993
2021_06_TB_PHI,2021,6,0.31766079209667836,-6.402376095043802,0.5176547848486418
2021_07_ATL_MIA,2021,7,0.4645501372269951,-1.2011880475219008,0.5088295547100993
2021_07_CAR_NYG,2021,7,0.42070587773019213,-2.701188047521901,0.5088295547100993
2021_07_CHI_TB,2021,7,0.8169470700789558,12.201188047521901,0.4911704452899007
2021_07_CIN_BAL,2021,7,0.6770075935421926,6.201188047521901,0.4911704452899007
2021_07_DEN_CLE,2021,7,0.5413675957669799,1.4023760950438016,0.48234521515135814
2021_07_DET_LA,2021,7,0.8960316482519415,17.0,0.5
2021_07_HOU_ARI,2021,7,0.9382993373162614,20.7988119524781,0.5088295547100993
2021_07_IND_SF,2021,7,0.619256128240454,4.097623904956198,0.5176547848486418
2021_07_KC_TEN,2021,7,0.3750791971688489,-4.298811952478099,0.4911704452899007
2021_07_NO_SEA,2021,7,0.32836064328188524,-6.0,0.5
2021_07_NYJ_NE,2021,7,0.6979517285214231,7.0,0.5
2021_07_PHI_LV,2021,7,0.5383224276565286,1.2988119524780992,0.5088295547100993
2021_07_WAS_GB,2021,7,0.7498119394400389,9.097623904956198,0.5176547848486418
2021_08_CAR_ATL,2021,8,0.5734581056840343,2.5,0.5
2021_08_CIN_NYJ,2021,8,0.18509426097303666,-12.097623904956198,0.48234521515135814
2021_08_DAL_MIN,2021,8,0.6305586598182363,4.5,0.5
2021_08_GB_ARI,2021,8,0.6609579000994685,5.603564142565703,0.4735286278026529
2021_08_JAX_SEA,2021,8,0.608019965192122,3.701188047521901,0.4911704452899007
2021_08_LA_HOU,2021,8,0.10802033236865577,-16.7011880475219,0.5088295547100993
2021_08_MIA_BUF,2021,8,0.8619179620810001,14.701188047521901,0.4911704452899007
2021_08_NE_LAC,2021,8,0.5937201066410522,3.201188047521901,0.4911704452899007
2021_08_NYG_KC,2021,8,0.7944747026924289,11.097623904956198,0.5176547848486418
2021_08_PHI_DET,2021,8,0.42937963535427304,-2.4023760950438016,0.5176547848486418
2021_08_PIT_CLE,2021,8,0.6417494625617398,4.902376095043802,0.48234521515135814
2021_08_SF_CHI,2021,8,0.386265858184892,-3.9023760950438016,0.5176547848486418
2021_08_TB_NO,2021,8,0.383501907082932,-4.0,0.5
2021_08_TEN_IND,2021,8,0.6050693240255571,3.5976239049561984,0.5176547848486418
2021_08_WAS_DEN,2021,8,0.624920802831151,4.298811952478099,0.5088295547100993
2021_09_ARI_SF,2021,9,0.674248738908253,6.097623904956198,0.5176547848486418
2021_09_ATL_NO,2021,9,0.6979517285214231,7.0,0.5
2021_09_BUF_JAX,2021,9,0.15155062710353512,-13.902376095043802,0.5176547848486418
2021_09_CHI_PIT,2021,9,0.7280929242269848,8.195247809912397,0.5352750112289326
2021_09_CLE_CIN,2021,9,0.5907418185711227,3.0976239049561984,0.5176547848486418
2021_09_DEN_DAL,2021,9,0.7881191066427968,10.798811952478099,0.5088295547100993
2021_09_GB_KC,2021,9,0.6901883500282389,6.701188047521901,0.4911704452899007
2021_09_HOU_MIA,2021,9,0.6332843588360406,4.597623904956198,0.5176547848486418
2021_09_LAC_PHI,2021,9,0.48811103167645553,-0.4023760950438017,0.5176547848486418
2021_09_LV_NYG,2021,9,0.38643422760637935,-3.896435857434297,0.4735286278026529
2021_09_MIN_BAL,2021,9,0.6954249880642629,6.902376095043802,0.48234521515135814
2021_09_NE_CAR,2021,9,0.3977176056694844,-3.5,0.5
2021_09_NYJ_IND,2021,9,0.7816499846386211,10.5,0.5
2021_09_TEN_LA,2021,9,0.720699639968206,7.896435857434297,0.5264713721973471
2021_10_ATL_DAL,2021,10,0.7232730811922008,8.0,0.5
2021_10_BAL_MIA,2021,10,0.27176109360426515,-8.201188047521901,0.5088295547100993
2021_10_BUF_NYJ,2021,10,0.1677830551154279,-13.0,0.5
2021_10_CAR_ARI,2021,10,0.6744072415494421,6.103564142565703,0.4735286278026529
2021_10_CLE_NE,2021,10,0.5734581056840343,2.5,0.5
2021_10_DET_PIT,2021,10,0.7403848882454824,8.701188047521901,0.4911704452899007
2021_10_JAX_IND,2021,10,0.7683760834435838,9.902376095043802,0.48234521515135814
2021_10_KC_LV,2021,10,0.4352391530571757,-2.201188047521901,0.5088295547100993
2021_10_LA_SF,2021,10,0.4235356362939302,-2.603564142565703,0.5264713721973471
2021_10_MIN_LAC,2021,10,0.5792941222698078,2.701188047521901,0.4911704452899007
2021_10_NO_TEN,2021,10,0.561912376261975,2.103564142565703,0.4735286278026529
2021_10_PHI_DEN,2021,10,0.5118889683235445,0.4023760950438017,0.48234521515135814
2021_10_SEA_GB,2021,10,0.5792941222698078,2.701188047521901,0.4911704452899007
2021_10_TB_WAS,2021,10,0.22942532596473364,-10.0,0.5
2021_11_ARI_SEA,2021,11,0.5821197893878298,2.798811952478099,0.5088295547100993
2021_11_BAL_CHI,2021,11,0.3555532737974019,-5.0,0.5
2021_11_CIN_LV,2021,11,0.4704757222326031,-1.0,0.5
2021_11_DAL_KC,2021,11,0.5734581056840343,2.5,0.5
2021_11_DET_CLE,2021,11,0.8430882066038747,13.597623904956198,0.5176547848486418
2021_11_GB_MIN,2021,11,0.49693957704001285,-0.10356414256570257,0.5264713721973471
2021_11_HOU_TEN,2021,11,0.7546641596919226,9.304752190087603,0.4647249887710674
2021_11_IND_BUF,2021,11,0.7107426392460281,7.5,0.5
2021_11_MIA_NYJ,2021,11,0.38920430997274674,-3.798811952478099,0.4911704452899007
2021_11_NE_ATL,2021,11,0.30204827147857694,-7.0,0.5
2021_11_NO_PHI,2021,11,0.5907418185711227,3.0976239049561984,0.5176547848486418
2021_11_NYG_TB,2021,11,0.8149057390269634,12.097623904956198,0.5176547848486418
2021_11_PIT_LAC,2021,11,0.674248738908253,6.097623904956198,0.5176547848486418
2021_11_SF_JAX,2021,11,0.32299240645780736,-6.201188047521901,0.5088295547100993
2021_11_WAS_CAR,2021,11,0.6107956900272533,3.798811952478099,0.5088295547100993
2021_12_ATL_JAX,2021,12,0.4469996812143995,-1.7988119524780992,0.4911704452899007
2021_12_BUF_NO,2021,12,0.2793003600317941,-7.896435857434297,0.4735286278026529
2021_12_CAR_MIA,2021,12,0.4792883085619409,-0.7011880475219008,0.5088295547100993
2021_12_CHI_DET,2021,12,0.4237079508736191,-2.5976239049561984,0.48234521515135814
2021_12_CLE_BAL,2021,12,0.5792941222698078,2.701188047521901,0.4911704452899007
2021_12_LAC_DEN,2021,12,0.41788021061217023,-2.798811952478099,0.4911704452899007
2021_12_LA_GB,2021,12,0.4237079508736191,-2.5976239049561984,0.48234521515135814
2021_12_LV_DAL,2021,12,0.6979517285214231,7.0,0.5
2021_12_MIN_SF,2021,12,0.6107956900272533,3.798811952478099,0.5088295547100993
2021_12_NYJ_HOU,2021,12,0.5792941222698078,2.701188047521901,0.4911704452899007
2021_12_PHI_NYG,2021,12,0.3750791971688489,-4.298811952478099,0.4911704452899007
2021_12_PIT_CIN,2021,12,0.6022823943305156,3.5,0.5
2021_12_SEA_WAS,2021,12,0.4704757222326031,-1.0,0.5
2021_12_TB_IND,2021,12,0.42070587773019213,-2.701188047521901,0.5088295547100993
2021_12_TEN_NE,2021,12,0.7402422506765317,8.695247809912397,0.5352750112289326
2021_13_ARI_CHI,2021,13,0.28925736075397196,-7.5,0.5
2021_13_BAL_PIT,2021,13,0.383501907082932,-4.0,0.5
2021_13_DAL_NO,2021,13,0.3047290625778766,-6.896435857434297,0.4735286278026529
2021_13_DEN_KC,2021,13,0.7282389063957349,8.201188047521901,0.4911704452899007
2021_13_IND_HOU,2021,13,0.2162240936807558,-10.597623904956198,0.48234521515135814
2021_13_JAX_LA,2021,13,0.8501407016943955,14.0,0.5
2021_13_LAC_CIN,2021,13,0.5647608469428242,2.201188047521901,0.4911704452899007
2021_13_MIN_DET,2021,13,0.30204827147857694,-7.0,0.5
2021_13_NE_BUF,2021,13,0.5879295521290574,3.0,0.5
2021_13_NYG_MIA,2021,13,0.7156673759852827,7.695247809912397,0.5352750112289326
2021_13_PHI_NYJ,2021,13,0.3555532737974019,-5.0,0.5
2021_13_SF_SEA,2021,13,0.42937963535427304,-2.4023760950438016,0.5176547848486418
2021_13_TB_ATL,2021,13,0.2139819691158374,-10.701188047521901,0.5088295547100993
2021_13_WAS_LV,2021,13,0.5471018626238363,1.5976239049561984,0.5176547848486418
2021_14_ATL_CAR,2021,14,0.5560321443221398,1.9023760950438016,0.48234521515135814
2021_14_BAL_CLE,2021,14,0.5879295521290574,3.0,0.5
2021_14_BUF_TB,2021,14,0.5937201066410522,3.201188047521901,0.4911704452899007
2021_14_CHI_GB,2021,14,0.8028518384657922,11.5,0.5
2021_14_DAL_WAS,2021,14,0.30726572879899167,-6.798811952478099,0.4911704452899007
2021_14_DET_DEN,2021,14,0.8483460506291647,13.896435857434298,0.5264713721973471
2021_14_JAX_TEN,2021,14,0.7282389063957349,8.201188047521901,0.4911704452899007
2021_14_LA_ARI,2021,14,0.6050693240255571,3.5976239049561984,0.5176547848486418
2021_14_LV_KC,2021,14,0.7837759063192442,10.597623904956198,0.5176547848486418
2021_14_NO_NYJ,2021,14,0.36111967471688644,-4.798811952478099,0.4911704452899007
2021_14_NYG_LAC,2021,14,0.7660309319882425,9.798811952478099,0.5088295547100993
2021_14_PIT_MIN,2021,14,0.5937201066410522,3.201188047521901,0.4911704452899007
2021_14_SEA_HOU,2021,14,0.2361916968598221,-9.701188047521901,0.5088295547100993
2021_14_SF_CIN,2021,14,0.4352391530571757,-2.201188047521901,0.5088295547100993
2021_15_ARI_DET,2021,15,0.16228816880614477,-13.298811952478099,0.4911704452899007
2021_15_ATL_SF,2021,15,0.7451918489615538,8.902376095043802,0.48234521515135814
2021_15_CAR_BUF,2021,15,0.8449239226876992,13.701188047521901,0.4911704452899007
2021_15_CIN_DEN,2021,15,0.5965226127839132,3.298811952478099,0.5088295547100993
2021_15_DAL_NYG,2021,15,0.19714816153420778,-11.5,0.5
2021_15_GB_BAL,2021,15,0.23396906801175754,-9.798811952478099,0.4911704452899007
2021_15_HOU_JAX,2021,15,0.6874775087468546,6.597623904956198,0.5176547848486418
2021_15_KC_LAC,2021,15,0.42070587773019213,-2.701188047521901,0.5088295547100993
2021_15_LV_CLE,2021,15,0.42937963535427304,-2.4023760950438016,0.5176547848486418
2021_15_MIN_CHI,2021,15,0.30204827147857694,-7.0,0.5
2021_15_NE_IND,2021,15,0.4616775723434714,-1.2988119524780992,0.4911704452899007
2021_15_NO_TB,2021,15,0.796650775267884,11.201188047521901,0.4911704452899007
2021_15_NYJ_MIA,2021,15,0.7881191066427968,10.798811952478099,0.5088295547100993
2021_15_SEA_LA,2021,15,0.7107426392460281,7.5,0.5
2021_15_TEN_PIT,2021,15,0.5558583316016713,1.8964358574342974,0.5264713721973471
2021_15_WAS_PHI,2021,15,0.7705746740352664,10.0,0.5
2021_16_BAL_CIN,2021,16,0.7182632078983431,7.798811952478099,0.5088295547100993
2021_16_BUF_NE,2021,16,0.5207116914380591,0.7011880475219008,0.4911704452899007
2021_16_CHI_SEA,2021,16,0.720699639968206,7.896435857434297,0.5264713721973471
2021_16_CLE_GB,2021,16,0.7107426392460281,7.5,0.5
2021_16_DEN_LV,2021,16,0.4704757222326031,-1.0,0.5
2021_16_DET_ATL,2021,16,0.7107426392460281,7.5,0.5
2021_16_IND_ARI,2021,16,0.5965226127839132,3.298811952478099,0.5088295547100993
2021_16_JAX_NYJ,2021,16,0.5647608469428242,2.201188047521901,0.4911704452899007
2021_16_LAC_HOU,2021,16,0.15335868976595662,-13.798811952478099,0.4911704452899007
2021_16_LA_MIN,2021,16,0.4062798933589477,-3.201188047521901,0.5088295547100993
2021_16_MIA_NO,2021,16,0.4120704478709426,-3.0,0.5
2021_16_NYG_PHI,2021,16,0.79241084025005,11.0,0.5
2021_16_PIT_KC,2021,16,0.7944747026924289,11.097623904956198,0.5176547848486418
2021_16_SF_TEN,2021,16,0.38920430997274674,-3.798811952478099,0.4911704452899007
2021_16_TB_CAR,2021,16,0.21609512317335805,-10.603564142565702,0.5264713721973471
2021_16_WAS_DAL,2021,16,0.7944747026924289,11.097623904956198,0.5176547848486418
2021_17_ARI_DAL,2021,17,0.6927342712010083,6.798811952478099,0.5088295547100993
2021_17_ATL_BUF,2021,17,0.8501407016943955,14.0,0.5
2021_17_CAR_NO,2021,17,0.705626519649756,7.298811952478099,0.5088295547100993
2021_17_CLE_PIT,2021,17,0.49693957704001285,-0.10356414256570257,0.5264713721973471
2021_17_DEN_LAC,2021,17,0.7306324247839527,8.298811952478099,0.5088295547100993
2021_17_DET_SEA,2021,17,0.73553153338876,8.5,0.5
2021_17_HOU_SF,2021,17,0.8395886322317916,13.402376095043802,0.48234521515135814
2021_17_JAX_NE,2021,17,0.8906315319481752,16.603564142565702,0.4735286278026529
2021_17_KC_CIN,2021,17,0.3977176056694844,-3.5,0.5
2021_17_LA_BAL,2021,17,0.2646124644015286,-8.494059762390496,0.45593858458621717
2021_17_LV_IND,2021,17,0.7208475613734309,7.902376095043802,0.48234521515135814
2021_17_MIA_TEN,2021,17,0.5879295521290574,3.0,0.5
2021_17_MIN_GB,2021,17,0.8208723129741291,12.402376095043802,0.48234521515135814
2021_17_NYG_CHI,2021,17,0.705626519649756,7.298811952478099,0.5088295547100993
2021_17_PHI_WAS,2021,17,0.29953098754390073,-7.097623904956198,0.48234521515135814
2021_17_TB_NYJ,2021,17,0.14641357239552766,-14.201188047521901,0.5088295547100993
2021_18_CAR_TB,2021,18,0.7795120722396771,10.402376095043802,0.48234521515135814
2021_18_CHI_MIN,2021,18,0.6022823943305156,3.5,0.5
2021_18_CIN_CLE,2021,18,0.6927342712010083,6.798811952478099,0.5088295547100993
2021_18_DAL_PHI,2021,18,0.3150871690837551,-6.5,0.5
2021_18_GB_DET,2021,18,0.391980034807878,-3.701188047521901,0.5088295547100993
2021_18_IND_JAX,2021,18,0.16041136776820847,-13.402376095043802,0.5176547848486418
2021_18_KC_DEN,2021,18,0.18509426097303666,-12.097623904956198,0.48234521515135814
2021_18_LAC_LV,2021,18,0.3977176056694844,-3.5,0.5
2021_18_NE_MIA,2021,18,0.33639929762333853,-5.701188047521901,0.5088295547100993
2021_18_NO_ATL,2021,18,0.3778246280328824,-4.201188047521901,0.5088295547100993
2021_18_NYJ_BUF,2021,18,0.8775955877102124,15.701188047521901,0.4911704452899007
2021_18_PIT_BAL,2021,18,0.570620364645727,2.4023760950438016,0.48234521515135814
2021_18_SEA_ARI,2021,18,0.674248738908253,6.097623904956198,0.5176547848486418
2021_18_SF_LA,2021,18,0.6050693240255571,3.5976239049561984,0.5176547848486418
2021_18_TEN_HOU,2021,18,0.20552529730757108,-11.097623904956198,0.48234521515135814
2021_18_WAS_NYG,2021,18,0.32836064328188524,-6.0,0.5
2021_19_ARI_LA,2021,19,0.6164980929170679,4.0,0.5
2021_19_LV_CIN,2021,19,0.6716393567181147,6.0,0.5
2021_19_NE_BUF,2021,19,0.6388803252831136,4.798811952478099,0.5088295547100993
2021_19_PHI_TB,2021,19,0.7182632078983431,7.798811952478099,0.5088295547100993
2021_19_PIT_KC,2021,19,0.8322169448845721,13.0,0.5
2021_19_SF_DAL,2021,19,0.5879295521290574,3.0,0.5
2021_20_BUF_KC,2021,20,0.5647608469428242,2.201188047521901,0.4911704452899007
2021_20_CIN_TEN,2021,20,0.6164980929170679,4.0,0.5
2021_20_LA_TB,2021,20,0.5821197893878298,2.798811952478099,0.5088295547100993
2021_20_SF_GB,2021,20,0.6417494625617398,4.902376095043802,0.48234521515135814
2021_21_CIN_KC,2021,21,0.6979517285214231,7.0,0.5
2021_21_SF_LA,2021,21,0.6107956900272533,3.798811952478099,0.5088295547100993
2021_22_LA_CIN,2021,22,0.36944134018176367,-4.5,0.5
2022_01_BAL_NYJ,2022,1,0.3071699970832461,-6.802489718795154,0.49106178953637275
2022_01_BUF_LA,2022,1,0.46156939288353616,-1.302489718795154,0.49106178953637275
2022_01_CLE_CAR,2022,1,0.5734581056840343,2.5,0.5
2022_01_DEN_SEA,2022,1,0.32836064328188524,-6.0,0.5
2022_01_GB_MIN,2022,1,0.5822261583398072,2.802489718795154,0.5089382104636272
2022_01_IND_HOU,2022,1,0.30204827147857694,-7.0,0.5
2022_01_JAX_WAS,2022,1,0.5791875906024488,2.697510281204846,0.49106178953637275
2022_01_KC_ARI,2022,1,0.3044429590586133,-6.907469156385462,0.47320330659176457
2022_01_LV_LAC,2022,1,0.5936144334958715,3.197510281204846,0.49106178953637275
2022_01_NE_MIA,2022,1,0.5879295521290574,3.0,0.5
2022_01_NO_ATL,2022,1,0.35300338469686277,-5.092530843614538,0.5267966934082354
2022_01_NYG_TEN,2022,1,0.6581456062996048,5.5,0.5
2022_01_PHI_DET,2022,1,0.32030321002778617,-6.302489718795154,0.49106178953637275
2022_01_PIT_CIN,2022,1,0.7107426392460281,7.5,0.5
2022_01_SF_CHI,2022,1,0.33117600095999855,-5.895020562409692,0.5178719347431273
2022_01_TB_DAL,2022,1,0.409046476642094,-3.104979437590308,0.4821280652568727
2022_02_ARI_LV,2022,2,0.6331423231690732,4.592530843614538,0.47320330659176457
2022_02_ATL_LA,2022,2,0.7613208617652221,9.592530843614538,0.47320330659176457
2022_02_CAR_NYG,2022,2,0.4526822957199652,-1.604979437590308,0.4821280652568727
2022_02_CHI_GB,2022,2,0.7816499846386211,10.5,0.5
2022_02_CIN_DAL,2022,2,0.2667160324945269,-8.407469156385462,0.47320330659176457
2022_02_HOU_DEN,2022,2,0.7816499846386211,10.5,0.5
2022_02_IND_JAX,2022,2,0.4295935965104412,-2.395020562409692,0.5178719347431273
2022_02_LAC_KC,2022,2,0.6250241082948313,4.302489718795154,0.5089382104636272
2022_02_MIA_BAL,2022,2,0.5615902419318649,2.0925308436145382,0.47320330659176457
2022_02_MIN_PHI,2022,2,0.5734581056840343,2.5,0.5
2022_02_NE_PIT,2022,2,0.4120704478709426,-3.0,0.5
2022_02_NYJ_CLE,2022,2,0.7006582929607759,7.104979437590308,0.5178719347431273
2022_02_SEA_SF,2022,2,0.7281485293740754,8.197510281204845,0.49106178953637275
2022_02_TB_NO,2022,2,0.42654189431596573,-2.5,0.5
2022_02_TEN_BUF,2022,2,0.7773122488627229,10.302489718795155,0.5089382104636272
2022_02_WAS_DET,2022,2,0.44381884011002987,-1.9074691563854618,0.47320330659176457
2022_03_ATL_SEA,2022,3,0.529524277767397,1.0,0.5
2022_03_BAL_NE,2022,3,0.43534640300140454,-2.197510281204846,0.5089382104636272
2022_03_BUF_MIA,2022,3,0.3920847126600304,-3.697510281204846,0.5089382104636272
2022_03_CIN_NYJ,2022,3,0.32309021337014737,-6.197510281204846,0.5089382104636272
2022_03_DAL_NYG,2022,3,0.529524277767397,1.0,0.5
2022_03_DET_MIN,2022,3,0.6849128309162449,6.5,0.5
2022_03_GB_TB,2022,3,0.5027343834611717,0.09253084361453812,0.47320330659176457
2022_03_HOU_CHI,2022,3,0.5704064034895588,2.395020562409692,0.4821280652568727
2022_03_JAX_LAC,2022,3,0.6524172853343785,5.290041124819384,0.4642919794805323
2022_03_KC_IND,2022,3,0.36101765096708116,-4.802489718795154,0.49106178953637275
2022_03_LA_ARI,2022,3,0.4326495116472733,-2.290041124819384,0.5357080205194678
2022_03_LV_TEN,2022,3,0.46465839187601105,-1.197510281204846,0.5089382104636272
2022_03_NO_CAR,2022,3,0.4411129259617243,-2.0,0.5
2022_03_PHI_WAS,2022,3,0.3364987140341107,-5.697510281204846,0.5089382104636272
2022_03_PIT_CLE,2022,3,0.6220718221748053,4.197510281204846,0.49106178953637275
2022_03_SF_DEN,2022,3,0.47939684553033024,-0.697510281204846,0.5089382104636272
2022_04_ARI_CAR,2022,4,0.5384306071164638,1.302489718795154,0.5089382104636272
2022_04_BUF_BAL,2022,4,0.4033719047946893,-3.302489718795154,0.49106178953637275
2022_04_CHI_NYG,2022,4,0.5966280952053107,3.302489718795154,0.5089382104636272
2022_04_CLE_ATL,2022,4,0.48832830230488555,-0.3950205624096921,0.5178719347431273
2022_04_DEN_LV,2022,4,0.5822261583398072,2.802489718795154,0.5089382104636272
2022_04_JAX_PHI,2022,4,0.6769097866298526,6.197510281204846,0.49106178953637275
2022_04_KC_TB,2022,4,0.5206031544696698,0.697510281204846,0.49106178953637275
2022_04_LAC_HOU,2022,4,0.3584540532610281,-4.895020562409692,0.5178719347431273
2022_04_LA_SF,2022,4,0.5473177042800348,1.604979437590308,0.5178719347431273
2022_04_MIA_CIN,2022,4,0.6164980929170679,4.0,0.5
2022_04_MIN_NO,2022,4,0.3497768926459319,-5.209958875180616,0.4642919794805323
2022_04_NE_GB,2022,4,0.7773122488627229,10.302489718795155,0.5089382104636272
2022_04_NYJ_PIT,2022,4,0.5879295521290574,3.0,0.5
2022_04_SEA_DET,2022,4,0.5704064034895588,2.395020562409692,0.4821280652568727
2022_04_TEN_IND,2022,4,0.6305586598182363,4.5,0.5
2022_04_WAS_DAL,2022,4,0.5791875906024488,2.697510281204846,0.49106178953637275
2022_05_ATL_TB,2022,5,0.7816499846386211,10.5,0.5
2022_05_CHI_MIN,2022,5,0.7773122488627229,10.302489718795155,0.5089382104636272
2022_05_CIN_BAL,2022,5,0.5615902419318649,2.0925308436145382,0.47320330659176457
2022_05_DAL_LA,2022,5,0.6415459467389719,4.895020562409692,0.4821280652568727
2022_05_DET_NE,2022,5,0.5966280952053107,3.302489718795154,0.5089382104636272
2022_05_HOU_JAX,2022,5,0.6979517285214231,7.0,0.5
2022_05_IND_DEN,2022,5,0.6194636907532713,4.104979437590308,0.5178719347431273
2022_05_LAC_CLE,2022,5,0.47939684553033024,-0.697510281204846,0.5089382104636272
2022_05_LV_KC,2022,5,0.7107426392460281,7.5,0.5
2022_05_MIA_NYJ,2022,5,0.4120704478709426,-3.0,0.5
2022_05_NYG_GB,2022,5,0.7499851186398376,9.104979437590307,0.5178719347431273
2022_05_PHI_ARI,2022,5,0.3501184256454569,-5.197510281204846,0.5089382104636272
2022_05_PIT_BUF,2022,5,0.8339311660373676,13.092530843614538,0.47320330659176457
2022_05_SEA_NO,2022,5,0.6246744012590748,4.290041124819384,0.4642919794805323
2022_05_SF_CAR,2022,5,0.3364987140341107,-5.697510281204846,0.5089382104636272
2022_05_TEN_WAS,2022,5,0.46156939288353616,-1.302489718795154,0.49106178953637275
2022_06_ARI_SEA,2022,6,0.409046476642094,-3.104979437590308,0.4821280652568727
2022_06_BAL_NYG,2022,6,0.34185439370039516,-5.5,0.5
2022_06_BUF_KC,2022,6,0.4177738416601928,-2.802489718795154,0.49106178953637275
2022_06_CAR_LA,2022,6,0.7968344328344619,11.209958875180616,0.5357080205194678
2022_06_CIN_NO,2022,6,0.3861215180812975,-3.9074691563854618,0.47320330659176457
2022_06_DAL_PHI,2022,6,0.6928300029167539,6.802489718795154,0.5089382104636272
2022_06_DEN_LAC,2022,6,0.6022823943305156,3.5,0.5
2022_06_JAX_IND,2022,6,0.5116716976951144,0.3950205624096921,0.4821280652568727
2022_06_MIN_MIA,2022,6,0.3947209087321456,-3.604979437590308,0.4821280652568727
2022_06_NE_CLE,2022,6,0.5558169181572113,1.895020562409692,0.4821280652568727
2022_06_NYJ_GB,2022,6,0.7107426392460281,7.5,0.5
2022_06_SF_ATL,2022,6,0.4238557021586643,-2.5925308436145382,0.5267966934082354
2022_06_TB_PIT,2022,6,0.20316556716553813,-11.209958875180616,0.4642919794805323
2022_06_WAS_CHI,2022,6,0.5062043033974682,0.20995887518061584,0.5357080205194678
2022_07_ATL_CIN,2022,7,0.6769097866298526,6.197510281204846,0.49106178953637275
2022_07_CHI_NE,2022,7,0.7591913433207376,9.5,0.5
2022_07_CLE_BAL,2022,7,0.6928300029167539,6.802489718795154,0.5089382104636272
2022_07_DET_DAL,2022,7,0.7133955194831162,7.604979437590308,0.5178719347431273
2022_07_GB_WAS,2022,7,0.3497768926459319,-5.209958875180616,0.4642919794805323
2022_07_HOU_LV,2022,7,0.6900922584607105,6.697510281204846,0.49106178953637275
2022_07_IND_TEN,2022,7,0.5734581056840343,2.5,0.5
2022_07_KC_SF,2022,7,0.4704757222326031,-1.0,0.5
2022_07_NO_ARI,2022,7,0.5822261583398072,2.802489718795154,0.5089382104636272
2022_07_NYG_JAX,2022,7,0.5879295521290574,3.0,0.5
2022_07_NYJ_DEN,2022,7,0.4411129259617243,-2.0,0.5
2022_07_PIT_MIA,2022,7,0.7107426392460281,7.5,0.5
2022_07_SEA_LAC,2022,7,0.6744450010453098,6.104979437590308,0.5178719347431273
2022_07_TB_CAR,2022,7,0.15146207757356095,-13.907469156385462,0.47320330659176457
2022_08_ARI_MIN,2022,8,0.6250241082948313,4.302489718795154,0.5089382104636272
2022_08_BAL_TB,2022,8,0.5411513938908581,1.395020562409692,0.4821280652568727
2022_08_CAR_ATL,2022,8,0.6135256542763358,3.895020562409692,0.4821280652568727
2022_08_CHI_DAL,2022,8,0.7682099549347365,9.895020562409693,0.4821280652568727
2022_08_CIN_CLE,2022,8,0.3947209087321456,-3.604979437590308,0.4821280652568727
2022_08_DEN_JAX,2022,8,0.5384306071164638,1.302489718795154,0.5089382104636272
2022_08_GB_BUF,2022,8,0.7816499846386211,10.5,0.5
2022_08_LV_NO,2022,8,0.43498339999168545,-2.209958875180616,0.4642919794805323
2022_08_MIA_DET,2022,8,0.3890998500835051,-3.802489718795154,0.49106178953637275
2022_08_NE_NYJ,2022,8,0.4120704478709426,-3.0,0.5
2022_08_NYG_SEA,2022,8,0.6138784819187025,3.9074691563854618,0.5267966934082354
2022_08_PIT_PHI,2022,8,0.7987659517065877,11.302489718795155,0.5089382104636272
2022_08_SF_LA,2022,8,0.49726561653882834,-0.09253084361453812,0.5267966934082354
2022_08_TEN_HOU,2022,8,0.47939684553033024,-0.697510281204846,0.5089382104636272
2022_08_WAS_IND,2022,8,0.6052790912678544,3.604979437590308,0.5178719347431273
2022_09_BAL_NO,2022,9,0.4704757222326031,-1.0,0.5
2022_09_BUF_NYJ,2022,9,0.20758915974995001,-11.0,0.5
2022_09_CAR_CIN,2022,9,0.6659990652110583,5.790041124819384,0.4642919794805323
2022_09_GB_DET,2022,9,0.37497589170516865,-4.302489718795154,0.49106178953637275
2022_09_IND_NE,2022,9,0.6276202546868292,4.395020562409692,0.4821280652568727
2022_09_LAC_ATL,2022,9,0.42654189431596573,-2.5,0.5
2022_09_LA_TB,2022,9,0.5615902419318649,2.0925308436145382,0.47320330659176457
2022_09_LV_JAX,2022,9,0.42654189431596573,-2.5,0.5
2022_09_MIA_CHI,2022,9,0.3920847126600304,-3.697510281204846,0.5089382104636272
2022_09_MIN_WAS,2022,9,0.4033719047946893,-3.302489718795154,0.49106178953637275
2022_09_PHI_HOU,2022,9,0.13965951953153316,-14.604979437590307,0.4821280652568727
2022_09_SEA_ARI,2022,9,0.5353416081239889,1.197510281204846,0.49106178953637275
2022_09_TEN_KC,2022,9,0.8603404804684669,14.604979437590307,0.5178719347431273
2022_10_ARI_LA,2022,10,0.6109001499164949,3.802489718795154,0.5089382104636272
2022_10_ATL_CAR,2022,10,0.43534640300140454,-2.197510281204846,0.5089382104636272
2022_10_CLE_MIA,2022,10,0.5966280952053107,3.302489718795154,0.5089382104636272
2022_10_DAL_GB,2022,10,0.37203091318496856,-4.407469156385462,0.47320330659176457
2022_10_DEN_TEN,2022,10,0.5558169181572113,1.895020562409692,0.4821280652568727
2022_10_DET_CHI,2022,10,0.5791875906024488,2.697510281204846,0.49106178953637275
2022_10_HOU_NYG,2022,10,0.6415459467389719,4.895020562409692,0.4821280652568727
2022_10_IND_LV,2022,10,0.6473391632091346,5.104979437590308,0.5178719347431273
2022_10_JAX_KC,2022,10,0.7705746740352664,10.0,0.5
2022_10_LAC_SF,2022,10,0.7428111143913845,8.802489718795155,0.5089382104636272
2022_10_MIN_BUF,2022,10,0.6849128309162449,6.5,0.5
2022_10_NO_PIT,2022,10,0.5473177042800348,1.604979437590308,0.5178719347431273
2022_10_SEA_TB,2022,10,0.5558169181572113,1.895020562409692,0.4821280652568727
2022_10_WAS_PHI,2022,10,0.7987659517065877,11.302489718795155,0.5089382104636272
2022_11_CAR_BAL,2022,11,0.8322169448845721,13.0,0.5
2022_11_CHI_ATL,2022,11,0.5879295521290574,3.0,0.5
2022_11_CIN_PIT,2022,11,0.3977176056694844,-3.5,0.5
2022_11_CLE_BUF,2022,11,0.7107426392460281,7.5,0.5
2022_11_DAL_MIN,2022,11,0.44689196099248224,-1.802489718795154,0.49106178953637275
2022_11_DET_NYG,2022,11,0.5879295521290574,3.0,0.5
2022_11_KC_LAC,2022,11,0.3501184256454569,-5.197510281204846,0.5089382104636272
2022_11_LA_NO,2022,11,0.5469524030455383,1.5925308436145382,0.47320330659176457
2022_11_LV_DEN,2022,11,0.5558169181572113,1.895020562409692,0.4821280652568727
2022_11_NYJ_NE,2022,11,0.6109001499164949,3.802489718795154,0.5089382104636272
2022_11_PHI_IND,2022,11,0.29934170703922414,-7.104979437590308,0.4821280652568727
2022_11_SF_ARI,2022,11,0.2160644017981055,-10.604979437590307,0.4821280652568727
2022_11_TEN_GB,2022,11,0.5791875906024488,2.697510281204846,0.49106178953637275
2022_11_WAS_HOU,2022,11,0.4033719047946893,-3.302489718795154,0.49106178953637275
2022_12_ATL_WAS,2022,12,0.5761442978413357,2.5925308436145382,0.47320330659176457
2022_12_BAL_JAX,2022,12,0.4063855665041285,-3.197510281204846,0.5089382104636272
2022_12_BUF_DET,2022,12,0.2160644017981055,-10.604979437590307,0.4821280652568727
2022_12_CHI_NYJ,2022,12,0.7499851186398376,9.104979437590307,0.5178719347431273
2022_12_CIN_TEN,2022,12,0.4704757222326031,-1.0,0.5
2022_12_DEN_CAR,2022,12,0.47939684553033024,-0.697510281204846,0.5089382104636272
2022_12_GB_PHI,2022,12,0.7006582929607759,7.104979437590308,0.5178719347431273
2022_12_HOU_MIA,2022,12,0.8553011177714154,14.302489718795155,0.5089382104636272
2022_12_LAC_ARI,2022,12,0.409046476642094,-3.104979437590308,0.4821280652568727
2022_12_LA_KC,2022,12,0.8974287041889197,17.10497943759031,0.5178719347431273
2022_12_LV_SEA,2022,12,0.6164980929170679,4.0,0.5
2022_12_NE_MIN,2022,12,0.5734581056840343,2.5,0.5
2022_12_NO_SF,2022,12,0.7591913433207376,9.5,0.5
2022_12_NYG_DAL,2022,12,0.8071397534143145,11.709958875180616,0.5357080205194678
2022_12_PIT_IND,2022,12,0.5646535969985954,2.197510281204846,0.49106178953637275
2022_12_TB_CLE,2022,12,0.4295935965104412,-2.395020562409692,0.5178719347431273
2022_13_BUF_NE,2022,13,0.4063855665041285,-3.197510281204846,0.5089382104636272
2022_13_CLE_HOU,2022,13,0.28164481945526587,-7.802489718795154,0.49106178953637275
2022_13_DEN_BAL,2022,13,0.7591913433207376,9.5,0.5
2022_13_GB_CHI,2022,13,0.36651054174467607,-4.604979437590308,0.4821280652568727
2022_13_IND_DAL,2022,13,0.8050029617196407,11.604979437590307,0.5178719347431273
2022_13_JAX_DET,2022,13,0.5206031544696698,0.697510281204846,0.49106178953637275
2022_13_KC_CIN,2022,13,0.4177738416601928,-2.802489718795154,0.49106178953637275
2022_13_LAC_LV,2022,13,0.6082695719433682,3.709958875180616,0.5357080205194678
2022_13_MIA_SF,2022,13,0.6389823490329188,4.802489718795154,0.5089382104636272
2022_13_NO_TB,2022,13,0.5849003508155272,2.895020562409692,0.4821280652568727
2022_13_NYJ_MIN,2022,13,0.5879295521290574,3.0,0.5
2022_13_PIT_ATL,2022,13,0.47939684553033024,-0.697510281204846,0.5089382104636272
2022_13_SEA_LA,2022,13,0.27902564359597887,-7.907469156385462,0.47320330659176457
2022_13_TEN_PHI,2022,13,0.6609962709508416,5.604979437590308,0.5178719347431273
2022_13_WAS_NYG,2022,13,0.42654189431596573,-2.5,0.5
2022_14_BAL_PIT,2022,14,0.5531080390075178,1.802489718795154,0.5089382104636272
2022_14_CAR_SEA,2022,14,0.5849003508155272,2.895020562409692,0.4821280652568727
2022_14_CLE_CIN,2022,14,0.6389823490329188,4.802489718795154,0.5089382104636272
2022_14_HOU_DAL,2022,14,0.9000200649303765,17.302489718795155,0.5089382104636272
2022_14_JAX_TEN,2022,14,0.5615902419318649,2.0925308436145382,0.47320330659176457
2022_14_KC_DEN,2022,14,0.2571888856086155,-8.802489718795155,0.49106178953637275
2022_14_LV_LA,2022,14,0.32309021337014737,-6.197510281204846,0.5089382104636272
2022_14_MIA_LAC,2022,14,0.3947209087321456,-3.604979437590308,0.4821280652568727
2022_14_MIN_DET,2022,14,0.5558169181572113,1.895020562409692,0.4821280652568727
2022_14_NE_ARI,2022,14,0.4411129259617243,-2.0,0.5
2022_14_NYJ_BUF,2022,14,0.7705746740352664,10.0,0.5
2022_14_PHI_NYG,2022,14,0.27413022238086504,-8.104979437590307,0.4821280652568727
2022_14_TB_SF,2022,14,0.6194636907532713,4.104979437590308,0.5178719347431273
2022_15_ARI_DEN,2022,15,0.5353416081239889,1.197510281204846,0.49106178953637275
2022_15_ATL_NO,2022,15,0.6444467262025981,5.0,0.5
2022_15_BAL_CLE,2022,15,0.5822261583398072,2.802489718795154,0.5089382104636272
2022_15_CIN_TB,2022,15,0.4063855665041285,-3.197510281204846,0.5089382104636272
2022_15_DAL_JAX,2022,15,0.37497589170516865,-4.302489718795154,0.49106178953637275
2022_15_DET_NYJ,2022,15,0.5411513938908581,1.395020562409692,0.4821280652568727
2022_15_IND_MIN,2022,15,0.6109001499164949,3.802489718795154,0.5089382104636272
2022_15_KC_HOU,2022,15,0.11778996337520686,-16.01244859397577,0.45539852966878713
2022_15_LA_GB,2022,15,0.7232730811922008,8.0,0.5
2022_15_MIA_BUF,2022,15,0.6979517285214231,7.0,0.5
2022_15_NE_LV,2022,15,0.529524277767397,1.0,0.5
2022_15_NYG_WAS,2022,15,0.6389823490329188,4.802489718795154,0.5089382104636272
2022_15_PHI_CHI,2022,15,0.2571888856086155,-8.802489718795155,0.49106178953637275
2022_15_PIT_CAR,2022,15,0.590953523357906,3.104979437590308,0.5178719347431273
2022_15_SF_SEA,2022,15,0.42081240939755116,-2.697510281204846,0.5089382104636272
2022_15_TEN_LAC,2022,15,0.6052790912678544,3.604979437590308,0.5178719347431273
2022_16_ATL_BAL,2022,16,0.6688239990400014,5.895020562409692,0.4821280652568727
2022_16_BUF_CHI,2022,16,0.2692776116850047,-8.302489718795155,0.49106178953637275
2022_16_CIN_NE,2022,16,0.4120704478709426,-3.0,0.5
2022_16_DEN_LA,2022,16,0.4033719047946893,-3.302489718795154,0.49106178953637275
2022_16_DET_CAR,2022,16,0.43534640300140454,-2.197510281204846,0.5089382104636272
2022_16_GB_MIA,2022,16,0.6022823943305156,3.5,0.5
2022_16_HOU_TEN,2022,16,0.5704064034895588,2.395020562409692,0.4821280652568727
2022_16_JAX_NYJ,2022,16,0.5822261583398072,2.802489718795154,0.5089382104636272
2022_16_LAC_IND,2022,16,0.3890998500835051,-3.802489718795154,0.49106178953637275
2022_16_LV_PIT,2022,16,0.5646535969985954,2.197510281204846,0.49106178953637275
2022_16_NO_CLE,2022,16,0.6052790912678544,3.604979437590308,0.5178719347431273
2022_16_NYG_MIN,2022,16,0.6305586598182363,4.5,0.5
2022_16_PHI_DAL,2022,16,0.6079152873399696,3.697510281204846,0.49106178953637275
2022_16_SEA_KC,2022,16,0.8009439426652725,11.407469156385462,0.5267966934082354
2022_16_TB_ARI,2022,16,0.2969652522520376,-7.197510281204846,0.5089382104636272
2022_16_WAS_SF,2022,16,0.6769097866298526,6.197510281204846,0.49106178953637275
2022_17_ARI_ATL,2022,17,0.7209743564040212,7.907469156385462,0.5267966934082354
2022_17_CAR_TB,2022,17,0.6022823943305156,3.5,0.5
2022_17_CHI_DET,2022,17,0.6220718221748053,4.197510281204846,0.49106178953637275
2022_17_CLE_WAS,2022,17,0.5206031544696698,0.697510281204846,0.49106178953637275
2022_17_DAL_TEN,2022,17,0.11626176002294802,-16.117428031566078,0.4376829041090324
2022_17_DEN_KC,2022,17,0.8519453647316724,14.104979437590307,0.5178719347431273
2022_17_IND_NYG,2022,17,0.6581456062996048,5.5,0.5
2022_17_JAX_HOU,2022,17,0.3890998500835051,-3.802489718795154,0.49106178953637275
2022_17_LA_LAC,2022,17,0.7083948138865082,7.407469156385462,0.5267966934082354
2022_17_MIA_NE,2022,17,0.6224222846173706,4.209958875180616,0.5357080205194678
2022_17_MIN_GB,2022,17,0.5966280952053107,3.302489718795154,0.5089382104636272
2022_17_NO_PHI,2022,17,0.6498815743545431,5.197510281204846,0.49106178953637275
2022_17_NYJ_SEA,2022,17,0.4526822957199652,-1.604979437590308,0.4821280652568727
2022_17_PIT_BAL,2022,17,0.5116716976951144,0.3950205624096921,0.4821280652568727
2022_17_SF_LV,2022,17,0.24323713310091694,-9.395020562409693,0.5178719347431273
2022_18_ARI_SF,2022,18,0.8603404804684669,14.604979437590307,0.5178719347431273
2022_18_BAL_CIN,2022,18,0.7987659517065877,11.302489718795155,0.5089382104636272
2022_18_CAR_NO,2022,18,0.5936144334958715,3.197510281204846,0.49106178953637275
2022_18_CLE_PIT,2022,18,0.5996360295152157,3.4074691563854618,0.5267966934082354
2022_18_DAL_WAS,2022,18,0.2594045797332901,-8.709958875180616,0.4642919794805323
2022_18_DET_GB,2022,18,0.6581456062996048,5.5,0.5
2022_18_HOU_IND,2022,18,0.5879295521290574,3.0,0.5
2022_18_KC_LV,2022,18,0.24538856669380732,-9.302489718795155,0.49106178953637275
2022_18_LAC_DEN,2022,18,0.6552858961716662,5.395020562409692,0.4821280652568727
2022_18_LA_SEA,2022,18,0.6744450010453098,6.104979437590308,0.5178719347431273
2022_18_MIN_CHI,2022,18,0.32309021337014737,-6.197510281204846,0.5089382104636272
2022_18_NE_BUF,2022,18,0.7232730811922008,8.0,0.5
2022_18_NYG_PHI,2022,18,0.8891881987703032,16.5,0.5
2022_18_NYJ_MIA,2022,18,0.6194636907532713,4.104979437590308,0.5178719347431273
2022_18_TB_ATL,2022,18,0.6876703806981868,6.604979437590308,0.5178719347431273
2022_18_TEN_JAX,2022,18,0.6796967899722138,6.302489718795154,0.5089382104636272
2022_19_BAL_CIN,2022,19,0.7107426392460281,7.5,0.5
2022_19_DAL_TB,2022,19,0.4177738416601928,-2.802489718795154,0.49106178953637275
2022_19_LAC_JAX,2022,19,0.4499682742391332,-1.697510281204846,0.5089382104636272
2022_19_MIA_BUF,2022,19,0.8652591594860028,14.907469156385462,0.5267966934082354
2022_19_NYG_MIN,2022,19,0.5646535969985954,2.197510281204846,0.49106178953637275
2022_19_SEA_SF,2022,19,0.763724343781576,9.697510281204845,0.49106178953637275
2022_20_CIN_BUF,2022,20,0.6876703806981868,6.604979437590308,0.5178719347431273
2022_20_DAL_SF,2022,20,0.5936144334958715,3.197510281204846,0.49106178953637275
2022_20_JAX_KC,2022,20,0.7705746740352664,10.0,0.5
2022_20_NYG_PHI,2022,20,0.7157242066775185,7.697510281204846,0.49106178953637275
2022_21_CIN_KC,2022,21,0.576505416468254,2.604979437590308,0.5178719347431273
2022_21_SF_PHI,2022,21,0.5822261583398072,2.802489718795154,0.5089382104636272
2022_22_KC_PHI,2022,22,0.529524277767397,1.0,0.5
2023_01_ARI_WAS,2023,1,0.7050199798070791,7.275068161163284,0.5081280538498677
2023_01_BUF_NYJ,2023,1,0.42654189431596573,-2.5,0.5
2023_01_CAR_ATL,2023,1,0.6022823943305156,3.5,0.5
2023_01_CIN_CLE,2023,1,0.46237605071333476,-1.2750681611632837,0.49187194615013224
2023_01_DAL_NYG,2023,1,0.4135164990824463,-2.9498636776734326,0.5162527340925392
2023_01_DET_KC,2023,1,0.6164980929170679,4.0,0.5
2023_01_GB_CHI,2023,1,0.5376239492866652,1.2750681611632837,0.5081280538498677
2023_01_HOU_BAL,2023,1,0.7591913433207376,9.5,0.5
2023_01_JAX_IND,2023,1,0.383501907082932,-4.0,0.5
2023_01_LA_SEA,2023,1,0.6382214187805201,4.775068161163284,0.5081280538498677
2023_01_LV_DEN,2023,1,0.595841445798514,3.2750681611632837,0.5081280538498677
2023_01_MIA_LAC,2023,1,0.595841445798514,3.2750681611632837,0.5081280538498677
2023_01_PHI_NE,2023,1,0.38987889919466834,-3.7750681611632837,0.49187194615013224
2023_01_SF_PIT,2023,1,0.4557641189546886,-1.5,0.5
2023_01_TB_MIN,2023,1,0.6164980929170679,4.0,0.5
2023_01_TEN_NO,2023,1,0.595841445798514,3.2750681611632837,0.5081280538498677
2023_02_BAL_CIN,2023,2,0.6333582198705804,4.600272644653135,0.5324785045196263
2023_02_CHI_TB,2023,2,0.5734581056840343,2.5,0.5
2023_02_CLE_PIT,2023,2,0.4185670766499455,-2.7750681611632837,0.49187194615013224
2023_02_GB_ATL,2023,2,0.5879295521290574,3.0,0.5
2023_02_IND_HOU,2023,2,0.44622674225959436,-1.8252044834898515,0.475629328679043
2023_02_KC_JAX,2023,2,0.3977176056694844,-3.5,0.5
2023_02_LAC_TEN,2023,2,0.4027205761854458,-3.3252044834898515,0.475629328679043
2023_02_LV_BUF,2023,2,0.7245147199072973,8.050136322326567,0.5162527340925392
2023_02_MIA_NE,2023,2,0.4250859938331091,-2.5501363223265674,0.4837472659074607
2023_02_MIN_PHI,2023,2,0.6642422627567897,5.724931838836716,0.49187194615013224
2023_02_NO_CAR,2023,2,0.4120704478709426,-3.0,0.5
2023_02_NYG_ARI,2023,2,0.3555532737974019,-5.0,0.5
2023_02_NYJ_DAL,2023,2,0.7151533915142021,7.674795516510149,0.475629328679043
2023_02_SEA_DET,2023,2,0.6228436815558966,4.224931838836716,0.49187194615013224
2023_02_SF_LA,2023,2,0.28233091901073903,-7.775068161163284,0.49187194615013224
2023_02_WAS_DEN,2023,2,0.6086955806818688,3.7249318388367163,0.49187194615013224
2023_03_ATL_DET,2023,3,0.547895120566431,1.624659194183581,0.45942711476136233
2023_03_BUF_WAS,2023,3,0.31970150097458594,-6.325204483489851,0.475629328679043
2023_03_CAR_SEA,2023,3,0.6291562687311859,4.449863677673433,0.4837472659074607
2023_03_CHI_KC,2023,3,0.8322169448845721,13.0,0.5
2023_03_DAL_ARI,2023,3,0.2145520687597967,-10.674795516510148,0.5243706713209569
2023_03_DEN_MIA,2023,3,0.6789697691933151,6.275068161163284,0.5081280538498677
2023_03_HOU_JAX,2023,3,0.7312776904486034,8.325204483489852,0.5243706713209569
2023_03_IND_BAL,2023,3,0.6894984863253835,6.674795516510149,0.475629328679043
2023_03_LAC_MIN,2023,3,0.5376239492866652,1.2750681611632837,0.5081280538498677
2023_03_LA_CIN,2023,3,0.5879295521290574,3.0,0.5
2023_03_NE_NYJ,2023,3,0.41062558957627837,-3.0501363223265674,0.4837472659074607
2023_03_NO_GB,2023,3,0.44769522060208894,-1.7750681611632837,0.49187194615013224
2023_03_NYG_SF,2023,3,0.7992384185540469,11.325204483489852,0.5243706713209569
2023_03_PHI_TB,2023,3,0.32836064328188524,-6.0,0.5
2023_03_PIT_LV,2023,3,0.5879295521290574,3.0,0.5
2023_03_TEN_CLE,2023,3,0.6101211008053317,3.7750681611632837,0.5081280538498677
2023_04_ARI_SF,2023,4,0.8667397370974946,15.0,0.5
2023_04_ATL_JAX,2023,4,0.5864835009175536,2.9498636776734326,0.4837472659074607
2023_04_BAL_CLE,2023,4,0.46532705615859277,-1.1747955165101485,0.5243706713209569
2023_04_CIN_TEN,2023,4,0.4027205761854458,-3.3252044834898515,0.475629328679043
2023_04_DEN_CHI,2023,4,0.4120704478709426,-3.0,0.5
2023_04_DET_GB,2023,4,0.41062558957627837,-3.0501363223265674,0.4837472659074607
2023_04_KC_NYJ,2023,4,0.24080865667926238,-9.5,0.5
2023_04_LA_IND,2023,4,0.44622674225959436,-1.8252044834898515,0.475629328679043
2023_04_LV_LAC,2023,4,0.6835922163461777,6.449863677673433,0.4837472659074607
2023_04_MIA_BUF,2023,4,0.5734581056840343,2.5,0.5
2023_04_MIN_CAR,2023,4,0.3617785812194799,-4.775068161163284,0.49187194615013224
2023_04_NE_DAL,2023,4,0.6776387436647031,6.224931838836716,0.49187194615013224
2023_04_PIT_HOU,2023,4,0.3884548587147314,-3.8252044834898515,0.475629328679043
2023_04_SEA_NYG,2023,4,0.4425787482829278,-1.9498636776734324,0.5162527340925392
2023_04_TB_NO,2023,4,0.6008490806830229,3.4498636776734326,0.4837472659074607
2023_04_WAS_PHI,2023,4,0.7591913433207376,9.5,0.5
2023_05_BAL_PIT,2023,5,0.3617785812194799,-4.775068161163284,0.49187194615013224
2023_05_CAR_DET,2023,5,0.7591913433207376,9.5,0.5
2023_05_CHI_WAS,2023,5,0.6934209734880594,6.825204483489851,0.5243706713209569
2023_05_CIN_ARI,2023,5,0.4200182455548843,-2.7249318388367163,0.5081280538498677
2023_05_DAL_SF,2023,5,0.6022823943305156,3.5,0.5
2023_05_GB_LV,2023,5,0.529524277767397,1.0,0.5
2023_05_HOU_ATL,2023,5,0.5893744104237216,3.0501363223265674,0.5162527340925392
2023_05_JAX_BUF,2023,5,0.6506337366146995,5.224931838836716,0.49187194615013224
2023_05_KC_MIN,2023,5,0.3977176056694844,-3.5,0.5
2023_05_NO_NE,2023,5,0.5654531414340273,2.2249318388367163,0.49187194615013224
2023_05_NYG_MIA,2023,5,0.8227577615633441,12.5,0.5
2023_05_NYJ_DEN,2023,5,0.5734581056840343,2.5,0.5
2023_05_PHI_LA,2023,5,0.3977176056694844,-3.5,0.5
2023_05_TEN_IND,2023,5,0.4185670766499455,-2.7750681611632837,0.49187194615013224
2023_06_ARI_LA,2023,6,0.7050199798070791,7.275068161163284,0.5081280538498677
2023_06_BAL_TEN,2023,6,0.3344046205331396,-5.775068161163284,0.49187194615013224
2023_06_CAR_MIA,2023,6,0.8594357842770715,14.550136322326567,0.5162527340925392
2023_06_DAL_LAC,2023,6,0.46385130483295745,-1.2249318388367163,0.5081280538498677
2023_06_DEN_KC,2023,6,0.7876092031151548,10.775068161163285,0.5081280538498677
2023_06_DET_TB,2023,6,0.4360089094217105,-2.1747955165101485,0.5243706713209569
2023_06_IND_JAX,2023,6,0.6086955806818688,3.7249318388367163,0.49187194615013224
2023_06_MIN_CHI,2023,6,0.4120704478709426,-3.0,0.5
2023_06_NE_LV,2023,6,0.6037143285956809,3.5501363223265674,0.5162527340925392
2023_06_NO_HOU,2023,6,0.44916441619871433,-1.7249318388367163,0.5081280538498677
2023_06_NYG_BUF,2023,6,0.890585868390357,16.600272644653135,0.5324785045196263
2023_06_PHI_NYJ,2023,6,0.32236125633529694,-6.224931838836716,0.5081280538498677
2023_06_SEA_CIN,2023,6,0.6037143285956809,3.5501363223265674,0.5162527340925392
2023_06_SF_CLE,2023,6,0.22830076620218154,-10.050136322326567,0.4837472659074607
2023_06_WAS_ATL,2023,6,0.5442358810453114,1.5,0.5
2023_07_ARI_SEA,2023,7,0.7716992337978185,10.050136322326567,0.5162527340925392
2023_07_ATL_TB,2023,7,0.5879295521290574,3.0,0.5
2023_07_BUF_NE,2023,7,0.28925736075397196,-7.5,0.5
2023_07_CLE_IND,2023,7,0.38987889919466834,-3.7750681611632837,0.49187194615013224
2023_07_DET_BAL,2023,7,0.5879295521290574,3.0,0.5
2023_07_GB_DEN,2023,7,0.5683745397413325,2.3252044834898515,0.5243706713209569
2023_07_JAX_NO,2023,7,0.5814329233500545,2.7750681611632837,0.5081280538498677
2023_07_LAC_KC,2023,7,0.6729805029130386,6.050136322326567,0.5162527340925392
2023_07_LV_CHI,2023,7,0.42654189431596573,-2.5,0.5
2023_07_MIA_PHI,2023,7,0.5799817544451157,2.7249318388367163,0.49187194615013224
2023_07_PIT_LA,2023,7,0.6022823943305156,3.5,0.5
2023_07_SF_MIN,2023,7,0.30919159232778204,-6.724931838836716,0.5081280538498677
2023_07_WAS_NYG,2023,7,0.3884548587147314,-3.8252044834898515,0.475629328679043
2023_08_ATL_TEN,2023,8,0.41062558957627837,-3.0501363223265674,0.4837472659074607
2023_08_BAL_ARI,2023,8,0.23450858034628647,-9.775068161163285,0.49187194615013224
2023_08_CHI_LAC,2023,8,0.7778135980326197,10.325204483489852,0.5243706713209569
2023_08_CIN_SF,2023,8,0.6008490806830229,3.4498636776734326,0.4837472659074607
2023_08_CLE_SEA,2023,8,0.6164980929170679,4.0,0.5
2023_08_HOU_CAR,2023,8,0.4120704478709426,-3.0,0.5
2023_08_JAX_PIT,2023,8,0.43454685856597275,-2.2249318388367163,0.5081280538498677
2023_08_KC_DEN,2023,8,0.30919159232778204,-6.724931838836716,0.5081280538498677
2023_08_LA_DAL,2023,8,0.692115907901462,6.775068161163284,0.5081280538498677
2023_08_LV_DET,2023,8,0.690808407672218,6.724931838836716,0.49187194615013224
2023_08_MIN_GB,2023,8,0.4704757222326031,-1.0,0.5
2023_08_NE_MIA,2023,8,0.7107426392460281,7.5,0.5
2023_08_NO_IND,2023,8,0.43308570231400756,-2.2750681611632837,0.49187194615013224
2023_08_NYJ_NYG,2023,8,0.3962856714043192,-3.5501363223265674,0.4837472659074607
2023_08_PHI_WAS,2023,8,0.2949800201929209,-7.275068161163284,0.49187194615013224
2023_08_TB_BUF,2023,8,0.7767061554944559,10.275068161163285,0.5081280538498677
2023_09_ARI_CLE,2023,9,0.8322169448845721,13.0,0.5
2023_09_BUF_CIN,2023,9,0.5442358810453114,1.5,0.5
2023_09_CHI_NO,2023,9,0.7728206887240499,10.100272644653135,0.5324785045196263
2023_09_DAL_PHI,2023,9,0.5944021716401787,3.2249318388367163,0.49187194615013224
2023_09_IND_CAR,2023,9,0.4800672293640656,-0.6747955165101486,0.5243706713209569
2023_09_LAC_NYJ,2023,9,0.4120704478709426,-3.0,0.5
2023_09_LA_GB,2023,9,0.6101211008053317,3.7750681611632837,0.5081280538498677
2023_09_MIA_KC,2023,9,0.5376239492866652,1.2750681611632837,0.5081280538498677
2023_09_MIN_ATL,2023,9,0.5944021716401787,3.2249318388367163,0.49187194615013224
2023_09_NYG_LV,2023,9,0.529524277767397,1.0,0.5
2023_09_SEA_BAL,2023,9,0.6642422627567897,5.724931838836716,0.49187194615013224
2023_09_TB_HOU,2023,9,0.5814329233500545,2.7750681611632837,0.5081280538498677
2023_09_TEN_PIT,2023,9,0.6179152734182546,4.050136322326567,0.5162527340925392
2023_09_WAS_NE,2023,9,0.5654531414340273,2.2249318388367163,0.49187194615013224
2023_10_ATL_ARI,2023,10,0.43308570231400756,-2.2750681611632837,0.49187194615013224
2023_10_CAR_CHI,2023,10,0.5879295521290574,3.0,0.5
2023_10_CLE_BAL,2023,10,0.6789697691933151,6.275068161163284,0.5081280538498677
2023_10_DEN_BUF,2023,10,0.6966552555370549,6.949863677673433,0.4837472659074607
2023_10_DET_LAC,2023,10,0.42654189431596573,-2.5,0.5
2023_10_GB_PIT,2023,10,0.595841445798514,3.2750681611632837,0.5081280538498677
2023_10_HOU_CIN,2023,10,0.6729805029130386,6.050136322326567,0.5162527340925392
2023_10_IND_NE,2023,10,0.4704757222326031,-1.0,0.5
2023_10_NO_MIN,2023,10,0.4120704478709426,-3.0,0.5
2023_10_NYG_DAL,2023,10,0.9126765071056417,18.325204483489852,0.5243706713209569
2023_10_NYJ_LV,2023,10,0.4704757222326031,-1.0,0.5
2023_10_SF_JAX,2023,10,0.4120704478709426,-3.0,0.5
2023_10_TEN_TB,2023,10,0.5972794238145542,3.3252044834898515,0.5243706713209569
2023_10_WAS_SEA,2023,10,0.6642422627567897,5.724931838836716,0.49187194615013224
2023_11_ARI_HOU,2023,11,0.6354342830353985,4.674795516510149,0.475629328679043
2023_11_CHI_DET,2023,11,0.7164125727733003,7.724931838836716,0.49187194615013224
2023_11_CIN_BAL,2023,11,0.6164980929170679,4.0,0.5
2023_11_DAL_CAR,2023,11,0.1961190374361142,-11.550136322326567,0.4837472659074607
2023_11_LAC_GB,2023,11,0.40415855420148605,-3.2750681611632837,0.49187194615013224
2023_11_LV_MIA,2023,11,0.845342784635398,13.724931838836715,0.49187194615013224
2023_11_MIN_DEN,2023,11,0.5814329233500545,2.7750681611632837,0.5081280538498677
2023_11_NYG_WAS,2023,11,0.7245147199072973,8.050136322326567,0.5162527340925392
2023_11_NYJ_BUF,2023,11,0.7300512545383524,8.275068161163285,0.5081280538498677
2023_11_PHI_KC,2023,11,0.5893744104237216,3.0501363223265674,0.5162527340925392
2023_11_PIT_CLE,2023,11,0.5814329233500545,2.7750681611632837,0.5081280538498677
2023_11_SEA_LA,2023,11,0.5972794238145542,3.3252044834898515,0.5243706713209569
2023_11_TB_SF,2023,11,0.8363642665702267,13.224931838836715,0.49187194615013224
2023_11_TEN_JAX,2023,11,0.6992457073253937,7.050136322326567,0.5162527340925392
2023_12_BAL_LAC,2023,12,0.4279987964245836,-2.4498636776734326,0.5162527340925392
2023_12_BUF_PHI,2023,12,0.5654531414340273,2.2249318388367163,0.49187194615013224
2023_12_CAR_TEN,2023,12,0.6101211008053317,3.7750681611632837,0.5081280538498677
2023_12_CHI_MIN,2023,12,0.5879295521290574,3.0,0.5
2023_12_CLE_DEN,2023,12,0.5523047793979111,1.7750681611632837,0.5081280538498677
2023_12_GB_DET,2023,12,0.73553153338876,8.5,0.5
2023_12_JAX_HOU,2023,12,0.46237605071333476,-1.2750681611632837,0.49187194615013224
2023_12_KC_LV,2023,12,0.24602810386836427,-9.275068161163285,0.49187194615013224
2023_12_LA_ARI,2023,12,0.3884548587147314,-3.8252044834898515,0.475629328679043
2023_12_MIA_NYJ,2023,12,0.22830076620218154,-10.050136322326567,0.4837472659074607
2023_12_NE_NYG,2023,12,0.34662087756199866,-5.325204483489851,0.475629328679043
2023_12_NO_ATL,2023,12,0.44916441619871433,-1.7249318388367163,0.5081280538498677
2023_12_PIT_CIN,2023,12,0.4171170151597329,-2.8252044834898515,0.475629328679043
2023_12_SF_SEA,2023,12,0.30919159232778204,-6.724931838836716,0.5081280538498677
2023_12_TB_IND,2023,12,0.5734581056840343,2.5,0.5
2023_12_WAS_DAL,2023,12,0.8270540431656586,12.724931838836715,0.49187194615013224
2023_13_ARI_PIT,2023,13,0.7005371789348246,7.100272644653135,0.5324785045196263
2023_13_ATL_NYJ,2023,13,0.43308570231400756,-2.2750681611632837,0.49187194615013224
2023_13_CAR_TB,2023,13,0.5929616200399184,3.1747955165101485,0.475629328679043
2023_13_CIN_JAX,2023,13,0.7767061554944559,10.275068161163285,0.5081280538498677
2023_13_CLE_LA,2023,13,0.6022823943305156,3.5,0.5
2023_13_DEN_HOU,2023,13,0.5864835009175536,2.9498636776734326,0.4837472659074607
2023_13_DET_NO,2023,13,0.3680406840860413,-4.550136322326567,0.4837472659074607
2023_13_IND_TEN,2023,13,0.47195345543191636,-0.9498636776734324,0.5162527340925392
2023_13_KC_GB,2023,13,0.3493662633853005,-5.224931838836716,0.5081280538498677
2023_13_LAC_NE,2023,13,0.36944134018176367,-4.5,0.5
2023_13_MIA_WAS,2023,13,0.26446846661124007,-8.5,0.5
2023_13_SEA_DAL,2023,13,0.7654914196537135,9.775068161163285,0.5081280538498677
2023_13_SF_PHI,2023,13,0.3806691241907675,-4.100272644653135,0.46752149548037364
2023_14_BUF_KC,2023,14,0.5265684251810223,0.8997273553468648,0.46752149548037364
2023_14_CAR_NO,2023,14,0.6506337366146995,5.224931838836716,0.49187194615013224
2023_14_DEN_LAC,2023,14,0.5799817544451157,2.7249318388367163,0.49187194615013224
2023_14_DET_CHI,2023,14,0.4200182455548843,-2.7249318388367163,0.5081280538498677
2023_14_GB_NYG,2023,14,0.32836064328188524,-6.0,0.5
2023_14_HOU_NYJ,2023,14,0.4135164990824463,-2.9498636776734326,0.5162527340925392
2023_14_IND_CIN,2023,14,0.595841445798514,3.2750681611632837,0.5081280538498677
2023_14_JAX_CLE,2023,14,0.5734581056840343,2.5,0.5
2023_14_LA_BAL,2023,14,0.717669080989261,7.775068161163284,0.5081280538498677
2023_14_MIN_LV,2023,14,0.40415855420148605,-3.2750681611632837,0.49187194615013224
2023_14_NE_PIT,2023,14,0.6642422627567897,5.724931838836716,0.49187194615013224
2023_14_PHI_DAL,2023,14,0.6022823943305156,3.5,0.5
2023_14_SEA_SF,2023,14,0.858605258338129,14.5,0.5
2023_14_TB_ATL,2023,14,0.5523047793979111,1.7750681611632837,0.5081280538498677
2023_14_TEN_MIA,2023,14,0.8548383054721866,14.275068161163285,0.5081280538498677
2023_15_ATL_CAR,2023,15,0.4120704478709426,-3.0,0.5
2023_15_BAL_JAX,2023,15,0.3680406840860413,-4.550136322326567,0.4837472659074607
2023_15_CHI_CLE,2023,15,0.5720012035754164,2.4498636776734326,0.4837472659074607
2023_15_DAL_BUF,2023,15,0.5669142976859924,2.2750681611632837,0.5081280538498677
2023_15_DEN_DET,2023,15,0.6581456062996048,5.5,0.5
2023_15_HOU_TEN,2023,15,0.6037143285956809,3.5501363223265674,0.5162527340925392
2023_15_KC_NE,2023,15,0.23565004791929972,-9.724931838836715,0.5081280538498677
2023_15_LAC_LV,2023,15,0.5639910905782896,2.1747955165101485,0.475629328679043
2023_15_MIN_CIN,2023,15,0.595841445798514,3.2750681611632837,0.5081280538498677
2023_15_NYG_NO,2023,15,0.6716393567181147,6.0,0.5
2023_15_NYJ_MIA,2023,15,0.6966552555370549,6.949863677673433,0.4837472659074607
2023_15_PHI_SEA,2023,15,0.36317124340520723,-4.724931838836716,0.5081280538498677
2023_15_PIT_IND,2023,15,0.5442358810453114,1.5,0.5
2023_15_SF_ARI,2023,15,0.1880311033159564,-11.949863677673433,0.5162527340925392
2023_15_TB_GB,2023,15,0.6164980929170679,4.0,0.5
2023_15_WAS_LA,2023,15,0.6702959950307263,5.949863677673433,0.4837472659074607
2023_16_ARI_CHI,2023,16,0.6382214187805201,4.775068161163284,0.5081280538498677
2023_16_BAL_SF,2023,16,0.6776387436647031,6.224931838836716,0.49187194615013224
2023_16_BUF_LAC,2023,16,0.1677830551154279,-13.0,0.5
2023_16_CIN_PIT,2023,16,0.40415855420148605,-3.2750681611632837,0.49187194615013224
2023_16_CLE_HOU,2023,16,0.3962856714043192,-3.5501363223265674,0.4837472659074607
2023_16_DAL_MIA,2023,16,0.5442358810453114,1.5,0.5
2023_16_DET_MIN,2023,16,0.43454685856597275,-2.2249318388367163,0.5081280538498677
2023_16_GB_CAR,2023,16,0.42945668074033155,-2.3997273553468648,0.5324785045196263
2023_16_IND_ATL,2023,16,0.595841445798514,3.2750681611632837,0.5081280538498677
2023_16_JAX_TB,2023,16,0.43308570231400756,-2.2750681611632837,0.49187194615013224
2023_16_LV_KC,2023,16,0.7981946963163973,11.275068161163285,0.5081280538498677
2023_16_NE_DEN,2023,16,0.7189229045432945,7.825204483489851,0.5243706713209569
2023_16_NO_LA,2023,16,0.6242536436518965,4.275068161163284,0.5081280538498677
2023_16_NYG_PHI,2023,16,0.8303464836619174,12.899727355346865,0.46752149548037364
2023_16_SEA_TEN,2023,16,0.3962856714043192,-3.5501363223265674,0.4837472659074607
2023_16_WAS_NYJ,2023,16,0.595841445798514,3.2750681611632837,0.5081280538498677
2023_17_ARI_PHI,2023,17,0.8183946870527157,12.275068161163285,0.5081280538498677
2023_17_ATL_CHI,2023,17,0.5799817544451157,2.7249318388367163,0.49187194615013224
2023_17_CAR_JAX,2023,17,0.5944021716401787,3.2249318388367163,0.49187194615013224
2023_17_CIN_KC,2023,17,0.6966552555370549,6.949863677673433,0.4837472659074607
2023_17_DET_DAL,2023,17,0.6655953794668604,5.775068161163284,0.5081280538498677
2023_17_GB_MIN,2023,17,0.5457080489361668,1.5501363223265676,0.5162527340925392
2023_17_LAC_DEN,2023,17,0.6101211008053317,3.7750681611632837,0.5081280538498677
2023_17_LA_NYG,2023,17,0.35074192819187566,-5.174795516510149,0.5243706713209569
2023_17_LV_IND,2023,17,0.6101211008053317,3.7750681611632837,0.5081280538498677
2023_17_MIA_BAL,2023,17,0.5879295521290574,3.0,0.5
2023_17_NE_BUF,2023,17,0.8753110969070872,15.550136322326567,0.5162527340925392
2023_17_NO_TB,2023,17,0.5734581056840343,2.5,0.5
2023_17_NYJ_CLE,2023,17,0.6992457073253937,7.050136322326567,0.5162527340925392
2023_17_PIT_SEA,2023,17,0.6305586598182363,4.5,0.5
2023_17_SF_WAS,2023,17,0.1405642157229286,-14.550136322326567,0.4837472659074607
2023_17_TEN_HOU,2023,17,0.6291562687311859,4.449863677673433,0.4837472659074607
2023_18_ATL_NO,2023,18,0.6256619485301825,4.325204483489851,0.5243706713209569
2023_18_BUF_MIA,2023,18,0.4185670766499455,-2.7750681611632837,0.49187194615013224
2023_18_CHI_GB,2023,18,0.5814329233500545,2.7750681611632837,0.5081280538498677
2023_18_CLE_CIN,2023,18,0.7245147199072973,8.050136322326567,0.5162527340925392
2023_18_DAL_WAS,2023,18,0.1577582913198901,-13.550136322326567,0.4837472659074607
2023_18_DEN_LV,2023,18,0.5864835009175536,2.9498636776734326,0.4837472659074607
2023_18_HOU_IND,2023,18,0.47195345543191636,-0.9498636776734324,0.5162527340925392
2023_18_JAX_TEN,2023,18,0.3820847265817454,-4.050136322326567,0.4837472659074607
2023_18_KC_LAC,2023,18,0.6101211008053317,3.7750681611632837,0.5081280538498677
2023_18_LA_SF,2023,18,0.6655953794668604,5.775068161163284,0.5081280538498677
2023_18_MIN_DET,2023,18,0.6101211008053317,3.7750681611632837,0.5081280538498677
2023_18_NYJ_NE,2023,18,0.5814329233500545,2.7750681611632837,0.5081280538498677
2023_18_PHI_NYG,2023,18,0.36944134018176367,-4.5,0.5
2023_18_PIT_BAL,2023,18,0.3806691241907675,-4.100272644653135,0.46752149548037364
2023_18_SEA_ARI,2023,18,0.42654189431596573,-2.5,0.5
2023_18_TB_CAR,2023,18,0.34799257448168985,-5.275068161163284,0.49187194615013224
2023_19_CLE_HOU,2023,19,0.4425787482829278,-1.9498636776734324,0.5162527340925392
2023_19_GB_DAL,2023,19,0.7050199798070791,7.275068161163284,0.5081280538498677
2023_19_LA_DET,2023,19,0.6101211008053317,3.7750681611632837,0.5081280538498677
2023_19_MIA_KC,2023,19,0.6458291529363458,5.050136322326567,0.5162527340925392
2023_19_PHI_TB,2023,19,0.4425787482829278,-1.9498636776734324,0.5162527340925392
2023_19_PIT_BUF,2023,19,0.7705746740352664,10.0,0.5
2023_20_GB_SF,2023,20,0.7568720312975051,9.399727355346865,0.46752149548037364
2023_20_HOU_BAL,2023,20,0.7451288670068698,8.899727355346865,0.46752149548037364
2023_20_KC_BUF,2023,20,0.5734581056840343,2.5,0.5
2023_20_TB_DET,2023,20,0.6716393567181147,6.0,0.5
2023_21_DET_SF,2023,21,0.67496986329821,6.124659194183581,0.45942711476136233
2023_21_KC_BAL,2023,21,0.6072685990589666,3.6747955165101485,0.475629328679043
2023_22_SF_KC,2023,22,0.48818927079273894,-0.39972735534686477,0.5324785045196263
2024_01_ARI_BUF,2024,1,0.6849128309162449,6.5,0.5
2024_01_BAL_KC,2024,1,0.5808851074324333,2.756137251255347,0.49279393552066514
2024_01_CAR_NO,2024,1,0.6092340137222952,3.743862748744653,0.5072060644793349
2024_01_DAL_CLE,2024,1,0.5663626879319323,2.256137251255347,0.49279393552066514
2024_01_DEN_SEA,2024,1,0.6784674579498641,6.256137251255347,0.49279393552066514
2024_01_GB_PHI,2024,1,0.5517501109177119,1.756137251255347,0.49279393552066514
2024_01_HOU_IND,2024,1,0.4050542235492561,-3.243862748744653,0.49279393552066514
2024_01_JAX_MIA,2024,1,0.6022823943305156,3.5,0.5
2024_01_LA_DET,2024,1,0.6376957791661957,4.756137251255347,0.49279393552066514
2024_01_LV_LAC,2024,1,0.5808851074324333,2.756137251255347,0.49279393552066514
2024_01_MIN_NYG,2024,1,0.4704757222326031,-1.0,0.5
2024_01_NE_CIN,2024,1,0.7232730811922008,8.0,0.5
2024_01_NYJ_SF,2024,1,0.5952981434062987,3.256137251255347,0.49279393552066514
2024_01_PIT_ATL,2024,1,0.6164980929170679,4.0,0.5
2024_01_TEN_CHI,2024,1,0.6233762609668004,4.243862748744653,0.5072060644793349
2024_01_WAS_TB,2024,1,0.6164980929170679,4.0,0.5
2024_02_ATL_PHI,2024,2,0.6581456062996048,5.5,0.5
2024_02_BUF_MIA,2024,2,0.5805298283699872,2.743862748744653,0.5072060644793349
2024_02_CHI_HOU,2024,2,0.6716393567181147,6.0,0.5
2024_02_CIN_KC,2024,2,0.6913023902455728,6.743862748744653,0.5072060644793349
2024_02_CLE_JAX,2024,2,0.594945776450744,3.243862748744653,0.5072060644793349
2024_02_IND_GB,2024,2,0.41911489256756673,-2.756137251255347,0.5072060644793349
2024_02_LAC_CAR,2024,2,0.3690982669328793,-4.512274502510694,0.5144097780331272
2024_02_LA_ARI,2024,2,0.484865264942447,-0.512274502510694,0.5144097780331272
2024_02_LV_BAL,2024,2,0.7475074624530771,9.0,0.5
2024_02_NO_DAL,2024,2,0.6913023902455728,6.743862748744653,0.5072060644793349
2024_02_NYG_WAS,2024,2,0.5442358810453114,1.5,0.5
2024_02_NYJ_TEN,2024,2,0.40470185659370134,-3.256137251255347,0.5072060644793349
2024_02_PIT_DEN,2024,2,0.41911489256756673,-2.756137251255347,0.5072060644793349
2024_02_SEA_NE,2024,2,0.3977176056694844,-3.5,0.5
2024_02_SF_MIN,2024,2,0.3762785483429531,-4.256137251255347,0.5072060644793349
2024_02_TB_DET,2024,2,0.7289853843631029,8.23158824623396,0.5216087920365003
2024_03_BAL_DAL,2024,3,0.4557641189546886,-1.5,0.5
2024_03_CAR_LV,2024,3,0.6514889692873348,5.256137251255347,0.49279393552066514
2024_03_CHI_IND,2024,3,0.5442358810453114,1.5,0.5
2024_03_DEN_TB,2024,3,0.6518251604354939,5.268411753766041,0.47839120796349965
2024_03_DET_ARI,2024,3,0.41911489256756673,-2.756137251255347,0.5072060644793349
2024_03_GB_TEN,2024,3,0.594945776450744,3.243862748744653,0.5072060644793349
2024_03_HOU_MIN,2024,3,0.4411129259617243,-2.0,0.5
2024_03_JAX_BUF,2024,3,0.6095830133745618,3.756137251255347,0.49279393552066514
2024_03_KC_ATL,2024,3,0.4120704478709426,-3.0,0.5
2024_03_LAC_PIT,2024,3,0.594945776450744,3.243862748744653,0.5072060644793349
2024_03_MIA_SEA,2024,3,0.6026330923553818,3.512274502510694,0.4855902219668729
2024_03_NE_NYJ,2024,3,0.6913023902455728,6.743862748744653,0.5072060644793349
2024_03_NYG_CLE,2024,3,0.6784674579498641,6.256137251255347,0.49279393552066514
2024_03_PHI_NO,2024,3,0.5805298283699872,2.743862748744653,0.5072060644793349
2024_03_SF_LA,2024,3,0.32836064328188524,-6.0,0.5
2024_03_WAS_CIN,2024,3,0.6982687547862146,7.012274502510694,0.4855902219668729
2024_04_BUF_BAL,2024,4,0.5805298283699872,2.743862748744653,0.5072060644793349
2024_04_CIN_CAR,2024,4,0.36944134018176367,-4.5,0.5
2024_04_CLE_LV,2024,4,0.4054066674960693,-3.231588246233959,0.47839120796349965
2024_04_DAL_NYG,2024,4,0.3485110307126652,-5.256137251255347,0.5072060644793349
2024_04_DEN_NYJ,2024,4,0.6982687547862146,7.012274502510694,0.4855902219668729
2024_04_JAX_HOU,2024,4,0.6581456062996048,5.5,0.5
2024_04_KC_LAC,2024,4,0.28311266916202305,-7.743862748744653,0.49279393552066514
2024_04_LA_CHI,2024,4,0.594945776450744,3.243862748744653,0.5072060644793349
2024_04_MIN_GB,2024,4,0.5663626879319323,2.256137251255347,0.49279393552066514
2024_04_NE_SF,2024,4,0.7762871820418016,10.256137251255346,0.49279393552066514
2024_04_NO_ATL,2024,4,0.5805298283699872,2.743862748744653,0.5072060644793349
2024_04_PHI_TB,2024,4,0.4632942059997676,-1.243862748744653,0.49279393552066514
2024_04_PIT_IND,2024,4,0.4124243642738024,-2.987725497489306,0.4855902219668729
2024_04_SEA_DET,2024,4,0.6092340137222952,3.743862748744653,0.5072060644793349
2024_04_TEN_MIA,2024,4,0.5592458183032472,2.012274502510694,0.4855902219668729
2024_04_WAS_ARI,2024,4,0.5952981434062987,3.256137251255347,0.49279393552066514
2024_05_ARI_SF,2024,5,0.6979517285214231,7.0,0.5
2024_05_BAL_CIN,2024,5,0.4194701716300128,-2.743862748744653,0.49279393552066514
2024_05_BUF_HOU,2024,5,0.529524277767397,1.0,0.5
2024_05_CAR_CHI,2024,5,0.6302154825769728,4.487725497489306,0.5144097780331272
2024_05_CLE_WAS,2024,5,0.6019316136278547,3.487725497489306,0.5144097780331272
2024_05_DAL_PIT,2024,5,0.5875756357261976,2.987725497489306,0.5144097780331272
2024_05_GB_LA,2024,5,0.4120704478709426,-3.0,0.5
2024_05_IND_JAX,2024,5,0.6366725867311674,4.719313743723265,0.5359833521698056
2024_05_LV_DEN,2024,5,0.6088849260592224,3.731588246233959,0.5216087920365003
2024_05_MIA_NE,2024,5,0.4268984849636655,-2.487725497489306,0.4855902219668729
2024_05_NO_KC,2024,5,0.6713106757130745,5.987725497489306,0.5144097780331272
2024_05_NYG_SEA,2024,5,0.710431704630228,7.487725497489306,0.5144097780331272
2024_05_NYJ_MIN,2024,5,0.5805298283699872,2.743862748744653,0.5072060644793349
2024_05_TB_ATL,2024,5,0.5945933325039308,3.231588246233959,0.5216087920365003
2024_06_ARI_GB,2024,6,0.6647534358032239,5.743862748744653,0.5072060644793349
2024_06_ATL_CAR,2024,6,0.30268277230682894,-6.975450994978612,0.47119923753784126
2024_06_BUF_NYJ,2024,6,0.47766685398701914,-0.756137251255347,0.5072060644793349
2024_06_CIN_NYG,2024,6,0.34918376987101785,-5.231588246233959,0.47839120796349965
2024_06_CLE_PHI,2024,6,0.7411142272928617,8.73158824623396,0.5216087920365003
2024_06_DET_DAL,2024,6,0.37696902840109736,-4.231588246233959,0.47839120796349965
2024_06_HOU_NE,2024,6,0.3215325420501359,-6.256137251255347,0.5072060644793349
2024_06_IND_TEN,2024,6,0.5875756357261976,2.987725497489306,0.5144097780331272
2024_06_JAX_CHI,2024,6,0.44860958149252744,-1.743862748744653,0.49279393552066514
2024_06_LAC_DEN,2024,6,0.4050542235492561,-3.243862748744653,0.49279393552066514
2024_06_PIT_LV,2024,6,0.39076598627770476,-3.743862748744653,0.49279393552066514
2024_06_SF_SEA,2024,6,0.40470185659370134,-3.256137251255347,0.5072060644793349
2024_06_TB_NO,2024,6,0.3838491032772924,-3.987725497489306,0.4855902219668729
2024_06_WAS_BAL,2024,6,0.6849128309162449,6.5,0.5
2024_07_BAL_TB,2024,7,0.3558920136242711,-4.987725497489306,0.4855902219668729
2024_07_CAR_WAS,2024,7,0.7970302108125532,11.219313743723266,0.5359833521698056
2024_07_CIN_CLE,2024,7,0.34185439370039516,-5.5,0.5
2024_07_DEN_NO,2024,7,0.3984192494820389,-3.475450994978612,0.47119923753784126
2024_07_DET_MIN,2024,7,0.529524277767397,1.0,0.5
2024_07_HOU_GB,2024,7,0.6088849260592224,3.731588246233959,0.5216087920365003
2024_07_KC_SF,2024,7,0.5805298283699872,2.743862748744653,0.5072060644793349
2024_07_LAC_ARI,2024,7,0.47766685398701914,-0.756137251255347,0.5072060644793349
2024_07_LV_LA,2024,7,0.7165795486940435,7.731588246233959,0.5216087920365003
2024_07_MIA_IND,2024,7,0.5667203577739033,2.268411753766041,0.47839120796349965
2024_07_NE_JAX,2024,7,0.6913023902455728,6.743862748744653,0.5072060644793349
2024_07_NYJ_PIT,2024,7,0.4120704478709426,-3.0,0.5
2024_07_PHI_NYG,2024,7,0.4261853637039866,-2.512274502510694,0.5144097780331272
2024_07_SEA_ATL,2024,7,0.594945776450744,3.243862748744653,0.5072060644793349
2024_07_TEN_BUF,2024,7,0.7647813170928817,9.743862748744654,0.5072060644793349
2024_08_ARI_MIA,2024,8,0.6026330923553818,3.512274502510694,0.4855902219668729
2024_08_ATL_TB,2024,8,0.4557641189546886,-1.5,0.5
2024_08_BAL_CLE,2024,8,0.28311266916202305,-7.743862748744653,0.49279393552066514
2024_08_BUF_SEA,2024,8,0.4050542235492561,-3.243862748744653,0.49279393552066514
2024_08_CAR_DEN,2024,8,0.8538942313943454,14.219313743723266,0.5359833521698056
2024_08_CHI_WAS,2024,8,0.5585282814473381,1.987725497489306,0.5144097780331272
2024_08_DAL_SF,2024,8,0.6713106757130745,5.987725497489306,0.5144097780331272
2024_08_GB_JAX,2024,8,0.3977176056694844,-3.5,0.5
2024_08_IND_HOU,2024,8,0.6376957791661957,4.756137251255347,0.49279393552066514
2024_08_KC_LV,2024,8,0.2524925375469229,-9.0,0.5
2024_08_MIN_LA,2024,8,0.4120704478709426,-3.0,0.5
2024_08_NO_LAC,2024,8,0.6979517285214231,7.0,0.5
2024_08_NYG_PIT,2024,8,0.678141592741388,6.243862748744653,0.5072060644793349
2024_08_NYJ_NE,2024,8,0.29577804308248123,-7.243862748744653,0.49279393552066514
2024_08_PHI_CIN,2024,8,0.5875756357261976,2.987725497489306,0.5144097780331272
2024_08_TEN_DET,2024,8,0.8319886952226284,12.987725497489306,0.5144097780331272
2024_09_CHI_ARI,2024,9,0.5585282814473381,1.987725497489306,0.5144097780331272
2024_09_DAL_ATL,2024,9,0.6088849260592224,3.731588246233959,0.5216087920365003
2024_09_DEN_BAL,2024,9,0.7532430238876644,9.243862748744654,0.5072060644793349
2024_09_DET_GB,2024,9,0.4124243642738024,-2.987725497489306,0.4855902219668729
2024_09_HOU_NYJ,2024,9,0.5592458183032472,2.012274502510694,0.4855902219668729
2024_09_IND_MIN,2024,9,0.6849128309162449,6.5,0.5
2024_09_JAX_PHI,2024,9,0.7107426392460281,7.5,0.5
2024_09_LAC_CLE,2024,9,0.43399503626224367,-2.243862748744653,0.49279393552066514
2024_09_LA_SEA,2024,9,0.4414717185526619,-1.987725497489306,0.4855902219668729
2024_09_LV_CIN,2024,9,0.7171949525007146,7.756137251255347,0.49279393552066514
2024_09_MIA_BUF,2024,9,0.7039077867847817,7.231588246233959,0.5216087920365003
2024_09_NE_TEN,2024,9,0.5524693678250894,1.780686256276735,0.4640166478301943
2024_09_NO_CAR,2024,9,0.289568295369772,-7.487725497489306,0.4855902219668729
2024_09_TB_KC,2024,9,0.7532430238876644,9.243862748744654,0.5072060644793349
2024_09_WAS_NYG,2024,9,0.36944134018176367,-4.5,0.5
2024_10_ATL_NO,2024,10,0.3838491032772924,-3.987725497489306,0.4855902219668729
2024_10_BUF_IND,2024,10,0.36944134018176367,-4.5,0.5
2024_10_CIN_BAL,2024,10,0.678141592741388,6.243862748744653,0.5072060644793349
2024_10_DEN_KC,2024,10,0.7107426392460281,7.5,0.5
2024_10_DET_HOU,2024,10,0.3762785483429531,-4.256137251255347,0.5072060644793349
2024_10_MIA_LA,2024,10,0.5805298283699872,2.743862748744653,0.5072060644793349
2024_10_MIN_JAX,2024,10,0.29577804308248123,-7.243862748744653,0.49279393552066514
2024_10_NE_CHI,2024,10,0.6719679049303813,6.012274502510694,0.4855902219668729
2024_10_NYG_CAR,2024,10,0.3150871690837551,-6.5,0.5
2024_10_NYJ_ARI,2024,10,0.43399503626224367,-2.243862748744653,0.49279393552066514
2024_10_PHI_DAL,2024,10,0.2710146156368971,-8.23158824623396,0.47839120796349965
2024_10_PIT_WAS,2024,10,0.5370669696759427,1.256137251255347,0.49279393552066514
2024_10_SF_TB,2024,10,0.3150871690837551,-6.5,0.5
2024_10_TEN_LAC,2024,10,0.7110534168410995,7.512274502510694,0.4855902219668729
2024_11_ATL_DEN,2024,11,0.5660049637377563,2.243862748744653,0.5072060644793349
2024_11_BAL_PIT,2024,11,0.4050542235492561,-3.243862748744653,0.49279393552066514
2024_11_CIN_LAC,2024,11,0.5367057940002324,1.243862748744653,0.5072060644793349
2024_11_CLE_NO,2024,11,0.4704757222326031,-1.0,0.5
2024_11_GB_CHI,2024,11,0.32185840725861203,-6.243862748744653,0.49279393552066514
2024_11_HOU_DAL,2024,11,0.27703131724369723,-7.987725497489306,0.4855902219668729
2024_11_IND_NYJ,2024,11,0.6233762609668004,4.243862748744653,0.5072060644793349
2024_11_JAX_DET,2024,11,0.8458921383483611,13.756137251255346,0.49279393552066514
2024_11_KC_BUF,2024,11,0.5663626879319323,2.256137251255347,0.49279393552066514
2024_11_LA_NE,2024,11,0.383501907082932,-4.0,0.5
2024_11_LV_MIA,2024,11,0.7232730811922008,8.0,0.5
2024_11_MIN_TEN,2024,11,0.31541026775267056,-6.487725497489306,0.4855902219668729
2024_11_SEA_SF,2024,11,0.6650847094393666,5.756137251255347,0.49279393552066514
2024_11_WAS_PHI,2024,11,0.637354823890786,4.743862748744653,0.5072060644793349
2024_12_ARI_SEA,2024,12,0.47766685398701914,-0.756137251255347,0.5072060644793349
2024_12_BAL_LAC,2024,12,0.41911489256756673,-2.756137251255347,0.5072060644793349
2024_12_DAL_WAS,2024,12,0.786937970280505,10.743862748744654,0.5072060644793349
2024_12_DEN_LV,2024,12,0.30869760975442717,-6.743862748744653,0.49279393552066514
2024_12_DET_IND,2024,12,0.29577804308248123,-7.243862748744653,0.49279393552066514
2024_12_KC_CAR,2024,12,0.20758915974995001,-11.0,0.5
2024_12_MIN_CHI,2024,12,0.4120704478709426,-3.0,0.5
2024_12_NE_MIA,2024,12,0.7045359738125982,7.256137251255347,0.49279393552066514
2024_12_PHI_LA,2024,12,0.4120704478709426,-3.0,0.5
2024_12_PIT_CLE,2024,12,0.3977176056694844,-3.5,0.5
2024_12_SF_GB,2024,12,0.6976345527597981,6.987725497489306,0.5144097780331272
2024_12_TB_NYG,2024,12,0.30869760975442717,-6.743862748744653,0.49279393552066514
2024_12_TEN_HOU,2024,12,0.7352339422336404,8.487725497489306,0.5144097780331272
2024_13_ARI_MIN,2024,13,0.5952981434062987,3.256137251255347,0.49279393552066514
2024_13_CHI_DET,2024,13,0.7535298602299743,9.256137251255346,0.49279393552066514
2024_13_CLE_DEN,2024,13,0.6976345527597981,6.987725497489306,0.5144097780331272
2024_13_HOU_JAX,2024,13,0.40470185659370134,-3.256137251255347,0.5072060644793349
2024_13_IND_NE,2024,13,0.4336373120680677,-2.256137251255347,0.5072060644793349
2024_13_LAC_ATL,2024,13,0.49206861166140914,-0.2684117537660409,0.5216087920365003
2024_13_LA_NO,2024,13,0.42654189431596573,-2.5,0.5
2024_13_LV_KC,2024,13,0.8456762068501362,13.743862748744654,0.5072060644793349
2024_13_MIA_GB,2024,13,0.5882833970305404,3.012274502510694,0.4855902219668729
2024_13_NYG_DAL,2024,13,0.6168451955896446,4.012274502510694,0.4855902219668729
2024_13_PHI_BAL,2024,13,0.5879295521290574,3.0,0.5
2024_13_PIT_CIN,2024,13,0.5808851074324333,2.756137251255347,0.49279393552066514
2024_13_SEA_NYJ,2024,13,0.529524277767397,1.0,0.5
2024_13_SF_BUF,2024,13,0.7101206131715395,7.475450994978612,0.5288007624621588
2024_13_TB_CAR,2024,13,0.3150871690837551,-6.5,0.5
2024_13_TEN_WAS,2024,13,0.6716393567181147,6.0,0.5
2024_14_ATL_MIN,2024,14,0.6650847094393666,5.756137251255347,0.49279393552066514
2024_14_BUF_LA,2024,14,0.39076598627770476,-3.743862748744653,0.49279393552066514
2024_14_CAR_PHI,2024,14,0.8543104199045386,14.243862748744654,0.5072060644793349
2024_14_CHI_SF,2024,14,0.5667203577739033,2.268411753766041,0.47839120796349965
2024_14_CIN_DAL,2024,14,0.3555532737974019,-5.0,0.5
2024_14_CLE_PIT,2024,14,0.6845897322473294,6.487725497489306,0.5144097780331272
2024_14_GB_DET,2024,14,0.594945776450744,3.243862748744653,0.5072060644793349
2024_14_JAX_TEN,2024,14,0.5524693678250894,1.780686256276735,0.4640166478301943
2024_14_LAC_KC,2024,14,0.6444467262025981,5.0,0.5
2024_14_LV_TB,2024,14,0.6979517285214231,7.0,0.5
2024_14_NO_NYG,2024,14,0.3093382571805557,-6.719313743723265,0.4640166478301943
2024_14_NYJ_MIA,2024,14,0.6849128309162449,6.5,0.5
2024_14_SEA_ARI,2024,14,0.6019316136278547,3.487725497489306,0.5144097780331272
2024_15_ATL_LV,2024,15,0.3150871690837551,-6.5,0.5
2024_15_BAL_NYG,2024,15,0.09466870296645813,-17.719313743723266,0.4640166478301943
2024_15_BUF_DET,2024,15,0.5805298283699872,2.743862748744653,0.5072060644793349
2024_15_CHI_MIN,2024,15,0.7042219569175188,7.243862748744653,0.5072060644793349
2024_15_CIN_TEN,2024,15,0.3415206159135533,-5.512274502510694,0.5144097780331272
2024_15_DAL_CAR,2024,15,0.5945933325039308,3.231588246233959,0.5216087920365003
2024_15_GB_SEA,2024,15,0.4120704478709426,-3.0,0.5
2024_15_IND_DEN,2024,15,0.6305586598182363,4.5,0.5
2024_15_KC_CLE,2024,15,0.36944134018176367,-4.5,0.5
2024_15_LA_SF,2024,15,0.594945776450744,3.243862748744653,0.5072060644793349
2024_15_MIA_HOU,2024,15,0.5734581056840343,2.5,0.5
2024_15_NE_ARI,2024,15,0.6716393567181147,6.0,0.5
2024_15_NYJ_JAX,2024,15,0.40470185659370134,-3.256137251255347,0.5072060644793349
2024_15_PIT_PHI,2024,15,0.6713106757130745,5.987725497489306,0.5144097780331272
2024_15_TB_LAC,2024,15,0.6019316136278547,3.487725497489306,0.5144097780331272
2024_15_WAS_NO,2024,15,0.29546402618740175,-7.256137251255347,0.5072060644793349
2024_16_ARI_CAR,2024,16,0.3352465641967761,-5.743862748744653,0.49279393552066514
2024_16_CLE_CIN,2024,16,0.7705746740352664,10.0,0.5
2024_16_DEN_LAC,2024,16,0.5808851074324333,2.756137251255347,0.49279393552066514
2024_16_DET_CHI,2024,16,0.29577804308248123,-7.243862748744653,0.49279393552066514
2024_16_HOU_KC,2024,16,0.6022823943305156,3.5,0.5
2024_16_JAX_LV,2024,16,0.5592458183032472,2.012274502510694,0.4855902219668729
2024_16_LA_NYJ,2024,16,0.4050542235492561,-3.243862748744653,0.49279393552066514
2024_16_MIN_SEA,2024,16,0.42654189431596573,-2.5,0.5
2024_16_NE_BUF,2024,16,0.8543104199045386,14.243862748744654,0.5072060644793349
2024_16_NO_GB,2024,16,0.8543104199045386,14.243862748744654,0.5072060644793349
2024_16_NYG_ATL,2024,16,0.7647813170928817,9.743862748744654,0.5072060644793349
2024_16_PHI_WAS,2024,16,0.3766237390331996,-4.243862748744653,0.49279393552066514
2024_16_PIT_BAL,2024,16,0.7042219569175188,7.243862748744653,0.5072060644793349
2024_16_SF_MIA,2024,16,0.4411129259617243,-2.0,0.5
2024_16_TB_DAL,2024,16,0.3762785483429531,-4.256137251255347,0.5072060644793349
2024_16_TEN_IND,2024,16,0.6164980929170679,4.0,0.5
2024_17_ARI_LA,2024,17,0.6784674579498641,6.256137251255347,0.49279393552066514
2024_17_ATL_WAS,2024,17,0.5882833970305404,3.012274502510694,0.4855902219668729
2024_17_BAL_HOU,2024,17,0.3352465641967761,-5.743862748744653,0.49279393552066514
2024_17_CAR_TB,2024,17,0.7702988841164513,9.987725497489306,0.5144097780331272
2024_17_DAL_PHI,2024,17,0.7107426392460281,7.5,0.5
2024_17_DEN_CIN,2024,17,0.5882833970305404,3.012274502510694,0.4855902219668729
2024_17_DET_SF,2024,17,0.3562308672605271,-4.975450994978612,0.47119923753784126
2024_17_GB_MIN,2024,17,0.4992745458779765,-0.024549005021387904,0.5288007624621588
2024_17_IND_NYG,2024,17,0.28311266916202305,-7.743862748744653,0.49279393552066514
2024_17_KC_PIT,2024,17,0.41911489256756673,-2.756137251255347,0.5072060644793349
2024_17_LAC_NE,2024,17,0.32185840725861203,-6.243862748744653,0.49279393552066514
2024_17_LV_NO,2024,17,0.419825516353605,-2.731588246233959,0.47839120796349965
2024_17_MIA_CLE,2024,17,0.4120704478709426,-3.0,0.5
2024_17_NYJ_BUF,2024,17,0.7705746740352664,10.0,0.5
2024_17_SEA_CHI,2024,17,0.39076598627770476,-3.743862748744653,0.49279393552066514
2024_17_TEN_JAX,2024,17,0.484865264942447,-0.512274502510694,0.5144097780331272
2024_18_BUF_NE,2024,18,0.39806838637214526,-3.487725497489306,0.4855902219668729
2024_18_CAR_ATL,2024,18,0.7229686827563028,7.987725497489306,0.5144097780331272
2024_18_CHI_GB,2024,18,0.7650607741723345,9.756137251255346,0.49279393552066514
2024_18_CIN_PIT,2024,18,0.44789023921233234,-1.7684117537660409,0.5216087920365003
2024_18_CLE_BAL,2024,18,0.9353287871514893,20.475450994978612,0.5288007624621588
2024_18_HOU_TEN,2024,18,0.5377892290682644,1.280686256276735,0.4640166478301943
2024_18_JAX_IND,2024,18,0.6022823943305156,3.5,0.5
2024_18_KC_DEN,2024,18,0.8310736992981883,12.93862748744653,0.5716745577850914
2024_18_LAC_LV,2024,18,0.30204827147857694,-7.0,0.5
2024_18_MIA_NYJ,2024,18,0.5513904185074726,1.743862748744653,0.5072060644793349
2024_18_MIN_DET,2024,18,0.5879295521290574,3.0,0.5
2024_18_NO_TB,2024,18,0.8503524623697329,14.012274502510694,0.4855902219668729
2024_18_NYG_PHI,2024,18,0.5309710136472393,1.0490980100427758,0.4425483833792957
2024_18_SEA_LA,2024,18,0.25918012582911837,-8.719313743723266,0.4640166478301943
2024_18_SF_ARI,2024,18,0.6508162301289822,5.231588246233959,0.5216087920365003
2024_18_WAS_DAL,2024,18,0.3147642118279908,-6.512274502510694,0.5144097780331272
2024_19_DEN_BUF,2024,19,0.7107426392460281,7.5,0.5
2024_19_GB_PHI,2024,19,0.6647534358032239,5.743862748744653,0.5072060644793349
2024_19_LAC_HOU,2024,19,0.41911489256756673,-2.756137251255347,0.5072060644793349
2024_19_MIN_LA,2024,19,0.42654189431596573,-2.5,0.5
2024_19_PIT_BAL,2024,19,0.7535298602299743,9.256137251255346,0.49279393552066514
2024_19_WAS_TB,2024,19,0.5879295521290574,3.0,0.5
2024_20_BAL_BUF,2024,20,0.4629330303240573,-1.256137251255347,0.5072060644793349
2024_20_HOU_KC,2024,20,0.7591913433207376,9.5,0.5
2024_20_LA_PHI,2024,20,0.710431704630228,7.487725497489306,0.5144097780331272
2024_20_WAS_DET,2024,20,0.7295874386496612,8.256137251255346,0.49279393552066514
2024_21_BUF_KC,2024,21,0.5585282814473381,1.987725497489306,0.5144097780331272
2024_21_WAS_PHI,2024,21,0.6845897322473294,6.487725497489306,0.5144097780331272
2024_22_KC_PHI,2024,22,0.4557641189546886,-1.5,0.5
2025_01_ARI_NO,2025,1,0.32836064328188524,-6.0,0.5
2025_01_BAL_BUF,2025,1,0.46540106025680883,-1.172281776416539,0.5096835419075336
2025_01_CAR_JAX,2025,1,0.6305586598182363,4.5,0.5
2025_01_CIN_CLE,2025,1,0.34185439370039516,-5.5,0.5
2025_01_DAL_PHI,2025,1,0.7275281640506069,8.17228177641654,0.4903164580924664
2025_01_DET_GB,2025,1,0.5442358810453114,1.5,0.5
2025_01_HOU_LA,2025,1,0.6116165006948968,3.827718223583461,0.5096835419075336
2025_01_KC_LAC,2025,1,0.4120704478709426,-3.0,0.5
2025_01_LV_NE,2025,1,0.5639177629235554,2.172281776416539,0.4903164580924664
2025_01_MIA_IND,2025,1,0.5538468652183842,1.827718223583461,0.5096835419075336
2025_01_MIN_CHI,2025,1,0.4557641189546886,-1.5,0.5
2025_01_NYG_WAS,2025,1,0.6803650583239131,6.327718223583461,0.5096835419075336
2025_01_PIT_NYJ,2025,1,0.40264851315345423,-3.327718223583461,0.4903164580924664
2025_01_SF_SEA,2025,1,0.4360822370764446,-2.172281776416539,0.5096835419075336
2025_01_TB_ATL,2025,1,0.4847302892437976,-0.5168453292496172,0.5290278177484999
2025_01_TEN_DEN,2025,1,0.73553153338876,8.5,0.5
2025_02_ATL_MIN,2025,2,0.5928893602226375,3.172281776416539,0.4903164580924664
2025_02_BUF_NYJ,2025,2,0.3371809921692629,-5.672281776416539,0.5096835419075336
2025_02_CAR_ARI,2025,2,0.6979517285214231,7.0,0.5
2025_02_CHI_DET,2025,2,0.6716393567181147,6.0,0.5
2025_02_CLE_BAL,2025,2,0.8163787226550823,12.17228177641654,0.4903164580924664
2025_02_DEN_IND,2025,2,0.4075949560417542,-3.155436447166922,0.4806386206983327
2025_02_JAX_CIN,2025,2,0.6116165006948968,3.827718223583461,0.5096835419075336
2025_02_LAC_LV,2025,2,0.3977176056694844,-3.5,0.5
2025_02_LA_TEN,2025,2,0.34185439370039516,-5.5,0.5
2025_02_NE_MIA,2025,2,0.5538468652183842,1.827718223583461,0.5096835419075336
2025_02_NYG_DAL,2025,2,0.6305586598182363,4.5,0.5
2025_02_PHI_KC,2025,2,0.46540106025680883,-1.172281776416539,0.5096835419075336
2025_02_SEA_PIT,2025,2,0.5928893602226375,3.172281776416539,0.4903164580924664
2025_02_SF_NO,2025,2,0.40264851315345423,-3.327718223583461,0.4903164580924664
2025_02_TB_HOU,2025,2,0.5734581056840343,2.5,0.5
2025_02_WAS_GB,2025,2,0.5928893602226375,3.172281776416539,0.4903164580924664
2025_03_ARI_SF,2025,3,0.5442358810453114,1.5,0.5
2025_03_ATL_CAR,2025,3,0.3508109531428432,-5.172281776416539,0.5096835419075336
2025_03_CIN_MIN,2025,3,0.5784566555890117,2.672281776416539,0.4903164580924664
2025_03_DAL_CHI,2025,3,0.42703128885202546,-2.4831546707503827,0.4709721822515
2025_03_DEN_LAC,2025,3,0.5639177629235554,2.172281776416539,0.4903164580924664
2025_03_DET_BAL,2025,3,0.6213612618746884,4.172281776416539,0.4903164580924664
2025_03_GB_CLE,2025,3,0.26446846661124007,-8.5,0.5
2025_03_HOU_JAX,2025,3,0.5442358810453114,1.5,0.5
2025_03_IND_TEN,2025,3,0.3024835965392667,-6.983154670750383,0.4709721822515
2025_03_KC_NYG,2025,3,0.31963494167608686,-6.327718223583461,0.4903164580924664
2025_03_LA_PHI,2025,3,0.6116165006948968,3.827718223583461,0.5096835419075336
2025_03_LV_WAS,2025,3,0.5543400830866037,1.8445635528330782,0.4806386206983327
2025_03_MIA_BUF,2025,3,0.8163787226550823,12.17228177641654,0.4903164580924664
2025_03_NO_SEA,2025,3,0.7023876642723381,7.172281776416539,0.4903164580924664
2025_03_NYJ_TB,2025,3,0.667467417823602,5.844563552833078,0.4806386206983327
2025_03_PIT_NE,2025,3,0.47505833639864803,-0.8445635528330782,0.5193613793016673
2025_04_BAL_KC,2025,4,0.4360822370764446,-2.172281776416539,0.5096835419075336
2025_04_CAR_NE,2025,4,0.6670140263762105,5.827718223583461,0.5096835419075336
2025_04_CHI_LV,2025,4,0.5729687111479745,2.4831546707503827,0.5290278177484999
2025_04_CIN_DEN,2025,4,0.7107426392460281,7.5,0.5
2025_04_CLE_DET,2025,4,0.7631479619642496,9.67228177641654,0.4903164580924664
2025_04_GB_DAL,2025,4,0.2936358421935835,-7.327718223583461,0.4903164580924664
2025_04_IND_LA,2025,4,0.6392148670846809,4.810872894333844,0.538677182943451
2025_04_JAX_SF,2025,4,0.5928893602226375,3.172281776416539,0.4903164580924664
2025_04_LAC_NYG,2025,4,0.3371809921692629,-5.672281776416539,0.5096835419075336
2025_04_MIN_PIT,2025,4,0.4456599169133964,-1.8445635528330782,0.5193613793016673
2025_04_NO_BUF,2025,4,0.8694664879811085,15.17228177641654,0.4903164580924664
2025_04_NYJ_MIA,2025,4,0.582955658674358,2.827718223583461,0.5096835419075336
2025_04_PHI_TB,2025,4,0.3977176056694844,-3.5,0.5
2025_04_SEA_ARI,2025,4,0.4461531347816158,-1.827718223583461,0.4903164580924664
2025_04_TEN_HOU,2025,4,0.7189856979938158,7.827718223583461,0.5096835419075336
2025_04_WAS_ATL,2025,4,0.5924050439582458,3.155436447166922,0.5193613793016673
2025_05_DAL_NYJ,2025,5,0.5919205864193681,3.1385911179173047,0.5483038307018497
2025_05_DEN_PHI,2025,5,0.5928893602226375,3.172281776416539,0.4903164580924664
2025_05_DET_CIN,2025,5,0.23293143038967906,-9.844563552833078,0.5193613793016673
2025_05_HOU_BAL,2025,5,0.38886177205097827,-3.8108728943338437,0.461322817056549
2025_05_KC_JAX,2025,5,0.3977176056694844,-3.5,0.5
2025_05_LV_IND,2025,5,0.6894327458602801,6.672281776416539,0.4903164580924664
2025_05_MIA_CAR,2025,5,0.43657368434209154,-2.155436447166922,0.4806386206983327
2025_05_MIN_CLE,2025,5,0.4451667831280058,-1.8614088820826953,0.5483038307018497
2025_05_NE_BUF,2025,5,0.7189856979938158,7.827718223583461,0.5096835419075336
2025_05_NYG_NO,2025,5,0.5442358810453114,1.5,0.5
2025_05_SF_LA,2025,5,0.7511713654552334,9.155436447166922,0.5193613793016673
2025_05_TB_SEA,2025,5,0.6116165006948968,3.827718223583461,0.5096835419075336
2025_05_TEN_ARI,2025,5,0.7107426392460281,7.5,0.5
2025_05_WAS_LAC,2025,5,0.582955658674358,2.827718223583461,0.5096835419075336
2025_06_ARI_IND,2025,6,0.7275281640506069,8.17228177641654,0.4903164580924664
2025_06_BUF_ATL,2025,6,0.3977176056694844,-3.5,0.5
2025_06_CHI_WAS,2025,6,0.6401488007610835,4.844563552833078,0.4806386206983327
2025_06_CIN_GB,2025,6,0.8557260377002195,14.32771822358346,0.5096835419075336
2025_06_CLE_PIT,2025,6,0.6491890468571568,5.172281776416539,0.4903164580924664
2025_06_DAL_CAR,2025,6,0.4120704478709426,-3.0,0.5
2025_06_DEN_NYJ,2025,6,0.2976123357276619,-7.172281776416539,0.5096835419075336
2025_06_DET_KC,2025,6,0.6204117254443487,4.138591117917304,0.5483038307018497
2025_06_LAC_MIA,2025,6,0.4071106397773625,-3.172281776416539,0.5096835419075336
2025_06_LA_BAL,2025,6,0.2936358421935835,-7.327718223583461,0.4903164580924664
2025_06_NE_NO,2025,6,0.4071106397773625,-3.172281776416539,0.5096835419075336
2025_06_PHI_NYG,2025,6,0.30204827147857694,-7.0,0.5
2025_06_SEA_JAX,2025,6,0.47505833639864803,-0.8445635528330782,0.5193613793016673
2025_06_SF_TB,2025,6,0.5834425946609648,2.844563552833078,0.4806386206983327
2025_06_TEN_LV,2025,6,0.5928893602226375,3.172281776416539,0.4903164580924664
2025_07_ATL_SF,2025,7,0.5538468652183842,1.827718223583461,0.5096835419075336
2025_07_CAR_NYJ,2025,7,0.5442358810453114,1.5,0.5
2025_07_GB_ARI,2025,7,0.31056725413971986,-6.672281776416539,0.5096835419075336
2025_07_HOU_SEA,2025,7,0.5973514868465458,3.327718223583461,0.5096835419075336
2025_07_IND_LAC,2025,7,0.5543400830866037,1.8445635528330782,0.4806386206983327
2025_07_LA_JAX,2025,7,0.4215433444109883,-2.672281776416539,0.5096835419075336
2025_07_LV_KC,2025,7,0.8413447460685429,13.5,0.5
2025_07_MIA_CLE,2025,7,0.5543400830866037,1.8445635528330782,0.4806386206983327
2025_07_NE_TEN,2025,7,0.29804475792461194,-7.155436447166922,0.4806386206983327
2025_07_NO_CHI,2025,7,0.6213612618746884,4.172281776416539,0.4903164580924664
2025_07_NYG_DEN,2025,7,0.7271135487635886,8.155436447166922,0.5193613793016673
2025_07_PHI_MIN,2025,7,0.4170443413256421,-2.827718223583461,0.4903164580924664
2025_07_PIT_CIN,2025,7,0.3508109531428432,-5.172281776416539,0.5096835419075336
2025_07_TB_DET,2025,7,0.6716393567181147,6.0,0.5
2025_07_WAS_DAL,2025,7,0.5538468652183842,1.827718223583461,0.5096835419075336
2025_08_BUF_CAR,2025,8,0.31056725413971986,-6.672281776416539,0.5096835419075336
2025_08_CHI_BAL,2025,8,0.5924050439582458,3.155436447166922,0.5193613793016673
2025_08_CLE_NE,2025,8,0.6979517285214231,7.0,0.5
2025_08_DAL_DEN,2025,8,0.6300876623861342,4.483154670750383,0.5290278177484999
2025_08_GB_PIT,2025,8,0.4120704478709426,-3.0,0.5
2025_08_MIA_ATL,2025,8,0.6808109422422117,6.344563552833078,0.4806386206983327
2025_08_MIN_LAC,2025,8,0.606717213360906,3.655436447166922,0.5193613793016673
2025_08_NYG_PHI,2025,8,0.6979517285214231,7.0,0.5
2025_08_NYJ_CIN,2025,8,0.6757900015265685,6.155436447166922,0.5193613793016673
2025_08_SF_HOU,2025,8,0.582955658674358,2.827718223583461,0.5096835419075336
2025_08_TB_NO,2025,8,0.4160705973619667,-2.8614088820826953,0.5483038307018497
2025_08_TEN_IND,2025,8,0.8842880507566258,16.15543644716692,0.5193613793016673
2025_08_WAS_KC,2025,8,0.7816499846386211,10.5,0.5
2025_09_ARI_DAL,2025,9,0.5834425946609648,2.844563552833078,0.4806386206983327
2025_09_ATL_NE,2025,9,0.6581456062996048,5.5,0.5
2025_09_BAL_MIA,2025,9,0.28101430200618416,-7.827718223583461,0.4903164580924664
2025_09_CAR_GB,2025,9,0.8289950235633434,12.82771822358346,0.5096835419075336
2025_09_CHI_CIN,2025,9,0.40264851315345423,-3.327718223583461,0.4903164580924664
2025_09_DEN_HOU,2025,9,0.5442358810453114,1.5,0.5
2025_09_IND_PIT,2025,9,0.3791134151645539,-4.155436447166922,0.4806386206983327
2025_09_JAX_LV,2025,9,0.4360822370764446,-2.172281776416539,0.5096835419075336
2025_09_KC_BUF,2025,9,0.42654189431596573,-2.5,0.5
2025_09_LAC_TEN,2025,9,0.21497080082404768,-10.655436447166922,0.4806386206983327
2025_09_MIN_DET,2025,9,0.7438153278929269,8.844563552833078,0.4806386206983327
2025_09_NO_LA,2025,9,0.8501407016943955,14.0,0.5
2025_09_SEA_WAS,2025,9,0.4360822370764446,-2.172281776416539,0.5096835419075336
2025_09_SF_NYG,2025,9,0.4170443413256421,-2.827718223583461,0.4903164580924664
2025_10_ARI_SEA,2025,10,0.7063641578064165,7.327718223583461,0.5096835419075336
2025_10_ATL_IND,2025,10,0.6849128309162449,6.5,0.5
2025_10_BAL_MIN,2025,10,0.36944134018176367,-4.5,0.5
2025_10_BUF_MIA,2025,10,0.25658648894972313,-8.82771822358346,0.4903164580924664
2025_10_CLE_NYJ,2025,10,0.47505833639864803,-0.8445635528330782,0.5193613793016673
2025_10_DET_WAS,2025,10,0.26446846661124007,-8.5,0.5
2025_10_JAX_HOU,2025,10,0.4461531347816158,-1.827718223583461,0.4903164580924664
2025_10_LA_SF,2025,10,0.3242099984734314,-6.155436447166922,0.4806386206983327
2025_10_LV_DEN,2025,10,0.7666868183423183,9.82771822358346,0.5096835419075336
2025_10_NE_TB,2025,10,0.5639177629235554,2.172281776416539,0.4903164580924664
2025_10_NO_CAR,2025,10,0.6670140263762105,5.827718223583461,0.5096835419075336
2025_10_NYG_CHI,2025,10,0.6487263629056246,5.155436447166922,0.5193613793016673
2025_10_PHI_GB,2025,10,0.5442358810453114,1.5,0.5
2025_10_PIT_LAC,2025,10,0.5879295521290574,3.0,0.5
2025_11_BAL_CLE,2025,11,0.3146439839317442,-6.516845329249617,0.5290278177484999
2025_11_CAR_ATL,2025,11,0.6305586598182363,4.5,0.5
2025_11_CHI_MIN,2025,11,0.5784566555890117,2.672281776416539,0.4903164580924664
2025_11_CIN_PIT,2025,11,0.6401488007610835,4.844563552833078,0.4806386206983327
2025_11_DAL_LV,2025,11,0.3883834993051032,-3.827718223583461,0.4903164580924664
2025_11_DET_PHI,2025,11,0.6296164697430905,4.466309341500765,0.5579021568609824
2025_11_GB_NYG,2025,11,0.25698863378622383,-8.810872894333844,0.461322817056549
2025_11_HOU_TEN,2025,11,0.3508109531428432,-5.172281776416539,0.5096835419075336
2025_11_KC_DEN,2025,11,0.3883834993051032,-3.827718223583461,0.4903164580924664
2025_11_LAC_JAX,2025,11,0.38397841738396965,-3.9831546707503827,0.4709721822515
2025_11_NYJ_NE,2025,11,0.8163787226550823,12.17228177641654,0.4903164580924664
2025_11_SEA_LA,2025,11,0.5973514868465458,3.327718223583461,0.5096835419075336
2025_11_SF_ARI,2025,11,0.36991233761386577,-4.483154670750383,0.4709721822515
2025_11_TB_BUF,2025,11,0.7059343980871362,7.310872894333844,0.538677182943451
2025_11_WAS_MIA,2025,11,0.5924050439582458,3.155436447166922,0.5193613793016673
2025_12_ATL_NO,2025,12,0.5634263156579085,2.155436447166922,0.5193613793016673
2025_12_BUF_HOU,2025,12,0.3242099984734314,-6.155436447166922,0.4806386206983327
2025_12_CAR_SF,2025,12,0.7271135487635886,8.155436447166922,0.5193613793016673
2025_12_CLE_LV,2025,12,0.5973514868465458,3.327718223583461,0.5096835419075336
2025_12_IND_KC,2025,12,0.6022823943305156,3.5,0.5
2025_12_JAX_ARI,2025,12,0.4360822370764446,-2.172281776416539,0.5096835419075336
2025_12_MIN_GB,2025,12,0.667467417823602,5.844563552833078,0.4806386206983327
2025_12_NE_CIN,2025,12,0.28101430200618416,-7.827718223583461,0.4903164580924664
2025_12_NYG_DET,2025,12,0.8557260377002195,14.32771822358346,0.5096835419075336
2025_12_NYJ_BAL,2025,12,0.8444129798350003,13.67228177641654,0.4903164580924664
2025_12_PHI_DAL,2025,12,0.4215433444109883,-2.672281776416539,0.5096835419075336
2025_12_PIT_CHI,2025,12,0.5593793964735464,2.0168453292496173,0.4709721822515
2025_12_SEA_TEN,2025,12,0.17100497643665652,-12.82771822358346,0.4903164580924664
2025_12_TB_LA,2025,12,0.7228552878244265,7.983154670750383,0.5290278177484999
2025_13_ARI_TB,2025,13,0.6396819381090015,4.827718223583461,0.5096835419075336
2025_13_ATL_NYJ,2025,13,0.4120704478709426,-3.0,0.5
2025_13_BUF_PIT,2025,13,0.4310618678111836,-2.344563552833078,0.5193613793016673
2025_13_CHI_PHI,2025,13,0.714666472734965,7.655436447166922,0.5193613793016673
2025_13_CIN_BAL,2025,13,0.7063641578064165,7.327718223583461,0.5096835419075336
2025_13_DEN_WAS,2025,13,0.29804475792461194,-7.155436447166922,0.4806386206983327
2025_13_GB_DET,2025,13,0.54473058428267,1.5168453292496173,0.4709721822515
2025_13_HOU_IND,2025,13,0.5879295521290574,3.0,0.5
2025_13_JAX_TEN,2025,13,0.32836064328188524,-6.0,0.5
2025_13_KC_DAL,2025,13,0.3977176056694844,-3.5,0.5
2025_13_LA_CAR,2025,13,0.20794652095136879,-10.983154670750382,0.4709721822515
2025_13_LV_LAC,2025,13,0.7705746740352664,10.0,0.5
2025_13_MIN_SEA,2025,13,0.8350900670403447,13.155436447166922,0.5193613793016673
2025_13_NO_MIA,2025,13,0.6581456062996048,5.5,0.5
2025_13_NYG_NE,2025,13,0.6979517285214231,7.0,0.5
2025_13_SF_CLE,2025,13,0.3598511992389165,-4.844563552833078,0.5193613793016673
2025_14_CHI_GB,2025,14,0.6849128309162449,6.5,0.5
2025_14_CIN_BUF,2025,14,0.653908237399839,5.344563552833078,0.4806386206983327
2025_14_DAL_DET,2025,14,0.5834425946609648,2.844563552833078,0.4806386206983327
2025_14_DEN_LV,2025,14,0.2411974468711356,-9.483154670750382,0.4709721822515
2025_14_HOU_KC,2025,14,0.6120946042601253,3.844563552833078,0.4806386206983327
2025_14_IND_JAX,2025,14,0.4170443413256421,-2.827718223583461,0.4903164580924664
2025_14_LA_ARI,2025,14,0.22594899674171937,-10.155436447166922,0.4806386206983327
2025_14_MIA_NYJ,2025,14,0.4075949560417542,-3.155436447166922,0.4806386206983327
2025_14_NO_TB,2025,14,0.7107426392460281,7.5,0.5
2025_14_PHI_LAC,2025,14,0.47505833639864803,-0.8445635528330782,0.5193613793016673
2025_14_PIT_BAL,2025,14,0.6491890468571568,5.172281776416539,0.4903164580924664
2025_14_SEA_ATL,2025,14,0.2936358421935835,-7.327718223583461,0.4903164580924664
2025_14_TEN_CLE,2025,14,0.6213612618746884,4.172281776416539,0.4903164580924664
2025_14_WAS_MIN,2025,14,0.46540106025680883,-1.172281776416539,0.5096835419075336
2025_15_ARI_HOU,2025,15,0.8157149198643951,12.138591117917304,0.5483038307018497
2025_15_ATL_TB,2025,15,0.653908237399839,5.344563552833078,0.4806386206983327
2025_15_BAL_CIN,2025,15,0.42654189431596573,-2.5,0.5
2025_15_BUF_NE,2025,15,0.4360822370764446,-2.172281776416539,0.5096835419075336
2025_15_CAR_NO,2025,15,0.42654189431596573,-2.5,0.5
2025_15_CLE_CHI,2025,15,0.7271135487635886,8.155436447166922,0.5193613793016673
2025_15_DET_LA,2025,15,0.7015225337904378,7.138591117917304,0.5483038307018497
2025_15_GB_DEN,2025,15,0.43657368434209154,-2.155436447166922,0.4806386206983327
2025_15_IND_SEA,2025,15,0.8583254645514278,14.483154670750382,0.5290278177484999
2025_15_LAC_KC,2025,15,0.6581456062996048,5.5,0.5
2025_15_LV_PHI,2025,15,0.8227577615633441,12.5,0.5
2025_15_MIA_PIT,2025,15,0.5689381321888164,2.344563552833078,0.4806386206983327
2025_15_MIN_DAL,2025,15,0.6491890468571568,5.172281776416539,0.4903164580924664
2025_15_NYJ_JAX,2025,15,0.8637015305092118,14.810872894333844,0.538677182943451
2025_15_TEN_SF,2025,15,0.8227577615633441,12.5,0.5
2025_15_WAS_NYG,2025,15,0.5924050439582458,3.155436447166922,0.5193613793016673
2025_16_ATL_ARI,2025,16,0.4075949560417542,-3.155436447166922,0.4806386206983327
2025_16_BUF_CLE,2025,16,0.2043088496811078,-11.155436447166922,0.4806386206983327
2025_16_CIN_MIA,2025,16,0.3977176056694844,-3.5,0.5
2025_16_GB_CHI,2025,16,0.5538468652183842,1.827718223583461,0.5096835419075336
2025_16_JAX_DEN,2025,16,0.6022823943305156,3.5,0.5
2025_16_KC_TEN,2025,16,0.4071106397773625,-3.172281776416539,0.5096835419075336
2025_16_LAC_DAL,2025,16,0.524941663601352,0.8445635528330782,0.4806386206983327
2025_16_LA_SEA,2025,16,0.5442358810453114,1.5,0.5
2025_16_LV_HOU,2025,16,0.858605258338129,14.5,0.5
2025_16_MIN_NYG,2025,16,0.4170443413256421,-2.827718223583461,0.4903164580924664
2025_16_NE_BAL,2025,16,0.6116165006948968,3.827718223583461,0.5096835419075336
2025_16_NYJ_NO,2025,16,0.6849128309162449,6.5,0.5
2025_16_PHI_WAS,2025,16,0.2936358421935835,-7.327718223583461,0.4903164580924664
2025_16_PIT_DET,2025,16,0.7107426392460281,7.5,0.5
2025_16_SF_IND,2025,16,0.3603180618909985,-4.827718223583461,0.4903164580924664
2025_16_TB_CAR,2025,16,0.39328278663909405,-3.655436447166922,0.4806386206983327
2025_17_ARI_CIN,2025,17,0.714666472734965,7.655436447166922,0.5193613793016673
2025_17_BAL_GB,2025,17,0.54473058428267,1.5168453292496173,0.4709721822515
2025_17_CHI_SF,2025,17,0.6022823943305156,3.5,0.5
2025_17_DAL_WAS,2025,17,0.25658648894972313,-8.82771822358346,0.4903164580924664
2025_17_DEN_KC,2025,17,0.17068820954441544,-12.844563552833078,0.5193613793016673
2025_17_DET_MIN,2025,17,0.2853335272650351,-7.655436447166922,0.4806386206983327
2025_17_HOU_LAC,2025,17,0.5538468652183842,1.827718223583461,0.5096835419075336
2025_17_JAX_IND,2025,17,0.3791134151645539,-4.155436447166922,0.4806386206983327
2025_17_LA_ATL,2025,17,0.2976123357276619,-7.172281776416539,0.5096835419075336
2025_17_NE_NYJ,2025,17,0.1968020216404936,-11.516845329249618,0.5290278177484999
2025_17_NO_TEN,2025,17,0.46540106025680883,-1.172281776416539,0.5096835419075336
2025_17_NYG_LV,2025,17,0.4406206035264536,-2.0168453292496173,0.5290278177484999
2025_17_PHI_BUF,2025,17,0.5879295521290574,3.0,0.5
2025_17_PIT_CLE,2025,17,0.3972363345381864,-3.5168453292496173,0.5290278177484999
2025_17_SEA_CAR,2025,17,0.3150871690837551,-6.5,0.5
2025_17_TB_MIA,2025,17,0.3508109531428432,-5.172281776416539,0.5096835419075336
2025_18_ARI_LA,2025,18,0.8530946519862551,14.17228177641654,0.4903164580924664
2025_18_BAL_PIT,2025,18,0.3879053957398747,-3.844563552833078,0.5193613793016673
2025_18_CAR_TB,2025,18,0.5784566555890117,2.672281776416539,0.4903164580924664
2025_18_CLE_CIN,2025,18,0.7666868183423183,9.82771822358346,0.5096835419075336
2025_18_DAL_NYG,2025,18,0.37474044865785927,-4.310872894333844,0.461322817056549
2025_18_DET_CHI,2025,18,0.6392148670846809,4.810872894333844,0.538677182943451
2025_18_GB_MIN,2025,18,0.8163787226550823,12.17228177641654,0.4903164580924664
2025_18_IND_HOU,2025,18,0.7666868183423183,9.82771822358346,0.5096835419075336
2025_18_KC_LV,2025,18,0.3883834993051032,-3.827718223583461,0.4903164580924664
2025_18_LAC_DEN,2025,18,0.858605258338129,14.5,0.5
2025_18_MIA_NE,2025,18,0.8444129798350003,13.67228177641654,0.4903164580924664
2025_18_NO_ATL,2025,18,0.6665603906415967,5.810872894333844,0.538677182943451
2025_18_NYJ_BUF,2025,18,0.8227577615633441,12.5,0.5
2025_18_SEA_SF,2025,18,0.4360822370764446,-2.172281776416539,0.5096835419075336
2025_18_TEN_JAX,2025,18,0.8468526069702736,13.810872894333844,0.538677182943451
2025_18_WAS_PHI,2025,18,0.5593793964735464,2.0168453292496173,0.4709721822515
2025_19_BUF_JAX,2025,19,0.5538468652183842,1.827718223583461,0.5096835419075336
2025_19_GB_CHI,2025,19,0.42654189431596573,-2.5,0.5
2025_19_HOU_PIT,2025,19,0.4120704478709426,-3.0,0.5
2025_19_LAC_NE,2025,19,0.6022823943305156,3.5,0.5
2025_19_LA_CAR,2025,19,0.2368520380357504,-9.67228177641654,0.5096835419075336
2025_19_SF_PHI,2025,19,0.6889920431685458,6.655436447166922,0.5193613793016673
2025_20_BUF_DEN,2025,20,0.5538468652183842,1.827718223583461,0.5096835419075336
2025_20_HOU_NE,2025,20,0.5879295521290574,3.0,0.5
2025_20_LA_CHI,2025,20,0.3977176056694844,-3.5,0.5
2025_20_SF_SEA,2025,20,0.7019552420753881,7.155436447166922,0.5193613793016673
2025_21_LA_SEA,2025,21,0.582955658674358,2.827718223583461,0.5096835419075336
2025_21_NE_DEN,2025,21,0.3883834993051032,-3.827718223583461,0.4903164580924664
2025_22_SEA_NE,2025,22,0.36944134018176367,-4.5,0.5
2026_01_ARI_LAC,2026,1,0.7513345158360929,9.162386048355133,0.5195665044355467
2026_01_ATL_PIT,2026,1,0.7189121027999584,7.824772096710266,0.5390859698393726
2026_01_BAL_IND,2026,1,0.43126417254017807,-2.337613951644867,0.5195665044355467
2026_01_BUF_HOU,2026,1,0.4557641189546886,-1.5,0.5
2026_01_CHI_CAR,2026,1,0.40254890421782596,-3.3311930241775665,0.4902138038603306
2026_01_CLE_JAX,2026,1,0.7434964234047876,8.831193024177566,0.5097861961396694
2026_01_DAL_NYG,2026,1,0.4120704478709426,-3.0,0.5
2026_01_DEN_KC,2026,1,0.5541366144264375,1.837613951644867,0.48043349556445325
2026_01_GB_MIN,2026,1,0.5442358810453114,1.5,0.5
2026_01_MIA_LV,2026,1,0.5783559603870904,2.6688069758224335,0.4902138038603306
2026_01_NE_SEA,2026,1,0.5879295521290574,3.0,0.5
2026_01_NO_DET,2026,1,0.6979517285214231,7.0,0.5
2026_01_NYJ_TEN,2026,1,0.5442358810453114,1.5,0.5
2026_01_SF_LA,2026,1,0.6022823943305156,3.5,0.5
2026_01_TB_CIN,2026,1,0.6117151362401062,3.8311930241775665,0.5097861961396694
2026_01_WAS_PHI,2026,1,0.6716393567181147,6.0,0.5
2026_02_CAR_ATL,2026,2,0.38846713357940393,-3.824772096710266,0.4609140301606274
2026_02_CIN_HOU,2026,2,0.568735827459822,2.337613951644867,0.48043349556445325
2026_02_CLE_TB,2026,2,0.7434964234047876,8.831193024177566,0.5097861961396694
2026_02_DET_BUF,2026,2,0.6759750735319807,6.162386048355133,0.5195665044355467
2026_02_GB_NYJ,2026,2,0.3789175633092699,-4.162386048355133,0.48043349556445325
2026_02_IND_KC,2026,2,0.6537183279605806,5.337613951644867,0.48043349556445325
2026_02_JAX_DEN,2026,2,0.5734581056840343,2.5,0.5
2026_02_LV_LAC,2026,2,0.6935766938403777,6.8311930241775665,0.5097861961396694
2026_02_MIA_SF,2026,2,0.8227577615633441,12.5,0.5
2026_02_MIN_CHI,2026,2,0.6489172715925083,5.162386048355133,0.5195665044355467
2026_02_NO_BAL,2026,2,0.7109052300261383,7.506420927467301,0.47066495233106576
2026_02_NYG_LA,2026,2,0.6672803991894803,5.837613951644867,0.48043349556445325
2026_02_PHI_TEN,2026,2,0.2935472289203722,-7.3311930241775665,0.4902138038603306
2026_02_PIT_NE,2026,2,0.6397782581213192,4.8311930241775665,0.5097861961396694
2026_02_SEA_ARI,2026,2,0.407210531385945,-3.1688069758224335,0.5097861961396694
2026_02_WAS_DAL,2026,2,0.592789468614055,3.1688069758224335,0.4902138038603306
2026_03_ARI_SF,2026,3,0.7022984890495884,7.1688069758224335,0.4902138038603306
2026_03_ATL_GB,2026,3,0.6118973814587895,3.837613951644867,0.48043349556445325
2026_03_BAL_DAL,2026,3,0.39308482315910964,-3.662386048355133,0.48043349556445325
2026_03_CAR_CLE,2026,3,0.4361836031927519,-2.1688069758224335,0.5097861961396694
2026_03_CIN_PIT,2026,3,0.407210531385945,-3.1688069758224335,0.5097861961396694
2026_03_HOU_IND,2026,3,0.47526330780750775,-0.8376139516448672,0.5195665044355467
2026_03_KC_MIA,2026,3,0.23693148542852094,-9.668806975822434,0.5097861961396694
2026_03_LAC_BUF,2026,3,0.7231138674589505,7.993579072532699,0.5293350476689342
2026_03_LA_DEN,2026,3,0.5732715766587718,2.4935790725326994,0.5293350476689342
2026_03_LV_NO,2026,3,0.6303791529785313,4.493579072532699,0.5293350476689342
2026_03_MIN_TB,2026,3,0.43637092409647066,-2.162386048355133,0.48043349556445325
2026_03_NE_JAX,2026,3,0.597451095782174,3.3311930241775665,0.5097861961396694
2026_03_NYJ_DET,2026,3,0.7064527710796278,7.3311930241775665,0.5097861961396694
2026_03_PHI_CHI,2026,3,0.407210531385945,-3.1688069758224335,0.5097861961396694
2026_03_SEA_WAS,2026,3,0.24866548416390716,-9.162386048355133,0.48043349556445325
2026_03_TEN_NYG,2026,3,0.563816396807248,2.1688069758224335,0.4902138038603306
2026_04_ARI_NYG,2026,4,0.42654189431596573,-2.5,0.5
2026_04_ATL_NO,2026,4,0.5734581056840343,2.5,0.5
2026_04_DAL_HOU,2026,4,0.5879295521290574,3.0,0.5
2026_04_DEN_SF,2026,4,0.5879295521290574,3.0,0.5
2026_04_DET_CAR,2026,4,0.3977176056694844,-3.5,0.5
2026_04_GB_TB,2026,4,0.4120704478709426,-3.0,0.5
2026_04_IND_WAS,2026,4,0.36022174187868083,-4.8311930241775665,0.4902138038603306
2026_04_JAX_CIN,2026,4,0.5734581056840343,2.5,0.5
2026_04_KC_LV,2026,4,0.36944134018176367,-4.5,0.5
2026_04_LAC_SEA,2026,4,0.6979517285214231,7.0,0.5
2026_04_LA_PHI,2026,4,0.3977176056694844,-3.5,0.5
2026_04_MIA_MIN,2026,4,0.7705746740352664,10.0,0.5
2026_04_NE_BUF,2026,4,0.6979517285214231,7.0,0.5
2026_04_NYJ_CHI,2026,4,0.6022823943305156,3.5,0.5
2026_04_PIT_CLE,2026,4,0.416943887285228,-2.8311930241775665,0.4902138038603306
2026_04_TEN_BAL,2026,4,0.8028518384657922,11.5,0.5
2026_05_BAL_ATL,2026,5,0.32836064328188524,-6.0,0.5
2026_05_BUF_LA,2026,5,0.5734581056840343,2.5,0.5
2026_05_CHI_GB,2026,5,0.5734581056840343,2.5,0.5
2026_05_CIN_MIA,2026,5,0.26446846661124007,-8.5,0.5
2026_05_CLE_NYJ,2026,5,0.5636290759035294,2.162386048355133,0.5195665044355467
2026_05_DEN_LAC,2026,5,0.42654189431596573,-2.5,0.5
2026_05_DET_ARI,2026,5,0.34185439370039516,-5.5,0.5
2026_05_HOU_TEN,2026,5,0.3150871690837551,-6.5,0.5
2026_05_IND_PIT,2026,5,0.5344966402109174,1.1688069758224335,0.4902138038603306
2026_05_LV_NE,2026,5,0.6022823943305156,3.5,0.5
2026_05_MIN_NO,2026,5,0.42654189431596573,-2.5,0.5
2026_05_NYG_WAS,2026,5,0.563816396807248,2.1688069758224335,0.4902138038603306
2026_05_PHI_JAX,2026,5,0.5879295521290574,3.0,0.5
2026_05_SF_SEA,2026,5,0.5879295521290574,3.0,0.5
2026_05_TB_DAL,2026,5,0.7591913433207376,9.5,0.5
