game_id,season,week,p_home,margin
2006_01_ATL_CAR,2006,1,0.6434424059454719,4.801276306755762
2006_01_BAL_TB,2006,1,0.5327257795154036,1.0282708319163336
2006_01_BUF_NE,2006,1,0.7721470563707352,9.950894267283738
2006_01_CHI_GB,2006,1,0.6536498268555435,5.166231478170102
2006_01_CIN_KC,2006,1,0.5874268601293114,2.879007987713771
2006_01_DAL_JAX,2006,1,0.5924765260491395,3.0449759304338153
2006_01_DEN_STL,2006,1,0.572006999098692,2.364375636042806
2006_01_IND_NYG,2006,1,0.4372447302011788,-2.102875038731781
2006_01_MIA_PIT,2006,1,0.5325170225517682,1.0199430010840556
2006_01_MIN_WAS,2006,1,0.5883859028608581,2.8760925596561937
2006_01_NO_CLE,2006,1,0.4306096149933023,-2.31494852654367
2006_01_NYJ_TEN,2006,1,0.6298626835742486,4.29122932132315
2006_01_PHI_HOU,2006,1,0.5321671815871006,1.014444655050847
2006_01_SD_OAK,2006,1,0.6792421536615887,6.1077726552078495
2006_01_SEA_DET,2006,1,0.42508498055253513,-2.4660888327163053
2006_01_SF_ARI,2006,1,0.7547363741151542,9.182760312887941
2006_02_ARI_SEA,2006,2,0.6411614508167595,4.725479500707216
2006_02_BUF_MIA,2006,2,0.6520907102852458,5.2193418640206986
2006_02_CAR_MIN,2006,2,0.6274363929934191,4.192167630181899
2006_02_CLE_CIN,2006,2,0.7605206318818408,9.420711109403477
2006_02_DET_CHI,2006,2,0.6804742996827371,6.131225161420336
2006_02_HOU_IND,2006,2,0.7864579386189035,10.635433431194583
2006_02_KC_DEN,2006,2,0.6643078220121058,5.572092276985247
2006_02_NE_NYJ,2006,2,0.5466799061335753,1.504206189815498
2006_02_NO_GB,2006,2,0.5062532890168288,0.20027668538524246
2006_02_NYG_PHI,2006,2,0.6303798692960481,4.345659327994094
2006_02_OAK_BAL,2006,2,0.7496090822385475,8.948279345994557
2006_02_PIT_JAX,2006,2,0.5125367353644654,0.3086207187264729
2006_02_STL_SF,2006,2,0.49486062668634345,-0.24565471627078717
2006_02_TB_ATL,2006,2,0.749373203403948,8.903918248720375
2006_02_TEN_SD,2006,2,0.580613263335827,2.6032638330184166
2006_02_WAS_DAL,2006,2,0.6101946022048433,3.6685598148983445
2006_03_ATL_NO,2006,3,0.6294616430623874,4.3180067747431785
2006_03_BAL_CLE,2006,3,0.4878975504188729,-0.4349502328816226
2006_03_CAR_TB,2006,3,0.45622336233880784,-1.4642891024562146
2006_03_CHI_MIN,2006,3,0.45905037054957093,-1.3381732489084714
2006_03_CIN_PIT,2006,3,0.527636525652656,0.8920961375117491
2006_03_DEN_NE,2006,3,0.7147741761395624,7.455619623515332
2006_03_GB_DET,2006,3,0.5504061599837646,1.6277191557683723
2006_03_JAX_IND,2006,3,0.7642437193072159,9.602077227806763
2006_03_NYG_SEA,2006,3,0.6218773784161604,4.0626291600153674
2006_03_NYJ_BUF,2006,3,0.4168876247172193,-2.7564181963352596
2006_03_PHI_SF,2006,3,0.4551521765045082,-1.5130010950321506
2006_03_STL_ARI,2006,3,0.6343223650922947,4.446453267639042
2006_03_TEN_MIA,2006,3,0.6159369002152129,3.8553812280172366
2006_03_WAS_HOU,2006,3,0.6151155120437916,3.8018651375348784
2006_04_ARI_ATL,2006,4,0.5707900137081517,2.2832053120198506
2006_04_CLE_OAK,2006,4,0.4739341302477548,-0.7042684583583094
2006_04_DAL_TEN,2006,4,0.49043516443743074,-0.4706777591810276
2006_04_DET_STL,2006,4,0.646752289212313,4.929075529850808
2006_04_GB_PHI,2006,4,0.6480605650320607,4.950460931372285
2006_04_IND_NYJ,2006,4,0.47578407936028777,-0.8224069557548463
2006_04_JAX_WAS,2006,4,0.5762875623209461,2.47588604710017
2006_04_MIA_HOU,2006,4,0.5977527846109126,3.1736212589393378
2006_04_MIN_BUF,2006,4,0.5291363166124603,0.9164206523928895
2006_04_NE_CIN,2006,4,0.5640121440071246,2.081615623711821
2006_04_NO_CAR,2006,4,0.5083312347690397,0.288726518257056
2006_04_SD_BAL,2006,4,0.5351951563092554,0.9956728852148697
2006_04_SEA_CHI,2006,4,0.5889087507510667,2.9005032419091497
2006_04_SF_KC,2006,4,0.5507220352398164,1.8302528553675361
2006_05_BAL_DEN,2006,5,0.6274862786744203,4.394383418715151
2006_05_BUF_CHI,2006,5,0.748797985867989,8.892560909961528
2006_05_CLE_CAR,2006,5,0.6636125928246075,5.547760835384722
2006_05_DAL_PHI,2006,5,0.6550577883917753,5.192638482019202
2006_05_DET_MIN,2006,5,0.5780353918735813,2.557859449330674
2006_05_KC_ARI,2006,5,0.42311082992003823,-2.5333837839840165
2006_05_MIA_NE,2006,5,0.7647651272193198,9.604568764678984
2006_05_NYJ_JAX,2006,5,0.5420839859788336,1.3616504565490295
2006_05_OAK_SF,2006,5,0.7476969145437119,8.815875240041246
2006_05_PIT_SD,2006,5,0.6080244180206491,3.3729033794904755
2006_05_STL_GB,2006,5,0.5440681700389368,1.4021058204409345
2006_05_TB_NO,2006,5,0.7665910963686634,9.516099948189483
2006_05_TEN_IND,2006,5,0.8725903848944808,15.675610139363451
2006_05_WAS_NYG,2006,5,0.6307322199338139,4.510934667993073
2006_06_BUF_DET,2006,6,0.6393670636348467,4.66617250499344
2006_06_CAR_BAL,2006,6,0.5589824954742231,1.8969476376497716
2006_06_CHI_ARI,2006,6,0.36461305840563446,-4.532558838160606
2006_06_CIN_TB,2006,6,0.45459161411516424,-1.6604819726051505
2006_06_HOU_DAL,2006,6,0.5809989240869357,2.504697942851192
2006_06_KC_PIT,2006,6,0.5535638432865987,1.7720796787976536
2006_06_MIA_NYJ,2006,6,0.6857766849600614,6.3607731720798855
2006_06_NYG_ATL,2006,6,0.5519015257928331,1.848235318825882
2006_06_OAK_DEN,2006,6,0.7972502700899173,11.144836637922456
2006_06_PHI_NO,2006,6,0.5834281740364324,2.7390109490196224
2006_06_SD_SF,2006,6,0.5163844344349242,0.4958326794354506
2006_06_SEA_STL,2006,6,0.5878446311327071,2.716863853493928
2006_06_TEN_WAS,2006,6,0.7378227275486973,8.403989918116057
2006_07_ARI_OAK,2006,7,0.48490598994442236,-0.49144974675402375
2006_07_CAR_CIN,2006,7,0.5928408083217883,3.0537810087246067
2006_07_DEN_CLE,2006,7,0.5012842052590223,0.15450354081690731
2006_07_DET_NYJ,2006,7,0.66192454801577,5.46385728411386
2006_07_GB_MIA,2006,7,0.5184139312673691,0.4075226504203098
2006_07_JAX_HOU,2006,7,0.48079691526482154,-0.7964842287685587
2006_07_MIN_SEA,2006,7,0.6606365117099731,5.265568183815054
2006_07_NE_BUF,2006,7,0.34827965896652885,-5.289513291505374
2006_07_NYG_DAL,2006,7,0.5538474830269473,1.752362679798264
2006_07_PHI_TB,2006,7,0.45834435172238835,-1.3698021913155842
2006_07_PIT_ATL,2006,7,0.5177323764897132,0.5467053977686023
2006_07_SD_KC,2006,7,0.45479287503020666,-1.4895457337737894
2006_07_WAS_IND,2006,7,0.781411494255,10.547642946668509
2006_08_ARI_GB,2006,8,0.7367060184921532,8.379684252166838
2006_08_ATL_CIN,2006,8,0.6634958804882999,5.523384564998074
2006_08_BAL_NO,2006,8,0.7208035912653781,7.699150297710705
2006_08_DAL_CAR,2006,8,0.723978881217555,7.863184799074535
2006_08_HOU_TEN,2006,8,0.5283452032411967,1.06999082854793
2006_08_IND_DEN,2006,8,0.3657174534935239,-4.495359476677599
2006_08_JAX_PHI,2006,8,0.7190629125910195,7.622463885343302
2006_08_NE_MIN,2006,8,0.44402145436070056,-1.8447415853593099
2006_08_NYJ_CLE,2006,8,0.41616409247813213,-2.7855688660193265
2006_08_PIT_OAK,2006,8,0.35828946226666886,-4.78995969610537
2006_08_SEA_KC,2006,8,0.7368371828698796,8.368937569666617
2006_08_SF_CHI,2006,8,0.6389211100105647,4.640111051555808
2006_08_STL_SD,2006,8,0.5998429591809814,3.120490203121312
2006_08_TB_NYG,2006,8,0.6704133117572756,5.743090107537512
2006_09_ATL_DET,2006,9,0.573641013979426,2.561603928570346
2006_09_CIN_BAL,2006,9,0.5095910202943582,0.3036480819518541
2006_09_CLE_SD,2006,9,0.802027457984514,11.390393987471198
2006_09_DAL_WAS,2006,9,0.6546068111799442,5.330889258790334
2006_09_DEN_PIT,2006,9,0.5937824242666739,3.0901807199373383
2006_09_GB_BUF,2006,9,0.45963631378121667,-1.192095093513855
2006_09_HOU_NYG,2006,9,0.6692988223681055,5.728646738282197
2006_09_IND_NE,2006,9,0.4720409115720752,-0.9514432489782982
2006_09_KC_STL,2006,9,0.6396530082534863,4.666868249541459
2006_09_MIA_CHI,2006,9,0.6642288063237974,5.403033050681319
2006_09_MIN_SF,2006,9,0.5849305082821412,2.7714340610825685
2006_09_NO_TB,2006,9,0.40959988548037063,-3.002992920651631
2006_09_OAK_SEA,2006,9,0.6941201978848816,6.671804812409896
2006_09_TEN_JAX,2006,9,0.6388616691466207,4.651159861191352
2006_10_BAL_TEN,2006,10,0.4389098369369077,-2.026003450909507
2006_10_BUF_IND,2006,10,0.8747909759933264,15.837767933229042
2006_10_CHI_NYG,2006,10,0.6401887107098142,4.672705775358062
2006_10_CLE_ATL,2006,10,0.7193425750291442,7.660803832614535
2006_10_DAL_ARI,2006,10,0.4461784269408418,-1.6287565958476216
2006_10_DEN_OAK,2006,10,0.3288738679328581,-5.864691689912897
2006_10_GB_MIN,2006,10,0.5018359097163978,0.05055859948612573
2006_10_HOU_JAX,2006,10,0.6232200027721881,4.10151583936953
2006_10_KC_MIA,2006,10,0.4678331775866115,-1.0716602912605473
2006_10_NO_PIT,2006,10,0.5270174598533366,0.8842017092177792
2006_10_NYJ_NE,2006,10,0.662956424526044,5.343187613344367
2006_10_SD_CIN,2006,10,0.5384428216067689,1.2515317197848896
2006_10_SF_DET,2006,10,0.668150374008866,5.704847715716982
2006_10_STL_SEA,2006,10,0.4014189732411815,-3.294660447148743
2006_10_TB_CAR,2006,10,0.7326499680355002,8.36607657929296
2006_10_WAS_PHI,2006,10,0.6633492250637909,5.680171209311466
2006_11_ATL_BAL,2006,11,0.6278173880655441,4.248685998720078
2006_11_BUF_HOU,2006,11,0.7005347766088381,6.9076216592122295
2006_11_CHI_NYJ,2006,11,0.5952743977982947,3.1362371019777586
2006_11_CIN_NO,2006,11,0.6580102762010531,5.3088138122380535
2006_11_DET_ARI,2006,11,0.47628288178145445,-0.7899181497482379
2006_11_IND_DAL,2006,11,0.4560996033514378,-1.4535871250438244
2006_11_MIN_MIA,2006,11,0.6213023393499005,3.995626081385019
2006_11_NE_GB,2006,11,0.5242729902827094,0.7733479028080694
2006_11_NYG_JAX,2006,11,0.548171827337358,1.5719254987867377
2006_11_OAK_KC,2006,11,0.6841860796856093,6.298325316879119
2006_11_PIT_CLE,2006,11,0.40727952543831636,-3.094524334448623
2006_11_SD_DEN,2006,11,0.47633929564189886,-0.7743957608958256
2006_11_SEA_SF,2006,11,0.6252035320845203,4.137678050688198
2006_11_STL_CAR,2006,11,0.5222502297270356,0.6922111848270709
2006_11_TEN_PHI,2006,11,0.7737083508892019,10.004909360735407
2006_11_WAS_TB,2006,11,0.5791733249761204,2.548473235342172
2006_12_ARI_MIN,2006,12,0.6001853777030826,3.3115802853006904
2006_12_CAR_WAS,2006,12,0.5227889179009084,0.7296968744794983
2006_12_CHI_NE,2006,12,0.69928209571569,6.865599010186855
2006_12_CIN_CLE,2006,12,0.40080330179118306,-3.3038048722678464
2006_12_DEN_KC,2006,12,0.5910324471720467,3.013181688285393
2006_12_GB_SEA,2006,12,0.629989276261624,4.3318139128967115
2006_12_HOU_NYJ,2006,12,0.599130013838798,3.2788246391701814
2006_12_JAX_BUF,2006,12,0.5263330141687371,0.8503624429396868
2006_12_MIA_DET,2006,12,0.6351472632524576,4.512121493970961
2006_12_NO_ATL,2006,12,0.4529732007472597,-1.548550951160864
2006_12_NYG_TEN,2006,12,0.4896907713515203,-0.3333746224199139
2006_12_OAK_SD,2006,12,0.7624133251017376,9.467572225677799
2006_12_PHI_IND,2006,12,0.8305644378193413,12.926697974661439
2006_12_PIT_BAL,2006,12,0.5656232816159283,2.125472140617006
2006_12_SF_STL,2006,12,0.7089433056532526,7.266568830330838
2006_12_TB_DAL,2006,12,0.7864319070864861,10.61449891699992
2006_13_ARI_STL,2006,13,0.6789575084867887,6.1038789311941954
2006_13_ATL_WAS,2006,13,0.5479442577392352,1.5579173867252556
2006_13_BAL_CIN,2006,13,0.6507959991553978,5.058431843189173
2006_13_CAR_PHI,2006,13,0.5127662174349219,0.4126041415470496
2006_13_DAL_NYG,2006,13,0.3855519195295474,-3.880204294336354
2006_13_DET_NE,2006,13,0.7297912726994893,8.018285053396559
2006_13_HOU_OAK,2006,13,0.5466737449468894,1.536518326766775
2006_13_IND_TEN,2006,13,0.3070081108351473,-6.6662366671076025
2006_13_JAX_MIA,2006,13,0.5751208694976945,2.4995333566515576
2006_13_KC_CLE,2006,13,0.43768234161981845,-2.1664353403780034
2006_13_MIN_CHI,2006,13,0.628501936840132,4.265606353754843
2006_13_NYJ_GB,2006,13,0.5899902005459439,2.9297539469587126
2006_13_SD_BUF,2006,13,0.41295906507651853,-2.8901369649682995
2006_13_SEA_DEN,2006,13,0.4573658593129176,-1.3269390593180383
2006_13_SF_NO,2006,13,0.7660016707402542,9.661900416851319
2006_13_TB_PIT,2006,13,0.7076142146570487,7.143487571064844
2006_14_ATL_TB,2006,14,0.4500375475393359,-1.6525725151199047
2006_14_BAL_KC,2006,14,0.6046701422159945,3.4056408468607517
2006_14_BUF_NYJ,2006,14,0.6965006297291723,6.766759006305497
2006_14_CHI_STL,2006,14,0.6741851169078124,5.918240775430454
2006_14_CLE_PIT,2006,14,0.6321598465964539,4.403069568165883
2006_14_DEN_SD,2006,14,0.8298131899523752,12.887568986045594
2006_14_GB_SF,2006,14,0.5151328815967651,0.4533540562700078
2006_14_IND_JAX,2006,14,0.4202929539279491,-2.645060827086405
2006_14_MIN_DET,2006,14,0.6501108314483726,5.02272008813223
2006_14_NE_MIA,2006,14,0.4213064136190488,-2.6154386008857444
2006_14_NO_DAL,2006,14,0.6353948352675948,4.5192879752510695
2006_14_NYG_CAR,2006,14,0.45893652518417444,-1.3656433466066056
2006_14_OAK_CIN,2006,14,0.7415192639996884,8.62521490664227
2006_14_PHI_WAS,2006,14,0.5389029891295857,1.273343397420049
2006_14_SEA_ARI,2006,14,0.5528792455243664,1.6873629181934375
2006_14_TEN_HOU,2006,14,0.6068433837434453,3.523485336028821
2006_15_CIN_IND,2006,15,0.6762528337831802,6.001709205464545
2006_15_CLE_BAL,2006,15,0.6675593660524158,5.590037437416774
2006_15_DAL_ATL,2006,15,0.4195139386178412,-2.663641468230209
2006_15_DEN_ARI,2006,15,0.7561560462169428,9.199127261763788
2006_15_DET_GB,2006,15,0.6384213132129747,4.624717817195806
2006_15_HOU_NE,2006,15,0.73019275089335,8.108575668534337
2006_15_JAX_TEN,2006,15,0.5316624025319331,1.0113470310356245
2006_15_KC_SD,2006,15,0.6520091563304585,5.076695857424431
2006_15_MIA_BUF,2006,15,0.5741592118455535,2.422237096364282
2006_15_NYJ_MIN,2006,15,0.4891641085453093,-0.36268133577188655
2006_15_PHI_NYG,2006,15,0.618317202891952,3.9081664054199825
2006_15_PIT_CAR,2006,15,0.4457861120556478,-1.8649579681881163
2006_15_SF_SEA,2006,15,0.7010312908071662,6.9638058022620974
2006_15_STL_OAK,2006,15,0.5124716059099861,0.4156797850552665
2006_15_TB_CHI,2006,15,0.7151594973789351,7.471553760182628
2006_15_WAS_NO,2006,15,0.8033813399555517,11.445746165739662
2006_16_ARI_SF,2006,16,0.5648138698729952,2.1648859455111062
2006_16_BAL_PIT,2006,16,0.5899587371007736,2.96293922951993
2006_16_CAR_ATL,2006,16,0.7147661045452534,7.4906445651324916
2006_16_CHI_DET,2006,16,0.5312238826036971,1.0078349907080035
2006_16_CIN_DEN,2006,16,0.4047379615424761,-3.134906504092378
2006_16_IND_HOU,2006,16,0.3058436042642073,-6.680005999513773
2006_16_KC_OAK,2006,16,0.3524881612355474,-5.00804833548421
2006_16_MIN_GB,2006,16,0.6705733735575536,5.776764636262174
2006_16_NE_JAX,2006,16,0.4652706207603257,-1.1506847240919522
2006_16_NO_NYG,2006,16,0.4453733692820227,-1.7984813242467577
2006_16_NYJ_MIA,2006,16,0.48983806766450105,-0.35538678588646766
2006_16_PHI_DAL,2006,16,0.7474943534417052,8.850317763087814
2006_16_SD_SEA,2006,16,0.5591501574922673,2.0063510231447284
2006_16_TB_CLE,2006,16,0.564076214381056,2.088902722769733
2006_16_TEN_BUF,2006,16,0.6047631184085362,3.4446298491131473
2006_16_WAS_STL,2006,16,0.6870490229396018,6.402428573013077
2006_17_ARI_SD,2006,17,0.6734842817423058,5.872851783477956
2006_17_ATL_PHI,2006,17,0.5485712969031084,1.5373813070084204
2006_17_BUF_BAL,2006,17,0.6845792168245469,6.308087884962153
2006_17_CAR_NO,2006,17,0.5002827217000873,0.004174069257803836
2006_17_CLE_HOU,2006,17,0.6414790172134358,4.732678639904179
2006_17_DET_DAL,2006,17,0.7689963573366224,9.764881027374033
2006_17_GB_CHI,2006,17,0.5829829801873586,2.640716053482731
2006_17_JAX_KC,2006,17,0.7111315961971332,7.352516088211095
2006_17_MIA_IND,2006,17,0.8568053751017913,14.583972385409774
2006_17_NE_TEN,2006,17,0.47934926127786825,-0.7000281413051987
2006_17_NYG_WAS,2006,17,0.5722656346887417,2.3559203478606907
2006_17_OAK_NYJ,2006,17,0.6822173892911855,6.154773523313399
2006_17_PIT_CIN,2006,17,0.6508729028372446,5.050100333531427
2006_17_SEA_TB,2006,17,0.5347230491017512,1.100023283374
2006_17_SF_DEN,2006,17,0.5665403524606951,2.1830211026833375
2006_17_STL_MIN,2006,17,0.3812014861636707,-3.8974581503641406
2006_18_DAL_SEA,2006,18,0.49401963712944835,-0.19633835116953424
2006_18_KC_IND,2006,18,0.7849397386020726,10.513993732764838
2006_18_NYG_PHI,2006,18,0.6262199956676897,4.167769171785473
2006_18_NYJ_NE,2006,18,0.6624055713683952,5.481730237789937
2006_19_IND_BAL,2006,19,0.4586526383018695,-1.246310893461502
2006_19_NE_SD,2006,19,0.5751371481831715,2.6029447108458514
2006_19_PHI_NO,2006,19,0.7310967671265663,8.285068132516457
2006_19_SEA_CHI,2006,19,0.5308123313259755,1.1089228493582732
2006_20_NE_IND,2006,20,0.6885518449364817,6.4780679318639045
2006_20_NO_CHI,2006,20,0.38728708124425504,-3.769687518212471
2006_21_IND_CHI,2006,21,0.4044335188681639,-2.303305824723384
2007_01_ARI_SF,2007,1,0.5469664968228597,1.168104437941965
2007_01_ATL_MIN,2007,1,0.5313424419231539,0.9954505229073669
2007_01_BAL_CIN,2007,1,0.6111187597323394,3.5054070488679208
2007_01_CAR_STL,2007,1,0.6347125444730444,4.181400093353835
2007_01_CHI_SD,2007,1,0.6826491886375423,5.907099732289996
2007_01_DEN_BUF,2007,1,0.6213806246714637,3.552645165185942
2007_01_DET_OAK,2007,1,0.5139317210637444,0.7662197974694902
2007_01_KC_HOU,2007,1,0.5114167079015408,0.30373767189345946
2007_01_MIA_WAS,2007,1,0.602696560021309,2.744882113830608
2007_01_NE_NYJ,2007,1,0.4968318561644227,-0.10867111571743182
2007_01_NO_IND,2007,1,0.626195572909793,4.084219289511813
2007_01_NYG_DAL,2007,1,0.6409712838058427,4.493392459406325
2007_01_PHI_GB,2007,1,0.5729549850852197,2.175982718125555
2007_01_PIT_CLE,2007,1,0.47379876318076625,-1.2716635047069338
2007_01_TB_SEA,2007,1,0.5836747594316559,2.853623592102758
2007_01_TEN_JAX,2007,1,0.5618927270174534,2.0463533648653485
2007_02_ATL_JAX,2007,2,0.6769674415652375,5.641882525680465
2007_02_BUF_PIT,2007,2,0.6931854366679499,6.542084597958855
2007_02_CIN_CLE,2007,2,0.494041644881089,-0.1407490580560924
2007_02_DAL_MIA,2007,2,0.4124984703880192,-1.9837214701797503
2007_02_GB_NYG,2007,2,0.674023400708061,4.835050154272503
2007_02_HOU_CAR,2007,2,0.6701233778845269,5.334221058254991
2007_02_IND_TEN,2007,2,0.376421994686243,-3.993598173189884
2007_02_KC_CHI,2007,2,0.5651810146396838,1.8691602736024913
2007_02_MIN_DET,2007,2,0.6676957051198683,5.265848136134125
2007_02_NO_TB,2007,2,0.5687920305482003,1.5956240302755025
2007_02_NYJ_BAL,2007,2,0.6258012289673608,3.9959211039634304
2007_02_OAK_DEN,2007,2,0.6476617315547831,4.59628424355424
2007_02_SD_NE,2007,2,0.7487734472857438,7.855678450643188
2007_02_SEA_ARI,2007,2,0.5249770919948523,0.7043278725183353
2007_02_SF_STL,2007,2,0.6705744585978154,5.84735258568634
2007_02_WAS_PHI,2007,2,0.6134850091375149,3.888625451088367
2007_03_ARI_BAL,2007,3,0.49732444539737225,0.2893938965270402
2007_03_BUF_NE,2007,3,0.8125857476672534,10.756191529479466
2007_03_CAR_ATL,2007,3,0.42620067184459964,-2.0185235084995634
2007_03_CIN_SEA,2007,3,0.5310041549350916,1.421275812899146
2007_03_CLE_OAK,2007,3,0.461900911534045,-0.8335046733035099
2007_03_DAL_CHI,2007,3,0.29363592053092735,-6.151174354062818
2007_03_DET_PHI,2007,3,0.5333756238677638,1.7832165331907783
2007_03_IND_HOU,2007,3,0.4759968008831085,-0.9471857756605804
2007_03_JAX_DEN,2007,3,0.5445301864512725,1.37287709411974
2007_03_MIA_NYJ,2007,3,0.6460831959083114,4.0970595465790085
2007_03_MIN_KC,2007,3,0.6292016670355314,3.830804494599594
2007_03_NYG_WAS,2007,3,0.5623678235824513,2.0951614023554668
2007_03_SD_GB,2007,3,0.6444465221330894,4.48011585292884
2007_03_SF_PIT,2007,3,0.7387911858388783,7.942290294642245
2007_03_STL_TB,2007,3,0.6298084548010163,3.6334363045868496
2007_03_TEN_NO,2007,3,0.6086009175630994,3.7496739959191725
2007_04_BAL_CLE,2007,4,0.6647312969787198,4.886296782077112
2007_04_CHI_DET,2007,4,0.7097431503612049,5.934660693073285
2007_04_DEN_IND,2007,4,0.7326835090962772,7.874972761701786
2007_04_GB_MIN,2007,4,0.4274948905063432,-1.6508524671598002
2007_04_HOU_ATL,2007,4,0.5347910811440385,1.1466462517762779
2007_04_KC_SD,2007,4,0.6182157040095584,3.5857344287332613
2007_04_NE_CIN,2007,4,0.5118846398290627,0.640862913584344
2007_04_NYJ_BUF,2007,4,0.371985086490548,-3.449407460371873
2007_04_OAK_MIA,2007,4,0.6442907371473476,4.214450522121169
2007_04_PHI_NYG,2007,4,0.5454836535921436,1.28732430695904
2007_04_PIT_ARI,2007,4,0.4948258612687514,0.10962658035705442
2007_04_SEA_SF,2007,4,0.44747952562664906,-1.495121998564092
2007_04_STL_DAL,2007,4,0.7633063008234651,8.353871361794232
2007_04_TB_CAR,2007,4,0.4394887037835759,-1.572073147595396
2007_05_ARI_STL,2007,5,0.48826702807489664,-0.080102102699672
2007_05_ATL_TEN,2007,5,0.6184673281573025,4.475614183388002
2007_05_BAL_SF,2007,5,0.35970681344313044,-3.5269629600549024
2007_05_CAR_NO,2007,5,0.6401073663444237,5.196165526711269
2007_05_CHI_GB,2007,5,0.7683050313452702,8.430111892261262
2007_05_CLE_NE,2007,5,0.7341058433241143,7.119688877076367
2007_05_DAL_BUF,2007,5,0.29600691691891484,-6.135570575005819
2007_05_DET_WAS,2007,5,0.6194656731578216,4.660722108052781
2007_05_JAX_KC,2007,5,0.44820108094192407,-1.6264585689568625
2007_05_MIA_HOU,2007,5,0.6520616435967878,4.003798673323948
2007_05_NYJ_NYG,2007,5,0.5160611164229302,0.9625195708240111
2007_05_SD_DEN,2007,5,0.662951429808704,4.81632822742584
2007_05_SEA_PIT,2007,5,0.5796048162531923,2.6887595840814646
2007_05_TB_IND,2007,5,0.6712004912555843,5.608684405006453
2007_06_CAR_ARI,2007,6,0.742133305501376,7.4568159372028
2007_06_CIN_KC,2007,6,0.41750919147365784,-2.4901776990404887
2007_06_HOU_JAX,2007,6,0.6250742604268118,3.8956599355618238
2007_06_MIA_CLE,2007,6,0.6693626215663859,5.048113353830091
2007_06_MIN_CHI,2007,6,0.5559459818885043,1.6873294257959603
2007_06_NE_DAL,2007,6,0.5338615424786985,1.4896105950762384
2007_06_NO_SEA,2007,6,0.6799497991234659,5.245173263404791
2007_06_NYG_ATL,2007,6,0.5194886562233771,0.47564911644515107
2007_06_OAK_SD,2007,6,0.5247633065701742,-0.006638254284585088
2007_06_PHI_NYJ,2007,6,0.6024847797961022,2.082597080040145
2007_06_STL_BAL,2007,6,0.666332925710133,4.793719287336565
2007_06_TEN_TB,2007,6,0.7112489874011756,6.507206297670951
2007_06_WAS_GB,2007,6,0.5997816676028324,2.975999069294824
2007_07_ARI_WAS,2007,7,0.6094940156288504,3.3669953748398904
2007_07_ATL_NO,2007,7,0.7122563956879694,6.458766209164395
2007_07_BAL_BUF,2007,7,0.5847906020204279,3.015377554798091
2007_07_CHI_PHI,2007,7,0.6209365187678083,3.8250196614183625
2007_07_IND_JAX,2007,7,0.459062133593851,-1.8562606127750856
2007_07_KC_OAK,2007,7,0.5844242977734047,3.061710608850985
2007_07_MIN_DAL,2007,7,0.7753677937228594,9.225051583059617
2007_07_NE_MIA,2007,7,0.3200424208663902,-4.801650932167822
2007_07_NYJ_CIN,2007,7,0.6713715218138582,5.331346734437658
2007_07_PIT_DEN,2007,7,0.5086941698722304,0.19223012569046372
2007_07_SF_NYG,2007,7,0.7687612601851763,8.015453105009549
2007_07_STL_SEA,2007,7,0.6606653459516216,4.571661498063806
2007_07_TB_DET,2007,7,0.4602295912193431,-0.4398871632771195
2007_07_TEN_HOU,2007,7,0.6800387372219686,5.071730429327656
2007_08_BUF_NYJ,2007,8,0.6927313774263683,6.067620415822901
2007_08_CLE_STL,2007,8,0.3887284658400464,-2.9230413725558364
2007_08_DET_CHI,2007,8,0.6497489297018866,4.886115788217818
2007_08_GB_DEN,2007,8,0.5366588201983885,0.4998481096949958
2007_08_HOU_SD,2007,8,0.616065618979132,4.300954589090784
2007_08_IND_CAR,2007,8,0.3454634833129887,-3.799997242272201
2007_08_JAX_TB,2007,8,0.8040756940292106,9.693752515812202
2007_08_NO_SF,2007,8,0.47188888909837823,-0.8453773991222184
2007_08_NYG_MIA,2007,8,0.5887957877002264,4.365909509236641
2007_08_OAK_TEN,2007,8,0.5423104985401107,1.0388135978110187
2007_08_PHI_MIN,2007,8,0.48263396243861595,-0.3107583765729074
2007_08_PIT_CIN,2007,8,0.5740561365327943,2.266530279778353
2007_08_WAS_NE,2007,8,0.8076219354417234,9.993202815562855
2007_09_ARI_TB,2007,9,0.6125942768641205,2.8909804989922403
2007_09_BAL_PIT,2007,9,0.6965711697091925,5.481109063522404
2007_09_CAR_TEN,2007,9,0.58290969356557,2.606287433297471
2007_09_CIN_BUF,2007,9,0.37697760543953107,-3.3791521829062816
2007_09_DAL_PHI,2007,9,0.457549753624339,-1.3268855704517777
2007_09_DEN_DET,2007,9,0.5043922782290635,0.32004494702622344
2007_09_GB_KC,2007,9,0.544895918487117,2.077613468734728
2007_09_HOU_OAK,2007,9,0.4847204583482471,-0.31323760285431534
2007_09_JAX_NO,2007,9,0.7149775041177722,6.3834828056780175
2007_09_NE_IND,2007,9,0.4970877158355692,0.8275715187518005
2007_09_SD_MIN,2007,9,0.48001910279584137,-0.31005967458633554
2007_09_SEA_CLE,2007,9,0.6090651802156757,2.623615409402017
2007_09_SF_ATL,2007,9,0.652520579815639,5.112980824250469
2007_09_WAS_NYJ,2007,9,0.5016198678997807,0.2606764941941875
2007_10_ATL_CAR,2007,10,0.5765721216942463,2.682517407545599
2007_10_BUF_MIA,2007,10,0.6441858409035159,5.294845095502318
2007_10_CHI_OAK,2007,10,0.4896943087877638,-0.6360053411921367
2007_10_CIN_BAL,2007,10,0.37824648936515737,-3.110453430606456
2007_10_CLE_PIT,2007,10,0.6044054284673555,3.0164763122419633
2007_10_DAL_NYG,2007,10,0.4520057226002141,-0.4758787745662545
2007_10_DEN_KC,2007,10,0.5154831666626656,0.7967764630365433
2007_10_DET_ARI,2007,10,0.5695392339800813,2.6236890496373966
2007_10_IND_SD,2007,10,0.355079570632228,-4.254539884543075
2007_10_JAX_TEN,2007,10,0.5654242500301946,1.7354725483971405
2007_10_MIN_GB,2007,10,0.7360993456382726,7.525678247335831
2007_10_PHI_WAS,2007,10,0.5210842687024282,0.6022581856617246
2007_10_SF_SEA,2007,10,0.743169531505493,7.736650785817997
2007_10_STL_NO,2007,10,0.6487882237603642,3.6747455317785196
2007_11_ARI_CIN,2007,11,0.7138879426817796,6.472738443887987
2007_11_CAR_GB,2007,11,0.7629609334509411,7.99753461454601
2007_11_CHI_SEA,2007,11,0.7568127310114345,8.07042237654851
2007_11_CLE_BAL,2007,11,0.39958599048613214,-2.719682092337088
2007_11_KC_IND,2007,11,0.7966027253900161,10.16008638139044
2007_11_MIA_PHI,2007,11,0.7761068641144289,9.05569383989046
2007_11_NE_BUF,2007,11,0.2385680464918163,-8.377387349448647
2007_11_NO_HOU,2007,11,0.5319419391405826,1.482557332600553
2007_11_NYG_DET,2007,11,0.576074861304553,2.013667305912586
2007_11_OAK_MIN,2007,11,0.512205814584999,0.16266069973976505
2007_11_PIT_NYJ,2007,11,0.42549696059276954,-1.027713465559894
2007_11_SD_JAX,2007,11,0.7180045314455867,6.651985462558031
2007_11_STL_SF,2007,11,0.3108281895763837,-5.59748059342743
2007_11_TB_ATL,2007,11,0.3407120016323263,-4.513640395631759
2007_11_TEN_DEN,2007,11,0.6848493463200199,5.611743019660015
2007_11_WAS_DAL,2007,11,0.7428035911197222,7.755159242317182
2007_12_BAL_SD,2007,12,0.6236436475278575,3.922577938657969
2007_12_BUF_JAX,2007,12,0.7255770434302969,7.207236990663654
2007_12_DEN_CHI,2007,12,0.41036608658760115,-2.086659547080271
2007_12_GB_DET,2007,12,0.4155625128474644,-2.2332465502540417
2007_12_HOU_CLE,2007,12,0.6850106582815233,5.920233540643476
2007_12_IND_ATL,2007,12,0.385411952551509,-3.6769567319770236
2007_12_MIA_PIT,2007,12,0.8091479177927668,10.067656083784883
2007_12_MIN_NYG,2007,12,0.6866527411266494,5.914323657245622
2007_12_NO_CAR,2007,12,0.42485547248226924,-1.8647960235595615
2007_12_NYJ_DAL,2007,12,0.8142811186869591,10.490390061266487
2007_12_OAK_KC,2007,12,0.5235661221727914,0.5662371532253445
2007_12_PHI_NE,2007,12,0.8710280895915083,13.256131678315647
2007_12_SEA_STL,2007,12,0.48898341062528444,0.1035289582222183
2007_12_SF_ARI,2007,12,0.7935624409406185,9.833931735260055
2007_12_TEN_CIN,2007,12,0.6777099105657054,5.552056301964854
2007_12_WAS_TB,2007,12,0.6390898135171438,4.3852648369953275
2007_13_ATL_STL,2007,13,0.4281326466145061,-1.7661631952917967
2007_13_BUF_WAS,2007,13,0.7088436559983348,6.546881307100447
2007_13_CIN_PIT,2007,13,0.6116478775451234,3.404827381936421
2007_13_CLE_ARI,2007,13,0.477659938203645,-0.4147738400390848
2007_13_DEN_OAK,2007,13,0.36766905840921454,-3.337139296444006
2007_13_DET_MIN,2007,13,0.538983484406991,1.2072001220444797
2007_13_GB_DAL,2007,13,0.625694900373185,4.117861450954852
2007_13_HOU_TEN,2007,13,0.5492664200194167,1.734596192570997
2007_13_JAX_IND,2007,13,0.6173095250237388,4.362339336116228
2007_13_NE_BAL,2007,13,0.21694575886872283,-8.52123616291065
2007_13_NYG_CHI,2007,13,0.502413070631274,0.15419659290592325
2007_13_NYJ_MIA,2007,13,0.5310530850979753,0.8072733070223541
2007_13_SD_KC,2007,13,0.5077663876966614,0.46035467103710337
2007_13_SEA_PHI,2007,13,0.5570095167823912,1.7255433812321423
2007_13_SF_CAR,2007,13,0.706999281872912,6.783061920006779
2007_13_TB_NO,2007,13,0.7786083591865854,9.086976673313838
2007_14_ARI_SEA,2007,14,0.6147822607707873,3.5978743981768604
2007_14_CAR_JAX,2007,14,0.7582206907373715,7.8821065301309705
2007_14_CHI_WAS,2007,14,0.717263828979837,6.722776188437237
2007_14_CLE_NYJ,2007,14,0.3983571943461196,-2.6513172273887804
2007_14_DAL_DET,2007,14,0.3241997382203775,-5.382922832896953
2007_14_IND_BAL,2007,14,0.3456627464571023,-4.826076576790465
2007_14_KC_DEN,2007,14,0.7009991901778738,6.131787913919553
2007_14_MIA_BUF,2007,14,0.7114884222513793,6.5426741758959785
2007_14_MIN_SF,2007,14,0.37774349888050457,-3.171200801527073
2007_14_NO_ATL,2007,14,0.41067424589714774,-2.229428807291126
2007_14_NYG_PHI,2007,14,0.6787069053627562,5.61448857855283
2007_14_OAK_GB,2007,14,0.7986504460858169,9.889100217127172
2007_14_PIT_NE,2007,14,0.7429469287558503,7.615335555494387
2007_14_SD_TEN,2007,14,0.5560052654522396,1.629732173719838
2007_14_STL_CIN,2007,14,0.776617210498335,8.779320520521175
2007_14_TB_HOU,2007,14,0.6596844453297427,5.149620710717746
2007_15_ARI_NO,2007,15,0.6678781631248599,5.045226933692796
2007_15_ATL_TB,2007,15,0.7555706639778793,8.346604818885147
2007_15_BAL_MIA,2007,15,0.6524259851811025,4.94004969626479
2007_15_BUF_CLE,2007,15,0.7236278349135102,7.174746089859487
2007_15_CHI_MIN,2007,15,0.7145687053178972,6.491319063569151
2007_15_CIN_SF,2007,15,0.45285464598618397,-1.0015892553495767
2007_15_DEN_HOU,2007,15,0.5421016290900545,1.6059942725252068
2007_15_DET_SD,2007,15,0.5982285383101307,3.380471493901962
2007_15_GB_STL,2007,15,0.4005647797538732,-2.1303222906508124
2007_15_IND_OAK,2007,15,0.28099240160406724,-6.66872102352873
2007_15_JAX_PIT,2007,15,0.5482353614993163,1.6188115903384084
2007_15_NYJ_NE,2007,15,0.8511593121795955,12.312097949654742
2007_15_PHI_DAL,2007,15,0.7369438377914902,7.130685098619366
2007_15_SEA_CAR,2007,15,0.3379282131575038,-4.3532015574447245
2007_15_TEN_KC,2007,15,0.5291318764418469,1.249831567477446
2007_15_WAS_NYG,2007,15,0.5567192763460813,1.5819172848748846
2007_16_ATL_ARI,2007,16,0.7705816311131987,8.784451787104885
2007_16_BAL_SEA,2007,16,0.7333003164495715,7.16224606419285
2007_16_CLE_CIN,2007,16,0.5529048572230028,1.600071797806378
2007_16_DAL_CAR,2007,16,0.3196419391312336,-4.961583960955251
2007_16_DEN_SD,2007,16,0.5044033068453699,0.2803951281445376
2007_16_GB_CHI,2007,16,0.2650721738283274,-6.949631894660853
2007_16_HOU_IND,2007,16,0.6955955497807907,6.075878934325908
2007_16_KC_DET,2007,16,0.6206126102072027,3.4456782859050294
2007_16_MIA_NE,2007,16,0.8210634195834272,10.745458127154741
2007_16_NYG_BUF,2007,16,0.5717295756261398,1.917290179112157
2007_16_NYJ_TEN,2007,16,0.590789979066167,2.7152669195527332
2007_16_OAK_JAX,2007,16,0.7830370150034304,9.186339017105611
2007_16_PHI_NO,2007,16,0.649486626984469,4.200883729766217
2007_16_PIT_STL,2007,16,0.415665042164691,-1.8251182689474286
2007_16_TB_SF,2007,16,0.5077949486454508,0.4313352679610416
2007_16_WAS_MIN,2007,16,0.6103525675698803,2.8406537969495087
2007_17_BUF_PHI,2007,17,0.7492081702124979,8.121784008201935
2007_17_CAR_TB,2007,17,0.6019995987309023,2.850933756923259
2007_17_CIN_MIA,2007,17,0.5211515408158528,1.00642011943095
2007_17_DAL_WAS,2007,17,0.41798805533144223,-1.9917998810511248
2007_17_DET_GB,2007,17,0.7185176617987404,6.900108374171935
2007_17_JAX_HOU,2007,17,0.6105638625886263,3.1104755282806584
2007_17_KC_NYJ,2007,17,0.5878484134737558,2.7663644006249823
2007_17_MIN_DEN,2007,17,0.6516925214338452,4.76308425055473
2007_17_NE_NYG,2007,17,0.24718731472093244,-7.17080985315626
2007_17_NO_CHI,2007,17,0.3590331121311476,-3.918156013436435
2007_17_PIT_BAL,2007,17,0.6176499152571852,3.0513396011382197
2007_17_SD_OAK,2007,17,0.3907333618880459,-2.599876909843533
2007_17_SEA_ATL,2007,17,0.3727068299916683,-3.499935009805337
2007_17_SF_CLE,2007,17,0.7676802461589907,8.793755984104704
2007_17_STL_ARI,2007,17,0.6428566724441677,3.7946814923599153
2007_17_TEN_IND,2007,17,0.4790745519389107,0.08802083636180402
2007_18_JAX_PIT,2007,18,0.5469029397684242,1.52539914817041
2007_18_NYG_TB,2007,18,0.685974561388618,5.459161598429972
2007_18_TEN_SD,2007,18,0.6245377357800125,3.984009187700713
2007_18_WAS_SEA,2007,18,0.6081138489502735,3.2345096998773566
2007_19_JAX_NE,2007,19,0.7447929668318294,8.16965712940834
2007_19_NYG_DAL,2007,19,0.7874034887711846,9.89902974051115
2007_19_SD_IND,2007,19,0.7682938131608932,9.530619243239329
2007_19_SEA_GB,2007,19,0.6754340532989718,5.637019827284616
2007_20_NYG_GB,2007,20,0.7324146745142959,7.065404558659165
2007_20_SD_NE,2007,20,0.7800041310185925,9.131757069349073
2007_21_NYG_NE,2007,21,0.8375003279856849,13.181197114666137
2008_01_ARI_SF,2008,1,0.47483040188491915,-1.2106520445755464
2008_01_CAR_SD,2008,1,0.6568962547549165,4.779034304923032
2008_01_CHI_IND,2008,1,0.7528838071421142,10.109121603932163
2008_01_CIN_BAL,2008,1,0.47403999500073535,-1.3664959042217992
2008_01_DAL_CLE,2008,1,0.5145330810587432,-0.24055002140208392
2008_01_DEN_OAK,2008,1,0.4522299810285343,-1.9916498317290623
2008_01_DET_ATL,2008,1,0.5271950028362962,0.9725702641240175
2008_01_HOU_PIT,2008,1,0.665921624859889,5.699089237095426
2008_01_JAX_TEN,2008,1,0.4802333052194783,-0.8935877793836502
2008_01_KC_NE,2008,1,0.7900751178915263,11.386742617694768
2008_01_MIN_GB,2008,1,0.531493366400049,1.1302953078668048
2008_01_NYJ_MIA,2008,1,0.44135043487965586,-1.3079943641034326
2008_01_SEA_BUF,2008,1,0.487367707352578,-1.0368630677151702
2008_01_STL_PHI,2008,1,0.6823336372728686,5.7291893842476025
2008_01_TB_NO,2008,1,0.6072117748175649,3.7549963803011726
2008_01_WAS_NYG,2008,1,0.6001452023073315,2.687810578250678
2008_02_ATL_TB,2008,2,0.5695062382631326,2.2743793703056023
2008_02_BUF_JAX,2008,2,0.6508778626039513,5.946545631937697
2008_02_CHI_CAR,2008,2,0.6062725154866309,4.254289614253659
2008_02_GB_DET,2008,2,0.5884040818311981,2.6972407568978967
2008_02_IND_MIN,2008,2,0.5170990219607174,-0.7843446145761725
2008_02_MIA_ARI,2008,2,0.6531431893356996,4.640657741338396
2008_02_NE_NYJ,2008,2,0.6815811741467813,6.074674696203318
2008_02_NO_WAS,2008,2,0.529935984929831,0.7221872210903513
2008_02_NYG_STL,2008,2,0.4542782265838295,-0.7061488790893029
2008_02_OAK_KC,2008,2,0.5772961156176053,3.1247202359390167
2008_02_PHI_DAL,2008,2,0.6178965883579334,4.4776979844183975
2008_02_PIT_CLE,2008,2,0.5697795573534716,1.2909524582954315
2008_02_SD_DEN,2008,2,0.6397863288398047,4.129314415337067
2008_02_SF_SEA,2008,2,0.7164973259546626,7.58193098272879
2008_02_TEN_CIN,2008,2,0.5650934697983246,2.883771569852801
2008_03_ARI_WAS,2008,3,0.49366175923954436,-0.13144035107269314
2008_03_CAR_MIN,2008,3,0.5259203333815501,0.24688247586415457
2008_03_CIN_NYG,2008,3,0.7185797411743816,5.902625582928987
2008_03_CLE_BAL,2008,3,0.5865478544975001,3.0161238946123747
2008_03_DAL_GB,2008,3,0.5049195976785645,-0.298965027939313
2008_03_DET_SF,2008,3,0.5974927163460082,2.9548183187812884
2008_03_HOU_TEN,2008,3,0.6401571278756477,3.322645115698813
2008_03_JAX_IND,2008,3,0.6728399040582653,5.695692464200807
2008_03_KC_ATL,2008,3,0.6014760725671567,3.4429751638922728
2008_03_MIA_NE,2008,3,0.6760650767267576,5.324373417940009
2008_03_NO_DEN,2008,3,0.6870935256438757,5.4674723601306905
2008_03_NYJ_SD,2008,3,0.630433865144759,3.9402661775157926
2008_03_OAK_BUF,2008,3,0.6072979942516689,3.8880133692717083
2008_03_PIT_PHI,2008,3,0.6435869317035161,3.6643948083660893
2008_03_STL_SEA,2008,3,0.6669134975761867,5.18519289148051
2008_03_TB_CHI,2008,3,0.604408243709342,2.743693314089738
2008_04_ARI_NYJ,2008,4,0.506399371681988,0.7783856205287751
2008_04_ATL_CAR,2008,4,0.47261774711565757,0.24841901209619932
2008_04_BAL_PIT,2008,4,0.610998310400041,4.839723099334286
2008_04_BUF_STL,2008,4,0.5002418202431947,1.1379102462353934
2008_04_CLE_CIN,2008,4,0.5037903768628165,0.6158089794825221
2008_04_DEN_KC,2008,4,0.3035529483480729,-5.899716137330523
2008_04_GB_TB,2008,4,0.5533390155835873,1.3255357521582638
2008_04_HOU_JAX,2008,4,0.7605401304394559,8.905277082391164
2008_04_MIN_TEN,2008,4,0.6850411177337542,6.266604086931091
2008_04_PHI_CHI,2008,4,0.4583775083057237,-1.6684339107435093
2008_04_SD_OAK,2008,4,0.3738588113815386,-4.4205911165012255
2008_04_SF_NO,2008,4,0.6629863709373217,5.955178953701179
2008_04_WAS_DAL,2008,4,0.6491830750299971,5.657634966593228
2008_05_ATL_GB,2008,5,0.6690394558534324,6.022630160561535
2008_05_BUF_ARI,2008,5,0.6842929456443558,6.480895224652972
2008_05_CHI_DET,2008,5,0.6609567088724426,5.77186336935906
2008_05_CIN_DAL,2008,5,0.733064764091572,7.786868376627218
2008_05_IND_HOU,2008,5,0.4384698767902667,-2.627284387981496
2008_05_KC_CAR,2008,5,0.6569191281173441,4.887711137863196
2008_05_MIN_NO,2008,5,0.724859825158481,8.707562893799082
2008_05_NE_SF,2008,5,0.5291699820082053,0.4193087763895127
2008_05_PIT_JAX,2008,5,0.6700103628543734,5.195259186477889
2008_05_SD_MIA,2008,5,0.49975990783833396,0.8642200420654906
2008_05_SEA_NYG,2008,5,0.6622321023614156,4.658876873344288
2008_05_TB_DEN,2008,5,0.7637761195814703,9.323772669913208
2008_05_TEN_BAL,2008,5,0.48296929326197574,-0.45877716764330456
2008_05_WAS_PHI,2008,5,0.5531422193856929,2.0958881329584633
2008_06_BAL_IND,2008,6,0.7033002588476654,7.953122053340801
2008_06_CAR_TB,2008,6,0.5280908930444799,1.354208514297463
2008_06_CHI_ATL,2008,6,0.6036207585230321,3.0798721632110007
2008_06_CIN_NYJ,2008,6,0.7763176962538505,10.61520281814875
2008_06_DAL_ARI,2008,6,0.5640792882993564,1.8197623382909929
2008_06_DET_MIN,2008,6,0.7515233323865786,7.968342682203084
2008_06_GB_SEA,2008,6,0.39210826617134753,-3.725889021609148
2008_06_JAX_DEN,2008,6,0.6743987226635835,5.172401999007618
2008_06_MIA_HOU,2008,6,0.4877495506429837,-0.11394940604039805
2008_06_NE_SD,2008,6,0.7150626417549599,6.836364242772797
2008_06_NYG_CLE,2008,6,0.49270850969869023,0.46158870141820785
2008_06_OAK_NO,2008,6,0.7177320910918451,7.9204733935664455
2008_06_PHI_SF,2008,6,0.47123924796857214,-1.0994597388410967
2008_06_STL_WAS,2008,6,0.7292195410747916,6.635919956058375
2008_07_BAL_MIA,2008,7,0.7207424742866092,7.896688458423404
2008_07_CLE_WAS,2008,7,0.6379974584574075,4.807065381925069
2008_07_DAL_STL,2008,7,0.594189903673928,3.212009087408945
2008_07_DEN_NE,2008,7,0.399083421981162,-2.9992507583158856
2008_07_DET_HOU,2008,7,0.7405495671071419,8.499790841813532
2008_07_IND_GB,2008,7,0.5919011139118143,2.2282118583582857
2008_07_MIN_CHI,2008,7,0.6091009273273625,4.068553715561176
2008_07_NO_CAR,2008,7,0.4708900263175496,-1.3435069926610614
2008_07_NYJ_OAK,2008,7,0.4292230809523626,-3.7381497737291136
2008_07_PIT_CIN,2008,7,0.46217461049432607,-2.617559725362585
2008_07_SD_BUF,2008,7,0.440914658867219,-1.2795438239510757
2008_07_SEA_TB,2008,7,0.7113163524670371,7.427739473668307
2008_07_SF_NYG,2008,7,0.7087236276925069,6.8652387827234636
2008_07_TEN_KC,2008,7,0.4570422905454779,-1.2079277887236972
2008_08_ARI_CAR,2008,8,0.480705891967592,-1.4922463143986908
2008_08_ATL_PHI,2008,8,0.6041491421411743,3.701685256489271
2008_08_BUF_MIA,2008,8,0.6001923604710204,3.7122449867681957
2008_08_CIN_HOU,2008,8,0.6759911842955729,6.37170394269957
2008_08_CLE_JAX,2008,8,0.6762575181249404,7.432220147981759
2008_08_IND_TEN,2008,8,0.5476344012453954,0.329762781536441
2008_08_KC_NYJ,2008,8,0.6656439201948043,7.4442374436099925
2008_08_NYG_PIT,2008,8,0.5387406159458449,2.3532213208793102
2008_08_OAK_BAL,2008,8,0.611181136320413,4.514017917694931
2008_08_SD_NO,2008,8,0.4136619711060196,1.9544026131356365
2008_08_SEA_SF,2008,8,0.6453710506576981,4.503833775128743
2008_08_STL_NE,2008,8,0.6540600736438067,4.635013232418768
2008_08_TB_DAL,2008,8,0.375553206103325,-4.2103971043287585
2008_08_WAS_DET,2008,8,0.3708208942733297,-4.022452526223974
2008_09_ARI_STL,2008,9,0.40385313260108474,-3.305704658490935
2008_09_ATL_OAK,2008,9,0.44780870154678415,-2.1497825336752054
2008_09_BAL_CLE,2008,9,0.6621585071621536,4.565194421872455
2008_09_DAL_NYG,2008,9,0.7677294346536881,8.85453647627419
2008_09_DET_CHI,2008,9,0.7296639766103207,8.216939403559476
2008_09_GB_TEN,2008,9,0.4775202304072886,-1.771101597644761
2008_09_HOU_MIN,2008,9,0.5950804482034989,2.2238076213531777
2008_09_JAX_CIN,2008,9,0.3775423244112963,-4.459822790357744
2008_09_MIA_DEN,2008,9,0.7007516359050057,6.514601681846135
2008_09_NE_IND,2008,9,0.634686954261274,5.088037545201718
2008_09_NYJ_BUF,2008,9,0.6004360478509855,2.3283309284747293
2008_09_PHI_SEA,2008,9,0.48144126783302965,-0.9024631013887427
2008_09_PIT_WAS,2008,9,0.6918392639331687,5.50386608912247
2008_09_TB_KC,2008,9,0.4997317976589573,-1.3939453125896808
2008_10_BAL_HOU,2008,10,0.5421408723218263,1.9244632049461767
2008_10_BUF_NE,2008,10,0.6054063940739974,3.5168747999714354
2008_10_CAR_OAK,2008,10,0.3817877627127357,-4.785026435451015
2008_10_DEN_CLE,2008,10,0.34606894779417136,-4.586729137662377
2008_10_GB_MIN,2008,10,0.5002965247617631,-0.8548028418037883
2008_10_IND_PIT,2008,10,0.46831596451745294,-1.2613438436292377
2008_10_JAX_DET,2008,10,0.4161324670668091,-2.528145434826982
2008_10_KC_SD,2008,10,0.7863507599312134,11.364128477435766
2008_10_NO_ATL,2008,10,0.47295378879551764,-1.78601045888003
2008_10_NYG_PHI,2008,10,0.6204584482414639,4.190657745791885
2008_10_SEA_MIA,2008,10,0.706803684277405,7.628331635327069
2008_10_SF_ARI,2008,10,0.69308381841958,6.16534335498352
2008_10_STL_NYJ,2008,10,0.6589362806648423,5.883618458234615
2008_10_TEN_CHI,2008,10,0.40426274128725415,-2.542156592940662
2008_11_ARI_SEA,2008,11,0.42668156553545844,-2.5714743466480323
2008_11_BAL_NYG,2008,11,0.6149896090659539,3.427238527164863
2008_11_CHI_GB,2008,11,0.6010262994102593,3.700663297089389
2008_11_CLE_BUF,2008,11,0.5432941572762885,1.2965435311298557
2008_11_DAL_WAS,2008,11,0.5223087172739345,-0.0326152951599874
2008_11_DEN_ATL,2008,11,0.49346011633499837,-0.19295677635371167
2008_11_DET_CAR,2008,11,0.6545791891623756,4.420272826843389
2008_11_HOU_IND,2008,11,0.738288991256486,8.353157873723365
2008_11_MIN_TB,2008,11,0.7302631099166242,9.394405421645326
2008_11_NO_KC,2008,11,0.5020548678524462,-1.0591037269937296
2008_11_NYJ_NE,2008,11,0.605213291418048,2.7839054795473706
2008_11_OAK_MIA,2008,11,0.740947737853157,9.589924423063465
2008_11_PHI_CIN,2008,11,0.453456675148425,-1.0660530622236672
2008_11_SD_PIT,2008,11,0.3908432066507333,-2.871876150030632
2008_11_STL_SF,2008,11,0.6561764804004786,4.7512607288343744
2008_11_TEN_JAX,2008,11,0.6156690067353654,4.6730865570561475
2008_12_BUF_KC,2008,12,0.6712900527764641,4.7502098001792294
2008_12_CAR_ATL,2008,12,0.7028703640206396,6.666196204206031
2008_12_CHI_STL,2008,12,0.4315564737241445,-1.465015213473154
2008_12_CIN_PIT,2008,12,0.6474829182203886,5.673170453791046
2008_12_GB_NO,2008,12,0.6258969905682451,4.120015456424373
2008_12_HOU_CLE,2008,12,0.6349392294601447,3.5511432363320328
2008_12_IND_SD,2008,12,0.6055956987808988,2.9315541026244802
2008_12_MIN_JAX,2008,12,0.6884218976063199,7.37564385122084
2008_12_NE_MIA,2008,12,0.5462267057828691,1.4466882206881335
2008_12_NYG_ARI,2008,12,0.6375658985914375,5.535353115390979
2008_12_NYJ_TEN,2008,12,0.6209839128044276,2.4001007168298427
2008_12_OAK_DEN,2008,12,0.8188542154273942,12.508146765044273
2008_12_PHI_BAL,2008,12,0.5126472330083007,0.5973081680460495
2008_12_SF_DAL,2008,12,0.641741633743038,5.386685193961798
2008_12_TB_DET,2008,12,0.36466169874514476,-4.050544481962136
2008_12_WAS_SEA,2008,12,0.5342639910698098,1.2630356638666147
2008_13_ARI_PHI,2008,13,0.5007713445334235,-0.7492817271774741
2008_13_ATL_SD,2008,13,0.5931297328049526,3.3834911903685088
2008_13_BAL_CIN,2008,13,0.5081529963572021,0.5044503097673019
2008_13_CAR_GB,2008,13,0.6114766144415744,4.026002494675827
2008_13_CHI_MIN,2008,13,0.520212624761476,0.41639393862327134
2008_13_DEN_NYJ,2008,13,0.4517209249531989,-0.29148378871431424
2008_13_IND_CLE,2008,13,0.4657933106015891,-2.3915768658151597
2008_13_JAX_HOU,2008,13,0.4613936697024414,-1.0260071262379262
2008_13_KC_OAK,2008,13,0.4825107212247529,-0.5114626956814381
2008_13_MIA_STL,2008,13,0.35267477635886435,-4.4424133674782915
2008_13_NO_TB,2008,13,0.5076117274505809,0.6342352376031868
2008_13_NYG_WAS,2008,13,0.5423559660657655,1.5949284878089116
2008_13_PIT_NE,2008,13,0.662754097833397,4.928154432752592
2008_13_SEA_DAL,2008,13,0.7287491794734203,8.181111548824013
2008_13_SF_BUF,2008,13,0.5486614428865441,1.517622580529085
2008_13_TEN_DET,2008,13,0.2978443340104545,-5.135562203599264
2008_14_ATL_NO,2008,14,0.5632544924369743,2.3367216757027314
2008_14_CIN_IND,2008,14,0.7593239469058979,10.207528731060279
2008_14_CLE_TEN,2008,14,0.7875315831712266,9.909692977698867
2008_14_DAL_PIT,2008,14,0.4555353245460807,-1.885598400337229
2008_14_HOU_GB,2008,14,0.6659769513402781,5.232582380656842
2008_14_JAX_CHI,2008,14,0.5069406731355591,-0.7333520134271754
2008_14_KC_DEN,2008,14,0.7252346462036301,8.033706317888857
2008_14_MIA_BUF,2008,14,0.24415473246840874,-4.411345249815947
2008_14_MIN_DET,2008,14,0.44192050010855144,-0.26465984728094805
2008_14_NE_SEA,2008,14,0.5028734679422966,-0.3136721405924203
2008_14_NYJ_SF,2008,14,0.5898775610368913,2.38801000377244
2008_14_OAK_SD,2008,14,0.7475446199103696,9.83410534706554
2008_14_PHI_NYG,2008,14,0.5945250282091337,2.6770177908090687
2008_14_STL_ARI,2008,14,0.8024319420029516,11.608585161368023
2008_14_TB_CAR,2008,14,0.5692109991434828,1.5153026149840305
2008_14_WAS_BAL,2008,14,0.6070170832184713,3.2017485705550817
2008_15_BUF_NYJ,2008,15,0.7488668064958627,9.067698265183719
2008_15_CLE_PHI,2008,15,0.7900550764180845,10.477556218830154
2008_15_DEN_CAR,2008,15,0.43759732929031525,-1.988818528360027
2008_15_DET_IND,2008,15,0.7717756835497241,10.265839633287458
2008_15_GB_JAX,2008,15,0.535603141320675,1.394350765885156
2008_15_MIN_ARI,2008,15,0.6856763072505739,7.032987100449122
2008_15_NE_OAK,2008,15,0.4528826871856913,-2.3565478334763696
2008_15_NO_CHI,2008,15,0.407802647926262,-3.426050233878419
2008_15_NYG_DAL,2008,15,0.5725193379341501,3.5795488376317275
2008_15_PIT_BAL,2008,15,0.6210210994186305,3.217855032161268
2008_15_SD_KC,2008,15,0.42166909818677856,-3.3100265279958476
2008_15_SEA_STL,2008,15,0.4411611259733849,-1.2619286042619624
2008_15_SF_MIA,2008,15,0.6113859698584125,3.488516208340829
2008_15_TB_ATL,2008,15,0.7961729449676196,10.817180335681343
2008_15_TEN_HOU,2008,15,0.5525062511189349,2.712844560687223
2008_15_WAS_CIN,2008,15,0.4334267474371376,-2.320645603819111
2008_16_ARI_NE,2008,16,0.6035464459353145,2.6323869661982187
2008_16_ATL_MIN,2008,16,0.49477950937620047,-0.7432945514378284
2008_16_BAL_DAL,2008,16,0.6215993682213037,5.3072361557725145
2008_16_BUF_DEN,2008,16,0.7184250266357046,7.3061638702869685
2008_16_CAR_NYG,2008,16,0.5938082533939404,2.8398993058897712
2008_16_CIN_CLE,2008,16,0.47788229288586787,-0.8487458533859176
2008_16_GB_CHI,2008,16,0.455607840918155,-1.9493828554897839
2008_16_HOU_OAK,2008,16,0.48118634524425535,-2.010895636032025
2008_16_IND_JAX,2008,16,0.47420499889319406,-0.9371793612394428
2008_16_MIA_KC,2008,16,0.5169350316371604,-0.2576370863696389
2008_16_NO_DET,2008,16,0.36923328285579016,-4.389309860940396
2008_16_NYJ_SEA,2008,16,0.5565958724055537,0.8041431648259494
2008_16_PHI_WAS,2008,16,0.5225711058767286,0.7823909485620479
2008_16_PIT_TEN,2008,16,0.634491560036558,3.521632253227951
2008_16_SD_TB,2008,16,0.5139074133485397,0.6815876277913291
2008_16_SF_STL,2008,16,0.42551378582320365,-2.625633054550976
2008_17_CAR_NO,2008,17,0.6861641268783211,6.400641445280947
2008_17_CHI_HOU,2008,17,0.6728176677295646,6.509534156817884
2008_17_CLE_PIT,2008,17,0.7356234578242875,8.761074927222761
2008_17_DAL_PHI,2008,17,0.5901126833041124,1.8675817667878407
2008_17_DEN_SD,2008,17,0.5732516139359467,2.6433433005900153
2008_17_DET_GB,2008,17,0.7035269128382414,7.323207940946737
2008_17_JAX_BAL,2008,17,0.5178625578224654,-0.33758441355974833
2008_17_KC_CIN,2008,17,0.4434350805830974,-1.3382622718550126
2008_17_MIA_NYJ,2008,17,0.47509141093071894,-0.20902698727666413
2008_17_NE_BUF,2008,17,0.4709453938684116,-0.7557395133497522
2008_17_NYG_MIN,2008,17,0.5475875062780912,1.7513726929581424
2008_17_OAK_TB,2008,17,0.6916483957116865,7.50868487541063
2008_17_SEA_ARI,2008,17,0.6242720256555483,4.909688154309574
2008_17_STL_ATL,2008,17,0.7925442291251058,10.766351621555902
2008_17_TEN_IND,2008,17,0.5608155279079653,2.010374737891839
2008_17_WAS_SF,2008,17,0.6074209767368777,3.8636114716579963
2008_18_ATL_ARI,2008,18,0.5274054332786037,1.4088583970939739
2008_18_BAL_MIA,2008,18,0.6617567877788538,5.782075429386934
2008_18_IND_SD,2008,18,0.5558585994406847,1.2873819635196924
2008_18_PHI_MIN,2008,18,0.5092382536743755,0.40172580186281337
2008_19_ARI_CAR,2008,19,0.6284883841024351,3.780346958091897
2008_19_BAL_TEN,2008,19,0.6607408714924846,5.452383174418038
2008_19_PHI_NYG,2008,19,0.6069378053533799,3.5519404830619647
2008_19_SD_PIT,2008,19,0.45811089584725945,-0.6623903119267567
2008_20_BAL_PIT,2008,20,0.5334563705781437,1.782723010489125
2008_20_PHI_ARI,2008,20,0.5831959428264191,3.333419223133434
2008_21_PIT_ARI,2008,21,0.5600764882547069,6.198317805919909
2009_01_BUF_NE,2009,1,0.541877530819663,2.861386127333811
2009_01_CHI_GB,2009,1,0.5515610598797098,1.796921939310626
2009_01_DAL_TB,2009,1,0.5400885170863523,0.8646062802682248
2009_01_DEN_CIN,2009,1,0.5455539480864634,2.436216428506489
2009_01_DET_NO,2009,1,0.7572716178734932,8.948654906459836
2009_01_JAX_IND,2009,1,0.665292486990122,5.6995660372767265
2009_01_KC_BAL,2009,1,0.6470153891663971,4.792307248417453
2009_01_MIA_ATL,2009,1,0.5921326597048044,3.0362022635861696
2009_01_MIN_CLE,2009,1,0.5258300484911012,0.6186652897424456
2009_01_NYJ_HOU,2009,1,0.6789429016447645,5.9703856936342365
2009_01_PHI_CAR,2009,1,0.49961656589401904,0.22137543267507231
2009_01_SD_OAK,2009,1,0.4238958261497096,-2.8767378500005893
2009_01_SF_ARI,2009,1,0.6550656687587528,4.951573687831356
2009_01_STL_SEA,2009,1,0.5945885949269787,3.459084278424291
2009_01_TEN_PIT,2009,1,0.5704503722173389,2.565049528315587
2009_01_WAS_NYG,2009,1,0.5781539604535426,2.450153368827723
2009_02_ARI_JAX,2009,2,0.548854186836469,1.6176757750658401
2009_02_BAL_SD,2009,2,0.6372083122807619,4.891136128642811
2009_02_CAR_ATL,2009,2,0.749457825156828,8.078035860751072
2009_02_CIN_GB,2009,2,0.6655543868281651,5.210428535948351
2009_02_CLE_DEN,2009,2,0.6439040314322112,4.315004894384037
2009_02_HOU_TEN,2009,2,0.6667990486691554,5.051622869819509
2009_02_IND_MIA,2009,2,0.4453474306608631,-1.8253237875247201
2009_02_MIN_DET,2009,2,0.48764784606144107,-0.8660570886977412
2009_02_NE_NYJ,2009,2,0.5683782462281783,1.2067357721306673
2009_02_NO_PHI,2009,2,0.2352193343268385,-9.462161065166848
2009_02_NYG_DAL,2009,2,0.6086006237444228,4.030902995427651
2009_02_OAK_KC,2009,2,0.6642493876046653,6.190026422535015
2009_02_PIT_CHI,2009,2,0.5696794236170547,2.3469133680833267
2009_02_SEA_SF,2009,2,0.57255478076293,2.498313304529172
2009_02_STL_WAS,2009,2,0.6692289146375089,5.569455882696557
2009_02_TB_BUF,2009,2,0.6151895903721365,3.3933342440290555
2009_03_ATL_NE,2009,3,0.503562940588633,0.9650343178972998
2009_03_CAR_DAL,2009,3,0.6652721624078164,5.49797394320825
2009_03_CHI_SEA,2009,3,0.500596978327754,-0.08742902829054477
2009_03_CLE_BAL,2009,3,0.7361667050863011,7.69726190523241
2009_03_DEN_OAK,2009,3,0.5518903985541724,1.5175746064107787
2009_03_GB_STL,2009,3,0.44705030597043227,-1.8129581890323134
2009_03_IND_ARI,2009,3,0.48590694642193394,-0.46917613672393443
2009_03_JAX_HOU,2009,3,0.6709187706073387,5.138327687209712
2009_03_KC_PHI,2009,3,0.3921520407955344,-4.076143861782405
2009_03_MIA_SD,2009,3,0.6997992277266751,6.374816192452128
2009_03_NO_BUF,2009,3,0.42992354864170895,-2.1996716635987683
2009_03_NYG_TB,2009,3,0.48406810156028063,-0.051010161975558965
2009_03_PIT_CIN,2009,3,0.5153090138400871,0.8152752517463056
2009_03_SF_MIN,2009,3,0.5493412744654912,1.8334516874536484
2009_03_TEN_NYJ,2009,3,0.5756225669200505,2.4898989280309727
2009_03_WAS_DET,2009,3,0.40839239140461225,-2.9603000068856
2009_04_BAL_NE,2009,4,0.5354846710752552,2.287676380261333
2009_04_BUF_MIA,2009,4,0.4416896593008855,-1.5134755077763495
2009_04_CIN_CLE,2009,4,0.5028292770172577,0.0928143193736406
2009_04_DAL_DEN,2009,4,0.6175357212039669,2.7770338699680233
2009_04_DET_CHI,2009,4,0.6992095309785391,7.151214852298294
2009_04_GB_MIN,2009,4,0.4996739342666429,0.2286455916535095
2009_04_NYG_KC,2009,4,0.4512631169695476,-0.42706754982609185
2009_04_NYJ_NO,2009,4,0.7523580844818165,8.670084016049461
2009_04_OAK_HOU,2009,4,0.739486966063709,8.50714613354205
2009_04_SD_PIT,2009,4,0.49742327937399355,0.11068746607771018
2009_04_SEA_IND,2009,4,0.7594980717885748,9.284513500891297
2009_04_STL_SF,2009,4,0.6349072769537405,4.766657404796264
2009_04_TB_WAS,2009,4,0.7200362561303091,7.148272543078753
2009_04_TEN_JAX,2009,4,0.6332970045232482,4.467388304282571
2009_05_ATL_SF,2009,5,0.42664419277056714,-2.115159017491827
2009_05_CIN_BAL,2009,5,0.6711596054986095,5.0394542646810985
2009_05_CLE_BUF,2009,5,0.6040703944502034,3.318394870415146
2009_05_DAL_KC,2009,5,0.562896399153313,1.989975074806023
2009_05_HOU_ARI,2009,5,0.5738197899644542,2.8933343954550463
2009_05_IND_TEN,2009,5,0.3815595425081877,-3.986229364484344
2009_05_JAX_SEA,2009,5,0.5123602757372457,0.5200258062319825
2009_05_MIN_STL,2009,5,0.3887381905961005,-3.374285254331925
2009_05_NE_DEN,2009,5,0.5962475203748571,1.827740599922963
2009_05_NYJ_MIA,2009,5,0.5986414069128213,3.3385005746103444
2009_05_OAK_NYG,2009,5,0.7735548408675199,9.526478245802252
2009_05_PIT_DET,2009,5,0.33210749714588716,-4.850409481663911
2009_05_TB_PHI,2009,5,0.7677409060725385,9.459874021701841
2009_05_WAS_CAR,2009,5,0.5011042081045044,0.6515443745830032
2009_06_ARI_SEA,2009,6,0.5982521600577367,2.7006521048674874
2009_06_BAL_MIN,2009,6,0.5576777480727139,2.257061590934254
2009_06_BUF_NYJ,2009,6,0.5398460240241216,1.128387316432351
2009_06_CAR_TB,2009,6,0.6010964572096191,2.6046927451074295
2009_06_CHI_ATL,2009,6,0.6365188019345752,4.020318821408099
2009_06_CLE_PIT,2009,6,0.7689360979933214,9.22103034877863
2009_06_DEN_SD,2009,6,0.6672739980549277,6.121285085562901
2009_06_DET_GB,2009,6,0.7705807582949031,9.484446842036562
2009_06_HOU_CIN,2009,6,0.5138932341116714,0.6621250726513099
2009_06_KC_WAS,2009,6,0.5846540698512449,2.5086591710452577
2009_06_NYG_NO,2009,6,0.6011041411816218,4.074006844170628
2009_06_PHI_OAK,2009,6,0.3568850617045268,-4.791262148169491
2009_06_STL_JAX,2009,6,0.665707291008463,5.694962312885358
2009_06_TEN_NE,2009,6,0.6598223239141078,5.770498630499982
2009_07_ARI_NYG,2009,7,0.665093889238143,4.516922996426597
2009_07_ATL_DAL,2009,7,0.5533193572840458,2.002360100675815
2009_07_BUF_CAR,2009,7,0.5258142647264702,1.7385903185317568
2009_07_CHI_CIN,2009,7,0.5805140452771068,2.2947542381897152
2009_07_GB_CLE,2009,7,0.36698780328291697,-4.184690772376267
2009_07_IND_STL,2009,7,0.2581149354357648,-8.429092980309303
2009_07_MIN_PIT,2009,7,0.6385423565053512,4.327741317708677
2009_07_NE_TB,2009,7,0.23212260078474867,-6.271888028543277
2009_07_NO_MIA,2009,7,0.39349067364081763,-3.0308294448009843
2009_07_NYJ_OAK,2009,7,0.5715783071224041,2.2657286553452227
2009_07_PHI_WAS,2009,7,0.5339154735433026,1.0833626500520115
2009_07_SD_KC,2009,7,0.4729306167382245,-0.6222456845930928
2009_07_SF_HOU,2009,7,0.6676994290746476,5.2012848958751885
2009_08_ATL_NO,2009,8,0.6302237131976923,4.17986066603695
2009_08_CAR_ARI,2009,8,0.7405858178533636,7.978984617832495
2009_08_CLE_CHI,2009,8,0.7306399097833364,8.125124081533066
2009_08_DEN_BAL,2009,8,0.556012638505385,2.220159132313499
2009_08_HOU_BUF,2009,8,0.36057515351035335,-4.48850787552297
2009_08_JAX_TEN,2009,8,0.4444232063637046,-1.605814957422072
2009_08_MIA_NYJ,2009,8,0.5785393846353029,2.2158842260318408
2009_08_MIN_GB,2009,8,0.6694991545837066,5.414656023325436
2009_08_NYG_PHI,2009,8,0.49331310403793766,0.48325875925218353
2009_08_OAK_SD,2009,8,0.8380316813135495,13.010577730569205
2009_08_SEA_DAL,2009,8,0.6295275519019202,4.171249548498864
2009_08_SF_IND,2009,8,0.7311415156780502,8.863114352755971
2009_08_STL_DET,2009,8,0.6950807029026357,6.2097843449413626
2009_09_ARI_CHI,2009,9,0.5783652075752743,2.5705339593624346
2009_09_BAL_CIN,2009,9,0.6546803847759167,5.113661055871155
2009_09_CAR_NO,2009,9,0.798730315927712,10.420972867984172
2009_09_DAL_PHI,2009,9,0.5429365835867391,1.4101769418054624
2009_09_DET_SEA,2009,9,0.6338278496497045,4.574493360782022
2009_09_GB_TB,2009,9,0.3731686634253966,-3.8381760740273734
2009_09_HOU_IND,2009,9,0.6263877789196725,4.561763444712033
2009_09_KC_JAX,2009,9,0.5287371246993817,1.1349325342666194
2009_09_MIA_NE,2009,9,0.8324555212940135,12.822191984006896
2009_09_PIT_DEN,2009,9,0.48802732098543167,-0.718500779009462
2009_09_SD_NYG,2009,9,0.542189610647666,0.9746791843697196
2009_09_TEN_SF,2009,9,0.6848161036576917,5.2736048387785
2009_09_WAS_ATL,2009,9,0.6422440615089016,4.483618890971475
2009_10_ATL_CAR,2009,10,0.4203689584806451,-2.2310198672559167
2009_10_BAL_CLE,2009,10,0.4135854393449744,-2.38133280258268
2009_10_BUF_TEN,2009,10,0.5612792119663559,1.8198118704243091
2009_10_CHI_SF,2009,10,0.5318620342167093,0.2804232139119076
2009_10_CIN_PIT,2009,10,0.5535625415030526,1.929118763429544
2009_10_DAL_GB,2009,10,0.5582980458579371,2.0378539227061863
2009_10_DEN_WAS,2009,10,0.494943405521624,0.5442145019587157
2009_10_DET_MIN,2009,10,0.7582357777257306,9.27435976797052
2009_10_JAX_NYJ,2009,10,0.5984673609085894,2.4483441501758922
2009_10_KC_OAK,2009,10,0.4914603076534788,-0.6017189649909196
2009_10_NE_IND,2009,10,0.5830164256483784,2.8469035037979404
2009_10_NO_STL,2009,10,0.39339550819265323,-3.3992875027950333
2009_10_PHI_SD,2009,10,0.6450812329544514,4.735663141576359
2009_10_SEA_ARI,2009,10,0.6232943601652887,4.211513863252933
2009_10_TB_MIA,2009,10,0.5783227941289613,2.413250502250517
2009_11_ARI_STL,2009,11,0.44055445441294,-2.1233275264927123
2009_11_ATL_NYG,2009,11,0.6767372355450106,5.3149247402087285
2009_11_BUF_JAX,2009,11,0.7256725451347723,7.946330778065759
2009_11_CIN_OAK,2009,11,0.2836254511240994,-7.3110747084692225
2009_11_CLE_DET,2009,11,0.7348031113667959,7.584728909007629
2009_11_IND_BAL,2009,11,0.46585947024885904,-1.5346903461421944
2009_11_MIA_CAR,2009,11,0.5791496674473606,2.843491660819617
2009_11_NO_TB,2009,11,0.36379752455016057,-4.446531985891394
2009_11_NYJ_NE,2009,11,0.7784842032630377,10.401778558980231
2009_11_PHI_CHI,2009,11,0.4871297332966494,0.23464829816528132
2009_11_PIT_KC,2009,11,0.45780012250708757,-1.0678754125907162
2009_11_SD_DEN,2009,11,0.27579428877506645,-7.507379659528857
2009_11_SEA_MIN,2009,11,0.6624471878445612,5.33145936228572
2009_11_SF_GB,2009,11,0.7066420647599748,7.305244537671643
2009_11_TEN_HOU,2009,11,0.7226203997441057,7.746034270324543
2009_11_WAS_DAL,2009,11,0.6827532955007968,5.9899545011137505
2009_12_ARI_TEN,2009,12,0.7643193238298424,8.379697954137635
2009_12_CAR_NYJ,2009,12,0.49676521616300373,-0.4214130193574017
2009_12_CHI_MIN,2009,12,0.728052778224662,7.138831388945115
2009_12_CLE_CIN,2009,12,0.7785948547975938,9.805643352286936
2009_12_GB_DET,2009,12,0.4646231533246358,-1.546749526144385
2009_12_IND_HOU,2009,12,0.5408597462892972,0.8763354317057241
2009_12_JAX_SF,2009,12,0.542625209475544,0.7110285524024602
2009_12_KC_SD,2009,12,0.7467177942751431,8.368250248645094
2009_12_MIA_BUF,2009,12,0.4745522854380041,-0.7361089391199163
2009_12_NE_NO,2009,12,0.5695279504060591,2.0834464462627045
2009_12_NYG_DEN,2009,12,0.5071570993285406,0.3325483144889958
2009_12_OAK_DAL,2009,12,0.7655916660094153,9.899089999354715
2009_12_PIT_BAL,2009,12,0.7462499762380133,8.023030502453867
2009_12_SEA_STL,2009,12,0.4255152339430087,-2.1160859490914277
2009_12_TB_ATL,2009,12,0.7614539016085016,9.253709494060482
2009_12_WAS_PHI,2009,12,0.6805843970679069,5.788307693148722
2009_13_BAL_GB,2009,13,0.6625320240109163,5.505980248980024
2009_13_DAL_NYG,2009,13,0.5856949014524313,2.3955621461234236
2009_13_DEN_KC,2009,13,0.4119132517288673,-2.0186005185803433
2009_13_DET_CIN,2009,13,0.7079113488515987,7.232814192407029
2009_13_HOU_JAX,2009,13,0.4375340957551721,-1.4984873308566513
2009_13_MIN_ARI,2009,13,0.4885375811342655,0.1975407270183971
2009_13_NE_MIA,2009,13,0.43299484572231683,-2.5312787017531706
2009_13_NO_WAS,2009,13,0.3840519558777427,-3.4631338556501445
2009_13_NYJ_BUF,2009,13,0.6089286652518786,3.4965844753620465
2009_13_OAK_PIT,2009,13,0.7169414432481608,7.989712408780133
2009_13_PHI_ATL,2009,13,0.47105006835000285,-0.8897595902564928
2009_13_SD_CLE,2009,13,0.3262609101567901,-5.865135488781728
2009_13_SF_SEA,2009,13,0.601907687630217,3.6254513339392065
2009_13_STL_CHI,2009,13,0.6625852390074211,5.843085234376474
2009_13_TB_CAR,2009,13,0.5303388773046235,1.4847005496914263
2009_13_TEN_IND,2009,13,0.6341627581584363,5.2604961198411955
2009_14_ARI_SF,2009,14,0.5110199343553709,-0.2475858978381953
2009_14_BUF_KC,2009,14,0.5575149022209359,2.315346614233398
2009_14_CAR_NE,2009,14,0.8008449765372919,10.89675644508451
2009_14_CIN_MIN,2009,14,0.6236366319585983,3.9608374314434127
2009_14_DEN_IND,2009,14,0.6805494550932233,6.777126575009705
2009_14_DET_BAL,2009,14,0.6928488131526346,6.178699464355173
2009_14_GB_CHI,2009,14,0.40479899398064034,-2.4643105812100092
2009_14_MIA_JAX,2009,14,0.5486347975552184,2.186720279643778
2009_14_NO_ATL,2009,14,0.2991569401114242,-6.552890798713486
2009_14_NYJ_TB,2009,14,0.6036260473143253,3.132279451692466
2009_14_PHI_NYG,2009,14,0.5891238264155875,2.593284478814464
2009_14_PIT_CLE,2009,14,0.4813464885453366,-1.0713492057536582
2009_14_SD_DAL,2009,14,0.4831412523961107,-0.30869167221672233
2009_14_SEA_HOU,2009,14,0.7082172557039453,6.925919112561657
2009_14_STL_TEN,2009,14,0.758547586642408,8.27904387787438
2009_14_WAS_OAK,2009,14,0.5350880919678088,0.5136349111775407
2009_15_ARI_DET,2009,15,0.37488896079824824,-3.9233445852837816
2009_15_ATL_NYJ,2009,15,0.4350507399273205,-2.3564465668424655
2009_15_CHI_BAL,2009,15,0.696299861842723,5.833466211674752
2009_15_CIN_SD,2009,15,0.6931903072739246,6.402091864814313
2009_15_CLE_KC,2009,15,0.4854952432959358,0.3202046041569182
2009_15_DAL_NO,2009,15,0.6909119506714126,6.193229863409348
2009_15_GB_PIT,2009,15,0.5357534643055597,1.2766697951886092
2009_15_HOU_STL,2009,15,0.23933999731622205,-8.762552742312712
2009_15_IND_JAX,2009,15,0.38762558530756175,-3.4798337714377583
2009_15_MIA_TEN,2009,15,0.6487765129751707,4.631976205746264
2009_15_MIN_CAR,2009,15,0.33274949232020273,-5.036965069789585
2009_15_NE_BUF,2009,15,0.3296787099495075,-5.922382385555947
2009_15_NYG_WAS,2009,15,0.4952154543735612,0.2790778430290288
2009_15_OAK_DEN,2009,15,0.7412457530311579,8.027544541397763
2009_15_SF_PHI,2009,15,0.7151803385932876,7.451772180797817
2009_15_TB_SEA,2009,15,0.659088834160334,5.680392898794338
2009_16_BAL_PIT,2009,16,0.6020696662708294,3.4578633577681814
2009_16_BUF_ATL,2009,16,0.762229725562515,8.797828787265603
2009_16_CAR_NYG,2009,16,0.7446034389589826,7.877509168850392
2009_16_DAL_WAS,2009,16,0.44952323191803,-1.449872774033314
2009_16_DEN_PHI,2009,16,0.6254457419301483,4.322594534216979
2009_16_DET_SF,2009,16,0.7048912400935609,6.488379053372096
2009_16_HOU_MIA,2009,16,0.48419501414952665,-0.6448875207831644
2009_16_JAX_NE,2009,16,0.6841154786839906,6.125622934110675
2009_16_KC_CIN,2009,16,0.746915856175593,8.19790400172856
2009_16_MIN_CHI,2009,16,0.37920178016084427,-3.141760343847988
2009_16_NYJ_IND,2009,16,0.8186259598523188,12.377417775557912
2009_16_OAK_CLE,2009,16,0.4943368143971627,0.3436875065046743
2009_16_SD_TEN,2009,16,0.49826512627333674,-0.3860446778741151
2009_16_SEA_GB,2009,16,0.777816524304903,9.523056357476152
2009_16_STL_ARI,2009,16,0.8099845338254823,11.487369281235305
2009_16_TB_NO,2009,16,0.8348991691278118,12.852340645298554
2009_17_ATL_TB,2009,17,0.39352738591187425,-3.4330070775750627
2009_17_BAL_OAK,2009,17,0.3590083508410994,-4.370180114044561
2009_17_CHI_DET,2009,17,0.5241632849814876,0.4844097569976462
2009_17_CIN_NYJ,2009,17,0.4211109622129707,-2.6634916245773983
2009_17_GB_ARI,2009,17,0.46929665338560617,-0.5505132031541602
2009_17_IND_BUF,2009,17,0.2894385678042853,-7.3689396048233835
2009_17_JAX_CLE,2009,17,0.4301253900160216,-2.3191057166121922
2009_17_KC_DEN,2009,17,0.7157094085792969,6.717284206354474
2009_17_NE_HOU,2009,17,0.5459402882222805,1.329972434463408
2009_17_NO_CAR,2009,17,0.7577996629134298,8.384019613368807
2009_17_NYG_MIN,2009,17,0.5597063943460094,2.241070652146028
2009_17_PHI_DAL,2009,17,0.6076819967877439,3.5488165374565854
2009_17_PIT_MIA,2009,17,0.5343145995295463,0.9078652473248605
2009_17_SF_STL,2009,17,0.3625952905002253,-3.84208042290789
2009_17_TEN_SEA,2009,17,0.37249848168484223,-3.249371151130936
2009_17_WAS_SD,2009,17,0.4652517772990407,-0.9648617083330242
2009_18_BAL_NE,2009,18,0.6932373361847554,6.695484195427244
2009_18_GB_ARI,2009,18,0.4491608686907989,-1.16224705395609
2009_18_NYJ_CIN,2009,18,0.7031565254641655,7.081277849475267
2009_18_PHI_DAL,2009,18,0.6479865460700148,4.7605524149483
2009_19_ARI_NO,2009,19,0.7401780243900984,8.026171166814411
2009_19_BAL_IND,2009,19,0.7649019867113821,9.603138662556654
2009_19_DAL_MIN,2009,19,0.6183283188000478,3.8135870673695447
2009_19_NYJ_SD,2009,19,0.8307249632830457,12.669391969302215
2009_20_MIN_NO,2009,20,0.6276956407789488,4.349708229049461
2009_20_NYJ_IND,2009,20,0.7769827556755405,10.46486621142204
2009_21_NO_IND,2009,21,0.41897724100910594,1.2985040842892774
2010_01_ARI_STL,2010,1,0.6137979984628129,2.7778269696865134
2010_01_ATL_PIT,2010,1,0.44425320707557825,-1.8311045684775795
2010_01_BAL_NYJ,2010,1,0.551150787484395,0.34566870641462266
2010_01_CAR_NYG,2010,1,0.6840235157242807,5.690738343105338
2010_01_CIN_NE,2010,1,0.5929380858641448,4.531123092551002
2010_01_CLE_TB,2010,1,0.5642405989376331,1.9565968079897942
2010_01_DAL_WAS,2010,1,0.5037169212111426,2.5389808518248542
2010_01_DEN_JAX,2010,1,0.5743784330721496,2.3541373038984292
2010_01_DET_CHI,2010,1,0.6345062810740255,5.651824484202127
2010_01_GB_PHI,2010,1,0.3718090150362334,-4.341837675345681
2010_01_IND_HOU,2010,1,0.5263812575951446,2.113273481246294
2010_01_MIA_BUF,2010,1,0.5071435248402072,0.15226342621115663
2010_01_MIN_NO,2010,1,0.6218250979275919,4.409579814526344
2010_01_OAK_TEN,2010,1,0.6495096975611896,0.7308290108772191
2010_01_SD_KC,2010,1,0.35711183104969824,-3.0579142537725783
2010_01_SF_SEA,2010,1,0.5485674597126297,1.409476978744074
2010_02_ARI_ATL,2010,2,0.6660314460429732,3.617531134036989
2010_02_BAL_CIN,2010,2,0.6643906544389799,4.439895740160542
2010_02_BUF_GB,2010,2,0.7356407587465043,9.231253112317148
2010_02_CHI_DAL,2010,2,0.6092420823299524,5.5382869947358495
2010_02_HOU_WAS,2010,2,0.5281658239838278,1.0544168881332332
2010_02_JAX_SD,2010,2,0.6950793700134857,5.3318407016198455
2010_02_KC_CLE,2010,2,0.4773265840234181,0.8578249195424417
2010_02_MIA_MIN,2010,2,0.6622272867331317,7.479842265796693
2010_02_NE_NYJ,2010,2,0.3900222243572398,-5.399257555983805
2010_02_NO_SF,2010,2,0.3230466579371351,-5.851022180406401
2010_02_NYG_IND,2010,2,0.7186926903854245,2.3385982674831363
2010_02_PHI_DET,2010,2,0.39379205165658127,-2.9560130198544377
2010_02_PIT_TEN,2010,2,0.7165672639319821,7.51529241962755
2010_02_SEA_DEN,2010,2,0.6121075080338648,4.903746874828824
2010_02_STL_OAK,2010,2,0.6310930624348909,4.718900293689174
2010_02_TB_CAR,2010,2,0.60763218896374,-1.0333663075441573
2010_03_ATL_NO,2010,3,0.5685475961241996,5.62984197546643
2010_03_BUF_NE,2010,3,0.7010280193743403,10.155118517630843
2010_03_CIN_CAR,2010,3,0.4633700498614949,-1.9651810667764362
2010_03_CLE_BAL,2010,3,0.7877368969207821,7.668664439149941
2010_03_DAL_HOU,2010,3,0.644781840660136,3.6262541437821345
2010_03_DET_MIN,2010,3,0.7769205226210223,8.56782911423272
2010_03_GB_CHI,2010,3,0.4607234722401041,-2.1079789978582957
2010_03_IND_DEN,2010,3,0.5107981849784571,1.841576451650628
2010_03_NYJ_MIA,2010,3,0.6130648565003829,2.9963002848552374
2010_03_OAK_ARI,2010,3,0.5359993789381016,2.0524347745615223
2010_03_PHI_JAX,2010,3,0.5172489419059023,0.11481226705645442
2010_03_PIT_TB,2010,3,0.8095854152014957,11.68109522784224
2010_03_SD_SEA,2010,3,0.44361447405975585,-4.034845157872092
2010_03_SF_KC,2010,3,0.5933552596685562,1.1187437866349987
2010_03_TEN_NYG,2010,3,0.6496292314656058,4.23735960154447
2010_03_WAS_STL,2010,3,0.30214118813894836,-3.3623659708912017
2010_04_ARI_SD,2010,4,0.845451735337763,9.859898583463394
2010_04_BAL_PIT,2010,4,0.4388141726515865,-3.4585656700459992
2010_04_CAR_NO,2010,4,0.7526260842678434,12.85081209361537
2010_04_CHI_NYG,2010,4,0.5335463900163575,-0.18070772305373106
2010_04_CIN_CLE,2010,4,0.44698718567382273,-1.7038101296875698
2010_04_DEN_TEN,2010,4,0.5551232809640321,-4.02573768211958
2010_04_DET_GB,2010,4,0.8838310573542956,12.891445521268256
2010_04_HOU_OAK,2010,4,0.45162371720500144,-0.5383280778647745
2010_04_IND_JAX,2010,4,0.4066726829275205,-6.1677582141201
2010_04_NE_MIA,2010,4,0.5387668919535685,-1.365034519761199
2010_04_NYJ_BUF,2010,4,0.5192017073699552,-0.6193005646920016
2010_04_SEA_STL,2010,4,0.40741842366111675,4.054470090051503
2010_04_SF_ATL,2010,4,0.7605195414216346,7.095202693873183
2010_04_WAS_PHI,2010,4,0.641596142745145,3.3961076440882834
2010_05_ATL_CLE,2010,5,0.4015952255271843,-3.483068939044732
2010_05_CHI_CAR,2010,5,0.6871159810944625,6.876527636240492
2010_05_DEN_BAL,2010,5,0.5795451016296975,-1.008700137892525
2010_05_GB_WAS,2010,5,0.42953704775965057,1.153858398265167
2010_05_JAX_BUF,2010,5,0.5652687431679735,-0.2637291786831799
2010_05_KC_IND,2010,5,0.7121938168432915,9.976642154077785
2010_05_MIN_NYJ,2010,5,0.5982369200329131,1.7624921844914845
2010_05_NO_ARI,2010,5,0.24601297925856727,-8.750743057436193
2010_05_NYG_HOU,2010,5,0.7637119472964725,10.324790750300343
2010_05_PHI_SF,2010,5,0.7040220855356087,7.329247220350437
2010_05_SD_OAK,2010,5,0.2433360259920053,-5.193422699878754
2010_05_STL_DET,2010,5,0.6383457777502801,3.011400282418464
2010_05_TB_CIN,2010,5,0.6064702286221886,2.7137247636849406
2010_05_TEN_DAL,2010,5,0.7521402766079328,9.798310223566851
2010_06_ATL_PHI,2010,6,0.41113272749938606,-4.473134089679444
2010_06_BAL_NE,2010,6,0.6701851706360985,7.894178372912426
2010_06_CLE_PIT,2010,6,0.8597031065324283,14.86269502902362
2010_06_DAL_MIN,2010,6,0.42984869568546785,-2.468595878694389
2010_06_DET_NYG,2010,6,0.5367255241014826,3.4452269861785556
2010_06_IND_WAS,2010,6,0.39822262124870533,-2.955098251046821
2010_06_KC_HOU,2010,6,0.6663043733893346,5.16693358707615
2010_06_MIA_GB,2010,6,0.5898396079858623,2.1798460316494563
2010_06_NO_TB,2010,6,0.512581771080771,-3.312346566496834
2010_06_NYJ_DEN,2010,6,0.6545080403520613,5.226786941193858
2010_06_OAK_SF,2010,6,0.6227984055431497,3.0371822544238434
2010_06_SD_STL,2010,6,0.33934354107630144,-6.341600606971399
2010_06_SEA_CHI,2010,6,0.5617940726091561,0.2605675800096705
2010_06_TEN_JAX,2010,6,0.6192664758726615,2.1570445911509166
2010_07_ARI_SEA,2010,7,0.6758871004403763,2.34137284578364
2010_07_BUF_BAL,2010,7,0.572865645374491,4.532653670492143
2010_07_CIN_ATL,2010,7,0.5825237980610002,3.352936704859685
2010_07_CLE_NO,2010,7,0.8624865768638127,13.90278103135736
2010_07_JAX_KC,2010,7,0.8200870050088226,10.721512558394238
2010_07_MIN_GB,2010,7,0.7598298056722738,9.586762804824854
2010_07_NE_SD,2010,7,0.528994902431291,5.428084475290868
2010_07_NYG_DAL,2010,7,0.7366571597648314,4.02881217986633
2010_07_OAK_DEN,2010,7,0.7554974590934156,6.472338581547358
2010_07_PHI_TEN,2010,7,0.48803104686849635,-0.24481195653062748
2010_07_PIT_MIA,2010,7,0.5335670745139025,2.6744354050530568
2010_07_SF_CAR,2010,7,0.5482022014421007,0.8623418362622091
2010_07_STL_TB,2010,7,0.618742217630314,3.345279164149304
2010_07_WAS_CHI,2010,7,0.5720324286427558,-2.800639715581619
2010_08_BUF_KC,2010,8,0.6064679954143904,3.631511697386311
2010_08_CAR_STL,2010,8,0.643298743522855,3.1798127298297385
2010_08_DEN_SF,2010,8,0.13184920838908615,-8.514233822430029
2010_08_GB_NYJ,2010,8,0.5026147949151133,1.3659407412124933
2010_08_HOU_IND,2010,8,0.5981047504361974,6.723539019212986
2010_08_JAX_DAL,2010,8,0.3671110792737088,-5.811799967745426
2010_08_MIA_CIN,2010,8,0.5728544523303463,2.625062739951322
2010_08_MIN_NE,2010,8,0.7358685876962008,8.350615137630708
2010_08_PIT_NO,2010,8,0.5039249264959298,4.634829373788103
2010_08_SEA_OAK,2010,8,0.5958337128688416,7.98392691871637
2010_08_TB_ARI,2010,8,0.3089235833326479,-4.696817181020815
2010_08_TEN_SD,2010,8,0.6010352141068762,9.32768648711574
2010_08_WAS_DET,2010,8,0.5866104860832061,-0.9439159980622125
2010_09_ARI_MIN,2010,9,0.6195553504449145,5.851293890247273
2010_09_CHI_BUF,2010,9,0.6705657635939165,3.8088740234263465
2010_09_DAL_GB,2010,9,0.7900087599227023,13.065685776235275
2010_09_IND_PHI,2010,9,0.6302953121473369,1.078989512053736
2010_09_KC_OAK,2010,9,0.4885405520692639,3.4732689498529608
2010_09_MIA_BAL,2010,9,0.633920230942556,4.899273707201081
2010_09_NE_CLE,2010,9,0.3997588910192564,-3.5688227456445896
2010_09_NO_CAR,2010,9,0.40047153230163124,-5.634559206782514
2010_09_NYG_SEA,2010,9,0.29585726196141615,-7.742232303400758
2010_09_NYJ_DET,2010,9,0.44349755787489453,-0.9693339243053734
2010_09_PIT_CIN,2010,9,0.5425867802913901,1.9339811780870666
2010_09_SD_HOU,2010,9,0.47270649190476227,-3.4506734955271368
2010_09_TB_ATL,2010,9,0.7511536107396368,8.532870131032265
2010_10_BAL_ATL,2010,10,0.6118603908750123,4.894771318828639
2010_10_CAR_TB,2010,10,0.8352975528440835,10.917586268603303
2010_10_CIN_IND,2010,10,0.6539102193635129,11.117665554829252
2010_10_DAL_NYG,2010,10,0.6233800511880759,7.440617741999105
2010_10_DET_BUF,2010,10,0.7026950086547656,7.012915830011253
2010_10_HOU_JAX,2010,10,0.6913995533621621,2.9558677344553064
2010_10_KC_DEN,2010,10,0.6733006298128733,4.301569325021143
2010_10_MIN_CHI,2010,10,0.5911303931039874,2.0992713182511293
2010_10_NE_PIT,2010,10,0.5404559947821965,-1.8571751063681514
2010_10_NYJ_CLE,2010,10,0.4970303236969074,-0.1240470292087501
2010_10_PHI_WAS,2010,10,0.44636412659530844,1.945259987728055
2010_10_SEA_ARI,2010,10,0.6106472812760326,1.5895396296928537
2010_10_STL_SF,2010,10,0.6339716327230726,3.98427774496564
2010_10_TEN_MIA,2010,10,0.5246528060257458,-1.8562162518446614
2010_11_ARI_KC,2010,11,0.7292996360550568,7.171196674795252
2010_11_ATL_STL,2010,11,0.3744328530924612,-4.198174162638354
2010_11_BAL_CAR,2010,11,0.2633818464021995,-4.546603236566339
2010_11_BUF_CIN,2010,11,0.5529254625762087,-1.4987223776613359
2010_11_CHI_MIA,2010,11,0.43443908012157706,-2.6099637363657564
2010_11_CLE_JAX,2010,11,0.6354760743943488,7.478419658688375
2010_11_DEN_SD,2010,11,0.5840398014275826,9.107605101476503
2010_11_DET_DAL,2010,11,0.6633754556338349,3.892664214753325
2010_11_GB_MIN,2010,11,0.3337708104249006,-5.624854793616757
2010_11_HOU_NYJ,2010,11,0.5672291861754253,1.9327754963234236
2010_11_IND_NE,2010,11,0.5619617989936644,2.5865482689981953
2010_11_NYG_PHI,2010,11,0.8260654287738057,8.741475509176102
2010_11_OAK_PIT,2010,11,0.575587688951643,-0.6324900404981157
2010_11_SEA_NO,2010,11,0.7070831541613434,8.591161069119746
2010_11_TB_SF,2010,11,0.533835645634833,1.1507520083661944
2010_11_WAS_TEN,2010,11,0.5795886026734047,2.5743900313972015
2010_12_CAR_CLE,2010,12,0.6198135898168972,3.0083149147889356
2010_12_CIN_NYJ,2010,12,0.560454458872884,6.876858968575558
2010_12_GB_ATL,2010,12,0.5519018866649068,1.8421367016497312
2010_12_JAX_NYG,2010,12,0.48526316513996337,2.1162515629360885
2010_12_KC_SEA,2010,12,0.4719359317209046,0.8864142366581076
2010_12_MIA_OAK,2010,12,0.5104160116894361,-1.2761063710124878
2010_12_MIN_WAS,2010,12,0.592737604563716,4.39334989768811
2010_12_NE_DET,2010,12,0.5068269930048925,1.821711389110832
2010_12_NO_DAL,2010,12,0.5634767883077059,-2.3700219372060944
2010_12_PHI_CHI,2010,12,0.40219085052229187,-1.2432073975524052
2010_12_PIT_BUF,2010,12,0.5721677486607952,0.21835913379638905
2010_12_SD_IND,2010,12,0.5196255739431366,1.4133632084491312
2010_12_SF_ARI,2010,12,0.5449980669695114,2.5841045596657315
2010_12_STL_DEN,2010,12,0.6859680420205175,6.307299299934194
2010_12_TB_BAL,2010,12,0.545183812990791,1.8908225575632542
2010_12_TEN_HOU,2010,12,0.8496704591121417,15.013043311146063
2010_13_ATL_TB,2010,13,0.5432141969258927,-0.5906422122994135
2010_13_BUF_MIN,2010,13,0.38781061410075174,2.0156359541542304
2010_13_CAR_SEA,2010,13,0.7236804264502896,9.871750780345701
2010_13_CHI_DET,2010,13,0.3276430713311412,-4.483232480858634
2010_13_CLE_MIA,2010,13,0.8473730128172831,11.522730275015245
2010_13_DAL_IND,2010,13,0.5935710067724599,3.9837253148933396
2010_13_DEN_KC,2010,13,0.604263420549197,3.7659962709054886
2010_13_HOU_PHI,2010,13,0.6887299513860992,4.519333141752702
2010_13_JAX_TEN,2010,13,0.5594243646173017,-1.307386582073668
2010_13_NO_CIN,2010,13,0.4815871745723675,-0.8214103030937268
2010_13_NYJ_NE,2010,13,0.7126551573452826,6.797078347262186
2010_13_OAK_SD,2010,13,0.7114713876035109,9.515827850126188
2010_13_PIT_BAL,2010,13,0.5615534893748815,0.8547930366378114
2010_13_SF_GB,2010,13,0.7754893894912593,11.671747275112336
2010_13_STL_ARI,2010,13,0.4813475994730745,-1.859377584657321
2010_13_WAS_NYG,2010,13,0.6076180109180138,5.200125314905694
2010_14_ATL_CAR,2010,14,0.26400085208204926,-12.209951935419225
2010_14_BAL_HOU,2010,14,0.6701207883900189,4.167360789422758
2010_14_CIN_PIT,2010,14,0.6422633882966247,6.528551932962203
2010_14_CLE_BUF,2010,14,0.8031166582929155,6.761855462197494
2010_14_DEN_ARI,2010,14,0.31175765959798457,-7.518540045016984
2010_14_GB_DET,2010,14,0.24071849966625375,-10.237159998554088
2010_14_IND_TEN,2010,14,0.5111466324284412,-5.6626377447456555
2010_14_KC_SD,2010,14,0.8380882998800114,17.254740829790578
2010_14_MIA_NYJ,2010,14,0.6377483162034029,1.0561050129189102
2010_14_NE_CHI,2010,14,0.40598974309028785,-2.7761576359438216
2010_14_NYG_MIN,2010,14,0.19778534274076545,-5.547412451442373
2010_14_OAK_JAX,2010,14,0.6161071629616377,3.375235691969986
2010_14_PHI_DAL,2010,14,0.37888662701269793,-0.5182579083514827
2010_14_SEA_SF,2010,14,0.6077007254809111,0.775770041503786
2010_14_STL_NO,2010,14,0.6962416400382035,6.893206404907326
2010_14_TB_WAS,2010,14,0.45795558915580675,0.11208524911955786
2010_15_ARI_CAR,2010,15,0.6270127789942743,3.495826173611868
2010_15_ATL_SEA,2010,15,0.40242941239811114,-2.8472413976031827
2010_15_BUF_MIA,2010,15,0.5807179261620611,1.3918352650842867
2010_15_CHI_MIN,2010,15,0.36412675907500347,-2.72660318292019
2010_15_CLE_CIN,2010,15,0.5672776995687738,2.714362539506901
2010_15_DEN_OAK,2010,15,0.7664224969441497,8.056146948906349
2010_15_DET_TB,2010,15,0.8259541902442427,13.161085136757265
2010_15_GB_NE,2010,15,0.9048096186576113,18.174665927548574
2010_15_HOU_TEN,2010,15,0.5461356352538943,-0.2545688556395911
2010_15_JAX_IND,2010,15,0.7159467130270756,9.431668440057848
2010_15_KC_STL,2010,15,0.4880721262287127,-0.12336497825876469
2010_15_NO_BAL,2010,15,0.43875767219396844,-0.14499827469766347
2010_15_NYJ_PIT,2010,15,0.6795771206477713,8.517616553622664
2010_15_PHI_NYG,2010,15,0.43149485598877896,-1.8329200459291295
2010_15_SF_SD,2010,15,0.6680768279796501,12.682063503464354
2010_15_WAS_DAL,2010,15,0.7734252522742009,11.24297961935333
2010_16_BAL_CLE,2010,16,0.5518998877949841,2.057629162327824
2010_16_CAR_PIT,2010,16,0.8608794181672411,13.35596909538807
2010_16_DAL_ARI,2010,16,0.34265245776811837,-5.8701324444662255
2010_16_DET_MIA,2010,16,0.6751615511117532,4.859576098164421
2010_16_HOU_DEN,2010,16,0.46002281152600966,-1.6931560794997438
2010_16_IND_OAK,2010,16,0.5134003131286762,0.11504490916701648
2010_16_MIN_PHI,2010,16,0.9115588956718128,17.587667219384436
2010_16_NE_BUF,2010,16,0.42794922791786827,-1.254989958339432
2010_16_NO_ATL,2010,16,0.6247352929190447,3.4137245709568083
2010_16_NYG_GB,2010,16,0.6795566121139898,5.0909326426830335
2010_16_NYJ_CHI,2010,16,0.590221985945499,4.7699164448968085
2010_16_SD_CIN,2010,16,0.39891761553089766,-4.921039266637308
2010_16_SEA_TB,2010,16,0.7220728855597113,7.153398231393572
2010_16_SF_STL,2010,16,0.5607829885794674,1.8335471178285445
2010_16_TEN_KC,2010,16,0.6505256027210007,4.63250380479454
2010_16_WAS_JAX,2010,16,0.6460401355998934,8.678938919720878
2010_17_ARI_SF,2010,17,0.6561467695211743,4.7560672370976995
2010_17_BUF_NYJ,2010,17,0.7089964147603518,2.374397327614849
2010_17_CAR_ATL,2010,17,0.8863783656505874,12.769413634358989
2010_17_CHI_GB,2010,17,0.739526186779288,8.272699277408924
2010_17_CIN_BAL,2010,17,0.7037939939977406,3.5036406423369297
2010_17_DAL_PHI,2010,17,0.5995070656393591,0.37207178542252883
2010_17_JAX_HOU,2010,17,0.8622163028116466,12.767222020554815
2010_17_MIA_NE,2010,17,0.7966939873487469,9.222335443797675
2010_17_MIN_DET,2010,17,0.8401194562271489,10.418890809270412
2010_17_NYG_WAS,2010,17,0.49360290542377405,-2.4747631316900103
2010_17_OAK_KC,2010,17,0.7152973224138474,6.133594314209182
2010_17_PIT_CLE,2010,17,0.43377210215467216,-1.9723016047359687
2010_17_SD_DEN,2010,17,0.4446268907088279,-4.093936346987595
2010_17_STL_SEA,2010,17,0.41322431695911677,-1.6352337904762138
2010_17_TB_NO,2010,17,0.5027788055018626,1.5457028741835368
2010_17_TEN_IND,2010,17,0.7033858169539967,7.373226133972902
2010_18_BAL_KC,2010,18,0.6266716194823793,3.583986781954851
2010_18_GB_PHI,2010,18,0.5942295948902254,0.8272146641949867
2010_18_NO_SEA,2010,18,0.4991808013157647,-2.0433723771677013
2010_18_NYJ_IND,2010,18,0.6779506779487198,5.1443582617978905
2010_19_BAL_PIT,2010,19,0.7204021356833868,7.691856748455237
2010_19_GB_ATL,2010,19,0.6083354645140213,4.196893107222063
2010_19_NYJ_NE,2010,19,0.7960594144423654,11.857633028173995
2010_19_SEA_CHI,2010,19,0.6423549268920057,5.184333113857507
2010_20_GB_CHI,2010,20,0.38747731448673817,-2.867923304776217
2010_20_NYJ_PIT,2010,20,0.6853976901011605,7.131816983968585
2010_21_PIT_GB,2010,21,0.443271594913209,2.1183135601910577
2011_01_ATL_CHI,2011,1,0.5674440869186393,1.8301146773742916
2011_01_BUF_KC,2011,1,0.6156503434002589,3.8975710314971743
2011_01_CAR_ARI,2011,1,0.6013335332148725,3.2305186491577
2011_01_CIN_CLE,2011,1,0.6316340588104514,4.503876610213505
2011_01_DAL_NYJ,2011,1,0.5686615550834083,2.2304485279581523
2011_01_DET_TB,2011,1,0.7030608939871901,7.281039160313043
2011_01_IND_HOU,2011,1,0.669305433905675,5.366316604756955
2011_01_MIN_SD,2011,1,0.707460004256914,7.434005657094154
2011_01_NE_MIA,2011,1,0.45199065529669064,-1.9088815840811448
2011_01_NO_GB,2011,1,0.6279283312330439,4.248684333546828
2011_01_NYG_WAS,2011,1,0.45487882663435864,-1.3156146115082699
2011_01_OAK_DEN,2011,1,0.5712206534629353,1.7618070308517604
2011_01_PHI_STL,2011,1,0.4372013207474544,-2.229748695205864
2011_01_PIT_BAL,2011,1,0.5147026753475442,0.31669031609968146
2011_01_SEA_SF,2011,1,0.6340966631464189,4.036385142261048
2011_01_TEN_JAX,2011,1,0.5234726279602616,0.5054231163749101
2011_02_ARI_WAS,2011,2,0.6254330358974439,4.049907961375233
2011_02_BAL_TEN,2011,2,0.4880863667184468,-0.19055004976537315
2011_02_CHI_NO,2011,2,0.7103821254456942,7.777226272508976
2011_02_CIN_DEN,2011,2,0.5498612178183924,2.8411031904729294
2011_02_CLE_IND,2011,2,0.44625395237983295,-0.7130213005735184
2011_02_DAL_SF,2011,2,0.5668570588305581,1.2792584342014774
2011_02_GB_CAR,2011,2,0.42930477098343767,-3.036370566810724
2011_02_HOU_MIA,2011,2,0.517029602785668,0.049051853595345474
2011_02_JAX_NYJ,2011,2,0.7102396846260942,6.164547187543448
2011_02_KC_DET,2011,2,0.6043425273224405,3.91582894419816
2011_02_OAK_BUF,2011,2,0.6252764480370785,3.2279956180497344
2011_02_PHI_ATL,2011,2,0.439583748690694,-1.894126290458113
2011_02_SD_NE,2011,2,0.6097959462286594,3.827339545466267
2011_02_SEA_PIT,2011,2,0.736354496135914,7.2800990624928925
2011_02_STL_NYG,2011,2,0.7413895102627481,7.74490215988993
2011_02_TB_MIN,2011,2,0.4535877577410442,-2.008148267395938
2011_03_ARI_SEA,2011,3,0.44240726145766285,-1.638475422343571
2011_03_ATL_TB,2011,3,0.617617728009046,4.379927750030515
2011_03_BAL_STL,2011,3,0.4807296847766774,-0.9813406661593143
2011_03_DEN_TEN,2011,3,0.6710286678633008,4.495840454572409
2011_03_DET_MIN,2011,3,0.5104650384264525,-0.46908915277017327
2011_03_GB_CHI,2011,3,0.3894825435139322,-4.13781320340777
2011_03_HOU_NO,2011,3,0.575384439121174,3.062581019081673
2011_03_JAX_CAR,2011,3,0.6329932455335961,5.068714440893322
2011_03_KC_SD,2011,3,0.6503273511112255,7.251848833841793
2011_03_MIA_CLE,2011,3,0.568124913336019,2.5064879542220333
2011_03_NE_BUF,2011,3,0.43801863015739684,-2.4080865133844545
2011_03_NYG_PHI,2011,3,0.6660006423781731,5.036291795333545
2011_03_NYJ_OAK,2011,3,0.6139415112959883,4.344259807808816
2011_03_PIT_IND,2011,3,0.28068332481922464,-6.096289887439491
2011_03_SF_CIN,2011,3,0.5733020496279596,2.265770259541047
2011_03_WAS_DAL,2011,3,0.6513530592611291,5.7810861919572165
2011_04_ATL_SEA,2011,4,0.45294460686033167,-1.6696626660012925
2011_04_BUF_CIN,2011,4,0.46553948547490126,-1.937604288068663
2011_04_CAR_CHI,2011,4,0.47250981369158285,-0.7257971973889781
2011_04_DEN_GB,2011,4,0.662972646045863,6.161104733073587
2011_04_DET_DAL,2011,4,0.5232010186110787,1.7516913357493737
2011_04_IND_TB,2011,4,0.8686156466043246,14.40027576676529
2011_04_MIA_SD,2011,4,0.6432591972689304,5.352608316334377
2011_04_MIN_KC,2011,4,0.555287102736078,1.7259441106229856
2011_04_NE_OAK,2011,4,0.3599669800143509,-4.307986070175831
2011_04_NO_JAX,2011,4,0.3819834966931338,-4.470517801328663
2011_04_NYG_ARI,2011,4,0.5071884543607451,0.3711311262622665
2011_04_NYJ_BAL,2011,4,0.5489214906897355,2.509197400957181
2011_04_PIT_HOU,2011,4,0.6656682195827494,5.357513108283506
2011_04_SF_PHI,2011,4,0.74654032930897,7.40153396345354
2011_04_TEN_CLE,2011,4,0.5331493643025467,0.9161222969571654
2011_04_WAS_STL,2011,4,0.45366020701933796,-1.5549495434662597
2011_05_ARI_MIN,2011,5,0.5851927329920568,2.0795973195746
2011_05_CHI_DET,2011,5,0.700583296443691,7.159015138000392
2011_05_CIN_JAX,2011,5,0.4879262227856085,0.2460699931354613
2011_05_GB_ATL,2011,5,0.46339643531727176,-2.32461207860223
2011_05_KC_IND,2011,5,0.4409044102464575,-1.5173213287079457
2011_05_NO_CAR,2011,5,0.5482244626302948,1.0603454399250372
2011_05_NYJ_NE,2011,5,0.7850720757722927,11.862815262151956
2011_05_OAK_HOU,2011,5,0.6786934415447795,5.83301288216608
2011_05_PHI_BUF,2011,5,0.5061637667761122,0.22782075434415816
2011_05_SD_DEN,2011,5,0.45552907001068377,-0.8247085183110885
2011_05_SEA_NYG,2011,5,0.6747548977108226,5.773549008040128
2011_05_TB_SF,2011,5,0.41518299854971763,-2.0535690213364064
2011_05_TEN_PIT,2011,5,0.505727548434697,0.22782149449752032
2011_06_BUF_NYG,2011,6,0.6001830918502757,2.952099541849422
2011_06_CAR_ATL,2011,6,0.5063821273266882,0.6023129319616487
2011_06_CLE_OAK,2011,6,0.5207100962066878,1.262228613391863
2011_06_DAL_NE,2011,6,0.6876248903059126,6.055832666298791
2011_06_HOU_BAL,2011,6,0.5978304833088106,2.3507677739302295
2011_06_IND_CIN,2011,6,0.6470715806746971,3.0711064047156857
2011_06_JAX_PIT,2011,6,0.647825221749316,6.055906334053869
2011_06_MIA_NYJ,2011,6,0.5682542030943685,1.9369910265626564
2011_06_MIN_CHI,2011,6,0.520187483858947,0.6051042461403591
2011_06_NO_TB,2011,6,0.4581630052379709,-0.7226801500209166
2011_06_PHI_WAS,2011,6,0.5293626175248868,1.0892886158669546
2011_06_SF_DET,2011,6,0.5871738874923635,2.979854721064754
2011_06_STL_GB,2011,6,0.8118448091961873,12.413672174906807
2011_07_ATL_DET,2011,7,0.5461838189137044,1.7259487334543708
2011_07_BAL_JAX,2011,7,0.3867322619680434,-3.918724074864477
2011_07_CHI_TB,2011,7,0.527082752556226,2.5449539022539622
2011_07_DEN_MIA,2011,7,0.40294455196963597,-3.7715744479915654
2011_07_GB_MIN,2011,7,0.26494647594003323,-9.114519269374616
2011_07_HOU_TEN,2011,7,0.6485324793391452,4.14880800054564
2011_07_IND_NO,2011,7,0.7043892798163509,7.220644811557074
2011_07_KC_OAK,2011,7,0.26229185514826014,-6.977542067520277
2011_07_PIT_ARI,2011,7,0.5849709238800277,2.2944847412603764
2011_07_SD_NYJ,2011,7,0.3370895266470865,-5.845599524312387
2011_07_SEA_CLE,2011,7,0.6279361251581497,3.0240590649926706
2011_07_STL_DAL,2011,7,0.731419007718529,8.89139168224094
2011_07_WAS_CAR,2011,7,0.7491488169653131,8.003155993361245
2011_08_ARI_BAL,2011,8,0.6520228253989669,4.482525184292967
2011_08_CIN_SEA,2011,8,0.4260581587668778,-3.2096291152662224
2011_08_CLE_SF,2011,8,0.6753380005265027,5.226068216137485
2011_08_DAL_PHI,2011,8,0.6905512188355647,6.216239457499256
2011_08_DET_DEN,2011,8,0.5652931706536277,1.61031813203016
2011_08_IND_TEN,2011,8,0.6943438759365619,6.502130116028927
2011_08_JAX_HOU,2011,8,0.7933772185260466,11.404246100540052
2011_08_MIA_NYG,2011,8,0.7988154578923309,12.413776079459305
2011_08_MIN_CAR,2011,8,0.7434665432560795,8.556085578445698
2011_08_NE_PIT,2011,8,0.3517989000337687,-4.756279239382762
2011_08_NO_STL,2011,8,0.21248332222047273,-10.129805587818844
2011_08_SD_KC,2011,8,0.5393535311408671,0.6301012156072194
2011_08_WAS_BUF,2011,8,0.6370215859650044,5.466050561376218
2011_09_ATL_IND,2011,9,0.33005184706978763,-5.33102990069399
2011_09_BAL_PIT,2011,9,0.6191625744927105,4.774390721075179
2011_09_CHI_PHI,2011,9,0.704565209152935,6.835136028935677
2011_09_CIN_TEN,2011,9,0.6449078296513896,4.720304069173594
2011_09_CLE_HOU,2011,9,0.7049573088807956,7.048806595453346
2011_09_DEN_OAK,2011,9,0.6508783890496371,6.043424881698316
2011_09_GB_SD,2011,9,0.273481273796035,-7.516562654824639
2011_09_MIA_KC,2011,9,0.6743289343081769,6.2669992247759145
2011_09_NYG_NE,2011,9,0.7378729972109986,7.193467961946519
2011_09_NYJ_BUF,2011,9,0.6000345003909053,3.0068497478689697
2011_09_SEA_DAL,2011,9,0.602286361034455,4.194232273928444
2011_09_SF_WAS,2011,9,0.44926375358713166,-1.1842780845960048
2011_09_STL_ARI,2011,9,0.5076380346420795,1.3786892380984734
2011_09_TB_NO,2011,9,0.6199044931452276,3.616363299591744
2011_10_ARI_PHI,2011,10,0.7800584055093295,9.86016169039787
2011_10_BAL_SEA,2011,10,0.5082705237569412,0.051931236667905445
2011_10_BUF_DAL,2011,10,0.5419238158662663,2.473273401423858
2011_10_DEN_KC,2011,10,0.632030179545434,4.5035777617362065
2011_10_DET_CHI,2011,10,0.43050252914763915,-2.3852123208287668
2011_10_HOU_TB,2011,10,0.5832938568790008,1.8399771723190468
2011_10_JAX_IND,2011,10,0.5467914755723455,2.153652598837347
2011_10_MIN_GB,2011,10,0.7785200021764621,10.11052112241433
2011_10_NE_NYJ,2011,10,0.42820710247772326,-2.9332902939808343
2011_10_NO_ATL,2011,10,0.48271639235030417,-0.8689591707544082
2011_10_NYG_SF,2011,10,0.5305330406880235,0.11481043433599547
2011_10_OAK_SD,2011,10,0.7039518048310753,6.816019687599173
2011_10_PIT_CIN,2011,10,0.4900025250716601,-0.8014711390736515
2011_10_STL_CLE,2011,10,0.6563217816031732,5.993449423541297
2011_10_TEN_CAR,2011,10,0.725856896048075,7.8492147832584465
2011_10_WAS_MIA,2011,10,0.5894747254053344,2.7339728084030632
2011_11_ARI_SF,2011,11,0.7088501860323578,6.449028861728372
2011_11_BUF_MIA,2011,11,0.5690643229402699,1.5849626359739508
2011_11_CAR_DET,2011,11,0.5298933567525455,0.40735249038484733
2011_11_CIN_BAL,2011,11,0.6141949415404738,3.3669305398996685
2011_11_DAL_WAS,2011,11,0.4812873014086966,-2.6887494707209902
2011_11_JAX_CLE,2011,11,0.6482004515986989,5.940658979501433
2011_11_KC_NE,2011,11,0.7792035883301404,10.74037450285103
2011_11_NYJ_DEN,2011,11,0.5674541058769262,1.9520054076153683
2011_11_OAK_MIN,2011,11,0.5870890090403882,1.1690896770295915
2011_11_PHI_NYG,2011,11,0.6882035662965813,7.183523571524722
2011_11_SD_CHI,2011,11,0.5427000577542157,0.5361690732996471
2011_11_SEA_STL,2011,11,0.4011682582792061,-2.5129921694696598
2011_11_TB_GB,2011,11,0.7777430450032992,10.498588456913085
2011_11_TEN_ATL,2011,11,0.5654513798871804,2.499662621646152
2011_12_ARI_STL,2011,12,0.6144375133802084,2.974367982244458
2011_12_BUF_NYJ,2011,12,0.6888899109214293,4.737111803768302
2011_12_CAR_IND,2011,12,0.4580966752089849,-1.4818439560812613
2011_12_CHI_OAK,2011,12,0.6831545001999548,7.0043414655204295
2011_12_CLE_CIN,2011,12,0.7021116568528447,5.692488903258525
2011_12_DEN_SD,2011,12,0.5989331534525044,3.763155944256417
2011_12_GB_DET,2011,12,0.34614859589724334,-5.409123087642408
2011_12_HOU_JAX,2011,12,0.45836347104128033,-1.5380585933976678
2011_12_MIA_DAL,2011,12,0.6051187995512044,5.781879515138588
2011_12_MIN_ATL,2011,12,0.7517110061859408,7.986383829047718
2011_12_NE_PHI,2011,12,0.3394558931345151,-4.959457409977386
2011_12_NYG_NO,2011,12,0.7891996367595773,9.514555068537977
2011_12_PIT_KC,2011,12,0.26610017103726125,-9.127971401925082
2011_12_SF_BAL,2011,12,0.6205848366145874,3.1749460467194117
2011_12_TB_TEN,2011,12,0.6246803481357368,3.6947100142474643
2011_12_WAS_SEA,2011,12,0.5630715005278158,2.203373353480007
2011_13_ATL_HOU,2011,13,0.4188588203651897,-3.7144640801505537
2011_13_BAL_CLE,2011,13,0.45618334003046707,-1.4679138094684787
2011_13_CAR_TB,2011,13,0.3238859544854599,-6.098714608694301
2011_13_CIN_PIT,2011,13,0.6980014918137375,6.721075745751959
2011_13_DAL_ARI,2011,13,0.40190910820163106,-4.556334994322331
2011_13_DEN_MIN,2011,13,0.510706550597076,1.3385337546212641
2011_13_DET_NO,2011,13,0.7431693404463952,8.054816690449664
2011_13_GB_NYG,2011,13,0.3956545160728016,-3.7051538379412228
2011_13_IND_NE,2011,13,0.8162605588974565,12.796048901899539
2011_13_KC_CHI,2011,13,0.562131765212738,2.8477232325141992
2011_13_NYJ_WAS,2011,13,0.5446372880930945,2.0126817716361405
2011_13_OAK_MIA,2011,13,0.6333400072897638,3.1826709349909073
2011_13_PHI_SEA,2011,13,0.6015443860121613,1.6018041304605108
2011_13_SD_JAX,2011,13,0.3136023272638886,-6.216446133914252
2011_13_STL_SF,2011,13,0.7172075259032517,8.205325377389334
2011_13_TEN_BUF,2011,13,0.5776618875549228,2.4618498834644496
2011_14_ATL_CAR,2011,14,0.625182364078602,3.963285051723547
2011_14_BUF_SD,2011,14,0.715063545617662,6.433051527987535
2011_14_CHI_DEN,2011,14,0.7663618957078551,9.72121586712149
2011_14_CLE_PIT,2011,14,0.7163865974649468,7.932328778852167
2011_14_HOU_CIN,2011,14,0.7178171503617414,6.683615876860724
2011_14_IND_BAL,2011,14,0.5986749862821169,3.198776996608232
2011_14_KC_NYJ,2011,14,0.6224226504327256,4.768108412796719
2011_14_MIN_DET,2011,14,0.561644575043234,2.6506481827871724
2011_14_NE_WAS,2011,14,0.3192171260304869,-6.90674000909797
2011_14_NO_TEN,2011,14,0.3392012086856358,-5.187270904863942
2011_14_NYG_DAL,2011,14,0.6585977142790904,5.152691809159457
2011_14_OAK_GB,2011,14,0.7956343464314458,10.632589353126466
2011_14_PHI_MIA,2011,14,0.4453350746353514,-2.1215712455094144
2011_14_SF_ARI,2011,14,0.538412685652033,0.7723471721347088
2011_14_STL_SEA,2011,14,0.7685961387151364,9.072362560882372
2011_14_TB_JAX,2011,14,0.43639577425897425,-2.783477266574866
2011_15_BAL_SD,2011,15,0.6621699909964761,5.063627729987548
2011_15_CAR_HOU,2011,15,0.41346190536157684,-2.1790903743457
2011_15_CIN_STL,2011,15,0.42235485102392084,-2.4345503762447476
2011_15_CLE_ARI,2011,15,0.6256820072855888,2.0528192114462187
2011_15_DAL_TB,2011,15,0.42898664833472006,-1.9243889083538872
2011_15_DET_OAK,2011,15,0.44650968294048893,-0.03202885593721527
2011_15_GB_KC,2011,15,0.3747112041924618,-5.760979550041041
2011_15_JAX_ATL,2011,15,0.782958145013157,10.267701828872623
2011_15_MIA_BUF,2011,15,0.6177904230355515,4.092951189295154
2011_15_NE_DEN,2011,15,0.39347688345461157,-5.0324853415355495
2011_15_NO_MIN,2011,15,0.3081688217401195,-7.172140230347209
2011_15_NYJ_PHI,2011,15,0.6610671061693271,5.533855166883235
2011_15_PIT_SF,2011,15,0.4294758784412225,-2.7453240609508343
2011_15_SEA_CHI,2011,15,0.30718811849701566,-5.595832708819808
2011_15_TEN_IND,2011,15,0.4997182161992872,0.39471390597799205
2011_15_WAS_NYG,2011,15,0.6571949116650943,5.96765285298274
2011_16_ARI_CIN,2011,16,0.7080564918039771,6.946174644677919
2011_16_ATL_NO,2011,16,0.6753168505157566,5.609918238248856
2011_16_CHI_GB,2011,16,0.8462012480949246,14.460974316844007
2011_16_CLE_BAL,2011,16,0.6752064975432821,5.695246107270066
2011_16_DEN_BUF,2011,16,0.5448175794400628,2.2662075579088747
2011_16_HOU_IND,2011,16,0.5532738002295822,1.7348420009235466
2011_16_JAX_TEN,2011,16,0.7239283635368012,7.421248094240104
2011_16_MIA_NE,2011,16,0.7774801298829986,11.013888975166484
2011_16_MIN_WAS,2011,16,0.6914651046504825,6.3940738904078
2011_16_NYG_NYJ,2011,16,0.5854975880698017,0.8501188757659524
2011_16_OAK_KC,2011,16,0.628126141043341,2.7339265551077747
2011_16_PHI_DAL,2011,16,0.6463364183567002,5.037858094733618
2011_16_SD_DET,2011,16,0.4880302537328285,-0.5780319438077561
2011_16_SF_SEA,2011,16,0.5565051770858924,1.4360225370234714
2011_16_STL_PIT,2011,16,0.5584257815526313,1.4534650902260113
2011_16_TB_CAR,2011,16,0.6151502012818588,4.413170557894
2011_17_BAL_CIN,2011,17,0.5868962561993494,1.8465835196582765
2011_17_BUF_NE,2011,17,0.8075790958530441,11.608644900572596
2011_17_CAR_NO,2011,17,0.7300275679519432,7.36974902249781
2011_17_CHI_MIN,2011,17,0.6189988440170081,3.9573406451403694
2011_17_DAL_NYG,2011,17,0.4867619090804785,-0.07318641631894396
2011_17_DET_GB,2011,17,0.4157147176178451,-3.0573490276003903
2011_17_IND_JAX,2011,17,0.39082205352174076,-3.607735431821314
2011_17_KC_DEN,2011,17,0.5013941387777555,-0.3224450977488855
2011_17_NYJ_MIA,2011,17,0.574672974422,3.22051148733901
2011_17_PIT_CLE,2011,17,0.35398824700888976,-4.535527811334198
2011_17_SD_OAK,2011,17,0.5310477919336709,1.0751584995818322
2011_17_SEA_ARI,2011,17,0.43507246286974965,-1.727326035449066
2011_17_SF_STL,2011,17,0.37978437735467413,-4.1054959373782065
2011_17_TB_ATL,2011,17,0.7218461384743038,7.419035686561379
2011_17_TEN_HOU,2011,17,0.4943488077162628,-0.45852587393525823
2011_17_WAS_PHI,2011,17,0.6757260279374169,6.211171528446309
2011_18_ATL_NYG,2011,18,0.5721319494103128,1.937757908158277
2011_18_CIN_HOU,2011,18,0.5421429167086756,1.2452629174613234
2011_18_DET_NO,2011,18,0.6971475554720699,7.17872807316205
2011_18_PIT_DEN,2011,18,0.3651148808730961,-4.2732886673249055
2011_19_DEN_NE,2011,19,0.8547814721929454,14.508492212710792
2011_19_HOU_BAL,2011,19,0.6803620446896473,6.505904260198793
2011_19_NO_SF,2011,19,0.40594531172785675,-3.2157027497013737
2011_19_NYG_GB,2011,19,0.7569229053675366,9.830495491283727
2011_20_BAL_NE,2011,20,0.7574961749517317,10.036176817508352
2011_20_NYG_SF,2011,20,0.49018103563128335,-0.4829366231903003
2011_21_NYG_NE,2011,21,0.5810776315376709,3.5421243294533244
2012_01_ATL_KC,2012,1,0.42588411461284154,-1.5324114386774208
2012_01_BUF_NYJ,2012,1,0.5457684284411276,1.4066820212329307
2012_01_CAR_TB,2012,1,0.511271057339597,0.5587007783944933
2012_01_CIN_BAL,2012,1,0.6560798306293598,4.817303158011125
2012_01_DAL_NYG,2012,1,0.6189670638682283,3.437819546629938
2012_01_IND_CHI,2012,1,0.6551434636215533,4.77901617918887
2012_01_JAX_MIN,2012,1,0.6633788673133357,5.013785665116131
2012_01_MIA_HOU,2012,1,0.6657312158124318,5.750289142914305
2012_01_NE_TEN,2012,1,0.34148380665155126,-4.418032240427097
2012_01_PHI_CLE,2012,1,0.39742185791507667,-2.569364502382531
2012_01_PIT_DEN,2012,1,0.5805146683625609,2.5081649222222766
2012_01_SD_OAK,2012,1,0.5465390301282627,1.0552528526501381
2012_01_SEA_ARI,2012,1,0.578020054981126,2.129915759798876
2012_01_SF_GB,2012,1,0.7348461566322854,8.200559479686213
2012_01_STL_DET,2012,1,0.7413402298881505,8.449129649560014
2012_01_WAS_NO,2012,1,0.8148887168408878,11.207437421818646
2012_02_ARI_NE,2012,2,0.8438428095188887,12.143342536766653
2012_02_BAL_PHI,2012,2,0.5601113806895195,2.006792659261736
2012_02_CHI_GB,2012,2,0.708933454704781,7.381921433605418
2012_02_CLE_CIN,2012,2,0.6704822669512721,5.978805113001368
2012_02_DAL_SEA,2012,2,0.3647004734993699,-4.323749251021448
2012_02_DEN_ATL,2012,2,0.6279880708325852,3.6746795496532503
2012_02_DET_SF,2012,2,0.6355065346406867,3.227501242864027
2012_02_HOU_JAX,2012,2,0.3177565914684157,-4.979337606046617
2012_02_KC_BUF,2012,2,0.5796271145374348,2.4254587281876634
2012_02_MIN_IND,2012,2,0.49471091207935664,0.6630853673077826
2012_02_NO_CAR,2012,2,0.5040041044048776,0.08200995919096776
2012_02_NYJ_PIT,2012,2,0.6491117021604903,5.124190798161752
2012_02_OAK_MIA,2012,2,0.3760331330773858,-3.9539048848065357
2012_02_TB_NYG,2012,2,0.6895199348673721,6.300850334929989
2012_02_TEN_SD,2012,2,0.7283127699417148,7.475917855633112
2012_02_WAS_STL,2012,2,0.40056230394034814,-2.607443142299115
2012_03_ATL_SD,2012,3,0.5710255251832712,2.9505760539639843
2012_03_BUF_CLE,2012,3,0.5204929450477545,0.8072117460784352
2012_03_CIN_WAS,2012,3,0.6747675095728187,5.592873073729941
2012_03_DET_TEN,2012,3,0.5016253380607623,0.14293950569450464
2012_03_GB_SEA,2012,3,0.38196717989801365,-3.585524246587689
2012_03_HOU_DEN,2012,3,0.5039576147062612,1.140323194109959
2012_03_JAX_IND,2012,3,0.7031790421095486,6.890359292834338
2012_03_KC_NO,2012,3,0.7280411564639802,7.8083448976572
2012_03_NE_BAL,2012,3,0.43243655485397786,-1.9559532089140856
2012_03_NYG_CAR,2012,3,0.6161333777349506,3.518538856553652
2012_03_NYJ_MIA,2012,3,0.5364688851213247,1.1652979466763806
2012_03_PHI_ARI,2012,3,0.513367164098239,0.0013486112869163236
2012_03_PIT_OAK,2012,3,0.5560604029725814,1.526932790481633
2012_03_SF_MIN,2012,3,0.475302014554278,0.05939359390297083
2012_03_STL_CHI,2012,3,0.6721402470002309,4.885548275542121
2012_03_TB_DAL,2012,3,0.5918908006967181,4.231408580589539
2012_04_CAR_ATL,2012,4,0.6266458560396109,4.312769796210899
2012_04_CHI_DAL,2012,4,0.6268672157871821,5.390787928494461
2012_04_CIN_JAX,2012,4,0.45951301658322247,-2.012673266504082
2012_04_CLE_BAL,2012,4,0.7256968000199729,7.639732985209649
2012_04_MIA_ARI,2012,4,0.6245440536068511,4.5955321314985556
2012_04_MIN_DET,2012,4,0.6363950274898301,4.733327521838204
2012_04_NE_BUF,2012,4,0.4382398762853863,-2.3510972485594643
2012_04_NO_GB,2012,4,0.6058539727982063,3.3797293300357745
2012_04_NYG_PHI,2012,4,0.4480622678951856,-1.1418542092416963
2012_04_OAK_DEN,2012,4,0.6266500920861364,3.6251950369810535
2012_04_SD_KC,2012,4,0.3730829321666349,-3.459438584621583
2012_04_SEA_STL,2012,4,0.5374530720335197,1.002491184046445
2012_04_SF_NYJ,2012,4,0.5033167711101663,0.002730471036334059
2012_04_TEN_HOU,2012,4,0.672357967180366,5.564989484821529
2012_04_WAS_TB,2012,4,0.46405104043317696,-1.0144754915996415
2012_05_ARI_STL,2012,5,0.5050378795273652,0.4598696366688939
2012_05_ATL_WAS,2012,5,0.5403417874207422,1.4805927744465235
2012_05_BAL_KC,2012,5,0.40904977563184747,-2.1926904799154756
2012_05_BUF_SF,2012,5,0.6083762699049098,3.3406077467985833
2012_05_CHI_JAX,2012,5,0.44964127560110767,-1.8284992638490443
2012_05_CLE_NYG,2012,5,0.6960974999804209,7.707930387446657
2012_05_DEN_NE,2012,5,0.6456987027489278,4.847813627018732
2012_05_GB_IND,2012,5,0.4661578491203136,-1.4952059824319002
2012_05_HOU_NYJ,2012,5,0.30715215041292887,-5.477420070801125
2012_05_MIA_CIN,2012,5,0.6923052111772593,6.337126860603544
2012_05_PHI_PIT,2012,5,0.7415548946937026,7.7025835138415175
2012_05_SD_NO,2012,5,0.608547189346158,3.208875106198347
2012_05_SEA_CAR,2012,5,0.6913715757780294,6.563848423856859
2012_05_TEN_MIN,2012,5,0.7241944109755598,6.344522626655521
2012_06_BUF_ARI,2012,6,0.5722105895960838,1.809507671944076
2012_06_CIN_CLE,2012,6,0.4029483299898033,-2.217684460917391
2012_06_DAL_BAL,2012,6,0.5551148474364254,1.4801768587623012
2012_06_DEN_SD,2012,6,0.5493608872943593,1.9160694850249707
2012_06_DET_PHI,2012,6,0.5160185564692444,0.7026771967902188
2012_06_GB_HOU,2012,6,0.6132517542360966,2.5803307408602545
2012_06_IND_NYJ,2012,6,0.517648568843348,-0.023682239974790242
2012_06_KC_TB,2012,6,0.7857753859416171,8.246300098317459
2012_06_MIN_WAS,2012,6,0.6572579770976523,5.238893962729243
2012_06_NE_SEA,2012,6,0.3215668464862678,-5.136231191570172
2012_06_NYG_SF,2012,6,0.582126903410607,1.8377127641521267
2012_06_OAK_ATL,2012,6,0.6551686856071895,4.8303755902835555
2012_06_PIT_TEN,2012,6,0.2854590815281849,-5.913192022858398
2012_06_STL_MIA,2012,6,0.6613568542782426,5.171534344499561
2012_07_ARI_MIN,2012,7,0.8197394441412852,10.68848256405916
2012_07_BAL_HOU,2012,7,0.6460868546921061,4.43655071100141
2012_07_CLE_IND,2012,7,0.6099883162624845,3.7851822388475624
2012_07_DAL_CAR,2012,7,0.6337916893256319,3.581697825892151
2012_07_DET_CHI,2012,7,0.6203625904171493,3.216390148564303
2012_07_GB_STL,2012,7,0.37755678704020357,-4.718126747972846
2012_07_JAX_OAK,2012,7,0.7417747658219367,8.638072218737593
2012_07_NO_TB,2012,7,0.36042543981157465,-4.276513483352206
2012_07_NYJ_NE,2012,7,0.7993624468631424,11.1836095707492
2012_07_PIT_CIN,2012,7,0.4853706866473008,-0.6218499262932822
2012_07_SEA_SF,2012,7,0.6325940524185192,3.9372181884451836
2012_07_TEN_BUF,2012,7,0.6055427474729493,3.446128343451032
2012_07_WAS_NYG,2012,7,0.5748951733088934,2.5433659319538
2012_08_ATL_PHI,2012,8,0.47731944824313716,-0.08019504829726465
2012_08_CAR_CHI,2012,8,0.5615316795437244,1.7553728338553476
2012_08_IND_TEN,2012,8,0.5071383132456067,1.1725470935939868
2012_08_JAX_GB,2012,8,0.8057224317469833,12.793142845911815
2012_08_MIA_NYJ,2012,8,0.49318061794902895,-0.15241176928482725
2012_08_NE_STL,2012,8,0.22441315049290408,-7.7709894601565335
2012_08_NO_DEN,2012,8,0.5745557927493545,2.802303684516011
2012_08_NYG_DAL,2012,8,0.4944605189901772,0.6279753331634095
2012_08_OAK_KC,2012,8,0.4411823647882392,-1.646226497763306
2012_08_SD_CLE,2012,8,0.40012831205324995,-2.996096083498068
2012_08_SEA_DET,2012,8,0.6028471146298625,3.761716358003534
2012_08_SF_ARI,2012,8,0.25703523645833076,-6.858205172751356
2012_08_TB_MIN,2012,8,0.5011658058697437,0.8108760080003643
2012_08_WAS_PIT,2012,8,0.5396409221335439,1.7596435452663979
2012_09_ARI_GB,2012,9,0.7864338801292843,11.68810466946775
2012_09_BAL_CLE,2012,9,0.5140243799167004,-0.07034682921254953
2012_09_BUF_HOU,2012,9,0.7266524676863039,6.852119091802656
2012_09_CAR_WAS,2012,9,0.6617155661459259,5.408616202552762
2012_09_CHI_TEN,2012,9,0.5261814345049198,1.577352809827068
2012_09_DAL_ATL,2012,9,0.6886527437319169,5.708105916341747
2012_09_DEN_CIN,2012,9,0.4658888758112321,-1.373949898656829
2012_09_DET_JAX,2012,9,0.3290180666815306,-5.371827770854312
2012_09_KC_SD,2012,9,0.766421038619343,8.564437648272122
2012_09_MIA_IND,2012,9,0.6174931101787915,3.8733324836226988
2012_09_MIN_SEA,2012,9,0.5816598910745885,3.0139835204823457
2012_09_PHI_NO,2012,9,0.702885788789037,6.262081024701805
2012_09_PIT_NYG,2012,9,0.5613832671975605,1.798487133237175
2012_09_TB_OAK,2012,9,0.5446300374394917,2.241753918935524
2012_10_ATL_NO,2012,10,0.6007711539012254,3.0020009051742145
2012_10_BUF_NE,2012,10,0.8345268285352412,11.518425054399815
2012_10_DAL_PHI,2012,10,0.5593085049451156,1.582867635802421
2012_10_DEN_CAR,2012,10,0.5014140975878978,-0.9446513938687207
2012_10_DET_MIN,2012,10,0.437103639984633,-1.960508898639079
2012_10_HOU_CHI,2012,10,0.46222330092604685,-0.8708130148058033
2012_10_IND_JAX,2012,10,0.4297215425162071,-2.6515703250636897
2012_10_KC_PIT,2012,10,0.7677086506694388,8.89783985767059
2012_10_NYG_CIN,2012,10,0.48058673094898047,-0.22402175942978353
2012_10_NYJ_SEA,2012,10,0.5808290542483432,3.8726673096110407
2012_10_OAK_BAL,2012,10,0.5816956223547042,2.414022940080329
2012_10_SD_TB,2012,10,0.5747992491660204,1.1774048624603202
2012_10_STL_SF,2012,10,0.6711438305872288,5.83881160102635
2012_10_TEN_MIA,2012,10,0.5674623412623765,2.0654113181027416
2012_11_ARI_ATL,2012,11,0.7816058801493858,10.568250733524218
2012_11_BAL_PIT,2012,11,0.3222725649647463,-4.142388834402743
2012_11_CHI_SF,2012,11,0.7048404913711709,5.738079215050252
2012_11_CIN_KC,2012,11,0.4485331028013495,-1.077135939804922
2012_11_CLE_DAL,2012,11,0.6396907404132323,5.739910195256442
2012_11_GB_DET,2012,11,0.41430320064583764,-2.2165110508571453
2012_11_IND_NE,2012,11,0.6565717253447644,5.54379062502413
2012_11_JAX_HOU,2012,11,0.8136000142313559,10.72727841504116
2012_11_MIA_BUF,2012,11,0.5829700322197701,3.7152077878950562
2012_11_NO_OAK,2012,11,0.38075884688132666,-2.8171528714773593
2012_11_NYJ_STL,2012,11,0.6603248247531671,5.44947701231947
2012_11_PHI_WAS,2012,11,0.8839723907322821,13.922662072155656
2012_11_SD_DEN,2012,11,0.6851355595794313,5.808078090385505
2012_11_TB_CAR,2012,11,0.5567113239942875,1.9058580582576532
2012_12_ATL_TB,2012,12,0.5442502844856147,0.591226537601893
2012_12_BAL_SD,2012,12,0.5920025782572137,3.726266792503825
2012_12_BUF_IND,2012,12,0.6338380769021745,3.777506853224648
2012_12_CAR_PHI,2012,12,0.25301428938789733,-6.463114412382932
2012_12_DEN_KC,2012,12,0.24869588218900657,-8.083397063407268
2012_12_GB_NYG,2012,12,0.5442197237991621,0.7762498576386854
2012_12_HOU_DET,2012,12,0.47684735656312904,-0.2200197633587937
2012_12_MIN_CHI,2012,12,0.525143302972654,1.4115714065021616
2012_12_NE_NYJ,2012,12,0.33200989190272584,-5.971876554940064
2012_12_OAK_CIN,2012,12,0.6257757329367059,3.70483577205151
2012_12_PIT_CLE,2012,12,0.7870569381858036,7.550815322024873
2012_12_SEA_MIA,2012,12,0.4579923303033715,-1.394826933510568
2012_12_SF_NO,2012,12,0.7430596102394369,7.833625515834633
2012_12_STL_ARI,2012,12,0.4090663584885883,-2.2193967261222514
2012_12_TEN_JAX,2012,12,0.47705020954512384,-0.26659351775529005
2012_12_WAS_DAL,2012,12,0.4265068888321833,-0.7722792509992011
2012_13_ARI_NYJ,2012,13,0.7590915680342403,8.253033012944295
2012_13_CAR_KC,2012,13,0.35728753145850645,-3.8359033204565383
2012_13_CIN_SD,2012,13,0.5333552090457153,2.425806643690918
2012_13_CLE_OAK,2012,13,0.6212540717205375,4.7117315470623256
2012_13_HOU_TEN,2012,13,0.5036515476458586,-0.3238973291970031
2012_13_IND_DET,2012,13,0.6126013262349731,3.69225815564558
2012_13_JAX_BUF,2012,13,0.6429864269035596,4.153752870163869
2012_13_MIN_GB,2012,13,0.7434112447225294,9.137028777589927
2012_13_NE_MIA,2012,13,0.33670278792057373,-5.581909169266787
2012_13_NO_ATL,2012,13,0.5207011956093256,1.5738376628428676
2012_13_NYG_WAS,2012,13,0.692182718992063,6.160876044910175
2012_13_PHI_DAL,2012,13,0.7927925348963363,10.559086095822554
2012_13_PIT_BAL,2012,13,0.8105564491803853,9.920846455291425
2012_13_SEA_CHI,2012,13,0.5160463861618136,0.35125640590670093
2012_13_SF_STL,2012,13,0.4106219484292314,-2.4147745500451685
2012_13_TB_DEN,2012,13,0.6588117245119364,5.996349599463712
2012_14_ARI_SEA,2012,14,0.7953188828657499,11.020456158217746
2012_14_ATL_CAR,2012,14,0.4706290827880752,-0.8616517507296106
2012_14_BAL_WAS,2012,14,0.7447354743437675,8.00082783926882
2012_14_CHI_MIN,2012,14,0.5287317089366477,0.38196925292478134
2012_14_DAL_CIN,2012,14,0.5338524409288843,0.7083329901853794
2012_14_DEN_OAK,2012,14,0.43317193903319406,-2.1550317727358075
2012_14_DET_GB,2012,14,0.6361977441782951,5.434490272482317
2012_14_HOU_NE,2012,14,0.6976743142976702,6.225883341455716
2012_14_KC_CLE,2012,14,0.6549834953436555,4.40870845742884
2012_14_MIA_SF,2012,14,0.6848586799977748,6.415524258106858
2012_14_NO_NYG,2012,14,0.5101890728613776,0.41857258315560797
2012_14_NYJ_JAX,2012,14,0.5802739208615566,3.1328431848596208
2012_14_PHI_TB,2012,14,0.7423180774998227,7.339091154725663
2012_14_SD_PIT,2012,14,0.6345693402154498,4.107630432726893
2012_14_STL_BUF,2012,14,0.5711781805054691,3.10108000751915
2012_14_TEN_IND,2012,14,0.591171366065534,3.4971885759628965
2012_15_CAR_SD,2012,15,0.5058088936703333,1.3524494966879208
2012_15_CIN_PHI,2012,15,0.3517612488217079,-2.970870279628001
2012_15_DEN_BAL,2012,15,0.35755198453472353,-3.8732454805885665
2012_15_DET_ARI,2012,15,0.26129540056648004,-7.928198334236789
2012_15_GB_CHI,2012,15,0.3868961516463841,-3.3023152228210955
2012_15_IND_HOU,2012,15,0.7102702888420566,6.310918173154693
2012_15_JAX_MIA,2012,15,0.6156042960824124,3.6078660737545962
2012_15_KC_OAK,2012,15,0.7492864357556552,8.208254408957485
2012_15_MIN_STL,2012,15,0.6254601917914233,3.6924597158605756
2012_15_NYG_ATL,2012,15,0.6215587991935059,4.194590387179409
2012_15_NYJ_TEN,2012,15,0.7132254226005886,6.518259035747238
2012_15_PIT_DAL,2012,15,0.5711920622061057,2.5340756739317216
2012_15_SEA_BUF,2012,15,0.4525213597002571,-1.1042173390489256
2012_15_SF_NE,2012,15,0.7169221666030458,6.83747678449911
2012_15_TB_NO,2012,15,0.592705843672036,4.238959531372778
2012_15_WAS_CLE,2012,15,0.6634839412025256,4.333508948926696
2012_16_ATL_DET,2012,16,0.4599271208831165,-1.6323538565466937
2012_16_BUF_MIA,2012,16,0.5382752758728073,1.512261332702577
2012_16_CHI_ARI,2012,16,0.31301216636660384,-6.183950716131912
2012_16_CIN_PIT,2012,16,0.631457340294422,4.599386793776761
2012_16_CLE_DEN,2012,16,0.7604489339192613,9.84599969768078
2012_16_IND_KC,2012,16,0.37493209496168073,-3.1202278123468425
2012_16_MIN_HOU,2012,16,0.738219588144245,8.074677352091461
2012_16_NE_JAX,2012,16,0.2845520649629815,-6.666364199439798
2012_16_NO_DAL,2012,16,0.5565688177178846,2.1373133609582364
2012_16_NYG_BAL,2012,16,0.4816894293220313,-0.12580977995867393
2012_16_OAK_CAR,2012,16,0.6444087529237751,4.521282164699028
2012_16_SD_NYJ,2012,16,0.41323824230616163,-2.503076569545446
2012_16_SF_SEA,2012,16,0.6375158926933151,4.111133788508338
2012_16_STL_TB,2012,16,0.6614234433781176,4.847165789184469
2012_16_TEN_GB,2012,16,0.6950194267942023,7.476786536217036
2012_16_WAS_PHI,2012,16,0.33812324719822145,-4.696182524221081
2012_17_ARI_SF,2012,17,0.7441738107433439,8.703309127335466
2012_17_BAL_CIN,2012,17,0.689898711544645,6.1255660293749
2012_17_CAR_NO,2012,17,0.5637264476089733,3.0886536462920056
2012_17_CHI_DET,2012,17,0.6466833343174363,4.430226418265536
2012_17_CLE_PIT,2012,17,0.8399960853236037,11.399695158235465
2012_17_DAL_WAS,2012,17,0.6382823401514279,4.142866932877218
2012_17_GB_MIN,2012,17,0.33142707145854317,-5.391767287315032
2012_17_HOU_IND,2012,17,0.41611263531979564,-1.7847210316816722
2012_17_JAX_TEN,2012,17,0.5519410243673073,2.196200020181238
2012_17_KC_DEN,2012,17,0.909353995208893,16.647748955238345
2012_17_MIA_NE,2012,17,0.8073100258382971,10.614325568447073
2012_17_NYJ_BUF,2012,17,0.7031409216305163,6.548449301496889
2012_17_OAK_SD,2012,17,0.8090910853184345,10.004284889835887
2012_17_PHI_NYG,2012,17,0.6195242987735725,3.709234336981706
2012_17_STL_SEA,2012,17,0.7452692574910244,8.755220678446697
2012_17_TB_ATL,2012,17,0.7311382264831856,8.38795999287694
2012_18_CIN_HOU,2012,18,0.6847892891938936,5.574122184135936
2012_18_IND_BAL,2012,18,0.5721690579003056,2.826671950059671
2012_18_MIN_GB,2012,18,0.8126498891485279,11.403464746810942
2012_18_SEA_WAS,2012,18,0.5439979590355889,1.6667149445389244
2012_19_BAL_DEN,2012,19,0.7861914136480628,10.198030122722407
2012_19_GB_SF,2012,19,0.544617496073179,1.0781163281983972
2012_19_HOU_NE,2012,19,0.7370414877484536,7.562786041643998
2012_19_SEA_ATL,2012,19,0.6116388946965153,3.712106443990578
2012_20_BAL_NE,2012,20,0.7279756919045727,7.6666198265820125
2012_20_SF_ATL,2012,20,0.5896208051562073,3.432694034013406
2012_21_BAL_SF,2012,21,0.5246611763531875,2.905547808624002
2013_01_ARI_STL,2013,1,0.5822660075833839,2.0119226466545888
2013_01_ATL_NO,2013,1,0.5773374399225433,2.4159207836972585
2013_01_BAL_DEN,2013,1,0.6651590688393095,5.781280946093513
2013_01_CIN_CHI,2013,1,0.5996117402414429,3.0193786609227473
2013_01_GB_SF,2013,1,0.5605581208997744,1.5666716352401089
2013_01_HOU_SD,2013,1,0.5287834859478848,1.3699601758107987
2013_01_KC_JAX,2013,1,0.4215816549653433,-2.2164183037896006
2013_01_MIA_CLE,2013,1,0.556410447349526,2.0040550543302795
2013_01_MIN_DET,2013,1,0.6576385717718065,4.948294856913247
2013_01_NE_BUF,2013,1,0.3555140970697574,-4.244379882154168
2013_01_NYG_DAL,2013,1,0.6022037441787529,3.3926198761492863
2013_01_OAK_IND,2013,1,0.6455154462315208,4.32170603822877
2013_01_PHI_WAS,2013,1,0.6652120259677312,5.276782650155109
2013_01_SEA_CAR,2013,1,0.5033996124629594,0.21901123414564827
2013_01_TB_NYJ,2013,1,0.49351007282143994,0.4047117925932491
2013_01_TEN_PIT,2013,1,0.6660975398629567,5.667452219747057
2013_02_CAR_BUF,2013,2,0.44914207660724,-1.0593649977971915
2013_02_CLE_BAL,2013,2,0.6921244954248588,6.434563154103616
2013_02_DAL_KC,2013,2,0.5343178537524046,0.8281211645543924
2013_02_DEN_NYG,2013,2,0.4380301897564218,-1.829820538462691
2013_02_DET_ARI,2013,2,0.5622309951773334,2.373418413513065
2013_02_JAX_OAK,2013,2,0.8404570611727288,11.031701279612495
2013_02_MIA_IND,2013,2,0.604300001621016,3.435175780877686
2013_02_MIN_CHI,2013,2,0.634028539371237,4.324592714546407
2013_02_NO_TB,2013,2,0.4689516495109946,-1.6729187452086087
2013_02_NYJ_NE,2013,2,0.7010978545407928,6.8539611418120625
2013_02_PIT_CIN,2013,2,0.5982095952614334,2.6483485445641275
2013_02_SD_PHI,2013,2,0.5279592650248159,1.2352552484457564
2013_02_SF_SEA,2013,2,0.534869176842156,1.5947459910649302
2013_02_STL_ATL,2013,2,0.7056726976761531,7.161415142223062
2013_02_TEN_HOU,2013,2,0.6881311385351043,6.5103425242367265
2013_02_WAS_GB,2013,2,0.6574878177191011,5.261701704564592
2013_03_ARI_NO,2013,3,0.6542135400150706,5.367584984666159
2013_03_ATL_MIA,2013,3,0.46203462388535915,-1.525161441291421
2013_03_BUF_NYJ,2013,3,0.5315608704062078,0.8241483614509679
2013_03_CHI_PIT,2013,3,0.5848792710501586,2.8249990100315165
2013_03_CLE_MIN,2013,3,0.7316321904645529,6.7576654084196175
2013_03_DET_WAS,2013,3,0.6429026878933725,4.757206602755417
2013_03_GB_CIN,2013,3,0.3577088522523416,-4.1636096054491105
2013_03_HOU_BAL,2013,3,0.5857582859620183,2.28736441781394
2013_03_IND_SF,2013,3,0.6660238016793782,5.314683895531669
2013_03_JAX_SEA,2013,3,0.8475392139341048,12.201438388489624
2013_03_KC_PHI,2013,3,0.6391279710368668,4.495751097235612
2013_03_NYG_CAR,2013,3,0.5871960584714296,2.830894144475901
2013_03_OAK_DEN,2013,3,0.7376943619922973,8.203538606320503
2013_03_SD_TEN,2013,3,0.49856501892077554,-0.5929814470550472
2013_03_STL_DAL,2013,3,0.6419031967927012,5.2407803592688476
2013_03_TB_NE,2013,3,0.7268581604425212,7.797733761358852
2013_04_ARI_TB,2013,4,0.5035834922731292,0.4037931830262913
2013_04_BAL_BUF,2013,4,0.44759732386391204,-1.0025075086050634
2013_04_CHI_DET,2013,4,0.6014774563311689,2.8970419966568968
2013_04_CIN_CLE,2013,4,0.35032021902994775,-4.0947078123892995
2013_04_DAL_SD,2013,4,0.5229040443574939,1.5535328380399858
2013_04_IND_JAX,2013,4,0.33384579782217216,-5.035704085074506
2013_04_MIA_NO,2013,4,0.6654029008561329,5.789960992201025
2013_04_NE_ATL,2013,4,0.5960805425568692,3.606174469346361
2013_04_NYG_KC,2013,4,0.6523440679088144,4.1747343736080715
2013_04_NYJ_TEN,2013,4,0.627036609655644,4.028700972755645
2013_04_PHI_DEN,2013,4,0.7617759698111306,8.93903022763508
2013_04_PIT_MIN,2013,4,0.17875962025386388,-8.708503527809864
2013_04_SEA_HOU,2013,4,0.4924301328876723,-0.017478341261367714
2013_04_SF_STL,2013,4,0.5277665513849333,0.5383761522704744
2013_04_WAS_OAK,2013,4,0.4012779729342536,-2.357901957425634
2013_05_BAL_MIA,2013,5,0.5278764842930838,1.2158619400683395
2013_05_BUF_CLE,2013,5,0.5801905420538844,2.6765038503801986
2013_05_CAR_ARI,2013,5,0.4122676127413557,-2.275362870570823
2013_05_DEN_DAL,2013,5,0.3662054327771208,-3.5716943960123517
2013_05_DET_GB,2013,5,0.7433527165546968,8.593161235637112
2013_05_HOU_SF,2013,5,0.6362264851793166,3.824339674753086
2013_05_JAX_STL,2013,5,0.747328447703208,8.138527956750337
2013_05_KC_TEN,2013,5,0.41410569891030685,-1.5872155069077154
2013_05_NE_CIN,2013,5,0.39103737923883336,-2.413286590391243
2013_05_NO_CHI,2013,5,0.4399350452831282,-1.5677212816718633
2013_05_NYJ_ATL,2013,5,0.7668069303845504,9.116574071627209
2013_05_PHI_NYG,2013,5,0.47154243496855375,0.12038240390629529
2013_05_SD_OAK,2013,5,0.48485687312821063,-0.6673725484521111
2013_05_SEA_IND,2013,5,0.5694608680128592,1.6760416513615386
2013_06_ARI_SF,2013,6,0.6364462984452698,4.23921052707169
2013_06_CAR_MIN,2013,6,0.5765880043800687,2.2276949664833863
2013_06_CIN_BUF,2013,6,0.40206352230849857,-2.0080280972455444
2013_06_DET_CLE,2013,6,0.4226711605701759,-1.6594636789476453
2013_06_GB_BAL,2013,6,0.4920571630279304,-0.8939179225033502
2013_06_IND_SD,2013,6,0.5923412560014091,4.367798285944645
2013_06_JAX_DEN,2013,6,0.9057681565799535,17.030090511700383
2013_06_NO_NE,2013,6,0.5235281097196949,0.35742801882617714
2013_06_NYG_CHI,2013,6,0.5957758764088952,3.6042262148884965
2013_06_OAK_KC,2013,6,0.5559894422375874,1.2296319425291542
2013_06_PHI_TB,2013,6,0.4511341621832343,-0.8538058235796071
2013_06_PIT_NYJ,2013,6,0.43047879845934095,-1.8320983477138553
2013_06_STL_HOU,2013,6,0.6366735776592558,5.1693076455285185
2013_06_TEN_SEA,2013,6,0.7286030725451027,7.9669576884366355
2013_06_WAS_DAL,2013,6,0.5848097303449109,2.9895933154594765
2013_07_BAL_PIT,2013,7,0.6024889080047205,3.8465583868794964
2013_07_BUF_MIA,2013,7,0.7398009786913742,7.568192596463187
2013_07_CHI_WAS,2013,7,0.5946747911146312,2.4942929798668283
2013_07_CIN_DET,2013,7,0.5779859959425753,2.4659821060405593
2013_07_CLE_GB,2013,7,0.6826588041158401,7.231370689096396
2013_07_DAL_PHI,2013,7,0.5425398843845796,0.9082602706667646
2013_07_DEN_IND,2013,7,0.3825603290703943,-4.18176869599507
2013_07_HOU_KC,2013,7,0.7713258249088238,7.889535534803937
2013_07_MIN_NYG,2013,7,0.6355005803304306,4.713122709860066
2013_07_NE_NYJ,2013,7,0.45598360757803436,-1.1769288392959454
2013_07_SD_JAX,2013,7,0.28095280272342704,-6.8511253105839645
2013_07_SEA_ARI,2013,7,0.43981781299524947,-1.6552320135949579
2013_07_SF_TEN,2013,7,0.5398237700642136,1.7659456322325902
2013_07_STL_CAR,2013,7,0.7088669636057434,6.991671794186358
2013_07_TB_ATL,2013,7,0.7866659541273594,10.522642401098802
2013_08_ATL_ARI,2013,8,0.39508609179957593,-3.0315753391048244
2013_08_BUF_NO,2013,8,0.873108333009519,13.897861379466008
2013_08_CAR_TB,2013,8,0.3457206047476179,-4.115730590426591
2013_08_CLE_KC,2013,8,0.6680510814158046,4.9665041808446055
2013_08_DAL_DET,2013,8,0.5489029764504216,1.0538431383226505
2013_08_GB_MIN,2013,8,0.2960679879701878,-6.427825190055612
2013_08_MIA_NE,2013,8,0.6702684053992115,5.484458451764384
2013_08_NYG_PHI,2013,8,0.6068744010182334,3.4435879541962064
2013_08_NYJ_CIN,2013,8,0.6857182314603886,5.9890925974343645
2013_08_PIT_OAK,2013,8,0.5425329334220643,1.28624973440425
2013_08_SEA_STL,2013,8,0.3160781642301401,-5.6393711201526555
2013_08_SF_JAX,2013,8,0.24872296101845853,-6.17546297151356
2013_08_WAS_DEN,2013,8,0.7163364187446463,7.99143660699752
2013_09_ATL_CAR,2013,9,0.5792423310024934,2.3196040433706866
2013_09_BAL_CLE,2013,9,0.46126099582414537,-1.022239342138636
2013_09_CHI_GB,2013,9,0.7585069711390143,8.74148267867405
2013_09_CIN_MIA,2013,9,0.48155943263521467,-0.7211665365793842
2013_09_IND_HOU,2013,9,0.49104939546248105,-0.01141491214172241
2013_09_KC_BUF,2013,9,0.17485230345175468,-9.307679186979342
2013_09_MIN_DAL,2013,9,0.6509549032802774,5.6625573866723595
2013_09_NO_NYJ,2013,9,0.33004673874244583,-5.18439215092955
2013_09_PHI_OAK,2013,9,0.6384377394808758,4.281361969217991
2013_09_PIT_NE,2013,9,0.6130551115496543,2.864014976828239
2013_09_SD_WAS,2013,9,0.468818566645592,-1.8859135279373511
2013_09_TB_SEA,2013,9,0.7449463088860477,8.188289395429056
2013_09_TEN_STL,2013,9,0.3162525711840141,-5.729007326387735
2013_10_BUF_PIT,2013,10,0.7199489451274059,7.564216965422685
2013_10_CAR_SF,2013,10,0.6260030448211126,3.618977626427367
2013_10_CIN_BAL,2013,10,0.5701225908425693,1.98325961510035
2013_10_DAL_NO,2013,10,0.6722504759166325,5.444503848546516
2013_10_DEN_SD,2013,10,0.4215145813470334,-1.9231254462857157
2013_10_DET_CHI,2013,10,0.4659697843352575,-0.37798245626326743
2013_10_HOU_ARI,2013,10,0.5134303176937858,1.308017428510287
2013_10_JAX_TEN,2013,10,0.6299196910892599,4.107714342804152
2013_10_MIA_TB,2013,10,0.5454477730453932,1.5311461523520014
2013_10_OAK_NYG,2013,10,0.7089470634704752,6.263662456224089
2013_10_PHI_GB,2013,10,0.2939880249583996,-5.788402717553907
2013_10_SEA_ATL,2013,10,0.6263652897864233,3.93808536384907
2013_10_STL_IND,2013,10,0.7783996719933406,9.1743225640347
2013_10_WAS_MIN,2013,10,0.3677532717152872,-2.7878925698024934
2013_11_ARI_JAX,2013,11,0.5099218383924324,0.411286505763218
2013_11_ATL_TB,2013,11,0.3777372187028381,-3.566763329523102
2013_11_BAL_CHI,2013,11,0.5255025090697838,1.4194024120426119
2013_11_CLE_CIN,2013,11,0.4806736569853113,0.2302191891501435
2013_11_DET_PIT,2013,11,0.48583446566741667,0.9744608231104588
2013_11_GB_NYG,2013,11,0.7805158749741437,8.483823186346424
2013_11_IND_TEN,2013,11,0.4088420484530431,-1.5690173557470493
2013_11_KC_DEN,2013,11,0.7125720890957018,7.9913977700166905
2013_11_MIN_SEA,2013,11,0.7070231535979974,6.906043172480327
2013_11_NE_CAR,2013,11,0.5379801466091171,1.3117321536011743
2013_11_NYJ_BUF,2013,11,0.5176511443119154,0.6267599094582503
2013_11_OAK_HOU,2013,11,0.6920365635251001,5.963310839710682
2013_11_SD_MIA,2013,11,0.39795150340961843,-3.407081207372844
2013_11_SF_NO,2013,11,0.7030076455422309,7.109776732061202
2013_11_WAS_PHI,2013,11,0.6053636481756713,3.3220685858260777
2013_12_CAR_MIA,2013,12,0.44963403704080823,-1.2284113565639263
2013_12_CHI_STL,2013,12,0.5497993732705699,0.8738031717716459
2013_12_DAL_NYG,2013,12,0.45119830768127067,-1.3506885632788443
2013_12_DEN_NE,2013,12,0.4452300959085175,-1.8448225574985857
2013_12_IND_ARI,2013,12,0.4912914310859976,0.8711071574903506
2013_12_JAX_HOU,2013,12,0.6399925498334166,4.32546197243554
2013_12_MIN_GB,2013,12,0.45851016262462285,-0.29691751255222343
2013_12_NO_ATL,2013,12,0.51341286360481,0.29929164807160324
2013_12_NYJ_BAL,2013,12,0.7485209914467689,8.085276288583323
2013_12_PIT_CLE,2013,12,0.4445546617218301,-1.8634833864296318
2013_12_SD_KC,2013,12,0.5062584886053658,-1.1296791608508427
2013_12_SF_WAS,2013,12,0.6251096172345296,3.7865094246415554
2013_12_TB_DET,2013,12,0.7292864561944964,6.516542943015676
2013_12_TEN_OAK,2013,12,0.3771427198934538,-2.789946791268534
2013_13_ARI_PHI,2013,13,0.7449717397187687,7.650217393763554
2013_13_ATL_BUF,2013,13,0.2561961529779457,-6.239142189507947
2013_13_CHI_MIN,2013,13,0.5201527746727836,0.5651683366303359
2013_13_CIN_SD,2013,13,0.6520137199748591,5.671726240571442
2013_13_DEN_KC,2013,13,0.3839832184793638,-3.946753267533606
2013_13_GB_DET,2013,13,0.7861297980967559,8.65927050117136
2013_13_JAX_CLE,2013,13,0.43471343943849317,-1.3054175225543263
2013_13_MIA_NYJ,2013,13,0.43521598984195603,-1.9917197975027205
2013_13_NE_HOU,2013,13,0.4567614525937285,-1.7834156526899783
2013_13_NO_SEA,2013,13,0.5378862722447308,1.58421719939347
2013_13_NYG_WAS,2013,13,0.6676671802267751,4.961092458901761
2013_13_OAK_DAL,2013,13,0.6933586282368899,6.515514388949963
2013_13_PIT_BAL,2013,13,0.5504815230686154,1.1594395552753483
2013_13_STL_SF,2013,13,0.6425536222037178,5.5728450104673755
2013_13_TB_CAR,2013,13,0.6612309246317949,5.020620975987461
2013_13_TEN_IND,2013,13,0.546180151018871,1.3387388104242735
2013_14_ATL_GB,2013,14,0.27784042052459623,-6.185729587465922
2013_14_BUF_TB,2013,14,0.5563350902950577,2.696357929056216
2013_14_CAR_NO,2013,14,0.6131557296650012,4.22093492824117
2013_14_CLE_NE,2013,14,0.7756647319294092,9.59563418865919
2013_14_DAL_CHI,2013,14,0.4910303741504109,0.5888664440060549
2013_14_DET_PHI,2013,14,0.6078815904612163,3.9210676753417717
2013_14_HOU_JAX,2013,14,0.5113760226896275,1.1458026657699873
2013_14_IND_CIN,2013,14,0.5767463630948908,2.9113685940977856
2013_14_KC_WAS,2013,14,0.6442093705214814,4.507188952532887
2013_14_MIA_PIT,2013,14,0.6427158452670225,5.098795603583925
2013_14_MIN_BAL,2013,14,0.7969993800830466,9.22993702523916
2013_14_NYG_SD,2013,14,0.736388810908923,8.209963781923427
2013_14_OAK_NYJ,2013,14,0.4458221054546553,-1.7201799538506473
2013_14_SEA_SF,2013,14,0.5321143135813453,0.4401235535859169
2013_14_STL_ARI,2013,14,0.6243129221069501,5.2173691129997035
2013_14_TEN_DEN,2013,14,0.7532329410123182,8.973962784709085
2013_15_ARI_TEN,2013,15,0.6545065820061476,3.7783464816678913
2013_15_BAL_DET,2013,15,0.5902722026191201,2.6981870812277244
2013_15_BUF_JAX,2013,15,0.5658637353559876,2.6558699098822607
2013_15_CHI_CLE,2013,15,0.5787633441389293,2.1418282573746716
2013_15_CIN_PIT,2013,15,0.6209908853661292,4.171167030562031
2013_15_GB_DAL,2013,15,0.7838136774410674,9.221108753986282
2013_15_HOU_IND,2013,15,0.6250268074404178,3.88574202000458
2013_15_KC_OAK,2013,15,0.5939920138622192,2.7423718565777526
2013_15_NE_MIA,2013,15,0.46946158671963817,-0.6647770121571654
2013_15_NO_STL,2013,15,0.3079341009457488,-6.719727527004866
2013_15_NYJ_CAR,2013,15,0.7983442247381942,10.308464411572189
2013_15_PHI_MIN,2013,15,0.3433780676594457,-4.092022117419588
2013_15_SD_DEN,2013,15,0.5930908708961165,3.261227405266196
2013_15_SEA_NYG,2013,15,0.4055368386524266,-2.9461220876088534
2013_15_SF_TB,2013,15,0.4007425983284069,-1.996161137909417
2013_15_WAS_ATL,2013,15,0.7899497270419494,10.2541971423774
2013_16_ARI_SEA,2013,16,0.7110273228400833,6.80718208663163
2013_16_ATL_SF,2013,16,0.638656463668423,3.6197206777757085
2013_16_CHI_PHI,2013,16,0.6971637132533605,5.886394885078602
2013_16_CLE_NYJ,2013,16,0.5199068484740919,0.3394844083980706
2013_16_DAL_WAS,2013,16,0.43977427815913284,-1.7949305556273627
2013_16_DEN_HOU,2013,16,0.24224208249266735,-7.825973404204604
2013_16_IND_KC,2013,16,0.6435650355114604,4.578982291876171
2013_16_MIA_BUF,2013,16,0.3187965317924044,-4.52249897467518
2013_16_MIN_CIN,2013,16,0.629491264221807,4.081847978721929
2013_16_NE_BAL,2013,16,0.4332449510492868,-1.6980203698990382
2013_16_NO_CAR,2013,16,0.5459505759284645,0.8897730715095813
2013_16_NYG_DET,2013,16,0.6698890985714508,4.6667192656121905
2013_16_OAK_SD,2013,16,0.7537048433740499,9.575573069580654
2013_16_PIT_GB,2013,16,0.29522523344571494,-5.422973347969729
2013_16_TB_STL,2013,16,0.5977422385855923,2.291906936275221
2013_16_TEN_JAX,2013,16,0.4432234842245754,-1.45630787090042
2013_17_BAL_CIN,2013,17,0.5646244468268328,2.722854333838615
2013_17_BUF_NE,2013,17,0.826726488320649,11.039240953917087
2013_17_CAR_ATL,2013,17,0.5536842861958533,2.296542887935427
2013_17_CLE_PIT,2013,17,0.7451080062258434,8.169537886715247
2013_17_DEN_OAK,2013,17,0.3105770565709763,-6.60382112502712
2013_17_DET_MIN,2013,17,0.4950538651207933,0.331993282071974
2013_17_GB_CHI,2013,17,0.417498341679226,-2.3201337674506934
2013_17_HOU_TEN,2013,17,0.6527676120935546,4.847838029751656
2013_17_JAX_IND,2013,17,0.6776935313675096,5.439808381720769
2013_17_KC_SD,2013,17,0.8192443700486656,11.717697454729475
2013_17_NYJ_MIA,2013,17,0.6481979537226192,5.301506894155339
2013_17_PHI_DAL,2013,17,0.22178669996935063,-7.733968931692417
2013_17_SF_ARI,2013,17,0.4830957888959941,0.6034734732538094
2013_17_STL_SEA,2013,17,0.7400426146128154,9.0220306493461
2013_17_TB_NO,2013,17,0.7858726145300873,10.012872797455671
2013_17_WAS_NYG,2013,17,0.5268669932898172,1.982764499491326
2013_18_KC_IND,2013,18,0.5772319650330759,2.5210721765372957
2013_18_NO_PHI,2013,18,0.5603753563958199,1.6653430547306092
2013_18_SD_CIN,2013,18,0.4703121444143487,-1.2014934709097904
2013_18_SF_GB,2013,18,0.64760204923001,5.2825115588769265
2013_19_IND_NE,2013,19,0.6334763191591534,4.812691530519718
2013_19_NO_SEA,2013,19,0.5600248011505232,2.2599580659926923
2013_19_SD_DEN,2013,19,0.7185429689049471,6.880694952207782
2013_19_SF_CAR,2013,19,0.6054450019053667,3.5197465248152637
2013_20_NE_DEN,2013,20,0.7238610458853811,7.704697136513492
2013_20_SF_SEA,2013,20,0.5600260410011918,2.8706835201658847
2013_21_SEA_DEN,2013,21,0.5372253530049366,2.7540792502541485
2014_01_BUF_CHI,2014,1,0.6514951981475339,5.075934443926876
2014_01_CAR_TB,2014,1,0.7581041912629964,8.764010268401172
2014_01_CIN_BAL,2014,1,0.5393681860141424,1.6197094502687441
2014_01_CLE_PIT,2014,1,0.6901512088597741,6.244943139246672
2014_01_GB_SEA,2014,1,0.5529970434085012,1.6635895218763337
2014_01_IND_DEN,2014,1,0.7031638579457004,7.432449013683813
2014_01_JAX_PHI,2014,1,0.7376367694161874,7.824373384994688
2014_01_MIN_STL,2014,1,0.5628821846140699,2.8285221781531464
2014_01_NE_MIA,2014,1,0.48387483931592773,-0.40618317807681725
2014_01_NO_ATL,2014,1,0.5029484682354084,0.45421458679091087
2014_01_NYG_DET,2014,1,0.6430123581164218,4.006723389144712
2014_01_OAK_NYJ,2014,1,0.6015691059424304,2.8618827920283385
2014_01_SD_ARI,2014,1,0.48004104170220474,-0.5747881815397289
2014_01_SF_DAL,2014,1,0.5436141700373691,1.5920867561522305
2014_01_TEN_KC,2014,1,0.6564870660771982,4.628419138922661
2014_01_WAS_HOU,2014,1,0.5745126281211921,2.374989648148103
2014_02_ARI_NYG,2014,2,0.6195433289202893,3.8011242951175808
2014_02_ATL_CIN,2014,2,0.5095897614690106,0.1499669628201743
2014_02_CHI_SF,2014,2,0.7284150270806339,6.579984173814421
2014_02_DAL_TEN,2014,2,0.594967482319555,2.5446583434374395
2014_02_DET_CAR,2014,2,0.5778455402009351,2.8036673952593105
2014_02_HOU_OAK,2014,2,0.44062077347073514,-1.2857654237561151
2014_02_JAX_WAS,2014,2,0.6903599298766191,6.430718758799392
2014_02_KC_DEN,2014,2,0.7518109183347155,8.504966912446434
2014_02_MIA_BUF,2014,2,0.5480512349548113,1.6678744161817456
2014_02_NE_MIN,2014,2,0.4896094429524167,-0.6158842310657517
2014_02_NO_CLE,2014,2,0.3643910554818366,-3.842421632273597
2014_02_NYJ_GB,2014,2,0.7150038809069307,8.012723550704209
2014_02_PHI_IND,2014,2,0.580942318985039,2.1411945883973913
2014_02_PIT_BAL,2014,2,0.5135331965923318,-0.00998374559569326
2014_02_SEA_SD,2014,2,0.5112746187254501,0.9603327720687296
2014_02_STL_TB,2014,2,0.7454699911503544,8.317677666560456
2014_03_BAL_CLE,2014,3,0.5202296915480488,0.9898446447996516
2014_03_CHI_NYJ,2014,3,0.5819441456657157,1.4715911277581346
2014_03_DAL_STL,2014,3,0.4899709879825634,0.1902048873951192
2014_03_DEN_SEA,2014,3,0.46420155242494604,-0.4975509637779445
2014_03_GB_DET,2014,3,0.5483694992377988,0.390082066647798
2014_03_HOU_NYG,2014,3,0.4483714717176096,-0.5855865430673908
2014_03_IND_JAX,2014,3,0.41089312767114655,-2.2043222668913938
2014_03_KC_MIA,2014,3,0.4592224481579427,-0.49531885139788745
2014_03_MIN_NO,2014,3,0.7669269609548852,9.450928575868511
2014_03_OAK_NE,2014,3,0.7189482647125209,7.160944462573077
2014_03_PIT_CAR,2014,3,0.5590588217230574,2.105815892546681
2014_03_SD_BUF,2014,3,0.4364962416667937,-2.285828181766906
2014_03_SF_ARI,2014,3,0.4298946209335427,-2.3437581186185374
2014_03_TB_ATL,2014,3,0.564523516225599,1.7960805921952878
2014_03_TEN_CIN,2014,3,0.6155871001727027,3.7563401643018044
2014_03_WAS_PHI,2014,3,0.7437548847712964,7.623400141377611
2014_04_ATL_MIN,2014,4,0.3836214632083286,-3.063929173692588
2014_04_BUF_HOU,2014,4,0.694295526017852,5.923278214949506
2014_04_CAR_BAL,2014,4,0.5102465629585893,0.29228247811095187
2014_04_DET_NYJ,2014,4,0.4578427262665042,-0.6170504260139111
2014_04_GB_CHI,2014,4,0.43081480263441446,-1.4294635286923665
2014_04_JAX_SD,2014,4,0.7402580264164058,8.44589255928932
2014_04_MIA_OAK,2014,4,0.3000613385483443,-4.423336656903347
2014_04_NE_KC,2014,4,0.5631603507998524,1.8384415137526098
2014_04_NO_DAL,2014,4,0.5035813553319047,0.1857859770397976
2014_04_NYG_WAS,2014,4,0.560088902826667,1.91825684799096
2014_04_PHI_SF,2014,4,0.5658959892500699,2.567157983953855
2014_04_TB_PIT,2014,4,0.7464301255757595,7.628034147386958
2014_04_TEN_IND,2014,4,0.7731918166946334,8.829947195135482
2014_05_ARI_DEN,2014,5,0.8208144366452509,11.148070353151965
2014_05_ATL_NYG,2014,5,0.5650480942107532,1.45557923581994
2014_05_BAL_IND,2014,5,0.6651073882645848,5.292622787945595
2014_05_BUF_DET,2014,5,0.7441977951759615,6.451725687148549
2014_05_CHI_CAR,2014,5,0.697134079562561,5.229500618497292
2014_05_CIN_NE,2014,5,0.5377750320301645,1.8510105297602737
2014_05_CLE_TEN,2014,5,0.4111235434889392,-1.5976666411893232
2014_05_HOU_DAL,2014,5,0.6397497558172209,4.639072019475995
2014_05_KC_SF,2014,5,0.549238756122419,2.577768387317276
2014_05_MIN_GB,2014,5,0.802026260981108,10.390277691289008
2014_05_NYJ_SD,2014,5,0.7790873877018459,10.213418831497929
2014_05_PIT_JAX,2014,5,0.39315314626783915,-2.481011535393029
2014_05_SEA_WAS,2014,5,0.371303286805202,-3.928099228331165
2014_05_STL_PHI,2014,5,0.5710224243983073,2.2272845767215737
2014_05_TB_NO,2014,5,0.8117265603266081,10.470486834127676
2014_06_BAL_TB,2014,6,0.4806090863191321,0.08016433216919383
2014_06_CAR_CIN,2014,6,0.5403810049491667,1.5939773637115902
2014_06_CHI_ATL,2014,6,0.6661543925095095,4.963207969717474
2014_06_DAL_SEA,2014,6,0.5285204561902549,2.2453957517431604
2014_06_DEN_NYJ,2014,6,0.3144424674832396,-6.287125257370582
2014_06_DET_MIN,2014,6,0.5874240122879698,2.9470881205865
2014_06_GB_MIA,2014,6,0.4436889158829146,-2.5865615197369385
2014_06_IND_HOU,2014,6,0.48952523536607373,-0.2664974503508195
2014_06_JAX_TEN,2014,6,0.5064038080398072,1.2399156699786413
2014_06_NE_BUF,2014,6,0.5090475890897465,0.41396783368351686
2014_06_NYG_PHI,2014,6,0.5794927415023983,3.0393144530187195
2014_06_PIT_CLE,2014,6,0.5602379984175788,1.2358043344466314
2014_06_SD_OAK,2014,6,0.3765013678702759,-4.1519399093147085
2014_06_SF_STL,2014,6,0.5416142323253282,1.3191982048527018
2014_06_WAS_ARI,2014,6,0.6457259435077973,4.778232097461954
2014_07_ARI_OAK,2014,7,0.5649951300194944,1.281892361032733
2014_07_ATL_BAL,2014,7,0.5774196065786192,2.148625496674786
2014_07_CAR_GB,2014,7,0.6427881941090244,5.071851043477637
2014_07_CIN_IND,2014,7,0.6818022587568209,5.258618051438512
2014_07_CLE_JAX,2014,7,0.47377536528330183,0.06968459686157491
2014_07_HOU_PIT,2014,7,0.5900905036716999,3.372441796529933
2014_07_KC_SD,2014,7,0.6491649305785903,5.604444869846274
2014_07_MIA_CHI,2014,7,0.642710291876743,4.894567163250727
2014_07_MIN_BUF,2014,7,0.6626741513459763,5.4321274388214835
2014_07_NO_DET,2014,7,0.4027106172350387,-2.8719577671599863
2014_07_NYG_DAL,2014,7,0.6605008041422018,5.460079137490721
2014_07_NYJ_NE,2014,7,0.7205111026531636,8.014398943761112
2014_07_SEA_STL,2014,7,0.5484672480083591,0.07522192574187914
2014_07_SF_DEN,2014,7,0.6945875553944423,6.290260047891376
2014_07_TEN_WAS,2014,7,0.5487491954641593,1.6321139313797872
2014_08_BAL_CIN,2014,8,0.5149882794581795,1.1005899136422932
2014_08_BUF_NYJ,2014,8,0.5464999752483578,0.5047717496117219
2014_08_CHI_NE,2014,8,0.6911320101287451,5.487219583614288
2014_08_DET_ATL,2014,8,0.39324813000813874,-1.1753454861924757
2014_08_GB_NO,2014,8,0.5385004276108157,0.8864605058467045
2014_08_HOU_TEN,2014,8,0.40440384303685556,-2.2641704808067367
2014_08_IND_PIT,2014,8,0.5153915774896926,1.5407265833397847
2014_08_MIA_JAX,2014,8,0.46602779908596315,-0.1388834459725179
2014_08_MIN_TB,2014,8,0.7036919926924624,6.190131851666274
2014_08_OAK_CLE,2014,8,0.6241085590917794,3.5353915637668787
2014_08_PHI_ARI,2014,8,0.5177040350890729,1.0931354788704772
2014_08_SD_DEN,2014,8,0.6322197524319437,4.064465824228883
2014_08_SEA_CAR,2014,8,0.5709137123810475,1.3456027922106903
2014_08_STL_KC,2014,8,0.6679984184874406,4.646983996742806
2014_08_WAS_DAL,2014,8,0.782618965994039,9.134627299761153
2014_09_ARI_DAL,2014,9,0.32768009095880446,-3.576033491137199
2014_09_BAL_PIT,2014,9,0.6571458533176066,5.5337543956967785
2014_09_DEN_NE,2014,9,0.46570614823337186,-1.047496605558318
2014_09_IND_NYG,2014,9,0.5477436739575736,1.431671225545103
2014_09_JAX_CIN,2014,9,0.6894255328947456,6.357876996803794
2014_09_NO_CAR,2014,9,0.4528039615819152,-0.9101104155147639
2014_09_NYJ_KC,2014,9,0.8174288650159923,9.40682859572011
2014_09_OAK_SEA,2014,9,0.6391021063485075,5.993772752362698
2014_09_PHI_HOU,2014,9,0.5692562406658707,2.2526792555376027
2014_09_SD_MIA,2014,9,0.401769602769353,-3.714999139905091
2014_09_STL_SF,2014,9,0.7370703843907861,7.299809611320723
2014_09_TB_CLE,2014,9,0.6172773787114679,3.133737045466249
2014_09_WAS_MIN,2014,9,0.5125539066180969,-0.2999427886785848
2014_10_ATL_TB,2014,10,0.4250932743949883,-0.8635800343719073
2014_10_CAR_PHI,2014,10,0.35375857134625577,-3.2270296977275326
2014_10_CHI_GB,2014,10,0.7645461421629972,8.28711396659053
2014_10_CLE_CIN,2014,10,0.5852628372339362,3.841555905645521
2014_10_DAL_JAX,2014,10,0.16981489396451815,-10.134466082185487
2014_10_DEN_OAK,2014,10,0.3151424946645061,-5.767013791665684
2014_10_KC_BUF,2014,10,0.5030938749160476,1.3141954024382965
2014_10_MIA_DET,2014,10,0.641663351250733,3.75648420335373
2014_10_NYG_SEA,2014,10,0.5872601234645068,4.0987772029098934
2014_10_PIT_NYJ,2014,10,0.2963926829740955,-5.113851518850397
2014_10_SF_NO,2014,10,0.6636222857085343,5.354504563028929
2014_10_STL_ARI,2014,10,0.6851891009563127,5.454170519176788
2014_10_TEN_BAL,2014,10,0.6851466383729429,5.648700761694618
2014_11_ATL_CAR,2014,11,0.4782355858321585,-0.1711447437364786
2014_11_BUF_MIA,2014,11,0.5627288131140566,2.1557068995428015
2014_11_CIN_NO,2014,11,0.7518290268719836,7.7671062685287
2014_11_DEN_STL,2014,11,0.2644341995431528,-7.054549539168339
2014_11_DET_ARI,2014,11,0.5659447008965045,2.1094126962201916
2014_11_HOU_CLE,2014,11,0.6811330586950406,4.815141349764868
2014_11_MIN_CHI,2014,11,0.5290574242484233,2.1582552850667227
2014_11_NE_IND,2014,11,0.5869706789248262,2.115817893716236
2014_11_OAK_SD,2014,11,0.816350748078954,11.443651469235238
2014_11_PHI_GB,2014,11,0.8688607579943487,13.547664928411908
2014_11_PIT_TEN,2014,11,0.3282612926132474,-5.424090247141234
2014_11_SEA_KC,2014,11,0.5709306747664566,1.499632820808143
2014_11_SF_NYG,2014,11,0.558081101871311,1.7589267488033662
2014_11_TB_WAS,2014,11,0.5969017537339139,2.7857906039290654
2014_12_ARI_SEA,2014,12,0.6516902004487448,5.624250886514413
2014_12_BAL_NO,2014,12,0.6150872524625671,4.482587717663661
2014_12_CIN_HOU,2014,12,0.5058780564939156,1.0667848831937672
2014_12_CLE_ATL,2014,12,0.6881188113417293,6.843595021970348
2014_12_DAL_NYG,2014,12,0.3513245805935501,-3.6625572953563683
2014_12_DET_NE,2014,12,0.6953424547899218,6.816920942130658
2014_12_GB_MIN,2014,12,0.25018942381321674,-7.307127846299591
2014_12_JAX_IND,2014,12,0.7142550812360308,7.08557504825889
2014_12_KC_OAK,2014,12,0.3592608804029183,-3.2646114781405045
2014_12_MIA_DEN,2014,12,0.69470041510769,6.773349883264239
2014_12_NYJ_BUF,2014,12,0.43232130077314995,-1.4925049187531867
2014_12_STL_SD,2014,12,0.7786075165968749,9.547791345899174
2014_12_TB_CHI,2014,12,0.5064034119834552,0.12191973217268215
2014_12_TEN_PHI,2014,12,0.48011204192943613,0.18144206062931278
2014_12_WAS_SF,2014,12,0.6568254500618705,4.277435895049262
2014_13_ARI_ATL,2014,13,0.6229905130653028,4.954789418594029
2014_13_CAR_MIN,2014,13,0.4941412498742542,-0.5219716711243203
2014_13_CHI_DET,2014,13,0.6559147016141323,3.174422751982746
2014_13_CIN_TB,2014,13,0.6115974620777546,3.922923663096771
2014_13_CLE_BUF,2014,13,0.6607220212002958,5.2409992192592885
2014_13_DEN_KC,2014,13,0.537251462850559,-0.08213032708960899
2014_13_MIA_NYJ,2014,13,0.43146411050025574,-2.1333655057561183
2014_13_NE_GB,2014,13,0.6807478392787515,5.5567343554107715
2014_13_NO_PIT,2014,13,0.6077708220262137,3.498183301356772
2014_13_NYG_JAX,2014,13,0.42868109402489424,-1.9527838901155592
2014_13_OAK_STL,2014,13,0.5055531269813086,1.288084451551923
2014_13_PHI_DAL,2014,13,0.8411228655227424,11.610789581519267
2014_13_SD_BAL,2014,13,0.5229373090460337,-0.25136610782829916
2014_13_SEA_SF,2014,13,0.508971789722401,0.42959004907370524
2014_13_TEN_HOU,2014,13,0.7039079470024985,6.1783156959310865
2014_13_WAS_IND,2014,13,0.6659463467160139,4.970163155371141
2014_14_ATL_GB,2014,14,0.7585352910914883,7.993608812711272
2014_14_BAL_MIA,2014,14,0.5033264759391557,1.2724454239100074
2014_14_BUF_DEN,2014,14,0.7272234803760069,7.95236350408211
2014_14_CAR_NO,2014,14,0.7510286912831328,8.41441240729637
2014_14_DAL_CHI,2014,14,0.4108621128137855,-2.097027708471673
2014_14_HOU_JAX,2014,14,0.35681266903601916,-3.623634565542826
2014_14_IND_CLE,2014,14,0.4204381612316757,-2.8484433736892942
2014_14_KC_ARI,2014,14,0.44460608173597543,-0.7701384302431085
2014_14_NE_SD,2014,14,0.5554007786042034,2.8504057035252246
2014_14_NYG_TEN,2014,14,0.4356925572754619,-1.0306154177278666
2014_14_NYJ_MIN,2014,14,0.6577349019218841,4.972135392703276
2014_14_PIT_CIN,2014,14,0.4700690344323278,-1.104434730496605
2014_14_SEA_PHI,2014,14,0.3548194463249876,-4.046452852418579
2014_14_SF_OAK,2014,14,0.4415379625808572,-2.1906256667919335
2014_14_STL_WAS,2014,14,0.6085393508707017,4.516452778244572
2014_14_TB_DET,2014,14,0.6459221590548363,3.057532118471059
2014_15_ARI_STL,2014,15,0.5585628915074371,1.9485137082092558
2014_15_CIN_CLE,2014,15,0.4887341655035491,-0.10563025304869855
2014_15_DAL_PHI,2014,15,0.26222684048205397,-6.711119319657134
2014_15_DEN_SD,2014,15,0.5268893241844071,1.343152337116367
2014_15_GB_BUF,2014,15,0.2920536226190769,-5.6468436279333885
2014_15_HOU_IND,2014,15,0.6105496744562225,3.461926562707273
2014_15_JAX_BAL,2014,15,0.796859252047841,10.012594101996498
2014_15_MIA_NE,2014,15,0.7217123491515477,6.532709099559957
2014_15_MIN_DET,2014,15,0.6824998994599704,4.63345416197316
2014_15_NO_CHI,2014,15,0.43458930714111443,-1.4084670627610638
2014_15_NYJ_TEN,2014,15,0.4325577538585111,0.3349632069337183
2014_15_OAK_KC,2014,15,0.7168542595619827,6.974780031481363
2014_15_PIT_ATL,2014,15,0.46505295364943755,-0.153583598987737
2014_15_SF_SEA,2014,15,0.6929483053680264,6.177721766523001
2014_15_TB_CAR,2014,15,0.47441365246586725,0.061013138196207795
2014_15_WAS_NYG,2014,15,0.6848739125046898,5.113443517468159
2014_16_ATL_NO,2014,16,0.6425499936058655,4.665019525797293
2014_16_BAL_HOU,2014,16,0.2720886986372319,-5.581182898431153
2014_16_BUF_OAK,2014,16,0.4432907334692538,-1.3244333658797625
2014_16_CLE_CAR,2014,16,0.7893124255918545,9.00131613139622
2014_16_DEN_CIN,2014,16,0.45567958454175733,-1.8173135774137492
2014_16_DET_CHI,2014,16,0.3491724305309032,-3.279132079541589
2014_16_GB_TB,2014,16,0.3137364092875682,-4.613090870428488
2014_16_IND_DAL,2014,16,0.6737136724235897,5.701006580272105
2014_16_KC_PIT,2014,16,0.6760947366687521,6.095667745131266
2014_16_MIN_MIA,2014,16,0.6509737078208566,4.607554433570904
2014_16_NE_NYJ,2014,16,0.3346302529889112,-4.9547867806850565
2014_16_NYG_STL,2014,16,0.49847241497060046,-0.02639667630968079
2014_16_PHI_WAS,2014,16,0.627506597949808,4.598235741916831
2014_16_SD_SF,2014,16,0.4766793088205778,-0.9436414817860173
2014_16_SEA_ARI,2014,16,0.25575902718647103,-7.979112756564093
2014_16_TEN_JAX,2014,16,0.5844624890874713,1.7712165603751604
2014_17_ARI_SF,2014,17,0.8416789825705825,12.545041215070963
2014_17_BUF_NE,2014,17,0.4959479529441055,0.5162330097950742
2014_17_CAR_ATL,2014,17,0.6320761099372056,4.761470023879058
2014_17_CHI_MIN,2014,17,0.6396972203694401,3.9106916736607458
2014_17_CIN_PIT,2014,17,0.7686970852041107,8.39392291417532
2014_17_CLE_BAL,2014,17,0.8191330825043178,9.727506189025856
2014_17_DAL_WAS,2014,17,0.3274272012496191,-4.280850857228077
2014_17_DET_GB,2014,17,0.7586428741659558,8.994197197842894
2014_17_IND_TEN,2014,17,0.5299586587658266,0.8514937175872221
2014_17_JAX_HOU,2014,17,0.49723392550512185,0.9007067587312303
2014_17_NO_TB,2014,17,0.42001210109651044,-2.6967488036346
2014_17_NYJ_MIA,2014,17,0.7315827857324779,7.5426183671376235
2014_17_OAK_DEN,2014,17,0.7855793193554014,11.106225706250008
2014_17_PHI_NYG,2014,17,0.7099488530514998,6.41757297337938
2014_17_SD_KC,2014,17,0.275110843613218,-6.196121170015531
2014_17_STL_SEA,2014,17,0.7507378760228393,8.499602187721965
2014_18_ARI_CAR,2014,18,0.8186454882526216,10.97486973521044
2014_18_BAL_PIT,2014,18,0.6513961175422374,5.5114996490188775
2014_18_CIN_IND,2014,18,0.6599810520682877,4.607454767361954
2014_18_DET_DAL,2014,18,0.7090895488418746,7.903181648894051
2014_19_BAL_NE,2014,19,0.6692072586668337,5.705799963461475
2014_19_CAR_SEA,2014,19,0.7117626514591063,7.254318034388839
2014_19_DAL_GB,2014,19,0.7120889374139284,5.933818115860791
2014_19_IND_DEN,2014,19,0.6867923452511282,6.392044633478719
2014_20_GB_SEA,2014,20,0.4727548514916547,-0.0518579023731065
2014_20_IND_NE,2014,20,0.626933357019131,4.272284546762609
2014_21_NE_SEA,2014,21,0.3255947470538264,-3.7497265211473314
2015_01_BAL_DEN,2015,1,0.61350513357889,4.402765339614538
2015_01_CAR_JAX,2015,1,0.4213405273223993,-2.8904457624052746
2015_01_CIN_OAK,2015,1,0.5075991138703855,-0.2184023721885704
2015_01_CLE_NYJ,2015,1,0.5706736589320431,2.7906936757260152
2015_01_DET_SD,2015,1,0.6273570343880748,4.625405423695711
2015_01_GB_CHI,2015,1,0.382514306262575,-4.138438102479708
2015_01_IND_BUF,2015,1,0.4170667818099232,-2.493408323472454
2015_01_KC_HOU,2015,1,0.4512013094204926,-1.5471236209719672
2015_01_MIA_WAS,2015,1,0.4974417077438901,0.15597668152167854
2015_01_MIN_SF,2015,1,0.6028945846673822,3.493450012058455
2015_01_NO_ARI,2015,1,0.4941463425033137,-0.5470014735671258
2015_01_NYG_DAL,2015,1,0.6908213506924359,6.461934900236005
2015_01_PHI_ATL,2015,1,0.6889043074363745,6.451799265414627
2015_01_PIT_NE,2015,1,0.5972671846339614,3.2502433460825055
2015_01_SEA_STL,2015,1,0.47438166624804595,-0.6192415564503939
2015_01_TEN_TB,2015,1,0.5939718481067631,2.8472918189650485
2015_02_ARI_CHI,2015,2,0.5119108355179263,0.4642364226681348
2015_02_ATL_NYG,2015,2,0.5650037990948293,1.6681805250179
2015_02_BAL_OAK,2015,2,0.5051188987807463,-0.5573216507053993
2015_02_DAL_PHI,2015,2,0.45916164012314087,-2.01131387886267
2015_02_DEN_KC,2015,2,0.6157828306009415,2.7379863108265057
2015_02_DET_MIN,2015,2,0.503900850299696,0.5172469374931881
2015_02_HOU_CAR,2015,2,0.6365613278151904,4.513767642769074
2015_02_MIA_JAX,2015,2,0.35382182138024926,-4.382556370951963
2015_02_NE_BUF,2015,2,0.40073562284031783,-3.397042182414574
2015_02_NYJ_IND,2015,2,0.6722397477605336,4.813109139074558
2015_02_SD_CIN,2015,2,0.5578044459298855,1.0130203421658837
2015_02_SEA_GB,2015,2,0.7039861902977739,6.628174804957452
2015_02_SF_PIT,2015,2,0.711137387700442,6.96049353686017
2015_02_STL_WAS,2015,2,0.5058431559029665,0.05213256612835382
2015_02_TB_NO,2015,2,0.7685916236458783,9.982071404028622
2015_02_TEN_CLE,2015,2,0.2998588050972649,-6.343600930150275
2015_03_ATL_DAL,2015,3,0.43384021617377283,-2.0550131375551057
2015_03_BUF_MIA,2015,3,0.6284439477895366,3.9848961799182643
2015_03_CHI_SEA,2015,3,0.8402182799934749,12.890014823021243
2015_03_CIN_BAL,2015,3,0.5597583354272047,2.300908078520135
2015_03_DEN_DET,2015,3,0.5459020686542595,0.5759499639085894
2015_03_IND_TEN,2015,3,0.6282330902372338,3.9992750950951246
2015_03_JAX_NE,2015,3,0.8416580779395247,13.243341482565882
2015_03_KC_GB,2015,3,0.6923345796472239,6.941849259717797
2015_03_NO_CAR,2015,3,0.7606863642560301,8.124751373574426
2015_03_OAK_CLE,2015,3,0.5317643286144084,2.1458154208925126
2015_03_PHI_NYJ,2015,3,0.7005342076601379,6.588745587255904
2015_03_PIT_STL,2015,3,0.3321423540571707,-4.690896435852347
2015_03_SD_MIN,2015,3,0.4890199307664575,-0.7086316490661972
2015_03_SF_ARI,2015,3,0.6196707681594632,3.4694745276373053
2015_03_TB_HOU,2015,3,0.6330450876261996,3.908435483124331
2015_03_WAS_NYG,2015,3,0.6358152923309731,4.25201361601477
2015_04_BAL_PIT,2015,4,0.3131085924144547,-4.857348156863677
2015_04_CAR_TB,2015,4,0.4220062559437287,-2.37641413757268
2015_04_CLE_SD,2015,4,0.5719895986462948,3.498653908287013
2015_04_DAL_NO,2015,4,0.6828405484199065,6.549903972252782
2015_04_DET_SEA,2015,4,0.6473268656937956,5.357619876370916
2015_04_GB_SF,2015,4,0.3770493413828436,-4.064204484437154
2015_04_HOU_ATL,2015,4,0.7067654248656599,7.250644386916358
2015_04_JAX_IND,2015,4,0.59026409067564,3.737984012595951
2015_04_KC_CIN,2015,4,0.6350756649279945,4.118633606188341
2015_04_MIN_DEN,2015,4,0.6940153375121608,6.76456690658812
2015_04_NYG_BUF,2015,4,0.5118759320967728,1.2282508033839454
2015_04_NYJ_MIA,2015,4,0.3461665699755714,-3.4428620957568867
2015_04_OAK_CHI,2015,4,0.482752297137704,0.6969075489894991
2015_04_PHI_WAS,2015,4,0.6203645759528476,4.4089332462104
2015_04_STL_ARI,2015,4,0.7612386376163971,7.989965464665607
2015_05_ARI_DET,2015,5,0.3985916303899308,-2.3576147860857777
2015_05_BUF_TEN,2015,5,0.6371792305651934,4.307359883672034
2015_05_CHI_KC,2015,5,0.7211042113917623,6.6653329691834955
2015_05_CLE_BAL,2015,5,0.5539963276726169,1.9402817286901417
2015_05_DEN_OAK,2015,5,0.5815311481086689,0.79172066887893
2015_05_IND_HOU,2015,5,0.5241992233011937,0.3257273978665216
2015_05_JAX_TB,2015,5,0.4848134524662887,0.3434266467413636
2015_05_NE_DAL,2015,5,0.343900201476507,-5.117824168787759
2015_05_NO_PHI,2015,5,0.4749995094375272,-1.5130027824106573
2015_05_PIT_SD,2015,5,0.8385017984727023,11.933400202567718
2015_05_SEA_CIN,2015,5,0.684477575373965,4.702506597479252
2015_05_SF_NYG,2015,5,0.7018092956618966,5.91884313649414
2015_05_STL_GB,2015,5,0.7873822639809404,10.227387295014935
2015_05_WAS_ATL,2015,5,0.7307389132048001,7.147916774759132
2015_06_ARI_PIT,2015,6,0.1872496921790342,-9.353712817847711
2015_06_ATL_NO,2015,6,0.49730962957548874,0.9208055750184534
2015_06_BAL_SF,2015,6,0.5771551875074,2.4709259983683176
2015_06_CAR_SEA,2015,6,0.5647626523831879,2.906584875778731
2015_06_CHI_DET,2015,6,0.5436913647715579,1.8602589372612524
2015_06_CIN_BUF,2015,6,0.3031772812691006,-5.66120518600656
2015_06_DEN_CLE,2015,6,0.6546299122272011,3.904062835794692
2015_06_HOU_JAX,2015,6,0.529137814452013,0.5778489842801786
2015_06_KC_MIN,2015,6,0.5875032058329833,2.7520968653074305
2015_06_MIA_TEN,2015,6,0.6239412344247273,3.8832696884220024
2015_06_NE_IND,2015,6,0.4112126761718262,-2.5654785252783157
2015_06_NYG_PHI,2015,6,0.47718580070804606,-0.7900714424179891
2015_06_SD_GB,2015,6,0.7510489978970216,7.854066238675291
2015_06_WAS_NYJ,2015,6,0.7353705817499184,7.1934022691846184
2015_07_ATL_TEN,2015,7,0.22498950265743822,-8.218680980464995
2015_07_BAL_ARI,2015,7,0.6465660426142275,4.709027200727974
2015_07_BUF_JAX,2015,7,0.5515337095740281,1.4493057656126669
2015_07_CLE_STL,2015,7,0.4830862770710321,0.05036305248163053
2015_07_DAL_NYG,2015,7,0.6980441062769954,6.532759691693413
2015_07_HOU_MIA,2015,7,0.4932452836855948,0.5132059096778274
2015_07_MIN_DET,2015,7,0.6054152272641546,3.188095255044328
2015_07_NO_IND,2015,7,0.48894056084451004,-0.44093284512838604
2015_07_NYJ_NE,2015,7,0.6867168348124759,6.247874064160272
2015_07_OAK_SD,2015,7,0.599364190912008,4.630448989100556
2015_07_PHI_CAR,2015,7,0.6948423213570674,6.212462917542145
2015_07_PIT_KC,2015,7,0.6860735219145228,5.143324749815843
2015_07_SEA_SF,2015,7,0.5745875795905715,1.5571243473962109
2015_07_TB_WAS,2015,7,0.540521954936923,1.9227228046098024
2015_08_ARI_CLE,2015,8,0.42264347707770644,-1.8561038521030842
2015_08_CIN_PIT,2015,8,0.490709042053746,1.0631606832539764
2015_08_DET_KC,2015,8,0.3801721752078291,-2.168465825051224
2015_08_GB_DEN,2015,8,0.3757784976816811,-3.131863209285222
2015_08_IND_CAR,2015,8,0.6099364083168396,3.265560032772596
2015_08_MIA_NE,2015,8,0.7598357368899121,8.695540298780966
2015_08_MIN_CHI,2015,8,0.6699104502290493,4.917318892237589
2015_08_NYG_NO,2015,8,0.5980691242172801,3.7078031294781204
2015_08_NYJ_OAK,2015,8,0.5194292098115416,0.22715971805308133
2015_08_SD_BAL,2015,8,0.5904119939550396,1.9498284715674206
2015_08_SEA_DAL,2015,8,0.37106183484639566,-4.52204458751295
2015_08_SF_STL,2015,8,0.4724137431037424,-0.44175943753768543
2015_08_TB_ATL,2015,8,0.7078959627970348,6.651989828307691
2015_08_TEN_HOU,2015,8,0.848117264757104,11.740241000020248
2015_09_ATL_SF,2015,9,0.3184308855204874,-6.094080604281544
2015_09_CHI_SD,2015,9,0.6111484691602987,4.666315615013497
2015_09_CLE_CIN,2015,9,0.8974887125146738,15.239418265752912
2015_09_DEN_IND,2015,9,0.5346114954457927,0.5944242227120311
2015_09_GB_CAR,2015,9,0.4580496816250987,-1.9816268467978073
2015_09_JAX_NYJ,2015,9,0.6723600836551601,6.0688375837640365
2015_09_MIA_BUF,2015,9,0.6410845090821231,4.730817166928896
2015_09_NYG_TB,2015,9,0.5108053591313889,0.45131031371936636
2015_09_OAK_PIT,2015,9,0.6419536807202935,5.617245829877962
2015_09_PHI_DAL,2015,9,0.46498357143811314,-0.7273592458869169
2015_09_STL_MIN,2015,9,0.7221848624927302,6.77484228138046
2015_09_TEN_NO,2015,9,0.7244239059671095,7.784664962678984
2015_09_WAS_NE,2015,9,0.7315708052612292,7.77262565388664
2015_10_ARI_SEA,2015,10,0.4293593099505987,-1.0056606203558474
2015_10_BUF_NYJ,2015,10,0.572031209288948,2.059145067717938
2015_10_CAR_TEN,2015,10,0.5461425486894189,2.0250999973404187
2015_10_CHI_STL,2015,10,0.4464876188299918,-0.9974996947100667
2015_10_CLE_PIT,2015,10,0.71831671838639,7.099786483632644
2015_10_DAL_TB,2015,10,0.6654759993186617,5.519969395191197
2015_10_DET_GB,2015,10,0.733093760521034,7.88649721961301
2015_10_HOU_CIN,2015,10,0.6639718936886723,5.319693251794414
2015_10_JAX_BAL,2015,10,0.6835688693390729,6.5688168307845345
2015_10_KC_DEN,2015,10,0.5050107815858971,1.110692753374832
2015_10_MIA_PHI,2015,10,0.5680162632307476,1.5550316650719749
2015_10_MIN_OAK,2015,10,0.6419419584341958,3.613392062061228
2015_10_NE_NYG,2015,10,0.4281907988304853,-2.0949069334502957
2015_10_NO_WAS,2015,10,0.4940160469120639,-0.6916264378282899
2015_11_BUF_NE,2015,11,0.6853380867393507,5.821548390197712
2015_11_CIN_ARI,2015,11,0.6347932725321117,4.42588498265947
2015_11_DAL_MIA,2015,11,0.4682092530496467,-1.1200244201199205
2015_11_DEN_CHI,2015,11,0.7539733525584938,7.881788946559285
2015_11_GB_MIN,2015,11,0.4640934942089455,-1.3351995604315223
2015_11_IND_ATL,2015,11,0.7727370739628622,8.654108550569847
2015_11_KC_SD,2015,11,0.6384490438121508,5.00767508650803
2015_11_NYJ_HOU,2015,11,0.28904280036088914,-5.784306377508553
2015_11_OAK_DET,2015,11,0.5251212680476277,1.5262125978952925
2015_11_SF_SEA,2015,11,0.6280330383551433,5.575891888406476
2015_11_STL_BAL,2015,11,0.7260935029624715,7.560420325182628
2015_11_TB_PHI,2015,11,0.38689619896216776,-2.2983264272947235
2015_11_TEN_JAX,2015,11,0.5541469335318436,0.7457289183811566
2015_11_WAS_CAR,2015,11,0.5325915210185156,1.3271952168264647
2015_12_ARI_SF,2015,12,0.3479306965666345,-5.02492899687306
2015_12_BAL_CLE,2015,12,0.7490278041576333,7.562696256997992
2015_12_BUF_KC,2015,12,0.5901027377554773,2.5084152911773225
2015_12_CAR_DAL,2015,12,0.5919714652118409,3.8720218608767283
2015_12_CHI_GB,2015,12,0.7088163971209815,7.149619153534867
2015_12_MIA_NYJ,2015,12,0.7035997874152682,6.060224400083867
2015_12_MIN_ATL,2015,12,0.6137588954465331,3.622960418372444
2015_12_NE_DEN,2015,12,0.33011544660542314,-4.705594300734834
2015_12_NO_HOU,2015,12,0.4857194994950554,-1.3226726154769954
2015_12_NYG_WAS,2015,12,0.48851417666072583,-0.10596885722215355
2015_12_OAK_TEN,2015,12,0.578180717940024,3.2235412122406943
2015_12_PHI_DET,2015,12,0.7052283899613971,6.341780976249173
2015_12_PIT_SEA,2015,12,0.4193004491401724,-1.6366317655147462
2015_12_SD_JAX,2015,12,0.5649020579355714,0.46332895430194165
2015_12_STL_CIN,2015,12,0.8357428863069275,11.375829640504007
2015_12_TB_IND,2015,12,0.3879168271579769,-2.3214429003868933
2015_13_ARI_STL,2015,13,0.2590607000112606,-7.323700759108391
2015_13_ATL_TB,2015,13,0.5453431376488831,1.5733807766937473
2015_13_BAL_MIA,2015,13,0.5881744407503922,2.906785701534609
2015_13_CAR_NO,2015,13,0.522183609800925,1.7163683468114457
2015_13_CIN_CLE,2015,13,0.34523161080408254,-4.472541372166006
2015_13_DAL_WAS,2015,13,0.71787989017167,6.934561837613008
2015_13_DEN_SD,2015,13,0.7554615605907735,8.696552651843705
2015_13_GB_DET,2015,13,0.5009760037048412,-0.3559399635982574
2015_13_HOU_BUF,2015,13,0.5478547942663557,2.535995438406368
2015_13_IND_PIT,2015,13,0.8068516846104398,10.000093196958993
2015_13_JAX_TEN,2015,13,0.6205887533388298,4.523943710835859
2015_13_KC_OAK,2015,13,0.6004515996055264,2.4977787181902324
2015_13_NYJ_NYG,2015,13,0.5276022784385236,1.2813875294721484
2015_13_PHI_NE,2015,13,0.7381228713976319,8.229299815845781
2015_13_SEA_MIN,2015,13,0.49267423242516906,-0.37313725559105837
2015_13_SF_CHI,2015,13,0.6362835126776881,4.950116823392236
2015_14_ATL_CAR,2015,14,0.6042979509804252,3.021564063789417
2015_14_BUF_PHI,2015,14,0.47943253465610897,-0.9891237871154606
2015_14_DAL_GB,2015,14,0.7935570619427538,10.48949193990361
2015_14_DET_STL,2015,14,0.3873664683995938,-3.363733248162042
2015_14_IND_JAX,2015,14,0.7578330641892599,6.721779424326195
2015_14_MIN_ARI,2015,14,0.7767116907664438,9.034146879438754
2015_14_NE_HOU,2015,14,0.49905421152307206,-0.3801456493951907
2015_14_NO_TB,2015,14,0.6032750744634444,2.75813010399077
2015_14_NYG_MIA,2015,14,0.4384985245799145,-1.3490416240872851
2015_14_OAK_DEN,2015,14,0.41203410369591714,-1.438258965548047
2015_14_PIT_CIN,2015,14,0.5448737549220551,1.1512360725068167
2015_14_SD_KC,2015,14,0.6154447953589868,2.991953506620381
2015_14_SEA_BAL,2015,14,0.2186873363352996,-9.831593601567874
2015_14_SF_CLE,2015,14,0.48850720367157446,0.2019658052991664
2015_14_TEN_NYJ,2015,14,0.6912653147204016,5.661418820742892
2015_14_WAS_CHI,2015,14,0.5459576808523234,1.5288768361163132
2015_15_ARI_PHI,2015,15,0.338532248465293,-5.181627948586135
2015_15_ATL_JAX,2015,15,0.528473162406705,0.10017633588689812
2015_15_BUF_WAS,2015,15,0.5792696199839877,2.4089768304328545
2015_15_CAR_NYG,2015,15,0.5696369865030941,2.3123301848156057
2015_15_CHI_MIN,2015,15,0.5443077443997213,1.9014074557608698
2015_15_CIN_SF,2015,15,0.7425003424030295,6.777912984012914
2015_15_CLE_SEA,2015,15,0.7763876246845975,10.135998454575569
2015_15_DEN_PIT,2015,15,0.8528012503779807,12.708730311252015
2015_15_DET_NO,2015,15,0.7076158480088146,6.971279389038186
2015_15_GB_OAK,2015,15,0.4578687078803237,-1.7955582540307535
2015_15_HOU_IND,2015,15,0.5743335317203183,2.7711345585118226
2015_15_KC_BAL,2015,15,0.2975147093511299,-6.504012951502334
2015_15_MIA_SD,2015,15,0.703637472728454,6.714816923571775
2015_15_NYJ_DAL,2015,15,0.24849180363090922,-7.149740939494105
2015_15_TB_STL,2015,15,0.3430683283276584,-4.828821284528663
2015_15_TEN_NE,2015,15,0.6725524235253538,5.936014440632709
2015_16_CAR_ATL,2015,16,0.5169772025266547,0.99932812132228
2015_16_CHI_TB,2015,16,0.6671570827955188,5.2732569789692745
2015_16_CIN_DEN,2015,16,0.6769809550890388,4.99587028229987
2015_16_CLE_KC,2015,16,0.6706547419386607,6.0485254990292425
2015_16_DAL_BUF,2015,16,0.8365511621810592,11.729623679750565
2015_16_GB_ARI,2015,16,0.7225765554334863,6.5512503349547355
2015_16_HOU_TEN,2015,16,0.4021843085359128,-2.583448721002827
2015_16_IND_MIA,2015,16,0.6751241252471623,5.28668765467894
2015_16_JAX_NO,2015,16,0.6187323962937507,5.18494954703046
2015_16_NE_NYJ,2015,16,0.5953311643429833,2.5042534951032573
2015_16_NYG_MIN,2015,16,0.5408277328288301,1.5353269904218176
2015_16_PIT_BAL,2015,16,0.3247072691478804,-6.075542288753535
2015_16_SD_OAK,2015,16,0.4345526755084132,-2.3908750608532197
2015_16_SF_DET,2015,16,0.7428753901243927,7.9348967848769965
2015_16_STL_SEA,2015,16,0.7638355509660479,9.887370495532778
2015_16_WAS_PHI,2015,16,0.4183031942211614,-2.485559613973386
2015_17_BAL_CIN,2015,17,0.5030748420569087,1.4625731697240412
2015_17_DET_CHI,2015,17,0.5233705036875256,1.1782302481058422
2015_17_JAX_HOU,2015,17,0.5571663080512482,2.2490030812223427
2015_17_MIN_GB,2015,17,0.608907143320475,3.771438981640585
2015_17_NE_MIA,2015,17,0.4667621062256854,-1.3445370011273567
2015_17_NO_ATL,2015,17,0.5842552817297597,2.0710171412148344
2015_17_NYJ_BUF,2015,17,0.5227852420440985,1.4008416878353571
2015_17_OAK_KC,2015,17,0.6608213585599492,5.770664028220758
2015_17_PHI_NYG,2015,17,0.6680418113096105,5.52686142290491
2015_17_PIT_CLE,2015,17,0.1932998247541336,-9.99558137268455
2015_17_SD_DEN,2015,17,0.482240702494026,-1.0058653231260184
2015_17_SEA_ARI,2015,17,0.6365131307070616,3.7859435575846856
2015_17_STL_SF,2015,17,0.5041231210008341,0.7553758910365898
2015_17_TB_CAR,2015,17,0.5371715058183881,1.3333772097281482
2015_17_TEN_IND,2015,17,0.506801311129001,0.9771258964754783
2015_17_WAS_DAL,2015,17,0.3458486444124554,-4.998936802723636
2015_18_GB_WAS,2015,18,0.7049171328509387,5.982335986883379
2015_18_KC_HOU,2015,18,0.4881905407067603,-0.41657322769045946
2015_18_PIT_CIN,2015,18,0.3599871039564963,-3.9025484598851037
2015_18_SEA_MIN,2015,18,0.39781113926267175,-3.0769378352700816
2015_19_GB_ARI,2015,19,0.7803495523822457,8.902908081883892
2015_19_KC_NE,2015,19,0.7085004815031698,6.625433956698096
2015_19_PIT_DEN,2015,19,0.5020377417218652,0.4834709509042754
2015_19_SEA_CAR,2015,19,0.5459918155657341,1.1166647463410555
2015_20_ARI_CAR,2015,20,0.5096889598688815,0.36232620348379285
2015_20_NE_DEN,2015,20,0.37869353024124564,-2.783432436046774
2015_21_CAR_DEN,2015,21,0.17885092107797257,-8.74013923453494
2016_01_BUF_BAL,2016,1,0.48306302359993425,-0.42762224449454767
2016_01_CAR_DEN,2016,1,0.3955925247222272,-3.44060577841854
2016_01_CHI_HOU,2016,1,0.5359255334681603,1.1252899403749692
2016_01_CIN_NYJ,2016,1,0.6119860313651699,3.3591293952944294
2016_01_CLE_PHI,2016,1,0.5637468493461667,2.0621933821575857
2016_01_DET_IND,2016,1,0.5266706331016333,0.8640598536237063
2016_01_GB_JAX,2016,1,0.493888281611266,-0.274669863608036
2016_01_LA_SF,2016,1,0.5499996668575585,1.5783717810241509
2016_01_MIA_SEA,2016,1,0.7260303018799754,7.732942481484237
2016_01_MIN_TEN,2016,1,0.6410435470211581,4.776824421723987
2016_01_NE_ARI,2016,1,0.7639808463749361,9.474643967509905
2016_01_NYG_DAL,2016,1,0.41320999433563566,-2.8561338574872437
2016_01_OAK_NO,2016,1,0.7206307795218347,7.773193374110111
2016_01_PIT_WAS,2016,1,0.6097126839322572,3.167660170384659
2016_01_SD_KC,2016,1,0.5433842489848261,1.747967856337715
2016_01_TB_ATL,2016,1,0.5900120524385032,2.9341295296861483
2016_02_ATL_OAK,2016,2,0.5172570655284869,0.3911408464249626
2016_02_BAL_CLE,2016,2,0.5773719478316344,2.4316782361222504
2016_02_CIN_PIT,2016,2,0.616554439113276,3.7902506818477297
2016_02_DAL_WAS,2016,2,0.6885803471689241,6.511947507397126
2016_02_GB_MIN,2016,2,0.4604913074867746,-1.2524585292086838
2016_02_IND_DEN,2016,2,0.5064283628398054,0.11527737712313346
2016_02_JAX_SD,2016,2,0.6946994639392321,6.463871547261082
2016_02_KC_HOU,2016,2,0.5403269036896409,0.8874054038513435
2016_02_MIA_NE,2016,2,0.5991359443180985,3.263913240309013
2016_02_NO_NYG,2016,2,0.5142385100115713,0.21303618420548842
2016_02_NYJ_BUF,2016,2,0.5293544988709579,1.2118894592302982
2016_02_PHI_CHI,2016,2,0.6470895135716886,4.469874363732783
2016_02_SEA_LA,2016,2,0.34154460527223407,-5.545522591247498
2016_02_SF_CAR,2016,2,0.712500955891019,7.539839673845423
2016_02_TB_ARI,2016,2,0.6022842812769492,3.412492395104156
2016_02_TEN_DET,2016,2,0.7091696816244513,7.066703765783366
2016_03_ARI_BUF,2016,3,0.4894717279450501,0.06927739075864192
2016_03_ATL_NO,2016,3,0.5429404231399464,1.5772198205569898
2016_03_BAL_JAX,2016,3,0.474368497336194,-0.6378677362117298
2016_03_CHI_DAL,2016,3,0.7091151233927401,7.154442211563704
2016_03_CLE_MIA,2016,3,0.751623912154539,8.800590250176723
2016_03_DEN_CIN,2016,3,0.6842376427444985,6.458813533251698
2016_03_DET_GB,2016,3,0.5446773528693781,1.4688067669787406
2016_03_HOU_NE,2016,3,0.5355202373071926,0.9135356913047876
2016_03_LA_TB,2016,3,0.663957129196071,6.153391222755497
2016_03_MIN_CAR,2016,3,0.6943206171809807,6.514028511172896
2016_03_NYJ_KC,2016,3,0.427684000769027,-2.1355900983114475
2016_03_OAK_TEN,2016,3,0.5333598727458125,1.3274832229075746
2016_03_PIT_PHI,2016,3,0.411077280913899,-2.7964518893934143
2016_03_SD_IND,2016,3,0.4542312337496991,-1.1594235115989893
2016_03_SF_SEA,2016,3,0.6924597552053874,6.906061354843189
2016_03_WAS_NYG,2016,3,0.5461276092993665,1.5602415133738134
2016_04_BUF_NE,2016,4,0.5115926330629932,-0.29489432084193323
2016_04_CAR_ATL,2016,4,0.6603575693780757,5.200980062946348
2016_04_CLE_WAS,2016,4,0.782954516569756,10.049600591874343
2016_04_DAL_SF,2016,4,0.4465360467788692,-2.1187852787935793
2016_04_DEN_TB,2016,4,0.499673575146615,0.29748258465287547
2016_04_DET_CHI,2016,4,0.35729379625040825,-4.569965465546545
2016_04_IND_JAX,2016,4,0.3727585747076023,-3.36344498641363
2016_04_KC_PIT,2016,4,0.5847856002073619,2.905231407285972
2016_04_LA_ARI,2016,4,0.7781973476125037,10.156868168735794
2016_04_MIA_CIN,2016,4,0.7199191955460184,7.104455523592113
2016_04_NO_SD,2016,4,0.5447099285777203,1.5571627859287112
2016_04_NYG_MIN,2016,4,0.563493048481634,1.778322927148385
2016_04_OAK_BAL,2016,4,0.5384224589970493,1.3622154866034333
2016_04_SEA_NYJ,2016,4,0.4563386205332949,-1.095652164445461
2016_04_TEN_HOU,2016,4,0.5871450789924152,3.13014719219132
2016_05_ARI_SF,2016,5,0.6752179929751139,5.8488075811926645
2016_05_ATL_DEN,2016,5,0.41619923498351996,-2.881481923143781
2016_05_BUF_LA,2016,5,0.43420829736280836,-2.603139967495405
2016_05_CHI_IND,2016,5,0.6736521665081384,5.209897671078126
2016_05_CIN_DAL,2016,5,0.5885472927181572,2.953881620120179
2016_05_HOU_MIN,2016,5,0.5398263426373124,1.764700902781189
2016_05_NE_CLE,2016,5,0.403286122902174,-2.9384075255229734
2016_05_NYG_GB,2016,5,0.6764663754111954,5.996302249051324
2016_05_NYJ_PIT,2016,5,0.6996989053548701,6.394894565060238
2016_05_PHI_DET,2016,5,0.49052526200117935,0.13481910761464277
2016_05_SD_OAK,2016,5,0.5256378643033981,0.9178915791733144
2016_05_TB_CAR,2016,5,0.5662961586858877,1.6885256167921756
2016_05_TEN_MIA,2016,5,0.5496532795738459,2.200224735071798
2016_05_WAS_BAL,2016,5,0.4939334583092564,-0.2880001976181674
2016_06_ATL_SEA,2016,6,0.5522745314088768,2.0089236964349784
2016_06_BAL_NYG,2016,6,0.659571543585914,5.069184759966772
2016_06_CAR_NO,2016,6,0.6742567415517196,5.980185600826108
2016_06_CIN_NE,2016,6,0.6239446448806043,4.369287073663574
2016_06_CLE_TEN,2016,6,0.7100992556319867,6.416479199490794
2016_06_DAL_GB,2016,6,0.5121140766326848,0.36716273696285606
2016_06_DEN_SD,2016,6,0.624765874623898,4.272706882752649
2016_06_IND_HOU,2016,6,0.5008648871679551,-0.05388350282947485
2016_06_JAX_CHI,2016,6,0.49404197798053756,0.38441509300374666
2016_06_KC_OAK,2016,6,0.49636897427731785,0.17057823009038753
2016_06_LA_DET,2016,6,0.6760165281094888,6.857743909599589
2016_06_NYJ_ARI,2016,6,0.6377716509285034,4.544680884663871
2016_06_PHI_WAS,2016,6,0.5160830788548401,0.8061089669879378
2016_06_PIT_MIA,2016,6,0.4399518770816049,-2.317921632370405
2016_06_SF_BUF,2016,6,0.6705818978509028,5.866007088715001
2016_07_BAL_NYJ,2016,7,0.5437807669121404,1.1481939869388842
2016_07_BUF_MIA,2016,7,0.46799548704213595,-1.135193936355567
2016_07_CHI_GB,2016,7,0.638735401872874,4.790421899393104
2016_07_CLE_CIN,2016,7,0.7509459915799824,8.318824571703558
2016_07_HOU_DEN,2016,7,0.7137929203852128,7.265990709233057
2016_07_IND_TEN,2016,7,0.7082674681201638,6.03693853480096
2016_07_MIN_PHI,2016,7,0.603125983601872,3.0126633780133143
2016_07_NE_PIT,2016,7,0.1886228901771249,-11.519065325521979
2016_07_NO_KC,2016,7,0.5561194796267953,1.5720114964348286
2016_07_NYG_LA,2016,7,0.33508403230197936,-4.529373640603405
2016_07_OAK_JAX,2016,7,0.5296251709375804,0.9259072203296019
2016_07_SD_ATL,2016,7,0.6314936942135072,4.233422401707422
2016_07_SEA_ARI,2016,7,0.5108782255802836,0.20773644928045432
2016_07_TB_SF,2016,7,0.5347626919203847,1.127377642377555
2016_07_WAS_DET,2016,7,0.56779816649673,2.5166052273870463
2016_08_ARI_CAR,2016,8,0.6117307481907865,3.4882632173555956
2016_08_DET_HOU,2016,8,0.38489883328514474,-4.02618031362206
2016_08_GB_ATL,2016,8,0.6906561733209111,6.0183781209764735
2016_08_JAX_TEN,2016,8,0.5919161998022638,3.215998342215455
2016_08_KC_IND,2016,8,0.4571468291588992,-0.7714232271521411
2016_08_MIN_CHI,2016,8,0.5030686708299063,0.3357716506491659
2016_08_NE_BUF,2016,8,0.3816512474367166,-3.2742593056476856
2016_08_NYJ_CLE,2016,8,0.5375598369978878,1.2439446880906582
2016_08_OAK_TB,2016,8,0.5434796306682451,1.6433344151568936
2016_08_PHI_DAL,2016,8,0.6976964034747708,7.2096017658841935
2016_08_SD_DEN,2016,8,0.46624400873099686,-1.076677029019816
2016_08_SEA_NO,2016,8,0.6569996940937519,4.763495905377136
2016_08_WAS_CIN,2016,8,0.47285677918717783,-0.21381974339394727
2016_09_ATL_TB,2016,9,0.4108884082933731,-2.841091839520331
2016_09_BUF_SEA,2016,9,0.5960393359124375,3.253430723398816
2016_09_CAR_LA,2016,9,0.5434159243214474,1.1546079891644145
2016_09_DAL_CLE,2016,9,0.5160956994876662,0.4073625732818855
2016_09_DEN_OAK,2016,9,0.6264150241990077,4.260027986775827
2016_09_DET_MIN,2016,9,0.44242117153509347,-1.9657030458835605
2016_09_IND_GB,2016,9,0.6371353822821172,4.918202118107953
2016_09_JAX_KC,2016,9,0.38746596451660253,-3.27554021525554
2016_09_NO_SF,2016,9,0.4375964745007861,-2.0215996201812523
2016_09_NYJ_MIA,2016,9,0.5601349927731589,2.2919584681944665
2016_09_PHI_NYG,2016,9,0.6170166527800647,4.022867661411804
2016_09_PIT_BAL,2016,9,0.4098181885683474,-2.9100234448632083
2016_09_TEN_SD,2016,9,0.5535134986235413,2.0240273563481206
2016_10_ATL_PHI,2016,10,0.40616742002297845,-3.5271281139479855
2016_10_CHI_TB,2016,10,0.5766105907678243,2.8693463334047706
2016_10_CIN_NYG,2016,10,0.40406761653318923,-2.9673521547436907
2016_10_CLE_BAL,2016,10,0.4307854231486599,-1.9969089611527657
2016_10_DAL_PIT,2016,10,0.433875958218334,-1.7944775721798223
2016_10_DEN_NO,2016,10,0.7480468982340509,8.823211097730699
2016_10_GB_TEN,2016,10,0.5875627586565405,2.3765364579247965
2016_10_HOU_JAX,2016,10,0.649424467962593,4.557047749189124
2016_10_KC_CAR,2016,10,0.5842032554562044,2.4396833089023184
2016_10_LA_NYJ,2016,10,0.5019420860318714,0.29946007886493664
2016_10_MIA_SD,2016,10,0.6256409120435416,4.65023196750188
2016_10_MIN_WAS,2016,10,0.6853958946801652,6.749818805176889
2016_10_SEA_NE,2016,10,0.7085607218275457,7.421853547204463
2016_10_SF_ARI,2016,10,0.7011919455802194,6.854858842434308
2016_11_ARI_MIN,2016,11,0.5378389304822567,1.1572193958973396
2016_11_BAL_DAL,2016,11,0.8129413822243708,11.772319045775411
2016_11_BUF_CIN,2016,11,0.5587492893550976,1.852909313597007
2016_11_CHI_NYG,2016,11,0.6766695929935039,5.890707705228446
2016_11_GB_WAS,2016,11,0.662121530588392,5.164009496483288
2016_11_HOU_OAK,2016,11,0.5994952563012843,4.1040965500263775
2016_11_JAX_DET,2016,11,0.7126913062080472,7.615992471682216
2016_11_MIA_LA,2016,11,0.5176141032576964,0.3147625804591385
2016_11_NE_SF,2016,11,0.42425781628187914,-3.311162755875708
2016_11_NO_CAR,2016,11,0.4859621993371867,-0.6118399192976223
2016_11_PHI_SEA,2016,11,0.6889537860261726,6.451518457908275
2016_11_PIT_CLE,2016,11,0.5813776552607614,1.9751423489623765
2016_11_TB_KC,2016,11,0.5357862034424185,1.3793830627661419
2016_11_TEN_IND,2016,11,0.5344397014186814,1.3152618710390371
2016_12_ARI_ATL,2016,12,0.7451492483184073,8.689659141998096
2016_12_CAR_OAK,2016,12,0.5900992278949537,2.7662672205200733
2016_12_CIN_BAL,2016,12,0.49383816467648645,-0.5403305866407018
2016_12_GB_PHI,2016,12,0.46901245095486854,-1.1248739338705622
2016_12_JAX_BUF,2016,12,0.6323771324559683,4.831367362639692
2016_12_KC_DEN,2016,12,0.6643966225718644,4.935241866677417
2016_12_LA_NO,2016,12,0.8363753891980538,13.34274209140041
2016_12_MIN_DET,2016,12,0.6967970495386377,6.57554863986906
2016_12_NE_NYJ,2016,12,0.4364753569100748,-2.3494490923729865
2016_12_NYG_CLE,2016,12,0.4913473292755348,-0.4749477452585009
2016_12_PIT_IND,2016,12,0.3164338121096787,-6.612801190609903
2016_12_SD_HOU,2016,12,0.3948654178491544,-3.3200042030743573
2016_12_SEA_TB,2016,12,0.5922039191347808,2.61444466813228
2016_12_SF_MIA,2016,12,0.5248877832357026,1.0204642216922597
2016_12_TEN_CHI,2016,12,0.29108938092904435,-7.162271137067745
2016_12_WAS_DAL,2016,12,0.6417446024655307,4.930987689217009
2016_13_BUF_OAK,2016,13,0.6321583186657689,3.676320569216233
2016_13_CAR_SEA,2016,13,0.6652739871099362,5.656100034582482
2016_13_DAL_MIN,2016,13,0.32519282537083094,-6.094845652820468
2016_13_DEN_JAX,2016,13,0.5666447331573904,2.8255340993195546
2016_13_DET_NO,2016,13,0.6265969040101578,4.091235580541173
2016_13_HOU_GB,2016,13,0.7686825545855481,9.417400966400027
2016_13_IND_NYJ,2016,13,0.5313434817475192,1.080524374929719
2016_13_KC_ATL,2016,13,0.6899605765019926,6.384771529177113
2016_13_LA_NE,2016,13,0.8384920447050782,13.817612982306034
2016_13_MIA_BAL,2016,13,0.5487778499454452,1.533365092127291
2016_13_NYG_PIT,2016,13,0.6593277661491443,5.780886573422807
2016_13_PHI_CIN,2016,13,0.6531459666971764,5.333972612811355
2016_13_SF_CHI,2016,13,0.3789441489909421,-3.9720947582838457
2016_13_TB_SD,2016,13,0.5526131963343289,1.8075444948701023
2016_13_WAS_ARI,2016,13,0.424752362448113,-2.7958100443634386
2016_14_ARI_MIA,2016,14,0.5112275095351704,0.41601109274067083
2016_14_ATL_LA,2016,14,0.29285464667772526,-7.816415600333426
2016_14_BAL_NE,2016,14,0.7607289358201103,9.433077057721842
2016_14_CHI_DET,2016,14,0.7036148016350708,7.151182695367716
2016_14_CIN_CLE,2016,14,0.4573699134123739,-2.0460068516341794
2016_14_DAL_NYG,2016,14,0.3636835690612256,-4.8117978558806564
2016_14_DEN_TEN,2016,14,0.6783872038049934,6.100001277550733
2016_14_HOU_IND,2016,14,0.7088253970603798,6.831782886832795
2016_14_MIN_JAX,2016,14,0.42122942995366625,-1.800252953537627
2016_14_NO_TB,2016,14,0.5024335920695564,0.26523384469508526
2016_14_NYJ_SF,2016,14,0.7435979919892609,8.583691620522117
2016_14_OAK_KC,2016,14,0.599204649658899,3.2148678196211233
2016_14_PIT_BUF,2016,14,0.5032942957511414,0.07649263561448594
2016_14_SD_CAR,2016,14,0.5279356245727779,0.942235220234263
2016_14_SEA_GB,2016,14,0.6104036687753136,3.4871476548490365
2016_14_WAS_PHI,2016,14,0.4046433932285398,-3.119538600737024
2016_15_CAR_WAS,2016,15,0.743007711086541,8.5035993744637
2016_15_CLE_BUF,2016,15,0.7149052683854289,7.742705036403846
2016_15_DET_NYG,2016,15,0.5170969968348088,0.12469373456138255
2016_15_GB_CHI,2016,15,0.43738105718867903,-2.1110399995512887
2016_15_IND_MIN,2016,15,0.5623767988075595,1.6615830676545287
2016_15_JAX_HOU,2016,15,0.555172257024604,1.8215208720332812
2016_15_LA_SEA,2016,15,0.8422297638259728,13.642089919783878
2016_15_MIA_NYJ,2016,15,0.5460556709907027,1.724230235501276
2016_15_NE_DEN,2016,15,0.4340547842348391,-2.404972733423718
2016_15_NO_ARI,2016,15,0.45694656101425535,-1.2914235971791257
2016_15_OAK_SD,2016,15,0.5605823273039929,2.1361966754455053
2016_15_PHI_BAL,2016,15,0.6130173559935337,3.3576403218184674
2016_15_PIT_CIN,2016,15,0.549282224837815,1.8130282659341592
2016_15_SF_ATL,2016,15,0.7153836856051036,7.621922928599495
2016_15_TB_DAL,2016,15,0.6285921230929941,4.437417034352016
2016_15_TEN_KC,2016,15,0.5653812998116275,2.2205037677972634
2016_16_ARI_SEA,2016,16,0.6627324463366383,5.491927902215408
2016_16_ATL_CAR,2016,16,0.46215825631013957,-1.641133179910839
2016_16_BAL_PIT,2016,16,0.6807175013101353,6.347744601622454
2016_16_CIN_HOU,2016,16,0.5105858630381435,-0.3434596286359288
2016_16_DEN_KC,2016,16,0.6788352493164167,5.5374488228993854
2016_16_DET_DAL,2016,16,0.6619987757154405,5.357849581569487
2016_16_IND_OAK,2016,16,0.501614958900182,0.25241824843429983
2016_16_MIA_BUF,2016,16,0.6265184650531397,4.342574096387173
2016_16_MIN_GB,2016,16,0.7304913049023889,7.964616983972878
2016_16_NYG_PHI,2016,16,0.5777279651696469,2.4959957099286214
2016_16_NYJ_NE,2016,16,0.8393198890123141,13.469521996780212
2016_16_SD_CLE,2016,16,0.48272134217826246,-1.0187735414313615
2016_16_SF_LA,2016,16,0.3576000142933339,-4.835575658589406
2016_16_TB_NO,2016,16,0.6250199826181987,4.174426385197042
2016_16_TEN_JAX,2016,16,0.3926380584931769,-3.0718407074671195
2016_16_WAS_CHI,2016,16,0.4782266807826064,-0.9304757118077949
2016_17_ARI_LA,2016,17,0.25023246001265864,-8.702089436449942
2016_17_BAL_CIN,2016,17,0.6118219597255703,4.25849912381628
2016_17_BUF_NYJ,2016,17,0.6790889538569629,6.1616879324920415
2016_17_CAR_TB,2016,17,0.6987912570678725,6.635346740635456
2016_17_CHI_MIN,2016,17,0.5330474321636008,1.7488814426616301
2016_17_CLE_PIT,2016,17,0.5119854009523983,0.4723654157257795
2016_17_DAL_PHI,2016,17,0.7419181029606248,8.206527477692962
2016_17_GB_DET,2016,17,0.48383677765194666,-0.5894194564615463
2016_17_HOU_TEN,2016,17,0.573916880309814,1.8681489287582904
2016_17_JAX_IND,2016,17,0.7016515554022424,6.9288082173530094
2016_17_KC_SD,2016,17,0.5035401540726621,0.6009092747303333
2016_17_NE_MIA,2016,17,0.45315929905039015,-2.0270029179980362
2016_17_NO_ATL,2016,17,0.5715053746033538,2.8528813355285747
2016_17_NYG_WAS,2016,17,0.7232109104233803,7.764106884574621
2016_17_OAK_DEN,2016,17,0.7436233110080461,8.457636372416928
2016_17_SEA_SF,2016,17,0.5140845729904473,0.2685692555280603
2016_18_DET_SEA,2016,18,0.5652056670971567,2.2287653291735556
2016_18_MIA_PIT,2016,18,0.6781336449016806,6.010238411262299
2016_18_NYG_GB,2016,18,0.7143874934486959,7.758772190337133
2016_18_OAK_HOU,2016,18,0.7389353683985379,8.221479132137317
2016_19_GB_DAL,2016,19,0.704531806942108,6.505544773216799
2016_19_HOU_NE,2016,19,0.8094794892045959,12.03576642990015
2016_19_PIT_KC,2016,19,0.5850288971862743,2.6119597540148978
2016_19_SEA_ATL,2016,19,0.7042192405020757,7.111850012631386
2016_20_GB_ATL,2016,20,0.7065591555223222,6.246795964731167
2016_20_PIT_NE,2016,20,0.651510211762048,5.393266243659439
2016_21_NE_ATL,2016,21,0.4478541807770496,-0.8105090989632489
2017_01_ARI_DET,2017,1,0.6114807310511066,3.630637118790969
2017_01_ATL_CHI,2017,1,0.32530336585499975,-5.988883008937837
2017_01_BAL_CIN,2017,1,0.6199966243780388,4.307871259819523
2017_01_CAR_SF,2017,1,0.5610665308146608,1.8916645022422012
2017_01_IND_LA,2017,1,0.5823065461968839,1.979229593546014
2017_01_JAX_HOU,2017,1,0.49276038406169087,0.2536271992393906
2017_01_KC_NE,2017,1,0.6977200258208472,6.949995820692136
2017_01_LAC_DEN,2017,1,0.4568881530196678,-1.0799278475553709
2017_01_NO_MIN,2017,1,0.5067729390359406,0.09240086911718315
2017_01_NYG_DAL,2017,1,0.7401723863160704,8.336407687825254
2017_01_NYJ_BUF,2017,1,0.7131332791331499,7.456682633341945
2017_01_OAK_TEN,2017,1,0.5988626708699829,3.1078378987384556
2017_01_PHI_WAS,2017,1,0.6795450261541193,6.304513450923837
2017_01_PIT_CLE,2017,1,0.43097611068767,-2.3729287703026682
2017_01_SEA_GB,2017,1,0.6865513830774146,6.248689078856414
2017_02_ARI_IND,2017,2,0.47315661422219446,-1.1356103647826328
2017_02_BUF_CAR,2017,2,0.513058649773626,0.2837527029633571
2017_02_CHI_TB,2017,2,0.7539611429696504,8.784072255620275
2017_02_CLE_BAL,2017,2,0.6118342505243207,3.729584377465883
2017_02_DAL_DEN,2017,2,0.4086428053345961,-2.7206630467939577
2017_02_DET_NYG,2017,2,0.4643379409587521,-1.0692172872165355
2017_02_GB_ATL,2017,2,0.6511910128184034,5.054295775542582
2017_02_HOU_CIN,2017,2,0.7855850218917378,9.437138445294115
2017_02_MIA_LAC,2017,2,0.6307957586531223,4.331728957679132
2017_02_MIN_PIT,2017,2,0.7269272601713715,8.163707904280693
2017_02_NE_NO,2017,2,0.5248396799259878,0.5977071401764591
2017_02_NYJ_OAK,2017,2,0.7453927040208815,8.58989373439663
2017_02_PHI_KC,2017,2,0.6787344240808906,6.118525712696695
2017_02_SF_SEA,2017,2,0.6962698408958766,6.795703033581782
2017_02_TEN_JAX,2017,2,0.4710303607777879,-1.007701113821688
2017_02_WAS_LA,2017,2,0.4100445353323888,-3.2632166422200233
2017_03_ATL_DET,2017,3,0.3789003473802484,-4.055645215575046
2017_03_BAL_JAX,2017,3,0.34111646732863704,-4.2252165227178295
2017_03_CIN_GB,2017,3,0.6996321374646204,6.910366692522448
2017_03_CLE_IND,2017,3,0.5208461565603284,1.3385051894561086
2017_03_DAL_ARI,2017,3,0.527088247893884,1.1010207258616367
2017_03_DEN_BUF,2017,3,0.6144932262379279,3.483785346567044
2017_03_HOU_NE,2017,3,0.8399113528459432,13.73373476055475
2017_03_KC_LAC,2017,3,0.5513329671998302,1.7886837425449913
2017_03_LA_SF,2017,3,0.5389479941702726,1.4210962052665936
2017_03_MIA_NYJ,2017,3,0.4555399577198317,-1.350214703698918
2017_03_NO_CAR,2017,3,0.5096815571399194,0.333328073482146
2017_03_NYG_PHI,2017,3,0.6058029558892905,3.6398743232151647
2017_03_OAK_WAS,2017,3,0.5482201608495205,1.6743086328844818
2017_03_PIT_CHI,2017,3,0.39877388158559,-3.461177384587899
2017_03_SEA_TEN,2017,3,0.5689845659085313,2.3605189823229
2017_03_TB_MIN,2017,3,0.4060465744029949,-2.9179949136395176
2017_04_BUF_ATL,2017,4,0.6687412769231545,5.8271694263222855
2017_04_CAR_NE,2017,4,0.793853840630608,11.04104344229708
2017_04_CHI_GB,2017,4,0.7775412737397771,10.33581543636522
2017_04_CIN_CLE,2017,4,0.5153451490419371,0.003699625269170781
2017_04_DET_MIN,2017,4,0.49910115734999555,-0.0857726796180378
2017_04_IND_SEA,2017,4,0.730721021933878,7.837398421847098
2017_04_JAX_NYJ,2017,4,0.5396731842906106,1.2117404626449437
2017_04_LA_DAL,2017,4,0.6450480842909438,4.992439958029284
2017_04_NO_MIA,2017,4,0.24248796332975878,-8.314384465160002
2017_04_NYG_TB,2017,4,0.6193991629149,3.964954358701291
2017_04_OAK_DEN,2017,4,0.5415574361309826,1.479003407390172
2017_04_PHI_LAC,2017,4,0.6421118713540563,4.845477464378748
2017_04_PIT_BAL,2017,4,0.4660228657443757,-1.1620505428316554
2017_04_SF_ARI,2017,4,0.6433122671273837,4.862225742094381
2017_04_TEN_HOU,2017,4,0.4522782843446387,-1.8552113732249187
2017_04_WAS_KC,2017,4,0.5371361757959321,0.9590585156953433
2017_05_ARI_PHI,2017,5,0.6012300583519612,3.206865425905798
2017_05_BAL_OAK,2017,5,0.545029034867858,1.3835997780919518
2017_05_BUF_CIN,2017,5,0.5367394273664382,1.2062129380461892
2017_05_CAR_DET,2017,5,0.5928986796528933,3.372219110872943
2017_05_GB_DAL,2017,5,0.520645496795313,0.24165438225949964
2017_05_JAX_PIT,2017,5,0.6801194839799183,6.0331102779615975
2017_05_KC_HOU,2017,5,0.5493741635386588,1.5481688034113454
2017_05_LAC_NYG,2017,5,0.47081024034192126,-0.9681123160088925
2017_05_MIN_CHI,2017,5,0.4231754535548639,-2.6445015644531913
2017_05_NE_TB,2017,5,0.39941588378819337,-3.713266389036131
2017_05_NYJ_CLE,2017,5,0.46078175790395826,-1.2050166439778733
2017_05_SEA_LA,2017,5,0.5301324786442754,0.6071282303354604
2017_05_SF_IND,2017,5,0.4978649496323785,0.802023828669262
2017_05_TEN_MIA,2017,5,0.7595114802783081,9.079817012528368
2017_06_CHI_BAL,2017,6,0.6485528098938889,5.0431030981844645
2017_06_CLE_HOU,2017,6,0.634724329760053,4.401083581456089
2017_06_DET_NO,2017,6,0.757445554404566,9.225527245877432
2017_06_GB_MIN,2017,6,0.37043359033663703,-3.873145944467399
2017_06_IND_TEN,2017,6,0.7186921362266658,7.64041110260135
2017_06_LAC_OAK,2017,6,0.5121124077311395,0.45837911568141987
2017_06_LA_JAX,2017,6,0.5365230077164485,1.2943687935433794
2017_06_MIA_ATL,2017,6,0.8056918825480125,11.714891763041257
2017_06_NE_NYJ,2017,6,0.2971857231246699,-7.110430187969305
2017_06_NYG_DEN,2017,6,0.6953250206029713,6.489808798606741
2017_06_PHI_CAR,2017,6,0.5617869928319829,1.9635397002146902
2017_06_PIT_KC,2017,6,0.6201604776525839,4.418289038177165
2017_06_SF_WAS,2017,6,0.7357611801062625,8.229957951361358
2017_06_TB_ARI,2017,6,0.550195565413655,1.614625340500819
2017_07_ARI_LA,2017,7,0.33903321279157717,-4.614561990569033
2017_07_ATL_NE,2017,7,0.6183986291371635,3.9408219543768253
2017_07_BAL_MIN,2017,7,0.609875373609539,3.5971708210596054
2017_07_CAR_CHI,2017,7,0.3970650909922373,-3.3465203986131313
2017_07_CIN_PIT,2017,7,0.559888675178333,1.5838510373130166
2017_07_DAL_SF,2017,7,0.41637145971658335,-2.664380411403178
2017_07_DEN_LAC,2017,7,0.7122028464272265,6.895241249140101
2017_07_JAX_IND,2017,7,0.5374356979165099,1.376717396237515
2017_07_KC_OAK,2017,7,0.4641211505912629,-1.4183741689181804
2017_07_NO_GB,2017,7,0.23452291131766,-9.625089995718632
2017_07_NYJ_MIA,2017,7,0.5003750727002351,0.35349421004114134
2017_07_SEA_NYG,2017,7,0.4438362907538829,-1.6251851359298342
2017_07_TB_BUF,2017,7,0.5734753365806928,2.791019342385143
2017_07_TEN_CLE,2017,7,0.38385593047657374,-4.443605050220647
2017_07_WAS_PHI,2017,7,0.5410085148683041,1.2837976622534386
2017_08_ATL_NYJ,2017,8,0.3757639446889765,-4.244469043145077
2017_08_CAR_TB,2017,8,0.6603699094621385,5.283551445213392
2017_08_CHI_NO,2017,8,0.8157669552590415,11.985159201593422
2017_08_DAL_WAS,2017,8,0.515734878195502,0.489768975802916
2017_08_DEN_KC,2017,8,0.7719062267704395,9.700999683756072
2017_08_HOU_SEA,2017,8,0.5708505835606138,2.2918661397523623
2017_08_IND_CIN,2017,8,0.7461503201331209,8.723197048110942
2017_08_LAC_NE,2017,8,0.7066603333056637,7.156762652087924
2017_08_MIA_BAL,2017,8,0.5172848471089421,0.7040952588018992
2017_08_MIN_CLE,2017,8,0.28094305233188727,-7.133330389101962
2017_08_OAK_BUF,2017,8,0.5651286384894972,2.6161573182597584
2017_08_PIT_DET,2017,8,0.5413162269149382,1.531287142250101
2017_08_SF_PHI,2017,8,0.7613553916252295,9.365575842240675
2017_09_ARI_SF,2017,9,0.4722823346033673,-0.7048383542933663
2017_09_ATL_CAR,2017,9,0.4259618417031746,-2.5229163624777287
2017_09_BAL_TEN,2017,9,0.7597552581520296,8.807441124961045
2017_09_BUF_NYJ,2017,9,0.4922000182056997,-0.609971331165045
2017_09_CIN_JAX,2017,9,0.601882474049298,3.1338289858678454
2017_09_DEN_PHI,2017,9,0.7340459379247609,8.359846706128872
2017_09_DET_GB,2017,9,0.48311687197342357,-0.5468615584178296
2017_09_IND_HOU,2017,9,0.5051449257168804,-0.07602160696374183
2017_09_KC_DAL,2017,9,0.6024653151035984,3.2453070030488638
2017_09_LA_NYG,2017,9,0.45319964704154986,-1.4252839076053205
2017_09_OAK_MIA,2017,9,0.500856925067538,0.07437274485828382
2017_09_TB_NO,2017,9,0.6673713712595443,5.570551592863222
2017_09_WAS_SEA,2017,9,0.6142611793585812,3.1547751327313507
2017_10_CIN_TEN,2017,10,0.6336127918421134,4.434001760744478
2017_10_CLE_DET,2017,10,0.7020419008705626,7.162998762346264
2017_10_DAL_ATL,2017,10,0.5795056265936882,2.313675879120159
2017_10_GB_CHI,2017,10,0.6071300832212168,3.5193050207778995
2017_10_HOU_LA,2017,10,0.7864246884250834,10.734278419800372
2017_10_LAC_JAX,2017,10,0.5043565259654931,0.14908485268602378
2017_10_MIA_CAR,2017,10,0.6055064418109655,3.4953013063236282
2017_10_MIN_WAS,2017,10,0.621772741498716,4.464406594070719
2017_10_NE_DEN,2017,10,0.3139095152527084,-7.094266522497804
2017_10_NO_BUF,2017,10,0.47949709978585175,-0.25808802503819006
2017_10_NYG_SF,2017,10,0.44881399088104645,-1.2131419305517412
2017_10_NYJ_TB,2017,10,0.5005676194263351,0.041112142940869845
2017_10_PIT_IND,2017,10,0.3349712109757543,-5.209417247368512
2017_10_SEA_ARI,2017,10,0.47432093995339664,-1.3343785823900056
2017_11_ARI_HOU,2017,11,0.36779965600119746,-4.148782042970534
2017_11_ATL_SEA,2017,11,0.5255503408029448,0.5459116527545178
2017_11_BAL_GB,2017,11,0.48218311310027534,-0.3357208877408451
2017_11_BUF_LAC,2017,11,0.6823948040766842,5.851875685589643
2017_11_CIN_DEN,2017,11,0.47768402553415795,-0.4231566937337705
2017_11_DET_CHI,2017,11,0.38402986445389503,-3.796429339989706
2017_11_JAX_CLE,2017,11,0.5098654871216166,-0.3926326883564202
2017_11_KC_NYG,2017,11,0.40319906536244565,-3.525223880422898
2017_11_LA_MIN,2017,11,0.5096810243501343,0.18846992338143043
2017_11_NE_OAK,2017,11,0.35985686403189776,-4.357737924590552
2017_11_PHI_DAL,2017,11,0.49458055478468754,-0.18213061042041634
2017_11_TB_MIA,2017,11,0.5948649248402289,3.078772446633497
2017_11_TEN_PIT,2017,11,0.5667343753824691,2.31050412175766
2017_11_WAS_NO,2017,11,0.6961640740731782,6.018937896095579
2017_12_BUF_KC,2017,12,0.6826940347702617,5.657838262347079
2017_12_CAR_NYJ,2017,12,0.5554022721821044,1.813582545010373
2017_12_CHI_PHI,2017,12,0.7922957816391577,10.769476542888444
2017_12_CLE_CIN,2017,12,0.7555371940894635,9.280617895059935
2017_12_DEN_OAK,2017,12,0.712128672830062,7.334335665580072
2017_12_GB_PIT,2017,12,0.8024143316652053,11.66429541341606
2017_12_HOU_BAL,2017,12,0.731850905153712,7.931005330778774
2017_12_JAX_ARI,2017,12,0.48752001134951534,-0.4072426846087942
2017_12_LAC_DAL,2017,12,0.5560733682655414,1.7178615400796513
2017_12_MIA_NE,2017,12,0.7731953959579143,10.675146913192949
2017_12_MIN_DET,2017,12,0.5599675913733692,2.0385075102938233
2017_12_NO_LA,2017,12,0.45637153699521493,-1.0536804501311199
2017_12_NYG_WAS,2017,12,0.7095139669377029,7.581223301817825
2017_12_SEA_SF,2017,12,0.5395307354963127,1.057263541494365
2017_12_TB_ATL,2017,12,0.7572393934910362,9.312842154699418
2017_12_TEN_IND,2017,12,0.499455048193828,-0.2240305906461404
2017_13_CAR_NO,2017,13,0.724967532446731,7.760473046465302
2017_13_CLE_LAC,2017,13,0.8119893203954979,12.104155562080118
2017_13_DEN_MIA,2017,13,0.6153231947926948,3.9435618501541843
2017_13_DET_BAL,2017,13,0.4546991612338572,-1.619159805645125
2017_13_HOU_TEN,2017,13,0.8056474601673975,11.367939867678746
2017_13_IND_JAX,2017,13,0.6329305192630553,4.69431190147743
2017_13_KC_NYJ,2017,13,0.5176564341152546,0.3989492963652279
2017_13_LA_ARI,2017,13,0.3808794574919117,-3.8203005890972483
2017_13_MIN_ATL,2017,13,0.6206839857658857,4.111754267732742
2017_13_NE_BUF,2017,13,0.3896236156643722,-3.346568046968961
2017_13_NYG_OAK,2017,13,0.7158800230571601,8.015059237071426
2017_13_PHI_SEA,2017,13,0.5194579756454919,0.6950372499594875
2017_13_PIT_CIN,2017,13,0.516020079398335,0.03807958468922479
2017_13_SF_CHI,2017,13,0.4373753433467516,-2.228569937883153
2017_13_TB_GB,2017,13,0.45276529224447487,-1.8959372066284437
2017_13_WAS_DAL,2017,13,0.5292332350177085,0.6350068728987124
2017_14_BAL_PIT,2017,14,0.700271925645194,6.93699340826028
2017_14_CHI_CIN,2017,14,0.64553067680316,5.285418020183764
2017_14_DAL_NYG,2017,14,0.496269878439665,-0.017624657078099126
2017_14_DET_TB,2017,14,0.5675553262676616,2.043253975061425
2017_14_GB_CLE,2017,14,0.5523582767571973,1.7829402510764256
2017_14_IND_BUF,2017,14,0.46887299744649363,-1.4806127548695742
2017_14_MIN_CAR,2017,14,0.4580645900106711,-1.1633158795878646
2017_14_NE_MIA,2017,14,0.27487188997256534,-7.887243273437608
2017_14_NO_ATL,2017,14,0.5734697748057982,2.260388885602367
2017_14_NYJ_DEN,2017,14,0.3766996793866122,-3.918091315930027
2017_14_OAK_KC,2017,14,0.6118563006985701,3.4421430551024983
2017_14_PHI_LA,2017,14,0.5321953984220531,0.9841633689661022
2017_14_SEA_JAX,2017,14,0.4581149167894857,-1.0567828069797551
2017_14_SF_HOU,2017,14,0.3708184033150376,-4.219016017183032
2017_14_TEN_ARI,2017,14,0.34472304590830943,-4.578799908541621
2017_14_WAS_LAC,2017,14,0.6459148634980532,4.4770246190041325
2017_15_ARI_WAS,2017,15,0.8013924266802289,10.680935819546285
2017_15_ATL_TB,2017,15,0.43965942300687666,-2.314202050579469
2017_15_BAL_CLE,2017,15,0.4787539728337308,-0.9136383441061704
2017_15_CHI_DET,2017,15,0.6916706375261553,6.587951815432266
2017_15_CIN_MIN,2017,15,0.6374626853699964,5.00350860980306
2017_15_DAL_OAK,2017,15,0.5786596473006017,2.899551923119361
2017_15_DEN_IND,2017,15,0.5151618740518088,0.7437699273563194
2017_15_GB_CAR,2017,15,0.4200388113259513,-2.424320633817128
2017_15_HOU_JAX,2017,15,0.6793385667957719,5.835433874498234
2017_15_LAC_KC,2017,15,0.5451783610193076,1.453563648877542
2017_15_LA_SEA,2017,15,0.5726334975512712,2.448687246330142
2017_15_MIA_BUF,2017,15,0.6917067075678212,6.511646180401261
2017_15_NE_PIT,2017,15,0.49964145122534603,0.0612183084469633
2017_15_NYJ_NO,2017,15,0.8428785097898035,13.8300585873019
2017_15_PHI_NYG,2017,15,0.6239734150169018,4.336198047830833
2017_15_TEN_SF,2017,15,0.683283098242767,6.26281029960729
2017_16_ATL_NO,2017,16,0.588120195316969,3.1243537232312155
2017_16_BUF_NE,2017,16,0.7277493778853271,7.973635752580995
2017_16_CLE_CHI,2017,16,0.6546488142339506,5.277317848058063
2017_16_DEN_WAS,2017,16,0.6296618252368273,4.438140103964974
2017_16_DET_CIN,2017,16,0.47267165744994066,-0.90572347217253
2017_16_IND_BAL,2017,16,0.6540976088520769,4.918136454455057
2017_16_JAX_SF,2017,16,0.6882703396970169,6.138024178367425
2017_16_LAC_NYJ,2017,16,0.27029157614711613,-8.084926251096192
2017_16_LA_TEN,2017,16,0.5314744892765648,1.0366149988754862
2017_16_MIA_KC,2017,16,0.7640681677926587,9.142157865093624
2017_16_MIN_GB,2017,16,0.33963669497371585,-5.124002058903633
2017_16_NYG_ARI,2017,16,0.528536273211073,0.9518257188450763
2017_16_OAK_PHI,2017,16,0.5041678853846273,-0.18642018693336437
2017_16_PIT_HOU,2017,16,0.3746436443093301,-4.59817214863911
2017_16_SEA_DAL,2017,16,0.5324163604391731,1.0502964675661097
2017_16_TB_CAR,2017,16,0.5855282246091303,2.6459371695722735
2017_17_ARI_SEA,2017,17,0.7510904671138576,9.113244599002442
2017_17_BUF_MIA,2017,17,0.3841735367661708,-3.6322985649336075
2017_17_CAR_ATL,2017,17,0.6613900320936951,5.690190973099254
2017_17_CHI_MIN,2017,17,0.7278882339680657,7.994764254818943
2017_17_CIN_BAL,2017,17,0.5840223899283201,2.962095090736473
2017_17_CLE_PIT,2017,17,0.6216741918737753,4.716249786208078
2017_17_DAL_PHI,2017,17,0.46939291633873353,-1.4859571236934772
2017_17_GB_DET,2017,17,0.8160800283634014,11.028860532530457
2017_17_HOU_IND,2017,17,0.6832607494756576,5.925933651752555
2017_17_JAX_TEN,2017,17,0.5454885758671634,1.4198293759499356
2017_17_KC_DEN,2017,17,0.47661389343378846,-0.6815323375171047
2017_17_NO_TB,2017,17,0.5021741808017137,-0.0738077760528868
2017_17_NYJ_NE,2017,17,0.8781052432668981,16.38689705438056
2017_17_OAK_LAC,2017,17,0.6531964253544615,5.266871483961756
2017_17_SF_LA,2017,17,0.2636115893436234,-8.494884120069436
2017_17_WAS_NYG,2017,17,0.3195742245755375,-5.039554757699385
2017_18_ATL_LA,2017,18,0.5098701569185452,0.25291845721775585
2017_18_BUF_JAX,2017,18,0.5822596979679496,2.5491296684863136
2017_18_CAR_NO,2017,18,0.7182232792285587,7.52246551259922
2017_18_TEN_KC,2017,18,0.7225016722936232,7.476868741514183
2017_19_ATL_PHI,2017,19,0.339410502889671,-5.6695748558221
2017_19_JAX_PIT,2017,19,0.6898775540231865,6.781406696816793
2017_19_NO_MIN,2017,19,0.5376109303584704,0.8731675538475359
2017_19_TEN_NE,2017,19,0.7633358138049745,9.441836263466678
2017_20_JAX_NE,2017,20,0.7006165139985431,7.167441862501246
2017_20_MIN_PHI,2017,20,0.4231587268814111,-2.7613651047664205
2017_21_PHI_NE,2017,21,0.5944611792332839,4.306601533272312
2018_01_ATL_PHI,2018,1,0.41095858953281816,-2.460135387610738
2018_01_BUF_BAL,2018,1,0.6802891851576405,5.983234716125987
2018_01_CHI_GB,2018,1,0.7052047159395228,6.60958766198452
2018_01_CIN_IND,2018,1,0.5491079855939646,1.4274592171183156
2018_01_DAL_CAR,2018,1,0.6022214512615452,3.8489769872267003
2018_01_HOU_NE,2018,1,0.7350696991168449,8.253485098488177
2018_01_JAX_NYG,2018,1,0.4585261062916094,-1.5815126427185846
2018_01_KC_LAC,2018,1,0.7251644923654245,7.9604150184788125
2018_01_LA_OAK,2018,1,0.5690986941384544,2.261838704042808
2018_01_NYJ_DET,2018,1,0.7667615297090372,9.422774070994706
2018_01_PIT_CLE,2018,1,0.4564725052589834,-1.7104062655924133
2018_01_SEA_DEN,2018,1,0.6085134759531412,3.752444219204033
2018_01_SF_MIN,2018,1,0.5305674170213042,1.036500224769365
2018_01_TB_NO,2018,1,0.7150414477741195,7.461098213827112
2018_01_TEN_MIA,2018,1,0.4815262101507128,-0.38283935553696047
2018_01_WAS_ARI,2018,1,0.46265615138435073,-1.3795776698823858
2018_02_ARI_LA,2018,2,0.7010693337258218,7.193191380022775
2018_02_BAL_CIN,2018,2,0.6314379036688933,4.194689724268428
2018_02_CAR_ATL,2018,2,0.6564163714746062,4.711752773859853
2018_02_CLE_NO,2018,2,0.7952031036239923,10.532557064022454
2018_02_DET_SF,2018,2,0.5640355384186475,2.2164204104046905
2018_02_HOU_TEN,2018,2,0.43789836807944316,-2.131983041750319
2018_02_IND_WAS,2018,2,0.6803679224223819,6.453401276381095
2018_02_KC_PIT,2018,2,0.5826569800130558,2.613647276668689
2018_02_LAC_BUF,2018,2,0.3905175175678345,-3.6532978341871183
2018_02_MIA_NYJ,2018,2,0.5620379788502726,1.9349853060462339
2018_02_MIN_GB,2018,2,0.612366799391321,3.6481599080648044
2018_02_NE_JAX,2018,2,0.4096647540805791,-2.6739297649629044
2018_02_NYG_DAL,2018,2,0.6419742716963536,4.59668431594172
2018_02_OAK_DEN,2018,2,0.6325327103762609,4.457197709419329
2018_02_PHI_TB,2018,2,0.7606856356473846,9.166110323941894
2018_02_SEA_CHI,2018,2,0.5373155363788868,1.145404751887807
2018_03_BUF_MIN,2018,3,0.6587878641619613,5.5846294458276216
2018_03_CHI_ARI,2018,3,0.5045319040488838,0.10772889935393071
2018_03_CIN_CAR,2018,3,0.541411868952775,1.583359924924575
2018_03_DAL_SEA,2018,3,0.5520026453941564,1.7954087025106815
2018_03_DEN_BAL,2018,3,0.509060684016368,0.27887369839290654
2018_03_GB_WAS,2018,3,0.6144855015029462,4.0799925036898745
2018_03_IND_PHI,2018,3,0.7058661316715575,7.186384389903759
2018_03_LAC_LA,2018,3,0.5232842394622595,0.6752943494372707
2018_03_NE_DET,2018,3,0.45857233338870673,-1.3356265067606756
2018_03_NO_ATL,2018,3,0.5027791530952584,0.28051421811786303
2018_03_NYG_HOU,2018,3,0.6532972195228692,5.195199962239138
2018_03_NYJ_CLE,2018,3,0.5905070304882781,3.067557949713837
2018_03_OAK_MIA,2018,3,0.5434502519411182,1.4207429505724072
2018_03_PIT_TB,2018,3,0.6616195276331295,5.630866970835106
2018_03_SF_KC,2018,3,0.738150921535608,8.429674234650562
2018_03_TEN_JAX,2018,3,0.7717899773018695,10.17423065136519
2018_04_BAL_PIT,2018,4,0.7114464424070776,7.251160028891938
2018_04_BUF_GB,2018,4,0.6043721786786345,3.070157374492243
2018_04_CIN_ATL,2018,4,0.6868098688349095,6.305720217485954
2018_04_CLE_OAK,2018,4,0.625655493774511,4.108546293187064
2018_04_DET_DAL,2018,4,0.4755732858512362,-1.0728806605399992
2018_04_HOU_IND,2018,4,0.409027803268861,-2.936939557574013
2018_04_KC_DEN,2018,4,0.3266174466468645,-5.7991687777230005
2018_04_MIA_NE,2018,4,0.6838881304162574,6.080705955115605
2018_04_MIN_LA,2018,4,0.6991385180717176,7.0043053256073975
2018_04_NO_NYG,2018,4,0.2736219563679085,-7.479838384301003
2018_04_NYJ_JAX,2018,4,0.6703369104109818,5.736876350676724
2018_04_PHI_TEN,2018,4,0.5417562255643583,0.9477438085621896
2018_04_SEA_ARI,2018,4,0.46758437047263596,-1.0705596747056414
2018_04_SF_LAC,2018,4,0.7967620180383581,11.202973918261225
2018_04_TB_CHI,2018,4,0.31664187337840793,-6.195597685373627
2018_05_ARI_SF,2018,5,0.5363105421971819,1.4587432308073036
2018_05_ATL_PIT,2018,5,0.5055551787576298,0.12613416561031032
2018_05_BAL_CLE,2018,5,0.46991089651980356,-1.1601236132156827
2018_05_DAL_HOU,2018,5,0.6828826345598981,6.418662310559025
2018_05_DEN_NYJ,2018,5,0.507802557112787,0.5489832992099073
2018_05_GB_DET,2018,5,0.6076102417127591,3.2111913482766927
2018_05_IND_NE,2018,5,0.7552635000672107,8.55028671128523
2018_05_JAX_KC,2018,5,0.7359775328570588,7.971658509422586
2018_05_LA_SEA,2018,5,0.38098249988407396,-4.508331715908113
2018_05_MIA_CIN,2018,5,0.6259239153547079,4.677643381393402
2018_05_MIN_PHI,2018,5,0.5976708512528908,3.3465812763613334
2018_05_NYG_CAR,2018,5,0.6850131551296312,6.57688322056231
2018_05_OAK_LAC,2018,5,0.6515486705692229,5.239178170159386
2018_05_TEN_BUF,2018,5,0.4769708059155195,-0.5453185906307176
2018_05_WAS_NO,2018,5,0.6391710970800506,4.594644258707744
2018_06_ARI_MIN,2018,6,0.6359837625635812,4.336888491164952
2018_06_BAL_TEN,2018,6,0.5754064185082334,2.2585683546105284
2018_06_BUF_HOU,2018,6,0.7392174943299945,8.231423665108974
2018_06_CAR_WAS,2018,6,0.5723561957561081,2.502745999172902
2018_06_CHI_MIA,2018,6,0.4583525572069585,-1.4100304631649463
2018_06_IND_NYJ,2018,6,0.5519161800133093,1.1083391430691822
2018_06_JAX_DAL,2018,6,0.5286464159099253,0.5463237106170777
2018_06_KC_NE,2018,6,0.5236371778127712,0.9931019557227159
2018_06_LAC_CLE,2018,6,0.35891910160653856,-4.675590089814557
2018_06_LA_DEN,2018,6,0.35573076542855775,-5.15806885858497
2018_06_PHI_NYG,2018,6,0.49096661617088166,0.07658696666113762
2018_06_PIT_CIN,2018,6,0.4655356375794093,-0.646128500952198
2018_06_SEA_OAK,2018,6,0.3816736744861061,-2.443545639147548
2018_06_SF_GB,2018,6,0.7743197955347857,9.490702384738317
2018_06_TB_ATL,2018,6,0.6452938252125242,5.0222274786369745
2018_07_BUF_IND,2018,7,0.6583644526551511,6.223833993015978
2018_07_CAR_PHI,2018,7,0.6281610193122549,4.335236113974852
2018_07_CIN_KC,2018,7,0.7989108517110789,10.788143564778446
2018_07_CLE_TB,2018,7,0.760489363337572,8.933529638383545
2018_07_DAL_WAS,2018,7,0.5710650860084324,2.82972415027401
2018_07_DEN_ARI,2018,7,0.45281979798379485,-1.500398542974129
2018_07_DET_MIA,2018,7,0.4264967199738877,-2.6777147225844886
2018_07_HOU_JAX,2018,7,0.6246205982106782,4.457545401303061
2018_07_LA_SF,2018,7,0.3579314036108961,-4.798978327909255
2018_07_MIN_NYJ,2018,7,0.5145227418527993,0.9172453518114669
2018_07_NE_CHI,2018,7,0.47523400490459256,-0.9307539332992563
2018_07_NO_BAL,2018,7,0.32236159468418285,-6.19026894940766
2018_07_NYG_ATL,2018,7,0.7691664345346013,9.627271250304968
2018_07_TEN_LAC,2018,7,0.5498200781798338,3.418247677346471
2018_08_BAL_CAR,2018,8,0.6388631909569555,4.875078361524212
2018_08_CLE_PIT,2018,8,0.8464369252970094,13.76587323972422
2018_08_DEN_KC,2018,8,0.8197078617521932,12.124993938605948
2018_08_GB_LA,2018,8,0.5921286129987322,3.1948636914330137
2018_08_IND_OAK,2018,8,0.6657544308248852,5.0132700015743925
2018_08_MIA_HOU,2018,8,0.5349885939196454,1.0168092323298445
2018_08_NE_BUF,2018,8,0.18577920606084192,-12.59275520465265
2018_08_NO_MIN,2018,8,0.27938816784059584,-7.778870670653134
2018_08_NYJ_CHI,2018,8,0.7446327806531841,8.53294598724287
2018_08_PHI_JAX,2018,8,0.26646432654865504,-6.227938930840402
2018_08_SEA_DET,2018,8,0.5433264640153124,1.587975460204076
2018_08_SF_ARI,2018,8,0.453184691599074,-1.8568395504666229
2018_08_TB_CIN,2018,8,0.4599368618515849,-0.6327940930679086
2018_08_WAS_NYG,2018,8,0.523930278472512,0.4316922134462069
2018_09_ATL_WAS,2018,9,0.380418287075126,-3.4458434242472396
2018_09_CHI_BUF,2018,9,0.19657905195047656,-11.944954055506043
2018_09_DET_MIN,2018,9,0.44699521360884564,-1.7331571191143378
2018_09_GB_NE,2018,9,0.6558091560678396,5.224912607980546
2018_09_HOU_DEN,2018,9,0.44567681809599263,-1.915044886765418
2018_09_KC_CLE,2018,9,0.15385686948507207,-13.791573851079248
2018_09_LAC_SEA,2018,9,0.4699940295000774,-1.2239953085815345
2018_09_LA_NO,2018,9,0.631530486317372,4.215494497040367
2018_09_NYJ_MIA,2018,9,0.6523411549603821,4.796433053985907
2018_09_OAK_SF,2018,9,0.3747850844978531,-4.153473869013723
2018_09_PIT_BAL,2018,9,0.4216513884670371,-2.505146911864544
2018_09_TB_CAR,2018,9,0.4924069712741579,-0.1545015702033563
2018_09_TEN_DAL,2018,9,0.5185576870797639,1.0104869546932918
2018_10_ARI_KC,2018,10,0.9170351995034232,19.193676123809052
2018_10_ATL_CLE,2018,10,0.2778540435158274,-7.675862075669436
2018_10_BUF_NYJ,2018,10,0.6262615402536733,3.955902033315375
2018_10_CAR_PIT,2018,10,0.6868559562605768,6.160689467129984
2018_10_DAL_PHI,2018,10,0.7558509405155238,9.251734281717344
2018_10_DET_CHI,2018,10,0.6166768239945969,4.063586889776513
2018_10_JAX_IND,2018,10,0.629565519144509,4.325053923559049
2018_10_LAC_OAK,2018,10,0.4631779924350145,-1.3400778716017268
2018_10_MIA_GB,2018,10,0.7517110133773022,9.088310890614748
2018_10_NE_TEN,2018,10,0.4201280849987444,-2.6697231875769014
2018_10_NO_CIN,2018,10,0.3009634013639453,-6.3216452692484815
2018_10_NYG_SF,2018,10,0.5538727443589218,1.8765331509617509
2018_10_SEA_LA,2018,10,0.689192503060995,6.63097502784122
2018_10_WAS_TB,2018,10,0.6644063273024207,5.447612095556741
2018_11_CAR_DET,2018,11,0.5289661121208796,1.0735394005827197
2018_11_CIN_BAL,2018,11,0.5804268729678194,1.8849650071084805
2018_11_DAL_ATL,2018,11,0.7656998827931438,9.558968389107594
2018_11_DEN_LAC,2018,11,0.7302377211985663,8.195722092834513
2018_11_GB_SEA,2018,11,0.6345616131497671,4.073910910078354
2018_11_HOU_WAS,2018,11,0.46051258233923287,-1.0299279878050234
2018_11_KC_LA,2018,11,0.4660329364754034,-0.8497358277596834
2018_11_MIN_CHI,2018,11,0.6334471536779535,4.614977461159045
2018_11_OAK_ARI,2018,11,0.34697482757946235,-5.266702109602216
2018_11_PHI_NO,2018,11,0.7568847217916933,9.227961778998466
2018_11_PIT_JAX,2018,11,0.4158991332820433,-2.754975393956569
2018_11_TB_NYG,2018,11,0.5052831357347713,0.03443012981498672
2018_11_TEN_IND,2018,11,0.5903288905717192,2.92039276057668
2018_12_ARI_LAC,2018,12,0.9066357839614808,18.481398704522718
2018_12_ATL_NO,2018,12,0.6904736356446515,6.744221259703345
2018_12_CHI_DET,2018,12,0.7165937525120263,8.343183238869447
2018_12_CLE_CIN,2018,12,0.5225067251126579,0.7503578258719084
2018_12_GB_MIN,2018,12,0.48894838021638254,-0.4845005249776051
2018_12_JAX_BUF,2018,12,0.4407536518565506,-1.9596284819755643
2018_12_MIA_IND,2018,12,0.7351681027870121,8.149961001516502
2018_12_NE_NYJ,2018,12,0.2945940320475439,-7.734304467405067
2018_12_NYG_PHI,2018,12,0.5798545739359066,2.544850904075112
2018_12_OAK_BAL,2018,12,0.44810076213292427,-2.124166510561476
2018_12_PIT_DEN,2018,12,0.4217945430688822,-2.6811958603127466
2018_12_SEA_CAR,2018,12,0.553690435874654,2.060861570193504
2018_12_SF_TB,2018,12,0.5634050810000542,1.7015100858732883
2018_12_TEN_HOU,2018,12,0.621386731578005,3.9796765360806123
2018_12_WAS_DAL,2018,12,0.6297895488190237,4.35371294427909
2018_13_ARI_GB,2018,13,0.8136848018604133,11.934983946310316
2018_13_BAL_ATL,2018,13,0.8354793767287668,13.31804630470629
2018_13_BUF_MIA,2018,13,0.5797686878617667,2.7345516010591355
2018_13_CAR_TB,2018,13,0.5066922987441586,0.161378489357757
2018_13_CHI_NYG,2018,13,0.6516729917959732,5.466771830628273
2018_13_CLE_HOU,2018,13,0.6442443132491793,4.861577776090395
2018_13_DEN_CIN,2018,13,0.5658421604349618,2.1626517508997076
2018_13_IND_JAX,2018,13,0.34489285736438885,-5.624764671890198
2018_13_KC_OAK,2018,13,0.2841242550438431,-7.923885467763515
2018_13_LAC_PIT,2018,13,0.5660209709752081,1.7330779527684665
2018_13_LA_DET,2018,13,0.35987956572122975,-4.349926300106722
2018_13_MIN_NE,2018,13,0.6964972081038613,6.6606605549832185
2018_13_NO_DAL,2018,13,0.24695844118751809,-8.831904263955717
2018_13_NYJ_TEN,2018,13,0.7315311393496763,8.237082718969884
2018_13_SF_SEA,2018,13,0.7597660560402766,8.773331141071857
2018_13_WAS_PHI,2018,13,0.6846691255157145,5.773574871939237
2018_14_ATL_GB,2018,14,0.4819362243772179,-0.7358552332052466
2018_14_BAL_KC,2018,14,0.8723325835292041,16.041705093123767
2018_14_CAR_CLE,2018,14,0.4876952578498562,-0.4260296676731161
2018_14_CIN_LAC,2018,14,0.8316659965054651,13.414481573158396
2018_14_DEN_SF,2018,14,0.5500631462070403,1.9587829646540362
2018_14_DET_ARI,2018,14,0.39697279081922937,-3.6027580627255786
2018_14_IND_HOU,2018,14,0.6008064223774191,2.8498656406294813
2018_14_JAX_TEN,2018,14,0.7063485536524013,7.012189340622433
2018_14_LA_CHI,2018,14,0.4904401418065585,-0.418054997118837
2018_14_MIN_SEA,2018,14,0.6671383977081935,5.633005951071453
2018_14_NE_MIA,2018,14,0.3403615983729944,-5.447581892548342
2018_14_NO_TB,2018,14,0.3786246932521205,-4.003059832647292
2018_14_NYG_WAS,2018,14,0.38932980495440395,-3.835351910344348
2018_14_NYJ_BUF,2018,14,0.6454076248715765,4.867567222925704
2018_14_PHI_DAL,2018,14,0.5014726290265974,0.8054667238513802
2018_14_PIT_OAK,2018,14,0.4477746293072153,-2.10529893710796
2018_15_ARI_ATL,2018,15,0.8670462725526525,15.04230144960126
2018_15_CLE_DEN,2018,15,0.5622128930489085,2.0183549081383974
2018_15_DAL_IND,2018,15,0.6530853627173938,5.0398157959629755
2018_15_DET_BUF,2018,15,0.5872498389546172,2.7683785214057695
2018_15_GB_CHI,2018,15,0.5800944058519109,2.8057240927619613
2018_15_HOU_NYJ,2018,15,0.347925857780273,-4.627242765510529
2018_15_LAC_KC,2018,15,0.6001105414460064,3.3197260238428523
2018_15_MIA_MIN,2018,15,0.613558671228821,3.7989724049409745
2018_15_NE_PIT,2018,15,0.5711897366733564,2.488458153525526
2018_15_NO_CAR,2018,15,0.3848758714639835,-3.931136584694418
2018_15_OAK_CIN,2018,15,0.5346690915019766,1.1651993786606967
2018_15_PHI_LA,2018,15,0.7989909791426819,11.618133998415619
2018_15_SEA_SF,2018,15,0.49943021799272636,0.08472408228590611
2018_15_TB_BAL,2018,15,0.426843016006577,-2.6270803031567573
2018_15_TEN_NYG,2018,15,0.5169788091760935,0.9390225817326612
2018_15_WAS_JAX,2018,15,0.5129762651404477,0.13805130191745008
2018_16_ATL_CAR,2018,16,0.2504480267673025,-9.33013952258218
2018_16_BAL_LAC,2018,16,0.7946707862019293,11.35355575996165
2018_16_BUF_NE,2018,16,0.7517524879358433,8.803994466535222
2018_16_CHI_SF,2018,16,0.5431635738104046,1.245469642889903
2018_16_CIN_CLE,2018,16,0.6618035200127831,5.016669293931557
2018_16_DEN_OAK,2018,16,0.6003013913250751,3.1045404135899384
2018_16_GB_NYJ,2018,16,0.44732099971195943,-1.5568467587285553
2018_16_HOU_PHI,2018,16,0.4298944108773997,-2.74875128283595
2018_16_JAX_MIA,2018,16,0.6317354977417154,4.14780109354334
2018_16_KC_SEA,2018,16,0.347105196214576,-5.8539735215330815
2018_16_LA_ARI,2018,16,0.23892967963637413,-9.545247645170754
2018_16_MIN_DET,2018,16,0.5827736449608555,3.177803283150011
2018_16_NYG_IND,2018,16,0.7337967844154545,7.927647932344755
2018_16_PIT_NO,2018,16,0.6586377039629393,4.719058551085394
2018_16_TB_DAL,2018,16,0.45105370392005784,-1.4104195226909617
2018_16_WAS_TEN,2018,16,0.625932594887867,3.622968016869179
2018_17_ARI_SEA,2018,17,0.8664091321208933,14.774805955513887
2018_17_ATL_TB,2018,17,0.4929601707453146,-0.05582637037913063
2018_17_CAR_NO,2018,17,0.5825636715717308,2.7408091718052465
2018_17_CHI_MIN,2018,17,0.5312106784378985,0.5948152174385599
2018_17_CIN_PIT,2018,17,0.7537823268982771,9.269483648987597
2018_17_CLE_BAL,2018,17,0.5311955080715292,1.1743699097819462
2018_17_DAL_NYG,2018,17,0.48654082020872796,0.37761193988532193
2018_17_DET_GB,2018,17,0.3812409815888363,-3.830278685509812
2018_17_IND_TEN,2018,17,0.3893215082958669,-4.079200388492632
2018_17_JAX_HOU,2018,17,0.7178983572864067,7.259733833173
2018_17_LAC_DEN,2018,17,0.3869067439134741,-3.787212716980339
2018_17_MIA_BUF,2018,17,0.6461031064767464,5.312255839699958
2018_17_NYJ_NE,2018,17,0.7856356944308076,9.996911862188117
2018_17_OAK_KC,2018,17,0.7633201106658392,9.861269410580125
2018_17_PHI_WAS,2018,17,0.5622299037930751,2.6232367571189097
2018_17_SF_LA,2018,17,0.6677300990291545,5.259635058611083
2018_18_IND_HOU,2018,18,0.6409016854354291,4.2089990645947974
2018_18_LAC_BAL,2018,18,0.3970853919365266,-3.278716243517579
2018_18_PHI_CHI,2018,18,0.6745081747710154,5.957169793152506
2018_18_SEA_DAL,2018,18,0.5188605800292009,0.6570806330862611
2018_19_DAL_LA,2018,19,0.6919888126690066,6.4879806056676
2018_19_IND_KC,2018,19,0.7657549627078558,9.542507272145716
2018_19_LAC_NE,2018,19,0.6096088049264836,3.611323840221429
2018_19_PHI_NO,2018,19,0.7890684432287869,10.842556749838378
2018_20_LA_NO,2018,20,0.6725278921769279,5.8834225601028916
2018_20_NE_KC,2018,20,0.682455700297323,6.27985476729029
2018_21_NE_LA,2018,21,0.3402253930274846,-3.7718641154144197
2019_01_ATL_MIN,2019,1,0.40725719159026824,-2.7609748518869464
2019_01_BAL_MIA,2019,1,0.639129461478121,4.796684454749929
2019_01_BUF_NYJ,2019,1,0.5867961481954683,2.423285136669114
2019_01_CIN_SEA,2019,1,0.7037669362185198,6.551403216785112
2019_01_DEN_OAK,2019,1,0.5813002501160817,2.71991589932224
2019_01_DET_ARI,2019,1,0.48076609033863976,-0.4905350250942302
2019_01_GB_CHI,2019,1,0.5634647766455974,1.7750735551873673
2019_01_HOU_NO,2019,1,0.6819812641497173,5.931394702531182
2019_01_IND_LAC,2019,1,0.7724666318798546,9.440211763342568
2019_01_KC_JAX,2019,1,0.400951258248943,-3.352850288431888
2019_01_LA_CAR,2019,1,0.5366133239215773,1.189550430156466
2019_01_NYG_DAL,2019,1,0.62214498678144,4.032676120797654
2019_01_PIT_NE,2019,1,0.5725858420279364,2.5684352564508317
2019_01_SF_TB,2019,1,0.6313502097331858,3.5118641835622295
2019_01_TEN_CLE,2019,1,0.616991873909546,3.5887806161081093
2019_01_WAS_PHI,2019,1,0.6583652650370405,5.6064827205893515
2019_02_ARI_BAL,2019,2,0.739354252920102,7.844358395990728
2019_02_BUF_NYG,2019,2,0.616196829779557,3.721749740002423
2019_02_CHI_DEN,2019,2,0.5673593115034272,1.8218853290905868
2019_02_CLE_NYJ,2019,2,0.5244021418366032,0.03701323937157275
2019_02_DAL_WAS,2019,2,0.41487373077451384,-2.7485903868875297
2019_02_IND_TEN,2019,2,0.6491940410832724,4.7787771652694
2019_02_JAX_HOU,2019,2,0.6770885233934733,5.498724796723462
2019_02_KC_OAK,2019,2,0.37610581599266873,-4.263741667826139
2019_02_LAC_DET,2019,2,0.5360770325345365,0.5808981400926794
2019_02_MIN_GB,2019,2,0.6638186982595237,5.405969328320307
2019_02_NE_MIA,2019,2,0.42157317459438937,-2.152876364118993
2019_02_NO_LA,2019,2,0.44973133031836426,-1.5781814259600098
2019_02_PHI_ATL,2019,2,0.5422517698767731,1.848329919849367
2019_02_SEA_PIT,2019,2,0.6230962891959969,3.7039004251503442
2019_02_SF_CIN,2019,2,0.5902053187974383,2.4478024326266157
2019_02_TB_CAR,2019,2,0.6113460549653951,3.5570974550135905
2019_03_ATL_IND,2019,3,0.45117800515377415,-1.8579892465707242
2019_03_BAL_KC,2019,3,0.6595548446033825,6.017156536740106
2019_03_CAR_ARI,2019,3,0.6189865287711642,4.049511806236678
2019_03_CHI_WAS,2019,3,0.6499285188919712,4.025372789842511
2019_03_CIN_BUF,2019,3,0.5683270842339188,2.2496355002026323
2019_03_DEN_GB,2019,3,0.5716139176013896,2.959295858548668
2019_03_DET_PHI,2019,3,0.5526308859117969,2.325671103201985
2019_03_HOU_LAC,2019,3,0.6057201443151478,3.600955495676108
2019_03_LA_CLE,2019,3,0.3422077754472458,-4.718825705632387
2019_03_MIA_DAL,2019,3,0.8789476674631038,15.392602769527768
2019_03_NO_SEA,2019,3,0.7565696163607839,9.285722179460985
2019_03_NYG_TB,2019,3,0.7026878072144356,6.072933808674982
2019_03_NYJ_NE,2019,3,0.8540007941290242,14.098011200671262
2019_03_OAK_MIN,2019,3,0.558630564753011,1.9699029233501673
2019_03_PIT_SF,2019,3,0.6997741500419071,6.798851739902281
2019_03_TEN_JAX,2019,3,0.5734190290976895,2.360380998144482
2019_04_CAR_HOU,2019,4,0.6872941294256445,6.560032834380852
2019_04_CIN_PIT,2019,4,0.4750668062891924,-0.70063849790438
2019_04_CLE_BAL,2019,4,0.7932083717064363,9.692049366087506
2019_04_DAL_NO,2019,4,0.3674367819801497,-4.641069362443696
2019_04_JAX_DEN,2019,4,0.5588400140732784,1.5774264937459848
2019_04_KC_DET,2019,4,0.40902387205591517,-3.6684387296095378
2019_04_LAC_MIA,2019,4,0.29884669380384515,-7.921360137986843
2019_04_MIN_CHI,2019,4,0.5332489830965176,1.438344334022889
2019_04_NE_BUF,2019,4,0.36951018794977153,-3.7493410466897985
2019_04_OAK_IND,2019,4,0.6047235432754755,3.1277647436810367
2019_04_PHI_GB,2019,4,0.5931575501927779,2.9442869873666107
2019_04_SEA_ARI,2019,4,0.39504480836919587,-3.211409834409689
2019_04_TB_LA,2019,4,0.647389802872959,4.33739325207427
2019_04_TEN_ATL,2019,4,0.6860973766846964,6.2083224149512155
2019_04_WAS_NYG,2019,4,0.6085659322457216,3.5766234488749666
2019_05_ARI_CIN,2019,5,0.5910204994550557,3.2675315224723533
2019_05_ATL_HOU,2019,5,0.5645492953464147,1.925624752325139
2019_05_BAL_PIT,2019,5,0.4678219146027213,-0.47576852235298395
2019_05_BUF_TEN,2019,5,0.6936044904374454,5.986973455488428
2019_05_CHI_OAK,2019,5,0.381005864235971,-1.2462013749804646
2019_05_CLE_SF,2019,5,0.6934706084939398,6.4270954784980425
2019_05_DEN_LAC,2019,5,0.6988397637919528,7.171194446583391
2019_05_GB_DAL,2019,5,0.6891253495049974,5.219982754533156
2019_05_IND_KC,2019,5,0.8014054622771618,11.246240487354738
2019_05_JAX_CAR,2019,5,0.47782516712481554,-0.8557801934102502
2019_05_LA_SEA,2019,5,0.660327781104877,5.120951200156151
2019_05_MIN_NYG,2019,5,0.6352027026214414,4.427272831757287
2019_05_NE_WAS,2019,5,0.31093898266870895,-5.818916743895263
2019_05_NYJ_PHI,2019,5,0.818635967900473,12.346386122147523
2019_05_TB_NO,2019,5,0.44145459565518513,-2.7176509823576693
2019_06_ATL_ARI,2019,6,0.45100981355334185,-1.5676073984450904
2019_06_CAR_TB,2019,6,0.4323841521993291,0.49509155770510516
2019_06_CIN_BAL,2019,6,0.7355791050834879,7.36479938854478
2019_06_DAL_NYJ,2019,6,0.38122156585808775,-3.4339658271028575
2019_06_DET_GB,2019,6,0.4933922041031974,0.5603422224503698
2019_06_HOU_KC,2019,6,0.6495903365108531,5.165197449854363
2019_06_NO_JAX,2019,6,0.6719834994374985,5.785721698185148
2019_06_NYG_NE,2019,6,0.7863097941459998,9.390248147096102
2019_06_PHI_MIN,2019,6,0.571630460746949,1.8540144481879814
2019_06_PIT_LAC,2019,6,0.7719234526705397,9.73374041172637
2019_06_SEA_CLE,2019,6,0.3712389002424705,-3.7974623854030445
2019_06_SF_LA,2019,6,0.6254138914911659,3.512809462834244
2019_06_TEN_DEN,2019,6,0.561038708810329,1.7538421589042095
2019_06_WAS_MIA,2019,6,0.45469085646911467,-2.1431423340406144
2019_07_ARI_NYG,2019,7,0.46744536458290276,-0.7528110749162713
2019_07_BAL_SEA,2019,7,0.6426325971936335,4.775655572352039
2019_07_HOU_IND,2019,7,0.4262155626955087,-2.3130158558650273
2019_07_JAX_CIN,2019,7,0.4796730343175747,-0.5908488299554495
2019_07_KC_DEN,2019,7,0.401196028021823,-3.496971549983073
2019_07_LAC_TEN,2019,7,0.38129935954083705,-3.7461464034133285
2019_07_LA_ATL,2019,7,0.6945390223762345,6.277345947917725
2019_07_MIA_BUF,2019,7,0.6826594702779716,5.19929792780686
2019_07_MIN_DET,2019,7,0.5730359119525255,2.2555431589452635
2019_07_NE_NYJ,2019,7,0.44794178870626966,-2.7144830615828854
2019_07_NO_CHI,2019,7,0.7472519281629801,8.148129095666594
2019_07_OAK_GB,2019,7,0.5512765098552712,2.2144587638298407
2019_07_PHI_DAL,2019,7,0.6993873364126822,6.136985016749771
2019_07_SF_WAS,2019,7,0.5087826852947412,-0.0022613166335205825
2019_08_ARI_NO,2019,8,0.6303549122182494,4.727567980337685
2019_08_CAR_SF,2019,8,0.5248033567415286,2.18307916752883
2019_08_CIN_LA,2019,8,0.5183729699872017,2.0128664986766736
2019_08_CLE_NE,2019,8,0.662676324049301,6.190940728352459
2019_08_DEN_IND,2019,8,0.7163071915076361,6.743446897794723
2019_08_GB_KC,2019,8,0.3048442332468254,-7.2821866178271595
2019_08_LAC_CHI,2019,8,0.5330822811174571,0.6413996649421261
2019_08_MIA_PIT,2019,8,0.7057694042586141,6.0869641893392785
2019_08_NYG_DET,2019,8,0.7549720589100984,8.014533979930178
2019_08_NYJ_JAX,2019,8,0.7325523784290234,7.538652978109921
2019_08_OAK_HOU,2019,8,0.6515882186358687,4.870646808920135
2019_08_PHI_BUF,2019,8,0.5752567944867557,2.056695050882658
2019_08_SEA_ATL,2019,8,0.3617613458250845,-4.224026861881461
2019_08_TB_TEN,2019,8,0.46846966991357664,-1.1334068629751646
2019_08_WAS_MIN,2019,8,0.7585457718238711,8.282807413282844
2019_09_CHI_PHI,2019,9,0.6179949935442443,3.659795864866309
2019_09_CLE_DEN,2019,9,0.5286091199379929,0.8617968871793393
2019_09_DAL_NYG,2019,9,0.30602263598867957,-5.97201594391033
2019_09_DET_OAK,2019,9,0.5562459484468764,1.9229220950160923
2019_09_GB_LAC,2019,9,0.49156358859355886,-0.026701341370341414
2019_09_HOU_JAX,2019,9,0.3102996067489284,-4.57486009940599
2019_09_IND_PIT,2019,9,0.5595311115092203,2.215440643821859
2019_09_MIN_KC,2019,9,0.354836572311892,-4.542903516555315
2019_09_NE_BAL,2019,9,0.6617456257476854,4.238123113205752
2019_09_NYJ_MIA,2019,9,0.6904732121802286,6.233062362515667
2019_09_SF_ARI,2019,9,0.5951493415392377,2.5973482040002005
2019_09_TB_SEA,2019,9,0.717134676471469,6.61233417351097
2019_09_TEN_CAR,2019,9,0.49456744802817837,-0.7364097619959136
2019_09_WAS_BUF,2019,9,0.8128287236126718,11.233779773029203
2019_10_ARI_TB,2019,10,0.6007930567784591,3.1888899020747274
2019_10_ATL_NO,2019,10,0.6710700384633866,5.424542009122906
2019_10_BAL_CIN,2019,10,0.32052311631810304,-4.830728288696033
2019_10_BUF_CLE,2019,10,0.49643969920825537,0.15755597121216036
2019_10_CAR_GB,2019,10,0.7773031416879009,9.617143036326992
2019_10_DET_CHI,2019,10,0.662622111269292,5.39066650753712
2019_10_KC_TEN,2019,10,0.25340023226640684,-7.91824855338891
2019_10_LAC_OAK,2019,10,0.6284481412459005,3.4483370972630922
2019_10_LA_PIT,2019,10,0.4233484080537547,-1.9522624825850525
2019_10_MIA_IND,2019,10,0.37344321355845167,-3.5040281638669613
2019_10_MIN_DAL,2019,10,0.671212790039419,5.451880621685845
2019_10_NYG_NYJ,2019,10,0.6004915057636797,2.781464258681951
2019_10_SEA_SF,2019,10,0.5062913491821402,0.6862867443816634
2019_11_ARI_SF,2019,11,0.498250668956359,0.8234969739353766
2019_11_ATL_CAR,2019,11,0.4631896015968832,-1.8352628825909059
2019_11_BUF_MIA,2019,11,0.593032714340001,3.204484737260226
2019_11_CHI_LA,2019,11,0.6284185567775805,4.0310355987353494
2019_11_CIN_OAK,2019,11,0.8925604727681096,15.378358916550965
2019_11_DAL_DET,2019,11,0.29501945789091133,-7.065522161932632
2019_11_DEN_MIN,2019,11,0.6901623178019328,5.666405014848445
2019_11_HOU_BAL,2019,11,0.553984874249266,1.6262128106191742
2019_11_JAX_IND,2019,11,0.5238585604881528,0.7643258640190032
2019_11_KC_LAC,2019,11,0.2141765218122907,-8.127630857074786
2019_11_NE_PHI,2019,11,0.45867633748703845,-0.9925820779347245
2019_11_NO_TB,2019,11,0.5791983762836029,1.8627878816941326
2019_11_NYJ_WAS,2019,11,0.4617431525296415,-0.5661961898939922
2019_11_PIT_CLE,2019,11,0.5261801562776067,0.7555292360108816
2019_12_BAL_LA,2019,12,0.3709677047720362,-3.608036598339494
2019_12_CAR_NO,2019,12,0.7511745748018056,9.064737341499224
2019_12_DAL_NE,2019,12,0.4574139343936018,-0.6302942115266248
2019_12_DEN_BUF,2019,12,0.6833480301870177,5.559271797322165
2019_12_DET_WAS,2019,12,0.3779497330134118,-2.458813789786371
2019_12_GB_SF,2019,12,0.4292046070303552,-1.6051885152044378
2019_12_IND_HOU,2019,12,0.665920585151489,5.072377434578378
2019_12_JAX_TEN,2019,12,0.6372480817798201,3.8323601246242918
2019_12_MIA_CLE,2019,12,0.5673423717403823,1.8367264921017883
2019_12_NYG_CHI,2019,12,0.5929114836123593,2.7177789772792345
2019_12_OAK_NYJ,2019,12,0.38738614600685645,-3.21744592796586
2019_12_PIT_CIN,2019,12,0.35660092343934224,-4.483143552471182
2019_12_SEA_PHI,2019,12,0.401036351753288,-2.7950175352204805
2019_12_TB_ATL,2019,12,0.5619137717537361,2.676370847042317
2019_13_BUF_DAL,2019,13,0.704113923782415,6.529184093262533
2019_13_CHI_DET,2019,13,0.5575992377666543,0.481059222849507
2019_13_CLE_PIT,2019,13,0.4877081752971411,0.3402664453074391
2019_13_GB_NYG,2019,13,0.27714685612646006,-6.545305501393052
2019_13_LAC_DEN,2019,13,0.3686701574107991,-4.016299351548099
2019_13_LA_ARI,2019,13,0.6912709237330791,5.481511108921624
2019_13_MIN_SEA,2019,13,0.4760968157836601,0.04477902498182873
2019_13_NE_HOU,2019,13,0.7061798539400008,5.848421201984438
2019_13_NO_ATL,2019,13,0.5827802031118506,2.2463754051996774
2019_13_NYJ_CIN,2019,13,0.5503519707270167,2.027214650730092
2019_13_OAK_KC,2019,13,0.7794511038994407,9.892497238752297
2019_13_PHI_MIA,2019,13,0.5739828318528784,2.1040619447883944
2019_13_SF_BAL,2019,13,0.7539197847611837,8.016841173872134
2019_13_TB_JAX,2019,13,0.4856231133565444,-0.11744831448306137
2019_13_TEN_IND,2019,13,0.5524485341025116,2.194628325918369
2019_13_WAS_CAR,2019,13,0.7694062735720888,9.067188484878125
2019_14_BAL_BUF,2019,14,0.40836493718749967,-2.7222170125837057
2019_14_CAR_ATL,2019,14,0.7297567343369298,7.666491673615223
2019_14_CIN_CLE,2019,14,0.5810221360995262,2.339620226909104
2019_14_DAL_CHI,2019,14,0.3293309799993153,-4.744896839806081
2019_14_DEN_HOU,2019,14,0.8094870488992432,10.84887343818698
2019_14_DET_MIN,2019,14,0.7113607717420284,7.647505361999469
2019_14_IND_TB,2019,14,0.6344193911559234,4.2850402282555375
2019_14_KC_NE,2019,14,0.39633923931436427,-3.0986266134416627
2019_14_LAC_JAX,2019,14,0.4744274185064004,-0.8899662966940869
2019_14_MIA_NYJ,2019,14,0.44224520062733724,-1.4494129099523483
2019_14_NYG_PHI,2019,14,0.6782058409498463,6.296807234618232
2019_14_PIT_ARI,2019,14,0.6926790633145865,5.367975839348116
2019_14_SEA_LA,2019,14,0.5340876907776108,0.9361565396808103
2019_14_SF_NO,2019,14,0.6195552818906572,4.130829097972603
2019_14_TEN_OAK,2019,14,0.6427069767074114,4.563287347475703
2019_14_WAS_GB,2019,14,0.8918679385257089,15.81194730499468
2019_15_ATL_SF,2019,15,0.6136217039889671,3.2770785289806974
2019_15_BUF_PIT,2019,15,0.49351592057001314,0.8654250461408899
2019_15_CHI_GB,2019,15,0.7403555703916516,7.727033014063258
2019_15_CLE_ARI,2019,15,0.6255269846651862,3.931014904137294
2019_15_DEN_KC,2019,15,0.7902964160545847,10.058836046950516
2019_15_HOU_TEN,2019,15,0.46520089843946894,-0.9757759995038757
2019_15_IND_NO,2019,15,0.6731585596087253,5.9056351915875105
2019_15_JAX_OAK,2019,15,0.7202811244835107,7.084558236711191
2019_15_LA_DAL,2019,15,0.684291052851898,5.4342992003585895
2019_15_MIA_NYG,2019,15,0.42752336397360685,-2.5760308623230865
2019_15_MIN_LAC,2019,15,0.5497270039092396,1.7587146157711335
2019_15_NE_CIN,2019,15,0.47406991944958876,-1.0384635610570871
2019_15_NYJ_BAL,2019,15,0.8690083084612785,13.459865672400285
2019_15_PHI_WAS,2019,15,0.3500827026908506,-4.8910824371979835
2019_15_SEA_CAR,2019,15,0.40935316014422307,-2.8076909074966534
2019_15_TB_DET,2019,15,0.4138720697035354,-3.4495008659898017
2019_16_ARI_SEA,2019,16,0.6402259948793776,4.523741256031704
2019_16_BAL_CLE,2019,16,0.29726620839982615,-6.2279864212763325
2019_16_BUF_NE,2019,16,0.5861555816025633,3.249927560009774
2019_16_CAR_IND,2019,16,0.7409404531835367,7.316197549002217
2019_16_CIN_MIA,2019,16,0.6725493587184358,5.364030197858397
2019_16_DAL_PHI,2019,16,0.4060400719659347,-2.252495021327062
2019_16_DET_DEN,2019,16,0.6614939976449015,5.241676966791804
2019_16_GB_MIN,2019,16,0.5802789899202245,2.4501204502555605
2019_16_HOU_TB,2019,16,0.520967774967068,0.8073774981587662
2019_16_JAX_ATL,2019,16,0.6752585819458661,5.913931798458945
2019_16_KC_CHI,2019,16,0.29463587867901253,-6.4673130462436195
2019_16_LA_SF,2019,16,0.6429809838782062,4.503021111002979
2019_16_NO_TEN,2019,16,0.4931258618712234,-0.4249447489858511
2019_16_NYG_WAS,2019,16,0.4468435696773457,-1.863973329845288
2019_16_OAK_LAC,2019,16,0.6053837510572102,3.4579232013474783
2019_16_PIT_NYJ,2019,16,0.5875696138009198,2.7323907901116518
2019_17_ARI_LA,2019,17,0.6095258675886697,3.6904716223618528
2019_17_ATL_TB,2019,17,0.5916722243303886,2.5773728671596476
2019_17_CHI_MIN,2019,17,0.5206232894310501,0.7304920589831883
2019_17_CLE_CIN,2019,17,0.5685401578650067,1.9717065113528671
2019_17_GB_DET,2019,17,0.372567647905799,-4.457998707358611
2019_17_IND_JAX,2019,17,0.43580733746456085,-1.6030137761246883
2019_17_LAC_KC,2019,17,0.7580014720971747,8.648219865831297
2019_17_MIA_NE,2019,17,0.6245198810072725,4.166851911771595
2019_17_NO_CAR,2019,17,0.2375380143563727,-8.580610692159295
2019_17_NYJ_BUF,2019,17,0.5545199428616999,2.0697832366464013
2019_17_OAK_DEN,2019,17,0.4570474435306686,-1.3370404145034307
2019_17_PHI_NYG,2019,17,0.5854171418372169,2.054483833578859
2019_17_PIT_BAL,2019,17,0.5714829718996939,2.50862462860867
2019_17_SF_SEA,2019,17,0.5611345540628544,2.1961741898055385
2019_17_TEN_HOU,2019,17,0.2907588780163892,-6.199186876086326
2019_17_WAS_DAL,2019,17,0.7664191998817949,9.194006760680082
2019_18_BUF_HOU,2019,18,0.6739746694489545,5.858574633301804
2019_18_MIN_NO,2019,18,0.6889936641407755,6.429560490897893
2019_18_SEA_PHI,2019,18,0.5132218192327057,0.6296690443821253
2019_18_TEN_NE,2019,18,0.5190525614257852,1.1291664129366927
2019_19_HOU_KC,2019,19,0.7354503864232711,7.670325802853567
2019_19_MIN_SF,2019,19,0.6677802853315121,5.28731963632422
2019_19_SEA_GB,2019,19,0.603681300871894,3.1691845494048367
2019_19_TEN_BAL,2019,19,0.7689186735928565,9.086498692065621
2019_20_GB_SF,2019,20,0.5893279765510601,2.7723471001082705
2019_20_TEN_KC,2019,20,0.7142158352942946,7.324670381914379
2019_21_SF_KC,2019,21,0.5545996701370921,3.402723897674089
2020_01_ARI_SF,2020,1,0.6223055482293406,4.208054464022093
2020_01_CHI_DET,2020,1,0.6065949415784032,3.6850632654967606
2020_01_CLE_BAL,2020,1,0.7371781063488174,8.20016882590521
2020_01_DAL_LA,2020,1,0.5432644171203407,1.3341259094130302
2020_01_GB_MIN,2020,1,0.555801162716964,1.6214996592651199
2020_01_HOU_KC,2020,1,0.6978801554480981,6.578567546312733
2020_01_IND_JAX,2020,1,0.47882416258798227,-0.9751402893308945
2020_01_LAC_CIN,2020,1,0.5628988399215824,1.6071810319084192
2020_01_LV_CAR,2020,1,0.47543758981854845,-0.7409806063533386
2020_01_MIA_NE,2020,1,0.48017158036264707,-0.3315240989241066
2020_01_NYJ_BUF,2020,1,0.6429486538045498,5.32989443961959
2020_01_PHI_WAS,2020,1,0.499363607585465,-0.8459358599916293
2020_01_PIT_NYG,2020,1,0.5465451749741957,1.0425272166482238
2020_01_SEA_ATL,2020,1,0.4947036751297554,-0.051682981804474615
2020_01_TB_NO,2020,1,0.6751416609463065,5.386801680181698
2020_01_TEN_DEN,2020,1,0.4548754910767482,-1.0999808207872843
2020_02_ATL_DAL,2020,2,0.6128498396084135,3.383735119647524
2020_02_BAL_HOU,2020,2,0.4833697452749841,-0.2707985140156359
2020_02_BUF_MIA,2020,2,0.5717353200556435,2.618921251553869
2020_02_CAR_TB,2020,2,0.5440690480722629,2.168813210740417
2020_02_CIN_CLE,2020,2,0.6433196409314803,4.734991112825382
2020_02_DEN_PIT,2020,2,0.6911572377893924,6.037731406600306
2020_02_DET_GB,2020,2,0.7132147447215867,6.639664975230827
2020_02_JAX_TEN,2020,2,0.6093578674523675,3.64033249607499
2020_02_KC_LAC,2020,2,0.2577689141752086,-8.166613243870112
2020_02_LA_PHI,2020,2,0.4392837894000828,-1.4166817597942258
2020_02_MIN_IND,2020,2,0.5451978268451227,2.106586969125984
2020_02_NE_SEA,2020,2,0.7178871290525538,6.974753737470063
2020_02_NO_LV,2020,2,0.6055039903918694,2.4637428767284626
2020_02_NYG_CHI,2020,2,0.6236191663857675,3.898970148498891
2020_02_SF_NYJ,2020,2,0.4497328660434813,-2.621975146734196
2020_02_WAS_ARI,2020,2,0.6838410995553558,6.28405483023564
2020_03_CAR_LAC,2020,3,0.49233022679841376,-0.43017458874105197
2020_03_CHI_ATL,2020,3,0.6147699770212156,3.784943074805268
2020_03_CIN_PHI,2020,3,0.456341764436936,-0.4771519636767443
2020_03_DAL_SEA,2020,3,0.6379104537777583,4.3076412845938705
2020_03_DET_ARI,2020,3,0.5866849147372252,2.6464774699125933
2020_03_GB_NO,2020,3,0.5215241079421409,1.0744292611565187
2020_03_HOU_PIT,2020,3,0.5767731424398432,2.328950561544419
2020_03_KC_BAL,2020,3,0.5399434990174267,0.912680958704762
2020_03_LA_BUF,2020,3,0.5305678248499514,1.1055857512395904
2020_03_LV_NE,2020,3,0.6081048706536173,3.1785575843249436
2020_03_MIA_JAX,2020,3,0.570841143392608,2.058380840296171
2020_03_NYJ_IND,2020,3,0.762031103028537,8.592400979196057
2020_03_SF_NYG,2020,3,0.7144544579934977,6.650302930199468
2020_03_TB_DEN,2020,3,0.5164750349314716,-0.6174262973088975
2020_03_TEN_MIN,2020,3,0.4571832100034427,-1.3635133884024482
2020_03_WAS_CLE,2020,3,0.6811585959117236,5.813307459044951
2020_04_ARI_CAR,2020,4,0.6384295766512403,4.229559562256317
2020_04_ATL_GB,2020,4,0.6414691762832413,4.426494094297352
2020_04_BAL_WAS,2020,4,0.2688504028669706,-7.5285800327239585
2020_04_BUF_LV,2020,4,0.46877412256163065,-0.35822904573872316
2020_04_CLE_DAL,2020,4,0.7049327550413763,6.643774896451186
2020_04_DEN_NYJ,2020,4,0.5750904098521735,3.4827173426681197
2020_04_IND_CHI,2020,4,0.46882423858208166,-1.2116554032552163
2020_04_JAX_CIN,2020,4,0.5462298035155324,1.4039494452305887
2020_04_LAC_TB,2020,4,0.6232724518201235,4.69784658306164
2020_04_MIN_HOU,2020,4,0.6514533121599105,4.8492162321483026
2020_04_NE_KC,2020,4,0.8926931668581155,16.196778515325764
2020_04_NO_DET,2020,4,0.5807696803985668,1.8468797340901295
2020_04_NYG_LA,2020,4,0.7815774520495324,9.728607187591004
2020_04_PHI_SF,2020,4,0.6870794195302528,4.796824861740907
2020_04_SEA_MIA,2020,4,0.49340035396359183,-0.20473894052572517
2020_05_ARI_NYJ,2020,5,0.4066463564877671,-3.10112507408445
2020_05_BUF_TEN,2020,5,0.6020295977552916,3.3562141802173047
2020_05_CAR_ATL,2020,5,0.5474878150753257,1.9208330399690907
2020_05_CIN_BAL,2020,5,0.6726795867228024,5.3954949468849644
2020_05_IND_CLE,2020,5,0.4947864415417935,-0.4225874833473009
2020_05_JAX_HOU,2020,5,0.6155097684036691,3.9789703499733795
2020_05_LAC_NO,2020,5,0.6786280207413247,6.334661215079029
2020_05_LA_WAS,2020,5,0.34663621894246827,-4.54190774021491
2020_05_LV_KC,2020,5,0.7614675302521382,8.749227779632635
2020_05_MIA_SF,2020,5,0.5622427080078504,1.946786232224214
2020_05_MIN_SEA,2020,5,0.6951708521836399,6.2045623460151
2020_05_NYG_DAL,2020,5,0.7622771989797944,8.813450796025297
2020_05_PHI_PIT,2020,5,0.7697581279036407,8.91526690262134
2020_05_TB_CHI,2020,5,0.6146428081506871,2.4199462065315385
2020_06_ARI_DAL,2020,6,0.4448398611858612,-1.3541628208919527
2020_06_ATL_MIN,2020,6,0.5476423314684142,1.3302197529340933
2020_06_BAL_PHI,2020,6,0.3695775862415812,-3.9071987936144033
2020_06_CHI_CAR,2020,6,0.7161601332265967,6.909955847342793
2020_06_CIN_IND,2020,6,0.6535690709872807,5.14758450967814
2020_06_CLE_PIT,2020,6,0.6686475759044525,5.734572102009153
2020_06_DEN_NE,2020,6,0.7520512742880019,8.047956034666889
2020_06_DET_JAX,2020,6,0.5456827965844101,1.3573260241972114
2020_06_GB_TB,2020,6,0.3917950129847531,-2.9445313614932176
2020_06_HOU_TEN,2020,6,0.6266274242709029,3.5657511372114064
2020_06_KC_BUF,2020,6,0.40417516751614724,-3.176420833120335
2020_06_LA_SF,2020,6,0.44279920944464546,-1.4301610418490203
2020_06_NYJ_MIA,2020,6,0.7955576780872378,10.966450271483616
2020_06_WAS_NYG,2020,6,0.554577086594713,1.7699598556152287
2020_07_BUF_NYJ,2020,7,0.3680602816514956,-4.460718812499248
2020_07_CAR_NO,2020,7,0.6290294732067993,4.614891485503071
2020_07_CHI_LA,2020,7,0.7332278505552602,7.668637954161424
2020_07_CLE_CIN,2020,7,0.5962065589129345,3.0146876141065135
2020_07_DAL_WAS,2020,7,0.5755131967856781,2.62315133487735
2020_07_DET_ATL,2020,7,0.6348606648031808,4.3270388878286745
2020_07_GB_HOU,2020,7,0.6010150494855507,3.050748514317624
2020_07_JAX_LAC,2020,7,0.6828438261706845,5.83986382646593
2020_07_KC_DEN,2020,7,0.22421252962811095,-9.560020238310099
2020_07_NYG_PHI,2020,7,0.5280298343245713,1.7789567787696008
2020_07_PIT_TEN,2020,7,0.6554799924357203,4.559321697567592
2020_07_SEA_ARI,2020,7,0.4530607745483133,-1.4219836143490228
2020_07_SF_NE,2020,7,0.5822724165043026,2.4379505621138997
2020_07_TB_LV,2020,7,0.676639142749843,5.478711194139363
2020_08_ATL_CAR,2020,8,0.5511253374446801,1.4004531410818677
2020_08_DAL_PHI,2020,8,0.6609212476929829,6.15539822861227
2020_08_IND_DET,2020,8,0.5135116741000141,0.15022305841696237
2020_08_LAC_DEN,2020,8,0.2973866835602747,-6.023291985610953
2020_08_LA_MIA,2020,8,0.3869125038819827,-3.2778984425048887
2020_08_LV_CLE,2020,8,0.48025463870740503,-0.4386654532388268
2020_08_MIN_GB,2020,8,0.6460888013901199,4.69149002227412
2020_08_NE_BUF,2020,8,0.773349054943543,8.406169176621736
2020_08_NO_CHI,2020,8,0.3737831727502751,-4.34922469007927
2020_08_NYJ_KC,2020,8,0.9030020504332726,16.710005724184043
2020_08_PIT_BAL,2020,8,0.6211699730249527,3.860582117496186
2020_08_SF_SEA,2020,8,0.6426187225935838,4.415872523085354
2020_08_TB_NYG,2020,8,0.4231218938876999,-2.5809803901001387
2020_08_TEN_CIN,2020,8,0.379334688705244,-3.2769107024556248
2020_09_BAL_IND,2020,9,0.6095207711309208,3.482118910604516
2020_09_CAR_KC,2020,9,0.7615942066686062,9.142235183653177
2020_09_CHI_TEN,2020,9,0.7966383515593742,10.870551687323832
2020_09_DEN_ATL,2020,9,0.7979581445630339,10.352087687971796
2020_09_DET_MIN,2020,9,0.6500206648211418,4.3202567231609414
2020_09_GB_SF,2020,9,0.3242902662248545,-5.220485139541223
2020_09_HOU_JAX,2020,9,0.3170926583440144,-6.397788904424321
2020_09_LV_LAC,2020,9,0.5645019776387723,2.066233807130883
2020_09_MIA_ARI,2020,9,0.8033925638072068,10.516731766910075
2020_09_NE_NYJ,2020,9,0.4520825185538671,-2.2173565482502346
2020_09_NO_TB,2020,9,0.5321383135424151,0.7594952216254711
2020_09_NYG_WAS,2020,9,0.6208264842359238,3.8032406056593766
2020_09_PIT_DAL,2020,9,0.36656652031067416,-4.024610220863568
2020_09_SEA_BUF,2020,9,0.557421761607684,1.4464478995543575
2020_10_BAL_NE,2020,10,0.5066513181104345,0.2145490989188068
2020_10_BUF_ARI,2020,10,0.5319761178976904,1.2144744083784176
2020_10_CIN_PIT,2020,10,0.6607009714327543,4.9245702775677795
2020_10_DEN_LV,2020,10,0.7420239902519785,7.752566185414812
2020_10_HOU_CLE,2020,10,0.574952314506131,2.4493507606324116
2020_10_IND_TEN,2020,10,0.6109526184384435,3.276560150045336
2020_10_JAX_GB,2020,10,0.8189840047700072,12.005177851106366
2020_10_LAC_MIA,2020,10,0.40767027272000506,-2.8093551663937677
2020_10_MIN_CHI,2020,10,0.37877257135548426,-4.077667605160832
2020_10_PHI_NYG,2020,10,0.52428792318319,0.7446000086861368
2020_10_SEA_LA,2020,10,0.5616889590091485,1.8808050956786004
2020_10_SF_NO,2020,10,0.7269230387306129,7.049290703838686
2020_10_TB_CAR,2020,10,0.5738818359973924,2.3227840003333826
2020_10_WAS_DET,2020,10,0.7674935386390317,9.302900785036668
2020_11_ARI_SEA,2020,11,0.5516017646945676,1.7667492614656175
2020_11_ATL_NO,2020,11,0.3203606788801638,-5.558794006009489
2020_11_CIN_WAS,2020,11,0.4847808986698583,-0.3249722949753169
2020_11_DAL_MIN,2020,11,0.7373136251997041,7.672970568210854
2020_11_DET_CAR,2020,11,0.3263693266329541,-5.755945999834294
2020_11_GB_IND,2020,11,0.48954380879135756,-0.22465161549336132
2020_11_KC_LV,2020,11,0.3595567747876898,-4.6276889608716
2020_11_LA_TB,2020,11,0.6175167154601774,3.7102088088862635
2020_11_MIA_DEN,2020,11,0.4492064510550783,-1.777077177554078
2020_11_NE_HOU,2020,11,0.6774386617565682,5.407601661645433
2020_11_NYJ_LAC,2020,11,0.7330614826646488,8.36080913413011
2020_11_PHI_CLE,2020,11,0.6817680342001757,5.531539326418399
2020_11_PIT_JAX,2020,11,0.28143595199824895,-6.96712478169076
2020_11_TEN_BAL,2020,11,0.6287575433679623,4.180159410576676
2020_12_ARI_NE,2020,12,0.49970419290801243,0.20421153809301762
2020_12_BAL_PIT,2020,12,0.8269027191936522,11.740414927313159
2020_12_CAR_MIN,2020,12,0.5683180625205976,2.076502389990753
2020_12_CHI_GB,2020,12,0.7765342387368384,10.45873770919175
2020_12_CLE_JAX,2020,12,0.3533189730249905,-4.127423026540665
2020_12_HOU_DET,2020,12,0.4035397576947939,-1.8322046787932194
2020_12_KC_TB,2020,12,0.30842422006221,-6.212516425134252
2020_12_LAC_BUF,2020,12,0.6013619882765563,3.236976551313334
2020_12_LV_ATL,2020,12,0.48234125612488343,0.027356129773445925
2020_12_MIA_NYJ,2020,12,0.3740614392550801,-3.8810400631014237
2020_12_NO_DEN,2020,12,0.5079154867529565,0.27215951246730796
2020_12_NYG_CIN,2020,12,0.418924949070557,-2.1905437287513307
2020_12_SEA_PHI,2020,12,0.3725036847326671,-4.0314614794990185
2020_12_SF_LA,2020,12,0.5935334250051769,2.808568304582515
2020_12_TEN_IND,2020,12,0.5551662287472803,1.3383183820758413
2020_12_WAS_DAL,2020,12,0.5660067373795874,1.9062588920742125
2020_13_BUF_SF,2020,13,0.26891681307968446,-6.177100200191502
2020_13_CIN_MIA,2020,13,0.6952196272490203,6.5023055196836825
2020_13_CLE_TEN,2020,13,0.6353020871093448,4.106721367509817
2020_13_DAL_BAL,2020,13,0.7616933801676016,8.7215325564637
2020_13_DEN_KC,2020,13,0.8866104256035658,15.783610129294628
2020_13_DET_CHI,2020,13,0.5197390682816909,0.7116009561622605
2020_13_IND_HOU,2020,13,0.7090203696949847,6.637638052013363
2020_13_JAX_MIN,2020,13,0.7434315614068964,7.980919313449446
2020_13_LA_ARI,2020,13,0.6366356911062122,3.987583872101922
2020_13_LV_NYJ,2020,13,0.40418743314414735,-2.995074118789479
2020_13_NE_LAC,2020,13,0.6695505386611912,5.545653809845364
2020_13_NO_ATL,2020,13,0.6972136271562281,6.208953232302039
2020_13_NYG_SEA,2020,13,0.804773580808761,11.659315483471872
2020_13_PHI_GB,2020,13,0.8094718168695494,10.634291136815488
2020_13_WAS_PIT,2020,13,0.6942872084464367,5.470794783119041
2020_14_ARI_NYG,2020,14,0.5098715220331553,-0.07925502725745792
2020_14_ATL_LAC,2020,14,0.6543274350677608,4.545833895374755
2020_14_BAL_CLE,2020,14,0.5203611294286051,0.5750729261820156
2020_14_DAL_CIN,2020,14,0.49755397952718877,-0.08523299755141878
2020_14_DEN_CAR,2020,14,0.74035454258364,8.291129375947962
2020_14_GB_DET,2020,14,0.3617604965561134,-4.427558935350952
2020_14_HOU_CHI,2020,14,0.3808310107577101,-3.643557620862596
2020_14_IND_LV,2020,14,0.5302766398751516,0.8465658150562725
2020_14_KC_MIA,2020,14,0.22167165598566085,-9.481609402309976
2020_14_MIN_TB,2020,14,0.6439797041289728,4.341835109690479
2020_14_NE_LA,2020,14,0.6189260820862418,3.827696079283861
2020_14_NO_PHI,2020,14,0.492930753176885,-0.21532673371529754
2020_14_NYJ_SEA,2020,14,0.8561360467667802,13.341398103609107
2020_14_PIT_BUF,2020,14,0.6450125621737642,4.331065697328439
2020_14_TEN_JAX,2020,14,0.3501049258538831,-4.409792004264794
2020_14_WAS_SF,2020,14,0.46568276561841954,-0.26239008728612667
2020_15_BUF_DEN,2020,15,0.378895289496015,-3.5046172568799574
2020_15_CAR_GB,2020,15,0.7637004991685089,8.591371444188265
2020_15_CHI_MIN,2020,15,0.6628298655847917,5.330096039767593
2020_15_CLE_NYG,2020,15,0.2978703533305316,-6.657827948326492
2020_15_DET_TEN,2020,15,0.7259857808450862,7.424902346096831
2020_15_HOU_IND,2020,15,0.5762979146791226,2.2627138031695817
2020_15_JAX_BAL,2020,15,0.7040956679761983,6.762271760570561
2020_15_KC_NO,2020,15,0.3735714766126898,-3.5771698622741774
2020_15_LAC_LV,2020,15,0.5952376186495425,2.560770322613803
2020_15_NE_MIA,2020,15,0.5541065339426484,1.7833690603607675
2020_15_NYJ_LA,2020,15,0.7854759731182648,9.775717148299027
2020_15_PHI_ARI,2020,15,0.6862428428669016,5.834090047074319
2020_15_PIT_CIN,2020,15,0.21777660814248703,-10.944924338911504
2020_15_SEA_WAS,2020,15,0.3076723824962317,-7.1008310279643165
2020_15_SF_DAL,2020,15,0.5698563951334489,1.9411840178305946
2020_15_TB_ATL,2020,15,0.4518207685436334,-1.2483128094846632
2020_16_ATL_KC,2020,16,0.8236723980616592,11.882094783299426
2020_16_BUF_NE,2020,16,0.38458112515083703,-3.2687775796721454
2020_16_CAR_WAS,2020,16,0.412059478610322,-2.816481909494384
2020_16_CHI_JAX,2020,16,0.47599844087132986,-0.45774613387200747
2020_16_CIN_HOU,2020,16,0.8142298718314871,11.294780770568233
2020_16_CLE_NYJ,2020,16,0.3161048641055543,-5.5355346062618125
2020_16_DEN_LAC,2020,16,0.7318374232296517,7.667043766251261
2020_16_IND_PIT,2020,16,0.49703526946976284,0.03230176211905844
2020_16_LA_SEA,2020,16,0.6422647485452923,4.248961337500223
2020_16_MIA_LV,2020,16,0.7030033399524205,6.323283910423789
2020_16_MIN_NO,2020,16,0.6059937083925516,3.461333684211892
2020_16_NYG_BAL,2020,16,0.7460134823235728,8.496875941618269
2020_16_PHI_DAL,2020,16,0.5329701581237074,1.073387373469495
2020_16_SF_ARI,2020,16,0.7783217476293067,10.362235490915962
2020_16_TB_DET,2020,16,0.5121792869230765,0.24637005021555636
2020_16_TEN_GB,2020,16,0.5675488806044873,2.3932893461310747
2020_17_ARI_LA,2020,17,0.5775517823072019,1.1987055536640456
2020_17_ATL_TB,2020,17,0.6917003665796866,5.673365619313527
2020_17_BAL_CIN,2020,17,0.4401758314573002,-2.156075919454716
2020_17_DAL_NYG,2020,17,0.5629302249565898,2.220375947053948
2020_17_GB_CHI,2020,17,0.3776427926477237,-3.7332049512214547
2020_17_JAX_IND,2020,17,0.8124767720155859,10.563070376210787
2020_17_LAC_KC,2020,17,0.32322003911886804,-4.688492644794199
2020_17_LV_DEN,2020,17,0.42316433541392606,-2.124874933506374
2020_17_MIA_BUF,2020,17,0.7358463581670218,7.714223687699528
2020_17_MIN_DET,2020,17,0.6043160510541651,3.1510740305829477
2020_17_NO_CAR,2020,17,0.41491893432881594,-2.5389959681853465
2020_17_NYJ_NE,2020,17,0.6622011515395249,5.30897107834218
2020_17_PIT_CLE,2020,17,0.8117432506939999,11.654923600824421
2020_17_SEA_SF,2020,17,0.18406662065079032,-10.083371820820107
2020_17_TEN_HOU,2020,17,0.5375190845526202,1.1767294754498743
2020_17_WAS_PHI,2020,17,0.5312361917891314,1.3544496944230597
2020_18_BAL_TEN,2020,18,0.6186139406053934,3.4826988909645324
2020_18_CHI_NO,2020,18,0.7075160625006396,6.898218973331224
2020_18_CLE_PIT,2020,18,0.5418343399011314,1.6490843267321313
2020_18_IND_BUF,2020,18,0.6443190105352377,4.538211432778631
2020_18_LA_SEA,2020,18,0.7107674709165845,7.0528740099109
2020_18_TB_WAS,2020,18,0.34422255639039684,-4.970813078338157
2020_19_BAL_BUF,2020,19,0.6063042241542878,3.055166764792067
2020_19_CLE_KC,2020,19,0.7064117078420306,7.405158925467367
2020_19_LA_GB,2020,19,0.8353707038183573,12.607571961008034
2020_19_TB_NO,2020,19,0.5411958066704271,1.2858885048543665
2020_20_BUF_KC,2020,20,0.6527490548962462,5.215304784509181
2020_20_TB_GB,2020,20,0.6699847631648641,5.107367155408804
2020_21_KC_TB,2020,21,0.2978335328942158,-5.470540239591269
2021_01_ARI_TEN,2021,1,0.6448270037131445,4.787174743184128
2021_01_BAL_LV,2021,1,0.5427332501227826,1.1389572893358224
2021_01_CHI_LA,2021,1,0.6571062707073706,5.133728190018807
2021_01_CLE_KC,2021,1,0.676761388169358,5.872854373149947
2021_01_DAL_TB,2021,1,0.6415540123927328,4.394481535257722
2021_01_DEN_NYG,2021,1,0.46057287629777816,-0.9639011864871998
2021_01_GB_NO,2021,1,0.2260632460471987,-7.901820070256098
2021_01_JAX_HOU,2021,1,0.541441221025189,1.0134799027080907
2021_01_LAC_WAS,2021,1,0.5543810530084499,1.6660394815606538
2021_01_MIA_NE,2021,1,0.5448666892908153,1.505688483910943
2021_01_MIN_CIN,2021,1,0.5378303894245893,1.2250531759506207
2021_01_NYJ_CAR,2021,1,0.5804935208484665,2.1717792072879627
2021_01_PHI_ATL,2021,1,0.6816477288431617,5.958620598977356
2021_01_PIT_BUF,2021,1,0.651151470053586,4.783806779327643
2021_01_SEA_IND,2021,1,0.41179086222311867,-2.9406394830575344
2021_01_SF_DET,2021,1,0.5583033063548426,1.649182960647121
2021_02_ATL_TB,2021,2,0.7192803190940942,7.3502351162216115
2021_02_BUF_MIA,2021,2,0.4106576970134693,-2.6604799920315205
2021_02_CIN_CHI,2021,2,0.47959285989996203,-0.5463185846010497
2021_02_DAL_LAC,2021,2,0.5431005529286986,1.2966408696908536
2021_02_DEN_JAX,2021,2,0.4056924747548327,-2.855194776986539
2021_02_DET_GB,2021,2,0.701435643877837,6.5542392067201165
2021_02_HOU_CLE,2021,2,0.6100161980722001,3.8581783374789236
2021_02_KC_BAL,2021,2,0.38532265859141945,-3.659540433048197
2021_02_LA_IND,2021,2,0.3420946462629199,-5.153554614051668
2021_02_LV_PIT,2021,2,0.5854058870969265,2.7113684013511357
2021_02_MIN_ARI,2021,2,0.5437294021635198,1.5557477978804253
2021_02_NE_NYJ,2021,2,0.4433587618306518,-1.7183287542538874
2021_02_NO_CAR,2021,2,0.42032369567098177,-2.7242567563682316
2021_02_NYG_WAS,2021,2,0.6628317013066525,4.958536448020863
2021_02_SF_PHI,2021,2,0.5316437342138377,0.8449752032555462
2021_02_TEN_SEA,2021,2,0.5922747506438951,2.761749842662625
2021_03_ARI_JAX,2021,3,0.4084215583924645,-2.909811443993359
2021_03_ATL_NYG,2021,3,0.6361543525429592,4.13399397593433
2021_03_BAL_DET,2021,3,0.4531932683729426,-1.5239215383383824
2021_03_CAR_HOU,2021,3,0.4473209295983559,-1.6153809717161693
2021_03_CHI_CLE,2021,3,0.8361069781606909,12.816297108916597
2021_03_CIN_PIT,2021,3,0.5966903223033173,3.170524108003802
2021_03_GB_SF,2021,3,0.5260410178544312,1.0627749304982876
2021_03_IND_TEN,2021,3,0.7080969834669552,7.180348457782578
2021_03_LAC_KC,2021,3,0.7406561050161155,8.305621618806931
2021_03_MIA_LV,2021,3,0.7884798264505402,10.515330095200383
2021_03_NO_NE,2021,3,0.5550453639966659,1.5229682775992068
2021_03_NYJ_DEN,2021,3,0.8447744089981246,12.881695477543623
2021_03_PHI_DAL,2021,3,0.6071745211276768,3.338204750114275
2021_03_SEA_MIN,2021,3,0.5742640665185671,2.2717273635862547
2021_03_TB_LA,2021,3,0.5700737420176104,2.224134512850408
2021_03_WAS_BUF,2021,3,0.6412021483811653,4.850870776204765
2021_04_ARI_LA,2021,4,0.6420951089051785,4.759053204657356
2021_04_BAL_DEN,2021,4,0.6538233804951576,4.760636438730745
2021_04_CAR_DAL,2021,4,0.6437415204936168,4.533915056720565
2021_04_CLE_MIN,2021,4,0.6110106400972164,3.719587506041748
2021_04_DET_CHI,2021,4,0.3092268689444527,-6.401859699798387
2021_04_HOU_BUF,2021,4,0.7610854105170688,9.305266841312546
2021_04_IND_MIA,2021,4,0.6321275881094716,4.329224810945142
2021_04_JAX_CIN,2021,4,0.6774032157625473,5.888214548720052
2021_04_KC_PHI,2021,4,0.3104327228785961,-6.471098786122041
2021_04_LV_LAC,2021,4,0.5773481695017927,2.2934712356658085
2021_04_NYG_NO,2021,4,0.6539292410051191,4.483690187129647
2021_04_PIT_GB,2021,4,0.7089986750794914,6.862466676496508
2021_04_SEA_SF,2021,4,0.6111260705875766,3.657326694409052
2021_04_TB_NE,2021,4,0.4167244069004305,-3.082371746521055
2021_04_TEN_NYJ,2021,4,0.25408776970684244,-8.783952431135063
2021_04_WAS_ATL,2021,4,0.5350396397689885,1.3725859994471699
2021_05_BUF_KC,2021,5,0.7216979345597538,7.290388307225415
2021_05_CHI_LV,2021,5,0.8374411682199049,12.587258845444868
2021_05_CLE_LAC,2021,5,0.6562734040186574,5.120630692756412
2021_05_DEN_PIT,2021,5,0.44403078564316,-1.677372077359525
2021_05_DET_MIN,2021,5,0.6900459319073466,6.1025076890395
2021_05_GB_CIN,2021,5,0.4837826963512986,-0.49237004954572106
2021_05_IND_BAL,2021,5,0.7387218742164907,8.36470225057186
2021_05_LA_SEA,2021,5,0.48959441998375947,-0.2756311688595656
2021_05_MIA_TB,2021,5,0.7333558061709237,8.14484959276184
2021_05_NE_HOU,2021,5,0.31355655500334206,-6.148841237877172
2021_05_NO_WAS,2021,5,0.5355951897247493,1.5316757655928688
2021_05_NYG_DAL,2021,5,0.6892527674032077,5.972102212341063
2021_05_NYJ_ATL,2021,5,0.5625138896182074,3.7767298639793143
2021_05_PHI_CAR,2021,5,0.4760702498171256,-0.7649769813577825
2021_05_SF_ARI,2021,5,0.6901892974140537,6.075879627050579
2021_05_TEN_JAX,2021,5,0.45800905769254213,-1.8990554553953993
2021_06_ARI_CLE,2021,6,0.5591426130156405,1.9439979748694243
2021_06_BUF_TEN,2021,6,0.5002578336312857,0.09110891873409699
2021_06_CIN_DET,2021,6,0.45177836664428656,-1.359632724924289
2021_06_DAL_NE,2021,6,0.48137295538992986,-0.7790924938336432
2021_06_GB_CHI,2021,6,0.24808724596078438,-8.66212184402415
2021_06_HOU_IND,2021,6,0.7315388648998823,7.966825162575327
2021_06_KC_WAS,2021,6,0.3234946954758335,-5.4223104484816105
2021_06_LAC_BAL,2021,6,0.5709952906034559,2.229512005151526
2021_06_LA_NYG,2021,6,0.3731674375067534,-3.619396898601046
2021_06_LV_DEN,2021,6,0.6486610994759737,4.64160490811996
2021_06_MIA_JAX,2021,6,0.4147760245615443,-1.665813622020245
2021_06_MIN_CAR,2021,6,0.39818461005769074,-3.3974709548735653
2021_06_SEA_PIT,2021,6,0.6336770563755311,4.673246052131898
2021_06_TB_PHI,2021,6,0.46921815483447427,-1.23476657167681
2021_07_ATL_MIA,2021,7,0.464819867227228,-0.9331249144448832
2021_07_CAR_NYG,2021,7,0.5962740738142849,3.7048977824565514
2021_07_CHI_TB,2021,7,0.8340761377029483,12.935498340816299
2021_07_CIN_BAL,2021,7,0.575335182917238,2.7375481902251435
2021_07_DEN_CLE,2021,7,0.29722807256443934,-6.346259484127843
2021_07_DET_LA,2021,7,0.783964231436389,9.869205800047062
2021_07_HOU_ARI,2021,7,0.812766283118974,11.572729720309468
2021_07_IND_SF,2021,7,0.7139860953357673,7.082704088973366
2021_07_KC_TEN,2021,7,0.4072025497087652,-2.8493505178006444
2021_07_NO_SEA,2021,7,0.3736284633040118,-4.171009586028383
2021_07_NYJ_NE,2021,7,0.7189042723448148,7.07766180687753
2021_07_PHI_LV,2021,7,0.6267281042137649,4.205932797376384
2021_07_WAS_GB,2021,7,0.7709422121452583,8.980840835015126
2021_08_CAR_ATL,2021,8,0.720376092047008,7.220976562874834
2021_08_CIN_NYJ,2021,8,0.30185923190103886,-6.363851633068282
2021_08_DAL_MIN,2021,8,0.7519234890907368,8.618481075975357
2021_08_GB_ARI,2021,8,0.4520081628009437,-1.5571025591657786
2021_08_JAX_SEA,2021,8,0.48117827548018005,-0.5957227230280595
2021_08_LA_HOU,2021,8,0.22342063951338828,-10.003515723459625
2021_08_MIA_BUF,2021,8,0.7129679935462028,7.1625576844725485
2021_08_NE_LAC,2021,8,0.6655721765189434,5.49256343510664
2021_08_NYG_KC,2021,8,0.8253342518188581,11.654660409663585
2021_08_PHI_DET,2021,8,0.5505993382300447,1.485231214114616
2021_08_PIT_CLE,2021,8,0.5753917819006482,2.400202758676805
2021_08_SF_CHI,2021,8,0.3312475187030904,-5.780026202855086
2021_08_TB_NO,2021,8,0.4809094582013992,-0.8452772176640111
2021_08_TEN_IND,2021,8,0.49514780809413245,-0.6393612322484534
2021_08_WAS_DEN,2021,8,0.7531725748787127,8.00621402480241
2021_09_ARI_SF,2021,9,0.771774119418322,9.90130634300716
2021_09_ATL_NO,2021,9,0.4476171026810812,-2.0837059007980185
2021_09_BUF_JAX,2021,9,0.4064012789839555,-3.3062543845639345
2021_09_CHI_PIT,2021,9,0.7937988272401859,10.986413022457356
2021_09_CLE_CIN,2021,9,0.6824888434639075,5.560440293289044
2021_09_DEN_DAL,2021,9,0.5768848653474324,2.8574935714003704
2021_09_GB_KC,2021,9,0.7899552804545135,10.458664669458564
2021_09_HOU_MIA,2021,9,0.4892641894833955,-0.554237208561962
2021_09_LAC_PHI,2021,9,0.565917741537422,1.9883699586365937
2021_09_LV_NYG,2021,9,0.3183618986994592,-5.336432764287172
2021_09_MIN_BAL,2021,9,0.5875419938810801,3.050836227495533
2021_09_NE_CAR,2021,9,0.47889997808097756,-0.8365418911472986
2021_09_NYJ_IND,2021,9,0.5825364318485055,2.6067245951053737
2021_09_TEN_LA,2021,9,0.684413628464675,5.936414925318079
2021_10_ATL_DAL,2021,10,0.5956612095948256,3.0398119117375373
2021_10_BAL_MIA,2021,10,0.4211320918366367,-2.922760828698584
2021_10_BUF_NYJ,2021,10,0.4820823748009188,-0.9244348657766639
2021_10_CAR_ARI,2021,10,0.6926209022737573,6.632266831391364
2021_10_CLE_NE,2021,10,0.4936177645567001,-0.0494168667990853
2021_10_DET_PIT,2021,10,0.49836455599281765,0.19328084190785777
2021_10_JAX_IND,2021,10,0.6464086006123029,4.449153824132452
2021_10_KC_LV,2021,10,0.49538332286165093,-0.35817914909803195
2021_10_LA_SF,2021,10,0.5592574285040071,1.9542845352187483
2021_10_MIN_LAC,2021,10,0.5690374891845495,2.3587189763144116
2021_10_NO_TEN,2021,10,0.7460681036868821,8.147970849773621
2021_10_PHI_DEN,2021,10,0.5876141435538169,2.63200505944778
2021_10_SEA_GB,2021,10,0.6161714842461985,3.871233822458046
2021_10_TB_WAS,2021,10,0.3936723162186258,-3.7115934100147543
2021_11_ARI_SEA,2021,11,0.7159769489167511,7.139258383644342
2021_11_BAL_CHI,2021,11,0.6050210671766929,3.2703021792747236
2021_11_CIN_LV,2021,11,0.5331277361351491,1.2005545730732512
2021_11_DAL_KC,2021,11,0.6285777052947145,4.295465870786739
2021_11_DET_CLE,2021,11,0.7552411503535735,9.083646228796027
2021_11_GB_MIN,2021,11,0.6096451128010916,2.932129386853614
2021_11_HOU_TEN,2021,11,0.6044649587736377,3.8073551189672954
2021_11_IND_BUF,2021,11,0.706289393438925,6.947925790059552
2021_11_MIA_NYJ,2021,11,0.46527750794498063,-1.2831173955704358
2021_11_NE_ATL,2021,11,0.5455076482318083,1.5971479820783903
2021_11_NO_PHI,2021,11,0.7447217630489408,8.012411932911395
2021_11_NYG_TB,2021,11,0.7400740949004115,8.255791193376453
2021_11_PIT_LAC,2021,11,0.6845729106518716,6.128621348303506
2021_11_SF_JAX,2021,11,0.4034771030016445,-3.3980725663147453
2021_11_WAS_CAR,2021,11,0.5983087018064742,2.8191872950791512
2021_12_ATL_JAX,2021,12,0.44495585750527156,-1.7972930761985717
2021_12_BUF_NO,2021,12,0.28559025961203977,-6.786660062370239
2021_12_CAR_MIA,2021,12,0.6318428495517587,4.321370126532328
2021_12_CHI_DET,2021,12,0.5232811147791254,0.46359923784916557
2021_12_CLE_BAL,2021,12,0.5870037591820262,2.8049865289282514
2021_12_LAC_DEN,2021,12,0.563567166619222,1.6388797180893788
2021_12_LA_GB,2021,12,0.5495206828496161,1.578413925152444
2021_12_LV_DAL,2021,12,0.6050513774856235,3.4067993582577305
2021_12_MIN_SF,2021,12,0.589654322552401,3.10758254567623
2021_12_NYJ_HOU,2021,12,0.7336218978958714,7.666160612232881
2021_12_PHI_NYG,2021,12,0.36709413016812215,-3.6674080647005765
2021_12_PIT_CIN,2021,12,0.6394178662793246,4.2582464496411125
2021_12_SEA_WAS,2021,12,0.5903663959139731,2.999100994510367
2021_12_TB_IND,2021,12,0.4579029580475644,-1.6750608652529761
2021_12_TEN_NE,2021,12,0.6108918205777963,3.254004390767363
2021_13_ARI_CHI,2021,13,0.401310950262475,-2.674110961222799
2021_13_BAL_PIT,2021,13,0.50745389041694,-0.03672334390966281
2021_13_DAL_NO,2021,13,0.43544218141783336,-2.340018714056196
2021_13_DEN_KC,2021,13,0.6502204567803,5.070504828117011
2021_13_IND_HOU,2021,13,0.4501537826795622,-1.485011753649463
2021_13_JAX_LA,2021,13,0.7331949192227744,7.992582122239048
2021_13_LAC_CIN,2021,13,0.5003112876258925,-0.08807195281678615
2021_13_MIN_DET,2021,13,0.4006578411724487,-3.217286557335478
2021_13_NE_BUF,2021,13,0.6547218275296116,5.162874605712091
2021_13_NYG_MIA,2021,13,0.818611104041796,11.67911040311493
2021_13_PHI_NYJ,2021,13,0.41809222087012154,-2.686677452864833
2021_13_SF_SEA,2021,13,0.49093713346643336,-0.5113549506961603
2021_13_TB_ATL,2021,13,0.468193601684401,-1.074755039213382
2021_13_WAS_LV,2021,13,0.648978316285374,4.898708216579953
2021_14_ATL_CAR,2021,14,0.5113919555944589,0.25283634628440854
2021_14_BAL_CLE,2021,14,0.5743643990037417,2.296711765033628
2021_14_BUF_TB,2021,14,0.6073608381457227,3.1894442856402723
2021_14_CHI_GB,2021,14,0.8591762588569108,14.373323382188463
2021_14_DAL_WAS,2021,14,0.5177169626802357,0.3589753290878004
2021_14_DET_DEN,2021,14,0.7849468297656408,9.622035691440995
2021_14_JAX_TEN,2021,14,0.7421335774083103,8.140919740566432
2021_14_LA_ARI,2021,14,0.6137789930846859,3.3547510328618593
2021_14_LV_KC,2021,14,0.7171412598432271,7.207625205055739
2021_14_NO_NYJ,2021,14,0.4148292838642434,-2.6730260792861884
2021_14_NYG_LAC,2021,14,0.849077552605739,13.53708022832452
2021_14_PIT_MIN,2021,14,0.6398240934809488,4.6992384563718925
2021_14_SEA_HOU,2021,14,0.3620407549388722,-4.774518967076611
2021_14_SF_CIN,2021,14,0.526507493263972,0.5528976422287837
2021_15_ARI_DET,2021,15,0.3774145846657679,-3.935271118912212
2021_15_ATL_SF,2021,15,0.6295459827905648,4.2650719757930675
2021_15_CAR_BUF,2021,15,0.7174708916430307,7.2850987142644685
2021_15_CIN_DEN,2021,15,0.6016171946932942,3.395068091137029
2021_15_DAL_NYG,2021,15,0.3283389840728078,-5.901956800639007
2021_15_GB_BAL,2021,15,0.26690867399814494,-8.23937846609163
2021_15_HOU_JAX,2021,15,0.6976413389554186,7.055143086371221
2021_15_KC_LAC,2021,15,0.5532223733181201,1.6430088172307953
2021_15_LV_CLE,2021,15,0.48882695429661654,-0.17490879323474218
2021_15_MIN_CHI,2021,15,0.3141846357858094,-6.25152989258146
2021_15_NE_IND,2021,15,0.5136641104317098,0.3774630600675608
2021_15_NO_TB,2021,15,0.721561779529068,7.261546029639015
2021_15_NYJ_MIA,2021,15,0.8252925666224696,12.08912152237038
2021_15_SEA_LA,2021,15,0.6756148456186685,5.745475428159133
2021_15_TEN_PIT,2021,15,0.5421954445230815,1.2612664684890977
2021_15_WAS_PHI,2021,15,0.7322195904803103,7.6580329020277835
2021_16_BAL_CIN,2021,16,0.6840159336915482,5.6404412026020445
2021_16_BUF_NE,2021,16,0.447513680423584,-1.3010862641287826
2021_16_CHI_SEA,2021,16,0.7479769283237566,8.706589616179551
2021_16_CLE_GB,2021,16,0.7262850030346267,7.460029221793936
2021_16_DEN_LV,2021,16,0.7251579563433469,7.954892770889421
2021_16_DET_ATL,2021,16,0.7384636287907134,8.178768112254387
2021_16_IND_ARI,2021,16,0.6344186651016731,4.526986998354192
2021_16_JAX_NYJ,2021,16,0.4289663565296457,-2.1226659363138083
2021_16_LAC_HOU,2021,16,0.24968029063888542,-9.128123777782783
2021_16_LA_MIN,2021,16,0.5243579854385642,0.8777906773603594
2021_16_MIA_NO,2021,16,0.4377197237581064,-1.7522437971119373
2021_16_NYG_PHI,2021,16,0.7030924099738675,6.510727874612558
2021_16_PIT_KC,2021,16,0.7925258856899785,10.467537213740421
2021_16_SF_TEN,2021,16,0.5011371034156699,-0.2472880432913831
2021_16_TB_CAR,2021,16,0.41551394557360816,-3.0785683911124293
2021_16_WAS_DAL,2021,16,0.6675265818914037,5.411606816759692
2021_17_ARI_DAL,2021,17,0.6081245671608523,3.3050226440601316
2021_17_ATL_BUF,2021,17,0.677751075020511,5.917962813636243
2021_17_CAR_NO,2021,17,0.6234545112965767,4.587340107874635
2021_17_CLE_PIT,2021,17,0.5593558920849704,1.8386345235763946
2021_17_DEN_LAC,2021,17,0.8307937106355944,12.374740331882617
2021_17_DET_SEA,2021,17,0.717270917074443,7.551936284238015
2021_17_HOU_SF,2021,17,0.5989987583167615,3.231451914235693
2021_17_JAX_NE,2021,17,0.6427837966047794,4.609409972460412
2021_17_KC_CIN,2021,17,0.5104456797465857,-0.1074910836751739
2021_17_LA_BAL,2021,17,0.3135576236381708,-6.318601897499785
2021_17_LV_IND,2021,17,0.5239639375059191,0.7291694452720481
2021_17_MIA_TEN,2021,17,0.6235871797338555,4.017780036830883
2021_17_MIN_GB,2021,17,0.8116233284125061,11.177990934163436
2021_17_NYG_CHI,2021,17,0.7625967687791122,8.824962521323132
2021_17_PHI_WAS,2021,17,0.45129649326715254,-1.7959022557457072
2021_17_TB_NYJ,2021,17,0.29169705792928236,-7.007495105107249
2021_18_CAR_TB,2021,18,0.7929622428398698,10.574707661820042
2021_18_CHI_MIN,2021,18,0.69702245957998,6.361315606038058
2021_18_CIN_CLE,2021,18,0.61138913628379,3.5959392905872507
2021_18_DAL_PHI,2021,18,0.5107092056916617,0.3088816674820456
2021_18_GB_DET,2021,18,0.3103421393029495,-6.134607033407408
2021_18_IND_JAX,2021,18,0.4731602611117598,-0.5733609457484063
2021_18_KC_DEN,2021,18,0.26058912072986196,-8.588336593354768
2021_18_LAC_LV,2021,18,0.44983259345243465,-1.5151383873037418
2021_18_NE_MIA,2021,18,0.5292086116587834,0.7453134432879147
2021_18_NO_ATL,2021,18,0.6339828237250708,4.163596923894646
2021_18_NYJ_BUF,2021,18,0.8040204931384227,11.070080155368661
2021_18_PIT_BAL,2021,18,0.5359393390279472,0.8066162566412052
2021_18_SEA_ARI,2021,18,0.6117124407010218,3.9625133703476925
2021_18_SF_LA,2021,18,0.5867581896231805,2.884338150289009
2021_18_TEN_HOU,2021,18,0.29526186002145244,-7.134889929576121
2021_18_WAS_NYG,2021,18,0.4237403272528465,-2.526201960496021
2021_19_ARI_LA,2021,19,0.6372441781333769,4.33180548689181
2021_19_LV_CIN,2021,19,0.6762355203166529,5.614716179609058
2021_19_NE_BUF,2021,19,0.6656238934557862,5.3994950153509755
2021_19_PHI_TB,2021,19,0.6577266911185007,5.461396257264996
2021_19_PIT_KC,2021,19,0.7866815498841375,10.38436725340933
2021_19_SF_DAL,2021,19,0.5582017423758975,1.7704828332135865
2021_20_BUF_KC,2021,20,0.6058739881150748,3.4007821571353913
2021_20_CIN_TEN,2021,20,0.5618160662949859,1.9881533610620816
2021_20_LA_TB,2021,20,0.5970337070187376,3.390509790874393
2021_20_SF_GB,2021,20,0.6409989193380725,4.522742260314676
2021_21_CIN_KC,2021,21,0.6699309711046266,5.760011748786775
2021_21_SF_LA,2021,21,0.6168230512413696,3.8638358018525603
2021_22_LA_CIN,2021,22,0.37792405491979875,-2.7177539551867334
2022_01_BAL_NYJ,2022,1,0.41600329837775263,-2.9828356742597535
2022_01_BUF_LA,2022,1,0.5054031778766613,0.4092963345394811
2022_01_CLE_CAR,2022,1,0.6462543760774665,4.872535470515316
2022_01_DEN_SEA,2022,1,0.47485474180034243,-0.8952232036235941
2022_01_GB_MIN,2022,1,0.5137575185114696,0.21219319662682068
2022_01_IND_HOU,2022,1,0.4749060127537129,-0.9266255853040044
2022_01_JAX_WAS,2022,1,0.6040208207582609,3.4783315816063025
2022_01_KC_ARI,2022,1,0.34337605186156334,-5.0140213312769655
2022_01_LV_LAC,2022,1,0.6356817787406159,4.5857803421866095
2022_01_NE_MIA,2022,1,0.5280857734705583,0.7970691087258146
2022_01_NO_ATL,2022,1,0.5625688693073696,1.7954008297781352
2022_01_NYG_TEN,2022,1,0.6861435305854557,6.249805959333712
2022_01_PHI_DET,2022,1,0.49320667484622177,-0.25326868150457305
2022_01_PIT_CIN,2022,1,0.698249995312256,6.563859112435711
2022_01_SF_CHI,2022,1,0.5564687417272769,1.4592591776209374
2022_01_TB_DAL,2022,1,0.4825977747703109,-0.5231077322683526
2022_02_ARI_LV,2022,2,0.5127130440024179,0.35118317237525143
2022_02_ATL_LA,2022,2,0.6110962187260449,3.6793986128037615
2022_02_CAR_NYG,2022,2,0.47739486067112047,-0.913425585557166
2022_02_CHI_GB,2022,2,0.7430207648446333,8.683246140041287
2022_02_CIN_DAL,2022,2,0.32599498256507836,-5.699100857917314
2022_02_HOU_DEN,2022,2,0.7220645274197693,7.718895264574986
2022_02_IND_JAX,2022,2,0.5705711092837557,1.8176264374045332
2022_02_LAC_KC,2022,2,0.7088116162084495,6.655407127297401
2022_02_MIA_BAL,2022,2,0.5659620961624222,2.3028851131033616
2022_02_MIN_PHI,2022,2,0.5561067075293876,1.8151042920191816
2022_02_NE_PIT,2022,2,0.49672920399680776,0.03006395270181761
2022_02_NYJ_CLE,2022,2,0.6411653847211863,4.567337371011086
2022_02_SEA_SF,2022,2,0.4914027012262301,-0.023048040291454797
2022_02_TB_NO,2022,2,0.5181147053527074,0.26470055411686433
2022_02_TEN_BUF,2022,2,0.7024688548554316,6.543458970923448
2022_02_WAS_DET,2022,2,0.47036637431083134,-0.8082295655777845
2022_03_ATL_SEA,2022,3,0.5290388627337076,0.7015330323212667
2022_03_BAL_NE,2022,3,0.5201662495872841,0.5819375833137466
2022_03_BUF_MIA,2022,3,0.4840505593017062,-0.5950890664310675
2022_03_CIN_NYJ,2022,3,0.49036010841208527,-0.5951493033636854
2022_03_DAL_NYG,2022,3,0.5604844184280131,2.0016950943516227
2022_03_DET_MIN,2022,3,0.6456043870150144,4.639189337348219
2022_03_GB_TB,2022,3,0.4661844242185988,-0.7301177922504145
2022_03_HOU_CHI,2022,3,0.5462923338274193,1.4081525290333743
2022_03_JAX_LAC,2022,3,0.6278242565699422,4.296556171419796
2022_03_KC_IND,2022,3,0.26924939436863493,-7.773296984071981
2022_03_LA_ARI,2022,3,0.5576627033373022,2.011400772729366
2022_03_LV_TEN,2022,3,0.6333465849549462,4.152768067916112
2022_03_NO_CAR,2022,3,0.591603583544759,2.9891734164877692
2022_03_PHI_WAS,2022,3,0.516404101855471,0.48182020311629015
2022_03_PIT_CLE,2022,3,0.6009987166595963,3.050733387979112
2022_03_SF_DEN,2022,3,0.5828262522276708,2.352885914588863
2022_04_ARI_CAR,2022,4,0.5677386518869274,2.0039839854938957
2022_04_BUF_BAL,2022,4,0.5171393795034778,0.38481758605068395
2022_04_CHI_NYG,2022,4,0.6565894533860587,5.038296359722333
2022_04_CLE_ATL,2022,4,0.6078165807644168,3.6888869811538894
2022_04_DEN_LV,2022,4,0.5567886675998139,2.1228028686418314
2022_04_JAX_PHI,2022,4,0.6400690902333743,4.661468800493987
2022_04_KC_TB,2022,4,0.37027569391146586,-3.7380432794342635
2022_04_LAC_HOU,2022,4,0.3597606880868504,-4.600026916723237
2022_04_LA_SF,2022,4,0.5098149232259784,0.8205606903296436
2022_04_MIA_CIN,2022,4,0.5593723052736294,1.990150645772211
2022_04_MIN_NO,2022,4,0.20905093002896813,-8.89968589093586
2022_04_NE_GB,2022,4,0.7778096980073729,10.049999348234932
2022_04_NYJ_PIT,2022,4,0.6886173134281867,6.405108008558191
2022_04_SEA_DET,2022,4,0.4709265350352948,-0.1278402054098704
2022_04_TEN_IND,2022,4,0.4561983044832965,-1.492772331799769
2022_04_WAS_DAL,2022,4,0.5206898421596641,0.6060472614000112
2022_05_ATL_TB,2022,5,0.6362821811208547,4.688330751383839
2022_05_CHI_MIN,2022,5,0.7268316328639396,7.813680147223969
2022_05_CIN_BAL,2022,5,0.5127136362771325,0.6177506180381451
2022_05_DAL_LA,2022,5,0.6596249351744851,5.1726047926139955
2022_05_DET_NE,2022,5,0.4464166391959916,-2.2906669703960656
2022_05_HOU_JAX,2022,5,0.7268526908028493,7.437270579401884
2022_05_IND_DEN,2022,5,0.6713234862710344,5.4659677590433
2022_05_LAC_CLE,2022,5,0.5062919782318902,-0.19241127043632744
2022_05_LV_KC,2022,5,0.7543209638003757,8.911743963694914
2022_05_MIA_NYJ,2022,5,0.4439537325968303,-1.894128702047622
2022_05_NYG_GB,2022,5,0.6715652383177336,7.037883904718137
2022_05_PHI_ARI,2022,5,0.49107061360372384,-0.07249083658228672
2022_05_PIT_BUF,2022,5,0.6941386424394754,6.980398399299675
2022_05_SEA_NO,2022,5,0.31556227832838446,-5.872000039884531
2022_05_SF_CAR,2022,5,0.44033462555453823,-1.8569394918737974
2022_05_TEN_WAS,2022,5,0.3998602570373381,-2.9635209381058827
2022_06_ARI_SEA,2022,6,0.6346397078776094,4.083240498436584
2022_06_BAL_NYG,2022,6,0.4518266281532228,-1.557062989286551
2022_06_BUF_KC,2022,6,0.5802579886823805,2.5199978023244634
2022_06_CAR_LA,2022,6,0.8088147592536012,11.692636060614701
2022_06_CIN_NO,2022,6,0.35364768192326584,-4.440371625447867
2022_06_DAL_PHI,2022,6,0.7376297147242072,7.970540212392834
2022_06_DEN_LAC,2022,6,0.6649374629715141,5.559712815342116
2022_06_JAX_IND,2022,6,0.5331632937035203,1.0049448001723227
2022_06_MIN_MIA,2022,6,0.45775505733921823,-1.3631684608905115
2022_06_NE_CLE,2022,6,0.6761602158092855,5.576376993820831
2022_06_NYJ_GB,2022,6,0.7538704213549519,9.118106721495035
2022_06_SF_ATL,2022,6,0.5196567994506662,0.6112166794647074
2022_06_TB_PIT,2022,6,0.3527366021246516,-4.92074815534023
2022_06_WAS_CHI,2022,6,0.658159063084446,4.605872155106365
2022_07_ATL_CIN,2022,7,0.6106168401642763,3.4985599918614074
2022_07_CHI_NE,2022,7,0.6523483844501575,5.095948372292129
2022_07_CLE_BAL,2022,7,0.6413320432687107,5.066655696164593
2022_07_DET_DAL,2022,7,0.6353176321793751,4.341472046319764
2022_07_GB_WAS,2022,7,0.3356600451811848,-5.5516230729931975
2022_07_HOU_LV,2022,7,0.704796064572124,7.163755714619088
2022_07_IND_TEN,2022,7,0.6752640712210696,5.753919019220822
2022_07_KC_SF,2022,7,0.4399070705694268,-1.8042729000699502
2022_07_NO_ARI,2022,7,0.6378268434712557,4.352048767489556
2022_07_NYG_JAX,2022,7,0.5780742571489689,2.3522663528639494
2022_07_NYJ_DEN,2022,7,0.5956322843021077,2.853953208760615
2022_07_PIT_MIA,2022,7,0.692454191073147,6.4723703990425365
2022_07_SEA_LAC,2022,7,0.576327443683421,2.9812031785105395
2022_07_TB_CAR,2022,7,0.2312497256377723,-10.12273763359351
2022_08_ARI_MIN,2022,8,0.6493109219698208,4.645620704450944
2022_08_BAL_TB,2022,8,0.530924988045202,1.196108453748016
2022_08_CAR_ATL,2022,8,0.7224745023966693,7.632913835718603
2022_08_CHI_DAL,2022,8,0.6076134674952776,4.041039418366259
2022_08_CIN_CLE,2022,8,0.3970242635183176,-3.2992384549905296
2022_08_DEN_JAX,2022,8,0.45653257766647903,-0.08103457033657513
2022_08_GB_BUF,2022,8,0.7709491424968217,9.056313749306893
2022_08_LV_NO,2022,8,0.43304195540850116,-1.770376366800284
2022_08_MIA_DET,2022,8,0.43088059018285174,-2.2110517061596555
2022_08_NE_NYJ,2022,8,0.40210028997420555,-3.032600448608111
2022_08_NYG_SEA,2022,8,0.6769468678457996,5.582707354028188
2022_08_PIT_PHI,2022,8,0.753285127637955,8.812465766824493
2022_08_SF_LA,2022,8,0.6178351176541983,3.33639934169617
2022_08_TEN_HOU,2022,8,0.626275666079893,4.237744083739825
2022_08_WAS_IND,2022,8,0.5947691710960598,2.3591757019024975
2022_09_BAL_NO,2022,9,0.5131599332570178,-0.005348379551692428
2022_09_BUF_NYJ,2022,9,0.22529350829502526,-9.55719751602371
2022_09_CAR_CIN,2022,9,0.7174532236530342,7.450851476150389
2022_09_GB_DET,2022,9,0.4607496799082746,-1.1639375334531734
2022_09_IND_NE,2022,9,0.6458831719278142,4.970330222877195
2022_09_LAC_ATL,2022,9,0.5980277458775377,2.4685292543469926
2022_09_LA_TB,2022,9,0.5637995403465814,2.375853801146345
2022_09_LV_JAX,2022,9,0.5307278559563462,0.8741028014552901
2022_09_MIA_CHI,2022,9,0.38701319019727454,-3.659400315623257
2022_09_MIN_WAS,2022,9,0.42200597433605885,-2.1257389199761025
2022_09_PHI_HOU,2022,9,0.2575353598470117,-8.017870431168337
2022_09_SEA_ARI,2022,9,0.503385137045486,0.18051843016225488
2022_09_TEN_KC,2022,9,0.9336419453327938,20.842724202483357
2022_10_ARI_LA,2022,10,0.5416203774579742,1.328959650921851
2022_10_ATL_CAR,2022,10,0.34764024352737727,-4.90974903416582
2022_10_CLE_MIA,2022,10,0.6983189685362876,6.535855893003642
2022_10_DAL_GB,2022,10,0.4201532443424281,-2.163178309325569
2022_10_DEN_TEN,2022,10,0.5754032702044918,2.1183970517609563
2022_10_DET_CHI,2022,10,0.593486421390142,2.638878930851969
2022_10_HOU_NYG,2022,10,0.7152139709026782,7.2786131541538905
2022_10_IND_LV,2022,10,0.687995955606791,6.064482625301797
2022_10_JAX_KC,2022,10,0.767821908018416,9.773189730066115
2022_10_LAC_SF,2022,10,0.7150585213184276,6.70457555331569
2022_10_MIN_BUF,2022,10,0.7094985483262599,7.053538724732932
2022_10_NO_PIT,2022,10,0.5571301896429712,1.5423022230460655
2022_10_SEA_TB,2022,10,0.38132833573366454,-1.8779278941389972
2022_10_WAS_PHI,2022,10,0.7865265132575047,10.090046891814534
2022_11_CAR_BAL,2022,11,0.783528505650769,10.130905131973293
2022_11_CHI_ATL,2022,11,0.6389402654813582,4.4064293652394735
2022_11_CIN_PIT,2022,11,0.3498874247912987,-5.1271132723521
2022_11_CLE_BUF,2022,11,0.5779058288207443,3.997806138645621
2022_11_DAL_MIN,2022,11,0.523204773098031,0.6074428023177298
2022_11_DET_NYG,2022,11,0.6004267312501076,3.2290363498017616
2022_11_KC_LAC,2022,11,0.3898792783622179,-3.5861581149297432
2022_11_LA_NO,2022,11,0.46841678006793624,-1.0118304689983364
2022_11_LV_DEN,2022,11,0.44515211808142097,-1.2274725568959646
2022_11_NYJ_NE,2022,11,0.7002086438274828,6.586452948878939
2022_11_PHI_IND,2022,11,0.21605490545937933,-10.096740033023563
2022_11_SF_ARI,2022,11,0.21293629644329598,-8.640156247826916
2022_11_TEN_GB,2022,11,0.5249024805591865,1.068431546544452
2022_11_WAS_HOU,2022,11,0.5185852078585336,0.33735953433141774
2022_12_ATL_WAS,2022,12,0.4016314778024561,-3.0701937465347857
2022_12_BAL_JAX,2022,12,0.5758660230698739,2.0278208928523336
2022_12_BUF_DET,2022,12,0.3560753752906633,-4.598830754523272
2022_12_CHI_NYJ,2022,12,0.6187193948808561,4.006418091098925
2022_12_CIN_TEN,2022,12,0.5617740064180894,1.742643407902448
2022_12_DEN_CAR,2022,12,0.46027269765845163,-1.4479975947407353
2022_12_GB_PHI,2022,12,0.6797329100227913,5.554634472946045
2022_12_HOU_MIA,2022,12,0.831910044467034,12.441395448674637
2022_12_LAC_ARI,2022,12,0.4265801847214094,-2.083383175187244
2022_12_LA_KC,2022,12,0.9040525440051598,17.803190949429073
2022_12_LV_SEA,2022,12,0.6292237151166322,3.916251754446267
2022_12_NE_MIN,2022,12,0.5948448947843613,3.0453551565354138
2022_12_NO_SF,2022,12,0.7163412740547791,7.46098036830346
2022_12_NYG_DAL,2022,12,0.6990211560106463,6.573006474021578
2022_12_PIT_IND,2022,12,0.6187724490780003,3.908556435818638
2022_12_TB_CLE,2022,12,0.5621841030800987,1.420362711549743
2022_13_BUF_NE,2022,13,0.39256320894173186,-3.411340711588582
2022_13_CLE_HOU,2022,13,0.4261129593581815,-2.7053657189984364
2022_13_DEN_BAL,2022,13,0.718102853455054,6.91595006201448
2022_13_GB_CHI,2022,13,0.4753023116845915,-1.2124039106159814
2022_13_IND_DAL,2022,13,0.7507166874714684,8.71752676418813
2022_13_JAX_DET,2022,13,0.5841140867613978,2.4736424975820968
2022_13_KC_CIN,2022,13,0.42308474278483477,-2.520473514870811
2022_13_LAC_LV,2022,13,0.6361093345483114,4.236066254082634
2022_13_MIA_SF,2022,13,0.5245221388303393,1.195611526882331
2022_13_NO_TB,2022,13,0.6469433867617551,4.759513881785679
2022_13_NYJ_MIN,2022,13,0.5808297136329216,2.404440093064974
2022_13_PIT_ATL,2022,13,0.6820511753760741,6.166150182503414
2022_13_SEA_LA,2022,13,0.2633640530512896,-8.043633864736
2022_13_TEN_PHI,2022,13,0.647930053760119,4.681916099332661
2022_13_WAS_NYG,2022,13,0.668744909497048,5.616202949201513
2022_14_BAL_PIT,2022,14,0.6230384556316054,4.157823114802495
2022_14_CAR_SEA,2022,14,0.6613361773189762,5.628873755713553
2022_14_CLE_CIN,2022,14,0.7579115561440145,8.514986750659602
2022_14_HOU_DAL,2022,14,0.8422823251538036,12.74303022148347
2022_14_JAX_TEN,2022,14,0.5766622900062541,2.729607632108665
2022_14_KC_DEN,2022,14,0.24617463359703182,-8.468138396758798
2022_14_LV_LA,2022,14,0.4284195782910449,-2.117076532885717
2022_14_MIA_LAC,2022,14,0.45879274958174593,-1.2083565511931251
2022_14_MIN_DET,2022,14,0.5645090509229121,2.051941214901722
2022_14_NE_ARI,2022,14,0.6138453255216059,3.6000557752369033
2022_14_NYJ_BUF,2022,14,0.7458136801302756,8.501666574792544
2022_14_PHI_NYG,2022,14,0.4040416957480795,-3.020020458219724
2022_14_TB_SF,2022,14,0.44090989904789624,-2.145797608054396
2022_15_ARI_DEN,2022,15,0.44973441946152226,-1.2908166016702625
2022_15_ATL_NO,2022,15,0.6640609499829411,5.347550497894161
2022_15_BAL_CLE,2022,15,0.6489809942613268,5.532534791456703
2022_15_CIN_TB,2022,15,0.527648497271282,0.7814678142411062
2022_15_DAL_JAX,2022,15,0.5044743167786226,-0.18814437270294126
2022_15_DET_NYJ,2022,15,0.291780497703027,-7.006126030817844
2022_15_IND_MIN,2022,15,0.6374227134107326,4.501395145294664
2022_15_KC_HOU,2022,15,0.12739529033139857,-14.601742538728885
2022_15_LA_GB,2022,15,0.7284780407061504,7.7764526207072056
2022_15_MIA_BUF,2022,15,0.6159873511029864,3.8208902844452677
2022_15_NE_LV,2022,15,0.6767319300946593,5.567190215967647
2022_15_NYG_WAS,2022,15,0.5413175974040708,1.2369944946557694
2022_15_PHI_CHI,2022,15,0.412536329029694,-2.653521931768685
2022_15_PIT_CAR,2022,15,0.5640313386557454,2.3763540322293615
2022_15_SF_SEA,2022,15,0.7020203446924296,6.560559472329656
2022_15_TEN_LAC,2022,15,0.6203159448218731,3.5903107823630345
2022_16_ATL_BAL,2022,16,0.5385931763855518,0.8244099462369467
2022_16_BUF_CHI,2022,16,0.3514375072700161,-4.58612868082544
2022_16_CIN_NE,2022,16,0.36309203210488883,-4.010253603309206
2022_16_DEN_LA,2022,16,0.4824198133504383,-0.6112285680876406
2022_16_DET_CAR,2022,16,0.4504722277647808,-1.6942734051677708
2022_16_GB_MIA,2022,16,0.6350770748702426,4.338719345818483
2022_16_HOU_TEN,2022,16,0.4441307962256376,-2.251022510757177
2022_16_JAX_NYJ,2022,16,0.3487014107718066,-4.676669930014368
2022_16_LAC_IND,2022,16,0.39763697037957213,-3.0826404823738134
2022_16_LV_PIT,2022,16,0.44470835941763964,-1.703079533896021
2022_16_NO_CLE,2022,16,0.6297898594288972,4.102049470959951
2022_16_NYG_MIN,2022,16,0.5912869691729289,3.003164397319305
2022_16_PHI_DAL,2022,16,0.7333860246203756,7.983363634512999
2022_16_SEA_KC,2022,16,0.8172183157535279,11.44604776797045
2022_16_TB_ARI,2022,16,0.3295807044254738,-5.661439823267447
2022_16_WAS_SF,2022,16,0.6233008874589434,4.147938690515906
2022_17_ARI_ATL,2022,17,0.6849330032047098,6.196083067468049
2022_17_CAR_TB,2022,17,0.6287745675877265,4.411084483030839
2022_17_CHI_DET,2022,17,0.652568913061668,4.964231543542772
2022_17_CLE_WAS,2022,17,0.5156487009497606,0.42750382049189106
2022_17_DAL_TEN,2022,17,0.22044992549664952,-9.99293067026057
2022_17_DEN_KC,2022,17,0.8625296598436826,14.0406026461926
2022_17_IND_NYG,2022,17,0.8200024986761302,11.45354662231825
2022_17_JAX_HOU,2022,17,0.3419527962103166,-4.728170092930298
2022_17_LA_LAC,2022,17,0.7482288928132682,8.253148555613596
2022_17_MIA_NE,2022,17,0.5937558696219082,3.5470758932120425
2022_17_MIN_GB,2022,17,0.5878344494266714,3.035390031996239
2022_17_NO_PHI,2022,17,0.562884728762646,1.825359540762355
2022_17_NYJ_SEA,2022,17,0.5374841759041799,1.3117228554199687
2022_17_PIT_BAL,2022,17,0.44284391554755953,-1.9155417597673212
2022_17_SF_LV,2022,17,0.4482084101132588,-1.8229093615241698
2022_18_ARI_SF,2022,18,0.7915262218776851,9.931457510885272
2022_18_BAL_CIN,2022,18,0.8324061531027562,12.647313577489802
2022_18_CAR_NO,2022,18,0.5474250974744689,1.6561625573136727
2022_18_CLE_PIT,2022,18,0.6148381496145557,3.387295889618138
2022_18_DAL_WAS,2022,18,0.2624494639315117,-7.824167414849574
2022_18_DET_GB,2022,18,0.5406228047792607,1.463180056912449
2022_18_HOU_IND,2022,18,0.5251113500641946,0.5979648310919556
2022_18_KC_LV,2022,18,0.262097562384507,-8.226229367890332
2022_18_LAC_DEN,2022,18,0.4046123641637547,-2.638462287974435
2022_18_LA_SEA,2022,18,0.7069668001191796,6.587966566489772
2022_18_MIN_CHI,2022,18,0.39421215489142003,-3.5634665810820376
2022_18_NE_BUF,2022,18,0.7555868350197572,8.887141225930272
2022_18_NYG_PHI,2022,18,0.7975713472895655,10.632403841975844
2022_18_NYJ_MIA,2022,18,0.47604285089057896,-0.9111838514557569
2022_18_TB_ATL,2022,18,0.612538682504721,3.6021504602008427
2022_18_TEN_JAX,2022,18,0.7584581963225632,8.735522699533078
2022_19_BAL_CIN,2022,19,0.7825249189687757,10.288367121861267
2022_19_DAL_TB,2022,19,0.5504487967514305,1.6499416523487502
2022_19_LAC_JAX,2022,19,0.5786580459477758,2.23057678552361
2022_19_MIA_BUF,2022,19,0.9065989796688705,18.16514415551049
2022_19_NYG_MIN,2022,19,0.5402509460528327,1.3743035730970459
2022_19_SEA_SF,2022,19,0.5964197907239145,3.0760910071607657
2022_20_CIN_BUF,2022,20,0.6246626116508256,4.196002187286567
2022_20_DAL_SF,2022,20,0.5803004041295476,2.4587311633036903
2022_20_JAX_KC,2022,20,0.7799924464640152,10.216096883692398
2022_20_NYG_PHI,2022,20,0.65160134534543,4.921814610931962
2022_21_CIN_KC,2022,21,0.6964065456512,6.858326853361311
2022_21_SF_PHI,2022,21,0.6284772989049195,4.16736593870267
2022_22_KC_PHI,2022,22,0.31791008988105873,-4.590402871197364
2023_01_ARI_WAS,2023,1,0.6016481317926905,3.025720666960356
2023_01_BUF_NYJ,2023,1,0.474823374956569,-0.16891264674719642
2023_01_CAR_ATL,2023,1,0.621472302471066,3.433420951392336
2023_01_CIN_CLE,2023,1,0.4120894732081532,-1.9741610655925288
2023_01_DAL_NYG,2023,1,0.5457351476104606,1.482926746715899
2023_01_DET_KC,2023,1,0.7068243641160893,6.835532683090513
2023_01_GB_CHI,2023,1,0.6501610765440103,4.106179343533823
2023_01_HOU_BAL,2023,1,0.705703337036688,6.357407419157015
2023_01_JAX_IND,2023,1,0.4198304648806905,-1.7056969242582496
2023_01_LA_SEA,2023,1,0.626979479114813,3.5572930585808473
2023_01_LV_DEN,2023,1,0.4594354931405108,-0.7951814736591332
2023_01_MIA_LAC,2023,1,0.5856595420511302,2.6729636480049335
2023_01_PHI_NE,2023,1,0.37241151851410464,-3.085901558204465
2023_01_SF_PIT,2023,1,0.49511631489955765,-0.0722681056366743
2023_01_TB_MIN,2023,1,0.6889178556801313,5.869731061191919
2023_01_TEN_NO,2023,1,0.5710579695227332,2.0087118868600884
2023_02_BAL_CIN,2023,2,0.6603713333480491,4.6254341584586225
2023_02_CHI_TB,2023,2,0.5841265866393666,2.67587890759798
2023_02_CLE_PIT,2023,2,0.4758712781365844,-0.17358953707268476
2023_02_GB_ATL,2023,2,0.4240569563863917,-1.5245773438730699
2023_02_IND_HOU,2023,2,0.46828345318389386,-0.6004334312963104
2023_02_KC_JAX,2023,2,0.36879454615177504,-3.5784556407693793
2023_02_LAC_TEN,2023,2,0.43868525228978306,-1.3455056431429626
2023_02_LV_BUF,2023,2,0.602790258321138,3.1719590135804454
2023_02_MIA_NE,2023,2,0.35753595229938007,-3.4271212307357577
2023_02_MIN_PHI,2023,2,0.6150037583225468,3.491504792704105
2023_02_NO_CAR,2023,2,0.3755303731104375,-3.205210313444003
2023_02_NYG_ARI,2023,2,0.42469050706840444,-1.807918101118633
2023_02_NYJ_DAL,2023,2,0.7130440435742532,6.7771670770890875
2023_02_SEA_DET,2023,2,0.6559722559855858,4.121735716307892
2023_02_SF_LA,2023,2,0.5351001445757388,1.1330303124990204
2023_02_WAS_DEN,2023,2,0.6616612438910688,5.355537796601377
2023_03_ATL_DET,2023,3,0.6044740611185964,3.3731644806328287
2023_03_BUF_WAS,2023,3,0.29950993243547347,-5.608062119041222
2023_03_CAR_SEA,2023,3,0.6220277610935219,4.55338339713571
2023_03_CHI_KC,2023,3,0.8171000479270463,11.019735460003671
2023_03_DAL_ARI,2023,3,0.42009165007727445,-1.9306663815523586
2023_03_DEN_MIA,2023,3,0.7019548935224272,5.9206498444233056
2023_03_HOU_JAX,2023,3,0.6391733488801697,4.4525918102044875
2023_03_IND_BAL,2023,3,0.604470935310472,3.72094309162455
2023_03_LAC_MIN,2023,3,0.6129243940358179,3.27011370331426
2023_03_LA_CIN,2023,3,0.5523039226761793,2.007319275657079
2023_03_NE_NYJ,2023,3,0.3928900820978581,-3.002990495009032
2023_03_NO_GB,2023,3,0.6421686954624006,3.6777775117931233
2023_03_NYG_SF,2023,3,0.7263524734328071,6.824846201243208
2023_03_PHI_TB,2023,3,0.47360597028100265,-0.8975200118745237
2023_03_PIT_LV,2023,3,0.7765478249678518,8.830058372877371
2023_03_TEN_CLE,2023,3,0.5090947862589597,0.4390713081851261
2023_04_ARI_SF,2023,4,0.7489203203218374,7.675808321725745
2023_04_ATL_JAX,2023,4,0.41436973494491286,-0.05074329397937172
2023_04_BAL_CLE,2023,4,0.44965378756806246,-1.5102859490116538
2023_04_CIN_TEN,2023,4,0.43605412812356914,-1.1252122799206465
2023_04_DEN_CHI,2023,4,0.4308257425010572,-1.8669292799706256
2023_04_DET_GB,2023,4,0.518359379150381,0.39200800393888136
2023_04_KC_NYJ,2023,4,0.17236018495438185,-10.715484447035145
2023_04_LA_IND,2023,4,0.43615173776363886,-1.8981342824037006
2023_04_LV_LAC,2023,4,0.744238608938316,7.931152239381968
2023_04_MIA_BUF,2023,4,0.5244639480323121,1.3041328283848115
2023_04_MIN_CAR,2023,4,0.2976713649952717,-5.591314338181256
2023_04_NE_DAL,2023,4,0.6581687848642366,4.83803845454615
2023_04_PIT_HOU,2023,4,0.594914715212024,3.017493936931062
2023_04_SEA_NYG,2023,4,0.5520045263862238,1.4692082993545839
2023_04_TB_NO,2023,4,0.5557348509161303,1.944354611821442
2023_04_WAS_PHI,2023,4,0.7840097678762167,9.388123600595915
2023_05_BAL_PIT,2023,5,0.3687662653556311,-3.58324346132405
2023_05_CAR_DET,2023,5,0.8099622567341406,10.14066830240832
2023_05_CHI_WAS,2023,5,0.6408822032187624,4.155510868887798
2023_05_CIN_ARI,2023,5,0.5908107881468554,2.5393483562573467
2023_05_DAL_SF,2023,5,0.6911520437172928,5.699061631788339
2023_05_GB_LV,2023,5,0.6062179490489382,3.8836877526367495
2023_05_HOU_ATL,2023,5,0.3945531329746355,-2.608704376965019
2023_05_JAX_BUF,2023,5,0.5966158612659691,4.644659730917618
2023_05_KC_MIN,2023,5,0.3661209725789262,-3.280782288429583
2023_05_NO_NE,2023,5,0.5329786700823246,1.1186936675023094
2023_05_NYG_MIA,2023,5,0.7930587825624862,8.99294371725827
2023_05_NYJ_DEN,2023,5,0.7741347941897562,8.918652901224375
2023_05_PHI_LA,2023,5,0.5426540577094698,0.8165904151361774
2023_05_TEN_IND,2023,5,0.580932092859054,1.59205353957663
2023_06_ARI_LA,2023,6,0.7121035825583145,6.156093493333122
2023_06_BAL_TEN,2023,6,0.33171224540983935,-2.7853420392311405
2023_06_CAR_MIA,2023,6,0.8629675205926861,12.645759715634332
2023_06_DAL_LAC,2023,6,0.657448941818688,4.493963584525227
2023_06_DEN_KC,2023,6,0.7809474019489999,8.858229397584132
2023_06_DET_TB,2023,6,0.6117104264415313,3.0111707637822986
2023_06_IND_JAX,2023,6,0.5754207500874585,2.363676111612959
2023_06_MIN_CHI,2023,6,0.46351793020595783,-0.7832819655378622
2023_06_NE_LV,2023,6,0.7759991939355346,8.655978649070782
2023_06_NO_HOU,2023,6,0.6639369879339738,4.392676881918378
2023_06_NYG_BUF,2023,6,0.8561702195848631,12.808642503481499
2023_06_PHI_NYJ,2023,6,0.29379398716122523,-6.056090116847795
2023_06_SEA_CIN,2023,6,0.5735243355121737,2.480539922283487
2023_06_SF_CLE,2023,6,0.17713051854170697,-10.82396471178318
2023_06_WAS_ATL,2023,6,0.5340219052911289,0.8658513441885785
2023_07_ARI_SEA,2023,7,0.70940714724077,7.353265483623542
2023_07_ATL_TB,2023,7,0.6446195656739809,4.4251492449317125
2023_07_BUF_NE,2023,7,0.2556308938206666,-6.928389957393568
2023_07_CLE_IND,2023,7,0.519266148116936,0.844834334808275
2023_07_DET_BAL,2023,7,0.5240902469238051,1.1469054754820567
2023_07_GB_DEN,2023,7,0.622596952802981,4.471330232687411
2023_07_JAX_NO,2023,7,0.5985543346658965,3.2394533904920912
2023_07_LAC_KC,2023,7,0.7596039350105178,8.09361393618802
2023_07_LV_CHI,2023,7,0.36686569466468116,-3.253647826377543
2023_07_MIA_PHI,2023,7,0.4979578435441706,0.3679153334366523
2023_07_PIT_LA,2023,7,0.6689393214600148,5.1807478317310895
2023_07_SF_MIN,2023,7,0.4329105514656948,-1.4794332941863324
2023_07_WAS_NYG,2023,7,0.5072852155047693,0.37770138378288975
2023_08_ATL_TEN,2023,8,0.5047967916799013,0.054617778641646186
2023_08_BAL_ARI,2023,8,0.3282500543907798,-5.294338676356174
2023_08_CHI_LAC,2023,8,0.805549886113761,10.429064297316463
2023_08_CIN_SF,2023,8,0.6784059521955169,5.279397718663749
2023_08_CLE_SEA,2023,8,0.7855506862611865,10.397830668780218
2023_08_HOU_CAR,2023,8,0.354392100227002,-3.427238335347423
2023_08_JAX_PIT,2023,8,0.5118974596919263,0.5660271728842241
2023_08_KC_DEN,2023,8,0.3112881949892585,-4.961060759238034
2023_08_LA_DAL,2023,8,0.6484221362915478,4.749879157706422
2023_08_LV_DET,2023,8,0.5586359340916304,1.873344745151213
2023_08_MIN_GB,2023,8,0.5152571030267452,0.09137623975741249
2023_08_NE_MIA,2023,8,0.7585636817393778,8.2955547557689
2023_08_NO_IND,2023,8,0.5049020328893281,0.5607370681694204
2023_08_NYJ_NYG,2023,8,0.6411136271405661,4.285958906744197
2023_08_PHI_WAS,2023,8,0.34679190699635587,-3.981966253899032
2023_08_TB_BUF,2023,8,0.7545452211790328,8.482138035274184
2023_09_ARI_CLE,2023,9,0.6747327736092196,5.275138224347858
2023_09_BUF_CIN,2023,9,0.3923986426664472,-2.5558733203087516
2023_09_CHI_NO,2023,9,0.7822136705350502,9.456677464207264
2023_09_DAL_PHI,2023,9,0.5982213103670788,3.1549679516019946
2023_09_IND_CAR,2023,9,0.48894431888187506,0.2318797376537245
2023_09_LAC_NYJ,2023,9,0.26884312847913866,-6.832823721775739
2023_09_LA_GB,2023,9,0.7484953496953091,7.699570965272001
2023_09_MIA_KC,2023,9,0.5128785125764002,2.230267548975494
2023_09_MIN_ATL,2023,9,0.6186404287565727,3.588157569440148
2023_09_NYG_LV,2023,9,0.5369307679320128,0.9982843763768257
2023_09_SEA_BAL,2023,9,0.6149838906814676,3.2813129262701795
2023_09_TB_HOU,2023,9,0.5931651143707469,3.0010601436349216
2023_09_TEN_PIT,2023,9,0.5993830018040067,3.1095028796062896
2023_09_WAS_NE,2023,9,0.5067046285004055,0.402872456526864
2023_10_ATL_ARI,2023,10,0.5458276941766885,2.0328242374757837
2023_10_CAR_CHI,2023,10,0.6707619622483307,4.3945483227343995
2023_10_CLE_BAL,2023,10,0.7082163396984189,6.398810866169594
2023_10_DEN_BUF,2023,10,0.6987021625093428,6.228220974700838
2023_10_DET_LAC,2023,10,0.5492791713295301,1.76344053849332
2023_10_GB_PIT,2023,10,0.5430950988545137,1.5510310928156323
2023_10_HOU_CIN,2023,10,0.5700382280873255,2.4631415890095516
2023_10_IND_NE,2023,10,0.34265173227719464,-2.4915473239559973
2023_10_NO_MIN,2023,10,0.44781789265392336,-1.3729374075589695
2023_10_NYG_DAL,2023,10,0.88439779613951,14.182814307277432
2023_10_NYJ_LV,2023,10,0.7285965991038938,6.9192015712523585
2023_10_SF_JAX,2023,10,0.3759520735857525,-3.0695592244112775
2023_10_TEN_TB,2023,10,0.6934930455855803,5.642521578857538
2023_10_WAS_SEA,2023,10,0.5863929047191615,2.767537170606709
2023_11_ARI_HOU,2023,11,0.6827168526997727,5.272915858488141
2023_11_CHI_DET,2023,11,0.7075385899718732,6.323428816797904
2023_11_CIN_BAL,2023,11,0.584231102021626,2.4771537147764047
2023_11_DAL_CAR,2023,11,0.22743412169784533,-8.138700719767105
2023_11_LAC_GB,2023,11,0.47659966904517936,-0.7845635157214481
2023_11_LV_MIA,2023,11,0.7722529959641236,9.09059557165517
2023_11_MIN_DEN,2023,11,0.6727619824161533,5.725455410828018
2023_11_NYG_WAS,2023,11,0.7990602151507902,10.100259076835462
2023_11_NYJ_BUF,2023,11,0.8804236466665851,14.347111249292485
2023_11_PHI_KC,2023,11,0.6929831374797576,5.595128179662657
2023_11_PIT_CLE,2023,11,0.3925405982639721,-2.57654419198424
2023_11_SEA_LA,2023,11,0.6949472794647419,4.9607011947118185
2023_11_TB_SF,2023,11,0.7386390595877376,7.577738424057765
2023_11_TEN_JAX,2023,11,0.7001588130509747,6.099154424526338
2023_12_BAL_LAC,2023,12,0.6528631080496968,4.102404448835587
2023_12_BUF_PHI,2023,12,0.46180324192575467,-0.3905849639948893
2023_12_CAR_TEN,2023,12,0.6961070331314247,5.920534724719442
2023_12_CHI_MIN,2023,12,0.5516560302135162,1.6041097486007172
2023_12_CLE_DEN,2023,12,0.8092125260645219,10.774535217036352
2023_12_GB_DET,2023,12,0.673919221650923,5.212028801628053
2023_12_JAX_HOU,2023,12,0.6277929699626592,3.8358739815853156
2023_12_KC_LV,2023,12,0.2677841711184133,-7.201543055700164
2023_12_LA_ARI,2023,12,0.4200117270063635,-1.186369376281594
2023_12_MIA_NYJ,2023,12,0.28347458988514734,-6.469032934967281
2023_12_NE_NYG,2023,12,0.36556566705885524,-3.342698704290051
2023_12_NO_ATL,2023,12,0.4866040356470998,-0.31035564286775674
2023_12_PIT_CIN,2023,12,0.4678556292877946,-0.7538168980612316
2023_12_SF_SEA,2023,12,0.3168247166008468,-4.66712818230015
2023_12_TB_IND,2023,12,0.5577648459125667,1.7874301916628763
2023_12_WAS_DAL,2023,12,0.7215140234388393,6.669616279385213
2023_13_ARI_PIT,2023,13,0.6824205093921262,4.9268487458217916
2023_13_ATL_NYJ,2023,13,0.407678749662867,-2.576861675058796
2023_13_CAR_TB,2023,13,0.739807502215383,7.1701788482060405
2023_13_CIN_JAX,2023,13,0.722194418441125,6.845860172855707
2023_13_CLE_LA,2023,13,0.7439645573686068,7.419100362442798
2023_13_DEN_HOU,2023,13,0.5943924248659669,2.7574514021463536
2023_13_DET_NO,2023,13,0.4190597895373526,-1.5742616113280472
2023_13_IND_TEN,2023,13,0.5478175228360306,1.6937627679646043
2023_13_KC_GB,2023,13,0.43271171327856783,-2.0646447326578454
2023_13_LAC_NE,2023,13,0.28189243207715325,-5.963972598655193
2023_13_MIA_WAS,2023,13,0.43254344692314184,-1.727620893482709
2023_13_SEA_DAL,2023,13,0.7768958736166232,8.307158411665434
2023_13_SF_PHI,2023,13,0.36217898355233025,-3.1777491338791104
2023_14_BUF_KC,2023,14,0.45441325007526706,-0.48225772692177094
2023_14_CAR_NO,2023,14,0.7223471583068345,6.8652822435716185
2023_14_DEN_LAC,2023,14,0.6223156991451443,3.3791539186565207
2023_14_DET_CHI,2023,14,0.4664112698306668,-0.5929088601157932
2023_14_GB_NYG,2023,14,0.32511786056055036,-4.8125561793066485
2023_14_HOU_NYJ,2023,14,0.2744401454003778,-6.932953335854501
2023_14_IND_CIN,2023,14,0.6474834369731979,4.756859218317082
2023_14_JAX_CLE,2023,14,0.39829795017267455,-2.6197680735037667
2023_14_LA_BAL,2023,14,0.6459937487484502,4.57019239462605
2023_14_MIN_LV,2023,14,0.5718926915535251,2.034642875556162
2023_14_NE_PIT,2023,14,0.7340995423751634,6.7611750861902244
2023_14_PHI_DAL,2023,14,0.6390633821578798,3.9330031045193556
2023_14_SEA_SF,2023,14,0.8714368800440732,13.813558750016737
2023_14_TB_ATL,2023,14,0.480705518409083,-0.19916356270686464
2023_14_TEN_MIA,2023,14,0.7790160544667223,9.197493979905676
2023_15_ATL_CAR,2023,15,0.398234146544233,-2.3107656302458195
2023_15_BAL_JAX,2023,15,0.5088880257277713,0.5490505087471529
2023_15_CHI_CLE,2023,15,0.4813008301994187,-0.5410147106686112
2023_15_DAL_BUF,2023,15,0.6115403652927671,3.3958275709967873
2023_15_DEN_DET,2023,15,0.6468074600589663,3.907076718460259
2023_15_HOU_TEN,2023,15,0.6905238884391625,5.962715599081859
2023_15_KC_NE,2023,15,0.24251197654644463,-7.857840242338158
2023_15_LAC_LV,2023,15,0.5461941328594613,1.5658209260296396
2023_15_MIN_CIN,2023,15,0.726479900532798,6.663944211005015
2023_15_NYG_NO,2023,15,0.692001027333453,6.139923102136729
2023_15_NYJ_MIA,2023,15,0.8247450917283049,11.66493819694299
2023_15_PHI_SEA,2023,15,0.34441034729511405,-4.418112935222323
2023_15_PIT_IND,2023,15,0.6417262815698234,4.361323232047367
2023_15_SF_ARI,2023,15,0.29538559604691234,-5.904119806302814
2023_15_TB_GB,2023,15,0.6048884219402206,3.4841836997821627
2023_15_WAS_LA,2023,15,0.6239773249607279,3.3958292437099855
2023_16_ARI_CHI,2023,16,0.5916284119021739,2.7524558638642
2023_16_BAL_SF,2023,16,0.7578139848640455,8.111416228636289
2023_16_BUF_LAC,2023,16,0.22788342799659062,-8.094773084760007
2023_16_CIN_PIT,2023,16,0.3015003940537991,-5.888026726313159
2023_16_CLE_HOU,2023,16,0.5524574389316654,1.5620815729951363
2023_16_DAL_MIA,2023,16,0.5368557712013765,1.621761747109987
2023_16_DET_MIN,2023,16,0.5104061848315232,0.8955820352611914
2023_16_GB_CAR,2023,16,0.39665638801398906,-3.0350596717393077
2023_16_IND_ATL,2023,16,0.545354067976842,1.5386190842729326
2023_16_JAX_TB,2023,16,0.5741412466132334,2.1789126524655287
2023_16_LV_KC,2023,16,0.8146452225447706,11.03133299108277
2023_16_NE_DEN,2023,16,0.8061231348234733,10.081962108604134
2023_16_NO_LA,2023,16,0.6553720980115973,4.101612358296045
2023_16_NYG_PHI,2023,16,0.7813952082879096,9.291517711731109
2023_16_SEA_TEN,2023,16,0.46586868171481427,-0.4819672925235614
2023_16_WAS_NYJ,2023,16,0.4338417973499383,-2.468477976150791
2023_17_ARI_PHI,2023,17,0.7855680061552482,9.257559318152808
2023_17_ATL_CHI,2023,17,0.506573265856648,0.9050777370605103
2023_17_CAR_JAX,2023,17,0.6071879336742092,3.032816813473916
2023_17_CIN_KC,2023,17,0.628929958781621,4.249401905109539
2023_17_DET_DAL,2023,17,0.6418831645249247,4.331514399871903
2023_17_GB_MIN,2023,17,0.43536522768249175,-1.556335032994419
2023_17_LAC_DEN,2023,17,0.6101450235669846,3.515605933161611
2023_17_LA_NYG,2023,17,0.44759733720115474,-0.712121164772272
2023_17_LV_IND,2023,17,0.7119352830949024,6.315374706328427
2023_17_MIA_BAL,2023,17,0.5268195808876249,0.7442428364091525
2023_17_NE_BUF,2023,17,0.8891481978996462,14.199552228711644
2023_17_NO_TB,2023,17,0.6131063577560196,3.010003911199394
2023_17_NYJ_CLE,2023,17,0.7899479996385058,9.879202325345874
2023_17_PIT_SEA,2023,17,0.6372159466581035,4.581732825362654
2023_17_SF_WAS,2023,17,0.23407410331603257,-8.13745263186796
2023_17_TEN_HOU,2023,17,0.6504084495330725,4.427197948764105
2023_18_ATL_NO,2023,18,0.7070176298569153,6.809597259375387
2023_18_BUF_MIA,2023,18,0.48286322687400496,0.03637546649992318
2023_18_CHI_GB,2023,18,0.7126921890734009,6.493973835216636
2023_18_CLE_CIN,2023,18,0.7764269380181512,8.800683771939013
2023_18_DAL_WAS,2023,18,0.2682959741061613,-6.596128816165457
2023_18_DEN_LV,2023,18,0.4791685380047044,-0.3041613952279971
2023_18_HOU_IND,2023,18,0.5638023002321161,1.6046649150973578
2023_18_JAX_TEN,2023,18,0.49223797312818274,0.4484127427763356
2023_18_KC_LAC,2023,18,0.6774378228125176,5.428207090877535
2023_18_LA_SF,2023,18,0.644174299571533,4.34299632148705
2023_18_MIN_DET,2023,18,0.6487081781551395,4.2299673388491605
2023_18_NYJ_NE,2023,18,0.6453584676183051,5.563719548695246
2023_18_PHI_NYG,2023,18,0.3934275682802015,-2.9284199898828986
2023_18_PIT_BAL,2023,18,0.3564318251670181,-3.985437025482606
2023_18_SEA_ARI,2023,18,0.4866605935852402,-0.2654382085379736
2023_18_TB_CAR,2023,18,0.30092720871117196,-5.177121819830875
2023_19_CLE_HOU,2023,19,0.7383541092562386,7.4174573210874275
2023_19_GB_DAL,2023,19,0.6614441484449143,4.713006948194831
2023_19_LA_DET,2023,19,0.5886592748754792,2.9296972178126284
2023_19_MIA_KC,2023,19,0.6473660194725088,4.532013593109365
2023_19_PHI_TB,2023,19,0.536591693915535,0.6137847080490635
2023_19_PIT_BUF,2023,19,0.7108150374234775,6.439323787186321
2023_20_GB_SF,2023,20,0.6264148271247899,3.9688104185452464
2023_20_HOU_BAL,2023,20,0.5022399438509184,0.13693405630385547
2023_20_KC_BUF,2023,20,0.5841510283892227,2.448309393822217
2023_20_TB_DET,2023,20,0.6165622675889663,3.933320597099776
2023_21_DET_SF,2023,21,0.6146470869145487,3.8340546869553673
2023_21_KC_BAL,2023,21,0.4262875485488337,-2.228662299021479
2023_22_SF_KC,2023,22,0.4212442732775538,-0.21888576073175425
2024_01_ARI_BUF,2024,1,0.7333036088807608,7.534710306353511
2024_01_BAL_KC,2024,1,0.6043848485640614,3.578522265261627
2024_01_CAR_NO,2024,1,0.7704034998549066,8.923552091100838
2024_01_DAL_CLE,2024,1,0.3812808310640866,-3.1679247577977323
2024_01_DEN_SEA,2024,1,0.668806428306352,5.4219015884715
2024_01_GB_PHI,2024,1,0.3962495705572121,-1.234430697496418
2024_01_HOU_IND,2024,1,0.4086899537238702,-2.252632451889534
2024_01_JAX_MIA,2024,1,0.6278831896812365,4.048336714653208
2024_01_LA_DET,2024,1,0.5779175058399821,2.4974683826198145
2024_01_LV_LAC,2024,1,0.5915002998151113,3.1487490568911944
2024_01_MIN_NYG,2024,1,0.5746690296215654,2.472255142927205
2024_01_NE_CIN,2024,1,0.6027595604432685,3.3359543248055257
2024_01_NYJ_SF,2024,1,0.7360808590550022,7.459286861174161
2024_01_PIT_ATL,2024,1,0.6409318971070634,4.615819068505223
2024_01_TEN_CHI,2024,1,0.5531793460745337,1.7711891482704543
2024_01_WAS_TB,2024,1,0.713622801400498,6.707499556131887
2024_02_ATL_PHI,2024,2,0.6676952892541319,5.11064160407226
2024_02_BUF_MIA,2024,2,0.4544574373667408,-1.0300562596999527
2024_02_CHI_HOU,2024,2,0.7990889044846362,10.169508230950767
2024_02_CIN_KC,2024,2,0.764072316542638,8.36604504465871
2024_02_CLE_JAX,2024,2,0.7156090527071343,6.574692150072665
2024_02_IND_GB,2024,2,0.44592925744822987,-1.5159756365012882
2024_02_LAC_CAR,2024,2,0.39085236595705086,-3.23174036177756
2024_02_LA_ARI,2024,2,0.5362328448811943,1.1629509751868783
2024_02_LV_BAL,2024,2,0.702146304663443,6.291331089581484
2024_02_NO_DAL,2024,2,0.6212515335718187,3.8585113938533073
2024_02_NYG_WAS,2024,2,0.6749871246452771,5.261989672421962
2024_02_NYJ_TEN,2024,2,0.4529121588856502,-1.2229999420246846
2024_02_PIT_DEN,2024,2,0.4365667022681625,-1.4820628917957266
2024_02_SEA_NE,2024,2,0.5813497060506141,2.4006415406396577
2024_02_SF_MIN,2024,2,0.39088197928645557,-3.0949790744778802
2024_02_TB_DET,2024,2,0.5899062458339729,2.8903571974307525
2024_03_BAL_DAL,2024,3,0.5665088615767169,2.2986508063914357
2024_03_CAR_LV,2024,3,0.5956051881118081,3.0530150094422326
2024_03_CHI_IND,2024,3,0.757388689421021,8.20087896020193
2024_03_DEN_TB,2024,3,0.764139837494845,8.632103277505209
2024_03_DET_ARI,2024,3,0.6169222440511454,3.521964104518778
2024_03_GB_TEN,2024,3,0.5272882141081278,1.2909940761166718
2024_03_HOU_MIN,2024,3,0.4867419322467576,-0.15390173164875431
2024_03_JAX_BUF,2024,3,0.7695990567787759,8.656930457301005
2024_03_KC_ATL,2024,3,0.4346755463731462,-1.706959127357094
2024_03_LAC_PIT,2024,3,0.5324955330912355,1.120620560100583
2024_03_MIA_SEA,2024,3,0.7416432882807107,8.11168317957215
2024_03_NE_NYJ,2024,3,0.6002240200734914,3.12376596577065
2024_03_NYG_CLE,2024,3,0.5320267275135463,1.3970663543642203
2024_03_PHI_NO,2024,3,0.5792464309914943,2.2482186083130267
2024_03_SF_LA,2024,3,0.452292906753855,-1.2844657411665645
2024_03_WAS_CIN,2024,3,0.5408346724626173,1.7128453029737873
2024_04_BUF_BAL,2024,4,0.4584354835864292,-1.0265326820877507
2024_04_CIN_CAR,2024,4,0.5080995273552048,0.1751307485558331
2024_04_CLE_LV,2024,4,0.5942102705456066,3.129073894021884
2024_04_DAL_NYG,2024,4,0.4399698593783393,-1.4926470433438856
2024_04_DEN_NYJ,2024,4,0.7352999962470453,7.494029051442796
2024_04_JAX_HOU,2024,4,0.6367453842876578,4.257989309724696
2024_04_KC_LAC,2024,4,0.42428771384703745,-2.097927424148102
2024_04_LA_CHI,2024,4,0.3587606043131483,-4.1797565180934875
2024_04_MIN_GB,2024,4,0.6234525230729729,3.81426897489098
2024_04_NE_SF,2024,4,0.7466861734156927,8.137387537676815
2024_04_NO_ATL,2024,4,0.5759319194085454,2.39006665645947
2024_04_PHI_TB,2024,4,0.49349237815999125,-0.11661561272998355
2024_04_PIT_IND,2024,4,0.5019597347124327,0.04172723221448349
2024_04_SEA_DET,2024,4,0.5985839976466275,2.933644170426459
2024_04_TEN_MIA,2024,4,0.6072117068096187,3.1800905058201754
2024_04_WAS_ARI,2024,4,0.44790544980620606,-1.3577477598189263
2024_05_ARI_SF,2024,5,0.7100441294201365,6.854712082068157
2024_05_BAL_CIN,2024,5,0.5231029305707745,1.055074552450057
2024_05_BUF_HOU,2024,5,0.41992901813370204,-2.0890318778741888
2024_05_CAR_CHI,2024,5,0.4127853422908223,-2.188921287577913
2024_05_CLE_WAS,2024,5,0.854541985582996,12.85082918562296
2024_05_DAL_PIT,2024,5,0.4723609556005643,-0.5512620930781247
2024_05_GB_LA,2024,5,0.5591248399274354,1.938858485471795
2024_05_IND_JAX,2024,5,0.6631919280478044,4.994910747654382
2024_05_LV_DEN,2024,5,0.5856697551825002,2.2064519822649764
2024_05_MIA_NE,2024,5,0.6036476570203044,3.3869176061457575
2024_05_NO_KC,2024,5,0.6771183160874763,5.594440446318271
2024_05_NYG_SEA,2024,5,0.7086009728549562,6.474048812696964
2024_05_NYJ_MIN,2024,5,0.4023131515281937,-1.0329476671012747
2024_05_TB_ATL,2024,5,0.6090104560182323,3.3736788001002536
2024_06_ARI_GB,2024,6,0.6194902336934655,3.6172747444338818
2024_06_ATL_CAR,2024,6,0.3653551863417029,-3.477617469638256
2024_06_BUF_NYJ,2024,6,0.39018494259016584,-2.9103269420843354
2024_06_CIN_NYG,2024,6,0.35355167733873655,-3.8727068245354177
2024_06_CLE_PHI,2024,6,0.8381335837019729,11.709096887555212
2024_06_DET_DAL,2024,6,0.5228705705198629,1.1643213326391648
2024_06_HOU_NE,2024,6,0.34836074997890604,-4.235878932887774
2024_06_IND_TEN,2024,6,0.48368213988507436,-0.34630808800378343
2024_06_JAX_CHI,2024,6,0.3219715511605937,-3.6409594641467153
2024_06_LAC_DEN,2024,6,0.369690499736888,-3.4265601466904627
2024_06_PIT_LV,2024,6,0.442832631397425,-1.261897969423301
2024_06_SF_SEA,2024,6,0.4608534677181217,-0.972597732299953
2024_06_TB_NO,2024,6,0.32389108831054947,-5.034783549445136
2024_06_WAS_BAL,2024,6,0.5301606354307241,0.8702954010806174
2024_07_BAL_TB,2024,7,0.4413110738888972,-1.3850980942623208
2024_07_CAR_WAS,2024,7,0.8310860391207058,11.577092040006494
2024_07_CIN_CLE,2024,7,0.2767869102212037,-6.535037163909835
2024_07_DEN_NO,2024,7,0.3641091215084641,-3.562606972596165
2024_07_DET_MIN,2024,7,0.4685208541228114,-0.8406890997274008
2024_07_HOU_GB,2024,7,0.6414656837759678,4.183582786706963
2024_07_KC_SF,2024,7,0.6133777968383632,3.5476062504900976
2024_07_LAC_ARI,2024,7,0.6412653119923473,4.00464400495439
2024_07_LV_LA,2024,7,0.7413638617017692,7.520649179838012
2024_07_MIA_IND,2024,7,0.5867176721526208,3.195940547378023
2024_07_NE_JAX,2024,7,0.5911856931412439,4.38957897944343
2024_07_NYJ_PIT,2024,7,0.5203544225639885,0.9438427304846875
2024_07_PHI_NYG,2024,7,0.49993274543724114,-0.07268976780655567
2024_07_SEA_ATL,2024,7,0.6042239448160842,3.279367337224931
2024_07_TEN_BUF,2024,7,0.8240479901267371,11.113493879741277
2024_08_ARI_MIA,2024,8,0.3097140385628877,-5.453358960732837
2024_08_ATL_TB,2024,8,0.556588410035881,1.8366329269141206
2024_08_BAL_CLE,2024,8,0.34196127130431864,-4.4160447427743055
2024_08_BUF_SEA,2024,8,0.3973932351576544,-2.5515888494411163
2024_08_CAR_DEN,2024,8,0.8403678436563746,11.657247299191095
2024_08_CHI_WAS,2024,8,0.7389191944982446,7.970958747684346
2024_08_DAL_SF,2024,8,0.6204535384809289,4.170847567887914
2024_08_GB_JAX,2024,8,0.5137795407460446,0.6407305332106761
2024_08_IND_HOU,2024,8,0.6049816073525097,3.357479462001408
2024_08_KC_LV,2024,8,0.36733266258359865,-3.9678497289686376
2024_08_MIN_LA,2024,8,0.5657641699066626,2.1872561771925922
2024_08_NO_LAC,2024,8,0.8099857335864333,11.20984936004816
2024_08_NYG_PIT,2024,8,0.6235901694659336,3.7590256591501747
2024_08_NYJ_NE,2024,8,0.4721319761543961,-0.5504209143040724
2024_08_PHI_CIN,2024,8,0.6448653462896405,4.2973754927720815
2024_08_TEN_DET,2024,8,0.7942973107133275,9.799958109370312
2024_09_CHI_ARI,2024,9,0.7231127221306506,6.930860463190212
2024_09_DAL_ATL,2024,9,0.6413797042030129,4.303841304442499
2024_09_DEN_BAL,2024,9,0.7640565229117945,8.681176265731583
2024_09_DET_GB,2024,9,0.5047336081318089,0.28556743624765746
2024_09_HOU_NYJ,2024,9,0.509318318725963,0.560632044058333
2024_09_IND_MIN,2024,9,0.6015764008884606,3.2354614202082947
2024_09_JAX_PHI,2024,9,0.6478709124231952,4.763853312843194
2024_09_LAC_CLE,2024,9,0.5404012971224158,1.2849365801718222
2024_09_LA_SEA,2024,9,0.5174178304980712,1.1006816781689437
2024_09_LV_CIN,2024,9,0.7338125749637068,7.68095624121674
2024_09_MIA_BUF,2024,9,0.7642058509397263,8.429493408976535
2024_09_NE_TEN,2024,9,0.41291243548443013,-1.878542344908098
2024_09_NO_CAR,2024,9,0.2666573695380141,-6.999780186517687
2024_09_TB_KC,2024,9,0.6487179339226323,4.767493033872958
2024_09_WAS_NYG,2024,9,0.5323815400440274,1.1239871602985172
2024_10_ATL_NO,2024,10,0.46433727287829457,-0.6258800761817565
2024_10_BUF_IND,2024,10,0.32314375748307067,-5.094691117610339
2024_10_CIN_BAL,2024,10,0.6609595515273643,4.7675285859191305
2024_10_DEN_KC,2024,10,0.7393463419328615,8.114746298847166
2024_10_DET_HOU,2024,10,0.4900771244766942,-0.21834993151948234
2024_10_MIA_LA,2024,10,0.540710734749533,1.1851098655163375
2024_10_MIN_JAX,2024,10,0.3775797817969755,-3.452038513722889
2024_10_NE_CHI,2024,10,0.5112374816793246,0.575503924833652
2024_10_NYG_CAR,2024,10,0.36249081594070054,-2.3291366405692377
2024_10_NYJ_ARI,2024,10,0.5643032481368492,2.1641668517537003
2024_10_PHI_DAL,2024,10,0.28364243432833347,-6.841814003922965
2024_10_PIT_WAS,2024,10,0.47398371075640705,-0.09979494746306905
2024_10_SF_TB,2024,10,0.44031156716530717,-1.3182135782546318
2024_10_TEN_LAC,2024,10,0.6663833578253106,5.2165082531148945
2024_11_ATL_DEN,2024,11,0.46050876280894815,-1.0043960892067032
2024_11_BAL_PIT,2024,11,0.33366778012677184,-4.477681043647002
2024_11_CIN_LAC,2024,11,0.5063184906986725,0.42637050926707154
2024_11_CLE_NO,2024,11,0.6081429888792406,3.8522348739549854
2024_11_GB_CHI,2024,11,0.32459029506812176,-4.763328136787721
2024_11_HOU_DAL,2024,11,0.29328182974807254,-6.15981228783776
2024_11_IND_NYJ,2024,11,0.6680206107882033,5.146455256128194
2024_11_JAX_DET,2024,11,0.816227516538534,11.13013832272416
2024_11_KC_BUF,2024,11,0.5780979603817341,2.3464536884628067
2024_11_LA_NE,2024,11,0.5124576401402496,0.5329490573834286
2024_11_LV_MIA,2024,11,0.7160761474482802,7.015378466665515
2024_11_MIN_TEN,2024,11,0.46262017253164645,-0.9258668449584513
2024_11_SEA_SF,2024,11,0.6809328690934392,5.835990249851509
2024_11_WAS_PHI,2024,11,0.7152849078674429,6.937504710857
2024_12_ARI_SEA,2024,12,0.4638060717347123,-0.24606166665028173
2024_12_BAL_LAC,2024,12,0.4319490118359761,-1.6513254095621859
2024_12_DAL_WAS,2024,12,0.7944505660306816,9.919429878604552
2024_12_DEN_LV,2024,12,0.4416752102732785,-1.2733704232810665
2024_12_DET_IND,2024,12,0.3175155288276118,-5.215589549363015
2024_12_KC_CAR,2024,12,0.36041025148313327,-4.290086530706182
2024_12_MIN_CHI,2024,12,0.4775771413930215,-0.6471084183530054
2024_12_NE_MIA,2024,12,0.6773740914451368,5.576226811067269
2024_12_PHI_LA,2024,12,0.49318196161422506,-0.17813714091825794
2024_12_PIT_CLE,2024,12,0.5750728044362818,2.2426410751872146
2024_12_SF_GB,2024,12,0.8116077299231951,10.813173275825832
2024_12_TB_NYG,2024,12,0.2979409511880597,-5.800125776533069
2024_12_TEN_HOU,2024,12,0.6918734722909939,5.826031417249942
2024_13_ARI_MIN,2024,13,0.49298771272019326,0.37009094331200987
2024_13_CHI_DET,2024,13,0.7514424690135337,8.339937615285379
2024_13_CLE_DEN,2024,13,0.6239643627694049,3.8284581438919063
2024_13_HOU_JAX,2024,13,0.6409207655398836,4.009042569898275
2024_13_IND_NE,2024,13,0.6543221840311175,4.616760708190196
2024_13_LAC_ATL,2024,13,0.6626446067488535,4.875083604797445
2024_13_LA_NO,2024,13,0.6637078003588373,4.7641428898040505
2024_13_LV_KC,2024,13,0.8204244194466881,11.225247161129932
2024_13_MIA_GB,2024,13,0.4754356792715496,-0.36503007567920154
2024_13_NYG_DAL,2024,13,0.5106937708516364,0.5643400613624676
2024_13_PHI_BAL,2024,13,0.6470553930668427,4.322328033021529
2024_13_PIT_CIN,2024,13,0.6965314660042353,5.940396261237016
2024_13_SEA_NYJ,2024,13,0.5995995209582401,2.653559870931311
2024_13_SF_BUF,2024,13,0.6621023697602793,4.753039660239311
2024_13_TB_CAR,2024,13,0.33508576536427415,-4.328098838042218
2024_13_TEN_WAS,2024,13,0.5994800408033848,3.2982085032289516
2024_14_ATL_MIN,2024,14,0.5535730653438716,1.8236444779059904
2024_14_BUF_LA,2024,14,0.3836716688411042,-3.057147545986872
2024_14_CAR_PHI,2024,14,0.7776495959683372,9.31097306107965
2024_14_CHI_SF,2024,14,0.7315604250415436,7.622715841948316
2024_14_CIN_DAL,2024,14,0.30907660079166854,-6.005382974034647
2024_14_CLE_PIT,2024,14,0.6541907737156416,4.912657145161839
2024_14_GB_DET,2024,14,0.6578868158035056,4.826872922018465
2024_14_JAX_TEN,2024,14,0.5576429493157088,2.0267553075953253
2024_14_LAC_KC,2024,14,0.6812192722036038,5.820187396387911
2024_14_LV_TB,2024,14,0.7409417539518289,7.627109245014601
2024_14_NO_NYG,2024,14,0.30130913716148333,-5.91959293049507
2024_14_NYJ_MIA,2024,14,0.7494936102434082,7.941047096593981
2024_14_SEA_ARI,2024,14,0.661003896664069,4.653700961496197
2024_15_ATL_LV,2024,15,0.43637109996040613,-1.817204790316259
2024_15_BAL_NYG,2024,15,0.15259187918296124,-11.793228430542083
2024_15_BUF_DET,2024,15,0.558496377616298,1.9075867737463201
2024_15_CHI_MIN,2024,15,0.7203627897110855,7.116036452998397
2024_15_CIN_TEN,2024,15,0.33564048387426004,-4.836681355060885
2024_15_DAL_CAR,2024,15,0.6650780529148002,5.2249793626781
2024_15_GB_SEA,2024,15,0.44498357043140824,-0.9196329670069101
2024_15_IND_DEN,2024,15,0.6654719284170253,5.362202301960298
2024_15_KC_CLE,2024,15,0.3944266471160189,-3.014940550198272
2024_15_LA_SF,2024,15,0.7210500712112294,6.946220426685854
2024_15_MIA_HOU,2024,15,0.44724592011724673,-1.6135207622111016
2024_15_NE_ARI,2024,15,0.5828268117820748,2.7995130643766157
2024_15_NYJ_JAX,2024,15,0.47144517003768854,-0.5785115655888178
2024_15_PIT_PHI,2024,15,0.6859111245792802,5.755101643183748
2024_15_TB_LAC,2024,15,0.5616452942484224,2.064573667040914
2024_15_WAS_NO,2024,15,0.25161445612804006,-7.737913404723758
2024_16_ARI_CAR,2024,16,0.32377821249971545,-4.891372840362394
2024_16_CLE_CIN,2024,16,0.7575519727940775,8.572914246351061
2024_16_DEN_LAC,2024,16,0.5769987371624822,2.6417886829327415
2024_16_DET_CHI,2024,16,0.29106172037023165,-6.138719008177586
2024_16_HOU_KC,2024,16,0.7318571515430656,7.429990745129419
2024_16_JAX_LV,2024,16,0.5172826429834573,0.7633982315980139
2024_16_LA_NYJ,2024,16,0.5108578283162161,0.6071591004788202
2024_16_MIN_SEA,2024,16,0.5306604946576045,1.2281175381669864
2024_16_NE_BUF,2024,16,0.7901962172193678,9.459245857472428
2024_16_NO_GB,2024,16,0.8922960678609001,15.339630283944633
2024_16_NYG_ATL,2024,16,0.6503686884828364,4.728291947082003
2024_16_PHI_WAS,2024,16,0.5683790758431174,2.1346526679827735
2024_16_PIT_BAL,2024,16,0.7617709498286781,8.494334562209264
2024_16_SF_MIA,2024,16,0.5016186721634303,0.5656842812579921
2024_16_TB_DAL,2024,16,0.36908064831669884,-4.016496510132493
2024_16_TEN_IND,2024,16,0.514132416439036,0.7509217307287224
2024_17_ARI_LA,2024,17,0.5644331043217079,2.0702354790104764
2024_17_ATL_WAS,2024,17,0.7239672417259806,7.292851427843338
2024_17_BAL_HOU,2024,17,0.36699838868654233,-3.8410979440559423
2024_17_CAR_TB,2024,17,0.7662207516553337,8.889616676018274
2024_17_DAL_PHI,2024,17,0.7799417474867935,9.439519184893388
2024_17_DEN_CIN,2024,17,0.6196805923553126,4.255193967925829
2024_17_DET_SF,2024,17,0.4853535115072149,-0.134663481594806
2024_17_GB_MIN,2024,17,0.5844395658944761,2.593714593946334
2024_17_IND_NYG,2024,17,0.467261856741747,-0.5355836665653557
2024_17_KC_PIT,2024,17,0.42834361598533355,-1.6781341299253927
2024_17_LAC_NE,2024,17,0.5078643695108092,0.6077963986872343
2024_17_LV_NO,2024,17,0.3323222825830721,-4.653749361781904
2024_17_MIA_CLE,2024,17,0.6317848124385028,4.23626235802736
2024_17_NYJ_BUF,2024,17,0.750969223155683,8.081253981805979
2024_17_SEA_CHI,2024,17,0.4998381349980293,-0.1782970043680443
2024_17_TEN_JAX,2024,17,0.5677579466433436,1.940250983388909
2024_18_BUF_NE,2024,18,0.4703567813199967,-0.6057732273146672
2024_18_CAR_ATL,2024,18,0.6527673437652575,4.722680026251224
2024_18_CHI_GB,2024,18,0.7113726246875718,6.914955851948783
2024_18_CIN_PIT,2024,18,0.4979964700826773,-0.1585871462426387
2024_18_CLE_BAL,2024,18,0.9300060965238277,18.450215942261245
2024_18_HOU_TEN,2024,18,0.5506526965497113,2.321647060429476
2024_18_JAX_IND,2024,18,0.5383414693245715,1.239844806212307
2024_18_KC_DEN,2024,18,0.8348412332354423,11.46734029737648
2024_18_LAC_LV,2024,18,0.44480851011378153,-1.614742125601627
2024_18_MIA_NYJ,2024,18,0.49914345577728747,0.19702726052812292
2024_18_MIN_DET,2024,18,0.6852415773223625,5.746934205067822
2024_18_NO_TB,2024,18,0.8596231671355345,13.75842765463413
2024_18_NYG_PHI,2024,18,0.39581254809413896,-2.2241958996722184
2024_18_SEA_LA,2024,18,0.3136441141974487,-5.078734662748038
2024_18_SF_ARI,2024,18,0.8143084455453784,10.778374948927059
2024_18_WAS_DAL,2024,18,0.2923896266401959,-6.196409595773621
2024_19_DEN_BUF,2024,19,0.7111681060832845,6.576807356783268
2024_19_GB_PHI,2024,19,0.6065673156994343,3.4735458195427493
2024_19_LAC_HOU,2024,19,0.48078759945451593,-0.507243166604467
2024_19_MIN_LA,2024,19,0.4407149106949088,-0.145587569462847
2024_19_PIT_BAL,2024,19,0.7640211489602978,8.49839573902614
2024_19_WAS_TB,2024,19,0.5672477149619494,2.093477676438911
2024_20_BAL_BUF,2024,20,0.6147731512959717,3.39334408895559
2024_20_HOU_KC,2024,20,0.7689888867557575,8.663022505558981
2024_20_LA_PHI,2024,20,0.6601321022489466,5.183763927733709
2024_20_WAS_DET,2024,20,0.6639686116932171,4.769265788560686
2024_21_BUF_KC,2024,21,0.5115986663374497,0.6985175444978529
2024_21_WAS_PHI,2024,21,0.5492200940298756,1.853749460149194
2024_22_KC_PHI,2024,22,0.3798062484635296,-1.6337710671925372
2025_01_ARI_NO,2025,1,0.3564436289046947,-4.470128093670269
2025_01_BAL_BUF,2025,1,0.6283505216905129,4.016125207815503
2025_01_CAR_JAX,2025,1,0.6234455696494631,4.235812826772621
2025_01_CIN_CLE,2025,1,0.39663438395042483,-3.0702899503943475
2025_01_DAL_PHI,2025,1,0.6444763579687178,4.228284561866056
2025_01_DET_GB,2025,1,0.4706637513608515,-0.5765426438643191
2025_01_HOU_LA,2025,1,0.6712414072302906,5.422623521296675
2025_01_KC_LAC,2025,1,0.39129142508036147,-2.332173914221848
2025_01_LV_NE,2025,1,0.49217804991141284,-0.12539066451518233
2025_01_MIA_IND,2025,1,0.43186553379812503,-2.0654043986691373
2025_01_MIN_CHI,2025,1,0.6023722254830476,3.1146268552042136
2025_01_NYG_WAS,2025,1,0.7258836114830917,7.642596936376039
2025_01_PIT_NYJ,2025,1,0.5119144247656736,0.4046143236101689
2025_01_SF_SEA,2025,1,0.4519539735277362,-1.6217775457540688
2025_01_TB_ATL,2025,1,0.5086582605634937,0.5437898873361804
2025_01_TEN_DEN,2025,1,0.6934832740304792,6.303896755926244
2025_02_ATL_MIN,2025,2,0.34489481606079897,-4.8744534276510745
2025_02_BUF_NYJ,2025,2,0.3760701491998326,-3.7276888549591622
2025_02_CAR_ARI,2025,2,0.7171391170661728,7.330418472706775
2025_02_CHI_DET,2025,2,0.7533950055847074,8.62534311082461
2025_02_CLE_BAL,2025,2,0.7710628899154414,9.544840285300806
2025_02_DEN_IND,2025,2,0.5485271544147411,1.2752615453237819
2025_02_JAX_CIN,2025,2,0.6732220952806159,5.61394063439691
2025_02_LAC_LV,2025,2,0.5003368954970737,0.15981794317494957
2025_02_LA_TEN,2025,2,0.3575062179195412,-4.426678109976207
2025_02_NE_MIA,2025,2,0.6556075748622352,5.322819951432251
2025_02_NYG_DAL,2025,2,0.6646977145460117,5.3183911153137196
2025_02_PHI_KC,2025,2,0.5929133671740489,3.1876331289016
2025_02_SEA_PIT,2025,2,0.6188425370131471,3.826310728323792
2025_02_SF_NO,2025,2,0.5058583555566323,0.3574779967431232
2025_02_TB_HOU,2025,2,0.4399937114107434,-1.6174994336483257
2025_02_WAS_GB,2025,2,0.5326142130723679,0.9998690062302775
2025_03_ARI_SF,2025,3,0.4525934001754983,-1.3637472940407007
2025_03_ATL_CAR,2025,3,0.45316934838436246,-1.5082847162913482
2025_03_CIN_MIN,2025,3,0.45955050366033534,-1.3680668421710735
2025_03_DAL_CHI,2025,3,0.40293719078640194,-3.0486078447067366
2025_03_DEN_LAC,2025,3,0.6194020550833437,3.7268354556669605
2025_03_DET_BAL,2025,3,0.5560286505326112,2.0641528894653884
2025_03_GB_CLE,2025,3,0.3251573752302577,-5.467420362914002
2025_03_HOU_JAX,2025,3,0.6031577176082805,3.2452491279639055
2025_03_IND_TEN,2025,3,0.3142804532366344,-5.655358278416745
2025_03_KC_NYG,2025,3,0.4406003391858339,-1.9572484071981298
2025_03_LA_PHI,2025,3,0.627502096274981,4.054062145750202
2025_03_LV_WAS,2025,3,0.497125445951006,0.15128326765598876
2025_03_MIA_BUF,2025,3,0.7066729865555675,6.654829495188229
2025_03_NO_SEA,2025,3,0.63017843880299,4.357420246827726
2025_03_NYJ_TB,2025,3,0.6473294837196859,4.721670135782187
2025_03_PIT_NE,2025,3,0.6189832464022104,3.6207260071388765
2025_04_BAL_KC,2025,4,0.5032479876112615,0.3532967871145756
2025_04_CAR_NE,2025,4,0.7401050000345405,7.732829757207016
2025_04_CHI_LV,2025,4,0.6484374828666584,4.91888382551124
2025_04_CIN_DEN,2025,4,0.7160387642458858,6.931198374368293
2025_04_CLE_DET,2025,4,0.8437389293675323,12.687711825530181
2025_04_GB_DAL,2025,4,0.4626544902216287,-0.8385128046810397
2025_04_IND_LA,2025,4,0.6040309133530469,3.7550010636368083
2025_04_JAX_SF,2025,4,0.6975270063819178,6.454709500841599
2025_04_LAC_NYG,2025,4,0.39585860395532213,-2.913963783193482
2025_04_MIN_PIT,2025,4,0.5537619002554656,3.1134972645031946
2025_04_NO_BUF,2025,4,0.8345123540390776,12.470842938649808
2025_04_NYJ_MIA,2025,4,0.6880473721038525,6.179667819796473
2025_04_PHI_TB,2025,4,0.5525892407776963,1.7636664100573636
2025_04_SEA_ARI,2025,4,0.5742384719775991,2.5711855330621805
2025_04_TEN_HOU,2025,4,0.7464972188241961,8.398485554119853
2025_04_WAS_ATL,2025,4,0.5304293374606338,0.9994073068236866
2025_05_DAL_NYJ,2025,5,0.6046672436832481,3.2143523726655925
2025_05_DEN_PHI,2025,5,0.6315072593070657,4.090444258007706
2025_05_DET_CIN,2025,5,0.26149516484884044,-7.382952336787103
2025_05_HOU_BAL,2025,5,0.3315647049790903,-5.372130927740859
2025_05_KC_JAX,2025,5,0.42975015663462535,-2.0498122998550925
2025_05_LV_IND,2025,5,0.628419685154518,3.846221289386164
2025_05_MIA_CAR,2025,5,0.33474184729567596,-5.173691170504302
2025_05_MIN_CLE,2025,5,0.4943299272578805,1.4485377237933967
2025_05_NE_BUF,2025,5,0.7161313911830584,7.3780219978221755
2025_05_NYG_NO,2025,5,0.5805740125551855,2.370506282024495
2025_05_SF_LA,2025,5,0.7456592461681122,8.425376788269475
2025_05_TB_SEA,2025,5,0.5920257128756404,2.457209993187652
2025_05_TEN_ARI,2025,5,0.8297803650136595,11.98205923276236
2025_05_WAS_LAC,2025,5,0.5793186074169194,2.2572321545377787
2025_06_ARI_IND,2025,6,0.7567826887633214,8.309813913002538
2025_06_BUF_ATL,2025,6,0.39458910943848924,-3.1185240579374773
2025_06_CHI_WAS,2025,6,0.584029272255102,3.339610143589274
2025_06_CIN_GB,2025,6,0.8784478521653364,14.77090146512165
2025_06_CLE_PIT,2025,6,0.6756559593450234,5.573190598575605
2025_06_DAL_CAR,2025,6,0.3685903229531872,-4.099415937124917
2025_06_DEN_NYJ,2025,6,0.41576985791993015,-1.438425915123863
2025_06_DET_KC,2025,6,0.5899006841304544,3.2058837147917116
2025_06_LAC_MIA,2025,6,0.666769295901963,5.237685498286499
2025_06_LA_BAL,2025,6,0.2689795223040641,-7.480127491069705
2025_06_NE_NO,2025,6,0.408995678115327,-2.5941069769613665
2025_06_PHI_NYG,2025,6,0.3363561303532153,-4.956880005350865
2025_06_SEA_JAX,2025,6,0.49363965283610794,0.32367206557201045
2025_06_SF_TB,2025,6,0.6495701654917707,5.375491769987992
2025_06_TEN_LV,2025,6,0.7062198744909648,6.8580341764832
2025_07_ATL_SF,2025,7,0.5537335941447088,1.288749162461531
2025_07_CAR_NYJ,2025,7,0.5950655851246555,3.3338539968477994
2025_07_GB_ARI,2025,7,0.38382917393820465,-3.51590142632724
2025_07_HOU_SEA,2025,7,0.6354785748866181,4.2245393416620445
2025_07_IND_LAC,2025,7,0.5116663926091086,0.5932082111077475
2025_07_LA_JAX,2025,7,0.4294193274252623,-1.1306413298432587
2025_07_LV_KC,2025,7,0.7658958262507025,8.928184704220131
2025_07_MIA_CLE,2025,7,0.2906839045703742,-6.489192895218711
2025_07_NE_TEN,2025,7,0.18544926988629276,-10.765426691953355
2025_07_NO_CHI,2025,7,0.5651010135615682,2.292995669916782
2025_07_NYG_DEN,2025,7,0.703844303617885,6.615337974154809
2025_07_PHI_MIN,2025,7,0.5028715736579773,-0.18160582931286973
2025_07_PIT_CIN,2025,7,0.3939450998705718,-3.1177345124242417
2025_07_TB_DET,2025,7,0.6547020065273352,4.633126880297814
2025_07_WAS_DAL,2025,7,0.6762538656438059,5.1731230816897344
2025_08_BUF_CAR,2025,8,0.2778968817577202,-7.47511564405238
2025_08_CHI_BAL,2025,8,0.5746207533646344,1.9395380018868362
2025_08_CLE_NE,2025,8,0.8213063346170885,11.295661215446446
2025_08_DAL_DEN,2025,8,0.5412117342484015,1.563032210469286
2025_08_GB_PIT,2025,8,0.5007669064084795,-0.021420778307850608
2025_08_MIA_ATL,2025,8,0.47556446454952833,-0.6546598028733621
2025_08_MIN_LAC,2025,8,0.6671984522165262,5.538891743938331
2025_08_NYG_PHI,2025,8,0.6585518675072426,5.166414240084437
2025_08_NYJ_CIN,2025,8,0.6606723266670793,4.798551828928201
2025_08_SF_HOU,2025,8,0.5999989615911151,3.6920256296770497
2025_08_TB_NO,2025,8,0.5208176858187846,0.4345429731406716
2025_08_TEN_IND,2025,8,0.881897060564905,15.005294803170571
2025_08_WAS_KC,2025,8,0.692048776194945,6.270957284544378
2025_09_ARI_DAL,2025,9,0.6725904339385411,5.71133666853807
2025_09_ATL_NE,2025,9,0.7362009213266046,7.542756087028778
2025_09_BAL_MIA,2025,9,0.38588158964511676,-3.2232066956212138
2025_09_CAR_GB,2025,9,0.8197197260232325,11.753535351840336
2025_09_CHI_CIN,2025,9,0.5091327076047635,0.09962114448381865
2025_09_DEN_HOU,2025,9,0.5455508699833184,1.3980374973626208
2025_09_IND_PIT,2025,9,0.43694023606044996,-1.5334340212565425
2025_09_JAX_LV,2025,9,0.5662182959138202,1.7995925888018458
2025_09_KC_BUF,2025,9,0.5820335584298775,2.7065929048977275
2025_09_LAC_TEN,2025,9,0.21324396802139403,-9.656003326193485
2025_09_MIN_DET,2025,9,0.8763838564463924,14.669213539341802
2025_09_NO_LA,2025,9,0.8471952671914119,12.728150806748397
2025_09_SEA_WAS,2025,9,0.533730557970415,1.7233033021806583
2025_09_SF_NYG,2025,9,0.6104953205367214,3.6766163373457386
2025_10_ARI_SEA,2025,10,0.7066347280632338,6.725359370523952
2025_10_ATL_IND,2025,10,0.5470653144739441,2.266470339969803
2025_10_BAL_MIN,2025,10,0.16409917231913299,-12.026367057370885
2025_10_BUF_MIA,2025,10,0.3972390620832154,-3.0458690274719804
2025_10_CLE_NYJ,2025,10,0.7251647393757337,7.497959070202185
2025_10_DET_WAS,2025,10,0.31422447001616205,-5.613261370132989
2025_10_JAX_HOU,2025,10,0.4442168443682553,-1.9692616850369018
2025_10_LA_SF,2025,10,0.4431295549991845,-1.734724439264085
2025_10_LV_DEN,2025,10,0.6906795790740473,6.506750082892941
2025_10_NE_TB,2025,10,0.5055105054009476,0.5143999748513881
2025_10_NO_CAR,2025,10,0.6743301122350429,5.469001387299971
2025_10_NYG_CHI,2025,10,0.5405999458790458,1.3467235173764465
2025_10_PHI_GB,2025,10,0.566927356783298,2.372397827155872
2025_10_PIT_LAC,2025,10,0.6241823506091437,3.8950966902108024
2025_11_BAL_CLE,2025,11,0.29605817553917874,-6.526343819377537
2025_11_CAR_ATL,2025,11,0.6575059887587069,5.2929298489041345
2025_11_CHI_MIN,2025,11,0.32145087267885963,-5.511153300950458
2025_11_CIN_PIT,2025,11,0.5817119799972944,3.067462850032742
2025_11_DAL_LV,2025,11,0.3435991083373085,-4.779122671975163
2025_11_DET_PHI,2025,11,0.6368816429599152,4.391355023337587
2025_11_GB_NYG,2025,11,0.23623660713040787,-8.780123946155719
2025_11_HOU_TEN,2025,11,0.5219967540292436,0.7784999612280088
2025_11_KC_DEN,2025,11,0.4009830662386671,-2.7602685375970197
2025_11_LAC_JAX,2025,11,0.36775204210840756,-3.684439833335896
2025_11_NYJ_NE,2025,11,0.7368557976590261,7.7203119248763095
2025_11_SEA_LA,2025,11,0.5953335268682943,3.192083063167737
2025_11_SF_ARI,2025,11,0.33715533635771866,-5.1920520814691375
2025_11_TB_BUF,2025,11,0.7567985764240752,8.623212739823966
2025_11_WAS_MIA,2025,11,0.6130785520127693,4.564177199260275
2025_12_ATL_NO,2025,12,0.6355726342456581,4.005897601658775
2025_12_BUF_HOU,2025,12,0.25980584218576214,-8.273462067009635
2025_12_CAR_SF,2025,12,0.7843762559531396,10.295428112425478
2025_12_CLE_LV,2025,12,0.747202306994594,8.446087382519647
2025_12_IND_KC,2025,12,0.5845293559153496,3.266121371057479
2025_12_JAX_ARI,2025,12,0.6113887830752318,3.352230515489231
2025_12_MIN_GB,2025,12,0.8576702364116745,13.782872252435096
2025_12_NE_CIN,2025,12,0.29299855614759573,-6.476035048025432
2025_12_NYG_DET,2025,12,0.7748134533788769,9.68298258734305
2025_12_NYJ_BAL,2025,12,0.7234918334167937,7.573306490262121
2025_12_PHI_DAL,2025,12,0.5882863410942969,2.797474260399746
2025_12_PIT_CHI,2025,12,0.5308804956844905,0.9124116447411328
2025_12_SEA_TEN,2025,12,0.2617035711053591,-7.547903400518656
2025_12_TB_LA,2025,12,0.6815026913140909,5.662688157971264
2025_13_ARI_TB,2025,13,0.6778204472235769,5.811712066680483
2025_13_ATL_NYJ,2025,13,0.6122454972260921,3.24257175582564
2025_13_BUF_PIT,2025,13,0.4112025568591176,-2.5841267959243974
2025_13_CHI_PHI,2025,13,0.7045988277729642,6.798826088386408
2025_13_CIN_BAL,2025,13,0.6849832202665328,5.857103441434905
2025_13_DEN_WAS,2025,13,0.44529569745028547,-1.6016481635918054
2025_13_GB_DET,2025,13,0.4688939522647814,-0.7095055644833037
2025_13_HOU_IND,2025,13,0.5737444564659528,2.363863896803632
2025_13_JAX_TEN,2025,13,0.4376580212506791,-1.8995793622470853
2025_13_KC_DAL,2025,13,0.5357517255739032,1.0435786843294372
2025_13_LA_CAR,2025,13,0.30435273081370884,-6.202623998646658
2025_13_LV_LAC,2025,13,0.752616371410018,8.261600819350708
2025_13_MIN_SEA,2025,13,0.8193775273253904,11.492377181424258
2025_13_NO_MIA,2025,13,0.7915416823397184,10.004108221050313
2025_13_NYG_NE,2025,13,0.6593883207177337,4.885488408975234
2025_13_SF_CLE,2025,13,0.3032808119947669,-6.179787238755367
2025_14_CHI_GB,2025,14,0.7622853452184615,8.786059658942253
2025_14_CIN_BUF,2025,14,0.6385546577384155,4.434776303630995
2025_14_DAL_DET,2025,14,0.49876782480402165,0.42861848841487027
2025_14_DEN_LV,2025,14,0.32069034050627726,-5.412549298862775
2025_14_HOU_KC,2025,14,0.666588592530338,5.327930479206045
2025_14_IND_JAX,2025,14,0.43781740884348863,-1.500979849832766
2025_14_LA_ARI,2025,14,0.355684492002354,-4.1392346272659
2025_14_MIA_NYJ,2025,14,0.44312516488169973,-1.8890015582637623
2025_14_NO_TB,2025,14,0.7356953345370788,8.148632981178407
2025_14_PHI_LAC,2025,14,0.5142903348310489,0.6926072732121322
2025_14_PIT_BAL,2025,14,0.6880184903333555,6.097908754202654
2025_14_SEA_ATL,2025,14,0.40600912052613974,-2.285961909616471
2025_14_TEN_CLE,2025,14,0.5613997637234351,2.1685088683163984
2025_14_WAS_MIN,2025,14,0.28122954786580623,-7.0768724923095
2025_15_ARI_HOU,2025,15,0.7508707444831765,8.412022978895363
2025_15_ATL_TB,2025,15,0.6526177605558908,4.749097380323703
2025_15_BAL_CIN,2025,15,0.5459035561473357,1.5047694746188631
2025_15_BUF_NE,2025,15,0.5765133154874449,2.0838062835291256
2025_15_CAR_NO,2025,15,0.45553359916142966,-0.8310621004267262
2025_15_CLE_CHI,2025,15,0.715242788739587,6.863895952804052
2025_15_DET_LA,2025,15,0.6057573439681856,3.4812330852111586
2025_15_GB_DEN,2025,15,0.41376362900144137,-2.422210041490469
2025_15_IND_SEA,2025,15,0.7596133635095788,8.463233507034696
2025_15_LAC_KC,2025,15,0.6832002757801211,5.9554492799740455
2025_15_LV_PHI,2025,15,0.761428710686865,9.059176610885064
2025_15_MIA_PIT,2025,15,0.5041122181720391,0.1825280884002054
2025_15_MIN_DAL,2025,15,0.8497882466895887,13.110418611736069
2025_15_NYJ_JAX,2025,15,0.8603786525417779,14.140714742407487
2025_15_TEN_SF,2025,15,0.8588877697639871,13.869031283342084
2025_15_WAS_NYG,2025,15,0.7186617953336998,7.181053335584252
2025_16_ATL_ARI,2025,16,0.5515773155321897,1.3485992200550672
2025_16_BUF_CLE,2025,16,0.1688338257789062,-11.79887130443421
2025_16_CIN_MIA,2025,16,0.40461102010536093,-2.891153158356397
2025_16_GB_CHI,2025,16,0.37879703844813944,-3.4291114620751446
2025_16_JAX_DEN,2025,16,0.6387163268579417,4.397500624289535
2025_16_KC_TEN,2025,16,0.54934828605451,1.3598142761468544
2025_16_LAC_DAL,2025,16,0.6303540879787846,4.002377789540274
2025_16_LA_SEA,2025,16,0.5504190486557349,1.4797494877203676
2025_16_LV_HOU,2025,16,0.7330985771710783,7.687797777176348
2025_16_MIN_NYG,2025,16,0.7369967772595176,7.977575348600617
2025_16_NE_BAL,2025,16,0.5179554089512446,1.0826752629812084
2025_16_NYJ_NO,2025,16,0.5737106711720813,2.4101781561712508
2025_16_PHI_WAS,2025,16,0.42619271543880527,-2.3172057007026114
2025_16_PIT_DET,2025,16,0.7066913445744886,6.7430697488843485
2025_16_SF_IND,2025,16,0.2938352660019043,-6.585585211891228
2025_16_TB_CAR,2025,16,0.4372118332409531,-2.053768652140747
2025_17_ARI_CIN,2025,17,0.7071740282656849,6.959450070923392
2025_17_BAL_GB,2025,17,0.6071200068439905,3.548104843295385
2025_17_CHI_SF,2025,17,0.7516670811729935,8.508631116003453
2025_17_DAL_WAS,2025,17,0.24945112430774305,-8.41986751446518
2025_17_DEN_KC,2025,17,0.36755388410456785,-3.9411222144115237
2025_17_DET_MIN,2025,17,0.12308130164268534,-14.877044248309058
2025_17_HOU_LAC,2025,17,0.577787355028387,2.546322559193953
2025_17_JAX_IND,2025,17,0.38515291016551684,-3.2885485797153753
2025_17_LA_ATL,2025,17,0.3971145828193608,-2.7278324292277465
2025_17_NE_NYJ,2025,17,0.3875529845359679,-3.2029839192612575
2025_17_NO_TEN,2025,17,0.4996336910979459,-0.0918742511855628
2025_17_NYG_LV,2025,17,0.5447838875726752,1.4349109402672398
2025_17_PHI_BUF,2025,17,0.6527548753576964,4.990964917488444
2025_17_PIT_CLE,2025,17,0.3737646865268798,-3.633003055522876
2025_17_SEA_CAR,2025,17,0.4333037229447646,-1.8540470025917863
2025_17_TB_MIA,2025,17,0.43553084165516254,-1.8352589688880623
2025_18_ARI_LA,2025,18,0.6861843999230833,6.19903650552552
2025_18_BAL_PIT,2025,18,0.5218929903340016,0.6385686062006741
2025_18_CAR_TB,2025,18,0.6667340894056019,5.554037687990265
2025_18_CLE_CIN,2025,18,0.8548176934038517,13.330079497592436
2025_18_DAL_NYG,2025,18,0.34628216572351206,-4.436637113866981
2025_18_DET_CHI,2025,18,0.5217245037988119,0.8381416676314764
2025_18_GB_MIN,2025,18,0.6035754608700052,3.4144773476190355
2025_18_IND_HOU,2025,18,0.791330121765042,10.203435750943555
2025_18_KC_LV,2025,18,0.5428177478572123,1.2669077439020937
2025_18_LAC_DEN,2025,18,0.8205020040642309,11.375487070374929
2025_18_MIA_NE,2025,18,0.807667632657009,10.506093725306831
2025_18_NO_ATL,2025,18,0.6533435300560404,5.190746204743724
2025_18_NYJ_BUF,2025,18,0.820705613720242,11.557121971677416
2025_18_SEA_SF,2025,18,0.7287009289169574,7.785279704527895
2025_18_TEN_JAX,2025,18,0.8410093427308287,12.618207651983992
2025_18_WAS_PHI,2025,18,0.6002855009364655,3.9052620220672303
2025_19_BUF_JAX,2025,19,0.4986373801489505,-0.1558274383771372
2025_19_GB_CHI,2025,19,0.4301773122424909,-2.0113014082930802
2025_19_HOU_PIT,2025,19,0.5398817306213674,1.400038296949586
2025_19_LAC_NE,2025,19,0.7431082489145661,7.878791735438885
2025_19_LA_CAR,2025,19,0.3919079376058181,-3.3445352859700885
2025_19_SF_PHI,2025,19,0.5223350139349371,0.7870886812918387
2025_20_BUF_DEN,2025,20,0.5294483640613399,0.7815513430529148
2025_20_HOU_NE,2025,20,0.7463568174882451,7.90697931196828
2025_20_LA_CHI,2025,20,0.46014071695097963,-0.9822139021848457
2025_20_SF_SEA,2025,20,0.5131259410276211,0.20737836229899065
2025_21_LA_SEA,2025,21,0.5078815319054989,0.303962655378581
2025_21_NE_DEN,2025,21,0.2280631925813754,-8.847985687951219
2025_22_SEA_NE,2025,22,0.5524271890865537,2.6663102774224483
2026_01_ARI_LAC,2026,1,0.6519218252194617,5.131308772592249
2026_01_ATL_PIT,2026,1,0.7799103393375678,10.477966654948386
2026_01_BAL_IND,2026,1,0.5586514887766817,1.8355484569443028
2026_01_BUF_HOU,2026,1,0.4266596013034164,-2.2238934291245873
2026_01_CHI_CAR,2026,1,0.4749261210395304,-0.9484120060201278
2026_01_CLE_JAX,2026,1,0.7207240010052167,7.636553274723985
2026_01_DAL_NYG,2026,1,0.5100482089420463,0.40181932689762245
2026_01_DEN_KC,2026,1,0.567561757370413,2.2572372458438776
2026_01_GB_MIN,2026,1,0.42176694268796594,-2.329511467290119
2026_01_MIA_LV,2026,1,0.47681300629932993,-0.5076115037879623
2026_01_NE_SEA,2026,1,0.5229762840669844,0.8454956251363115
2026_01_NO_DET,2026,1,0.6939020222459417,6.548744774581497
2026_01_NYJ_TEN,2026,1,0.5333057355274615,1.0511280591676249
2026_01_SF_LA,2026,1,0.4860022266765356,0.10039930085366677
2026_01_TB_CIN,2026,1,0.6160451470769541,3.6939760590291972
2026_01_WAS_PHI,2026,1,0.6244864212782824,3.9781649416553675
2026_02_CAR_ATL,2026,2,0.44598091094178116,-1.7656091890298273
2026_02_CIN_HOU,2026,2,0.47658767634877885,-0.4279135418702191
2026_02_CLE_TB,2026,2,0.6848606137369084,6.31392398956776
2026_02_DET_BUF,2026,2,0.6646967098354826,5.424720448827935
2026_02_GB_NYJ,2026,2,0.3905843035419048,-3.7038843556223813
2026_02_IND_KC,2026,2,0.633406254558499,4.480156565137399
2026_02_JAX_DEN,2026,2,0.46244962764485187,-0.8005801766773772
2026_02_LV_LAC,2026,2,0.6415374894530882,4.6256121817277975
2026_02_MIA_SF,2026,2,0.6910460569224727,6.408823384630015
2026_02_MIN_CHI,2026,2,0.7416003457387452,8.335454623489177
2026_02_NO_BAL,2026,2,0.6450360592230826,4.945085083571732
2026_02_NYG_LA,2026,2,0.48498340568972137,-0.1585860778225734
2026_02_PHI_TEN,2026,2,0.3523717595175164,-4.848712079770015
2026_02_PIT_NE,2026,2,0.7455027308464538,8.276022815926261
2026_02_SEA_ARI,2026,2,0.6345031467906352,4.512444808064285
2026_02_WAS_DAL,2026,2,0.6480454429733493,4.60521346210038
2026_03_ARI_SF,2026,3,0.7294460731698368,7.995123393364453
2026_03_ATL_GB,2026,3,0.6327045300009415,4.514299672959191
2026_03_BAL_DAL,2026,3,0.465873504510827,-0.7701188213696657
2026_03_CAR_CLE,2026,3,0.5405817107177944,1.4058369998017362
2026_03_CIN_PIT,2026,3,0.43350774505592204,-1.9025863915525023
2026_03_HOU_IND,2026,3,0.6034480294039604,3.3433847216544414
2026_03_KC_MIA,2026,3,0.46350735622163347,-0.7900072158394127
2026_03_LAC_BUF,2026,3,0.8150350642290717,11.656491030606468
2026_03_LA_DEN,2026,3,0.5571966094850124,1.792801389012308
2026_03_LV_NO,2026,3,0.6683853730167715,5.483948172904217
2026_03_MIN_TB,2026,3,0.5569078116897851,1.7022281263132166
2026_03_NE_JAX,2026,3,0.5683484214976878,2.3143629825844676
2026_03_NYJ_DET,2026,3,0.770388684227053,9.684779021490193
2026_03_PHI_CHI,2026,3,0.37990307110629523,-4.007224675710164
2026_03_SEA_WAS,2026,3,0.47844863878543764,-0.44828614753779306
2026_03_TEN_NYG,2026,3,0.5238988260032889,1.1740829267438757
2026_04_ARI_NYG,2026,4,0.41424132580354384,-2.1958356028490003
2026_04_ATL_NO,2026,4,0.5487446281370681,1.4291010633992824
2026_04_DAL_HOU,2026,4,0.4063239558158317,-2.68720115009897
2026_04_DEN_SF,2026,4,0.7519973122114119,8.73146229018965
2026_04_DET_CAR,2026,4,0.42795321761230204,-2.353164984918331
2026_04_GB_TB,2026,4,0.3617595229589739,-4.558289209075138
2026_04_IND_WAS,2026,4,0.4651819206256751,-0.5851461853452125
2026_04_JAX_CIN,2026,4,0.5724298692735316,2.388079009522809
2026_04_KC_LV,2026,4,0.4476645551635265,-1.6684499162810171
2026_04_LAC_SEA,2026,4,0.6433954166754963,4.574719007929675
2026_04_LA_PHI,2026,4,0.5163275430001003,0.4988683591391774
2026_04_MIA_MIN,2026,4,0.5099905475041487,0.3154313957378745
2026_04_NE_BUF,2026,4,0.7100567397537126,7.275299434235551
2026_04_NYJ_CHI,2026,4,0.5392224025585518,1.525155902222465
2026_04_PIT_CLE,2026,4,0.6079638282308707,3.392261415152585
2026_04_TEN_BAL,2026,4,0.7935300354953218,10.796472127666936
2026_05_BAL_ATL,2026,5,0.43483904398076,-1.903613749049883
2026_05_BUF_LA,2026,5,0.4628086370899428,-0.9582440180386951
2026_05_CHI_GB,2026,5,0.6787095140276851,6.262051305797689
2026_05_CIN_MIA,2026,5,0.4639380509744928,-0.7274716063810942
2026_05_CLE_NYJ,2026,5,0.5589652550987042,1.8505899939064976
2026_05_DEN_LAC,2026,5,0.512728653034072,0.49447587021835204
2026_05_DET_ARI,2026,5,0.43938465744178806,-1.9812332002318107
2026_05_HOU_TEN,2026,5,0.45453880680840986,-1.5716720717259065
2026_05_IND_PIT,2026,5,0.5206024653534773,0.8345400116326989
2026_05_LV_NE,2026,5,0.6010985544060097,3.2690235379579944
2026_05_MIN_NO,2026,5,0.6478802329150396,4.568665166031272
2026_05_NYG_WAS,2026,5,0.703311004715505,6.7651048571388515
2026_05_PHI_JAX,2026,5,0.6053112029995161,3.3733684030017375
2026_05_SF_SEA,2026,5,0.38493626085643595,-3.668319345949729
2026_05_TB_DAL,2026,5,0.8027513357349104,10.979178881539244
