game_id,season,week,p_home,margin,p_home_cover
2006_01_ATL_CAR,2006,1,0.64452,4.79684,0.48614
2006_01_BAL_TB,2006,1,0.56052,2.34695,0.45468
2006_01_BUF_NE,2006,1,0.79500,10.18900,0.48256
2006_01_CHI_GB,2006,1,0.33930,-5.03078,0.42593
2006_01_CIN_KC,2006,1,0.44031,-1.63261,0.47189
2006_01_DAL_JAX,2006,1,0.46927,-0.78026,0.53339
2006_01_DEN_STL,2006,1,0.42319,-2.52157,0.50879
2006_01_IND_NYG,2006,1,0.44335,-1.69354,0.51969
2006_01_MIA_PIT,2006,1,0.52026,1.25342,0.46812
2006_01_MIN_WAS,2006,1,0.67084,5.59768,0.52934
2006_01_NO_CLE,2006,1,0.57256,2.97630,0.47550
2006_01_NYJ_TEN,2006,1,0.56210,2.22915,0.46731
2006_01_PHI_HOU,2006,1,0.34269,-4.79012,0.51648
2006_01_SD_OAK,2006,1,0.47486,-1.26063,0.53404
2006_01_SEA_DET,2006,1,0.34274,-4.83323,0.51505
2006_01_SF_ARI,2006,1,0.80158,10.07945,0.49553
2006_02_ARI_SEA,2006,2,0.69852,6.84347,0.47110
2006_02_BUF_MIA,2006,2,0.70932,6.79466,0.48607
2006_02_CAR_MIN,2006,2,0.58336,2.41017,0.48990
2006_02_CLE_CIN,2006,2,0.81652,11.34202,0.50426
2006_02_DET_CHI,2006,2,0.75102,8.86759,0.53828
2006_02_HOU_IND,2006,2,0.83404,12.80203,0.48631
2006_02_KC_DEN,2006,2,0.81712,11.75920,0.50151
2006_02_NE_NYJ,2006,2,0.36713,-4.28600,0.53320
2006_02_NO_GB,2006,2,0.40784,-2.63840,0.42244
2006_02_NYG_PHI,2006,2,0.59653,3.11071,0.47996
2006_02_OAK_BAL,2006,2,0.88491,15.40143,0.55586
2006_02_PIT_JAX,2006,2,0.41149,-2.61928,0.47233
2006_02_STL_SF,2006,2,0.41443,-2.14290,0.50476
2006_02_TB_ATL,2006,2,0.70812,6.66547,0.54810
2006_02_TEN_SD,2006,2,0.81923,11.76956,0.46865
2006_02_WAS_DAL,2006,2,0.68409,6.03111,0.44429
2006_03_ATL_NO,2006,3,0.39061,-3.60340,0.48945
2006_03_BAL_CLE,2006,3,0.27117,-6.84751,0.46478
2006_03_CAR_TB,2006,3,0.39701,-3.23312,0.46856
2006_03_CHI_MIN,2006,3,0.29371,-6.59899,0.37590
2006_03_CIN_PIT,2006,3,0.53955,1.40450,0.45658
2006_03_DEN_NE,2006,3,0.72888,7.51011,0.50985
2006_03_GB_DET,2006,3,0.73354,7.76087,0.51817
2006_03_JAX_IND,2006,3,0.70300,6.98613,0.49243
2006_03_NYG_SEA,2006,3,0.62181,4.00041,0.47630
2006_03_NYJ_BUF,2006,3,0.63150,4.87341,0.43912
2006_03_PHI_SF,2006,3,0.33811,-4.71535,0.51896
2006_03_STL_ARI,2006,3,0.69492,6.13286,0.49731
2006_03_TEN_MIA,2006,3,0.81787,11.24032,0.50088
2006_03_WAS_HOU,2006,3,0.41278,-2.86112,0.49751
2006_04_ARI_ATL,2006,4,0.70572,7.04918,0.47792
2006_04_CLE_OAK,2006,4,0.44848,-1.34531,0.46485
2006_04_DAL_TEN,2006,4,0.18117,-11.39845,0.43024
2006_04_DET_STL,2006,4,0.65997,5.32287,0.47042
2006_04_GB_PHI,2006,4,0.83865,12.73555,0.50072
2006_04_IND_NYJ,2006,4,0.32096,-6.22183,0.51875
2006_04_JAX_WAS,2006,4,0.44965,-1.46500,0.51067
2006_04_MIA_HOU,2006,4,0.39774,-3.10463,0.48941
2006_04_MIN_BUF,2006,4,0.55393,1.86458,0.50501
2006_04_NE_CIN,2006,4,0.69561,6.65733,0.51474
2006_04_NO_CAR,2006,4,0.65621,5.36878,0.42267
2006_04_SD_BAL,2006,4,0.56137,1.27508,0.48542
2006_04_SEA_CHI,2006,4,0.68294,6.00311,0.55920
2006_04_SF_KC,2006,4,0.66146,5.67544,0.43265
2006_05_BAL_DEN,2006,5,0.65827,5.79535,0.48609
2006_05_BUF_CHI,2006,5,0.82857,11.87190,0.55489
2006_05_CLE_CAR,2006,5,0.71512,7.00045,0.45975
2006_05_DAL_PHI,2006,5,0.50432,0.19281,0.51591
2006_05_DET_MIN,2006,5,0.59149,3.44432,0.45790
2006_05_KC_ARI,2006,5,0.39208,-3.45527,0.47777
2006_05_MIA_NE,2006,5,0.79192,10.49620,0.50938
2006_05_NYJ_JAX,2006,5,0.68983,6.02165,0.44398
2006_05_OAK_SF,2006,5,0.66953,5.34069,0.55387
2006_05_PIT_SD,2006,5,0.60691,2.96042,0.45843
2006_05_STL_GB,2006,5,0.38923,-3.48460,0.44378
2006_05_TB_NO,2006,5,0.73640,7.42529,0.49041
2006_05_TEN_IND,2006,5,0.89540,15.96335,0.55789
2006_05_WAS_NYG,2006,5,0.68965,6.29750,0.48616
2006_06_BUF_DET,2006,6,0.50008,-0.52518,0.49205
2006_06_CAR_BAL,2006,6,0.63268,3.84721,0.50443
2006_06_CHI_ARI,2006,6,0.13893,-14.12612,0.39076
2006_06_CIN_TB,2006,6,0.34129,-5.53550,0.44211
2006_06_HOU_DAL,2006,6,0.82000,11.43131,0.42470
2006_06_KC_PIT,2006,6,0.70095,6.75026,0.48459
2006_06_MIA_NYJ,2006,6,0.59740,3.36741,0.52171
2006_06_NYG_ATL,2006,6,0.60434,3.65613,0.49808
2006_06_OAK_DEN,2006,6,0.89000,16.10406,0.54608
2006_06_PHI_NO,2006,6,0.42672,-2.16915,0.50389
2006_06_SD_SF,2006,6,0.25479,-8.09512,0.52295
2006_06_SEA_STL,2006,6,0.43821,-2.34669,0.49799
2006_06_TEN_WAS,2006,6,0.86351,13.52691,0.54354
2006_07_ARI_OAK,2006,7,0.38241,-3.06180,0.47424
2006_07_CAR_CIN,2006,7,0.59558,3.32228,0.48698
2006_07_DEN_CLE,2006,7,0.39979,-2.71087,0.53568
2006_07_DET_NYJ,2006,7,0.63601,4.62954,0.49720
2006_07_GB_MIA,2006,7,0.69061,6.02419,0.47709
2006_07_JAX_HOU,2006,7,0.23851,-8.86386,0.43137
2006_07_MIN_SEA,2006,7,0.68735,5.77316,0.46877
2006_07_NE_BUF,2006,7,0.29906,-6.47130,0.44421
2006_07_NYG_DAL,2006,7,0.59014,2.84183,0.47104
2006_07_PHI_TB,2006,7,0.31675,-5.84570,0.48141
2006_07_PIT_ATL,2006,7,0.41376,-2.66950,0.47067
2006_07_SD_KC,2006,7,0.27025,-7.16650,0.43782
2006_07_WAS_IND,2006,7,0.75202,8.91785,0.50678
2006_08_ARI_GB,2006,8,0.66300,5.33878,0.52076
2006_08_ATL_CIN,2006,8,0.62964,4.19563,0.49939
2006_08_BAL_NO,2006,8,0.56802,2.24412,0.51762
2006_08_DAL_CAR,2006,8,0.68521,5.96251,0.52486
2006_08_HOU_TEN,2006,8,0.58089,3.43691,0.49079
2006_08_IND_DEN,2006,8,0.56730,2.18256,0.44927
2006_08_JAX_PHI,2006,8,0.77307,9.49270,0.49265
2006_08_NE_MIN,2006,8,0.45426,-1.44188,0.46166
2006_08_NYJ_CLE,2006,8,0.49450,0.14033,0.44788
2006_08_PIT_OAK,2006,8,0.21204,-9.70117,0.45310
2006_08_SEA_KC,2006,8,0.67133,5.39756,0.52271
2006_08_SF_CHI,2006,8,0.90033,17.19686,0.51605
2006_08_STL_SD,2006,8,0.76341,9.08102,0.46241
2006_08_TB_NYG,2006,8,0.78830,10.08122,0.49559
2006_09_ATL_DET,2006,9,0.38547,-3.58430,0.52331
2006_09_CIN_BAL,2006,9,0.60960,2.99096,0.47599
2006_09_CLE_SD,2006,9,0.87557,14.61778,0.53001
2006_09_DAL_WAS,2006,9,0.47812,-0.47768,0.55983
2006_09_DEN_PIT,2006,9,0.60252,2.91732,0.47355
2006_09_GB_BUF,2006,9,0.61909,4.59529,0.51268
2006_09_HOU_NYG,2006,9,0.86188,14.30140,0.51952
2006_09_IND_NE,2006,9,0.59208,2.93241,0.47405
2006_09_KC_STL,2006,9,0.61787,3.15819,0.49815
2006_09_MIA_CHI,2006,9,0.85911,14.13549,0.51401
2006_09_MIN_SF,2006,9,0.42369,-2.34831,0.53113
2006_09_NO_TB,2006,9,0.49165,-0.15325,0.43825
2006_09_OAK_SEA,2006,9,0.72312,7.30631,0.48645
2006_09_TEN_JAX,2006,9,0.80231,10.01553,0.49341
2006_10_BAL_TEN,2006,10,0.22113,-8.77844,0.41790
2006_10_BUF_IND,2006,10,0.85732,13.34889,0.52110
2006_10_CHI_NYG,2006,10,0.53585,0.80336,0.46977
2006_10_CLE_ATL,2006,10,0.77617,9.02548,0.47713
2006_10_DAL_ARI,2006,10,0.28316,-7.02113,0.45904
2006_10_DEN_OAK,2006,10,0.19698,-10.56396,0.42485
2006_10_GB_MIN,2006,10,0.63929,4.73311,0.46744
2006_10_HOU_JAX,2006,10,0.79670,10.58173,0.49561
2006_10_KC_MIA,2006,10,0.53788,1.02543,0.47713
2006_10_NO_PIT,2006,10,0.67626,5.54284,0.44468
2006_10_NYJ_NE,2006,10,0.77632,9.23686,0.43466
2006_10_SD_CIN,2006,10,0.46430,-0.70796,0.48598
2006_10_SF_DET,2006,10,0.73881,7.55671,0.51139
2006_10_STL_SEA,2006,10,0.53673,1.84466,0.43818
2006_10_TB_CAR,2006,10,0.81003,11.23624,0.51736
2006_10_WAS_PHI,2006,10,0.76475,9.08982,0.47927
2006_11_ATL_BAL,2006,11,0.66943,5.19687,0.53263
2006_11_BUF_HOU,2006,11,0.62802,3.23143,0.48397
2006_11_CHI_NYJ,2006,11,0.31302,-5.94862,0.46143
2006_11_CIN_NO,2006,11,0.64052,4.12055,0.49690
2006_11_DET_ARI,2006,11,0.52396,0.54239,0.41212
2006_11_IND_DAL,2006,11,0.51162,-0.11694,0.50562
2006_11_MIN_MIA,2006,11,0.65438,4.75573,0.53458
2006_11_NE_GB,2006,11,0.32898,-5.95703,0.46115
2006_11_NYG_JAX,2006,11,0.62647,3.93412,0.47410
2006_11_OAK_KC,2006,11,0.76268,9.12462,0.48042
2006_11_PIT_CLE,2006,11,0.35003,-4.00695,0.47606
2006_11_SD_DEN,2006,11,0.53661,1.41912,0.44062
2006_11_SEA_SF,2006,11,0.46738,-1.11763,0.53876
2006_11_STL_CAR,2006,11,0.67001,5.94294,0.45785
2006_11_TEN_PHI,2006,11,0.87450,14.26174,0.51820
2006_11_WAS_TB,2006,11,0.59018,2.78901,0.46929
2006_12_ARI_MIN,2006,12,0.69615,6.95092,0.47466
2006_12_CAR_WAS,2006,12,0.34382,-4.84395,0.49808
2006_12_CHI_NE,2006,12,0.62327,3.64923,0.44817
2006_12_CIN_CLE,2006,12,0.37927,-3.60157,0.45638
2006_12_DEN_KC,2006,12,0.52218,0.64266,0.46445
2006_12_GB_SEA,2006,12,0.79787,10.72717,0.50044
2006_12_HOU_NYJ,2006,12,0.64002,5.12312,0.49698
2006_12_JAX_BUF,2006,12,0.41070,-2.33884,0.49825
2006_12_MIA_DET,2006,12,0.43878,-2.00785,0.50925
2006_12_NO_ATL,2006,12,0.54899,1.69160,0.43318
2006_12_NYG_TEN,2006,12,0.36065,-3.77464,0.48377
2006_12_OAK_SD,2006,12,0.86995,14.43274,0.50727
2006_12_PHI_IND,2006,12,0.80983,11.23388,0.51728
2006_12_PIT_BAL,2006,12,0.62400,3.81794,0.50346
2006_12_SF_STL,2006,12,0.65386,4.54596,0.47781
2006_12_TB_DAL,2006,12,0.87035,14.10390,0.52955
2006_13_ARI_STL,2006,13,0.68711,6.44205,0.49096
2006_13_ATL_WAS,2006,13,0.48396,-0.35564,0.49769
2006_13_BAL_CIN,2006,13,0.58191,2.98268,0.47571
2006_13_CAR_PHI,2006,13,0.39970,-3.12455,0.47216
2006_13_DAL_NYG,2006,13,0.33924,-4.56675,0.42476
2006_13_DET_NE,2006,13,0.85496,13.78366,0.50232
2006_13_HOU_OAK,2006,13,0.59746,3.45164,0.49128
2006_13_IND_TEN,2006,13,0.26634,-7.52090,0.47559
2006_13_JAX_MIA,2006,13,0.53619,1.21835,0.48353
2006_13_KC_CLE,2006,13,0.38249,-3.32887,0.49858
2006_13_MIN_CHI,2006,13,0.79675,10.84937,0.53767
2006_13_NYJ_GB,2006,13,0.49801,-0.55527,0.42514
2006_13_SD_BUF,2006,13,0.33721,-4.72961,0.50188
2006_13_SEA_DEN,2006,13,0.62136,3.98923,0.45938
2006_13_SF_NO,2006,13,0.75540,8.51127,0.52648
2006_13_TB_PIT,2006,13,0.77857,9.43237,0.49064
2006_14_ATL_TB,2006,14,0.34859,-4.59900,0.45647
2006_14_BAL_KC,2006,14,0.54421,1.73007,0.43443
2006_14_BUF_NYJ,2006,14,0.65700,4.90199,0.48963
2006_14_CHI_STL,2006,14,0.30461,-7.10695,0.43977
2006_14_CLE_PIT,2006,14,0.71080,6.44848,0.45803
2006_14_DEN_SD,2006,14,0.81186,10.83339,0.53715
2006_14_GB_SF,2006,14,0.65712,5.24160,0.51753
2006_14_IND_JAX,2006,14,0.50458,-0.29890,0.49957
2006_14_MIN_DET,2006,14,0.58424,2.58318,0.52886
2006_14_NE_MIA,2006,14,0.40034,-3.15514,0.47114
2006_14_NO_DAL,2006,14,0.74342,7.90578,0.48976
2006_14_NYG_CAR,2006,14,0.37197,-3.68496,0.45363
2006_14_OAK_CIN,2006,14,0.82550,12.36124,0.53807
2006_14_PHI_WAS,2006,14,0.43898,-1.61646,0.48902
2006_14_SEA_ARI,2006,14,0.44445,-2.42125,0.49551
2006_14_TEN_HOU,2006,14,0.53033,0.37046,0.45546
2006_15_CIN_IND,2006,15,0.56411,2.04546,0.42841
2006_15_CLE_BAL,2006,15,0.86895,13.86198,0.50492
2006_15_DAL_ATL,2006,15,0.33301,-4.88627,0.44701
2006_15_DEN_ARI,2006,15,0.50735,-0.72274,0.53529
2006_15_DET_GB,2006,15,0.65169,4.63279,0.43126
2006_15_HOU_NE,2006,15,0.84936,13.49989,0.49289
2006_15_JAX_TEN,2006,15,0.37990,-3.22263,0.48549
2006_15_KC_SD,2006,15,0.79582,10.43093,0.50721
2006_15_MIA_BUF,2006,15,0.55117,1.97429,0.50866
2006_15_NYJ_MIN,2006,15,0.55943,1.45899,0.40943
2006_15_PHI_NYG,2006,15,0.68571,6.06730,0.49513
2006_15_PIT_CAR,2006,15,0.36561,-3.99266,0.44351
2006_15_SF_SEA,2006,15,0.78191,9.89136,0.47268
2006_15_STL_OAK,2006,15,0.61269,3.69884,0.49950
2006_15_TB_CHI,2006,15,0.87838,15.52307,0.55985
2006_15_WAS_NO,2006,15,0.83360,11.99315,0.54242
2006_16_ARI_SF,2006,16,0.60784,3.86859,0.48852
2006_16_BAL_PIT,2006,16,0.58564,2.72960,0.43442
2006_16_CAR_ATL,2006,16,0.72191,7.12648,0.51371
2006_16_CHI_DET,2006,16,0.26821,-7.88776,0.41437
2006_16_CIN_DEN,2006,16,0.53904,1.37422,0.42285
2006_16_IND_HOU,2006,16,0.21474,-10.01352,0.44283
2006_16_KC_OAK,2006,16,0.26234,-7.87488,0.44738
2006_16_MIN_GB,2006,16,0.61492,3.50502,0.45990
2006_16_NE_JAX,2006,16,0.59197,2.71551,0.46686
2006_16_NO_NYG,2006,16,0.55251,1.83024,0.43771
2006_16_NYJ_MIA,2006,16,0.54795,1.27739,0.43598
2006_16_PHI_DAL,2006,16,0.75193,8.34416,0.53750
2006_16_SD_SEA,2006,16,0.36173,-4.35393,0.46456
2006_16_TB_CLE,2006,16,0.61564,3.93787,0.49083
2006_16_TEN_BUF,2006,16,0.69544,6.05776,0.49481
2006_16_WAS_STL,2006,16,0.53902,0.90146,0.47302
2006_17_ARI_SD,2006,17,0.84907,13.95032,0.49124
2006_17_ATL_PHI,2006,17,0.68362,5.92871,0.44093
2006_17_BUF_BAL,2006,17,0.78444,9.28448,0.46914
2006_17_CAR_NO,2006,17,0.38941,-3.06640,0.47408
2006_17_CLE_HOU,2006,17,0.66635,5.08634,0.44611
2006_17_DET_DAL,2006,17,0.87198,14.25887,0.50150
2006_17_GB_CHI,2006,17,0.67376,6.12989,0.59574
2006_17_JAX_KC,2006,17,0.54561,1.36423,0.48838
2006_17_MIA_IND,2006,17,0.79682,10.38359,0.50564
2006_17_NE_TEN,2006,17,0.60550,3.58321,0.47905
2006_17_NYG_WAS,2006,17,0.49425,-0.27134,0.50049
2006_17_OAK_NYJ,2006,17,0.81154,11.79839,0.53599
2006_17_PIT_CIN,2006,17,0.69112,6.39879,0.48953
2006_17_SEA_TB,2006,17,0.60518,3.28494,0.48574
2006_17_SF_DEN,2006,17,0.77455,9.74853,0.45144
2006_17_STL_MIN,2006,17,0.40721,-2.50072,0.42691
2006_18_DAL_SEA,2006,18,0.49859,0.46118,0.45845
2006_18_KC_IND,2006,18,0.74530,8.09812,0.51277
2006_18_NYG_PHI,2006,18,0.70907,6.43883,0.47426
2006_18_NYJ_NE,2006,18,0.74970,8.21816,0.43404
2006_19_IND_BAL,2006,19,0.68709,5.94051,0.54068
2006_19_NE_SD,2006,19,0.67553,5.99994,0.50951
2006_19_PHI_NO,2006,19,0.72000,7.48439,0.54213
2006_19_SEA_CHI,2006,19,0.65899,5.66769,0.54818
2006_20_NE_IND,2006,20,0.59102,2.75663,0.45171
2006_20_NO_CHI,2006,20,0.54690,2.11425,0.46351
2006_21_IND_CHI,2006,21,0.31403,-5.88488,0.49672
2007_01_ARI_SF,2007,1,0.58253,3.05427,0.47763
2007_01_ATL_MIN,2007,1,0.55925,1.92490,0.46000
2007_01_BAL_CIN,2007,1,0.52429,1.11369,0.45132
2007_01_CAR_STL,2007,1,0.53477,0.96560,0.47514
2007_01_CHI_SD,2007,1,0.66986,5.57261,0.45017
2007_01_DEN_BUF,2007,1,0.47226,-1.19501,0.54081
2007_01_DET_OAK,2007,1,0.56247,2.11025,0.46518
2007_01_KC_HOU,2007,1,0.55716,1.83884,0.45760
2007_01_MIA_WAS,2007,1,0.56331,2.14597,0.46618
2007_01_NE_NYJ,2007,1,0.33930,-5.51685,0.50373
2007_01_NO_IND,2007,1,0.61644,4.11742,0.45142
2007_01_NYG_DAL,2007,1,0.67326,5.58574,0.47851
2007_01_PHI_GB,2007,1,0.38195,-3.73137,0.46962
2007_01_PIT_CLE,2007,1,0.35512,-4.66857,0.48541
2007_01_TB_SEA,2007,1,0.64475,5.32965,0.47133
2007_01_TEN_JAX,2007,1,0.67561,5.61773,0.43754
2007_02_ATL_JAX,2007,2,0.78475,9.90055,0.48735
2007_02_BUF_PIT,2007,2,0.73161,7.73291,0.42692
2007_02_CIN_CLE,2007,2,0.27056,-7.70697,0.47030
2007_02_DAL_MIA,2007,2,0.39405,-3.21805,0.49807
2007_02_GB_NYG,2007,2,0.61210,3.25846,0.49741
2007_02_HOU_CAR,2007,2,0.67544,5.60904,0.46515
2007_02_IND_TEN,2007,2,0.32032,-6.12812,0.51466
2007_02_KC_CHI,2007,2,0.79366,10.95796,0.47492
2007_02_MIN_DET,2007,2,0.61477,3.43933,0.50250
2007_02_NO_TB,2007,2,0.41458,-3.39890,0.53511
2007_02_NYJ_BAL,2007,2,0.75439,8.59210,0.46467
2007_02_OAK_DEN,2007,2,0.76975,9.69528,0.48158
2007_02_SD_NE,2007,2,0.67041,5.35841,0.54230
2007_02_SEA_ARI,2007,2,0.40699,-3.47828,0.47671
2007_02_SF_STL,2007,2,0.58216,2.58118,0.47838
2007_02_WAS_PHI,2007,2,0.64470,4.51530,0.43471
2007_03_ARI_BAL,2007,3,0.69826,7.06961,0.49210
2007_03_BUF_NE,2007,3,0.87991,15.31363,0.45689
2007_03_CAR_ATL,2007,3,0.33224,-5.20004,0.45651
2007_03_CIN_SEA,2007,3,0.58084,2.97178,0.47531
2007_03_CLE_OAK,2007,3,0.55329,1.87029,0.45847
2007_03_DAL_CHI,2007,3,0.52080,1.74872,0.45508
2007_03_DET_PHI,2007,3,0.56886,2.11291,0.40995
2007_03_IND_HOU,2007,3,0.36773,-4.76155,0.53895
2007_03_JAX_DEN,2007,3,0.56653,2.30541,0.45666
2007_03_MIA_NYJ,2007,3,0.59422,2.98163,0.48963
2007_03_MIN_KC,2007,3,0.51692,0.63516,0.42423
2007_03_NYG_WAS,2007,3,0.61705,3.50563,0.49030
2007_03_SD_GB,2007,3,0.40740,-3.44492,0.54779
2007_03_SF_PIT,2007,3,0.79765,10.44478,0.50265
2007_03_STL_TB,2007,3,0.63868,4.15283,0.50850
2007_03_TEN_NO,2007,3,0.54156,1.35010,0.40282
2007_04_BAL_CLE,2007,4,0.38680,-3.76257,0.48277
2007_04_CHI_DET,2007,4,0.42627,-2.87281,0.47967
2007_04_DEN_IND,2007,4,0.75889,9.25369,0.46920
2007_04_GB_MIN,2007,4,0.43044,-2.24907,0.45514
2007_04_HOU_ATL,2007,4,0.36814,-4.33393,0.43888
2007_04_KC_SD,2007,4,0.79789,11.20173,0.46774
2007_04_NE_CIN,2007,4,0.26817,-8.12610,0.47257
2007_04_NYJ_BUF,2007,4,0.38005,-3.73903,0.48343
2007_04_OAK_MIA,2007,4,0.66388,5.19588,0.53776
2007_04_PHI_NYG,2007,4,0.40741,-2.77594,0.46837
2007_04_PIT_ARI,2007,4,0.31134,-6.39334,0.46508
2007_04_SEA_SF,2007,4,0.43773,-1.84193,0.46652
2007_04_STL_DAL,2007,4,0.86395,14.05857,0.51990
2007_04_TB_CAR,2007,4,0.49024,0.15918,0.41121
2007_05_ARI_STL,2007,5,0.35426,-4.25211,0.46903
2007_05_ATL_TEN,2007,5,0.78631,10.82193,0.54128
2007_05_BAL_SF,2007,5,0.37984,-3.28270,0.51031
2007_05_CAR_NO,2007,5,0.62740,4.71132,0.52419
2007_05_CHI_GB,2007,5,0.60782,2.90119,0.48737
2007_05_CLE_NE,2007,5,0.87620,15.21550,0.48215
2007_05_DAL_BUF,2007,5,0.20110,-10.20713,0.49838
2007_05_DET_WAS,2007,5,0.63537,4.59909,0.50699
2007_05_JAX_KC,2007,5,0.35637,-4.63719,0.38971
2007_05_MIA_HOU,2007,5,0.66996,5.50830,0.51849
2007_05_NYJ_NYG,2007,5,0.55617,1.83725,0.44363
2007_05_SD_DEN,2007,5,0.51141,-0.35830,0.50819
2007_05_SEA_PIT,2007,5,0.67137,5.75044,0.49719
2007_05_TB_IND,2007,5,0.70533,7.20014,0.43983
2007_06_CAR_ARI,2007,6,0.69654,6.27860,0.49798
2007_06_CIN_KC,2007,6,0.37957,-3.99646,0.40698
2007_06_HOU_JAX,2007,6,0.68585,6.04038,0.47724
2007_06_MIA_CLE,2007,6,0.64082,4.64194,0.50820
2007_06_MIN_CHI,2007,6,0.61455,3.42470,0.45999
2007_06_NE_DAL,2007,6,0.36191,-4.70343,0.49848
2007_06_NO_SEA,2007,6,0.72091,7.28860,0.54035
2007_06_NYG_ATL,2007,6,0.36232,-4.51473,0.48973
2007_06_OAK_SD,2007,6,0.69128,6.32812,0.40223
2007_06_PHI_NYJ,2007,6,0.36230,-4.74197,0.46932
2007_06_STL_BAL,2007,6,0.78269,9.59152,0.50678
2007_06_TEN_TB,2007,6,0.54712,0.93669,0.48837
2007_06_WAS_GB,2007,6,0.57321,2.55899,0.47776
2007_07_ARI_WAS,2007,7,0.77339,9.72168,0.51044
2007_07_ATL_NO,2007,7,0.70310,7.14995,0.43844
2007_07_BAL_BUF,2007,7,0.47441,-0.39008,0.56320
2007_07_CHI_PHI,2007,7,0.60619,2.98144,0.42002
2007_07_IND_JAX,2007,7,0.39833,-3.96261,0.46314
2007_07_KC_OAK,2007,7,0.52675,0.82873,0.48533
2007_07_MIN_DAL,2007,7,0.78232,9.58450,0.49252
2007_07_NE_MIA,2007,7,0.10477,-16.80198,0.45367
2007_07_NYJ_CIN,2007,7,0.66188,4.91957,0.45985
2007_07_PIT_DEN,2007,7,0.33398,-5.21361,0.45613
2007_07_SF_NYG,2007,7,0.74397,7.86300,0.44434
2007_07_STL_SEA,2007,7,0.77408,9.79543,0.51251
2007_07_TB_DET,2007,7,0.54951,2.68157,0.49525
2007_07_TEN_HOU,2007,7,0.56584,1.76226,0.48347
2007_08_BUF_NYJ,2007,8,0.56611,2.00698,0.46229
2007_08_CLE_STL,2007,8,0.26015,-8.21742,0.34836
2007_08_DET_CHI,2007,8,0.69701,6.39492,0.50125
2007_08_GB_DEN,2007,8,0.50230,-0.23190,0.40060
2007_08_HOU_SD,2007,8,0.77836,10.46412,0.50320
2007_08_IND_CAR,2007,8,0.28482,-6.80782,0.49555
2007_08_JAX_TB,2007,8,0.62648,3.57960,0.49238
2007_08_NO_SF,2007,8,0.47352,-0.42450,0.50633
2007_08_NYG_MIA,2007,8,0.21387,-10.98411,0.46254
2007_08_OAK_TEN,2007,8,0.72373,7.96148,0.51717
2007_08_PHI_MIN,2007,8,0.51373,0.71397,0.48211
2007_08_PIT_CIN,2007,8,0.35042,-4.85409,0.46618
2007_08_WAS_NE,2007,8,0.88457,15.80991,0.51292
2007_09_ARI_TB,2007,9,0.60979,3.07606,0.47824
2007_09_BAL_PIT,2007,9,0.72546,7.23995,0.42712
2007_09_CAR_TEN,2007,9,0.67724,5.97224,0.51748
2007_09_CIN_BUF,2007,9,0.45180,-0.97393,0.49088
2007_09_DAL_PHI,2007,9,0.35081,-5.20313,0.42868
2007_09_DEN_DET,2007,9,0.57338,2.69700,0.48163
2007_09_GB_KC,2007,9,0.51525,1.03484,0.49113
2007_09_HOU_OAK,2007,9,0.60776,3.24929,0.49715
2007_09_JAX_NO,2007,9,0.57778,2.43162,0.46019
2007_09_NE_IND,2007,9,0.30659,-6.03275,0.46118
2007_09_SD_MIN,2007,9,0.29244,-6.97250,0.49092
2007_09_SEA_CLE,2007,9,0.53046,0.26559,0.46953
2007_09_SF_ATL,2007,9,0.64992,5.16057,0.53677
2007_09_WAS_NYJ,2007,9,0.36521,-4.19111,0.47074
2007_10_ATL_CAR,2007,10,0.60080,2.97969,0.47553
2007_10_BUF_MIA,2007,10,0.50225,0.00079,0.51828
2007_10_CHI_OAK,2007,10,0.32333,-6.21275,0.41470
2007_10_CIN_BAL,2007,10,0.54496,1.67565,0.45304
2007_10_CLE_PIT,2007,10,0.75643,8.88454,0.45887
2007_10_DAL_NYG,2007,10,0.46644,-0.09652,0.51555
2007_10_DEN_KC,2007,10,0.55263,1.80753,0.45672
2007_10_DET_ARI,2007,10,0.50135,0.30685,0.44279
2007_10_IND_SD,2007,10,0.35810,-4.22387,0.46983
2007_10_JAX_TEN,2007,10,0.61295,3.88969,0.47301
2007_10_MIN_GB,2007,10,0.69537,6.13257,0.50793
2007_10_PHI_WAS,2007,10,0.56562,2.51782,0.47660
2007_10_SF_SEA,2007,10,0.78071,9.68372,0.49531
2007_10_STL_NO,2007,10,0.78073,9.44950,0.46069
2007_11_ARI_CIN,2007,11,0.63967,4.09750,0.52099
2007_11_CAR_GB,2007,11,0.82001,11.47144,0.53148
2007_11_CHI_SEA,2007,11,0.70044,6.23575,0.49677
2007_11_CLE_BAL,2007,11,0.40211,-2.94317,0.43586
2007_11_KC_IND,2007,11,0.87532,15.01176,0.50453
2007_11_MIA_PHI,2007,11,0.78456,9.80349,0.49868
2007_11_NE_BUF,2007,11,0.08880,-18.18901,0.41535
2007_11_NO_HOU,2007,11,0.54048,1.72099,0.51042
2007_11_NYG_DET,2007,11,0.44871,-1.86434,0.50802
2007_11_OAK_MIN,2007,11,0.62412,4.04620,0.47740
2007_11_PIT_NYJ,2007,11,0.22907,-8.63230,0.51454
2007_11_SD_JAX,2007,11,0.65027,4.20590,0.52404
2007_11_STL_SF,2007,11,0.41694,-2.12725,0.51468
2007_11_TB_ATL,2007,11,0.31340,-6.34368,0.39759
2007_11_TEN_DEN,2007,11,0.53072,0.75821,0.48335
2007_11_WAS_DAL,2007,11,0.80640,10.79701,0.48444
2007_12_BAL_SD,2007,12,0.74721,9.12028,0.49353
2007_12_BUF_JAX,2007,12,0.75562,8.38826,0.45897
2007_12_DEN_CHI,2007,12,0.49688,0.46321,0.47507
2007_12_GB_DET,2007,12,0.34166,-4.80093,0.45370
2007_12_HOU_CLE,2007,12,0.62756,3.87752,0.51482
2007_12_IND_ATL,2007,12,0.14946,-14.03179,0.47521
2007_12_MIA_PIT,2007,12,0.88358,15.60648,0.50720
2007_12_MIN_NYG,2007,12,0.70707,6.92447,0.48802
2007_12_NO_CAR,2007,12,0.36017,-4.46259,0.44919
2007_12_NYJ_DAL,2007,12,0.87714,14.57338,0.50627
2007_12_OAK_KC,2007,12,0.57620,2.82091,0.45709
2007_12_PHI_NE,2007,12,0.95922,24.44674,0.50271
2007_12_SEA_STL,2007,12,0.35335,-4.56505,0.44634
2007_12_SF_ARI,2007,12,0.77445,9.29141,0.47025
2007_12_TEN_CIN,2007,12,0.50131,-0.05104,0.46067
2007_12_WAS_TB,2007,12,0.60207,3.05772,0.47772
2007_13_ATL_STL,2007,13,0.52874,1.36717,0.44446
2007_13_BUF_WAS,2007,13,0.67361,5.29227,0.45630
2007_13_CIN_PIT,2007,13,0.70357,6.56714,0.47799
2007_13_CLE_ARI,2007,13,0.46709,-0.70041,0.44258
2007_13_DEN_OAK,2007,13,0.34954,-4.46464,0.46309
2007_13_DET_MIN,2007,13,0.63607,4.43548,0.46029
2007_13_GB_DAL,2007,13,0.67350,5.79877,0.45648
2007_13_HOU_TEN,2007,13,0.58316,2.83956,0.47160
2007_13_JAX_IND,2007,13,0.63932,5.05033,0.43568
2007_13_NE_BAL,2007,13,0.06482,-20.60440,0.44525
2007_13_NYG_CHI,2007,13,0.48088,-0.38347,0.50748
2007_13_NYJ_MIA,2007,13,0.53250,0.55905,0.47776
2007_13_SD_KC,2007,13,0.29634,-6.82750,0.46692
2007_13_SEA_PHI,2007,13,0.57886,2.55781,0.47773
2007_13_SF_CAR,2007,13,0.59863,2.79952,0.48451
2007_13_TB_NO,2007,13,0.66998,5.13695,0.47995
2007_14_ARI_SEA,2007,14,0.70715,7.20285,0.48180
2007_14_CAR_JAX,2007,14,0.83325,12.38970,0.52919
2007_14_CHI_WAS,2007,14,0.60890,2.96691,0.48922
2007_14_CLE_NYJ,2007,14,0.35368,-4.22489,0.45582
2007_14_DAL_DET,2007,14,0.19773,-10.48151,0.47662
2007_14_IND_BAL,2007,14,0.24296,-9.20384,0.47039
2007_14_KC_DEN,2007,14,0.72281,7.31425,0.48493
2007_14_MIA_BUF,2007,14,0.75334,8.74955,0.53926
2007_14_MIN_SF,2007,14,0.24009,-8.33185,0.46680
2007_14_NO_ATL,2007,14,0.31689,-5.78466,0.44025
2007_14_NYG_PHI,2007,14,0.60640,2.83031,0.48538
2007_14_OAK_GB,2007,14,0.82305,11.69227,0.52365
2007_14_PIT_NE,2007,14,0.80532,11.03707,0.49119
2007_14_SD_TEN,2007,14,0.46208,-1.16216,0.48559
2007_14_STL_CIN,2007,14,0.78701,9.92971,0.48817
2007_14_TB_HOU,2007,14,0.40012,-3.15474,0.48580
2007_15_ARI_NO,2007,15,0.66032,5.03812,0.51933
2007_15_ATL_TB,2007,15,0.85389,13.56874,0.50614
2007_15_BAL_MIA,2007,15,0.45581,-1.91379,0.52068
2007_15_BUF_CLE,2007,15,0.62755,3.68920,0.46739
2007_15_CHI_MIN,2007,15,0.78216,9.63942,0.46600
2007_15_CIN_SF,2007,15,0.27918,-7.36719,0.53600
2007_15_DEN_HOU,2007,15,0.41969,-2.31187,0.49543
2007_15_DET_SD,2007,15,0.75574,9.35158,0.48597
2007_15_GB_STL,2007,15,0.22509,-9.31873,0.42550
2007_15_IND_OAK,2007,15,0.20761,-10.11422,0.47290
2007_15_JAX_PIT,2007,15,0.55654,2.06463,0.44995
2007_15_NYJ_NE,2007,15,0.93566,20.42592,0.48806
2007_15_PHI_DAL,2007,15,0.79910,10.69273,0.50962
2007_15_SEA_CAR,2007,15,0.26985,-7.56556,0.47426
2007_15_TEN_KC,2007,15,0.35506,-4.50266,0.46202
2007_15_WAS_NYG,2007,15,0.66624,5.32817,0.47128
2007_16_ATL_ARI,2007,16,0.82353,11.67670,0.50917
2007_16_BAL_SEA,2007,16,0.83919,12.97629,0.50354
2007_16_CLE_CIN,2007,16,0.42537,-2.38360,0.45139
2007_16_DAL_CAR,2007,16,0.18950,-11.40343,0.46480
2007_16_DEN_SD,2007,16,0.74381,8.81937,0.48507
2007_16_GB_CHI,2007,16,0.21306,-9.76963,0.46854
2007_16_HOU_IND,2007,16,0.72140,7.23874,0.51092
2007_16_KC_DET,2007,16,0.69194,6.24247,0.49696
2007_16_MIA_NE,2007,16,0.94196,22.05078,0.49157
2007_16_NYG_BUF,2007,16,0.50466,-0.02386,0.51759
2007_16_NYJ_TEN,2007,16,0.72230,7.55598,0.44971
2007_16_OAK_JAX,2007,16,0.87632,15.14012,0.52219
2007_16_PHI_NO,2007,16,0.60355,3.22728,0.49654
2007_16_PIT_STL,2007,16,0.21297,-10.25688,0.45492
2007_16_TB_SF,2007,16,0.31264,-5.78596,0.51022
2007_16_WAS_MIN,2007,16,0.71280,6.62575,0.50774
2007_17_BUF_PHI,2007,17,0.76613,8.63672,0.46592
2007_17_CAR_TB,2007,17,0.47313,-1.23603,0.53966
2007_17_CIN_MIA,2007,17,0.48898,-0.66918,0.49945
2007_17_DAL_WAS,2007,17,0.65180,5.97742,0.40627
2007_17_DET_GB,2007,17,0.65196,4.47713,0.51761
2007_17_JAX_HOU,2007,17,0.63208,4.75529,0.42754
2007_17_KC_NYJ,2007,17,0.65073,4.97810,0.51764
2007_17_MIN_DEN,2007,17,0.39363,-3.59328,0.47349
2007_17_NE_NYG,2007,17,0.13418,-14.22890,0.45570
2007_17_NO_CHI,2007,17,0.51489,1.03814,0.49122
2007_17_PIT_BAL,2007,17,0.39631,-3.58204,0.47380
2007_17_SD_OAK,2007,17,0.21090,-10.27066,0.45454
2007_17_SEA_ATL,2007,17,0.35103,-4.13526,0.43055
2007_17_SF_CLE,2007,17,0.82408,11.99496,0.50406
2007_17_STL_ARI,2007,17,0.71105,6.87868,0.51485
2007_17_TEN_IND,2007,17,0.37810,-3.74478,0.49732
2007_18_JAX_PIT,2007,18,0.42270,-2.37694,0.49361
2007_18_NYG_TB,2007,18,0.61417,3.10571,0.49312
2007_18_TEN_SD,2007,18,0.78128,10.30753,0.48474
2007_18_WAS_SEA,2007,18,0.60655,3.40636,0.50157
2007_19_JAX_NE,2007,19,0.86124,14.98648,0.53190
2007_19_NYG_DAL,2007,19,0.75713,9.02841,0.54704
2007_19_SD_IND,2007,19,0.80743,11.65386,0.52258
2007_19_SEA_GB,2007,19,0.78433,10.66001,0.53676
2007_20_NYG_GB,2007,20,0.72471,7.46114,0.48905
2007_20_SD_NE,2007,20,0.84644,13.62296,0.47955
2007_21_NYG_NE,2007,21,0.80653,10.85103,0.44401
2008_01_ARI_SF,2008,1,0.41732,-2.34599,0.49550
2008_01_CAR_SD,2008,1,0.77999,10.28687,0.51227
2008_01_CHI_IND,2008,1,0.74894,8.62809,0.45518
2008_01_CIN_BAL,2008,1,0.43273,-2.01466,0.49103
2008_01_DAL_CLE,2008,1,0.35511,-4.54661,0.52990
2008_01_DEN_OAK,2008,1,0.40690,-2.57485,0.50268
2008_01_DET_ATL,2008,1,0.40208,-2.91325,0.49372
2008_01_HOU_PIT,2008,1,0.68481,6.14551,0.48203
2008_01_JAX_TEN,2008,1,0.40186,-2.85363,0.49530
2008_01_KC_NE,2008,1,0.89143,16.46339,0.50370
2008_01_MIN_GB,2008,1,0.51746,1.35824,0.46124
2008_01_NYJ_MIA,2008,1,0.38707,-3.28795,0.48379
2008_01_SEA_BUF,2008,1,0.54228,1.35144,0.50073
2008_01_STL_PHI,2008,1,0.75741,8.85014,0.51394
2008_01_TB_NO,2008,1,0.56660,2.32814,0.47364
2008_01_WAS_NYG,2008,1,0.61923,3.89493,0.47540
2008_02_ATL_TB,2008,2,0.68953,6.36002,0.47448
2008_02_BUF_JAX,2008,2,0.59840,3.08780,0.46729
2008_02_CHI_CAR,2008,2,0.54646,1.17300,0.44325
2008_02_GB_DET,2008,2,0.40645,-3.33402,0.48257
2008_02_IND_MIN,2008,2,0.50499,-0.07837,0.51584
2008_02_MIA_ARI,2008,2,0.71202,7.18447,0.50956
2008_02_NE_NYJ,2008,2,0.59818,1.60860,0.50755
2008_02_NO_WAS,2008,2,0.54905,1.71483,0.51036
2008_02_NYG_STL,2008,2,0.22744,-9.19994,0.45971
2008_02_OAK_KC,2008,2,0.60905,3.87420,0.50133
2008_02_PHI_DAL,2008,2,0.67818,6.09453,0.48068
2008_02_PIT_CLE,2008,2,0.30308,-6.42887,0.49330
2008_02_SD_DEN,2008,2,0.52867,0.74490,0.48466
2008_02_SF_SEA,2008,2,0.67597,6.01263,0.47852
2008_02_TEN_CIN,2008,2,0.50076,0.28493,0.47250
2008_03_ARI_WAS,2008,3,0.57713,2.74694,0.48472
2008_03_CAR_MIN,2008,3,0.57227,2.63092,0.48165
2008_03_CIN_NYG,2008,3,0.85968,13.49874,0.50463
2008_03_CLE_BAL,2008,3,0.59997,3.32058,0.51316
2008_03_DAL_GB,2008,3,0.42082,-2.10340,0.51517
2008_03_DET_SF,2008,3,0.68225,5.67674,0.50935
2008_03_HOU_TEN,2008,3,0.59526,3.01818,0.43920
2008_03_JAX_IND,2008,3,0.59823,3.30248,0.47296
2008_03_KC_ATL,2008,3,0.67680,5.58243,0.46715
2008_03_MIA_NE,2008,3,0.80427,12.19681,0.48339
2008_03_NO_DEN,2008,3,0.67970,5.48777,0.49110
2008_03_NYJ_SD,2008,3,0.74890,8.66547,0.50905
2008_03_OAK_BUF,2008,3,0.80628,11.12728,0.52128
2008_03_PIT_PHI,2008,3,0.59152,2.60406,0.46772
2008_03_STL_SEA,2008,3,0.74821,8.62911,0.50809
2008_03_TB_CHI,2008,3,0.62362,3.93823,0.51628
2008_04_ARI_NYJ,2008,4,0.53127,1.11669,0.48127
2008_04_ATL_CAR,2008,4,0.67046,5.69071,0.45683
2008_04_BAL_PIT,2008,4,0.67494,5.86768,0.48791
2008_04_BUF_STL,2008,4,0.20976,-10.15039,0.44787
2008_04_CLE_CIN,2008,4,0.48432,0.02221,0.46556
2008_04_DEN_KC,2008,4,0.18665,-10.70373,0.44647
2008_04_GB_TB,2008,4,0.56657,1.96529,0.49050
2008_04_HOU_JAX,2008,4,0.72648,7.47406,0.51722
2008_04_MIN_TEN,2008,4,0.61700,3.72427,0.51061
2008_04_PHI_CHI,2008,4,0.41997,-2.24594,0.51140
2008_04_SD_OAK,2008,4,0.22941,-8.89669,0.46770
2008_04_SF_NO,2008,4,0.62421,4.27929,0.49882
2008_04_WAS_DAL,2008,4,0.75930,9.24706,0.47150
2008_05_ATL_GB,2008,5,0.66304,5.53627,0.50563
2008_05_BUF_ARI,2008,5,0.53342,0.78090,0.48562
2008_05_CHI_DET,2008,5,0.39931,-3.09546,0.50214
2008_05_CIN_DAL,2008,5,0.88177,15.44759,0.47680
2008_05_IND_HOU,2008,5,0.32938,-5.88881,0.44163
2008_05_KC_CAR,2008,5,0.79591,10.35157,0.50073
2008_05_MIN_NO,2008,5,0.62855,3.90054,0.51528
2008_05_NE_SF,2008,5,0.44389,-2.97796,0.49200
2008_05_PIT_JAX,2008,5,0.67314,5.31093,0.48641
2008_05_SD_MIA,2008,5,0.39457,-3.13008,0.56707
2008_05_SEA_NYG,2008,5,0.75348,8.36112,0.54065
2008_05_TB_DEN,2008,5,0.63600,3.80696,0.49955
2008_05_TEN_BAL,2008,5,0.40426,-2.94595,0.44014
2008_05_WAS_PHI,2008,5,0.64352,4.76896,0.44576
2008_06_BAL_IND,2008,6,0.62867,4.39413,0.50186
2008_06_CAR_TB,2008,6,0.51581,0.89475,0.48863
2008_06_CHI_ATL,2008,6,0.36790,-4.07133,0.46309
2008_06_CIN_NYJ,2008,6,0.84702,12.57037,0.57227
2008_06_DAL_ARI,2008,6,0.41065,-3.12498,0.52783
2008_06_DET_MIN,2008,6,0.83870,12.74149,0.48457
2008_06_GB_SEA,2008,6,0.47558,-0.13293,0.46147
2008_06_JAX_DEN,2008,6,0.61329,3.36256,0.48778
2008_06_MIA_HOU,2008,6,0.56124,2.27476,0.47223
2008_06_NE_SD,2008,6,0.75484,7.82535,0.53971
2008_06_NYG_CLE,2008,6,0.26028,-7.29901,0.53643
2008_06_OAK_NO,2008,6,0.68908,5.88304,0.46189
2008_06_PHI_SF,2008,6,0.40262,-2.94415,0.53260
2008_06_STL_WAS,2008,6,0.82519,11.75634,0.48497
2008_07_BAL_MIA,2008,7,0.64547,4.21841,0.52369
2008_07_CLE_WAS,2008,7,0.68940,6.12999,0.46840
2008_07_DAL_STL,2008,7,0.25709,-8.81819,0.49624
2008_07_DEN_NE,2008,7,0.52661,2.12813,0.46836
2008_07_DET_HOU,2008,7,0.81017,11.05654,0.49292
2008_07_IND_GB,2008,7,0.48682,-0.48786,0.50499
2008_07_MIN_CHI,2008,7,0.64455,4.55016,0.53245
2008_07_NO_CAR,2008,7,0.55567,1.85433,0.46114
2008_07_NYJ_OAK,2008,7,0.38006,-3.16865,0.48695
2008_07_PIT_CIN,2008,7,0.17500,-11.72071,0.42001
2008_07_SD_BUF,2008,7,0.53343,1.43569,0.55573
2008_07_SEA_TB,2008,7,0.83804,12.42544,0.54234
2008_07_SF_NYG,2008,7,0.81335,11.39511,0.52836
2008_07_TEN_KC,2008,7,0.20196,-10.45954,0.45288
2008_08_ARI_CAR,2008,8,0.57069,2.33717,0.42151
2008_08_ATL_PHI,2008,8,0.73861,8.24719,0.45832
2008_08_BUF_MIA,2008,8,0.50710,0.06537,0.46670
2008_08_CIN_HOU,2008,8,0.79496,9.93002,0.51606
2008_08_CLE_JAX,2008,8,0.76897,9.42765,0.55552
2008_08_IND_TEN,2008,8,0.66487,5.35807,0.52738
2008_08_KC_NYJ,2008,8,0.87566,14.80397,0.51272
2008_08_NYG_PIT,2008,8,0.57736,2.88679,0.48842
2008_08_OAK_BAL,2008,8,0.77496,9.54099,0.50575
2008_08_SD_NO,2008,8,0.35553,-4.64373,0.44805
2008_08_SEA_SF,2008,8,0.66174,4.73189,0.48432
2008_08_STL_NE,2008,8,0.75253,9.45136,0.50338
2008_08_TB_DAL,2008,8,0.40994,-1.67348,0.42123
2008_08_WAS_DET,2008,8,0.27719,-7.06966,0.48957
2008_09_ARI_STL,2008,9,0.34240,-4.47607,0.45245
2008_09_ATL_OAK,2008,9,0.39043,-2.89567,0.49418
2008_09_BAL_CLE,2008,9,0.54663,1.65723,0.50883
2008_09_DAL_NYG,2008,9,0.82136,10.91957,0.52900
2008_09_DET_CHI,2008,9,0.88692,16.09288,0.58577
2008_09_GB_TEN,2008,9,0.54341,1.54849,0.43999
2008_09_HOU_MIN,2008,9,0.71527,7.61414,0.52093
2008_09_JAX_CIN,2008,9,0.23800,-8.23219,0.45886
2008_09_MIA_DEN,2008,9,0.69148,6.67684,0.56203
2008_09_NE_IND,2008,9,0.68986,5.82500,0.47356
2008_09_NYJ_BUF,2008,9,0.65196,4.85923,0.48769
2008_09_PHI_SEA,2008,9,0.32852,-4.88600,0.54730
2008_09_PIT_WAS,2008,9,0.54637,1.01484,0.49181
2008_09_TB_KC,2008,9,0.19775,-10.42801,0.46687
2008_10_BAL_HOU,2008,10,0.54918,1.94410,0.47670
2008_10_BUF_NE,2008,10,0.55786,2.60864,0.46784
2008_10_CAR_OAK,2008,10,0.17044,-11.80077,0.44393
2008_10_DEN_CLE,2008,10,0.58689,3.38562,0.50164
2008_10_GB_MIN,2008,10,0.53038,0.95677,0.45068
2008_10_IND_PIT,2008,10,0.60400,3.65203,0.49545
2008_10_JAX_DET,2008,10,0.31454,-5.82431,0.48283
2008_10_KC_SD,2008,10,0.91492,18.40562,0.59379
2008_10_NO_ATL,2008,10,0.45265,-1.54943,0.42444
2008_10_NYG_PHI,2008,10,0.57733,2.43376,0.47643
2008_10_SEA_MIA,2008,10,0.79169,9.64850,0.50860
2008_10_SF_ARI,2008,10,0.74253,7.90066,0.44921
2008_10_STL_NYJ,2008,10,0.79429,10.45433,0.51670
2008_10_TEN_CHI,2008,10,0.42975,-1.85573,0.46878
2008_11_ARI_SEA,2008,11,0.35487,-3.81403,0.46988
2008_11_BAL_NYG,2008,11,0.68018,6.02790,0.46571
2008_11_CHI_GB,2008,11,0.54146,1.73685,0.44492
2008_11_CLE_BUF,2008,11,0.61394,3.48784,0.46465
2008_11_DAL_WAS,2008,11,0.47035,-0.74895,0.49807
2008_11_DEN_ATL,2008,11,0.70732,6.85823,0.50091
2008_11_DET_CAR,2008,11,0.85039,13.64430,0.48200
2008_11_HOU_IND,2008,11,0.75992,8.88976,0.48850
2008_11_MIN_TB,2008,11,0.75499,8.56770,0.59793
2008_11_NO_KC,2008,11,0.30976,-6.10389,0.48867
2008_11_NYJ_NE,2008,11,0.54797,2.17678,0.46964
2008_11_OAK_MIA,2008,11,0.82563,11.60657,0.53394
2008_11_PHI_CIN,2008,11,0.23910,-8.28053,0.52372
2008_11_SD_PIT,2008,11,0.59986,3.88722,0.47520
2008_11_STL_SF,2008,11,0.73929,7.81103,0.51291
2008_11_TEN_JAX,2008,11,0.44219,-1.93707,0.46664
2008_12_BUF_KC,2008,12,0.39118,-3.61454,0.47515
2008_12_CAR_ATL,2008,12,0.55626,1.30832,0.49959
2008_12_CHI_STL,2008,12,0.21754,-9.47827,0.42628
2008_12_CIN_PIT,2008,12,0.82097,11.80361,0.49946
2008_12_GB_NO,2008,12,0.51258,0.22337,0.47087
2008_12_HOU_CLE,2008,12,0.62328,3.99138,0.51768
2008_12_IND_SD,2008,12,0.62710,3.95358,0.51668
2008_12_MIN_JAX,2008,12,0.56651,2.06238,0.51956
2008_12_NE_MIA,2008,12,0.48518,-0.99792,0.49147
2008_12_NYG_ARI,2008,12,0.45719,-1.61751,0.52803
2008_12_NYJ_TEN,2008,12,0.68412,6.32284,0.51322
2008_12_OAK_DEN,2008,12,0.78347,9.49829,0.50462
2008_12_PHI_BAL,2008,12,0.51361,0.32135,0.47346
2008_12_SF_DAL,2008,12,0.74102,8.45791,0.46387
2008_12_TB_DET,2008,12,0.19766,-10.37596,0.45508
2008_12_WAS_SEA,2008,12,0.44426,-1.38186,0.53425
2008_13_ARI_PHI,2008,13,0.54797,2.17964,0.46972
2008_13_ATL_SD,2008,13,0.66843,5.71959,0.47077
2008_13_BAL_CIN,2008,13,0.24225,-8.36117,0.45546
2008_13_CAR_GB,2008,13,0.58572,2.89970,0.48876
2008_13_CHI_MIN,2008,13,0.57370,2.57709,0.42772
2008_13_DEN_NYJ,2008,13,0.74681,8.62191,0.52114
2008_13_IND_CLE,2008,13,0.36586,-4.14948,0.48746
2008_13_JAX_HOU,2008,13,0.55770,1.85583,0.46118
2008_13_KC_OAK,2008,13,0.60316,3.61143,0.50762
2008_13_MIA_STL,2008,13,0.24787,-7.81805,0.46978
2008_13_NO_TB,2008,13,0.59830,3.24778,0.48474
2008_13_NYG_WAS,2008,13,0.33944,-5.04941,0.45052
2008_13_PIT_NE,2008,13,0.53047,0.93858,0.48979
2008_13_SEA_DAL,2008,13,0.80545,10.75829,0.47179
2008_13_SF_BUF,2008,13,0.70778,7.13264,0.50818
2008_13_TEN_DET,2008,13,0.15062,-13.05004,0.43742
2008_14_ATL_NO,2008,14,0.52704,1.20938,0.44420
2008_14_CIN_IND,2008,14,0.85379,13.39037,0.48851
2008_14_CLE_TEN,2008,14,0.85608,13.36802,0.47469
2008_14_DAL_PIT,2008,14,0.61432,3.93938,0.48981
2008_14_HOU_GB,2008,14,0.68550,6.31453,0.47328
2008_14_JAX_CHI,2008,14,0.69304,6.41178,0.48908
2008_14_KC_DEN,2008,14,0.75708,8.65250,0.48222
2008_14_MIA_BUF,2008,14,0.49251,0.42030,0.47607
2008_14_MIN_DET,2008,14,0.18045,-11.54997,0.46366
2008_14_NE_SEA,2008,14,0.31258,-6.00725,0.53094
2008_14_NYJ_SF,2008,14,0.41235,-2.68719,0.52618
2008_14_OAK_SD,2008,14,0.77531,9.52722,0.49214
2008_14_PHI_NYG,2008,14,0.69883,6.36688,0.48789
2008_14_STL_ARI,2008,14,0.88127,15.04129,0.51900
2008_14_TB_CAR,2008,14,0.54718,1.39501,0.44906
2008_14_WAS_BAL,2008,14,0.68443,5.82238,0.48671
2008_15_BUF_NYJ,2008,15,0.74994,8.09361,0.46744
2008_15_CLE_PHI,2008,15,0.86914,14.12506,0.45510
2008_15_DEN_CAR,2008,15,0.70832,7.26509,0.49844
2008_15_DET_IND,2008,15,0.87965,15.55632,0.46646
2008_15_GB_JAX,2008,15,0.39133,-3.19349,0.47307
2008_15_MIN_ARI,2008,15,0.62126,3.56563,0.47992
2008_15_NE_OAK,2008,15,0.32557,-5.65318,0.51386
2008_15_NO_CHI,2008,15,0.56985,2.48267,0.47772
2008_15_NYG_DAL,2008,15,0.53603,1.24967,0.44525
2008_15_PIT_BAL,2008,15,0.58157,2.13636,0.46857
2008_15_SD_KC,2008,15,0.28089,-7.19754,0.45977
2008_15_SEA_STL,2008,15,0.41463,-2.50266,0.45175
2008_15_SF_MIA,2008,15,0.64817,4.70377,0.47035
2008_15_TB_ATL,2008,15,0.70906,5.98317,0.50422
2008_15_TEN_HOU,2008,15,0.40056,-3.42609,0.48014
2008_15_WAS_CIN,2008,15,0.26944,-7.12997,0.47475
2008_16_ARI_NE,2008,16,0.74288,8.64543,0.48203
2008_16_ATL_MIN,2008,16,0.56083,2.33157,0.47373
2008_16_BAL_DAL,2008,16,0.62028,3.95540,0.46380
2008_16_BUF_DEN,2008,16,0.64955,4.66213,0.44296
2008_16_CAR_NYG,2008,16,0.60625,3.60231,0.48089
2008_16_CIN_CLE,2008,16,0.53145,1.32576,0.50005
2008_16_GB_CHI,2008,16,0.58257,2.95136,0.46369
2008_16_HOU_OAK,2008,16,0.27672,-7.00214,0.49136
2008_16_IND_JAX,2008,16,0.30433,-6.10370,0.47544
2008_16_MIA_KC,2008,16,0.37075,-3.78390,0.48390
2008_16_NO_DET,2008,16,0.28536,-7.13434,0.48786
2008_16_NYJ_SEA,2008,16,0.40573,-2.62634,0.51457
2008_16_PHI_WAS,2008,16,0.31828,-5.73535,0.45877
2008_16_PIT_TEN,2008,16,0.45142,-1.49796,0.51796
2008_16_SD_TB,2008,16,0.65477,5.02480,0.50533
2008_16_SF_STL,2008,16,0.32437,-5.24265,0.44546
2008_17_CAR_NO,2008,17,0.47542,-0.69951,0.49938
2008_17_CHI_HOU,2008,17,0.57211,1.75400,0.45849
2008_17_CLE_PIT,2008,17,0.79787,10.68413,0.48305
2008_17_DAL_PHI,2008,17,0.59897,3.12182,0.50790
2008_17_DEN_SD,2008,17,0.72663,7.85566,0.51409
2008_17_DET_GB,2008,17,0.79720,10.76773,0.48527
2008_17_JAX_BAL,2008,17,0.78110,9.92393,0.47617
2008_17_KC_CIN,2008,17,0.50761,0.93444,0.47645
2008_17_MIA_NYJ,2008,17,0.55910,2.36894,0.48795
2008_17_NE_BUF,2008,17,0.34629,-5.09459,0.50216
2008_17_NYG_MIN,2008,17,0.67081,5.32499,0.44723
2008_17_OAK_TB,2008,17,0.82363,11.98981,0.51764
2008_17_SEA_ARI,2008,17,0.69088,6.21930,0.47076
2008_17_STL_ATL,2008,17,0.88741,15.66392,0.53545
2008_17_TEN_IND,2008,17,0.31586,-5.21812,0.43304
2008_17_WAS_SF,2008,17,0.59638,2.86007,0.54062
2008_18_ATL_ARI,2008,18,0.52778,1.07712,0.46701
2008_18_BAL_MIA,2008,18,0.38565,-3.83484,0.48255
2008_18_IND_SD,2008,18,0.46656,-0.75007,0.51129
2008_18_PHI_MIN,2008,18,0.42598,-2.09678,0.51535
2008_19_ARI_CAR,2008,19,0.83060,12.31834,0.55266
2008_19_BAL_TEN,2008,19,0.64922,5.00682,0.54448
2008_19_PHI_NYG,2008,19,0.66154,5.46135,0.53011
2008_19_SD_PIT,2008,19,0.72480,8.07317,0.53306
2008_20_BAL_PIT,2008,20,0.62641,4.26766,0.44573
2008_20_PHI_ARI,2008,20,0.40113,-3.03111,0.50384
2008_21_PIT_ARI,2008,21,0.28614,-7.50702,0.46479
2009_01_BUF_NE,2009,1,0.81506,11.20996,0.43085
2009_01_CHI_GB,2009,1,0.58464,2.75526,0.43195
2009_01_DAL_TB,2009,1,0.37505,-3.27558,0.51663
2009_01_DEN_CIN,2009,1,0.66717,4.89960,0.49640
2009_01_DET_NO,2009,1,0.85844,13.52956,0.47507
2009_01_JAX_IND,2009,1,0.70678,6.80782,0.49415
2009_01_KC_BAL,2009,1,0.84744,13.16531,0.49065
2009_01_MIA_ATL,2009,1,0.62502,4.12971,0.48978
2009_01_MIN_CLE,2009,1,0.35451,-4.26763,0.48004
2009_01_NYJ_HOU,2009,1,0.66979,4.92345,0.49698
2009_01_PHI_CAR,2009,1,0.44712,-1.46802,0.47513
2009_01_SD_OAK,2009,1,0.22255,-9.11771,0.50824
2009_01_SF_ARI,2009,1,0.63367,4.40386,0.47200
2009_01_STL_SEA,2009,1,0.71495,7.27355,0.49331
2009_01_TEN_PIT,2009,1,0.66500,5.22993,0.45555
2009_01_WAS_NYG,2009,1,0.66750,5.63043,0.47754
2009_02_ARI_JAX,2009,2,0.57732,2.29562,0.46935
2009_02_BAL_SD,2009,2,0.59125,2.74712,0.48040
2009_02_CAR_ATL,2009,2,0.68091,5.65093,0.49030
2009_02_CIN_GB,2009,2,0.71056,7.04182,0.47537
2009_02_CLE_DEN,2009,2,0.56265,2.27206,0.46878
2009_02_HOU_TEN,2009,2,0.71517,7.17148,0.49080
2009_02_IND_MIA,2009,2,0.38910,-3.32024,0.47875
2009_02_MIN_DET,2009,2,0.18690,-10.90249,0.46451
2009_02_NE_NYJ,2009,2,0.37037,-3.71549,0.48132
2009_02_NO_PHI,2009,2,0.39750,-1.85529,0.50241
2009_02_NYG_DAL,2009,2,0.57953,2.39759,0.47184
2009_02_OAK_KC,2009,2,0.56289,1.59779,0.48900
2009_02_PIT_CHI,2009,2,0.47282,-1.15767,0.48273
2009_02_SEA_SF,2009,2,0.53592,0.98072,0.48613
2009_02_STL_WAS,2009,2,0.78716,10.09843,0.48901
2009_02_TB_BUF,2009,2,0.66001,4.78626,0.49362
2009_03_ATL_NE,2009,3,0.59516,3.04670,0.45110
2009_03_CAR_DAL,2009,3,0.74301,8.08930,0.46431
2009_03_CHI_SEA,2009,3,0.43813,-1.57840,0.47243
2009_03_CLE_BAL,2009,3,0.85496,13.41508,0.48452
2009_03_DEN_OAK,2009,3,0.49099,-0.44545,0.50020
2009_03_GB_STL,2009,3,0.27948,-7.21304,0.46914
2009_03_IND_ARI,2009,3,0.58696,2.70534,0.47938
2009_03_JAX_HOU,2009,3,0.64857,4.31976,0.49444
2009_03_KC_PHI,2009,3,0.68533,6.87270,0.47124
2009_03_MIA_SD,2009,3,0.68598,5.99978,0.49886
2009_03_NO_BUF,2009,3,0.32643,-5.31467,0.49114
2009_03_NYG_TB,2009,3,0.28792,-6.67844,0.46999
2009_03_PIT_CIN,2009,3,0.35700,-4.67202,0.45794
2009_03_SF_MIN,2009,3,0.69781,6.24112,0.46802
2009_03_TEN_NYJ,2009,3,0.50882,0.66471,0.47838
2009_03_WAS_DET,2009,3,0.26817,-7.28018,0.46750
2009_04_BAL_NE,2009,4,0.47584,-0.44613,0.45127
2009_04_BUF_MIA,2009,4,0.48291,-0.19929,0.45728
2009_04_CIN_CLE,2009,4,0.30244,-6.20995,0.48145
2009_04_DAL_DEN,2009,4,0.44934,-1.42188,0.47626
2009_04_DET_CHI,2009,4,0.79554,10.26391,0.50534
2009_04_GB_MIN,2009,4,0.62925,3.95891,0.47334
2009_04_NYG_KC,2009,4,0.22050,-9.91142,0.46429
2009_04_NYJ_NO,2009,4,0.74404,7.76339,0.49306
2009_04_OAK_HOU,2009,4,0.77272,8.66300,0.47834
2009_04_SD_PIT,2009,4,0.67125,5.20011,0.47925
2009_04_SEA_IND,2009,4,0.79337,9.93848,0.48509
2009_04_STL_SF,2009,4,0.80215,10.92131,0.52145
2009_04_TB_WAS,2009,4,0.77210,8.58998,0.46433
2009_04_TEN_JAX,2009,4,0.39026,-3.24027,0.48071
2009_05_ATL_SF,2009,5,0.49236,0.16485,0.46616
2009_05_CIN_BAL,2009,5,0.76927,9.21065,0.49176
2009_05_CLE_BUF,2009,5,0.66166,5.24671,0.46816
2009_05_DAL_KC,2009,5,0.29375,-7.03519,0.48574
2009_05_HOU_ARI,2009,5,0.69508,6.31490,0.50659
2009_05_IND_TEN,2009,5,0.36155,-4.20509,0.45713
2009_05_JAX_SEA,2009,5,0.53764,1.11500,0.48942
2009_05_MIN_STL,2009,5,0.16597,-12.27786,0.43115
2009_05_NE_DEN,2009,5,0.40963,-2.52666,0.49821
2009_05_NYJ_MIA,2009,5,0.42513,-2.26434,0.50464
2009_05_OAK_NYG,2009,5,0.90365,16.94485,0.52203
2009_05_PIT_DET,2009,5,0.15899,-12.34039,0.45384
2009_05_TB_PHI,2009,5,0.91089,17.42407,0.53375
2009_05_WAS_CAR,2009,5,0.67547,5.64195,0.50235
2009_06_ARI_SEA,2009,6,0.59148,2.76609,0.48087
2009_06_BAL_MIN,2009,6,0.59590,3.07860,0.48853
2009_06_BUF_NYJ,2009,6,0.74300,8.49823,0.46209
2009_06_CAR_TB,2009,6,0.38684,-3.25276,0.48040
2009_06_CHI_ATL,2009,6,0.53963,1.02696,0.41450
2009_06_CLE_PIT,2009,6,0.86147,13.59831,0.47676
2009_06_DEN_SD,2009,6,0.66707,5.24988,0.52949
2009_06_DET_GB,2009,6,0.88397,15.41190,0.52122
2009_06_HOU_CIN,2009,6,0.60646,3.40459,0.47202
2009_06_KC_WAS,2009,6,0.68080,5.96355,0.47346
2009_06_NYG_NO,2009,6,0.65379,5.33113,0.53148
2009_06_PHI_OAK,2009,6,0.13544,-13.59668,0.49649
2009_06_STL_JAX,2009,6,0.78019,10.33451,0.50707
2009_06_TEN_NE,2009,6,0.76922,9.45574,0.48551
2009_07_ARI_NYG,2009,7,0.76217,8.46123,0.47340
2009_07_ATL_DAL,2009,7,0.66326,4.95516,0.47325
2009_07_BUF_CAR,2009,7,0.68563,5.77583,0.45667
2009_07_CHI_CIN,2009,7,0.41918,-2.55412,0.44865
2009_07_GB_CLE,2009,7,0.20976,-9.51145,0.48632
2009_07_IND_STL,2009,7,0.08627,-18.09662,0.38802
2009_07_MIN_PIT,2009,7,0.65090,4.32977,0.44583
2009_07_NE_TB,2009,7,0.09010,-17.18016,0.44559
2009_07_NO_MIA,2009,7,0.32790,-5.43849,0.50037
2009_07_NYJ_OAK,2009,7,0.34811,-4.96407,0.51201
2009_07_PHI_WAS,2009,7,0.21980,-9.53011,0.47361
2009_07_SD_KC,2009,7,0.32818,-5.49815,0.48664
2009_07_SF_HOU,2009,7,0.55514,1.41608,0.44792
2009_08_ATL_NO,2009,8,0.78962,10.23296,0.46782
2009_08_CAR_ARI,2009,8,0.80376,10.65744,0.50273
2009_08_CLE_CHI,2009,8,0.82765,11.50708,0.48677
2009_08_DEN_BAL,2009,8,0.65652,4.66379,0.49061
2009_08_HOU_BUF,2009,8,0.35268,-3.87345,0.47745
2009_08_JAX_TEN,2009,8,0.56886,1.98172,0.46169
2009_08_MIA_NYJ,2009,8,0.60270,3.49520,0.48648
2009_08_MIN_GB,2009,8,0.57762,2.18492,0.45446
2009_08_NYG_PHI,2009,8,0.44985,-1.02127,0.48608
2009_08_OAK_SD,2009,8,0.89168,15.57408,0.47616
2009_08_SEA_DAL,2009,8,0.74275,7.88085,0.43497
2009_08_SF_IND,2009,8,0.86576,13.67523,0.50316
2009_08_STL_DET,2009,8,0.67680,5.68664,0.54016
2009_09_ARI_CHI,2009,9,0.56674,2.07594,0.51299
2009_09_BAL_CIN,2009,9,0.45114,-1.55271,0.52209
2009_09_CAR_NO,2009,9,0.84952,13.37287,0.50801
2009_09_DAL_PHI,2009,9,0.59600,3.06594,0.48821
2009_09_DET_SEA,2009,9,0.80175,10.57760,0.47625
2009_09_GB_TB,2009,9,0.24809,-7.99516,0.52350
2009_09_HOU_IND,2009,9,0.70558,6.85172,0.47072
2009_09_KC_JAX,2009,9,0.63862,4.52716,0.42646
2009_09_MIA_NE,2009,9,0.84871,12.62604,0.53868
2009_09_PIT_DEN,2009,9,0.32216,-5.31064,0.43036
2009_09_SD_NYG,2009,9,0.65227,4.52098,0.47486
2009_09_TEN_SF,2009,9,0.63447,4.28351,0.48129
2009_09_WAS_ATL,2009,9,0.72599,7.55035,0.45118
2009_10_ATL_CAR,2009,10,0.41940,-2.55516,0.44862
2009_10_BAL_CLE,2009,10,0.20807,-9.91265,0.50101
2009_10_BUF_TEN,2009,10,0.68688,5.66767,0.40597
2009_10_CHI_SF,2009,10,0.57064,2.34093,0.45825
2009_10_CIN_PIT,2009,10,0.66663,5.50293,0.46220
2009_10_DAL_GB,2009,10,0.39353,-3.36176,0.47773
2009_10_DEN_WAS,2009,10,0.38257,-3.76603,0.48008
2009_10_DET_MIN,2009,10,0.93012,19.82721,0.55573
2009_10_JAX_NYJ,2009,10,0.74100,8.23110,0.52903
2009_10_KC_OAK,2009,10,0.58005,2.80625,0.53087
2009_10_NE_IND,2009,10,0.51612,0.73736,0.48016
2009_10_NO_STL,2009,10,0.13499,-14.67977,0.46995
2009_10_PHI_SD,2009,10,0.54081,1.09456,0.48892
2009_10_SEA_ARI,2009,10,0.76451,9.10163,0.48909
2009_10_TB_MIA,2009,10,0.76189,8.97073,0.46142
2009_11_ARI_STL,2009,11,0.19773,-10.89022,0.45263
2009_11_ATL_NYG,2009,11,0.74029,7.45293,0.49771
2009_11_BUF_JAX,2009,11,0.75266,8.13233,0.46536
2009_11_CIN_OAK,2009,11,0.21696,-9.38971,0.47705
2009_11_CLE_DET,2009,11,0.59027,2.13604,0.45327
2009_11_IND_BAL,2009,11,0.46474,-0.95321,0.48775
2009_11_MIA_CAR,2009,11,0.59770,2.75983,0.46848
2009_11_NO_TB,2009,11,0.17444,-11.95008,0.45117
2009_11_NYJ_NE,2009,11,0.80046,10.08808,0.47651
2009_11_PHI_CHI,2009,11,0.37275,-3.75024,0.48047
2009_11_PIT_KC,2009,11,0.18734,-11.04189,0.47333
2009_11_SD_DEN,2009,11,0.26134,-7.12864,0.47120
2009_11_SEA_MIN,2009,11,0.82253,11.67666,0.51546
2009_11_SF_GB,2009,11,0.70469,6.20104,0.49153
2009_11_TEN_HOU,2009,11,0.69033,5.92864,0.53386
2009_11_WAS_DAL,2009,11,0.81036,11.21275,0.49182
2009_12_ARI_TEN,2009,12,0.64815,4.03037,0.49961
2009_12_CAR_NYJ,2009,12,0.57900,2.97218,0.47367
2009_12_CHI_MIN,2009,12,0.79696,10.09098,0.48883
2009_12_CLE_CIN,2009,12,0.83377,12.06517,0.48820
2009_12_GB_DET,2009,12,0.17942,-11.52741,0.47368
2009_12_IND_HOU,2009,12,0.41141,-2.91986,0.48856
2009_12_JAX_SF,2009,12,0.61020,3.62811,0.50201
2009_12_KC_SD,2009,12,0.85381,13.38540,0.49605
2009_12_MIA_BUF,2009,12,0.37776,-3.72699,0.48103
2009_12_NE_NO,2009,12,0.53832,1.74916,0.50498
2009_12_NYG_DEN,2009,12,0.34781,-4.35848,0.49007
2009_12_OAK_DAL,2009,12,0.84962,13.14711,0.47795
2009_12_PIT_BAL,2009,12,0.77391,8.52196,0.47489
2009_12_SEA_STL,2009,12,0.37871,-3.61602,0.48375
2009_12_TB_ATL,2009,12,0.83315,12.06394,0.48817
2009_12_WAS_PHI,2009,12,0.77848,9.83122,0.49472
2009_13_BAL_GB,2009,13,0.59688,2.62430,0.45298
2009_13_DAL_NYG,2009,13,0.47457,-0.81761,0.49107
2009_13_DEN_KC,2009,13,0.29596,-6.11835,0.48370
2009_13_DET_CIN,2009,13,0.86239,14.07760,0.50077
2009_13_HOU_JAX,2009,13,0.41417,-2.36677,0.45320
2009_13_MIN_ARI,2009,13,0.35729,-4.05650,0.47297
2009_13_NE_MIA,2009,13,0.34113,-4.82236,0.47870
2009_13_NO_WAS,2009,13,0.20301,-10.63492,0.44669
2009_13_NYJ_BUF,2009,13,0.39319,-3.36411,0.48993
2009_13_OAK_PIT,2009,13,0.87803,15.05862,0.50030
2009_13_PHI_ATL,2009,13,0.33737,-4.38071,0.47727
2009_13_SD_CLE,2009,13,0.14241,-13.29656,0.49159
2009_13_SF_SEA,2009,13,0.44457,-1.81682,0.46660
2009_13_STL_CHI,2009,13,0.78098,10.04187,0.49989
2009_13_TB_CAR,2009,13,0.60931,3.69187,0.49130
2009_13_TEN_IND,2009,13,0.66337,5.64411,0.47788
2009_14_ARI_SF,2009,14,0.35579,-4.15127,0.48289
2009_14_BUF_KC,2009,14,0.38414,-3.33838,0.47831
2009_14_CAR_NE,2009,14,0.83615,12.20311,0.47932
2009_14_CIN_MIN,2009,14,0.70812,6.88159,0.50822
2009_14_DEN_IND,2009,14,0.71479,7.30620,0.50637
2009_14_DET_BAL,2009,14,0.87001,14.95013,0.50990
2009_14_GB_CHI,2009,14,0.34296,-4.42131,0.47628
2009_14_MIA_JAX,2009,14,0.49605,-0.07306,0.46035
2009_14_NO_ATL,2009,14,0.16383,-11.64298,0.44649
2009_14_NYJ_TB,2009,14,0.36859,-4.24388,0.46839
2009_14_PHI_NYG,2009,14,0.43525,-2.06102,0.46064
2009_14_PIT_CLE,2009,14,0.20131,-10.29000,0.47949
2009_14_SD_DAL,2009,14,0.57128,2.10811,0.45259
2009_14_SEA_HOU,2009,14,0.74765,8.12947,0.51430
2009_14_STL_TEN,2009,14,0.85624,13.74728,0.49266
2009_14_WAS_OAK,2009,14,0.49607,0.03347,0.51195
2009_15_ARI_DET,2009,15,0.12810,-14.26834,0.48002
2009_15_ATL_NYJ,2009,15,0.63820,4.62173,0.46510
2009_15_CHI_BAL,2009,15,0.79467,10.16012,0.47827
2009_15_CIN_SD,2009,15,0.73099,7.80013,0.51849
2009_15_CLE_KC,2009,15,0.48803,-0.04705,0.46099
2009_15_DAL_NO,2009,15,0.74372,8.39163,0.50847
2009_15_GB_PIT,2009,15,0.55120,1.71696,0.46743
2009_15_HOU_STL,2009,15,0.11701,-14.73190,0.46868
2009_15_IND_JAX,2009,15,0.34117,-5.26310,0.44358
2009_15_MIA_TEN,2009,15,0.64685,4.63990,0.49003
2009_15_MIN_CAR,2009,15,0.20119,-10.01620,0.46174
2009_15_NE_BUF,2009,15,0.26955,-7.30993,0.46677
2009_15_NYG_WAS,2009,15,0.45067,-1.32573,0.47862
2009_15_OAK_DEN,2009,15,0.84310,12.63867,0.46552
2009_15_SF_PHI,2009,15,0.74563,8.16930,0.51528
2009_15_TB_SEA,2009,15,0.72275,7.20036,0.50378
2009_16_BAL_PIT,2009,16,0.55779,1.52261,0.45051
2009_16_BUF_ATL,2009,16,0.76014,8.55021,0.47558
2009_16_CAR_NYG,2009,16,0.75736,8.24280,0.46806
2009_16_DAL_WAS,2009,16,0.28404,-6.72732,0.49329
2009_16_DEN_PHI,2009,16,0.73571,8.08141,0.51312
2009_16_DET_SF,2009,16,0.86539,14.48425,0.49848
2009_16_HOU_MIA,2009,16,0.50919,0.55369,0.47566
2009_16_JAX_NE,2009,16,0.78207,10.02284,0.49942
2009_16_KC_CIN,2009,16,0.85129,12.98919,0.48633
2009_16_MIN_CHI,2009,16,0.20261,-9.87670,0.46514
2009_16_NYJ_IND,2009,16,0.62630,4.14766,0.51475
2009_16_OAK_CLE,2009,16,0.57954,2.83081,0.48245
2009_16_SD_TEN,2009,16,0.52544,0.67891,0.47873
2009_16_SEA_GB,2009,16,0.87272,14.32852,0.50692
2009_16_STL_ARI,2009,16,0.89822,16.63003,0.50205
2009_16_TB_NO,2009,16,0.88115,15.47943,0.52288
2009_17_ATL_TB,2009,17,0.36042,-4.24612,0.45613
2009_17_BAL_OAK,2009,17,0.20705,-10.06486,0.48501
2009_17_CHI_DET,2009,17,0.32682,-5.67693,0.44567
2009_17_CIN_NYJ,2009,17,0.73519,7.98180,0.44952
2009_17_GB_ARI,2009,17,0.57198,2.39526,0.47179
2009_17_IND_BUF,2009,17,0.67450,4.55677,0.37997
2009_17_JAX_CLE,2009,17,0.50579,0.50179,0.47439
2009_17_KC_DEN,2009,17,0.77988,9.73675,0.49240
2009_17_NE_HOU,2009,17,0.73328,6.66916,0.42987
2009_17_NO_CAR,2009,17,0.79088,8.24923,0.44388
2009_17_NYG_MIN,2009,17,0.76066,8.80052,0.48171
2009_17_PHI_DAL,2009,17,0.59102,2.60544,0.47693
2009_17_PIT_MIA,2009,17,0.40631,-2.64253,0.49537
2009_17_SF_STL,2009,17,0.26376,-7.87609,0.46516
2009_17_TEN_SEA,2009,17,0.28784,-6.51577,0.47396
2009_17_WAS_SD,2009,17,0.59428,4.49201,0.52318
2009_18_BAL_NE,2009,18,0.59882,3.11973,0.47728
2009_18_GB_ARI,2009,18,0.39542,-2.82881,0.47854
2009_18_NYJ_CIN,2009,18,0.55776,1.29885,0.45723
2009_18_PHI_DAL,2009,18,0.62985,3.92392,0.49700
2009_19_ARI_NO,2009,19,0.77383,9.54512,0.54888
2009_19_BAL_IND,2009,19,0.72153,6.75735,0.49291
2009_19_DAL_MIN,2009,19,0.64701,4.54917,0.53680
2009_19_NYJ_SD,2009,19,0.82795,11.40279,0.54542
2009_20_MIN_NO,2009,20,0.60623,3.49057,0.47412
2009_20_NYJ_IND,2009,20,0.71541,6.59929,0.45237
2009_21_NO_IND,2009,21,0.56783,1.59239,0.41606
2010_01_ARI_STL,2010,1,0.42999,-2.97741,0.48478
2010_01_ATL_PIT,2010,1,0.43764,-1.32138,0.47813
2010_01_BAL_NYJ,2010,1,0.52511,0.67561,0.47807
2010_01_CAR_NYG,2010,1,0.64137,4.01351,0.45571
2010_01_CIN_NE,2010,1,0.64369,4.87382,0.48190
2010_01_CLE_TB,2010,1,0.55967,1.99027,0.47450
2010_01_DAL_WAS,2010,1,0.38588,-3.66587,0.48114
2010_01_DEN_JAX,2010,1,0.59592,2.85769,0.48159
2010_01_DET_CHI,2010,1,0.70490,6.95338,0.49310
2010_01_GB_PHI,2010,1,0.38044,-3.14515,0.48154
2010_01_IND_HOU,2010,1,0.47684,-0.74425,0.48928
2010_01_MIA_BUF,2010,1,0.41085,-2.27003,0.49845
2010_01_MIN_NO,2010,1,0.62527,4.06386,0.47592
2010_01_OAK_TEN,2010,1,0.69307,6.85788,0.49126
2010_01_SD_KC,2010,1,0.34998,-4.88381,0.46729
2010_01_SF_SEA,2010,1,0.37457,-3.88974,0.46718
2010_02_ARI_ATL,2010,2,0.73117,7.30278,0.49019
2010_02_BAL_CIN,2010,2,0.41283,-2.86075,0.47737
2010_02_BUF_GB,2010,2,0.83514,12.41000,0.48260
2010_02_CHI_DAL,2010,2,0.69976,6.70478,0.47864
2010_02_HOU_WAS,2010,2,0.42253,-2.18814,0.49037
2010_02_JAX_SD,2010,2,0.72804,7.90627,0.50186
2010_02_KC_CLE,2010,2,0.61386,3.36962,0.49148
2010_02_MIA_MIN,2010,2,0.69198,6.71276,0.50779
2010_02_NE_NYJ,2010,2,0.40262,-2.67175,0.49068
2010_02_NO_SF,2010,2,0.35538,-4.50301,0.48428
2010_02_NYG_IND,2010,2,0.62169,4.07003,0.48569
2010_02_PHI_DET,2010,2,0.31953,-6.05536,0.49293
2010_02_PIT_TEN,2010,2,0.70021,6.04665,0.48524
2010_02_SEA_DEN,2010,2,0.60541,3.21088,0.47876
2010_02_STL_OAK,2010,2,0.62206,3.95216,0.50275
2010_02_TB_CAR,2010,2,0.62916,4.32522,0.49062
2010_03_ATL_NO,2010,3,0.59392,3.32130,0.49055
2010_03_BUF_NE,2010,3,0.84777,13.02325,0.46550
2010_03_CIN_CAR,2010,3,0.39683,-2.72887,0.48958
2010_03_CLE_BAL,2010,3,0.80173,11.04462,0.46591
2010_03_DAL_HOU,2010,3,0.56647,2.47439,0.50318
2010_03_DET_MIN,2010,3,0.83555,12.96053,0.48358
2010_03_GB_CHI,2010,3,0.38962,-3.57168,0.47330
2010_03_IND_DEN,2010,3,0.34003,-4.67732,0.50024
2010_03_NYJ_MIA,2010,3,0.52776,0.99428,0.48423
2010_03_OAK_ARI,2010,3,0.64243,5.52446,0.48481
2010_03_PHI_JAX,2010,3,0.44193,-1.78067,0.48858
2010_03_PIT_TB,2010,3,0.45678,-1.53515,0.49332
2010_03_SD_SEA,2010,3,0.36915,-4.03630,0.47399
2010_03_SF_KC,2010,3,0.43999,-0.89703,0.51533
2010_03_TEN_NYG,2010,3,0.57944,2.23275,0.46953
2010_03_WAS_STL,2010,3,0.34628,-4.62252,0.48197
2010_04_ARI_SD,2010,4,0.80126,10.09755,0.48622
2010_04_BAL_PIT,2010,4,0.56049,2.30469,0.49023
2010_04_CAR_NO,2010,4,0.84703,13.22827,0.49842
2010_04_CHI_NYG,2010,4,0.55190,1.12305,0.43868
2010_04_CIN_CLE,2010,4,0.45969,-1.47326,0.48486
2010_04_DEN_TEN,2010,4,0.68342,6.46989,0.49342
2010_04_DET_GB,2010,4,0.87041,14.88502,0.49178
2010_04_HOU_OAK,2010,4,0.38634,-3.63833,0.48167
2010_04_IND_JAX,2010,4,0.25139,-8.46797,0.45606
2010_04_NE_MIA,2010,4,0.54016,1.22223,0.48863
2010_04_NYJ_BUF,2010,4,0.30532,-6.44612,0.46609
2010_04_SEA_STL,2010,4,0.46484,-1.03390,0.49335
2010_04_SF_ATL,2010,4,0.74750,9.10480,0.52501
2010_04_WAS_PHI,2010,4,0.64826,5.26749,0.48951
2010_05_ATL_CLE,2010,5,0.39931,-3.21383,0.48021
2010_05_CHI_CAR,2010,5,0.55044,1.12113,0.45777
2010_05_DEN_BAL,2010,5,0.73491,8.12515,0.48676
2010_05_GB_WAS,2010,5,0.40056,-3.20080,0.47082
2010_05_JAX_BUF,2010,5,0.58178,2.44015,0.48318
2010_05_KC_IND,2010,5,0.68087,5.03331,0.43697
2010_05_MIN_NYJ,2010,5,0.60242,2.56441,0.45668
2010_05_NO_ARI,2010,5,0.27693,-6.98517,0.47497
2010_05_NYG_HOU,2010,5,0.63954,4.76859,0.51853
2010_05_PHI_SF,2010,5,0.61222,2.95270,0.48343
2010_05_SD_OAK,2010,5,0.26754,-7.98631,0.46532
2010_05_STL_DET,2010,5,0.58370,2.26993,0.47025
2010_05_TB_CIN,2010,5,0.65258,4.32252,0.44248
2010_05_TEN_DAL,2010,5,0.72803,7.80969,0.50966
2010_06_ATL_PHI,2010,6,0.49594,0.09510,0.46688
2010_06_BAL_NE,2010,6,0.62428,4.47208,0.51280
2010_06_CLE_PIT,2010,6,0.87805,15.62541,0.51576
2010_06_DAL_MIN,2010,6,0.52562,1.33864,0.49088
2010_06_DET_NYG,2010,6,0.74333,8.14664,0.44868
2010_06_IND_WAS,2010,6,0.38459,-3.82133,0.46849
2010_06_KC_HOU,2010,6,0.62148,3.55441,0.46610
2010_06_MIA_GB,2010,6,0.56601,2.08629,0.46671
2010_06_NO_TB,2010,6,0.32936,-5.43361,0.48562
2010_06_NYJ_DEN,2010,6,0.38138,-3.89608,0.47669
2010_06_OAK_SF,2010,6,0.72962,7.17259,0.44917
2010_06_SD_STL,2010,6,0.22119,-9.21064,0.48993
2010_06_SEA_CHI,2010,6,0.66886,5.11147,0.46720
2010_06_TEN_JAX,2010,6,0.37785,-4.14470,0.46227
2010_07_ARI_SEA,2010,7,0.64945,3.51514,0.42714
2010_07_BUF_BAL,2010,7,0.80016,10.40666,0.45366
2010_07_CIN_ATL,2010,7,0.56464,1.36398,0.44327
2010_07_CLE_NO,2010,7,0.82291,11.87743,0.48197
2010_07_JAX_KC,2010,7,0.78463,9.60364,0.49601
2010_07_MIN_GB,2010,7,0.57787,2.00786,0.47484
2010_07_NE_SD,2010,7,0.58925,2.57236,0.48574
2010_07_NYG_DAL,2010,7,0.62680,4.00790,0.49416
2010_07_OAK_DEN,2010,7,0.70971,6.95666,0.48350
2010_07_PHI_TEN,2010,7,0.58552,3.01143,0.48456
2010_07_PIT_MIA,2010,7,0.38247,-3.98015,0.46544
2010_07_SF_CAR,2010,7,0.52333,1.81491,0.53869
2010_07_STL_TB,2010,7,0.59396,2.84341,0.48131
2010_07_WAS_CHI,2010,7,0.59306,3.12643,0.48678
2010_08_BUF_KC,2010,8,0.71955,7.58498,0.49565
2010_08_CAR_STL,2010,8,0.57800,2.42081,0.48281
2010_08_DEN_SF,2010,8,0.51755,-0.11366,0.44370
2010_08_GB_NYJ,2010,8,0.74210,8.92331,0.53115
2010_08_HOU_IND,2010,8,0.67732,6.01365,0.49427
2010_08_JAX_DAL,2010,8,0.67536,6.40580,0.48252
2010_08_MIA_CIN,2010,8,0.46574,-0.67806,0.49056
2010_08_MIN_NE,2010,8,0.66361,5.27346,0.48962
2010_08_PIT_NO,2010,8,0.49365,-0.31347,0.45903
2010_08_SEA_OAK,2010,8,0.56067,1.61155,0.48649
2010_08_TB_ARI,2010,8,0.56630,2.88201,0.48206
2010_08_TEN_SD,2010,8,0.66160,4.49547,0.45536
2010_08_WAS_DET,2010,8,0.60390,3.54316,0.50451
2010_09_ARI_MIN,2010,9,0.73226,7.86385,0.50104
2010_09_CHI_BUF,2010,9,0.35778,-5.57377,0.43493
2010_09_DAL_GB,2010,9,0.74236,8.08894,0.50539
2010_09_IND_PHI,2010,9,0.63002,4.29401,0.49969
2010_09_KC_OAK,2010,9,0.48030,-0.48124,0.49437
2010_09_MIA_BAL,2010,9,0.70316,7.55290,0.53365
2010_09_NE_CLE,2010,9,0.40464,-2.58139,0.51176
2010_09_NO_CAR,2010,9,0.31393,-6.28917,0.46911
2010_09_NYG_SEA,2010,9,0.26490,-7.74069,0.47005
2010_09_NYJ_DET,2010,9,0.30224,-6.58563,0.46341
2010_09_PIT_CIN,2010,9,0.31880,-5.94302,0.46615
2010_09_SD_HOU,2010,9,0.39171,-3.08850,0.48263
2010_09_TB_ATL,2010,9,0.81052,11.94930,0.52201
2010_10_BAL_ATL,2010,10,0.51383,0.20697,0.46904
2010_10_CAR_TB,2010,10,0.74027,7.49558,0.49392
2010_10_CIN_IND,2010,10,0.69805,6.68068,0.48783
2010_10_DAL_NYG,2010,10,0.83518,11.91096,0.49228
2010_10_DET_BUF,2010,10,0.52103,0.36747,0.46250
2010_10_HOU_JAX,2010,10,0.58281,2.89850,0.52103
2010_10_KC_DEN,2010,10,0.49060,0.39399,0.51129
2010_10_MIN_CHI,2010,10,0.52348,0.55538,0.47575
2010_10_NE_PIT,2010,10,0.64438,4.50942,0.48452
2010_10_NYJ_CLE,2010,10,0.37852,-3.83524,0.47787
2010_10_PHI_WAS,2010,10,0.41288,-1.80499,0.51710
2010_10_SEA_ARI,2010,10,0.60069,3.59718,0.48622
2010_10_STL_SF,2010,10,0.64913,4.79240,0.48999
2010_10_TEN_MIA,2010,10,0.45823,-2.52905,0.41687
2010_11_ARI_KC,2010,11,0.74181,7.59988,0.49593
2010_11_ATL_STL,2010,11,0.36273,-4.55138,0.46406
2010_11_BAL_CAR,2010,11,0.13471,-14.11398,0.46286
2010_11_BUF_CIN,2010,11,0.60422,3.58889,0.47640
2010_11_CHI_MIA,2010,11,0.55830,1.94811,0.47369
2010_11_CLE_JAX,2010,11,0.55658,1.24586,0.46017
2010_11_DEN_SD,2010,11,0.79184,10.77733,0.51869
2010_11_DET_DAL,2010,11,0.60683,3.64881,0.45830
2010_11_GB_MIN,2010,11,0.32773,-5.99814,0.42688
2010_11_HOU_NYJ,2010,11,0.72543,7.98804,0.51311
2010_11_IND_NE,2010,11,0.62561,3.81428,0.48075
2010_11_NYG_PHI,2010,11,0.62751,3.84932,0.49109
2010_11_OAK_PIT,2010,11,0.67248,5.52368,0.45590
2010_11_SEA_NO,2010,11,0.83751,13.65914,0.53569
2010_11_TB_SF,2010,11,0.61893,4.04582,0.49489
2010_11_WAS_TEN,2010,11,0.73562,8.10295,0.50566
2010_12_CAR_CLE,2010,12,0.77673,9.74999,0.49884
2010_12_CIN_NYJ,2010,12,0.79540,10.49590,0.49392
2010_12_GB_ATL,2010,12,0.56830,1.71517,0.46920
2010_12_JAX_NYG,2010,12,0.71887,7.16203,0.46817
2010_12_KC_SEA,2010,12,0.45276,-1.40809,0.47646
2010_12_MIA_OAK,2010,12,0.59887,3.08769,0.48603
2010_12_MIN_WAS,2010,12,0.47758,-0.72900,0.48958
2010_12_NE_DET,2010,12,0.30968,-6.56302,0.47347
2010_12_NO_DAL,2010,12,0.33519,-5.18533,0.47111
2010_12_PHI_CHI,2010,12,0.39713,-2.74807,0.48921
2010_12_PIT_BUF,2010,12,0.28895,-7.27225,0.46944
2010_12_SD_IND,2010,12,0.56407,2.41721,0.49240
2010_12_SF_ARI,2010,12,0.44482,-1.30099,0.47853
2010_12_STL_DEN,2010,12,0.58941,3.05034,0.48531
2010_12_TB_BAL,2010,12,0.72779,8.06567,0.49527
2010_12_TEN_HOU,2010,12,0.63967,3.33392,0.45226
2010_13_ATL_TB,2010,13,0.37951,-4.10963,0.46294
2010_13_BUF_MIN,2010,13,0.61596,3.87265,0.46260
2010_13_CAR_SEA,2010,13,0.67897,5.84413,0.51032
2010_13_CHI_DET,2010,13,0.29360,-6.72184,0.45119
2010_13_CLE_MIA,2010,13,0.68599,5.60361,0.47669
2010_13_DAL_IND,2010,13,0.66528,5.37398,0.48190
2010_13_DEN_KC,2010,13,0.76739,8.72301,0.47899
2010_13_HOU_PHI,2010,13,0.75872,8.48625,0.48407
2010_13_JAX_TEN,2010,13,0.58005,3.09196,0.48612
2010_13_NO_CIN,2010,13,0.28451,-7.20871,0.47066
2010_13_NYJ_NE,2010,13,0.60850,3.06690,0.46634
2010_13_OAK_SD,2010,13,0.82703,11.91421,0.47303
2010_13_PIT_BAL,2010,13,0.57878,2.32089,0.47123
2010_13_SF_GB,2010,13,0.78528,10.42229,0.51184
2010_13_STL_ARI,2010,13,0.36778,-3.39602,0.47669
2010_13_WAS_NYG,2010,13,0.69636,6.00696,0.46519
2010_14_ATL_CAR,2010,14,0.22855,-9.77794,0.43106
2010_14_BAL_HOU,2010,14,0.38448,-3.73120,0.47023
2010_14_CIN_PIT,2010,14,0.77261,9.56167,0.49520
2010_14_CLE_BUF,2010,14,0.51933,-0.02844,0.46451
2010_14_DEN_ARI,2010,14,0.35287,-4.47324,0.47520
2010_14_GB_DET,2010,14,0.24503,-8.94066,0.44701
2010_14_IND_TEN,2010,14,0.39485,-3.00396,0.48426
2010_14_KC_SD,2010,14,0.78901,9.62216,0.47704
2010_14_MIA_NYJ,2010,14,0.66032,5.36290,0.49135
2010_14_NE_CHI,2010,14,0.39103,-3.41496,0.47633
2010_14_NYG_MIN,2010,14,0.33094,-5.12482,0.47228
2010_14_OAK_JAX,2010,14,0.60975,3.60851,0.48644
2010_14_PHI_DAL,2010,14,0.35000,-4.26261,0.47927
2010_14_SEA_SF,2010,14,0.62088,3.65674,0.46807
2010_14_STL_NO,2010,14,0.76078,9.22572,0.47904
2010_14_TB_WAS,2010,14,0.44405,-1.42855,0.47607
2010_15_ARI_CAR,2010,15,0.56326,1.68637,0.46864
2010_15_ATL_SEA,2010,15,0.31125,-6.22888,0.47027
2010_15_BUF_MIA,2010,15,0.66076,5.53939,0.48510
2010_15_CHI_MIN,2010,15,0.30629,-5.60210,0.48237
2010_15_CLE_CIN,2010,15,0.47797,-0.81733,0.44937
2010_15_DEN_OAK,2010,15,0.79027,9.40209,0.49211
2010_15_DET_TB,2010,15,0.63546,4.14368,0.49678
2010_15_GB_NE,2010,15,0.87787,13.69514,0.47845
2010_15_HOU_TEN,2010,15,0.56020,2.17016,0.48763
2010_15_JAX_IND,2010,15,0.61394,3.95339,0.48344
2010_15_KC_STL,2010,15,0.55315,1.18127,0.44934
2010_15_NO_BAL,2010,15,0.54353,1.53898,0.49476
2010_15_NYJ_PIT,2010,15,0.61750,3.55394,0.48538
2010_15_PHI_NYG,2010,15,0.55057,1.45846,0.45465
2010_15_SF_SD,2010,15,0.77862,9.64919,0.47757
2010_15_WAS_DAL,2010,15,0.78178,9.46198,0.48360
2010_16_BAL_CLE,2010,16,0.38069,-4.15443,0.47171
2010_16_CAR_PIT,2010,16,0.87904,15.37766,0.51097
2010_16_DAL_ARI,2010,16,0.26229,-7.56686,0.47340
2010_16_DET_MIA,2010,16,0.59659,3.59028,0.48608
2010_16_HOU_DEN,2010,16,0.40117,-2.96159,0.46579
2010_16_IND_OAK,2010,16,0.49544,-0.42660,0.49542
2010_16_MIN_PHI,2010,16,0.87031,13.81700,0.48080
2010_16_NE_BUF,2010,16,0.26059,-8.46218,0.45617
2010_16_NO_ATL,2010,16,0.57130,2.14324,0.48711
2010_16_NYG_GB,2010,16,0.60800,3.66768,0.49725
2010_16_NYJ_CHI,2010,16,0.54594,1.20141,0.47857
2010_16_SD_CIN,2010,16,0.22836,-8.96824,0.48495
2010_16_SEA_TB,2010,16,0.69462,6.48510,0.51305
2010_16_SF_STL,2010,16,0.56545,1.96723,0.48371
2010_16_TEN_KC,2010,16,0.62079,3.17672,0.46846
2010_16_WAS_JAX,2010,16,0.71342,6.64119,0.47741
2010_17_ARI_SF,2010,17,0.68984,5.76381,0.47978
2010_17_BUF_NYJ,2010,17,0.55059,2.39390,0.51129
2010_17_CAR_ATL,2010,17,0.88044,15.54078,0.51413
2010_17_CHI_GB,2010,17,0.79438,9.84001,0.46198
2010_17_CIN_BAL,2010,17,0.77790,9.81883,0.49050
2010_17_DAL_PHI,2010,17,0.48218,0.14434,0.51613
2010_17_JAX_HOU,2010,17,0.66288,4.68778,0.48797
2010_17_MIA_NE,2010,17,0.66406,6.03809,0.52373
2010_17_MIN_DET,2010,17,0.62038,3.11164,0.47684
2010_17_NYG_WAS,2010,17,0.33460,-5.05358,0.47365
2010_17_OAK_KC,2010,17,0.65610,5.05991,0.49516
2010_17_PIT_CLE,2010,17,0.29487,-6.85004,0.47758
2010_17_SD_DEN,2010,17,0.31036,-6.39494,0.45746
2010_17_STL_SEA,2010,17,0.38542,-2.95451,0.48522
2010_17_TB_NO,2010,17,0.68417,6.38051,0.47238
2010_17_TEN_IND,2010,17,0.74015,7.64432,0.45822
2010_18_BAL_KC,2010,18,0.39511,-3.63187,0.47214
2010_18_GB_PHI,2010,18,0.50878,-0.14735,0.46222
2010_18_NO_SEA,2010,18,0.22909,-9.19087,0.49031
2010_18_NYJ_IND,2010,18,0.50193,0.04156,0.46585
2010_19_BAL_PIT,2010,19,0.64839,5.05436,0.51439
2010_19_GB_ATL,2010,19,0.57167,2.83877,0.51988
2010_19_NYJ_NE,2010,19,0.80312,11.19832,0.51717
2010_19_SEA_CHI,2010,19,0.82883,13.26512,0.54733
2010_20_GB_CHI,2010,20,0.35918,-4.50943,0.46487
2010_20_NYJ_PIT,2010,20,0.61542,3.52493,0.47517
2010_21_PIT_GB,2010,21,0.57624,2.00971,0.46524
2011_01_ATL_CHI,2011,1,0.46042,-0.93307,0.48882
2011_01_BUF_KC,2011,1,0.60752,3.61153,0.48969
2011_01_CAR_ARI,2011,1,0.69930,6.15332,0.48075
2011_01_CIN_CLE,2011,1,0.70346,5.88550,0.47552
2011_01_DAL_NYJ,2011,1,0.70691,6.74628,0.49232
2011_01_DET_TB,2011,1,0.54350,1.85271,0.50417
2011_01_IND_HOU,2011,1,0.77402,7.98981,0.46782
2011_01_MIN_SD,2011,1,0.76107,8.52610,0.47827
2011_01_NE_MIA,2011,1,0.27950,-7.01262,0.48727
2011_01_NO_GB,2011,1,0.64720,5.02362,0.49774
2011_01_NYG_WAS,2011,1,0.44117,-1.98102,0.46839
2011_01_OAK_DEN,2011,1,0.56130,1.05444,0.44967
2011_01_PHI_STL,2011,1,0.37862,-3.75369,0.48256
2011_01_PIT_BAL,2011,1,0.51340,0.44292,0.47664
2011_01_SEA_SF,2011,1,0.68686,5.86618,0.48490
2011_01_TEN_JAX,2011,1,0.43857,-1.89290,0.47010
2011_02_ARI_WAS,2011,2,0.65272,5.34519,0.50402
2011_02_BAL_TEN,2011,2,0.31179,-6.04019,0.47697
2011_02_CHI_NO,2011,2,0.62598,3.22485,0.46267
2011_02_CIN_DEN,2011,2,0.60435,2.48263,0.46768
2011_02_CLE_IND,2011,2,0.41305,-1.92878,0.46940
2011_02_DAL_SF,2011,2,0.40771,-1.98583,0.50733
2011_02_GB_CAR,2011,2,0.19470,-11.18638,0.47412
2011_02_HOU_MIA,2011,2,0.39575,-3.07086,0.48613
2011_02_JAX_NYJ,2011,2,0.77303,9.37996,0.49494
2011_02_KC_DET,2011,2,0.76556,8.80081,0.48363
2011_02_OAK_BUF,2011,2,0.62221,3.89962,0.49532
2011_02_PHI_ATL,2011,2,0.39284,-3.15959,0.47465
2011_02_SD_NE,2011,2,0.72643,7.80107,0.51293
2011_02_SEA_PIT,2011,2,0.86096,13.71804,0.49177
2011_02_STL_NYG,2011,2,0.70819,6.82548,0.48411
2011_02_TB_MIN,2011,2,0.51384,0.79138,0.48344
2011_03_ARI_SEA,2011,3,0.38355,-3.16269,0.48434
2011_03_ATL_TB,2011,3,0.53993,1.45535,0.49641
2011_03_BAL_STL,2011,3,0.31072,-6.60025,0.46607
2011_03_DEN_TEN,2011,3,0.72672,7.92605,0.50560
2011_03_DET_MIN,2011,3,0.37418,-3.60191,0.47577
2011_03_GB_CHI,2011,3,0.34713,-4.54638,0.47685
2011_03_HOU_NO,2011,3,0.59925,3.15444,0.48077
2011_03_JAX_CAR,2011,3,0.62627,3.57781,0.48903
2011_03_KC_SD,2011,3,0.86721,14.21533,0.49172
2011_03_MIA_CLE,2011,3,0.47799,0.29245,0.51276
2011_03_NE_BUF,2011,3,0.27336,-7.25228,0.48259
2011_03_NYG_PHI,2011,3,0.75404,8.23386,0.47257
2011_03_NYJ_OAK,2011,3,0.48685,-0.44521,0.49835
2011_03_PIT_IND,2011,3,0.17107,-11.06982,0.47640
2011_03_SF_CIN,2011,3,0.53344,1.66040,0.50041
2011_03_WAS_DAL,2011,3,0.61855,4.16741,0.50055
2011_04_ATL_SEA,2011,4,0.31899,-5.47686,0.49773
2011_04_BUF_CIN,2011,4,0.36188,-3.90034,0.46996
2011_04_CAR_CHI,2011,4,0.69281,6.68427,0.48135
2011_04_DEN_GB,2011,4,0.83555,12.94568,0.50599
2011_04_DET_DAL,2011,4,0.56134,1.63628,0.47067
2011_04_IND_TB,2011,4,0.81009,10.59845,0.49920
2011_04_MIA_SD,2011,4,0.70307,6.86262,0.49460
2011_04_MIN_KC,2011,4,0.38738,-3.23977,0.48283
2011_04_NE_OAK,2011,4,0.33105,-4.77178,0.51151
2011_04_NO_JAX,2011,4,0.21523,-9.53595,0.47706
2011_04_NYG_ARI,2011,4,0.47494,-0.94343,0.48862
2011_04_NYJ_BAL,2011,4,0.63909,4.46223,0.47702
2011_04_PIT_HOU,2011,4,0.62670,3.59662,0.47964
2011_04_SF_PHI,2011,4,0.78244,9.18433,0.48135
2011_04_TEN_CLE,2011,4,0.51475,0.20975,0.47210
2011_04_WAS_STL,2011,4,0.38263,-3.91169,0.46974
2011_05_ARI_MIN,2011,5,0.60626,3.63758,0.49020
2011_05_CHI_DET,2011,5,0.70313,6.38843,0.48534
2011_05_CIN_JAX,2011,5,0.44787,-1.68923,0.47407
2011_05_GB_ATL,2011,5,0.28787,-6.91278,0.46971
2011_05_KC_IND,2011,5,0.49302,0.30687,0.47399
2011_05_NO_CAR,2011,5,0.30327,-6.50741,0.48737
2011_05_NYJ_NE,2011,5,0.73127,7.86543,0.49465
2011_05_OAK_HOU,2011,5,0.63760,4.69239,0.49127
2011_05_PHI_BUF,2011,5,0.39583,-2.33369,0.50053
2011_05_SD_DEN,2011,5,0.37646,-3.87924,0.48011
2011_05_SEA_NYG,2011,5,0.80453,11.32014,0.51330
2011_05_TB_SF,2011,5,0.58992,3.00947,0.49747
2011_05_TEN_PIT,2011,5,0.56526,2.08608,0.46969
2011_06_BUF_NYG,2011,6,0.56662,1.63488,0.46092
2011_06_CAR_ATL,2011,6,0.57824,3.10026,0.47971
2011_06_CLE_OAK,2011,6,0.66943,5.46214,0.46728
2011_06_DAL_NE,2011,6,0.67032,5.96873,0.47715
2011_06_HOU_BAL,2011,6,0.75702,9.60410,0.53831
2011_06_IND_CIN,2011,6,0.65262,5.11083,0.48968
2011_06_JAX_PIT,2011,6,0.84603,13.57186,0.50845
2011_06_MIA_NYJ,2011,6,0.67271,5.48377,0.45799
2011_06_MIN_CHI,2011,6,0.52107,1.09283,0.48933
2011_06_NO_TB,2011,6,0.30298,-5.92166,0.48904
2011_06_PHI_WAS,2011,6,0.43074,-0.99808,0.52660
2011_06_SF_DET,2011,6,0.68172,5.85157,0.49438
2011_06_STL_GB,2011,6,0.84624,13.83551,0.48430
2011_07_ATL_DET,2011,7,0.64002,4.60138,0.48949
2011_07_BAL_JAX,2011,7,0.18901,-11.44756,0.45932
2011_07_CHI_TB,2011,7,0.42314,-2.78722,0.46243
2011_07_DEN_MIA,2011,7,0.40816,-2.46982,0.45889
2011_07_GB_MIN,2011,7,0.17989,-11.59555,0.45645
2011_07_HOU_TEN,2011,7,0.65162,5.28360,0.53208
2011_07_IND_NO,2011,7,0.86025,13.71247,0.49166
2011_07_KC_OAK,2011,7,0.54598,1.75489,0.45355
2011_07_PIT_ARI,2011,7,0.42010,-2.46212,0.51755
2011_07_SD_NYJ,2011,7,0.43553,-1.25780,0.48248
2011_07_SEA_CLE,2011,7,0.56404,1.80253,0.46418
2011_07_STL_DAL,2011,7,0.85842,13.59656,0.47964
2011_07_WAS_CAR,2011,7,0.56077,1.58472,0.48917
2011_08_ARI_BAL,2011,8,0.83600,13.49283,0.51667
2011_08_CIN_SEA,2011,8,0.40339,-3.46069,0.43973
2011_08_CLE_SF,2011,8,0.81297,12.33293,0.55244
2011_08_DAL_PHI,2011,8,0.65237,5.28815,0.53217
2011_08_DET_DEN,2011,8,0.38501,-3.70307,0.47380
2011_08_IND_TEN,2011,8,0.77422,9.11573,0.48977
2011_08_JAX_HOU,2011,8,0.80380,11.06950,0.50841
2011_08_MIA_NYG,2011,8,0.82530,12.20438,0.54026
2011_08_MIN_CAR,2011,8,0.61701,3.44372,0.49618
2011_08_NE_PIT,2011,8,0.33671,-5.17652,0.44521
2011_08_NO_STL,2011,8,0.13241,-14.25381,0.47281
2011_08_SD_KC,2011,8,0.41538,-2.02903,0.50648
2011_08_WAS_BUF,2011,8,0.68683,7.09328,0.54780
2011_09_ATL_IND,2011,9,0.22257,-9.91182,0.42151
2011_09_BAL_PIT,2011,9,0.60847,3.14194,0.48053
2011_09_CHI_PHI,2011,9,0.71790,5.84101,0.42633
2011_09_CIN_TEN,2011,9,0.53798,0.94775,0.47674
2011_09_CLE_HOU,2011,9,0.79898,10.71602,0.49173
2011_09_DEN_OAK,2011,9,0.77645,10.28326,0.55148
2011_09_GB_SD,2011,9,0.25715,-8.53053,0.42879
2011_09_MIA_KC,2011,9,0.67589,6.11462,0.50929
2011_09_NYG_NE,2011,9,0.76462,9.22918,0.48223
2011_09_NYJ_BUF,2011,9,0.51987,0.24054,0.44361
2011_09_SEA_DAL,2011,9,0.80905,10.91711,0.48590
2011_09_SF_WAS,2011,9,0.32849,-5.33960,0.48089
2011_09_STL_ARI,2011,9,0.52970,1.73687,0.50191
2011_09_TB_NO,2011,9,0.71075,6.26347,0.43443
2011_10_ARI_PHI,2011,10,0.86797,14.20956,0.50137
2011_10_BAL_SEA,2011,10,0.28725,-7.35404,0.48060
2011_10_BUF_DAL,2011,10,0.62890,3.59280,0.46982
2011_10_DEN_KC,2011,10,0.59752,3.10038,0.48947
2011_10_DET_CHI,2011,10,0.50484,-0.41417,0.43102
2011_10_HOU_TB,2011,10,0.37916,-3.50646,0.48739
2011_10_JAX_IND,2011,10,0.33423,-5.36755,0.44152
2011_10_MIN_GB,2011,10,0.80749,10.85405,0.45547
2011_10_NE_NYJ,2011,10,0.56521,1.75709,0.47302
2011_10_NO_ATL,2011,10,0.51696,0.70619,0.48178
2011_10_NYG_SF,2011,10,0.64840,5.27996,0.51252
2011_10_OAK_SD,2011,10,0.69826,6.28522,0.46384
2011_10_PIT_CIN,2011,10,0.36542,-3.69738,0.48366
2011_10_STL_CLE,2011,10,0.58154,3.00068,0.49729
2011_10_TEN_CAR,2011,10,0.66080,4.99231,0.51666
2011_10_WAS_MIA,2011,10,0.62738,4.19445,0.49131
2011_11_ARI_SF,2011,11,0.79315,10.51696,0.49761
2011_11_BUF_MIA,2011,11,0.58622,2.41093,0.47602
2011_11_CAR_DET,2011,11,0.69603,6.87055,0.48499
2011_11_CIN_BAL,2011,11,0.70292,6.49094,0.47758
2011_11_DAL_WAS,2011,11,0.26536,-7.48134,0.47812
2011_11_JAX_CLE,2011,11,0.54366,1.27996,0.49298
2011_11_KC_NE,2011,11,0.90860,17.37354,0.49481
2011_11_NYJ_DEN,2011,11,0.29087,-6.42366,0.48900
2011_11_OAK_MIN,2011,11,0.51566,0.68410,0.48135
2011_11_PHI_NYG,2011,11,0.68498,5.17135,0.47135
2011_11_SD_CHI,2011,11,0.66634,5.94283,0.51570
2011_11_SEA_STL,2011,11,0.58690,2.19035,0.47172
2011_11_TB_GB,2011,11,0.86717,15.00867,0.51698
2011_11_TEN_ATL,2011,11,0.66420,4.92445,0.46655
2011_12_ARI_STL,2011,12,0.52820,0.57065,0.47913
2011_12_BUF_NYJ,2011,12,0.76652,8.74422,0.47277
2011_12_CAR_IND,2011,12,0.38529,-2.68626,0.50341
2011_12_CHI_OAK,2011,12,0.61577,2.55990,0.47893
2011_12_CLE_CIN,2011,12,0.68763,6.48390,0.48720
2011_12_DEN_SD,2011,12,0.63400,4.33135,0.48422
2011_12_GB_DET,2011,12,0.34283,-5.30352,0.46212
2011_12_HOU_JAX,2011,12,0.26333,-8.39902,0.44092
2011_12_MIA_DAL,2011,12,0.71692,6.76515,0.48293
2011_12_MIN_ATL,2011,12,0.79248,10.19519,0.49133
2011_12_NE_PHI,2011,12,0.36813,-4.40982,0.46005
2011_12_NYG_NO,2011,12,0.75642,9.16630,0.52980
2011_12_PIT_KC,2011,12,0.14555,-13.87323,0.42224
2011_12_SF_BAL,2011,12,0.60153,3.50427,0.49736
2011_12_TB_TEN,2011,12,0.59548,3.42318,0.49578
2011_12_WAS_SEA,2011,12,0.61338,3.92400,0.50556
2011_13_ATL_HOU,2011,13,0.42504,-1.53426,0.47709
2011_13_BAL_CLE,2011,13,0.26654,-8.14295,0.46524
2011_13_CAR_TB,2011,13,0.42632,-1.36473,0.48040
2011_13_CIN_PIT,2011,13,0.70447,6.51162,0.47798
2011_13_DAL_ARI,2011,13,0.35406,-4.67028,0.47444
2011_13_DEN_MIN,2011,13,0.52490,0.81689,0.48394
2011_13_DET_NO,2011,13,0.77410,8.88175,0.47545
2011_13_GB_NYG,2011,13,0.26225,-8.50219,0.45826
2011_13_IND_NE,2011,13,0.94411,21.83931,0.51368
2011_13_KC_CHI,2011,13,0.76565,9.63561,0.49993
2011_13_NYJ_WAS,2011,13,0.38084,-4.12731,0.46554
2011_13_OAK_MIA,2011,13,0.61709,3.84281,0.49421
2011_13_PHI_SEA,2011,13,0.41634,-2.31412,0.50091
2011_13_SD_JAX,2011,13,0.40502,-2.44504,0.49835
2011_13_STL_SF,2011,13,0.87119,15.01173,0.50728
2011_13_TEN_BUF,2011,13,0.51760,0.26755,0.47323
2011_14_ATL_CAR,2011,14,0.39526,-3.58855,0.47603
2011_14_BUF_SD,2011,14,0.71718,7.15061,0.49045
2011_14_CHI_DEN,2011,14,0.61478,2.66728,0.47127
2011_14_CLE_PIT,2011,14,0.85978,13.94898,0.48652
2011_14_HOU_CIN,2011,14,0.58955,1.99014,0.47756
2011_14_IND_BAL,2011,14,0.89773,16.86327,0.49461
2011_14_KC_NYJ,2011,14,0.80668,10.89879,0.49530
2011_14_MIN_DET,2011,14,0.78525,9.52088,0.47816
2011_14_NE_WAS,2011,14,0.23898,-9.72247,0.44432
2011_14_NO_TEN,2011,14,0.36147,-4.25324,0.47282
2011_14_NYG_DAL,2011,14,0.64062,4.48300,0.48718
2011_14_OAK_GB,2011,14,0.83087,12.88747,0.51462
2011_14_PHI_MIA,2011,14,0.59559,3.31287,0.49362
2011_14_SF_ARI,2011,14,0.36037,-4.94601,0.45935
2011_14_STL_SEA,2011,14,0.77749,9.74067,0.50198
2011_14_TB_JAX,2011,14,0.37489,-3.27342,0.48218
2011_15_BAL_SD,2011,15,0.46741,-1.03632,0.48680
2011_15_CAR_HOU,2011,15,0.62071,5.07527,0.49875
2011_15_CIN_STL,2011,15,0.26834,-7.89389,0.47008
2011_15_CLE_ARI,2011,15,0.67335,5.25475,0.47298
2011_15_DAL_TB,2011,15,0.26710,-7.17528,0.48409
2011_15_DET_OAK,2011,15,0.47316,-0.69849,0.49340
2011_15_GB_KC,2011,15,0.16959,-12.64039,0.45558
2011_15_JAX_ATL,2011,15,0.86512,13.53765,0.47849
2011_15_MIA_BUF,2011,15,0.46118,-1.18624,0.48388
2011_15_NE_DEN,2011,15,0.26870,-7.66975,0.47445
2011_15_NO_MIN,2011,15,0.25753,-8.18298,0.46446
2011_15_NYJ_PHI,2011,15,0.56721,1.30102,0.45444
2011_15_PIT_SF,2011,15,0.59896,2.71312,0.48191
2011_15_SEA_CHI,2011,15,0.59915,3.83752,0.49411
2011_15_TEN_IND,2011,15,0.27177,-7.60540,0.46597
2011_15_WAS_NYG,2011,15,0.67004,5.69919,0.49140
2011_16_ARI_CIN,2011,16,0.62927,4.66718,0.51031
2011_16_ATL_NO,2011,16,0.70685,6.40897,0.47598
2011_16_CHI_GB,2011,16,0.84657,12.83998,0.48439
2011_16_CLE_BAL,2011,16,0.79276,10.74529,0.49230
2011_16_DEN_BUF,2011,16,0.40297,-2.32919,0.50062
2011_16_HOU_IND,2011,16,0.27462,-7.59413,0.47592
2011_16_JAX_TEN,2011,16,0.75352,8.30909,0.48379
2011_16_MIA_NE,2011,16,0.74223,8.87977,0.51447
2011_16_MIN_WAS,2011,16,0.69211,5.95751,0.48668
2011_16_NYG_NYJ,2011,16,0.52938,1.65505,0.49054
2011_16_OAK_KC,2011,16,0.59504,2.82369,0.48407
2011_16_PHI_DAL,2011,16,0.45774,-0.65634,0.50399
2011_16_SD_DET,2011,16,0.48059,-0.26152,0.50194
2011_16_SF_SEA,2011,16,0.43272,-2.32072,0.47151
2011_16_STL_PIT,2011,16,0.77032,10.39735,0.49527
2011_16_TB_CAR,2011,16,0.77305,9.05121,0.48851
2011_17_BAL_CIN,2011,17,0.40054,-3.02502,0.47727
2011_17_BUF_NE,2011,17,0.79326,11.08156,0.50864
2011_17_CAR_NO,2011,17,0.71069,7.80313,0.50320
2011_17_CHI_MIN,2011,17,0.51380,-0.26755,0.45312
2011_17_DAL_NYG,2011,17,0.58959,2.70473,0.48175
2011_17_DET_GB,2011,17,0.24968,-5.91475,0.49895
2011_17_IND_JAX,2011,17,0.58283,2.77197,0.48306
2011_17_KC_DEN,2011,17,0.50329,0.40221,0.47585
2011_17_NYJ_MIA,2011,17,0.55340,1.87482,0.49483
2011_17_PIT_CLE,2011,17,0.25958,-8.29292,0.46232
2011_17_SD_OAK,2011,17,0.57357,1.56784,0.46934
2011_17_SEA_ARI,2011,17,0.55566,1.21571,0.46249
2011_17_SF_STL,2011,17,0.15383,-12.98761,0.47800
2011_17_TB_ATL,2011,17,0.79576,11.10516,0.50910
2011_17_TEN_HOU,2011,17,0.43994,-0.71634,0.49305
2011_17_WAS_PHI,2011,17,0.70624,7.18563,0.49114
2011_18_ATL_NYG,2011,18,0.57693,1.86046,0.46530
2011_18_CIN_HOU,2011,18,0.60803,3.61007,0.47990
2011_18_DET_NO,2011,18,0.79469,10.21367,0.48192
2011_18_PIT_DEN,2011,18,0.25155,-8.30369,0.47184
2011_19_DEN_NE,2011,19,0.89853,17.76734,0.56081
2011_19_HOU_BAL,2011,19,0.77756,9.77951,0.53200
2011_19_NO_SF,2011,19,0.43592,-1.00129,0.53627
2011_19_NYG_GB,2011,19,0.79417,11.22833,0.54073
2011_20_BAL_NE,2011,20,0.71812,7.33495,0.49406
2011_20_NYG_SF,2011,20,0.57811,3.08332,0.50868
2011_21_NYG_NE,2011,21,0.57761,2.71745,0.48200
2012_01_ATL_KC,2012,1,0.45018,-1.38624,0.47855
2012_01_BUF_NYJ,2012,1,0.59446,3.40289,0.49488
2012_01_CAR_TB,2012,1,0.37404,-3.50644,0.47607
2012_01_CIN_BAL,2012,1,0.71241,7.11375,0.48890
2012_01_DAL_NYG,2012,1,0.63171,4.45097,0.50623
2012_01_IND_CHI,2012,1,0.79993,10.30806,0.49292
2012_01_JAX_MIN,2012,1,0.61293,3.64996,0.48965
2012_01_MIA_HOU,2012,1,0.84206,12.14268,0.46883
2012_01_NE_TEN,2012,1,0.33789,-4.78264,0.48070
2012_01_PHI_CLE,2012,1,0.22872,-8.51318,0.49662
2012_01_PIT_DEN,2012,1,0.57107,1.74189,0.47087
2012_01_SD_OAK,2012,1,0.52857,0.78007,0.48199
2012_01_SEA_ARI,2012,1,0.46474,-0.66591,0.49346
2012_01_SF_GB,2012,1,0.68539,6.09751,0.48856
2012_01_STL_DET,2012,1,0.78078,9.92999,0.50580
2012_01_WAS_NO,2012,1,0.79494,10.71820,0.51177
2012_02_ARI_NE,2012,2,0.85577,13.77652,0.50262
2012_02_BAL_PHI,2012,2,0.55643,1.66639,0.45901
2012_02_CHI_GB,2012,2,0.63003,4.31027,0.47228
2012_02_CLE_CIN,2012,2,0.69908,6.20763,0.47017
2012_02_DAL_SEA,2012,2,0.40443,-2.34681,0.50007
2012_02_DEN_ATL,2012,2,0.61374,4.15951,0.51055
2012_02_DET_SF,2012,2,0.72917,7.79633,0.50303
2012_02_HOU_JAX,2012,2,0.28538,-6.60318,0.48441
2012_02_KC_BUF,2012,2,0.58778,2.93866,0.48527
2012_02_MIN_IND,2012,2,0.37635,-3.31790,0.47997
2012_02_NO_CAR,2012,2,0.39352,-3.16902,0.48305
2012_02_NYJ_PIT,2012,2,0.61278,3.46183,0.46510
2012_02_OAK_MIA,2012,2,0.46775,-0.05525,0.50610
2012_02_TB_NYG,2012,2,0.77810,9.74132,0.50189
2012_02_TEN_SD,2012,2,0.71855,7.47840,0.50680
2012_02_WAS_STL,2012,2,0.36859,-3.75300,0.48131
2012_03_ATL_SD,2012,3,0.60141,3.59284,0.49882
2012_03_BUF_CLE,2012,3,0.41841,-1.80095,0.50102
2012_03_CIN_WAS,2012,3,0.60723,3.63607,0.49971
2012_03_DET_TEN,2012,3,0.35697,-4.00336,0.47613
2012_03_GB_SEA,2012,3,0.43342,-1.43227,0.51900
2012_03_HOU_DEN,2012,3,0.44833,-1.66630,0.47277
2012_03_JAX_IND,2012,3,0.58402,2.79540,0.48231
2012_03_KC_NO,2012,3,0.77137,9.80645,0.50324
2012_03_NE_BAL,2012,3,0.57585,2.54166,0.48741
2012_03_NYG_CAR,2012,3,0.57475,2.36229,0.48369
2012_03_NYJ_MIA,2012,3,0.41902,-1.67490,0.50363
2012_03_PHI_ARI,2012,3,0.43914,-1.31108,0.52150
2012_03_PIT_OAK,2012,3,0.39684,-3.04576,0.49595
2012_03_SF_MIN,2012,3,0.28867,-6.46191,0.48733
2012_03_STL_CHI,2012,3,0.71087,7.23006,0.49131
2012_03_TB_DAL,2012,3,0.71992,7.54425,0.49781
2012_04_CAR_ATL,2012,4,0.73572,8.46168,0.51680
2012_04_CHI_DAL,2012,4,0.57391,2.41768,0.47450
2012_04_CIN_JAX,2012,4,0.50739,0.36284,0.47337
2012_04_CLE_BAL,2012,4,0.82664,12.21589,0.50137
2012_04_MIA_ARI,2012,4,0.66169,5.41797,0.51590
2012_04_MIN_DET,2012,4,0.61117,3.71015,0.49089
2012_04_NE_BUF,2012,4,0.36797,-4.06841,0.47479
2012_04_NO_GB,2012,4,0.72286,7.46546,0.48583
2012_04_NYG_PHI,2012,4,0.49773,0.16237,0.45893
2012_04_OAK_DEN,2012,4,0.69338,6.42740,0.48504
2012_04_SD_KC,2012,4,0.42153,-2.22439,0.49225
2012_04_SEA_STL,2012,4,0.42232,-2.46736,0.47688
2012_04_SF_NYJ,2012,4,0.40709,-2.11242,0.51527
2012_04_TEN_HOU,2012,4,0.85449,13.76178,0.50232
2012_04_WAS_TB,2012,4,0.51647,0.73914,0.47082
2012_05_ARI_STL,2012,5,0.44484,-1.82288,0.46954
2012_05_ATL_WAS,2012,5,0.38598,-3.52084,0.47577
2012_05_BAL_KC,2012,5,0.28057,-7.24364,0.46087
2012_05_BUF_SF,2012,5,0.80658,11.31310,0.51373
2012_05_CHI_JAX,2012,5,0.28396,-6.86155,0.46874
2012_05_CLE_NYG,2012,5,0.74138,8.33903,0.50392
2012_05_DEN_NE,2012,5,0.70177,7.17487,0.51087
2012_05_GB_IND,2012,5,0.32322,-5.46287,0.50802
2012_05_HOU_NYJ,2012,5,0.21150,-9.48583,0.48684
2012_05_MIA_CIN,2012,5,0.60685,3.43616,0.49557
2012_05_PHI_PIT,2012,5,0.68900,6.24632,0.53301
2012_05_SD_NO,2012,5,0.61841,3.67551,0.49018
2012_05_SEA_CAR,2012,5,0.55086,1.46638,0.49620
2012_05_TEN_MIN,2012,5,0.69861,6.64471,0.49989
2012_06_BUF_ARI,2012,6,0.68034,6.35763,0.51465
2012_06_CIN_CLE,2012,6,0.44110,-1.69990,0.47207
2012_06_DAL_BAL,2012,6,0.58627,3.15671,0.48979
2012_06_DEN_SD,2012,6,0.50789,0.84007,0.48323
2012_06_DET_PHI,2012,6,0.52853,1.03628,0.43587
2012_06_GB_HOU,2012,6,0.65562,5.16927,0.51075
2012_06_IND_NYJ,2012,6,0.61112,3.87004,0.49420
2012_06_KC_TB,2012,6,0.70152,6.73953,0.52255
2012_06_MIN_WAS,2012,6,0.44911,-1.25647,0.49158
2012_06_NE_SEA,2012,6,0.38719,-3.13525,0.49409
2012_06_NYG_SF,2012,6,0.73407,7.97886,0.50681
2012_06_OAK_ATL,2012,6,0.77729,9.97043,0.48593
2012_06_PIT_TEN,2012,6,0.29563,-6.46812,0.46654
2012_06_STL_MIA,2012,6,0.67901,5.89992,0.49482
2012_07_ARI_MIN,2012,7,0.72278,6.94573,0.48542
2012_07_BAL_HOU,2012,7,0.69798,6.31486,0.48271
2012_07_CLE_IND,2012,7,0.50148,0.11902,0.46834
2012_07_DAL_CAR,2012,7,0.48798,0.20404,0.54244
2012_07_DET_CHI,2012,7,0.74810,8.74489,0.53298
2012_07_GB_STL,2012,7,0.35802,-4.49828,0.47624
2012_07_JAX_OAK,2012,7,0.66981,5.32277,0.47254
2012_07_NO_TB,2012,7,0.38930,-3.48035,0.43553
2012_07_NYJ_NE,2012,7,0.80880,11.04869,0.48755
2012_07_PIT_CIN,2012,7,0.44395,-1.48906,0.47643
2012_07_SEA_SF,2012,7,0.71891,7.14888,0.47928
2012_07_TEN_BUF,2012,7,0.62797,4.23661,0.49144
2012_07_WAS_NYG,2012,7,0.69318,6.66228,0.48990
2012_08_ATL_PHI,2012,8,0.51147,0.31607,0.46209
2012_08_CAR_CHI,2012,8,0.73280,8.17931,0.51096
2012_08_IND_TEN,2012,8,0.60364,3.27725,0.48193
2012_08_JAX_GB,2012,8,0.88924,16.18194,0.51102
2012_08_MIA_NYJ,2012,8,0.47686,-0.49940,0.45561
2012_08_NE_STL,2012,8,0.23669,-8.99385,0.45572
2012_08_NO_DEN,2012,8,0.72988,7.46117,0.51679
2012_08_NYG_DAL,2012,8,0.42653,-2.16129,0.47287
2012_08_OAK_KC,2012,8,0.56590,2.36692,0.51484
2012_08_SD_CLE,2012,8,0.39956,-3.16095,0.47288
2012_08_SEA_DET,2012,8,0.60344,3.16832,0.49003
2012_08_SF_ARI,2012,8,0.26718,-7.14010,0.48364
2012_08_TB_MIN,2012,8,0.66119,5.33035,0.49338
2012_08_WAS_PIT,2012,8,0.61750,3.90671,0.47428
2012_09_ARI_GB,2012,9,0.81274,11.25150,0.50210
2012_09_BAL_CLE,2012,9,0.32980,-5.57923,0.44372
2012_09_BUF_HOU,2012,9,0.82384,12.24316,0.51228
2012_09_CAR_WAS,2012,9,0.59746,3.06983,0.48799
2012_09_CHI_TEN,2012,9,0.31937,-6.02902,0.45500
2012_09_DAL_ATL,2012,9,0.65634,5.34669,0.51443
2012_09_DEN_CIN,2012,9,0.35979,-3.74758,0.51247
2012_09_DET_JAX,2012,9,0.28949,-6.53600,0.47546
2012_09_KC_SD,2012,9,0.73250,8.19523,0.50094
2012_09_MIA_IND,2012,9,0.39466,-3.31757,0.46965
2012_09_MIN_SEA,2012,9,0.65487,5.13577,0.49971
2012_09_PHI_NO,2012,9,0.59513,3.15229,0.50005
2012_09_PIT_NYG,2012,9,0.60444,3.52402,0.48704
2012_09_TB_OAK,2012,9,0.52672,0.89774,0.48443
2012_10_ATL_NO,2012,10,0.43876,-1.70270,0.47202
2012_10_BUF_NE,2012,10,0.88441,15.92133,0.53662
2012_10_DAL_PHI,2012,10,0.46200,-0.80336,0.49061
2012_10_DEN_CAR,2012,10,0.36557,-3.83523,0.47961
2012_10_DET_MIN,2012,10,0.37246,-3.56306,0.47490
2012_10_HOU_CHI,2012,10,0.52620,0.96803,0.48588
2012_10_IND_JAX,2012,10,0.38438,-3.17890,0.48284
2012_10_KC_PIT,2012,10,0.84569,13.24328,0.50193
2012_10_NYG_CIN,2012,10,0.36237,-4.37557,0.46845
2012_10_NYJ_SEA,2012,10,0.63889,4.35319,0.47317
2012_10_OAK_BAL,2012,10,0.78685,10.18070,0.50064
2012_10_SD_TB,2012,10,0.62895,3.98286,0.50689
2012_10_STL_SF,2012,10,0.86136,14.04884,0.49791
2012_10_TEN_MIA,2012,10,0.72118,7.68945,0.51117
2012_11_ARI_ATL,2012,11,0.76490,8.82801,0.47265
2012_11_BAL_PIT,2012,11,0.35446,-3.92896,0.46735
2012_11_CHI_SF,2012,11,0.58954,2.88712,0.47387
2012_11_CIN_KC,2012,11,0.36553,-4.24791,0.46078
2012_11_CLE_DAL,2012,11,0.66312,5.17040,0.44883
2012_11_GB_DET,2012,11,0.34738,-5.04215,0.44448
2012_11_IND_NE,2012,11,0.79435,10.75063,0.50208
2012_11_JAX_HOU,2012,11,0.88637,16.14772,0.51031
2012_11_MIA_BUF,2012,11,0.52859,0.84813,0.48340
2012_11_NO_OAK,2012,11,0.30770,-6.03300,0.48586
2012_11_NYJ_STL,2012,11,0.62214,3.60974,0.48881
2012_11_PHI_WAS,2012,11,0.68586,5.94558,0.53712
2012_11_SD_DEN,2012,11,0.75382,8.42582,0.50571
2012_11_TB_CAR,2012,11,0.43240,-1.86847,0.46860
2012_12_ATL_TB,2012,12,0.45552,-1.31747,0.47998
2012_12_BAL_SD,2012,12,0.45300,-1.26579,0.48104
2012_12_BUF_IND,2012,12,0.54735,1.45030,0.47518
2012_12_CAR_PHI,2012,12,0.36496,-3.67909,0.47250
2012_12_DEN_KC,2012,12,0.16682,-12.20755,0.44110
2012_12_GB_NYG,2012,12,0.56553,2.17357,0.51084
2012_12_HOU_DET,2012,12,0.37204,-3.98753,0.47646
2012_12_MIN_CHI,2012,12,0.64986,4.63832,0.44817
2012_12_NE_NYJ,2012,12,0.24676,-8.40766,0.45749
2012_12_OAK_CIN,2012,12,0.79544,10.51117,0.50748
2012_12_PIT_CLE,2012,12,0.46633,-1.41062,0.47805
2012_12_SEA_MIA,2012,12,0.34893,-4.74909,0.45048
2012_12_SF_NO,2012,12,0.48089,-0.56847,0.49548
2012_12_STL_ARI,2012,12,0.53011,1.41097,0.49505
2012_12_TEN_JAX,2012,12,0.33532,-5.10631,0.45341
2012_12_WAS_DAL,2012,12,0.58331,2.75092,0.47106
2012_13_ARI_NYJ,2012,13,0.69887,6.26000,0.49192
2012_13_CAR_KC,2012,13,0.30173,-6.20352,0.46169
2012_13_CIN_SD,2012,13,0.50486,0.31916,0.47247
2012_13_CLE_OAK,2012,13,0.41623,-2.44235,0.48774
2012_13_HOU_TEN,2012,13,0.26064,-8.13694,0.46306
2012_13_IND_DET,2012,13,0.70799,6.78381,0.48207
2012_13_JAX_BUF,2012,13,0.67366,5.70068,0.48035
2012_13_MIN_GB,2012,13,0.70715,6.96512,0.48582
2012_13_NE_MIA,2012,13,0.25604,-8.13196,0.46316
2012_13_NO_ATL,2012,13,0.61728,3.70114,0.49071
2012_13_NYG_WAS,2012,13,0.41962,-2.51364,0.48626
2012_13_PHI_DAL,2012,13,0.81410,10.93422,0.49553
2012_13_PIT_BAL,2012,13,0.72816,7.18592,0.49039
2012_13_SEA_CHI,2012,13,0.59028,3.07826,0.48816
2012_13_SF_STL,2012,13,0.28021,-7.23112,0.48176
2012_13_TB_DEN,2012,13,0.77708,9.30407,0.48249
2012_14_ARI_SEA,2012,14,0.81944,11.35005,0.50414
2012_14_ATL_CAR,2012,14,0.37911,-3.83034,0.46938
2012_14_BAL_WAS,2012,14,0.52780,0.66117,0.47953
2012_14_CHI_MIN,2012,14,0.41970,-2.53827,0.45481
2012_14_DAL_CIN,2012,14,0.61194,3.69364,0.49055
2012_14_DEN_OAK,2012,14,0.18470,-11.20773,0.46160
2012_14_DET_GB,2012,14,0.67025,5.66983,0.47971
2012_14_HOU_NE,2012,14,0.68419,5.92635,0.49537
2012_14_KC_CLE,2012,14,0.72294,7.45103,0.49588
2012_14_MIA_SF,2012,14,0.81308,11.46104,0.50644
2012_14_NO_NYG,2012,14,0.64759,4.82434,0.50361
2012_14_NYJ_JAX,2012,14,0.40090,-3.12919,0.48387
2012_14_PHI_TB,2012,14,0.76188,8.83630,0.50386
2012_14_SD_PIT,2012,14,0.73992,7.87680,0.50470
2012_14_STL_BUF,2012,14,0.58878,2.68258,0.46965
2012_14_TEN_IND,2012,14,0.60665,3.42027,0.48489
2012_15_CAR_SD,2012,15,0.58037,2.89387,0.48435
2012_15_CIN_PHI,2012,15,0.32964,-5.17381,0.47261
2012_15_DEN_BAL,2012,15,0.39692,-2.57236,0.49540
2012_15_DET_ARI,2012,15,0.31565,-5.21389,0.49247
2012_15_GB_CHI,2012,15,0.40762,-2.38398,0.49930
2012_15_IND_HOU,2012,15,0.80153,10.92809,0.49541
2012_15_JAX_MIA,2012,15,0.72793,7.81489,0.49306
2012_15_KC_OAK,2012,15,0.65383,4.86399,0.49408
2012_15_MIN_STL,2012,15,0.53911,1.33955,0.49357
2012_15_NYG_ATL,2012,15,0.52184,0.63309,0.47895
2012_15_NYJ_TEN,2012,15,0.52291,0.56322,0.47751
2012_15_PIT_DAL,2012,15,0.47391,-0.42284,0.49849
2012_15_SEA_BUF,2012,15,0.33101,-5.17727,0.47254
2012_15_SF_NE,2012,15,0.66355,5.49371,0.51747
2012_15_TB_NO,2012,15,0.57435,2.47653,0.46540
2012_15_WAS_CLE,2012,15,0.63273,3.68508,0.48003
2012_16_ATL_DET,2012,16,0.34563,-4.77453,0.46023
2012_16_BUF_MIA,2012,16,0.67691,5.81130,0.50334
2012_16_CHI_ARI,2012,16,0.27281,-6.83345,0.48999
2012_16_CIN_PIT,2012,16,0.59142,2.63292,0.46862
2012_16_CLE_DEN,2012,16,0.82169,11.81540,0.50343
2012_16_IND_KC,2012,16,0.32288,-5.38050,0.46835
2012_16_MIN_HOU,2012,16,0.73522,7.98547,0.49659
2012_16_NE_JAX,2012,16,0.11766,-15.48755,0.45585
2012_16_NO_DAL,2012,16,0.53666,1.12303,0.48909
2012_16_NYG_BAL,2012,16,0.44298,-1.57246,0.47471
2012_16_OAK_CAR,2012,16,0.80391,10.96195,0.51681
2012_16_SD_NYJ,2012,16,0.62237,3.79583,0.50302
2012_16_SF_SEA,2012,16,0.58976,2.59102,0.48843
2012_16_STL_TB,2012,16,0.58701,2.94990,0.48551
2012_16_TEN_GB,2012,16,0.80156,11.01260,0.49716
2012_16_WAS_PHI,2012,16,0.32588,-5.39275,0.44754
2012_17_ARI_SF,2012,17,0.88565,15.38021,0.47373
2012_17_BAL_CIN,2012,17,0.66919,5.11238,0.47853
2012_17_CAR_NO,2012,17,0.60424,3.45202,0.47521
2012_17_CHI_DET,2012,17,0.37642,-3.76514,0.47073
2012_17_CLE_PIT,2012,17,0.77689,9.33157,0.47272
2012_17_DAL_WAS,2012,17,0.60708,3.52382,0.49739
2012_17_GB_MIN,2012,17,0.38396,-3.43756,0.47749
2012_17_HOU_IND,2012,17,0.28741,-6.72862,0.48181
2012_17_JAX_TEN,2012,17,0.66485,5.30723,0.47222
2012_17_KC_DEN,2012,17,0.92125,18.92435,0.52637
2012_17_MIA_NE,2012,17,0.82229,11.91194,0.49507
2012_17_NYJ_BUF,2012,17,0.59723,2.76176,0.47128
2012_17_OAK_SD,2012,17,0.77264,9.40804,0.48464
2012_17_PHI_NYG,2012,17,0.70476,7.20265,0.50109
2012_17_STL_SEA,2012,17,0.83341,12.39040,0.51533
2012_17_TB_ATL,2012,17,0.63315,4.84616,0.52475
2012_18_CIN_HOU,2012,18,0.61655,3.65798,0.47947
2012_18_IND_BAL,2012,18,0.72633,7.70165,0.49072
2012_18_MIN_GB,2012,18,0.78995,9.83320,0.47276
2012_18_SEA_WAS,2012,18,0.39505,-2.90798,0.48845
2012_19_BAL_DEN,2012,19,0.82374,11.73728,0.53283
2012_19_GB_SF,2012,19,0.66612,5.66569,0.54165
2012_19_HOU_NE,2012,19,0.82580,12.11178,0.54054
2012_19_SEA_ATL,2012,19,0.61480,3.76986,0.51284
2012_20_BAL_NE,2012,20,0.73697,8.08227,0.48825
2012_20_SF_ATL,2012,20,0.39651,-2.61392,0.50489
2012_21_BAL_SF,2012,21,0.61661,3.57841,0.46750
2013_01_ARI_STL,2013,1,0.59914,3.24914,0.48044
2013_01_ATL_NO,2013,1,0.58177,2.43479,0.46816
2013_01_BAL_DEN,2013,1,0.72806,7.32813,0.48163
2013_01_CIN_CHI,2013,1,0.59153,2.71213,0.47988
2013_01_GB_SF,2013,1,0.68606,5.78006,0.49601
2013_01_HOU_SD,2013,1,0.33795,-4.41392,0.49308
2013_01_KC_JAX,2013,1,0.36831,-3.29080,0.48739
2013_01_MIA_CLE,2013,1,0.57112,2.04549,0.47737
2013_01_MIN_DET,2013,1,0.59529,2.74152,0.46525
2013_01_NE_BUF,2013,1,0.19917,-10.37745,0.47853
2013_01_NYG_DAL,2013,1,0.60653,2.89583,0.47511
2013_01_OAK_IND,2013,1,0.81761,11.27811,0.48843
2013_01_PHI_WAS,2013,1,0.64112,4.67821,0.49447
2013_01_SEA_CAR,2013,1,0.38769,-3.07516,0.48309
2013_01_TB_NYJ,2013,1,0.37990,-3.32369,0.49445
2013_01_TEN_PIT,2013,1,0.68834,6.21592,0.48749
2013_02_CAR_BUF,2013,2,0.36755,-3.57450,0.48310
2013_02_CLE_BAL,2013,2,0.68689,6.26328,0.49576
2013_02_DAL_KC,2013,2,0.60415,2.66655,0.47919
2013_02_DEN_NYG,2013,2,0.35765,-4.02142,0.47636
2013_02_DET_ARI,2013,2,0.51115,0.37071,0.50494
2013_02_JAX_OAK,2013,2,0.63900,4.88937,0.50523
2013_02_MIA_IND,2013,2,0.51161,0.32370,0.47402
2013_02_MIN_CHI,2013,2,0.68510,5.90651,0.48281
2013_02_NO_TB,2013,2,0.39316,-3.07426,0.48310
2013_02_NYJ_NE,2013,2,0.78310,10.18287,0.47944
2013_02_PIT_CIN,2013,2,0.71681,6.97012,0.48377
2013_02_SD_PHI,2013,2,0.73219,7.22510,0.48008
2013_02_SF_SEA,2013,2,0.59151,2.89808,0.48269
2013_02_STL_ATL,2013,2,0.60900,3.82644,0.48161
2013_02_TEN_HOU,2013,2,0.72860,7.46139,0.48364
2013_02_WAS_GB,2013,2,0.75300,8.51925,0.47697
2013_03_ARI_NO,2013,3,0.71796,7.39999,0.47517
2013_03_ATL_MIA,2013,3,0.59223,2.82944,0.48165
2013_03_BUF_NYJ,2013,3,0.57263,2.32444,0.48158
2013_03_CHI_PIT,2013,3,0.38772,-3.15625,0.47432
2013_03_CLE_MIN,2013,3,0.71869,7.20839,0.48737
2013_03_DET_WAS,2013,3,0.47055,-0.86729,0.48623
2013_03_GB_CIN,2013,3,0.39461,-2.87704,0.48608
2013_03_HOU_BAL,2013,3,0.55032,1.64587,0.49399
2013_03_IND_SF,2013,3,0.80703,10.78917,0.48859
2013_03_JAX_SEA,2013,3,0.94265,21.64795,0.51669
2013_03_KC_PHI,2013,3,0.57049,2.32217,0.47400
2013_03_NYG_CAR,2013,3,0.47667,-0.57827,0.49060
2013_03_OAK_DEN,2013,3,0.90869,17.44001,0.50599
2013_03_SD_TEN,2013,3,0.58446,2.60830,0.47831
2013_03_STL_DAL,2013,3,0.57998,2.77061,0.47322
2013_03_TB_NE,2013,3,0.72488,7.84862,0.48949
2013_04_ARI_TB,2013,4,0.56442,2.53833,0.48481
2013_04_BAL_BUF,2013,4,0.33474,-5.06358,0.46818
2013_04_CHI_DET,2013,4,0.56436,1.63024,0.46358
2013_04_CIN_CLE,2013,4,0.35645,-4.40828,0.47052
2013_04_DAL_SD,2013,4,0.47204,-0.61268,0.49008
2013_04_IND_JAX,2013,4,0.18947,-10.86506,0.46365
2013_04_MIA_NO,2013,4,0.68905,5.92494,0.46801
2013_04_NE_ATL,2013,4,0.60701,2.66024,0.47910
2013_04_NYG_KC,2013,4,0.64936,4.36753,0.49734
2013_04_NYJ_TEN,2013,4,0.59947,3.12085,0.47850
2013_04_PHI_DEN,2013,4,0.84610,13.54488,0.53022
2013_04_PIT_MIN,2013,4,0.39511,-3.10382,0.48266
2013_04_SEA_HOU,2013,4,0.42299,-2.21285,0.46594
2013_04_SF_STL,2013,4,0.42133,-2.17633,0.49667
2013_04_WAS_OAK,2013,4,0.39575,-2.29794,0.50239
2013_05_BAL_MIA,2013,5,0.57613,2.34186,0.48184
2013_05_BUF_CLE,2013,5,0.61487,3.46429,0.48369
2013_05_CAR_ARI,2013,5,0.35537,-4.53717,0.46106
2013_05_DEN_DAL,2013,5,0.22547,-9.11805,0.45985
2013_05_DET_GB,2013,5,0.80797,11.18251,0.50210
2013_05_HOU_SF,2013,5,0.64901,4.79952,0.49631
2013_05_JAX_STL,2013,5,0.82598,11.55820,0.49266
2013_05_KC_TEN,2013,5,0.38782,-2.71745,0.48094
2013_05_NE_CIN,2013,5,0.43364,-2.10845,0.48259
2013_05_NO_CHI,2013,5,0.52051,0.64592,0.47888
2013_05_NYJ_ATL,2013,5,0.79119,10.18147,0.48697
2013_05_PHI_NYG,2013,5,0.44865,-0.78254,0.48751
2013_05_SD_OAK,2013,5,0.29739,-6.27636,0.48005
2013_05_SEA_IND,2013,5,0.40271,-2.75680,0.48790
2013_06_ARI_SF,2013,6,0.78099,9.71761,0.47996
2013_06_CAR_MIN,2013,6,0.63412,4.71911,0.51776
2013_06_CIN_BUF,2013,6,0.29255,-6.38732,0.47838
2013_06_DET_CLE,2013,6,0.45914,-0.88151,0.48602
2013_06_GB_BAL,2013,6,0.47958,-0.29687,0.49485
2013_06_IND_SD,2013,6,0.47235,-0.70605,0.48867
2013_06_JAX_DEN,2013,6,0.97985,29.52169,0.52233
2013_06_NO_NE,2013,6,0.55380,2.16705,0.47920
2013_06_NYG_CHI,2013,6,0.79887,10.52670,0.49974
2013_06_OAK_KC,2013,6,0.75269,8.73487,0.50289
2013_06_PHI_TB,2013,6,0.46600,0.13835,0.52409
2013_06_PIT_NYJ,2013,6,0.43767,-2.13194,0.46716
2013_06_STL_HOU,2013,6,0.75507,8.74686,0.47286
2013_06_TEN_SEA,2013,6,0.83500,12.43159,0.50586
2013_06_WAS_DAL,2013,6,0.64816,4.43790,0.46821
2013_07_BAL_PIT,2013,7,0.54150,0.96394,0.46108
2013_07_BUF_MIA,2013,7,0.74241,8.72132,0.52534
2013_07_CHI_WAS,2013,7,0.43900,-1.86707,0.47114
2013_07_CIN_DET,2013,7,0.55768,1.77250,0.47325
2013_07_CLE_GB,2013,7,0.72891,7.89688,0.49022
2013_07_DAL_PHI,2013,7,0.57126,1.99443,0.46906
2013_07_DEN_IND,2013,7,0.27414,-7.04823,0.46842
2013_07_HOU_KC,2013,7,0.76255,8.97282,0.51404
2013_07_MIN_NYG,2013,7,0.60324,3.20222,0.47219
2013_07_NE_NYJ,2013,7,0.37154,-4.63533,0.46710
2013_07_SD_JAX,2013,7,0.25736,-7.99069,0.47682
2013_07_SEA_ARI,2013,7,0.31873,-5.54648,0.47598
2013_07_SF_TEN,2013,7,0.41747,-2.48001,0.49208
2013_07_STL_CAR,2013,7,0.73875,7.92427,0.48308
2013_07_TB_ATL,2013,7,0.75062,8.82937,0.52697
2013_08_ATL_ARI,2013,8,0.56597,2.13861,0.47877
2013_08_BUF_NO,2013,8,0.84254,13.32716,0.52694
2013_08_CAR_TB,2013,8,0.26426,-7.36397,0.47119
2013_08_CLE_KC,2013,8,0.73544,7.92316,0.49818
2013_08_DAL_DET,2013,8,0.58902,2.59907,0.47817
2013_08_GB_MIN,2013,8,0.26602,-7.77466,0.47254
2013_08_MIA_NE,2013,8,0.68834,6.52476,0.48460
2013_08_NYG_PHI,2013,8,0.67467,5.17644,0.47934
2013_08_NYJ_CIN,2013,8,0.71046,7.08279,0.50059
2013_08_PIT_OAK,2013,8,0.47396,-0.08034,0.52079
2013_08_SEA_STL,2013,8,0.14340,-12.86674,0.48624
2013_08_SF_JAX,2013,8,0.09263,-17.63599,0.45958
2013_08_WAS_DEN,2013,8,0.84203,13.20773,0.51759
2013_09_ATL_CAR,2013,9,0.78938,9.82730,0.48162
2013_09_BAL_CLE,2013,9,0.39039,-3.92403,0.44030
2013_09_CHI_GB,2013,9,0.76004,8.22863,0.45754
2013_09_CIN_MIA,2013,9,0.36593,-3.59385,0.47526
2013_09_IND_HOU,2013,9,0.41511,-2.56258,0.46068
2013_09_KC_BUF,2013,9,0.31598,-5.43380,0.47014
2013_09_MIN_DAL,2013,9,0.79756,10.67187,0.49438
2013_09_NO_NYJ,2013,9,0.28185,-7.14163,0.46701
2013_09_PHI_OAK,2013,9,0.49557,0.39483,0.50531
2013_09_PIT_NE,2013,9,0.66205,5.89776,0.49024
2013_09_SD_WAS,2013,9,0.45953,-1.50965,0.44649
2013_09_TB_SEA,2013,9,0.91295,18.08485,0.51574
2013_09_TEN_STL,2013,9,0.32548,-5.19110,0.45125
2013_10_BUF_PIT,2013,10,0.59064,2.86179,0.48214
2013_10_CAR_SF,2013,10,0.73572,8.21875,0.51776
2013_10_CIN_BAL,2013,10,0.51174,0.58808,0.47801
2013_10_DAL_NO,2013,10,0.67909,5.76447,0.48067
2013_10_DEN_SD,2013,10,0.22979,-9.47255,0.44704
2013_10_DET_CHI,2013,10,0.40594,-2.70812,0.45849
2013_10_HOU_ARI,2013,10,0.68360,6.53108,0.52247
2013_10_JAX_TEN,2013,10,0.79935,10.52004,0.46944
2013_10_MIA_TB,2013,10,0.43752,-1.90978,0.47050
2013_10_OAK_NYG,2013,10,0.77648,10.19636,0.52496
2013_10_PHI_GB,2013,10,0.42061,-0.71938,0.48847
2013_10_SEA_ATL,2013,10,0.36929,-3.93561,0.47765
2013_10_STL_IND,2013,10,0.74373,8.32535,0.49670
2013_10_WAS_MIN,2013,10,0.47295,-0.46859,0.49226
2013_11_ARI_JAX,2013,11,0.21782,-9.55572,0.48338
2013_11_ATL_TB,2013,11,0.51707,0.64604,0.47888
2013_11_BAL_CHI,2013,11,0.61910,3.54821,0.47741
2013_11_CLE_CIN,2013,11,0.57596,2.48916,0.46146
2013_11_DET_PIT,2013,11,0.37115,-3.61896,0.47488
2013_11_GB_NYG,2013,11,0.62219,3.02344,0.47703
2013_11_IND_TEN,2013,11,0.40073,-2.92608,0.47779
2013_11_KC_DEN,2013,11,0.69902,6.23986,0.46523
2013_11_MIN_SEA,2013,11,0.86197,14.25894,0.50325
2013_11_NE_CAR,2013,11,0.55901,1.17487,0.45674
2013_11_NYJ_BUF,2013,11,0.40519,-2.99572,0.45418
2013_11_OAK_HOU,2013,11,0.80298,10.38662,0.48251
2013_11_SD_MIA,2013,11,0.42285,-1.68952,0.49647
2013_11_SF_NO,2013,11,0.62524,3.98026,0.49148
2013_11_WAS_PHI,2013,11,0.64983,4.73927,0.48784
2013_12_CAR_MIA,2013,12,0.33519,-4.96739,0.47717
2013_12_CHI_STL,2013,12,0.55954,2.26746,0.50338
2013_12_DAL_NYG,2013,12,0.46134,-1.34659,0.44892
2013_12_DEN_NE,2013,12,0.49858,0.32874,0.47410
2013_12_IND_ARI,2013,12,0.62342,3.69668,0.48720
2013_12_JAX_HOU,2013,12,0.79092,10.44598,0.48341
2013_12_MIN_GB,2013,12,0.64681,5.46325,0.47612
2013_12_NO_ATL,2013,12,0.23927,-8.58653,0.46784
2013_12_NYJ_BAL,2013,12,0.65704,5.41647,0.50564
2013_12_PIT_CLE,2013,12,0.56079,1.71386,0.47236
2013_12_SD_KC,2013,12,0.62711,4.35023,0.49708
2013_12_SF_WAS,2013,12,0.32243,-5.66294,0.48177
2013_12_TB_DET,2013,12,0.72699,7.39855,0.49025
2013_12_TEN_OAK,2013,12,0.41196,-2.12306,0.48992
2013_13_ARI_PHI,2013,13,0.66027,5.34707,0.51214
2013_13_ATL_BUF,2013,13,0.68633,5.82078,0.49663
2013_13_CHI_MIN,2013,13,0.54787,1.32883,0.46656
2013_13_CIN_SD,2013,13,0.39674,-3.43929,0.47006
2013_13_DEN_KC,2013,13,0.33175,-5.28656,0.47990
2013_13_GB_DET,2013,13,0.74786,7.26131,0.48817
2013_13_JAX_CLE,2013,13,0.71601,7.33293,0.48170
2013_13_MIA_NYJ,2013,13,0.42427,-2.09130,0.46777
2013_13_NE_HOU,2013,13,0.26046,-8.00189,0.46911
2013_13_NO_SEA,2013,13,0.76234,9.29297,0.52642
2013_13_NYG_WAS,2013,13,0.52011,0.33524,0.47419
2013_13_OAK_DAL,2013,13,0.80364,10.97252,0.49892
2013_13_PIT_BAL,2013,13,0.58921,3.13770,0.48631
2013_13_STL_SF,2013,13,0.74475,8.57677,0.50050
2013_13_TB_CAR,2013,13,0.74295,8.51153,0.49951
2013_13_TEN_IND,2013,13,0.59134,3.26200,0.48063
2013_14_ATL_GB,2013,14,0.56111,2.70917,0.47229
2013_14_BUF_TB,2013,14,0.59146,3.06723,0.48524
2013_14_CAR_NO,2013,14,0.56331,2.00092,0.46916
2013_14_CLE_NE,2013,14,0.79338,11.02975,0.50735
2013_14_DAL_CHI,2013,14,0.57575,2.09152,0.48561
2013_14_DET_PHI,2013,14,0.58038,2.37902,0.48240
2013_14_HOU_JAX,2013,14,0.41397,-2.65901,0.48938
2013_14_IND_CIN,2013,14,0.71481,6.96588,0.48371
2013_14_KC_WAS,2013,14,0.34387,-4.84393,0.46397
2013_14_MIA_PIT,2013,14,0.59021,2.78201,0.48093
2013_14_MIN_BAL,2013,14,0.70402,6.98246,0.49907
2013_14_NYG_SD,2013,14,0.68744,5.90141,0.50541
2013_14_OAK_NYJ,2013,14,0.58744,3.00810,0.48435
2013_14_SEA_SF,2013,14,0.55338,1.68364,0.47191
2013_14_STL_ARI,2013,14,0.64523,4.57884,0.49297
2013_14_TEN_DEN,2013,14,0.86436,14.43896,0.50598
2013_15_ARI_TEN,2013,15,0.37901,-3.43992,0.47759
2013_15_BAL_DET,2013,15,0.62889,3.75540,0.47299
2013_15_BUF_JAX,2013,15,0.38678,-3.26745,0.49530
2013_15_CHI_CLE,2013,15,0.52220,0.28400,0.47342
2013_15_CIN_PIT,2013,15,0.41224,-2.76080,0.47275
2013_15_GB_DAL,2013,15,0.67949,5.35552,0.50471
2013_15_HOU_IND,2013,15,0.70623,6.97558,0.49897
2013_15_KC_OAK,2013,15,0.27319,-7.18823,0.47384
2013_15_NE_MIA,2013,15,0.58598,2.27510,0.48083
2013_15_NO_STL,2013,15,0.28692,-6.57919,0.48303
2013_15_NYJ_CAR,2013,15,0.81635,11.77837,0.51111
2013_15_PHI_MIN,2013,15,0.29241,-6.03697,0.49122
2013_15_SD_DEN,2013,15,0.79763,10.85726,0.49718
2013_15_SEA_NYG,2013,15,0.19204,-10.33132,0.47168
2013_15_SF_TB,2013,15,0.33547,-4.92048,0.47788
2013_15_WAS_ATL,2013,15,0.69130,6.36406,0.49728
2013_16_ARI_SEA,2013,16,0.74972,8.88687,0.49763
2013_16_ATL_SF,2013,16,0.90681,17.34097,0.51205
2013_16_CHI_PHI,2013,16,0.57990,2.23711,0.48026
2013_16_CLE_NYJ,2013,16,0.55453,2.00540,0.47676
2013_16_DAL_WAS,2013,16,0.38207,-3.57227,0.47559
2013_16_DEN_HOU,2013,16,0.19035,-10.96243,0.45468
2013_16_IND_KC,2013,16,0.74817,8.05750,0.49265
2013_16_MIA_BUF,2013,16,0.48696,-0.36281,0.46368
2013_16_MIN_CIN,2013,16,0.73331,8.11640,0.49354
2013_16_NE_BAL,2013,16,0.45482,-1.23089,0.48074
2013_16_NO_CAR,2013,16,0.62060,3.79026,0.48861
2013_16_NYG_DET,2013,16,0.78809,9.65648,0.48659
2013_16_OAK_SD,2013,16,0.81542,11.43880,0.50597
2013_16_PIT_GB,2013,16,0.40955,-1.79729,0.47220
2013_16_TB_STL,2013,16,0.63664,4.53669,0.49989
2013_16_TEN_JAX,2013,16,0.35307,-4.34807,0.47897
2013_17_BAL_CIN,2013,17,0.72190,7.15312,0.49410
2013_17_BUF_NE,2013,17,0.74291,8.77281,0.50346
2013_17_CAR_ATL,2013,17,0.29261,-6.56095,0.46822
2013_17_CLE_PIT,2013,17,0.77896,9.70052,0.48726
2013_17_DEN_OAK,2013,17,0.16616,-12.31772,0.44936
2013_17_DET_MIN,2013,17,0.41181,-2.33854,0.48667
2013_17_GB_CHI,2013,17,0.38088,-2.94847,0.48500
2013_17_HOU_TEN,2013,17,0.73959,7.80000,0.49632
2013_17_JAX_IND,2013,17,0.81720,11.93296,0.49833
2013_17_KC_SD,2013,17,0.88920,14.72168,0.47248
2013_17_NYJ_MIA,2013,17,0.73989,8.31658,0.49657
2013_17_PHI_DAL,2013,17,0.25082,-6.83424,0.49429
2013_17_SF_ARI,2013,17,0.58101,2.21457,0.47237
2013_17_STL_SEA,2013,17,0.85997,13.93572,0.49837
2013_17_TB_NO,2013,17,0.81572,11.42598,0.49066
2013_17_WAS_NYG,2013,17,0.60573,3.72825,0.48767
2013_18_KC_IND,2013,18,0.42120,-1.86493,0.48627
2013_18_NO_PHI,2013,18,0.58902,2.23275,0.47265
2013_18_SD_CIN,2013,18,0.71390,7.15780,0.49417
2013_18_SF_GB,2013,18,0.39995,-3.22137,0.48088
2013_19_IND_NE,2013,19,0.75065,9.14176,0.50904
2013_19_NO_SEA,2013,19,0.83099,12.53161,0.52248
2013_19_SD_DEN,2013,19,0.79087,10.69580,0.52496
2013_19_SF_CAR,2013,19,0.54103,2.02705,0.51486
2013_20_NE_DEN,2013,20,0.69569,6.26107,0.50329
2013_20_SF_SEA,2013,20,0.60587,3.59656,0.47814
2013_21_SEA_DEN,2013,21,0.55759,1.44882,0.48345
2014_01_BUF_CHI,2014,1,0.72517,6.97074,0.48843
2014_01_CAR_TB,2014,1,0.71836,5.69869,0.49159
2014_01_CIN_BAL,2014,1,0.50895,0.26626,0.47868
2014_01_CLE_PIT,2014,1,0.68396,6.02446,0.49611
2014_01_GB_SEA,2014,1,0.66350,5.99128,0.50951
2014_01_IND_DEN,2014,1,0.74590,8.26318,0.49249
2014_01_JAX_PHI,2014,1,0.78546,9.89945,0.48745
2014_01_MIN_STL,2014,1,0.61619,3.78943,0.49978
2014_01_NE_MIA,2014,1,0.39773,-3.00161,0.49575
2014_01_NO_ATL,2014,1,0.38840,-3.31677,0.48445
2014_01_NYG_DET,2014,1,0.70036,6.16664,0.48422
2014_01_OAK_NYJ,2014,1,0.74488,7.82332,0.50718
2014_01_SD_ARI,2014,1,0.61612,3.43370,0.49485
2014_01_SF_DAL,2014,1,0.36702,-3.83725,0.48417
2014_01_TEN_KC,2014,1,0.64370,4.66661,0.51194
2014_01_WAS_HOU,2014,1,0.61963,3.63731,0.49767
2014_02_ARI_NYG,2014,2,0.52045,0.33828,0.47968
2014_02_ATL_CIN,2014,2,0.69971,6.56908,0.50366
2014_02_CHI_SF,2014,2,0.74711,8.56694,0.51056
2014_02_DAL_TEN,2014,2,0.61980,3.88302,0.50108
2014_02_DET_CAR,2014,2,0.53344,1.50262,0.49581
2014_02_HOU_OAK,2014,2,0.39189,-2.66793,0.49344
2014_02_JAX_WAS,2014,2,0.63947,4.45259,0.48126
2014_02_KC_DEN,2014,2,0.84295,12.38716,0.48035
2014_02_MIA_BUF,2014,2,0.50623,0.32307,0.47947
2014_02_NE_MIN,2014,2,0.41620,-2.12062,0.50796
2014_02_NO_CLE,2014,2,0.35436,-4.42761,0.48984
2014_02_NYJ_GB,2014,2,0.70854,6.49777,0.48188
2014_02_PHI_IND,2014,2,0.61437,3.36031,0.49383
2014_02_PIT_BAL,2014,2,0.56231,1.90289,0.48057
2014_02_SEA_SD,2014,2,0.34097,-4.76013,0.48524
2014_02_STL_TB,2014,2,0.65511,4.65132,0.49787
2014_03_BAL_CLE,2014,3,0.42687,-2.17650,0.48639
2014_03_CHI_NYJ,2014,3,0.53735,0.82995,0.47956
2014_03_DAL_STL,2014,3,0.45850,-1.33358,0.49115
2014_03_DEN_SEA,2014,3,0.63057,4.13389,0.49069
2014_03_GB_DET,2014,3,0.53323,1.39652,0.48741
2014_03_HOU_NYG,2014,3,0.49948,0.04463,0.47561
2014_03_IND_JAX,2014,3,0.27667,-7.14705,0.47296
2014_03_KC_MIA,2014,3,0.66189,4.99705,0.47496
2014_03_MIN_NO,2014,3,0.79053,9.69130,0.48456
2014_03_OAK_NE,2014,3,0.87888,15.22604,0.50583
2014_03_PIT_CAR,2014,3,0.61603,4.26561,0.50638
2014_03_SD_BUF,2014,3,0.57607,2.22937,0.48509
2014_03_SF_ARI,2014,3,0.40020,-2.55222,0.49505
2014_03_TB_ATL,2014,3,0.66388,5.16951,0.47043
2014_03_TEN_CIN,2014,3,0.72655,7.57736,0.50377
2014_03_WAS_PHI,2014,3,0.67059,5.52753,0.51001
2014_04_ATL_MIN,2014,4,0.32776,-4.67671,0.50025
2014_04_BUF_HOU,2014,4,0.59565,2.64818,0.48397
2014_04_CAR_BAL,2014,4,0.62173,3.65189,0.49094
2014_04_DET_NYJ,2014,4,0.56187,1.30035,0.47915
2014_04_GB_CHI,2014,4,0.45955,-0.41063,0.51087
2014_04_JAX_SD,2014,4,0.87876,15.58236,0.52462
2014_04_MIA_OAK,2014,4,0.34231,-4.86153,0.47691
2014_04_NE_KC,2014,4,0.44876,-1.45031,0.51032
2014_04_NO_DAL,2014,4,0.41750,-2.16584,0.50040
2014_04_NYG_WAS,2014,4,0.57473,2.36224,0.48001
2014_04_PHI_SF,2014,4,0.62636,4.16075,0.49800
2014_04_TB_PIT,2014,4,0.75667,8.74794,0.50614
2014_04_TEN_IND,2014,4,0.78358,9.28578,0.51359
2014_05_ARI_DEN,2014,5,0.72329,7.07840,0.47608
2014_05_ATL_NYG,2014,5,0.64141,4.37675,0.49406
2014_05_BAL_IND,2014,5,0.59501,2.80151,0.49302
2014_05_BUF_DET,2014,5,0.63685,4.41902,0.48772
2014_05_CHI_CAR,2014,5,0.53869,1.47079,0.48843
2014_05_CIN_NE,2014,5,0.33300,-5.02054,0.45403
2014_05_CLE_TEN,2014,5,0.39194,-2.94107,0.46200
2014_05_HOU_DAL,2014,5,0.68024,5.92980,0.50173
2014_05_KC_SF,2014,5,0.58955,2.87652,0.47329
2014_05_MIN_GB,2014,5,0.75420,7.99098,0.48179
2014_05_NYJ_SD,2014,5,0.77004,9.72591,0.52660
2014_05_PIT_JAX,2014,5,0.28539,-7.12399,0.47328
2014_05_SEA_WAS,2014,5,0.22194,-9.60277,0.45290
2014_05_STL_PHI,2014,5,0.57799,2.88703,0.48035
2014_05_TB_NO,2014,5,0.80824,10.67057,0.48428
2014_06_BAL_TB,2014,6,0.35656,-4.50506,0.47493
2014_06_CAR_CIN,2014,6,0.73476,7.70303,0.49858
2014_06_CHI_ATL,2014,6,0.58956,2.73916,0.47830
2014_06_DAL_SEA,2014,6,0.79036,10.03895,0.48938
2014_06_DEN_NYJ,2014,6,0.19371,-10.68469,0.47936
2014_06_DET_MIN,2014,6,0.55775,1.42227,0.49469
2014_06_GB_MIA,2014,6,0.47606,-0.24137,0.50629
2014_06_IND_HOU,2014,6,0.37319,-3.58943,0.47376
2014_06_JAX_TEN,2014,6,0.61691,4.46438,0.49528
2014_06_NE_BUF,2014,6,0.52708,0.57685,0.48298
2014_06_NYG_PHI,2014,6,0.53082,1.38011,0.49411
2014_06_PIT_CLE,2014,6,0.57820,2.15884,0.48411
2014_06_SD_OAK,2014,6,0.26452,-7.83221,0.47732
2014_06_SF_STL,2014,6,0.40003,-3.17026,0.49341
2014_06_WAS_ARI,2014,6,0.73188,8.00231,0.53042
2014_07_ARI_OAK,2014,7,0.34466,-5.05059,0.46739
2014_07_ATL_BAL,2014,7,0.76890,9.40595,0.52218
2014_07_CAR_GB,2014,7,0.71170,6.63711,0.49074
2014_07_CIN_IND,2014,7,0.60719,3.31661,0.49323
2014_07_CLE_JAX,2014,7,0.33958,-5.22401,0.47190
2014_07_HOU_PIT,2014,7,0.59949,3.11957,0.49050
2014_07_KC_SD,2014,7,0.56856,2.17166,0.47737
2014_07_MIA_CHI,2014,7,0.61494,3.62306,0.49747
2014_07_MIN_BUF,2014,7,0.72994,7.29807,0.49297
2014_07_NO_DET,2014,7,0.51139,0.69361,0.47767
2014_07_NYG_DAL,2014,7,0.69272,6.41100,0.50840
2014_07_NYJ_NE,2014,7,0.79899,10.89181,0.50813
2014_07_SEA_STL,2014,7,0.27310,-7.47637,0.48224
2014_07_SF_DEN,2014,7,0.71430,6.96381,0.48834
2014_07_TEN_WAS,2014,7,0.68195,5.40258,0.48057
2014_08_BAL_CIN,2014,8,0.37743,-3.31285,0.47758
2014_08_BUF_NYJ,2014,8,0.58105,2.14940,0.47706
2014_08_CHI_NE,2014,8,0.68578,6.35823,0.50073
2014_08_DET_ATL,2014,8,0.34035,-5.33008,0.46353
2014_08_GB_NO,2014,8,0.52222,0.68273,0.47061
2014_08_HOU_TEN,2014,8,0.35547,-3.78120,0.48494
2014_08_IND_PIT,2014,8,0.29876,-6.18478,0.47244
2014_08_MIA_JAX,2014,8,0.25826,-7.60458,0.48047
2014_08_MIN_TB,2014,8,0.57772,2.32377,0.50719
2014_08_OAK_CLE,2014,8,0.72192,7.47141,0.50230
2014_08_PHI_ARI,2014,8,0.53581,1.07273,0.48985
2014_08_SD_DEN,2014,8,0.76306,8.80212,0.48610
2014_08_SEA_CAR,2014,8,0.30743,-5.74612,0.49236
2014_08_STL_KC,2014,8,0.76335,9.25300,0.51314
2014_08_WAS_DAL,2014,8,0.82877,11.85675,0.52149
2014_09_ARI_DAL,2014,9,0.47789,0.01700,0.46832
2014_09_BAL_PIT,2014,9,0.55961,1.39072,0.47349
2014_09_DEN_NE,2014,9,0.41757,-2.26307,0.49905
2014_09_IND_NYG,2014,9,0.41643,-2.34883,0.49786
2014_09_JAX_CIN,2014,9,0.81750,11.68265,0.51216
2014_09_NO_CAR,2014,9,0.39421,-2.80172,0.49159
2014_09_NYJ_KC,2014,9,0.82241,12.16926,0.52582
2014_09_OAK_SEA,2014,9,0.86884,14.63942,0.50463
2014_09_PHI_HOU,2014,9,0.44638,-1.38655,0.49041
2014_09_SD_MIA,2014,9,0.58797,2.48839,0.48175
2014_09_STL_SF,2014,9,0.84236,12.93678,0.52260
2014_09_TB_CLE,2014,9,0.73507,7.90025,0.50132
2014_09_WAS_MIN,2014,9,0.49063,0.27455,0.50651
2014_10_ATL_TB,2014,10,0.37800,-3.48981,0.48898
2014_10_CAR_PHI,2014,10,0.71584,7.40939,0.49451
2014_10_CHI_GB,2014,10,0.78898,9.67514,0.49127
2014_10_CLE_CIN,2014,10,0.70643,6.66974,0.49119
2014_10_DAL_JAX,2014,10,0.21493,-9.72833,0.45805
2014_10_DEN_OAK,2014,10,0.14082,-13.43308,0.48284
2014_10_KC_BUF,2014,10,0.56446,1.79098,0.48594
2014_10_MIA_DET,2014,10,0.59815,3.17737,0.49130
2014_10_NYG_SEA,2014,10,0.77795,9.83943,0.50047
2014_10_PIT_NYJ,2014,10,0.31534,-5.72680,0.47186
2014_10_SF_NO,2014,10,0.70778,6.50045,0.49578
2014_10_STL_ARI,2014,10,0.76479,9.20110,0.51934
2014_10_TEN_BAL,2014,10,0.82567,11.55385,0.50345
2014_11_ATL_CAR,2014,11,0.40607,-2.03699,0.49526
2014_11_BUF_MIA,2014,11,0.64478,4.77498,0.49958
2014_11_CIN_NO,2014,11,0.76003,8.47393,0.48848
2014_11_DEN_STL,2014,11,0.22175,-9.57346,0.46707
2014_11_DET_ARI,2014,11,0.51777,1.27082,0.52031
2014_11_HOU_CLE,2014,11,0.65242,4.42664,0.48782
2014_11_MIN_CHI,2014,11,0.53350,0.98897,0.46794
2014_11_NE_IND,2014,11,0.59165,2.65409,0.48405
2014_11_OAK_SD,2014,11,0.84527,13.22874,0.52664
2014_11_PHI_GB,2014,11,0.67874,5.05210,0.49649
2014_11_PIT_TEN,2014,11,0.23160,-8.26125,0.47138
2014_11_SEA_KC,2014,11,0.52274,1.10646,0.51803
2014_11_SF_NYG,2014,11,0.39178,-3.18194,0.50018
2014_11_TB_WAS,2014,11,0.72062,7.56345,0.50358
2014_12_ARI_SEA,2014,12,0.71613,6.74371,0.47837
2014_12_BAL_NO,2014,12,0.51840,0.38681,0.45963
2014_12_CIN_HOU,2014,12,0.56823,2.13103,0.47681
2014_12_CLE_ATL,2014,12,0.58305,2.35550,0.47991
2014_12_DAL_NYG,2014,12,0.30845,-5.82338,0.46363
2014_12_DET_NE,2014,12,0.78066,9.69496,0.51926
2014_12_GB_MIN,2014,12,0.23343,-8.39975,0.47638
2014_12_JAX_IND,2014,12,0.85672,13.54940,0.49645
2014_12_KC_OAK,2014,12,0.22062,-9.47265,0.46157
2014_12_MIA_DEN,2014,12,0.69443,6.45501,0.48822
2014_12_NYJ_BUF,2014,12,0.53343,1.30228,0.47226
2014_12_STL_SD,2014,12,0.65524,5.37107,0.50784
2014_12_TB_CHI,2014,12,0.61996,4.12044,0.49051
2014_12_TEN_PHI,2014,12,0.81993,11.61810,0.49741
2014_12_WAS_SF,2014,12,0.79547,10.61085,0.51117
2014_13_ARI_ATL,2014,13,0.43411,-2.15925,0.47971
2014_13_CAR_MIN,2014,13,0.58087,2.41598,0.48768
2014_13_CHI_DET,2014,13,0.70881,6.70328,0.47781
2014_13_CIN_TB,2014,13,0.30291,-6.13495,0.48697
2014_13_CLE_BUF,2014,13,0.61405,3.72076,0.49883
2014_13_DEN_KC,2014,13,0.56047,1.70767,0.49865
2014_13_MIA_NYJ,2014,13,0.25824,-7.84448,0.47024
2014_13_NE_GB,2014,13,0.57904,1.83381,0.47270
2014_13_NO_PIT,2014,13,0.67015,5.37925,0.51488
2014_13_NYG_JAX,2014,13,0.37588,-3.51204,0.48175
2014_13_OAK_STL,2014,13,0.71738,7.14797,0.49782
2014_13_PHI_DAL,2014,13,0.63107,3.67665,0.49822
2014_13_SD_BAL,2014,13,0.73756,7.59400,0.50400
2014_13_SEA_SF,2014,13,0.51784,0.45524,0.48129
2014_13_TEN_HOU,2014,13,0.74460,8.15923,0.50491
2014_13_WAS_IND,2014,13,0.76677,9.45458,0.51593
2014_14_ATL_GB,2014,14,0.88067,14.62762,0.50447
2014_14_BAL_MIA,2014,14,0.59070,2.93649,0.48796
2014_14_BUF_DEN,2014,14,0.75980,8.95724,0.48825
2014_14_CAR_NO,2014,14,0.78767,9.80156,0.50688
2014_14_DAL_CHI,2014,14,0.37014,-3.41823,0.48997
2014_14_HOU_JAX,2014,14,0.25838,-7.59213,0.47372
2014_14_IND_CLE,2014,14,0.35607,-4.29644,0.47090
2014_14_KC_ARI,2014,14,0.40850,-2.20923,0.49287
2014_14_NE_SD,2014,14,0.34852,-4.42384,0.48297
2014_14_NYG_TEN,2014,14,0.38128,-3.11242,0.48728
2014_14_NYJ_MIN,2014,14,0.68171,6.05476,0.51039
2014_14_PIT_CIN,2014,14,0.57670,2.68033,0.48441
2014_14_SEA_PHI,2014,14,0.47394,-0.35215,0.50475
2014_14_SF_OAK,2014,14,0.24527,-8.16111,0.48661
2014_14_STL_WAS,2014,14,0.40973,-2.55728,0.48805
2014_14_TB_DET,2014,14,0.79564,10.40467,0.48752
2014_15_ARI_STL,2014,15,0.67956,5.04801,0.47566
2014_15_CIN_CLE,2014,15,0.54249,1.27551,0.47189
2014_15_DAL_PHI,2014,15,0.60476,3.74095,0.49218
2014_15_DEN_SD,2014,15,0.37352,-3.80169,0.49159
2014_15_GB_BUF,2014,15,0.35544,-3.89728,0.48334
2014_15_HOU_IND,2014,15,0.71467,7.02375,0.48917
2014_15_JAX_BAL,2014,15,0.89450,16.26964,0.52029
2014_15_MIA_NE,2014,15,0.79953,10.43518,0.50180
2014_15_MIN_DET,2014,15,0.71905,7.08495,0.47617
2014_15_NO_CHI,2014,15,0.41259,-2.42812,0.49677
2014_15_NYJ_TEN,2014,15,0.37980,-3.24465,0.49238
2014_15_OAK_KC,2014,15,0.83860,12.63006,0.51143
2014_15_PIT_ATL,2014,15,0.36765,-3.78183,0.47801
2014_15_SF_SEA,2014,15,0.80932,10.79255,0.49982
2014_15_TB_CAR,2014,15,0.59865,3.47715,0.48852
2014_15_WAS_NYG,2014,15,0.73831,7.75335,0.49928
2014_16_ATL_NO,2014,16,0.68132,5.77361,0.48570
2014_16_BAL_HOU,2014,16,0.26098,-6.91704,0.47614
2014_16_BUF_OAK,2014,16,0.26373,-7.47294,0.48229
2014_16_CLE_CAR,2014,16,0.69972,5.88573,0.48726
2014_16_DEN_CIN,2014,16,0.38300,-3.71136,0.48591
2014_16_DET_CHI,2014,16,0.19611,-9.84296,0.49102
2014_16_GB_TB,2014,16,0.15805,-11.97853,0.48221
2014_16_IND_DAL,2014,16,0.62637,3.32862,0.48647
2014_16_KC_PIT,2014,16,0.58480,2.27522,0.48573
2014_16_MIN_MIA,2014,16,0.65279,5.02806,0.49616
2014_16_NE_NYJ,2014,16,0.16310,-12.57516,0.45328
2014_16_NYG_STL,2014,16,0.70291,6.35381,0.47989
2014_16_PHI_WAS,2014,16,0.23891,-8.76046,0.46449
2014_16_SD_SF,2014,16,0.54460,1.32786,0.47953
2014_16_SEA_ARI,2014,16,0.20852,-9.01832,0.49552
2014_16_TEN_JAX,2014,16,0.62268,3.64601,0.48394
2014_17_ARI_SF,2014,17,0.68920,5.37591,0.48020
2014_17_BUF_NE,2014,17,0.61713,4.61649,0.49045
2014_17_CAR_ATL,2014,17,0.60473,3.21399,0.49874
2014_17_CHI_MIN,2014,17,0.73641,7.52285,0.49609
2014_17_CIN_PIT,2014,17,0.62550,3.69193,0.49843
2014_17_CLE_BAL,2014,17,0.87583,14.09072,0.49010
2014_17_DAL_WAS,2014,17,0.25528,-7.89329,0.46266
2014_17_DET_GB,2014,17,0.78192,9.12736,0.49060
2014_17_IND_TEN,2014,17,0.24155,-8.88280,0.46971
2014_17_JAX_HOU,2014,17,0.75128,8.98782,0.49560
2014_17_NO_TB,2014,17,0.29831,-6.06259,0.48797
2014_17_NYJ_MIA,2014,17,0.74125,8.16187,0.50494
2014_17_OAK_DEN,2014,17,0.90503,17.07702,0.49684
2014_17_PHI_NYG,2014,17,0.46062,-1.33639,0.48418
2014_17_SD_KC,2014,17,0.60460,3.47832,0.49547
2014_17_STL_SEA,2014,17,0.82836,12.08049,0.50382
2014_18_ARI_CAR,2014,18,0.67397,4.79377,0.47906
2014_18_BAL_PIT,2014,18,0.60621,3.02934,0.48925
2014_18_CIN_IND,2014,18,0.61437,3.59493,0.49015
2014_18_DET_DAL,2014,18,0.73072,7.20888,0.50560
2014_19_BAL_NE,2014,19,0.75396,8.52532,0.50998
2014_19_CAR_SEA,2014,19,0.88984,15.69216,0.51922
2014_19_DAL_GB,2014,19,0.70079,6.34041,0.50049
2014_19_IND_DEN,2014,19,0.78185,9.56534,0.48974
2014_20_GB_SEA,2014,20,0.74640,8.03953,0.48246
2014_20_IND_NE,2014,20,0.73060,7.32355,0.49332
2014_21_NE_SEA,2014,21,0.40996,-2.40262,0.46943
2015_01_BAL_DEN,2015,1,0.60451,3.44995,0.47379
2015_01_CAR_JAX,2015,1,0.40633,-2.74937,0.49172
2015_01_CIN_OAK,2015,1,0.38670,-3.28460,0.48433
2015_01_CLE_NYJ,2015,1,0.63168,3.80129,0.49242
2015_01_DET_SD,2015,1,0.60322,3.26827,0.48506
2015_01_GB_CHI,2015,1,0.31649,-5.52187,0.48796
2015_01_IND_BUF,2015,1,0.46163,-0.99925,0.48827
2015_01_KC_HOU,2015,1,0.43287,-1.70669,0.47852
2015_01_MIA_WAS,2015,1,0.34579,-4.47380,0.48173
2015_01_MIN_SF,2015,1,0.40669,-2.36251,0.49016
2015_01_NO_ARI,2015,1,0.60839,3.11180,0.50360
2015_01_NYG_DAL,2015,1,0.72051,7.08064,0.48937
2015_01_PHI_ATL,2015,1,0.37012,-3.80754,0.48402
2015_01_PIT_NE,2015,1,0.74489,7.92753,0.49416
2015_01_SEA_STL,2015,1,0.39823,-3.10221,0.49375
2015_01_TEN_TB,2015,1,0.60729,3.35286,0.49313
2015_02_ARI_CHI,2015,2,0.39533,-2.83190,0.47679
2015_02_ATL_NYG,2015,2,0.58157,2.38571,0.49358
2015_02_BAL_OAK,2015,2,0.28130,-6.81498,0.47702
2015_02_DAL_PHI,2015,2,0.69840,6.23764,0.47775
2015_02_DEN_KC,2015,2,0.64422,4.08734,0.50327
2015_02_DET_MIN,2015,2,0.58404,2.49440,0.48818
2015_02_HOU_CAR,2015,2,0.60368,3.12061,0.48992
2015_02_MIA_JAX,2015,2,0.30063,-6.05744,0.47369
2015_02_NE_BUF,2015,2,0.53000,0.95144,0.47381
2015_02_NYJ_IND,2015,2,0.65628,5.06394,0.47536
2015_02_SD_CIN,2015,2,0.64286,4.32803,0.49969
2015_02_SEA_GB,2015,2,0.62185,3.60739,0.48974
2015_02_SF_PIT,2015,2,0.71301,6.57954,0.49626
2015_02_STL_WAS,2015,2,0.35118,-4.24496,0.47111
2015_02_TB_NO,2015,2,0.79052,9.77415,0.49204
2015_02_TEN_CLE,2015,2,0.50237,0.37541,0.47965
2015_03_ATL_DAL,2015,3,0.50504,0.69881,0.48411
2015_03_BUF_MIA,2015,3,0.53494,1.04764,0.48892
2015_03_CHI_SEA,2015,3,0.90401,16.37836,0.48658
2015_03_CIN_BAL,2015,3,0.56760,2.08826,0.48258
2015_03_DEN_DET,2015,3,0.41465,-2.71067,0.49225
2015_03_IND_TEN,2015,3,0.39781,-3.10072,0.48687
2015_03_JAX_NE,2015,3,0.89660,15.94010,0.50813
2015_03_KC_GB,2015,3,0.63922,4.23491,0.48460
2015_03_NO_CAR,2015,3,0.81466,10.55544,0.49592
2015_03_OAK_CLE,2015,3,0.62942,4.08050,0.49627
2015_03_PHI_NYJ,2015,3,0.64414,4.13003,0.50385
2015_03_PIT_STL,2015,3,0.49665,-0.01797,0.46735
2015_03_SD_MIN,2015,3,0.60180,2.93673,0.49429
2015_03_SF_ARI,2015,3,0.76063,8.32013,0.50648
2015_03_TB_HOU,2015,3,0.69015,6.03227,0.48870
2015_03_WAS_NYG,2015,3,0.63152,3.98941,0.50191
2015_04_BAL_PIT,2015,4,0.37393,-3.14967,0.48619
2015_04_CAR_TB,2015,4,0.36769,-3.80929,0.47710
2015_04_CLE_SD,2015,4,0.60950,3.60528,0.47593
2015_04_DAL_NO,2015,4,0.58770,2.40767,0.48009
2015_04_DET_SEA,2015,4,0.79886,10.18342,0.49079
2015_04_GB_SF,2015,4,0.24504,-7.90218,0.48271
2015_04_HOU_ATL,2015,4,0.65543,4.66538,0.49744
2015_04_JAX_IND,2015,4,0.61393,3.92396,0.48721
2015_04_KC_CIN,2015,4,0.63110,3.93310,0.49424
2015_04_MIN_DEN,2015,4,0.69385,6.35679,0.47939
2015_04_NYG_BUF,2015,4,0.71096,6.72597,0.49828
2015_04_NYJ_MIA,2015,4,0.35620,-4.14198,0.46565
2015_04_OAK_CHI,2015,4,0.38261,-3.23359,0.48504
2015_04_PHI_WAS,2015,4,0.37297,-3.90497,0.47578
2015_04_STL_ARI,2015,4,0.75636,8.21157,0.50498
2015_05_ARI_DET,2015,5,0.31049,-5.42273,0.47554
2015_05_BUF_TEN,2015,5,0.48879,-0.32079,0.47006
2015_05_CHI_KC,2015,5,0.80557,10.53765,0.49568
2015_05_CLE_BAL,2015,5,0.68260,5.91372,0.48707
2015_05_DEN_OAK,2015,5,0.33949,-5.16267,0.48602
2015_05_IND_HOU,2015,5,0.62448,3.68377,0.47701
2015_05_JAX_TB,2015,5,0.49089,0.11043,0.47600
2015_05_NE_DAL,2015,5,0.19166,-10.11421,0.45917
2015_05_NO_PHI,2015,5,0.71350,6.70326,0.49106
2015_05_PIT_SD,2015,5,0.63083,3.57878,0.48245
2015_05_SEA_CIN,2015,5,0.63726,3.97914,0.50177
2015_05_SF_NYG,2015,5,0.76948,8.65846,0.50425
2015_05_STL_GB,2015,5,0.76425,8.69707,0.49098
2015_05_WAS_ATL,2015,5,0.75426,8.38849,0.50052
2015_06_ARI_PIT,2015,6,0.26336,-6.71527,0.47151
2015_06_ATL_NO,2015,6,0.34703,-4.44219,0.46839
2015_06_BAL_SF,2015,6,0.40313,-2.72687,0.48513
2015_06_CAR_SEA,2015,6,0.69136,6.01162,0.47464
2015_06_CHI_DET,2015,6,0.60180,3.27853,0.48520
2015_06_CIN_BUF,2015,6,0.35285,-4.01530,0.47427
2015_06_DEN_CLE,2015,6,0.40800,-3.12870,0.49338
2015_06_HOU_JAX,2015,6,0.60064,2.68265,0.49078
2015_06_KC_MIN,2015,6,0.63526,4.11874,0.49680
2015_06_MIA_TEN,2015,6,0.55656,1.51877,0.47473
2015_06_NE_IND,2015,6,0.20144,-9.78435,0.46369
2015_06_NYG_PHI,2015,6,0.58571,2.83860,0.47914
2015_06_SD_GB,2015,6,0.82320,11.28661,0.49911
2015_06_WAS_NYJ,2015,6,0.76206,8.50860,0.50218
2015_07_ATL_TEN,2015,7,0.27624,-6.87768,0.46928
2015_07_BAL_ARI,2015,7,0.80456,10.12678,0.49001
2015_07_BUF_JAX,2015,7,0.34893,-4.85287,0.46962
2015_07_CLE_STL,2015,7,0.67438,5.53233,0.47492
2015_07_DAL_NYG,2015,7,0.63591,3.69998,0.49792
2015_07_HOU_MIA,2015,7,0.64864,4.60585,0.48972
2015_07_MIN_DET,2015,7,0.48120,-0.45386,0.46823
2015_07_NO_IND,2015,7,0.67762,5.49344,0.48817
2015_07_NYJ_NE,2015,7,0.73267,7.67088,0.49752
2015_07_OAK_SD,2015,7,0.59037,2.79187,0.47850
2015_07_PHI_CAR,2015,7,0.57338,2.12066,0.47614
2015_07_PIT_KC,2015,7,0.63046,3.55488,0.48212
2015_07_SEA_SF,2015,7,0.29843,-6.17960,0.49268
2015_07_TB_WAS,2015,7,0.59544,2.85945,0.48632
2015_08_ARI_CLE,2015,8,0.25316,-7.62794,0.47960
2015_08_CIN_PIT,2015,8,0.49759,-0.06266,0.47361
2015_08_DET_KC,2015,8,0.59696,2.89135,0.48676
2015_08_GB_DEN,2015,8,0.39239,-2.77344,0.48449
2015_08_IND_CAR,2015,8,0.67537,5.40588,0.49386
2015_08_MIA_NE,2015,8,0.78604,9.62667,0.51071
2015_08_MIN_CHI,2015,8,0.43721,-1.79955,0.47724
2015_08_NYG_NO,2015,8,0.55764,1.91924,0.47336
2015_08_NYJ_OAK,2015,8,0.36695,-3.70862,0.47849
2015_08_SD_BAL,2015,8,0.67092,5.30240,0.49933
2015_08_SEA_DAL,2015,8,0.30617,-5.59270,0.47320
2015_08_SF_STL,2015,8,0.73974,7.72182,0.48442
2015_08_TB_ATL,2015,8,0.75547,8.49772,0.49513
2015_08_TEN_HOU,2015,8,0.64243,4.23456,0.49840
2015_09_ATL_SF,2015,9,0.20352,-9.46795,0.48870
2015_09_CHI_SD,2015,9,0.61164,3.56524,0.48916
2015_09_CLE_CIN,2015,9,0.88201,14.58176,0.51009
2015_09_DEN_IND,2015,9,0.37216,-3.81965,0.48385
2015_09_GB_CAR,2015,9,0.43648,-1.77570,0.49135
2015_09_JAX_NYJ,2015,9,0.74625,7.90512,0.49385
2015_09_MIA_BUF,2015,9,0.66548,4.99816,0.50203
2015_09_NYG_TB,2015,9,0.41859,-2.26456,0.47772
2015_09_OAK_PIT,2015,9,0.70692,6.64470,0.49716
2015_09_PHI_DAL,2015,9,0.33762,-4.63736,0.46571
2015_09_STL_MIN,2015,9,0.59323,2.71216,0.49809
2015_09_TEN_NO,2015,9,0.73212,7.48930,0.49501
2015_09_WAS_NE,2015,9,0.88080,14.71575,0.50504
2015_10_ARI_SEA,2015,10,0.53816,1.54952,0.46828
2015_10_BUF_NYJ,2015,10,0.58250,2.41673,0.48711
2015_10_CAR_TEN,2015,10,0.35792,-4.38722,0.47603
2015_10_CHI_STL,2015,10,0.72816,7.50486,0.48833
2015_10_CLE_PIT,2015,10,0.71513,7.10704,0.48974
2015_10_DAL_TB,2015,10,0.49158,-0.54269,0.49457
2015_10_DET_GB,2015,10,0.80705,10.55271,0.48899
2015_10_HOU_CIN,2015,10,0.82363,11.23081,0.50525
2015_10_JAX_BAL,2015,10,0.66442,5.36877,0.50715
2015_10_KC_DEN,2015,10,0.59270,3.08799,0.47569
2015_10_MIA_PHI,2015,10,0.68465,5.88134,0.49352
2015_10_MIN_OAK,2015,10,0.57873,2.28411,0.47839
2015_10_NE_NYG,2015,10,0.24572,-8.13348,0.47264
2015_10_NO_WAS,2015,10,0.47011,-0.75216,0.49168
2015_11_BUF_NE,2015,11,0.74755,8.09697,0.50340
2015_11_CIN_ARI,2015,11,0.63000,3.79923,0.48549
2015_11_DAL_MIA,2015,11,0.42351,-1.93890,0.49600
2015_11_DEN_CHI,2015,11,0.44319,-2.09710,0.49382
2015_11_GB_MIN,2015,11,0.50241,0.03043,0.50248
2015_11_IND_ATL,2015,11,0.60746,3.20785,0.48423
2015_11_KC_SD,2015,11,0.37636,-3.59140,0.48010
2015_11_NYJ_HOU,2015,11,0.33752,-4.45861,0.48194
2015_11_OAK_DET,2015,11,0.41557,-2.11639,0.48665
2015_11_SF_SEA,2015,11,0.86188,13.27790,0.47830
2015_11_STL_BAL,2015,11,0.59499,2.84906,0.48618
2015_11_TB_PHI,2015,11,0.73813,7.86466,0.50019
2015_11_TEN_JAX,2015,11,0.60272,3.12250,0.48995
2015_11_WAS_CAR,2015,11,0.72194,7.17130,0.49062
2015_12_ARI_SF,2015,12,0.19842,-9.78596,0.45681
2015_12_BAL_CLE,2015,12,0.68691,5.38859,0.47983
2015_12_BUF_KC,2015,12,0.64382,4.47533,0.48792
2015_12_CAR_DAL,2015,12,0.42763,-2.13596,0.47261
2015_12_CHI_GB,2015,12,0.72270,7.29984,0.48550
2015_12_MIA_NYJ,2015,12,0.65162,4.50029,0.48826
2015_12_MIN_ATL,2015,12,0.51918,0.75620,0.47112
2015_12_NE_DEN,2015,12,0.33630,-4.62514,0.45902
2015_12_NO_HOU,2015,12,0.59311,2.84484,0.47923
2015_12_NYG_WAS,2015,12,0.40485,-2.73904,0.46431
2015_12_OAK_TEN,2015,12,0.44519,-1.50196,0.48134
2015_12_PHI_DET,2015,12,0.55533,1.60748,0.46908
2015_12_PIT_SEA,2015,12,0.54684,1.53455,0.46807
2015_12_SD_JAX,2015,12,0.67596,5.21930,0.49129
2015_12_STL_CIN,2015,12,0.82533,11.19985,0.49792
2015_12_TB_IND,2015,12,0.57944,2.73809,0.48465
2015_13_ARI_STL,2015,13,0.30718,-5.55438,0.45999
2015_13_ATL_TB,2015,13,0.53153,0.74314,0.48472
2015_13_BAL_MIA,2015,13,0.60648,3.03591,0.48186
2015_13_CAR_NO,2015,13,0.26313,-7.35808,0.46268
2015_13_CIN_CLE,2015,13,0.18859,-10.45184,0.44771
2015_13_DAL_WAS,2015,13,0.60301,2.82363,0.49963
2015_13_DEN_SD,2015,13,0.30065,-6.31754,0.48388
2015_13_GB_DET,2015,13,0.40936,-2.80899,0.48400
2015_13_HOU_BUF,2015,13,0.61958,3.56603,0.49607
2015_13_IND_PIT,2015,13,0.78733,9.41866,0.48024
2015_13_JAX_TEN,2015,13,0.56371,1.98279,0.47424
2015_13_KC_OAK,2015,13,0.36808,-4.03997,0.47393
2015_13_NYJ_NYG,2015,13,0.42303,-2.02194,0.48796
2015_13_PHI_NE,2015,13,0.81554,10.93369,0.50805
2015_13_SEA_MIN,2015,13,0.42743,-2.00656,0.49507
2015_13_SF_CHI,2015,13,0.71939,6.81240,0.49947
2015_14_ATL_CAR,2015,14,0.78147,9.22311,0.49824
2015_14_BUF_PHI,2015,14,0.48743,-0.10659,0.47301
2015_14_DAL_GB,2015,14,0.71212,6.71114,0.49807
2015_14_DET_STL,2015,14,0.38350,-3.22892,0.48510
2015_14_IND_JAX,2015,14,0.52073,0.34104,0.47917
2015_14_MIN_ARI,2015,14,0.81126,10.47054,0.49475
2015_14_NE_HOU,2015,14,0.33045,-5.18493,0.47193
2015_14_NO_TB,2015,14,0.69707,5.84358,0.48610
2015_14_NYG_MIA,2015,14,0.38847,-3.09850,0.48001
2015_14_OAK_DEN,2015,14,0.68701,6.21196,0.49118
2015_14_PIT_CIN,2015,14,0.54854,1.60656,0.49663
2015_14_SD_KC,2015,14,0.85157,12.77254,0.50582
2015_14_SEA_BAL,2015,14,0.16699,-11.12178,0.47969
2015_14_SF_CLE,2015,14,0.56240,1.83010,0.47902
2015_14_TEN_NYJ,2015,14,0.76439,8.62351,0.49686
2015_14_WAS_CHI,2015,14,0.62021,3.71486,0.48433
2015_15_ARI_PHI,2015,15,0.33022,-4.77646,0.47067
2015_15_ATL_JAX,2015,15,0.57593,2.04657,0.48890
2015_15_BUF_WAS,2015,15,0.38508,-3.32233,0.47692
2015_15_CAR_NYG,2015,15,0.32683,-5.14024,0.47943
2015_15_CHI_MIN,2015,15,0.64519,4.47940,0.49487
2015_15_CIN_SF,2015,15,0.25562,-7.94695,0.47521
2015_15_CLE_SEA,2015,15,0.89762,15.78832,0.50604
2015_15_DEN_PIT,2015,15,0.76548,8.28183,0.49905
2015_15_DET_NO,2015,15,0.55803,1.72781,0.47761
2015_15_GB_OAK,2015,15,0.34700,-4.67606,0.47894
2015_15_HOU_IND,2015,15,0.57223,2.22726,0.48450
2015_15_KC_BAL,2015,15,0.23946,-8.02663,0.46723
2015_15_MIA_SD,2015,15,0.51537,0.61572,0.48296
2015_15_NYJ_DAL,2015,15,0.32495,-4.76438,0.46397
2015_15_TB_STL,2015,15,0.51244,0.77849,0.48520
2015_15_TEN_NE,2015,15,0.89337,15.79595,0.50614
2015_16_CAR_ATL,2015,16,0.22972,-8.48526,0.46780
2015_16_CHI_TB,2015,16,0.58632,2.40979,0.48012
2015_16_CIN_DEN,2015,16,0.57293,2.11198,0.46914
2015_16_CLE_KC,2015,16,0.85221,12.95318,0.50831
2015_16_DAL_BUF,2015,16,0.74062,7.35361,0.50004
2015_16_GB_ARI,2015,16,0.72715,6.82744,0.49968
2015_16_HOU_TEN,2015,16,0.32582,-5.00867,0.46748
2015_16_IND_MIA,2015,16,0.57308,2.05610,0.48214
2015_16_JAX_NO,2015,16,0.55341,1.76186,0.47808
2015_16_NE_NYJ,2015,16,0.39713,-3.25874,0.47780
2015_16_NYG_MIN,2015,16,0.71904,6.84427,0.48611
2015_16_PIT_BAL,2015,16,0.14728,-12.35333,0.46961
2015_16_SD_OAK,2015,16,0.60474,3.19532,0.47717
2015_16_SF_DET,2015,16,0.77409,8.88632,0.49359
2015_16_STL_SEA,2015,16,0.83807,11.87704,0.50036
2015_16_WAS_PHI,2015,16,0.58260,2.80546,0.47868
2015_17_BAL_CIN,2015,17,0.80880,10.63484,0.49702
2015_17_DET_CHI,2015,17,0.40171,-2.76045,0.48467
2015_17_JAX_HOU,2015,17,0.64135,4.60144,0.48276
2015_17_MIN_GB,2015,17,0.53815,1.55713,0.46838
2015_17_NE_MIA,2015,17,0.17983,-11.04725,0.47383
2015_17_NO_ATL,2015,17,0.66815,5.31284,0.47879
2015_17_NYJ_BUF,2015,17,0.40825,-2.49997,0.48826
2015_17_OAK_KC,2015,17,0.74956,8.08056,0.51007
2015_17_PHI_NYG,2015,17,0.61624,3.50208,0.48139
2015_17_PIT_CLE,2015,17,0.11112,-14.81260,0.46330
2015_17_SD_DEN,2015,17,0.78714,9.74837,0.48479
2015_17_SEA_ARI,2015,17,0.69431,6.06795,0.48920
2015_17_STL_SF,2015,17,0.35936,-3.94980,0.47517
2015_17_TB_CAR,2015,17,0.81221,10.91234,0.50085
2015_17_TEN_IND,2015,17,0.62910,4.18370,0.49769
2015_17_WAS_DAL,2015,17,0.52582,1.23563,0.46397
2015_18_GB_WAS,2015,18,0.58435,1.93634,0.48738
2015_18_KC_HOU,2015,18,0.35887,-4.09968,0.47310
2015_18_PIT_CIN,2015,18,0.41132,-2.25325,0.48477
2015_18_SEA_MIN,2015,18,0.35330,-4.12282,0.48657
2015_19_GB_ARI,2015,19,0.76191,8.19460,0.50475
2015_19_KC_NE,2015,19,0.67604,5.48405,0.48114
2015_19_PIT_DEN,2015,19,0.66458,5.25438,0.46422
2015_19_SEA_CAR,2015,19,0.59390,2.85665,0.49318
2015_20_ARI_CAR,2015,20,0.59653,2.91744,0.48023
2015_20_NE_DEN,2015,20,0.38518,-3.10158,0.47996
2015_21_CAR_DEN,2015,21,0.28393,-6.25363,0.46411
2016_01_BUF_BAL,2016,1,0.55243,1.72639,0.46712
2016_01_CAR_DEN,2016,1,0.39102,-3.19162,0.48353
2016_01_CHI_HOU,2016,1,0.66236,5.06855,0.47989
2016_01_CIN_NYJ,2016,1,0.49643,-0.03312,0.47076
2016_01_CLE_PHI,2016,1,0.61407,3.63175,0.48844
2016_01_DET_IND,2016,1,0.54735,1.58808,0.47260
2016_01_GB_JAX,2016,1,0.38923,-3.35737,0.48861
2016_01_LA_SF,2016,1,0.38350,-3.38192,0.47306
2016_01_MIA_SEA,2016,1,0.81019,10.68998,0.48932
2016_01_MIN_TEN,2016,1,0.37697,-3.68980,0.46839
2016_01_NE_ARI,2016,1,0.77700,9.16373,0.48893
2016_01_NYG_DAL,2016,1,0.50725,0.25183,0.47508
2016_01_OAK_NO,2016,1,0.58439,2.51656,0.48669
2016_01_PIT_WAS,2016,1,0.39706,-3.01539,0.47861
2016_01_SD_KC,2016,1,0.73331,7.56072,0.50256
2016_01_TB_ATL,2016,1,0.57770,2.51228,0.48662
2016_02_ATL_OAK,2016,2,0.63363,4.04130,0.48707
2016_02_BAL_CLE,2016,2,0.35352,-4.40890,0.48023
2016_02_CIN_PIT,2016,2,0.58788,2.80711,0.48351
2016_02_DAL_WAS,2016,2,0.60576,3.17623,0.48152
2016_02_GB_MIN,2016,2,0.47051,-0.78083,0.49737
2016_02_IND_DEN,2016,2,0.64969,4.69857,0.48186
2016_02_JAX_SD,2016,2,0.58209,2.41703,0.47759
2016_02_KC_HOU,2016,2,0.43314,-1.95388,0.47196
2016_02_MIA_NE,2016,2,0.67180,5.44877,0.48566
2016_02_NO_NYG,2016,2,0.59900,3.06964,0.47990
2016_02_NYJ_BUF,2016,2,0.52036,0.73936,0.47489
2016_02_PHI_CHI,2016,2,0.55448,1.73956,0.46732
2016_02_SEA_LA,2016,2,0.29602,-6.34496,0.47362
2016_02_SF_CAR,2016,2,0.83007,11.74190,0.48252
2016_02_TB_ARI,2016,2,0.73465,7.60271,0.48800
2016_02_TEN_DET,2016,2,0.71344,6.85782,0.49947
2016_03_ARI_BUF,2016,3,0.33768,-5.02895,0.48600
2016_03_ATL_NO,2016,3,0.55103,1.66600,0.47378
2016_03_BAL_JAX,2016,3,0.42576,-2.18839,0.46841
2016_03_CHI_DAL,2016,3,0.70959,6.69137,0.48935
2016_03_CLE_MIA,2016,3,0.79646,10.23850,0.49006
2016_03_DEN_CIN,2016,3,0.61536,3.50236,0.48647
2016_03_DET_GB,2016,3,0.64939,4.78994,0.46808
2016_03_HOU_NE,2016,3,0.52192,0.80589,0.48349
2016_03_LA_TB,2016,3,0.60130,2.98545,0.47863
2016_03_MIN_CAR,2016,3,0.68817,5.94750,0.48564
2016_03_NYJ_KC,2016,3,0.58396,2.66645,0.48137
2016_03_OAK_TEN,2016,3,0.44669,-1.60407,0.48486
2016_03_PIT_PHI,2016,3,0.35766,-4.24477,0.47513
2016_03_SD_IND,2016,3,0.53017,0.90282,0.47737
2016_03_SF_SEA,2016,3,0.78848,9.87485,0.47695
2016_03_WAS_NYG,2016,3,0.61301,3.62692,0.48837
2016_04_BUF_NE,2016,4,0.60013,3.29711,0.48336
2016_04_CAR_ATL,2016,4,0.41686,-2.37121,0.48839
2016_04_CLE_WAS,2016,4,0.73060,7.58596,0.48774
2016_04_DAL_SF,2016,4,0.42698,-2.14626,0.46905
2016_04_DEN_TB,2016,4,0.32210,-5.57580,0.45500
2016_04_DET_CHI,2016,4,0.35405,-4.27308,0.46713
2016_04_IND_JAX,2016,4,0.46650,-0.90284,0.45761
2016_04_KC_PIT,2016,4,0.56919,2.17196,0.47387
2016_04_LA_ARI,2016,4,0.78234,9.61124,0.48054
2016_04_MIA_CIN,2016,4,0.71539,6.89005,0.47718
2016_04_NO_SD,2016,4,0.65868,4.91486,0.50034
2016_04_NYG_MIN,2016,4,0.65060,4.69428,0.50459
2016_04_OAK_BAL,2016,4,0.61864,3.60703,0.48806
2016_04_SEA_NYJ,2016,4,0.46930,-0.95210,0.48717
2016_04_TEN_HOU,2016,4,0.64018,4.32364,0.49136
2016_05_ARI_SF,2016,5,0.38463,-3.42587,0.48756
2016_05_ATL_DEN,2016,5,0.61122,3.55176,0.48722
2016_05_BUF_LA,2016,5,0.41674,-2.48505,0.48667
2016_05_CHI_IND,2016,5,0.62835,4.10921,0.48810
2016_05_CIN_DAL,2016,5,0.43411,-1.90405,0.49549
2016_05_HOU_MIN,2016,5,0.72393,7.29867,0.50618
2016_05_NE_CLE,2016,5,0.19160,-10.73498,0.47528
2016_05_NYG_GB,2016,5,0.75261,8.04035,0.50225
2016_05_NYJ_PIT,2016,5,0.79396,10.20598,0.48957
2016_05_PHI_DET,2016,5,0.33724,-4.50363,0.47121
2016_05_SD_OAK,2016,5,0.60816,3.37190,0.48449
2016_05_TB_CAR,2016,5,0.70891,6.78467,0.49836
2016_05_TEN_MIA,2016,5,0.61023,3.46849,0.50116
2016_05_WAS_BAL,2016,5,0.61777,3.79540,0.48333
2016_06_ATL_SEA,2016,6,0.73409,7.19344,0.48938
2016_06_BAL_NYG,2016,6,0.59337,2.97780,0.47851
2016_06_CAR_NO,2016,6,0.44360,-1.92878,0.49512
2016_06_CIN_NE,2016,6,0.73350,7.70426,0.48954
2016_06_CLE_TEN,2016,6,0.72497,7.37288,0.48451
2016_06_DAL_GB,2016,6,0.62351,3.90649,0.46985
2016_06_DEN_SD,2016,6,0.37708,-3.67870,0.47614
2016_06_IND_HOU,2016,6,0.56591,1.97179,0.47084
2016_06_JAX_CHI,2016,6,0.53687,1.53422,0.47178
2016_06_KC_OAK,2016,6,0.42534,-1.93901,0.47219
2016_06_LA_DET,2016,6,0.61293,3.36974,0.49966
2016_06_NYJ_ARI,2016,6,0.73837,7.70748,0.48959
2016_06_PHI_WAS,2016,6,0.36442,-3.95167,0.47200
2016_06_PIT_MIA,2016,6,0.22795,-8.97445,0.46408
2016_06_SF_BUF,2016,6,0.77968,9.36151,0.51473
2016_07_BAL_NYJ,2016,7,0.52958,1.01299,0.47146
2016_07_BUF_MIA,2016,7,0.38106,-3.50222,0.47123
2016_07_CHI_GB,2016,7,0.73055,7.66045,0.48888
2016_07_CLE_CIN,2016,7,0.81813,11.35618,0.48425
2016_07_HOU_DEN,2016,7,0.77235,9.21491,0.49730
2016_07_IND_TEN,2016,7,0.59625,2.94076,0.47037
2016_07_MIN_PHI,2016,7,0.38291,-3.14625,0.47663
2016_07_NE_PIT,2016,7,0.24669,-8.13020,0.47687
2016_07_NO_KC,2016,7,0.71215,6.91704,0.50037
2016_07_NYG_LA,2016,7,0.38323,-3.26698,0.48238
2016_07_OAK_JAX,2016,7,0.53758,1.06385,0.47982
2016_07_SD_ATL,2016,7,0.66481,5.05187,0.49482
2016_07_SEA_ARI,2016,7,0.57672,2.38686,0.48472
2016_07_TB_SF,2016,7,0.49946,0.28121,0.47553
2016_07_WAS_DET,2016,7,0.50150,0.18601,0.50446
2016_08_ARI_CAR,2016,8,0.60561,2.83407,0.49151
2016_08_DET_HOU,2016,8,0.47536,-0.67117,0.46111
2016_08_GB_ATL,2016,8,0.61163,3.42519,0.49290
2016_08_JAX_TEN,2016,8,0.60235,3.18880,0.48931
2016_08_KC_IND,2016,8,0.38015,-3.52574,0.47846
2016_08_MIN_CHI,2016,8,0.26866,-7.32192,0.45883
2016_08_NE_BUF,2016,8,0.32264,-5.43511,0.48742
2016_08_NYJ_CLE,2016,8,0.40651,-2.71805,0.48313
2016_08_OAK_TB,2016,8,0.51557,0.35817,0.47670
2016_08_PHI_DAL,2016,8,0.68651,5.47419,0.49364
2016_08_SD_DEN,2016,8,0.62745,3.96531,0.49351
2016_08_SEA_NO,2016,8,0.45368,-1.43434,0.47984
2016_08_WAS_CIN,2016,8,0.55854,1.84539,0.46892
2016_09_ATL_TB,2016,9,0.32787,-5.21612,0.47557
2016_09_BUF_SEA,2016,9,0.65189,4.62720,0.47319
2016_09_CAR_LA,2016,9,0.45187,-1.81755,0.50441
2016_09_DAL_CLE,2016,9,0.25154,-8.05861,0.47038
2016_09_DEN_OAK,2016,9,0.51937,0.62624,0.48076
2016_09_DET_MIN,2016,9,0.62265,3.83654,0.48396
2016_09_IND_GB,2016,9,0.72359,7.25918,0.48278
2016_09_JAX_KC,2016,9,0.73688,7.89475,0.50004
2016_09_NO_SF,2016,9,0.35087,-4.97200,0.48686
2016_09_NYJ_MIA,2016,9,0.66274,4.79494,0.50612
2016_09_PHI_NYG,2016,9,0.58301,2.31916,0.47610
2016_09_PIT_BAL,2016,9,0.33876,-4.81479,0.46650
2016_09_TEN_SD,2016,9,0.62443,3.84404,0.49167
2016_10_ATL_PHI,2016,10,0.53880,1.30606,0.47591
2016_10_CHI_TB,2016,10,0.41719,-2.09531,0.49259
2016_10_CIN_NYG,2016,10,0.42181,-1.79485,0.47438
2016_10_CLE_BAL,2016,10,0.72858,7.59263,0.48785
2016_10_DAL_PIT,2016,10,0.55625,1.83804,0.46881
2016_10_DEN_NO,2016,10,0.57136,2.14523,0.47347
2016_10_GB_TEN,2016,10,0.39806,-2.98891,0.48661
2016_10_HOU_JAX,2016,10,0.53146,1.32485,0.46105
2016_10_KC_CAR,2016,10,0.54522,1.40531,0.46227
2016_10_LA_NYJ,2016,10,0.45821,-1.30027,0.48188
2016_10_MIA_SD,2016,10,0.63955,4.19696,0.48943
2016_10_MIN_WAS,2016,10,0.61381,3.16388,0.49653
2016_10_SEA_NE,2016,10,0.80148,9.99722,0.52438
2016_10_SF_ARI,2016,10,0.88870,15.22894,0.50512
2016_11_ARI_MIN,2016,11,0.57120,2.15179,0.48874
2016_11_BAL_DAL,2016,11,0.75358,8.26846,0.50572
2016_11_BUF_CIN,2016,11,0.50658,0.66211,0.45859
2016_11_CHI_NYG,2016,11,0.74395,8.06380,0.50261
2016_11_GB_WAS,2016,11,0.59822,3.03755,0.49461
2016_11_HOU_OAK,2016,11,0.71753,6.81107,0.49116
2016_11_JAX_DET,2016,11,0.74047,7.58758,0.51816
2016_11_MIA_LA,2016,11,0.52988,0.86532,0.48439
2016_11_NE_SF,2016,11,0.15719,-12.65324,0.45384
2016_11_NO_CAR,2016,11,0.60173,3.19813,0.48185
2016_11_PHI_SEA,2016,11,0.69955,6.21946,0.48218
2016_11_PIT_CLE,2016,11,0.21910,-9.37363,0.46561
2016_11_TB_KC,2016,11,0.74634,8.21070,0.50484
2016_11_TEN_IND,2016,11,0.60909,3.15848,0.48885
2016_12_ARI_ATL,2016,12,0.68520,5.42011,0.51562
2016_12_CAR_OAK,2016,12,0.63482,4.06485,0.49502
2016_12_CIN_BAL,2016,12,0.59233,2.95916,0.47823
2016_12_GB_PHI,2016,12,0.64497,4.59354,0.49546
2016_12_JAX_BUF,2016,12,0.78298,9.67589,0.50431
2016_12_KC_DEN,2016,12,0.62545,3.55074,0.48721
2016_12_LA_NO,2016,12,0.73629,7.60855,0.48809
2016_12_MIN_DET,2016,12,0.56204,2.02927,0.48688
2016_12_NE_NYJ,2016,12,0.21493,-9.91708,0.47252
2016_12_NYG_CLE,2016,12,0.27875,-6.99801,0.47888
2016_12_PIT_IND,2016,12,0.24502,-8.20211,0.48337
2016_12_SD_HOU,2016,12,0.38613,-3.10713,0.47722
2016_12_SEA_TB,2016,12,0.35097,-4.68024,0.49130
2016_12_SF_MIA,2016,12,0.75722,8.44609,0.50842
2016_12_TEN_CHI,2016,12,0.26511,-7.45145,0.47200
2016_12_WAS_DAL,2016,12,0.69502,6.17962,0.49677
2016_13_BUF_OAK,2016,13,0.61187,3.35254,0.49179
2016_13_CAR_SEA,2016,13,0.74921,8.10859,0.48050
2016_13_DAL_MIN,2016,13,0.35817,-4.23241,0.46775
2016_13_DEN_JAX,2016,13,0.36943,-4.02363,0.47849
2016_13_DET_NO,2016,13,0.68737,5.89066,0.47719
2016_13_HOU_GB,2016,13,0.72186,7.13542,0.48850
2016_13_IND_NYJ,2016,13,0.51173,0.38473,0.47710
2016_13_KC_ATL,2016,13,0.63720,4.23079,0.47476
2016_13_LA_NE,2016,13,0.88104,14.83580,0.51434
2016_13_MIA_BAL,2016,13,0.59606,3.02897,0.47929
2016_13_NYG_PIT,2016,13,0.72534,7.37324,0.49211
2016_13_PHI_CIN,2016,13,0.51069,0.40352,0.47738
2016_13_SF_CHI,2016,13,0.50946,0.34631,0.49170
2016_13_TB_SD,2016,13,0.61131,3.43555,0.48546
2016_13_WAS_ARI,2016,13,0.53431,1.06933,0.46475
2016_14_ARI_MIA,2016,14,0.45573,-1.32868,0.49664
2016_14_ATL_LA,2016,14,0.31054,-5.91776,0.46494
2016_14_BAL_NE,2016,14,0.70565,6.65315,0.49636
2016_14_CHI_DET,2016,14,0.75537,8.55646,0.50249
2016_14_CIN_CLE,2016,14,0.32490,-5.59418,0.46227
2016_14_DAL_NYG,2016,14,0.34550,-4.65506,0.46892
2016_14_DEN_TEN,2016,14,0.57680,1.98918,0.48627
2016_14_HOU_IND,2016,14,0.71706,7.05434,0.49486
2016_14_MIN_JAX,2016,14,0.37373,-3.79192,0.47442
2016_14_NO_TB,2016,14,0.57727,2.39159,0.49239
2016_14_NYJ_SF,2016,14,0.60216,2.95691,0.48578
2016_14_OAK_KC,2016,14,0.61807,3.63459,0.48848
2016_14_PIT_BUF,2016,14,0.43635,-1.76491,0.47483
2016_14_SD_CAR,2016,14,0.55378,1.58435,0.49532
2016_14_SEA_GB,2016,14,0.41535,-2.56876,0.49299
2016_14_WAS_PHI,2016,14,0.43424,-1.76456,0.48242
2016_15_CAR_WAS,2016,15,0.71437,6.87059,0.48447
2016_15_CLE_BUF,2016,15,0.83212,12.01993,0.50954
2016_15_DET_NYG,2016,15,0.57942,2.53524,0.46423
2016_15_GB_CHI,2016,15,0.31817,-5.51519,0.47104
2016_15_IND_MIN,2016,15,0.64724,4.58234,0.48010
2016_15_JAX_HOU,2016,15,0.64076,4.42788,0.50054
2016_15_LA_SEA,2016,15,0.88014,14.88777,0.48473
2016_15_MIA_NYJ,2016,15,0.41932,-2.36997,0.48841
2016_15_NE_DEN,2016,15,0.41244,-2.66579,0.49152
2016_15_NO_ARI,2016,15,0.58824,2.70313,0.48193
2016_15_OAK_SD,2016,15,0.38981,-3.23045,0.47535
2016_15_PHI_BAL,2016,15,0.64624,4.65331,0.48117
2016_15_PIT_CIN,2016,15,0.39508,-3.08306,0.48518
2016_15_SF_ATL,2016,15,0.89616,16.08692,0.52574
2016_15_TB_DAL,2016,15,0.71967,7.16625,0.48896
2016_15_TEN_KC,2016,15,0.70243,6.58281,0.49529
2016_16_ARI_SEA,2016,16,0.75895,8.63839,0.48095
2016_16_ATL_CAR,2016,16,0.35652,-4.23660,0.46768
2016_16_BAL_PIT,2016,16,0.67333,5.51199,0.48662
2016_16_CIN_HOU,2016,16,0.54138,1.32440,0.46104
2016_16_DEN_KC,2016,16,0.61266,3.55777,0.48732
2016_16_DET_DAL,2016,16,0.70680,6.57916,0.48764
2016_16_IND_OAK,2016,16,0.61417,3.47219,0.48602
2016_16_MIA_BUF,2016,16,0.65142,4.71243,0.48967
2016_16_MIN_GB,2016,16,0.68230,5.82461,0.48377
2016_16_NYG_PHI,2016,16,0.56274,1.99966,0.48643
2016_16_NYJ_NE,2016,16,0.92028,18.36524,0.50719
2016_16_SD_CLE,2016,16,0.31718,-5.73670,0.46768
2016_16_SF_LA,2016,16,0.67768,5.78319,0.48315
2016_16_TB_NO,2016,16,0.57567,2.43299,0.47783
2016_16_TEN_JAX,2016,16,0.32745,-5.25068,0.46747
2016_16_WAS_CHI,2016,16,0.37145,-3.80029,0.47429
2016_17_ARI_LA,2016,17,0.26393,-7.40222,0.48033
2016_17_BAL_CIN,2016,17,0.42162,-2.26475,0.49001
2016_17_BUF_NYJ,2016,17,0.37910,-3.58681,0.48512
2016_17_CAR_TB,2016,17,0.61346,3.46934,0.48597
2016_17_CHI_MIN,2016,17,0.69927,6.40128,0.49254
2016_17_CLE_PIT,2016,17,0.67692,5.70187,0.51989
2016_17_DAL_PHI,2016,17,0.68332,5.73590,0.47484
2016_17_GB_DET,2016,17,0.37967,-3.45549,0.48711
2016_17_HOU_TEN,2016,17,0.56673,2.16504,0.47377
2016_17_JAX_IND,2016,17,0.71074,6.82097,0.50651
2016_17_KC_SD,2016,17,0.30170,-6.24484,0.47513
2016_17_NE_MIA,2016,17,0.25359,-8.02925,0.47840
2016_17_NO_ATL,2016,17,0.75675,8.58305,0.50290
2016_17_NYG_WAS,2016,17,0.77839,9.44207,0.47797
2016_17_OAK_DEN,2016,17,0.54061,1.23780,0.49005
2016_17_SEA_SF,2016,17,0.16568,-12.00700,0.47874
2016_18_DET_SEA,2016,18,0.73122,7.41173,0.47751
2016_18_MIA_PIT,2016,18,0.80737,10.77630,0.48304
2016_18_NYG_GB,2016,18,0.67711,5.54164,0.49467
2016_18_OAK_HOU,2016,18,0.60237,3.01429,0.47148
2016_19_GB_DAL,2016,19,0.70185,6.09990,0.49555
2016_19_HOU_NE,2016,19,0.91758,17.64820,0.51149
2016_19_PIT_KC,2016,19,0.63781,3.97619,0.50887
2016_19_SEA_ATL,2016,19,0.77222,8.70848,0.52000
2016_20_GB_ATL,2016,20,0.70737,6.68889,0.48931
2016_20_PIT_NE,2016,20,0.69065,6.11720,0.49582
2016_21_NE_ATL,2016,21,0.40840,-2.76223,0.49005
2017_01_ARI_DET,2017,1,0.45178,-1.52691,0.50364
2017_01_ATL_CHI,2017,1,0.24973,-7.91591,0.46211
2017_01_BAL_CIN,2017,1,0.57617,2.51453,0.48695
2017_01_CAR_SF,2017,1,0.36288,-4.08255,0.49396
2017_01_IND_LA,2017,1,0.60077,2.94252,0.47700
2017_01_JAX_HOU,2017,1,0.66220,5.10390,0.47981
2017_01_KC_NE,2017,1,0.74531,8.00773,0.48683
2017_01_LAC_DEN,2017,1,0.63062,4.08167,0.50553
2017_01_NO_MIN,2017,1,0.60550,3.34237,0.49265
2017_01_NYG_DAL,2017,1,0.71616,6.89072,0.50220
2017_01_NYJ_BUF,2017,1,0.72492,7.36678,0.49308
2017_01_OAK_TEN,2017,1,0.57619,2.32085,0.48358
2017_01_PHI_WAS,2017,1,0.44404,-1.37047,0.49765
2017_01_PIT_CLE,2017,1,0.19927,-10.03594,0.48607
2017_01_SEA_GB,2017,1,0.60943,3.30717,0.50075
2017_02_ARI_IND,2017,2,0.32407,-5.52908,0.51230
2017_02_BUF_CAR,2017,2,0.68578,5.81755,0.47483
2017_02_CHI_TB,2017,2,0.76107,8.27846,0.50895
2017_02_CLE_BAL,2017,2,0.76023,8.75626,0.50856
2017_02_DAL_DEN,2017,2,0.40318,-2.64990,0.48409
2017_02_DET_NYG,2017,2,0.55589,1.93286,0.46816
2017_02_GB_ATL,2017,2,0.64153,4.42216,0.50275
2017_02_HOU_CIN,2017,2,0.65722,4.94026,0.47696
2017_02_MIA_LAC,2017,2,0.58772,3.06647,0.47916
2017_02_MIN_PIT,2017,2,0.74065,7.81879,0.47485
2017_02_NE_NO,2017,2,0.31811,-5.41741,0.48813
2017_02_NYJ_OAK,2017,2,0.87856,14.47881,0.49503
2017_02_PHI_KC,2017,2,0.64750,4.63745,0.49779
2017_02_SF_SEA,2017,2,0.86552,13.83772,0.49257
2017_02_TEN_JAX,2017,2,0.47799,-0.33191,0.49832
2017_02_WAS_LA,2017,2,0.61922,3.50532,0.49549
2017_03_ATL_DET,2017,3,0.37777,-3.59531,0.47635
2017_03_BAL_JAX,2017,3,0.30712,-5.43735,0.44448
2017_03_CIN_GB,2017,3,0.72667,7.53811,0.49606
2017_03_CLE_IND,2017,3,0.56048,1.93253,0.50293
2017_03_DAL_ARI,2017,3,0.40582,-2.54240,0.49466
2017_03_DEN_BUF,2017,3,0.37740,-3.57822,0.48533
2017_03_HOU_NE,2017,3,0.87851,14.54053,0.50481
2017_03_KC_LAC,2017,3,0.34737,-4.45837,0.46138
2017_03_LA_SF,2017,3,0.36147,-3.96448,0.46994
2017_03_MIA_NYJ,2017,3,0.31949,-5.42181,0.48806
2017_03_NO_CAR,2017,3,0.68301,5.85246,0.49283
2017_03_NYG_PHI,2017,3,0.70983,6.80643,0.51814
2017_03_OAK_WAS,2017,3,0.33875,-4.81477,0.46386
2017_03_PIT_CHI,2017,3,0.23788,-8.34249,0.46338
2017_03_SEA_TEN,2017,3,0.60831,3.24962,0.50845
2017_03_TB_MIN,2017,3,0.45373,-1.16053,0.46654
2017_04_BUF_ATL,2017,4,0.74820,8.17591,0.48976
2017_04_CAR_NE,2017,4,0.79717,10.18669,0.50735
2017_04_CHI_GB,2017,4,0.74657,8.24561,0.49967
2017_04_CIN_CLE,2017,4,0.40514,-2.64371,0.49290
2017_04_DET_MIN,2017,4,0.56476,2.27776,0.48283
2017_04_IND_SEA,2017,4,0.81791,11.23866,0.46479
2017_04_JAX_NYJ,2017,4,0.37963,-3.69241,0.49205
2017_04_LA_DAL,2017,4,0.67467,5.40984,0.49383
2017_04_NO_MIA,2017,4,0.32833,-5.02046,0.46897
2017_04_NYG_TB,2017,4,0.62924,3.96096,0.51213
2017_04_OAK_DEN,2017,4,0.57121,2.49975,0.46932
2017_04_PHI_LAC,2017,4,0.50160,0.06781,0.46183
2017_04_PIT_BAL,2017,4,0.40588,-2.71409,0.50038
2017_04_SF_ARI,2017,4,0.70961,6.93304,0.49423
2017_04_TEN_HOU,2017,4,0.39849,-2.80067,0.48147
2017_04_WAS_KC,2017,4,0.74439,7.87341,0.51060
2017_05_ARI_PHI,2017,5,0.73099,7.31902,0.50966
2017_05_BAL_OAK,2017,5,0.64536,4.30530,0.50942
2017_05_BUF_CIN,2017,5,0.54131,1.40552,0.45902
2017_05_CAR_DET,2017,5,0.55583,1.83232,0.48378
2017_05_GB_DAL,2017,5,0.55735,1.83786,0.47518
2017_05_JAX_PIT,2017,5,0.72807,7.31303,0.48344
2017_05_KC_HOU,2017,5,0.38839,-3.04859,0.46848
2017_05_LAC_NYG,2017,5,0.60469,3.10580,0.48854
2017_05_MIN_CHI,2017,5,0.33203,-5.00310,0.46060
2017_05_NE_TB,2017,5,0.35538,-4.18690,0.47475
2017_05_NYJ_CLE,2017,5,0.40351,-2.66768,0.46641
2017_05_SEA_LA,2017,5,0.56576,2.02410,0.48712
2017_05_SF_IND,2017,5,0.49910,-0.03097,0.50356
2017_05_TEN_MIA,2017,5,0.47314,-0.55388,0.47707
2017_06_CHI_BAL,2017,6,0.70678,6.62982,0.50636
2017_06_CLE_HOU,2017,6,0.78323,9.72094,0.52534
2017_06_DET_NO,2017,6,0.70944,6.39067,0.49350
2017_06_GB_MIN,2017,6,0.38655,-3.16208,0.48388
2017_06_IND_TEN,2017,6,0.72929,7.57055,0.49663
2017_06_LAC_OAK,2017,6,0.63866,4.14006,0.50654
2017_06_LA_JAX,2017,6,0.55754,1.83604,0.50125
2017_06_MIA_ATL,2017,6,0.88415,14.79062,0.50046
2017_06_NE_NYJ,2017,6,0.19753,-10.05297,0.46840
2017_06_NYG_DEN,2017,6,0.88036,14.33658,0.49255
2017_06_PHI_CAR,2017,6,0.54161,1.47492,0.46022
2017_06_PIT_KC,2017,6,0.69835,6.29531,0.53530
2017_06_SF_WAS,2017,6,0.85624,12.84034,0.50132
2017_06_TB_ARI,2017,6,0.39677,-2.93552,0.47912
2017_07_ARI_LA,2017,7,0.59071,3.00282,0.48674
2017_07_ATL_NE,2017,7,0.62586,3.84467,0.50140
2017_07_BAL_MIN,2017,7,0.66062,5.18815,0.48997
2017_07_CAR_CHI,2017,7,0.35378,-4.23512,0.45659
2017_07_CIN_PIT,2017,7,0.56754,2.71439,0.46437
2017_07_DAL_SF,2017,7,0.24473,-7.80219,0.46408
2017_07_DEN_LAC,2017,7,0.46118,-1.00424,0.48662
2017_07_JAX_IND,2017,7,0.39653,-3.30424,0.48140
2017_07_KC_OAK,2017,7,0.37262,-3.92416,0.47064
2017_07_NO_GB,2017,7,0.34838,-4.41431,0.47081
2017_07_NYJ_MIA,2017,7,0.58806,2.69496,0.48139
2017_07_SEA_NYG,2017,7,0.33953,-4.46386,0.47863
2017_07_TB_BUF,2017,7,0.65056,4.24689,0.50840
2017_07_TEN_CLE,2017,7,0.23858,-8.20609,0.43987
2017_07_WAS_PHI,2017,7,0.67390,5.48910,0.49521
2017_08_ATL_NYJ,2017,8,0.30001,-6.12481,0.49323
2017_08_CAR_TB,2017,8,0.56125,2.00564,0.49550
2017_08_CHI_NO,2017,8,0.77042,9.08302,0.51425
2017_08_DAL_WAS,2017,8,0.40633,-2.62040,0.49330
2017_08_DEN_KC,2017,8,0.77989,9.34342,0.52747
2017_08_HOU_SEA,2017,8,0.64347,4.72763,0.46460
2017_08_IND_CIN,2017,8,0.79489,10.37358,0.47580
2017_08_LAC_NE,2017,8,0.75574,8.15898,0.51557
2017_08_MIA_BAL,2017,8,0.57435,2.37188,0.47578
2017_08_MIN_CLE,2017,8,0.13614,-13.28941,0.44703
2017_08_OAK_BUF,2017,8,0.56226,2.07177,0.47925
2017_08_PIT_DET,2017,8,0.44618,-1.98696,0.50433
2017_08_SF_PHI,2017,8,0.89272,15.62965,0.53243
2017_09_ARI_SF,2017,9,0.37049,-3.35320,0.47187
2017_09_ATL_CAR,2017,9,0.39649,-2.83927,0.48949
2017_09_BAL_TEN,2017,9,0.64582,4.09434,0.50575
2017_09_BUF_NYJ,2017,9,0.35938,-4.05909,0.46830
2017_09_CIN_JAX,2017,9,0.72768,7.13500,0.50645
2017_09_DEN_PHI,2017,9,0.78432,9.41345,0.52868
2017_09_DET_GB,2017,9,0.44159,-1.79780,0.49892
2017_09_IND_HOU,2017,9,0.67319,5.72887,0.48198
2017_09_KC_DAL,2017,9,0.50579,0.43341,0.45951
2017_09_LA_NYG,2017,9,0.31205,-5.82330,0.48107
2017_09_OAK_MIA,2017,9,0.39210,-3.23872,0.48254
2017_09_TB_NO,2017,9,0.73726,7.72606,0.49933
2017_09_WAS_SEA,2017,9,0.76088,8.44735,0.49448
2017_10_CIN_TEN,2017,10,0.67229,5.34560,0.50142
2017_10_CLE_DET,2017,10,0.82309,11.87642,0.51066
2017_10_DAL_ATL,2017,10,0.56346,2.00606,0.46076
2017_10_GB_CHI,2017,10,0.65020,4.30636,0.48333
2017_10_HOU_LA,2017,10,0.86206,13.50237,0.51285
2017_10_LAC_JAX,2017,10,0.65166,5.19231,0.49004
2017_10_MIA_CAR,2017,10,0.72405,7.43594,0.47689
2017_10_MIN_WAS,2017,10,0.40298,-2.30331,0.46406
2017_10_NE_DEN,2017,10,0.19153,-9.88065,0.43688
2017_10_NO_BUF,2017,10,0.43372,-1.90842,0.48829
2017_10_NYG_SF,2017,10,0.39497,-3.22693,0.48275
2017_10_NYJ_TB,2017,10,0.50941,0.41170,0.47647
2017_10_PIT_IND,2017,10,0.17082,-11.17590,0.47495
2017_10_SEA_ARI,2017,10,0.28345,-6.76061,0.47347
2017_11_ARI_HOU,2017,11,0.56178,2.02229,0.47839
2017_11_ATL_SEA,2017,11,0.53093,1.04078,0.48741
2017_11_BAL_GB,2017,11,0.37095,-3.15914,0.47524
2017_11_BUF_LAC,2017,11,0.70054,6.42487,0.47670
2017_11_CIN_DEN,2017,11,0.54217,1.49710,0.46927
2017_11_DET_CHI,2017,11,0.35466,-4.14189,0.46686
2017_11_JAX_CLE,2017,11,0.21272,-9.63080,0.44976
2017_11_KC_NYG,2017,11,0.15076,-12.04403,0.45126
2017_11_LA_MIN,2017,11,0.51494,0.47648,0.47759
2017_11_NE_OAK,2017,11,0.26120,-7.81538,0.47252
2017_11_PHI_DAL,2017,11,0.26405,-6.95275,0.47014
2017_11_TB_MIA,2017,11,0.48832,-0.28558,0.49913
2017_11_TEN_PIT,2017,11,0.68886,6.19378,0.47268
2017_11_WAS_NO,2017,11,0.79614,10.21705,0.49918
2017_12_BUF_KC,2017,12,0.77059,9.07160,0.49665
2017_12_CAR_NYJ,2017,12,0.30481,-5.86461,0.48035
2017_12_CHI_PHI,2017,12,0.88895,15.50359,0.51287
2017_12_CLE_CIN,2017,12,0.75999,8.71269,0.50781
2017_12_DEN_OAK,2017,12,0.68585,5.58195,0.52293
2017_12_GB_PIT,2017,12,0.87702,14.61430,0.49739
2017_12_HOU_BAL,2017,12,0.76233,8.54095,0.50482
2017_12_JAX_ARI,2017,12,0.28169,-7.05641,0.47702
2017_12_LAC_DAL,2017,12,0.48319,-0.50409,0.49533
2017_12_MIA_NE,2017,12,0.93316,19.44951,0.52931
2017_12_MIN_DET,2017,12,0.41312,-2.49560,0.48677
2017_12_NO_LA,2017,12,0.57837,2.34762,0.48404
2017_12_NYG_WAS,2017,12,0.72341,7.29646,0.49186
2017_12_SEA_SF,2017,12,0.28398,-7.19396,0.48332
2017_12_TB_ATL,2017,12,0.80322,10.52666,0.48716
2017_12_TEN_IND,2017,12,0.42219,-2.59162,0.49380
2017_13_CAR_NO,2017,13,0.66732,5.35265,0.48413
2017_13_CLE_LAC,2017,13,0.89143,15.57563,0.52282
2017_13_DEN_MIA,2017,13,0.52140,0.45057,0.51195
2017_13_DET_BAL,2017,13,0.55224,1.78518,0.47427
2017_13_HOU_TEN,2017,13,0.72603,7.17357,0.48972
2017_13_IND_JAX,2017,13,0.79716,10.55559,0.49637
2017_13_KC_NYJ,2017,13,0.34275,-4.54444,0.46855
2017_13_LA_ARI,2017,13,0.21385,-9.37275,0.45421
2017_13_MIN_ATL,2017,13,0.55238,1.59416,0.47964
2017_13_NE_BUF,2017,13,0.22255,-8.94513,0.46161
2017_13_NYG_OAK,2017,13,0.81191,10.55646,0.49638
2017_13_PHI_SEA,2017,13,0.35668,-4.35877,0.47177
2017_13_PIT_CIN,2017,13,0.32191,-5.32311,0.47239
2017_13_SF_CHI,2017,13,0.59113,2.76554,0.49132
2017_13_TB_GB,2017,13,0.56410,2.07187,0.47057
2017_13_WAS_DAL,2017,13,0.45833,-1.22810,0.49143
2017_14_BAL_PIT,2017,14,0.67467,5.64608,0.48054
2017_14_CHI_CIN,2017,14,0.68855,6.11111,0.48863
2017_14_DAL_NYG,2017,14,0.35851,-4.09753,0.48500
2017_14_DET_TB,2017,14,0.48030,-0.41552,0.47947
2017_14_GB_CLE,2017,14,0.38641,-3.24541,0.47374
2017_14_IND_BUF,2017,14,0.60548,3.34414,0.48398
2017_14_MIN_CAR,2017,14,0.41899,-2.35225,0.48927
2017_14_NE_MIA,2017,14,0.17172,-11.51929,0.46032
2017_14_NO_ATL,2017,14,0.56965,2.13991,0.48043
2017_14_NYJ_DEN,2017,14,0.39187,-3.00229,0.45198
2017_14_OAK_KC,2017,14,0.66570,5.20175,0.49891
2017_14_PHI_LA,2017,14,0.49790,-0.16788,0.50118
2017_14_SEA_JAX,2017,14,0.60824,3.28448,0.49165
2017_14_SF_HOU,2017,14,0.55173,1.66637,0.49829
2017_14_TEN_ARI,2017,14,0.37959,-3.43598,0.47043
2017_14_WAS_LAC,2017,14,0.72410,7.16251,0.50693
2017_15_ARI_WAS,2017,15,0.66357,5.00921,0.50426
2017_15_ATL_TB,2017,15,0.27202,-7.03839,0.48603
2017_15_BAL_CLE,2017,15,0.22529,-8.80948,0.44669
2017_15_CHI_DET,2017,15,0.67361,5.51745,0.49570
2017_15_CIN_MIN,2017,15,0.85706,13.37035,0.50185
2017_15_DAL_OAK,2017,15,0.42112,-2.27992,0.49923
2017_15_DEN_IND,2017,15,0.45534,-1.44633,0.51374
2017_15_GB_CAR,2017,15,0.61741,3.66031,0.49819
2017_15_HOU_JAX,2017,15,0.82290,11.54395,0.50487
2017_15_LAC_KC,2017,15,0.55470,1.51773,0.49571
2017_15_LA_SEA,2017,15,0.45598,-1.10703,0.48483
2017_15_MIA_BUF,2017,15,0.61611,3.58847,0.48824
2017_15_NE_PIT,2017,15,0.39265,-2.88757,0.47996
2017_15_NYJ_NO,2017,15,0.90925,17.15872,0.49816
2017_15_PHI_NYG,2017,15,0.24355,-8.22222,0.47414
2017_15_TEN_SF,2017,15,0.57535,2.32997,0.48374
2017_16_ATL_NO,2017,16,0.66248,5.23790,0.48214
2017_16_BUF_NE,2017,16,0.83753,12.23416,0.50818
2017_16_CLE_CHI,2017,16,0.72778,7.42336,0.52017
2017_16_DEN_WAS,2017,16,0.62846,3.86882,0.50182
2017_16_DET_CIN,2017,16,0.35000,-4.32408,0.46370
2017_16_IND_BAL,2017,16,0.87735,14.70771,0.50772
2017_16_JAX_SF,2017,16,0.35983,-4.45067,0.47886
2017_16_LAC_NYJ,2017,16,0.26932,-7.54171,0.48597
2017_16_LA_TEN,2017,16,0.30408,-6.16824,0.47508
2017_16_MIA_KC,2017,16,0.81802,11.27536,0.49149
2017_16_MIN_GB,2017,16,0.22138,-9.07068,0.47677
2017_16_NYG_ARI,2017,16,0.60536,3.21671,0.49047
2017_16_OAK_PHI,2017,16,0.79593,10.12964,0.48895
2017_16_PIT_HOU,2017,16,0.21471,-9.36876,0.46293
2017_16_SEA_DAL,2017,16,0.65282,4.55186,0.48760
2017_16_TB_CAR,2017,16,0.79228,10.04601,0.48750
2017_17_ARI_SEA,2017,17,0.76988,8.96603,0.50351
2017_17_BUF_MIA,2017,17,0.42937,-1.99341,0.49551
2017_17_CAR_ATL,2017,17,0.64934,4.71619,0.48176
2017_17_CHI_MIN,2017,17,0.86367,13.81189,0.49212
2017_17_CIN_BAL,2017,17,0.78684,9.79568,0.51795
2017_17_CLE_PIT,2017,17,0.74558,8.19156,0.54216
2017_17_DAL_PHI,2017,17,0.44656,-1.30460,0.52490
2017_17_GB_DET,2017,17,0.75124,8.23106,0.49942
2017_17_HOU_IND,2017,17,0.68691,5.74756,0.49100
2017_17_JAX_TEN,2017,17,0.54159,1.11605,0.46267
2017_17_KC_DEN,2017,17,0.50895,0.54863,0.44424
2017_17_NO_TB,2017,17,0.29544,-6.26337,0.48211
2017_17_NYJ_NE,2017,17,0.92960,19.08833,0.52304
2017_17_OAK_LAC,2017,17,0.71115,7.05882,0.48772
2017_17_SF_LA,2017,17,0.36834,-3.68080,0.53572
2017_17_WAS_NYG,2017,17,0.32981,-5.05473,0.48574
2017_18_ATL_LA,2017,18,0.71138,6.66613,0.48959
2017_18_BUF_JAX,2017,18,0.74579,8.31663,0.48351
2017_18_CAR_NO,2017,18,0.70338,6.58681,0.48821
2017_18_TEN_KC,2017,18,0.76875,9.10659,0.49725
2017_19_ATL_PHI,2017,19,0.45287,-1.58455,0.50263
2017_19_JAX_PIT,2017,19,0.76149,8.07660,0.50544
2017_19_NO_MIN,2017,19,0.70235,6.00752,0.49553
2017_19_TEN_NE,2017,19,0.89598,15.42034,0.52012
2017_20_JAX_NE,2017,20,0.77706,8.96104,0.51213
2017_20_MIN_PHI,2017,20,0.40685,-2.66494,0.49253
2017_21_PHI_NE,2017,21,0.63600,4.20562,0.48158
2018_01_ATL_PHI,2018,1,0.56932,2.25273,0.51319
2018_01_BUF_BAL,2018,1,0.75718,8.46691,0.50761
2018_01_CHI_GB,2018,1,0.68891,6.02142,0.47939
2018_01_CIN_IND,2018,1,0.48913,-0.07274,0.50684
2018_01_DAL_CAR,2018,1,0.59881,3.09062,0.50026
2018_01_HOU_NE,2018,1,0.73622,7.03455,0.50893
2018_01_JAX_NYG,2018,1,0.37374,-3.64418,0.46643
2018_01_KC_LAC,2018,1,0.63172,4.29972,0.50435
2018_01_LA_OAK,2018,1,0.30364,-5.95173,0.48967
2018_01_NYJ_DET,2018,1,0.73997,7.66151,0.50165
2018_01_PIT_CLE,2018,1,0.34050,-4.34013,0.47235
2018_01_SEA_DEN,2018,1,0.58018,2.74166,0.48369
2018_01_SF_MIN,2018,1,0.69655,5.96720,0.48809
2018_01_TB_NO,2018,1,0.79395,9.94920,0.48774
2018_01_TEN_MIA,2018,1,0.47640,-0.53205,0.49787
2018_01_WAS_ARI,2018,1,0.58211,2.48299,0.49816
2018_02_ARI_LA,2018,2,0.87189,14.08079,0.50007
2018_02_BAL_CIN,2018,2,0.48937,-0.19635,0.46542
2018_02_CAR_ATL,2018,2,0.64565,4.53363,0.46989
2018_02_CLE_NO,2018,2,0.80361,10.23811,0.49338
2018_02_DET_SF,2018,2,0.69830,6.32822,0.49514
2018_02_HOU_TEN,2018,2,0.37628,-3.73384,0.48417
2018_02_IND_WAS,2018,2,0.69543,6.16926,0.49203
2018_02_KC_PIT,2018,2,0.62423,4.05187,0.47999
2018_02_LAC_BUF,2018,2,0.28818,-6.90747,0.50030
2018_02_MIA_NYJ,2018,2,0.59677,3.02141,0.48915
2018_02_MIN_GB,2018,2,0.41248,-2.20475,0.48473
2018_02_NE_JAX,2018,2,0.40328,-2.23317,0.48418
2018_02_NYG_DAL,2018,2,0.63219,3.96337,0.50754
2018_02_OAK_DEN,2018,2,0.68192,5.91379,0.49681
2018_02_PHI_TB,2018,2,0.39692,-2.68057,0.49497
2018_02_SEA_CHI,2018,2,0.64840,4.52641,0.47949
2018_03_BUF_MIN,2018,3,0.89447,15.96213,0.47824
2018_03_CHI_ARI,2018,3,0.29702,-6.07027,0.48736
2018_03_CIN_CAR,2018,3,0.57137,2.35949,0.48599
2018_03_DAL_SEA,2018,3,0.53505,1.21663,0.49296
2018_03_DEN_BAL,2018,3,0.70147,6.17156,0.50184
2018_03_GB_WAS,2018,3,0.41689,-2.09229,0.49669
2018_03_IND_PHI,2018,3,0.72567,7.26237,0.50362
2018_03_LAC_LA,2018,3,0.74462,7.78182,0.49423
2018_03_NE_DET,2018,3,0.25449,-7.40465,0.48083
2018_03_NO_ATL,2018,3,0.54617,1.48257,0.48839
2018_03_NYG_HOU,2018,3,0.72376,7.29392,0.50423
2018_03_NYJ_CLE,2018,3,0.57757,2.67292,0.48235
2018_03_OAK_MIA,2018,3,0.62980,3.89862,0.50628
2018_03_PIT_TB,2018,3,0.52510,1.13781,0.49142
2018_03_SF_KC,2018,3,0.72818,7.18454,0.51186
2018_03_TEN_JAX,2018,3,0.80233,10.73895,0.50316
2018_04_BAL_PIT,2018,4,0.58909,2.81320,0.48508
2018_04_BUF_GB,2018,4,0.71230,7.01426,0.45980
2018_04_CIN_ATL,2018,4,0.61501,3.59798,0.49064
2018_04_CLE_OAK,2018,4,0.60541,3.05430,0.49955
2018_04_DET_DAL,2018,4,0.56216,1.99825,0.47894
2018_04_HOU_IND,2018,4,0.47265,-0.75375,0.49354
2018_04_KC_DEN,2018,4,0.31221,-5.23829,0.45490
2018_04_MIA_NE,2018,4,0.70353,6.15720,0.48204
2018_04_MIN_LA,2018,4,0.78490,9.52949,0.52833
2018_04_NO_NYG,2018,4,0.34801,-4.28484,0.47343
2018_04_NYJ_JAX,2018,4,0.74437,8.04315,0.49934
2018_04_PHI_TEN,2018,4,0.38477,-3.37101,0.48149
2018_04_SEA_ARI,2018,4,0.37492,-3.61493,0.48649
2018_04_SF_LAC,2018,4,0.79813,10.45364,0.49759
2018_04_TB_CHI,2018,4,0.55322,1.73293,0.46404
2018_05_ARI_SF,2018,5,0.58609,2.83502,0.48551
2018_05_ATL_PIT,2018,5,0.60387,3.24383,0.48373
2018_05_BAL_CLE,2018,5,0.32886,-4.75419,0.45459
2018_05_DAL_HOU,2018,5,0.62532,4.23517,0.50309
2018_05_DEN_NYJ,2018,5,0.47059,-0.72467,0.49411
2018_05_GB_DET,2018,5,0.53267,1.23693,0.49336
2018_05_IND_NE,2018,5,0.79993,10.08614,0.48066
2018_05_JAX_KC,2018,5,0.61297,3.42934,0.49711
2018_05_LA_SEA,2018,5,0.23103,-8.62651,0.46678
2018_05_MIA_CIN,2018,5,0.71346,6.82075,0.50476
2018_05_MIN_PHI,2018,5,0.63684,4.22995,0.50298
2018_05_NYG_CAR,2018,5,0.76818,8.47665,0.51756
2018_05_OAK_LAC,2018,5,0.66776,5.60377,0.49076
2018_05_TEN_BUF,2018,5,0.29891,-5.99448,0.48884
2018_05_WAS_NO,2018,5,0.66859,5.37589,0.48631
2018_06_ARI_MIN,2018,6,0.79317,10.11079,0.49089
2018_06_BAL_TEN,2018,6,0.41215,-2.50809,0.48857
2018_06_BUF_HOU,2018,6,0.81229,11.08804,0.50021
2018_06_CAR_WAS,2018,6,0.43643,-1.39830,0.48096
2018_06_CHI_MIA,2018,6,0.23543,-8.23612,0.47437
2018_06_IND_NYJ,2018,6,0.57078,2.29178,0.48467
2018_06_JAX_DAL,2018,6,0.38666,-3.29059,0.48306
2018_06_KC_NE,2018,6,0.59852,2.91948,0.46767
2018_06_LAC_CLE,2018,6,0.52163,0.59155,0.48076
2018_06_LA_DEN,2018,6,0.22318,-8.78277,0.45404
2018_06_PHI_NYG,2018,6,0.40657,-2.31451,0.47285
2018_06_PIT_CIN,2018,6,0.51390,0.73676,0.48359
2018_06_SEA_OAK,2018,6,0.36259,-3.70967,0.47489
2018_06_SF_GB,2018,6,0.78572,9.55261,0.49952
2018_06_TB_ATL,2018,6,0.56944,2.58770,0.48069
2018_07_BUF_IND,2018,7,0.72450,7.24136,0.49344
2018_07_CAR_PHI,2018,7,0.67789,5.63979,0.50122
2018_07_CIN_KC,2018,7,0.72667,7.34349,0.50520
2018_07_CLE_TB,2018,7,0.66342,4.95469,0.51713
2018_07_DAL_WAS,2018,7,0.46230,-0.97112,0.49906
2018_07_DEN_ARI,2018,7,0.48309,-0.59496,0.49664
2018_07_DET_MIA,2018,7,0.36361,-3.57987,0.47742
2018_07_HOU_JAX,2018,7,0.62507,3.91606,0.48709
2018_07_LA_SF,2018,7,0.21009,-9.33975,0.46263
2018_07_MIN_NYJ,2018,7,0.41106,-2.47074,0.50883
2018_07_NE_CHI,2018,7,0.47165,-0.27278,0.50293
2018_07_NO_BAL,2018,7,0.54960,1.88941,0.47682
2018_07_NYG_ATL,2018,7,0.69373,5.98291,0.51768
2018_07_TEN_LAC,2018,7,0.64901,5.51149,0.46946
2018_08_BAL_CAR,2018,8,0.40419,-2.62414,0.48631
2018_08_CLE_PIT,2018,8,0.82564,11.06118,0.53867
2018_08_DEN_KC,2018,8,0.80242,10.29942,0.52385
2018_08_GB_LA,2018,8,0.74795,8.36891,0.50570
2018_08_IND_OAK,2018,8,0.41335,-2.75524,0.50327
2018_08_MIA_HOU,2018,8,0.73943,7.70571,0.49275
2018_08_NE_BUF,2018,8,0.12057,-14.15059,0.47604
2018_08_NO_MIN,2018,8,0.38611,-3.06702,0.47767
2018_08_NYJ_CHI,2018,8,0.77716,9.40189,0.50634
2018_08_PHI_JAX,2018,8,0.29657,-5.70207,0.45560
2018_08_SEA_DET,2018,8,0.59159,2.89739,0.48673
2018_08_SF_ARI,2018,8,0.42815,-2.24225,0.49376
2018_08_TB_CIN,2018,8,0.62434,3.75855,0.49378
2018_08_WAS_NYG,2018,8,0.43899,-1.31385,0.48261
2018_09_ATL_WAS,2018,9,0.49570,0.27941,0.46495
2018_09_CHI_BUF,2018,9,0.16145,-12.05961,0.45837
2018_09_DET_MIN,2018,9,0.61675,3.78671,0.47482
2018_09_GB_NE,2018,9,0.69421,5.86541,0.50563
2018_09_HOU_DEN,2018,9,0.48558,-0.05768,0.46812
2018_09_KC_CLE,2018,9,0.20429,-9.60430,0.44782
2018_09_LAC_SEA,2018,9,0.52154,0.81243,0.48507
2018_09_LA_NO,2018,9,0.43586,-1.93136,0.49983
2018_09_NYJ_MIA,2018,9,0.60264,3.18895,0.49242
2018_09_OAK_SF,2018,9,0.44543,-1.28163,0.49299
2018_09_PIT_BAL,2018,9,0.53033,1.20365,0.48295
2018_09_TB_CAR,2018,9,0.70252,6.34450,0.49546
2018_09_TEN_DAL,2018,9,0.62740,4.17177,0.48233
2018_10_ARI_KC,2018,10,0.91133,17.67686,0.51171
2018_10_ATL_CLE,2018,10,0.26914,-6.87345,0.46198
2018_10_BUF_NYJ,2018,10,0.70910,6.77502,0.49410
2018_10_CAR_PIT,2018,10,0.61354,3.61420,0.49096
2018_10_DAL_PHI,2018,10,0.78660,9.38014,0.52543
2018_10_DET_CHI,2018,10,0.74907,8.17310,0.50187
2018_10_JAX_IND,2018,10,0.60211,3.29665,0.49452
2018_10_LAC_OAK,2018,10,0.18147,-10.94297,0.48009
2018_10_MIA_GB,2018,10,0.83845,12.24347,0.47398
2018_10_NE_TEN,2018,10,0.30977,-5.58146,0.49690
2018_10_NO_CIN,2018,10,0.32773,-5.26653,0.49329
2018_10_NYG_SF,2018,10,0.59123,3.04198,0.48955
2018_10_SEA_LA,2018,10,0.80054,10.35888,0.49574
2018_10_WAS_TB,2018,10,0.62868,4.01532,0.49879
2018_11_CAR_DET,2018,11,0.35134,-4.19250,0.48497
2018_11_CIN_BAL,2018,11,0.72138,6.97528,0.49801
2018_11_DAL_ATL,2018,11,0.63648,4.19119,0.50223
2018_11_DEN_LAC,2018,11,0.70852,7.03123,0.47958
2018_11_GB_SEA,2018,11,0.61887,3.61327,0.50071
2018_11_HOU_WAS,2018,11,0.34710,-4.18908,0.46556
2018_11_KC_LA,2018,11,0.58558,2.72607,0.48338
2018_11_MIN_CHI,2018,11,0.57946,2.91550,0.49684
2018_11_OAK_ARI,2018,11,0.65102,4.45471,0.48785
2018_11_PHI_NO,2018,11,0.73539,7.60397,0.50052
2018_11_PIT_JAX,2018,11,0.32266,-5.14438,0.46643
2018_11_TB_NYG,2018,11,0.57181,2.37798,0.47660
2018_11_TEN_IND,2018,11,0.52078,1.22666,0.47365
2018_12_ARI_LAC,2018,12,0.86802,14.46031,0.49772
2018_12_ATL_NO,2018,12,0.83612,12.19936,0.50239
2018_12_CHI_DET,2018,12,0.40853,-2.51615,0.49818
2018_12_CLE_CIN,2018,12,0.46578,-0.80311,0.49257
2018_12_GB_MIN,2018,12,0.62979,3.91603,0.48709
2018_12_JAX_BUF,2018,12,0.39685,-3.03405,0.48807
2018_12_MIA_IND,2018,12,0.77446,9.62743,0.50098
2018_12_NE_NYJ,2018,12,0.13690,-12.87434,0.49118
2018_12_NYG_PHI,2018,12,0.67514,5.28909,0.50414
2018_12_OAK_BAL,2018,12,0.87162,13.79743,0.50430
2018_12_PIT_DEN,2018,12,0.34393,-4.27124,0.46396
2018_12_SEA_CAR,2018,12,0.60786,3.28153,0.49423
2018_12_SF_TB,2018,12,0.52800,1.02885,0.47954
2018_12_TEN_HOU,2018,12,0.60349,3.52882,0.48929
2018_12_WAS_DAL,2018,12,0.73234,7.61478,0.50073
2018_13_ARI_GB,2018,13,0.85917,13.68796,0.49240
2018_13_BAL_ATL,2018,13,0.57875,2.55579,0.48982
2018_13_BUF_MIA,2018,13,0.61609,3.50088,0.48875
2018_13_CAR_TB,2018,13,0.36800,-3.67115,0.48539
2018_13_CHI_NYG,2018,13,0.36941,-3.47078,0.48930
2018_13_CLE_HOU,2018,13,0.69056,5.81938,0.50473
2018_13_DEN_CIN,2018,13,0.38017,-3.64146,0.48597
2018_13_IND_JAX,2018,13,0.34144,-4.74182,0.47426
2018_13_KC_OAK,2018,13,0.09164,-16.16849,0.44658
2018_13_LAC_PIT,2018,13,0.65558,4.42662,0.50682
2018_13_LA_DET,2018,13,0.16423,-11.61391,0.46702
2018_13_MIN_NE,2018,13,0.69621,6.05007,0.48971
2018_13_NO_DAL,2018,13,0.24327,-7.99982,0.46924
2018_13_NYJ_TEN,2018,13,0.81908,10.99869,0.49847
2018_13_SF_SEA,2018,13,0.81765,10.96416,0.50756
2018_13_WAS_PHI,2018,13,0.71033,6.74579,0.51306
2018_14_ATL_GB,2018,14,0.59918,3.41663,0.47735
2018_14_BAL_KC,2018,14,0.73466,7.79559,0.51403
2018_14_CAR_CLE,2018,14,0.44801,-1.09163,0.48694
2018_14_CIN_LAC,2018,14,0.91266,17.66836,0.50178
2018_14_DEN_SF,2018,14,0.36825,-3.60628,0.47690
2018_14_DET_ARI,2018,14,0.42362,-2.22925,0.49402
2018_14_IND_HOU,2018,14,0.65058,4.57336,0.49993
2018_14_JAX_TEN,2018,14,0.68742,5.84341,0.49544
2018_14_LA_CHI,2018,14,0.41235,-2.37045,0.50102
2018_14_MIN_SEA,2018,14,0.63507,4.23062,0.51276
2018_14_NE_MIA,2018,14,0.22442,-8.76400,0.48358
2018_14_NO_TB,2018,14,0.21684,-9.04066,0.47818
2018_14_NYG_WAS,2018,14,0.39188,-3.14794,0.48584
2018_14_NYJ_BUF,2018,14,0.64157,4.69288,0.49250
2018_14_PHI_DAL,2018,14,0.57830,2.70389,0.47321
2018_14_PIT_OAK,2018,14,0.16754,-11.33045,0.47254
2018_15_ARI_ATL,2018,15,0.80660,10.62883,0.50101
2018_15_CLE_DEN,2018,15,0.54457,1.42618,0.49705
2018_15_DAL_IND,2018,15,0.60284,3.30987,0.49478
2018_15_DET_BUF,2018,15,0.55091,2.06279,0.48020
2018_15_GB_CHI,2018,15,0.70976,6.72124,0.50281
2018_15_HOU_NYJ,2018,15,0.24682,-7.92680,0.47066
2018_15_LAC_KC,2018,15,0.64393,4.29936,0.50434
2018_15_MIA_MIN,2018,15,0.72969,7.39177,0.48662
2018_15_NE_PIT,2018,15,0.42614,-1.70386,0.50428
2018_15_NO_CAR,2018,15,0.27312,-6.71126,0.47486
2018_15_OAK_CIN,2018,15,0.60908,3.15859,0.49183
2018_15_PHI_LA,2018,15,0.85770,13.36916,0.48618
2018_15_SEA_SF,2018,15,0.33005,-4.68313,0.46568
2018_15_TB_BAL,2018,15,0.75655,8.37852,0.48636
2018_15_TEN_NYG,2018,15,0.40343,-2.32853,0.49208
2018_15_WAS_JAX,2018,15,0.73557,7.61877,0.49105
2018_16_ATL_CAR,2018,16,0.39714,-2.72849,0.48427
2018_16_BAL_LAC,2018,16,0.64157,4.61947,0.50083
2018_16_BUF_NE,2018,16,0.87824,14.26780,0.49396
2018_16_CHI_SF,2018,16,0.34326,-4.44305,0.47035
2018_16_CIN_CLE,2018,16,0.78248,9.77447,0.48433
2018_16_DEN_OAK,2018,16,0.38525,-3.11792,0.47668
2018_16_GB_NYJ,2018,16,0.39426,-2.98432,0.48904
2018_16_HOU_PHI,2018,16,0.51317,0.46080,0.47821
2018_16_JAX_MIA,2018,16,0.57535,2.56122,0.48017
2018_16_KC_SEA,2018,16,0.46260,-1.00079,0.48871
2018_16_LA_ARI,2018,16,0.10730,-15.31338,0.47287
2018_16_MIN_DET,2018,16,0.30556,-5.78174,0.50276
2018_16_NYG_IND,2018,16,0.80370,10.43656,0.49725
2018_16_PIT_NO,2018,16,0.69913,6.22490,0.48336
2018_16_TB_DAL,2018,16,0.70316,6.61159,0.48115
2018_16_WAS_TEN,2018,16,0.85632,12.94742,0.49747
2018_17_ARI_SEA,2018,17,0.90955,17.14789,0.52090
2018_17_ATL_TB,2018,17,0.40499,-2.43510,0.49000
2018_17_CAR_NO,2018,17,0.75652,8.20585,0.49275
2018_17_CHI_MIN,2018,17,0.63975,4.34275,0.45647
2018_17_CIN_PIT,2018,17,0.87619,14.57835,0.50002
2018_17_CLE_BAL,2018,17,0.71860,6.87854,0.48636
2018_17_DAL_NYG,2018,17,0.71816,6.95438,0.47809
2018_17_DET_GB,2018,17,0.69776,6.37574,0.46682
2018_17_IND_TEN,2018,17,0.32349,-5.42814,0.48038
2018_17_JAX_HOU,2018,17,0.73803,7.76545,0.50368
2018_17_LAC_DEN,2018,17,0.29013,-6.32498,0.50191
2018_17_MIA_BUF,2018,17,0.66616,5.42559,0.48728
2018_17_NYJ_NE,2018,17,0.86899,13.72317,0.48333
2018_17_OAK_KC,2018,17,0.89221,15.58254,0.50987
2018_17_PHI_WAS,2018,17,0.26290,-7.03391,0.46858
2018_17_SF_LA,2018,17,0.82051,11.13619,0.50115
2018_18_IND_HOU,2018,18,0.56547,2.06226,0.48995
2018_18_LAC_BAL,2018,18,0.61141,3.31895,0.49496
2018_18_PHI_CHI,2018,18,0.68729,6.14536,0.48181
2018_18_SEA_DAL,2018,18,0.55992,2.02971,0.47956
2018_19_DAL_LA,2018,19,0.77351,8.70626,0.51228
2018_19_IND_KC,2018,19,0.64913,4.63997,0.50123
2018_19_LAC_NE,2018,19,0.68338,5.22370,0.51262
2018_19_PHI_NO,2018,19,0.76454,8.54698,0.48965
2018_20_LA_NO,2018,20,0.59631,2.99550,0.48864
2018_20_NE_KC,2018,20,0.59068,3.15399,0.49174
2018_21_NE_LA,2018,21,0.39275,-2.52262,0.47853
2019_01_ATL_MIN,2019,1,0.60791,3.28057,0.48326
2019_01_BAL_MIA,2019,1,0.30535,-5.96991,0.50707
2019_01_BUF_NYJ,2019,1,0.56835,2.12257,0.48025
2019_01_CIN_SEA,2019,1,0.77314,8.96338,0.47722
2019_01_DEN_OAK,2019,1,0.39415,-3.14076,0.48476
2019_01_DET_ARI,2019,1,0.44230,-1.73636,0.50199
2019_01_GB_CHI,2019,1,0.63180,4.00745,0.49711
2019_01_HOU_NO,2019,1,0.67360,5.43398,0.46717
2019_01_IND_LAC,2019,1,0.69143,5.93603,0.48622
2019_01_KC_JAX,2019,1,0.39743,-3.01630,0.49666
2019_01_LA_CAR,2019,1,0.45823,-1.26446,0.49193
2019_01_NYG_DAL,2019,1,0.70322,6.35811,0.47522
2019_01_PIT_NE,2019,1,0.66191,4.96487,0.47725
2019_01_SF_TB,2019,1,0.55444,1.36482,0.49439
2019_01_TEN_CLE,2019,1,0.64454,4.73641,0.47291
2019_01_WAS_PHI,2019,1,0.80513,10.40946,0.48571
2019_02_ARI_BAL,2019,2,0.85564,13.05997,0.48858
2019_02_BUF_NYG,2019,2,0.47035,-0.71002,0.49296
2019_02_CHI_DEN,2019,2,0.40757,-2.64604,0.49418
2019_02_CLE_NYJ,2019,2,0.32109,-5.58742,0.50483
2019_02_DAL_WAS,2019,2,0.29870,-6.19340,0.48376
2019_02_IND_TEN,2019,2,0.63354,3.93979,0.50535
2019_02_JAX_HOU,2019,2,0.75784,8.33484,0.50335
2019_02_KC_OAK,2019,2,0.26412,-7.35483,0.48068
2019_02_LAC_DET,2019,2,0.46880,-0.91258,0.48910
2019_02_MIN_GB,2019,2,0.57480,2.39181,0.47586
2019_02_NE_MIA,2019,2,0.09746,-16.28202,0.52017
2019_02_NO_LA,2019,2,0.57120,2.04754,0.48834
2019_02_PHI_ATL,2019,2,0.41615,-2.28323,0.46305
2019_02_SEA_PIT,2019,2,0.60494,3.17575,0.47176
2019_02_SF_CIN,2019,2,0.54246,1.16754,0.49063
2019_02_TB_CAR,2019,2,0.72009,6.87575,0.49460
2019_03_ATL_IND,2019,3,0.53834,1.24026,0.49202
2019_03_BAL_KC,2019,3,0.64340,4.25543,0.48278
2019_03_CAR_ARI,2019,3,0.59794,2.93871,0.49580
2019_03_CHI_WAS,2019,3,0.32839,-5.01269,0.48720
2019_03_CIN_BUF,2019,3,0.67053,5.25884,0.48285
2019_03_DEN_GB,2019,3,0.70726,6.35217,0.47511
2019_03_DET_PHI,2019,3,0.63129,3.95075,0.48650
2019_03_HOU_LAC,2019,3,0.58820,2.57805,0.47941
2019_03_LA_CLE,2019,3,0.35986,-4.09925,0.48555
2019_03_MIA_DAL,2019,3,0.94839,21.65056,0.48079
2019_03_NO_SEA,2019,3,0.70690,6.37199,0.51358
2019_03_NYG_TB,2019,3,0.65774,4.79631,0.48356
2019_03_NYJ_NE,2019,3,0.94062,20.18682,0.48148
2019_03_OAK_MIN,2019,3,0.75871,8.28334,0.48331
2019_03_PIT_SF,2019,3,0.75194,7.98686,0.52528
2019_03_TEN_JAX,2019,3,0.39357,-2.84459,0.46188
2019_04_CAR_HOU,2019,4,0.67116,5.36605,0.48489
2019_04_CIN_PIT,2019,4,0.56376,1.91838,0.45740
2019_04_CLE_BAL,2019,4,0.74115,7.81648,0.49347
2019_04_DAL_NO,2019,4,0.35376,-4.34396,0.45244
2019_04_JAX_DEN,2019,4,0.56632,2.18209,0.48139
2019_04_KC_DET,2019,4,0.24895,-7.89491,0.47992
2019_04_LAC_MIA,2019,4,0.12856,-14.28428,0.50108
2019_04_MIN_CHI,2019,4,0.47597,-0.60513,0.49496
2019_04_NE_BUF,2019,4,0.26347,-7.30478,0.48164
2019_04_OAK_IND,2019,4,0.72185,6.63143,0.50900
2019_04_PHI_GB,2019,4,0.59050,2.85910,0.47524
2019_04_SEA_ARI,2019,4,0.31444,-5.57190,0.48607
2019_04_TB_LA,2019,4,0.80236,9.90454,0.50468
2019_04_TEN_ATL,2019,4,0.57067,2.35219,0.46561
2019_04_WAS_NYG,2019,4,0.58641,2.73271,0.48235
2019_05_ARI_CIN,2019,5,0.57119,2.13159,0.47092
2019_05_ATL_HOU,2019,5,0.64534,4.39552,0.49497
2019_05_BAL_PIT,2019,5,0.34871,-4.57250,0.46704
2019_05_BUF_TEN,2019,5,0.63399,3.95736,0.49615
2019_05_CHI_OAK,2019,5,0.25137,-7.29938,0.47223
2019_05_CLE_SF,2019,5,0.69935,5.58130,0.49852
2019_05_DEN_LAC,2019,5,0.64171,4.16226,0.49053
2019_05_GB_DAL,2019,5,0.62421,3.78286,0.49283
2019_05_IND_KC,2019,5,0.79952,10.26602,0.48298
2019_05_JAX_CAR,2019,5,0.58748,2.68836,0.48151
2019_05_LA_SEA,2019,5,0.54906,1.50715,0.48758
2019_05_MIN_NYG,2019,5,0.33094,-4.96006,0.49773
2019_05_NE_WAS,2019,5,0.09495,-16.16304,0.47482
2019_05_NYJ_PHI,2019,5,0.84950,13.22301,0.47265
2019_05_TB_NO,2019,5,0.54975,1.46167,0.45821
2019_06_ATL_ARI,2019,6,0.43492,-1.92752,0.50788
2019_06_CAR_TB,2019,6,0.39235,-2.66994,0.47469
2019_06_CIN_BAL,2019,6,0.80629,10.58675,0.48909
2019_06_DAL_NYJ,2019,6,0.25200,-7.81864,0.47186
2019_06_DET_GB,2019,6,0.56320,2.46295,0.46772
2019_06_HOU_KC,2019,6,0.59158,2.85157,0.47510
2019_06_NO_JAX,2019,6,0.56986,2.31201,0.48386
2019_06_NYG_NE,2019,6,0.89377,15.65077,0.47128
2019_06_PHI_MIN,2019,6,0.58130,2.67823,0.47180
2019_06_PIT_LAC,2019,6,0.70683,6.39021,0.49487
2019_06_SEA_CLE,2019,6,0.47909,-0.46103,0.45968
2019_06_SF_LA,2019,6,0.56706,2.13350,0.47095
2019_06_TEN_DEN,2019,6,0.49929,0.23765,0.47293
2019_06_WAS_MIA,2019,6,0.36083,-4.84767,0.50940
2019_07_ARI_NYG,2019,7,0.56326,1.86732,0.45643
2019_07_BAL_SEA,2019,7,0.61036,3.09697,0.48929
2019_07_HOU_IND,2019,7,0.53376,0.66549,0.47156
2019_07_JAX_CIN,2019,7,0.35560,-4.12958,0.48497
2019_07_KC_DEN,2019,7,0.36994,-3.64377,0.47519
2019_07_LAC_TEN,2019,7,0.55267,1.71729,0.46306
2019_07_LA_ATL,2019,7,0.38292,-3.28726,0.48197
2019_07_MIA_BUF,2019,7,0.90567,16.30772,0.47426
2019_07_MIN_DET,2019,7,0.38108,-3.31131,0.47200
2019_07_NE_NYJ,2019,7,0.19104,-10.12230,0.47560
2019_07_NO_CHI,2019,7,0.68774,5.41092,0.51432
2019_07_OAK_GB,2019,7,0.66722,5.34187,0.48443
2019_07_PHI_DAL,2019,7,0.59179,2.88025,0.48516
2019_07_SF_WAS,2019,7,0.18450,-10.81419,0.47195
2019_08_ARI_NO,2019,8,0.82065,11.09600,0.46076
2019_08_CAR_SF,2019,8,0.60201,3.60231,0.47036
2019_08_CIN_LA,2019,8,0.81233,11.12159,0.47073
2019_08_CLE_NE,2019,8,0.74687,8.48041,0.46805
2019_08_DEN_IND,2019,8,0.70478,6.31393,0.49342
2019_08_GB_KC,2019,8,0.28398,-6.72045,0.45477
2019_08_LAC_CHI,2019,8,0.61774,3.53568,0.48812
2019_08_MIA_PIT,2019,8,0.86777,13.33681,0.47482
2019_08_NYG_DET,2019,8,0.71847,6.93399,0.49571
2019_08_NYJ_JAX,2019,8,0.72633,7.12311,0.48978
2019_08_OAK_HOU,2019,8,0.70460,6.18198,0.50996
2019_08_PHI_BUF,2019,8,0.52508,0.93531,0.48621
2019_08_SEA_ATL,2019,8,0.21085,-9.48048,0.44986
2019_08_TB_TEN,2019,8,0.49907,0.58224,0.46050
2019_08_WAS_MIN,2019,8,0.91421,17.21532,0.50107
2019_09_CHI_PHI,2019,9,0.62383,3.90677,0.46665
2019_09_CLE_DEN,2019,9,0.36352,-4.00683,0.48731
2019_09_DAL_NYG,2019,9,0.21620,-8.72471,0.44525
2019_09_DET_OAK,2019,9,0.54131,1.37612,0.46607
2019_09_GB_LAC,2019,9,0.34294,-4.76026,0.47297
2019_09_HOU_JAX,2019,9,0.47296,-0.52012,0.45856
2019_09_IND_PIT,2019,9,0.50410,0.22926,0.47277
2019_09_MIN_KC,2019,9,0.26998,-7.23489,0.45450
2019_09_NE_BAL,2019,9,0.43292,-2.13307,0.50396
2019_09_NYJ_MIA,2019,9,0.41860,-2.48534,0.50677
2019_09_SF_ARI,2019,9,0.18345,-10.68283,0.48396
2019_09_TB_SEA,2019,9,0.67416,4.99546,0.50641
2019_09_TEN_CAR,2019,9,0.58861,2.71328,0.47247
2019_09_WAS_BUF,2019,9,0.80143,10.36171,0.48481
2019_10_ARI_TB,2019,10,0.65521,4.70692,0.47235
2019_10_ATL_NO,2019,10,0.87081,13.95860,0.48665
2019_10_BAL_CIN,2019,10,0.18632,-11.13949,0.47527
2019_10_BUF_CLE,2019,10,0.56337,2.09360,0.47020
2019_10_CAR_GB,2019,10,0.67108,5.39940,0.49505
2019_10_DET_CHI,2019,10,0.70109,6.34256,0.49397
2019_10_KC_TEN,2019,10,0.29940,-5.93030,0.46974
2019_10_LAC_OAK,2019,10,0.43938,-1.37825,0.48024
2019_10_LA_PIT,2019,10,0.32121,-5.09341,0.46665
2019_10_MIA_IND,2019,10,0.78180,9.46095,0.45820
2019_10_MIN_DAL,2019,10,0.58299,2.59727,0.47027
2019_10_NYG_NYJ,2019,10,0.40376,-2.72909,0.49260
2019_10_SEA_SF,2019,10,0.69004,6.07823,0.47941
2019_11_ARI_SF,2019,11,0.78801,9.57600,0.47937
2019_11_ATL_CAR,2019,11,0.62728,3.69163,0.49109
2019_11_BUF_MIA,2019,11,0.29440,-6.45366,0.49785
2019_11_CHI_LA,2019,11,0.66227,4.88206,0.48519
2019_11_CIN_OAK,2019,11,0.85662,13.30494,0.49325
2019_11_DAL_DET,2019,11,0.22484,-8.93309,0.46021
2019_11_DEN_MIN,2019,11,0.78587,10.01010,0.48763
2019_11_HOU_BAL,2019,11,0.57920,2.98797,0.46819
2019_11_JAX_IND,2019,11,0.51988,1.21176,0.46295
2019_11_KC_LAC,2019,11,0.28434,-6.51521,0.46813
2019_11_NE_PHI,2019,11,0.34300,-4.58703,0.48578
2019_11_NO_TB,2019,11,0.34084,-4.63684,0.49436
2019_11_NYJ_WAS,2019,11,0.52894,0.61470,0.48010
2019_11_PIT_CLE,2019,11,0.56644,2.38401,0.47572
2019_12_BAL_LA,2019,12,0.36857,-4.23661,0.47342
2019_12_CAR_NO,2019,12,0.77726,9.44340,0.47684
2019_12_DAL_NE,2019,12,0.63604,4.08064,0.46047
2019_12_DEN_BUF,2019,12,0.63926,4.17056,0.50022
2019_12_DET_WAS,2019,12,0.32159,-5.16656,0.46526
2019_12_GB_SF,2019,12,0.54484,1.89359,0.46640
2019_12_IND_HOU,2019,12,0.61429,3.49230,0.48729
2019_12_JAX_TEN,2019,12,0.66234,4.61424,0.48962
2019_12_MIA_CLE,2019,12,0.79869,10.26276,0.47341
2019_12_NYG_CHI,2019,12,0.67126,5.62850,0.48037
2019_12_OAK_NYJ,2019,12,0.39244,-3.38904,0.48955
2019_12_PIT_CIN,2019,12,0.28314,-6.47505,0.46889
2019_12_SEA_PHI,2019,12,0.41485,-2.08830,0.46674
2019_12_TB_ATL,2019,12,0.60940,3.33392,0.48428
2019_13_BUF_DAL,2019,13,0.69739,6.16655,0.48109
2019_13_CHI_DET,2019,13,0.29857,-6.01201,0.47769
2019_13_CLE_PIT,2019,13,0.42869,-2.05127,0.46745
2019_13_GB_NYG,2019,13,0.26039,-7.37404,0.47081
2019_13_LAC_DEN,2019,13,0.30171,-5.42462,0.46985
2019_13_LA_ARI,2019,13,0.43565,-1.91282,0.49863
2019_13_MIN_SEA,2019,13,0.49495,0.37925,0.44721
2019_13_NE_HOU,2019,13,0.40974,-2.64983,0.50364
2019_13_NO_ATL,2019,13,0.27018,-7.12401,0.48508
2019_13_NYJ_CIN,2019,13,0.41215,-2.62450,0.48507
2019_13_OAK_KC,2019,13,0.86164,12.65403,0.50943
2019_13_PHI_MIA,2019,13,0.21873,-9.28786,0.51054
2019_13_SF_BAL,2019,13,0.70742,6.44837,0.50551
2019_13_TB_JAX,2019,13,0.40815,-2.66407,0.49384
2019_13_TEN_IND,2019,13,0.45826,-1.13257,0.48491
2019_13_WAS_CAR,2019,13,0.81500,10.86592,0.49441
2019_14_BAL_BUF,2019,14,0.26813,-7.24211,0.47332
2019_14_CAR_ATL,2019,14,0.56542,2.24582,0.46360
2019_14_CIN_CLE,2019,14,0.69510,6.25812,0.48283
2019_14_DAL_CHI,2019,14,0.38757,-3.29876,0.48175
2019_14_DEN_HOU,2019,14,0.76423,8.62517,0.49935
2019_14_DET_MIN,2019,14,0.84990,12.70275,0.50083
2019_14_IND_TB,2019,14,0.56865,2.22742,0.47274
2019_14_KC_NE,2019,14,0.56262,1.94974,0.46746
2019_14_LAC_JAX,2019,14,0.38570,-3.37970,0.48973
2019_14_MIA_NYJ,2019,14,0.62659,4.02207,0.46884
2019_14_NYG_PHI,2019,14,0.76868,8.79989,0.47412
2019_14_PIT_ARI,2019,14,0.40837,-2.43347,0.48871
2019_14_SEA_LA,2019,14,0.53972,1.20444,0.49133
2019_14_SF_NO,2019,14,0.50111,0.05555,0.46947
2019_14_TEN_OAK,2019,14,0.35540,-4.03371,0.46778
2019_14_WAS_GB,2019,14,0.87193,14.01904,0.50686
2019_15_ATL_SF,2019,15,0.82661,11.36903,0.50400
2019_15_BUF_PIT,2019,15,0.50519,0.21241,0.47245
2019_15_CHI_GB,2019,15,0.60761,3.39084,0.47584
2019_15_CLE_ARI,2019,15,0.36622,-3.82063,0.47183
2019_15_DEN_KC,2019,15,0.78730,9.59101,0.47965
2019_15_HOU_TEN,2019,15,0.60055,3.02932,0.48800
2019_15_IND_NO,2019,15,0.73026,7.37541,0.47555
2019_15_JAX_OAK,2019,15,0.70181,6.43346,0.47666
2019_15_LA_DAL,2019,15,0.44805,-1.32530,0.48125
2019_15_MIA_NYG,2019,15,0.56817,2.27021,0.46406
2019_15_MIN_LAC,2019,15,0.43787,-1.79930,0.47223
2019_15_NE_CIN,2019,15,0.20458,-9.84883,0.49985
2019_15_NYJ_BAL,2019,15,0.91335,17.33231,0.49377
2019_15_PHI_WAS,2019,15,0.24701,-7.89116,0.47049
2019_15_SEA_CAR,2019,15,0.31400,-5.77036,0.49181
2019_15_TB_DET,2019,15,0.31199,-5.77071,0.48228
2019_16_ARI_SEA,2019,16,0.75481,8.07945,0.48895
2019_16_BAL_CLE,2019,16,0.19691,-10.23116,0.47353
2019_16_BUF_NE,2019,16,0.69161,5.93149,0.46712
2019_16_CAR_IND,2019,16,0.71346,6.94004,0.47678
2019_16_CIN_MIA,2019,16,0.47165,-0.77604,0.50123
2019_16_DAL_PHI,2019,16,0.42018,-2.39116,0.47999
2019_16_DET_DEN,2019,16,0.78833,9.62459,0.48981
2019_16_GB_MIN,2019,16,0.64931,4.59667,0.49881
2019_16_HOU_TB,2019,16,0.39906,-2.83150,0.49065
2019_16_JAX_ATL,2019,16,0.71919,6.98944,0.47772
2019_16_KC_CHI,2019,16,0.28090,-6.66820,0.48424
2019_16_LA_SF,2019,16,0.69596,6.39356,0.47590
2019_16_NO_TEN,2019,16,0.39723,-3.01457,0.49669
2019_16_NYG_WAS,2019,16,0.44594,-1.44853,0.47890
2019_16_OAK_LAC,2019,16,0.73607,7.37378,0.48504
2019_16_PIT_NYJ,2019,16,0.39151,-2.86704,0.48997
2019_17_ARI_LA,2019,17,0.72253,6.95767,0.48663
2019_17_ATL_TB,2019,17,0.53161,1.16774,0.49063
2019_17_CHI_MIN,2019,17,0.35276,-4.60454,0.50450
2019_17_CLE_CIN,2019,17,0.39008,-3.13706,0.47531
2019_17_GB_DET,2019,17,0.13222,-13.57998,0.48592
2019_17_IND_JAX,2019,17,0.32559,-5.23343,0.48299
2019_17_LAC_KC,2019,17,0.81672,10.71742,0.50111
2019_17_MIA_NE,2019,17,0.90304,16.19167,0.46257
2019_17_NO_CAR,2019,17,0.12330,-14.22609,0.47362
2019_17_NYJ_BUF,2019,17,0.48776,-0.47476,0.50698
2019_17_OAK_DEN,2019,17,0.67831,5.30335,0.48369
2019_17_PHI_NYG,2019,17,0.34241,-4.45416,0.47879
2019_17_PIT_BAL,2019,17,0.46917,-0.84904,0.50937
2019_17_SF_SEA,2019,17,0.37013,-3.87210,0.48035
2019_17_TEN_HOU,2019,17,0.20297,-10.14651,0.48465
2019_17_WAS_DAL,2019,17,0.85420,12.88877,0.48532
2019_18_BUF_HOU,2019,18,0.57943,2.32869,0.48418
2019_18_MIN_NO,2019,18,0.72004,7.03098,0.47851
2019_18_SEA_PHI,2019,18,0.55215,1.37250,0.49454
2019_18_TEN_NE,2019,18,0.60682,3.14580,0.46170
2019_19_HOU_KC,2019,19,0.81343,10.29380,0.49304
2019_19_MIN_SF,2019,19,0.72959,6.93825,0.48626
2019_19_SEA_GB,2019,19,0.66983,4.67309,0.49074
2019_19_TEN_BAL,2019,19,0.81479,10.56999,0.49830
2019_20_GB_SF,2019,20,0.73823,7.66426,0.48105
2019_20_TEN_KC,2019,20,0.71413,6.74273,0.47303
2019_21_SF_KC,2019,21,0.56458,1.82725,0.49367
2020_01_ARI_SF,2020,1,0.71629,6.91463,0.48397
2020_01_CHI_DET,2020,1,0.57083,1.89021,0.47756
2020_01_CLE_BAL,2020,1,0.71709,7.00507,0.48507
2020_01_DAL_LA,2020,1,0.53304,0.78019,0.48232
2020_01_GB_MIN,2020,1,0.53506,0.94250,0.48431
2020_01_HOU_KC,2020,1,0.77563,9.07994,0.47988
2020_01_IND_JAX,2020,1,0.28779,-6.78345,0.48766
2020_01_LAC_CIN,2020,1,0.44535,-2.12246,0.48963
2020_01_LV_CAR,2020,1,0.42214,-2.55993,0.49039
2020_01_MIA_NE,2020,1,0.70763,6.78050,0.47622
2020_01_NYJ_BUF,2020,1,0.69472,6.05864,0.47962
2020_01_PHI_WAS,2020,1,0.30400,-6.17122,0.47681
2020_01_PIT_NYG,2020,1,0.30092,-6.20496,0.48251
2020_01_SEA_ATL,2020,1,0.51864,0.38712,0.47752
2020_01_TB_NO,2020,1,0.64465,4.21128,0.48759
2020_01_TEN_DEN,2020,1,0.38117,-3.65894,0.47696
2020_02_ATL_DAL,2020,2,0.60852,3.20461,0.48751
2020_02_BAL_HOU,2020,2,0.24753,-8.38370,0.47422
2020_02_BUF_MIA,2020,2,0.32723,-5.67287,0.48290
2020_02_CAR_TB,2020,2,0.68533,6.00950,0.46682
2020_02_CIN_CLE,2020,2,0.66965,5.18997,0.47512
2020_02_DEN_PIT,2020,2,0.68248,5.52886,0.47925
2020_02_DET_GB,2020,2,0.72346,6.94802,0.48438
2020_02_JAX_TEN,2020,2,0.71836,6.88386,0.48359
2020_02_KC_LAC,2020,2,0.20369,-9.80847,0.46904
2020_02_LA_PHI,2020,2,0.53805,0.84341,0.47089
2020_02_MIN_IND,2020,2,0.59624,2.62451,0.47432
2020_02_NE_SEA,2020,2,0.64215,3.85305,0.48321
2020_02_NO_LV,2020,2,0.35362,-4.57372,0.47800
2020_02_NYG_CHI,2020,2,0.65020,4.55068,0.48563
2020_02_SF_NYJ,2020,2,0.28921,-7.03534,0.48458
2020_02_WAS_ARI,2020,2,0.73213,7.23778,0.48181
2020_03_CAR_LAC,2020,3,0.68667,5.68101,0.48111
2020_03_CHI_ATL,2020,3,0.57205,2.00771,0.47900
2020_03_CIN_PHI,2020,3,0.63551,4.20195,0.46917
2020_03_DAL_SEA,2020,3,0.68119,5.34755,0.48315
2020_03_DET_ARI,2020,3,0.67361,5.16355,0.49312
2020_03_GB_NO,2020,3,0.57131,2.19828,0.46912
2020_03_HOU_PIT,2020,3,0.64430,4.21055,0.48758
2020_03_KC_BAL,2020,3,0.60922,3.38583,0.48362
2020_03_LA_BUF,2020,3,0.54722,1.09346,0.48004
2020_03_LV_NE,2020,3,0.70936,6.55373,0.47956
2020_03_MIA_JAX,2020,3,0.59160,2.85168,0.48320
2020_03_NYJ_IND,2020,3,0.83629,11.90182,0.47770
2020_03_SF_NYG,2020,3,0.39179,-3.74481,0.47591
2020_03_TB_DEN,2020,3,0.35881,-4.71067,0.50078
2020_03_TEN_MIN,2020,3,0.36896,-3.89813,0.47404
2020_03_WAS_CLE,2020,3,0.73119,7.29730,0.48253
2020_04_ARI_CAR,2020,4,0.39121,-3.39131,0.48023
2020_04_ATL_GB,2020,4,0.70528,6.08093,0.49823
2020_04_BAL_WAS,2020,4,0.10817,-15.61763,0.47137
2020_04_BUF_LV,2020,4,0.37919,-3.72269,0.47618
2020_04_CLE_DAL,2020,4,0.61075,3.27613,0.48227
2020_04_DEN_NYJ,2020,4,0.51387,0.18804,0.47509
2020_04_IND_CHI,2020,4,0.37495,-3.85157,0.48072
2020_04_JAX_CIN,2020,4,0.54746,1.07609,0.48594
2020_04_LAC_TB,2020,4,0.73023,7.13282,0.48052
2020_04_MIN_HOU,2020,4,0.60717,2.90776,0.47778
2020_04_NE_KC,2020,4,0.76213,8.03629,0.49768
2020_04_NO_DET,2020,4,0.40520,-3.23728,0.48211
2020_04_NYG_LA,2020,4,0.86865,13.81601,0.48887
2020_04_PHI_SF,2020,4,0.78579,9.48289,0.49703
2020_04_SEA_MIA,2020,4,0.36589,-4.54001,0.48452
2020_05_ARI_NYJ,2020,5,0.27025,-7.46164,0.47937
2020_05_BUF_TEN,2020,5,0.41877,-2.67723,0.48896
2020_05_CAR_ATL,2020,5,0.55027,1.49020,0.47268
2020_05_CIN_BAL,2020,5,0.83409,12.10435,0.48018
2020_05_IND_CLE,2020,5,0.51660,0.31724,0.47667
2020_05_JAX_HOU,2020,5,0.68169,5.54591,0.47336
2020_05_LAC_NO,2020,5,0.72047,6.73639,0.48179
2020_05_LA_WAS,2020,5,0.25775,-8.07701,0.47186
2020_05_LV_KC,2020,5,0.83310,11.68390,0.49337
2020_05_MIA_SF,2020,5,0.74050,7.95200,0.47832
2020_05_MIN_SEA,2020,5,0.72749,6.79086,0.48857
2020_05_NYG_DAL,2020,5,0.74433,7.77094,0.48832
2020_05_PHI_PIT,2020,5,0.74206,7.50450,0.48507
2020_05_TB_CHI,2020,5,0.38460,-3.68964,0.48269
2020_06_ARI_DAL,2020,6,0.47514,-0.51134,0.46657
2020_06_ATL_MIN,2020,6,0.63439,3.91455,0.49008
2020_06_BAL_PHI,2020,6,0.17727,-11.48861,0.47294
2020_06_CHI_CAR,2020,6,0.58215,2.15775,0.48694
2020_06_CIN_IND,2020,6,0.71925,7.07457,0.47981
2020_06_CLE_PIT,2020,6,0.59133,2.61394,0.48029
2020_06_DEN_NE,2020,6,0.72213,6.97436,0.48470
2020_06_DET_JAX,2020,6,0.37975,-3.41018,0.48000
2020_06_GB_TB,2020,6,0.33522,-4.55194,0.46608
2020_06_HOU_TEN,2020,6,0.66660,4.85145,0.49542
2020_06_KC_BUF,2020,6,0.30545,-6.12671,0.47736
2020_06_LA_SF,2020,6,0.41179,-2.67630,0.47675
2020_06_NYJ_MIA,2020,6,0.81709,10.61674,0.49867
2020_06_WAS_NYG,2020,6,0.55953,1.67644,0.48106
2020_07_BUF_NYJ,2020,7,0.18507,-10.90839,0.46782
2020_07_CAR_NO,2020,7,0.71448,6.53837,0.47937
2020_07_CHI_LA,2020,7,0.71100,6.42402,0.48408
2020_07_CLE_CIN,2020,7,0.36299,-4.34347,0.48692
2020_07_DAL_WAS,2020,7,0.48104,-1.02026,0.48476
2020_07_DET_ATL,2020,7,0.51921,0.57572,0.47983
2020_07_GB_HOU,2020,7,0.40086,-3.09217,0.47778
2020_07_JAX_LAC,2020,7,0.75429,7.97159,0.48466
2020_07_KC_DEN,2020,7,0.25100,-8.17706,0.47064
2020_07_NYG_PHI,2020,7,0.66409,4.86609,0.48337
2020_07_PIT_TEN,2020,7,0.55106,1.20884,0.48756
2020_07_SEA_ARI,2020,7,0.37896,-3.56930,0.48416
2020_07_SF_NE,2020,7,0.58481,2.28353,0.47626
2020_07_TB_LV,2020,7,0.41907,-3.14430,0.48936
2020_08_ATL_CAR,2020,8,0.55274,1.41740,0.48400
2020_08_DAL_PHI,2020,8,0.80420,9.89507,0.48373
2020_08_IND_DET,2020,8,0.37491,-3.80763,0.48125
2020_08_LAC_DEN,2020,8,0.38867,-3.51658,0.47870
2020_08_LA_MIA,2020,8,0.40568,-3.51998,0.48477
2020_08_LV_CLE,2020,8,0.55115,1.25893,0.48818
2020_08_MIN_GB,2020,8,0.68835,5.73013,0.48782
2020_08_NE_BUF,2020,8,0.63609,3.88125,0.48356
2020_08_NO_CHI,2020,8,0.31110,-5.90321,0.48008
2020_08_NYJ_KC,2020,8,0.94845,21.15603,0.49915
2020_08_PIT_BAL,2020,8,0.64391,4.07094,0.48588
2020_08_SF_SEA,2020,8,0.52724,0.46926,0.47853
2020_08_TB_NYG,2020,8,0.13695,-13.77827,0.47551
2020_08_TEN_CIN,2020,8,0.25828,-8.00838,0.47880
2020_09_BAL_IND,2020,9,0.52563,0.40425,0.47773
2020_09_CAR_KC,2020,9,0.81019,10.56035,0.49186
2020_09_CHI_TEN,2020,9,0.72330,6.77088,0.48832
2020_09_DEN_ATL,2020,9,0.66072,4.57118,0.48588
2020_09_DET_MIN,2020,9,0.58943,2.75351,0.48200
2020_09_GB_SF,2020,9,0.30385,-5.88893,0.48637
2020_09_HOU_JAX,2020,9,0.25846,-7.73612,0.47602
2020_09_LV_LAC,2020,9,0.45753,-1.12248,0.48351
2020_09_MIA_ARI,2020,9,0.71394,6.26812,0.48829
2020_09_NE_NYJ,2020,9,0.20390,-10.20766,0.47637
2020_09_NO_TB,2020,9,0.61248,3.21307,0.48761
2020_09_NYG_WAS,2020,9,0.60729,2.81966,0.48281
2020_09_PIT_DAL,2020,9,0.10658,-15.42604,0.46761
2020_09_SEA_BUF,2020,9,0.38393,-3.53516,0.47847
2020_10_BAL_NE,2020,10,0.26720,-7.69347,0.47654
2020_10_BUF_ARI,2020,10,0.61595,3.05493,0.48568
2020_10_CIN_PIT,2020,10,0.67387,5.81041,0.47659
2020_10_DEN_LV,2020,10,0.62966,3.60302,0.48627
2020_10_HOU_CLE,2020,10,0.65375,4.23072,0.48172
2020_10_IND_TEN,2020,10,0.47759,-0.76599,0.48787
2020_10_JAX_GB,2020,10,0.88110,14.39700,0.49598
2020_10_LAC_MIA,2020,10,0.57677,1.65347,0.49300
2020_10_MIN_CHI,2020,10,0.37603,-3.82340,0.48106
2020_10_PHI_NYG,2020,10,0.33263,-4.96432,0.47934
2020_10_SEA_LA,2020,10,0.56374,1.92356,0.47187
2020_10_SF_NO,2020,10,0.77877,8.88778,0.47753
2020_10_TB_CAR,2020,10,0.31776,-5.81837,0.48723
2020_10_WAS_DET,2020,10,0.59310,2.51042,0.48514
2020_11_ARI_SEA,2020,11,0.57763,2.17413,0.47493
2020_11_ATL_NO,2020,11,0.56482,2.40962,0.47170
2020_11_CIN_WAS,2020,11,0.53587,1.07162,0.47367
2020_11_DAL_MIN,2020,11,0.73635,7.54600,0.49168
2020_11_DET_CAR,2020,11,0.38365,-3.32720,0.48101
2020_11_GB_IND,2020,11,0.53092,0.80125,0.47648
2020_11_KC_LV,2020,11,0.23676,-8.51708,0.47259
2020_11_LA_TB,2020,11,0.66811,4.54366,0.49166
2020_11_MIA_DEN,2020,11,0.31934,-5.38324,0.46813
2020_11_NE_HOU,2020,11,0.42364,-2.49193,0.48511
2020_11_NYJ_LAC,2020,11,0.78682,9.76932,0.48219
2020_11_PHI_CLE,2020,11,0.59013,2.52892,0.48536
2020_11_PIT_JAX,2020,11,0.15253,-12.61707,0.46528
2020_11_TEN_BAL,2020,11,0.69216,5.90169,0.48381
2020_12_ARI_NE,2020,12,0.45098,-1.58870,0.47782
2020_12_BAL_PIT,2020,12,0.81586,10.40158,0.48381
2020_12_CAR_MIN,2020,12,0.57627,2.38214,0.47746
2020_12_CHI_GB,2020,12,0.72275,7.12950,0.48048
2020_12_CLE_JAX,2020,12,0.24974,-8.14266,0.47716
2020_12_HOU_DET,2020,12,0.38487,-3.57877,0.47794
2020_12_KC_TB,2020,12,0.36631,-4.05736,0.47820
2020_12_LAC_BUF,2020,12,0.67565,4.85458,0.48934
2020_12_LV_ATL,2020,12,0.37580,-3.79490,0.48141
2020_12_MIA_NYJ,2020,12,0.19800,-9.96335,0.45500
2020_12_NO_DEN,2020,12,0.10618,-15.94113,0.49796
2020_12_NYG_CIN,2020,12,0.27798,-6.78698,0.48150
2020_12_SEA_PHI,2020,12,0.28109,-7.00658,0.47882
2020_12_SF_LA,2020,12,0.63558,4.28039,0.47622
2020_12_TEN_IND,2020,12,0.59626,2.72618,0.48166
2020_12_WAS_DAL,2020,12,0.53673,1.22295,0.46942
2020_13_BUF_SF,2020,13,0.49412,0.20161,0.46916
2020_13_CIN_MIA,2020,13,0.81824,10.70969,0.48757
2020_13_CLE_TEN,2020,13,0.64519,4.29392,0.48860
2020_13_DAL_BAL,2020,13,0.81311,10.41236,0.50840
2020_13_DEN_KC,2020,13,0.87363,13.97909,0.49698
2020_13_DET_CHI,2020,13,0.60665,3.16131,0.48698
2020_13_IND_HOU,2020,13,0.39084,-3.44428,0.48569
2020_13_JAX_MIN,2020,13,0.80951,10.58573,0.48606
2020_13_LA_ARI,2020,13,0.46058,-1.69057,0.49491
2020_13_LV_NYJ,2020,13,0.23859,-8.59997,0.47158
2020_13_NE_LAC,2020,13,0.56043,1.72074,0.47549
2020_13_NO_ATL,2020,13,0.42245,-2.71919,0.48233
2020_13_NYG_SEA,2020,13,0.83386,11.35784,0.48938
2020_13_PHI_GB,2020,13,0.77551,8.85467,0.49546
2020_13_WAS_PIT,2020,13,0.71168,6.57499,0.49815
2020_14_ARI_NYG,2020,14,0.39404,-3.36323,0.48057
2020_14_ATL_LAC,2020,14,0.49980,-0.10173,0.47156
2020_14_BAL_CLE,2020,14,0.38089,-3.81341,0.47508
2020_14_DAL_CIN,2020,14,0.43679,-2.29919,0.49358
2020_14_DEN_CAR,2020,14,0.66581,4.60338,0.49239
2020_14_GB_DET,2020,14,0.19944,-10.41469,0.47384
2020_14_HOU_CHI,2020,14,0.45726,-1.40099,0.48011
2020_14_IND_LV,2020,14,0.40717,-3.04459,0.47836
2020_14_KC_MIA,2020,14,0.26652,-7.74321,0.48204
2020_14_MIN_TB,2020,14,0.74498,7.31193,0.48882
2020_14_NE_LA,2020,14,0.63466,4.21630,0.47544
2020_14_NO_PHI,2020,14,0.26874,-7.87124,0.48047
2020_14_NYJ_SEA,2020,14,0.91032,16.62706,0.48656
2020_14_PIT_BUF,2020,14,0.54400,1.08423,0.47383
2020_14_TEN_JAX,2020,14,0.22565,-9.06792,0.46588
2020_14_WAS_SF,2020,14,0.56495,2.30823,0.47656
2020_15_BUF_DEN,2020,15,0.30743,-6.21748,0.47625
2020_15_CAR_GB,2020,15,0.78333,9.32635,0.48289
2020_15_CHI_MIN,2020,15,0.55050,1.61808,0.47424
2020_15_CLE_NYG,2020,15,0.27090,-7.05002,0.47219
2020_15_DET_TEN,2020,15,0.79264,9.73152,0.48784
2020_15_HOU_IND,2020,15,0.74153,7.54338,0.48554
2020_15_JAX_BAL,2020,15,0.86918,13.78399,0.49460
2020_15_KC_NO,2020,15,0.39240,-3.01194,0.47876
2020_15_LAC_LV,2020,15,0.63455,3.58551,0.48606
2020_15_NE_MIA,2020,15,0.48998,-0.61311,0.49585
2020_15_NYJ_LA,2020,15,0.91777,17.81728,0.48889
2020_15_PHI_ARI,2020,15,0.71786,6.65182,0.48687
2020_15_PIT_CIN,2020,15,0.11272,-15.32081,0.47499
2020_15_SEA_WAS,2020,15,0.30509,-6.19316,0.48265
2020_15_SF_DAL,2020,15,0.37031,-4.28724,0.48150
2020_15_TB_ATL,2020,15,0.28138,-6.86900,0.47440
2020_16_ATL_KC,2020,16,0.82515,11.14627,0.48680
2020_16_BUF_NE,2020,16,0.26530,-7.60843,0.47758
2020_16_CAR_WAS,2020,16,0.45731,-1.28691,0.48150
2020_16_CHI_JAX,2020,16,0.18946,-10.59726,0.47162
2020_16_CIN_HOU,2020,16,0.72972,7.16267,0.48089
2020_16_CLE_NYJ,2020,16,0.23686,-8.47389,0.46094
2020_16_DEN_LAC,2020,16,0.57049,2.17311,0.48102
2020_16_IND_PIT,2020,16,0.44164,-1.63967,0.47720
2020_16_LA_SEA,2020,16,0.56667,1.44040,0.48428
2020_16_MIA_LV,2020,16,0.40941,-2.87378,0.47434
2020_16_MIN_NO,2020,16,0.71686,6.65988,0.48696
2020_16_NYG_BAL,2020,16,0.81939,10.90342,0.49606
2020_16_PHI_DAL,2020,16,0.38646,-3.38665,0.48029
2020_16_SF_ARI,2020,16,0.72669,6.55407,0.49178
2020_16_TB_DET,2020,16,0.16158,-12.34042,0.48085
2020_16_TEN_GB,2020,16,0.56678,2.01526,0.47299
2020_17_ARI_LA,2020,17,0.51250,0.59000,0.48000
2020_17_ATL_TB,2020,17,0.74473,7.74050,0.48795
2020_17_BAL_CIN,2020,17,0.13244,-14.03423,0.47848
2020_17_DAL_NYG,2020,17,0.45052,-1.64569,0.48323
2020_17_GB_CHI,2020,17,0.34972,-4.79672,0.48138
2020_17_JAX_IND,2020,17,0.90450,16.18428,0.49338
2020_17_LAC_KC,2020,17,0.31279,-5.68579,0.50108
2020_17_LV_DEN,2020,17,0.40457,-2.88659,0.48029
2020_17_MIA_BUF,2020,17,0.42054,-2.34721,0.49911
2020_17_MIN_DET,2020,17,0.41281,-3.14703,0.48321
2020_17_NO_CAR,2020,17,0.29928,-6.57709,0.47796
2020_17_NYJ_NE,2020,17,0.62913,3.67605,0.49328
2020_17_PIT_CLE,2020,17,0.78995,9.23780,0.46960
2020_17_SEA_SF,2020,17,0.23958,-7.89374,0.47410
2020_17_TEN_HOU,2020,17,0.26144,-7.64664,0.47711
2020_17_WAS_PHI,2020,17,0.30608,-6.10394,0.48985
2020_18_BAL_TEN,2020,18,0.38280,-3.82042,0.48110
2020_18_CHI_NO,2020,18,0.79815,10.23832,0.47571
2020_18_CLE_PIT,2020,18,0.64343,4.35612,0.47715
2020_18_IND_BUF,2020,18,0.72902,7.04217,0.48553
2020_18_LA_SEA,2020,18,0.61661,2.98112,0.48478
2020_18_TB_WAS,2020,18,0.18530,-10.95454,0.47336
2020_19_BAL_BUF,2020,19,0.57712,2.04299,0.47943
2020_19_CLE_KC,2020,19,0.73887,7.34517,0.48312
2020_19_LA_GB,2020,19,0.75524,7.50803,0.49122
2020_19_TB_NO,2020,19,0.55802,1.70628,0.47532
2020_20_BUF_KC,2020,20,0.56573,1.85272,0.47101
2020_20_TB_GB,2020,20,0.59024,2.46456,0.47847
2020_21_KC_TB,2020,21,0.40643,-2.68494,0.48886
2021_01_ARI_TEN,2021,1,0.58130,2.12152,0.48399
2021_01_BAL_LV,2021,1,0.38694,-3.94154,0.48142
2021_01_CHI_LA,2021,1,0.76980,8.27884,0.48014
2021_01_CLE_KC,2021,1,0.65094,4.53710,0.48132
2021_01_DAL_TB,2021,1,0.79813,9.73061,0.48448
2021_01_DEN_NYG,2021,1,0.38876,-2.93581,0.48601
2021_01_GB_NO,2021,1,0.33650,-4.21039,0.48475
2021_01_JAX_HOU,2021,1,0.37483,-2.95870,0.48819
2021_01_LAC_WAS,2021,1,0.60156,2.41053,0.48531
2021_01_MIA_NE,2021,1,0.58318,2.03268,0.47902
2021_01_MIN_CIN,2021,1,0.41382,-2.87410,0.48629
2021_01_NYJ_CAR,2021,1,0.60975,3.26055,0.48462
2021_01_PHI_ATL,2021,1,0.61174,3.14941,0.48411
2021_01_PIT_BUF,2021,1,0.70834,6.00718,0.48346
2021_01_SEA_IND,2021,1,0.38339,-3.14760,0.48504
2021_01_SF_DET,2021,1,0.21845,-9.25949,0.48681
2021_02_ATL_TB,2021,2,0.87452,13.43910,0.48544
2021_02_BUF_MIA,2021,2,0.38334,-3.62173,0.48516
2021_02_CIN_CHI,2021,2,0.53242,0.93960,0.48087
2021_02_DAL_LAC,2021,2,0.57258,1.96344,0.48098
2021_02_DEN_JAX,2021,2,0.25325,-7.72232,0.47785
2021_02_DET_GB,2021,2,0.82015,10.66653,0.48191
2021_02_HOU_CLE,2021,2,0.86279,12.01606,0.47894
2021_02_KC_BAL,2021,2,0.37738,-3.45192,0.48593
2021_02_LA_IND,2021,2,0.32726,-5.44233,0.47913
2021_02_LV_PIT,2021,2,0.67004,4.73565,0.48222
2021_02_MIN_ARI,2021,2,0.65535,4.47567,0.48789
2021_02_NE_NYJ,2021,2,0.29667,-6.13775,0.48280
2021_02_NO_CAR,2021,2,0.35147,-5.00312,0.47657
2021_02_NYG_WAS,2021,2,0.62660,3.60892,0.48393
2021_02_SF_PHI,2021,2,0.41314,-2.82218,0.48653
2021_02_TEN_SEA,2021,2,0.71105,6.25103,0.48458
2021_03_ARI_JAX,2021,3,0.20083,-10.29938,0.47522
2021_03_ATL_NYG,2021,3,0.61822,3.10411,0.48619
2021_03_BAL_DET,2021,3,0.23407,-8.86742,0.47947
2021_03_CAR_HOU,2021,3,0.23118,-8.44616,0.48368
2021_03_CHI_CLE,2021,3,0.74050,7.16050,0.48416
2021_03_CIN_PIT,2021,3,0.56436,2.37789,0.48516
2021_03_GB_SF,2021,3,0.59563,2.48506,0.48108
2021_03_IND_TEN,2021,3,0.64650,3.68385,0.48199
2021_03_LAC_KC,2021,3,0.70672,6.02739,0.48356
2021_03_MIA_LV,2021,3,0.63281,3.66105,0.48417
2021_03_NO_NE,2021,3,0.58500,1.60287,0.47934
2021_03_NYJ_DEN,2021,3,0.82713,10.56393,0.48601
2021_03_PHI_DAL,2021,3,0.59868,2.42095,0.48079
2021_03_SEA_MIN,2021,3,0.41117,-2.81035,0.48201
2021_03_TB_LA,2021,3,0.43987,-1.74001,0.48234
2021_03_WAS_BUF,2021,3,0.73080,7.21678,0.48442
2021_04_ARI_LA,2021,4,0.60176,3.02853,0.48356
2021_04_BAL_DEN,2021,4,0.53856,0.78998,0.48476
2021_04_CAR_DAL,2021,4,0.65058,3.71133,0.48211
2021_04_CLE_MIN,2021,4,0.45209,-1.36309,0.48406
2021_04_DET_CHI,2021,4,0.58373,2.35150,0.48275
2021_04_HOU_BUF,2021,4,0.93945,18.86795,0.48511
2021_04_IND_MIA,2021,4,0.60802,2.56841,0.48603
2021_04_JAX_CIN,2021,4,0.77090,8.41929,0.48991
2021_04_KC_PHI,2021,4,0.25710,-7.54380,0.48551
2021_04_LV_LAC,2021,4,0.56743,1.98382,0.48108
2021_04_NYG_NO,2021,4,0.74196,7.83456,0.48724
2021_04_PIT_GB,2021,4,0.70551,5.99641,0.48341
2021_04_SEA_SF,2021,4,0.58371,2.30856,0.48484
2021_04_TB_NE,2021,4,0.27402,-7.09631,0.48071
2021_04_TEN_NYJ,2021,4,0.26188,-7.37416,0.47716
2021_04_WAS_ATL,2021,4,0.43020,-1.94255,0.48141
2021_05_BUF_KC,2021,5,0.56149,1.16453,0.47962
2021_05_CHI_LV,2021,5,0.67902,5.29218,0.48477
2021_05_CLE_LAC,2021,5,0.55992,1.56793,0.48146
2021_05_DEN_PIT,2021,5,0.40305,-2.70274,0.48251
2021_05_DET_MIN,2021,5,0.79029,9.54892,0.48365
2021_05_GB_CIN,2021,5,0.42738,-2.46721,0.48358
2021_05_IND_BAL,2021,5,0.74496,7.44205,0.48545
2021_05_LA_SEA,2021,5,0.38975,-3.27503,0.48218
2021_05_MIA_TB,2021,5,0.80982,10.47068,0.48330
2021_05_NE_HOU,2021,5,0.21883,-8.86160,0.48178
2021_05_NO_WAS,2021,5,0.40084,-3.27845,0.48216
2021_05_NYG_DAL,2021,5,0.72829,6.92357,0.48308
2021_05_NYJ_ATL,2021,5,0.58118,2.70742,0.48438
2021_05_PHI_CAR,2021,5,0.57009,2.37947,0.48516
2021_05_SF_ARI,2021,5,0.73983,6.94748,0.49004
2021_05_TEN_JAX,2021,5,0.32944,-5.34072,0.47959
2021_06_ARI_CLE,2021,6,0.55891,1.23660,0.47767
2021_06_BUF_TEN,2021,6,0.28678,-7.12298,0.48059
2021_06_CIN_DET,2021,6,0.33352,-4.81363,0.47972
2021_06_DAL_NE,2021,6,0.36236,-4.38976,0.48165
2021_06_GB_CHI,2021,6,0.29495,-6.22943,0.48238
2021_06_HOU_IND,2021,6,0.80212,9.75323,0.48230
2021_06_KC_WAS,2021,6,0.29910,-6.13756,0.48509
2021_06_LAC_BAL,2021,6,0.60526,2.69650,0.48433
2021_06_LA_NYG,2021,6,0.23970,-8.58563,0.48076
2021_06_LV_DEN,2021,6,0.65590,4.42471,0.48309
2021_06_MIA_JAX,2021,6,0.36357,-3.86902,0.47947
2021_06_MIN_CAR,2021,6,0.39594,-2.53932,0.48553
2021_06_SEA_PIT,2021,6,0.67837,4.64785,0.48182
2021_06_TB_PHI,2021,6,0.23855,-8.38175,0.47941
2021_07_ATL_MIA,2021,7,0.43834,-1.33843,0.48645
2021_07_CAR_NYG,2021,7,0.37466,-3.84637,0.48185
2021_07_CHI_TB,2021,7,0.84945,12.39371,0.48523
2021_07_CIN_BAL,2021,7,0.68393,5.84240,0.48271
2021_07_DEN_CLE,2021,7,0.52412,0.90413,0.48071
2021_07_DET_LA,2021,7,0.92061,17.39992,0.48754
2021_07_HOU_ARI,2021,7,0.95113,20.82652,0.48721
2021_07_IND_SF,2021,7,0.61279,2.58044,0.48152
2021_07_KC_TEN,2021,7,0.36009,-4.00954,0.48567
2021_07_NO_SEA,2021,7,0.26547,-6.71736,0.48244
2021_07_NYJ_NE,2021,7,0.72839,7.39251,0.48751
2021_07_PHI_LV,2021,7,0.52567,0.64836,0.48411
2021_07_WAS_GB,2021,7,0.76695,8.43480,0.48542
2021_08_CAR_ATL,2021,8,0.57947,1.85983,0.48279
2021_08_CIN_NYJ,2021,8,0.13180,-13.19903,0.47796
2021_08_DAL_MIN,2021,8,0.62574,3.27990,0.48014
2021_08_GB_ARI,2021,8,0.70549,6.24052,0.48453
2021_08_JAX_SEA,2021,8,0.60448,4.13858,0.48635
2021_08_LA_HOU,2021,8,0.06685,-18.65995,0.47814
2021_08_MIA_BUF,2021,8,0.88861,14.63941,0.48407
2021_08_NE_LAC,2021,8,0.59248,2.24657,0.47999
2021_08_NYG_KC,2021,8,0.79069,9.24378,0.47998
2021_08_PHI_DET,2021,8,0.36578,-3.94151,0.48142
2021_08_PIT_CLE,2021,8,0.63497,4.27864,0.48014
2021_08_SF_CHI,2021,8,0.34550,-4.91909,0.48380
2021_08_TB_NO,2021,8,0.33921,-4.66187,0.48269
2021_08_TEN_IND,2021,8,0.54981,1.55230,0.47911
2021_08_WAS_DEN,2021,8,0.64482,4.08482,0.48610
2021_09_ARI_SF,2021,9,0.64704,3.48581,0.47652
2021_09_ATL_NO,2021,9,0.71601,7.10383,0.48619
2021_09_BUF_JAX,2021,9,0.09877,-16.21413,0.47789
2021_09_CHI_PIT,2021,9,0.71534,6.75311,0.48459
2021_09_CLE_CIN,2021,9,0.61090,2.84887,0.48731
2021_09_DEN_DAL,2021,9,0.80227,9.79008,0.48247
2021_09_GB_KC,2021,9,0.69737,5.35859,0.47822
2021_09_HOU_MIA,2021,9,0.61673,3.53413,0.48359
2021_09_LAC_PHI,2021,9,0.47611,-0.94208,0.48598
2021_09_LV_NYG,2021,9,0.36596,-3.57048,0.48311
2021_09_MIN_BAL,2021,9,0.74826,6.92768,0.48310
2021_09_NE_CAR,2021,9,0.33193,-4.37835,0.48170
2021_09_NYJ_IND,2021,9,0.79690,10.11130,0.48394
2021_09_TEN_LA,2021,9,0.72089,6.52680,0.48355
2021_10_ATL_DAL,2021,10,0.75153,7.88030,0.48517
2021_10_BAL_MIA,2021,10,0.21639,-9.14878,0.48275
2021_10_BUF_NYJ,2021,10,0.13270,-13.92314,0.48150
2021_10_CAR_ARI,2021,10,0.75036,8.10024,0.49074
2021_10_CLE_NE,2021,10,0.57849,1.84607,0.48273
2021_10_DET_PIT,2021,10,0.77234,9.36088,0.48736
2021_10_JAX_IND,2021,10,0.81461,10.66236,0.48646
2021_10_KC_LV,2021,10,0.41132,-2.62464,0.48514
2021_10_LA_SF,2021,10,0.34149,-4.61814,0.48061
2021_10_MIN_LAC,2021,10,0.59015,2.28366,0.48244
2021_10_NO_TEN,2021,10,0.62092,3.17061,0.48649
2021_10_PHI_DEN,2021,10,0.53793,1.00794,0.48575
2021_10_SEA_GB,2021,10,0.57565,2.48684,0.48337
2021_10_TB_WAS,2021,10,0.17381,-11.35507,0.47953
2021_11_ARI_SEA,2021,11,0.57147,1.17747,0.47968
2021_11_BAL_CHI,2021,11,0.35206,-5.10870,0.48522
2021_11_CIN_LV,2021,11,0.40600,-2.05674,0.48089
2021_11_DAL_KC,2021,11,0.54393,1.03785,0.47904
2021_11_DET_CLE,2021,11,0.85507,12.52794,0.48356
2021_11_GB_MIN,2021,11,0.42495,-2.19064,0.48028
2021_11_HOU_TEN,2021,11,0.81989,11.39828,0.48982
2021_11_IND_BUF,2021,11,0.72895,7.22759,0.48447
2021_11_MIA_NYJ,2021,11,0.35898,-4.45791,0.48134
2021_11_NE_ATL,2021,11,0.24157,-8.26955,0.47992
2021_11_NO_PHI,2021,11,0.57783,1.59232,0.48157
2021_11_NYG_TB,2021,11,0.81655,11.05186,0.48367
2021_11_PIT_LAC,2021,11,0.65102,4.11956,0.47941
2021_11_SF_JAX,2021,11,0.26355,-7.93837,0.47915
2021_11_WAS_CAR,2021,11,0.59362,2.92149,0.48307
2021_12_ATL_JAX,2021,12,0.42801,-1.96920,0.48357
2021_12_BUF_NO,2021,12,0.25915,-7.32470,0.48423
2021_12_CAR_MIA,2021,12,0.47293,-1.13400,0.48510
2021_12_CHI_DET,2021,12,0.38676,-3.31801,0.47970
2021_12_CLE_BAL,2021,12,0.59903,2.70236,0.48435
2021_12_LAC_DEN,2021,12,0.43034,-2.57469,0.48537
2021_12_LA_GB,2021,12,0.42081,-1.74437,0.48688
2021_12_LV_DAL,2021,12,0.73397,7.26848,0.48694
2021_12_MIN_SF,2021,12,0.60994,3.04001,0.48361
2021_12_NYJ_HOU,2021,12,0.60841,2.96446,0.48555
2021_12_PHI_NYG,2021,12,0.32615,-5.15311,0.48045
2021_12_PIT_CIN,2021,12,0.61275,3.03027,0.48357
2021_12_SEA_WAS,2021,12,0.45767,-1.50066,0.48343
2021_12_TB_IND,2021,12,0.39806,-3.24200,0.48461
2021_12_TEN_NE,2021,12,0.71676,6.25697,0.48004
2021_13_ARI_CHI,2021,13,0.22831,-8.76035,0.47996
2021_13_BAL_PIT,2021,13,0.34865,-4.47934,0.48353
2021_13_DAL_NO,2021,13,0.28386,-6.12984,0.48512
2021_13_DEN_KC,2021,13,0.73895,6.97670,0.47876
2021_13_IND_HOU,2021,13,0.17406,-11.18840,0.48029
2021_13_JAX_LA,2021,13,0.87657,13.80368,0.48482
2021_13_LAC_CIN,2021,13,0.62026,2.97787,0.48790
2021_13_MIN_DET,2021,13,0.24759,-8.14124,0.48050
2021_13_NE_BUF,2021,13,0.56553,2.21020,0.48211
2021_13_NYG_MIA,2021,13,0.71864,6.27652,0.48469
2021_13_PHI_NYJ,2021,13,0.29576,-6.37533,0.47944
2021_13_SF_SEA,2021,13,0.37799,-3.75997,0.48224
2021_13_TB_ATL,2021,13,0.15756,-12.24493,0.48003
2021_13_WAS_LV,2021,13,0.50721,0.08708,0.48155
2021_14_ATL_CAR,2021,14,0.57699,2.25314,0.48459
2021_14_BAL_CLE,2021,14,0.57244,1.53183,0.47901
2021_14_BUF_TB,2021,14,0.60151,2.65399,0.48185
2021_14_CHI_GB,2021,14,0.83679,11.40334,0.48527
2021_14_DAL_WAS,2021,14,0.28371,-6.68455,0.48487
2021_14_DET_DEN,2021,14,0.85163,12.15565,0.48186
2021_14_JAX_TEN,2021,14,0.78382,9.04496,0.48820
2021_14_LA_ARI,2021,14,0.60477,3.03504,0.48587
2021_14_LV_KC,2021,14,0.78952,9.28764,0.48246
2021_14_NO_NYJ,2021,14,0.32640,-5.72400,0.48013
2021_14_NYG_LAC,2021,14,0.78843,8.95363,0.48322
2021_14_PIT_MIN,2021,14,0.59033,2.80005,0.48252
2021_14_SEA_HOU,2021,14,0.17554,-11.00988,0.48110
2021_14_SF_CIN,2021,14,0.42384,-2.64590,0.48505
2021_15_ARI_DET,2021,15,0.11861,-14.59984,0.47841
2021_15_ATL_SF,2021,15,0.79315,9.57343,0.48605
2021_15_CAR_BUF,2021,15,0.87630,13.78846,0.48475
2021_15_CIN_DEN,2021,15,0.57517,2.10373,0.48162
2021_15_DAL_NYG,2021,15,0.15512,-11.92154,0.48379
2021_15_GB_BAL,2021,15,0.19431,-9.75000,0.48457
2021_15_HOU_JAX,2021,15,0.67164,4.79530,0.48021
2021_15_KC_LAC,2021,15,0.38862,-3.29796,0.48435
2021_15_LV_CLE,2021,15,0.39369,-2.47773,0.48810
2021_15_MIN_CHI,2021,15,0.26415,-7.25507,0.48455
2021_15_NE_IND,2021,15,0.44017,-1.69058,0.48256
2021_15_NO_TB,2021,15,0.82544,10.78668,0.48246
2021_15_NYJ_MIA,2021,15,0.83510,10.93349,0.48769
2021_15_SEA_LA,2021,15,0.71412,6.55976,0.48142
2021_15_TEN_PIT,2021,15,0.50627,-0.24776,0.48002
2021_15_WAS_PHI,2021,15,0.79985,9.05059,0.48138
2021_16_BAL_CIN,2021,16,0.73417,6.59571,0.48159
2021_16_BUF_NE,2021,16,0.52507,0.45154,0.48321
2021_16_CHI_SEA,2021,16,0.72477,6.82019,0.48489
2021_16_CLE_GB,2021,16,0.73995,7.54239,0.48591
2021_16_DEN_LV,2021,16,0.44384,-1.71159,0.48247
2021_16_DET_ATL,2021,16,0.71468,6.20613,0.47981
2021_16_IND_ARI,2021,16,0.57689,2.03313,0.48130
2021_16_JAX_NYJ,2021,16,0.57134,2.03695,0.48360
2021_16_LAC_HOU,2021,16,0.12553,-13.88149,0.48397
2021_16_LA_MIN,2021,16,0.36163,-4.17375,0.48264
2021_16_MIA_NO,2021,16,0.37112,-2.90737,0.48614
2021_16_NYG_PHI,2021,16,0.81883,10.53905,0.48361
2021_16_PIT_KC,2021,16,0.79263,9.70230,0.48207
2021_16_SF_TEN,2021,16,0.36622,-3.93714,0.48372
2021_16_TB_CAR,2021,16,0.14634,-12.40867,0.48157
2021_16_WAS_DAL,2021,16,0.79477,9.68088,0.48197
2021_17_ARI_DAL,2021,17,0.68755,5.44250,0.48089
2021_17_ATL_BUF,2021,17,0.87762,14.43403,0.48770
2021_17_CAR_NO,2021,17,0.73823,7.28721,0.48703
2021_17_CLE_PIT,2021,17,0.45421,-1.43003,0.48375
2021_17_DEN_LAC,2021,17,0.73454,6.90433,0.48071
2021_17_DET_SEA,2021,17,0.76674,8.45101,0.48549
2021_17_HOU_SF,2021,17,0.84759,12.60628,0.47935
2021_17_JAX_NE,2021,17,0.92423,17.83832,0.48726
2021_17_KC_CIN,2021,17,0.38660,-3.51195,0.48566
2021_17_LA_BAL,2021,17,0.27270,-7.02183,0.48561
2021_17_LV_IND,2021,17,0.77842,8.94343,0.48774
2021_17_MIA_TEN,2021,17,0.57383,2.19818,0.48205
2021_17_MIN_GB,2021,17,0.86325,12.63892,0.48407
2021_17_NYG_CHI,2021,17,0.73521,6.70895,0.48439
2021_17_PHI_WAS,2021,17,0.26096,-7.23510,0.48236
2021_17_TB_NYJ,2021,17,0.10382,-15.67670,0.48034
2021_18_CAR_TB,2021,18,0.84074,12.12094,0.49083
2021_18_CHI_MIN,2021,18,0.59262,3.03840,0.48361
2021_18_CIN_CLE,2021,18,0.66678,4.63510,0.47720
2021_18_DAL_PHI,2021,18,0.29263,-6.05806,0.48773
2021_18_GB_DET,2021,18,0.31381,-6.35864,0.47495
2021_18_IND_JAX,2021,18,0.10268,-15.41450,0.47926
2021_18_KC_DEN,2021,18,0.15679,-11.58979,0.48530
2021_18_LAC_LV,2021,18,0.35150,-4.14320,0.48278
2021_18_NE_MIA,2021,18,0.27963,-6.71053,0.48247
2021_18_NO_ATL,2021,18,0.32174,-5.44926,0.48138
2021_18_NYJ_BUF,2021,18,0.90583,16.63193,0.48860
2021_18_PIT_BAL,2021,18,0.59349,2.94820,0.48548
2021_18_SEA_ARI,2021,18,0.66019,4.87691,0.48287
2021_18_SF_LA,2021,18,0.58154,2.40003,0.48297
2021_18_TEN_HOU,2021,18,0.17298,-11.19410,0.48255
2021_18_WAS_NYG,2021,18,0.27754,-6.22690,0.48468
2021_19_ARI_LA,2021,19,0.61819,3.49039,0.48339
2021_19_LV_CIN,2021,19,0.72452,6.66447,0.48875
2021_19_NE_BUF,2021,19,0.63344,4.16983,0.48421
2021_19_PHI_TB,2021,19,0.72730,7.33217,0.48495
2021_19_PIT_KC,2021,19,0.85016,12.36558,0.48282
2021_19_SF_DAL,2021,19,0.59762,2.83832,0.48498
2021_20_BUF_KC,2021,20,0.56719,1.58041,0.48152
2021_20_CIN_TEN,2021,20,0.60415,2.85128,0.48047
2021_20_LA_TB,2021,20,0.58254,2.43967,0.48544
2021_20_SF_GB,2021,20,0.68459,4.81119,0.48257
2021_21_CIN_KC,2021,21,0.70186,6.41134,0.48303
2021_21_SF_LA,2021,21,0.61156,3.30853,0.48484
2021_22_LA_CIN,2021,22,0.33646,-4.54183,0.48552
2022_01_BAL_NYJ,2022,1,0.27437,-6.71601,0.48441
2022_01_BUF_LA,2022,1,0.45083,-1.38429,0.48325
2022_01_CLE_CAR,2022,1,0.56902,1.86699,0.48153
2022_01_DEN_SEA,2022,1,0.29136,-5.37207,0.49025
2022_01_GB_MIN,2022,1,0.56615,1.76550,0.48082
2022_01_IND_HOU,2022,1,0.26203,-7.39595,0.48317
2022_01_JAX_WAS,2022,1,0.59869,3.36266,0.48842
2022_01_KC_ARI,2022,1,0.28502,-6.07321,0.48540
2022_01_LV_LAC,2022,1,0.60138,3.45780,0.48561
2022_01_NE_MIA,2022,1,0.58100,2.22217,0.48052
2022_01_NO_ATL,2022,1,0.28093,-6.46999,0.48265
2022_01_NYG_TEN,2022,1,0.66693,5.76992,0.48777
2022_01_PHI_DET,2022,1,0.29200,-6.09920,0.48522
2022_01_PIT_CIN,2022,1,0.72831,7.30541,0.48456
2022_01_SF_CHI,2022,1,0.29203,-6.49103,0.48597
2022_01_TB_DAL,2022,1,0.39980,-2.55841,0.48550
2022_02_ARI_LV,2022,2,0.67306,4.97472,0.48227
2022_02_ATL_LA,2022,2,0.78661,9.74277,0.48067
2022_02_CAR_NYG,2022,2,0.45937,-1.00008,0.48591
2022_02_CHI_GB,2022,2,0.77776,9.32215,0.47776
2022_02_CIN_DAL,2022,2,0.22986,-7.39268,0.48665
2022_02_HOU_DEN,2022,2,0.79492,9.93323,0.48198
2022_02_IND_JAX,2022,2,0.36906,-4.04609,0.47867
2022_02_LAC_KC,2022,2,0.63928,4.46505,0.48912
2022_02_MIA_BAL,2022,2,0.59179,2.61544,0.48324
2022_02_MIN_PHI,2022,2,0.57211,2.00384,0.48247
2022_02_NE_PIT,2022,2,0.38704,-2.96578,0.48614
2022_02_NYJ_CLE,2022,2,0.68594,6.36683,0.48498
2022_02_SEA_SF,2022,2,0.72663,7.16941,0.47670
2022_02_TB_NO,2022,2,0.40059,-3.05415,0.48207
2022_02_TEN_BUF,2022,2,0.78938,10.02926,0.48611
2022_02_WAS_DET,2022,2,0.43644,-1.51522,0.48234
2022_03_ATL_SEA,2022,3,0.51138,0.88643,0.48512
2022_03_BAL_NE,2022,3,0.37660,-2.54045,0.48563
2022_03_BUF_MIA,2022,3,0.35453,-4.58572,0.48185
2022_03_CIN_NYJ,2022,3,0.27708,-6.72007,0.48438
2022_03_DAL_NYG,2022,3,0.52591,0.24579,0.48069
2022_03_DET_MIN,2022,3,0.67790,5.99709,0.48243
2022_03_GB_TB,2022,3,0.52453,1.57835,0.48991
2022_03_HOU_CHI,2022,3,0.58055,2.96142,0.48564
2022_03_JAX_LAC,2022,3,0.69359,6.27052,0.48432
2022_03_KC_IND,2022,3,0.31291,-5.55051,0.47864
2022_03_LA_ARI,2022,3,0.36941,-3.44075,0.48632
2022_03_LV_TEN,2022,3,0.42985,-1.34762,0.48696
2022_03_NO_CAR,2022,3,0.40534,-2.51729,0.48233
2022_03_PHI_WAS,2022,3,0.29282,-6.07326,0.48540
2022_03_PIT_CLE,2022,3,0.61552,3.81376,0.48116
2022_03_SF_DEN,2022,3,0.45180,-1.29144,0.48389
2022_04_ARI_CAR,2022,4,0.51564,0.56397,0.48289
2022_04_BUF_BAL,2022,4,0.40300,-3.35970,0.48342
2022_04_CHI_NYG,2022,4,0.59021,2.50150,0.48246
2022_04_CLE_ATL,2022,4,0.45569,-1.22488,0.48435
2022_04_DEN_LV,2022,4,0.57483,1.93993,0.48203
2022_04_JAX_PHI,2022,4,0.69652,6.32114,0.48467
2022_04_KC_TB,2022,4,0.51413,0.84527,0.48484
2022_04_LAC_HOU,2022,4,0.32571,-5.26732,0.48752
2022_04_LA_SF,2022,4,0.52621,0.96788,0.48568
2022_04_MIA_CIN,2022,4,0.61355,3.24286,0.48067
2022_04_MIN_NO,2022,4,0.30932,-4.55043,0.48210
2022_04_NE_GB,2022,4,0.79190,9.52547,0.48262
2022_04_NYJ_PIT,2022,4,0.59485,3.36152,0.48841
2022_04_SEA_DET,2022,4,0.59002,2.52130,0.48259
2022_04_TEN_IND,2022,4,0.63862,4.12779,0.48333
2022_04_WAS_DAL,2022,4,0.58098,3.18880,0.48721
2022_05_ATL_TB,2022,5,0.78986,10.30248,0.48454
2022_05_CHI_MIN,2022,5,0.79067,9.54692,0.48277
2022_05_CIN_BAL,2022,5,0.58826,2.61570,0.48325
2022_05_DAL_LA,2022,5,0.65150,4.42435,0.47847
2022_05_DET_NE,2022,5,0.54451,2.37367,0.48157
2022_05_HOU_JAX,2022,5,0.71201,7.04912,0.48625
2022_05_IND_DEN,2022,5,0.59480,3.04103,0.48273
2022_05_LAC_CLE,2022,5,0.46349,-0.89496,0.48663
2022_05_LV_KC,2022,5,0.73127,7.86889,0.48846
2022_05_MIA_NYJ,2022,5,0.38277,-3.80970,0.48030
2022_05_NYG_GB,2022,5,0.72422,7.84871,0.48140
2022_05_PHI_ARI,2022,5,0.29554,-6.01558,0.48234
2022_05_PIT_BUF,2022,5,0.86830,14.32818,0.48818
2022_05_SEA_NO,2022,5,0.62916,4.26027,0.47733
2022_05_SF_CAR,2022,5,0.28302,-6.81243,0.48029
2022_05_TEN_WAS,2022,5,0.43136,-1.74256,0.48077
2022_06_ARI_SEA,2022,6,0.41440,-2.27425,0.48747
2022_06_BAL_NYG,2022,6,0.30116,-5.70683,0.48447
2022_06_BUF_KC,2022,6,0.39377,-2.97304,0.48263
2022_06_CAR_LA,2022,6,0.77816,9.38274,0.48164
2022_06_CIN_NO,2022,6,0.34163,-3.90810,0.47962
2022_06_DAL_PHI,2022,6,0.69201,5.79784,0.48105
2022_06_DEN_LAC,2022,6,0.59756,3.16834,0.48361
2022_06_JAX_IND,2022,6,0.51927,0.85960,0.48493
2022_06_MIN_MIA,2022,6,0.36281,-3.20489,0.48449
2022_06_NE_CLE,2022,6,0.58141,2.16132,0.48356
2022_06_NYJ_GB,2022,6,0.71455,7.14990,0.48348
2022_06_SF_ATL,2022,6,0.36191,-4.38522,0.47978
2022_06_TB_PIT,2022,6,0.19110,-10.33250,0.48361
2022_06_WAS_CHI,2022,6,0.47887,-0.42471,0.48989
2022_07_ATL_CIN,2022,7,0.69556,6.39889,0.48521
2022_07_CHI_NE,2022,7,0.77225,9.44827,0.48555
2022_07_CLE_BAL,2022,7,0.70911,6.69581,0.48726
2022_07_DET_DAL,2022,7,0.69875,7.46025,0.48909
2022_07_GB_WAS,2022,7,0.34767,-4.20164,0.48451
2022_07_HOU_LV,2022,7,0.70267,6.63683,0.48339
2022_07_IND_TEN,2022,7,0.55751,1.81174,0.48114
2022_07_KC_SF,2022,7,0.44902,-1.34409,0.48352
2022_07_NO_ARI,2022,7,0.56631,1.98371,0.48233
2022_07_NYG_JAX,2022,7,0.57012,2.46524,0.48221
2022_07_NYJ_DEN,2022,7,0.39436,-2.36275,0.48340
2022_07_PIT_MIA,2022,7,0.71842,7.03652,0.48270
2022_07_SEA_LAC,2022,7,0.64426,4.64476,0.47999
2022_07_TB_CAR,2022,7,0.12967,-13.45518,0.48276
2022_08_ARI_MIN,2022,8,0.64827,3.74199,0.48412
2022_08_BAL_TB,2022,8,0.52774,1.43338,0.48199
2022_08_CAR_ATL,2022,8,0.64691,4.50944,0.48597
2022_08_CHI_DAL,2022,8,0.79600,10.18360,0.48372
2022_08_CIN_CLE,2022,8,0.35575,-4.05737,0.47859
2022_08_DEN_JAX,2022,8,0.51466,0.63889,0.48341
2022_08_GB_BUF,2022,8,0.81264,10.87432,0.48850
2022_08_LV_NO,2022,8,0.42069,-1.63785,0.48149
2022_08_MIA_DET,2022,8,0.37418,-3.94729,0.48281
2022_08_NE_NYJ,2022,8,0.39469,-2.83527,0.48705
2022_08_NYG_SEA,2022,8,0.56353,2.23911,0.48064
2022_08_PIT_PHI,2022,8,0.81380,10.71681,0.48395
2022_08_SF_LA,2022,8,0.42327,-1.90659,0.47963
2022_08_TEN_HOU,2022,8,0.45981,-1.60447,0.48172
2022_08_WAS_IND,2022,8,0.59703,3.05117,0.48626
2022_09_BAL_NO,2022,9,0.41618,-1.66350,0.48132
2022_09_BUF_NYJ,2022,9,0.16633,-11.54735,0.48212
2022_09_CAR_CIN,2022,9,0.72419,7.42919,0.48888
2022_09_GB_DET,2022,9,0.37738,-3.81636,0.48718
2022_09_IND_NE,2022,9,0.65037,4.90668,0.48526
2022_09_LAC_ATL,2022,9,0.43289,-1.55602,0.49244
2022_09_LA_TB,2022,9,0.59960,3.10261,0.48662
2022_09_LV_JAX,2022,9,0.39224,-2.65439,0.48484
2022_09_MIA_CHI,2022,9,0.35657,-4.05741,0.48551
2022_09_MIN_WAS,2022,9,0.36282,-3.59191,0.48181
2022_09_PHI_HOU,2022,9,0.12105,-14.45486,0.48276
2022_09_SEA_ARI,2022,9,0.50646,0.66508,0.48013
2022_09_TEN_KC,2022,9,0.87775,13.71809,0.48396
2022_10_ARI_LA,2022,10,0.59687,3.19551,0.48380
2022_10_ATL_CAR,2022,10,0.37965,-2.95515,0.48276
2022_10_CLE_MIA,2022,10,0.60043,3.38785,0.48859
2022_10_DAL_GB,2022,10,0.33876,-4.15513,0.48137
2022_10_DEN_TEN,2022,10,0.58679,3.13087,0.49027
2022_10_DET_CHI,2022,10,0.58913,3.03268,0.48613
2022_10_HOU_NYG,2022,10,0.67285,5.37183,0.48502
2022_10_IND_LV,2022,10,0.63934,4.13671,0.48339
2022_10_JAX_KC,2022,10,0.79289,10.27532,0.48781
2022_10_LAC_SF,2022,10,0.76757,8.35896,0.48493
2022_10_MIN_BUF,2022,10,0.69696,6.89162,0.48862
2022_10_NO_PIT,2022,10,0.53247,0.26974,0.48085
2022_10_SEA_TB,2022,10,0.53066,1.56323,0.47943
2022_10_WAS_PHI,2022,10,0.82421,11.56072,0.48979
2022_11_CAR_BAL,2022,11,0.86240,12.91800,0.48534
2022_11_CHI_ATL,2022,11,0.57396,2.45801,0.48216
2022_11_CIN_PIT,2022,11,0.34558,-4.03576,0.48220
2022_11_CLE_BUF,2022,11,0.72314,7.86217,0.48841
2022_11_DAL_MIN,2022,11,0.42931,-1.78317,0.48395
2022_11_DET_NYG,2022,11,0.58570,3.03965,0.48618
2022_11_KC_LAC,2022,11,0.29183,-6.41699,0.47956
2022_11_LA_NO,2022,11,0.57441,2.29474,0.48449
2022_11_LV_DEN,2022,11,0.54624,2.03207,0.48267
2022_11_NYJ_NE,2022,11,0.60398,3.55881,0.48631
2022_11_PHI_IND,2022,11,0.25682,-7.33641,0.48012
2022_11_SF_ARI,2022,11,0.16958,-10.44828,0.48280
2022_11_TEN_GB,2022,11,0.56027,2.15865,0.48009
2022_11_WAS_HOU,2022,11,0.39708,-3.28788,0.48391
2022_12_ATL_WAS,2022,12,0.58981,3.21652,0.48394
2022_12_BAL_JAX,2022,12,0.35317,-4.52192,0.47884
2022_12_BUF_DET,2022,12,0.19681,-10.34279,0.48353
2022_12_CHI_NYJ,2022,12,0.75635,8.19000,0.48376
2022_12_CIN_TEN,2022,12,0.44315,-1.31848,0.48370
2022_12_DEN_CAR,2022,12,0.45317,-1.30161,0.48382
2022_12_GB_PHI,2022,12,0.71715,6.93729,0.48893
2022_12_HOU_MIA,2022,12,0.86595,13.61108,0.48321
2022_12_LAC_ARI,2022,12,0.38870,-2.59205,0.48527
2022_12_LA_KC,2022,12,0.91160,16.52655,0.48609
2022_12_LV_SEA,2022,12,0.62272,3.68690,0.48374
2022_12_NE_MIN,2022,12,0.57692,1.93652,0.48201
2022_12_NO_SF,2022,12,0.78886,9.47075,0.48570
2022_12_NYG_DAL,2022,12,0.80396,10.62554,0.48677
2022_12_PIT_IND,2022,12,0.57627,2.53178,0.48613
2022_12_TB_CLE,2022,12,0.38422,-2.87449,0.48677
2022_13_BUF_NE,2022,13,0.35325,-4.00824,0.48239
2022_13_CLE_HOU,2022,13,0.26029,-7.63383,0.48498
2022_13_DEN_BAL,2022,13,0.79414,9.79997,0.48798
2022_13_GB_CHI,2022,13,0.38273,-3.44407,0.48975
2022_13_IND_DAL,2022,13,0.82061,11.37600,0.48851
2022_13_JAX_DET,2022,13,0.53616,1.06173,0.48633
2022_13_KC_CIN,2022,13,0.40982,-2.44198,0.48631
2022_13_LAC_LV,2022,13,0.58515,2.50855,0.48597
2022_13_MIA_SF,2022,13,0.62836,4.03498,0.48269
2022_13_NO_TB,2022,13,0.60346,3.53626,0.48616
2022_13_NYJ_MIN,2022,13,0.57676,2.45151,0.48211
2022_13_PIT_ATL,2022,13,0.46254,-0.84524,0.48698
2022_13_SEA_LA,2022,13,0.23239,-7.46010,0.48272
2022_13_TEN_PHI,2022,13,0.65455,4.97682,0.48575
2022_13_WAS_NYG,2022,13,0.41186,-2.27548,0.48746
2022_14_BAL_PIT,2022,14,0.53689,0.94919,0.48209
2022_14_CAR_SEA,2022,14,0.62360,4.27350,0.49126
2022_14_CLE_CIN,2022,14,0.65773,5.16550,0.49051
2022_14_HOU_DAL,2022,14,0.91338,17.86239,0.49188
2022_14_JAX_TEN,2022,14,0.59370,3.29107,0.48792
2022_14_KC_DEN,2022,14,0.21364,-9.21241,0.48098
2022_14_LV_LA,2022,14,0.24591,-6.70032,0.48452
2022_14_MIA_LAC,2022,14,0.37062,-3.55127,0.48209
2022_14_MIN_DET,2022,14,0.58174,2.26394,0.48427
2022_14_NE_ARI,2022,14,0.40634,-3.03405,0.47875
2022_14_NYJ_BUF,2022,14,0.78515,9.99200,0.48585
2022_14_PHI_NYG,2022,14,0.24575,-7.95286,0.48277
2022_14_TB_SF,2022,14,0.59204,3.21754,0.48395
2022_15_ARI_DEN,2022,15,0.53153,1.29474,0.48449
2022_15_ATL_NO,2022,15,0.64686,4.83432,0.48476
2022_15_BAL_CLE,2022,15,0.56634,1.89355,0.48171
2022_15_CIN_TB,2022,15,0.33612,-4.32837,0.48018
2022_15_DAL_JAX,2022,15,0.34387,-4.86237,0.47994
2022_15_DET_NYJ,2022,15,0.52302,1.41176,0.48184
2022_15_IND_MIN,2022,15,0.62448,4.40933,0.49220
2022_15_KC_HOU,2022,15,0.11487,-14.98719,0.48253
2022_15_LA_GB,2022,15,0.74434,7.28482,0.48096
2022_15_MIA_BUF,2022,15,0.72257,7.33959,0.48826
2022_15_NE_LV,2022,15,0.53288,0.42617,0.48194
2022_15_NYG_WAS,2022,15,0.62751,4.01045,0.48252
2022_15_PHI_CHI,2022,15,0.21804,-9.64121,0.47801
2022_15_PIT_CAR,2022,15,0.56580,2.07977,0.48300
2022_15_SF_SEA,2022,15,0.40264,-3.18330,0.48464
2022_15_TEN_LAC,2022,15,0.57562,2.41231,0.48184
2022_16_ATL_BAL,2022,16,0.69334,6.49828,0.48589
2022_16_BUF_CHI,2022,16,0.23089,-8.80701,0.48032
2022_16_CIN_NE,2022,16,0.35829,-3.54827,0.48211
2022_16_DEN_LA,2022,16,0.37491,-3.07888,0.48536
2022_16_DET_CAR,2022,16,0.36098,-3.39104,0.47974
2022_16_GB_MIA,2022,16,0.61657,3.54121,0.48619
2022_16_HOU_TEN,2022,16,0.56009,3.00260,0.48592
2022_16_JAX_NYJ,2022,16,0.56915,2.40336,0.48524
2022_16_LAC_IND,2022,16,0.37156,-3.54904,0.48557
2022_16_LV_PIT,2022,16,0.55711,1.92918,0.48196
2022_16_NO_CLE,2022,16,0.58383,2.77217,0.48433
2022_16_NYG_MIN,2022,16,0.64772,4.64847,0.48693
2022_16_PHI_DAL,2022,16,0.63324,3.78309,0.48440
2022_16_SEA_KC,2022,16,0.78986,10.16698,0.48360
2022_16_TB_ARI,2022,16,0.25477,-7.35595,0.48690
2022_16_WAS_SF,2022,16,0.69301,6.56201,0.48634
2022_17_ARI_ATL,2022,17,0.72459,6.59902,0.48313
2022_17_CAR_TB,2022,17,0.57980,3.08140,0.48301
2022_17_CHI_DET,2022,17,0.66284,5.06055,0.48979
2022_17_CLE_WAS,2022,17,0.52339,0.85899,0.48493
2022_17_DAL_TEN,2022,17,0.11074,-14.21004,0.48445
2022_17_DEN_KC,2022,17,0.86397,13.78884,0.48791
2022_17_IND_NYG,2022,17,0.68313,5.58831,0.48652
2022_17_JAX_HOU,2022,17,0.36462,-4.09362,0.48180
2022_17_LA_LAC,2022,17,0.70283,6.27915,0.48438
2022_17_MIA_NE,2022,17,0.59390,2.91501,0.48532
2022_17_MIN_GB,2022,17,0.56004,2.36354,0.48150
2022_17_NO_PHI,2022,17,0.67527,5.86738,0.48845
2022_17_NYJ_SEA,2022,17,0.44157,-1.28913,0.48391
2022_17_PIT_BAL,2022,17,0.51653,1.19860,0.48728
2022_17_SF_LV,2022,17,0.19235,-10.18828,0.48460
2022_18_ARI_SF,2022,18,0.87076,14.21818,0.48742
2022_18_BAL_CIN,2022,18,0.82205,10.89198,0.48516
2022_18_CAR_NO,2022,18,0.59375,3.33395,0.48476
2022_18_CLE_PIT,2022,18,0.57921,2.36252,0.48495
2022_18_DAL_WAS,2022,18,0.22799,-8.49778,0.47900
2022_18_DET_GB,2022,18,0.63538,4.61748,0.47980
2022_18_HOU_IND,2022,18,0.57363,2.72455,0.48400
2022_18_KC_LV,2022,18,0.22247,-9.05749,0.48551
2022_18_LAC_DEN,2022,18,0.67622,4.84261,0.47790
2022_18_LA_SEA,2022,18,0.69242,5.73839,0.48756
2022_18_MIN_CHI,2022,18,0.26484,-6.79798,0.48384
2022_18_NE_BUF,2022,18,0.75288,8.37709,0.48852
2022_18_NYG_PHI,2022,18,0.90846,16.42350,0.48538
2022_18_NYJ_MIA,2022,18,0.57122,2.89586,0.48173
2022_18_TB_ATL,2022,18,0.71013,5.60547,0.48318
2022_18_TEN_JAX,2022,18,0.70813,6.35729,0.48838
2022_19_BAL_CIN,2022,19,0.74071,7.72711,0.48748
2022_19_DAL_TB,2022,19,0.37744,-3.26698,0.48060
2022_19_LAC_JAX,2022,19,0.43214,-1.76220,0.48755
2022_19_MIA_BUF,2022,19,0.88433,14.36045,0.48840
2022_19_NYG_MIN,2022,19,0.57208,2.37775,0.48506
2022_19_SEA_SF,2022,19,0.78245,9.92308,0.48537
2022_20_CIN_BUF,2022,20,0.67739,5.64031,0.48342
2022_20_DAL_SF,2022,20,0.59925,3.33600,0.48477
2022_20_JAX_KC,2022,20,0.77791,9.31561,0.48117
2022_20_NYG_PHI,2022,20,0.73723,7.67066,0.48363
2022_21_CIN_KC,2022,21,0.52889,1.47150,0.48225
2022_21_SF_PHI,2022,21,0.57570,1.94404,0.48206
2022_22_KC_PHI,2022,22,0.51726,0.89266,0.48516
2023_01_ARI_WAS,2023,1,0.72707,6.70238,0.48553
2023_01_BUF_NYJ,2023,1,0.42999,-2.35948,0.48548
2023_01_CAR_ATL,2023,1,0.60722,3.25051,0.48552
2023_01_CIN_CLE,2023,1,0.43264,-1.60946,0.48556
2023_01_DAL_NYG,2023,1,0.37878,-3.56989,0.48550
2023_01_DET_KC,2023,1,0.58865,3.73767,0.48552
2023_01_GB_CHI,2023,1,0.54413,0.77254,0.48552
2023_01_HOU_BAL,2023,1,0.78448,9.35563,0.48551
2023_01_JAX_IND,2023,1,0.34404,-4.11830,0.48551
2023_01_LA_SEA,2023,1,0.64986,4.41399,0.48551
2023_01_LV_DEN,2023,1,0.57223,2.41984,0.48555
2023_01_MIA_LAC,2023,1,0.59303,2.64641,0.48553
2023_01_PHI_NE,2023,1,0.35399,-3.71943,0.48552
2023_01_SF_PIT,2023,1,0.44890,-1.83309,0.48553
2023_01_TB_MIN,2023,1,0.66672,4.35476,0.48546
2023_01_TEN_NO,2023,1,0.59335,3.04726,0.48549
2023_02_BAL_CIN,2023,2,0.59013,2.95751,0.48555
2023_02_CHI_TB,2023,2,0.55406,2.64442,0.48548
2023_02_CLE_PIT,2023,2,0.40264,-2.70172,0.48552
2023_02_GB_ATL,2023,2,0.59031,2.37796,0.48556
2023_02_IND_HOU,2023,2,0.45595,-0.99022,0.48550
2023_02_KC_JAX,2023,2,0.38956,-3.15547,0.48546
2023_02_LAC_TEN,2023,2,0.40056,-2.54765,0.48550
2023_02_LV_BUF,2023,2,0.70736,6.70168,0.48557
2023_02_MIA_NE,2023,2,0.40327,-2.11899,0.48551
2023_02_MIN_PHI,2023,2,0.69295,6.23605,0.48547
2023_02_NO_CAR,2023,2,0.38211,-3.05078,0.48550
2023_02_NYG_ARI,2023,2,0.30807,-4.73959,0.48547
2023_02_NYJ_DAL,2023,2,0.76034,8.45874,0.48550
2023_02_SEA_DET,2023,2,0.65482,4.60676,0.48549
2023_02_SF_LA,2023,2,0.25517,-7.31061,0.48548
2023_02_WAS_DEN,2023,2,0.64036,3.55005,0.48554
2023_03_ATL_DET,2023,3,0.60689,2.94481,0.48550
2023_03_BUF_WAS,2023,3,0.31746,-5.32373,0.48548
2023_03_CAR_SEA,2023,3,0.65964,4.55999,0.48554
2023_03_CHI_KC,2023,3,0.84254,12.75939,0.48552
2023_03_DAL_ARI,2023,3,0.15439,-11.81174,0.48553
2023_03_DEN_MIA,2023,3,0.68544,5.81892,0.48551
2023_03_HOU_JAX,2023,3,0.73377,7.63973,0.48548
2023_03_IND_BAL,2023,3,0.73806,7.59882,0.48549
2023_03_LAC_MIN,2023,3,0.53408,0.89575,0.48551
2023_03_LA_CIN,2023,3,0.58585,2.55373,0.48554
2023_03_NE_NYJ,2023,3,0.41406,-2.16541,0.48547
2023_03_NO_GB,2023,3,0.46223,-0.79263,0.48543
2023_03_NYG_SF,2023,3,0.80739,10.52821,0.48549
2023_03_PHI_TB,2023,3,0.26695,-6.38195,0.48553
2023_03_PIT_LV,2023,3,0.61005,2.72724,0.48552
2023_03_TEN_CLE,2023,3,0.58107,3.11523,0.48553
2023_04_ARI_SF,2023,4,0.89052,14.87662,0.48551
2023_04_ATL_JAX,2023,4,0.59579,2.83055,0.48556
2023_04_BAL_CLE,2023,4,0.38943,-1.86650,0.48548
2023_04_CIN_TEN,2023,4,0.40476,-2.67996,0.48551
2023_04_DEN_CHI,2023,4,0.35744,-3.45423,0.48554
2023_04_DET_GB,2023,4,0.39460,-2.22798,0.48547
2023_04_KC_NYJ,2023,4,0.21429,-9.22053,0.48547
2023_04_LA_IND,2023,4,0.46116,-1.28513,0.48552
2023_04_LV_LAC,2023,4,0.72982,7.17212,0.48548
2023_04_MIA_BUF,2023,4,0.56331,2.40452,0.48551
2023_04_MIN_CAR,2023,4,0.31931,-4.60279,0.48551
2023_04_NE_DAL,2023,4,0.71143,6.47794,0.48550
2023_04_PIT_HOU,2023,4,0.40657,-2.76923,0.48548
2023_04_SEA_NYG,2023,4,0.40501,-2.77211,0.48552
2023_04_TB_NO,2023,4,0.64112,4.07230,0.48549
2023_04_WAS_PHI,2023,4,0.78637,9.78559,0.48547
2023_05_BAL_PIT,2023,5,0.32577,-5.02644,0.48555
2023_05_CAR_DET,2023,5,0.80180,9.94148,0.48546
2023_05_CHI_WAS,2023,5,0.68575,6.19225,0.48548
2023_05_CIN_ARI,2023,5,0.40464,-2.57221,0.48546
2023_05_DAL_SF,2023,5,0.63555,3.74274,0.48547
2023_05_GB_LV,2023,5,0.53178,0.57194,0.48554
2023_05_HOU_ATL,2023,5,0.52871,1.36735,0.48560
2023_05_JAX_BUF,2023,5,0.64565,5.56299,0.48549
2023_05_KC_MIN,2023,5,0.38703,-3.57709,0.48550
2023_05_NO_NE,2023,5,0.57218,2.24967,0.48552
2023_05_NYG_MIA,2023,5,0.84662,12.22823,0.48552
2023_05_NYJ_DEN,2023,5,0.59206,2.14235,0.48553
2023_05_PHI_LA,2023,5,0.36705,-3.78460,0.48552
2023_05_TEN_IND,2023,5,0.41343,-2.10812,0.48546
2023_06_ARI_LA,2023,6,0.72645,7.09644,0.48549
2023_06_BAL_TEN,2023,6,0.29187,-5.59994,0.48551
2023_06_CAR_MIA,2023,6,0.87181,13.59909,0.48554
2023_06_DAL_LAC,2023,6,0.45071,-2.05919,0.48555
2023_06_DEN_KC,2023,6,0.78475,10.44814,0.48550
2023_06_DET_TB,2023,6,0.35950,-3.87431,0.48558
2023_06_IND_JAX,2023,6,0.63374,4.08105,0.48549
2023_06_MIN_CHI,2023,6,0.39893,-2.99851,0.48550
2023_06_NE_LV,2023,6,0.61431,2.99184,0.48550
2023_06_NO_HOU,2023,6,0.47020,-1.20914,0.48542
2023_06_NYG_BUF,2023,6,0.89632,15.84749,0.48546
2023_06_PHI_NYJ,2023,6,0.26991,-6.74187,0.48552
2023_06_SEA_CIN,2023,6,0.57351,2.60245,0.48553
2023_06_SF_CLE,2023,6,0.18064,-10.81827,0.48562
2023_06_WAS_ATL,2023,6,0.52641,1.41430,0.48551
2023_07_ARI_SEA,2023,7,0.78973,9.42254,0.48550
2023_07_ATL_TB,2023,7,0.57412,2.90980,0.48551
2023_07_BUF_NE,2023,7,0.24408,-8.18519,0.48556
2023_07_CLE_IND,2023,7,0.37441,-3.45993,0.48549
2023_07_DET_BAL,2023,7,0.58018,2.42822,0.48555
2023_07_GB_DEN,2023,7,0.55612,1.49946,0.48550
2023_07_JAX_NO,2023,7,0.53642,1.54838,0.48559
2023_07_LAC_KC,2023,7,0.66315,5.42828,0.48550
2023_07_LV_CHI,2023,7,0.42778,-2.25321,0.48547
2023_07_MIA_PHI,2023,7,0.60806,3.03899,0.48549
2023_07_PIT_LA,2023,7,0.60938,4.00182,0.48545
2023_07_SF_MIN,2023,7,0.26169,-7.66379,0.48556
2023_07_WAS_NYG,2023,7,0.35872,-3.17274,0.48551
2023_08_ATL_TEN,2023,8,0.40176,-2.30271,0.48548
2023_08_BAL_ARI,2023,8,0.18673,-10.20273,0.48556
2023_08_CHI_LAC,2023,8,0.77113,8.87172,0.48556
2023_08_CIN_SF,2023,8,0.63609,5.19517,0.48538
2023_08_CLE_SEA,2023,8,0.64331,3.81668,0.48551
2023_08_HOU_CAR,2023,8,0.33180,-4.13138,0.48560
2023_08_JAX_PIT,2023,8,0.37970,-2.87414,0.48553
2023_08_KC_DEN,2023,8,0.27781,-7.33369,0.48553
2023_08_LA_DAL,2023,8,0.70455,5.96144,0.48555
2023_08_LV_DET,2023,8,0.71823,7.17324,0.48548
2023_08_MIN_GB,2023,8,0.44301,-0.98971,0.48550
2023_08_NE_MIA,2023,8,0.73045,7.52497,0.48549
2023_08_NO_IND,2023,8,0.43656,-1.58030,0.48546
2023_08_NYJ_NYG,2023,8,0.35562,-2.92597,0.48549
2023_08_PHI_WAS,2023,8,0.26003,-7.31567,0.48553
2023_08_TB_BUF,2023,8,0.80133,10.15082,0.48548
2023_09_ARI_CLE,2023,9,0.85804,12.56591,0.48554
2023_09_BUF_CIN,2023,9,0.54913,1.14188,0.48553
2023_09_CHI_NO,2023,9,0.75480,8.57422,0.48554
2023_09_DAL_PHI,2023,9,0.62341,3.36426,0.48551
2023_09_IND_CAR,2023,9,0.42817,-1.62243,0.48551
2023_09_LAC_NYJ,2023,9,0.38747,-2.95858,0.48549
2023_09_LA_GB,2023,9,0.63718,3.45190,0.48550
2023_09_MIA_KC,2023,9,0.50377,0.83855,0.48551
2023_09_MIN_ATL,2023,9,0.62513,2.99736,0.48554
2023_09_NYG_LV,2023,9,0.52866,0.87660,0.48551
2023_09_SEA_BAL,2023,9,0.69952,6.01757,0.48550
2023_09_TB_HOU,2023,9,0.61763,3.01329,0.48545
2023_09_TEN_PIT,2023,9,0.60503,3.12101,0.48553
2023_09_WAS_NE,2023,9,0.55351,2.16295,0.48553
2023_10_ATL_ARI,2023,10,0.42584,-2.01150,0.48550
2023_10_CAR_CHI,2023,10,0.61486,3.49130,0.48545
2023_10_CLE_BAL,2023,10,0.69024,6.15518,0.48548
2023_10_DEN_BUF,2023,10,0.70334,7.87421,0.48546
2023_10_DET_LAC,2023,10,0.40327,-1.77500,0.48543
2023_10_GB_PIT,2023,10,0.58856,2.74135,0.48552
2023_10_HOU_CIN,2023,10,0.64113,4.96968,0.48555
2023_10_IND_NE,2023,10,0.43080,-1.60495,0.48555
2023_10_NO_MIN,2023,10,0.37702,-2.60955,0.48546
2023_10_NYG_DAL,2023,10,0.92452,17.63882,0.48548
2023_10_NYJ_LV,2023,10,0.45081,-1.00898,0.48550
2023_10_SF_JAX,2023,10,0.40481,-2.86008,0.48548
2023_10_TEN_TB,2023,10,0.56567,2.28781,0.48552
2023_10_WAS_SEA,2023,10,0.66839,5.44509,0.48555
2023_11_ARI_HOU,2023,11,0.69535,6.19605,0.48543
2023_11_CHI_DET,2023,11,0.74678,8.42097,0.48546
2023_11_CIN_BAL,2023,11,0.61874,4.16922,0.48548
2023_11_DAL_CAR,2023,11,0.15332,-11.76330,0.48557
2023_11_LAC_GB,2023,11,0.36008,-3.38463,0.48553
2023_11_LV_MIA,2023,11,0.87179,12.83809,0.48561
2023_11_MIN_DEN,2023,11,0.60514,2.38346,0.48551
2023_11_NYG_WAS,2023,11,0.75781,7.91324,0.48546
2023_11_NYJ_BUF,2023,11,0.73138,8.02066,0.48550
2023_11_PHI_KC,2023,11,0.54452,1.95541,0.48555
2023_11_PIT_CLE,2023,11,0.53419,2.43014,0.48550
2023_11_SEA_LA,2023,11,0.57841,1.79221,0.48556
2023_11_TB_SF,2023,11,0.86693,13.22433,0.48552
2023_11_TEN_JAX,2023,11,0.72253,6.70167,0.48548
2023_12_BAL_LAC,2023,12,0.40359,-3.01417,0.48550
2023_12_BUF_PHI,2023,12,0.59426,2.77381,0.48547
2023_12_CAR_TEN,2023,12,0.62232,4.12002,0.48544
2023_12_CHI_MIN,2023,12,0.57300,3.30626,0.48547
2023_12_CLE_DEN,2023,12,0.59042,1.55693,0.48549
2023_12_GB_DET,2023,12,0.75867,8.25447,0.48552
2023_12_JAX_HOU,2023,12,0.44917,-1.06706,0.48550
2023_12_KC_LV,2023,12,0.21989,-8.86662,0.48548
2023_12_LA_ARI,2023,12,0.39163,-2.89870,0.48549
2023_12_MIA_NYJ,2023,12,0.21876,-8.78108,0.48543
2023_12_NE_NYG,2023,12,0.32705,-3.73065,0.48542
2023_12_NO_ATL,2023,12,0.42667,-1.93232,0.48549
2023_12_PIT_CIN,2023,12,0.39640,-1.60413,0.48546
2023_12_SF_SEA,2023,12,0.25264,-7.48217,0.48554
2023_12_TB_IND,2023,12,0.59117,1.94427,0.48555
2023_12_WAS_DAL,2023,12,0.85708,13.25287,0.48547
2023_13_ARI_PIT,2023,13,0.68898,6.23009,0.48548
2023_13_ATL_NYJ,2023,13,0.42552,-1.73953,0.48547
2023_13_CAR_TB,2023,13,0.63375,4.68418,0.48543
2023_13_CIN_JAX,2023,13,0.83335,10.20366,0.48548
2023_13_CLE_LA,2023,13,0.62957,3.14704,0.48553
2023_13_DEN_HOU,2023,13,0.61807,3.41791,0.48550
2023_13_DET_NO,2023,13,0.33740,-4.09594,0.48551
2023_13_IND_TEN,2023,13,0.42264,-1.53524,0.48550
2023_13_KC_GB,2023,13,0.31783,-5.23674,0.48547
2023_13_LAC_NE,2023,13,0.31873,-5.10983,0.48556
2023_13_MIA_WAS,2023,13,0.23651,-8.40099,0.48549
2023_13_SEA_DAL,2023,13,0.80003,10.06958,0.48544
2023_13_SF_PHI,2023,13,0.39759,-3.05429,0.48550
2023_14_BUF_KC,2023,14,0.54350,2.08753,0.48549
2023_14_CAR_NO,2023,14,0.67325,5.77902,0.48547
2023_14_DEN_LAC,2023,14,0.58755,3.01419,0.48550
2023_14_DET_CHI,2023,14,0.38402,-3.81864,0.48558
2023_14_GB_NYG,2023,14,0.27743,-6.96721,0.48559
2023_14_HOU_NYJ,2023,14,0.33893,-4.20914,0.48556
2023_14_IND_CIN,2023,14,0.58185,3.01949,0.48550
2023_14_JAX_CLE,2023,14,0.50998,1.22724,0.48562
2023_14_LA_BAL,2023,14,0.73162,6.84537,0.48556
2023_14_MIN_LV,2023,14,0.39498,-3.04312,0.48550
2023_14_NE_PIT,2023,14,0.68464,5.77447,0.48552
2023_14_PHI_DAL,2023,14,0.61156,3.64116,0.48548
2023_14_SEA_SF,2023,14,0.89152,14.96497,0.48545
2023_14_TB_ATL,2023,14,0.54284,1.28794,0.48552
2023_14_TEN_MIA,2023,14,0.87342,13.66619,0.48553
2023_15_ATL_CAR,2023,15,0.36201,-3.49322,0.48554
2023_15_BAL_JAX,2023,15,0.37747,-3.70522,0.48547
2023_15_CHI_CLE,2023,15,0.57546,3.03864,0.48549
2023_15_DAL_BUF,2023,15,0.53215,1.11870,0.48558
2023_15_DEN_DET,2023,15,0.65498,4.84633,0.48556
2023_15_HOU_TEN,2023,15,0.59593,2.83490,0.48551
2023_15_KC_NE,2023,15,0.19303,-9.91512,0.48549
2023_15_LAC_LV,2023,15,0.60180,2.56185,0.48554
2023_15_MIN_CIN,2023,15,0.61548,3.29451,0.48547
2023_15_NYG_NO,2023,15,0.68416,5.97011,0.48550
2023_15_NYJ_MIA,2023,15,0.72854,7.66384,0.48548
2023_15_PHI_SEA,2023,15,0.30709,-5.35462,0.48553
2023_15_PIT_IND,2023,15,0.55559,1.72202,0.48548
2023_15_SF_ARI,2023,15,0.14272,-13.58951,0.48560
2023_15_TB_GB,2023,15,0.63812,4.07923,0.48549
2023_15_WAS_LA,2023,15,0.70333,7.10727,0.48544
2023_16_ARI_CHI,2023,16,0.63118,4.40997,0.48551
2023_16_BAL_SF,2023,16,0.70657,6.32888,0.48551
2023_16_BUF_LAC,2023,16,0.13136,-12.81145,0.48548
2023_16_CIN_PIT,2023,16,0.35993,-3.52032,0.48555
2023_16_CLE_HOU,2023,16,0.39524,-2.76088,0.48547
2023_16_DAL_MIA,2023,16,0.52778,1.03466,0.48554
2023_16_DET_MIN,2023,16,0.39676,-2.34119,0.48548
2023_16_GB_CAR,2023,16,0.33519,-4.39478,0.48558
2023_16_IND_ATL,2023,16,0.58815,2.59829,0.48554
2023_16_JAX_TB,2023,16,0.39581,-1.95358,0.48549
2023_16_LV_KC,2023,16,0.80416,10.55140,0.48554
2023_16_NE_DEN,2023,16,0.74045,7.09165,0.48549
2023_16_NO_LA,2023,16,0.64285,3.93717,0.48550
2023_16_NYG_PHI,2023,16,0.87634,14.10498,0.48549
2023_16_SEA_TEN,2023,16,0.37369,-3.13654,0.48551
2023_16_WAS_NYJ,2023,16,0.60216,3.32871,0.48547
2023_17_ARI_PHI,2023,17,0.83766,11.94858,0.48550
2023_17_ATL_CHI,2023,17,0.58240,2.73714,0.48552
2023_17_CAR_JAX,2023,17,0.62276,4.30899,0.48542
2023_17_CIN_KC,2023,17,0.70492,6.85362,0.48556
2023_17_DET_DAL,2023,17,0.66981,5.44006,0.48550
2023_17_GB_MIN,2023,17,0.49740,0.79948,0.48552
2023_17_LAC_DEN,2023,17,0.61729,3.38763,0.48551
2023_17_LA_NYG,2023,17,0.27778,-6.57059,0.48555
2023_17_LV_IND,2023,17,0.61127,3.11100,0.48553
2023_17_MIA_BAL,2023,17,0.60872,3.40864,0.48546
2023_17_NE_BUF,2023,17,0.88650,14.91363,0.48551
2023_17_NO_TB,2023,17,0.58369,2.67800,0.48548
2023_17_NYJ_CLE,2023,17,0.69288,6.58550,0.48549
2023_17_PIT_SEA,2023,17,0.64710,4.27350,0.48552
2023_17_SF_WAS,2023,17,0.11546,-14.65053,0.48556
2023_17_TEN_HOU,2023,17,0.67802,5.00264,0.48550
2023_18_ATL_NO,2023,18,0.61829,3.96263,0.48545
2023_18_BUF_MIA,2023,18,0.41113,-2.27315,0.48548
2023_18_CHI_GB,2023,18,0.58227,2.87760,0.48546
2023_18_CLE_CIN,2023,18,0.74546,7.02086,0.48554
2023_18_DAL_WAS,2023,18,0.12642,-13.39517,0.48553
2023_18_DEN_LV,2023,18,0.60582,3.25316,0.48552
2023_18_HOU_IND,2023,18,0.42139,-1.49320,0.48550
2023_18_JAX_TEN,2023,18,0.34256,-3.93177,0.48554
2023_18_KC_LAC,2023,18,0.65208,3.23247,0.48552
2023_18_LA_SF,2023,18,0.65293,5.86040,0.48546
2023_18_MIN_DET,2023,18,0.60910,3.85079,0.48546
2023_18_NYJ_NE,2023,18,0.56650,2.52609,0.48549
2023_18_PHI_NYG,2023,18,0.32618,-4.95710,0.48554
2023_18_PIT_BAL,2023,18,0.35315,-1.76216,0.48538
2023_18_SEA_ARI,2023,18,0.40375,-2.64564,0.48551
2023_18_TB_CAR,2023,18,0.29425,-5.78645,0.48557
2023_19_CLE_HOU,2023,19,0.41826,-2.19299,0.48547
2023_19_GB_DAL,2023,19,0.71467,7.02050,0.48550
2023_19_LA_DET,2023,19,0.60549,3.35741,0.48551
2023_19_MIA_KC,2023,19,0.62791,4.00726,0.48554
2023_19_PHI_TB,2023,19,0.40552,-2.06813,0.48546
2023_19_PIT_BUF,2023,19,0.78249,9.68973,0.48553
2023_20_GB_SF,2023,20,0.80108,9.59933,0.48558
2023_20_HOU_BAL,2023,20,0.79591,9.64087,0.48553
2023_20_KC_BUF,2023,20,0.58052,2.71431,0.48548
2023_20_TB_DET,2023,20,0.68914,5.79386,0.48552
2023_21_DET_SF,2023,21,0.71933,7.14293,0.48553
2023_21_KC_BAL,2023,21,0.66814,5.09811,0.48544
2023_22_SF_KC,2023,22,0.41321,-1.94573,0.48554
2024_01_ARI_BUF,2024,1,0.68393,6.70679,0.48643
2024_01_BAL_KC,2024,1,0.58259,2.75550,0.48780
2024_01_CAR_NO,2024,1,0.60590,4.17217,0.48501
2024_01_DAL_CLE,2024,1,0.58775,2.23024,0.48788
2024_01_DEN_SEA,2024,1,0.71525,6.35852,0.48749
2024_01_GB_PHI,2024,1,0.54226,1.39540,0.48890
2024_01_HOU_IND,2024,1,0.37001,-2.84803,0.48659
2024_01_JAX_MIA,2024,1,0.58499,3.38081,0.48742
2024_01_LA_DET,2024,1,0.66214,4.95305,0.48720
2024_01_LV_LAC,2024,1,0.58804,2.96912,0.48715
2024_01_MIN_NYG,2024,1,0.45183,-1.04170,0.48718
2024_01_NE_CIN,2024,1,0.74712,8.07205,0.48684
2024_01_NYJ_SF,2024,1,0.57462,3.76399,0.48625
2024_01_PIT_ATL,2024,1,0.63577,3.88180,0.48742
2024_01_TEN_CHI,2024,1,0.62691,4.16326,0.48656
2024_01_WAS_TB,2024,1,0.62073,4.53277,0.48543
2024_02_ATL_PHI,2024,2,0.66926,5.66539,0.48655
2024_02_BUF_MIA,2024,2,0.57385,2.22144,0.48791
2024_02_CHI_HOU,2024,2,0.70110,5.87009,0.48745
2024_02_CIN_KC,2024,2,0.69254,6.65765,0.48658
2024_02_CLE_JAX,2024,2,0.61713,3.48599,0.48558
2024_02_IND_GB,2024,2,0.33701,-2.64270,0.48597
2024_02_LAC_CAR,2024,2,0.32262,-5.32963,0.48806
2024_02_LA_ARI,2024,2,0.46093,-1.00381,0.48707
2024_02_LV_BAL,2024,2,0.76977,8.97065,0.48715
2024_02_NO_DAL,2024,2,0.71025,6.58950,0.48678
2024_02_NYG_WAS,2024,2,0.54152,1.60172,0.48675
2024_02_NYJ_TEN,2024,2,0.33453,-3.34469,0.48658
2024_02_PIT_DEN,2024,2,0.38023,-2.81772,0.48650
2024_02_SEA_NE,2024,2,0.36987,-3.31560,0.48649
2024_02_SF_MIN,2024,2,0.34338,-4.33483,0.48655
2024_02_TB_DET,2024,2,0.72472,7.13687,0.48816
2024_03_BAL_DAL,2024,3,0.44027,-1.38539,0.48671
2024_03_CAR_LV,2024,3,0.66852,5.92885,0.48575
2024_03_CHI_IND,2024,3,0.54139,1.39716,0.48737
2024_03_DEN_TB,2024,3,0.70849,6.30365,0.48613
2024_03_DET_ARI,2024,3,0.39942,-2.92083,0.48682
2024_03_GB_TEN,2024,3,0.60449,2.48707,0.48862
2024_03_HOU_MIN,2024,3,0.40780,-1.59062,0.48581
2024_03_JAX_BUF,2024,3,0.59908,4.23250,0.48635
2024_03_KC_ATL,2024,3,0.40052,-3.15797,0.48754
2024_03_LAC_PIT,2024,3,0.60141,2.66175,0.48809
2024_03_MIA_SEA,2024,3,0.66746,4.08009,0.48681
2024_03_NE_NYJ,2024,3,0.71704,6.30946,0.48764
2024_03_NYG_CLE,2024,3,0.69363,6.51709,0.48700
2024_03_PHI_NO,2024,3,0.55480,2.78680,0.48618
2024_03_SF_LA,2024,3,0.29932,-6.03744,0.48717
2024_03_WAS_CIN,2024,3,0.72210,7.63316,0.48665
2024_04_BUF_BAL,2024,4,0.57835,2.12385,0.48820
2024_04_CIN_CAR,2024,4,0.35556,-4.32883,0.48653
2024_04_CLE_LV,2024,4,0.41268,-2.16492,0.48604
2024_04_DAL_NYG,2024,4,0.28690,-5.94520,0.48841
2024_04_DEN_NYJ,2024,4,0.74790,6.98806,0.48862
2024_04_JAX_HOU,2024,4,0.66183,5.15287,0.48811
2024_04_KC_LAC,2024,4,0.25292,-7.09291,0.48582
2024_04_LA_CHI,2024,4,0.58402,2.68727,0.48801
2024_04_MIN_GB,2024,4,0.55822,2.06713,0.48838
2024_04_NE_SF,2024,4,0.80224,10.42079,0.48730
2024_04_NO_ATL,2024,4,0.59476,1.93645,0.48877
2024_04_PHI_TB,2024,4,0.46833,-0.69958,0.48614
2024_04_PIT_IND,2024,4,0.39773,-2.60621,0.48738
2024_04_SEA_DET,2024,4,0.60232,3.26119,0.48778
2024_04_TEN_MIA,2024,4,0.56318,2.57731,0.48682
2024_04_WAS_ARI,2024,4,0.61119,3.66927,0.48654
2024_05_ARI_SF,2024,5,0.68661,7.16539,0.48655
2024_05_BAL_CIN,2024,5,0.41919,-2.58016,0.48730
2024_05_BUF_HOU,2024,5,0.54311,0.59758,0.48828
2024_05_CAR_CHI,2024,5,0.59071,4.17156,0.48653
2024_05_CLE_WAS,2024,5,0.60975,3.17233,0.48653
2024_05_DAL_PIT,2024,5,0.57618,2.34576,0.48753
2024_05_GB_LA,2024,5,0.39841,-3.08648,0.48732
2024_05_IND_JAX,2024,5,0.63031,3.39567,0.48737
2024_05_LV_DEN,2024,5,0.57247,3.00100,0.48705
2024_05_MIA_NE,2024,5,0.45074,-1.40283,0.48524
2024_05_NO_KC,2024,5,0.67112,5.24138,0.48784
2024_05_NYG_SEA,2024,5,0.73499,7.10405,0.48674
2024_05_NYJ_MIN,2024,5,0.55205,2.80893,0.48612
2024_05_TB_ATL,2024,5,0.57562,2.07493,0.48835
2024_06_ARI_GB,2024,6,0.66239,5.64780,0.48661
2024_06_ATL_CAR,2024,6,0.28347,-6.23527,0.48777
2024_06_BUF_NYJ,2024,6,0.46752,-1.05885,0.48724
2024_06_CIN_NYG,2024,6,0.32435,-4.34671,0.48659
2024_06_CLE_PHI,2024,6,0.75926,7.74538,0.48783
2024_06_DET_DAL,2024,6,0.36273,-2.80879,0.48495
2024_06_HOU_NE,2024,6,0.27491,-6.41136,0.48679
2024_06_IND_TEN,2024,6,0.57736,1.98589,0.48862
2024_06_JAX_CHI,2024,6,0.39872,-1.37279,0.48667
2024_06_LAC_DEN,2024,6,0.35844,-2.38237,0.48517
2024_06_PIT_LV,2024,6,0.37532,-3.58372,0.48731
2024_06_SF_SEA,2024,6,0.38873,-3.38590,0.48671
2024_06_TB_NO,2024,6,0.32285,-3.40944,0.48678
2024_06_WAS_BAL,2024,6,0.68008,6.54667,0.48691
2024_07_BAL_TB,2024,7,0.33862,-4.19042,0.48611
2024_07_CAR_WAS,2024,7,0.79213,10.23830,0.48633
2024_07_CIN_CLE,2024,7,0.28892,-5.63872,0.48748
2024_07_DEN_NO,2024,7,0.37734,-2.52912,0.48715
2024_07_DET_MIN,2024,7,0.55401,0.90991,0.48733
2024_07_HOU_GB,2024,7,0.58393,3.11241,0.48671
2024_07_KC_SF,2024,7,0.55254,2.42099,0.48730
2024_07_LAC_ARI,2024,7,0.44986,-1.39403,0.48826
2024_07_LV_LA,2024,7,0.72181,6.51092,0.48855
2024_07_MIA_IND,2024,7,0.59836,3.71591,0.48488
2024_07_NE_JAX,2024,7,0.70543,6.43128,0.48727
2024_07_NYJ_PIT,2024,7,0.37711,-2.37405,0.48515
2024_07_PHI_NYG,2024,7,0.38959,-2.96147,0.48694
2024_07_SEA_ATL,2024,7,0.61195,3.09186,0.48678
2024_07_TEN_BUF,2024,7,0.77520,9.39377,0.48738
2024_08_ARI_MIA,2024,8,0.61306,3.29812,0.48920
2024_08_ATL_TB,2024,8,0.42195,-0.94593,0.48537
2024_08_BAL_CLE,2024,8,0.24786,-7.97814,0.48851
2024_08_BUF_SEA,2024,8,0.41692,-3.03298,0.48716
2024_08_CAR_DEN,2024,8,0.85566,13.42000,0.48578
2024_08_CHI_WAS,2024,8,0.51154,1.40618,0.48734
2024_08_DAL_SF,2024,8,0.62668,5.34659,0.48752
2024_08_GB_JAX,2024,8,0.40147,-3.61943,0.48742
2024_08_IND_HOU,2024,8,0.65026,4.71456,0.48793
2024_08_KC_LV,2024,8,0.22268,-9.26735,0.48787
2024_08_MIN_LA,2024,8,0.38616,-3.47254,0.48850
2024_08_NO_LAC,2024,8,0.74654,6.99874,0.48706
2024_08_NYG_PIT,2024,8,0.69407,6.64124,0.48510
2024_08_NYJ_NE,2024,8,0.26354,-6.90384,0.48676
2024_08_PHI_CIN,2024,8,0.59951,2.57693,0.48682
2024_08_TEN_DET,2024,8,0.84432,12.62701,0.48667
2024_09_CHI_ARI,2024,9,0.54165,0.88380,0.48893
2024_09_DAL_ATL,2024,9,0.59022,2.65109,0.48812
2024_09_DEN_BAL,2024,9,0.76782,8.48777,0.48862
2024_09_DET_GB,2024,9,0.39889,-2.50458,0.48707
2024_09_HOU_NYJ,2024,9,0.57620,1.91352,0.48884
2024_09_IND_MIN,2024,9,0.69610,6.50672,0.48704
2024_09_JAX_PHI,2024,9,0.71452,7.33536,0.48756
2024_09_LAC_CLE,2024,9,0.42110,-2.53283,0.48868
2024_09_LA_SEA,2024,9,0.43707,-1.42706,0.48683
2024_09_LV_CIN,2024,9,0.75369,7.77300,0.48775
2024_09_MIA_BUF,2024,9,0.69115,6.98441,0.48558
2024_09_NE_TEN,2024,9,0.57234,2.81029,0.48763
2024_09_NO_CAR,2024,9,0.26114,-7.32234,0.48804
2024_09_TB_KC,2024,9,0.76078,8.55358,0.48842
2024_09_WAS_NYG,2024,9,0.35125,-4.49841,0.48705
2024_10_ATL_NO,2024,10,0.34996,-3.53054,0.48715
2024_10_BUF_IND,2024,10,0.34884,-4.60383,0.48737
2024_10_CIN_BAL,2024,10,0.67542,6.18317,0.48650
2024_10_DEN_KC,2024,10,0.72333,7.43369,0.48726
2024_10_DET_HOU,2024,10,0.34056,-4.82219,0.48804
2024_10_MIA_LA,2024,10,0.58644,2.81041,0.48611
2024_10_MIN_JAX,2024,10,0.26823,-7.06351,0.48725
2024_10_NE_CHI,2024,10,0.69915,6.81627,0.48609
2024_10_NYG_CAR,2024,10,0.27181,-6.54746,0.48720
2024_10_NYJ_ARI,2024,10,0.43248,-1.61039,0.48587
2024_10_PHI_DAL,2024,10,0.24717,-7.16664,0.48604
2024_10_PIT_WAS,2024,10,0.48019,1.08684,0.48832
2024_10_SF_TB,2024,10,0.28420,-5.75580,0.48479
2024_10_TEN_LAC,2024,10,0.76683,8.58751,0.48527
2024_11_ATL_DEN,2024,11,0.56274,2.16802,0.48654
2024_11_BAL_PIT,2024,11,0.39879,-2.75265,0.48630
2024_11_CIN_LAC,2024,11,0.52437,1.17665,0.48652
2024_11_CLE_NO,2024,11,0.43352,-0.46115,0.48541
2024_11_GB_CHI,2024,11,0.28086,-5.58610,0.48580
2024_11_HOU_DAL,2024,11,0.24143,-7.05734,0.48571
2024_11_IND_NYJ,2024,11,0.62335,3.53396,0.48848
2024_11_JAX_DET,2024,11,0.86845,13.88666,0.48740
2024_11_KC_BUF,2024,11,0.56226,2.23891,0.48785
2024_11_LA_NE,2024,11,0.36526,-4.21446,0.48771
2024_11_LV_MIA,2024,11,0.73218,7.76990,0.48776
2024_11_MIN_TEN,2024,11,0.29008,-6.44511,0.48841
2024_11_SEA_SF,2024,11,0.64616,6.13657,0.48664
2024_11_WAS_PHI,2024,11,0.65410,4.74302,0.48632
2024_12_ARI_SEA,2024,12,0.43343,-0.72770,0.48623
2024_12_BAL_LAC,2024,12,0.41345,-2.73254,0.48624
2024_12_DAL_WAS,2024,12,0.80776,10.14355,0.48814
2024_12_DEN_LV,2024,12,0.27146,-6.84585,0.48811
2024_12_DET_IND,2024,12,0.27042,-7.13624,0.48747
2024_12_KC_CAR,2024,12,0.19044,-11.74545,0.48933
2024_12_MIN_CHI,2024,12,0.39353,-3.08261,0.48731
2024_12_NE_MIA,2024,12,0.72924,7.30708,0.48764
2024_12_PHI_LA,2024,12,0.39704,-3.18109,0.48761
2024_12_PIT_CLE,2024,12,0.35790,-4.15691,0.48906
2024_12_SF_GB,2024,12,0.74895,6.50414,0.48704
2024_12_TB_NYG,2024,12,0.26516,-6.92900,0.48836
2024_12_TEN_HOU,2024,12,0.75620,8.36401,0.48595
2024_13_ARI_MIN,2024,13,0.59900,3.59179,0.48678
2024_13_CHI_DET,2024,13,0.77096,9.74532,0.48631
2024_13_CLE_DEN,2024,13,0.71037,6.95380,0.48567
2024_13_HOU_JAX,2024,13,0.42004,-3.47322,0.48697
2024_13_IND_NE,2024,13,0.41014,-2.62533,0.48744
2024_13_LAC_ATL,2024,13,0.46849,-1.79663,0.48948
2024_13_LA_NO,2024,13,0.42673,-2.49428,0.48704
2024_13_LV_KC,2024,13,0.86429,13.64127,0.48663
2024_13_MIA_GB,2024,13,0.58395,3.60345,0.48674
2024_13_NYG_DAL,2024,13,0.64415,4.68284,0.48650
2024_13_PHI_BAL,2024,13,0.58643,2.96896,0.48715
2024_13_PIT_CIN,2024,13,0.60855,2.37290,0.48897
2024_13_SEA_NYJ,2024,13,0.53339,0.12259,0.48973
2024_13_SF_BUF,2024,13,0.73633,6.38563,0.48740
2024_13_TB_CAR,2024,13,0.28005,-7.15085,0.48904
2024_13_TEN_WAS,2024,13,0.68540,6.05670,0.48688
2024_14_ATL_MIN,2024,14,0.68710,6.18031,0.48651
2024_14_BUF_LA,2024,14,0.38189,-4.03903,0.48870
2024_14_CAR_PHI,2024,14,0.86184,14.31328,0.48610
2024_14_CHI_SF,2024,14,0.57106,2.69455,0.48799
2024_14_CIN_DAL,2024,14,0.30792,-4.88393,0.48670
2024_14_CLE_PIT,2024,14,0.69126,6.55429,0.48537
2024_14_GB_DET,2024,14,0.58335,3.13016,0.48666
2024_14_JAX_TEN,2024,14,0.57132,2.40455,0.48887
2024_14_LAC_KC,2024,14,0.64830,4.63272,0.48818
2024_14_LV_TB,2024,14,0.72764,7.39374,0.48586
2024_14_NO_NYG,2024,14,0.29458,-5.68650,0.48762
2024_14_NYJ_MIA,2024,14,0.71657,6.45970,0.48718
2024_14_SEA_ARI,2024,14,0.59257,2.83559,0.48756
2024_15_ATL_LV,2024,15,0.27515,-6.32969,0.48654
2024_15_BAL_NYG,2024,15,0.07988,-16.08710,0.48580
2024_15_BUF_DET,2024,15,0.57620,2.55623,0.48689
2024_15_CHI_MIN,2024,15,0.71950,7.28786,0.48618
2024_15_CIN_TEN,2024,15,0.25696,-6.42702,0.48836
2024_15_DAL_CAR,2024,15,0.58297,1.89093,0.48891
2024_15_GB_SEA,2024,15,0.40184,-3.00544,0.48707
2024_15_IND_DEN,2024,15,0.65210,4.86250,0.48595
2024_15_KC_CLE,2024,15,0.33296,-5.06455,0.48878
2024_15_LA_SF,2024,15,0.56681,2.92560,0.48728
2024_15_MIA_HOU,2024,15,0.58139,2.24014,0.48785
2024_15_NE_ARI,2024,15,0.67462,6.36576,0.48594
2024_15_NYJ_JAX,2024,15,0.36989,-3.02572,0.48561
2024_15_PIT_PHI,2024,15,0.65336,5.19773,0.48798
2024_15_TB_LAC,2024,15,0.60693,2.88141,0.48742
2024_15_WAS_NO,2024,15,0.21702,-7.09297,0.48582
2024_16_ARI_CAR,2024,16,0.31308,-5.89492,0.48826
2024_16_CLE_CIN,2024,16,0.80840,10.21305,0.48641
2024_16_DEN_LAC,2024,16,0.60456,2.79149,0.48769
2024_16_DET_CHI,2024,16,0.26515,-7.34279,0.48810
2024_16_HOU_KC,2024,16,0.60744,3.67263,0.48653
2024_16_JAX_LV,2024,16,0.57628,2.02962,0.48849
2024_16_LA_NYJ,2024,16,0.39187,-3.20951,0.48769
2024_16_MIN_SEA,2024,16,0.40361,-2.78474,0.48792
2024_16_NE_BUF,2024,16,0.86746,14.45961,0.48566
2024_16_NO_GB,2024,16,0.88150,13.95607,0.48719
2024_16_NYG_ATL,2024,16,0.78555,9.38809,0.48740
2024_16_PHI_WAS,2024,16,0.36387,-3.94959,0.48690
2024_16_PIT_BAL,2024,16,0.69473,6.67998,0.48803
2024_16_SF_MIA,2024,16,0.44780,-2.04778,0.48720
2024_16_TB_DAL,2024,16,0.32996,-4.83647,0.48808
2024_16_TEN_IND,2024,16,0.63017,4.23456,0.48634
2024_17_ARI_LA,2024,17,0.70645,6.38888,0.48740
2024_17_ATL_WAS,2024,17,0.62060,3.70635,0.48643
2024_17_BAL_HOU,2024,17,0.32137,-5.43335,0.48685
2024_17_CAR_TB,2024,17,0.78340,10.20015,0.48492
2024_17_DAL_PHI,2024,17,0.71573,7.48449,0.48710
2024_17_DEN_CIN,2024,17,0.61257,3.13213,0.48818
2024_17_DET_SF,2024,17,0.33706,-4.59793,0.48888
2024_17_GB_MIN,2024,17,0.47053,-0.74080,0.48627
2024_17_IND_NYG,2024,17,0.24864,-7.38258,0.48670
2024_17_KC_PIT,2024,17,0.39239,-2.87282,0.48667
2024_17_LAC_NE,2024,17,0.28261,-6.62729,0.48897
2024_17_LV_NO,2024,17,0.40140,-1.67423,0.48606
2024_17_MIA_CLE,2024,17,0.41267,-2.98206,0.48700
2024_17_NYJ_BUF,2024,17,0.78780,10.43816,0.48572
2024_17_SEA_CHI,2024,17,0.36703,-3.55769,0.48723
2024_17_TEN_JAX,2024,17,0.46669,-0.38143,0.48517
2024_18_BUF_NE,2024,18,0.44149,-3.57846,0.48882
2024_18_CAR_ATL,2024,18,0.71954,7.67959,0.48651
2024_18_CHI_GB,2024,18,0.79068,10.34039,0.48602
2024_18_CIN_PIT,2024,18,0.39189,-2.29814,0.48644
2024_18_CLE_BAL,2024,18,0.93785,19.75012,0.48629
2024_18_HOU_TEN,2024,18,0.58878,1.91516,0.48884
2024_18_JAX_IND,2024,18,0.59874,3.25410,0.48781
2024_18_KC_DEN,2024,18,0.83592,10.04070,0.48846
2024_18_LAC_LV,2024,18,0.24934,-7.25214,0.48782
2024_18_MIA_NYJ,2024,18,0.53854,0.96532,0.48869
2024_18_MIN_DET,2024,18,0.58836,3.17073,0.48654
2024_18_NO_TB,2024,18,0.89508,14.78079,0.48620
2024_18_NYG_PHI,2024,18,0.53686,3.77744,0.48469
2024_18_SEA_LA,2024,18,0.22699,-7.09407,0.48582
2024_18_SF_ARI,2024,18,0.69741,4.66991,0.48654
2024_18_WAS_DAL,2024,18,0.25913,-6.79165,0.48642
2024_19_DEN_BUF,2024,19,0.73024,7.21167,0.48794
2024_19_GB_PHI,2024,19,0.67884,5.29554,0.48768
2024_19_LAC_HOU,2024,19,0.36954,-3.27624,0.48790
2024_19_MIN_LA,2024,19,0.39546,-2.83528,0.48808
2024_19_PIT_BAL,2024,19,0.76294,9.42124,0.48730
2024_19_WAS_TB,2024,19,0.60063,3.37347,0.48592
2024_20_BAL_BUF,2024,20,0.44690,-1.14551,0.48598
2024_20_HOU_KC,2024,20,0.80878,9.24387,0.48784
2024_20_LA_PHI,2024,20,0.71421,6.89123,0.48739
2024_20_WAS_DET,2024,20,0.77185,8.51014,0.48703
2024_21_BUF_KC,2024,21,0.56871,1.49651,0.48707
2024_21_WAS_PHI,2024,21,0.66977,5.92124,0.48730
2024_22_KC_PHI,2024,22,0.38537,-1.59994,0.48736
2025_01_ARI_NO,2025,1,0.27133,-5.98914,0.49136
2025_01_BAL_BUF,2025,1,0.43943,-1.23565,0.49018
2025_01_CAR_JAX,2025,1,0.65051,4.76174,0.49020
2025_01_CIN_CLE,2025,1,0.29776,-5.52277,0.49152
2025_01_DAL_PHI,2025,1,0.75629,8.98366,0.48917
2025_01_DET_GB,2025,1,0.53957,1.39985,0.49188
2025_01_HOU_LA,2025,1,0.61988,3.57016,0.49109
2025_01_KC_LAC,2025,1,0.37128,-2.88218,0.49086
2025_01_LV_NE,2025,1,0.57807,2.23144,0.49266
2025_01_MIA_IND,2025,1,0.54718,1.35650,0.49208
2025_01_MIN_CHI,2025,1,0.44820,-1.22858,0.49015
2025_01_NYG_WAS,2025,1,0.69569,6.69712,0.48818
2025_01_PIT_NYJ,2025,1,0.37186,-2.76006,0.49030
2025_01_SF_SEA,2025,1,0.40629,-2.05197,0.48933
2025_01_TB_ATL,2025,1,0.43238,-1.74346,0.49254
2025_01_TEN_DEN,2025,1,0.77547,9.17810,0.48826
2025_02_ATL_MIN,2025,2,0.60297,3.60388,0.49093
2025_02_BUF_NYJ,2025,2,0.28432,-5.91540,0.49102
2025_02_CAR_ARI,2025,2,0.71878,7.58989,0.48867
2025_02_CHI_DET,2025,2,0.69281,6.58399,0.48870
2025_02_CLE_BAL,2025,2,0.85059,13.31537,0.48763
2025_02_DEN_IND,2025,2,0.40302,-2.14249,0.48975
2025_02_JAX_CIN,2025,2,0.60811,3.73237,0.49033
2025_02_LAC_LV,2025,2,0.36271,-3.33989,0.49067
2025_02_LA_TEN,2025,2,0.28865,-5.75258,0.49258
2025_02_NE_MIA,2025,2,0.53219,1.78316,0.49010
2025_02_NYG_DAL,2025,2,0.64806,4.87698,0.48966
2025_02_PHI_KC,2025,2,0.44051,-1.58181,0.49179
2025_02_SEA_PIT,2025,2,0.61802,3.79296,0.49005
2025_02_SF_NO,2025,2,0.40120,-2.79469,0.49046
2025_02_TB_HOU,2025,2,0.57763,2.19568,0.49282
2025_02_WAS_GB,2025,2,0.60508,3.70340,0.49047
2025_03_ARI_SF,2025,3,0.50922,1.23927,0.49262
2025_03_ATL_CAR,2025,3,0.31382,-5.53278,0.49156
2025_03_CIN_MIN,2025,3,0.60140,3.01132,0.49136
2025_03_DAL_CHI,2025,3,0.41713,-1.55372,0.49166
2025_03_DEN_LAC,2025,3,0.58700,2.68177,0.49057
2025_03_DET_BAL,2025,3,0.64607,4.67617,0.49059
2025_03_GB_CLE,2025,3,0.21812,-9.09903,0.49419
2025_03_HOU_JAX,2025,3,0.54756,1.57216,0.49108
2025_03_IND_TEN,2025,3,0.27628,-6.36386,0.49310
2025_03_KC_NYG,2025,3,0.29103,-5.96177,0.49123
2025_03_LA_PHI,2025,3,0.60536,3.60499,0.49092
2025_03_LV_WAS,2025,3,0.55518,2.63095,0.49080
2025_03_MIA_BUF,2025,3,0.85441,13.05042,0.48886
2025_03_NO_SEA,2025,3,0.75417,7.63407,0.49079
2025_03_NYJ_TB,2025,3,0.71567,7.29107,0.48774
2025_03_PIT_NE,2025,3,0.43477,-1.33077,0.49063
2025_04_BAL_KC,2025,4,0.40182,-2.63273,0.49203
2025_04_CAR_NE,2025,4,0.68014,5.34488,0.49213
2025_04_CHI_LV,2025,4,0.55252,1.32645,0.49222
2025_04_CIN_DEN,2025,4,0.73524,8.08313,0.48871
2025_04_CLE_DET,2025,4,0.80245,11.35759,0.48511
2025_04_GB_DAL,2025,4,0.27928,-7.03845,0.49159
2025_04_IND_LA,2025,4,0.60407,3.13337,0.49311
2025_04_JAX_SF,2025,4,0.59694,3.54760,0.49119
2025_04_LAC_NYG,2025,4,0.28724,-6.60115,0.49420
2025_04_MIN_PIT,2025,4,0.41015,-2.45143,0.49119
2025_04_NO_BUF,2025,4,0.90691,16.16106,0.48834
2025_04_NYJ_MIA,2025,4,0.58039,2.50212,0.49140
2025_04_PHI_TB,2025,4,0.36280,-3.18980,0.48997
2025_04_SEA_ARI,2025,4,0.41853,-1.37185,0.49082
2025_04_TEN_HOU,2025,4,0.74142,8.22309,0.48806
2025_04_WAS_ATL,2025,4,0.57334,2.00092,0.49373
2025_05_DAL_NYJ,2025,5,0.53140,1.57536,0.49106
2025_05_DEN_PHI,2025,5,0.60698,3.65256,0.49070
2025_05_DET_CIN,2025,5,0.17266,-11.05029,0.49397
2025_05_HOU_BAL,2025,5,0.35763,-2.27225,0.49035
2025_05_KC_JAX,2025,5,0.36573,-3.28034,0.49039
2025_05_LV_IND,2025,5,0.73044,7.72354,0.48805
2025_05_MIA_CAR,2025,5,0.43839,-1.22880,0.49015
2025_05_MIN_CLE,2025,5,0.35416,-4.17004,0.49452
2025_05_NE_BUF,2025,5,0.72487,8.13505,0.48846
2025_05_NYG_NO,2025,5,0.53148,1.69692,0.49050
2025_05_SF_LA,2025,5,0.78644,8.99539,0.48911
2025_05_TB_SEA,2025,5,0.63919,3.69706,0.49050
2025_05_TEN_ARI,2025,5,0.74222,8.59336,0.48634
2025_05_WAS_LAC,2025,5,0.57332,2.50952,0.49137
2025_06_ARI_IND,2025,6,0.78630,9.23931,0.48798
2025_06_BUF_ATL,2025,6,0.36083,-4.10469,0.49422
2025_06_CHI_WAS,2025,6,0.68908,6.51433,0.48670
2025_06_CIN_GB,2025,6,0.88055,14.49887,0.48910
2025_06_CLE_PIT,2025,6,0.69157,5.86961,0.48970
2025_06_DAL_CAR,2025,6,0.37588,-3.07125,0.49174
2025_06_DEN_NYJ,2025,6,0.23720,-8.12043,0.49429
2025_06_DET_KC,2025,6,0.58715,2.09762,0.49328
2025_06_LAC_MIA,2025,6,0.37362,-3.38052,0.49086
2025_06_LA_BAL,2025,6,0.23091,-7.14547,0.49209
2025_06_NE_NO,2025,6,0.33946,-3.70810,0.49238
2025_06_PHI_NYG,2025,6,0.26920,-7.38170,0.49318
2025_06_SEA_JAX,2025,6,0.42292,-1.68315,0.49226
2025_06_SF_TB,2025,6,0.62879,3.92704,0.48943
2025_06_TEN_LV,2025,6,0.61767,3.78780,0.49008
2025_07_ATL_SF,2025,7,0.53562,1.41580,0.49180
2025_07_CAR_NYJ,2025,7,0.53545,1.65356,0.49070
2025_07_GB_ARI,2025,7,0.24798,-7.07059,0.49174
2025_07_HOU_SEA,2025,7,0.61979,3.59911,0.48863
2025_07_IND_LAC,2025,7,0.57564,1.97684,0.49384
2025_07_LA_JAX,2025,7,0.38099,-3.26011,0.49262
2025_07_LV_KC,2025,7,0.87444,14.00762,0.48906
2025_07_MIA_CLE,2025,7,0.56763,1.98895,0.49378
2025_07_NE_TEN,2025,7,0.25174,-7.07050,0.49406
2025_07_NO_CHI,2025,7,0.64812,5.01505,0.48902
2025_07_NYG_DEN,2025,7,0.72892,8.10611,0.48860
2025_07_PHI_MIN,2025,7,0.39698,-2.69322,0.49231
2025_07_PIT_CIN,2025,7,0.28862,-5.73056,0.49248
2025_07_TB_DET,2025,7,0.69848,6.16023,0.49067
2025_07_WAS_DAL,2025,7,0.55863,1.39859,0.49188
2025_08_BUF_CAR,2025,8,0.27321,-6.24753,0.48792
2025_08_CHI_BAL,2025,8,0.55897,1.78671,0.49472
2025_08_CLE_NE,2025,8,0.74638,8.03254,0.48662
2025_08_DAL_DEN,2025,8,0.59370,3.74885,0.49026
2025_08_GB_PIT,2025,8,0.39274,-2.83261,0.49063
2025_08_MIA_ATL,2025,8,0.72046,7.51365,0.48903
2025_08_MIN_LAC,2025,8,0.60183,2.95550,0.49162
2025_08_NYG_PHI,2025,8,0.71105,7.67950,0.48826
2025_08_NYJ_CIN,2025,8,0.68461,5.56396,0.49111
2025_08_SF_HOU,2025,8,0.58586,3.06081,0.48881
2025_08_TB_NO,2025,8,0.33978,-4.62033,0.49197
2025_08_TEN_IND,2025,8,0.90756,16.90461,0.48489
2025_08_WAS_KC,2025,8,0.81458,10.66469,0.49065
2025_09_ARI_DAL,2025,9,0.63662,4.44319,0.48703
2025_09_ATL_NE,2025,9,0.69723,6.39534,0.48726
2025_09_BAL_MIA,2025,9,0.23744,-7.28969,0.49044
2025_09_CAR_GB,2025,9,0.84787,13.28526,0.48777
2025_09_CHI_CIN,2025,9,0.39364,-2.86052,0.49076
2025_09_DEN_HOU,2025,9,0.54225,1.71636,0.49041
2025_09_IND_PIT,2025,9,0.36474,-3.71352,0.49240
2025_09_JAX_LV,2025,9,0.40796,-2.62961,0.49201
2025_09_KC_BUF,2025,9,0.38806,-2.29900,0.49048
2025_09_LAC_TEN,2025,9,0.17635,-10.55129,0.49397
2025_09_MIN_DET,2025,9,0.79078,10.13308,0.48847
2025_09_NO_LA,2025,9,0.88479,14.33655,0.48985
2025_09_SEA_WAS,2025,9,0.38601,-2.23889,0.49020
2025_09_SF_NYG,2025,9,0.41592,-2.24872,0.49024
2025_10_ARI_SEA,2025,10,0.74454,7.74665,0.48795
2025_10_ATL_IND,2025,10,0.71475,7.19326,0.48819
2025_10_BAL_MIN,2025,10,0.31773,-4.78738,0.49275
2025_10_BUF_MIA,2025,10,0.22138,-8.78970,0.49276
2025_10_CLE_NYJ,2025,10,0.44062,-0.77484,0.48805
2025_10_DET_WAS,2025,10,0.21698,-8.64831,0.49210
2025_10_JAX_HOU,2025,10,0.40791,-0.82224,0.48827
2025_10_LA_SF,2025,10,0.29206,-5.49934,0.49141
2025_10_LV_DEN,2025,10,0.78508,10.47649,0.48688
2025_10_NE_TB,2025,10,0.55323,2.04792,0.49351
2025_10_NO_CAR,2025,10,0.69936,5.96812,0.48924
2025_10_NYG_CHI,2025,10,0.63382,4.77981,0.49011
2025_10_PHI_GB,2025,10,0.54971,2.19874,0.48817
2025_10_PIT_LAC,2025,10,0.58398,3.03804,0.49123
2025_11_BAL_CLE,2025,11,0.23006,-8.00563,0.49376
2025_11_CAR_ATL,2025,11,0.62862,4.74240,0.49029
2025_11_CHI_MIN,2025,11,0.59472,2.77372,0.49246
2025_11_CIN_PIT,2025,11,0.68187,6.47211,0.48690
2025_11_DAL_LV,2025,11,0.36104,-3.07768,0.48945
2025_11_DET_PHI,2025,11,0.57914,2.36547,0.49204
2025_11_GB_NYG,2025,11,0.24303,-7.69636,0.49232
2025_11_HOU_TEN,2025,11,0.31539,-6.68398,0.49691
2025_11_KC_DEN,2025,11,0.36395,-2.73037,0.48784
2025_11_LAC_JAX,2025,11,0.37928,-3.11314,0.49194
2025_11_NYJ_NE,2025,11,0.85981,13.05686,0.48883
2025_11_SEA_LA,2025,11,0.58041,3.08021,0.49104
2025_11_SF_ARI,2025,11,0.35457,-3.27274,0.49036
2025_11_TB_BUF,2025,11,0.70039,6.07072,0.49108
2025_11_WAS_MIA,2025,11,0.57721,2.46408,0.49158
2025_12_ATL_NO,2025,12,0.54245,1.10678,0.49324
2025_12_BUF_HOU,2025,12,0.28454,-5.21283,0.49008
2025_12_CAR_SF,2025,12,0.72718,7.79638,0.49004
2025_12_CLE_LV,2025,12,0.60726,2.87808,0.49198
2025_12_IND_KC,2025,12,0.61001,4.08205,0.48871
2025_12_JAX_ARI,2025,12,0.38760,-2.45176,0.49119
2025_12_MIN_GB,2025,12,0.71409,7.41044,0.48719
2025_12_NE_CIN,2025,12,0.23929,-7.88212,0.49318
2025_12_NYG_DET,2025,12,0.87924,14.62186,0.48853
2025_12_NYJ_BAL,2025,12,0.87761,14.43676,0.48938
2025_12_PHI_DAL,2025,12,0.40251,-3.07401,0.49175
2025_12_PIT_CHI,2025,12,0.58704,3.13324,0.49079
2025_12_SEA_TEN,2025,12,0.12493,-13.43256,0.49574
2025_12_TB_LA,2025,12,0.73605,7.46138,0.48927
2025_13_ARI_TB,2025,13,0.64482,4.63125,0.49080
2025_13_ATL_NYJ,2025,13,0.38999,-2.66457,0.48985
2025_13_BUF_PIT,2025,13,0.39439,-2.82858,0.49062
2025_13_CHI_PHI,2025,13,0.72002,7.42181,0.48945
2025_13_CIN_BAL,2025,13,0.70417,7.75197,0.48792
2025_13_DEN_WAS,2025,13,0.26473,-6.70570,0.49237
2025_13_GB_DET,2025,13,0.57915,2.78060,0.49011
2025_13_HOU_IND,2025,13,0.59863,3.17188,0.49061
2025_13_JAX_TEN,2025,13,0.29040,-6.18407,0.49227
2025_13_KC_DAL,2025,13,0.37929,-3.52022,0.49150
2025_13_LA_CAR,2025,13,0.18957,-10.68902,0.49461
2025_13_LV_LAC,2025,13,0.80323,10.24557,0.49027
2025_13_MIN_SEA,2025,13,0.86251,13.04619,0.48888
2025_13_NO_MIA,2025,13,0.69238,5.62513,0.49083
2025_13_NYG_NE,2025,13,0.72818,7.61701,0.48855
2025_13_SF_CLE,2025,13,0.29282,-5.79688,0.49279
2025_14_CHI_GB,2025,14,0.70739,7.01138,0.48904
2025_14_CIN_BUF,2025,14,0.66622,6.79636,0.48772
2025_14_DAL_DET,2025,14,0.59269,3.92993,0.48942
2025_14_DEN_LV,2025,14,0.21817,-9.15395,0.49445
2025_14_HOU_KC,2025,14,0.64675,4.48803,0.49147
2025_14_IND_JAX,2025,14,0.39739,-2.39087,0.49090
2025_14_LA_ARI,2025,14,0.18285,-9.69010,0.49229
2025_14_MIA_NYJ,2025,14,0.40557,-2.26806,0.49033
2025_14_NO_TB,2025,14,0.74086,8.10635,0.48860
2025_14_PHI_LAC,2025,14,0.44236,-1.62467,0.49199
2025_14_PIT_BAL,2025,14,0.67141,5.70772,0.49045
2025_14_SEA_ATL,2025,14,0.24083,-7.62104,0.49429
2025_14_TEN_CLE,2025,14,0.64048,4.90745,0.48952
2025_14_WAS_MIN,2025,14,0.42426,-1.51787,0.49149
2025_15_ARI_HOU,2025,15,0.82133,11.10633,0.48860
2025_15_ATL_TB,2025,15,0.69432,6.27570,0.49013
2025_15_BAL_CIN,2025,15,0.42232,-2.26498,0.49032
2025_15_BUF_NE,2025,15,0.40582,-2.59192,0.49184
2025_15_CAR_NO,2025,15,0.36634,-2.05334,0.48934
2025_15_CLE_CHI,2025,15,0.73865,7.97437,0.48921
2025_15_DET_LA,2025,15,0.68782,5.75970,0.49021
2025_15_GB_DEN,2025,15,0.43723,-1.33571,0.49065
2025_15_IND_SEA,2025,15,0.88706,13.69172,0.49052
2025_15_LAC_KC,2025,15,0.67773,5.73099,0.49034
2025_15_LV_PHI,2025,15,0.84233,12.88442,0.48963
2025_15_MIA_PIT,2025,15,0.60380,3.21877,0.49040
2025_15_MIN_DAL,2025,15,0.70161,5.84709,0.48980
2025_15_NYJ_JAX,2025,15,0.87432,14.12238,0.48852
2025_15_TEN_SF,2025,15,0.85444,12.70745,0.49045
2025_15_WAS_NYG,2025,15,0.58233,2.37939,0.49197
2025_16_ATL_ARI,2025,16,0.38636,-2.20497,0.49004
2025_16_BUF_CLE,2025,16,0.16725,-11.00503,0.49376
2025_16_CIN_MIA,2025,16,0.33062,-3.06923,0.48941
2025_16_GB_CHI,2025,16,0.55258,1.37751,0.49198
2025_16_JAX_DEN,2025,16,0.60360,3.33037,0.49220
2025_16_KC_TEN,2025,16,0.39946,-3.80108,0.49281
2025_16_LAC_DAL,2025,16,0.55998,1.47987,0.49150
2025_16_LA_SEA,2025,16,0.54580,1.49956,0.49141
2025_16_LV_HOU,2025,16,0.88783,15.73159,0.48570
2025_16_MIN_NYG,2025,16,0.39765,-2.36188,0.49077
2025_16_NE_BAL,2025,16,0.60586,3.28285,0.49242
2025_16_NYJ_NO,2025,16,0.69898,6.54371,0.49121
2025_16_PHI_WAS,2025,16,0.26731,-7.07240,0.49175
2025_16_PIT_DET,2025,16,0.73299,7.85318,0.48977
2025_16_SF_IND,2025,16,0.29647,-4.45634,0.49121
2025_16_TB_CAR,2025,16,0.40700,-2.50763,0.48913
2025_17_ARI_CIN,2025,17,0.75581,7.00348,0.49140
2025_17_BAL_GB,2025,17,0.56042,2.65026,0.49071
2025_17_CHI_SF,2025,17,0.63147,3.86842,0.48970
2025_17_DAL_WAS,2025,17,0.19611,-8.41239,0.49100
2025_17_DEN_KC,2025,17,0.10035,-13.06217,0.48938
2025_17_DET_MIN,2025,17,0.24305,-7.27762,0.49270
2025_17_HOU_LAC,2025,17,0.54033,1.10036,0.49327
2025_17_JAX_IND,2025,17,0.33626,-3.78599,0.49274
2025_17_LA_ATL,2025,17,0.23526,-8.44488,0.49580
2025_17_NE_NYJ,2025,17,0.13091,-12.85732,0.49307
2025_17_NO_TEN,2025,17,0.43999,-1.46368,0.49124
2025_17_NYG_LV,2025,17,0.37799,-3.15756,0.49214
2025_17_PHI_BUF,2025,17,0.60893,3.18089,0.49057
2025_17_PIT_CLE,2025,17,0.31826,-4.97842,0.49363
2025_17_SEA_CAR,2025,17,0.27852,-7.14234,0.49439
2025_17_TB_MIA,2025,17,0.29462,-5.27442,0.49036
2025_18_ARI_LA,2025,18,0.89668,15.52259,0.48667
2025_18_BAL_PIT,2025,18,0.33109,-4.12684,0.48968
2025_18_CAR_TB,2025,18,0.57384,3.22349,0.49037
2025_18_CLE_CIN,2025,18,0.81422,10.01496,0.48902
2025_18_DAL_NYG,2025,18,0.36701,-2.89774,0.49094
2025_18_DET_CHI,2025,18,0.62774,3.57784,0.49105
2025_18_GB_MIN,2025,18,0.88091,12.29124,0.49238
2025_18_IND_HOU,2025,18,0.80652,9.83390,0.48986
2025_18_KC_LV,2025,18,0.39311,-3.86508,0.49311
2025_18_LAC_DEN,2025,18,0.89878,14.33069,0.49220
2025_18_MIA_NE,2025,18,0.89144,14.55574,0.48883
2025_18_NO_ATL,2025,18,0.64872,4.52596,0.49129
2025_18_NYJ_BUF,2025,18,0.83666,12.98786,0.48915
2025_18_SEA_SF,2025,18,0.41257,-2.24218,0.49021
2025_18_TEN_JAX,2025,18,0.86071,13.55407,0.48652
2025_18_WAS_PHI,2025,18,0.56491,3.89428,0.48726
2025_19_BUF_JAX,2025,19,0.56884,2.05978,0.48881
2025_19_GB_CHI,2025,19,0.40276,-2.03153,0.48924
2025_19_HOU_PIT,2025,19,0.38195,-3.12088,0.49197
2025_19_LAC_NE,2025,19,0.62234,4.04652,0.48887
2025_19_LA_CAR,2025,19,0.18301,-10.71882,0.49475
2025_19_SF_PHI,2025,19,0.67022,5.40768,0.49416
2025_20_BUF_DEN,2025,20,0.54606,0.98077,0.49382
2025_20_HOU_NE,2025,20,0.60366,3.03013,0.49127
2025_20_LA_CHI,2025,20,0.35988,-3.88239,0.49319
2025_20_SF_SEA,2025,20,0.69980,6.20161,0.49280
2025_21_LA_SEA,2025,21,0.57422,2.60457,0.49093
2025_21_NE_DEN,2025,21,0.33977,-3.85630,0.49306
2025_22_SEA_NE,2025,22,0.31517,-4.27055,0.49035
2026_01_ARI_LAC,2026,1,0.77613,8.96877,0.49041
2026_01_ATL_PIT,2026,1,0.73166,6.95804,0.49049
2026_01_BAL_IND,2026,1,0.38360,-2.71775,0.49190
2026_01_BUF_HOU,2026,1,0.43863,-1.22727,0.49198
2026_01_CHI_CAR,2026,1,0.39225,-2.88910,0.49328
2026_01_CLE_JAX,2026,1,0.77500,9.23567,0.48827
2026_01_DAL_NYG,2026,1,0.37486,-2.78363,0.49243
2026_01_DEN_KC,2026,1,0.58259,2.50654,0.49411
2026_01_GB_MIN,2026,1,0.56835,2.00167,0.49015
2026_01_MIA_LV,2026,1,0.61540,3.05592,0.49372
2026_01_NE_SEA,2026,1,0.60623,3.40960,0.49088
2026_01_NO_DET,2026,1,0.72239,7.23702,0.49227
2026_01_NYJ_TEN,2026,1,0.54714,1.83826,0.49146
2026_01_SF_LA,2026,1,0.59897,3.67806,0.49274
2026_01_TB_CIN,2026,1,0.63930,3.88695,0.49106
2026_01_WAS_PHI,2026,1,0.67963,6.21905,0.49241
2026_02_CAR_ATL,2026,2,0.37033,-2.38870,0.49327
2026_02_CIN_HOU,2026,2,0.58306,3.21745,0.49242
2026_02_CLE_TB,2026,2,0.76294,8.64088,0.49304
2026_02_DET_BUF,2026,2,0.68195,5.81360,0.49165
2026_02_GB_NYJ,2026,2,0.39019,-3.24493,0.49212
2026_02_IND_KC,2026,2,0.68251,6.20908,0.49249
2026_02_JAX_DEN,2026,2,0.56949,1.93615,0.49869
2026_02_LV_LAC,2026,2,0.69986,6.50881,0.49410
2026_02_MIA_SF,2026,2,0.86179,13.11313,0.48925
2026_02_MIN_CHI,2026,2,0.66348,4.91902,0.49081
2026_02_NO_BAL,2026,2,0.76463,8.85614,0.49131
2026_02_NYG_LA,2026,2,0.69441,6.38108,0.49512
2026_02_PHI_TEN,2026,2,0.27455,-7.05469,0.49461
2026_02_PIT_NE,2026,2,0.64262,4.84368,0.49141
2026_02_SEA_ARI,2026,2,0.37358,-3.67866,0.49560
2026_02_WAS_DAL,2026,2,0.62368,3.64840,0.49298
2026_03_ARI_SF,2026,3,0.75651,8.53017,0.48591
2026_03_ATL_GB,2026,3,0.63483,4.70080,0.49256
2026_03_BAL_DAL,2026,3,0.40780,-2.77979,0.49240
2026_03_CAR_CLE,2026,3,0.39264,-2.59477,0.49493
2026_03_CIN_PIT,2026,3,0.34215,-3.81834,0.49672
2026_03_HOU_IND,2026,3,0.44485,-1.37742,0.49318
2026_03_KC_MIA,2026,3,0.18038,-10.32554,0.49678
2026_03_LAC_BUF,2026,3,0.71765,7.50619,0.49011
2026_03_LA_DEN,2026,3,0.55060,1.35496,0.49533
2026_03_LV_NO,2026,3,0.59732,3.51655,0.49403
2026_03_MIN_TB,2026,3,0.40659,-2.23377,0.50005
2026_03_NE_JAX,2026,3,0.61005,3.24062,0.49224
2026_03_NYJ_DET,2026,3,0.72002,7.36934,0.49121
2026_03_PHI_CHI,2026,3,0.34679,-3.44292,0.49371
2026_03_SEA_WAS,2026,3,0.22076,-9.15641,0.49943
2026_03_TEN_NYG,2026,3,0.58151,2.88815,0.49106
2026_04_ARI_NYG,2026,4,0.40233,-2.32750,0.49278
2026_04_ATL_NO,2026,4,0.57530,2.67004,0.49280
2026_04_DAL_HOU,2026,4,0.56125,2.77419,0.49598
2026_04_DEN_SF,2026,4,0.59921,3.47269,0.49038
2026_04_DET_CAR,2026,4,0.36651,-3.39194,0.49330
2026_04_GB_TB,2026,4,0.36497,-3.03867,0.49448
2026_04_IND_WAS,2026,4,0.30803,-4.83107,0.49682
2026_04_JAX_CIN,2026,4,0.58540,2.14860,0.49699
2026_04_KC_LV,2026,4,0.34520,-4.44041,0.49369
2026_04_LAC_SEA,2026,4,0.71977,7.73458,0.48828
2026_04_LA_PHI,2026,4,0.36299,-3.77655,0.49638
2026_04_MIA_MIN,2026,4,0.81573,10.89083,0.48703
2026_04_NE_BUF,2026,4,0.72897,7.27129,0.49199
2026_04_NYJ_CHI,2026,4,0.59332,3.94644,0.49059
2026_04_PIT_CLE,2026,4,0.39534,-2.35843,0.49303
2026_04_TEN_BAL,2026,4,0.83078,12.01550,0.49003
2026_05_BAL_ATL,2026,5,0.28613,-6.04726,0.49455
2026_05_BUF_LA,2026,5,0.57049,2.37976,0.49513
2026_05_CHI_GB,2026,5,0.57751,2.07368,0.49759
2026_05_CIN_MIA,2026,5,0.20008,-9.02620,0.49839
2026_05_CLE_NYJ,2026,5,0.53464,1.39184,0.49503
2026_05_DEN_LAC,2026,5,0.38591,-2.88295,0.49724
2026_05_DET_ARI,2026,5,0.28804,-5.77161,0.49635
2026_05_HOU_TEN,2026,5,0.27600,-6.64964,0.49537
2026_05_IND_PIT,2026,5,0.54045,1.53671,0.49387
2026_05_LV_NE,2026,5,0.57828,3.22854,0.49634
2026_05_MIN_NO,2026,5,0.38103,-2.85746,0.49703
2026_05_NYG_WAS,2026,5,0.56655,2.51195,0.49407
2026_05_PHI_JAX,2026,5,0.60015,3.79878,0.48776
2026_05_SF_SEA,2026,5,0.57639,2.87941,0.49513
2026_05_TB_DAL,2026,5,0.82192,10.22596,0.48835
