game_id,season,week,p_home,margin,p_home_cover
2006_01_MIA_PIT,2006,1,0.557392,1.367557,0.496086
2006_01_ATL_CAR,2006,1,0.653077,4.189186,0.490816
2006_01_BAL_TB,2006,1,0.606092,2.778370,0.493451
2006_01_BUF_NE,2006,1,0.801300,9.362217,0.481160
2006_01_CIN_KC,2006,1,0.457916,-1.454066,0.501357
2006_01_DEN_STL,2006,1,0.392669,-3.335148,0.504871
2006_01_NO_CLE,2006,1,0.606092,2.778370,0.493451
2006_01_NYJ_TEN,2006,1,0.590013,2.308099,0.494329
2006_01_PHI_HOU,2006,1,0.315520,-5.686507,0.509263
2006_01_SEA_DET,2006,1,0.315520,-5.686507,0.509263
2006_01_CHI_GB,2006,1,0.392669,-3.335148,0.504871
2006_01_DAL_JAX,2006,1,0.425027,-2.394607,0.503114
2006_01_SF_ARI,2006,1,0.789712,8.891938,0.482037
2006_01_IND_NYG,2006,1,0.408767,-2.864877,0.503993
2006_01_MIN_WAS,2006,1,0.637649,3.718914,0.491694
2006_01_SD_OAK,2006,1,0.408767,-2.864877,0.503993
2006_02_BUF_MIA,2006,2,0.711925,6.070280,0.487303
2006_02_CAR_MIN,2006,2,0.573771,1.837828,0.495208
2006_02_CLE_CIN,2006,2,0.812477,9.832497,0.480282
2006_02_DET_CHI,2006,2,0.725824,6.540555,0.486425
2006_02_HOU_IND,2006,2,0.853036,11.713626,0.476775
2006_02_NO_GB,2006,2,0.474487,-0.983795,0.500479
2006_02_NYG_PHI,2006,2,0.606092,2.778370,0.493451
2006_02_OAK_BAL,2006,2,0.862142,12.183910,0.475898
2006_02_TB_ATL,2006,2,0.653077,4.189186,0.490816
2006_02_ARI_SEA,2006,2,0.725824,6.540555,0.486425
2006_02_STL_SF,2006,2,0.408767,-2.864877,0.503993
2006_02_KC_DEN,2006,2,0.823239,10.302778,0.479405
2006_02_NE_NYJ,2006,2,0.315520,-5.686507,0.509263
2006_02_TEN_SD,2006,2,0.843518,11.243342,0.477651
2006_02_WAS_DAL,2006,2,0.725824,6.540555,0.486425
2006_02_PIT_JAX,2006,2,0.425027,-2.394607,0.503114
2006_03_CAR_TB,2006,3,0.408767,-2.864877,0.503993
2006_03_CHI_MIN,2006,3,0.392669,-3.335148,0.504871
2006_03_CIN_PIT,2006,3,0.573771,1.837828,0.495208
2006_03_GB_DET,2006,3,0.711925,6.070280,0.487303
2006_03_JAX_IND,2006,3,0.711925,6.070280,0.487303
2006_03_NYJ_BUF,2006,3,0.697683,5.600006,0.488181
2006_03_TEN_MIA,2006,3,0.812477,9.832497,0.480282
2006_03_WAS_HOU,2006,3,0.392669,-3.335148,0.504871
2006_03_BAL_CLE,2006,3,0.300924,-6.156779,0.510142
2006_03_NYG_SEA,2006,3,0.637649,3.718914,0.491694
2006_03_PHI_SF,2006,3,0.315520,-5.686507,0.509263
2006_03_STL_ARI,2006,3,0.683115,5.129732,0.489059
2006_03_DEN_NE,2006,3,0.711925,6.070280,0.487303
2006_03_ATL_NO,2006,3,0.376759,-3.805419,0.505750
2006_04_ARI_ATL,2006,4,0.725824,6.540555,0.486425
2006_04_DAL_TEN,2006,4,0.208731,-9.448704,0.516287
2006_04_IND_NYJ,2006,4,0.272728,-7.097326,0.511898
2006_04_MIA_HOU,2006,4,0.392669,-3.335148,0.504871
2006_04_MIN_BUF,2006,4,0.540905,0.897286,0.496965
2006_04_NO_CAR,2006,4,0.725824,6.540555,0.486425
2006_04_SD_BAL,2006,4,0.540905,0.897286,0.496965
2006_04_SF_KC,2006,4,0.725824,6.540555,0.486425
2006_04_DET_STL,2006,4,0.683115,5.129732,0.489059
2006_04_CLE_OAK,2006,4,0.474487,-0.983795,0.500479
2006_04_JAX_WAS,2006,4,0.425027,-2.394607,0.503114
2006_04_NE_CIN,2006,4,0.683115,5.129732,0.489059
2006_04_SEA_CHI,2006,4,0.621979,3.248642,0.492572
2006_04_GB_PHI,2006,4,0.843518,11.243342,0.477651
2006_05_BUF_CHI,2006,5,0.789712,8.891938,0.482037
2006_05_CLE_CAR,2006,5,0.739365,7.010830,0.485548
2006_05_DET_MIN,2006,5,0.637649,3.718914,0.491694
2006_05_MIA_NE,2006,5,0.789712,8.891938,0.482037
2006_05_STL_GB,2006,5,0.425027,-2.394607,0.503114
2006_05_TB_NO,2006,5,0.725824,6.540555,0.486425
2006_05_TEN_IND,2006,5,0.870843,12.654196,0.475022
2006_05_WAS_NYG,2006,5,0.697683,5.600006,0.488181
2006_05_KC_ARI,2006,5,0.392669,-3.335148,0.504871
2006_05_NYJ_JAX,2006,5,0.725824,6.540555,0.486425
2006_05_OAK_SF,2006,5,0.606092,2.778370,0.493451
2006_05_DAL_PHI,2006,5,0.474487,-0.983795,0.500479
2006_05_PIT_SD,2006,5,0.621979,3.248642,0.492572
2006_05_BAL_DEN,2006,5,0.683115,5.129732,0.489059
2006_06_BUF_DET,2006,6,0.474487,-0.983795,0.500479
2006_06_CAR_BAL,2006,6,0.606092,2.778370,0.493451
2006_06_CIN_TB,2006,6,0.361065,-4.275691,0.506628
2006_06_HOU_DAL,2006,6,0.862142,12.183910,0.475898
2006_06_NYG_ATL,2006,6,0.606092,2.778370,0.493451
2006_06_PHI_NO,2006,6,0.408767,-2.864877,0.503993
2006_06_SEA_STL,2006,6,0.408767,-2.864877,0.503993
2006_06_TEN_WAS,2006,6,0.833586,10.773059,0.478528
2006_06_KC_PIT,2006,6,0.711925,6.070280,0.487303
2006_06_MIA_NYJ,2006,6,0.573771,1.837828,0.495208
2006_06_SD_SF,2006,6,0.220743,-8.978427,0.515409
2006_06_OAK_DEN,2006,6,0.879142,13.124483,0.474145
2006_06_CHI_ARI,2006,6,0.175171,-10.859538,0.518919
2006_07_CAR_CIN,2006,7,0.606092,2.778370,0.493451
2006_07_DET_NYJ,2006,7,0.637649,3.718914,0.491694
2006_07_GB_MIA,2006,7,0.697683,5.600006,0.488181
2006_07_JAX_HOU,2006,7,0.272728,-7.097326,0.511898
2006_07_NE_BUF,2006,7,0.330423,-5.216234,0.508385
2006_07_PHI_TB,2006,7,0.315520,-5.686507,0.509263
2006_07_PIT_ATL,2006,7,0.425027,-2.394607,0.503114
2006_07_SD_KC,2006,7,0.315520,-5.686507,0.509263
2006_07_DEN_CLE,2006,7,0.361065,-4.275691,0.506628
2006_07_ARI_OAK,2006,7,0.408767,-2.864877,0.503993
2006_07_MIN_SEA,2006,7,0.697683,5.600006,0.488181
2006_07_WAS_IND,2006,7,0.752535,7.481106,0.484670
2006_07_NYG_DAL,2006,7,0.606092,2.778370,0.493451
2006_08_ARI_GB,2006,8,0.637649,3.718914,0.491694
2006_08_ATL_CIN,2006,8,0.621979,3.248642,0.492572
2006_08_BAL_NO,2006,8,0.540905,0.897286,0.496965
2006_08_HOU_TEN,2006,8,0.606092,2.778370,0.493451
2006_08_JAX_PHI,2006,8,0.777718,8.421660,0.482915
2006_08_SEA_KC,2006,8,0.637649,3.718914,0.491694
2006_08_SF_CHI,2006,8,0.908464,15.005642,0.470642
2006_08_TB_NYG,2006,8,0.789712,8.891938,0.482037
2006_08_STL_SD,2006,8,0.789712,8.891938,0.482037
2006_08_IND_DEN,2006,8,0.606092,2.778370,0.493451
2006_08_NYJ_CLE,2006,8,0.540905,0.897286,0.496965
2006_08_PIT_OAK,2006,8,0.233157,-8.508151,0.514532
2006_08_DAL_CAR,2006,8,0.653077,4.189186,0.490816
2006_08_NE_MIN,2006,8,0.474487,-0.983795,0.500479
2006_09_ATL_DET,2006,9,0.345612,-4.745962,0.507507
2006_09_CIN_BAL,2006,9,0.606092,2.778370,0.493451
2006_09_DAL_WAS,2006,9,0.408767,-2.864877,0.503993
2006_09_GB_BUF,2006,9,0.621979,3.248642,0.492572
2006_09_HOU_NYG,2006,9,0.862142,12.183910,0.475898
2006_09_KC_STL,2006,9,0.590013,2.308099,0.494329
2006_09_MIA_CHI,2006,9,0.862142,12.183910,0.475898
2006_09_NO_TB,2006,9,0.540905,0.897286,0.496965
2006_09_TEN_JAX,2006,9,0.789712,8.891938,0.482037
2006_09_MIN_SF,2006,9,0.376759,-3.805419,0.505750
2006_09_CLE_SD,2006,9,0.862142,12.183910,0.475898
2006_09_DEN_PIT,2006,9,0.606092,2.778370,0.493451
2006_09_IND_NE,2006,9,0.606092,2.778370,0.493451
2006_09_OAK_SEA,2006,9,0.725824,6.540555,0.486425
2006_10_BAL_TEN,2006,10,0.286655,-6.627053,0.511020
2006_10_BUF_IND,2006,10,0.843518,11.243342,0.477651
2006_10_CLE_ATL,2006,10,0.777718,8.421660,0.482915
2006_10_GB_MIN,2006,10,0.668239,4.659459,0.489938
2006_10_HOU_JAX,2006,10,0.801300,9.362217,0.481160
2006_10_KC_MIA,2006,10,0.540905,0.897286,0.496965
2006_10_NYJ_NE,2006,10,0.812477,9.832497,0.480282
2006_10_SD_CIN,2006,10,0.474487,-0.983795,0.500479
2006_10_SF_DET,2006,10,0.711925,6.070280,0.487303
2006_10_WAS_PHI,2006,10,0.777718,8.421660,0.482915
2006_10_DEN_OAK,2006,10,0.233157,-8.508151,0.514532
2006_10_DAL_ARI,2006,10,0.300924,-6.156779,0.510142
2006_10_NO_PIT,2006,10,0.711925,6.070280,0.487303
2006_10_STL_SEA,2006,10,0.606092,2.778370,0.493451
2006_10_CHI_NYG,2006,10,0.540905,0.897286,0.496965
2006_10_TB_CAR,2006,10,0.801300,9.362217,0.481160
2006_11_ATL_BAL,2006,11,0.621979,3.248642,0.492572
2006_11_BUF_HOU,2006,11,0.606092,2.778370,0.493451
2006_11_CHI_NYJ,2006,11,0.330423,-5.216234,0.508385
2006_11_CIN_NO,2006,11,0.621979,3.248642,0.492572
2006_11_MIN_MIA,2006,11,0.606092,2.778370,0.493451
2006_11_NE_GB,2006,11,0.330423,-5.216234,0.508385
2006_11_OAK_KC,2006,11,0.777718,8.421660,0.482915
2006_11_PIT_CLE,2006,11,0.376759,-3.805419,0.505750
2006_11_STL_CAR,2006,11,0.711925,6.070280,0.487303
2006_11_TEN_PHI,2006,11,0.862142,12.183910,0.475898
2006_11_WAS_TB,2006,11,0.606092,2.778370,0.493451
2006_11_DET_ARI,2006,11,0.590013,2.308099,0.494329
2006_11_SEA_SF,2006,11,0.408767,-2.864877,0.503993
2006_11_IND_DAL,2006,11,0.474487,-0.983795,0.500479
2006_11_SD_DEN,2006,11,0.590013,2.308099,0.494329
2006_11_NYG_JAX,2006,11,0.637649,3.718914,0.491694
2006_12_MIA_DET,2006,12,0.408767,-2.864877,0.503993
2006_12_TB_DAL,2006,12,0.853036,11.713626,0.476775
2006_12_DEN_KC,2006,12,0.540905,0.897286,0.496965
2006_12_ARI_MIN,2006,12,0.725824,6.540555,0.486425
2006_12_CAR_WAS,2006,12,0.330423,-5.216234,0.508385
2006_12_CIN_CLE,2006,12,0.408767,-2.864877,0.503993
2006_12_HOU_NYJ,2006,12,0.653077,4.189186,0.490816
2006_12_JAX_BUF,2006,12,0.408767,-2.864877,0.503993
2006_12_NO_ATL,2006,12,0.606092,2.778370,0.493451
2006_12_PIT_BAL,2006,12,0.606092,2.778370,0.493451
2006_12_SF_STL,2006,12,0.653077,4.189186,0.490816
2006_12_OAK_SD,2006,12,0.870843,12.654196,0.475022
2006_12_CHI_NE,2006,12,0.653077,4.189186,0.490816
2006_12_NYG_TEN,2006,12,0.376759,-3.805419,0.505750
2006_12_PHI_IND,2006,12,0.801300,9.362217,0.481160
2006_12_GB_SEA,2006,12,0.801300,9.362217,0.481160
2006_13_BAL_CIN,2006,13,0.606092,2.778370,0.493451
2006_13_ARI_STL,2006,13,0.697683,5.600006,0.488181
2006_13_ATL_WAS,2006,13,0.474487,-0.983795,0.500479
2006_13_DET_NE,2006,13,0.862142,12.183910,0.475898
2006_13_IND_TEN,2006,13,0.272728,-7.097326,0.511898
2006_13_KC_CLE,2006,13,0.376759,-3.805419,0.505750
2006_13_MIN_CHI,2006,13,0.777718,8.421660,0.482915
2006_13_NYJ_GB,2006,13,0.540905,0.897286,0.496965
2006_13_SD_BUF,2006,13,0.330423,-5.216234,0.508385
2006_13_SF_NO,2006,13,0.725824,6.540555,0.486425
2006_13_HOU_OAK,2006,13,0.606092,2.778370,0.493451
2006_13_JAX_MIA,2006,13,0.540905,0.897286,0.496965
2006_13_DAL_NYG,2006,13,0.408767,-2.864877,0.503993
2006_13_TB_PIT,2006,13,0.777718,8.421660,0.482915
2006_13_SEA_DEN,2006,13,0.653077,4.189186,0.490816
2006_13_CAR_PHI,2006,13,0.408767,-2.864877,0.503993
2006_14_CLE_PIT,2006,14,0.725824,6.540555,0.486425
2006_14_ATL_TB,2006,14,0.376759,-3.805419,0.505750
2006_14_BAL_KC,2006,14,0.606092,2.778370,0.493451
2006_14_IND_JAX,2006,14,0.474487,-0.983795,0.500479
2006_14_MIN_DET,2006,14,0.540905,0.897286,0.496965
2006_14_NE_MIA,2006,14,0.408767,-2.864877,0.503993
2006_14_NYG_CAR,2006,14,0.408767,-2.864877,0.503993
2006_14_OAK_CIN,2006,14,0.812477,9.832497,0.480282
2006_14_PHI_WAS,2006,14,0.441419,-1.924336,0.502236
2006_14_TEN_HOU,2006,14,0.540905,0.897286,0.496965
2006_14_GB_SF,2006,14,0.637649,3.718914,0.491694
2006_14_SEA_ARI,2006,14,0.408767,-2.864877,0.503993
2006_14_BUF_NYJ,2006,14,0.653077,4.189186,0.490816
2006_14_DEN_SD,2006,14,0.777718,8.421660,0.482915
2006_14_NO_DAL,2006,14,0.739365,7.010830,0.485548
2006_14_CHI_STL,2006,14,0.315520,-5.686507,0.509263
2006_15_SF_SEA,2006,15,0.801300,9.362217,0.481160
2006_15_DAL_ATL,2006,15,0.376759,-3.805419,0.505750
2006_15_CLE_BAL,2006,15,0.862142,12.183910,0.475898
2006_15_DET_GB,2006,15,0.697683,5.600006,0.488181
2006_15_HOU_NE,2006,15,0.862142,12.183910,0.475898
2006_15_JAX_TEN,2006,15,0.392669,-3.335148,0.504871
2006_15_MIA_BUF,2006,15,0.540905,0.897286,0.496965
2006_15_NYJ_MIN,2006,15,0.621979,3.248642,0.492572
2006_15_PIT_CAR,2006,15,0.408767,-2.864877,0.503993
2006_15_TB_CHI,2006,15,0.862142,12.183910,0.475898
2006_15_WAS_NO,2006,15,0.801300,9.362217,0.481160
2006_15_DEN_ARI,2006,15,0.425027,-2.394607,0.503114
2006_15_PHI_NYG,2006,15,0.683115,5.129732,0.489059
2006_15_STL_OAK,2006,15,0.606092,2.778370,0.493451
2006_15_KC_SD,2006,15,0.789712,8.891938,0.482037
2006_15_CIN_IND,2006,15,0.621979,3.248642,0.492572
2006_16_MIN_GB,2006,16,0.637649,3.718914,0.491694
2006_16_KC_OAK,2006,16,0.286655,-6.627053,0.511020
2006_16_BAL_PIT,2006,16,0.637649,3.718914,0.491694
2006_16_CAR_ATL,2006,16,0.697683,5.600006,0.488181
2006_16_CHI_DET,2006,16,0.315520,-5.686507,0.509263
2006_16_IND_HOU,2006,16,0.233157,-8.508151,0.514532
2006_16_NE_JAX,2006,16,0.606092,2.778370,0.493451
2006_16_NO_NYG,2006,16,0.606092,2.778370,0.493451
2006_16_TB_CLE,2006,16,0.621979,3.248642,0.492572
2006_16_TEN_BUF,2006,16,0.683115,5.129732,0.489059
2006_16_WAS_STL,2006,16,0.540905,0.897286,0.496965
2006_16_ARI_SF,2006,16,0.621979,3.248642,0.492572
2006_16_CIN_DEN,2006,16,0.606092,2.778370,0.493451
2006_16_SD_SEA,2006,16,0.376759,-3.805419,0.505750
2006_16_PHI_DAL,2006,16,0.711925,6.070280,0.487303
2006_16_NYJ_MIA,2006,16,0.590013,2.308099,0.494329
2006_17_NYG_WAS,2006,17,0.474487,-0.983795,0.500479
2006_17_CAR_NO,2006,17,0.408767,-2.864877,0.503993
2006_17_CLE_HOU,2006,17,0.697683,5.600006,0.488181
2006_17_DET_DAL,2006,17,0.870843,12.654196,0.475022
2006_17_JAX_KC,2006,17,0.540905,0.897286,0.496965
2006_17_NE_TEN,2006,17,0.621979,3.248642,0.492572
2006_17_OAK_NYJ,2006,17,0.801300,9.362217,0.481160
2006_17_PIT_CIN,2006,17,0.697683,5.600006,0.488181
2006_17_SEA_TB,2006,17,0.606092,2.778370,0.493451
2006_17_STL_MIN,2006,17,0.474487,-0.983795,0.500479
2006_17_ARI_SD,2006,17,0.870843,12.654196,0.475022
2006_17_ATL_PHI,2006,17,0.725824,6.540555,0.486425
2006_17_BUF_BAL,2006,17,0.789712,8.891938,0.482037
2006_17_MIA_IND,2006,17,0.789712,8.891938,0.482037
2006_17_SF_DEN,2006,17,0.812477,9.832497,0.480282
2006_17_GB_CHI,2006,17,0.590013,2.308099,0.494329
2006_18_KC_IND,2006,18,0.725824,6.540555,0.486425
2006_18_DAL_SEA,2006,18,0.540905,0.897286,0.496965
2006_18_NYJ_NE,2006,18,0.789712,8.891938,0.482037
2006_18_NYG_PHI,2006,18,0.711925,6.070280,0.487303
2006_19_IND_BAL,2006,19,0.637649,3.718914,0.491694
2006_19_PHI_NO,2006,19,0.683115,5.129732,0.489059
2006_19_SEA_CHI,2006,19,0.621979,3.248642,0.492572
2006_19_NE_SD,2006,19,0.668239,4.659459,0.489938
2006_20_NO_CHI,2006,20,0.590013,2.308099,0.494329
2006_20_NE_IND,2006,20,0.621979,3.248642,0.492572
2006_21_IND_CHI,2006,21,0.300924,-6.156779,0.510142
2007_01_NO_IND,2007,1,0.672362,4.935027,0.483309
2007_01_ATL_MIN,2007,1,0.589564,2.692741,0.490921
2007_01_CAR_STL,2007,1,0.542320,1.347386,0.495490
2007_01_DEN_BUF,2007,1,0.404611,-2.688669,0.509199
2007_01_KC_HOU,2007,1,0.583429,2.692741,0.490921
2007_01_MIA_WAS,2007,1,0.587973,2.692741,0.490921
2007_01_NE_NYJ,2007,1,0.320678,-5.379419,0.518333
2007_01_PHI_GB,2007,1,0.415333,-2.688669,0.509199
2007_01_PIT_CLE,2007,1,0.365235,-4.034036,0.513767
2007_01_TEN_JAX,2007,1,0.720645,6.728895,0.477225
2007_01_CHI_SD,2007,1,0.708180,6.280424,0.478746
2007_01_DET_OAK,2007,1,0.597820,2.692741,0.490921
2007_01_TB_SEA,2007,1,0.678562,5.383490,0.481788
2007_01_NYG_DAL,2007,1,0.682524,5.383490,0.481788
2007_01_BAL_CIN,2007,1,0.575756,2.244288,0.492444
2007_01_ARI_SF,2007,1,0.608134,3.141195,0.489398
2007_02_ATL_JAX,2007,2,0.785465,8.971300,0.469630
2007_02_BUF_PIT,2007,2,0.784303,8.971300,0.469630
2007_02_CIN_CLE,2007,2,0.289184,-6.276353,0.521374
2007_02_GB_NYG,2007,2,0.597820,2.692741,0.490921
2007_02_HOU_CAR,2007,2,0.695472,5.831956,0.480266
2007_02_IND_TEN,2007,2,0.283319,-6.276353,0.521374
2007_02_NO_TB,2007,2,0.347897,-4.482495,0.515289
2007_02_SF_STL,2007,2,0.596733,2.692741,0.490921
2007_02_DAL_MIA,2007,2,0.384106,-3.137123,0.510722
2007_02_MIN_DET,2007,2,0.586422,2.692741,0.490921
2007_02_SEA_ARI,2007,2,0.398769,-2.688669,0.509199
2007_02_KC_CHI,2007,2,0.817103,10.316791,0.465079
2007_02_NYJ_BAL,2007,2,0.775446,8.522812,0.471148
2007_02_OAK_DEN,2007,2,0.785078,8.971300,0.469630
2007_02_SD_NE,2007,2,0.612496,3.141195,0.489398
2007_02_WAS_PHI,2007,2,0.695472,5.831956,0.480266
2007_03_ARI_BAL,2007,3,0.711020,6.280424,0.478746
2007_03_BUF_NE,2007,3,0.904379,14.802097,0.449957
2007_03_DET_PHI,2007,3,0.661385,4.486566,0.484831
2007_03_IND_HOU,2007,3,0.304251,-5.827885,0.519854
2007_03_MIA_NYJ,2007,3,0.591196,2.692741,0.490921
2007_03_MIN_KC,2007,3,0.592305,2.692741,0.490921
2007_03_SD_GB,2007,3,0.335443,-4.930956,0.516811
2007_03_SF_PIT,2007,3,0.785078,8.971300,0.469630
2007_03_STL_TB,2007,3,0.611957,3.141195,0.489398
2007_03_CIN_SEA,2007,3,0.618585,3.141195,0.489398
2007_03_CLE_OAK,2007,3,0.594521,2.692741,0.490921
2007_03_JAX_DEN,2007,3,0.608681,3.141195,0.489398
2007_03_CAR_ATL,2007,3,0.376995,-3.585579,0.512245
2007_03_NYG_WAS,2007,3,0.609774,3.141195,0.489398
2007_03_DAL_CHI,2007,3,0.592859,2.692741,0.490921
2007_03_TEN_NO,2007,3,0.635512,4.038107,0.486353
2007_04_BAL_CLE,2007,4,0.386153,-3.137123,0.510722
2007_04_CHI_DET,2007,4,0.420004,-2.240216,0.507676
2007_04_GB_MIN,2007,4,0.465148,-0.894864,0.503107
2007_04_HOU_ATL,2007,4,0.422804,-2.240216,0.507676
2007_04_NYJ_BUF,2007,4,0.387740,-3.137123,0.510722
2007_04_OAK_MIA,2007,4,0.610320,3.141195,0.489398
2007_04_STL_DAL,2007,4,0.848311,11.662324,0.460535
2007_04_SEA_SF,2007,4,0.470287,-0.894864,0.503107
2007_04_TB_CAR,2007,4,0.596733,2.692741,0.490921
2007_04_DEN_IND,2007,4,0.787389,8.971300,0.469630
2007_04_KC_SD,2007,4,0.825013,10.765297,0.463564
2007_04_PIT_ARI,2007,4,0.328348,-4.930956,0.516811
2007_04_PHI_NYG,2007,4,0.431661,-1.791765,0.506153
2007_04_NE_CIN,2007,4,0.277253,-6.724825,0.522895
2007_05_ARI_STL,2007,5,0.393199,-3.137123,0.510722
2007_05_ATL_TEN,2007,5,0.771338,8.074327,0.472667
2007_05_CAR_NO,2007,5,0.606491,3.141195,0.489398
2007_05_CLE_NE,2007,5,0.889231,13.904988,0.452975
2007_05_DET_WAS,2007,5,0.624315,3.589650,0.487876
2007_05_JAX_KC,2007,5,0.478919,-0.894864,0.503107
2007_05_MIA_HOU,2007,5,0.642375,4.038107,0.486353
2007_05_NYJ_NYG,2007,5,0.604879,3.141195,0.489398
2007_05_SEA_PIT,2007,5,0.672848,4.935027,0.483309
2007_05_TB_IND,2007,5,0.767441,8.074327,0.472667
2007_05_BAL_SF,2007,5,0.375917,-3.585579,0.512245
2007_05_SD_DEN,2007,5,0.474750,-0.894864,0.503107
2007_05_CHI_GB,2007,5,0.584908,2.692741,0.490921
2007_05_DAL_BUF,2007,5,0.203065,-9.415725,0.532007
2007_06_CIN_KC,2007,6,0.475287,-0.894864,0.503107
2007_06_HOU_JAX,2007,6,0.699343,5.831956,0.480266
2007_06_MIA_CLE,2007,6,0.630113,3.589650,0.487876
2007_06_MIN_CHI,2007,6,0.640268,4.038107,0.486353
2007_06_PHI_NYJ,2007,6,0.378614,-3.585579,0.512245
2007_06_STL_BAL,2007,6,0.761028,8.074327,0.472667
2007_06_TEN_TB,2007,6,0.524960,0.898936,0.497013
2007_06_WAS_GB,2007,6,0.598356,2.692741,0.490921
2007_06_CAR_ARI,2007,6,0.683022,5.383490,0.481788
2007_06_NE_DAL,2007,6,0.343229,-4.482495,0.515289
2007_06_OAK_SD,2007,6,0.771022,8.522812,0.471148
2007_06_NO_SEA,2007,6,0.671374,4.935027,0.483309
2007_06_NYG_ATL,2007,6,0.364197,-4.034036,0.513767
2007_07_ARI_WAS,2007,7,0.770314,8.074327,0.472667
2007_07_ATL_NO,2007,7,0.772007,8.074327,0.472667
2007_07_BAL_BUF,2007,7,0.394867,-2.688669,0.509199
2007_07_NE_MIA,2007,7,0.110867,-13.900924,0.547144
2007_07_SF_NYG,2007,7,0.771826,8.522812,0.471148
2007_07_TB_DET,2007,7,0.577998,2.244288,0.492444
2007_07_TEN_HOU,2007,7,0.560197,1.795837,0.493967
2007_07_KC_OAK,2007,7,0.526584,0.898936,0.497013
2007_07_NYJ_CIN,2007,7,0.681529,5.383490,0.481788
2007_07_CHI_PHI,2007,7,0.671374,4.935027,0.483309
2007_07_MIN_DAL,2007,7,0.777381,8.522812,0.471148
2007_07_STL_SEA,2007,7,0.768543,8.074327,0.472667
2007_07_PIT_DEN,2007,7,0.379678,-3.585579,0.512245
2007_07_IND_JAX,2007,7,0.407935,-2.688669,0.509199
2007_08_CLE_STL,2007,8,0.401352,-2.688669,0.509199
2007_08_DET_CHI,2007,8,0.680032,5.383490,0.481788
2007_08_IND_CAR,2007,8,0.290128,-6.276353,0.521374
2007_08_NYG_MIA,2007,8,0.215477,-8.967232,0.530490
2007_08_OAK_TEN,2007,8,0.712898,6.280424,0.478746
2007_08_PHI_MIN,2007,8,0.536762,0.898936,0.497013
2007_08_PIT_CIN,2007,8,0.372697,-3.585579,0.512245
2007_08_BUF_NYJ,2007,8,0.595074,2.692741,0.490921
2007_08_HOU_SD,2007,8,0.784303,8.971300,0.469630
2007_08_JAX_TB,2007,8,0.615115,3.141195,0.489398
2007_08_NO_SF,2007,8,0.476346,-0.894864,0.503107
2007_08_WAS_NE,2007,8,0.882431,13.456444,0.454485
2007_08_GB_DEN,2007,8,0.597279,2.692741,0.490921
2007_09_ARI_TB,2007,9,0.616629,3.141195,0.489398
2007_09_CAR_TEN,2007,9,0.648256,4.486566,0.484831
2007_09_CIN_BUF,2007,9,0.470287,-0.894864,0.503107
2007_09_DEN_DET,2007,9,0.598356,2.692741,0.490921
2007_09_GB_KC,2007,9,0.515096,0.898936,0.497013
2007_09_JAX_NO,2007,9,0.609774,3.141195,0.489398
2007_09_SD_MIN,2007,9,0.290128,-6.276353,0.521374
2007_09_SF_ATL,2007,9,0.607037,3.141195,0.489398
2007_09_WAS_NYJ,2007,9,0.391009,-3.137123,0.510722
2007_09_SEA_CLE,2007,9,0.526038,0.898936,0.497013
2007_09_HOU_OAK,2007,9,0.595074,2.692741,0.490921
2007_09_NE_IND,2007,9,0.344777,-4.482495,0.515289
2007_09_DAL_PHI,2007,9,0.410137,-2.688669,0.509199
2007_09_BAL_PIT,2007,9,0.778128,8.522812,0.471148
2007_10_ATL_CAR,2007,10,0.617616,3.141195,0.489398
2007_10_BUF_MIA,2007,10,0.478413,-0.894864,0.503107
2007_10_CLE_PIT,2007,10,0.789233,8.971300,0.469630
2007_10_DEN_KC,2007,10,0.592859,2.692741,0.490921
2007_10_JAX_TEN,2007,10,0.638150,4.038107,0.486353
2007_10_MIN_GB,2007,10,0.665784,4.935027,0.483309
2007_10_PHI_WAS,2007,10,0.607223,2.692741,0.490921
2007_10_STL_NO,2007,10,0.801028,9.419793,0.468113
2007_10_CIN_BAL,2007,10,0.597279,2.692741,0.490921
2007_10_CHI_OAK,2007,10,0.391009,-3.137123,0.510722
2007_10_DAL_NYG,2007,10,0.479422,-0.894864,0.503107
2007_10_DET_ARI,2007,10,0.557449,1.795837,0.493967
2007_10_IND_SD,2007,10,0.390462,-3.137123,0.510722
2007_10_SF_SEA,2007,10,0.777756,8.522812,0.471148
2007_11_ARI_CIN,2007,11,0.588499,2.692741,0.490921
2007_11_CAR_GB,2007,11,0.787389,8.971300,0.469630
2007_11_CLE_BAL,2007,11,0.475819,-0.894864,0.503107
2007_11_KC_IND,2007,11,0.876500,13.007905,0.455996
2007_11_MIA_PHI,2007,11,0.771422,8.522812,0.471148
2007_11_NO_HOU,2007,11,0.528251,0.898936,0.497013
2007_11_NYG_DET,2007,11,0.427211,-2.240216,0.507676
2007_11_OAK_MIN,2007,11,0.642891,4.038107,0.486353
2007_11_SD_JAX,2007,11,0.589564,2.692741,0.490921
2007_11_TB_ATL,2007,11,0.414328,-2.688669,0.509199
2007_11_PIT_NYJ,2007,11,0.221675,-8.518743,0.528972
2007_11_CHI_SEA,2007,11,0.682524,5.383490,0.481788
2007_11_STL_SF,2007,11,0.417297,-2.688669,0.509199
2007_11_WAS_DAL,2007,11,0.808327,9.868290,0.466596
2007_11_NE_BUF,2007,11,0.111094,-13.900924,0.547144
2007_11_TEN_DEN,2007,11,0.531676,0.898936,0.497013
2007_12_GB_DET,2007,12,0.381649,-3.137123,0.510722
2007_12_NYJ_DAL,2007,12,0.862657,12.559373,0.457508
2007_12_IND_ATL,2007,12,0.143407,-12.106780,0.541098
2007_12_BUF_JAX,2007,12,0.779579,8.522812,0.471148
2007_12_HOU_CLE,2007,12,0.585408,2.692741,0.490921
2007_12_MIN_NYG,2007,12,0.707237,6.280424,0.478746
2007_12_NO_CAR,2007,12,0.412267,-2.688669,0.509199
2007_12_OAK_KC,2007,12,0.620030,3.589650,0.487876
2007_12_SEA_STL,2007,12,0.416812,-2.688669,0.509199
2007_12_TEN_CIN,2007,12,0.527690,0.898936,0.497013
2007_12_WAS_TB,2007,12,0.611957,3.141195,0.489398
2007_12_SF_ARI,2007,12,0.780496,8.971300,0.469630
2007_12_BAL_SD,2007,12,0.758939,8.074327,0.472667
2007_12_DEN_CHI,2007,12,0.531105,0.898936,0.497013
2007_12_PHI_NE,2007,12,0.969743,21.531377,0.427454
2007_12_MIA_PIT,2007,12,0.882196,13.456444,0.454485
2007_13_GB_DAL,2007,13,0.708655,6.280424,0.478746
2007_13_ATL_STL,2007,13,0.591196,2.692741,0.490921
2007_13_BUF_WAS,2007,13,0.693051,5.831956,0.480266
2007_13_DET_MIN,2007,13,0.665784,4.935027,0.483309
2007_13_HOU_TEN,2007,13,0.614082,3.141195,0.489398
2007_13_JAX_IND,2007,13,0.712898,6.280424,0.478746
2007_13_NYJ_MIA,2007,13,0.517895,0.898936,0.497013
2007_13_SD_KC,2007,13,0.312340,-5.379419,0.518333
2007_13_SEA_PHI,2007,13,0.590103,2.692741,0.490921
2007_13_SF_CAR,2007,13,0.587452,2.692741,0.490921
2007_13_CLE_ARI,2007,13,0.531676,0.898936,0.497013
2007_13_DEN_OAK,2007,13,0.391556,-3.137123,0.510722
2007_13_NYG_CHI,2007,13,0.464034,-0.894864,0.503107
2007_13_TB_NO,2007,13,0.664281,4.935027,0.483309
2007_13_CIN_PIT,2007,13,0.715592,6.280424,0.478746
2007_13_NE_BAL,2007,13,0.068463,-17.040928,0.557691
2007_14_CHI_WAS,2007,14,0.588499,2.692741,0.490921
2007_14_CAR_JAX,2007,14,0.809387,9.868290,0.466596
2007_14_DAL_DET,2007,14,0.218560,-8.967232,0.530490
2007_14_MIA_BUF,2007,14,0.712898,6.280424,0.478746
2007_14_NYG_PHI,2007,14,0.589029,2.692741,0.490921
2007_14_OAK_GB,2007,14,0.800688,9.419793,0.468113
2007_14_SD_TEN,2007,14,0.466283,-0.894864,0.503107
2007_14_STL_CIN,2007,14,0.783524,8.971300,0.469630
2007_14_TB_HOU,2007,14,0.401352,-2.688669,0.509199
2007_14_ARI_SEA,2007,14,0.717980,6.728895,0.477225
2007_14_MIN_SF,2007,14,0.278175,-6.724825,0.522895
2007_14_CLE_NYJ,2007,14,0.406272,-2.688669,0.509199
2007_14_KC_DEN,2007,14,0.720192,6.728895,0.477225
2007_14_PIT_NE,2007,14,0.802023,9.868290,0.466596
2007_14_IND_BAL,2007,14,0.253680,-7.621777,0.525934
2007_14_NO_ATL,2007,14,0.377535,-3.585579,0.512245
2007_15_DEN_HOU,2007,15,0.426135,-2.240216,0.507676
2007_15_CIN_SF,2007,15,0.233489,-8.070258,0.527453
2007_15_ARI_NO,2007,15,0.624315,3.589650,0.487876
2007_15_ATL_TB,2007,15,0.846529,11.662324,0.460535
2007_15_BAL_MIA,2007,15,0.406272,-2.688669,0.509199
2007_15_BUF_CLE,2007,15,0.643403,4.038107,0.486353
2007_15_GB_STL,2007,15,0.291075,-6.276353,0.521374
2007_15_JAX_PIT,2007,15,0.620008,3.141195,0.489398
2007_15_NYJ_NE,2007,15,0.945250,18.390815,0.437924
2007_15_SEA_CAR,2007,15,0.292968,-6.276353,0.521374
2007_15_TEN_KC,2007,15,0.387740,-3.137123,0.510722
2007_15_IND_OAK,2007,15,0.223940,-8.518743,0.528972
2007_15_DET_SD,2007,15,0.773440,8.522812,0.471148
2007_15_PHI_DAL,2007,15,0.783524,8.971300,0.469630
2007_15_WAS_NYG,2007,15,0.682524,5.383490,0.481788
2007_15_CHI_MIN,2007,15,0.797838,9.419793,0.468113
2007_16_PIT_STL,2007,16,0.231272,-8.070258,0.527453
2007_16_DAL_CAR,2007,16,0.207145,-9.415725,0.532007
2007_16_CLE_CIN,2007,16,0.479422,-0.894864,0.503107
2007_16_GB_CHI,2007,16,0.230210,-8.070258,0.527453
2007_16_HOU_IND,2007,16,0.694011,5.831956,0.480266
2007_16_KC_DET,2007,16,0.679538,5.383490,0.481788
2007_16_NYG_BUF,2007,16,0.474209,-0.894864,0.503107
2007_16_OAK_JAX,2007,16,0.863454,12.559373,0.457508
2007_16_PHI_NO,2007,16,0.591196,2.692741,0.490921
2007_16_ATL_ARI,2007,16,0.806900,9.868290,0.466596
2007_16_TB_SF,2007,16,0.306682,-5.827885,0.519854
2007_16_BAL_SEA,2007,16,0.835230,11.213808,0.462049
2007_16_MIA_NE,2007,16,0.956656,19.736716,0.433429
2007_16_NYJ_TEN,2007,16,0.767812,8.074327,0.472667
2007_16_WAS_MIN,2007,16,0.682027,5.383490,0.481788
2007_16_DEN_SD,2007,16,0.761862,8.074327,0.472667
2007_17_NE_NYG,2007,17,0.155381,-11.658258,0.539585
2007_17_BUF_PHI,2007,17,0.774244,8.522812,0.471148
2007_17_CAR_TB,2007,17,0.402960,-2.688669,0.509199
2007_17_CIN_MIA,2007,17,0.480904,-0.894864,0.503107
2007_17_DET_GB,2007,17,0.611413,3.141195,0.489398
2007_17_JAX_HOU,2007,17,0.703174,6.280424,0.478746
2007_17_NO_CHI,2007,17,0.528817,0.898936,0.497013
2007_17_SEA_ATL,2007,17,0.438350,-1.791765,0.506153
2007_17_SF_CLE,2007,17,0.820489,10.316791,0.465079
2007_17_DAL_WAS,2007,17,0.763111,8.074327,0.472667
2007_17_KC_NYJ,2007,17,0.625392,3.589650,0.487876
2007_17_MIN_DEN,2007,17,0.395818,-2.688669,0.509199
2007_17_PIT_BAL,2007,17,0.414832,-2.688669,0.509199
2007_17_SD_OAK,2007,17,0.237901,-8.070258,0.527453
2007_17_STL_ARI,2007,17,0.685496,5.383490,0.481788
2007_17_TEN_IND,2007,17,0.380724,-3.585579,0.512245
2007_18_WAS_SEA,2007,18,0.585408,2.692741,0.490921
2007_18_JAX_PIT,2007,18,0.431341,-2.240216,0.507676
2007_18_NYG_TB,2007,18,0.588499,2.692741,0.490921
2007_18_TEN_SD,2007,18,0.794113,9.419793,0.468113
2007_19_SEA_GB,2007,19,0.768904,8.074327,0.472667
2007_19_JAX_NE,2007,19,0.856150,12.110846,0.459021
2007_19_SD_IND,2007,19,0.795233,9.419793,0.468113
2007_19_NYG_DAL,2007,19,0.706309,6.280424,0.478746
2007_20_SD_NE,2007,20,0.864264,12.559373,0.457508
2007_20_NYG_GB,2007,20,0.723405,6.728895,0.477225
2007_21_NYG_NE,2007,21,0.838671,11.213808,0.462049
2008_01_WAS_NYG,2008,1,0.640308,4.132781,0.489150
2008_01_CIN_BAL,2008,1,0.431931,-1.785321,0.506344
2008_01_DET_ATL,2008,1,0.400118,-2.695801,0.508989
2008_01_HOU_PIT,2008,1,0.699188,5.953760,0.483862
2008_01_JAX_TEN,2008,1,0.400118,-2.695801,0.508989
2008_01_KC_NE,2008,1,0.900785,14.603912,0.458817
2008_01_NYJ_MIA,2008,1,0.400118,-2.695801,0.508989
2008_01_SEA_BUF,2008,1,0.529328,0.946107,0.498407
2008_01_STL_PHI,2008,1,0.740146,7.319510,0.479899
2008_01_TB_NO,2008,1,0.593644,2.767060,0.493117
2008_01_ARI_SF,2008,1,0.415952,-2.240560,0.507666
2008_01_CAR_SD,2008,1,0.777910,8.685279,0.475939
2008_01_DAL_CLE,2008,1,0.309542,-5.427266,0.516920
2008_01_CHI_IND,2008,1,0.789739,9.140540,0.474619
2008_01_MIN_GB,2008,1,0.577737,2.311821,0.494439
2008_01_DEN_OAK,2008,1,0.400118,-2.695801,0.508989
2008_02_BUF_JAX,2008,2,0.624954,3.677540,0.490472
2008_02_CHI_CAR,2008,2,0.593644,2.767060,0.493117
2008_02_GB_DET,2008,2,0.400118,-2.695801,0.508989
2008_02_IND_MIN,2008,2,0.464218,-0.874844,0.503698
2008_02_NO_WAS,2008,2,0.529328,0.946107,0.498407
2008_02_NYG_STL,2008,2,0.254899,-7.248275,0.522203
2008_02_OAK_KC,2008,2,0.609391,3.222299,0.491794
2008_02_TEN_CIN,2008,2,0.529328,0.946107,0.498407
2008_02_ATL_TB,2008,2,0.713174,6.409008,0.482541
2008_02_SF_SEA,2008,2,0.699188,5.953760,0.483862
2008_02_MIA_ARI,2008,2,0.699188,5.953760,0.483862
2008_02_NE_NYJ,2008,2,0.529328,0.946107,0.498407
2008_02_SD_DEN,2008,2,0.529328,0.946107,0.498407
2008_02_PIT_CLE,2008,2,0.295388,-5.882515,0.518241
2008_02_PHI_DAL,2008,2,0.699188,5.953760,0.483862
2008_03_ARI_WAS,2008,3,0.593644,2.767060,0.493117
2008_03_CAR_MIN,2008,3,0.593644,2.767060,0.493117
2008_03_CIN_NYG,2008,3,0.852376,11.872165,0.466710
2008_03_HOU_TEN,2008,3,0.655430,4.588024,0.487827
2008_03_KC_ATL,2008,3,0.699188,5.953760,0.483862
2008_03_MIA_NE,2008,3,0.842939,11.416887,0.468027
2008_03_OAK_BUF,2008,3,0.789739,9.140540,0.474619
2008_03_TB_CHI,2008,3,0.593644,2.767060,0.493117
2008_03_DET_SF,2008,3,0.655430,4.588024,0.487827
2008_03_NO_DEN,2008,3,0.670297,5.043268,0.486506
2008_03_STL_SEA,2008,3,0.740146,7.319510,0.479899
2008_03_CLE_BAL,2008,3,0.577737,2.311821,0.494439
2008_03_JAX_IND,2008,3,0.624954,3.677540,0.490472
2008_03_PIT_PHI,2008,3,0.609391,3.222299,0.491794
2008_03_DAL_GB,2008,3,0.400118,-2.695801,0.508989
2008_03_NYJ_SD,2008,3,0.740146,7.319510,0.479899
2008_04_ARI_NYJ,2008,4,0.545552,1.401344,0.497085
2008_04_ATL_CAR,2008,4,0.713174,6.409008,0.482541
2008_04_CLE_CIN,2008,4,0.529328,0.946107,0.498407
2008_04_DEN_KC,2008,4,0.229685,-8.158792,0.524843
2008_04_GB_TB,2008,4,0.561697,1.856582,0.495762
2008_04_HOU_JAX,2008,4,0.699188,5.953760,0.483862
2008_04_MIN_TEN,2008,4,0.593644,2.767060,0.493117
2008_04_SF_NO,2008,4,0.624954,3.677540,0.490472
2008_04_BUF_STL,2008,4,0.242107,-7.703532,0.523523
2008_04_SD_OAK,2008,4,0.254899,-7.248275,0.522203
2008_04_WAS_DAL,2008,4,0.789739,9.140540,0.474619
2008_04_PHI_CHI,2008,4,0.400118,-2.695801,0.508989
2008_04_BAL_PIT,2008,4,0.684890,5.498513,0.485184
2008_05_ATL_GB,2008,5,0.656766,4.588024,0.487827
2008_05_CHI_DET,2008,5,0.389286,-3.151042,0.510311
2008_05_IND_HOU,2008,5,0.367611,-3.606284,0.511633
2008_05_KC_CAR,2008,5,0.787983,9.140540,0.474619
2008_05_SD_MIA,2008,5,0.311800,-5.427266,0.516920
2008_05_SEA_NYG,2008,5,0.697694,5.953760,0.483862
2008_05_TEN_BAL,2008,5,0.465691,-0.874844,0.503698
2008_05_WAS_PHI,2008,5,0.699188,5.953760,0.483862
2008_05_TB_DEN,2008,5,0.611078,3.222299,0.491794
2008_05_BUF_ARI,2008,5,0.534659,0.946107,0.498407
2008_05_CIN_DAL,2008,5,0.900360,14.603912,0.458817
2008_05_NE_SF,2008,5,0.398417,-2.695801,0.508989
2008_05_PIT_JAX,2008,5,0.671863,5.043268,0.486506
2008_05_MIN_NO,2008,5,0.591373,2.767060,0.493117
2008_06_BAL_IND,2008,6,0.625509,3.677540,0.490472
2008_06_CAR_TB,2008,6,0.534136,0.946107,0.498407
2008_06_CHI_ATL,2008,6,0.405519,-2.695801,0.508989
2008_06_CIN_NYJ,2008,6,0.779530,8.685279,0.475939
2008_06_DET_MIN,2008,6,0.852376,11.872165,0.466710
2008_06_MIA_HOU,2008,6,0.592500,2.767060,0.493117
2008_06_OAK_NO,2008,6,0.710780,6.409008,0.482541
2008_06_STL_WAS,2008,6,0.831950,10.961611,0.469345
2008_06_JAX_DEN,2008,6,0.603788,3.222299,0.491794
2008_06_DAL_ARI,2008,6,0.351858,-4.061527,0.512955
2008_06_GB_SEA,2008,6,0.526985,0.946107,0.498407
2008_06_PHI_SF,2008,6,0.352123,-4.061527,0.512955
2008_06_NE_SD,2008,6,0.686668,5.498513,0.485184
2008_06_NYG_CLE,2008,6,0.233866,-8.158792,0.524843
2008_07_BAL_MIA,2008,7,0.595353,2.767060,0.493117
2008_07_DAL_STL,2008,7,0.232350,-8.158792,0.524843
2008_07_MIN_CHI,2008,7,0.595353,2.767060,0.493117
2008_07_NO_CAR,2008,7,0.591932,2.767060,0.493117
2008_07_PIT_CIN,2008,7,0.233682,-8.158792,0.524843
2008_07_SD_BUF,2008,7,0.462746,-0.874844,0.503698
2008_07_SF_NYG,2008,7,0.790915,9.140540,0.474619
2008_07_TEN_KC,2008,7,0.230105,-8.158792,0.524843
2008_07_DET_HOU,2008,7,0.813474,10.051070,0.471981
2008_07_CLE_WAS,2008,7,0.711246,6.409008,0.482541
2008_07_IND_GB,2008,7,0.456410,-0.874844,0.503698
2008_07_NYJ_OAK,2008,7,0.397863,-2.695801,0.508989
2008_07_SEA_TB,2008,7,0.801931,9.595804,0.473300
2008_07_DEN_NE,2008,7,0.590286,2.767060,0.493117
2008_08_ARI_CAR,2008,8,0.655965,4.588024,0.487827
2008_08_ATL_PHI,2008,8,0.777090,8.685279,0.475939
2008_08_BUF_MIA,2008,8,0.529328,0.946107,0.498407
2008_08_KC_NYJ,2008,8,0.870460,12.782732,0.464077
2008_08_OAK_BAL,2008,8,0.763393,8.230021,0.477258
2008_08_SD_NO,2008,8,0.396003,-2.695801,0.508989
2008_08_STL_NE,2008,8,0.764421,8.230021,0.477258
2008_08_TB_DAL,2008,8,0.531670,0.946107,0.498407
2008_08_WAS_DET,2008,8,0.282272,-6.337766,0.519562
2008_08_CIN_HOU,2008,8,0.766333,8.230021,0.477258
2008_08_CLE_JAX,2008,8,0.712446,6.409008,0.482541
2008_08_NYG_PIT,2008,8,0.590554,2.767060,0.493117
2008_08_SEA_SF,2008,8,0.657807,4.588024,0.487827
2008_08_IND_TEN,2008,8,0.621951,3.677540,0.490472
2008_09_ARI_STL,2008,9,0.395240,-2.695801,0.508989
2008_09_BAL_CLE,2008,9,0.540120,0.946107,0.498407
2008_09_DET_CHI,2008,9,0.843722,11.416887,0.468027
2008_09_GB_TEN,2008,9,0.606610,3.222299,0.491794
2008_09_HOU_MIN,2008,9,0.697694,5.953760,0.483862
2008_09_JAX_CIN,2008,9,0.282032,-6.337766,0.519562
2008_09_NYJ_BUF,2008,9,0.654627,4.588024,0.487827
2008_09_TB_KC,2008,9,0.218452,-8.614055,0.526162
2008_09_MIA_DEN,2008,9,0.625509,3.677540,0.490472
2008_09_ATL_OAK,2008,9,0.405016,-2.695801,0.508989
2008_09_DAL_NYG,2008,9,0.774929,8.685279,0.475939
2008_09_PHI_SEA,2008,9,0.281313,-6.337766,0.519562
2008_09_NE_IND,2008,9,0.701162,5.953760,0.483862
2008_09_PIT_WAS,2008,9,0.535428,0.946107,0.498407
2008_10_DEN_CLE,2008,10,0.596726,2.767060,0.493117
2008_10_BAL_HOU,2008,10,0.579181,2.311821,0.494439
2008_10_BUF_NE,2008,10,0.608545,3.222299,0.491794
2008_10_GB_MIN,2008,10,0.578314,2.311821,0.494439
2008_10_JAX_DET,2008,10,0.323999,-4.972018,0.515599
2008_10_NO_ATL,2008,10,0.532790,0.946107,0.498407
2008_10_SEA_MIA,2008,10,0.760723,8.230021,0.477258
2008_10_STL_NYJ,2008,10,0.777705,8.685279,0.475939
2008_10_TEN_CHI,2008,10,0.458639,-0.874844,0.503698
2008_10_CAR_OAK,2008,10,0.206958,-9.069320,0.527481
2008_10_IND_PIT,2008,10,0.605296,3.222299,0.491794
2008_10_KC_SD,2008,10,0.878564,13.238021,0.462761
2008_10_NYG_PHI,2008,10,0.594787,2.767060,0.493117
2008_10_SF_ARI,2008,10,0.779133,8.685279,0.475939
2008_11_NYJ_NE,2008,11,0.592786,2.767060,0.493117
2008_11_BAL_NYG,2008,11,0.709870,6.409008,0.482541
2008_11_CHI_GB,2008,11,0.609673,3.222299,0.491794
2008_11_DEN_ATL,2008,11,0.699437,5.953760,0.483862
2008_11_DET_CAR,2008,11,0.870192,12.782732,0.464077
2008_11_HOU_IND,2008,11,0.761087,8.230021,0.477258
2008_11_MIN_TB,2008,11,0.640308,4.132781,0.489150
2008_11_NO_KC,2008,11,0.308278,-5.427266,0.516920
2008_11_OAK_MIA,2008,11,0.789739,9.140540,0.474619
2008_11_PHI_CIN,2008,11,0.220766,-8.614055,0.526162
2008_11_ARI_SEA,2008,11,0.404506,-2.695801,0.508989
2008_11_STL_SF,2008,11,0.712689,6.409008,0.482541
2008_11_SD_PIT,2008,11,0.638140,4.132781,0.489150
2008_11_TEN_JAX,2008,11,0.459683,-0.874844,0.503698
2008_11_DAL_WAS,2008,11,0.461317,-0.874844,0.503698
2008_11_CLE_BUF,2008,11,0.640581,4.132781,0.489150
2008_12_CIN_PIT,2008,12,0.823033,10.506339,0.470663
2008_12_BUF_KC,2008,12,0.402923,-2.695801,0.508989
2008_12_CHI_STL,2008,12,0.284597,-6.337766,0.519562
2008_12_HOU_CLE,2008,12,0.593644,2.767060,0.493117
2008_12_MIN_JAX,2008,12,0.532235,0.946107,0.498407
2008_12_NE_MIA,2008,12,0.460218,-0.874844,0.503698
2008_12_NYJ_TEN,2008,12,0.668216,5.043268,0.486506
2008_12_PHI_BAL,2008,12,0.534659,0.946107,0.498407
2008_12_SF_DAL,2008,12,0.777295,8.685279,0.475939
2008_12_TB_DET,2008,12,0.232154,-8.158792,0.524843
2008_12_OAK_DEN,2008,12,0.764844,8.230021,0.477258
2008_12_CAR_ATL,2008,12,0.526419,0.946107,0.498407
2008_12_NYG_ARI,2008,12,0.403459,-2.695801,0.508989
2008_12_WAS_SEA,2008,12,0.401540,-2.695801,0.508989
2008_12_IND_SD,2008,12,0.591651,2.767060,0.493117
2008_12_GB_NO,2008,12,0.526701,0.946107,0.498407
2008_13_TEN_DET,2008,13,0.184750,-9.979859,0.530118
2008_13_SEA_DAL,2008,13,0.823205,10.506339,0.470663
2008_13_ARI_PHI,2008,13,0.596993,2.767060,0.493117
2008_13_BAL_CIN,2008,13,0.282032,-6.337766,0.519562
2008_13_CAR_GB,2008,13,0.590554,2.767060,0.493117
2008_13_IND_CLE,2008,13,0.369265,-3.606284,0.511633
2008_13_MIA_STL,2008,13,0.282272,-6.337766,0.519562
2008_13_NO_TB,2008,13,0.608262,3.222299,0.491794
2008_13_NYG_WAS,2008,13,0.384456,-3.151042,0.510311
2008_13_SF_BUF,2008,13,0.697694,5.953760,0.483862
2008_13_ATL_SD,2008,13,0.699188,5.953760,0.483862
2008_13_DEN_NYJ,2008,13,0.726831,6.864258,0.481220
2008_13_KC_OAK,2008,13,0.599048,2.767060,0.493117
2008_13_PIT_NE,2008,13,0.535680,0.946107,0.498407
2008_13_CHI_MIN,2008,13,0.656500,4.588024,0.487827
2008_13_JAX_HOU,2008,13,0.596993,2.767060,0.493117
2008_14_OAK_SD,2008,14,0.777295,8.685279,0.475939
2008_14_ATL_NO,2008,14,0.593644,2.767060,0.493117
2008_14_CIN_IND,2008,14,0.861415,12.327447,0.465393
2008_14_CLE_TEN,2008,14,0.868479,12.782732,0.464077
2008_14_HOU_GB,2008,14,0.713174,6.409008,0.482541
2008_14_JAX_CHI,2008,14,0.698440,5.953760,0.483862
2008_14_MIN_DET,2008,14,0.194540,-9.524588,0.528800
2008_14_PHI_NYG,2008,14,0.697941,5.953760,0.483862
2008_14_KC_DEN,2008,14,0.763799,8.230021,0.477258
2008_14_MIA_BUF,2008,14,0.531954,0.946107,0.498407
2008_14_NE_SEA,2008,14,0.268052,-6.793019,0.520883
2008_14_NYJ_SF,2008,14,0.366538,-3.606284,0.511633
2008_14_DAL_PIT,2008,14,0.624121,3.677540,0.490472
2008_14_STL_ARI,2008,14,0.871498,12.782732,0.464077
2008_14_WAS_BAL,2008,14,0.685145,5.498513,0.485184
2008_14_TB_CAR,2008,14,0.593644,2.767060,0.493117
2008_15_NO_CHI,2008,15,0.589234,2.767060,0.493117
2008_15_BUF_NYJ,2008,15,0.763393,8.230021,0.477258
2008_15_DET_IND,2008,15,0.907738,15.059217,0.457504
2008_15_GB_JAX,2008,15,0.414514,-2.240560,0.507666
2008_15_SD_KC,2008,15,0.309289,-5.427266,0.516920
2008_15_SEA_STL,2008,15,0.465397,-0.874844,0.503698
2008_15_SF_MIA,2008,15,0.668728,5.043268,0.486506
2008_15_TB_ATL,2008,15,0.668728,5.043268,0.486506
2008_15_TEN_HOU,2008,15,0.402923,-2.695801,0.508989
2008_15_WAS_CIN,2008,15,0.296622,-5.882515,0.518241
2008_15_MIN_ARI,2008,15,0.625232,3.677540,0.490472
2008_15_DEN_CAR,2008,15,0.714383,6.409008,0.482541
2008_15_NE_OAK,2008,15,0.293435,-5.882515,0.518241
2008_15_PIT_BAL,2008,15,0.593644,2.767060,0.493117
2008_15_NYG_DAL,2008,15,0.593358,2.767060,0.493117
2008_15_CLE_PHI,2008,15,0.892991,14.148611,0.460131
2008_16_IND_JAX,2008,16,0.325554,-4.972018,0.515599
2008_16_BAL_DAL,2008,16,0.657807,4.588024,0.487827
2008_16_ARI_NE,2008,16,0.764421,8.230021,0.477258
2008_16_CIN_CLE,2008,16,0.533335,0.946107,0.498407
2008_16_MIA_KC,2008,16,0.386953,-3.151042,0.510311
2008_16_NO_DET,2008,16,0.285040,-6.337766,0.519562
2008_16_PIT_TEN,2008,16,0.413393,-2.240560,0.507666
2008_16_SD_TB,2008,16,0.640308,4.132781,0.489150
2008_16_SF_STL,2008,16,0.386683,-3.151042,0.510311
2008_16_BUF_DEN,2008,16,0.696491,5.953760,0.483862
2008_16_HOU_OAK,2008,16,0.283225,-6.337766,0.519562
2008_16_NYJ_SEA,2008,16,0.384175,-3.151042,0.510311
2008_16_ATL_MIN,2008,16,0.594787,2.767060,0.493117
2008_16_PHI_WAS,2008,16,0.351596,-4.061527,0.512955
2008_16_CAR_NYG,2008,16,0.623843,3.677540,0.490472
2008_16_GB_CHI,2008,16,0.624954,3.677540,0.490472
2008_17_CAR_NO,2008,17,0.459419,-0.874844,0.503698
2008_17_CHI_HOU,2008,17,0.595633,2.767060,0.493117
2008_17_CLE_PIT,2008,17,0.812219,10.051070,0.471981
2008_17_DET_GB,2008,17,0.811676,10.051070,0.471981
2008_17_KC_CIN,2008,17,0.545552,1.401344,0.497085
2008_17_NE_BUF,2008,17,0.325554,-4.972018,0.515599
2008_17_NYG_MIN,2008,17,0.715325,6.409008,0.482541
2008_17_OAK_TB,2008,17,0.811495,10.051070,0.471981
2008_17_STL_ATL,2008,17,0.868862,12.782732,0.464077
2008_17_TEN_IND,2008,17,0.400118,-2.695801,0.508989
2008_17_DAL_PHI,2008,17,0.580029,2.311821,0.494439
2008_17_JAX_BAL,2008,17,0.800421,9.595804,0.473300
2008_17_MIA_NYJ,2008,17,0.580029,2.311821,0.494439
2008_17_SEA_ARI,2008,17,0.712689,6.409008,0.482541
2008_17_WAS_SF,2008,17,0.537626,0.946107,0.498407
2008_17_DEN_SD,2008,17,0.713174,6.409008,0.482541
2008_18_ATL_ARI,2008,18,0.561697,1.856582,0.495762
2008_18_IND_SD,2008,18,0.444845,-1.330082,0.505021
2008_18_BAL_MIA,2008,18,0.385297,-3.151042,0.510311
2008_18_PHI_MIN,2008,18,0.396786,-2.695801,0.508989
2008_19_BAL_TEN,2008,19,0.590825,2.767060,0.493117
2008_19_ARI_CAR,2008,19,0.789346,9.140540,0.474619
2008_19_PHI_NYG,2008,19,0.624954,3.677540,0.490472
2008_19_SD_PIT,2008,19,0.701637,5.953760,0.483862
2008_20_PHI_ARI,2008,20,0.389063,-3.151042,0.510311
2008_20_BAL_PIT,2008,20,0.687179,5.498513,0.485184
2008_21_PIT_ARI,2008,21,0.295388,-5.882515,0.518241
2009_01_TEN_PIT,2009,1,0.699787,5.740590,0.477570
2009_01_DAL_TB,2009,1,0.349740,-4.257727,0.507159
2009_01_DEN_CIN,2009,1,0.639982,3.922674,0.482944
2009_01_DET_NO,2009,1,0.871904,12.558187,0.457473
2009_01_JAX_IND,2009,1,0.699720,5.740590,0.477570
2009_01_KC_BAL,2009,1,0.854237,11.649127,0.460146
2009_01_MIA_ATL,2009,1,0.624414,3.468199,0.484289
2009_01_MIN_CLE,2009,1,0.365231,-3.803262,0.505814
2009_01_NYJ_HOU,2009,1,0.639967,3.922674,0.482944
2009_01_PHI_CAR,2009,1,0.458922,-1.076477,0.497740
2009_01_SF_ARI,2009,1,0.655352,4.377150,0.481601
2009_01_STL_SEA,2009,1,0.713800,6.195075,0.476228
2009_01_WAS_NYG,2009,1,0.685162,5.286108,0.478913
2009_01_CHI_GB,2009,1,0.655311,4.377150,0.481601
2009_01_BUF_NE,2009,1,0.863239,12.103655,0.458810
2009_01_SD_OAK,2009,1,0.201564,-9.256928,0.521948
2009_02_ARI_JAX,2009,2,0.620142,2.559255,0.486978
2009_02_CAR_ATL,2009,2,0.670378,4.831628,0.480257
2009_02_CIN_GB,2009,2,0.727620,6.649562,0.474885
2009_02_HOU_TEN,2009,2,0.713800,6.195075,0.476228
2009_02_MIN_DET,2009,2,0.201481,-9.256928,0.521948
2009_02_NE_NYJ,2009,2,0.361623,-3.348797,0.504468
2009_02_NO_PHI,2009,2,0.371675,-2.439868,0.501777
2009_02_OAK_KC,2009,2,0.552660,1.195850,0.491013
2009_02_STL_WAS,2009,2,0.791259,8.922041,0.468179
2009_02_SEA_SF,2009,2,0.515367,0.741383,0.492358
2009_02_TB_BUF,2009,2,0.640053,3.922674,0.482944
2009_02_BAL_SD,2009,2,0.593251,2.559255,0.486978
2009_02_CLE_DEN,2009,2,0.600840,2.559255,0.486978
2009_02_PIT_CHI,2009,2,0.468718,-1.076477,0.497740
2009_02_NYG_DAL,2009,2,0.602471,2.559255,0.486978
2009_02_IND_MIA,2009,2,0.389230,-2.894332,0.503123
2009_03_ATL_NE,2009,3,0.640053,3.922674,0.482944
2009_03_CLE_BAL,2009,3,0.863282,12.103655,0.458810
2009_03_GB_STL,2009,3,0.291060,-6.075598,0.512540
2009_03_JAX_HOU,2009,3,0.624414,3.468199,0.484289
2009_03_KC_PHI,2009,3,0.727745,6.649562,0.474885
2009_03_NYG_TB,2009,3,0.305222,-5.621129,0.511195
2009_03_SF_MIN,2009,3,0.713918,6.195075,0.476228
2009_03_TEN_NYJ,2009,3,0.527064,0.741383,0.492358
2009_03_WAS_DET,2009,3,0.290996,-6.075598,0.512540
2009_03_CHI_SEA,2009,3,0.459183,-1.076477,0.497740
2009_03_NO_BUF,2009,3,0.319859,-5.166660,0.509850
2009_03_DEN_OAK,2009,3,0.454818,-1.076477,0.497740
2009_03_MIA_SD,2009,3,0.670392,4.831628,0.480257
2009_03_PIT_CIN,2009,3,0.373163,-3.348797,0.504468
2009_03_IND_ARI,2009,3,0.592780,2.559255,0.486978
2009_03_CAR_DAL,2009,3,0.767004,8.013040,0.470860
2009_04_BAL_NE,2009,4,0.552561,0.741383,0.492358
2009_04_CIN_CLE,2009,4,0.305339,-5.621129,0.511195
2009_04_DET_CHI,2009,4,0.779122,8.467539,0.469519
2009_04_NYG_KC,2009,4,0.225180,-8.347967,0.519261
2009_04_OAK_HOU,2009,4,0.767066,8.013040,0.470860
2009_04_SEA_IND,2009,4,0.791164,8.922041,0.468179
2009_04_TB_WAS,2009,4,0.779242,8.467539,0.469519
2009_04_TEN_JAX,2009,4,0.426104,-2.894332,0.503123
2009_04_BUF_MIA,2009,4,0.515434,0.741383,0.492358
2009_04_NYJ_NO,2009,4,0.727669,6.649562,0.474885
2009_04_DAL_DEN,2009,4,0.463117,-1.076477,0.497740
2009_04_STL_SF,2009,4,0.779316,8.467539,0.469519
2009_04_SD_PIT,2009,4,0.670392,4.831628,0.480257
2009_04_GB_MIN,2009,4,0.640053,3.922674,0.482944
2009_05_CIN_BAL,2009,5,0.766869,8.013040,0.470860
2009_05_CLE_BUF,2009,5,0.685267,5.286108,0.478913
2009_05_DAL_KC,2009,5,0.277228,-6.530069,0.513884
2009_05_MIN_STL,2009,5,0.201495,-9.256928,0.521948
2009_05_OAK_NYG,2009,5,0.895557,13.921812,0.453469
2009_05_PIT_DET,2009,5,0.179551,-10.165898,0.524633
2009_05_TB_PHI,2009,5,0.895515,13.921812,0.453469
2009_05_WAS_CAR,2009,5,0.655366,4.377150,0.481601
2009_05_ATL_SF,2009,5,0.519754,0.741383,0.492358
2009_05_HOU_ARI,2009,5,0.670323,4.831628,0.480257
2009_05_JAX_SEA,2009,5,0.503437,0.741383,0.492358
2009_05_NE_DEN,2009,5,0.379844,-2.894332,0.503123
2009_05_IND_TEN,2009,5,0.389745,-2.894332,0.503123
2009_05_NYJ_MIA,2009,5,0.397374,-2.894332,0.503123
2009_06_BAL_MIN,2009,6,0.600162,2.559255,0.486978
2009_06_CAR_TB,2009,6,0.432301,-2.894332,0.503123
2009_06_CLE_PIT,2009,6,0.871951,12.558187,0.457473
2009_06_DET_GB,2009,6,0.871897,12.558187,0.457473
2009_06_HOU_CIN,2009,6,0.624563,3.468199,0.484289
2009_06_KC_WAS,2009,6,0.699616,5.740590,0.477570
2009_06_NYG_NO,2009,6,0.633011,3.013727,0.485633
2009_06_STL_JAX,2009,6,0.779253,8.467539,0.469519
2009_06_ARI_SEA,2009,6,0.593221,2.559255,0.486978
2009_06_PHI_OAK,2009,6,0.123205,-12.892875,0.532680
2009_06_BUF_NYJ,2009,6,0.779284,8.467539,0.469519
2009_06_TEN_NE,2009,6,0.779320,8.467539,0.469519
2009_06_CHI_ATL,2009,6,0.624385,3.468199,0.484289
2009_06_DEN_SD,2009,6,0.597721,3.013727,0.485633
2009_07_GB_CLE,2009,7,0.213040,-8.802447,0.520604
2009_07_IND_STL,2009,7,0.123205,-12.892875,0.532680
2009_07_MIN_PIT,2009,7,0.685135,5.286108,0.478913
2009_07_NE_TB,2009,7,0.100414,-14.256408,0.536698
2009_07_SD_KC,2009,7,0.319859,-5.166660,0.509850
2009_07_SF_HOU,2009,7,0.606912,2.559255,0.486978
2009_07_BUF_CAR,2009,7,0.713763,6.195075,0.476228
2009_07_NYJ_OAK,2009,7,0.305235,-5.621129,0.511195
2009_07_ATL_DAL,2009,7,0.670296,4.831628,0.480257
2009_07_CHI_CIN,2009,7,0.449043,-1.076477,0.497740
2009_07_NO_MIA,2009,7,0.305274,-5.621129,0.511195
2009_07_ARI_NYG,2009,7,0.767128,8.013040,0.470860
2009_07_PHI_WAS,2009,7,0.225223,-8.347967,0.519261
2009_08_CLE_CHI,2009,8,0.824586,10.285567,0.464160
2009_08_DEN_BAL,2009,8,0.639897,3.922674,0.482944
2009_08_HOU_BUF,2009,8,0.363066,-3.348797,0.504468
2009_08_MIA_NYJ,2009,8,0.626095,3.013727,0.485633
2009_08_NYG_PHI,2009,8,0.440952,-1.076477,0.497740
2009_08_SEA_DAL,2009,8,0.791185,8.922041,0.468179
2009_08_SF_IND,2009,8,0.854240,11.649127,0.460146
2009_08_STL_DET,2009,8,0.613021,3.013727,0.485633
2009_08_JAX_TEN,2009,8,0.557419,2.559255,0.486978
2009_08_OAK_SD,2009,8,0.902642,14.376363,0.452135
2009_08_CAR_ARI,2009,8,0.791269,8.922041,0.468179
2009_08_MIN_GB,2009,8,0.605914,3.013727,0.485633
2009_08_ATL_NO,2009,8,0.813861,9.831054,0.465499
2009_09_ARI_CHI,2009,9,0.529926,0.741383,0.492358
2009_09_BAL_CIN,2009,9,0.396186,-2.894332,0.503123
2009_09_GB_TB,2009,9,0.213173,-8.802447,0.520604
2009_09_HOU_IND,2009,9,0.727693,6.649562,0.474885
2009_09_KC_JAX,2009,9,0.713788,6.195075,0.476228
2009_09_MIA_NE,2009,9,0.802635,9.376546,0.466839
2009_09_WAS_ATL,2009,9,0.767025,8.013040,0.470860
2009_09_CAR_NO,2009,9,0.844760,11.194603,0.461484
2009_09_DET_SEA,2009,9,0.813805,9.831054,0.465499
2009_09_SD_NYG,2009,9,0.655269,4.377150,0.481601
2009_09_TEN_SF,2009,9,0.640039,3.922674,0.482944
2009_09_DAL_PHI,2009,9,0.570688,2.559255,0.486978
2009_09_PIT_DEN,2009,9,0.397650,-2.894332,0.503123
2009_10_CHI_SF,2009,10,0.607746,3.013727,0.485633
2009_10_ATL_CAR,2009,10,0.440592,-1.076477,0.497740
2009_10_BUF_TEN,2009,10,0.767076,8.013040,0.470860
2009_10_CIN_PIT,2009,10,0.699552,5.740590,0.477570
2009_10_DEN_WAS,2009,10,0.375850,-3.348797,0.504468
2009_10_DET_MIN,2009,10,0.915697,15.285481,0.449470
2009_10_JAX_NYJ,2009,10,0.699681,5.740590,0.477570
2009_10_NO_STL,2009,10,0.123172,-12.892875,0.532680
2009_10_TB_MIA,2009,10,0.791205,8.922041,0.468179
2009_10_KC_OAK,2009,10,0.509548,0.741383,0.492358
2009_10_DAL_GB,2009,10,0.400690,-2.894332,0.503123
2009_10_PHI_SD,2009,10,0.537545,0.741383,0.492358
2009_10_SEA_ARI,2009,10,0.767056,8.013040,0.470860
2009_10_NE_IND,2009,10,0.506414,0.741383,0.492358
2009_10_BAL_CLE,2009,10,0.190331,-9.711412,0.523291
2009_11_MIA_CAR,2009,11,0.597257,3.013727,0.485633
2009_11_ATL_NYG,2009,11,0.713725,6.195075,0.476228
2009_11_BUF_JAX,2009,11,0.767066,8.013040,0.470860
2009_11_CLE_DET,2009,11,0.616804,3.013727,0.485633
2009_11_IND_BAL,2009,11,0.453057,-1.076477,0.497740
2009_11_NO_TB,2009,11,0.190265,-9.711412,0.523291
2009_11_PIT_KC,2009,11,0.190369,-9.711412,0.523291
2009_11_SEA_MIN,2009,11,0.802752,9.376546,0.466839
2009_11_SF_GB,2009,11,0.685215,5.286108,0.478913
2009_11_WAS_DAL,2009,11,0.813901,9.831054,0.465499
2009_11_ARI_STL,2009,11,0.213087,-8.802447,0.520604
2009_11_CIN_OAK,2009,11,0.225092,-8.347967,0.519261
2009_11_NYJ_NE,2009,11,0.802616,9.376546,0.466839
2009_11_SD_DEN,2009,11,0.291034,-6.075598,0.512540
2009_11_PHI_CHI,2009,11,0.406659,-3.348797,0.504468
2009_11_TEN_HOU,2009,11,0.624549,3.468199,0.484289
2009_12_GB_DET,2009,12,0.179578,-10.165898,0.524633
2009_12_OAK_DAL,2009,12,0.863224,12.103655,0.458810
2009_12_NYG_DEN,2009,12,0.349726,-4.257727,0.507159
2009_12_CAR_NYJ,2009,12,0.639830,3.013727,0.485633
2009_12_CLE_CIN,2009,12,0.834812,10.740083,0.462822
2009_12_IND_HOU,2009,12,0.413339,-2.894332,0.503123
2009_12_MIA_BUF,2009,12,0.384813,-3.348797,0.504468
2009_12_SEA_STL,2009,12,0.383367,-3.348797,0.504468
2009_12_TB_ATL,2009,12,0.834820,10.740083,0.462822
2009_12_WAS_PHI,2009,12,0.779083,8.467539,0.469519
2009_12_JAX_SF,2009,12,0.572278,2.559255,0.486978
2009_12_KC_SD,2009,12,0.854191,11.649127,0.460146
2009_12_ARI_TEN,2009,12,0.594135,3.013727,0.485633
2009_12_CHI_MIN,2009,12,0.791083,8.922041,0.468179
2009_12_PIT_BAL,2009,12,0.767119,8.013040,0.470860
2009_12_NE_NO,2009,12,0.522915,0.741383,0.492358
2009_13_NYJ_BUF,2009,13,0.370067,-3.348797,0.504468
2009_13_DEN_KC,2009,13,0.305196,-5.621129,0.511195
2009_13_DET_CIN,2009,13,0.863188,12.103655,0.458810
2009_13_HOU_JAX,2009,13,0.465845,-1.076477,0.497740
2009_13_NE_MIA,2009,13,0.349968,-4.257727,0.507159
2009_13_NO_WAS,2009,13,0.225112,-8.347967,0.519261
2009_13_OAK_PIT,2009,13,0.880142,13.012724,0.456138
2009_13_PHI_ATL,2009,13,0.365146,-3.803262,0.505814
2009_13_STL_CHI,2009,13,0.779316,8.467539,0.469519
2009_13_TB_CAR,2009,13,0.582821,3.013727,0.485633
2009_13_TEN_IND,2009,13,0.685056,5.286108,0.478913
2009_13_SD_CLE,2009,13,0.131561,-12.438371,0.531340
2009_13_DAL_NYG,2009,13,0.456436,-1.076477,0.497740
2009_13_SF_SEA,2009,13,0.455815,-1.076477,0.497740
2009_13_MIN_ARI,2009,13,0.372868,-3.348797,0.504468
2009_13_BAL_GB,2009,13,0.624385,3.468199,0.484289
2009_14_PIT_CLE,2009,14,0.201574,-9.256928,0.521948
2009_14_BUF_KC,2009,14,0.405684,-2.894332,0.503123
2009_14_CAR_NE,2009,14,0.844744,11.194603,0.461484
2009_14_CIN_MIN,2009,14,0.685188,5.286108,0.478913
2009_14_DEN_IND,2009,14,0.699655,5.740590,0.477570
2009_14_DET_BAL,2009,14,0.871917,12.558187,0.457473
2009_14_GB_CHI,2009,14,0.365069,-3.803262,0.505814
2009_14_MIA_JAX,2009,14,0.549796,0.741383,0.492358
2009_14_NO_ATL,2009,14,0.201535,-9.256928,0.521948
2009_14_NYJ_TB,2009,14,0.380738,-3.348797,0.504468
2009_14_SEA_HOU,2009,14,0.713825,6.195075,0.476228
2009_14_STL_TEN,2009,14,0.863202,12.103655,0.458810
2009_14_WAS_OAK,2009,14,0.460898,-1.076477,0.497740
2009_14_SD_DAL,2009,14,0.618566,3.013727,0.485633
2009_14_PHI_NYG,2009,14,0.473015,-1.076477,0.497740
2009_14_ARI_SF,2009,14,0.365131,-3.803262,0.505814
2009_15_IND_JAX,2009,15,0.405143,-3.348797,0.504468
2009_15_DAL_NO,2009,15,0.727791,6.649562,0.474885
2009_15_ARI_DET,2009,15,0.123178,-12.892875,0.532680
2009_15_ATL_NYJ,2009,15,0.670473,4.831628,0.480257
2009_15_CLE_KC,2009,15,0.554421,0.741383,0.492358
2009_15_HOU_STL,2009,15,0.123238,-12.892875,0.532680
2009_15_MIA_TEN,2009,15,0.639925,3.922674,0.482944
2009_15_NE_BUF,2009,15,0.291173,-6.075598,0.512540
2009_15_CIN_SD,2009,15,0.699603,5.740590,0.477570
2009_15_OAK_DEN,2009,15,0.863282,12.103655,0.458810
2009_15_CHI_BAL,2009,15,0.802761,9.376546,0.466839
2009_15_GB_PIT,2009,15,0.574218,2.104786,0.488323
2009_15_SF_PHI,2009,15,0.713725,6.195075,0.476228
2009_15_TB_SEA,2009,15,0.699616,5.740590,0.477570
2009_15_MIN_CAR,2009,15,0.225072,-8.347967,0.519261
2009_15_NYG_WAS,2009,15,0.455233,-1.076477,0.497740
2009_16_SD_TEN,2009,16,0.525746,0.741383,0.492358
2009_16_BAL_PIT,2009,16,0.604900,2.559255,0.486978
2009_16_BUF_ATL,2009,16,0.767119,8.013040,0.470860
2009_16_CAR_NYG,2009,16,0.767035,8.013040,0.470860
2009_16_HOU_MIA,2009,16,0.514560,0.741383,0.492358
2009_16_JAX_NE,2009,16,0.779274,8.467539,0.469519
2009_16_KC_CIN,2009,16,0.854207,11.649127,0.460146
2009_16_OAK_CLE,2009,16,0.581037,2.559255,0.486978
2009_16_SEA_GB,2009,16,0.863282,12.103655,0.458810
2009_16_TB_NO,2009,16,0.871938,12.558187,0.457473
2009_16_DET_SF,2009,16,0.871876,12.558187,0.457473
2009_16_STL_ARI,2009,16,0.902541,14.376363,0.452135
2009_16_DEN_PHI,2009,16,0.713825,6.195075,0.476228
2009_16_NYJ_IND,2009,16,0.572270,2.559255,0.486978
2009_16_DAL_WAS,2009,16,0.277154,-6.530069,0.513884
2009_16_MIN_CHI,2009,16,0.225034,-8.347967,0.519261
2009_17_ATL_TB,2009,17,0.398984,-2.894332,0.503123
2009_17_CHI_DET,2009,17,0.365274,-3.803262,0.505814
2009_17_IND_BUF,2009,17,0.767066,8.013040,0.470860
2009_17_JAX_CLE,2009,17,0.487026,0.741383,0.492358
2009_17_NE_HOU,2009,17,0.767015,8.013040,0.470860
2009_17_NO_CAR,2009,17,0.791164,8.922041,0.468179
2009_17_NYG_MIN,2009,17,0.767004,8.013040,0.470860
2009_17_PIT_MIA,2009,17,0.398376,-2.894332,0.503123
2009_17_SF_STL,2009,17,0.277117,-6.530069,0.513884
2009_17_BAL_OAK,2009,17,0.201545,-9.256928,0.521948
2009_17_GB_ARI,2009,17,0.592671,2.559255,0.486978
2009_17_KC_DEN,2009,17,0.779350,8.467539,0.469519
2009_17_PHI_DAL,2009,17,0.613679,2.559255,0.486978
2009_17_TEN_SEA,2009,17,0.305153,-5.621129,0.511195
2009_17_WAS_SD,2009,17,0.590112,2.559255,0.486978
2009_17_CIN_NYJ,2009,17,0.779083,8.467539,0.469519
2009_18_NYJ_CIN,2009,18,0.548789,2.104786,0.488323
2009_18_PHI_DAL,2009,18,0.629219,3.013727,0.485633
2009_18_BAL_NE,2009,18,0.640701,3.013727,0.485633
2009_18_GB_ARI,2009,18,0.412550,-2.439868,0.501777
2009_19_ARI_NO,2009,19,0.713695,6.195075,0.476228
2009_19_BAL_IND,2009,19,0.699694,5.740590,0.477570
2009_19_DAL_MIN,2009,19,0.579730,2.104786,0.488323
2009_19_NYJ_SD,2009,19,0.767066,8.013040,0.470860
2009_20_NYJ_IND,2009,20,0.741240,7.104052,0.473543
2009_20_MIN_NO,2009,20,0.624399,3.468199,0.484289
2009_21_NO_IND,2009,21,0.640039,3.922674,0.482944
2010_01_MIN_NO,2010,1,0.640120,3.848189,0.480746
2010_01_ATL_PIT,2010,1,0.450994,-1.250004,0.492612
2010_01_CAR_NYG,2010,1,0.669351,4.775148,0.478590
2010_01_CIN_NE,2010,1,0.656440,4.311668,0.479668
2010_01_CLE_TB,2010,1,0.599001,1.994288,0.485059
2010_01_DEN_JAX,2010,1,0.595601,2.457762,0.483980
2010_01_DET_CHI,2010,1,0.706359,5.702112,0.476435
2010_01_IND_HOU,2010,1,0.449524,-1.250004,0.492612
2010_01_MIA_BUF,2010,1,0.396112,-3.103872,0.496930
2010_01_OAK_TEN,2010,1,0.702726,5.702112,0.476435
2010_01_ARI_STL,2010,1,0.400864,-3.103872,0.496930
2010_01_GB_PHI,2010,1,0.385304,-3.103872,0.496930
2010_01_SF_SEA,2010,1,0.379469,-3.103872,0.496930
2010_01_DAL_WAS,2010,1,0.371794,-3.567339,0.498010
2010_01_BAL_NYJ,2010,1,0.548113,0.603873,0.488296
2010_01_SD_KC,2010,1,0.367560,-4.030805,0.499090
2010_02_ARI_ATL,2010,2,0.709522,6.165596,0.475358
2010_02_BAL_CIN,2010,2,0.392490,-2.640406,0.495851
2010_02_BUF_GB,2010,2,0.848077,11.264051,0.463527
2010_02_CHI_DAL,2010,2,0.716981,6.165596,0.475358
2010_02_KC_CLE,2010,2,0.586819,2.457762,0.483980
2010_02_MIA_MIN,2010,2,0.666259,4.775148,0.478590
2010_02_PHI_DET,2010,2,0.291543,-6.348137,0.504488
2010_02_PIT_TEN,2010,2,0.686625,5.238629,0.477512
2010_02_TB_CAR,2010,2,0.627637,3.384712,0.481824
2010_02_SEA_DEN,2010,2,0.603569,2.921236,0.482902
2010_02_STL_OAK,2010,2,0.603191,2.457762,0.483980
2010_02_HOU_WAS,2010,2,0.382668,-2.640406,0.495851
2010_02_JAX_SD,2010,2,0.709843,6.165596,0.475358
2010_02_NE_NYJ,2010,2,0.413681,-3.103872,0.496930
2010_02_NYG_IND,2010,2,0.626815,3.384712,0.481824
2010_02_NO_SF,2010,2,0.345562,-4.494271,0.500169
2010_03_ATL_NO,2010,3,0.601739,2.457762,0.483980
2010_03_BUF_NE,2010,3,0.876239,12.654586,0.460307
2010_03_CIN_CAR,2010,3,0.386267,-3.103872,0.496930
2010_03_CLE_BAL,2010,3,0.839659,10.800544,0.464601
2010_03_DAL_HOU,2010,3,0.562259,1.067343,0.487217
2010_03_DET_MIN,2010,3,0.857068,11.727560,0.462453
2010_03_PIT_TB,2010,3,0.429769,-2.176939,0.494771
2010_03_SF_KC,2010,3,0.394384,-2.640406,0.495851
2010_03_TEN_NYG,2010,3,0.587188,2.457762,0.483980
2010_03_PHI_JAX,2010,3,0.442554,-2.176939,0.494771
2010_03_WAS_STL,2010,3,0.347949,-4.494271,0.500169
2010_03_IND_DEN,2010,3,0.311643,-5.421204,0.502329
2010_03_OAK_ARI,2010,3,0.671679,4.775148,0.478590
2010_03_SD_SEA,2010,3,0.398128,-3.567339,0.498010
2010_03_NYJ_MIA,2010,3,0.533218,0.603873,0.488296
2010_03_GB_CHI,2010,3,0.396466,-3.103872,0.496930
2010_04_BAL_PIT,2010,4,0.567911,1.530815,0.486138
2010_04_CAR_NO,2010,4,0.845340,11.264051,0.463527
2010_04_CIN_CLE,2010,4,0.447184,-1.713472,0.493692
2010_04_DEN_TEN,2010,4,0.691134,5.238629,0.477512
2010_04_DET_GB,2010,4,0.883637,13.118103,0.459234
2010_04_NYJ_BUF,2010,4,0.323327,-5.421204,0.502329
2010_04_SEA_STL,2010,4,0.434643,-1.713472,0.493692
2010_04_SF_ATL,2010,4,0.711965,6.165596,0.475358
2010_04_HOU_OAK,2010,4,0.385795,-3.567339,0.498010
2010_04_IND_JAX,2010,4,0.281192,-6.811604,0.505567
2010_04_ARI_SD,2010,4,0.793489,8.946541,0.468900
2010_04_WAS_PHI,2010,4,0.661939,4.311668,0.479668
2010_04_CHI_NYG,2010,4,0.605161,2.921236,0.482902
2010_04_NE_MIA,2010,4,0.530659,0.603873,0.488296
2010_05_ATL_CLE,2010,5,0.381333,-3.103872,0.496930
2010_05_CHI_CAR,2010,5,0.575461,1.994288,0.485059
2010_05_DEN_BAL,2010,5,0.739711,7.092570,0.473204
2010_05_GB_WAS,2010,5,0.387215,-2.640406,0.495851
2010_05_JAX_BUF,2010,5,0.578879,1.994288,0.485059
2010_05_KC_IND,2010,5,0.725328,6.629082,0.474281
2010_05_NYG_HOU,2010,5,0.620587,2.457762,0.483980
2010_05_STL_DET,2010,5,0.581098,2.457762,0.483980
2010_05_TB_CIN,2010,5,0.698302,5.702112,0.476435
2010_05_NO_ARI,2010,5,0.287209,-6.348137,0.504488
2010_05_SD_OAK,2010,5,0.276048,-6.811604,0.505567
2010_05_TEN_DAL,2010,5,0.704922,5.702112,0.476435
2010_05_PHI_SF,2010,5,0.628735,2.457762,0.483980
2010_05_MIN_NYJ,2010,5,0.625170,3.384712,0.481824
2010_06_ATL_PHI,2010,6,0.509838,0.603873,0.488296
2010_06_BAL_NE,2010,6,0.578725,2.457762,0.483980
2010_06_CLE_PIT,2010,6,0.871050,12.654586,0.460307
2010_06_DET_NYG,2010,6,0.791756,8.946541,0.468900
2010_06_KC_HOU,2010,6,0.641737,3.848189,0.480746
2010_06_MIA_GB,2010,6,0.581337,2.457762,0.483980
2010_06_NO_TB,2010,6,0.319969,-5.421204,0.502329
2010_06_SD_STL,2010,6,0.214650,-9.128946,0.510964
2010_06_SEA_CHI,2010,6,0.685111,5.238629,0.477512
2010_06_NYJ_DEN,2010,6,0.389092,-3.567339,0.498010
2010_06_OAK_SF,2010,6,0.760239,8.019551,0.471052
2010_06_DAL_MIN,2010,6,0.538012,0.603873,0.488296
2010_06_IND_WAS,2010,6,0.374857,-3.103872,0.496930
2010_06_TEN_JAX,2010,6,0.417279,-3.103872,0.496930
2010_07_BUF_BAL,2010,7,0.839186,10.800544,0.464601
2010_07_CIN_ATL,2010,7,0.627674,2.921236,0.482902
2010_07_CLE_NO,2010,7,0.833917,10.800544,0.464601
2010_07_JAX_KC,2010,7,0.763815,8.019551,0.471052
2010_07_PHI_TEN,2010,7,0.581145,2.457762,0.483980
2010_07_PIT_MIA,2010,7,0.403742,-3.103872,0.496930
2010_07_SF_CAR,2010,7,0.420717,-1.250004,0.492612
2010_07_STL_TB,2010,7,0.601121,2.457762,0.483980
2010_07_WAS_CHI,2010,7,0.597752,2.457762,0.483980
2010_07_ARI_SEA,2010,7,0.701991,5.702112,0.476435
2010_07_NE_SD,2010,7,0.568020,1.994288,0.485059
2010_07_OAK_DEN,2010,7,0.712683,6.165596,0.475358
2010_07_MIN_GB,2010,7,0.573157,1.994288,0.485059
2010_07_NYG_DAL,2010,7,0.617317,2.921236,0.482902
2010_08_BUF_KC,2010,8,0.717694,6.165596,0.475358
2010_08_CAR_STL,2010,8,0.598313,1.994288,0.485059
2010_08_DEN_SF,2010,8,0.554536,1.530815,0.486138
2010_08_GB_NYJ,2010,8,0.703459,5.702112,0.476435
2010_08_JAX_DAL,2010,8,0.707388,5.702112,0.476435
2010_08_MIA_CIN,2010,8,0.443668,-1.250004,0.492612
2010_08_WAS_DET,2010,8,0.603660,1.994288,0.485059
2010_08_TEN_SD,2010,8,0.684352,5.238629,0.477512
2010_08_MIN_NE,2010,8,0.652468,4.311668,0.479668
2010_08_SEA_OAK,2010,8,0.543222,1.067343,0.487217
2010_08_TB_ARI,2010,8,0.590428,2.457762,0.483980
2010_08_PIT_NO,2010,8,0.532627,0.603873,0.488296
2010_08_HOU_IND,2010,8,0.672453,4.775148,0.478590
2010_09_ARI_MIN,2010,9,0.719815,6.165596,0.475358
2010_09_CHI_BUF,2010,9,0.408694,-3.103872,0.496930
2010_09_MIA_BAL,2010,9,0.655647,4.311668,0.479668
2010_09_NE_CLE,2010,9,0.365940,-4.030805,0.499090
2010_09_NO_CAR,2010,9,0.313882,-5.421204,0.502329
2010_09_NYJ_DET,2010,9,0.316158,-5.421204,0.502329
2010_09_SD_HOU,2010,9,0.423392,-3.103872,0.496930
2010_09_TB_ATL,2010,9,0.794638,8.946541,0.468900
2010_09_NYG_SEA,2010,9,0.271159,-6.811604,0.505567
2010_09_IND_PHI,2010,9,0.576263,2.921236,0.482902
2010_09_KC_OAK,2010,9,0.458191,-1.250004,0.492612
2010_09_DAL_GB,2010,9,0.722183,6.165596,0.475358
2010_09_PIT_CIN,2010,9,0.333449,-4.957737,0.501249
2010_10_BAL_ATL,2010,10,0.549094,0.603873,0.488296
2010_10_CAR_TB,2010,10,0.708141,6.165596,0.475358
2010_10_CIN_IND,2010,10,0.708083,5.702112,0.476435
2010_10_DET_BUF,2010,10,0.540862,1.067343,0.487217
2010_10_HOU_JAX,2010,10,0.519627,0.603873,0.488296
2010_10_MIN_CHI,2010,10,0.517645,0.603873,0.488296
2010_10_NYJ_CLE,2010,10,0.368375,-3.567339,0.498010
2010_10_TEN_MIA,2010,10,0.550666,0.603873,0.488296
2010_10_KC_DEN,2010,10,0.463628,-1.250004,0.492612
2010_10_DAL_NYG,2010,10,0.830921,10.337040,0.465676
2010_10_SEA_ARI,2010,10,0.608063,2.921236,0.482902
2010_10_STL_SF,2010,10,0.647322,3.848189,0.480746
2010_10_NE_PIT,2010,10,0.635276,3.848189,0.480746
2010_10_PHI_WAS,2010,10,0.388155,-3.567339,0.498010
2010_11_CHI_MIA,2010,11,0.584929,1.994288,0.485059
2010_11_ARI_KC,2010,11,0.712683,6.165596,0.475358
2010_11_BAL_CAR,2010,11,0.136658,-12.373258,0.518514
2010_11_BUF_CIN,2010,11,0.625170,3.384712,0.481824
2010_11_CLE_JAX,2010,11,0.588967,1.994288,0.485059
2010_11_DET_DAL,2010,11,0.653262,4.311668,0.479668
2010_11_GB_MIN,2010,11,0.397781,-3.103872,0.496930
2010_11_HOU_NYJ,2010,11,0.704922,5.702112,0.476435
2010_11_OAK_PIT,2010,11,0.713403,6.165596,0.475358
2010_11_WAS_TEN,2010,11,0.709843,6.165596,0.475358
2010_11_ATL_STL,2010,11,0.382147,-3.567339,0.498010
2010_11_SEA_NO,2010,11,0.810747,9.873538,0.466750
2010_11_TB_SF,2010,11,0.611180,2.921236,0.482902
2010_11_IND_NE,2010,11,0.629277,3.384712,0.481824
2010_11_NYG_PHI,2010,11,0.594529,2.921236,0.482902
2010_11_DEN_SD,2010,11,0.764711,8.019551,0.471052
2010_12_NE_DET,2010,12,0.304485,-5.884670,0.503408
2010_12_NO_DAL,2010,12,0.345562,-4.494271,0.500169
2010_12_CIN_NYJ,2010,12,0.790020,8.946541,0.468900
2010_12_CAR_CLE,2010,12,0.759657,8.019551,0.471052
2010_12_GB_ATL,2010,12,0.584597,1.994288,0.485059
2010_12_JAX_NYG,2010,12,0.734208,7.092570,0.473204
2010_12_MIN_WAS,2010,12,0.390336,-1.250004,0.492612
2010_12_PIT_BUF,2010,12,0.290819,-6.348137,0.504488
2010_12_TEN_HOU,2010,12,0.651680,4.311668,0.479668
2010_12_KC_SEA,2010,12,0.447409,-1.250004,0.492612
2010_12_MIA_OAK,2010,12,0.590879,2.457762,0.483980
2010_12_PHI_CHI,2010,12,0.401813,-3.103872,0.496930
2010_12_STL_DEN,2010,12,0.610658,2.457762,0.483980
2010_12_TB_BAL,2010,12,0.726716,6.629082,0.474281
2010_12_SD_IND,2010,12,0.572179,1.530815,0.486138
2010_12_SF_ARI,2010,12,0.438092,-1.250004,0.492612
2010_13_HOU_PHI,2010,13,0.751738,7.556060,0.472128
2010_13_BUF_MIN,2010,13,0.658022,4.311668,0.479668
2010_13_CHI_DET,2010,13,0.332669,-4.957737,0.501249
2010_13_CLE_MIA,2010,13,0.685869,5.238629,0.477512
2010_13_DEN_KC,2010,13,0.760239,8.019551,0.471052
2010_13_JAX_TEN,2010,13,0.581354,2.457762,0.483980
2010_13_NO_CIN,2010,13,0.292261,-6.348137,0.504488
2010_13_SF_GB,2010,13,0.763209,8.019551,0.471052
2010_13_WAS_NYG,2010,13,0.724813,6.165596,0.475358
2010_13_OAK_SD,2010,13,0.846258,11.264051,0.463527
2010_13_ATL_TB,2010,13,0.403040,-3.103872,0.496930
2010_13_CAR_SEA,2010,13,0.644961,3.848189,0.480746
2010_13_DAL_IND,2010,13,0.670128,4.775148,0.478590
2010_13_STL_ARI,2010,13,0.378933,-3.103872,0.496930
2010_13_PIT_BAL,2010,13,0.599884,2.457762,0.483980
2010_13_NYJ_NE,2010,13,0.621045,3.384712,0.481824
2010_14_IND_TEN,2010,14,0.366284,-3.103872,0.496930
2010_14_ATL_CAR,2010,14,0.275346,-6.811604,0.505567
2010_14_CIN_PIT,2010,14,0.759657,8.019551,0.471052
2010_14_CLE_BUF,2010,14,0.542143,0.603873,0.488296
2010_14_GB_DET,2010,14,0.278151,-6.811604,0.505567
2010_14_OAK_JAX,2010,14,0.601962,2.921236,0.482902
2010_14_TB_WAS,2010,14,0.425978,-1.250004,0.492612
2010_14_SEA_SF,2010,14,0.636877,3.848189,0.480746
2010_14_STL_NO,2010,14,0.776422,8.483045,0.469976
2010_14_DEN_ARI,2010,14,0.365940,-4.030805,0.499090
2010_14_KC_SD,2010,14,0.792335,8.946541,0.468900
2010_14_MIA_NYJ,2010,14,0.652468,4.311668,0.479668
2010_14_NE_CHI,2010,14,0.396331,-3.103872,0.496930
2010_14_PHI_DAL,2010,14,0.365940,-4.030805,0.499090
2010_14_NYG_MIN,2010,14,0.345562,-4.494271,0.500169
2010_14_BAL_HOU,2010,14,0.413596,-3.103872,0.496930
2010_15_SF_SD,2010,15,0.793489,8.946541,0.468900
2010_15_ARI_CAR,2010,15,0.559054,1.994288,0.485059
2010_15_BUF_MIA,2010,15,0.677055,4.775148,0.478590
2010_15_CLE_CIN,2010,15,0.512987,0.603873,0.488296
2010_15_DET_TB,2010,15,0.610250,2.921236,0.482902
2010_15_HOU_TEN,2010,15,0.536406,1.530815,0.486138
2010_15_JAX_IND,2010,15,0.626815,3.384712,0.481824
2010_15_KC_STL,2010,15,0.573739,2.457762,0.483980
2010_15_NO_BAL,2010,15,0.529272,0.603873,0.488296
2010_15_PHI_NYG,2010,15,0.593414,2.457762,0.483980
2010_15_WAS_DAL,2010,15,0.783287,8.483045,0.469976
2010_15_ATL_SEA,2010,15,0.318441,-5.421204,0.502329
2010_15_DEN_OAK,2010,15,0.754356,8.019551,0.471052
2010_15_NYJ_PIT,2010,15,0.592237,2.921236,0.482902
2010_15_GB_NE,2010,15,0.874321,12.654586,0.460307
2010_15_CHI_MIN,2010,15,0.319969,-5.421204,0.502329
2010_16_CAR_PIT,2010,16,0.871991,12.654586,0.460307
2010_16_DAL_ARI,2010,16,0.279842,-6.811604,0.505567
2010_16_BAL_CLE,2010,16,0.374886,-3.567339,0.498010
2010_16_DET_MIA,2010,16,0.596019,2.921236,0.482902
2010_16_NE_BUF,2010,16,0.278842,-6.811604,0.505567
2010_16_NYJ_CHI,2010,16,0.545410,1.067343,0.487217
2010_16_SF_STL,2010,16,0.566237,1.530815,0.486138
2010_16_TEN_KC,2010,16,0.621870,3.384712,0.481824
2010_16_WAS_JAX,2010,16,0.719115,6.165596,0.475358
2010_16_HOU_DEN,2010,16,0.448544,-2.176939,0.494771
2010_16_IND_OAK,2010,16,0.457878,-1.250004,0.492612
2010_16_SD_CIN,2010,16,0.229236,-8.665476,0.509885
2010_16_NYG_GB,2010,16,0.606874,2.457762,0.483980
2010_16_SEA_TB,2010,16,0.662702,4.311668,0.479668
2010_16_NO_ATL,2010,16,0.573072,1.530815,0.486138
2010_16_MIN_PHI,2010,16,0.873547,12.654586,0.460307
2010_17_BUF_NYJ,2010,17,0.533710,0.603873,0.488296
2010_17_CAR_ATL,2010,17,0.871225,12.654586,0.460307
2010_17_CIN_BAL,2010,17,0.776422,8.483045,0.469976
2010_17_MIA_NE,2010,17,0.627637,3.384712,0.481824
2010_17_MIN_DET,2010,17,0.592811,2.921236,0.482902
2010_17_OAK_KC,2010,17,0.641737,3.848189,0.480746
2010_17_PIT_CLE,2010,17,0.290094,-6.348137,0.504488
2010_17_TB_NO,2010,17,0.705440,6.165596,0.475358
2010_17_ARI_SF,2010,17,0.682833,5.238629,0.477512
2010_17_CHI_GB,2010,17,0.818850,9.873538,0.466750
2010_17_DAL_PHI,2010,17,0.397272,-1.713472,0.493692
2010_17_JAX_HOU,2010,17,0.640929,3.848189,0.480746
2010_17_NYG_WAS,2010,17,0.347152,-4.494271,0.500169
2010_17_SD_DEN,2010,17,0.334231,-4.957737,0.501249
2010_17_TEN_IND,2010,17,0.762008,8.019551,0.471052
2010_17_STL_SEA,2010,17,0.389272,-3.103872,0.496930
2010_18_NO_SEA,2010,18,0.208566,-9.128946,0.510964
2010_18_NYJ_IND,2010,18,0.531155,0.603873,0.488296
2010_18_BAL_KC,2010,18,0.413843,-3.103872,0.496930
2010_18_GB_PHI,2010,18,0.516936,0.603873,0.488296
2010_19_BAL_PIT,2010,19,0.606156,2.921236,0.482902
2010_19_GB_ATL,2010,19,0.544921,0.603873,0.488296
2010_19_SEA_CHI,2010,19,0.796352,8.946541,0.468900
2010_19_NYJ_NE,2010,19,0.776422,8.483045,0.469976
2010_20_GB_CHI,2010,20,0.381636,-3.567339,0.498010
2010_20_NYJ_PIT,2010,20,0.629277,3.384712,0.481824
2010_21_PIT_GB,2010,21,0.578397,2.457762,0.483980
2011_01_NO_GB,2011,1,0.639975,3.864458,0.481226
2011_01_ATL_CHI,2011,1,0.443680,-1.178043,0.494739
2011_01_BUF_KC,2011,1,0.606048,2.947629,0.483681
2011_01_CIN_CLE,2011,1,0.702395,5.698137,0.476318
2011_01_DET_TB,2011,1,0.527861,0.655580,0.489823
2011_01_IND_HOU,2011,1,0.765804,7.990283,0.470189
2011_01_PHI_STL,2011,1,0.395768,-3.470062,0.500885
2011_01_PIT_BAL,2011,1,0.528336,0.655580,0.489823
2011_01_TEN_JAX,2011,1,0.413522,-1.178043,0.494739
2011_01_CAR_ARI,2011,1,0.701238,5.698137,0.476318
2011_01_MIN_SD,2011,1,0.766644,7.990283,0.470189
2011_01_NYG_WAS,2011,1,0.456253,-1.178043,0.494739
2011_01_SEA_SF,2011,1,0.684540,5.239714,0.477544
2011_01_DAL_NYJ,2011,1,0.698673,5.698137,0.476318
2011_01_NE_MIA,2011,1,0.273423,-6.678895,0.509488
2011_01_OAK_DEN,2011,1,0.538658,2.489217,0.484909
2011_02_ARI_WAS,2011,2,0.638346,3.864458,0.481226
2011_02_BAL_TEN,2011,2,0.318306,-5.303678,0.505801
2011_02_CHI_NO,2011,2,0.638889,3.864458,0.481226
2011_02_CLE_IND,2011,2,0.423387,-1.178043,0.494739
2011_02_GB_CAR,2011,2,0.187668,-9.887768,0.518086
2011_02_JAX_NYJ,2011,2,0.764896,7.990283,0.470189
2011_02_KC_DET,2011,2,0.763080,7.990283,0.470189
2011_02_OAK_BUF,2011,2,0.577356,2.947629,0.483681
2011_02_SEA_PIT,2011,2,0.864051,12.116319,0.459182
2011_02_TB_MIN,2011,2,0.536827,0.655580,0.489823
2011_02_DAL_SF,2011,2,0.406057,-3.011658,0.499655
2011_02_CIN_DEN,2011,2,0.598650,2.947629,0.483681
2011_02_HOU_MIA,2011,2,0.392837,-3.011658,0.499655
2011_02_SD_NE,2011,2,0.699168,5.698137,0.476318
2011_02_PHI_ATL,2011,2,0.426085,-2.553255,0.498426
2011_02_STL_NYG,2011,2,0.711554,6.156561,0.475092
2011_03_DEN_TEN,2011,3,0.712504,6.156561,0.475092
2011_03_DET_MIN,2011,3,0.402358,-3.011658,0.499655
2011_03_HOU_NO,2011,3,0.600186,2.947629,0.483681
2011_03_JAX_CAR,2011,3,0.634288,2.947629,0.483681
2011_03_MIA_CLE,2011,3,0.483003,-1.178043,0.494739
2011_03_NE_BUF,2011,3,0.275611,-6.678895,0.509488
2011_03_NYG_PHI,2011,3,0.763917,7.990283,0.470189
2011_03_SF_CIN,2011,3,0.484812,0.655580,0.489823
2011_03_BAL_STL,2011,3,0.315915,-5.303678,0.505801
2011_03_KC_SD,2011,3,0.872873,12.574784,0.457961
2011_03_NYJ_OAK,2011,3,0.479575,-1.178043,0.494739
2011_03_ARI_SEA,2011,3,0.397646,-3.011658,0.499655
2011_03_ATL_TB,2011,3,0.526676,0.655580,0.489823
2011_03_GB_CHI,2011,3,0.359542,-3.928465,0.502114
2011_03_PIT_IND,2011,3,0.186416,-9.887768,0.518086
2011_03_WAS_DAL,2011,3,0.630961,2.947629,0.483681
2011_04_BUF_CIN,2011,4,0.379599,-3.011658,0.499655
2011_04_CAR_CHI,2011,4,0.714669,6.156561,0.475092
2011_04_DET_DAL,2011,4,0.582580,2.030806,0.486138
2011_04_MIN_KC,2011,4,0.382646,-3.011658,0.499655
2011_04_NO_JAX,2011,4,0.223803,-8.512529,0.514402
2011_04_PIT_HOU,2011,4,0.623158,3.406043,0.482453
2011_04_SF_PHI,2011,4,0.780509,8.448719,0.468965
2011_04_TEN_CLE,2011,4,0.527409,0.655580,0.489823
2011_04_WAS_STL,2011,4,0.411269,-3.011658,0.499655
2011_04_ATL_SEA,2011,4,0.301586,-5.762083,0.507030
2011_04_NYG_ARI,2011,4,0.467323,-1.178043,0.494739
2011_04_DEN_GB,2011,4,0.835651,10.740945,0.462847
2011_04_MIA_SD,2011,4,0.699415,5.698137,0.476318
2011_04_NE_OAK,2011,4,0.300349,-5.762083,0.507030
2011_04_NYJ_BAL,2011,4,0.655444,4.322875,0.479998
2011_04_IND_TB,2011,4,0.791723,8.907159,0.467740
2011_05_ARI_MIN,2011,5,0.625876,2.947629,0.483681
2011_05_CIN_JAX,2011,5,0.456821,-1.178043,0.494739
2011_05_KC_IND,2011,5,0.518685,0.655580,0.489823
2011_05_NO_CAR,2011,5,0.286850,-6.220488,0.508259
2011_05_OAK_HOU,2011,5,0.638889,3.864458,0.481226
2011_05_PHI_BUF,2011,5,0.410031,-3.011658,0.499655
2011_05_SEA_NYG,2011,5,0.788620,8.907159,0.467740
2011_05_TEN_PIT,2011,5,0.565223,2.489217,0.484909
2011_05_TB_SF,2011,5,0.593179,2.030806,0.486138
2011_05_NYJ_NE,2011,5,0.727189,6.614988,0.473865
2011_05_SD_DEN,2011,5,0.374485,-3.470062,0.500885
2011_05_GB_ATL,2011,5,0.301834,-5.762083,0.507030
2011_05_CHI_DET,2011,5,0.699168,5.698137,0.476318
2011_06_BUF_NYG,2011,6,0.579866,2.489217,0.484909
2011_06_CAR_ATL,2011,6,0.588330,2.947629,0.483681
2011_06_IND_CIN,2011,6,0.652145,4.322875,0.479998
2011_06_JAX_PIT,2011,6,0.844354,11.199400,0.461625
2011_06_PHI_WAS,2011,6,0.397903,-3.011658,0.499655
2011_06_SF_DET,2011,6,0.668301,4.781294,0.478771
2011_06_STL_GB,2011,6,0.872873,12.574784,0.457961
2011_06_CLE_OAK,2011,6,0.701238,5.698137,0.476318
2011_06_HOU_BAL,2011,6,0.712504,6.156561,0.475092
2011_06_DAL_NE,2011,6,0.699415,5.698137,0.476318
2011_06_NO_TB,2011,6,0.301091,-5.762083,0.507030
2011_06_MIN_CHI,2011,6,0.503534,0.655580,0.489823
2011_06_MIA_NYJ,2011,6,0.714189,6.156561,0.475092
2011_07_ATL_DET,2011,7,0.639161,3.864458,0.481226
2011_07_CHI_TB,2011,7,0.451382,-1.636447,0.495968
2011_07_DEN_MIA,2011,7,0.469782,-1.178043,0.494739
2011_07_HOU_TEN,2011,7,0.607617,2.489217,0.484909
2011_07_SD_NYJ,2011,7,0.471189,-1.178043,0.494739
2011_07_SEA_CLE,2011,7,0.614633,2.489217,0.484909
2011_07_WAS_CAR,2011,7,0.575601,1.113988,0.488594
2011_07_KC_OAK,2011,7,0.618012,2.947629,0.483681
2011_07_PIT_ARI,2011,7,0.361967,-3.928465,0.502114
2011_07_GB_MIN,2011,7,0.198691,-9.429354,0.516858
2011_07_STL_DAL,2011,7,0.872087,12.574784,0.457961
2011_07_IND_NO,2011,7,0.864603,12.116319,0.459182
2011_07_BAL_JAX,2011,7,0.198691,-9.429354,0.516858
2011_08_ARI_BAL,2011,8,0.835651,10.740945,0.462847
2011_08_IND_TEN,2011,8,0.763080,7.990283,0.470189
2011_08_JAX_HOU,2011,8,0.789710,8.907159,0.467740
2011_08_MIA_NYG,2011,8,0.780709,8.448719,0.468965
2011_08_MIN_CAR,2011,8,0.596035,2.489217,0.484909
2011_08_NO_STL,2011,8,0.129016,-12.638292,0.525447
2011_08_DET_DEN,2011,8,0.372719,-3.011658,0.499655
2011_08_WAS_BUF,2011,8,0.623710,3.406043,0.482453
2011_08_CIN_SEA,2011,8,0.469579,-1.178043,0.494739
2011_08_CLE_SF,2011,8,0.767485,7.990283,0.470189
2011_08_NE_PIT,2011,8,0.395090,-3.011658,0.499655
2011_08_DAL_PHI,2011,8,0.564094,2.489217,0.484909
2011_08_SD_KC,2011,8,0.407310,-3.011658,0.499655
2011_09_ATL_IND,2011,9,0.285656,-6.220488,0.508259
2011_09_CLE_HOU,2011,9,0.802774,9.365601,0.466516
2011_09_MIA_KC,2011,9,0.656231,4.322875,0.479998
2011_09_NYJ_BUF,2011,9,0.575123,2.030806,0.486138
2011_09_SEA_DAL,2011,9,0.812511,9.824046,0.465293
2011_09_SF_WAS,2011,9,0.330541,-4.845273,0.504572
2011_09_TB_NO,2011,9,0.766644,7.990283,0.470189
2011_09_CIN_TEN,2011,9,0.574487,1.113988,0.488594
2011_09_DEN_OAK,2011,9,0.714669,6.156561,0.475092
2011_09_GB_SD,2011,9,0.314399,-5.303678,0.505801
2011_09_NYG_NE,2011,9,0.781190,8.448719,0.468965
2011_09_STL_ARI,2011,9,0.518030,0.655580,0.489823
2011_09_BAL_PIT,2011,9,0.602028,2.947629,0.483681
2011_09_CHI_PHI,2011,9,0.763726,7.990283,0.470189
2011_10_OAK_SD,2011,10,0.727422,6.614988,0.473865
2011_10_ARI_PHI,2011,10,0.863221,12.116319,0.459182
2011_10_BUF_DAL,2011,10,0.640246,3.864458,0.481226
2011_10_DEN_KC,2011,10,0.611077,2.489217,0.484909
2011_10_HOU_TB,2011,10,0.384453,-3.470062,0.500885
2011_10_JAX_IND,2011,10,0.398578,-3.011658,0.499655
2011_10_NO_ATL,2011,10,0.530061,0.655580,0.489823
2011_10_PIT_CIN,2011,10,0.370565,-3.470062,0.500885
2011_10_STL_CLE,2011,10,0.589036,2.030806,0.486138
2011_10_TEN_CAR,2011,10,0.602810,2.947629,0.483681
2011_10_WAS_MIA,2011,10,0.623987,3.406043,0.482453
2011_10_BAL_SEA,2011,10,0.276707,-6.678895,0.509488
2011_10_DET_CHI,2011,10,0.563253,2.030806,0.486138
2011_10_NYG_SF,2011,10,0.623158,3.406043,0.482453
2011_10_NE_NYJ,2011,10,0.584356,2.030806,0.486138
2011_10_MIN_GB,2011,10,0.845121,11.199400,0.461625
2011_11_NYJ_DEN,2011,11,0.287332,-6.220488,0.508259
2011_11_BUF_MIA,2011,11,0.583184,2.489217,0.484909
2011_11_CAR_DET,2011,11,0.712745,6.156561,0.475092
2011_11_CIN_BAL,2011,11,0.713468,6.156561,0.475092
2011_11_DAL_WAS,2011,11,0.275387,-6.678895,0.509488
2011_11_JAX_CLE,2011,11,0.545670,0.655580,0.489823
2011_11_OAK_MIN,2011,11,0.520911,0.655580,0.489823
2011_11_TB_GB,2011,11,0.863497,12.116319,0.459182
2011_11_ARI_SF,2011,11,0.790751,8.907159,0.467740
2011_11_SEA_STL,2011,11,0.590875,2.489217,0.484909
2011_11_SD_CHI,2011,11,0.639432,3.864458,0.481226
2011_11_TEN_ATL,2011,11,0.683268,5.239714,0.477544
2011_11_PHI_NYG,2011,11,0.682162,5.239714,0.477544
2011_11_KC_NE,2011,11,0.916700,15.325654,0.450647
2011_12_GB_DET,2011,12,0.361967,-3.928465,0.502114
2011_12_MIA_DAL,2011,12,0.712504,6.156561,0.475092
2011_12_SF_BAL,2011,12,0.573284,2.489217,0.484909
2011_12_ARI_STL,2011,12,0.537218,0.655580,0.489823
2011_12_BUF_NYJ,2011,12,0.779904,8.448719,0.468965
2011_12_CAR_IND,2011,12,0.363657,-3.470062,0.500885
2011_12_CLE_CIN,2011,12,0.698176,5.698137,0.476318
2011_12_HOU_JAX,2011,12,0.300595,-5.762083,0.507030
2011_12_MIN_ATL,2011,12,0.790751,8.907159,0.467740
2011_12_TB_TEN,2011,12,0.601968,2.489217,0.484909
2011_12_CHI_OAK,2011,12,0.612846,2.489217,0.484909
2011_12_WAS_SEA,2011,12,0.601564,2.489217,0.484909
2011_12_DEN_SD,2011,12,0.637802,3.864458,0.481226
2011_12_NE_PHI,2011,12,0.391053,-3.011658,0.499655
2011_12_PIT_KC,2011,12,0.187845,-9.887768,0.518086
2011_12_NYG_NO,2011,12,0.713227,6.156561,0.475092
2011_13_PHI_SEA,2011,13,0.406624,-3.011658,0.499655
2011_13_ATL_HOU,2011,13,0.450858,-1.178043,0.494739
2011_13_CAR_TB,2011,13,0.442866,-1.178043,0.494739
2011_13_CIN_PIT,2011,13,0.712745,6.156561,0.475092
2011_13_DEN_MIN,2011,13,0.554000,0.655580,0.489823
2011_13_IND_NE,2011,13,0.951911,18.535201,0.442142
2011_13_KC_CHI,2011,13,0.766012,7.990283,0.470189
2011_13_NYJ_WAS,2011,13,0.377961,-3.011658,0.499655
2011_13_OAK_MIA,2011,13,0.581845,2.947629,0.483681
2011_13_TEN_BUF,2011,13,0.506902,0.655580,0.489823
2011_13_BAL_CLE,2011,13,0.275834,-6.678895,0.509488
2011_13_DAL_ARI,2011,13,0.361424,-3.928465,0.502114
2011_13_GB_NYG,2011,13,0.274360,-6.678895,0.509488
2011_13_STL_SF,2011,13,0.873650,12.574784,0.457961
2011_13_DET_NO,2011,13,0.779500,8.448719,0.468965
2011_13_SD_JAX,2011,13,0.441147,-3.011658,0.499655
2011_14_CLE_PIT,2011,14,0.872612,12.574784,0.457961
2011_14_ATL_CAR,2011,14,0.407092,-3.011658,0.499655
2011_14_HOU_CIN,2011,14,0.566751,2.030806,0.486138
2011_14_IND_BAL,2011,14,0.910146,14.867166,0.451865
2011_14_KC_NYJ,2011,14,0.802774,9.365601,0.466516
2011_14_MIN_DET,2011,14,0.791723,8.907159,0.467740
2011_14_NE_WAS,2011,14,0.262209,-7.137302,0.510717
2011_14_NO_TEN,2011,14,0.399690,-3.470062,0.500885
2011_14_PHI_MIA,2011,14,0.595814,2.489217,0.484909
2011_14_TB_JAX,2011,14,0.424829,-3.011658,0.499655
2011_14_CHI_DEN,2011,14,0.597195,2.947629,0.483681
2011_14_SF_ARI,2011,14,0.363085,-3.470062,0.500885
2011_14_BUF_SD,2011,14,0.713468,6.156561,0.475092
2011_14_OAK_GB,2011,14,0.825638,10.282494,0.464070
2011_14_NYG_DAL,2011,14,0.639703,3.864458,0.481226
2011_14_STL_SEA,2011,14,0.764499,7.990283,0.470189
2011_15_JAX_ATL,2011,15,0.872742,12.574784,0.457961
2011_15_DAL_TB,2011,15,0.272025,-6.678895,0.509488
2011_15_CAR_HOU,2011,15,0.641931,3.864458,0.481226
2011_15_CIN_STL,2011,15,0.274360,-6.678895,0.509488
2011_15_GB_KC,2011,15,0.176704,-10.346184,0.519314
2011_15_MIA_BUF,2011,15,0.419554,-1.178043,0.494739
2011_15_NO_MIN,2011,15,0.272722,-6.678895,0.509488
2011_15_SEA_CHI,2011,15,0.598375,2.947629,0.483681
2011_15_TEN_IND,2011,15,0.287573,-6.220488,0.508259
2011_15_WAS_NYG,2011,15,0.670124,4.781294,0.478771
2011_15_DET_OAK,2011,15,0.462715,-1.178043,0.494739
2011_15_CLE_ARI,2011,15,0.684540,5.239714,0.477544
2011_15_NE_DEN,2011,15,0.275834,-6.678895,0.509488
2011_15_NYJ_PHI,2011,15,0.577262,2.489217,0.484909
2011_15_BAL_SD,2011,15,0.450286,-1.178043,0.494739
2011_15_PIT_SF,2011,15,0.609291,2.489217,0.484909
2011_16_HOU_IND,2011,16,0.275611,-6.678895,0.509488
2011_16_ARI_CIN,2011,16,0.600803,2.947629,0.483681
2011_16_CLE_BAL,2011,16,0.802961,9.365601,0.466516
2011_16_DEN_BUF,2011,16,0.409400,-3.011658,0.499655
2011_16_JAX_TEN,2011,16,0.754887,7.531849,0.471414
2011_16_MIA_NE,2011,16,0.726487,6.614988,0.473865
2011_16_MIN_WAS,2011,16,0.685302,5.239714,0.477544
2011_16_NYG_NYJ,2011,16,0.560063,1.113988,0.488594
2011_16_OAK_KC,2011,16,0.571806,2.489217,0.484909
2011_16_STL_PIT,2011,16,0.791529,8.907159,0.467740
2011_16_TB_CAR,2011,16,0.763917,7.990283,0.470189
2011_16_SD_DET,2011,16,0.473873,-1.178043,0.494739
2011_16_PHI_DAL,2011,16,0.460198,-1.636447,0.495968
2011_16_SF_SEA,2011,16,0.425470,-1.636447,0.495968
2011_16_CHI_GB,2011,16,0.855820,11.657858,0.460403
2011_16_ATL_NO,2011,16,0.713227,6.156561,0.475092
2011_17_BUF_NE,2011,17,0.792111,8.907159,0.467740
2011_17_CAR_NO,2011,17,0.713227,6.156561,0.475092
2011_17_CHI_MIN,2011,17,0.565871,1.113988,0.488594
2011_17_DET_GB,2011,17,0.287091,-6.220488,0.508259
2011_17_IND_JAX,2011,17,0.616405,2.489217,0.484909
2011_17_NYJ_MIA,2011,17,0.571573,1.113988,0.488594
2011_17_SF_STL,2011,17,0.146556,-11.721443,0.522995
2011_17_TEN_HOU,2011,17,0.433302,-1.178043,0.494739
2011_17_WAS_PHI,2011,17,0.712986,6.156561,0.475092
2011_17_BAL_CIN,2011,17,0.397008,-2.553255,0.498426
2011_17_KC_DEN,2011,17,0.516115,0.655580,0.489823
2011_17_PIT_CLE,2011,17,0.271245,-6.678895,0.509488
2011_17_SD_OAK,2011,17,0.598912,2.030806,0.486138
2011_17_SEA_ARI,2011,17,0.569032,2.030806,0.486138
2011_17_TB_ATL,2011,17,0.793880,8.907159,0.467740
2011_17_DAL_NYG,2011,17,0.567064,2.489217,0.484909
2011_18_CIN_HOU,2011,18,0.625081,3.406043,0.482453
2011_18_DET_NO,2011,18,0.801050,9.365601,0.466516
2011_18_ATL_NYG,2011,18,0.570941,2.489217,0.484909
2011_18_PIT_DEN,2011,18,0.261232,-7.137302,0.510717
2011_19_NO_SF,2011,19,0.396424,-3.470062,0.500885
2011_19_DEN_NE,2011,19,0.873264,12.574784,0.457961
2011_19_HOU_BAL,2011,19,0.726022,6.614988,0.473865
2011_19_NYG_GB,2011,19,0.755105,7.531849,0.471414
2011_20_BAL_NE,2011,20,0.712504,6.156561,0.475092
2011_20_NYG_SF,2011,20,0.585777,1.572396,0.487366
2011_21_NYG_NE,2011,21,0.589982,2.489217,0.484909
2012_01_DAL_NYG,2012,1,0.592047,3.018991,0.485789
2012_01_ATL_KC,2012,1,0.442302,-1.134321,0.496031
2012_01_BUF_NYJ,2012,1,0.584058,2.557509,0.486926
2012_01_IND_CHI,2012,1,0.793734,9.018388,0.471018
2012_01_JAX_MIN,2012,1,0.612217,3.018991,0.485789
2012_01_MIA_HOU,2012,1,0.858090,11.787453,0.464216
2012_01_NE_TEN,2012,1,0.343792,-4.364654,0.504000
2012_01_PHI_CLE,2012,1,0.220136,-8.517966,0.514242
2012_01_STL_DET,2012,1,0.766226,8.095385,0.473287
2012_01_WAS_NO,2012,1,0.779183,8.556885,0.472152
2012_01_CAR_TB,2012,1,0.413487,-2.980225,0.500584
2012_01_SEA_ARI,2012,1,0.444136,-1.134321,0.496031
2012_01_SF_GB,2012,1,0.689890,5.326420,0.480103
2012_01_PIT_DEN,2012,1,0.570738,2.096028,0.488064
2012_01_CIN_BAL,2012,1,0.716961,6.249401,0.477830
2012_01_SD_OAK,2012,1,0.565705,0.711589,0.491478
2012_02_CHI_GB,2012,2,0.657366,4.403444,0.482377
2012_02_ARI_NE,2012,2,0.858090,11.787453,0.464216
2012_02_BAL_PHI,2012,2,0.586937,2.557509,0.486926
2012_02_CLE_CIN,2012,2,0.716167,6.249401,0.477830
2012_02_HOU_JAX,2012,2,0.288828,-6.210564,0.508553
2012_02_KC_BUF,2012,2,0.597605,2.557509,0.486926
2012_02_MIN_IND,2012,2,0.414013,-2.980225,0.500584
2012_02_NO_CAR,2012,2,0.373545,-2.980225,0.500584
2012_02_OAK_MIA,2012,2,0.450810,-1.134321,0.496031
2012_02_TB_NYG,2012,2,0.764936,8.095385,0.473287
2012_02_DAL_SEA,2012,2,0.382668,-2.980225,0.500584
2012_02_WAS_STL,2012,2,0.372262,-3.441702,0.501723
2012_02_NYJ_PIT,2012,2,0.640814,3.941959,0.483514
2012_02_TEN_SD,2012,2,0.698882,5.787910,0.478967
2012_02_DET_SF,2012,2,0.711314,6.249401,0.477830
2012_02_DEN_ATL,2012,2,0.608062,2.557509,0.486926
2012_03_NYG_CAR,2012,3,0.599218,2.096028,0.488064
2012_03_BUF_CLE,2012,3,0.402079,-2.518749,0.499446
2012_03_CIN_WAS,2012,3,0.600480,2.557509,0.486926
2012_03_DET_TEN,2012,3,0.382020,-3.441702,0.501723
2012_03_JAX_IND,2012,3,0.615304,2.557509,0.486926
2012_03_KC_NO,2012,3,0.767220,8.095385,0.473287
2012_03_NYJ_MIA,2012,3,0.425242,-2.518749,0.499446
2012_03_SF_MIN,2012,3,0.283127,-6.210564,0.508553
2012_03_STL_CHI,2012,3,0.712826,6.249401,0.477830
2012_03_TB_DAL,2012,3,0.718540,6.249401,0.477830
2012_03_ATL_SD,2012,3,0.579039,2.557509,0.486926
2012_03_PHI_ARI,2012,3,0.386065,-2.980225,0.500584
2012_03_HOU_DEN,2012,3,0.442098,-1.134321,0.496031
2012_03_PIT_OAK,2012,3,0.394592,-3.441702,0.501723
2012_03_NE_BAL,2012,3,0.582999,2.096028,0.488064
2012_03_GB_SEA,2012,3,0.388343,-2.980225,0.500584
2012_04_CLE_BAL,2012,4,0.826666,10.402910,0.467615
2012_04_CAR_ATL,2012,4,0.713783,6.249401,0.477830
2012_04_MIN_DET,2012,4,0.600711,3.018991,0.485789
2012_04_NE_BUF,2012,4,0.381386,-3.441702,0.501723
2012_04_SD_KC,2012,4,0.413955,-2.518749,0.499446
2012_04_SEA_STL,2012,4,0.412387,-2.057273,0.498308
2012_04_SF_NYJ,2012,4,0.363636,-3.441702,0.501723
2012_04_TEN_HOU,2012,4,0.857135,11.787453,0.464216
2012_04_CIN_JAX,2012,4,0.538559,0.711589,0.491478
2012_04_MIA_ARI,2012,4,0.625806,3.480474,0.484651
2012_04_OAK_DEN,2012,4,0.702965,5.787910,0.478967
2012_04_NO_GB,2012,4,0.727924,6.710894,0.476694
2012_04_WAS_TB,2012,4,0.576535,1.173068,0.490340
2012_04_NYG_PHI,2012,4,0.542456,1.173068,0.490340
2012_04_CHI_DAL,2012,4,0.601700,2.557509,0.486926
2012_05_ARI_STL,2012,5,0.451419,-1.134321,0.496031
2012_05_ATL_WAS,2012,5,0.380382,-2.980225,0.500584
2012_05_BAL_KC,2012,5,0.298692,-5.749086,0.507414
2012_05_CLE_NYG,2012,5,0.732155,6.710894,0.476694
2012_05_GB_IND,2012,5,0.284319,-6.210564,0.508553
2012_05_MIA_CIN,2012,5,0.565216,2.557509,0.486926
2012_05_PHI_PIT,2012,5,0.625806,3.480474,0.484651
2012_05_CHI_JAX,2012,5,0.300332,-5.749086,0.507414
2012_05_SEA_CAR,2012,5,0.534750,0.711589,0.491478
2012_05_TEN_MIN,2012,5,0.686550,5.326420,0.480103
2012_05_BUF_SF,2012,5,0.794054,9.018388,0.471018
2012_05_DEN_NE,2012,5,0.689480,5.326420,0.480103
2012_05_SD_NO,2012,5,0.634724,3.018991,0.485789
2012_05_HOU_NYJ,2012,5,0.206427,-8.979449,0.515379
2012_06_PIT_TEN,2012,6,0.313409,-5.287608,0.506276
2012_06_CIN_CLE,2012,6,0.462568,-1.134321,0.496031
2012_06_DAL_BAL,2012,6,0.583786,2.557509,0.486926
2012_06_DET_PHI,2012,6,0.598492,3.018991,0.485789
2012_06_IND_NYJ,2012,6,0.581257,3.018991,0.485789
2012_06_KC_TB,2012,6,0.656925,4.403444,0.482377
2012_06_OAK_ATL,2012,6,0.794054,9.018388,0.471018
2012_06_STL_MIA,2012,6,0.670584,4.864931,0.481240
2012_06_BUF_ARI,2012,6,0.658246,4.403444,0.482377
2012_06_NE_SEA,2012,6,0.379028,-3.441702,0.501723
2012_06_MIN_WAS,2012,6,0.426151,-1.595797,0.497169
2012_06_NYG_SF,2012,6,0.719485,6.249401,0.477830
2012_06_GB_HOU,2012,6,0.624891,3.480474,0.484651
2012_06_DEN_SD,2012,6,0.521788,0.711589,0.491478
2012_07_SEA_SF,2012,7,0.728692,6.710894,0.476694
2012_07_ARI_MIN,2012,7,0.712444,6.249401,0.477830
2012_07_BAL_HOU,2012,7,0.701739,5.787910,0.478967
2012_07_CLE_IND,2012,7,0.541929,0.711589,0.491478
2012_07_DAL_CAR,2012,7,0.404258,-2.518749,0.499446
2012_07_GB_STL,2012,7,0.358516,-3.903178,0.502861
2012_07_NO_TB,2012,7,0.453987,-1.134321,0.496031
2012_07_TEN_BUF,2012,7,0.625806,3.480474,0.484651
2012_07_WAS_NYG,2012,7,0.702557,5.787910,0.478967
2012_07_JAX_OAK,2012,7,0.686970,5.326420,0.480103
2012_07_NYJ_NE,2012,7,0.819292,9.941400,0.468749
2012_07_PIT_CIN,2012,7,0.446651,-1.134321,0.496031
2012_07_DET_CHI,2012,7,0.701739,5.787910,0.478967
2012_08_TB_MIN,2012,8,0.656485,4.403444,0.482377
2012_08_ATL_PHI,2012,8,0.541515,1.173068,0.490340
2012_08_CAR_CHI,2012,8,0.713783,6.249401,0.477830
2012_08_IND_TEN,2012,8,0.600069,3.018991,0.485789
2012_08_JAX_GB,2012,8,0.892210,13.633550,0.459688
2012_08_MIA_NYJ,2012,8,0.503123,0.711589,0.491478
2012_08_NE_STL,2012,8,0.262642,-7.133522,0.510829
2012_08_SD_CLE,2012,8,0.412762,-2.518749,0.499446
2012_08_SEA_DET,2012,8,0.592642,2.557509,0.486926
2012_08_WAS_PIT,2012,8,0.641264,3.941959,0.483514
2012_08_OAK_KC,2012,8,0.513738,0.711589,0.491478
2012_08_NYG_DAL,2012,8,0.443187,-1.595797,0.497169
2012_08_NO_DEN,2012,8,0.685708,5.326420,0.480103
2012_08_SF_ARI,2012,8,0.271078,-6.672043,0.509691
2012_09_KC_SD,2012,9,0.726626,6.710894,0.476694
2012_09_ARI_GB,2012,9,0.805727,9.479893,0.469883
2012_09_BAL_CLE,2012,9,0.384955,-3.441702,0.501723
2012_09_BUF_HOU,2012,9,0.816969,9.941400,0.468749
2012_09_CAR_WAS,2012,9,0.580449,2.557509,0.486926
2012_09_CHI_TEN,2012,9,0.343792,-4.364654,0.504000
2012_09_DEN_CIN,2012,9,0.328449,-4.826131,0.505138
2012_09_DET_JAX,2012,9,0.299102,-5.749086,0.507414
2012_09_MIA_IND,2012,9,0.407504,-2.518749,0.499446
2012_09_MIN_SEA,2012,9,0.642163,3.941959,0.483514
2012_09_TB_OAK,2012,9,0.519934,0.711589,0.491478
2012_09_PIT_NYG,2012,9,0.595219,3.018991,0.485789
2012_09_DAL_ATL,2012,9,0.620168,3.480474,0.484651
2012_09_PHI_NO,2012,9,0.599370,2.096028,0.488064
2012_10_IND_JAX,2012,10,0.373661,-2.980225,0.500584
2012_10_ATL_NO,2012,10,0.464866,-1.134321,0.496031
2012_10_BUF_NE,2012,10,0.866701,12.248973,0.463083
2012_10_DEN_CAR,2012,10,0.393834,-3.441702,0.501723
2012_10_DET_MIN,2012,10,0.388842,-2.980225,0.500584
2012_10_NYG_CIN,2012,10,0.378610,-3.441702,0.501723
2012_10_OAK_BAL,2012,10,0.774843,8.556885,0.472152
2012_10_SD_TB,2012,10,0.619109,2.557509,0.486926
2012_10_TEN_MIA,2012,10,0.705156,5.787910,0.478967
2012_10_NYJ_SEA,2012,10,0.658246,4.403444,0.482377
2012_10_DAL_PHI,2012,10,0.434230,-1.134321,0.496031
2012_10_STL_SF,2012,10,0.866926,12.248973,0.463083
2012_10_HOU_CHI,2012,10,0.524974,0.711589,0.491478
2012_10_KC_PIT,2012,10,0.847094,11.325936,0.465349
2012_11_MIA_BUF,2012,11,0.521019,0.711589,0.491478
2012_11_ARI_ATL,2012,11,0.781289,8.556885,0.472152
2012_11_CIN_KC,2012,11,0.390725,-2.980225,0.500584
2012_11_CLE_DAL,2012,11,0.716167,6.249401,0.477830
2012_11_GB_DET,2012,11,0.396339,-2.980225,0.500584
2012_11_JAX_HOU,2012,11,0.891456,13.633550,0.459688
2012_11_NYJ_STL,2012,11,0.601031,3.018991,0.485789
2012_11_PHI_WAS,2012,11,0.610143,3.018991,0.485789
2012_11_TB_CAR,2012,11,0.449033,-1.134321,0.496031
2012_11_NO_OAK,2012,11,0.302547,-5.749086,0.507414
2012_11_IND_NE,2012,11,0.795329,9.018388,0.471018
2012_11_SD_DEN,2012,11,0.728692,6.710894,0.476694
2012_11_BAL_PIT,2012,11,0.397824,-2.980225,0.500584
2012_11_CHI_SF,2012,11,0.618596,3.018991,0.485789
2012_12_HOU_DET,2012,12,0.382713,-3.441702,0.501723
2012_12_WAS_DAL,2012,12,0.617105,3.018991,0.485789
2012_12_NE_NYJ,2012,12,0.272625,-6.672043,0.509691
2012_12_ATL_TB,2012,12,0.474255,-1.134321,0.496031
2012_12_BUF_IND,2012,12,0.578276,1.634547,0.489202
2012_12_DEN_KC,2012,12,0.197985,-9.440934,0.516516
2012_12_MIN_CHI,2012,12,0.703374,5.787910,0.478967
2012_12_OAK_CIN,2012,12,0.777933,8.556885,0.472152
2012_12_PIT_CLE,2012,12,0.453516,-1.134321,0.496031
2012_12_SEA_MIA,2012,12,0.397921,-2.980225,0.500584
2012_12_TEN_JAX,2012,12,0.369028,-3.441702,0.501723
2012_12_BAL_SD,2012,12,0.451488,-1.134321,0.496031
2012_12_SF_NO,2012,12,0.455089,-1.134321,0.496031
2012_12_STL_ARI,2012,12,0.529899,0.711589,0.491478
2012_12_GB_NYG,2012,12,0.528896,0.711589,0.491478
2012_12_CAR_PHI,2012,12,0.371813,-2.980225,0.500584
2012_13_NO_ATL,2012,13,0.592583,3.018991,0.485789
2012_13_ARI_NYJ,2012,13,0.686970,5.326420,0.480103
2012_13_CAR_KC,2012,13,0.329743,-4.826131,0.505138
2012_13_HOU_TEN,2012,13,0.275044,-6.672043,0.509691
2012_13_IND_DET,2012,13,0.716961,6.249401,0.477830
2012_13_JAX_BUF,2012,13,0.687809,5.326420,0.480103
2012_13_MIN_GB,2012,13,0.718540,6.249401,0.477830
2012_13_NE_MIA,2012,13,0.273008,-6.672043,0.509691
2012_13_SEA_CHI,2012,13,0.594959,2.557509,0.486926
2012_13_SF_STL,2012,13,0.269921,-6.672043,0.509691
2012_13_TB_DEN,2012,13,0.777322,8.556885,0.472152
2012_13_CIN_SD,2012,13,0.519618,0.711589,0.491478
2012_13_CLE_OAK,2012,13,0.414672,-2.518749,0.499446
2012_13_PIT_BAL,2012,13,0.712444,6.249401,0.477830
2012_13_PHI_DAL,2012,13,0.807556,9.479893,0.469883
2012_13_NYG_WAS,2012,13,0.414780,-2.518749,0.499446
2012_14_DEN_OAK,2012,14,0.196655,-9.440934,0.516516
2012_14_ATL_CAR,2012,14,0.395402,-2.980225,0.500584
2012_14_BAL_WAS,2012,14,0.531668,0.711589,0.491478
2012_14_CHI_MIN,2012,14,0.453430,-1.134321,0.496031
2012_14_DAL_CIN,2012,14,0.590622,3.018991,0.485789
2012_14_KC_CLE,2012,14,0.715372,6.249401,0.477830
2012_14_NYJ_JAX,2012,14,0.390923,-2.980225,0.500584
2012_14_PHI_TB,2012,14,0.736851,7.172389,0.475558
2012_14_SD_PIT,2012,14,0.718540,6.249401,0.477830
2012_14_STL_BUF,2012,14,0.616419,3.018991,0.485789
2012_14_TEN_IND,2012,14,0.609920,3.018991,0.485789
2012_14_MIA_SF,2012,14,0.808882,9.479893,0.469883
2012_14_ARI_SEA,2012,14,0.805727,9.479893,0.469883
2012_14_NO_NYG,2012,14,0.625806,3.480474,0.484651
2012_14_DET_GB,2012,14,0.683437,5.326420,0.480103
2012_14_HOU_NE,2012,14,0.669721,4.864931,0.481240
2012_15_CIN_PHI,2012,15,0.342470,-4.364654,0.504000
2012_15_DEN_BAL,2012,15,0.402321,-2.980225,0.500584
2012_15_GB_CHI,2012,15,0.400250,-2.980225,0.500584
2012_15_IND_HOU,2012,15,0.807556,9.479893,0.469883
2012_15_JAX_MIA,2012,15,0.726997,6.710894,0.476694
2012_15_MIN_STL,2012,15,0.522862,0.711589,0.491478
2012_15_NYG_ATL,2012,15,0.533962,0.711589,0.491478
2012_15_TB_NO,2012,15,0.601871,3.018991,0.485789
2012_15_WAS_CLE,2012,15,0.627178,3.480474,0.484651
2012_15_CAR_SD,2012,15,0.573602,2.557509,0.486926
2012_15_DET_ARI,2012,15,0.317367,-5.287608,0.506276
2012_15_SEA_BUF,2012,15,0.344233,-4.364654,0.504000
2012_15_KC_OAK,2012,15,0.639013,3.941959,0.483514
2012_15_PIT_DAL,2012,15,0.452682,-1.134321,0.496031
2012_15_SF_NE,2012,15,0.623975,3.480474,0.484651
2012_15_NYJ_TEN,2012,15,0.538035,0.711589,0.491478
2012_16_ATL_DET,2012,16,0.377999,-3.441702,0.501723
2012_16_BUF_MIA,2012,16,0.656485,4.403444,0.482377
2012_16_CIN_PIT,2012,16,0.609519,3.018991,0.485789
2012_16_IND_KC,2012,16,0.346000,-4.364654,0.504000
2012_16_MIN_HOU,2012,16,0.730620,6.710894,0.476694
2012_16_NE_JAX,2012,16,0.118465,-13.132861,0.525607
2012_16_NO_DAL,2012,16,0.536851,0.711589,0.491478
2012_16_OAK_CAR,2012,16,0.782954,8.556885,0.472152
2012_16_SD_NYJ,2012,16,0.599512,2.557509,0.486926
2012_16_STL_TB,2012,16,0.611793,2.557509,0.486926
2012_16_TEN_GB,2012,16,0.806338,9.479893,0.469883
2012_16_WAS_PHI,2012,16,0.366028,-3.441702,0.501723
2012_16_CLE_DEN,2012,16,0.817261,9.941400,0.468749
2012_16_CHI_ARI,2012,16,0.273937,-6.672043,0.509691
2012_16_NYG_BAL,2012,16,0.454981,-1.134321,0.496031
2012_16_SF_SEA,2012,16,0.562187,2.096028,0.488064
2012_17_BAL_CIN,2012,17,0.673599,4.864931,0.481240
2012_17_CAR_NO,2012,17,0.625349,3.480474,0.484651
2012_17_CHI_DET,2012,17,0.390593,-2.980225,0.500584
2012_17_CLE_PIT,2012,17,0.795011,9.018388,0.471018
2012_17_HOU_IND,2012,17,0.283922,-6.210564,0.508553
2012_17_JAX_TEN,2012,17,0.688229,5.326420,0.480103
2012_17_NYJ_BUF,2012,17,0.605154,3.018991,0.485789
2012_17_PHI_NYG,2012,17,0.701330,5.787910,0.478967
2012_17_TB_ATL,2012,17,0.570582,2.557509,0.486926
2012_17_ARI_SF,2012,17,0.905281,14.556616,0.457427
2012_17_GB_MIN,2012,17,0.395327,-2.980225,0.500584
2012_17_KC_DEN,2012,17,0.918626,15.479694,0.455168
2012_17_MIA_NE,2012,17,0.829168,10.402910,0.467615
2012_17_OAK_SD,2012,17,0.777627,8.556885,0.472152
2012_17_STL_SEA,2012,17,0.815097,9.941400,0.468749
2012_17_DAL_WAS,2012,17,0.589754,2.557509,0.486926
2012_18_CIN_HOU,2012,18,0.625806,3.480474,0.484651
2012_18_MIN_GB,2012,18,0.808882,9.479893,0.469883
2012_18_IND_BAL,2012,18,0.728692,6.710894,0.476694
2012_18_SEA_WAS,2012,18,0.390710,-2.980225,0.500584
2012_19_BAL_DEN,2012,19,0.778867,8.556885,0.472152
2012_19_GB_SF,2012,19,0.604096,2.557509,0.486926
2012_19_SEA_ATL,2012,19,0.578816,2.096028,0.488064
2012_19_HOU_NE,2012,19,0.783286,8.556885,0.472152
2012_20_SF_ATL,2012,20,0.365557,-3.441702,0.501723
2012_20_BAL_NE,2012,20,0.746150,7.172389,0.475558
2012_21_BAL_SF,2012,21,0.640814,3.941959,0.483514
2013_01_BAL_DEN,2013,1,0.737816,6.681814,0.475836
2013_01_ATL_NO,2013,1,0.614621,2.942887,0.483541
2013_01_CIN_CHI,2013,1,0.650522,2.475526,0.484505
2013_01_KC_JAX,2013,1,0.425928,-3.600114,0.497042
2013_01_MIA_CLE,2013,1,0.610865,2.008165,0.485469
2013_01_MIN_DET,2013,1,0.626112,3.410249,0.482578
2013_01_NE_BUF,2013,1,0.188903,-9.675727,0.509582
2013_01_OAK_IND,2013,1,0.822066,9.953443,0.469104
2013_01_SEA_CAR,2013,1,0.400308,-3.132760,0.496077
2013_01_TB_NYJ,2013,1,0.359727,-4.067468,0.498006
2013_01_TEN_PIT,2013,1,0.693527,5.279708,0.478725
2013_01_ARI_STL,2013,1,0.545131,2.942887,0.483541
2013_01_GB_SF,2013,1,0.658251,4.344977,0.480651
2013_01_NYG_DAL,2013,1,0.634934,2.942887,0.483541
2013_01_PHI_WAS,2013,1,0.626112,3.410249,0.482578
2013_01_HOU_SD,2013,1,0.324407,-5.002177,0.499936
2013_02_NYJ_NE,2013,2,0.809204,9.486063,0.470065
2013_02_CAR_BUF,2013,2,0.397422,-3.600114,0.497042
2013_02_CLE_BAL,2013,2,0.672953,4.812342,0.479688
2013_02_DAL_KC,2013,2,0.567547,2.475526,0.484505
2013_02_MIA_IND,2013,2,0.525265,0.606088,0.488361
2013_02_MIN_CHI,2013,2,0.688762,5.279708,0.478725
2013_02_SD_PHI,2013,2,0.731823,6.681814,0.475836
2013_02_STL_ATL,2013,2,0.627611,3.410249,0.482578
2013_02_TEN_HOU,2013,2,0.739759,6.681814,0.475836
2013_02_WAS_GB,2013,2,0.780192,8.083932,0.472950
2013_02_DET_ARI,2013,2,0.494689,-1.263339,0.492218
2013_02_NO_TB,2013,2,0.407858,-3.132760,0.496077
2013_02_DEN_NYG,2013,2,0.365215,-3.600114,0.497042
2013_02_JAX_OAK,2013,2,0.576149,2.942887,0.483541
2013_02_SF_SEA,2013,2,0.579255,2.475526,0.484505
2013_02_PIT_CIN,2013,2,0.724540,6.214444,0.476799
2013_03_KC_PHI,2013,3,0.635668,2.475526,0.484505
2013_03_ARI_NO,2013,3,0.749754,7.149186,0.474874
2013_03_CLE_MIN,2013,3,0.726678,6.214444,0.476799
2013_03_DET_WAS,2013,3,0.448391,-1.263339,0.492218
2013_03_GB_CIN,2013,3,0.381007,-3.132760,0.496077
2013_03_HOU_BAL,2013,3,0.520227,0.606088,0.488361
2013_03_NYG_CAR,2013,3,0.490081,-1.263339,0.492218
2013_03_SD_TEN,2013,3,0.571782,2.475526,0.484505
2013_03_STL_DAL,2013,3,0.636100,2.942887,0.483541
2013_03_TB_NE,2013,3,0.738604,6.681814,0.475836
2013_03_ATL_MIA,2013,3,0.617398,2.475526,0.484505
2013_03_BUF_NYJ,2013,3,0.535758,2.008165,0.485469
2013_03_IND_SF,2013,3,0.810521,9.486063,0.470065
2013_03_JAX_SEA,2013,3,0.947689,17.899203,0.452805
2013_03_CHI_PIT,2013,3,0.361919,-2.665405,0.495112
2013_03_OAK_DEN,2013,3,0.909176,14.627345,0.459506
2013_04_SF_STL,2013,4,0.377167,-3.132760,0.496077
2013_04_ARI_TB,2013,4,0.555633,2.008165,0.485469
2013_04_BAL_BUF,2013,4,0.358741,-4.067468,0.498006
2013_04_CHI_DET,2013,4,0.560143,2.475526,0.484505
2013_04_CIN_CLE,2013,4,0.410259,-3.600114,0.497042
2013_04_IND_JAX,2013,4,0.197378,-9.208371,0.508617
2013_04_NYG_KC,2013,4,0.617496,2.942887,0.483541
2013_04_PIT_MIN,2013,4,0.397445,-3.132760,0.496077
2013_04_SEA_HOU,2013,4,0.453190,-1.263339,0.492218
2013_04_NYJ_TEN,2013,4,0.630538,2.942887,0.483541
2013_04_DAL_SD,2013,4,0.478992,-1.263339,0.492218
2013_04_PHI_DEN,2013,4,0.813892,9.486063,0.470065
2013_04_WAS_OAK,2013,4,0.386539,-3.600114,0.497042
2013_04_NE_ATL,2013,4,0.599358,2.475526,0.484505
2013_04_MIA_NO,2013,4,0.722894,6.214444,0.476799
2013_05_BUF_CLE,2013,5,0.608917,2.942887,0.483541
2013_05_BAL_MIA,2013,5,0.593712,2.008165,0.485469
2013_05_DET_GB,2013,5,0.800894,9.018684,0.471026
2013_05_JAX_STL,2013,5,0.821126,9.953443,0.469104
2013_05_KC_TEN,2013,5,0.430163,-2.665405,0.495112
2013_05_NE_CIN,2013,5,0.428933,-2.198050,0.494148
2013_05_NO_CHI,2013,5,0.558026,0.606088,0.488361
2013_05_PHI_NYG,2013,5,0.411030,-1.263339,0.492218
2013_05_SEA_IND,2013,5,0.399401,-3.132760,0.496077
2013_05_CAR_ARI,2013,5,0.409030,-3.132760,0.496077
2013_05_DEN_DAL,2013,5,0.249744,-7.338949,0.504759
2013_05_HOU_SF,2013,5,0.624607,3.410249,0.482578
2013_05_SD_OAK,2013,5,0.292338,-5.936885,0.501865
2013_05_NYJ_ATL,2013,5,0.803325,9.018684,0.471026
2013_06_NYG_CHI,2013,6,0.784034,8.551307,0.471988
2013_06_CAR_MIN,2013,6,0.568081,2.008165,0.485469
2013_06_CIN_BUF,2013,6,0.293862,-5.936885,0.501865
2013_06_DET_CLE,2013,6,0.487738,-1.263339,0.492218
2013_06_GB_BAL,2013,6,0.458697,-1.263339,0.492218
2013_06_OAK_KC,2013,6,0.731823,6.681814,0.475836
2013_06_PHI_TB,2013,6,0.397338,-2.665405,0.495112
2013_06_PIT_NYJ,2013,6,0.454282,-1.263339,0.492218
2013_06_STL_HOU,2013,6,0.786715,8.551307,0.471988
2013_06_JAX_DEN,2013,6,0.987188,24.910769,0.438506
2013_06_TEN_SEA,2013,6,0.820812,9.953443,0.469104
2013_06_ARI_SF,2013,6,0.804386,9.018684,0.471026
2013_06_NO_NE,2013,6,0.561467,2.008165,0.485469
2013_06_WAS_DAL,2013,6,0.674363,4.812342,0.479688
2013_06_IND_SD,2013,6,0.471823,-1.263339,0.492218
2013_07_SEA_ARI,2013,7,0.325345,-5.002177,0.499936
2013_07_BUF_MIA,2013,7,0.691504,5.279708,0.478725
2013_07_CHI_WAS,2013,7,0.418214,-1.263339,0.492218
2013_07_CIN_DET,2013,7,0.575084,2.008165,0.485469
2013_07_DAL_PHI,2013,7,0.605714,2.475526,0.484505
2013_07_NE_NYJ,2013,7,0.376522,-3.600114,0.497042
2013_07_SD_JAX,2013,7,0.248594,-7.338949,0.504759
2013_07_STL_CAR,2013,7,0.749754,7.149186,0.474874
2013_07_TB_ATL,2013,7,0.690135,5.279708,0.478725
2013_07_SF_TEN,2013,7,0.390581,-3.132760,0.496077
2013_07_BAL_PIT,2013,7,0.582087,2.008165,0.485469
2013_07_CLE_GB,2013,7,0.733917,6.681814,0.475836
2013_07_HOU_KC,2013,7,0.725339,6.214444,0.476799
2013_07_DEN_IND,2013,7,0.295640,-5.936885,0.501865
2013_07_MIN_NYG,2013,7,0.627112,3.410249,0.482578
2013_08_CAR_TB,2013,8,0.281518,-6.404240,0.502830
2013_08_BUF_NO,2013,8,0.812158,9.486063,0.470065
2013_08_CLE_KC,2013,8,0.720988,6.214444,0.476799
2013_08_DAL_DET,2013,8,0.587568,2.475526,0.484505
2013_08_MIA_NE,2013,8,0.706428,5.747076,0.477762
2013_08_NYG_PHI,2013,8,0.674832,4.812342,0.479688
2013_08_SF_JAX,2013,8,0.084248,-15.284060,0.521147
2013_08_NYJ_CIN,2013,8,0.686723,5.279708,0.478725
2013_08_PIT_OAK,2013,8,0.418014,-2.665405,0.495112
2013_08_ATL_ARI,2013,8,0.596111,2.008165,0.485469
2013_08_WAS_DEN,2013,8,0.818492,9.953443,0.469104
2013_08_GB_MIN,2013,8,0.266911,-6.871594,0.503795
2013_08_SEA_STL,2013,8,0.128783,-12.479879,0.515366
2013_09_CIN_MIA,2013,9,0.405073,-3.132760,0.496077
2013_09_ATL_CAR,2013,9,0.804386,9.018684,0.471026
2013_09_KC_BUF,2013,9,0.342836,-4.534823,0.498971
2013_09_MIN_DAL,2013,9,0.803638,9.018684,0.471026
2013_09_NO_NYJ,2013,9,0.295195,-5.936885,0.501865
2013_09_SD_WAS,2013,9,0.483931,0.606088,0.488361
2013_09_TEN_STL,2013,9,0.365020,-3.132760,0.496077
2013_09_PHI_OAK,2013,9,0.435129,-1.263339,0.492218
2013_09_TB_SEA,2013,9,0.908567,14.627345,0.459506
2013_09_BAL_CLE,2013,9,0.488052,-1.263339,0.492218
2013_09_PIT_NE,2013,9,0.672011,4.812342,0.479688
2013_09_IND_HOU,2013,9,0.432646,-1.263339,0.492218
2013_09_CHI_GB,2013,9,0.802044,9.018684,0.471026
2013_10_WAS_MIN,2013,10,0.472160,-1.263339,0.492218
2013_10_BUF_PIT,2013,10,0.575598,2.475526,0.484505
2013_10_CIN_BAL,2013,10,0.523172,0.606088,0.488361
2013_10_DET_CHI,2013,10,0.480403,-1.263339,0.492218
2013_10_JAX_TEN,2013,10,0.835875,10.420825,0.468143
2013_10_OAK_NYG,2013,10,0.740672,6.681814,0.475836
2013_10_PHI_GB,2013,10,0.426699,-1.263339,0.492218
2013_10_SEA_ATL,2013,10,0.369292,-3.600114,0.497042
2013_10_STL_IND,2013,10,0.737012,6.681814,0.475836
2013_10_CAR_SF,2013,10,0.693527,5.279708,0.478725
2013_10_DEN_SD,2013,10,0.266911,-6.871594,0.503795
2013_10_HOU_ARI,2013,10,0.623384,3.410249,0.482578
2013_10_DAL_NO,2013,10,0.690135,5.279708,0.478725
2013_10_MIA_TB,2013,10,0.466232,-1.263339,0.492218
2013_11_IND_TEN,2013,11,0.411901,-2.665405,0.495112
2013_11_ARI_JAX,2013,11,0.202194,-9.208371,0.508617
2013_11_ATL_TB,2013,11,0.533589,0.606088,0.488361
2013_11_BAL_CHI,2013,11,0.628610,3.410249,0.482578
2013_11_CLE_CIN,2013,11,0.625611,3.410249,0.482578
2013_11_DET_PIT,2013,11,0.387136,-3.132760,0.496077
2013_11_NYJ_BUF,2013,11,0.490425,-1.263339,0.492218
2013_11_OAK_HOU,2013,11,0.808873,9.486063,0.470065
2013_11_WAS_PHI,2013,11,0.641823,3.877613,0.481614
2013_11_SD_MIA,2013,11,0.395306,-2.665405,0.495112
2013_11_GB_NYG,2013,11,0.601691,2.942887,0.483541
2013_11_MIN_SEA,2013,11,0.860297,11.822981,0.465262
2013_11_SF_NO,2013,11,0.606243,2.942887,0.483541
2013_11_KC_DEN,2013,11,0.737416,6.681814,0.475836
2013_11_NE_CAR,2013,11,0.610228,2.475526,0.484505
2013_12_NO_ATL,2013,12,0.250135,-7.338949,0.504759
2013_12_CAR_MIA,2013,12,0.341873,-4.534823,0.498971
2013_12_CHI_STL,2013,12,0.476662,0.606088,0.488361
2013_12_JAX_HOU,2013,12,0.811176,9.486063,0.470065
2013_12_MIN_GB,2013,12,0.687843,5.279708,0.478725
2013_12_NYJ_BAL,2013,12,0.627112,3.410249,0.482578
2013_12_PIT_CLE,2013,12,0.594600,2.008165,0.485469
2013_12_SD_KC,2013,12,0.579752,2.942887,0.483541
2013_12_TB_DET,2013,12,0.724941,6.214444,0.476799
2013_12_IND_ARI,2013,12,0.621644,2.942887,0.483541
2013_12_TEN_OAK,2013,12,0.404561,-2.665405,0.495112
2013_12_DAL_NYG,2013,12,0.493028,0.606088,0.488361
2013_12_DEN_NE,2013,12,0.522504,0.606088,0.488361
2013_12_SF_WAS,2013,12,0.313972,-5.469531,0.500900
2013_13_GB_DET,2013,13,0.725339,6.214444,0.476799
2013_13_OAK_DAL,2013,13,0.801384,9.018684,0.471026
2013_13_PIT_BAL,2013,13,0.582992,2.475526,0.484505
2013_13_ARI_PHI,2013,13,0.609347,2.942887,0.483541
2013_13_CHI_MIN,2013,13,0.551314,2.008165,0.485469
2013_13_JAX_CLE,2013,13,0.737012,6.681814,0.475836
2013_13_MIA_NYJ,2013,13,0.439770,-1.263339,0.492218
2013_13_NE_HOU,2013,13,0.263809,-6.871594,0.503795
2013_13_TB_CAR,2013,13,0.737012,6.681814,0.475836
2013_13_TEN_IND,2013,13,0.609026,2.942887,0.483541
2013_13_ATL_BUF,2013,13,0.660171,4.344977,0.480651
2013_13_STL_SF,2013,13,0.737816,6.681814,0.475836
2013_13_CIN_SD,2013,13,0.433616,-2.665405,0.495112
2013_13_DEN_KC,2013,13,0.322329,-5.002177,0.499936
2013_13_NYG_WAS,2013,13,0.535278,0.606088,0.488361
2013_13_NO_SEA,2013,13,0.703315,5.747076,0.477762
2013_14_HOU_JAX,2013,14,0.422476,-3.132760,0.496077
2013_14_ATL_GB,2013,14,0.608325,2.942887,0.483541
2013_14_BUF_TB,2013,14,0.578363,2.475526,0.484505
2013_14_CLE_NE,2013,14,0.784034,8.551307,0.471988
2013_14_DET_PHI,2013,14,0.587601,2.008165,0.485469
2013_14_IND_CIN,2013,14,0.715215,6.214444,0.476799
2013_14_KC_WAS,2013,14,0.374883,-3.600114,0.497042
2013_14_MIA_PIT,2013,14,0.581140,2.475526,0.484505
2013_14_MIN_BAL,2013,14,0.692417,5.279708,0.478725
2013_14_OAK_NYJ,2013,14,0.585033,2.475526,0.484505
2013_14_TEN_DEN,2013,14,0.864077,11.822981,0.465262
2013_14_NYG_SD,2013,14,0.639156,3.877613,0.481614
2013_14_SEA_SF,2013,14,0.583797,2.008165,0.485469
2013_14_STL_ARI,2013,14,0.628110,3.410249,0.482578
2013_14_CAR_NO,2013,14,0.569726,2.475526,0.484505
2013_14_DAL_CHI,2013,14,0.578175,1.540806,0.486433
2013_15_SD_DEN,2013,15,0.799526,9.018684,0.471026
2013_15_BUF_JAX,2013,15,0.354815,-4.067468,0.498006
2013_15_CHI_CLE,2013,15,0.527169,0.606088,0.488361
2013_15_HOU_IND,2013,15,0.691048,5.279708,0.478725
2013_15_NE_MIA,2013,15,0.591379,2.008165,0.485469
2013_15_PHI_MIN,2013,15,0.285989,-6.404240,0.502830
2013_15_SEA_NYG,2013,15,0.201850,-9.208371,0.508617
2013_15_SF_TB,2013,15,0.342354,-4.534823,0.498971
2013_15_WAS_ATL,2013,15,0.672481,4.812342,0.479688
2013_15_KC_OAK,2013,15,0.279792,-6.404240,0.502830
2013_15_NYJ_CAR,2013,15,0.802691,9.018684,0.471026
2013_15_ARI_TEN,2013,15,0.378873,-3.132760,0.496077
2013_15_GB_DAL,2013,15,0.627112,3.410249,0.482578
2013_15_NO_STL,2013,15,0.288187,-6.404240,0.502830
2013_15_CIN_PIT,2013,15,0.428675,-2.198050,0.494148
2013_15_BAL_DET,2013,15,0.641823,3.877613,0.481614
2013_16_CLE_NYJ,2013,16,0.548199,2.008165,0.485469
2013_16_DAL_WAS,2013,16,0.380857,-3.132760,0.496077
2013_16_DEN_HOU,2013,16,0.214282,-8.741015,0.507653
2013_16_IND_KC,2013,16,0.733917,6.681814,0.475836
2013_16_MIA_BUF,2013,16,0.533990,0.606088,0.488361
2013_16_MIN_CIN,2013,16,0.733917,6.681814,0.475836
2013_16_NO_CAR,2013,16,0.630463,2.942887,0.483541
2013_16_TB_STL,2013,16,0.590267,2.942887,0.483541
2013_16_TEN_JAX,2013,16,0.357268,-4.067468,0.498006
2013_16_ARI_SEA,2013,16,0.747742,7.149186,0.474874
2013_16_NYG_DET,2013,16,0.786715,8.551307,0.471988
2013_16_NE_BAL,2013,16,0.460303,-1.263339,0.492218
2013_16_OAK_SD,2013,16,0.798840,9.018684,0.471026
2013_16_PIT_GB,2013,16,0.450072,-1.263339,0.492218
2013_16_CHI_PHI,2013,16,0.566378,2.008165,0.485469
2013_16_ATL_SF,2013,16,0.902771,14.159945,0.460465
2013_17_BAL_CIN,2013,17,0.697792,5.747076,0.477762
2013_17_CAR_ATL,2013,17,0.312390,-5.469531,0.500900
2013_17_CLE_PIT,2013,17,0.786357,8.551307,0.471988
2013_17_DET_MIN,2013,17,0.412832,-2.665405,0.495112
2013_17_HOU_TEN,2013,17,0.725339,6.214444,0.476799
2013_17_JAX_IND,2013,17,0.819411,9.953443,0.469104
2013_17_NYJ_MIA,2013,17,0.740672,6.681814,0.475836
2013_17_WAS_NYG,2013,17,0.601942,2.942887,0.483541
2013_17_BUF_NE,2013,17,0.737012,6.681814,0.475836
2013_17_DEN_OAK,2013,17,0.190547,-9.675727,0.509582
2013_17_GB_CHI,2013,17,0.415495,-3.132760,0.496077
2013_17_KC_SD,2013,17,0.904523,14.159945,0.460465
2013_17_SF_ARI,2013,17,0.602171,2.475526,0.484505
2013_17_STL_SEA,2013,17,0.865276,11.822981,0.465262
2013_17_TB_NO,2013,17,0.821753,9.953443,0.469104
2013_17_PHI_DAL,2013,17,0.250135,-7.338949,0.504759
2013_18_KC_IND,2013,18,0.445779,-2.198050,0.494148
2013_18_NO_PHI,2013,18,0.610191,2.475526,0.484505
2013_18_SD_CIN,2013,18,0.707315,5.747076,0.477762
2013_18_SF_GB,2013,18,0.387168,-3.132760,0.496077
2013_19_NO_SEA,2013,19,0.803009,9.018684,0.471026
2013_19_IND_NE,2013,19,0.737816,6.681814,0.475836
2013_19_SF_CAR,2013,19,0.495389,-0.328626,0.490290
2013_19_SD_DEN,2013,19,0.749352,7.149186,0.474874
2013_20_NE_DEN,2013,20,0.657769,4.344977,0.480651
2013_20_SF_SEA,2013,20,0.624106,3.410249,0.482578
2013_21_SEA_DEN,2013,21,0.531671,1.073447,0.487397
2014_01_GB_SEA,2014,1,0.646623,4.063064,0.487090
2014_01_BUF_CHI,2014,1,0.734815,6.420038,0.482867
2014_01_CIN_BAL,2014,1,0.531125,0.763322,0.493006
2014_01_CLE_PIT,2014,1,0.679021,5.005852,0.485401
2014_01_JAX_PHI,2014,1,0.807301,9.248431,0.477802
2014_01_MIN_STL,2014,1,0.534816,2.648887,0.489625
2014_01_NE_MIA,2014,1,0.390118,-3.479184,0.500615
2014_01_NO_ATL,2014,1,0.387976,-3.007794,0.499770
2014_01_OAK_NYJ,2014,1,0.708909,5.948642,0.483711
2014_01_TEN_KC,2014,1,0.585552,2.648887,0.489625
2014_01_WAS_HOU,2014,1,0.585941,2.648887,0.489625
2014_01_CAR_TB,2014,1,0.680779,5.005852,0.485401
2014_01_SF_DAL,2014,1,0.360626,-3.479184,0.500615
2014_01_IND_DEN,2014,1,0.753255,7.362833,0.481178
2014_01_NYG_DET,2014,1,0.707794,5.948642,0.483711
2014_01_SD_ARI,2014,1,0.602652,2.648887,0.489625
2014_02_PIT_BAL,2014,2,0.566705,2.177495,0.490470
2014_02_ARI_NYG,2014,2,0.490757,0.763322,0.493006
2014_02_ATL_CIN,2014,2,0.681949,5.005852,0.485401
2014_02_DAL_TEN,2014,2,0.584085,2.648887,0.489625
2014_02_DET_CAR,2014,2,0.538293,0.763322,0.493006
2014_02_JAX_WAS,2014,2,0.668941,4.534458,0.486245
2014_02_MIA_BUF,2014,2,0.534416,0.763322,0.493006
2014_02_NE_MIN,2014,2,0.413748,-3.479184,0.500615
2014_02_NO_CLE,2014,2,0.345666,-4.421962,0.502306
2014_02_SEA_SD,2014,2,0.345055,-4.421962,0.502306
2014_02_STL_TB,2014,2,0.632160,3.591671,0.487935
2014_02_HOU_OAK,2014,2,0.352132,-3.007794,0.499770
2014_02_KC_DEN,2014,2,0.864517,12.076857,0.472741
2014_02_NYJ_GB,2014,2,0.725740,6.420038,0.482867
2014_02_CHI_SF,2014,2,0.729180,6.420038,0.482867
2014_02_PHI_IND,2014,2,0.592610,2.648887,0.489625
2014_03_TB_ATL,2014,3,0.708909,5.948642,0.483711
2014_03_BAL_CLE,2014,3,0.466320,-2.065016,0.498079
2014_03_DAL_STL,2014,3,0.422530,-1.593627,0.497233
2014_03_GB_DET,2014,3,0.549567,1.234713,0.492161
2014_03_HOU_NYG,2014,3,0.469883,0.763322,0.493006
2014_03_IND_JAX,2014,3,0.298992,-5.836131,0.504842
2014_03_MIN_NO,2014,3,0.805433,9.248431,0.477802
2014_03_OAK_NE,2014,3,0.887712,13.019674,0.471056
2014_03_SD_BUF,2014,3,0.581054,2.177495,0.490470
2014_03_TEN_CIN,2014,3,0.710573,5.948642,0.483711
2014_03_WAS_PHI,2014,3,0.630907,3.591671,0.487935
2014_03_SF_ARI,2014,3,0.392801,-3.007794,0.499770
2014_03_DEN_SEA,2014,3,0.632160,3.591671,0.487935
2014_03_KC_MIA,2014,3,0.698410,5.477247,0.484556
2014_03_PIT_CAR,2014,3,0.595927,2.648887,0.489625
2014_03_CHI_NYJ,2014,3,0.520473,1.234713,0.492161
2014_04_NYG_WAS,2014,4,0.639133,2.648887,0.489625
2014_04_BUF_HOU,2014,4,0.628870,2.648887,0.489625
2014_04_CAR_BAL,2014,4,0.614863,3.120279,0.488780
2014_04_DET_NYJ,2014,4,0.559761,1.706104,0.491316
2014_04_GB_CHI,2014,4,0.448643,-2.065016,0.498079
2014_04_MIA_OAK,2014,4,0.355651,-3.950573,0.501461
2014_04_TB_PIT,2014,4,0.746683,6.891435,0.482022
2014_04_TEN_IND,2014,4,0.745253,6.891435,0.482022
2014_04_JAX_SD,2014,4,0.871840,12.076857,0.472741
2014_04_ATL_MIN,2014,4,0.313630,-5.364741,0.503997
2014_04_PHI_SF,2014,4,0.595250,3.120279,0.488780
2014_04_NO_DAL,2014,4,0.385869,-3.007794,0.499770
2014_04_NE_KC,2014,4,0.379511,-3.007794,0.499770
2014_05_MIN_GB,2014,5,0.764227,7.834231,0.480334
2014_05_ATL_NYG,2014,5,0.633411,3.591671,0.487935
2014_05_BAL_IND,2014,5,0.589180,2.177495,0.490470
2014_05_BUF_DET,2014,5,0.650306,4.063064,0.487090
2014_05_CHI_CAR,2014,5,0.535349,1.234713,0.492161
2014_05_CLE_TEN,2014,5,0.419094,-1.122237,0.496388
2014_05_HOU_DAL,2014,5,0.665087,4.534458,0.486245
2014_05_PIT_JAX,2014,5,0.293373,-5.836131,0.504842
2014_05_STL_PHI,2014,5,0.643161,3.120279,0.488780
2014_05_TB_NO,2014,5,0.827665,10.191235,0.476114
2014_05_ARI_DEN,2014,5,0.752754,7.362833,0.481178
2014_05_KC_SF,2014,5,0.630279,3.591671,0.487935
2014_05_NYJ_SD,2014,5,0.731223,6.420038,0.482867
2014_05_CIN_NE,2014,5,0.404283,-2.536405,0.498924
2014_05_SEA_WAS,2014,5,0.265452,-6.778911,0.506533
2014_06_IND_HOU,2014,6,0.419455,-2.536405,0.498924
2014_06_BAL_TB,2014,6,0.364455,-3.479184,0.500615
2014_06_CAR_CIN,2014,6,0.722509,6.420038,0.482867
2014_06_DEN_NYJ,2014,6,0.183054,-9.607258,0.511604
2014_06_DET_MIN,2014,6,0.558653,0.763322,0.493006
2014_06_GB_MIA,2014,6,0.453142,-1.593627,0.497233
2014_06_JAX_TEN,2014,6,0.630279,3.591671,0.487935
2014_06_NE_BUF,2014,6,0.550239,0.763322,0.493006
2014_06_PIT_CLE,2014,6,0.613675,2.177495,0.490470
2014_06_SD_OAK,2014,6,0.268615,-6.778911,0.506533
2014_06_CHI_ATL,2014,6,0.588112,3.120279,0.488780
2014_06_DAL_SEA,2014,6,0.805433,9.248431,0.477802
2014_06_WAS_ARI,2014,6,0.662080,4.534458,0.486245
2014_06_NYG_PHI,2014,6,0.562326,0.763322,0.493006
2014_06_SF_STL,2014,6,0.352037,-3.479184,0.500615
2014_07_NYJ_NE,2014,7,0.796241,8.777030,0.478646
2014_07_ATL_BAL,2014,7,0.729180,6.420038,0.482867
2014_07_CAR_GB,2014,7,0.710573,5.948642,0.483711
2014_07_CIN_IND,2014,7,0.605531,2.648887,0.489625
2014_07_CLE_JAX,2014,7,0.358126,-3.950573,0.501461
2014_07_MIA_CHI,2014,7,0.596924,2.648887,0.489625
2014_07_MIN_BUF,2014,7,0.727881,6.420038,0.482867
2014_07_NO_DET,2014,7,0.547630,1.234713,0.492161
2014_07_SEA_STL,2014,7,0.264401,-6.778911,0.506533
2014_07_TEN_WAS,2014,7,0.698410,5.477247,0.484556
2014_07_KC_SD,2014,7,0.618898,2.648887,0.489625
2014_07_ARI_OAK,2014,7,0.361833,-3.479184,0.500615
2014_07_NYG_DAL,2014,7,0.664487,4.534458,0.486245
2014_07_SF_DEN,2014,7,0.727881,6.420038,0.482867
2014_07_HOU_PIT,2014,7,0.570841,2.648887,0.489625
2014_08_SD_DEN,2014,8,0.780063,8.305630,0.479490
2014_08_DET_ATL,2014,8,0.361681,-3.479184,0.500615
2014_08_BAL_CIN,2014,8,0.411967,-2.536405,0.498924
2014_08_BUF_NYJ,2014,8,0.586957,2.648887,0.489625
2014_08_CHI_NE,2014,8,0.679608,5.005852,0.485401
2014_08_HOU_TEN,2014,8,0.343584,-3.479184,0.500615
2014_08_MIA_JAX,2014,8,0.265978,-6.778911,0.506533
2014_08_MIN_TB,2014,8,0.492137,0.763322,0.493006
2014_08_SEA_CAR,2014,8,0.293373,-5.836131,0.504842
2014_08_STL_KC,2014,8,0.742024,6.891435,0.482022
2014_08_PHI_ARI,2014,8,0.527570,0.763322,0.493006
2014_08_IND_PIT,2014,8,0.327991,-4.893352,0.503152
2014_08_OAK_CLE,2014,8,0.713337,5.948642,0.483711
2014_08_GB_NO,2014,8,0.562564,1.706104,0.491316
2014_08_WAS_DAL,2014,8,0.789881,8.777030,0.478646
2014_09_NO_CAR,2014,9,0.408556,-3.007794,0.499770
2014_09_ARI_DAL,2014,9,0.531294,1.234713,0.492161
2014_09_JAX_CIN,2014,9,0.805010,9.248431,0.477802
2014_09_NYJ_KC,2014,9,0.792109,8.777030,0.478646
2014_09_PHI_HOU,2014,9,0.446471,-1.593627,0.497233
2014_09_SD_MIA,2014,9,0.602066,2.648887,0.489625
2014_09_TB_CLE,2014,9,0.725203,6.420038,0.482867
2014_09_WAS_MIN,2014,9,0.456474,-1.122237,0.496388
2014_09_STL_SF,2014,9,0.816164,9.719833,0.476958
2014_09_DEN_NE,2014,9,0.387538,-3.007794,0.499770
2014_09_OAK_SEA,2014,9,0.877873,12.548265,0.471898
2014_09_BAL_PIT,2014,9,0.583348,2.177495,0.490470
2014_09_IND_NYG,2014,9,0.357794,-3.007794,0.499770
2014_10_CLE_CIN,2014,10,0.715214,5.948642,0.483711
2014_10_ATL_TB,2014,10,0.366425,-3.479184,0.500615
2014_10_DAL_JAX,2014,10,0.249290,-7.250301,0.507379
2014_10_KC_BUF,2014,10,0.587494,1.706104,0.491316
2014_10_MIA_DET,2014,10,0.591701,2.648887,0.489625
2014_10_PIT_NYJ,2014,10,0.343230,-4.421962,0.502306
2014_10_SF_NO,2014,10,0.692702,5.477247,0.484556
2014_10_TEN_BAL,2014,10,0.820661,9.719833,0.476958
2014_10_DEN_OAK,2014,10,0.127775,-12.435623,0.516673
2014_10_NYG_SEA,2014,10,0.776137,8.305630,0.479490
2014_10_STL_ARI,2014,10,0.722509,6.420038,0.482867
2014_10_CHI_GB,2014,10,0.792994,8.777030,0.478646
2014_10_CAR_PHI,2014,10,0.718588,6.420038,0.482867
2014_11_BUF_MIA,2014,11,0.637416,3.591671,0.487935
2014_11_ATL_CAR,2014,11,0.426176,-2.536405,0.498924
2014_11_CIN_NO,2014,11,0.762094,7.834231,0.480334
2014_11_DEN_STL,2014,11,0.239510,-7.721692,0.508224
2014_11_HOU_CLE,2014,11,0.649693,4.063064,0.487090
2014_11_MIN_CHI,2014,11,0.571251,2.177495,0.490470
2014_11_SEA_KC,2014,11,0.450992,-1.122237,0.496388
2014_11_SF_NYG,2014,11,0.354424,-3.950573,0.501461
2014_11_TB_WAS,2014,11,0.706433,5.948642,0.483711
2014_11_OAK_SD,2014,11,0.822274,9.719833,0.476958
2014_11_DET_ARI,2014,11,0.475928,-1.122237,0.496388
2014_11_PHI_GB,2014,11,0.655369,4.063064,0.487090
2014_11_NE_IND,2014,11,0.615890,2.648887,0.489625
2014_11_PIT_TEN,2014,11,0.264401,-6.778911,0.506533
2014_12_KC_OAK,2014,12,0.246882,-7.250301,0.507379
2014_12_CIN_HOU,2014,12,0.634305,2.648887,0.489625
2014_12_CLE_ATL,2014,12,0.574941,2.648887,0.489625
2014_12_DET_NE,2014,12,0.747815,6.891435,0.482022
2014_12_GB_MIN,2014,12,0.249290,-7.250301,0.507379
2014_12_JAX_IND,2014,12,0.869145,12.076857,0.472741
2014_12_TB_CHI,2014,12,0.629020,3.591671,0.487935
2014_12_TEN_PHI,2014,12,0.828049,10.191235,0.476114
2014_12_ARI_SEA,2014,12,0.736831,6.891435,0.482022
2014_12_STL_SD,2014,12,0.634663,3.591671,0.487935
2014_12_MIA_DEN,2014,12,0.705347,5.948642,0.483711
2014_12_WAS_SF,2014,12,0.777277,8.305630,0.479490
2014_12_DAL_NYG,2014,12,0.361852,-3.950573,0.501461
2014_12_NYJ_BUF,2014,12,0.584606,2.177495,0.490470
2014_12_BAL_NO,2014,12,0.575585,2.177495,0.490470
2014_13_CHI_DET,2014,13,0.740472,6.891435,0.482022
2014_13_PHI_DAL,2014,13,0.578655,2.648887,0.489625
2014_13_SEA_SF,2014,13,0.531186,0.763322,0.493006
2014_13_CAR_MIN,2014,13,0.583668,2.177495,0.490470
2014_13_CIN_TB,2014,13,0.292013,-5.836131,0.504842
2014_13_CLE_BUF,2014,13,0.573755,2.648887,0.489625
2014_13_NO_PIT,2014,13,0.612427,3.120279,0.488780
2014_13_NYG_JAX,2014,13,0.418699,-3.007794,0.499770
2014_13_OAK_STL,2014,13,0.706433,5.948642,0.483711
2014_13_SD_BAL,2014,13,0.705347,5.948642,0.483711
2014_13_TEN_HOU,2014,13,0.731223,6.420038,0.482867
2014_13_WAS_IND,2014,13,0.738917,6.891435,0.482022
2014_13_ARI_ATL,2014,13,0.419528,-1.593627,0.497233
2014_13_NE_GB,2014,13,0.601772,2.648887,0.489625
2014_13_DEN_KC,2014,13,0.526513,0.763322,0.493006
2014_13_MIA_NYJ,2014,13,0.287075,-6.307521,0.505688
2014_14_DAL_CHI,2014,14,0.388418,-3.479184,0.500615
2014_14_BAL_MIA,2014,14,0.599944,2.648887,0.489625
2014_14_CAR_NO,2014,14,0.766647,7.834231,0.480334
2014_14_HOU_JAX,2014,14,0.284141,-6.307521,0.505688
2014_14_IND_CLE,2014,14,0.401368,-3.007794,0.499770
2014_14_NYG_TEN,2014,14,0.395495,-3.007794,0.499770
2014_14_NYJ_MIN,2014,14,0.648467,4.063064,0.487090
2014_14_PIT_CIN,2014,14,0.592874,2.648887,0.489625
2014_14_STL_WAS,2014,14,0.441089,-2.536405,0.498924
2014_14_TB_DET,2014,14,0.819528,9.719833,0.476958
2014_14_BUF_DEN,2014,14,0.780986,8.305630,0.479490
2014_14_KC_ARI,2014,14,0.443346,-2.536405,0.498924
2014_14_SEA_PHI,2014,14,0.461927,-1.593627,0.497233
2014_14_SF_OAK,2014,14,0.239020,-7.721692,0.508224
2014_14_NE_SD,2014,14,0.361229,-3.950573,0.501461
2014_14_ATL_GB,2014,14,0.875120,12.548265,0.471898
2014_15_ARI_STL,2014,15,0.693276,5.477247,0.484556
2014_15_CIN_CLE,2014,15,0.605256,2.177495,0.490470
2014_15_GB_BUF,2014,15,0.380760,-3.479184,0.500615
2014_15_HOU_IND,2014,15,0.723590,6.420038,0.482867
2014_15_JAX_BAL,2014,15,0.884128,13.019674,0.471056
2014_15_MIA_NE,2014,15,0.792109,8.777030,0.478646
2014_15_OAK_KC,2014,15,0.828816,10.191235,0.476114
2014_15_PIT_ATL,2014,15,0.378715,-3.007794,0.499770
2014_15_TB_CAR,2014,15,0.628738,3.120279,0.488780
2014_15_WAS_NYG,2014,15,0.730720,6.420038,0.482867
2014_15_DEN_SD,2014,15,0.360606,-3.950573,0.501461
2014_15_NYJ_TEN,2014,15,0.369957,-3.479184,0.500615
2014_15_MIN_DET,2014,15,0.755252,7.362833,0.481178
2014_15_SF_SEA,2014,15,0.810073,9.248431,0.477802
2014_15_DAL_PHI,2014,15,0.635685,3.120279,0.488780
2014_15_NO_CHI,2014,15,0.419223,-3.007794,0.499770
2014_16_TEN_JAX,2014,16,0.633411,3.591671,0.487935
2014_16_PHI_WAS,2014,16,0.267031,-6.778911,0.506533
2014_16_SD_SF,2014,16,0.553510,1.706104,0.491316
2014_16_ATL_NO,2014,16,0.696703,5.477247,0.484556
2014_16_BAL_HOU,2014,16,0.296175,-5.836131,0.504842
2014_16_CLE_CAR,2014,16,0.693850,5.477247,0.484556
2014_16_DET_CHI,2014,16,0.187655,-9.607258,0.511604
2014_16_GB_TB,2014,16,0.154514,-11.021438,0.514139
2014_16_KC_PIT,2014,16,0.592778,2.177495,0.490470
2014_16_MIN_MIA,2014,16,0.647853,4.063064,0.487090
2014_16_NE_NYJ,2014,16,0.184705,-9.607258,0.511604
2014_16_NYG_STL,2014,16,0.730212,6.420038,0.482867
2014_16_BUF_OAK,2014,16,0.263125,-6.778911,0.506533
2014_16_IND_DAL,2014,16,0.610822,3.120279,0.488780
2014_16_SEA_ARI,2014,16,0.200194,-9.135866,0.510759
2014_16_DEN_CIN,2014,16,0.373523,-3.479184,0.500615
2014_17_BUF_NE,2014,17,0.645388,4.063064,0.487090
2014_17_CHI_MIN,2014,17,0.722509,6.420038,0.482867
2014_17_CLE_BAL,2014,17,0.886166,13.019674,0.471056
2014_17_DAL_WAS,2014,17,0.297299,-5.836131,0.504842
2014_17_IND_TEN,2014,17,0.249290,-7.250301,0.507379
2014_17_JAX_HOU,2014,17,0.767128,7.834231,0.480334
2014_17_NO_TB,2014,17,0.294494,-5.836131,0.504842
2014_17_NYJ_MIA,2014,17,0.722509,6.420038,0.482867
2014_17_PHI_NYG,2014,17,0.421739,-1.122237,0.496388
2014_17_SD_KC,2014,17,0.574608,2.648887,0.489625
2014_17_ARI_SF,2014,17,0.698410,5.477247,0.484556
2014_17_CAR_ATL,2014,17,0.566384,2.177495,0.490470
2014_17_DET_GB,2014,17,0.781908,8.305630,0.479490
2014_17_OAK_DEN,2014,17,0.918979,15.376739,0.466844
2014_17_STL_SEA,2014,17,0.828816,10.191235,0.476114
2014_17_CIN_PIT,2014,17,0.609525,2.648887,0.489625
2014_18_ARI_CAR,2014,18,0.683119,5.005852,0.485401
2014_18_BAL_PIT,2014,18,0.596288,2.648887,0.489625
2014_18_CIN_IND,2014,18,0.626090,3.120279,0.488780
2014_18_DET_DAL,2014,18,0.696703,5.477247,0.484556
2014_19_BAL_NE,2014,19,0.730720,6.420038,0.482867
2014_19_CAR_SEA,2014,19,0.874233,12.548265,0.471898
2014_19_DAL_GB,2014,19,0.680194,5.005852,0.485401
2014_19_IND_DEN,2014,19,0.788788,8.777030,0.478646
2014_20_GB_SEA,2014,20,0.765198,7.834231,0.480334
2014_20_IND_NE,2014,20,0.719101,6.420038,0.482867
2014_21_NE_SEA,2014,21,0.464309,-1.122237,0.496388
2015_01_PIT_NE,2015,1,0.746064,6.867527,0.481316
2015_01_CAR_JAX,2015,1,0.388062,-3.018608,0.499450
2015_01_CLE_NYJ,2015,1,0.629300,3.101357,0.488221
2015_01_GB_CHI,2015,1,0.312718,-5.372435,0.503770
2015_01_IND_BUF,2015,1,0.440336,-1.135546,0.495995
2015_01_KC_HOU,2015,1,0.494114,-1.135546,0.495995
2015_01_MIA_WAS,2015,1,0.360902,-3.960138,0.501178
2015_01_SEA_STL,2015,1,0.356411,-3.489373,0.500314
2015_01_DET_SD,2015,1,0.622496,3.101357,0.488221
2015_01_NO_ARI,2015,1,0.569638,1.689053,0.490812
2015_01_BAL_DEN,2015,1,0.646333,4.042896,0.486495
2015_01_CIN_OAK,2015,1,0.391995,-3.018608,0.499450
2015_01_TEN_TB,2015,1,0.595236,2.630589,0.489085
2015_01_NYG_DAL,2015,1,0.729609,6.396753,0.482179
2015_01_PHI_ATL,2015,1,0.405522,-3.489373,0.500314
2015_01_MIN_SF,2015,1,0.456475,-2.547842,0.498586
2015_02_DEN_KC,2015,2,0.581408,2.630589,0.489085
2015_02_ARI_CHI,2015,2,0.402105,-2.077077,0.497722
2015_02_ATL_NYG,2015,2,0.499166,1.689053,0.490812
2015_02_DET_MIN,2015,2,0.589909,2.159821,0.489948
2015_02_HOU_CAR,2015,2,0.591140,2.630589,0.489085
2015_02_NE_BUF,2015,2,0.568447,1.689053,0.490812
2015_02_SD_CIN,2015,2,0.608453,3.101357,0.488221
2015_02_SF_PIT,2015,2,0.699042,5.455208,0.483905
2015_02_STL_WAS,2015,2,0.433845,-3.018608,0.499450
2015_02_TB_NO,2015,2,0.797775,8.750630,0.477867
2015_02_TEN_CLE,2015,2,0.550012,0.747519,0.492539
2015_02_BAL_OAK,2015,2,0.300083,-5.843201,0.504634
2015_02_MIA_JAX,2015,2,0.328453,-4.901669,0.502906
2015_02_DAL_PHI,2015,2,0.731122,6.396753,0.482179
2015_02_SEA_GB,2015,2,0.619945,3.101357,0.488221
2015_02_NYJ_IND,2015,2,0.699848,5.455208,0.483905
2015_03_WAS_NYG,2015,3,0.555309,2.630589,0.489085
2015_03_ATL_DAL,2015,3,0.489510,0.747519,0.492539
2015_03_CIN_BAL,2015,3,0.581776,2.159821,0.489948
2015_03_IND_TEN,2015,3,0.391309,-3.018608,0.499450
2015_03_JAX_NE,2015,3,0.895659,13.458460,0.469252
2015_03_NO_CAR,2015,3,0.811168,9.221408,0.477004
2015_03_OAK_CLE,2015,3,0.629986,3.101357,0.488221
2015_03_PHI_NYJ,2015,3,0.611252,2.630589,0.489085
2015_03_PIT_STL,2015,3,0.521590,1.218286,0.491676
2015_03_SD_MIN,2015,3,0.602698,2.159821,0.489948
2015_03_TB_HOU,2015,3,0.697427,5.455208,0.483905
2015_03_SF_ARI,2015,3,0.730366,6.396753,0.482179
2015_03_BUF_MIA,2015,3,0.546327,0.747519,0.492539
2015_03_CHI_SEA,2015,3,0.923538,15.341628,0.465811
2015_03_DEN_DET,2015,3,0.378823,-3.018608,0.499450
2015_03_KC_GB,2015,3,0.646333,4.042896,0.486495
2015_04_BAL_PIT,2015,4,0.377107,-3.018608,0.499450
2015_04_NYJ_MIA,2015,4,0.389794,-2.547842,0.498586
2015_04_CAR_TB,2015,4,0.371690,-3.018608,0.499450
2015_04_HOU_ATL,2015,4,0.635998,3.572126,0.487358
2015_04_JAX_IND,2015,4,0.628869,3.572126,0.487358
2015_04_KC_CIN,2015,4,0.629377,3.101357,0.488221
2015_04_NYG_BUF,2015,4,0.697427,5.455208,0.483905
2015_04_OAK_CHI,2015,4,0.394095,-3.018608,0.499450
2015_04_PHI_WAS,2015,4,0.383394,-3.018608,0.499450
2015_04_CLE_SD,2015,4,0.645454,4.042896,0.486495
2015_04_GB_SF,2015,4,0.244655,-7.255499,0.507225
2015_04_MIN_DEN,2015,4,0.735832,6.396753,0.482179
2015_04_STL_ARI,2015,4,0.734409,6.396753,0.482179
2015_04_DAL_NO,2015,4,0.602132,2.630589,0.489085
2015_04_DET_SEA,2015,4,0.811168,9.221408,0.477004
2015_05_IND_HOU,2015,5,0.655046,4.042896,0.486495
2015_05_BUF_TEN,2015,5,0.531254,0.747519,0.492539
2015_05_CHI_KC,2015,5,0.812305,9.221408,0.477004
2015_05_CLE_BAL,2015,5,0.693366,5.455208,0.483905
2015_05_JAX_TB,2015,5,0.513098,0.747519,0.492539
2015_05_NO_PHI,2015,5,0.704394,5.925980,0.483042
2015_05_SEA_CIN,2015,5,0.599615,2.630589,0.489085
2015_05_STL_GB,2015,5,0.772464,7.809077,0.479591
2015_05_WAS_ATL,2015,5,0.751893,6.867527,0.481316
2015_05_ARI_DET,2015,5,0.340206,-4.430904,0.502042
2015_05_DEN_OAK,2015,5,0.325919,-4.901669,0.502906
2015_05_NE_DAL,2015,5,0.238433,-7.726266,0.508089
2015_05_SF_NYG,2015,5,0.741681,6.867527,0.481316
2015_05_PIT_SD,2015,5,0.634222,3.572126,0.487358
2015_06_ATL_NO,2015,6,0.349730,-3.018608,0.499450
2015_06_ARI_PIT,2015,6,0.306165,-5.372435,0.503770
2015_06_CHI_DET,2015,6,0.612238,3.101357,0.488221
2015_06_CIN_BUF,2015,6,0.392882,-3.018608,0.499450
2015_06_DEN_CLE,2015,6,0.370286,-3.489373,0.500314
2015_06_HOU_JAX,2015,6,0.544459,2.159821,0.489948
2015_06_KC_MIN,2015,6,0.659328,3.101357,0.488221
2015_06_MIA_TEN,2015,6,0.565073,2.159821,0.489948
2015_06_WAS_NYJ,2015,6,0.737991,6.867527,0.481316
2015_06_CAR_SEA,2015,6,0.727336,6.396753,0.482179
2015_06_BAL_SF,2015,6,0.437472,-2.547842,0.498586
2015_06_SD_GB,2015,6,0.820654,9.692187,0.476142
2015_06_NE_IND,2015,6,0.235662,-7.726266,0.508089
2015_06_NYG_PHI,2015,6,0.639373,3.101357,0.488221
2015_07_SEA_SF,2015,7,0.280020,-6.313967,0.505497
2015_07_BUF_JAX,2015,7,0.377157,-3.489373,0.500314
2015_07_ATL_TEN,2015,7,0.311070,-5.372435,0.503770
2015_07_CLE_STL,2015,7,0.706702,5.925980,0.483042
2015_07_HOU_MIA,2015,7,0.643313,4.042896,0.486495
2015_07_MIN_DET,2015,7,0.503436,0.747519,0.492539
2015_07_NO_IND,2015,7,0.679405,4.984437,0.484768
2015_07_NYJ_NE,2015,7,0.737914,6.396753,0.482179
2015_07_PIT_KC,2015,7,0.631552,3.572126,0.487358
2015_07_TB_WAS,2015,7,0.619204,2.630589,0.489085
2015_07_OAK_SD,2015,7,0.616390,3.101357,0.488221
2015_07_DAL_NYG,2015,7,0.582283,2.630589,0.489085
2015_07_PHI_CAR,2015,7,0.608780,2.630589,0.489085
2015_07_BAL_ARI,2015,7,0.808547,9.221408,0.477004
2015_08_MIA_NE,2015,8,0.750294,7.338301,0.480454
2015_08_DET_KC,2015,8,0.571051,2.630589,0.489085
2015_08_ARI_CLE,2015,8,0.260301,-6.784733,0.506361
2015_08_CIN_PIT,2015,8,0.531839,0.747519,0.492539
2015_08_MIN_CHI,2015,8,0.436991,-1.135546,0.495995
2015_08_NYG_NO,2015,8,0.601129,2.630589,0.489085
2015_08_SD_BAL,2015,8,0.649830,4.042896,0.486495
2015_08_SF_STL,2015,8,0.752041,7.338301,0.480454
2015_08_TB_ATL,2015,8,0.761506,7.338301,0.480454
2015_08_TEN_HOU,2015,8,0.647597,3.101357,0.488221
2015_08_NYJ_OAK,2015,8,0.377846,-3.018608,0.499450
2015_08_SEA_DAL,2015,8,0.339347,-4.430904,0.502042
2015_08_GB_DEN,2015,8,0.406176,-2.547842,0.498586
2015_08_IND_CAR,2015,8,0.670280,4.513666,0.485631
2015_09_CLE_CIN,2015,9,0.863191,12.046099,0.471834
2015_09_GB_CAR,2015,9,0.433903,-2.077077,0.497722
2015_09_JAX_NYJ,2015,9,0.742414,6.867527,0.481316
2015_09_MIA_BUF,2015,9,0.635110,3.572126,0.487358
2015_09_OAK_PIT,2015,9,0.696619,5.455208,0.483905
2015_09_STL_MIN,2015,9,0.596401,1.689053,0.490812
2015_09_TEN_NO,2015,9,0.731122,6.396753,0.482179
2015_09_WAS_NE,2015,9,0.876202,12.516885,0.470973
2015_09_ATL_SF,2015,9,0.198236,-9.138569,0.510679
2015_09_NYG_TB,2015,9,0.447117,-1.606312,0.496858
2015_09_DEN_IND,2015,9,0.370271,-3.489373,0.500314
2015_09_PHI_DAL,2015,9,0.387427,-3.018608,0.499450
2015_09_CHI_SD,2015,9,0.622754,3.101357,0.488221
2015_10_BUF_NYJ,2015,10,0.612941,2.159821,0.489948
2015_10_CAR_TEN,2015,10,0.353315,-3.489373,0.500314
2015_10_CHI_STL,2015,10,0.739473,6.867527,0.481316
2015_10_CLE_PIT,2015,10,0.727336,6.396753,0.482179
2015_10_DAL_TB,2015,10,0.442976,-1.135546,0.495995
2015_10_DET_GB,2015,10,0.822587,9.692187,0.476142
2015_10_JAX_BAL,2015,10,0.633333,3.572126,0.487358
2015_10_MIA_PHI,2015,10,0.684391,4.984437,0.484768
2015_10_NO_WAS,2015,10,0.473612,-1.135546,0.495995
2015_10_MIN_OAK,2015,10,0.576529,2.630589,0.489085
2015_10_KC_DEN,2015,10,0.639930,3.572126,0.487358
2015_10_NE_NYG,2015,10,0.263266,-6.784733,0.506361
2015_10_ARI_SEA,2015,10,0.591492,2.630589,0.489085
2015_10_HOU_CIN,2015,10,0.806761,9.221408,0.477004
2015_11_TEN_JAX,2015,11,0.626223,2.630589,0.489085
2015_11_DAL_MIA,2015,11,0.410970,-2.547842,0.498586
2015_11_DEN_CHI,2015,11,0.404524,-2.547842,0.498586
2015_11_IND_ATL,2015,11,0.647036,3.101357,0.488221
2015_11_NYJ_HOU,2015,11,0.354736,-3.960138,0.501178
2015_11_OAK_DET,2015,11,0.423329,-2.077077,0.497722
2015_11_STL_BAL,2015,11,0.622276,2.630589,0.489085
2015_11_TB_PHI,2015,11,0.732955,6.396753,0.482179
2015_11_WAS_CAR,2015,11,0.726576,6.396753,0.482179
2015_11_KC_SD,2015,11,0.412033,-3.018608,0.499450
2015_11_GB_MIN,2015,11,0.475093,-1.135546,0.495995
2015_11_SF_SEA,2015,11,0.887793,12.987672,0.470112
2015_11_CIN_ARI,2015,11,0.639930,3.572126,0.487358
2015_11_BUF_NE,2015,11,0.729609,6.396753,0.482179
2015_12_PHI_DET,2015,12,0.583145,2.630589,0.489085
2015_12_CAR_DAL,2015,12,0.452531,-1.135546,0.495995
2015_12_CHI_GB,2015,12,0.737991,6.867527,0.481316
2015_12_BUF_KC,2015,12,0.645454,4.042896,0.486495
2015_12_MIA_NYJ,2015,12,0.645454,4.042896,0.486495
2015_12_MIN_ATL,2015,12,0.575702,1.689053,0.490812
2015_12_NO_HOU,2015,12,0.630298,3.101357,0.488221
2015_12_NYG_WAS,2015,12,0.481241,-1.135546,0.495995
2015_12_OAK_TEN,2015,12,0.449460,-1.135546,0.495995
2015_12_SD_JAX,2015,12,0.657157,4.513666,0.485631
2015_12_STL_CIN,2015,12,0.828472,9.692187,0.476142
2015_12_TB_IND,2015,12,0.627223,2.630589,0.489085
2015_12_ARI_SF,2015,12,0.250682,-7.255499,0.507225
2015_12_PIT_SEA,2015,12,0.611310,2.630589,0.489085
2015_12_NE_DEN,2015,12,0.406965,-2.547842,0.498586
2015_12_BAL_CLE,2015,12,0.692552,5.455208,0.483905
2015_13_GB_DET,2015,13,0.396925,-2.547842,0.498586
2015_13_ARI_STL,2015,13,0.347284,-3.489373,0.500314
2015_13_ATL_TB,2015,13,0.485331,0.747519,0.492539
2015_13_BAL_MIA,2015,13,0.623502,3.101357,0.488221
2015_13_CIN_CLE,2015,13,0.243282,-7.255499,0.507225
2015_13_HOU_BUF,2015,13,0.580137,2.630589,0.489085
2015_13_JAX_TEN,2015,13,0.597939,2.630589,0.489085
2015_13_NYJ_NYG,2015,13,0.381730,-2.077077,0.497722
2015_13_SEA_MIN,2015,13,0.434070,-2.547842,0.498586
2015_13_SF_CHI,2015,13,0.697427,5.455208,0.483905
2015_13_DEN_SD,2015,13,0.287475,-5.843201,0.504634
2015_13_KC_OAK,2015,13,0.400849,-3.018608,0.499450
2015_13_CAR_NO,2015,13,0.304536,-5.372435,0.503770
2015_13_PHI_NE,2015,13,0.793411,8.750630,0.477867
2015_13_IND_PIT,2015,13,0.804963,9.221408,0.477004
2015_13_DAL_WAS,2015,13,0.573754,1.689053,0.490812
2015_14_MIN_ARI,2015,14,0.806761,9.221408,0.477004
2015_14_ATL_CAR,2015,14,0.766342,7.809077,0.479591
2015_14_BUF_PHI,2015,14,0.547756,0.747519,0.492539
2015_14_DET_STL,2015,14,0.374815,-3.018608,0.499450
2015_14_IND_JAX,2015,14,0.528235,0.747519,0.492539
2015_14_NO_TB,2015,14,0.694996,5.455208,0.483905
2015_14_PIT_CIN,2015,14,0.526655,0.747519,0.492539
2015_14_SD_KC,2015,14,0.837106,10.633749,0.474419
2015_14_SEA_BAL,2015,14,0.168483,-10.080106,0.512406
2015_14_SF_CLE,2015,14,0.567520,2.159821,0.489948
2015_14_TEN_NYJ,2015,14,0.760827,7.338301,0.480454
2015_14_WAS_CHI,2015,14,0.629765,3.572126,0.487358
2015_14_OAK_DEN,2015,14,0.694996,5.455208,0.483905
2015_14_DAL_GB,2015,14,0.693366,5.455208,0.483905
2015_14_NE_HOU,2015,14,0.355613,-3.960138,0.501178
2015_14_NYG_MIA,2015,14,0.419700,-2.547842,0.498586
2015_15_TB_STL,2015,15,0.528189,0.747519,0.492539
2015_15_NYJ_DAL,2015,15,0.364425,-3.018608,0.499450
2015_15_ATL_JAX,2015,15,0.537896,1.689053,0.490812
2015_15_BUF_WAS,2015,15,0.413781,-2.547842,0.498586
2015_15_CAR_NYG,2015,15,0.343656,-4.430904,0.502042
2015_15_CHI_MIN,2015,15,0.633333,3.572126,0.487358
2015_15_HOU_IND,2015,15,0.561206,2.159821,0.489948
2015_15_KC_BAL,2015,15,0.278478,-6.313967,0.505497
2015_15_TEN_NE,2015,15,0.898591,13.458460,0.469252
2015_15_CLE_SEA,2015,15,0.894580,13.458460,0.469252
2015_15_GB_OAK,2015,15,0.357371,-3.960138,0.501178
2015_15_CIN_SF,2015,15,0.257790,-6.784733,0.506361
2015_15_DEN_PIT,2015,15,0.740211,6.867527,0.481316
2015_15_MIA_SD,2015,15,0.529832,0.747519,0.492539
2015_15_ARI_PHI,2015,15,0.369740,-3.489373,0.500314
2015_15_DET_NO,2015,15,0.582437,2.159821,0.489948
2015_16_SD_OAK,2015,16,0.633333,3.572126,0.487358
2015_16_WAS_PHI,2015,16,0.617179,3.101357,0.488221
2015_16_CAR_ATL,2015,16,0.258506,-6.784733,0.506361
2015_16_CHI_TB,2015,16,0.585869,2.630589,0.489085
2015_16_CLE_KC,2015,16,0.839187,10.633749,0.474419
2015_16_DAL_BUF,2015,16,0.714145,5.925980,0.483042
2015_16_HOU_TEN,2015,16,0.324544,-3.489373,0.500314
2015_16_IND_MIA,2015,16,0.576278,2.159821,0.489948
2015_16_NE_NYJ,2015,16,0.449935,-2.547842,0.498586
2015_16_PIT_BAL,2015,16,0.166434,-10.550875,0.513270
2015_16_SF_DET,2015,16,0.762628,7.809077,0.479591
2015_16_JAX_NO,2015,16,0.570103,2.159821,0.489948
2015_16_GB_ARI,2015,16,0.694996,5.455208,0.483905
2015_16_STL_SEA,2015,16,0.832233,10.162967,0.475280
2015_16_NYG_MIN,2015,16,0.731122,6.396753,0.482179
2015_16_CIN_DEN,2015,16,0.618847,3.101357,0.488221
2015_17_BAL_CIN,2015,17,0.816322,9.221408,0.477004
2015_17_DET_CHI,2015,17,0.394886,-2.547842,0.498586
2015_17_JAX_HOU,2015,17,0.663467,4.513666,0.485631
2015_17_NE_MIA,2015,17,0.181066,-9.609337,0.511543
2015_17_NO_ATL,2015,17,0.698235,5.455208,0.483905
2015_17_NYJ_BUF,2015,17,0.385398,-2.547842,0.498586
2015_17_PHI_NYG,2015,17,0.628869,3.572126,0.487358
2015_17_PIT_CLE,2015,17,0.122132,-12.433959,0.516722
2015_17_TEN_IND,2015,17,0.626152,3.101357,0.488221
2015_17_WAS_DAL,2015,17,0.578866,2.630589,0.489085
2015_17_OAK_KC,2015,17,0.711793,5.925980,0.483042
2015_17_SD_DEN,2015,17,0.802276,9.221408,0.477004
2015_17_SEA_ARI,2015,17,0.700653,5.455208,0.483905
2015_17_STL_SF,2015,17,0.435085,-3.018608,0.499450
2015_17_TB_CAR,2015,17,0.813965,9.221408,0.477004
2015_17_MIN_GB,2015,17,0.594673,2.630589,0.489085
2015_18_KC_HOU,2015,18,0.408261,-3.018608,0.499450
2015_18_PIT_CIN,2015,18,0.414775,-2.077077,0.497722
2015_18_SEA_MIN,2015,18,0.363060,-3.960138,0.501178
2015_18_GB_WAS,2015,18,0.570917,1.689053,0.490812
2015_19_KC_NE,2015,19,0.697427,5.455208,0.483905
2015_19_GB_ARI,2015,19,0.735124,6.396753,0.482179
2015_19_SEA_CAR,2015,19,0.580837,2.159821,0.489948
2015_19_PIT_DEN,2015,19,0.728095,6.396753,0.482179
2015_20_NE_DEN,2015,20,0.410770,-2.547842,0.498586
2015_20_ARI_CAR,2015,20,0.610691,3.101357,0.488221
2015_21_CAR_DEN,2015,21,0.344523,-4.430904,0.502042
2016_01_CAR_DEN,2016,1,0.363473,-3.075923,0.497756
2016_01_BUF_BAL,2016,1,0.587117,2.525400,0.485978
2016_01_CHI_HOU,2016,1,0.679766,4.859313,0.481074
2016_01_CIN_NYJ,2016,1,0.555307,0.658285,0.489903
2016_01_CLE_PHI,2016,1,0.648693,2.992181,0.484997
2016_01_GB_JAX,2016,1,0.370123,-3.542698,0.498738
2016_01_MIN_TEN,2016,1,0.393934,-2.609148,0.496775
2016_01_OAK_NO,2016,1,0.544981,2.058620,0.486959
2016_01_SD_KC,2016,1,0.706925,5.792885,0.479113
2016_01_TB_ATL,2016,1,0.531198,2.058620,0.486959
2016_01_MIA_SEA,2016,1,0.817411,9.527225,0.471278
2016_01_DET_IND,2016,1,0.559394,2.058620,0.486959
2016_01_NYG_DAL,2016,1,0.460341,0.658285,0.489903
2016_01_NE_ARI,2016,1,0.773378,8.126837,0.474215
2016_01_PIT_WAS,2016,1,0.430138,-2.609148,0.496775
2016_01_LA_SF,2016,1,0.438283,-2.609148,0.496775
2016_02_NYJ_BUF,2016,2,0.504495,1.125063,0.488922
2016_02_BAL_CLE,2016,2,0.346505,-4.009473,0.499720
2016_02_CIN_PIT,2016,2,0.594441,2.525400,0.485978
2016_02_DAL_WAS,2016,2,0.620735,2.992181,0.484997
2016_02_KC_HOU,2016,2,0.490444,-1.208822,0.493829
2016_02_MIA_NE,2016,2,0.681300,4.859313,0.481074
2016_02_NO_NYG,2016,2,0.660271,2.992181,0.484997
2016_02_SF_CAR,2016,2,0.847964,10.927627,0.468343
2016_02_TB_ARI,2016,2,0.753362,6.726462,0.477153
2016_02_TEN_DET,2016,2,0.687451,5.326099,0.480094
2016_02_SEA_LA,2016,2,0.308567,-5.409797,0.502666
2016_02_ATL_OAK,2016,2,0.627326,3.458963,0.484016
2016_02_IND_DEN,2016,2,0.661074,4.392529,0.482054
2016_02_JAX_SD,2016,2,0.601554,2.525400,0.485978
2016_02_GB_MIN,2016,2,0.454158,-1.675598,0.494811
2016_02_PHI_CHI,2016,2,0.513508,2.525400,0.485978
2016_03_HOU_NE,2016,3,0.470373,0.658285,0.489903
2016_03_ARI_BUF,2016,3,0.325357,-4.943022,0.501684
2016_03_BAL_JAX,2016,3,0.461331,-1.208822,0.493829
2016_03_CLE_MIA,2016,3,0.800447,9.060427,0.472257
2016_03_DEN_CIN,2016,3,0.615175,2.992181,0.484997
2016_03_DET_GB,2016,3,0.687451,5.326099,0.480094
2016_03_MIN_CAR,2016,3,0.696471,5.326099,0.480094
2016_03_OAK_TEN,2016,3,0.445527,-1.675598,0.494811
2016_03_WAS_NYG,2016,3,0.663639,2.992181,0.484997
2016_03_LA_TB,2016,3,0.672834,2.992181,0.484997
2016_03_SF_SEA,2016,3,0.816353,9.527225,0.471278
2016_03_NYJ_KC,2016,3,0.531803,2.525400,0.485978
2016_03_PIT_PHI,2016,3,0.430314,-3.542698,0.498738
2016_03_SD_IND,2016,3,0.529718,1.125063,0.488922
2016_03_CHI_DAL,2016,3,0.709838,5.792885,0.479113
2016_03_ATL_NO,2016,3,0.513177,2.058620,0.486959
2016_04_MIA_CIN,2016,4,0.745782,6.726462,0.477153
2016_04_IND_JAX,2016,4,0.544108,0.658285,0.489903
2016_04_BUF_NE,2016,4,0.610722,2.992181,0.484997
2016_04_CAR_ATL,2016,4,0.442901,-2.609148,0.496775
2016_04_CLE_WAS,2016,4,0.728781,6.726462,0.477153
2016_04_DET_CHI,2016,4,0.408472,-3.075923,0.497756
2016_04_OAK_BAL,2016,4,0.624033,2.992181,0.484997
2016_04_SEA_NYJ,2016,4,0.487221,-1.208822,0.493829
2016_04_TEN_HOU,2016,4,0.628972,3.458963,0.484016
2016_04_DEN_TB,2016,4,0.417277,-3.542698,0.498738
2016_04_DAL_SF,2016,4,0.483190,-1.208822,0.493829
2016_04_LA_ARI,2016,4,0.809763,9.060427,0.472257
2016_04_NO_SD,2016,4,0.624021,3.458963,0.484016
2016_04_KC_PIT,2016,4,0.576750,2.525400,0.485978
2016_04_NYG_MIN,2016,4,0.560824,2.992181,0.484997
2016_05_ARI_SF,2016,5,0.383989,-3.542698,0.498738
2016_05_CHI_IND,2016,5,0.628972,3.458963,0.484016
2016_05_HOU_MIN,2016,5,0.691980,5.326099,0.480094
2016_05_NE_CLE,2016,5,0.185651,-9.610785,0.511500
2016_05_NYJ_PIT,2016,5,0.818199,9.060427,0.472257
2016_05_PHI_DET,2016,5,0.315613,-3.542698,0.498738
2016_05_TEN_MIA,2016,5,0.610462,2.058620,0.486959
2016_05_WAS_BAL,2016,5,0.633897,3.458963,0.484016
2016_05_ATL_DEN,2016,5,0.558671,2.992181,0.484997
2016_05_BUF_LA,2016,5,0.384309,-2.609148,0.496775
2016_05_CIN_DAL,2016,5,0.419137,-2.609148,0.496775
2016_05_SD_OAK,2016,5,0.608454,2.992181,0.484997
2016_05_NYG_GB,2016,5,0.728541,6.259673,0.478133
2016_05_TB_CAR,2016,5,0.694977,5.326099,0.480094
2016_06_DEN_SD,2016,6,0.387658,-3.075923,0.497756
2016_06_BAL_NYG,2016,6,0.627298,2.992181,0.484997
2016_06_CAR_NO,2016,6,0.415562,-2.609148,0.496775
2016_06_CIN_NE,2016,6,0.750896,6.726462,0.477153
2016_06_CLE_TEN,2016,6,0.739795,6.726462,0.477153
2016_06_JAX_CHI,2016,6,0.539295,2.058620,0.486959
2016_06_LA_DET,2016,6,0.569422,2.058620,0.486959
2016_06_PHI_WAS,2016,6,0.345285,-3.075923,0.497756
2016_06_PIT_MIA,2016,6,0.239117,-7.276899,0.506593
2016_06_SF_BUF,2016,6,0.745782,6.726462,0.477153
2016_06_KC_OAK,2016,6,0.493457,-1.208822,0.493829
2016_06_ATL_SEA,2016,6,0.724330,6.259673,0.478133
2016_06_DAL_GB,2016,6,0.656317,4.392529,0.482054
2016_06_IND_HOU,2016,6,0.608465,2.525400,0.485978
2016_06_NYJ_ARI,2016,6,0.731566,6.726462,0.477153
2016_07_CHI_GB,2016,7,0.750896,6.726462,0.477153
2016_07_NYG_LA,2016,7,0.313209,-3.075923,0.497756
2016_07_BAL_NYJ,2016,7,0.564759,1.591841,0.487940
2016_07_BUF_MIA,2016,7,0.454416,-2.609148,0.496775
2016_07_CLE_CIN,2016,7,0.834005,10.460825,0.469321
2016_07_IND_TEN,2016,7,0.627326,3.458963,0.484016
2016_07_MIN_PHI,2016,7,0.443180,-2.609148,0.496775
2016_07_NO_KC,2016,7,0.694977,5.326099,0.480094
2016_07_OAK_JAX,2016,7,0.535077,1.125063,0.488922
2016_07_WAS_DET,2016,7,0.442921,-1.208822,0.493829
2016_07_SD_ATL,2016,7,0.641925,3.925745,0.483035
2016_07_TB_SF,2016,7,0.493841,0.658285,0.489903
2016_07_NE_PIT,2016,7,0.232728,-7.276899,0.506593
2016_07_SEA_ARI,2016,7,0.578300,2.058620,0.486959
2016_07_HOU_DEN,2016,7,0.765423,7.660044,0.475194
2016_08_JAX_TEN,2016,8,0.612160,2.525400,0.485978
2016_08_WAS_CIN,2016,8,0.578454,2.525400,0.485978
2016_08_ARI_CAR,2016,8,0.568151,2.058620,0.486959
2016_08_DET_HOU,2016,8,0.553176,0.658285,0.489903
2016_08_KC_IND,2016,8,0.384970,-3.075923,0.497756
2016_08_NE_BUF,2016,8,0.311584,-5.409797,0.502666
2016_08_NYJ_CLE,2016,8,0.412743,-2.609148,0.496775
2016_08_OAK_TB,2016,8,0.557243,0.658285,0.489903
2016_08_SEA_NO,2016,8,0.447819,-1.208822,0.493829
2016_08_SD_DEN,2016,8,0.613378,2.992181,0.484997
2016_08_GB_ATL,2016,8,0.628284,2.525400,0.485978
2016_08_PHI_DAL,2016,8,0.656317,4.392529,0.482054
2016_08_MIN_CHI,2016,8,0.310074,-5.409797,0.502666
2016_09_ATL_TB,2016,9,0.339379,-4.476248,0.500702
2016_09_DAL_CLE,2016,9,0.260887,-6.810123,0.505611
2016_09_DET_MIN,2016,9,0.637171,3.458963,0.484016
2016_09_JAX_KC,2016,9,0.737224,6.259673,0.478133
2016_09_NYJ_MIA,2016,9,0.618390,2.992181,0.484997
2016_09_PHI_NYG,2016,9,0.600834,2.525400,0.485978
2016_09_PIT_BAL,2016,9,0.347514,-3.542698,0.498738
2016_09_CAR_LA,2016,9,0.339004,-3.075923,0.497756
2016_09_NO_SF,2016,9,0.323810,-4.943022,0.501684
2016_09_IND_GB,2016,9,0.738434,6.726462,0.477153
2016_09_TEN_SD,2016,9,0.611260,2.992181,0.484997
2016_09_DEN_OAK,2016,9,0.554704,0.658285,0.489903
2016_09_BUF_SEA,2016,9,0.684362,4.859313,0.481074
2016_10_CLE_BAL,2016,10,0.742507,6.726462,0.477153
2016_10_ATL_PHI,2016,10,0.566859,1.591841,0.487940
2016_10_CHI_TB,2016,10,0.478661,-2.609148,0.496775
2016_10_DEN_NO,2016,10,0.608213,2.525400,0.485978
2016_10_GB_TEN,2016,10,0.375767,-3.075923,0.497756
2016_10_HOU_JAX,2016,10,0.569017,2.525400,0.485978
2016_10_KC_CAR,2016,10,0.587999,2.525400,0.485978
2016_10_LA_NYJ,2016,10,0.502250,-1.208822,0.493829
2016_10_MIN_WAS,2016,10,0.553219,2.058620,0.486959
2016_10_MIA_SD,2016,10,0.637171,3.458963,0.484016
2016_10_DAL_PIT,2016,10,0.557434,2.525400,0.485978
2016_10_SF_ARI,2016,10,0.880981,12.794855,0.464434
2016_10_SEA_NE,2016,10,0.745782,6.726462,0.477153
2016_10_CIN_NYG,2016,10,0.504195,-1.208822,0.493829
2016_11_NO_CAR,2016,11,0.620589,2.992181,0.484997
2016_11_ARI_MIN,2016,11,0.568901,1.591841,0.487940
2016_11_BAL_DAL,2016,11,0.717233,6.259673,0.478133
2016_11_BUF_CIN,2016,11,0.557753,2.058620,0.486959
2016_11_CHI_NYG,2016,11,0.728541,6.259673,0.478133
2016_11_JAX_DET,2016,11,0.688066,4.859313,0.481074
2016_11_PIT_CLE,2016,11,0.223923,-7.743675,0.507574
2016_11_TB_KC,2016,11,0.737224,6.259673,0.478133
2016_11_TEN_IND,2016,11,0.615523,2.525400,0.485978
2016_11_MIA_LA,2016,11,0.475537,0.658285,0.489903
2016_11_NE_SF,2016,11,0.174649,-10.077563,0.512482
2016_11_PHI_SEA,2016,11,0.699559,5.792885,0.479113
2016_11_GB_WAS,2016,11,0.572543,2.058620,0.486959
2016_11_HOU_OAK,2016,11,0.705462,5.792885,0.479113
2016_12_MIN_DET,2016,12,0.554734,1.591841,0.487940
2016_12_WAS_DAL,2016,12,0.676688,4.859313,0.481074
2016_12_PIT_IND,2016,12,0.235360,-7.743675,0.507574
2016_12_ARI_ATL,2016,12,0.635023,2.992181,0.484997
2016_12_CIN_BAL,2016,12,0.629656,2.992181,0.484997
2016_12_JAX_BUF,2016,12,0.772246,7.660044,0.475194
2016_12_LA_NO,2016,12,0.745782,6.726462,0.477153
2016_12_NYG_CLE,2016,12,0.281987,-6.343348,0.504629
2016_12_SD_HOU,2016,12,0.431936,-2.609148,0.496775
2016_12_SF_MIA,2016,12,0.721505,6.259673,0.478133
2016_12_TEN_CHI,2016,12,0.298391,-6.343348,0.504629
2016_12_SEA_TB,2016,12,0.319187,-4.943022,0.501684
2016_12_CAR_OAK,2016,12,0.630566,2.992181,0.484997
2016_12_NE_NYJ,2016,12,0.208992,-8.677229,0.509537
2016_12_KC_DEN,2016,12,0.628276,2.992181,0.484997
2016_12_GB_PHI,2016,12,0.628972,3.458963,0.484016
2016_13_DAL_MIN,2016,13,0.388932,-3.075923,0.497756
2016_13_DEN_JAX,2016,13,0.379270,-3.542698,0.498738
2016_13_DET_NO,2016,13,0.702522,5.792885,0.479113
2016_13_HOU_GB,2016,13,0.722919,6.259673,0.478133
2016_13_KC_ATL,2016,13,0.659492,4.392529,0.482054
2016_13_LA_NE,2016,13,0.861001,11.861237,0.466388
2016_13_MIA_BAL,2016,13,0.600272,2.992181,0.484997
2016_13_PHI_CIN,2016,13,0.464795,0.658285,0.489903
2016_13_SF_CHI,2016,13,0.472206,-0.275270,0.491866
2016_13_BUF_OAK,2016,13,0.608464,2.525400,0.485978
2016_13_NYG_PIT,2016,13,0.721505,6.259673,0.478133
2016_13_TB_SD,2016,13,0.591562,2.992181,0.484997
2016_13_WAS_ARI,2016,13,0.562768,2.058620,0.486959
2016_13_CAR_SEA,2016,13,0.750699,7.660044,0.475194
2016_13_IND_NYJ,2016,13,0.527359,0.658285,0.489903
2016_14_OAK_KC,2016,14,0.585060,2.992181,0.484997
2016_14_ARI_MIA,2016,14,0.450069,-2.142373,0.495793
2016_14_CHI_DET,2016,14,0.757467,6.726462,0.477153
2016_14_CIN_CLE,2016,14,0.346505,-4.009473,0.499720
2016_14_DEN_TEN,2016,14,0.572666,1.591841,0.487940
2016_14_HOU_IND,2016,14,0.709838,5.792885,0.479113
2016_14_MIN_JAX,2016,14,0.402902,-3.075923,0.497756
2016_14_PIT_BUF,2016,14,0.463975,-1.208822,0.493829
2016_14_SD_CAR,2016,14,0.529563,0.658285,0.489903
2016_14_WAS_PHI,2016,14,0.472000,-1.675598,0.494811
2016_14_NYJ_SF,2016,14,0.614034,2.525400,0.485978
2016_14_ATL_LA,2016,14,0.334644,-4.476248,0.500702
2016_14_NO_TB,2016,14,0.583919,1.591841,0.487940
2016_14_SEA_GB,2016,14,0.385635,-3.075923,0.497756
2016_14_DAL_NYG,2016,14,0.415975,-3.542698,0.498738
2016_14_BAL_NE,2016,14,0.699451,5.326099,0.480094
2016_15_LA_SEA,2016,15,0.889133,13.728481,0.462480
2016_15_MIA_NYJ,2016,15,0.411375,-2.609148,0.496775
2016_15_CLE_BUF,2016,15,0.814226,9.527225,0.471278
2016_15_DET_NYG,2016,15,0.628972,3.458963,0.484016
2016_15_GB_CHI,2016,15,0.357607,-4.476248,0.500702
2016_15_IND_MIN,2016,15,0.656317,4.392529,0.482054
2016_15_JAX_HOU,2016,15,0.629677,2.992181,0.484997
2016_15_PHI_BAL,2016,15,0.661074,4.392529,0.482054
2016_15_PIT_CIN,2016,15,0.370418,-3.075923,0.497756
2016_15_TEN_KC,2016,15,0.696471,5.326099,0.480094
2016_15_NO_ARI,2016,15,0.597614,2.525400,0.485978
2016_15_SF_ATL,2016,15,0.868485,12.328045,0.465411
2016_15_NE_DEN,2016,15,0.375445,-3.075923,0.497756
2016_15_OAK_SD,2016,15,0.406315,-2.609148,0.496775
2016_15_TB_DAL,2016,15,0.731930,6.259673,0.478133
2016_15_CAR_WAS,2016,15,0.727140,6.259673,0.478133
2016_16_NYG_PHI,2016,16,0.558786,1.591841,0.487940
2016_16_ATL_CAR,2016,16,0.357562,-3.075923,0.497756
2016_16_MIA_BUF,2016,16,0.640301,3.925745,0.483035
2016_16_MIN_GB,2016,16,0.691980,5.326099,0.480094
2016_16_NYJ_NE,2016,16,0.923477,15.595758,0.458578
2016_16_SD_CLE,2016,16,0.339379,-4.476248,0.500702
2016_16_TEN_JAX,2016,16,0.358486,-4.009473,0.499720
2016_16_WAS_CHI,2016,16,0.358017,-3.075923,0.497756
2016_16_IND_OAK,2016,16,0.609395,2.992181,0.484997
2016_16_ARI_SEA,2016,16,0.784838,8.126837,0.474215
2016_16_SF_LA,2016,16,0.680679,5.326099,0.480094
2016_16_TB_NO,2016,16,0.546046,2.525400,0.485978
2016_16_CIN_HOU,2016,16,0.637697,2.525400,0.485978
2016_16_BAL_PIT,2016,16,0.673595,4.859313,0.481074
2016_16_DEN_KC,2016,16,0.606463,2.992181,0.484997
2016_16_DET_DAL,2016,16,0.694474,5.792885,0.479113
2016_17_BAL_CIN,2016,17,0.395030,-2.609148,0.496775
2016_17_BUF_NYJ,2016,17,0.330421,-3.542698,0.498738
2016_17_CAR_TB,2016,17,0.620263,2.992181,0.484997
2016_17_CHI_MIN,2016,17,0.679182,5.326099,0.480094
2016_17_CLE_PIT,2016,17,0.579003,2.992181,0.484997
2016_17_DAL_PHI,2016,17,0.719074,5.792885,0.479113
2016_17_HOU_TEN,2016,17,0.559954,2.525400,0.485978
2016_17_JAX_IND,2016,17,0.673595,4.859313,0.481074
2016_17_NE_MIA,2016,17,0.263982,-7.276899,0.506593
2016_17_ARI_LA,2016,17,0.257583,-6.810123,0.505611
2016_17_KC_SD,2016,17,0.314617,-5.409797,0.502666
2016_17_NO_ATL,2016,17,0.738434,6.726462,0.477153
2016_17_NYG_WAS,2016,17,0.794750,9.060427,0.472257
2016_17_OAK_DEN,2016,17,0.502603,0.658285,0.489903
2016_17_SEA_SF,2016,17,0.151754,-11.011123,0.514444
2016_17_GB_DET,2016,17,0.377696,-3.542698,0.498738
2016_18_OAK_HOU,2016,18,0.633897,3.458963,0.484016
2016_18_DET_SEA,2016,18,0.752136,7.193252,0.476174
2016_18_MIA_PIT,2016,18,0.823270,9.994024,0.470300
2016_18_NYG_GB,2016,18,0.665798,4.392529,0.482054
2016_19_SEA_ATL,2016,19,0.702522,5.792885,0.479113
2016_19_HOU_NE,2016,19,0.907974,14.662115,0.460528
2016_19_GB_DAL,2016,19,0.672042,4.859313,0.481074
2016_19_PIT_KC,2016,19,0.555858,2.058620,0.486959
2016_20_GB_ATL,2016,20,0.702522,5.792885,0.479113
2016_20_PIT_NE,2016,20,0.684362,4.859313,0.481074
2016_21_NE_ATL,2016,21,0.408637,-3.075923,0.497756
2017_01_KC_NE,2017,1,0.740801,7.454090,0.483872
2017_01_ARI_DET,2017,1,0.389823,-2.740522,0.492893
2017_01_ATL_CHI,2017,1,0.285981,-6.624173,0.496331
2017_01_BAL_CIN,2017,1,0.534329,2.114048,0.488596
2017_01_JAX_HOU,2017,1,0.679630,5.026796,0.486019
2017_01_NYJ_BUF,2017,1,0.700172,6.483172,0.484731
2017_01_OAK_TEN,2017,1,0.579581,2.114048,0.488596
2017_01_PHI_WAS,2017,1,0.389830,-2.255065,0.492463
2017_01_PIT_CLE,2017,1,0.188104,-10.022365,0.499339
2017_01_IND_LA,2017,1,0.680993,3.084964,0.487737
2017_01_CAR_SF,2017,1,0.347304,-4.682348,0.494612
2017_01_SEA_GB,2017,1,0.589571,2.114048,0.488596
2017_01_NYG_DAL,2017,1,0.694920,5.512255,0.485590
2017_01_NO_MIN,2017,1,0.584435,2.599506,0.488167
2017_01_LAC_DEN,2017,1,0.624871,2.599506,0.488167
2017_02_HOU_CIN,2017,2,0.679630,5.026796,0.486019
2017_02_ARI_IND,2017,2,0.252901,-7.109629,0.496760
2017_02_BUF_CAR,2017,2,0.708360,5.997713,0.485160
2017_02_CHI_TB,2017,2,0.717113,6.483172,0.484731
2017_02_CLE_BAL,2017,2,0.751517,6.968631,0.484301
2017_02_MIN_PIT,2017,2,0.764392,7.939549,0.483443
2017_02_NE_NO,2017,2,0.299865,-5.653260,0.495471
2017_02_PHI_KC,2017,2,0.631868,3.570422,0.487308
2017_02_TEN_JAX,2017,2,0.466121,-1.284152,0.491604
2017_02_MIA_LAC,2017,2,0.635479,3.084964,0.487737
2017_02_NYJ_OAK,2017,2,0.879238,13.279614,0.478722
2017_02_DAL_DEN,2017,2,0.473566,-2.740522,0.492893
2017_02_SF_SEA,2017,2,0.878533,12.794153,0.479151
2017_02_WAS_LA,2017,2,0.650033,2.599506,0.488167
2017_02_GB_ATL,2017,2,0.647143,3.084964,0.487737
2017_02_DET_NYG,2017,2,0.623933,2.599506,0.488167
2017_03_LA_SF,2017,3,0.370851,-3.225979,0.493322
2017_03_ATL_DET,2017,3,0.376891,-3.225979,0.493322
2017_03_CLE_IND,2017,3,0.490585,0.657676,0.489885
2017_03_DEN_BUF,2017,3,0.373909,-3.711435,0.493752
2017_03_HOU_NE,2017,3,0.878533,12.794153,0.479151
2017_03_MIA_NYJ,2017,3,0.309730,-5.653260,0.495471
2017_03_NO_CAR,2017,3,0.671676,5.026796,0.486019
2017_03_NYG_PHI,2017,3,0.662389,4.541338,0.486449
2017_03_PIT_CHI,2017,3,0.252901,-7.109629,0.496760
2017_03_TB_MIN,2017,3,0.463749,-0.313238,0.490744
2017_03_SEA_TEN,2017,3,0.560415,1.628591,0.489026
2017_03_CIN_GB,2017,3,0.722968,6.483172,0.484731
2017_03_KC_LAC,2017,3,0.436295,-3.225979,0.493322
2017_03_OAK_WAS,2017,3,0.387088,-3.711435,0.493752
2017_03_BAL_JAX,2017,3,0.393168,-3.225979,0.493322
2017_03_DAL_ARI,2017,3,0.384744,-3.225979,0.493322
2017_04_CHI_GB,2017,4,0.738588,6.968631,0.484301
2017_04_BUF_ATL,2017,4,0.752352,7.454090,0.483872
2017_04_CAR_NE,2017,4,0.784801,8.425009,0.483013
2017_04_CIN_CLE,2017,4,0.443772,-3.225979,0.493322
2017_04_DET_MIN,2017,4,0.550564,2.114048,0.488596
2017_04_JAX_NYJ,2017,4,0.351753,-4.196892,0.494182
2017_04_LA_DAL,2017,4,0.664009,4.541338,0.486449
2017_04_PIT_BAL,2017,4,0.390056,-3.711435,0.493752
2017_04_TEN_HOU,2017,4,0.437000,-2.740522,0.492893
2017_04_NYG_TB,2017,4,0.550672,2.114048,0.488596
2017_04_PHI_LAC,2017,4,0.549607,1.143133,0.489455
2017_04_SF_ARI,2017,4,0.708360,5.997713,0.485160
2017_04_OAK_DEN,2017,4,0.665804,3.084964,0.487737
2017_04_IND_SEA,2017,4,0.860833,11.823230,0.480009
2017_04_NO_MIA,2017,4,0.361746,-4.196892,0.494182
2017_04_WAS_KC,2017,4,0.717274,5.997713,0.485160
2017_05_NE_TB,2017,5,0.402015,-3.711435,0.493752
2017_05_ARI_PHI,2017,5,0.687171,5.512255,0.485590
2017_05_BUF_CIN,2017,5,0.528300,2.599506,0.488167
2017_05_CAR_DET,2017,5,0.559134,1.628591,0.489026
2017_05_JAX_PIT,2017,5,0.760789,6.968631,0.484301
2017_05_LAC_NYG,2017,5,0.588940,2.599506,0.488167
2017_05_NYJ_CLE,2017,5,0.441022,-1.769609,0.492033
2017_05_SF_IND,2017,5,0.379867,-1.284152,0.491604
2017_05_TEN_MIA,2017,5,0.516650,-0.313238,0.490744
2017_05_BAL_OAK,2017,5,0.576379,2.599506,0.488167
2017_05_SEA_LA,2017,5,0.609666,1.628591,0.489026
2017_05_GB_DAL,2017,5,0.551723,2.114048,0.488596
2017_05_KC_HOU,2017,5,0.462348,-2.255065,0.492463
2017_05_MIN_CHI,2017,5,0.340612,-3.711435,0.493752
2017_06_PHI_CAR,2017,6,0.562535,2.599506,0.488167
2017_06_CHI_BAL,2017,6,0.685917,5.026796,0.486019
2017_06_CLE_HOU,2017,6,0.748877,6.968631,0.484301
2017_06_DET_NO,2017,6,0.709157,5.512255,0.485590
2017_06_GB_MIN,2017,6,0.376577,-3.225979,0.493322
2017_06_MIA_ATL,2017,6,0.886736,13.279614,0.478722
2017_06_NE_NYJ,2017,6,0.215451,-9.051453,0.498480
2017_06_SF_WAS,2017,6,0.858664,11.337770,0.480438
2017_06_LA_JAX,2017,6,0.488135,0.657676,0.489885
2017_06_TB_ARI,2017,6,0.404209,-2.740522,0.492893
2017_06_LAC_OAK,2017,6,0.540128,2.599506,0.488167
2017_06_PIT_KC,2017,6,0.636403,3.084964,0.487737
2017_06_NYG_DEN,2017,6,0.888501,13.279614,0.478722
2017_06_IND_TEN,2017,6,0.730174,6.483172,0.484731
2017_07_KC_OAK,2017,7,0.401911,-3.225979,0.493322
2017_07_ARI_LA,2017,7,0.611355,2.599506,0.488167
2017_07_BAL_MIN,2017,7,0.662389,4.541338,0.486449
2017_07_CAR_CHI,2017,7,0.405946,-2.740522,0.492893
2017_07_JAX_IND,2017,7,0.388144,-3.225979,0.493322
2017_07_NO_GB,2017,7,0.387946,-3.711435,0.493752
2017_07_NYJ_MIA,2017,7,0.609461,2.599506,0.488167
2017_07_TB_BUF,2017,7,0.609030,2.599506,0.488167
2017_07_TEN_CLE,2017,7,0.312839,-5.653260,0.495471
2017_07_DAL_SF,2017,7,0.280095,-6.624173,0.496331
2017_07_CIN_PIT,2017,7,0.623385,3.570422,0.487308
2017_07_DEN_LAC,2017,7,0.453774,-1.284152,0.491604
2017_07_SEA_NYG,2017,7,0.368479,-4.196892,0.494182
2017_07_ATL_NE,2017,7,0.577560,2.599506,0.488167
2017_07_WAS_PHI,2017,7,0.667237,4.541338,0.486449
2017_08_MIA_BAL,2017,8,0.571314,2.599506,0.488167
2017_08_ATL_NYJ,2017,8,0.294111,-6.624173,0.496331
2017_08_CAR_TB,2017,8,0.551660,1.143133,0.489455
2017_08_CHI_NO,2017,8,0.737186,6.968631,0.484301
2017_08_IND_CIN,2017,8,0.830957,10.366849,0.481296
2017_08_LAC_NE,2017,8,0.702323,5.997713,0.485160
2017_08_OAK_BUF,2017,8,0.628922,2.114048,0.488596
2017_08_SF_PHI,2017,8,0.861462,12.308692,0.479580
2017_08_HOU_SEA,2017,8,0.699513,5.512255,0.485590
2017_08_DAL_WAS,2017,8,0.409730,-3.225979,0.493322
2017_08_PIT_DET,2017,8,0.424760,-3.225979,0.493322
2017_08_MIN_CLE,2017,8,0.172334,-10.993277,0.500199
2017_08_DEN_KC,2017,8,0.727303,6.483172,0.484731
2017_09_BUF_NYJ,2017,9,0.394958,-3.225979,0.493322
2017_09_ATL_CAR,2017,9,0.356833,-3.225979,0.493322
2017_09_BAL_TEN,2017,9,0.562581,2.599506,0.488167
2017_09_CIN_JAX,2017,9,0.702560,5.512255,0.485590
2017_09_DEN_PHI,2017,9,0.736439,6.483172,0.484731
2017_09_IND_HOU,2017,9,0.687171,5.512255,0.485590
2017_09_LA_NYG,2017,9,0.324561,-5.653260,0.495471
2017_09_TB_NO,2017,9,0.730174,6.483172,0.484731
2017_09_ARI_SF,2017,9,0.453557,-2.740522,0.492893
2017_09_WAS_SEA,2017,9,0.752352,7.454090,0.483872
2017_09_KC_DAL,2017,9,0.575932,1.628591,0.489026
2017_09_OAK_MIA,2017,9,0.434981,-3.225979,0.493322
2017_09_DET_GB,2017,9,0.420800,-2.740522,0.492893
2017_10_SEA_ARI,2017,10,0.291718,-6.138717,0.495901
2017_10_CIN_TEN,2017,10,0.639757,4.055880,0.486878
2017_10_CLE_DET,2017,10,0.828668,9.881388,0.481726
2017_10_GB_CHI,2017,10,0.632402,4.055880,0.486878
2017_10_LAC_JAX,2017,10,0.659137,4.541338,0.486449
2017_10_MIN_WAS,2017,10,0.444384,-1.284152,0.491604
2017_10_NO_BUF,2017,10,0.465858,-2.255065,0.492463
2017_10_NYJ_TB,2017,10,0.501864,0.657676,0.489885
2017_10_PIT_IND,2017,10,0.185547,-10.507821,0.499769
2017_10_HOU_LA,2017,10,0.842864,11.337770,0.480438
2017_10_DAL_ATL,2017,10,0.635237,3.084964,0.487737
2017_10_NYG_SF,2017,10,0.413587,-3.225979,0.493322
2017_10_NE_DEN,2017,10,0.246076,-7.109629,0.496760
2017_10_MIA_CAR,2017,10,0.759053,7.454090,0.483872
2017_11_TEN_PIT,2017,11,0.735064,6.483172,0.484731
2017_11_ARI_HOU,2017,11,0.606080,2.114048,0.488596
2017_11_BAL_GB,2017,11,0.399154,-2.740522,0.492893
2017_11_DET_CHI,2017,11,0.372682,-3.225979,0.493322
2017_11_JAX_CLE,2017,11,0.244634,-7.595085,0.497190
2017_11_KC_NYG,2017,11,0.177097,-10.022365,0.499339
2017_11_LA_MIN,2017,11,0.490596,0.657676,0.489885
2017_11_TB_MIA,2017,11,0.494079,-1.284152,0.491604
2017_11_WAS_NO,2017,11,0.799863,8.910468,0.482584
2017_11_BUF_LAC,2017,11,0.730174,6.483172,0.484731
2017_11_CIN_DEN,2017,11,0.593602,2.114048,0.488596
2017_11_NE_OAK,2017,11,0.263024,-7.109629,0.496760
2017_11_PHI_DAL,2017,11,0.290218,-6.138717,0.495901
2017_11_ATL_SEA,2017,11,0.481807,0.657676,0.489885
2017_12_MIN_DET,2017,12,0.409364,-2.740522,0.492893
2017_12_LAC_DAL,2017,12,0.424918,-1.284152,0.491604
2017_12_NYG_WAS,2017,12,0.720052,6.483172,0.484731
2017_12_BUF_KC,2017,12,0.777687,7.939549,0.483443
2017_12_CAR_NYJ,2017,12,0.320695,-5.653260,0.495471
2017_12_CHI_PHI,2017,12,0.894721,13.279614,0.478722
2017_12_CLE_CIN,2017,12,0.748877,6.968631,0.484301
2017_12_MIA_NE,2017,12,0.933647,16.192388,0.476148
2017_12_TB_ATL,2017,12,0.826728,9.881388,0.481726
2017_12_TEN_IND,2017,12,0.408198,-3.225979,0.493322
2017_12_SEA_SF,2017,12,0.252901,-7.109629,0.496760
2017_12_DEN_OAK,2017,12,0.564315,3.084964,0.487737
2017_12_JAX_ARI,2017,12,0.275721,-6.624173,0.496331
2017_12_NO_LA,2017,12,0.580136,2.114048,0.488596
2017_12_GB_PIT,2017,12,0.882288,13.279614,0.478722
2017_12_HOU_BAL,2017,12,0.735778,6.968631,0.484301
2017_13_WAS_DAL,2017,13,0.434045,-1.769609,0.492033
2017_13_DEN_MIA,2017,13,0.473173,-1.284152,0.491604
2017_13_DET_BAL,2017,13,0.605834,2.114048,0.488596
2017_13_HOU_TEN,2017,13,0.728740,6.483172,0.484731
2017_13_IND_JAX,2017,13,0.812582,9.395928,0.482155
2017_13_KC_NYJ,2017,13,0.407540,-3.711435,0.493752
2017_13_MIN_ATL,2017,13,0.586802,1.628591,0.489026
2017_13_NE_BUF,2017,13,0.242041,-7.595085,0.497190
2017_13_SF_CHI,2017,13,0.496006,2.114048,0.488596
2017_13_TB_GB,2017,13,0.573905,2.599506,0.488167
2017_13_CLE_LAC,2017,13,0.883317,12.794153,0.479151
2017_13_CAR_NO,2017,13,0.674874,5.026796,0.486019
2017_13_LA_ARI,2017,13,0.239511,-7.595085,0.497190
2017_13_NYG_OAK,2017,13,0.805388,9.395928,0.482155
2017_13_PHI_SEA,2017,13,0.321336,-3.711435,0.493752
2017_13_PIT_CIN,2017,13,0.339130,-4.682348,0.494612
2017_14_NO_ATL,2017,14,0.588579,2.114048,0.488596
2017_14_CHI_CIN,2017,14,0.688732,5.512255,0.485590
2017_14_DAL_NYG,2017,14,0.353413,-4.196892,0.494182
2017_14_DET_TB,2017,14,0.503292,-0.313238,0.490744
2017_14_GB_CLE,2017,14,0.440544,-2.740522,0.492893
2017_14_IND_BUF,2017,14,0.661600,3.084964,0.487737
2017_14_MIN_CAR,2017,14,0.405003,-2.740522,0.492893
2017_14_OAK_KC,2017,14,0.660292,4.055880,0.486878
2017_14_SF_HOU,2017,14,0.480115,0.657676,0.489885
2017_14_NYJ_DEN,2017,14,0.465471,-1.284152,0.491604
2017_14_TEN_ARI,2017,14,0.408590,-2.740522,0.492893
2017_14_WAS_LAC,2017,14,0.690287,5.512255,0.485590
2017_14_PHI_LA,2017,14,0.453003,-1.284152,0.491604
2017_14_SEA_JAX,2017,14,0.651541,2.599506,0.488167
2017_14_BAL_PIT,2017,14,0.702560,5.512255,0.485590
2017_14_NE_MIA,2017,14,0.190330,-10.022365,0.499339
2017_15_DEN_IND,2017,15,0.340582,-3.225979,0.493322
2017_15_CHI_DET,2017,15,0.657503,4.541338,0.486449
2017_15_LAC_KC,2017,15,0.484578,0.657676,0.489885
2017_15_ARI_WAS,2017,15,0.623385,3.570422,0.487308
2017_15_BAL_CLE,2017,15,0.278634,-6.624173,0.496331
2017_15_CIN_MIN,2017,15,0.851906,11.823230,0.480009
2017_15_GB_CAR,2017,15,0.597001,2.599506,0.488167
2017_15_HOU_JAX,2017,15,0.822691,9.881388,0.481726
2017_15_MIA_BUF,2017,15,0.605448,3.084964,0.487737
2017_15_NYJ_NO,2017,15,0.922932,15.706925,0.476577
2017_15_PHI_NYG,2017,15,0.237041,-7.595085,0.497190
2017_15_LA_SEA,2017,15,0.399622,-1.284152,0.491604
2017_15_NE_PIT,2017,15,0.419248,-2.740522,0.492893
2017_15_TEN_SF,2017,15,0.630311,2.114048,0.488596
2017_15_DAL_OAK,2017,15,0.377528,-3.225979,0.493322
2017_15_ATL_TB,2017,15,0.268688,-7.109629,0.496760
2017_16_IND_BAL,2017,16,0.876973,12.794153,0.479151
2017_16_MIN_GB,2017,16,0.221790,-8.565997,0.498050
2017_16_ATL_NO,2017,16,0.674874,5.026796,0.486019
2017_16_BUF_NE,2017,16,0.823701,10.366849,0.481296
2017_16_CLE_CHI,2017,16,0.678050,5.026796,0.486019
2017_16_DEN_WAS,2017,16,0.556341,2.599506,0.488167
2017_16_DET_CIN,2017,16,0.372672,-3.225979,0.493322
2017_16_LAC_NYJ,2017,16,0.239511,-7.595085,0.497190
2017_16_LA_TEN,2017,16,0.312839,-5.653260,0.495471
2017_16_MIA_KC,2017,16,0.830957,10.366849,0.481296
2017_16_TB_CAR,2017,16,0.806523,9.395928,0.482155
2017_16_JAX_SF,2017,16,0.355075,-4.196892,0.494182
2017_16_NYG_ARI,2017,16,0.552770,2.599506,0.488167
2017_16_SEA_DAL,2017,16,0.648079,4.055880,0.486878
2017_16_PIT_HOU,2017,16,0.238576,-8.080541,0.497620
2017_16_OAK_PHI,2017,16,0.805388,9.395928,0.482155
2017_17_CHI_MIN,2017,17,0.887022,12.794153,0.479151
2017_17_CLE_PIT,2017,17,0.675945,4.541338,0.486449
2017_17_DAL_PHI,2017,17,0.442196,-3.711435,0.493752
2017_17_GB_DET,2017,17,0.750205,6.968631,0.484301
2017_17_HOU_IND,2017,17,0.684350,5.026796,0.486019
2017_17_NYJ_NE,2017,17,0.931821,16.192388,0.476148
2017_17_WAS_NYG,2017,17,0.340284,-5.167804,0.495041
2017_17_ARI_SEA,2017,17,0.760376,7.454090,0.483872
2017_17_BUF_MIA,2017,17,0.410909,-2.740522,0.492893
2017_17_CAR_ATL,2017,17,0.655863,4.541338,0.486449
2017_17_CIN_BAL,2017,17,0.762273,7.454090,0.483872
2017_17_JAX_TEN,2017,17,0.566155,2.114048,0.488596
2017_17_KC_DEN,2017,17,0.635083,2.599506,0.488167
2017_17_NO_TB,2017,17,0.293222,-6.138717,0.495901
2017_17_OAK_LAC,2017,17,0.737798,6.483172,0.484731
2017_17_SF_LA,2017,17,0.294111,-6.624173,0.496331
2017_18_TEN_KC,2017,18,0.765695,7.939549,0.483443
2017_18_ATL_LA,2017,18,0.720848,5.997713,0.485160
2017_18_BUF_JAX,2017,18,0.759121,7.939549,0.483443
2017_18_CAR_NO,2017,18,0.706860,5.997713,0.485160
2017_19_ATL_PHI,2017,19,0.444180,-2.740522,0.492893
2017_19_TEN_NE,2017,19,0.870570,12.794153,0.479151
2017_19_JAX_PIT,2017,19,0.740467,6.483172,0.484731
2017_19_NO_MIN,2017,19,0.674874,5.026796,0.486019
2017_20_JAX_NE,2017,20,0.741379,6.968631,0.484301
2017_20_MIN_PHI,2017,20,0.430530,-3.225979,0.493322
2017_21_PHI_NE,2017,21,0.661877,4.055880,0.486878
2018_01_ATL_PHI,2018,1,0.569079,0.751871,0.492668
2018_01_BUF_BAL,2018,1,0.743742,7.091879,0.487941
2018_01_CIN_IND,2018,1,0.537116,-1.198899,0.494122
2018_01_HOU_NE,2018,1,0.698441,5.628799,0.489032
2018_01_JAX_NYG,2018,1,0.430558,-2.661975,0.495214
2018_01_PIT_CLE,2018,1,0.392201,-3.637360,0.495941
2018_01_SF_MIN,2018,1,0.694591,5.628799,0.489032
2018_01_TB_NO,2018,1,0.810287,9.530347,0.486124
2018_01_TEN_MIA,2018,1,0.429960,-1.198899,0.494122
2018_01_KC_LAC,2018,1,0.646332,3.190334,0.490850
2018_01_DAL_CAR,2018,1,0.564073,2.214948,0.491577
2018_01_SEA_DEN,2018,1,0.625031,2.702641,0.491213
2018_01_WAS_ARI,2018,1,0.620383,1.727256,0.491941
2018_01_CHI_GB,2018,1,0.719725,6.116492,0.488668
2018_01_NYJ_DET,2018,1,0.718046,6.604185,0.488305
2018_01_LA_OAK,2018,1,0.293233,-6.075820,0.497759
2018_02_BAL_CIN,2018,2,0.475864,0.751871,0.492668
2018_02_CAR_ATL,2018,2,0.678995,5.141106,0.489395
2018_02_CLE_NO,2018,2,0.810287,9.530347,0.486124
2018_02_HOU_TEN,2018,2,0.404347,-3.637360,0.495941
2018_02_IND_WAS,2018,2,0.702262,5.628799,0.489032
2018_02_KC_PIT,2018,2,0.655069,4.165720,0.490123
2018_02_LAC_BUF,2018,2,0.240453,-7.538896,0.498851
2018_02_MIA_NYJ,2018,2,0.557118,2.702641,0.491213
2018_02_MIN_GB,2018,2,0.433381,-2.174283,0.494850
2018_02_PHI_TB,2018,2,0.335199,-3.149668,0.495577
2018_02_ARI_LA,2018,2,0.881931,12.944208,0.483580
2018_02_DET_SF,2018,2,0.706060,5.628799,0.489032
2018_02_NE_JAX,2018,2,0.441433,-2.174283,0.494850
2018_02_OAK_DEN,2018,2,0.681636,5.141106,0.489395
2018_02_NYG_DAL,2018,2,0.580243,2.702641,0.491213
2018_02_SEA_CHI,2018,2,0.663054,4.653413,0.489759
2018_03_NYJ_CLE,2018,3,0.606725,2.702641,0.491213
2018_03_BUF_MIN,2018,3,0.923540,15.870379,0.481401
2018_03_CIN_CAR,2018,3,0.584576,2.214948,0.491577
2018_03_DEN_BAL,2018,3,0.684264,5.141106,0.489395
2018_03_GB_WAS,2018,3,0.413102,-2.661975,0.495214
2018_03_IND_PHI,2018,3,0.710467,6.116492,0.488668
2018_03_NO_ATL,2018,3,0.547319,1.239563,0.492304
2018_03_NYG_HOU,2018,3,0.717849,6.116492,0.488668
2018_03_OAK_MIA,2018,3,0.656090,2.702641,0.491213
2018_03_SF_KC,2018,3,0.695258,5.628799,0.489032
2018_03_TEN_JAX,2018,3,0.812579,9.530347,0.486124
2018_03_LAC_LA,2018,3,0.761915,7.091879,0.487941
2018_03_CHI_ARI,2018,3,0.287645,-6.075820,0.497759
2018_03_DAL_SEA,2018,3,0.508922,0.751871,0.492668
2018_03_NE_DET,2018,3,0.249935,-7.051204,0.498487
2018_03_PIT_TB,2018,3,0.534235,0.751871,0.492668
2018_04_MIN_LA,2018,4,0.753810,7.091879,0.487941
2018_04_BUF_GB,2018,4,0.767222,8.067266,0.487214
2018_04_CIN_ATL,2018,4,0.662798,3.190334,0.490850
2018_04_DET_DAL,2018,4,0.518459,2.214948,0.491577
2018_04_HOU_IND,2018,4,0.498587,-1.198899,0.494122
2018_04_MIA_NE,2018,4,0.710467,6.116492,0.488668
2018_04_NYJ_JAX,2018,4,0.758474,7.091879,0.487941
2018_04_PHI_TEN,2018,4,0.371974,-3.149668,0.495577
2018_04_TB_CHI,2018,4,0.666774,2.702641,0.491213
2018_04_CLE_OAK,2018,4,0.549853,2.214948,0.491577
2018_04_SEA_ARI,2018,4,0.442414,-3.637360,0.495941
2018_04_NO_NYG,2018,4,0.356387,-3.637360,0.495941
2018_04_SF_LAC,2018,4,0.818286,9.530347,0.486124
2018_04_BAL_PIT,2018,4,0.552539,2.702641,0.491213
2018_04_KC_DEN,2018,4,0.404745,-3.637360,0.495941
2018_05_IND_NE,2018,5,0.823047,10.018041,0.485761
2018_05_ATL_PIT,2018,5,0.592603,3.190334,0.490850
2018_05_BAL_CLE,2018,5,0.407536,-3.149668,0.495577
2018_05_DEN_NYJ,2018,5,0.426373,-1.198899,0.494122
2018_05_GB_DET,2018,5,0.539496,0.751871,0.492668
2018_05_JAX_KC,2018,5,0.593426,2.702641,0.491213
2018_05_MIA_CIN,2018,5,0.700991,5.628799,0.489032
2018_05_NYG_CAR,2018,5,0.748318,6.604185,0.488305
2018_05_TEN_BUF,2018,5,0.302705,-6.075820,0.497759
2018_05_OAK_LAC,2018,5,0.682951,5.141106,0.489395
2018_05_ARI_SF,2018,5,0.584532,2.702641,0.491213
2018_05_LA_SEA,2018,5,0.242613,-7.538896,0.498851
2018_05_MIN_PHI,2018,5,0.665734,3.190334,0.490850
2018_05_DAL_HOU,2018,5,0.644570,3.190334,0.490850
2018_05_WAS_NO,2018,5,0.679680,5.141106,0.489395
2018_06_PHI_NYG,2018,6,0.429608,-1.686591,0.494486
2018_06_ARI_MIN,2018,6,0.823876,9.530347,0.486124
2018_06_BUF_HOU,2018,6,0.829717,10.018041,0.485761
2018_06_CAR_WAS,2018,6,0.474580,-1.198899,0.494122
2018_06_CHI_MIA,2018,6,0.233405,-7.538896,0.498851
2018_06_IND_NYJ,2018,6,0.520003,2.214948,0.491577
2018_06_LAC_CLE,2018,6,0.551820,0.751871,0.492668
2018_06_PIT_CIN,2018,6,0.510348,0.751871,0.492668
2018_06_SEA_OAK,2018,6,0.402998,-3.149668,0.495577
2018_06_TB_ATL,2018,6,0.605495,2.702641,0.491213
2018_06_LA_DEN,2018,6,0.262166,-7.051204,0.498487
2018_06_BAL_TEN,2018,6,0.423488,-2.661975,0.495214
2018_06_JAX_DAL,2018,6,0.394288,-3.149668,0.495577
2018_06_KC_NE,2018,6,0.631656,3.678027,0.490486
2018_06_SF_GB,2018,6,0.785438,8.554960,0.486851
2018_07_DEN_ARI,2018,7,0.464889,-1.198899,0.494122
2018_07_BUF_IND,2018,7,0.735966,6.604185,0.488305
2018_07_CAR_PHI,2018,7,0.662408,4.653413,0.489759
2018_07_CLE_TB,2018,7,0.588885,3.190334,0.490850
2018_07_DET_MIA,2018,7,0.409298,-3.149668,0.495577
2018_07_HOU_JAX,2018,7,0.628159,3.678027,0.490486
2018_07_MIN_NYJ,2018,7,0.361410,-3.637360,0.495941
2018_07_NE_CHI,2018,7,0.537799,-1.198899,0.494122
2018_07_NO_BAL,2018,7,0.582130,2.214948,0.491577
2018_07_DAL_WAS,2018,7,0.472253,-1.686591,0.494486
2018_07_LA_SF,2018,7,0.242315,-8.026588,0.499214
2018_07_CIN_KC,2018,7,0.712314,6.116492,0.488668
2018_07_TEN_LAC,2018,7,0.710467,6.116492,0.488668
2018_07_NYG_ATL,2018,7,0.657083,4.165720,0.490123
2018_08_MIA_HOU,2018,8,0.750008,7.091879,0.487941
2018_08_BAL_CAR,2018,8,0.391087,-2.661975,0.495214
2018_08_CLE_PIT,2018,8,0.772560,8.067266,0.487214
2018_08_DEN_KC,2018,8,0.766143,8.067266,0.487214
2018_08_NYJ_CHI,2018,8,0.782687,8.067266,0.487214
2018_08_SEA_DET,2018,8,0.648850,2.702641,0.491213
2018_08_TB_CIN,2018,8,0.578811,3.190334,0.490850
2018_08_WAS_NYG,2018,8,0.468976,-1.198899,0.494122
2018_08_IND_OAK,2018,8,0.325617,-3.637360,0.495941
2018_08_GB_LA,2018,8,0.742584,7.091879,0.487941
2018_08_SF_ARI,2018,8,0.431780,-2.661975,0.495214
2018_08_NO_MIN,2018,8,0.383153,-2.661975,0.495214
2018_08_PHI_JAX,2018,8,0.354273,-4.125052,0.496305
2018_08_NE_BUF,2018,8,0.118982,-13.391199,0.503215
2018_09_OAK_SF,2018,9,0.456077,-1.686591,0.494486
2018_09_ATL_WAS,2018,9,0.524597,1.239563,0.492304
2018_09_CHI_BUF,2018,9,0.161442,-10.465047,0.501033
2018_09_DET_MIN,2018,9,0.644751,4.165720,0.490123
2018_09_KC_CLE,2018,9,0.256148,-7.538896,0.498851
2018_09_NYJ_MIA,2018,9,0.632153,2.702641,0.491213
2018_09_PIT_BAL,2018,9,0.568360,1.239563,0.492304
2018_09_TB_CAR,2018,9,0.691405,5.628799,0.489032
2018_09_HOU_DEN,2018,9,0.532302,0.751871,0.492668
2018_09_LAC_SEA,2018,9,0.506967,0.751871,0.492668
2018_09_LA_NO,2018,9,0.401458,-2.661975,0.495214
2018_09_GB_NE,2018,9,0.663756,4.653413,0.489759
2018_09_TEN_DAL,2018,9,0.641981,4.165720,0.490123
2018_10_CAR_PIT,2018,10,0.613820,3.190334,0.490850
2018_10_ARI_KC,2018,10,0.922902,15.870379,0.481401
2018_10_ATL_CLE,2018,10,0.306568,-5.588128,0.497396
2018_10_BUF_NYJ,2018,10,0.716625,6.116492,0.488668
2018_10_DET_CHI,2018,10,0.751630,7.091879,0.487941
2018_10_JAX_IND,2018,10,0.631554,2.702641,0.491213
2018_10_NE_TEN,2018,10,0.286412,-6.075820,0.497759
2018_10_NO_CIN,2018,10,0.313010,-5.588128,0.497396
2018_10_WAS_TB,2018,10,0.617937,3.190334,0.490850
2018_10_LAC_OAK,2018,10,0.167512,-10.465047,0.501033
2018_10_MIA_GB,2018,10,0.875263,12.456513,0.483944
2018_10_SEA_LA,2018,10,0.814806,9.530347,0.486124
2018_10_DAL_PHI,2018,10,0.745453,7.091879,0.487941
2018_10_NYG_SF,2018,10,0.570975,2.702641,0.491213
2018_11_GB_SEA,2018,11,0.556308,2.702641,0.491213
2018_11_CAR_DET,2018,11,0.345471,-4.125052,0.496305
2018_11_CIN_BAL,2018,11,0.719070,6.116492,0.488668
2018_11_DAL_ATL,2018,11,0.644814,3.190334,0.490850
2018_11_HOU_WAS,2018,11,0.397289,-3.149668,0.495577
2018_11_PIT_JAX,2018,11,0.362589,-4.125052,0.496305
2018_11_TB_NYG,2018,11,0.603238,2.702641,0.491213
2018_11_TEN_IND,2018,11,0.569864,1.727256,0.491941
2018_11_DEN_LAC,2018,11,0.753810,7.091879,0.487941
2018_11_OAK_ARI,2018,11,0.654358,4.165720,0.490123
2018_11_PHI_NO,2018,11,0.728276,6.604185,0.488305
2018_11_MIN_CHI,2018,11,0.612078,2.214948,0.491577
2018_11_KC_LA,2018,11,0.607783,2.702641,0.491213
2018_12_CHI_DET,2018,12,0.402994,-3.149668,0.495577
2018_12_WAS_DAL,2018,12,0.731247,6.604185,0.488305
2018_12_ATL_NO,2018,12,0.837152,10.993430,0.485034
2018_12_CLE_CIN,2018,12,0.416310,-1.198899,0.494122
2018_12_JAX_BUF,2018,12,0.408315,-3.149668,0.495577
2018_12_NE_NYJ,2018,12,0.117211,-12.903507,0.502851
2018_12_NYG_PHI,2018,12,0.647512,4.165720,0.490123
2018_12_OAK_BAL,2018,12,0.875904,12.456513,0.483944
2018_12_SEA_CAR,2018,12,0.603224,2.702641,0.491213
2018_12_SF_TB,2018,12,0.535838,1.239563,0.492304
2018_12_ARI_LAC,2018,12,0.885557,13.431903,0.483217
2018_12_MIA_IND,2018,12,0.780316,8.554960,0.486851
2018_12_PIT_DEN,2018,12,0.431564,-3.149668,0.495577
2018_12_GB_MIN,2018,12,0.637962,3.678027,0.490486
2018_12_TEN_HOU,2018,12,0.607559,3.190334,0.490850
2018_13_NO_DAL,2018,13,0.268036,-7.051204,0.498487
2018_13_ARI_GB,2018,13,0.880019,12.944208,0.483580
2018_13_BAL_ATL,2018,13,0.564781,2.214948,0.491577
2018_13_BUF_MIA,2018,13,0.633168,3.190334,0.490850
2018_13_CAR_TB,2018,13,0.379170,-3.637360,0.495941
2018_13_CHI_NYG,2018,13,0.353950,-3.637360,0.495941
2018_13_CLE_HOU,2018,13,0.658346,4.653413,0.489759
2018_13_DEN_CIN,2018,13,0.321813,-3.637360,0.495941
2018_13_IND_JAX,2018,13,0.361196,-4.125052,0.496305
2018_13_LA_DET,2018,13,0.169152,-10.465047,0.501033
2018_13_KC_OAK,2018,13,0.105817,-13.878891,0.503579
2018_13_NYJ_TEN,2018,13,0.835415,10.018041,0.485761
2018_13_MIN_NE,2018,13,0.708428,5.628799,0.489032
2018_13_SF_SEA,2018,13,0.814806,9.530347,0.486124
2018_13_LAC_PIT,2018,13,0.601856,3.190334,0.490850
2018_13_WAS_PHI,2018,13,0.682951,5.141106,0.489395
2018_14_JAX_TEN,2018,14,0.680317,5.141106,0.489395
2018_14_ATL_GB,2018,14,0.648183,3.678027,0.490486
2018_14_BAL_KC,2018,14,0.713556,6.116492,0.488668
2018_14_CAR_CLE,2018,14,0.484519,-1.198899,0.494122
2018_14_IND_HOU,2018,14,0.637962,3.678027,0.490486
2018_14_NE_MIA,2018,14,0.221559,-8.514280,0.499578
2018_14_NO_TB,2018,14,0.221559,-8.514280,0.499578
2018_14_NYG_WAS,2018,14,0.390299,-3.149668,0.495577
2018_14_NYJ_BUF,2018,14,0.650942,4.165720,0.490123
2018_14_CIN_LAC,2018,14,0.929758,16.358074,0.481037
2018_14_DEN_SF,2018,14,0.392175,-3.149668,0.495577
2018_14_DET_ARI,2018,14,0.400002,-2.661975,0.495214
2018_14_PHI_DAL,2018,14,0.565472,3.190334,0.490850
2018_14_PIT_OAK,2018,14,0.156627,-10.465047,0.501033
2018_14_LA_CHI,2018,14,0.398922,-3.149668,0.495577
2018_14_MIN_SEA,2018,14,0.570158,2.702641,0.491213
2018_15_LAC_KC,2018,15,0.585065,3.190334,0.490850
2018_15_HOU_NYJ,2018,15,0.250996,-7.051204,0.498487
2018_15_CLE_DEN,2018,15,0.514611,0.751871,0.492668
2018_15_ARI_ATL,2018,15,0.825738,9.530347,0.486124
2018_15_DAL_IND,2018,15,0.634208,2.702641,0.491213
2018_15_DET_BUF,2018,15,0.542712,2.214948,0.491577
2018_15_GB_CHI,2018,15,0.688261,5.628799,0.489032
2018_15_MIA_MIN,2018,15,0.744897,7.091879,0.487941
2018_15_OAK_CIN,2018,15,0.577809,2.702641,0.491213
2018_15_TB_BAL,2018,15,0.767745,8.067266,0.487214
2018_15_TEN_NYG,2018,15,0.399673,-2.661975,0.495214
2018_15_WAS_JAX,2018,15,0.751630,7.091879,0.487941
2018_15_SEA_SF,2018,15,0.409631,-3.637360,0.495941
2018_15_NE_PIT,2018,15,0.399832,-2.661975,0.495214
2018_15_PHI_LA,2018,15,0.877432,12.944208,0.483580
2018_15_NO_CAR,2018,15,0.293233,-6.075820,0.497759
2018_16_WAS_TEN,2018,16,0.863918,11.968818,0.484307
2018_16_BAL_LAC,2018,16,0.640746,3.678027,0.490486
2018_16_ATL_CAR,2018,16,0.413078,-2.661975,0.495214
2018_16_BUF_NE,2018,16,0.891783,13.431903,0.483217
2018_16_CIN_CLE,2018,16,0.814399,9.530347,0.486124
2018_16_GB_NYJ,2018,16,0.369561,-3.149668,0.495577
2018_16_HOU_PHI,2018,16,0.556336,0.751871,0.492668
2018_16_JAX_MIA,2018,16,0.625761,2.702641,0.491213
2018_16_MIN_DET,2018,16,0.270048,-6.563512,0.498123
2018_16_NYG_IND,2018,16,0.815692,9.530347,0.486124
2018_16_TB_DAL,2018,16,0.733613,6.604185,0.488305
2018_16_CHI_SF,2018,16,0.341240,-3.637360,0.495941
2018_16_LA_ARI,2018,16,0.090813,-14.366583,0.503943
2018_16_PIT_NO,2018,16,0.710467,6.116492,0.488668
2018_16_KC_SEA,2018,16,0.466616,-1.198899,0.494122
2018_16_DEN_OAK,2018,16,0.390239,-2.661975,0.495214
2018_17_ATL_TB,2018,17,0.404013,-2.661975,0.495214
2018_17_CAR_NO,2018,17,0.766231,7.579572,0.487578
2018_17_DAL_NYG,2018,17,0.733326,7.091879,0.487941
2018_17_DET_GB,2018,17,0.739694,7.091879,0.487941
2018_17_JAX_HOU,2018,17,0.730672,6.604185,0.488305
2018_17_MIA_BUF,2018,17,0.678365,5.141106,0.489395
2018_17_NYJ_NE,2018,17,0.884328,13.431903,0.483217
2018_17_ARI_SEA,2018,17,0.906252,14.894988,0.482127
2018_17_CHI_MIN,2018,17,0.713719,5.628799,0.489032
2018_17_CIN_PIT,2018,17,0.891783,13.431903,0.483217
2018_17_CLE_BAL,2018,17,0.725285,6.604185,0.488305
2018_17_LAC_DEN,2018,17,0.250996,-7.051204,0.498487
2018_17_OAK_KC,2018,17,0.899930,13.919598,0.482854
2018_17_PHI_WAS,2018,17,0.288886,-6.075820,0.497759
2018_17_SF_LA,2018,17,0.815003,10.018041,0.485761
2018_17_IND_TEN,2018,17,0.315009,-5.100436,0.497032
2018_18_IND_HOU,2018,18,0.533660,1.727256,0.491941
2018_18_SEA_DAL,2018,18,0.572520,2.214948,0.491577
2018_18_LAC_BAL,2018,18,0.623573,2.702641,0.491213
2018_18_PHI_CHI,2018,18,0.710467,6.116492,0.488668
2018_19_IND_KC,2018,19,0.628159,3.678027,0.490486
2018_19_DAL_LA,2018,19,0.746596,7.091879,0.487941
2018_19_LAC_NE,2018,19,0.645506,3.678027,0.490486
2018_19_PHI_NO,2018,19,0.765059,8.067266,0.487214
2018_20_LA_NO,2018,20,0.610022,2.702641,0.491213
2018_20_NE_KC,2018,20,0.565910,2.702641,0.491213
2018_21_NE_LA,2018,21,0.427026,-2.174283,0.494850
2019_01_GB_CHI,2019,1,0.596931,3.098385,0.488134
2019_01_ATL_MIN,2019,1,0.622752,3.098385,0.488134
2019_01_BAL_MIA,2019,1,0.263143,-6.984906,0.500446
2019_01_BUF_NYJ,2019,1,0.584274,2.138069,0.489306
2019_01_KC_JAX,2019,1,0.387078,-3.623814,0.496341
2019_01_LA_CAR,2019,1,0.436075,-1.703188,0.493996
2019_01_TEN_CLE,2019,1,0.694382,5.019021,0.485789
2019_01_WAS_PHI,2019,1,0.825697,9.820631,0.479932
2019_01_CIN_SEA,2019,1,0.803953,8.860306,0.481103
2019_01_IND_LAC,2019,1,0.701991,5.499180,0.485204
2019_01_DET_ARI,2019,1,0.470081,-2.663501,0.495168
2019_01_NYG_DAL,2019,1,0.735220,6.459500,0.484032
2019_01_SF_TB,2019,1,0.510462,0.697596,0.491064
2019_01_PIT_NE,2019,1,0.691900,5.019021,0.485789
2019_01_HOU_NO,2019,1,0.704649,5.979340,0.484618
2019_01_DEN_OAK,2019,1,0.317468,-3.143657,0.495755
2019_02_TB_CAR,2019,2,0.720389,5.979340,0.484618
2019_02_ARI_BAL,2019,2,0.872153,12.221450,0.477006
2019_02_BUF_NYG,2019,2,0.465664,-1.223032,0.493409
2019_02_DAL_WAS,2019,2,0.312434,-6.024594,0.499273
2019_02_IND_TEN,2019,2,0.567385,2.618227,0.488720
2019_02_JAX_HOU,2019,2,0.760551,6.939661,0.483446
2019_02_LAC_DET,2019,2,0.473940,-1.223032,0.493409
2019_02_MIN_GB,2019,2,0.650989,2.618227,0.488720
2019_02_NE_MIA,2019,2,0.060833,-17.548360,0.513344
2019_02_SEA_PIT,2019,2,0.642059,3.578544,0.487547
2019_02_SF_CIN,2019,2,0.592503,0.697596,0.491064
2019_02_KC_OAK,2019,2,0.256114,-6.984906,0.500446
2019_02_CHI_DEN,2019,2,0.409373,-3.143657,0.495755
2019_02_NO_LA,2019,2,0.584236,1.657911,0.489892
2019_02_PHI_ATL,2019,2,0.425020,-1.223032,0.493409
2019_02_CLE_NYJ,2019,2,0.285744,-6.504750,0.499860
2019_03_TEN_JAX,2019,3,0.430990,-1.703188,0.493996
2019_03_ATL_IND,2019,3,0.549759,0.697596,0.491064
2019_03_BAL_KC,2019,3,0.656805,4.058703,0.486961
2019_03_CIN_BUF,2019,3,0.682990,5.019021,0.485789
2019_03_DEN_GB,2019,3,0.732367,6.459500,0.484032
2019_03_DET_PHI,2019,3,0.635225,3.578544,0.487547
2019_03_MIA_DAL,2019,3,0.967559,20.864505,0.466484
2019_03_NYJ_NE,2019,3,0.960144,19.423983,0.468236
2019_03_OAK_MIN,2019,3,0.769878,7.899983,0.482275
2019_03_CAR_ARI,2019,3,0.637987,2.138069,0.489306
2019_03_NYG_TB,2019,3,0.666061,4.538862,0.486375
2019_03_HOU_LAC,2019,3,0.584760,2.618227,0.488720
2019_03_NO_SEA,2019,3,0.669340,4.538862,0.486375
2019_03_PIT_SF,2019,3,0.697652,5.499180,0.485204
2019_03_LA_CLE,2019,3,0.371811,-4.103970,0.496928
2019_03_CHI_WAS,2019,3,0.328828,-5.064282,0.498100
2019_04_PHI_GB,2019,4,0.637094,3.098385,0.488134
2019_04_CAR_HOU,2019,4,0.677833,5.019021,0.485789
2019_04_CLE_BAL,2019,4,0.755522,6.939661,0.483446
2019_04_KC_DET,2019,4,0.245633,-7.465062,0.501032
2019_04_LAC_MIA,2019,4,0.097827,-14.667410,0.509827
2019_04_NE_BUF,2019,4,0.267754,-6.984906,0.500446
2019_04_OAK_IND,2019,4,0.685548,5.019021,0.485789
2019_04_TEN_ATL,2019,4,0.618138,3.098385,0.488134
2019_04_WAS_NYG,2019,4,0.611640,2.618227,0.488720
2019_04_SEA_ARI,2019,4,0.318427,-5.544438,0.498687
2019_04_TB_LA,2019,4,0.781677,8.380144,0.481689
2019_04_JAX_DEN,2019,4,0.629207,2.138069,0.489306
2019_04_MIN_CHI,2019,4,0.483856,-1.223032,0.493409
2019_04_DAL_NO,2019,4,0.424108,-2.663501,0.495168
2019_04_CIN_PIT,2019,4,0.560671,3.098385,0.488134
2019_05_LA_SEA,2019,5,0.523399,1.177754,0.490478
2019_05_ARI_CIN,2019,5,0.612469,2.618227,0.488720
2019_05_ATL_HOU,2019,5,0.631096,3.578544,0.487547
2019_05_BAL_PIT,2019,5,0.344133,-3.623814,0.496341
2019_05_BUF_TEN,2019,5,0.618442,3.098385,0.488134
2019_05_CHI_OAK,2019,5,0.280372,-6.504750,0.499860
2019_05_JAX_CAR,2019,5,0.565122,2.618227,0.488720
2019_05_MIN_NYG,2019,5,0.329245,-5.544438,0.498687
2019_05_NE_WAS,2019,5,0.095061,-15.147568,0.510414
2019_05_NYJ_PHI,2019,5,0.888220,13.181781,0.475835
2019_05_TB_NO,2019,5,0.631826,2.618227,0.488720
2019_05_DEN_LAC,2019,5,0.626339,3.578544,0.487547
2019_05_GB_DAL,2019,5,0.574423,3.098385,0.488134
2019_05_IND_KC,2019,5,0.823629,9.820631,0.479932
2019_05_CLE_SF,2019,5,0.660767,4.538862,0.486375
2019_06_NYG_NE,2019,6,0.921595,15.582617,0.472911
2019_06_CAR_TB,2019,6,0.406742,-2.183345,0.494582
2019_06_CIN_BAL,2019,6,0.819283,9.820631,0.479932
2019_06_HOU_KC,2019,6,0.606765,3.098385,0.488134
2019_06_NO_JAX,2019,6,0.574500,2.138069,0.489306
2019_06_PHI_MIN,2019,6,0.599468,3.098385,0.488134
2019_06_SEA_CLE,2019,6,0.587973,0.697596,0.491064
2019_06_WAS_MIA,2019,6,0.295663,-6.024594,0.499273
2019_06_ATL_ARI,2019,6,0.426389,-3.143657,0.495755
2019_06_SF_LA,2019,6,0.607905,2.618227,0.488720
2019_06_DAL_NYJ,2019,6,0.265433,-6.984906,0.500446
2019_06_TEN_DEN,2019,6,0.548058,0.697596,0.491064
2019_06_PIT_LAC,2019,6,0.711058,5.499180,0.485204
2019_06_DET_GB,2019,6,0.632819,3.098385,0.488134
2019_07_KC_DEN,2019,7,0.431164,-3.143657,0.495755
2019_07_ARI_NYG,2019,7,0.602802,3.098385,0.488134
2019_07_HOU_IND,2019,7,0.576699,1.177754,0.490478
2019_07_JAX_CIN,2019,7,0.377833,-4.103970,0.496928
2019_07_LA_ATL,2019,7,0.393574,-3.143657,0.495755
2019_07_MIA_BUF,2019,7,0.926074,16.062786,0.472326
2019_07_MIN_DET,2019,7,0.443059,-2.663501,0.495168
2019_07_OAK_GB,2019,7,0.681707,5.019021,0.485789
2019_07_SF_WAS,2019,7,0.192222,-9.865842,0.503964
2019_07_LAC_TEN,2019,7,0.619342,2.618227,0.488720
2019_07_BAL_SEA,2019,7,0.567956,2.618227,0.488720
2019_07_NO_CHI,2019,7,0.629713,3.578544,0.487547
2019_07_PHI_DAL,2019,7,0.553357,2.618227,0.488720
2019_07_NE_NYJ,2019,7,0.206021,-9.385686,0.503378
2019_08_WAS_MIN,2019,8,0.920735,15.582617,0.472911
2019_08_ARI_NO,2019,8,0.861766,11.741286,0.477591
2019_08_CIN_LA,2019,8,0.855215,11.261121,0.478176
2019_08_DEN_IND,2019,8,0.713374,5.499180,0.485204
2019_08_LAC_CHI,2019,8,0.645421,3.098385,0.488134
2019_08_NYG_DET,2019,8,0.723289,5.979340,0.484618
2019_08_NYJ_JAX,2019,8,0.740312,6.459500,0.484032
2019_08_PHI_BUF,2019,8,0.517108,0.697596,0.491064
2019_08_SEA_ATL,2019,8,0.244592,-7.465062,0.501032
2019_08_TB_TEN,2019,8,0.603091,1.657911,0.489892
2019_08_CAR_SF,2019,8,0.662115,4.058703,0.486961
2019_08_CLE_NE,2019,8,0.796968,8.860306,0.481103
2019_08_OAK_HOU,2019,8,0.671307,4.538862,0.486375
2019_08_GB_KC,2019,8,0.335395,-5.064282,0.498100
2019_08_MIA_PIT,2019,8,0.887038,13.181781,0.475835
2019_09_SF_ARI,2019,9,0.176923,-10.345998,0.504551
2019_09_HOU_JAX,2019,9,0.531655,0.697596,0.491064
2019_09_CHI_PHI,2019,9,0.670000,4.538862,0.486375
2019_09_IND_PIT,2019,9,0.478824,0.697596,0.491064
2019_09_MIN_KC,2019,9,0.310765,-5.544438,0.498687
2019_09_NYJ_MIA,2019,9,0.397210,-3.623814,0.496341
2019_09_TEN_CAR,2019,9,0.606917,3.098385,0.488134
2019_09_WAS_BUF,2019,9,0.824479,9.820631,0.479932
2019_09_DET_OAK,2019,9,0.544097,2.138069,0.489306
2019_09_TB_SEA,2019,9,0.636596,3.578544,0.487547
2019_09_CLE_DEN,2019,9,0.359446,-4.103970,0.496928
2019_09_GB_LAC,2019,9,0.371069,-4.103970,0.496928
2019_09_NE_BAL,2019,9,0.411431,-3.143657,0.495755
2019_09_DAL_NYG,2019,9,0.280933,-6.504750,0.499860
2019_10_LAC_OAK,2019,10,0.474674,-1.223032,0.493409
2019_10_ARI_TB,2019,10,0.677833,5.019021,0.485789
2019_10_ATL_NO,2019,10,0.890791,13.181781,0.475835
2019_10_BAL_CIN,2019,10,0.173942,-10.345998,0.504551
2019_10_BUF_CLE,2019,10,0.621126,2.618227,0.488720
2019_10_DET_CHI,2019,10,0.691983,5.499180,0.485204
2019_10_KC_TEN,2019,10,0.335395,-5.064282,0.498100
2019_10_NYG_NYJ,2019,10,0.390585,-3.143657,0.495755
2019_10_MIA_IND,2019,10,0.832725,10.300794,0.479347
2019_10_CAR_GB,2019,10,0.662092,4.538862,0.486375
2019_10_LA_PIT,2019,10,0.374542,-4.103970,0.496928
2019_10_MIN_DAL,2019,10,0.624269,3.098385,0.488134
2019_10_SEA_SF,2019,10,0.713172,5.979340,0.484618
2019_11_PIT_CLE,2019,11,0.649605,2.618227,0.488720
2019_11_ATL_CAR,2019,11,0.606025,3.098385,0.488134
2019_11_BUF_MIA,2019,11,0.275960,-6.984906,0.500446
2019_11_DAL_DET,2019,11,0.248829,-7.465062,0.501032
2019_11_DEN_MIN,2019,11,0.818356,9.340468,0.480518
2019_11_HOU_BAL,2019,11,0.632476,3.578544,0.487547
2019_11_JAX_IND,2019,11,0.613143,2.138069,0.489306
2019_11_NO_TB,2019,11,0.335395,-5.064282,0.498100
2019_11_NYJ_WAS,2019,11,0.505123,0.697596,0.491064
2019_11_ARI_SF,2019,11,0.814203,9.340468,0.480518
2019_11_CIN_OAK,2019,11,0.870824,12.221450,0.477006
2019_11_NE_PHI,2019,11,0.338730,-4.584126,0.497514
2019_11_CHI_LA,2019,11,0.671307,4.538862,0.486375
2019_11_KC_LAC,2019,11,0.317143,-5.544438,0.498687
2019_12_IND_HOU,2019,12,0.587450,3.098385,0.488134
2019_12_CAR_NO,2019,12,0.809706,9.340468,0.480518
2019_12_DEN_BUF,2019,12,0.617397,3.098385,0.488134
2019_12_DET_WAS,2019,12,0.358798,-4.103970,0.496928
2019_12_MIA_CLE,2019,12,0.835976,10.300794,0.479347
2019_12_NYG_CHI,2019,12,0.705700,5.499180,0.485204
2019_12_OAK_NYJ,2019,12,0.401170,-3.623814,0.496341
2019_12_PIT_CIN,2019,12,0.317143,-5.544438,0.498687
2019_12_SEA_PHI,2019,12,0.504474,-1.223032,0.493409
2019_12_TB_ATL,2019,12,0.644767,3.098385,0.488134
2019_12_JAX_TEN,2019,12,0.641406,4.058703,0.486961
2019_12_DAL_NE,2019,12,0.688096,5.019021,0.485789
2019_12_GB_SF,2019,12,0.558034,2.618227,0.488720
2019_12_BAL_LA,2019,12,0.348668,-3.623814,0.496341
2019_13_CHI_DET,2019,13,0.314585,-5.544438,0.498687
2019_13_BUF_DAL,2019,13,0.702908,5.979340,0.484618
2019_13_NO_ATL,2019,13,0.272422,-6.984906,0.500446
2019_13_CLE_PIT,2019,13,0.407699,-1.223032,0.493409
2019_13_GB_NYG,2019,13,0.276205,-6.504750,0.499860
2019_13_NYJ_CIN,2019,13,0.418036,-2.663501,0.495168
2019_13_PHI_MIA,2019,13,0.177322,-10.345998,0.504551
2019_13_SF_BAL,2019,13,0.677833,5.019021,0.485789
2019_13_TB_JAX,2019,13,0.413213,-3.143657,0.495755
2019_13_TEN_IND,2019,13,0.480378,-1.223032,0.493409
2019_13_WAS_CAR,2019,13,0.822768,9.820631,0.479932
2019_13_LA_ARI,2019,13,0.446744,-2.663501,0.495168
2019_13_LAC_DEN,2019,13,0.344671,-4.584126,0.497514
2019_13_OAK_KC,2019,13,0.848396,10.780957,0.478761
2019_13_NE_HOU,2019,13,0.382587,-3.623814,0.496341
2019_13_MIN_SEA,2019,13,0.541556,2.138069,0.489306
2019_14_DAL_CHI,2019,14,0.435305,-3.143657,0.495755
2019_14_BAL_BUF,2019,14,0.279735,-6.504750,0.499860
2019_14_CAR_ATL,2019,14,0.627927,3.098385,0.488134
2019_14_CIN_CLE,2019,14,0.722121,5.979340,0.484618
2019_14_DEN_HOU,2019,14,0.754446,7.419822,0.482860
2019_14_DET_MIN,2019,14,0.858339,11.261121,0.478176
2019_14_IND_TB,2019,14,0.541074,2.618227,0.488720
2019_14_MIA_NYJ,2019,14,0.675221,4.538862,0.486375
2019_14_SF_NO,2019,14,0.515202,0.697596,0.491064
2019_14_WAS_GB,2019,14,0.869485,12.221450,0.477006
2019_14_LAC_JAX,2019,14,0.380650,-3.623814,0.496341
2019_14_KC_NE,2019,14,0.604200,2.618227,0.488720
2019_14_PIT_ARI,2019,14,0.452929,-2.663501,0.495168
2019_14_TEN_OAK,2019,14,0.365498,-3.143657,0.495755
2019_14_SEA_LA,2019,14,0.552426,0.697596,0.491064
2019_14_NYG_PHI,2019,14,0.796008,8.860306,0.481103
2019_15_NYJ_BAL,2019,15,0.927074,16.062786,0.472326
2019_15_CHI_GB,2019,15,0.619675,3.578544,0.487547
2019_15_DEN_KC,2019,15,0.823110,9.340468,0.480518
2019_15_HOU_TEN,2019,15,0.598786,2.618227,0.488720
2019_15_MIA_NYG,2019,15,0.593567,3.098385,0.488134
2019_15_NE_CIN,2019,15,0.177784,-10.345998,0.504551
2019_15_PHI_WAS,2019,15,0.259315,-6.984906,0.500446
2019_15_SEA_CAR,2019,15,0.299378,-6.024594,0.499273
2019_15_TB_DET,2019,15,0.323594,-5.544438,0.498687
2019_15_CLE_ARI,2019,15,0.390877,-3.143657,0.495755
2019_15_JAX_OAK,2019,15,0.738609,6.459500,0.484032
2019_15_MIN_LAC,2019,15,0.468132,-1.223032,0.493409
2019_15_ATL_SF,2019,15,0.828133,9.820631,0.479932
2019_15_LA_DAL,2019,15,0.448836,-1.223032,0.493409
2019_15_BUF_PIT,2019,15,0.491423,0.697596,0.491064
2019_15_IND_NO,2019,15,0.757721,7.419822,0.482860
2019_16_HOU_TB,2019,16,0.367163,-3.143657,0.495755
2019_16_BUF_NE,2019,16,0.735838,6.459500,0.484032
2019_16_LA_SF,2019,16,0.722975,6.459500,0.484032
2019_16_BAL_CLE,2019,16,0.204091,-9.385686,0.503378
2019_16_CAR_IND,2019,16,0.760000,6.939661,0.483446
2019_16_CIN_MIA,2019,16,0.446898,-1.703188,0.493996
2019_16_JAX_ATL,2019,16,0.752364,6.939661,0.483446
2019_16_NO_TEN,2019,16,0.382786,-3.623814,0.496341
2019_16_NYG_WAS,2019,16,0.457995,-1.223032,0.493409
2019_16_PIT_NYJ,2019,16,0.451188,-3.143657,0.495755
2019_16_DET_DEN,2019,16,0.788215,8.860306,0.481103
2019_16_OAK_LAC,2019,16,0.751874,6.939661,0.483446
2019_16_ARI_SEA,2019,16,0.763119,7.419822,0.482860
2019_16_DAL_PHI,2019,16,0.458434,-2.183345,0.494582
2019_16_KC_CHI,2019,16,0.290605,-6.504750,0.499860
2019_16_GB_MIN,2019,16,0.632476,3.578544,0.487547
2019_17_ATL_TB,2019,17,0.509846,0.697596,0.491064
2019_17_CHI_MIN,2019,17,0.322301,-5.544438,0.498687
2019_17_CLE_CIN,2019,17,0.411433,-2.663501,0.495168
2019_17_GB_DET,2019,17,0.117260,-13.226938,0.508069
2019_17_LAC_KC,2019,17,0.811528,9.340468,0.480518
2019_17_MIA_NE,2019,17,0.933908,16.542955,0.471742
2019_17_NO_CAR,2019,17,0.123157,-13.226938,0.508069
2019_17_NYJ_BUF,2019,17,0.456786,-1.703188,0.493996
2019_17_ARI_LA,2019,17,0.742949,6.459500,0.484032
2019_17_IND_JAX,2019,17,0.336718,-5.064282,0.498100
2019_17_OAK_DEN,2019,17,0.689961,5.019021,0.485789
2019_17_PHI_NYG,2019,17,0.359446,-4.103970,0.496928
2019_17_PIT_BAL,2019,17,0.470229,-2.183345,0.494582
2019_17_TEN_HOU,2019,17,0.182934,-9.865842,0.503964
2019_17_WAS_DAL,2019,17,0.868812,12.221450,0.477006
2019_17_SF_SEA,2019,17,0.338057,-3.623814,0.496341
2019_18_BUF_HOU,2019,18,0.556102,2.138069,0.489306
2019_18_TEN_NE,2019,18,0.647400,4.058703,0.486961
2019_18_MIN_NO,2019,18,0.753428,6.939661,0.483446
2019_18_SEA_PHI,2019,18,0.580021,0.697596,0.491064
2019_19_MIN_SF,2019,19,0.722975,6.459500,0.484032
2019_19_TEN_BAL,2019,19,0.808791,9.340468,0.480518
2019_19_HOU_KC,2019,19,0.806954,9.340468,0.480518
2019_19_SEA_GB,2019,19,0.648752,4.058703,0.486961
2019_20_TEN_KC,2019,20,0.755522,6.939661,0.483446
2019_20_GB_SF,2019,20,0.758806,7.419822,0.482860
2019_21_SF_KC,2019,21,0.520536,1.177754,0.490478
2020_01_HOU_KC,2020,1,0.790788,8.750648,0.477867
2020_01_CHI_DET,2020,1,0.573601,1.937348,0.483378
2020_01_CLE_BAL,2020,1,0.725845,6.317322,0.479835
2020_01_GB_MIN,2020,1,0.488721,0.477360,0.484559
2020_01_IND_JAX,2020,1,0.271140,-7.309227,0.490863
2020_01_LV_CAR,2020,1,0.454784,-3.415937,0.487710
2020_01_MIA_NE,2020,1,0.744149,6.803987,0.479441
2020_01_NYJ_BUF,2020,1,0.714030,5.830658,0.480228
2020_01_PHI_WAS,2020,1,0.313609,-5.849244,0.489681
2020_01_SEA_ATL,2020,1,0.561988,0.477360,0.484559
2020_01_LAC_CIN,2020,1,0.443886,-2.929276,0.487316
2020_01_ARI_SF,2020,1,0.738149,6.317322,0.479835
2020_01_TB_NO,2020,1,0.623922,3.397338,0.482196
2020_01_DAL_LA,2020,1,0.529613,0.477360,0.484559
2020_01_PIT_NYG,2020,1,0.297591,-6.335905,0.490075
2020_01_TEN_DEN,2020,1,0.411637,-3.415937,0.487710
2020_02_CIN_CLE,2020,2,0.699651,5.343994,0.480622
2020_02_ATL_DAL,2020,2,0.603180,2.424011,0.482984
2020_02_BUF_MIA,2020,2,0.316447,-5.849244,0.489681
2020_02_CAR_TB,2020,2,0.739118,6.803987,0.479441
2020_02_DEN_PIT,2020,2,0.689924,5.343994,0.480622
2020_02_DET_GB,2020,2,0.730565,6.317322,0.479835
2020_02_JAX_TEN,2020,2,0.733058,6.317322,0.479835
2020_02_LA_PHI,2020,2,0.592934,1.450685,0.483772
2020_02_MIN_IND,2020,2,0.654984,2.910675,0.482590
2020_02_NYG_CHI,2020,2,0.647752,3.884002,0.481803
2020_02_SF_NYJ,2020,2,0.263416,-7.309227,0.490863
2020_02_WAS_ARI,2020,2,0.750027,6.803987,0.479441
2020_02_BAL_HOU,2020,2,0.252135,-7.795888,0.491257
2020_02_KC_LAC,2020,2,0.227242,-8.769210,0.492045
2020_02_NE_SEA,2020,2,0.628478,3.397338,0.482196
2020_02_NO_LV,2020,2,0.357330,-4.389260,0.488498
2020_03_MIA_JAX,2020,3,0.573893,2.424011,0.482984
2020_03_CHI_ATL,2020,3,0.567150,1.937348,0.483378
2020_03_CIN_PHI,2020,3,0.679303,4.857330,0.481015
2020_03_HOU_PIT,2020,3,0.636628,3.397338,0.482196
2020_03_LA_BUF,2020,3,0.551790,0.964022,0.484165
2020_03_LV_NE,2020,3,0.724098,6.317322,0.479835
2020_03_SF_NYG,2020,3,0.424570,-3.415937,0.487710
2020_03_TEN_MIN,2020,3,0.363198,-3.415937,0.487710
2020_03_WAS_CLE,2020,3,0.746139,6.803987,0.479441
2020_03_CAR_LAC,2020,3,0.696450,5.343994,0.480622
2020_03_NYJ_IND,2020,3,0.858330,11.670645,0.475507
2020_03_DAL_SEA,2020,3,0.678349,4.857330,0.481015
2020_03_DET_ARI,2020,3,0.647752,3.884002,0.481803
2020_03_TB_DEN,2020,3,0.297591,-6.335905,0.490075
2020_03_GB_NO,2020,3,0.587010,2.910675,0.482590
2020_03_KC_BAL,2020,3,0.645208,2.910675,0.482590
2020_04_DEN_NYJ,2020,4,0.523920,0.477360,0.484559
2020_04_ARI_CAR,2020,4,0.412954,-3.415937,0.487710
2020_04_BAL_WAS,2020,4,0.101783,-14.609133,0.496775
2020_04_CLE_DAL,2020,4,0.578764,2.910675,0.482590
2020_04_JAX_CIN,2020,4,0.552765,0.477360,0.484559
2020_04_LAC_TB,2020,4,0.745336,6.803987,0.479441
2020_04_MIN_HOU,2020,4,0.637661,2.910675,0.482590
2020_04_NO_DET,2020,4,0.407057,-3.415937,0.487710
2020_04_SEA_MIA,2020,4,0.344818,-4.875922,0.488892
2020_04_NYG_LA,2020,4,0.873416,12.643979,0.474720
2020_04_BUF_LV,2020,4,0.377480,-3.415937,0.487710
2020_04_IND_CHI,2020,4,0.361400,-3.902599,0.488104
2020_04_PHI_SF,2020,4,0.773429,7.777317,0.478654
2020_04_NE_KC,2020,4,0.731405,6.317322,0.479835
2020_04_ATL_GB,2020,4,0.668557,4.370666,0.481409
2020_05_TB_CHI,2020,5,0.401754,-3.902599,0.488104
2020_05_ARI_NYJ,2020,5,0.258945,-7.309227,0.490863
2020_05_CAR_ATL,2020,5,0.546135,1.937348,0.483378
2020_05_CIN_BAL,2020,5,0.856185,11.670645,0.475507
2020_05_JAX_HOU,2020,5,0.704994,5.830658,0.480228
2020_05_LA_WAS,2020,5,0.265121,-7.309227,0.490863
2020_05_LV_KC,2020,5,0.831102,10.210645,0.476687
2020_05_PHI_PIT,2020,5,0.736577,6.803987,0.479441
2020_05_MIA_SF,2020,5,0.775591,7.777317,0.478654
2020_05_IND_CLE,2020,5,0.550929,0.477360,0.484559
2020_05_NYG_DAL,2020,5,0.745336,6.803987,0.479441
2020_05_MIN_SEA,2020,5,0.709533,5.830658,0.480228
2020_05_LAC_NO,2020,5,0.724972,6.317322,0.479835
2020_05_BUF_TEN,2020,5,0.387871,-3.415937,0.487710
2020_06_ATL_MIN,2020,6,0.589468,2.910675,0.482590
2020_06_BAL_PHI,2020,6,0.171695,-10.715852,0.493622
2020_06_CHI_CAR,2020,6,0.583103,1.450685,0.483772
2020_06_CIN_IND,2020,6,0.740804,6.803987,0.479441
2020_06_CLE_PIT,2020,6,0.534052,2.424011,0.482984
2020_06_DEN_NE,2020,6,0.722345,6.317322,0.479835
2020_06_DET_JAX,2020,6,0.378233,-3.415937,0.487710
2020_06_HOU_TEN,2020,6,0.636628,3.397338,0.482196
2020_06_WAS_NYG,2020,6,0.601278,1.450685,0.483772
2020_06_NYJ_MIA,2020,6,0.784950,8.750648,0.477867
2020_06_GB_TB,2020,6,0.329748,-3.415937,0.487710
2020_06_LA_SF,2020,6,0.420710,-2.442614,0.486923
2020_06_KC_BUF,2020,6,0.311727,-5.849244,0.489681
2020_06_ARI_DAL,2020,6,0.511009,0.477360,0.484559
2020_07_NYG_PHI,2020,7,0.667582,4.370666,0.481409
2020_07_BUF_NYJ,2020,7,0.198916,-9.742531,0.492833
2020_07_CAR_NO,2020,7,0.725845,6.317322,0.479835
2020_07_CLE_CIN,2020,7,0.335557,-4.875922,0.488892
2020_07_DAL_WAS,2020,7,0.452415,-1.469290,0.486135
2020_07_DET_ATL,2020,7,0.535901,0.477360,0.484559
2020_07_GB_HOU,2020,7,0.392734,-2.929276,0.487316
2020_07_PIT_TEN,2020,7,0.547084,0.477360,0.484559
2020_07_TB_LV,2020,7,0.383453,-3.902599,0.488104
2020_07_JAX_LAC,2020,7,0.754484,7.290652,0.479047
2020_07_KC_DEN,2020,7,0.261744,-7.309227,0.490863
2020_07_SF_NE,2020,7,0.565153,2.424011,0.482984
2020_07_SEA_ARI,2020,7,0.417963,-3.902599,0.488104
2020_07_CHI_LA,2020,7,0.703667,5.830658,0.480228
2020_08_ATL_CAR,2020,8,0.551379,0.964022,0.484165
2020_08_IND_DET,2020,8,0.363358,-3.902599,0.488104
2020_08_LA_MIA,2020,8,0.399519,-3.902599,0.488104
2020_08_LV_CLE,2020,8,0.563118,0.477360,0.484559
2020_08_MIN_GB,2020,8,0.675473,4.857330,0.481015
2020_08_NE_BUF,2020,8,0.631541,3.397338,0.482196
2020_08_NYJ_KC,2020,8,0.953438,18.970673,0.469612
2020_08_PIT_BAL,2020,8,0.635077,3.397338,0.482196
2020_08_TEN_CIN,2020,8,0.244583,-7.795888,0.491257
2020_08_LAC_DEN,2020,8,0.394835,-3.415937,0.487710
2020_08_NO_CHI,2020,8,0.307976,-5.849244,0.489681
2020_08_SF_SEA,2020,8,0.502696,0.477360,0.484559
2020_08_DAL_PHI,2020,8,0.799327,9.237313,0.477474
2020_08_TB_NYG,2020,8,0.125395,-13.149153,0.495592
2020_09_GB_SF,2020,9,0.293029,-6.335905,0.490075
2020_09_BAL_IND,2020,9,0.544583,0.477360,0.484559
2020_09_CAR_KC,2020,9,0.803512,9.237313,0.477474
2020_09_CHI_TEN,2020,9,0.711335,5.830658,0.480228
2020_09_DEN_ATL,2020,9,0.650744,3.884002,0.481803
2020_09_DET_MIN,2020,9,0.568527,2.424011,0.482984
2020_09_HOU_JAX,2020,9,0.258945,-7.309227,0.490863
2020_09_NYG_WAS,2020,9,0.570244,2.424011,0.482984
2020_09_SEA_BUF,2020,9,0.428064,-3.415937,0.487710
2020_09_LV_LAC,2020,9,0.457866,-1.469290,0.486135
2020_09_MIA_ARI,2020,9,0.701054,5.343994,0.480622
2020_09_PIT_DAL,2020,9,0.111207,-14.122473,0.496381
2020_09_NO_TB,2020,9,0.579814,2.424011,0.482984
2020_09_NE_NYJ,2020,9,0.197912,-9.742531,0.492833
2020_10_IND_TEN,2020,10,0.449199,-1.469290,0.486135
2020_10_HOU_CLE,2020,10,0.648750,3.884002,0.481803
2020_10_JAX_GB,2020,10,0.874381,12.643979,0.474720
2020_10_PHI_NYG,2020,10,0.344818,-4.875922,0.488892
2020_10_TB_CAR,2020,10,0.300346,-6.335905,0.490075
2020_10_WAS_DET,2020,10,0.582275,1.937348,0.483378
2020_10_BUF_ARI,2020,10,0.621177,2.424011,0.482984
2020_10_DEN_LV,2020,10,0.601388,2.910675,0.482590
2020_10_LAC_MIA,2020,10,0.562543,0.477360,0.484559
2020_10_CIN_PIT,2020,10,0.705907,5.830658,0.480228
2020_10_SEA_LA,2020,10,0.628004,2.424011,0.482984
2020_10_SF_NO,2020,10,0.794009,8.750648,0.477867
2020_10_BAL_NE,2020,10,0.264266,-7.309227,0.490863
2020_10_MIN_CHI,2020,10,0.369379,-3.902599,0.488104
2020_11_ARI_SEA,2020,11,0.545775,2.424011,0.482984
2020_11_ATL_NO,2020,11,0.591585,2.910675,0.482590
2020_11_CIN_WAS,2020,11,0.552226,1.450685,0.483772
2020_11_DET_CAR,2020,11,0.425071,-3.415937,0.487710
2020_11_NE_HOU,2020,11,0.439773,-2.929276,0.487316
2020_11_PHI_CLE,2020,11,0.585013,1.937348,0.483378
2020_11_PIT_JAX,2020,11,0.167964,-11.202512,0.494016
2020_11_TEN_BAL,2020,11,0.692733,5.343994,0.480622
2020_11_MIA_DEN,2020,11,0.359867,-4.389260,0.488498
2020_11_NYJ_LAC,2020,11,0.805902,9.237313,0.477474
2020_11_DAL_MIN,2020,11,0.728456,6.317322,0.479835
2020_11_GB_IND,2020,11,0.528530,0.964022,0.484165
2020_11_KC_LV,2020,11,0.257123,-7.795888,0.491257
2020_11_LA_TB,2020,11,0.635077,3.397338,0.482196
2020_12_HOU_DET,2020,12,0.402163,-3.415937,0.487710
2020_12_WAS_DAL,2020,12,0.582305,1.937348,0.483378
2020_12_ARI_NE,2020,12,0.414814,-1.469290,0.486135
2020_12_CAR_MIN,2020,12,0.567776,2.424011,0.482984
2020_12_CLE_JAX,2020,12,0.248850,-7.795888,0.491257
2020_12_LAC_BUF,2020,12,0.649748,3.884002,0.481803
2020_12_LV_ATL,2020,12,0.397376,-3.902599,0.488104
2020_12_MIA_NYJ,2020,12,0.255453,-7.795888,0.491257
2020_12_NYG_CIN,2020,12,0.281106,-6.822566,0.490469
2020_12_TEN_IND,2020,12,0.628698,2.424011,0.482984
2020_12_NO_DEN,2020,12,0.072002,-17.042433,0.498746
2020_12_SF_LA,2020,12,0.669968,4.370666,0.481409
2020_12_KC_TB,2020,12,0.346041,-3.902599,0.488104
2020_12_CHI_GB,2020,12,0.746933,6.803987,0.479441
2020_12_SEA_PHI,2020,12,0.283769,-6.822566,0.490469
2020_12_BAL_PIT,2020,12,0.817036,9.723979,0.477080
2020_13_CIN_MIA,2020,13,0.820874,9.723979,0.477080
2020_13_CLE_TEN,2020,13,0.637639,3.397338,0.482196
2020_13_DET_CHI,2020,13,0.541235,2.424011,0.482984
2020_13_IND_HOU,2020,13,0.337667,-3.902599,0.488104
2020_13_JAX_MIN,2020,13,0.822367,9.723979,0.477080
2020_13_LV_NYJ,2020,13,0.248048,-7.795888,0.491257
2020_13_NO_ATL,2020,13,0.443072,-2.929276,0.487316
2020_13_LA_ARI,2020,13,0.447845,-2.929276,0.487316
2020_13_NYG_SEA,2020,13,0.831102,10.210645,0.476687
2020_13_NE_LAC,2020,13,0.593934,1.937348,0.483378
2020_13_PHI_GB,2020,13,0.749583,7.290652,0.479047
2020_13_DEN_KC,2020,13,0.872279,12.157311,0.475114
2020_13_WAS_PIT,2020,13,0.674509,4.857330,0.481015
2020_13_BUF_SF,2020,13,0.533649,0.964022,0.484165
2020_13_DAL_BAL,2020,13,0.763433,7.777317,0.478654
2020_14_NE_LA,2020,14,0.661723,4.370666,0.481409
2020_14_ARI_NYG,2020,14,0.398495,-3.415937,0.487710
2020_14_DAL_CIN,2020,14,0.406634,-3.415937,0.487710
2020_14_DEN_CAR,2020,14,0.627453,3.397338,0.482196
2020_14_HOU_CHI,2020,14,0.464790,-1.469290,0.486135
2020_14_KC_MIA,2020,14,0.242754,-7.795888,0.491257
2020_14_MIN_TB,2020,14,0.724972,6.317322,0.479835
2020_14_TEN_JAX,2020,14,0.255453,-7.795888,0.491257
2020_14_IND_LV,2020,14,0.370566,-2.929276,0.487316
2020_14_NYJ_SEA,2020,14,0.920454,15.563986,0.472362
2020_14_ATL_LAC,2020,14,0.506585,0.477360,0.484559
2020_14_GB_DET,2020,14,0.195249,-9.742531,0.492833
2020_14_NO_PHI,2020,14,0.253791,-7.795888,0.491257
2020_14_WAS_SF,2020,14,0.605415,2.424011,0.482984
2020_14_PIT_BUF,2020,14,0.592274,1.450685,0.483772
2020_14_BAL_CLE,2020,14,0.427226,-3.415937,0.487710
2020_15_LAC_LV,2020,15,0.623322,2.910675,0.482590
2020_15_BUF_DEN,2020,15,0.312667,-5.849244,0.489681
2020_15_CAR_GB,2020,15,0.789335,8.750648,0.477867
2020_15_CHI_MIN,2020,15,0.552070,1.937348,0.483378
2020_15_DET_TEN,2020,15,0.796131,8.750648,0.477867
2020_15_HOU_IND,2020,15,0.740804,6.803987,0.479441
2020_15_JAX_BAL,2020,15,0.871622,12.157311,0.475114
2020_15_NE_MIA,2020,15,0.479403,-1.955952,0.486529
2020_15_SEA_WAS,2020,15,0.295764,-6.335905,0.490075
2020_15_SF_DAL,2020,15,0.360877,-4.389260,0.488498
2020_15_TB_ATL,2020,15,0.296677,-6.335905,0.490075
2020_15_NYJ_LA,2020,15,0.933161,16.537324,0.471576
2020_15_PHI_ARI,2020,15,0.717074,5.830658,0.480228
2020_15_KC_NO,2020,15,0.411763,-2.929276,0.487316
2020_15_CLE_NYG,2020,15,0.300346,-6.335905,0.490075
2020_15_PIT_CIN,2020,15,0.103960,-14.609133,0.496775
2020_16_MIN_NO,2020,16,0.712661,5.830658,0.480228
2020_16_TB_DET,2020,16,0.145519,-12.175832,0.494804
2020_16_SF_ARI,2020,16,0.697375,5.343994,0.480622
2020_16_MIA_LV,2020,16,0.396873,-2.442614,0.486923
2020_16_ATL_KC,2020,16,0.828663,10.210645,0.476687
2020_16_CHI_JAX,2020,16,0.204905,-9.742531,0.492833
2020_16_CIN_HOU,2020,16,0.744524,6.803987,0.479441
2020_16_CLE_NYJ,2020,16,0.290420,-6.822566,0.490469
2020_16_IND_PIT,2020,16,0.411122,-1.469290,0.486135
2020_16_NYG_BAL,2020,16,0.809895,9.237313,0.477474
2020_16_CAR_WAS,2020,16,0.423347,-1.469290,0.486135
2020_16_DEN_LAC,2020,16,0.594159,1.937348,0.483378
2020_16_LA_SEA,2020,16,0.517511,0.964022,0.484165
2020_16_PHI_DAL,2020,16,0.364104,-3.415937,0.487710
2020_16_TEN_GB,2020,16,0.620207,2.424011,0.482984
2020_16_BUF_NE,2020,16,0.265977,-7.309227,0.490863
2020_17_ATL_TB,2020,17,0.751849,6.803987,0.479441
2020_17_BAL_CIN,2020,17,0.116413,-13.635813,0.495987
2020_17_DAL_NYG,2020,17,0.475080,-1.955952,0.486529
2020_17_MIA_BUF,2020,17,0.343455,-3.902599,0.488104
2020_17_MIN_DET,2020,17,0.451593,-3.415937,0.487710
2020_17_NYJ_NE,2020,17,0.566129,2.424011,0.482984
2020_17_PIT_CLE,2020,17,0.817994,9.723979,0.477080
2020_17_ARI_LA,2020,17,0.484792,0.477360,0.484559
2020_17_GB_CHI,2020,17,0.341856,-4.875922,0.488892
2020_17_JAX_IND,2020,17,0.902056,14.590649,0.473148
2020_17_LAC_KC,2020,17,0.258945,-7.309227,0.490863
2020_17_LV_DEN,2020,17,0.406456,-2.929276,0.487316
2020_17_NO_CAR,2020,17,0.293029,-6.335905,0.490075
2020_17_SEA_SF,2020,17,0.263029,-7.309227,0.490863
2020_17_TEN_HOU,2020,17,0.263416,-7.309227,0.490863
2020_17_WAS_PHI,2020,17,0.286449,-6.822566,0.490469
2020_18_IND_BUF,2020,18,0.734677,6.317322,0.479835
2020_18_LA_SEA,2020,18,0.566067,2.424011,0.482984
2020_18_TB_WAS,2020,18,0.188674,-10.229191,0.493227
2020_18_BAL_TEN,2020,18,0.363128,-3.902599,0.488104
2020_18_CHI_NO,2020,18,0.820782,10.210645,0.476687
2020_18_CLE_PIT,2020,18,0.658770,4.370666,0.481409
2020_19_LA_GB,2020,19,0.727586,6.317322,0.479835
2020_19_BAL_BUF,2020,19,0.569012,1.937348,0.483378
2020_19_CLE_KC,2020,19,0.738273,6.803987,0.479441
2020_19_TB_NO,2020,19,0.589375,1.937348,0.483378
2020_20_TB_GB,2020,20,0.648771,2.424011,0.482984
2020_20_BUF_KC,2020,20,0.581795,2.424011,0.482984
2020_21_KC_TB,2020,21,0.373677,-3.415937,0.487710
2021_01_DAL_TB,2021,1,0.812177,9.055586,0.472114
2021_01_ARI_TEN,2021,1,0.543939,1.970121,0.484345
2021_01_JAX_HOU,2021,1,0.359795,-3.698147,0.494145
2021_01_LAC_WAS,2021,1,0.509067,1.970121,0.484345
2021_01_MIN_CIN,2021,1,0.398238,-3.225793,0.493328
2021_01_NYJ_CAR,2021,1,0.588993,2.914840,0.482713
2021_01_PHI_ATL,2021,1,0.613308,2.914840,0.482713
2021_01_PIT_BUF,2021,1,0.712699,5.749012,0.477819
2021_01_SEA_IND,2021,1,0.419084,-3.225793,0.493328
2021_01_SF_DET,2021,1,0.193795,-9.366382,0.503949
2021_01_CLE_KC,2021,1,0.675329,4.804285,0.479450
2021_01_DEN_NYG,2021,1,0.408895,-3.225793,0.493328
2021_01_GB_NO,2021,1,0.345055,-4.170500,0.494962
2021_01_MIA_NE,2021,1,0.573675,2.914840,0.482713
2021_01_CHI_LA,2021,1,0.794136,8.583215,0.472929
2021_01_BAL_LV,2021,1,0.380459,-3.225793,0.493328
2021_02_NYG_WAS,2021,2,0.627845,3.387200,0.481897
2021_02_BUF_MIA,2021,2,0.377496,-3.698147,0.494145
2021_02_CIN_CHI,2021,2,0.536737,1.497763,0.485162
2021_02_DEN_JAX,2021,2,0.282102,-6.059913,0.498230
2021_02_HOU_CLE,2021,2,0.876599,12.362212,0.466417
2021_02_LA_IND,2021,2,0.354694,-4.170500,0.494962
2021_02_LV_PIT,2021,2,0.680805,4.804285,0.479450
2021_02_NE_NYJ,2021,2,0.303334,-5.587560,0.497413
2021_02_NO_CAR,2021,2,0.426391,-3.225793,0.493328
2021_02_SF_PHI,2021,2,0.429271,-3.225793,0.493328
2021_02_ATL_TB,2021,2,0.878296,12.362212,0.466417
2021_02_MIN_ARI,2021,2,0.633730,3.387200,0.481897
2021_02_DAL_LAC,2021,2,0.652630,2.442480,0.483529
2021_02_TEN_SEA,2021,2,0.706186,5.749012,0.477819
2021_02_KC_BAL,2021,2,0.373836,-3.698147,0.494145
2021_02_DET_GB,2021,2,0.841703,10.472704,0.469671
2021_03_CAR_HOU,2021,3,0.236842,-7.949324,0.501498
2021_03_ARI_JAX,2021,3,0.229027,-7.949324,0.501498
2021_03_ATL_NYG,2021,3,0.575526,2.442480,0.483529
2021_03_BAL_DET,2021,3,0.242117,-7.476971,0.500681
2021_03_CHI_CLE,2021,3,0.737084,6.693742,0.476188
2021_03_CIN_PIT,2021,3,0.527689,1.970121,0.484345
2021_03_IND_TEN,2021,3,0.651724,3.859561,0.481081
2021_03_LAC_KC,2021,3,0.706186,5.749012,0.477819
2021_03_NO_NE,2021,3,0.598867,2.442480,0.483529
2021_03_WAS_BUF,2021,3,0.744010,6.693742,0.476188
2021_03_MIA_LV,2021,3,0.630791,3.387200,0.481897
2021_03_NYJ_DEN,2021,3,0.818503,9.527957,0.471300
2021_03_SEA_MIN,2021,3,0.428095,-2.281085,0.491694
2021_03_TB_LA,2021,3,0.465026,-1.336376,0.490061
2021_03_GB_SF,2021,3,0.584485,2.914840,0.482713
2021_03_PHI_DAL,2021,3,0.556055,2.914840,0.482713
2021_04_JAX_CIN,2021,4,0.732567,6.693742,0.476188
2021_04_CAR_DAL,2021,4,0.646709,3.859561,0.481081
2021_04_CLE_MIN,2021,4,0.391552,-1.336376,0.490061
2021_04_DET_CHI,2021,4,0.539167,2.442480,0.483529
2021_04_HOU_BUF,2021,4,0.948556,17.558473,0.457482
2021_04_IND_MIA,2021,4,0.571992,1.970121,0.484345
2021_04_KC_PHI,2021,4,0.241275,-7.476971,0.500681
2021_04_NYG_NO,2021,4,0.746299,6.693742,0.476188
2021_04_TEN_NYJ,2021,4,0.302667,-5.587560,0.497413
2021_04_WAS_ATL,2021,4,0.500982,-1.336376,0.490061
2021_04_ARI_LA,2021,4,0.581649,2.914840,0.482713
2021_04_SEA_SF,2021,4,0.603195,1.970121,0.484345
2021_04_BAL_DEN,2021,4,0.508418,0.553048,0.486794
2021_04_PIT_GB,2021,4,0.708802,5.749012,0.477819
2021_04_TB_NE,2021,4,0.288142,-6.059913,0.498230
2021_04_LV_LAC,2021,4,0.639659,2.442480,0.483529
2021_05_LA_SEA,2021,5,0.383822,-2.753439,0.492511
2021_05_NYJ_ATL,2021,5,0.587600,2.442480,0.483529
2021_05_DEN_PIT,2021,5,0.405989,-2.281085,0.491694
2021_05_DET_MIN,2021,5,0.807309,9.055586,0.472114
2021_05_GB_CIN,2021,5,0.400683,-2.281085,0.491694
2021_05_MIA_TB,2021,5,0.825656,10.000330,0.470485
2021_05_NE_HOU,2021,5,0.227623,-7.949324,0.501498
2021_05_NO_WAS,2021,5,0.411338,-2.753439,0.492511
2021_05_PHI_CAR,2021,5,0.557993,1.970121,0.484345
2021_05_TEN_JAX,2021,5,0.347495,-4.170500,0.494962
2021_05_CHI_LV,2021,5,0.676346,4.804285,0.479450
2021_05_CLE_LAC,2021,5,0.575095,1.970121,0.484345
2021_05_NYG_DAL,2021,5,0.743153,6.693742,0.476188
2021_05_SF_ARI,2021,5,0.697465,5.276648,0.478634
2021_05_BUF_KC,2021,5,0.551557,1.970121,0.484345
2021_05_IND_BAL,2021,5,0.738916,6.693742,0.476188
2021_06_TB_PHI,2021,6,0.253904,-7.004618,0.499864
2021_06_MIA_JAX,2021,6,0.417739,-2.753439,0.492511
2021_06_CIN_DET,2021,6,0.394418,-3.698147,0.494145
2021_06_GB_CHI,2021,6,0.304001,-5.587560,0.497413
2021_06_HOU_IND,2021,6,0.821898,9.527957,0.471300
2021_06_KC_WAS,2021,6,0.288142,-6.059913,0.498230
2021_06_LAC_BAL,2021,6,0.542705,2.442480,0.483529
2021_06_LA_NYG,2021,6,0.237952,-7.476971,0.500681
2021_06_MIN_CAR,2021,6,0.436761,-2.753439,0.492511
2021_06_ARI_CLE,2021,6,0.624242,2.442480,0.483529
2021_06_DAL_NE,2021,6,0.352032,-3.698147,0.494145
2021_06_LV_DEN,2021,6,0.666589,4.331922,0.480266
2021_06_SEA_PIT,2021,6,0.677727,4.804285,0.479450
2021_06_BUF_TEN,2021,6,0.286203,-6.059913,0.498230
2021_07_DEN_CLE,2021,7,0.615287,1.497763,0.485162
2021_07_ATL_MIA,2021,7,0.429694,-1.808731,0.490877
2021_07_CAR_NYG,2021,7,0.383667,-3.225793,0.493328
2021_07_CIN_BAL,2021,7,0.712050,5.749012,0.477819
2021_07_KC_TEN,2021,7,0.354694,-4.170500,0.494962
2021_07_NYJ_NE,2021,7,0.726278,6.221377,0.477003
2021_07_WAS_GB,2021,7,0.766660,7.638477,0.474558
2021_07_DET_LA,2021,7,0.929857,15.668903,0.460728
2021_07_PHI_LV,2021,7,0.538110,0.553048,0.486794
2021_07_CHI_TB,2021,7,0.862137,11.417456,0.468044
2021_07_HOU_ARI,2021,7,0.960730,18.975668,0.455050
2021_07_IND_SF,2021,7,0.601333,2.914840,0.482713
2021_07_NO_SEA,2021,7,0.287495,-6.059913,0.498230
2021_08_GB_ARI,2021,8,0.708802,5.749012,0.477819
2021_08_CAR_ATL,2021,8,0.593323,1.970121,0.484345
2021_08_CIN_NYJ,2021,8,0.150097,-11.255796,0.507216
2021_08_LA_HOU,2021,8,0.064438,-16.451714,0.516198
2021_08_MIA_BUF,2021,8,0.902235,13.779357,0.463978
2021_08_PHI_DET,2021,8,0.398031,-3.225793,0.493328
2021_08_PIT_CLE,2021,8,0.680479,4.804285,0.479450
2021_08_SF_CHI,2021,8,0.333425,-4.642854,0.495779
2021_08_TEN_IND,2021,8,0.609259,2.442480,0.483529
2021_08_JAX_SEA,2021,8,0.629319,3.387200,0.481897
2021_08_NE_LAC,2021,8,0.662316,2.914840,0.482713
2021_08_TB_NO,2021,8,0.348214,-4.170500,0.494962
2021_08_WAS_DEN,2021,8,0.631526,3.387200,0.481897
2021_08_DAL_MIN,2021,8,0.648872,3.859561,0.481081
2021_08_NYG_KC,2021,8,0.817562,9.527957,0.471300
2021_09_NYJ_IND,2021,9,0.818033,9.527957,0.471300
2021_09_ATL_NO,2021,9,0.731452,6.221377,0.477003
2021_09_BUF_JAX,2021,9,0.102424,-14.089927,0.512116
2021_09_CLE_CIN,2021,9,0.553183,1.970121,0.484345
2021_09_DEN_DAL,2021,9,0.817562,9.527957,0.471300
2021_09_HOU_MIA,2021,9,0.634064,3.387200,0.481897
2021_09_LV_NYG,2021,9,0.359635,-3.225793,0.493328
2021_09_MIN_BAL,2021,9,0.745735,6.693742,0.476188
2021_09_NE_CAR,2021,9,0.398524,-3.698147,0.494145
2021_09_LAC_PHI,2021,9,0.439591,-1.336376,0.490061
2021_09_ARI_SF,2021,9,0.678416,4.804285,0.479450
2021_09_GB_KC,2021,9,0.725328,6.221377,0.477003
2021_09_TEN_LA,2021,9,0.719053,6.221377,0.477003
2021_09_CHI_PIT,2021,9,0.726906,6.221377,0.477003
2021_10_BAL_MIA,2021,10,0.219024,-8.421676,0.502315
2021_10_ATL_DAL,2021,10,0.753010,7.166109,0.475373
2021_10_BUF_NYJ,2021,10,0.120222,-12.672860,0.509666
2021_10_CLE_NE,2021,10,0.506322,1.970121,0.484345
2021_10_DET_PIT,2021,10,0.787884,8.110845,0.473743
2021_10_JAX_IND,2021,10,0.821014,9.527957,0.471300
2021_10_NO_TEN,2021,10,0.626629,2.442480,0.483529
2021_10_TB_WAS,2021,10,0.176907,-9.838736,0.504765
2021_10_CAR_ARI,2021,10,0.723129,6.221377,0.477003
2021_10_MIN_LAC,2021,10,0.634134,2.442480,0.483529
2021_10_PHI_DEN,2021,10,0.486128,0.553048,0.486794
2021_10_SEA_GB,2021,10,0.647368,2.442480,0.483529
2021_10_KC_LV,2021,10,0.460904,-2.753439,0.492511
2021_10_LA_SF,2021,10,0.364698,-3.698147,0.494145
2021_11_NE_ATL,2021,11,0.262626,-7.004618,0.499864
2021_11_BAL_CHI,2021,11,0.317534,-5.115207,0.496596
2021_11_DET_CLE,2021,11,0.868705,11.889834,0.467230
2021_11_GB_MIN,2021,11,0.407983,-1.336376,0.490061
2021_11_HOU_TEN,2021,11,0.818973,9.527957,0.471300
2021_11_IND_BUF,2021,11,0.745166,6.693742,0.476188
2021_11_MIA_NYJ,2021,11,0.373028,-3.698147,0.494145
2021_11_NO_PHI,2021,11,0.611731,1.970121,0.484345
2021_11_SF_JAX,2021,11,0.273976,-6.532265,0.499047
2021_11_WAS_CAR,2021,11,0.633595,2.914840,0.482713
2021_11_CIN_LV,2021,11,0.467519,-1.336376,0.490061
2021_11_ARI_SEA,2021,11,0.512055,1.970121,0.484345
2021_11_DAL_KC,2021,11,0.561996,1.970121,0.484345
2021_11_PIT_LAC,2021,11,0.672590,4.804285,0.479450
2021_11_NYG_TB,2021,11,0.841892,10.472704,0.469671
2021_12_CHI_DET,2021,12,0.450273,-2.281085,0.491694
2021_12_LV_DAL,2021,12,0.724704,6.221377,0.477003
2021_12_BUF_NO,2021,12,0.255400,-7.004618,0.499864
2021_12_ATL_JAX,2021,12,0.435033,-1.808731,0.490877
2021_12_CAR_MIA,2021,12,0.454420,-1.336376,0.490061
2021_12_NYJ_HOU,2021,12,0.613379,2.442480,0.483529
2021_12_PHI_NYG,2021,12,0.347495,-4.170500,0.494962
2021_12_PIT_CIN,2021,12,0.662040,2.914840,0.482713
2021_12_TB_IND,2021,12,0.425856,-3.225793,0.493328
2021_12_TEN_NE,2021,12,0.745987,6.693742,0.476188
2021_12_LAC_DEN,2021,12,0.359485,-2.753439,0.492511
2021_12_LA_GB,2021,12,0.446606,-2.281085,0.491694
2021_12_MIN_SF,2021,12,0.622842,2.914840,0.482713
2021_12_CLE_BAL,2021,12,0.541740,2.442480,0.483529
2021_12_SEA_WAS,2021,12,0.488702,-1.336376,0.490061
2021_13_DAL_NO,2021,13,0.291393,-6.059913,0.498230
2021_13_ARI_CHI,2021,13,0.250806,-7.476971,0.500681
2021_13_IND_HOU,2021,13,0.181925,-9.838736,0.504765
2021_13_LAC_CIN,2021,13,0.553070,1.970121,0.484345
2021_13_MIN_DET,2021,13,0.258071,-7.004618,0.499864
2021_13_NYG_MIA,2021,13,0.700537,5.749012,0.477819
2021_13_PHI_NYJ,2021,13,0.313822,-5.115207,0.496596
2021_13_TB_ATL,2021,13,0.159259,-10.783443,0.506399
2021_13_JAX_LA,2021,13,0.884965,12.834593,0.465603
2021_13_WAS_LV,2021,13,0.534709,0.553048,0.486794
2021_13_BAL_PIT,2021,13,0.350016,-4.170500,0.494962
2021_13_SF_SEA,2021,13,0.345283,-3.225793,0.493328
2021_13_DEN_KC,2021,13,0.766941,7.638477,0.474558
2021_13_NE_BUF,2021,13,0.627755,2.442480,0.483529
2021_14_PIT_MIN,2021,14,0.637136,2.914840,0.482713
2021_14_ATL_CAR,2021,14,0.562602,1.970121,0.484345
2021_14_BAL_CLE,2021,14,0.643973,2.442480,0.483529
2021_14_DAL_WAS,2021,14,0.278938,-6.532265,0.499047
2021_14_JAX_TEN,2021,14,0.768059,7.638477,0.474558
2021_14_LV_KC,2021,14,0.806067,9.055586,0.472114
2021_14_NO_NYJ,2021,14,0.328937,-4.642854,0.495779
2021_14_SEA_HOU,2021,14,0.177586,-9.838736,0.504765
2021_14_DET_DEN,2021,14,0.869594,11.889834,0.467230
2021_14_NYG_LAC,2021,14,0.798597,8.583215,0.472929
2021_14_BUF_TB,2021,14,0.585485,2.914840,0.482713
2021_14_SF_CIN,2021,14,0.418766,-2.753439,0.492511
2021_14_CHI_GB,2021,14,0.837249,10.472704,0.469671
2021_14_LA_ARI,2021,14,0.611777,2.442480,0.483529
2021_15_KC_LAC,2021,15,0.436425,-3.225793,0.493328
2021_15_NE_IND,2021,15,0.500422,-1.336376,0.490061
2021_15_ARI_DET,2021,15,0.121069,-12.672860,0.509666
2021_15_CAR_BUF,2021,15,0.883216,12.834593,0.465603
2021_15_DAL_NYG,2021,15,0.155648,-11.255796,0.507216
2021_15_HOU_JAX,2021,15,0.697417,5.276648,0.478634
2021_15_NYJ_MIA,2021,15,0.820318,9.527957,0.471300
2021_15_TEN_PIT,2021,15,0.481897,0.553048,0.486794
2021_15_ATL_SF,2021,15,0.796647,8.583215,0.472929
2021_15_CIN_DEN,2021,15,0.565078,2.442480,0.483529
2021_15_GB_BAL,2021,15,0.188998,-9.366382,0.503949
2021_15_NO_TB,2021,15,0.836820,10.472704,0.469671
2021_15_LV_CLE,2021,15,0.409313,-3.225793,0.493328
2021_15_MIN_CHI,2021,15,0.263779,-7.004618,0.499864
2021_15_SEA_LA,2021,15,0.747101,6.693742,0.476188
2021_15_WAS_PHI,2021,15,0.802613,9.055586,0.472114
2021_16_SF_TEN,2021,16,0.364251,-3.698147,0.494145
2021_16_CLE_GB,2021,16,0.734962,6.693742,0.476188
2021_16_IND_ARI,2021,16,0.587998,2.442480,0.483529
2021_16_BAL_CIN,2021,16,0.736793,6.693742,0.476188
2021_16_BUF_NE,2021,16,0.496869,0.553048,0.486794
2021_16_DET_ATL,2021,16,0.739218,6.693742,0.476188
2021_16_JAX_NYJ,2021,16,0.573372,1.970121,0.484345
2021_16_LAC_HOU,2021,16,0.111373,-13.145215,0.510483
2021_16_LA_MIN,2021,16,0.358238,-3.698147,0.494145
2021_16_NYG_PHI,2021,16,0.829032,10.000330,0.470485
2021_16_TB_CAR,2021,16,0.145811,-11.255796,0.507216
2021_16_CHI_SEA,2021,16,0.722824,6.221377,0.477003
2021_16_DEN_LV,2021,16,0.470033,-1.336376,0.490061
2021_16_PIT_KC,2021,16,0.820318,9.527957,0.471300
2021_16_WAS_DAL,2021,16,0.819863,9.527957,0.471300
2021_16_MIA_NO,2021,16,0.349377,-3.225793,0.493328
2021_17_ATL_BUF,2021,17,0.884175,12.834593,0.465603
2021_17_JAX_NE,2021,17,0.933994,16.141293,0.459916
2021_17_KC_CIN,2021,17,0.394450,-3.698147,0.494145
2021_17_LA_BAL,2021,17,0.261690,-7.004618,0.499864
2021_17_LV_IND,2021,17,0.763299,7.638477,0.474558
2021_17_MIA_TEN,2021,17,0.573163,2.442480,0.483529
2021_17_NYG_CHI,2021,17,0.730267,6.221377,0.477003
2021_17_PHI_WAS,2021,17,0.267830,-6.532265,0.499047
2021_17_TB_NYJ,2021,17,0.097159,-14.089927,0.512116
2021_17_DEN_LAC,2021,17,0.759280,7.166109,0.475373
2021_17_HOU_SF,2021,17,0.887949,12.834593,0.465603
2021_17_ARI_DAL,2021,17,0.707835,5.749012,0.477819
2021_17_CAR_NO,2021,17,0.727200,6.221377,0.477003
2021_17_DET_SEA,2021,17,0.761872,7.638477,0.474558
2021_17_MIN_GB,2021,17,0.872034,11.889834,0.467230
2021_17_CLE_PIT,2021,17,0.387538,-1.336376,0.490061
2021_18_KC_DEN,2021,18,0.150097,-11.255796,0.507216
2021_18_DAL_PHI,2021,18,0.273349,-6.532265,0.499047
2021_18_CHI_MIN,2021,18,0.595549,2.914840,0.482713
2021_18_CIN_CLE,2021,18,0.709453,5.749012,0.477819
2021_18_GB_DET,2021,18,0.351086,-4.170500,0.494962
2021_18_IND_JAX,2021,18,0.105919,-13.617571,0.511300
2021_18_PIT_BAL,2021,18,0.614742,2.442480,0.483529
2021_18_TEN_HOU,2021,18,0.168921,-10.311089,0.505582
2021_18_WAS_NYG,2021,18,0.285896,-6.059913,0.498230
2021_18_CAR_TB,2021,18,0.827919,10.000330,0.470485
2021_18_NE_MIA,2021,18,0.288142,-6.059913,0.498230
2021_18_NO_ATL,2021,18,0.338685,-4.642854,0.495779
2021_18_NYJ_BUF,2021,18,0.915341,14.724127,0.462352
2021_18_SEA_ARI,2021,18,0.678416,4.804285,0.479450
2021_18_SF_LA,2021,18,0.582308,2.442480,0.483529
2021_18_LAC_LV,2021,18,0.349175,-3.698147,0.494145
2021_19_LV_CIN,2021,19,0.692135,5.276648,0.478634
2021_19_NE_BUF,2021,19,0.649925,3.859561,0.481081
2021_19_PHI_TB,2021,19,0.739821,6.693742,0.476188
2021_19_SF_DAL,2021,19,0.584100,2.442480,0.483529
2021_19_PIT_KC,2021,19,0.874259,11.889834,0.467230
2021_19_ARI_LA,2021,19,0.637216,3.387200,0.481897
2021_20_CIN_TEN,2021,20,0.631875,3.387200,0.481897
2021_20_SF_GB,2021,20,0.672960,4.804285,0.479450
2021_20_LA_TB,2021,20,0.541215,1.970121,0.484345
2021_20_BUF_KC,2021,20,0.557169,1.970121,0.484345
2021_21_CIN_KC,2021,21,0.721442,6.221377,0.477003
2021_21_SF_LA,2021,21,0.605056,2.914840,0.482713
2021_22_LA_CIN,2021,22,0.334830,-4.642854,0.495779
2022_01_BUF_LA,2022,1,0.446098,-1.401697,0.488131
2022_01_BAL_NYJ,2022,1,0.275150,-6.696214,0.494202
2022_01_CLE_CAR,2022,1,0.553717,1.967553,0.484270
2022_01_IND_HOU,2022,1,0.261093,-7.177533,0.494754
2022_01_JAX_WAS,2022,1,0.562400,2.448876,0.483718
2022_01_NE_MIA,2022,1,0.654270,2.448876,0.483718
2022_01_NO_ATL,2022,1,0.289598,-6.214895,0.493650
2022_01_PHI_DET,2022,1,0.293950,-6.214895,0.493650
2022_01_PIT_CIN,2022,1,0.738736,6.780792,0.478757
2022_01_SF_CHI,2022,1,0.273076,-6.696214,0.494202
2022_01_GB_MIN,2022,1,0.600413,1.967553,0.484270
2022_01_KC_ARI,2022,1,0.291761,-6.214895,0.493650
2022_01_LV_LAC,2022,1,0.616864,2.930198,0.483167
2022_01_NYG_TEN,2022,1,0.673580,4.855493,0.480961
2022_01_TB_DAL,2022,1,0.400485,-2.845659,0.489786
2022_01_DEN_SEA,2022,1,0.292078,-6.214895,0.493650
2022_02_LAC_KC,2022,2,0.628641,3.411522,0.482615
2022_02_CAR_NYG,2022,2,0.482973,-1.401697,0.488131
2022_02_IND_JAX,2022,2,0.383227,-3.326979,0.490338
2022_02_MIA_BAL,2022,2,0.529625,2.448876,0.483718
2022_02_NE_PIT,2022,2,0.371906,-3.326979,0.490338
2022_02_NYJ_CLE,2022,2,0.705608,5.818142,0.479859
2022_02_TB_NO,2022,2,0.418950,-2.845659,0.489786
2022_02_WAS_DET,2022,2,0.490964,-1.401697,0.488131
2022_02_ATL_LA,2022,2,0.812521,9.668754,0.475451
2022_02_SEA_SF,2022,2,0.762958,7.743445,0.477655
2022_02_ARI_LV,2022,2,0.674903,4.855493,0.480961
2022_02_CIN_DAL,2022,2,0.240008,-7.658852,0.495306
2022_02_HOU_DEN,2022,2,0.812724,9.668754,0.475451
2022_02_CHI_GB,2022,2,0.811370,9.668754,0.475451
2022_02_TEN_BUF,2022,2,0.801547,9.187426,0.476002
2022_02_MIN_PHI,2022,2,0.542830,1.967553,0.484270
2022_03_PIT_CLE,2022,3,0.643889,3.892845,0.482064
2022_03_BAL_NE,2022,3,0.388075,-2.845659,0.489786
2022_03_BUF_MIA,2022,3,0.351617,-4.289618,0.491442
2022_03_CIN_NYJ,2022,3,0.270744,-6.696214,0.494202
2022_03_DET_MIN,2022,3,0.699364,5.818142,0.479859
2022_03_HOU_CHI,2022,3,0.632663,2.448876,0.483718
2022_03_KC_IND,2022,3,0.330822,-4.770938,0.491994
2022_03_LV_TEN,2022,3,0.425852,-1.883018,0.488683
2022_03_NO_CAR,2022,3,0.412861,-2.364338,0.489235
2022_03_PHI_WAS,2022,3,0.286519,-6.214895,0.493650
2022_03_JAX_LAC,2022,3,0.702810,5.818142,0.479859
2022_03_ATL_SEA,2022,3,0.476559,0.523587,0.485924
2022_03_GB_TB,2022,3,0.481268,0.523587,0.485924
2022_03_LA_ARI,2022,3,0.377065,-3.808298,0.490890
2022_03_SF_DEN,2022,3,0.499701,-1.401697,0.488131
2022_03_DAL_NYG,2022,3,0.554004,0.523587,0.485924
2022_04_MIA_CIN,2022,4,0.624812,3.411522,0.482615
2022_04_MIN_NO,2022,4,0.350932,-4.289618,0.491442
2022_04_BUF_BAL,2022,4,0.375732,-3.326979,0.490338
2022_04_CHI_NYG,2022,4,0.597334,2.448876,0.483718
2022_04_CLE_ATL,2022,4,0.429683,-1.401697,0.488131
2022_04_JAX_PHI,2022,4,0.704363,5.818142,0.479859
2022_04_LAC_HOU,2022,4,0.306333,-5.733576,0.493098
2022_04_NYJ_PIT,2022,4,0.534479,2.448876,0.483718
2022_04_SEA_DET,2022,4,0.639417,2.448876,0.483718
2022_04_TEN_IND,2022,4,0.639739,3.892845,0.482064
2022_04_WAS_DAL,2022,4,0.593643,2.448876,0.483718
2022_04_ARI_CAR,2022,4,0.512834,0.523587,0.485924
2022_04_DEN_LV,2022,4,0.546707,1.967553,0.484270
2022_04_NE_GB,2022,4,0.803790,9.187426,0.476002
2022_04_KC_TB,2022,4,0.520022,0.523587,0.485924
2022_04_LA_SF,2022,4,0.498884,0.523587,0.485924
2022_05_IND_DEN,2022,5,0.626195,2.930198,0.483167
2022_05_NYG_GB,2022,5,0.753685,7.743445,0.477655
2022_05_ATL_TB,2022,5,0.812278,9.668754,0.475451
2022_05_CHI_MIN,2022,5,0.802004,9.187426,0.476002
2022_05_DET_NE,2022,5,0.535092,2.448876,0.483718
2022_05_HOU_JAX,2022,5,0.721465,6.299467,0.479308
2022_05_LAC_CLE,2022,5,0.470414,-1.401697,0.488131
2022_05_MIA_NYJ,2022,5,0.381720,-3.326979,0.490338
2022_05_PIT_BUF,2022,5,0.879871,13.038061,0.471598
2022_05_SEA_NO,2022,5,0.672256,4.855493,0.480961
2022_05_TEN_WAS,2022,5,0.438130,-1.401697,0.488131
2022_05_SF_CAR,2022,5,0.288686,-6.214895,0.493650
2022_05_DAL_LA,2022,5,0.676214,4.855493,0.480961
2022_05_PHI_ARI,2022,5,0.301877,-5.733576,0.493098
2022_05_CIN_BAL,2022,5,0.557186,2.448876,0.483718
2022_05_LV_KC,2022,5,0.741890,6.780792,0.478757
2022_06_WAS_CHI,2022,6,0.487294,-1.401697,0.488131
2022_06_BAL_NYG,2022,6,0.306972,-5.733576,0.493098
2022_06_CIN_NO,2022,6,0.377735,-3.326979,0.490338
2022_06_JAX_IND,2022,6,0.514112,0.523587,0.485924
2022_06_MIN_MIA,2022,6,0.380359,-3.326979,0.490338
2022_06_NE_CLE,2022,6,0.633664,1.967553,0.484270
2022_06_NYJ_GB,2022,6,0.728957,6.780792,0.478757
2022_06_SF_ATL,2022,6,0.393891,-3.808298,0.490890
2022_06_TB_PIT,2022,6,0.182922,-10.065445,0.498066
2022_06_ARI_SEA,2022,6,0.359521,-2.845659,0.489786
2022_06_CAR_LA,2022,6,0.800400,9.187426,0.476002
2022_06_BUF_KC,2022,6,0.387651,-2.845659,0.489786
2022_06_DAL_PHI,2022,6,0.693244,5.818142,0.479859
2022_06_DEN_LAC,2022,6,0.590680,2.930198,0.483167
2022_07_NO_ARI,2022,7,0.578822,1.967553,0.484270
2022_07_ATL_CIN,2022,7,0.699026,5.818142,0.479859
2022_07_CLE_BAL,2022,7,0.699026,5.818142,0.479859
2022_07_DET_DAL,2022,7,0.721193,6.299467,0.479308
2022_07_GB_WAS,2022,7,0.350247,-4.289618,0.491442
2022_07_IND_TEN,2022,7,0.553959,1.967553,0.484270
2022_07_NYG_JAX,2022,7,0.581540,2.448876,0.483718
2022_07_TB_CAR,2022,7,0.126119,-12.953356,0.501378
2022_07_HOU_LV,2022,7,0.711184,6.299467,0.479308
2022_07_NYJ_DEN,2022,7,0.438504,-2.364338,0.489235
2022_07_KC_SF,2022,7,0.438733,-1.401697,0.488131
2022_07_SEA_LAC,2022,7,0.675562,4.855493,0.480961
2022_07_PIT_MIA,2022,7,0.739036,6.780792,0.478757
2022_07_CHI_NE,2022,7,0.787280,8.706098,0.476553
2022_08_BAL_TB,2022,8,0.560252,1.486231,0.484821
2022_08_DEN_JAX,2022,8,0.523209,0.523587,0.485924
2022_08_ARI_MIN,2022,8,0.623401,3.411522,0.482615
2022_08_CAR_ATL,2022,8,0.643199,3.892845,0.482064
2022_08_CHI_DAL,2022,8,0.815492,9.668754,0.475451
2022_08_LV_NO,2022,8,0.458363,-1.401697,0.488131
2022_08_MIA_DET,2022,8,0.390991,-3.808298,0.490890
2022_08_NE_NYJ,2022,8,0.415270,-3.326979,0.490338
2022_08_PIT_PHI,2022,8,0.817088,10.150082,0.474900
2022_08_TEN_HOU,2022,8,0.433730,-1.401697,0.488131
2022_08_NYG_SEA,2022,8,0.536626,2.448876,0.483718
2022_08_SF_LA,2022,8,0.458142,-1.401697,0.488131
2022_08_WAS_IND,2022,8,0.620155,2.448876,0.483718
2022_08_GB_BUF,2022,8,0.811157,9.668754,0.475451
2022_08_CIN_CLE,2022,8,0.409954,-3.326979,0.490338
2022_09_PHI_HOU,2022,9,0.108177,-13.915993,0.502483
2022_09_BUF_NYJ,2022,9,0.161379,-11.028082,0.499170
2022_09_CAR_CIN,2022,9,0.713882,6.299467,0.479308
2022_09_GB_DET,2022,9,0.353675,-4.289618,0.491442
2022_09_IND_NE,2022,9,0.662153,4.374169,0.481513
2022_09_LAC_ATL,2022,9,0.394572,-2.845659,0.489786
2022_09_LV_JAX,2022,9,0.413922,-2.845659,0.489786
2022_09_MIA_CHI,2022,9,0.350932,-4.289618,0.491442
2022_09_MIN_WAS,2022,9,0.346868,-3.326979,0.490338
2022_09_SEA_ARI,2022,9,0.575956,1.004909,0.485373
2022_09_LA_TB,2022,9,0.591083,2.448876,0.483718
2022_09_TEN_KC,2022,9,0.879553,13.038061,0.471598
2022_09_BAL_NO,2022,9,0.466110,-1.401697,0.488131
2022_10_ATL_CAR,2022,10,0.404457,-2.845659,0.489786
2022_10_SEA_TB,2022,10,0.586694,1.967553,0.484270
2022_10_CLE_MIA,2022,10,0.550747,2.448876,0.483718
2022_10_DEN_TEN,2022,10,0.544506,1.967553,0.484270
2022_10_DET_CHI,2022,10,0.578342,2.448876,0.483718
2022_10_HOU_NYG,2022,10,0.676214,4.855493,0.480961
2022_10_JAX_KC,2022,10,0.803790,9.187426,0.476002
2022_10_MIN_BUF,2022,10,0.701553,5.818142,0.479859
2022_10_NO_PIT,2022,10,0.485754,0.523587,0.485924
2022_10_IND_LV,2022,10,0.644203,3.892845,0.482064
2022_10_ARI_LA,2022,10,0.583024,2.930198,0.483167
2022_10_DAL_GB,2022,10,0.407563,-3.808298,0.490890
2022_10_LAC_SF,2022,10,0.758886,7.743445,0.477655
2022_10_WAS_PHI,2022,10,0.821095,10.150082,0.474900
2022_11_TEN_GB,2022,11,0.605669,2.448876,0.483718
2022_11_CAR_BAL,2022,11,0.865150,12.075400,0.472698
2022_11_CHI_ATL,2022,11,0.593879,2.448876,0.483718
2022_11_CLE_BUF,2022,11,0.729859,6.780792,0.478757
2022_11_DET_NYG,2022,11,0.576970,2.448876,0.483718
2022_11_LA_NO,2022,11,0.584706,1.967553,0.484270
2022_11_NYJ_NE,2022,11,0.573402,2.930198,0.483167
2022_11_PHI_IND,2022,11,0.278158,-6.696214,0.494202
2022_11_WAS_HOU,2022,11,0.368967,-3.326979,0.490338
2022_11_LV_DEN,2022,11,0.582224,1.967553,0.484270
2022_11_CIN_PIT,2022,11,0.320380,-3.808298,0.490890
2022_11_DAL_MIN,2022,11,0.483826,-1.883018,0.488683
2022_11_KC_LAC,2022,11,0.303784,-5.733576,0.493098
2022_11_SF_ARI,2022,11,0.182922,-10.065445,0.498066
2022_12_BUF_DET,2022,12,0.181860,-10.065445,0.498066
2022_12_NYG_DAL,2022,12,0.812966,9.668754,0.475451
2022_12_NE_MIN,2022,12,0.626836,1.967553,0.484270
2022_12_ATL_WAS,2022,12,0.583425,2.930198,0.483167
2022_12_BAL_JAX,2022,12,0.381117,-3.808298,0.490890
2022_12_CHI_NYJ,2022,12,0.759985,7.743445,0.477655
2022_12_CIN_TEN,2022,12,0.432217,-1.401697,0.488131
2022_12_DEN_CAR,2022,12,0.444684,-1.401697,0.488131
2022_12_HOU_MIA,2022,12,0.877628,13.038061,0.471598
2022_12_TB_CLE,2022,12,0.435508,-3.326979,0.490338
2022_12_LAC_ARI,2022,12,0.400776,-2.845659,0.489786
2022_12_LV_SEA,2022,12,0.624812,3.411522,0.482615
2022_12_LA_KC,2022,12,0.918226,15.444725,0.468847
2022_12_NO_SF,2022,12,0.788771,8.706098,0.476553
2022_12_GB_PHI,2022,12,0.702182,5.818142,0.479859
2022_12_PIT_IND,2022,12,0.635401,1.967553,0.484270
2022_13_BUF_NE,2022,13,0.332027,-3.808298,0.490890
2022_13_CLE_HOU,2022,13,0.250251,-7.658852,0.495306
2022_13_DEN_BAL,2022,13,0.793364,8.706098,0.476553
2022_13_GB_CHI,2022,13,0.345239,-4.289618,0.491442
2022_13_JAX_DET,2022,13,0.522914,0.523587,0.485924
2022_13_NYJ_MIN,2022,13,0.619862,2.448876,0.483718
2022_13_PIT_ATL,2022,13,0.493603,-1.401697,0.488131
2022_13_TEN_PHI,2022,13,0.658523,4.374169,0.481513
2022_13_WAS_NYG,2022,13,0.421950,-2.845659,0.489786
2022_13_MIA_SF,2022,13,0.635568,3.892845,0.482064
2022_13_SEA_LA,2022,13,0.255199,-7.177533,0.494754
2022_13_KC_CIN,2022,13,0.428264,-2.845659,0.489786
2022_13_LAC_LV,2022,13,0.555729,1.967553,0.484270
2022_13_IND_DAL,2022,13,0.821977,10.150082,0.474900
2022_13_NO_TB,2022,13,0.609420,2.930198,0.483167
2022_14_LV_LA,2022,14,0.280252,-6.696214,0.494202
2022_14_BAL_PIT,2022,14,0.508245,1.004909,0.485373
2022_14_CLE_CIN,2022,14,0.641815,3.892845,0.482064
2022_14_HOU_DAL,2022,14,0.920135,15.926059,0.468297
2022_14_JAX_TEN,2022,14,0.562102,2.448876,0.483718
2022_14_MIN_DET,2022,14,0.574574,1.967553,0.484270
2022_14_NYJ_BUF,2022,14,0.798475,9.187426,0.476002
2022_14_PHI_NYG,2022,14,0.243329,-7.658852,0.495306
2022_14_KC_DEN,2022,14,0.223732,-8.621489,0.496410
2022_14_CAR_SEA,2022,14,0.555086,2.930198,0.483167
2022_14_TB_SF,2022,14,0.599696,2.930198,0.483167
2022_14_MIA_LAC,2022,14,0.391478,-3.326979,0.490338
2022_14_NE_ARI,2022,14,0.467429,-2.364338,0.489235
2022_15_SF_SEA,2022,15,0.379006,-3.326979,0.490338
2022_15_IND_MIN,2022,15,0.601363,2.930198,0.483167
2022_15_BAL_CLE,2022,15,0.600980,1.967553,0.484270
2022_15_MIA_BUF,2022,15,0.716335,6.299467,0.479308
2022_15_ATL_NO,2022,15,0.650380,4.374169,0.481513
2022_15_DAL_JAX,2022,15,0.348877,-4.289618,0.491442
2022_15_DET_NYJ,2022,15,0.527061,1.486231,0.484821
2022_15_KC_HOU,2022,15,0.098921,-14.397311,0.503035
2022_15_PHI_CHI,2022,15,0.221920,-8.621489,0.496410
2022_15_PIT_CAR,2022,15,0.621623,1.967553,0.484270
2022_15_ARI_DEN,2022,15,0.535678,1.004909,0.485373
2022_15_NE_LV,2022,15,0.548063,0.523587,0.485924
2022_15_CIN_TB,2022,15,0.342081,-3.808298,0.490890
2022_15_TEN_LAC,2022,15,0.609919,2.448876,0.483718
2022_15_NYG_WAS,2022,15,0.645552,3.892845,0.482064
2022_15_LA_GB,2022,15,0.748724,7.262118,0.478206
2022_16_JAX_NYJ,2022,16,0.554756,1.967553,0.484270
2022_16_ATL_BAL,2022,16,0.704065,5.818142,0.479859
2022_16_BUF_CHI,2022,16,0.238005,-8.140171,0.495858
2022_16_CIN_NE,2022,16,0.344051,-3.326979,0.490338
2022_16_DET_CAR,2022,16,0.389258,-2.845659,0.489786
2022_16_NO_CLE,2022,16,0.625619,2.448876,0.483718
2022_16_NYG_MIN,2022,16,0.637657,3.892845,0.482064
2022_16_SEA_KC,2022,16,0.809769,9.668754,0.475451
2022_16_HOU_TEN,2022,16,0.600958,2.448876,0.483718
2022_16_WAS_SF,2022,16,0.703438,5.818142,0.479859
2022_16_PHI_DAL,2022,16,0.622695,3.411522,0.482615
2022_16_LV_PIT,2022,16,0.537375,1.967553,0.484270
2022_16_GB_MIA,2022,16,0.596300,2.930198,0.483167
2022_16_DEN_LA,2022,16,0.369481,-3.326979,0.490338
2022_16_TB_ARI,2022,16,0.244406,-7.658852,0.495306
2022_16_LAC_IND,2022,16,0.372766,-3.808298,0.490890
2022_17_DAL_TEN,2022,17,0.108887,-13.915993,0.502483
2022_17_ARI_ATL,2022,17,0.724911,6.299467,0.479308
2022_17_CAR_TB,2022,17,0.578570,2.930198,0.483167
2022_17_CHI_DET,2022,17,0.639739,3.892845,0.482064
2022_17_CLE_WAS,2022,17,0.471346,0.523587,0.485924
2022_17_DEN_KC,2022,17,0.873254,12.556730,0.472148
2022_17_IND_NYG,2022,17,0.671593,4.855493,0.480961
2022_17_JAX_HOU,2022,17,0.336474,-3.808298,0.490890
2022_17_MIA_NE,2022,17,0.545418,2.448876,0.483718
2022_17_NO_PHI,2022,17,0.674903,4.855493,0.480961
2022_17_NYJ_SEA,2022,17,0.423875,-1.401697,0.488131
2022_17_SF_LV,2022,17,0.185623,-10.065445,0.498066
2022_17_LA_LAC,2022,17,0.700292,5.818142,0.479859
2022_17_MIN_GB,2022,17,0.576193,2.448876,0.483718
2022_17_PIT_BAL,2022,17,0.535505,0.523587,0.485924
2022_18_KC_LV,2022,18,0.210027,-9.102808,0.496962
2022_18_TEN_JAX,2022,18,0.687704,5.336817,0.480410
2022_18_BAL_CIN,2022,18,0.815578,10.150082,0.474900
2022_18_CAR_NO,2022,18,0.580479,2.930198,0.483167
2022_18_CLE_PIT,2022,18,0.495985,1.967553,0.484270
2022_18_HOU_IND,2022,18,0.636284,2.448876,0.483718
2022_18_MIN_CHI,2022,18,0.275750,-6.696214,0.494202
2022_18_NE_BUF,2022,18,0.739920,7.262118,0.478206
2022_18_NYJ_MIA,2022,18,0.611195,2.930198,0.483167
2022_18_TB_ATL,2022,18,0.690284,5.336817,0.480410
2022_18_ARI_SF,2022,18,0.877154,13.038061,0.471598
2022_18_DAL_WAS,2022,18,0.245763,-7.658852,0.495306
2022_18_LAC_DEN,2022,18,0.686411,5.336817,0.480410
2022_18_LA_SEA,2022,18,0.676214,4.855493,0.480961
2022_18_NYG_PHI,2022,18,0.915497,15.444725,0.468847
2022_18_DET_GB,2022,18,0.674903,4.855493,0.480961
2022_19_SEA_SF,2022,19,0.805082,9.187426,0.476002
2022_19_LAC_JAX,2022,19,0.410739,-2.364338,0.489235
2022_19_MIA_BUF,2022,19,0.882186,13.038061,0.471598
2022_19_NYG_MIN,2022,19,0.583668,1.967553,0.484270
2022_19_BAL_CIN,2022,19,0.730737,6.780792,0.478757
2022_19_DAL_TB,2022,19,0.409006,-2.845659,0.489786
2022_20_JAX_KC,2022,20,0.803350,9.187426,0.476002
2022_20_NYG_PHI,2022,20,0.741872,7.262118,0.478206
2022_20_CIN_BUF,2022,20,0.688349,5.336817,0.480410
2022_20_DAL_SF,2022,20,0.598446,2.930198,0.483167
2022_21_SF_PHI,2022,21,0.606922,1.967553,0.484270
2022_21_CIN_KC,2022,21,0.528024,1.486231,0.484821
2022_22_KC_PHI,2022,22,0.563130,0.523587,0.485924
2023_01_DET_KC,2023,1,0.626995,3.365458,0.481255
2023_01_ARI_WAS,2023,1,0.719847,6.127841,0.474245
2023_01_CAR_ATL,2023,1,0.614556,2.905067,0.482425
2023_01_CIN_CLE,2023,1,0.478124,-1.238404,0.492955
2023_01_HOU_BAL,2023,1,0.788670,8.429883,0.468410
2023_01_JAX_IND,2023,1,0.352003,-4.000689,0.499980
2023_01_SF_PIT,2023,1,0.421149,-1.698786,0.494126
2023_01_TB_MIN,2023,1,0.626995,3.365458,0.481255
2023_01_TEN_NO,2023,1,0.582728,2.444677,0.483594
2023_01_GB_CHI,2023,1,0.510184,0.603129,0.488274
2023_01_LA_SEA,2023,1,0.643430,3.825851,0.480086
2023_01_LV_DEN,2023,1,0.570621,2.444677,0.483594
2023_01_MIA_LAC,2023,1,0.599875,2.444677,0.483594
2023_01_PHI_NE,2023,1,0.322658,-3.540309,0.498809
2023_01_DAL_NYG,2023,1,0.369167,-3.540309,0.498809
2023_01_BUF_NYJ,2023,1,0.396672,-2.619548,0.496467
2023_02_MIN_PHI,2023,2,0.690960,5.207040,0.476580
2023_02_BAL_CIN,2023,2,0.620857,2.905067,0.482425
2023_02_CHI_TB,2023,2,0.556230,1.984288,0.484764
2023_02_GB_ATL,2023,2,0.586432,2.444677,0.483594
2023_02_IND_HOU,2023,2,0.449959,-1.238404,0.492955
2023_02_KC_JAX,2023,2,0.393026,-3.540309,0.498809
2023_02_LAC_TEN,2023,2,0.399304,-2.619548,0.496467
2023_02_LV_BUF,2023,2,0.735317,6.588245,0.473077
2023_02_SEA_DET,2023,2,0.643430,3.825851,0.480086
2023_02_NYG_ARI,2023,2,0.321469,-4.921449,0.502321
2023_02_SF_LA,2023,2,0.245889,-7.223355,0.508175
2023_02_NYJ_DAL,2023,2,0.762866,7.509059,0.470743
2023_02_WAS_DEN,2023,2,0.626995,3.365458,0.481255
2023_02_MIA_NE,2023,2,0.392689,-2.159167,0.495297
2023_02_NO_CAR,2023,2,0.411716,-3.079928,0.497638
2023_02_CLE_PIT,2023,2,0.346181,-2.619548,0.496467
2023_03_NYG_SF,2023,3,0.810624,9.350716,0.466078
2023_03_ATL_DET,2023,3,0.595116,2.444677,0.483594
2023_03_BUF_WAS,2023,3,0.308926,-5.381830,0.503492
2023_03_DEN_MIA,2023,3,0.690960,5.207040,0.476580
2023_03_HOU_JAX,2023,3,0.735317,6.588245,0.473077
2023_03_IND_BAL,2023,3,0.735317,6.588245,0.473077
2023_03_LAC_MIN,2023,3,0.532468,0.603129,0.488274
2023_03_NE_NYJ,2023,3,0.426481,-2.619548,0.496467
2023_03_NO_GB,2023,3,0.477613,-1.698786,0.494126
2023_03_TEN_CLE,2023,3,0.637372,2.905067,0.482425
2023_03_CAR_SEA,2023,3,0.659587,4.286246,0.478917
2023_03_CHI_KC,2023,3,0.864544,11.652849,0.460256
2023_03_DAL_ARI,2023,3,0.153734,-10.906444,0.517535
2023_03_PIT_LV,2023,3,0.627500,2.444677,0.483594
2023_03_PHI_TB,2023,3,0.291071,-5.842210,0.504663
2023_03_LA_CIN,2023,3,0.590597,2.444677,0.483594
2023_04_DET_GB,2023,4,0.406269,-2.619548,0.496467
2023_04_ATL_JAX,2023,4,0.601034,2.905067,0.482425
2023_04_BAL_CLE,2023,4,0.463611,-2.159167,0.495297
2023_04_CIN_TEN,2023,4,0.410208,-2.619548,0.496467
2023_04_DEN_CHI,2023,4,0.414683,-3.079928,0.497638
2023_04_LA_IND,2023,4,0.485898,-1.238404,0.492955
2023_04_MIA_BUF,2023,4,0.570394,1.984288,0.484764
2023_04_MIN_CAR,2023,4,0.338377,-4.461069,0.501150
2023_04_PIT_HOU,2023,4,0.446666,-3.079928,0.497638
2023_04_TB_NO,2023,4,0.626995,3.365458,0.481255
2023_04_WAS_PHI,2023,4,0.788670,8.429883,0.468410
2023_04_LV_LAC,2023,4,0.723590,6.127841,0.474245
2023_04_ARI_SF,2023,4,0.897446,13.494611,0.455606
2023_04_NE_DAL,2023,4,0.705021,5.667439,0.475412
2023_04_KC_NYJ,2023,4,0.197419,-9.064891,0.512856
2023_04_SEA_NYG,2023,4,0.421731,-2.619548,0.496467
2023_05_CHI_WAS,2023,5,0.690960,5.207040,0.476580
2023_05_JAX_BUF,2023,5,0.675439,4.746642,0.477749
2023_05_BAL_PIT,2023,5,0.338377,-4.461069,0.501150
2023_05_CAR_DET,2023,5,0.788670,8.429883,0.468410
2023_05_HOU_ATL,2023,5,0.560797,1.984288,0.484764
2023_05_NO_NE,2023,5,0.563435,1.984288,0.484764
2023_05_NYG_MIA,2023,5,0.855088,11.192416,0.461420
2023_05_TEN_IND,2023,5,0.418224,-2.619548,0.496467
2023_05_CIN_ARI,2023,5,0.407293,-3.079928,0.497638
2023_05_PHI_LA,2023,5,0.339996,-3.540309,0.498809
2023_05_KC_MIN,2023,5,0.400249,-3.540309,0.498809
2023_05_NYJ_DEN,2023,5,0.561138,1.984288,0.484764
2023_05_DAL_SF,2023,5,0.601148,2.905067,0.482425
2023_05_GB_LV,2023,5,0.503029,0.603129,0.488274
2023_06_DEN_KC,2023,6,0.811848,9.350716,0.466078
2023_06_BAL_TEN,2023,6,0.307221,-5.381830,0.503492
2023_06_CAR_MIA,2023,6,0.882111,12.573723,0.457930
2023_06_IND_JAX,2023,6,0.626995,3.365458,0.481255
2023_06_MIN_CHI,2023,6,0.382339,-3.079928,0.497638
2023_06_NO_HOU,2023,6,0.458668,-2.159167,0.495297
2023_06_SEA_CIN,2023,6,0.609441,2.444677,0.483594
2023_06_SF_CLE,2023,6,0.199538,-9.064891,0.512856
2023_06_WAS_ATL,2023,6,0.560379,1.063514,0.487104
2023_06_NE_LV,2023,6,0.630882,2.444677,0.483594
2023_06_ARI_LA,2023,6,0.718231,6.127841,0.474245
2023_06_DET_TB,2023,6,0.356192,-3.079928,0.497638
2023_06_PHI_NYJ,2023,6,0.279105,-6.302592,0.505833
2023_06_NYG_BUF,2023,6,0.905217,13.955060,0.454445
2023_06_DAL_LAC,2023,6,0.455010,-1.698786,0.494126
2023_07_JAX_NO,2023,7,0.550950,1.984288,0.484764
2023_07_ATL_TB,2023,7,0.569272,2.444677,0.483594
2023_07_BUF_NE,2023,7,0.248366,-7.223355,0.508175
2023_07_CLE_IND,2023,7,0.360513,-3.540309,0.498809
2023_07_DET_BAL,2023,7,0.549684,2.444677,0.483594
2023_07_LV_CHI,2023,7,0.408994,-2.619548,0.496467
2023_07_WAS_NYG,2023,7,0.385618,-3.079928,0.497638
2023_07_ARI_SEA,2023,7,0.789556,8.429883,0.468410
2023_07_PIT_LA,2023,7,0.639300,2.905067,0.482425
2023_07_GB_DEN,2023,7,0.497872,1.063514,0.487104
2023_07_LAC_KC,2023,7,0.672512,4.746642,0.477749
2023_07_MIA_PHI,2023,7,0.612507,2.444677,0.483594
2023_07_SF_MIN,2023,7,0.259625,-6.762973,0.507004
2023_08_TB_BUF,2023,8,0.801742,8.890298,0.467244
2023_08_ATL_TEN,2023,8,0.389194,-2.619548,0.496467
2023_08_HOU_CAR,2023,8,0.379697,-3.079928,0.497638
2023_08_JAX_PIT,2023,8,0.362563,-2.619548,0.496467
2023_08_LA_DAL,2023,8,0.703356,5.667439,0.475412
2023_08_MIN_GB,2023,8,0.463842,-1.238404,0.492955
2023_08_NE_MIA,2023,8,0.735317,6.588245,0.473077
2023_08_NO_IND,2023,8,0.445011,-2.159167,0.495297
2023_08_NYJ_NYG,2023,8,0.389057,-3.079928,0.497638
2023_08_PHI_WAS,2023,8,0.262193,-6.762973,0.507004
2023_08_CLE_SEA,2023,8,0.626995,3.365458,0.481255
2023_08_BAL_ARI,2023,8,0.197419,-9.064891,0.512856
2023_08_CIN_SF,2023,8,0.623875,3.365458,0.481255
2023_08_KC_DEN,2023,8,0.258084,-6.762973,0.507004
2023_08_CHI_LAC,2023,8,0.787782,8.429883,0.468410
2023_08_LV_DET,2023,8,0.720919,6.127841,0.474245
2023_09_TEN_PIT,2023,9,0.584220,2.905067,0.482425
2023_09_MIA_KC,2023,9,0.496338,0.603129,0.488274
2023_09_ARI_CLE,2023,9,0.865166,11.652849,0.460256
2023_09_CHI_NO,2023,9,0.775065,7.969470,0.469576
2023_09_LA_GB,2023,9,0.640707,2.905067,0.482425
2023_09_MIN_ATL,2023,9,0.607448,2.905067,0.482425
2023_09_SEA_BAL,2023,9,0.690960,5.207040,0.476580
2023_09_TB_HOU,2023,9,0.598296,1.984288,0.484764
2023_09_WAS_NE,2023,9,0.540919,1.984288,0.484764
2023_09_IND_CAR,2023,9,0.426159,-1.698786,0.494126
2023_09_DAL_PHI,2023,9,0.640490,2.905067,0.482425
2023_09_NYG_LV,2023,9,0.562059,0.603129,0.488274
2023_09_BUF_CIN,2023,9,0.528053,1.063514,0.487104
2023_09_LAC_NYJ,2023,9,0.369529,-3.079928,0.497638
2023_10_CAR_CHI,2023,10,0.591515,2.444677,0.483594
2023_10_IND_NE,2023,10,0.406952,-1.238404,0.492955
2023_10_CLE_BAL,2023,10,0.692095,5.207040,0.476580
2023_10_GB_PIT,2023,10,0.523892,2.444677,0.483594
2023_10_HOU_CIN,2023,10,0.675439,4.746642,0.477749
2023_10_NO_MIN,2023,10,0.399899,-3.079928,0.497638
2023_10_SF_JAX,2023,10,0.410102,-3.079928,0.497638
2023_10_TEN_TB,2023,10,0.559745,1.984288,0.484764
2023_10_ATL_ARI,2023,10,0.429268,-2.159167,0.495297
2023_10_DET_LAC,2023,10,0.389731,-2.619548,0.496467
2023_10_NYG_DAL,2023,10,0.930078,15.796894,0.449804
2023_10_WAS_SEA,2023,10,0.690960,5.207040,0.476580
2023_10_NYJ_LV,2023,10,0.485130,-1.238404,0.492955
2023_10_DEN_BUF,2023,10,0.736351,6.588245,0.473077
2023_11_CIN_BAL,2023,11,0.628239,3.365458,0.481255
2023_11_ARI_HOU,2023,11,0.674271,4.746642,0.477749
2023_11_CHI_DET,2023,11,0.749304,7.048651,0.471910
2023_11_DAL_CAR,2023,11,0.163968,-10.446054,0.516365
2023_11_LAC_GB,2023,11,0.400417,-3.079928,0.497638
2023_11_LV_MIA,2023,11,0.882111,12.573723,0.457930
2023_11_NYG_WAS,2023,11,0.735317,6.588245,0.473077
2023_11_PIT_CLE,2023,11,0.635462,1.984288,0.484764
2023_11_TEN_JAX,2023,11,0.703356,5.667439,0.475412
2023_11_TB_SF,2023,11,0.873550,12.113284,0.459093
2023_11_NYJ_BUF,2023,11,0.748303,7.048651,0.471910
2023_11_SEA_LA,2023,11,0.589282,1.984288,0.484764
2023_11_MIN_DEN,2023,11,0.549246,1.984288,0.484764
2023_11_PHI_KC,2023,11,0.521808,1.984288,0.484764
2023_12_GB_DET,2023,12,0.760449,7.509059,0.470743
2023_12_WAS_DAL,2023,12,0.864544,11.652849,0.460256
2023_12_SF_SEA,2023,12,0.263224,-6.762973,0.507004
2023_12_MIA_NYJ,2023,12,0.201689,-9.064891,0.512856
2023_12_CAR_TEN,2023,12,0.601227,2.905067,0.482425
2023_12_JAX_HOU,2023,12,0.467827,-1.238404,0.492955
2023_12_NE_NYG,2023,12,0.335998,-4.461069,0.501150
2023_12_NO_ATL,2023,12,0.442778,-2.159167,0.495297
2023_12_PIT_CIN,2023,12,0.455048,-2.159167,0.495297
2023_12_TB_IND,2023,12,0.598381,1.984288,0.484764
2023_12_CLE_DEN,2023,12,0.494999,1.063514,0.487104
2023_12_LA_ARI,2023,12,0.409829,-3.079928,0.497638
2023_12_BUF_PHI,2023,12,0.588333,1.984288,0.484764
2023_12_KC_LV,2023,12,0.209485,-8.604506,0.511686
2023_12_BAL_LAC,2023,12,0.413362,-3.079928,0.497638
2023_12_CHI_MIN,2023,12,0.584054,2.444677,0.483594
2023_13_SEA_DAL,2023,13,0.785090,8.429883,0.468410
2023_13_ARI_PIT,2023,13,0.688109,5.207040,0.476580
2023_13_ATL_NYJ,2023,13,0.395682,-2.159167,0.495297
2023_13_DEN_HOU,2023,13,0.646985,2.905067,0.482425
2023_13_DET_NO,2023,13,0.353218,-4.000689,0.499980
2023_13_IND_TEN,2023,13,0.418374,-1.698786,0.494126
2023_13_LAC_NE,2023,13,0.337186,-4.461069,0.501150
2023_13_MIA_WAS,2023,13,0.222923,-8.144122,0.510515
2023_13_CAR_TB,2023,13,0.626995,3.365458,0.481255
2023_13_CLE_LA,2023,13,0.574907,2.905067,0.482425
2023_13_SF_PHI,2023,13,0.423504,-3.079928,0.497638
2023_13_KC_GB,2023,13,0.310643,-5.381830,0.503492
2023_13_CIN_JAX,2023,13,0.798763,8.890298,0.467244
2023_14_NE_PIT,2023,14,0.695500,5.207040,0.476580
2023_14_CAR_NO,2023,14,0.675439,4.746642,0.477749
2023_14_DET_CHI,2023,14,0.376004,-3.079928,0.497638
2023_14_HOU_NYJ,2023,14,0.348081,-3.540309,0.498809
2023_14_IND_CIN,2023,14,0.578662,2.444677,0.483594
2023_14_JAX_CLE,2023,14,0.601721,1.984288,0.484764
2023_14_LA_BAL,2023,14,0.737901,6.588245,0.473077
2023_14_TB_ATL,2023,14,0.568052,1.063514,0.487104
2023_14_MIN_LV,2023,14,0.390071,-3.079928,0.497638
2023_14_SEA_SF,2023,14,0.890236,13.034165,0.456768
2023_14_BUF_KC,2023,14,0.526828,1.523901,0.485934
2023_14_DEN_LAC,2023,14,0.615701,2.444677,0.483594
2023_14_PHI_DAL,2023,14,0.594046,2.905067,0.482425
2023_14_GB_NYG,2023,14,0.292171,-5.842210,0.504663
2023_14_TEN_MIA,2023,14,0.882111,12.573723,0.457930
2023_15_LAC_LV,2023,15,0.599076,2.444677,0.483594
2023_15_MIN_CIN,2023,15,0.579514,2.444677,0.483594
2023_15_PIT_IND,2023,15,0.590084,1.063514,0.487104
2023_15_DEN_DET,2023,15,0.674271,4.746642,0.477749
2023_15_ATL_CAR,2023,15,0.397157,-3.079928,0.497638
2023_15_CHI_CLE,2023,15,0.622345,2.444677,0.483594
2023_15_HOU_TEN,2023,15,0.570125,2.444677,0.483594
2023_15_KC_NE,2023,15,0.186616,-9.525278,0.514026
2023_15_NYG_NO,2023,15,0.689822,5.207040,0.476580
2023_15_NYJ_MIA,2023,15,0.737901,6.588245,0.473077
2023_15_TB_GB,2023,15,0.626995,3.365458,0.481255
2023_15_SF_ARI,2023,15,0.134627,-11.827228,0.519873
2023_15_WAS_LA,2023,15,0.705021,5.667439,0.475412
2023_15_DAL_BUF,2023,15,0.562363,1.523901,0.485934
2023_15_BAL_JAX,2023,15,0.353218,-4.000689,0.499980
2023_15_PHI_SEA,2023,15,0.327328,-4.921449,0.502321
2023_16_NO_LA,2023,16,0.620721,3.365458,0.481255
2023_16_CIN_PIT,2023,16,0.348462,-3.079928,0.497638
2023_16_BUF_LAC,2023,16,0.124286,-12.287623,0.521042
2023_16_CLE_HOU,2023,16,0.368577,-3.079928,0.497638
2023_16_DET_MIN,2023,16,0.398282,-2.619548,0.496467
2023_16_GB_CAR,2023,16,0.368992,-3.540309,0.498809
2023_16_IND_ATL,2023,16,0.587561,2.444677,0.483594
2023_16_SEA_TEN,2023,16,0.402348,-3.079928,0.497638
2023_16_WAS_NYJ,2023,16,0.593784,2.444677,0.483594
2023_16_JAX_TB,2023,16,0.400108,-2.159167,0.495297
2023_16_ARI_CHI,2023,16,0.643430,3.825851,0.480086
2023_16_DAL_MIA,2023,16,0.537344,1.063514,0.487104
2023_16_NE_DEN,2023,16,0.720919,6.127841,0.474245
2023_16_LV_KC,2023,16,0.820843,9.811137,0.464913
2023_16_NYG_PHI,2023,16,0.882663,12.573723,0.457930
2023_16_BAL_SF,2023,16,0.703356,5.667439,0.475412
2023_17_NYJ_CLE,2023,17,0.703356,5.667439,0.475412
2023_17_DET_DAL,2023,17,0.675439,4.746642,0.477749
2023_17_ARI_PHI,2023,17,0.845174,10.731987,0.462584
2023_17_ATL_CHI,2023,17,0.588853,2.444677,0.483594
2023_17_CAR_JAX,2023,17,0.580855,2.905067,0.482425
2023_17_LA_NYG,2023,17,0.292171,-5.842210,0.504663
2023_17_LV_IND,2023,17,0.615775,2.905067,0.482425
2023_17_MIA_BAL,2023,17,0.572645,2.444677,0.483594
2023_17_NE_BUF,2023,17,0.897934,13.494611,0.455606
2023_17_NO_TB,2023,17,0.569691,1.984288,0.484764
2023_17_SF_WAS,2023,17,0.110580,-13.208417,0.523379
2023_17_TEN_HOU,2023,17,0.656590,4.286246,0.478917
2023_17_PIT_SEA,2023,17,0.643430,3.825851,0.480086
2023_17_CIN_KC,2023,17,0.737901,6.588245,0.473077
2023_17_LAC_DEN,2023,17,0.575216,2.905067,0.482425
2023_17_GB_MIN,2023,17,0.507591,0.603129,0.488274
2023_18_PIT_BAL,2023,18,0.396605,-3.079928,0.497638
2023_18_HOU_IND,2023,18,0.442369,-1.698786,0.494126
2023_18_ATL_NO,2023,18,0.587821,2.905067,0.482425
2023_18_CLE_CIN,2023,18,0.737901,6.588245,0.473077
2023_18_JAX_TEN,2023,18,0.361434,-3.540309,0.498809
2023_18_MIN_DET,2023,18,0.618925,2.905067,0.482425
2023_18_NYJ_NE,2023,18,0.550315,1.984288,0.484764
2023_18_TB_CAR,2023,18,0.318571,-4.921449,0.502321
2023_18_CHI_GB,2023,18,0.592225,1.984288,0.484764
2023_18_DAL_WAS,2023,18,0.127215,-12.287623,0.521042
2023_18_DEN_LV,2023,18,0.637672,2.905067,0.482425
2023_18_KC_LAC,2023,18,0.649598,2.905067,0.482425
2023_18_LA_SF,2023,18,0.674271,4.746642,0.477749
2023_18_PHI_NYG,2023,18,0.338377,-4.461069,0.501150
2023_18_SEA_ARI,2023,18,0.456671,-2.619548,0.496467
2023_18_BUF_MIA,2023,18,0.400205,-2.619548,0.496467
2023_19_CLE_HOU,2023,19,0.376306,-2.619548,0.496467
2023_19_MIA_KC,2023,19,0.638517,3.825851,0.480086
2023_19_GB_DAL,2023,19,0.714417,6.127841,0.474245
2023_19_LA_DET,2023,19,0.646751,2.905067,0.482425
2023_19_PIT_BUF,2023,19,0.800045,8.890298,0.467244
2023_19_PHI_TB,2023,19,0.370823,-2.619548,0.496467
2023_20_HOU_BAL,2023,20,0.803010,8.890298,0.467244
2023_20_GB_SF,2023,20,0.813468,9.350716,0.466078
2023_20_TB_DET,2023,20,0.686382,5.207040,0.476580
2023_20_KC_BUF,2023,20,0.612716,1.984288,0.484764
2023_21_KC_BAL,2023,21,0.642828,3.825851,0.480086
2023_21_DET_SF,2023,21,0.740487,6.588245,0.473077
2023_22_SF_KC,2023,22,0.429473,-1.698786,0.494126
2024_01_BAL_KC,2024,1,0.594239,2.503756,0.485339
2024_01_GB_PHI,2024,1,0.555564,1.571033,0.487326
2024_01_ARI_BUF,2024,1,0.704297,5.768317,0.478388
2024_01_CAR_NO,2024,1,0.573918,2.970119,0.484345
2024_01_HOU_IND,2024,1,0.400318,-3.092549,0.497265
2024_01_JAX_MIA,2024,1,0.608836,2.970119,0.484345
2024_01_MIN_NYG,2024,1,0.450913,-1.227121,0.493289
2024_01_NE_CIN,2024,1,0.750227,7.167431,0.475412
2024_01_PIT_ATL,2024,1,0.629001,3.436482,0.483352
2024_01_TEN_CHI,2024,1,0.627590,3.436482,0.483352
2024_01_DEN_SEA,2024,1,0.707434,5.768317,0.478388
2024_01_LV_LAC,2024,1,0.592487,2.503756,0.485339
2024_01_DAL_CLE,2024,1,0.600108,2.037394,0.486332
2024_01_WAS_TB,2024,1,0.630409,3.436482,0.483352
2024_01_LA_DET,2024,1,0.659955,4.369213,0.481366
2024_01_NYJ_SF,2024,1,0.605734,2.970119,0.484345
2024_02_BUF_MIA,2024,2,0.568466,2.037394,0.486332
2024_02_CLE_JAX,2024,2,0.567178,2.503756,0.485339
2024_02_IND_GB,2024,2,0.390876,-3.092549,0.497265
2024_02_LAC_CAR,2024,2,0.325111,-4.957974,0.501242
2024_02_LV_BAL,2024,2,0.777728,8.100182,0.473429
2024_02_NO_DAL,2024,2,0.708683,5.768317,0.478388
2024_02_NYG_WAS,2024,2,0.538037,1.104672,0.488319
2024_02_NYJ_TEN,2024,2,0.401722,-3.558905,0.498259
2024_02_SEA_NE,2024,2,0.359665,-3.558905,0.498259
2024_02_SF_MIN,2024,2,0.342173,-4.491617,0.500248
2024_02_TB_DET,2024,2,0.735189,6.701058,0.476404
2024_02_LA_ARI,2024,2,0.481208,-1.227121,0.493289
2024_02_CIN_KC,2024,2,0.704297,5.768317,0.478388
2024_02_PIT_DEN,2024,2,0.395162,-3.092549,0.497265
2024_02_CHI_HOU,2024,2,0.691115,5.301947,0.479381
2024_02_ATL_PHI,2024,2,0.673707,4.835580,0.480373
2024_03_NE_NYJ,2024,3,0.707434,5.768317,0.478388
2024_03_CHI_IND,2024,3,0.553519,1.104672,0.488319
2024_03_DEN_TB,2024,3,0.693688,5.301947,0.479381
2024_03_GB_TEN,2024,3,0.595872,2.503756,0.485339
2024_03_HOU_MIN,2024,3,0.436701,-2.159835,0.495277
2024_03_LAC_PIT,2024,3,0.576385,2.503756,0.485339
2024_03_NYG_CLE,2024,3,0.708683,5.768317,0.478388
2024_03_PHI_NO,2024,3,0.546047,2.037394,0.486332
2024_03_CAR_LV,2024,3,0.677020,4.835580,0.480373
2024_03_MIA_SEA,2024,3,0.629001,3.436482,0.483352
2024_03_BAL_DAL,2024,3,0.456065,-1.693479,0.494283
2024_03_DET_ARI,2024,3,0.385553,-3.092549,0.497265
2024_03_SF_LA,2024,3,0.293455,-5.890686,0.503230
2024_03_KC_ATL,2024,3,0.420117,-3.092549,0.497265
2024_03_JAX_BUF,2024,3,0.627590,3.436482,0.483352
2024_03_WAS_CIN,2024,3,0.739287,6.701058,0.476404
2024_04_DAL_NYG,2024,4,0.312975,-5.424330,0.502236
2024_04_CIN_CAR,2024,4,0.342173,-4.491617,0.500248
2024_04_DEN_NYJ,2024,4,0.735189,6.701058,0.476404
2024_04_JAX_HOU,2024,4,0.675699,4.835580,0.480373
2024_04_LA_CHI,2024,4,0.604859,2.503756,0.485339
2024_04_MIN_GB,2024,4,0.581220,2.037394,0.486332
2024_04_NO_ATL,2024,4,0.590931,2.037394,0.486332
2024_04_PHI_TB,2024,4,0.421917,-1.227121,0.493289
2024_04_PIT_IND,2024,4,0.446373,-2.626192,0.496271
2024_04_NE_SF,2024,4,0.813963,9.499319,0.470456
2024_04_WAS_ARI,2024,4,0.632489,2.970119,0.484345
2024_04_CLE_LV,2024,4,0.389475,-2.626192,0.496271
2024_04_KC_LAC,2024,4,0.250783,-7.289757,0.506213
2024_04_BUF_BAL,2024,4,0.549128,2.037394,0.486332
2024_04_TEN_MIA,2024,4,0.555755,2.037394,0.486332
2024_04_SEA_DET,2024,4,0.607048,2.970119,0.484345
2024_05_TB_ATL,2024,5,0.595263,2.037394,0.486332
2024_05_NYJ_MIN,2024,5,0.589551,2.037394,0.486332
2024_05_BAL_CIN,2024,5,0.429387,-2.626192,0.496271
2024_05_BUF_HOU,2024,5,0.512748,0.638312,0.489313
2024_05_CAR_CHI,2024,5,0.627590,3.436482,0.483352
2024_05_CLE_WAS,2024,5,0.579700,2.503756,0.485339
2024_05_IND_JAX,2024,5,0.597811,2.970119,0.484345
2024_05_MIA_NE,2024,5,0.436845,-2.159835,0.495277
2024_05_ARI_SF,2024,5,0.719051,6.234687,0.477396
2024_05_LV_DEN,2024,5,0.581431,2.503756,0.485339
2024_05_GB_LA,2024,5,0.366104,-3.092549,0.497265
2024_05_NYG_SEA,2024,5,0.723304,6.234687,0.477396
2024_05_DAL_PIT,2024,5,0.546965,2.037394,0.486332
2024_05_NO_KC,2024,5,0.678340,4.835580,0.480373
2024_06_SF_SEA,2024,6,0.407791,-3.558905,0.498259
2024_06_JAX_CHI,2024,6,0.440969,-1.693479,0.494283
2024_06_ARI_GB,2024,6,0.677020,4.835580,0.480373
2024_06_CLE_PHI,2024,6,0.749094,7.167431,0.475412
2024_06_HOU_NE,2024,6,0.278836,-6.357043,0.504224
2024_06_IND_TEN,2024,6,0.573530,2.037394,0.486332
2024_06_TB_NO,2024,6,0.380575,-3.558905,0.498259
2024_06_WAS_BAL,2024,6,0.706183,5.768317,0.478388
2024_06_LAC_DEN,2024,6,0.370354,-3.092549,0.497265
2024_06_PIT_LV,2024,6,0.395248,-3.558905,0.498259
2024_06_ATL_CAR,2024,6,0.295965,-5.890686,0.503230
2024_06_DET_DAL,2024,6,0.352302,-3.558905,0.498259
2024_06_CIN_NYG,2024,6,0.342173,-4.491617,0.500248
2024_06_BUF_NYJ,2024,6,0.443823,-1.227121,0.493289
2024_07_DEN_NO,2024,7,0.416962,-2.626192,0.496271
2024_07_NE_JAX,2024,7,0.704297,5.768317,0.478388
2024_07_CIN_CLE,2024,7,0.309735,-5.424330,0.502236
2024_07_DET_MIN,2024,7,0.515888,0.638312,0.489313
2024_07_HOU_GB,2024,7,0.608631,2.503756,0.485339
2024_07_MIA_IND,2024,7,0.621963,2.503756,0.485339
2024_07_PHI_NYG,2024,7,0.386349,-3.092549,0.497265
2024_07_SEA_ATL,2024,7,0.588146,2.503756,0.485339
2024_07_TEN_BUF,2024,7,0.789254,8.566559,0.472438
2024_07_CAR_WAS,2024,7,0.796504,9.032938,0.471447
2024_07_LV_LA,2024,7,0.719051,6.234687,0.477396
2024_07_KC_SF,2024,7,0.583855,2.037394,0.486332
2024_07_NYJ_PIT,2024,7,0.368174,-3.092549,0.497265
2024_07_BAL_TB,2024,7,0.340815,-4.491617,0.500248
2024_07_LAC_ARI,2024,7,0.488168,-1.227121,0.493289
2024_08_MIN_LA,2024,8,0.368181,-3.092549,0.497265
2024_08_ARI_MIA,2024,8,0.627590,3.436482,0.483352
2024_08_ATL_TB,2024,8,0.413985,-1.693479,0.494283
2024_08_BAL_CLE,2024,8,0.251920,-7.289757,0.506213
2024_08_GB_JAX,2024,8,0.357681,-3.558905,0.498259
2024_08_IND_HOU,2024,8,0.662660,4.369213,0.481366
2024_08_NYJ_NE,2024,8,0.265784,-6.823400,0.505219
2024_08_PHI_CIN,2024,8,0.554321,2.037394,0.486332
2024_08_TEN_DET,2024,8,0.853278,11.364858,0.466495
2024_08_BUF_SEA,2024,8,0.404595,-3.092549,0.497265
2024_08_NO_LAC,2024,8,0.722094,6.234687,0.477396
2024_08_CAR_DEN,2024,8,0.864554,11.831248,0.465505
2024_08_CHI_WAS,2024,8,0.547016,1.104672,0.488319
2024_08_KC_LV,2024,8,0.213888,-8.688831,0.509195
2024_08_DAL_SF,2024,8,0.673707,4.835580,0.480373
2024_08_NYG_PIT,2024,8,0.689175,5.301947,0.479381
2024_09_HOU_NYJ,2024,9,0.565592,2.037394,0.486332
2024_09_DAL_ATL,2024,9,0.600241,2.503756,0.485339
2024_09_DEN_BAL,2024,9,0.779293,8.100182,0.473429
2024_09_LAC_CLE,2024,9,0.450489,-2.159835,0.495277
2024_09_LV_CIN,2024,9,0.750227,7.167431,0.475412
2024_09_MIA_BUF,2024,9,0.707434,5.768317,0.478388
2024_09_NE_TEN,2024,9,0.592042,2.503756,0.485339
2024_09_NO_CAR,2024,9,0.270539,-6.823400,0.505219
2024_09_WAS_NYG,2024,9,0.339460,-4.491617,0.500248
2024_09_CHI_ARI,2024,9,0.562607,1.104672,0.488319
2024_09_JAX_PHI,2024,9,0.737534,6.701058,0.476404
2024_09_DET_GB,2024,9,0.413111,-2.626192,0.496271
2024_09_LA_SEA,2024,9,0.465415,-1.693479,0.494283
2024_09_IND_MIN,2024,9,0.707434,5.768317,0.478388
2024_09_TB_KC,2024,9,0.776683,8.100182,0.473429
2024_10_CIN_BAL,2024,10,0.691115,5.301947,0.479381
2024_10_NYG_CAR,2024,10,0.284963,-6.357043,0.504224
2024_10_ATL_NO,2024,10,0.347942,-3.558905,0.498259
2024_10_BUF_IND,2024,10,0.344219,-4.491617,0.500248
2024_10_DEN_KC,2024,10,0.739287,6.701058,0.476404
2024_10_MIN_JAX,2024,10,0.271746,-6.823400,0.505219
2024_10_NE_CHI,2024,10,0.707434,5.768317,0.478388
2024_10_PIT_WAS,2024,10,0.575519,1.104672,0.488319
2024_10_SF_TB,2024,10,0.284963,-6.357043,0.504224
2024_10_TEN_LAC,2024,10,0.749094,7.167431,0.475412
2024_10_NYJ_ARI,2024,10,0.453421,-2.159835,0.495277
2024_10_PHI_DAL,2024,10,0.250783,-7.289757,0.506213
2024_10_DET_HOU,2024,10,0.340815,-4.491617,0.500248
2024_10_MIA_LA,2024,10,0.572547,2.037394,0.486332
2024_11_WAS_PHI,2024,11,0.645294,3.902847,0.482359
2024_11_BAL_PIT,2024,11,0.381514,-3.092549,0.497265
2024_11_CLE_NO,2024,11,0.418799,-1.227121,0.493289
2024_11_GB_CHI,2024,11,0.297859,-5.890686,0.503230
2024_11_IND_NYJ,2024,11,0.629001,3.436482,0.483352
2024_11_JAX_DET,2024,11,0.880433,12.764033,0.463527
2024_11_LA_NE,2024,11,0.355438,-4.025261,0.499253
2024_11_LV_MIA,2024,11,0.747384,7.167431,0.475412
2024_11_MIN_TEN,2024,11,0.299769,-5.890686,0.503230
2024_11_ATL_DEN,2024,11,0.533068,1.571033,0.487326
2024_11_SEA_SF,2024,11,0.692403,5.301947,0.479381
2024_11_KC_BUF,2024,11,0.605288,2.037394,0.486332
2024_11_CIN_LAC,2024,11,0.515270,0.638312,0.489313
2024_11_HOU_DAL,2024,11,0.246245,-7.289757,0.506213
2024_12_PIT_CLE,2024,12,0.424561,-3.558905,0.498259
2024_12_DAL_WAS,2024,12,0.813963,9.499319,0.470456
2024_12_DET_IND,2024,12,0.272951,-6.823400,0.505219
2024_12_KC_CAR,2024,12,0.167885,-10.554270,0.513169
2024_12_MIN_CHI,2024,12,0.392504,-3.092549,0.497265
2024_12_NE_MIA,2024,12,0.739287,6.701058,0.476404
2024_12_TB_NYG,2024,12,0.278836,-6.357043,0.504224
2024_12_TEN_HOU,2024,12,0.751357,7.167431,0.475412
2024_12_DEN_LV,2024,12,0.277015,-6.357043,0.504224
2024_12_ARI_SEA,2024,12,0.456493,-1.227121,0.493289
2024_12_SF_GB,2024,12,0.708683,5.768317,0.478388
2024_12_PHI_LA,2024,12,0.364449,-3.092549,0.497265
2024_12_BAL_LAC,2024,12,0.393553,-3.092549,0.497265
2024_13_CHI_DET,2024,13,0.785196,8.566559,0.472438
2024_13_NYG_DAL,2024,13,0.645294,3.902847,0.482359
2024_13_MIA_GB,2024,13,0.640839,2.970119,0.484345
2024_13_LV_KC,2024,13,0.872835,12.297640,0.464516
2024_13_ARI_MIN,2024,13,0.595670,2.970119,0.484345
2024_13_HOU_JAX,2024,13,0.374084,-3.558905,0.498259
2024_13_IND_NE,2024,13,0.396408,-2.626192,0.496271
2024_13_LAC_ATL,2024,13,0.475170,-1.227121,0.493289
2024_13_PIT_CIN,2024,13,0.623389,2.503756,0.485339
2024_13_SEA_NYJ,2024,13,0.493603,0.638312,0.489313
2024_13_TEN_WAS,2024,13,0.693688,5.301947,0.479381
2024_13_LA_NO,2024,13,0.401292,-2.626192,0.496271
2024_13_TB_CAR,2024,13,0.283109,-6.357043,0.504224
2024_13_PHI_BAL,2024,13,0.565182,2.503756,0.485339
2024_13_SF_BUF,2024,13,0.702395,5.768317,0.478388
2024_13_CLE_DEN,2024,13,0.706183,5.768317,0.478388
2024_14_GB_DET,2024,14,0.588703,2.503756,0.485339
2024_14_ATL_MIN,2024,14,0.692403,5.301947,0.479381
2024_14_CAR_PHI,2024,14,0.882641,12.764033,0.463527
2024_14_CLE_PIT,2024,14,0.693688,5.301947,0.479381
2024_14_JAX_TEN,2024,14,0.594119,2.503756,0.485339
2024_14_LV_TB,2024,14,0.725117,6.234687,0.477396
2024_14_NO_NYG,2024,14,0.312975,-5.424330,0.502236
2024_14_NYJ_MIA,2024,14,0.706183,5.768317,0.478388
2024_14_SEA_ARI,2024,14,0.588582,2.503756,0.485339
2024_14_BUF_LA,2024,14,0.363390,-3.558905,0.498259
2024_14_CHI_SF,2024,14,0.578083,2.503756,0.485339
2024_14_LAC_KC,2024,14,0.664686,4.369213,0.481366
2024_14_CIN_DAL,2024,14,0.325111,-4.957974,0.501242
2024_15_LA_SF,2024,15,0.597745,2.503756,0.485339
2024_15_BAL_NYG,2024,15,0.077639,-15.684302,0.524090
2024_15_CIN_TEN,2024,15,0.294708,-5.890686,0.503230
2024_15_DAL_CAR,2024,15,0.581470,2.037394,0.486332
2024_15_KC_CLE,2024,15,0.340815,-4.491617,0.500248
2024_15_MIA_HOU,2024,15,0.580810,2.037394,0.486332
2024_15_NYJ_JAX,2024,15,0.372067,-3.558905,0.498259
2024_15_WAS_NO,2024,15,0.253059,-7.289757,0.506213
2024_15_BUF_DET,2024,15,0.591579,2.037394,0.486332
2024_15_IND_DEN,2024,15,0.641827,3.902847,0.482359
2024_15_NE_ARI,2024,15,0.691115,5.301947,0.479381
2024_15_PIT_PHI,2024,15,0.677020,4.835580,0.480373
2024_15_TB_LAC,2024,15,0.594623,2.503756,0.485339
2024_15_GB_SEA,2024,15,0.385870,-3.092549,0.497265
2024_15_CHI_MIN,2024,15,0.725117,6.234687,0.477396
2024_15_ATL_LV,2024,15,0.280052,-6.357043,0.504224
2024_16_DEN_LAC,2024,16,0.609364,2.503756,0.485339
2024_16_HOU_KC,2024,16,0.601609,2.970119,0.484345
2024_16_PIT_BAL,2024,16,0.725117,6.234687,0.477396
2024_16_ARI_CAR,2024,16,0.309735,-5.424330,0.502236
2024_16_CLE_CIN,2024,16,0.800414,9.032938,0.471447
2024_16_DET_CHI,2024,16,0.265784,-6.823400,0.505219
2024_16_LA_NYJ,2024,16,0.388061,-3.092549,0.497265
2024_16_NYG_ATL,2024,16,0.789254,8.566559,0.472438
2024_16_PHI_WAS,2024,16,0.360299,-4.025261,0.499253
2024_16_TEN_IND,2024,16,0.630409,3.436482,0.483352
2024_16_MIN_SEA,2024,16,0.418594,-2.626192,0.496271
2024_16_JAX_LV,2024,16,0.575006,2.037394,0.486332
2024_16_NE_BUF,2024,16,0.882014,12.764033,0.463527
2024_16_SF_MIA,2024,16,0.423999,-2.159835,0.495277
2024_16_TB_DAL,2024,16,0.337428,-4.491617,0.500248
2024_16_NO_GB,2024,16,0.880433,12.764033,0.463527
2024_17_KC_PIT,2024,17,0.379316,-3.092549,0.497265
2024_17_BAL_HOU,2024,17,0.308445,-5.424330,0.502236
2024_17_SEA_CHI,2024,17,0.366343,-3.558905,0.498259
2024_17_LAC_NE,2024,17,0.299769,-5.890686,0.503230
2024_17_DEN_CIN,2024,17,0.631776,2.970119,0.484345
2024_17_ARI_LA,2024,17,0.701116,5.768317,0.478388
2024_17_CAR_TB,2024,17,0.786729,8.566559,0.472438
2024_17_DAL_PHI,2024,17,0.737534,6.701058,0.476404
2024_17_IND_NYG,2024,17,0.253059,-7.289757,0.506213
2024_17_LV_NO,2024,17,0.415875,-2.159835,0.495277
2024_17_NYJ_BUF,2024,17,0.798961,9.032938,0.471447
2024_17_TEN_JAX,2024,17,0.452287,-1.227121,0.493289
2024_17_MIA_CLE,2024,17,0.422272,-3.092549,0.497265
2024_17_GB_MIN,2024,17,0.439543,-1.227121,0.493289
2024_17_ATL_WAS,2024,17,0.611097,2.970119,0.484345
2024_17_DET_SF,2024,17,0.358210,-4.025261,0.499253
2024_18_CLE_BAL,2024,18,0.948928,17.894514,0.452667
2024_18_CIN_PIT,2024,18,0.384271,-2.626192,0.496271
2024_18_BUF_NE,2024,18,0.392706,-3.092549,0.497265
2024_18_CAR_ATL,2024,18,0.733419,6.701058,0.476404
2024_18_CHI_GB,2024,18,0.803772,9.032938,0.471447
2024_18_HOU_TEN,2024,18,0.580433,2.037394,0.486332
2024_18_JAX_IND,2024,18,0.634706,2.970119,0.484345
2024_18_NO_TB,2024,18,0.887703,13.230429,0.462538
2024_18_NYG_PHI,2024,18,0.599054,2.503756,0.485339
2024_18_WAS_DAL,2024,18,0.264607,-6.823400,0.505219
2024_18_KC_DEN,2024,18,0.815333,9.499319,0.470456
2024_18_LAC_LV,2024,18,0.270539,-6.823400,0.505219
2024_18_MIA_NYJ,2024,18,0.547735,1.104672,0.488319
2024_18_SEA_LA,2024,18,0.251920,-7.289757,0.506213
2024_18_SF_ARI,2024,18,0.645294,3.902847,0.482359
2024_18_MIN_DET,2024,18,0.615552,2.503756,0.485339
2024_19_LAC_HOU,2024,19,0.390348,-3.092549,0.497265
2024_19_PIT_BAL,2024,19,0.790257,8.566559,0.472438
2024_19_DEN_BUF,2024,19,0.730431,6.701058,0.476404
2024_19_GB_PHI,2024,19,0.673707,4.835580,0.480373
2024_19_WAS_TB,2024,19,0.576703,2.503756,0.485339
2024_19_MIN_LA,2024,19,0.393228,-2.626192,0.496271
2024_20_HOU_KC,2024,20,0.789254,8.566559,0.472438
2024_20_WAS_DET,2024,20,0.760932,7.633806,0.474420
2024_20_LA_PHI,2024,20,0.723304,6.234687,0.477396
2024_20_BAL_BUF,2024,20,0.457826,-1.693479,0.494283
2024_21_WAS_PHI,2024,21,0.692403,5.301947,0.479381
2024_21_BUF_KC,2024,21,0.515571,1.104672,0.488319
2024_22_KC_PHI,2024,22,0.470625,-1.693479,0.494283
2025_01_DAL_PHI,2025,1,0.770578,7.875238,0.481544
2025_01_KC_LAC,2025,1,0.397097,-3.050899,0.498496
2025_01_ARI_NO,2025,1,0.286213,-5.901180,0.502920
2025_01_CAR_JAX,2025,1,0.649267,4.074822,0.487438
2025_01_CIN_CLE,2025,1,0.300225,-5.426133,0.502183
2025_01_LV_NE,2025,1,0.590482,2.174624,0.490386
2025_01_MIA_IND,2025,1,0.582478,1.224527,0.491860
2025_01_NYG_WAS,2025,1,0.696880,5.499974,0.485227
2025_01_PIT_NYJ,2025,1,0.428376,-3.050899,0.498496
2025_01_TB_ATL,2025,1,0.459978,-1.625758,0.496284
2025_01_SF_SEA,2025,1,0.419097,-2.575852,0.497758
2025_01_TEN_DEN,2025,1,0.768723,7.875238,0.481544
2025_01_DET_GB,2025,1,0.546976,1.224527,0.491860
2025_01_HOU_LA,2025,1,0.615331,3.124722,0.488911
2025_01_BAL_BUF,2025,1,0.467963,-1.625758,0.496284
2025_01_MIN_CHI,2025,1,0.444746,-1.625758,0.496284
2025_02_WAS_GB,2025,2,0.627622,3.124722,0.488911
2025_02_BUF_NYJ,2025,2,0.287925,-5.901180,0.502920
2025_02_CHI_DET,2025,2,0.697762,5.499974,0.485227
2025_02_CLE_BAL,2025,2,0.861305,11.675692,0.475656
2025_02_JAX_CIN,2025,2,0.603757,3.124722,0.488911
2025_02_LA_TEN,2025,2,0.301547,-5.426133,0.502183
2025_02_NE_MIA,2025,2,0.533312,1.224527,0.491860
2025_02_NYG_DAL,2025,2,0.644468,4.074822,0.487438
2025_02_SEA_PIT,2025,2,0.580436,3.124722,0.488911
2025_02_SF_NO,2025,2,0.407225,-3.050899,0.498496
2025_02_CAR_ARI,2025,2,0.728192,6.450078,0.483754
2025_02_DEN_IND,2025,2,0.436602,-2.575852,0.497758
2025_02_PHI_KC,2025,2,0.405479,-1.625758,0.496284
2025_02_ATL_MIN,2025,2,0.607519,3.124722,0.488911
2025_02_TB_HOU,2025,2,0.588014,2.174624,0.490386
2025_02_LAC_LV,2025,2,0.359822,-3.525946,0.499233
2025_03_MIA_BUF,2025,3,0.862551,11.675692,0.475656
2025_03_ATL_CAR,2025,3,0.300225,-5.426133,0.502183
2025_03_CIN_MIN,2025,3,0.603786,2.649673,0.489649
2025_03_GB_CLE,2025,3,0.213937,-8.276417,0.506607
2025_03_HOU_JAX,2025,3,0.559202,1.224527,0.491860
2025_03_IND_TEN,2025,3,0.286213,-5.901180,0.502920
2025_03_LA_PHI,2025,3,0.644410,3.124722,0.488911
2025_03_LV_WAS,2025,3,0.599094,2.174624,0.490386
2025_03_NYJ_TB,2025,3,0.711037,5.975026,0.484490
2025_03_PIT_NE,2025,3,0.466805,-1.625758,0.496284
2025_03_DEN_LAC,2025,3,0.585424,2.174624,0.490386
2025_03_NO_SEA,2025,3,0.744766,6.925131,0.483017
2025_03_ARI_SF,2025,3,0.524041,1.224527,0.491860
2025_03_DAL_CHI,2025,3,0.441745,-1.625758,0.496284
2025_03_KC_NYG,2025,3,0.289215,-5.901180,0.502920
2025_03_DET_BAL,2025,3,0.646881,4.074822,0.487438
2025_04_SEA_ARI,2025,4,0.441276,-1.625758,0.496284
2025_04_MIN_PIT,2025,4,0.372454,-2.575852,0.497758
2025_04_CAR_NE,2025,4,0.681045,5.024923,0.485964
2025_04_CLE_DET,2025,4,0.808087,9.300403,0.479335
2025_04_LAC_NYG,2025,4,0.287925,-5.901180,0.502920
2025_04_NO_BUF,2025,4,0.912397,14.526063,0.471244
2025_04_PHI_TB,2025,4,0.330432,-3.525946,0.499233
2025_04_TEN_HOU,2025,4,0.744766,6.925131,0.483017
2025_04_WAS_ATL,2025,4,0.581672,2.174624,0.490386
2025_04_IND_LA,2025,4,0.573216,3.124722,0.488911
2025_04_JAX_SF,2025,4,0.605668,3.124722,0.488911
2025_04_BAL_KC,2025,4,0.400992,-2.575852,0.497758
2025_04_CHI_LV,2025,4,0.512846,1.224527,0.491860
2025_04_GB_DAL,2025,4,0.255606,-6.851274,0.504395
2025_04_NYJ_MIA,2025,4,0.546773,2.174624,0.490386
2025_04_CIN_DEN,2025,4,0.744766,6.925131,0.483017
2025_05_SF_LA,2025,5,0.770578,7.875238,0.481544
2025_05_MIN_CLE,2025,5,0.382603,-3.525946,0.499233
2025_05_DAL_NYJ,2025,5,0.556502,1.224527,0.491860
2025_05_DEN_PHI,2025,5,0.648873,3.124722,0.488911
2025_05_HOU_BAL,2025,5,0.406566,-2.575852,0.497758
2025_05_LV_IND,2025,5,0.724014,6.450078,0.483754
2025_05_MIA_CAR,2025,5,0.467268,-1.625758,0.496284
2025_05_NYG_NO,2025,5,0.551319,1.224527,0.491860
2025_05_TB_SEA,2025,5,0.638446,3.124722,0.488911
2025_05_TEN_ARI,2025,5,0.741972,6.925131,0.483017
2025_05_DET_CIN,2025,5,0.166676,-10.176610,0.509556
2025_05_WAS_LAC,2025,5,0.556360,2.174624,0.490386
2025_05_NE_BUF,2025,5,0.740767,6.925131,0.483017
2025_05_KC_JAX,2025,5,0.388879,-3.525946,0.499233
2025_06_PHI_NYG,2025,6,0.261640,-6.851274,0.504395
2025_06_DEN_NYJ,2025,6,0.239680,-7.326322,0.505132
2025_06_ARI_IND,2025,6,0.770578,7.875238,0.481544
2025_06_CLE_PIT,2025,6,0.677379,5.024923,0.485964
2025_06_DAL_CAR,2025,6,0.395852,-3.050899,0.498496
2025_06_LAC_MIA,2025,6,0.361314,-3.525946,0.499233
2025_06_LA_BAL,2025,6,0.255606,-6.851274,0.504395
2025_06_NE_NO,2025,6,0.374506,-3.525946,0.499233
2025_06_SEA_JAX,2025,6,0.437449,-1.625758,0.496284
2025_06_TEN_LV,2025,6,0.607744,3.124722,0.488911
2025_06_CIN_GB,2025,6,0.889078,13.100874,0.473449
2025_06_SF_TB,2025,6,0.600558,3.124722,0.488911
2025_06_DET_KC,2025,6,0.541419,2.174624,0.490386
2025_06_BUF_ATL,2025,6,0.368832,-3.525946,0.499233
2025_06_CHI_WAS,2025,6,0.681045,5.024923,0.485964
2025_07_PIT_CIN,2025,7,0.300225,-5.426133,0.502183
2025_07_LA_JAX,2025,7,0.410415,-3.050899,0.498496
2025_07_CAR_NYJ,2025,7,0.554325,1.224527,0.491860
2025_07_LV_KC,2025,7,0.881795,12.625812,0.474185
2025_07_MIA_CLE,2025,7,0.612167,2.174624,0.490386
2025_07_NE_TEN,2025,7,0.271293,-6.376227,0.503658
2025_07_NO_CHI,2025,7,0.654036,4.074822,0.487438
2025_07_PHI_MIN,2025,7,0.385821,-2.575852,0.497758
2025_07_IND_LAC,2025,7,0.547845,2.174624,0.490386
2025_07_NYG_DEN,2025,7,0.740767,6.925131,0.483017
2025_07_GB_ARI,2025,7,0.259609,-6.851274,0.504395
2025_07_WAS_DAL,2025,7,0.543887,1.224527,0.491860
2025_07_ATL_SF,2025,7,0.533445,1.224527,0.491860
2025_07_TB_DET,2025,7,0.698644,5.499974,0.485227
2025_07_HOU_SEA,2025,7,0.612158,2.649673,0.489649
2025_08_MIN_LAC,2025,8,0.578789,2.649673,0.489649
2025_08_BUF_CAR,2025,8,0.259609,-6.851274,0.504395
2025_08_CHI_BAL,2025,8,0.547268,2.174624,0.490386
2025_08_CLE_NE,2025,8,0.730259,6.450078,0.483754
2025_08_MIA_ATL,2025,8,0.730259,6.450078,0.483754
2025_08_NYG_PHI,2025,8,0.724859,6.450078,0.483754
2025_08_NYJ_CIN,2025,8,0.682859,5.024923,0.485964
2025_08_SF_HOU,2025,8,0.567765,2.174624,0.490386
2025_08_TB_NO,2025,8,0.331971,-4.476040,0.500708
2025_08_DAL_DEN,2025,8,0.592155,3.124722,0.488911
2025_08_TEN_IND,2025,8,0.912397,14.526063,0.471244
2025_08_GB_PIT,2025,8,0.328909,-3.050899,0.498496
2025_08_WAS_KC,2025,8,0.818932,9.775460,0.478599
2025_09_BAL_MIA,2025,9,0.247421,-7.326322,0.505132
2025_09_ATL_NE,2025,9,0.681953,5.024923,0.485964
2025_09_CAR_GB,2025,9,0.860549,11.675692,0.475656
2025_09_CHI_CIN,2025,9,0.363762,-3.050899,0.498496
2025_09_DEN_HOU,2025,9,0.548855,1.224527,0.491860
2025_09_IND_PIT,2025,9,0.310636,-3.525946,0.499233
2025_09_LAC_TEN,2025,9,0.180846,-9.701561,0.508819
2025_09_MIN_DET,2025,9,0.795822,8.825348,0.480071
2025_09_SF_NYG,2025,9,0.420593,-2.575852,0.497758
2025_09_JAX_LV,2025,9,0.375767,-2.575852,0.497758
2025_09_NO_LA,2025,9,0.888042,13.100874,0.473449
2025_09_KC_BUF,2025,9,0.423120,-2.575852,0.497758
2025_09_SEA_WAS,2025,9,0.414012,-2.575852,0.497758
2025_09_ARI_DAL,2025,9,0.611207,3.124722,0.488911
2025_10_LV_DEN,2025,10,0.797177,8.825348,0.480071
2025_10_ATL_IND,2025,10,0.714037,5.975026,0.484490
2025_10_BAL_MIN,2025,10,0.331971,-4.476040,0.500708
2025_10_BUF_MIA,2025,10,0.215001,-8.276417,0.506607
2025_10_CLE_NYJ,2025,10,0.432976,-1.625758,0.496284
2025_10_JAX_HOU,2025,10,0.405751,-1.625758,0.496284
2025_10_NE_TB,2025,10,0.560897,2.174624,0.490386
2025_10_NO_CAR,2025,10,0.682859,5.024923,0.485964
2025_10_NYG_CHI,2025,10,0.648315,4.074822,0.487438
2025_10_ARI_SEA,2025,10,0.730259,6.450078,0.483754
2025_10_DET_WAS,2025,10,0.215001,-8.276417,0.506607
2025_10_LA_SF,2025,10,0.304641,-5.426133,0.502183
2025_10_PIT_LAC,2025,10,0.622941,2.649673,0.489649
2025_10_PHI_GB,2025,10,0.549146,1.224527,0.491860
2025_11_NYJ_NE,2025,11,0.861305,11.675692,0.475656
2025_11_WAS_MIA,2025,11,0.547016,2.174624,0.490386
2025_11_CAR_ATL,2025,11,0.653078,4.074822,0.487438
2025_11_CHI_MIN,2025,11,0.575017,2.649673,0.489649
2025_11_CIN_PIT,2025,11,0.681045,5.024923,0.485964
2025_11_GB_NYG,2025,11,0.243530,-7.326322,0.505132
2025_11_HOU_TEN,2025,11,0.301547,-5.426133,0.502183
2025_11_LAC_JAX,2025,11,0.399698,-3.050899,0.498496
2025_11_TB_BUF,2025,11,0.696880,5.499974,0.485227
2025_11_SEA_LA,2025,11,0.576236,2.649673,0.489649
2025_11_SF_ARI,2025,11,0.377914,-3.525946,0.499233
2025_11_BAL_CLE,2025,11,0.241607,-7.326322,0.505132
2025_11_KC_DEN,2025,11,0.365831,-3.525946,0.499233
2025_11_DET_PHI,2025,11,0.576471,2.174624,0.490386
2025_11_DAL_LV,2025,11,0.350059,-3.525946,0.499233
2025_12_BUF_HOU,2025,12,0.301547,-5.426133,0.502183
2025_12_IND_KC,2025,12,0.570499,3.124722,0.488911
2025_12_MIN_GB,2025,12,0.714037,5.975026,0.484490
2025_12_NE_CIN,2025,12,0.242760,-7.326322,0.505132
2025_12_NYG_DET,2025,12,0.890106,13.100874,0.473449
2025_12_NYJ_BAL,2025,12,0.889078,13.100874,0.473449
2025_12_PIT_CHI,2025,12,0.647270,2.649673,0.489649
2025_12_SEA_TEN,2025,12,0.130202,-12.076807,0.512504
2025_12_CLE_LV,2025,12,0.561003,2.649673,0.489649
2025_12_JAX_ARI,2025,12,0.398436,-2.575852,0.497758
2025_12_ATL_NO,2025,12,0.541505,1.224527,0.491860
2025_12_PHI_DAL,2025,12,0.367162,-3.050899,0.498496
2025_12_TB_LA,2025,12,0.728192,6.450078,0.483754
2025_12_CAR_SF,2025,12,0.744766,6.925131,0.483017
2025_13_GB_DET,2025,13,0.575585,2.174624,0.490386
2025_13_KC_DAL,2025,13,0.383316,-3.525946,0.499233
2025_13_CIN_BAL,2025,13,0.724014,6.450078,0.483754
2025_13_CHI_PHI,2025,13,0.726116,6.450078,0.483754
2025_13_ARI_TB,2025,13,0.651647,4.074822,0.487438
2025_13_ATL_NYJ,2025,13,0.390955,-3.050899,0.498496
2025_13_HOU_IND,2025,13,0.634385,2.649673,0.489649
2025_13_JAX_TEN,2025,13,0.286213,-5.901180,0.502920
2025_13_LA_CAR,2025,13,0.180227,-9.701561,0.508819
2025_13_NO_MIA,2025,13,0.681953,5.024923,0.485964
2025_13_SF_CLE,2025,13,0.301547,-5.426133,0.502183
2025_13_MIN_SEA,2025,13,0.862551,11.675692,0.475656
2025_13_BUF_PIT,2025,13,0.338416,-3.050899,0.498496
2025_13_LV_LAC,2025,13,0.810348,9.300403,0.479335
2025_13_DEN_WAS,2025,13,0.270052,-6.376227,0.503658
2025_13_NYG_NE,2025,13,0.726116,6.450078,0.483754
2025_14_DAL_DET,2025,14,0.635291,3.124722,0.488911
2025_14_CIN_BUF,2025,14,0.696880,5.499974,0.485227
2025_14_IND_JAX,2025,14,0.387031,-2.575852,0.497758
2025_14_MIA_NYJ,2025,14,0.427139,-2.575852,0.497758
2025_14_NO_TB,2025,14,0.739553,6.925131,0.483017
2025_14_PIT_BAL,2025,14,0.677379,5.024923,0.485964
2025_14_SEA_ATL,2025,14,0.253605,-6.851274,0.504395
2025_14_TEN_CLE,2025,14,0.654036,4.074822,0.487438
2025_14_WAS_MIN,2025,14,0.414275,-1.625758,0.496284
2025_14_DEN_LV,2025,14,0.216772,-8.276417,0.506607
2025_14_CHI_GB,2025,14,0.711037,5.975026,0.484490
2025_14_LA_ARI,2025,14,0.191923,-9.226513,0.508081
2025_14_HOU_KC,2025,14,0.651647,4.074822,0.487438
2025_14_PHI_LAC,2025,14,0.403307,-1.625758,0.496284
2025_15_ATL_TB,2025,15,0.698644,5.499974,0.485227
2025_15_ARI_HOU,2025,15,0.820479,9.775460,0.478599
2025_15_BAL_CIN,2025,15,0.415781,-2.575852,0.497758
2025_15_BUF_NE,2025,15,0.384011,-2.575852,0.497758
2025_15_CLE_CHI,2025,15,0.743570,6.925131,0.483017
2025_15_LAC_KC,2025,15,0.677379,5.024923,0.485964
2025_15_LV_PHI,2025,15,0.862054,11.675692,0.475656
2025_15_NYJ_JAX,2025,15,0.879596,12.625812,0.474185
2025_15_WAS_NYG,2025,15,0.566877,2.174624,0.490386
2025_15_CAR_NO,2025,15,0.390549,-2.575852,0.497758
2025_15_DET_LA,2025,15,0.679679,5.024923,0.485964
2025_15_GB_DEN,2025,15,0.398284,-1.625758,0.496284
2025_15_IND_SEA,2025,15,0.879596,12.625812,0.474185
2025_15_TEN_SF,2025,15,0.862054,11.675692,0.475656
2025_15_MIN_DAL,2025,15,0.681953,5.024923,0.485964
2025_15_MIA_PIT,2025,15,0.570488,2.649673,0.489649
2025_16_LA_SEA,2025,16,0.553073,1.224527,0.491860
2025_16_PHI_WAS,2025,16,0.261640,-6.851274,0.504395
2025_16_GB_CHI,2025,16,0.535299,1.224527,0.491860
2025_16_BUF_CLE,2025,16,0.169019,-10.176610,0.509556
2025_16_CIN_MIA,2025,16,0.361840,-3.525946,0.499233
2025_16_KC_TEN,2025,16,0.355938,-3.525946,0.499233
2025_16_LAC_DAL,2025,16,0.574333,1.224527,0.491860
2025_16_MIN_NYG,2025,16,0.413346,-2.575852,0.497758
2025_16_NYJ_NO,2025,16,0.711037,5.975026,0.484490
2025_16_TB_CAR,2025,16,0.408672,-3.050899,0.498496
2025_16_ATL_ARI,2025,16,0.407147,-2.575852,0.497758
2025_16_JAX_DEN,2025,16,0.597047,3.124722,0.488911
2025_16_LV_HOU,2025,16,0.897968,13.575936,0.472714
2025_16_PIT_DET,2025,16,0.740767,6.925131,0.483017
2025_16_NE_BAL,2025,16,0.608050,3.124722,0.488911
2025_16_SF_IND,2025,16,0.331971,-4.476040,0.500708
2025_17_DAL_WAS,2025,17,0.220360,-8.276417,0.506607
2025_17_DET_MIN,2025,17,0.261640,-6.851274,0.504395
2025_17_DEN_KC,2025,17,0.110806,-13.026909,0.513978
2025_17_HOU_LAC,2025,17,0.545456,1.224527,0.491860
2025_17_BAL_GB,2025,17,0.609170,2.174624,0.490386
2025_17_ARI_CIN,2025,17,0.728192,6.450078,0.483754
2025_17_JAX_IND,2025,17,0.384873,-3.525946,0.499233
2025_17_NE_NYJ,2025,17,0.131401,-12.076807,0.512504
2025_17_NO_TEN,2025,17,0.413695,-1.625758,0.496284
2025_17_PIT_CLE,2025,17,0.333366,-4.476040,0.500708
2025_17_SEA_CAR,2025,17,0.275456,-6.376227,0.503658
2025_17_TB_MIA,2025,17,0.301547,-5.426133,0.502183
2025_17_NYG_LV,2025,17,0.355970,-3.050899,0.498496
2025_17_PHI_BUF,2025,17,0.598485,2.649673,0.489649
2025_17_CHI_SF,2025,17,0.598985,3.124722,0.488911
2025_17_LA_ATL,2025,17,0.240452,-7.326322,0.505132
2025_18_CAR_TB,2025,18,0.574037,2.649673,0.489649
2025_18_SEA_SF,2025,18,0.407063,-2.575852,0.497758
2025_18_CLE_CIN,2025,18,0.797177,8.825348,0.480071
2025_18_DAL_NYG,2025,18,0.377679,-3.050899,0.498496
2025_18_GB_MIN,2025,18,0.862054,11.675692,0.475656
2025_18_IND_HOU,2025,18,0.796500,8.825348,0.480071
2025_18_NO_ATL,2025,18,0.651647,4.074822,0.487438
2025_18_TEN_JAX,2025,18,0.862551,11.675692,0.475656
2025_18_ARI_LA,2025,18,0.897968,13.575936,0.472714
2025_18_DET_CHI,2025,18,0.598706,3.124722,0.488911
2025_18_KC_LV,2025,18,0.362720,-3.525946,0.499233
2025_18_LAC_DEN,2025,18,0.896619,13.575936,0.472714
2025_18_MIA_NE,2025,18,0.889490,13.100874,0.473449
2025_18_NYJ_BUF,2025,18,0.863046,11.675692,0.475656
2025_18_WAS_PHI,2025,18,0.599734,2.649673,0.489649
2025_18_BAL_PIT,2025,18,0.331971,-4.476040,0.500708
2025_19_LA_CAR,2025,19,0.179610,-9.701561,0.508819
2025_19_GB_CHI,2025,19,0.390672,-2.575852,0.497758
2025_19_BUF_JAX,2025,19,0.529927,1.224527,0.491860
2025_19_SF_PHI,2025,19,0.699965,5.499974,0.485227
2025_19_LAC_NE,2025,19,0.633477,3.124722,0.488911
2025_19_HOU_PIT,2025,19,0.373036,-3.050899,0.498496
2025_20_BUF_DEN,2025,20,0.508098,1.224527,0.491860
2025_20_SF_SEA,2025,20,0.709739,5.975026,0.484490
2025_20_HOU_NE,2025,20,0.613180,2.649673,0.489649
2025_20_LA_CHI,2025,20,0.389560,-3.525946,0.499233
2025_21_NE_DEN,2025,21,0.353645,-3.525946,0.499233
2025_21_LA_SEA,2025,21,0.582000,2.174624,0.490386
2025_22_SEA_NE,2025,22,0.336629,-4.476040,0.500708
2026_01_NE_SEA,2026,1,0.592770,2.712212,0.491496
2026_01_SF_LA,2026,1,0.614525,3.187750,0.490773
2026_01_ATL_PIT,2026,1,0.713137,6.040989,0.486438
2026_01_BAL_IND,2026,1,0.376009,-2.994239,0.500170
2026_01_BUF_HOU,2026,1,0.405395,-1.567628,0.498002
2026_01_CHI_CAR,2026,1,0.383365,-2.994239,0.500170
2026_01_CLE_JAX,2026,1,0.770155,7.943157,0.483549
2026_01_NO_DET,2026,1,0.728586,6.516531,0.485716
2026_01_NYJ_TEN,2026,1,0.530302,1.285597,0.493664
2026_01_TB_CIN,2026,1,0.619898,3.187750,0.490773
2026_01_ARI_LAC,2026,1,0.769619,7.943157,0.483549
2026_01_GB_MIN,2026,1,0.525835,1.285597,0.493664
2026_01_MIA_LV,2026,1,0.597575,2.712212,0.491496
2026_01_WAS_PHI,2026,1,0.698094,5.565449,0.487161
2026_01_DAL_NYG,2026,1,0.359417,-2.994239,0.500170
2026_01_DEN_KC,2026,1,0.581717,2.236673,0.492219
2026_02_DET_BUF,2026,2,0.683336,5.089908,0.487883
2026_02_CAR_ATL,2026,2,0.387856,-2.518702,0.499447
2026_02_CIN_HOU,2026,2,0.585970,2.712212,0.491496
2026_02_CLE_TB,2026,2,0.771925,7.943157,0.483549
2026_02_GB_NYJ,2026,2,0.366508,-3.469776,0.500893
2026_02_MIN_CHI,2026,2,0.649029,4.138829,0.489328
2026_02_NO_BAL,2026,2,0.771925,7.943157,0.483549
2026_02_PHI_TEN,2026,2,0.257849,-6.798538,0.505953
2026_02_PIT_NE,2026,2,0.647653,4.138829,0.489328
2026_02_JAX_DEN,2026,2,0.560381,2.236673,0.492219
2026_02_LV_LAC,2026,2,0.711071,6.040989,0.486438
2026_02_MIA_SF,2026,2,0.862474,11.747517,0.477775
2026_02_SEA_ARI,2026,2,0.365338,-3.469776,0.500893
2026_02_WAS_DAL,2026,2,0.619601,3.187750,0.490773
2026_02_IND_KC,2026,2,0.698516,5.565449,0.487161
2026_02_NYG_LA,2026,2,0.712521,6.040989,0.486438
2026_03_ATL_GB,2026,3,0.649029,4.138829,0.489328
2026_03_CAR_CLE,2026,3,0.402924,-2.518702,0.499447
2026_03_CIN_PIT,2026,3,0.364614,-3.469776,0.500893
2026_03_HOU_IND,2026,3,0.467721,-1.567628,0.498002
2026_03_KC_MIA,2026,3,0.179195,-9.651769,0.510290
2026_03_LAC_BUF,2026,3,0.728190,6.516531,0.485716
2026_03_NE_JAX,2026,3,0.608728,2.712212,0.491496
2026_03_NYJ_DET,2026,3,0.728586,6.516531,0.485716
2026_03_SEA_WAS,2026,3,0.215186,-8.225152,0.508122
2026_03_TEN_NYG,2026,3,0.574814,2.236673,0.492219
2026_03_ARI_SF,2026,3,0.743192,6.992072,0.484994
2026_03_MIN_TB,2026,3,0.427651,-1.567628,0.498002
2026_03_BAL_DAL,2026,3,0.383363,-2.994239,0.500170
2026_03_LV_NO,2026,3,0.605754,3.187750,0.490773
2026_03_LA_DEN,2026,3,0.538594,1.285597,0.493664
2026_03_PHI_CHI,2026,3,0.369899,-3.469776,0.500893
2026_04_PIT_CLE,2026,4,0.420168,-2.518702,0.499447
2026_04_IND_WAS,2026,4,0.332584,-4.420850,0.502339
2026_04_ARI_NYG,2026,4,0.396514,-2.518702,0.499447
2026_04_DAL_HOU,2026,4,0.566486,2.712212,0.491496
2026_04_GB_TB,2026,4,0.362982,-2.994239,0.500170
2026_04_JAX_CIN,2026,4,0.568218,2.236673,0.492219
2026_04_LA_PHI,2026,4,0.384200,-3.469776,0.500893
2026_04_NE_BUF,2026,4,0.729576,6.516531,0.485716
2026_04_NYJ_CHI,2026,4,0.621918,3.187750,0.490773
2026_04_TEN_BAL,2026,4,0.843276,10.796423,0.479218
2026_04_MIA_MIN,2026,4,0.809239,9.369787,0.481383
2026_04_DEN_SF,2026,4,0.605139,2.712212,0.491496
2026_04_KC_LV,2026,4,0.334143,-4.420850,0.502339
2026_04_LAC_SEA,2026,4,0.727593,6.516531,0.485716
2026_04_DET_CAR,2026,4,0.363381,-3.469776,0.500893
2026_04_ATL_NO,2026,4,0.590849,2.236673,0.492219
2026_05_TB_DAL,2026,5,0.796994,8.894243,0.482105
2026_05_PHI_JAX,2026,5,0.592976,2.712212,0.491496
2026_05_CHI_GB,2026,5,0.575974,2.236673,0.492219
2026_05_CIN_MIA,2026,5,0.216034,-8.225152,0.508122
2026_05_CLE_NYJ,2026,5,0.543689,1.285597,0.493664
2026_05_HOU_TEN,2026,5,0.271425,-6.323000,0.505230
2026_05_IND_PIT,2026,5,0.521287,1.285597,0.493664
2026_05_LV_NE,2026,5,0.595346,3.187750,0.490773
2026_05_MIN_NO,2026,5,0.409859,-2.518702,0.499447
2026_05_NYG_WAS,2026,5,0.595472,2.236673,0.492219
2026_05_DEN_LAC,2026,5,0.392127,-2.518702,0.499447
2026_05_DET_ARI,2026,5,0.301775,-5.371925,0.503785
2026_05_SF_SEA,2026,5,0.603992,2.712212,0.491496
2026_05_BAL_ATL,2026,5,0.286392,-5.847462,0.504508
2026_05_BUF_LA,2026,5,0.559793,2.236673,0.492219
