game_id,season,week,p_home,margin,p_home_cover
2006_01_ATL_CAR,2006,1,0.659734,4.21064,0.49145
2006_01_BAL_TB,2006,1,0.652986,3.485996,0.514359
2006_01_BUF_NE,2006,1,0.826329,10.517765,0.515297
2006_01_CHI_GB,2006,1,0.326133,-4.844246,0.460341
2006_01_CIN_KC,2006,1,0.44404,-2.572688,0.468334
2006_01_DAL_JAX,2006,1,0.417829,-2.454609,0.501341
2006_01_DEN_STL,2006,1,0.436906,-1.715714,0.552575
2006_01_IND_NYG,2006,1,0.344163,-4.770663,0.447824
2006_01_MIA_PIT,2006,1,0.421432,-3.08556,0.367052
2006_01_MIN_WAS,2006,1,0.661854,4.251361,0.507428
2006_01_NO_CLE,2006,1,0.562122,0.822135,0.435919
2006_01_NYJ_TEN,2006,1,0.577422,2.720645,0.50652
2006_01_PHI_HOU,2006,1,0.271348,-7.611645,0.452487
2006_01_SD_OAK,2006,1,0.509642,0.924069,0.614349
2006_01_SEA_DET,2006,1,0.256391,-8.418635,0.428907
2006_01_SF_ARI,2006,1,0.830794,10.126869,0.518518
2006_02_ARI_SEA,2006,2,0.764244,9.013784,0.55929
2006_02_BUF_MIA,2006,2,0.732601,6.242343,0.492386
2006_02_CAR_MIN,2006,2,0.612647,2.910939,0.526899
2006_02_CLE_CIN,2006,2,0.844775,11.817014,0.538858
2006_02_DET_CHI,2006,2,0.76569,7.987248,0.529148
2006_02_HOU_IND,2006,2,0.885237,13.872753,0.540497
2006_02_KC_DEN,2006,2,0.845918,12.503369,0.544335
2006_02_NE_NYJ,2006,2,0.363403,-3.651271,0.569059
2006_02_NO_GB,2006,2,0.357131,-4.351827,0.401958
2006_02_NYG_PHI,2006,2,0.682922,5.873457,0.584277
2006_02_OAK_BAL,2006,2,0.896971,16.300343,0.596567
2006_02_PIT_JAX,2006,2,0.452008,-1.621813,0.525933
2006_02_STL_SF,2006,2,0.388614,-3.429193,0.487319
2006_02_TB_ATL,2006,2,0.640496,3.997054,0.485141
2006_02_TEN_SD,2006,2,0.843101,9.977838,0.440465
2006_02_WAS_DAL,2006,2,0.714542,5.701145,0.461676
2006_03_ATL_NO,2006,3,0.453414,-0.950499,0.589356
2006_03_BAL_CLE,2006,3,0.311609,-6.104905,0.511674
2006_03_CAR_TB,2006,3,0.378719,-3.55699,0.483545
2006_03_CHI_MIN,2006,3,0.346316,-4.567559,0.468485
2006_03_CIN_PIT,2006,3,0.45161,-1.891428,0.386576
2006_03_DEN_NE,2006,3,0.764624,7.521238,0.53015
2006_03_GB_DET,2006,3,0.788941,8.672602,0.563927
2006_03_JAX_IND,2006,3,0.749791,7.730478,0.536312
2006_03_NYG_SEA,2006,3,0.758215,8.454922,0.629298
2006_03_NYJ_BUF,2006,3,0.606866,2.411961,0.395204
2006_03_PHI_SF,2006,3,0.243798,-8.865173,0.415962
2006_03_STL_ARI,2006,3,0.732955,6.219296,0.521246
2006_03_TEN_MIA,2006,3,0.838763,10.137451,0.489287
2006_03_WAS_HOU,2006,3,0.351374,-4.269706,0.477267
2006_04_ARI_ATL,2006,4,0.707968,6.421853,0.48292
2006_04_CLE_OAK,2006,4,0.342898,-5.690324,0.364134
2006_04_DAL_TEN,2006,4,0.1611,-10.502238,0.485162
2006_04_DET_STL,2006,4,0.671921,4.457624,0.469227
2006_04_GB_PHI,2006,4,0.887038,13.924229,0.556671
2006_04_IND_NYJ,2006,4,0.271448,-6.390664,0.532745
2006_04_JAX_WAS,2006,4,0.435826,-1.574529,0.527327
2006_04_MIA_HOU,2006,4,0.38136,-3.111614,0.511476
2006_04_MIN_BUF,2006,4,0.508294,-0.193546,0.464775
2006_04_NE_CIN,2006,4,0.745223,7.510641,0.559198
2006_04_NO_CAR,2006,4,0.718871,5.507359,0.45598
2006_04_SD_BAL,2006,4,0.57609,2.84963,0.554488
2006_04_SEA_CHI,2006,4,0.532033,-0.183086,0.392495
2006_04_SF_KC,2006,4,0.75151,6.189168,0.476053
2006_05_BAL_DEN,2006,5,0.689693,4.90565,0.482442
2006_05_BUF_CHI,2006,5,0.83095,10.295865,0.523505
2006_05_CLE_CAR,2006,5,0.75897,7.94908,0.513268
2006_05_DAL_PHI,2006,5,0.476488,0.187159,0.535037
2006_05_DET_MIN,2006,5,0.643847,3.91117,0.497375
2006_05_KC_ARI,2006,5,0.279818,-7.624155,0.379995
2006_05_MIA_NE,2006,5,0.828184,10.515664,0.529986
2006_05_NYJ_JAX,2006,5,0.717096,5.852861,0.466141
2006_05_OAK_SF,2006,5,0.662461,5.726273,0.580021
2006_05_PIT_SD,2006,5,0.61814,2.528423,0.471313
2006_05_STL_GB,2006,5,0.423581,-2.022116,0.514119
2006_05_TB_NO,2006,5,0.759747,7.864747,0.525537
2006_05_TEN_IND,2006,5,0.921662,16.904604,0.599554
2006_05_WAS_NYG,2006,5,0.67718,4.814426,0.46501
2006_06_BUF_DET,2006,6,0.497568,-0.325771,0.519916
2006_06_CAR_BAL,2006,6,0.532517,1.368916,0.451916
2006_06_CHI_ARI,2006,6,0.134499,-13.341469,0.445751
2006_06_CIN_TB,2006,6,0.365568,-3.648637,0.525142
2006_06_HOU_DAL,2006,6,0.882901,12.900945,0.497073
2006_06_KC_PIT,2006,6,0.718981,5.69725,0.476292
2006_06_MIA_NYJ,2006,6,0.626773,3.546792,0.54561
2006_06_NYG_ATL,2006,6,0.593276,2.768615,0.493163
2006_06_OAK_DEN,2006,6,0.898177,15.801107,0.553068
2006_06_PHI_NO,2006,6,0.411228,-2.809087,0.505642
2006_06_SD_SF,2006,6,0.219715,-8.438183,0.531346
2006_06_SEA_STL,2006,6,0.276528,-7.457752,0.370623
2006_06_TEN_WAS,2006,6,0.873255,12.699943,0.535413
2006_07_ARI_OAK,2006,7,0.378085,-3.541486,0.484003
2006_07_CAR_CIN,2006,7,0.578753,2.287981,0.478969
2006_07_DEN_CLE,2006,7,0.394736,-3.508252,0.529281
2006_07_DET_NYJ,2006,7,0.695673,5.127717,0.533287
2006_07_GB_MIA,2006,7,0.723491,6.112383,0.503321
2006_07_JAX_HOU,2006,7,0.220716,-8.182946,0.479827
2006_07_MIN_SEA,2006,7,0.78447,9.42852,0.600238
2006_07_NE_BUF,2006,7,0.334568,-4.992271,0.515001
2006_07_NYG_DAL,2006,7,0.638724,3.210172,0.506211
2006_07_PHI_TB,2006,7,0.360915,-3.618933,0.57
2006_07_PIT_ATL,2006,7,0.388119,-2.76295,0.49223
2006_07_SD_KC,2006,7,0.35701,-4.036934,0.557807
2006_07_WAS_IND,2006,7,0.801451,9.067156,0.531503
2006_08_ARI_GB,2006,8,0.635995,4.539792,0.515947
2006_08_ATL_CIN,2006,8,0.641878,3.176362,0.490437
2006_08_BAL_NO,2006,8,0.584218,1.809332,0.523902
2006_08_DAL_CAR,2006,8,0.737188,7.259319,0.580977
2006_08_HOU_TEN,2006,8,0.583578,2.383169,0.481778
2006_08_IND_DEN,2006,8,0.509215,0.186863,0.417466
2006_08_JAX_PHI,2006,8,0.79615,9.669683,0.519782
2006_08_NE_MIN,2006,8,0.481959,-0.391952,0.517963
2006_08_NYJ_CLE,2006,8,0.572716,0.991562,0.499751
2006_08_PIT_OAK,2006,8,0.209297,-10.071837,0.468359
2006_08_SEA_KC,2006,8,0.647964,4.996278,0.529415
2006_08_SF_CHI,2006,8,0.938156,17.437606,0.542403
2006_08_STL_SD,2006,8,0.802616,9.169767,0.490242
2006_08_TB_NYG,2006,8,0.785559,8.031144,0.456679
2006_09_ATL_DET,2006,9,0.334268,-5.022397,0.499338
2006_09_CIN_BAL,2006,9,0.571486,2.052123,0.472012
2006_09_CLE_SD,2006,9,0.834539,10.686977,0.43198
2006_09_DAL_WAS,2006,9,0.367885,-3.723178,0.478639
2006_09_DEN_PIT,2006,9,0.672926,4.052066,0.531058
2006_09_GB_BUF,2006,9,0.693894,4.953081,0.542858
2006_09_HOU_NYG,2006,9,0.884668,13.284907,0.508419
2006_09_IND_NE,2006,9,0.552225,1.343166,0.451161
2006_09_KC_STL,2006,9,0.551405,0.92052,0.453431
2006_09_MIA_CHI,2006,9,0.903428,14.161579,0.534284
2006_09_MIN_SF,2006,9,0.312496,-5.694432,0.450059
2006_09_NO_TB,2006,9,0.547232,1.194395,0.505744
2006_09_OAK_SEA,2006,9,0.7723,8.65441,0.548768
2006_09_TEN_JAX,2006,9,0.821417,9.665093,0.504879
2006_10_BAL_TEN,2006,10,0.263928,-6.955769,0.501307
2006_10_BUF_IND,2006,10,0.88038,13.274983,0.537621
2006_10_CHI_NYG,2006,10,0.519828,0.232768,0.47734
2006_10_CLE_ATL,2006,10,0.763677,7.578605,0.458073
2006_10_DAL_ARI,2006,10,0.302483,-7.15697,0.480593
2006_10_DEN_OAK,2006,10,0.212971,-9.425474,0.487429
2006_10_GB_MIN,2006,10,0.730364,6.625698,0.547926
2006_10_HOU_JAX,2006,10,0.820036,10.18301,0.505408
2006_10_KC_MIA,2006,10,0.520461,0.173425,0.475589
2006_10_NO_PIT,2006,10,0.768618,7.491482,0.529273
2006_10_NYJ_NE,2006,10,0.879794,12.555381,0.560505
2006_10_SD_CIN,2006,10,0.525872,0.82347,0.553722
2006_10_SF_DET,2006,10,0.740093,6.88905,0.511495
2006_10_STL_SEA,2006,10,0.740973,6.777355,0.610186
2006_10_TB_CAR,2006,10,0.837543,10.416345,0.512302
2006_10_WAS_PHI,2006,10,0.746901,7.040055,0.442284
2006_11_ATL_BAL,2006,11,0.656603,4.009518,0.515053
2006_11_BUF_HOU,2006,11,0.586094,2.396327,0.482167
2006_11_CHI_NYJ,2006,11,0.267675,-6.281772,0.476911
2006_11_CIN_NO,2006,11,0.659896,4.520308,0.530123
2006_11_DET_ARI,2006,11,0.662014,3.22634,0.521454
2006_11_IND_DAL,2006,11,0.446437,-1.234401,0.493073
2006_11_MIN_MIA,2006,11,0.617425,2.359955,0.481093
2006_11_NE_GB,2006,11,0.341982,-4.90811,0.517486
2006_11_NYG_JAX,2006,11,0.700741,5.0071,0.529734
2006_11_OAK_KC,2006,11,0.72916,6.065809,0.413969
2006_11_PIT_CLE,2006,11,0.298635,-5.472409,0.456575
2006_11_SD_DEN,2006,11,0.615607,3.251411,0.522194
2006_11_SEA_SF,2006,11,0.271311,-6.492914,0.39792
2006_11_STL_CAR,2006,11,0.788267,8.374466,0.555215
2006_11_TEN_PHI,2006,11,0.884086,13.346695,0.510244
2006_11_WAS_TB,2006,11,0.640458,4.431704,0.54223
2006_12_ARI_MIN,2006,12,0.723941,7.34124,0.510083
2006_12_CAR_WAS,2006,12,0.285138,-6.222294,0.478665
2006_12_CHI_NE,2006,12,0.668003,4.573467,0.502171
2006_12_CIN_CLE,2006,12,0.432284,-2.03465,0.528503
2006_12_DEN_KC,2006,12,0.544427,0.731252,0.492059
2006_12_GB_SEA,2006,12,0.906668,15.632831,0.661751
2006_12_HOU_NYJ,2006,12,0.655701,4.497662,0.499931
2006_12_JAX_BUF,2006,12,0.361249,-3.747015,0.477936
2006_12_MIA_DET,2006,12,0.414675,-1.80758,0.535192
2006_12_NO_ATL,2006,12,0.669699,4.245792,0.536763
2006_12_NYG_TEN,2006,12,0.241174,-6.32928,0.431507
2006_12_OAK_SD,2006,12,0.836825,10.111919,0.400919
2006_12_PHI_IND,2006,12,0.913335,16.489599,0.684639
2006_12_PIT_BAL,2006,12,0.608738,2.671656,0.490298
2006_12_SF_STL,2006,12,0.64881,3.832066,0.48027
2006_12_TB_DAL,2006,12,0.881787,13.495291,0.529386
2006_13_ARI_STL,2006,13,0.627222,4.025962,0.441872
2006_13_ATL_WAS,2006,13,0.490637,-0.923462,0.502262
2006_13_BAL_CIN,2006,13,0.630457,3.228588,0.506755
2006_13_CAR_PHI,2006,13,0.285502,-6.869246,0.387205
2006_13_DAL_NYG,2006,13,0.428145,-3.131019,0.496128
2006_13_DET_NE,2006,13,0.888931,13.157744,0.504661
2006_13_HOU_OAK,2006,13,0.785277,7.506409,0.630738
2006_13_IND_TEN,2006,13,0.191709,-9.874947,0.430178
2006_13_JAX_MIA,2006,13,0.480717,-0.76634,0.447951
2006_13_KC_CLE,2006,13,0.316954,-4.833768,0.475377
2006_13_MIN_CHI,2006,13,0.785914,7.846025,0.46594
2006_13_NYJ_GB,2006,13,0.619353,2.635211,0.548205
2006_13_SD_BUF,2006,13,0.351735,-4.069549,0.542193
2006_13_SEA_DEN,2006,13,0.499013,-2.211465,0.309543
2006_13_SF_NO,2006,13,0.783666,8.475719,0.543523
2006_13_TB_PIT,2006,13,0.809268,9.232666,0.506875
2006_14_ATL_TB,2006,14,0.337814,-4.56958,0.483173
2006_14_BAL_KC,2006,14,0.633209,3.722565,0.521343
2006_14_BUF_NYJ,2006,14,0.647881,4.069986,0.487295
2006_14_CHI_STL,2006,14,0.232463,-7.951768,0.442523
2006_14_CLE_PIT,2006,14,0.73031,5.309136,0.450163
2006_14_DEN_SD,2006,14,0.841283,12.052633,0.589446
2006_14_GB_SF,2006,14,0.587811,2.981526,0.469931
2006_14_IND_JAX,2006,14,0.489865,-1.153996,0.495449
2006_14_MIN_DET,2006,14,0.485448,-0.579043,0.453443
2006_14_NE_MIA,2006,14,0.359317,-4.280469,0.462217
2006_14_NO_DAL,2006,14,0.757823,7.221653,0.491775
2006_14_NYG_CAR,2006,14,0.271807,-6.725681,0.391283
2006_14_OAK_CIN,2006,14,0.72226,7.071154,0.399752
2006_14_PHI_WAS,2006,14,0.476443,-0.707225,0.538145
2006_14_SEA_ARI,2006,14,0.303248,-6.766905,0.390111
2006_14_TEN_HOU,2006,14,0.593577,1.880518,0.526002
2006_15_CIN_IND,2006,15,0.623945,3.431708,0.497982
2006_15_CLE_BAL,2006,15,0.834136,10.841266,0.436477
2006_15_DAL_ATL,2006,15,0.335508,-4.68332,0.479816
2006_15_DEN_ARI,2006,15,0.50004,0.34288,0.583394
2006_15_DET_GB,2006,15,0.679733,5.05754,0.472172
2006_15_HOU_NE,2006,15,0.879075,12.873389,0.496259
2006_15_JAX_TEN,2006,15,0.287679,-5.577279,0.438855
2006_15_KC_SD,2006,15,0.779758,8.189427,0.461332
2006_15_MIA_BUF,2006,15,0.573346,1.838038,0.524749
2006_15_NYJ_MIN,2006,15,0.69942,5.644435,0.563105
2006_15_PHI_NYG,2006,15,0.794566,8.005033,0.573604
2006_15_PIT_CAR,2006,15,0.378165,-3.670996,0.480179
2006_15_SF_SEA,2006,15,0.936619,19.160582,0.751292
2006_15_STL_OAK,2006,15,0.781773,7.753381,0.637619
2006_15_TB_CHI,2006,15,0.905004,14.434362,0.542308
2006_15_WAS_NO,2006,15,0.81347,9.904828,0.497188
2006_16_ARI_SF,2006,16,0.563352,2.356989,0.466263
2006_16_BAL_PIT,2006,16,0.657231,4.134852,0.503985
2006_16_CAR_ATL,2006,16,0.746064,7.609381,0.547447
2006_16_CHI_DET,2006,16,0.291496,-5.923194,0.50227
2006_16_CIN_DEN,2006,16,0.610591,2.62142,0.488814
2006_16_IND_HOU,2006,16,0.196371,-10.210188,0.464285
2006_16_KC_OAK,2006,16,0.275783,-8.44285,0.457443
2006_16_MIN_GB,2006,16,0.518266,0.584077,0.400122
2006_16_NE_JAX,2006,16,0.671476,4.60234,0.54724
2006_16_NO_NYG,2006,16,0.651942,2.992526,0.499779
2006_16_NYJ_MIA,2006,16,0.573038,1.542408,0.471726
2006_16_PHI_DAL,2006,16,0.781766,8.142913,0.548431
2006_16_SD_SEA,2006,16,0.603081,4.545556,0.736635
2006_16_TB_CLE,2006,16,0.592268,1.510634,0.441424
2006_16_TEN_BUF,2006,16,0.747793,6.42308,0.527257
2006_16_WAS_STL,2006,16,0.504622,-0.712619,0.449525
2006_17_ARI_SD,2006,17,0.873306,13.692837,0.505698
2006_17_ATL_PHI,2006,17,0.692284,4.988889,0.440788
2006_17_BUF_BAL,2006,17,0.804966,9.529198,0.500863
2006_17_CAR_NO,2006,17,0.2423,-9.779773,0.307762
2006_17_CLE_HOU,2006,17,0.729347,6.163512,0.504832
2006_17_DET_DAL,2006,17,0.897449,13.940948,0.513028
2006_17_GB_CHI,2006,17,0.609561,2.764673,0.507821
2006_17_JAX_KC,2006,17,0.575801,2.729693,0.550975
2006_17_MIA_IND,2006,17,0.85602,12.501282,0.587967
2006_17_NE_TEN,2006,17,0.550128,1.06004,0.428287
2006_17_NYG_WAS,2006,17,0.482945,-0.462897,0.515868
2006_17_OAK_NYJ,2006,17,0.746265,7.842811,0.436523
2006_17_PIT_CIN,2006,17,0.649275,3.530337,0.427423
2006_17_SEA_TB,2006,17,0.436605,-2.43656,0.343581
2006_17_SF_DEN,2006,17,0.860348,11.398211,0.526524
2006_17_STL_MIN,2006,17,0.586942,1.77787,0.581514
2006_18_DAL_SEA,2006,18,0.702232,6.913269,0.669314
2006_18_KC_IND,2006,18,0.758141,7.782544,0.523112
2006_18_NYG_PHI,2006,18,0.71655,6.513433,0.500397
2006_18_NYJ_NE,2006,18,0.843511,11.344832,0.554348
2006_19_IND_BAL,2006,19,0.64149,3.313676,0.479727
2006_19_NE_SD,2006,19,0.637233,3.135306,0.445071
2006_19_PHI_NO,2006,19,0.751683,7.659602,0.563548
2006_19_SEA_CHI,2006,19,0.49582,-0.321447,0.388562
2006_20_NE_IND,2006,20,0.609621,3.035375,0.486272
2006_20_NO_CHI,2006,20,0.547222,0.522299,0.441765
2006_21_IND_CHI,2006,21,0.29587,-6.569244,0.497954
2007_01_ARI_SF,2007,1,0.619047,3.551822,0.501531
2007_01_ATL_MIN,2007,1,0.602735,3.064252,0.501899
2007_01_BAL_CIN,2007,1,0.586147,2.541745,0.501234
2007_01_CAR_STL,2007,1,0.545932,1.410554,0.497357
2007_01_CHI_SD,2007,1,0.71548,6.889785,0.496743
2007_01_DEN_BUF,2007,1,0.397752,-2.932264,0.502002
2007_01_DET_OAK,2007,1,0.595427,3.017047,0.500504
2007_01_KC_HOU,2007,1,0.588485,2.804433,0.494221
2007_01_MIA_WAS,2007,1,0.594041,2.949921,0.49852
2007_01_NE_NYJ,2007,1,0.297458,-5.990677,0.500276
2007_01_NO_IND,2007,1,0.66998,5.324243,0.494806
2007_01_NYG_DAL,2007,1,0.689899,5.998855,0.499966
2007_01_PHI_GB,2007,1,0.378395,-3.154582,0.495432
2007_01_PIT_CLE,2007,1,0.333111,-4.583282,0.497539
2007_01_TB_SEA,2007,1,0.661106,5.413554,0.482675
2007_01_TEN_JAX,2007,1,0.732663,7.546452,0.501373
2007_02_ATL_JAX,2007,2,0.807879,10.380396,0.51124
2007_02_BUF_PIT,2007,2,0.801139,10.064216,0.501898
2007_02_CIN_CLE,2007,2,0.264487,-6.888039,0.503309
2007_02_DAL_MIA,2007,2,0.394359,-3.177059,0.509542
2007_02_GB_NYG,2007,2,0.598568,3.022754,0.500672
2007_02_HOU_CAR,2007,2,0.711078,6.688375,0.505567
2007_02_IND_TEN,2007,2,0.267765,-6.957057,0.501269
2007_02_KC_CHI,2007,2,0.836076,11.692159,0.505678
2007_02_MIN_DET,2007,2,0.601607,3.044104,0.501303
2007_02_NO_TB,2007,2,0.352135,-4.49784,0.514836
2007_02_NYJ_BAL,2007,2,0.810441,10.234371,0.521691
2007_02_OAK_DEN,2007,2,0.789468,9.788424,0.493748
2007_02_SD_NE,2007,2,0.619455,3.617165,0.503462
2007_02_SEA_ARI,2007,2,0.392383,-2.958296,0.501232
2007_02_SF_STL,2007,2,0.593022,2.994192,0.499828
2007_02_WAS_PHI,2007,2,0.691588,6.149368,0.48964
2007_03_ARI_BAL,2007,3,0.717884,6.910574,0.497357
2007_03_BUF_NE,2007,3,0.908125,16.536965,0.501092
2007_03_CAR_ATL,2007,3,0.329839,-4.62987,0.481393
2007_03_CIN_SEA,2007,3,0.606716,3.481178,0.499444
2007_03_CLE_OAK,2007,3,0.58749,2.823088,0.494772
2007_03_DAL_CHI,2007,3,0.602009,3.012148,0.500359
2007_03_DET_PHI,2007,3,0.65086,4.812734,0.494466
2007_03_IND_HOU,2007,3,0.299459,-6.048963,0.513326
2007_03_JAX_DEN,2007,3,0.608902,3.380754,0.496476
2007_03_MIA_NYJ,2007,3,0.592723,2.946017,0.498405
2007_03_MIN_KC,2007,3,0.604739,3.099012,0.502926
2007_03_NYG_WAS,2007,3,0.623186,3.645964,0.504313
2007_03_SD_GB,2007,3,0.31745,-5.36997,0.503842
2007_03_SF_PIT,2007,3,0.796831,10.007537,0.500223
2007_03_STL_TB,2007,3,0.645491,4.102803,0.517808
2007_03_TEN_NO,2007,3,0.649067,4.58659,0.502559
2007_04_BAL_CLE,2007,4,0.38195,-3.239974,0.507684
2007_04_CHI_DET,2007,4,0.399366,-2.612512,0.496675
2007_04_DEN_IND,2007,4,0.802331,10.011341,0.500335
2007_04_GB_MIN,2007,4,0.45353,-1.031489,0.499069
2007_04_HOU_ATL,2007,4,0.392953,-2.732734,0.493123
2007_04_KC_SD,2007,4,0.835858,11.90434,0.497173
2007_04_NE_CIN,2007,4,0.254539,-7.522662,0.49933
2007_04_NYJ_BUF,2007,4,0.362477,-3.803317,0.491037
2007_04_OAK_MIA,2007,4,0.611164,3.411955,0.497398
2007_04_PHI_NYG,2007,4,0.415809,-2.129316,0.496179
2007_04_PIT_ARI,2007,4,0.308021,-5.58263,0.497558
2007_04_SEA_SF,2007,4,0.458439,-1.016305,0.499518
2007_04_STL_DAL,2007,4,0.853918,12.930575,0.497948
2007_04_TB_CAR,2007,4,0.547472,2.129174,0.474284
2007_05_ARI_STL,2007,5,0.355022,-3.815385,0.490681
2007_05_ATL_TEN,2007,5,0.773265,8.977001,0.49932
2007_05_BAL_SF,2007,5,0.329873,-4.620952,0.481657
2007_05_CAR_NO,2007,5,0.634006,3.970229,0.513893
2007_05_CHI_GB,2007,5,0.59056,2.946254,0.498412
2007_05_CLE_NE,2007,5,0.892266,15.298666,0.494051
2007_05_DAL_BUF,2007,5,0.20644,-10.052729,0.513215
2007_05_DET_WAS,2007,5,0.638292,4.130209,0.503848
2007_05_JAX_KC,2007,5,0.461532,-1.067049,0.498019
2007_05_MIA_HOU,2007,5,0.649726,4.67176,0.505076
2007_05_NYJ_NYG,2007,5,0.59736,3.268944,0.493172
2007_05_SD_DEN,2007,5,0.455635,-0.93779,0.501838
2007_05_SEA_PIT,2007,5,0.685214,5.623511,0.50365
2007_05_TB_IND,2007,5,0.758251,8.61724,0.48869
2007_06_CAR_ARI,2007,6,0.734244,7.003871,0.529638
2007_06_CIN_KC,2007,6,0.456498,-0.966214,0.500998
2007_06_HOU_JAX,2007,6,0.703663,6.558091,0.501717
2007_06_MIA_CLE,2007,6,0.651631,4.49268,0.514556
2007_06_MIN_CHI,2007,6,0.659696,4.745273,0.507248
2007_06_NE_DAL,2007,6,0.31083,-5.130696,0.496138
2007_06_NO_SEA,2007,6,0.684493,5.698577,0.505868
2007_06_NYG_ATL,2007,6,0.349097,-4.439775,0.50178
2007_06_OAK_SD,2007,6,0.764858,8.897813,0.48221
2007_06_PHI_NYJ,2007,6,0.373717,-3.653949,0.510225
2007_06_STL_BAL,2007,6,0.784421,9.249229,0.507365
2007_06_TEN_TB,2007,6,0.543525,1.25186,0.507442
2007_06_WAS_GB,2007,6,0.591355,2.935443,0.498092
2007_07_ARI_WAS,2007,7,0.764483,8.743684,0.492426
2007_07_ATL_NO,2007,7,0.778085,9.164315,0.504856
2007_07_BAL_BUF,2007,7,0.412705,-2.747056,0.507474
2007_07_CHI_PHI,2007,7,0.657801,5.118592,0.48873
2007_07_IND_JAX,2007,7,0.397057,-2.798391,0.505958
2007_07_KC_OAK,2007,7,0.53126,1.144628,0.504274
2007_07_MIN_DAL,2007,7,0.784496,9.492752,0.499786
2007_07_NE_MIA,2007,7,0.09568,-15.671829,0.494922
2007_07_NYJ_CIN,2007,7,0.696186,5.990654,0.499724
2007_07_PIT_DEN,2007,7,0.352136,-4.056059,0.498343
2007_07_SF_NYG,2007,7,0.792928,9.815104,0.509311
2007_07_STL_SEA,2007,7,0.77479,8.955829,0.498695
2007_07_TB_DET,2007,7,0.577254,2.473161,0.499207
2007_07_TEN_HOU,2007,7,0.571021,2.13815,0.504082
2007_08_BUF_NYJ,2007,8,0.589738,3.000282,0.500008
2007_08_CLE_STL,2007,8,0.387726,-2.934019,0.50195
2007_08_DET_CHI,2007,8,0.705608,6.272063,0.508039
2007_08_GB_DEN,2007,8,0.607427,3.199954,0.505909
2007_08_HOU_SD,2007,8,0.790403,9.815283,0.494542
2007_08_IND_CAR,2007,8,0.258534,-7.243743,0.492797
2007_08_JAX_TB,2007,8,0.677784,4.779722,0.537761
2007_08_NO_SF,2007,8,0.465687,-0.840463,0.504714
2007_08_NYG_MIA,2007,8,0.201904,-9.853093,0.504341
2007_08_OAK_TEN,2007,8,0.719505,6.91716,0.497552
2007_08_PHI_MIN,2007,8,0.524297,1.013274,0.500392
2007_08_PIT_CIN,2007,8,0.361174,-3.989867,0.500299
2007_08_WAS_NE,2007,8,0.888933,14.983381,0.499509
2007_09_ARI_TB,2007,9,0.597495,3.271308,0.493242
2007_09_BAL_PIT,2007,9,0.78595,9.450063,0.498524
2007_09_CAR_TEN,2007,9,0.671409,5.205961,0.506086
2007_09_CIN_BUF,2007,9,0.441416,-1.20829,0.493845
2007_09_DAL_PHI,2007,9,0.387705,-3.014557,0.49957
2007_09_DEN_DET,2007,9,0.588939,2.877279,0.496373
2007_09_GB_KC,2007,9,0.538184,1.115902,0.503425
2007_09_HOU_OAK,2007,9,0.568775,2.456285,0.483937
2007_09_JAX_NO,2007,9,0.669,4.493222,0.529325
2007_09_NE_IND,2007,9,0.312583,-5.159663,0.495282
2007_09_SD_MIN,2007,9,0.264225,-6.963208,0.501087
2007_09_SEA_CLE,2007,9,0.516608,0.808527,0.494342
2007_09_SF_ATL,2007,9,0.616862,3.475348,0.499272
2007_09_WAS_NYJ,2007,9,0.346017,-3.986577,0.485624
2007_10_ATL_CAR,2007,10,0.584837,3.126421,0.488962
2007_10_BUF_MIA,2007,10,0.455438,-1.100149,0.49704
2007_10_CHI_OAK,2007,10,0.353506,-3.861156,0.489329
2007_10_CIN_BAL,2007,10,0.604109,3.068307,0.502019
2007_10_CLE_PIT,2007,10,0.805135,10.156108,0.504613
2007_10_DAL_NYG,2007,10,0.448466,-1.105697,0.496877
2007_10_DEN_KC,2007,10,0.597524,2.958563,0.498775
2007_10_DET_ARI,2007,10,0.574848,2.078186,0.50231
2007_10_IND_SD,2007,10,0.361318,-3.659454,0.495288
2007_10_JAX_TEN,2007,10,0.668692,4.980165,0.514186
2007_10_MIN_GB,2007,10,0.669315,5.359507,0.495848
2007_10_PHI_WAS,2007,10,0.609081,3.11393,0.503367
2007_10_SF_SEA,2007,10,0.78748,9.45834,0.498769
2007_10_STL_NO,2007,10,0.802531,10.271416,0.493245
2007_11_ARI_CIN,2007,11,0.588592,2.91884,0.497602
2007_11_CAR_GB,2007,11,0.79642,9.949383,0.498504
2007_11_CHI_SEA,2007,11,0.719655,6.623411,0.518416
2007_11_CLE_BAL,2007,11,0.476703,-0.676818,0.50955
2007_11_KC_IND,2007,11,0.882411,14.575265,0.502224
2007_11_MIA_PHI,2007,11,0.806725,10.135587,0.518775
2007_11_NE_BUF,2007,11,0.099822,-15.450015,0.501477
2007_11_NO_HOU,2007,11,0.524666,0.946072,0.498406
2007_11_NYG_DET,2007,11,0.413767,-2.338075,0.504785
2007_11_OAK_MIN,2007,11,0.645918,4.477977,0.499349
2007_11_PIT_NYJ,2007,11,0.193916,-9.747416,0.492689
2007_11_SD_JAX,2007,11,0.614447,3.390526,0.511539
2007_11_STL_SF,2007,11,0.356246,-3.667608,0.480279
2007_11_TB_ATL,2007,11,0.387585,-3.159524,0.495286
2007_11_TEN_DEN,2007,11,0.53137,1.088148,0.502605
2007_11_WAS_DAL,2007,11,0.81593,10.960935,0.498846
2007_12_BAL_SD,2007,12,0.75888,8.619661,0.488762
2007_12_BUF_JAX,2007,12,0.795119,9.808096,0.509104
2007_12_DEN_CHI,2007,12,0.504444,0.52851,0.48607
2007_12_GB_DET,2007,12,0.370973,-3.472446,0.500814
2007_12_HOU_CLE,2007,12,0.588843,2.879165,0.496429
2007_12_IND_ATL,2007,12,0.135505,-13.177116,0.509541
2007_12_MIA_PIT,2007,12,0.89789,15.483383,0.514282
2007_12_MIN_NYG,2007,12,0.711961,6.823446,0.494783
2007_12_NO_CAR,2007,12,0.373378,-3.231052,0.493172
2007_12_NYJ_DAL,2007,12,0.87887,14.244077,0.507212
2007_12_OAK_KC,2007,12,0.635526,3.994868,0.499848
2007_12_PHI_NE,2007,12,0.971125,24.711148,0.521006
2007_12_SEA_STL,2007,12,0.393718,-2.845423,0.504568
2007_12_SF_ARI,2007,12,0.807839,10.242999,0.507181
2007_12_TEN_CIN,2007,12,0.522711,0.917121,0.497551
2007_12_WAS_TB,2007,12,0.603576,3.435383,0.49809
2007_13_ATL_STL,2007,13,0.546464,2.070006,0.472539
2007_13_BUF_WAS,2007,13,0.716341,6.703539,0.506015
2007_13_CIN_PIT,2007,13,0.721748,7.095635,0.502826
2007_13_CLE_ARI,2007,13,0.536832,1.115358,0.503409
2007_13_DEN_OAK,2007,13,0.345047,-4.070734,0.483139
2007_13_DET_MIN,2007,13,0.675289,5.486954,0.499614
2007_13_GB_DAL,2007,13,0.717831,6.933414,0.498032
2007_13_HOU_TEN,2007,13,0.615928,3.601197,0.50299
2007_13_JAX_IND,2007,13,0.702516,6.540331,0.486419
2007_13_NE_BAL,2007,13,0.060869,-19.103708,0.496935
2007_13_NYG_CHI,2007,13,0.448029,-1.273154,0.491929
2007_13_NYJ_MIA,2007,13,0.533309,0.938483,0.498182
2007_13_SD_KC,2007,13,0.305163,-5.822903,0.505233
2007_13_SEA_PHI,2007,13,0.578227,2.692751,0.490921
2007_13_SF_CAR,2007,13,0.605848,3.159359,0.504709
2007_13_TB_NO,2007,13,0.732266,6.690956,0.535149
2007_14_ARI_SEA,2007,14,0.747564,7.748404,0.50734
2007_14_CAR_JAX,2007,14,0.828263,11.343239,0.510142
2007_14_CHI_WAS,2007,14,0.612728,3.290703,0.50859
2007_14_CLE_NYJ,2007,14,0.387285,-3.067439,0.498007
2007_14_DAL_DET,2007,14,0.203313,-9.65084,0.510317
2007_14_IND_BAL,2007,14,0.235921,-8.270741,0.506775
2007_14_KC_DEN,2007,14,0.727466,7.389751,0.496742
2007_14_MIA_BUF,2007,14,0.722877,7.189504,0.5056
2007_14_MIN_SF,2007,14,0.234735,-7.845516,0.489791
2007_14_NO_ATL,2007,14,0.368655,-3.806501,0.505718
2007_14_NYG_PHI,2007,14,0.622814,3.370892,0.510959
2007_14_OAK_GB,2007,14,0.821781,10.875879,0.511106
2007_14_PIT_NE,2007,14,0.824508,11.124282,0.503673
2007_14_SD_TEN,2007,14,0.464104,-0.842441,0.504656
2007_14_STL_CIN,2007,14,0.818957,10.553557,0.516354
2007_14_TB_HOU,2007,14,0.420446,-2.364389,0.518776
2007_15_ARI_NO,2007,15,0.63187,4.048062,0.50142
2007_15_ATL_TB,2007,15,0.855633,13.075634,0.502235
2007_15_BAL_MIA,2007,15,0.42227,-2.375556,0.518447
2007_15_BUF_CLE,2007,15,0.623792,4.280299,0.493508
2007_15_CHI_MIN,2007,15,0.821742,10.959002,0.513561
2007_15_CIN_SF,2007,15,0.225939,-8.487395,0.515144
2007_15_DEN_HOU,2007,15,0.412554,-2.363155,0.504044
2007_15_DET_SD,2007,15,0.772501,9.093497,0.487989
2007_15_GB_STL,2007,15,0.274003,-6.837357,0.504806
2007_15_IND_OAK,2007,15,0.195247,-9.746582,0.492714
2007_15_JAX_PIT,2007,15,0.607431,3.262973,0.492996
2007_15_NYJ_NE,2007,15,0.944968,20.383717,0.496564
2007_15_PHI_DAL,2007,15,0.79126,9.810384,0.494397
2007_15_SEA_CAR,2007,15,0.240154,-7.546225,0.483863
2007_15_TEN_KC,2007,15,0.382636,-3.404566,0.50282
2007_15_WAS_NYG,2007,15,0.684377,6.012763,0.500377
2007_16_ATL_ARI,2007,16,0.82431,11.230428,0.506809
2007_16_BAL_SEA,2007,16,0.854832,12.689515,0.5056
2007_16_CLE_CIN,2007,16,0.482353,-0.713795,0.508457
2007_16_DAL_CAR,2007,16,0.184389,-10.368782,0.503878
2007_16_DEN_SD,2007,16,0.767826,8.809821,0.49438
2007_16_GB_CHI,2007,16,0.208233,-9.301015,0.491105
2007_16_HOU_IND,2007,16,0.701692,6.364635,0.496
2007_16_KC_DET,2007,16,0.690816,5.997435,0.499924
2007_16_MIA_NE,2007,16,0.948421,21.287197,0.478946
2007_16_NYG_BUF,2007,16,0.470536,-0.898096,0.503011
2007_16_NYJ_TEN,2007,16,0.763458,8.694808,0.490982
2007_16_OAK_JAX,2007,16,0.88078,14.363764,0.510748
2007_16_PHI_NO,2007,16,0.593612,2.908787,0.497305
2007_16_PIT_STL,2007,16,0.21488,-8.908912,0.502692
2007_16_TB_SF,2007,16,0.306313,-5.834734,0.519652
2007_16_WAS_MIN,2007,16,0.707576,6.380094,0.511231
2007_17_BUF_PHI,2007,17,0.793019,9.793608,0.508676
2007_17_CAR_TB,2007,17,0.362038,-3.533421,0.484241
2007_17_CIN_MIA,2007,17,0.470574,-0.595055,0.511965
2007_17_DAL_WAS,2007,17,0.783141,9.115263,0.503406
2007_17_DET_GB,2007,17,0.610399,3.496612,0.4999
2007_17_JAX_HOU,2007,17,0.760112,7.874697,0.52583
2007_17_KC_NYJ,2007,17,0.613331,3.759155,0.492883
2007_17_MIN_DEN,2007,17,0.384853,-3.00804,0.499762
2007_17_NE_NYG,2007,17,0.125219,-13.305145,0.490983
2007_17_NO_CHI,2007,17,0.528872,0.966527,0.499011
2007_17_PIT_BAL,2007,17,0.439375,-1.843463,0.534135
2007_17_SD_OAK,2007,17,0.196391,-9.534033,0.484223
2007_17_SEA_ATL,2007,17,0.423849,-2.035504,0.498951
2007_17_SF_CLE,2007,17,0.827175,11.36303,0.495952
2007_17_STL_ARI,2007,17,0.686457,5.840726,0.495293
2007_17_TEN_IND,2007,17,0.286812,-5.602241,0.452763
2007_18_JAX_PIT,2007,18,0.423488,-2.296165,0.506023
2007_18_NYG_TB,2007,18,0.613463,3.324061,0.509576
2007_18_TEN_SD,2007,18,0.812057,10.525986,0.500768
2007_18_WAS_SEA,2007,18,0.592694,2.923596,0.497742
2007_19_JAX_NE,2007,19,0.872869,13.633063,0.503932
2007_19_NYG_DAL,2007,19,0.729839,7.125969,0.503723
2007_19_SD_IND,2007,19,0.821985,10.908209,0.512061
2007_19_SEA_GB,2007,19,0.763894,8.78991,0.493792
2007_20_NYG_GB,2007,20,0.745219,7.651456,0.504476
2007_20_SD_NE,2007,20,0.880716,14.249829,0.507382
2007_21_NYG_NE,2007,21,0.862097,12.832306,0.509819
2008_01_ARI_SF,2008,1,0.40419,-2.484582,0.500456
2008_01_CAR_SD,2008,1,0.786022,9.448507,0.498478
2008_01_CHI_IND,2008,1,0.801913,10.034821,0.501029
2008_01_CIN_BAL,2008,1,0.416692,-2.055317,0.498365
2008_01_DAL_CLE,2008,1,0.290924,-6.004813,0.499858
2008_01_DEN_OAK,2008,1,0.37695,-3.088084,0.497397
2008_01_DET_ATL,2008,1,0.384098,-3.048669,0.498562
2008_01_HOU_PIT,2008,1,0.718879,6.573069,0.502159
2008_01_JAX_TEN,2008,1,0.375566,-3.058072,0.498284
2008_01_KC_NE,2008,1,0.903224,16.018452,0.500545
2008_01_MIN_GB,2008,1,0.540807,2.211401,0.491472
2008_01_NYJ_MIA,2008,1,0.365347,-3.148479,0.495612
2008_01_SEA_BUF,2008,1,0.524982,0.955404,0.498682
2008_01_STL_PHI,2008,1,0.753218,8.042352,0.501252
2008_01_TB_NO,2008,1,0.585497,2.943707,0.498336
2008_01_WAS_NYG,2008,1,0.635723,4.454107,0.498644
2008_02_ATL_TB,2008,2,0.707996,6.893347,0.496848
2008_02_BUF_JAX,2008,2,0.635282,4.040463,0.501196
2008_02_CHI_CAR,2008,2,0.607097,3.055685,0.501646
2008_02_GB_DET,2008,2,0.405798,-2.853412,0.504332
2008_02_IND_MIN,2008,2,0.445944,-1.056232,0.498338
2008_02_MIA_ARI,2008,2,0.699859,6.400556,0.497061
2008_02_NE_NYJ,2008,2,0.593705,1.510709,0.515089
2008_02_NO_WAS,2008,2,0.531604,1.008761,0.500259
2008_02_NYG_STL,2008,2,0.236906,-7.98845,0.500341
2008_02_OAK_KC,2008,2,0.61992,3.520898,0.500618
2008_02_PHI_DAL,2008,2,0.704527,6.438878,0.498194
2008_02_PIT_CLE,2008,2,0.268252,-6.552678,0.498443
2008_02_SD_DEN,2008,2,0.517693,1.009846,0.500291
2008_02_SF_SEA,2008,2,0.715015,6.585306,0.502521
2008_02_TEN_CIN,2008,2,0.51643,0.941841,0.498281
2008_03_ARI_WAS,2008,3,0.609792,3.086089,0.502544
2008_03_CAR_MIN,2008,3,0.565917,2.831395,0.495018
2008_03_CIN_NYG,2008,3,0.859701,12.998186,0.499946
2008_03_CLE_BAL,2008,3,0.586471,2.525125,0.500742
2008_03_DAL_GB,2008,3,0.384434,-3.008715,0.499742
2008_03_DET_SF,2008,3,0.664454,5.021458,0.500634
2008_03_HOU_TEN,2008,3,0.678439,5.142425,0.504209
2008_03_JAX_IND,2008,3,0.637409,4.068916,0.502037
2008_03_KC_ATL,2008,3,0.714835,6.543217,0.501277
2008_03_MIA_NE,2008,3,0.836261,12.29117,0.493829
2008_03_NO_DEN,2008,3,0.689029,5.555842,0.50165
2008_03_NYJ_SD,2008,3,0.744392,7.872838,0.496242
2008_03_OAK_BUF,2008,3,0.802304,9.999404,0.499982
2008_03_PIT_PHI,2008,3,0.60186,3.465574,0.498983
2008_03_STL_SEA,2008,3,0.74804,8.009147,0.50027
2008_03_TB_CHI,2008,3,0.605414,3.035243,0.501041
2008_04_ARI_NYJ,2008,4,0.549801,1.567707,0.502001
2008_04_ATL_CAR,2008,4,0.71927,6.964425,0.498949
2008_04_BAL_PIT,2008,4,0.695012,6.024821,0.500733
2008_04_BUF_STL,2008,4,0.223833,-8.454427,0.501347
2008_04_CLE_CIN,2008,4,0.500776,0.838305,0.495222
2008_04_DEN_KC,2008,4,0.208907,-9.039872,0.498822
2008_04_GB_TB,2008,4,0.566475,2.052797,0.50156
2008_04_HOU_JAX,2008,4,0.732319,6.686529,0.505512
2008_04_MIN_TEN,2008,4,0.620481,3.150526,0.504448
2008_04_PHI_CHI,2008,4,0.391017,-3.007227,0.499786
2008_04_SD_OAK,2008,4,0.233375,-7.994882,0.500151
2008_04_SF_NO,2008,4,0.619061,3.965683,0.498986
2008_04_WAS_DAL,2008,4,0.789632,9.911916,0.497397
2008_05_ATL_GB,2008,5,0.651187,4.956057,0.498701
2008_05_BUF_ARI,2008,5,0.520324,0.997877,0.499937
2008_05_CHI_DET,2008,5,0.371481,-3.490769,0.500273
2008_05_CIN_DAL,2008,5,0.90425,15.989444,0.499688
2008_05_IND_HOU,2008,5,0.347459,-4.050217,0.498516
2008_05_KC_CAR,2008,5,0.802295,10.018703,0.500553
2008_05_MIN_NO,2008,5,0.604667,3.094228,0.502785
2008_05_NE_SF,2008,5,0.41322,-2.786057,0.506322
2008_05_PIT_JAX,2008,5,0.677316,5.499848,0.499996
2008_05_SD_MIA,2008,5,0.29025,-5.926759,0.502164
2008_05_SEA_NYG,2008,5,0.703576,6.454099,0.498644
2008_05_TB_DEN,2008,5,0.619487,3.540569,0.501199
2008_05_TEN_BAL,2008,5,0.444784,-1.069751,0.497939
2008_05_WAS_PHI,2008,5,0.694357,6.437131,0.498142
2008_06_BAL_IND,2008,6,0.634797,4.061403,0.501815
2008_06_CAR_TB,2008,6,0.523866,1.030182,0.500892
2008_06_CHI_ATL,2008,6,0.389628,-2.988385,0.500343
2008_06_CIN_NYJ,2008,6,0.805751,9.683222,0.505414
2008_06_DAL_ARI,2008,6,0.33531,-4.504946,0.499854
2008_06_DET_MIN,2008,6,0.86807,13.15476,0.504573
2008_06_GB_SEA,2008,6,0.506954,0.868938,0.496127
2008_06_JAX_DEN,2008,6,0.611372,3.518825,0.500556
2008_06_MIA_HOU,2008,6,0.58996,2.936239,0.498116
2008_06_NE_SD,2008,6,0.711904,6.101406,0.502997
2008_06_NYG_CLE,2008,6,0.211844,-9.002293,0.499932
2008_06_OAK_NO,2008,6,0.726259,7.085901,0.502538
2008_06_PHI_SF,2008,6,0.344208,-4.485966,0.500415
2008_06_STL_WAS,2008,6,0.84695,12.028716,0.500849
2008_07_BAL_MIA,2008,7,0.599133,3.056666,0.501675
2008_07_CLE_WAS,2008,7,0.726938,6.997231,0.499918
2008_07_DAL_STL,2008,7,0.250373,-8.594219,0.51199
2008_07_DEN_NE,2008,7,0.586806,2.903278,0.497142
2008_07_DET_HOU,2008,7,0.827633,11.094411,0.50279
2008_07_IND_GB,2008,7,0.454514,-0.993193,0.500201
2008_07_MIN_CHI,2008,7,0.593705,2.989037,0.499676
2008_07_NO_CAR,2008,7,0.599741,2.974182,0.499237
2008_07_NYJ_OAK,2008,7,0.379585,-3.056803,0.498321
2008_07_PIT_CIN,2008,7,0.199751,-9.080813,0.497612
2008_07_SD_BUF,2008,7,0.44725,-1.002085,0.499938
2008_07_SEA_TB,2008,7,0.82868,10.720366,0.506512
2008_07_SF_NYG,2008,7,0.795922,10.003416,0.500101
2008_07_TEN_KC,2008,7,0.208934,-9.010452,0.499691
2008_08_ARI_CAR,2008,8,0.666426,5.009293,0.500275
2008_08_ATL_PHI,2008,8,0.785424,9.514077,0.500416
2008_08_BUF_MIA,2008,8,0.522823,1.001544,0.500046
2008_08_CIN_HOU,2008,8,0.788475,9.10237,0.503025
2008_08_CLE_JAX,2008,8,0.728144,7.018727,0.500553
2008_08_IND_TEN,2008,8,0.640125,4.027025,0.500799
2008_08_KC_NYJ,2008,8,0.875667,14.037408,0.501105
2008_08_NYG_PIT,2008,8,0.599662,2.993207,0.499799
2008_08_OAK_BAL,2008,8,0.776686,8.993248,0.4998
2008_08_SD_NO,2008,8,0.374008,-2.984907,0.500446
2008_08_SEA_SF,2008,8,0.68145,5.124681,0.503684
2008_08_STL_NE,2008,8,0.774772,8.969519,0.499099
2008_08_TB_DAL,2008,8,0.454465,0.484084,0.484758
2008_08_WAS_DET,2008,8,0.262222,-6.987148,0.50038
2008_09_ARI_STL,2008,9,0.386986,-3.000924,0.499973
2008_09_ATL_OAK,2008,9,0.378846,-3.025971,0.499233
2008_09_BAL_CLE,2008,9,0.519515,0.989024,0.499676
2008_09_DAL_NYG,2008,9,0.810156,9.773652,0.508086
2008_09_DET_CHI,2008,9,0.844522,12.457015,0.49873
2008_09_GB_TEN,2008,9,0.616785,3.490039,0.499706
2008_09_HOU_MIN,2008,9,0.708584,6.480245,0.499416
2008_09_JAX_CIN,2008,9,0.249131,-7.088169,0.497395
2008_09_MIA_DEN,2008,9,0.629811,4.023593,0.500697
2008_09_NE_IND,2008,9,0.70224,6.479169,0.499384
2008_09_NYJ_BUF,2008,9,0.671614,5.007494,0.500221
2008_09_PHI_SEA,2008,9,0.26479,-6.983902,0.500476
2008_09_PIT_WAS,2008,9,0.531716,1.014234,0.500421
2008_09_TB_KC,2008,9,0.196297,-9.57777,0.497702
2008_10_BAL_HOU,2008,10,0.566364,2.428878,0.497898
2008_10_BUF_NE,2008,10,0.608203,3.507762,0.500229
2008_10_CAR_OAK,2008,10,0.189899,-9.973331,0.500788
2008_10_DEN_CLE,2008,10,0.568037,2.768299,0.493153
2008_10_GB_MIN,2008,10,0.581983,2.497963,0.49994
2008_10_IND_PIT,2008,10,0.613712,3.49971,0.499991
2008_10_JAX_DET,2008,10,0.307841,-5.500608,0.499982
2008_10_KC_SD,2008,10,0.882811,14.435396,0.498091
2008_10_NO_ATL,2008,10,0.527475,0.969722,0.499105
2008_10_NYG_PHI,2008,10,0.598702,3.017379,0.500514
2008_10_SEA_MIA,2008,10,0.780244,9.005769,0.50017
2008_10_SF_ARI,2008,10,0.768461,9.323326,0.494779
2008_10_STL_NYJ,2008,10,0.785055,9.488715,0.499667
2008_10_TEN_CHI,2008,10,0.416091,-1.264467,0.492185
2008_11_ARI_SEA,2008,11,0.384635,-2.965307,0.501025
2008_11_BAL_NYG,2008,11,0.716934,7.011552,0.500341
2008_11_CHI_GB,2008,11,0.605404,3.4516,0.49857
2008_11_CLE_BUF,2008,11,0.659217,4.533138,0.500979
2008_11_DAL_WAS,2008,11,0.42053,-1.273509,0.491918
2008_11_DEN_ATL,2008,11,0.714884,6.474263,0.499239
2008_11_DET_CAR,2008,11,0.872963,13.99544,0.499865
2008_11_HOU_IND,2008,11,0.790619,9.137434,0.504061
2008_11_MIN_TB,2008,11,0.65518,4.623257,0.503642
2008_11_NO_KC,2008,11,0.296863,-5.951957,0.50142
2008_11_NYJ_NE,2008,11,0.603241,3.025276,0.500747
2008_11_OAK_MIA,2008,11,0.798658,10.008018,0.500237
2008_11_PHI_CIN,2008,11,0.193993,-9.568066,0.497989
2008_11_SD_PIT,2008,11,0.638794,4.52051,0.500606
2008_11_STL_SF,2008,11,0.743059,7.169713,0.505015
2008_11_TEN_JAX,2008,11,0.46012,-0.972263,0.50082
2008_12_BUF_KC,2008,12,0.387905,-2.969178,0.500911
2008_12_CAR_ATL,2008,12,0.527992,0.992117,0.499767
2008_12_CHI_STL,2008,12,0.254132,-7.079898,0.497639
2008_12_CIN_PIT,2008,12,0.835251,11.530317,0.500896
2008_12_GB_NO,2008,12,0.529632,1.03389,0.501001
2008_12_HOU_CLE,2008,12,0.606406,3.079496,0.502349
2008_12_IND_SD,2008,12,0.598678,2.977132,0.499324
2008_12_MIN_JAX,2008,12,0.528839,1.033377,0.500986
2008_12_NE_MIA,2008,12,0.444401,-1.033275,0.499017
2008_12_NYG_ARI,2008,12,0.388518,-2.998242,0.500052
2008_12_NYJ_TEN,2008,12,0.683039,5.489847,0.4997
2008_12_OAK_DEN,2008,12,0.778202,9.036896,0.50109
2008_12_PHI_BAL,2008,12,0.528387,0.95802,0.498759
2008_12_SF_DAL,2008,12,0.789996,9.552221,0.501543
2008_12_TB_DET,2008,12,0.208102,-9.115677,0.496582
2008_12_WAS_SEA,2008,12,0.387471,-2.923117,0.502272
2008_13_ARI_PHI,2008,13,0.599192,3.028538,0.500843
2008_13_ATL_SD,2008,13,0.710125,6.489448,0.499688
2008_13_BAL_CIN,2008,13,0.25757,-7.013802,0.499592
2008_13_CAR_GB,2008,13,0.59969,3.018792,0.500555
2008_13_CHI_MIN,2008,13,0.66042,4.958407,0.498771
2008_13_DEN_NYJ,2008,13,0.72743,7.463251,0.498914
2008_13_IND_CLE,2008,13,0.349673,-4.010273,0.499696
2008_13_JAX_HOU,2008,13,0.58052,2.897863,0.496982
2008_13_KC_OAK,2008,13,0.590047,2.973159,0.499207
2008_13_MIA_STL,2008,13,0.269678,-7.000611,0.499982
2008_13_NO_TB,2008,13,0.60367,3.480164,0.499414
2008_13_NYG_WAS,2008,13,0.369966,-3.522991,0.499321
2008_13_PIT_NE,2008,13,0.529434,1.024055,0.500711
2008_13_SEA_DAL,2008,13,0.84513,11.731608,0.506844
2008_13_SF_BUF,2008,13,0.694628,6.334492,0.495109
2008_13_TEN_DET,2008,13,0.166827,-11.07209,0.49787
2008_14_ATL_NO,2008,14,0.600256,3.053111,0.501569
2008_14_CIN_IND,2008,14,0.871927,13.534968,0.501033
2008_14_CLE_TEN,2008,14,0.882327,14.114714,0.50339
2008_14_DAL_PIT,2008,14,0.594853,3.714647,0.491568
2008_14_HOU_GB,2008,14,0.717301,6.958134,0.498763
2008_14_JAX_CHI,2008,14,0.710603,6.503835,0.500113
2008_14_KC_DEN,2008,14,0.778099,9.028665,0.500847
2008_14_MIA_BUF,2008,14,0.506783,0.793046,0.493884
2008_14_MIN_DET,2008,14,0.17776,-10.565075,0.498077
2008_14_NE_SEA,2008,14,0.245171,-7.53698,0.498907
2008_14_NYJ_SF,2008,14,0.376508,-3.877713,0.503614
2008_14_OAK_SD,2008,14,0.791599,9.498229,0.499948
2008_14_PHI_NYG,2008,14,0.70642,6.461984,0.498877
2008_14_STL_ARI,2008,14,0.877781,14.036005,0.501064
2008_14_TB_CAR,2008,14,0.600212,2.971171,0.499148
2008_14_WAS_BAL,2008,14,0.695248,5.994224,0.499829
2008_15_BUF_NYJ,2008,15,0.788505,9.207702,0.506138
2008_15_CLE_PHI,2008,15,0.904376,15.666754,0.504928
2008_15_DEN_CAR,2008,15,0.720846,6.983194,0.499503
2008_15_DET_IND,2008,15,0.902662,16.383036,0.496544
2008_15_GB_JAX,2008,15,0.4062,-2.477069,0.500678
2008_15_MIN_ARI,2008,15,0.616771,3.905233,0.4972
2008_15_NE_OAK,2008,15,0.275743,-6.509451,0.499721
2008_15_NO_CHI,2008,15,0.595976,2.978974,0.499379
2008_15_NYG_DAL,2008,15,0.616869,3.159408,0.504711
2008_15_PIT_BAL,2008,15,0.596256,2.981343,0.499449
2008_15_SD_KC,2008,15,0.296603,-5.974942,0.50074
2008_15_SEA_STL,2008,15,0.446047,-1.063166,0.498133
2008_15_SF_MIA,2008,15,0.664091,5.417273,0.497555
2008_15_TB_ATL,2008,15,0.720853,5.763068,0.507774
2008_15_TEN_HOU,2008,15,0.405439,-2.891148,0.503217
2008_15_WAS_CIN,2008,15,0.273814,-6.5083,0.499755
2008_16_ARI_NE,2008,16,0.776269,9.006241,0.500184
2008_16_ATL_MIN,2008,16,0.620343,3.188669,0.505575
2008_16_BAL_DAL,2008,16,0.667266,5.100584,0.502972
2008_16_BUF_DEN,2008,16,0.691309,6.414075,0.497461
2008_16_CAR_NYG,2008,16,0.623439,3.980332,0.499419
2008_16_CIN_CLE,2008,16,0.504005,0.85839,0.495815
2008_16_GB_CHI,2008,16,0.634211,4.020496,0.500606
2008_16_HOU_OAK,2008,16,0.256776,-7.070225,0.497925
2008_16_IND_JAX,2008,16,0.301765,-5.534607,0.498977
2008_16_MIA_KC,2008,16,0.375878,-3.49427,0.500169
2008_16_NO_DET,2008,16,0.277286,-6.883164,0.503453
2008_16_NYJ_SEA,2008,16,0.377431,-3.465909,0.501007
2008_16_PHI_WAS,2008,16,0.335033,-4.561023,0.498197
2008_16_PIT_TEN,2008,16,0.397389,-2.512619,0.499627
2008_16_SD_TB,2008,16,0.641247,4.551249,0.501514
2008_16_SF_STL,2008,16,0.359229,-3.555902,0.498348
2008_17_CAR_NO,2008,17,0.462142,-0.967877,0.500949
2008_17_CHI_HOU,2008,17,0.604037,3.040189,0.501188
2008_17_CLE_PIT,2008,17,0.824103,11.00819,0.500242
2008_17_DAL_PHI,2008,17,0.578735,2.516224,0.500479
2008_17_DEN_SD,2008,17,0.724665,6.951717,0.498573
2008_17_DET_GB,2008,17,0.806223,10.87252,0.496233
2008_17_JAX_BAL,2008,17,0.814103,10.498605,0.499959
2008_17_KC_CIN,2008,17,0.534279,1.476366,0.499302
2008_17_MIA_NYJ,2008,17,0.576415,2.504321,0.500128
2008_17_NE_BUF,2008,17,0.319344,-5.408449,0.502705
2008_17_NYG_MIN,2008,17,0.74519,7.120819,0.50357
2008_17_OAK_TB,2008,17,0.821455,11.080164,0.502369
2008_17_SEA_ARI,2008,17,0.718208,6.961057,0.498849
2008_17_STL_ATL,2008,17,0.879859,14.031531,0.500932
2008_17_TEN_IND,2008,17,0.331929,-3.396917,0.488272
2008_17_WAS_SF,2008,17,0.535093,1.015594,0.500461
2008_18_ATL_ARI,2008,18,0.562796,2.021194,0.500626
2008_18_BAL_MIA,2008,18,0.364926,-3.499048,0.500028
2008_18_IND_SD,2008,18,0.432587,-1.605238,0.49689
2008_18_PHI_MIN,2008,18,0.408531,-2.932597,0.501992
2008_19_ARI_CAR,2008,19,0.798242,9.984808,0.499551
2008_19_BAL_TEN,2008,19,0.593922,3.045727,0.501351
2008_19_PHI_NYG,2008,19,0.624265,3.954525,0.498656
2008_19_SD_PIT,2008,19,0.700328,6.50242,0.500072
2008_20_BAL_PIT,2008,20,0.688961,6.007168,0.500212
2008_20_PHI_ARI,2008,20,0.369997,-3.526245,0.499224
2008_21_PIT_ARI,2008,21,0.280669,-6.482935,0.500504
2009_01_BUF_NE,2009,1,0.850379,13.294907,0.493939
2009_01_CHI_GB,2009,1,0.630261,4.753726,0.492723
2009_01_DAL_TB,2009,1,0.325567,-4.619907,0.496457
2009_01_DEN_CIN,2009,1,0.668814,4.663964,0.504845
2009_01_DET_NO,2009,1,0.874595,14.040727,0.501204
2009_01_JAX_IND,2009,1,0.723744,6.58633,0.502551
2009_01_KC_BAL,2009,1,0.869168,13.136764,0.504041
2009_01_MIA_ATL,2009,1,0.628299,4.01316,0.500389
2009_01_MIN_CLE,2009,1,0.33329,-4.05244,0.49845
2009_01_NYJ_HOU,2009,1,0.655586,4.765606,0.507849
2009_01_PHI_CAR,2009,1,0.454251,-1.118199,0.496507
2009_01_SD_OAK,2009,1,0.182468,-9.969422,0.500904
2009_01_SF_ARI,2009,1,0.656651,4.985788,0.49958
2009_01_STL_SEA,2009,1,0.721169,7.04144,0.501225
2009_01_TEN_PIT,2009,1,0.68133,6.387621,0.496679
2009_01_WAS_NYG,2009,1,0.679295,5.970109,0.499117
2009_02_ARI_JAX,2009,2,0.59933,2.955515,0.498685
2009_02_BAL_SD,2009,2,0.604366,3.071951,0.502126
2009_02_CAR_ATL,2009,2,0.665007,5.48653,0.499602
2009_02_CIN_GB,2009,2,0.725151,7.414522,0.497474
2009_02_CLE_DEN,2009,2,0.597368,2.90845,0.497295
2009_02_HOU_TEN,2009,2,0.709826,6.960499,0.498833
2009_02_IND_MIA,2009,2,0.388448,-3.230364,0.493193
2009_02_MIN_DET,2009,2,0.157101,-10.215068,0.493645
2009_02_NE_NYJ,2009,2,0.341554,-3.629017,0.496187
2009_02_NO_PHI,2009,2,0.332195,-2.987429,0.485599
2009_02_NYG_DAL,2009,2,0.599307,3.019244,0.500569
2009_02_OAK_KC,2009,2,0.569245,1.688322,0.505565
2009_02_PIT_CHI,2009,2,0.511666,-0.810375,0.505603
2009_02_SEA_SF,2009,2,0.48809,0.886478,0.496645
2009_02_STL_WAS,2009,2,0.802276,10.00793,0.500234
2009_02_TB_BUF,2009,2,0.67737,4.394932,0.496895
2009_03_ATL_NE,2009,3,0.671271,4.785442,0.508435
2009_03_CAR_DAL,2009,3,0.74799,8.89522,0.496904
2009_03_CHI_SEA,2009,3,0.455652,-0.991287,0.500257
2009_03_CLE_BAL,2009,3,0.852177,13.332326,0.495045
2009_03_DEN_OAK,2009,3,0.452567,-0.987186,0.500379
2009_03_GB_STL,2009,3,0.280864,-6.57584,0.497759
2009_03_IND_ARI,2009,3,0.568521,2.840974,0.495301
2009_03_JAX_HOU,2009,3,0.623379,4.096002,0.502837
2009_03_KC_PHI,2009,3,0.681701,7.117666,0.488703
2009_03_MIA_SD,2009,3,0.702476,5.604135,0.503077
2009_03_NO_BUF,2009,3,0.312607,-5.401778,0.502903
2009_03_NYG_TB,2009,3,0.34203,-5.803319,0.505812
2009_03_PIT_CIN,2009,3,0.425496,-3.334378,0.504894
2009_03_SF_MIN,2009,3,0.722904,7.030242,0.500894
2009_03_TEN_NYJ,2009,3,0.504695,0.874081,0.496279
2009_03_WAS_DET,2009,3,0.27579,-6.565841,0.498054
2009_04_BAL_NE,2009,4,0.570617,1.147384,0.504355
2009_04_BUF_MIA,2009,4,0.407272,0.483054,0.484727
2009_04_CIN_CLE,2009,4,0.294848,-5.910665,0.50264
2009_04_DAL_DEN,2009,4,0.460313,-0.891398,0.503209
2009_04_DET_CHI,2009,4,0.788619,9.541013,0.501212
2009_04_GB_MIN,2009,4,0.659659,4.548394,0.50143
2009_04_NYG_KC,2009,4,0.219728,-8.971617,0.500839
2009_04_NYJ_NO,2009,4,0.765408,7.673317,0.505122
2009_04_OAK_HOU,2009,4,0.776261,8.975881,0.499287
2009_04_SD_PIT,2009,4,0.621706,5.335273,0.495132
2009_04_SEA_IND,2009,4,0.788052,9.987866,0.499641
2009_04_STL_SF,2009,4,0.78489,9.4432,0.498321
2009_04_TB_WAS,2009,4,0.808292,9.522931,0.500678
2009_04_TEN_JAX,2009,4,0.431669,-2.90578,0.502784
2009_05_ATL_SF,2009,5,0.548116,1.063873,0.501888
2009_05_CIN_BAL,2009,5,0.746965,8.910441,0.497353
2009_05_CLE_BUF,2009,5,0.695057,5.889828,0.496744
2009_05_DAL_KC,2009,5,0.284341,-7.044519,0.498684
2009_05_HOU_ARI,2009,5,0.668559,5.517642,0.500521
2009_05_IND_TEN,2009,5,0.368175,-3.200754,0.494068
2009_05_JAX_SEA,2009,5,0.515248,1.139312,0.504117
2009_05_MIN_STL,2009,5,0.175247,-10.118856,0.496488
2009_05_NE_DEN,2009,5,0.370511,-3.103709,0.496935
2009_05_NYJ_MIA,2009,5,0.370338,-3.210144,0.49379
2009_05_OAK_NYG,2009,5,0.900347,15.449984,0.498522
2009_05_PIT_DET,2009,5,0.170982,-11.091658,0.497291
2009_05_TB_PHI,2009,5,0.905709,15.62504,0.503695
2009_05_WAS_CAR,2009,5,0.646033,4.949997,0.498522
2009_06_ARI_SEA,2009,6,0.617251,3.194193,0.505738
2009_06_BAL_MIN,2009,6,0.592458,3.021984,0.50065
2009_06_BUF_NYJ,2009,6,0.739681,9.501681,0.50005
2009_06_CAR_TB,2009,6,0.375588,-3.006298,0.499814
2009_06_CHI_ATL,2009,6,0.595323,3.956947,0.498728
2009_06_CLE_PIT,2009,6,0.864754,13.959171,0.498793
2009_06_DEN_SD,2009,6,0.605139,3.48173,0.49946
2009_06_DET_GB,2009,6,0.885427,14.034794,0.501028
2009_06_HOU_CIN,2009,6,0.625248,4.030187,0.500892
2009_06_KC_WAS,2009,6,0.714157,6.496192,0.499887
2009_06_NYG_NO,2009,6,0.608939,3.489031,0.499676
2009_06_PHI_OAK,2009,6,0.102585,-14.0687,0.49797
2009_06_STL_JAX,2009,6,0.797368,9.50109,0.500032
2009_06_TEN_NE,2009,6,0.814871,9.702689,0.50599
2009_07_ARI_NYG,2009,7,0.780922,9.011098,0.500328
2009_07_ATL_DAL,2009,7,0.677903,5.493542,0.499809
2009_07_BUF_CAR,2009,7,0.721203,6.983907,0.499524
2009_07_CHI_CIN,2009,7,0.409037,-1.067231,0.498013
2009_07_GB_CLE,2009,7,0.202744,-9.67355,0.494872
2009_07_IND_STL,2009,7,0.109637,-14.042321,0.498749
2009_07_MIN_PIT,2009,7,0.707773,6.06736,0.501991
2009_07_NE_TB,2009,7,0.096665,-15.620908,0.496427
2009_07_NO_MIA,2009,7,0.262238,-6.120958,0.496426
2009_07_NYJ_OAK,2009,7,0.278789,-5.991752,0.500244
2009_07_PHI_WAS,2009,7,0.207345,-9.106476,0.496854
2009_07_SD_KC,2009,7,0.3041,-5.461576,0.501135
2009_07_SF_HOU,2009,7,0.562168,2.909268,0.497319
2009_08_ATL_NO,2009,8,0.84556,11.062175,0.501837
2009_08_CAR_ARI,2009,8,0.782917,9.877873,0.496391
2009_08_CLE_CHI,2009,8,0.826486,11.476711,0.499312
2009_08_DEN_BAL,2009,8,0.64673,4.499679,0.499991
2009_08_HOU_BUF,2009,8,0.372563,-3.410599,0.502642
2009_08_JAX_TEN,2009,8,0.584652,2.859326,0.495843
2009_08_MIA_NYJ,2009,8,0.571472,3.509028,0.500267
2009_08_MIN_GB,2009,8,0.623311,3.621915,0.503603
2009_08_NYG_PHI,2009,8,0.445439,-0.884436,0.503415
2009_08_OAK_SD,2009,8,0.910921,16.044955,0.501328
2009_08_SEA_DAL,2009,8,0.794279,9.949942,0.498521
2009_08_SF_IND,2009,8,0.846916,12.912725,0.497421
2009_08_STL_DET,2009,8,0.58441,3.425543,0.4978
2009_09_ARI_CHI,2009,9,0.515907,0.968835,0.499079
2009_09_BAL_CIN,2009,9,0.366713,-3.042929,0.498731
2009_09_CAR_NO,2009,9,0.87163,12.550618,0.501496
2009_09_DAL_PHI,2009,9,0.634429,3.181187,0.505354
2009_09_DET_SEA,2009,9,0.825414,10.96309,0.498909
2009_09_GB_TB,2009,9,0.189101,-9.629723,0.496167
2009_09_HOU_IND,2009,9,0.718765,7.519578,0.500579
2009_09_KC_JAX,2009,9,0.729619,7.025017,0.500739
2009_09_MIA_NE,2009,9,0.782836,10.546625,0.501378
2009_09_PIT_DEN,2009,9,0.437798,-2.757452,0.507167
2009_09_SD_NYG,2009,9,0.656187,4.950444,0.498536
2009_09_TEN_SF,2009,9,0.638966,4.540266,0.50119
2009_09_WAS_ATL,2009,9,0.777025,9.006334,0.500187
2009_10_ATL_CAR,2009,10,0.485058,-0.910285,0.502651
2009_10_BAL_CLE,2009,10,0.180835,-10.384033,0.503427
2009_10_BUF_TEN,2009,10,0.750116,8.960572,0.498835
2009_10_CHI_SF,2009,10,0.597382,3.502781,0.500082
2009_10_CIN_PIT,2009,10,0.674724,6.42979,0.497925
2009_10_DAL_GB,2009,10,0.374238,-2.992903,0.50021
2009_10_DEN_WAS,2009,10,0.360639,-3.53771,0.498886
2009_10_DET_MIN,2009,10,0.894204,16.864953,0.496009
2009_10_JAX_NYJ,2009,10,0.720483,6.49686,0.499907
2009_10_KC_OAK,2009,10,0.517594,0.999583,0.499988
2009_10_NE_IND,2009,10,0.528358,0.912693,0.49742
2009_10_NO_STL,2009,10,0.124887,-13.955326,0.50132
2009_10_PHI_SD,2009,10,0.526193,0.89956,0.497032
2009_10_SEA_ARI,2009,10,0.781379,9.015799,0.500467
2009_10_TB_MIA,2009,10,0.833825,10.007155,0.500211
2009_11_ARI_STL,2009,11,0.211961,-9.391954,0.503193
2009_11_ATL_NYG,2009,11,0.723348,6.899672,0.497035
2009_11_BUF_JAX,2009,11,0.776985,8.994394,0.499834
2009_11_CIN_OAK,2009,11,0.213675,-8.884219,0.503421
2009_11_CLE_DET,2009,11,0.651199,3.643236,0.504233
2009_11_IND_BAL,2009,11,0.478316,-1.01139,0.499663
2009_11_MIA_CAR,2009,11,0.621051,3.612972,0.503338
2009_11_NO_TB,2009,11,0.209438,-10.420649,0.502345
2009_11_NYJ_NE,2009,11,0.802198,10.614247,0.503376
2009_11_PHI_CHI,2009,11,0.372878,-3.545497,0.498656
2009_11_PIT_KC,2009,11,0.206927,-10.371345,0.503802
2009_11_SD_DEN,2009,11,0.220494,-6.950635,0.486686
2009_11_SEA_MIN,2009,11,0.811493,10.506963,0.500206
2009_11_SF_GB,2009,11,0.698151,6.011132,0.500329
2009_11_TEN_HOU,2009,11,0.612866,3.765114,0.493059
2009_11_WAS_DAL,2009,11,0.832262,11.054002,0.501596
2009_12_ARI_TEN,2009,12,0.693613,4.176542,0.519984
2009_12_CAR_NYJ,2009,12,0.614017,3.500429,0.500013
2009_12_CHI_MIN,2009,12,0.797709,10.055189,0.501631
2009_12_CLE_CIN,2009,12,0.839215,11.876207,0.496342
2009_12_GB_DET,2009,12,0.225821,-10.691346,0.50912
2009_12_IND_HOU,2009,12,0.436676,-2.992945,0.500208
2009_12_JAX_SF,2009,12,0.590733,3.093455,0.502762
2009_12_KC_SD,2009,12,0.862936,12.975632,0.49928
2009_12_MIA_BUF,2009,12,0.353208,-3.637316,0.495942
2009_12_NE_NO,2009,12,0.475456,0.88518,0.496607
2009_12_NYG_DEN,2009,12,0.312356,-4.387441,0.503326
2009_12_OAK_DAL,2009,12,0.864839,13.467309,0.499034
2009_12_PIT_BAL,2009,12,0.815648,9.323893,0.509571
2009_12_SEA_STL,2009,12,0.349231,-3.495759,0.500125
2009_12_TB_ATL,2009,12,0.848237,12.096747,0.502859
2009_12_WAS_PHI,2009,12,0.818781,9.600498,0.50297
2009_13_BAL_GB,2009,13,0.609479,3.956631,0.498718
2009_13_DAL_NYG,2009,13,0.458433,-1.061433,0.498185
2009_13_DEN_KC,2009,13,0.270132,-6.146898,0.495659
2009_13_DET_CIN,2009,13,0.883509,13.534815,0.501029
2009_13_HOU_JAX,2009,13,0.423939,-1.041877,0.498762
2009_13_MIN_ARI,2009,13,0.36418,-3.410701,0.502639
2009_13_NE_MIA,2009,13,0.274757,-4.670558,0.49496
2009_13_NO_WAS,2009,13,0.233993,-9.12565,0.496287
2009_13_NYJ_BUF,2009,13,0.349811,-3.536237,0.498929
2009_13_OAK_PIT,2009,13,0.896813,14.533091,0.500978
2009_13_PHI_ATL,2009,13,0.319153,-4.22274,0.493418
2009_13_SD_CLE,2009,13,0.129435,-13.382763,0.503464
2009_13_SF_SEA,2009,13,0.462498,-1.046183,0.498635
2009_13_STL_CHI,2009,13,0.799305,9.566785,0.501974
2009_13_TB_CAR,2009,13,0.635397,3.550907,0.501504
2009_13_TEN_IND,2009,13,0.702972,6.05693,0.501682
2009_14_ARI_SF,2009,14,0.364333,-3.948523,0.501521
2009_14_BUF_KC,2009,14,0.392899,-2.985747,0.500421
2009_14_CAR_NE,2009,14,0.852628,12.602972,0.503043
2009_14_CIN_MIN,2009,14,0.661708,5.96297,0.498906
2009_14_DEN_IND,2009,14,0.698208,6.506859,0.500203
2009_14_DET_BAL,2009,14,0.838143,13.909218,0.497317
2009_14_GB_CHI,2009,14,0.290369,-4.11096,0.496721
2009_14_MIA_JAX,2009,14,0.556345,1.072806,0.502151
2009_14_NO_ATL,2009,14,0.167793,-10.089768,0.497347
2009_14_NYJ_TB,2009,14,0.360392,-3.492587,0.500219
2009_14_PHI_NYG,2009,14,0.453205,-1.022224,0.499343
2009_14_PIT_CLE,2009,14,0.230304,-9.813421,0.505513
2009_14_SD_DAL,2009,14,0.610258,3.551346,0.501517
2009_14_SEA_HOU,2009,14,0.706145,6.929132,0.497906
2009_14_STL_TEN,2009,14,0.854787,13.327231,0.494895
2009_14_WAS_OAK,2009,14,0.521202,-0.706837,0.508663
2009_15_ARI_DET,2009,15,0.111231,-14.190816,0.494361
2009_15_ATL_NYJ,2009,15,0.672787,5.395417,0.496909
2009_15_CHI_BAL,2009,15,0.813274,10.449691,0.498513
2009_15_CIN_SD,2009,15,0.709581,6.526563,0.500785
2009_15_CLE_KC,2009,15,0.516845,1.007439,0.50022
2009_15_DAL_NO,2009,15,0.772468,7.546714,0.50138
2009_15_GB_PIT,2009,15,0.538943,2.478757,0.499372
2009_15_HOU_STL,2009,15,0.104651,-14.078524,0.49768
2009_15_IND_JAX,2009,15,0.512752,-3.23924,0.507705
2009_15_MIA_TEN,2009,15,0.686991,4.599123,0.502929
2009_15_MIN_CAR,2009,15,0.204363,-9.160185,0.495266
2009_15_NE_BUF,2009,15,0.236702,-6.607923,0.496811
2009_15_NYG_WAS,2009,15,0.468962,-1.041459,0.498775
2009_15_OAK_DEN,2009,15,0.876144,13.662361,0.504798
2009_15_SF_PHI,2009,15,0.730013,7.032671,0.500965
2009_15_TB_SEA,2009,15,0.713949,6.617863,0.503483
2009_16_BAL_PIT,2009,16,0.580674,3.050386,0.501489
2009_16_BUF_ATL,2009,16,0.786456,9.180811,0.505343
2009_16_CAR_NYG,2009,16,0.773121,8.889772,0.496743
2009_16_DAL_WAS,2009,16,0.241101,-7.079913,0.497638
2009_16_DEN_PHI,2009,16,0.701062,6.841684,0.495322
2009_16_DET_SF,2009,16,0.867753,14.049402,0.50146
2009_16_HOU_MIA,2009,16,0.536599,1.012058,0.500356
2009_16_JAX_NE,2009,16,0.815022,9.690804,0.505638
2009_16_KC_CIN,2009,16,0.859489,12.980046,0.49941
2009_16_MIN_CHI,2009,16,0.19289,-9.06496,0.49808
2009_16_NYJ_IND,2009,16,0.57545,3.120747,0.503568
2009_16_OAK_CLE,2009,16,0.580982,2.897153,0.496961
2009_16_SD_TEN,2009,16,0.52436,0.92287,0.497721
2009_16_SEA_GB,2009,16,0.865044,13.412325,0.497409
2009_16_STL_ARI,2009,16,0.908925,16.167108,0.504938
2009_16_TB_NO,2009,16,0.877908,14.077576,0.502292
2009_17_ATL_TB,2009,17,0.351786,-3.170409,0.494964
2009_17_BAL_OAK,2009,17,0.175914,-10.179321,0.494701
2009_17_CHI_DET,2009,17,0.377692,-3.904855,0.502812
2009_17_CIN_NYJ,2009,17,0.750029,9.3979,0.496983
2009_17_GB_ARI,2009,17,0.555906,2.941821,0.498281
2009_17_IND_BUF,2009,17,0.853429,9.107521,0.503177
2009_17_JAX_CLE,2009,17,0.552303,0.966329,0.499005
2009_17_KC_DEN,2009,17,0.797759,9.754761,0.507528
2009_17_NE_HOU,2009,17,0.743421,8.888872,0.496716
2009_17_NO_CAR,2009,17,0.858704,10.899206,0.526553
2009_17_NYG_MIN,2009,17,0.791918,8.915044,0.497489
2009_17_PHI_DAL,2009,17,0.59917,3.048215,0.501425
2009_17_PIT_MIA,2009,17,0.353931,-3.123696,0.496345
2009_17_SF_STL,2009,17,0.262536,-7.030879,0.499087
2009_17_TEN_SEA,2009,17,0.284108,-5.930333,0.502059
2009_17_WAS_SD,2009,17,0.495618,2.282434,0.478805
2009_18_BAL_NE,2009,18,0.610142,3.484591,0.499545
2009_18_GB_ARI,2009,18,0.373543,-2.428343,0.502118
2009_18_NYJ_CIN,2009,18,0.574542,2.492428,0.499776
2009_18_PHI_DAL,2009,18,0.617114,3.528594,0.500845
2009_19_ARI_NO,2009,19,0.733282,7.087218,0.502577
2009_19_BAL_IND,2009,19,0.714771,6.517716,0.500524
2009_19_DAL_MIN,2009,19,0.575111,2.473613,0.49922
2009_19_NYJ_SD,2009,19,0.783656,9.065809,0.501945
2009_20_MIN_NO,2009,20,0.631689,4.127082,0.503755
2009_20_NYJ_IND,2009,20,0.741403,7.976399,0.499303
2009_21_NO_IND,2009,21,0.588295,4.289755,0.493787
2010_01_ARI_STL,2010,1,0.435228,-2.580799,0.512386
2010_01_ATL_PIT,2010,1,0.419911,-1.28686,0.491524
2010_01_BAL_NYJ,2010,1,0.524071,0.9617,0.498868
2010_01_CAR_NYG,2010,1,0.660771,5.406034,0.497223
2010_01_CIN_NE,2010,1,0.661442,5.083984,0.502482
2010_01_CLE_TB,2010,1,0.573053,2.477588,0.499338
2010_01_DAL_WAS,2010,1,0.343635,-3.671684,0.494927
2010_01_DEN_JAX,2010,1,0.595267,3.000404,0.500012
2010_01_DET_CHI,2010,1,0.698235,6.474283,0.49924
2010_01_GB_PHI,2010,1,0.358117,-3.183621,0.494574
2010_01_IND_HOU,2010,1,0.429007,-1.238237,0.49296
2010_01_MIA_BUF,2010,1,0.384783,-2.982566,0.500515
2010_01_MIN_NO,2010,1,0.656393,4.579075,0.502337
2010_01_OAK_TEN,2010,1,0.698174,6.392758,0.496831
2010_01_SD_KC,2010,1,0.33426,-4.087641,0.49741
2010_01_SF_SEA,2010,1,0.386666,-3.088251,0.497392
2010_02_ARI_ATL,2010,2,0.753637,7.168411,0.504977
2010_02_BAL_CIN,2010,2,0.392594,-2.58887,0.497374
2010_02_BUF_GB,2010,2,0.858652,12.609078,0.503223
2010_02_CHI_DAL,2010,2,0.725296,7.150889,0.504459
2010_02_HOU_WAS,2010,2,0.406551,-2.443728,0.501663
2010_02_JAX_SD,2010,2,0.737243,7.105976,0.503132
2010_02_KC_CLE,2010,2,0.577686,2.998718,0.499962
2010_02_MIA_MIN,2010,2,0.66207,5.576456,0.502259
2010_02_NE_NYJ,2010,2,0.395521,-3.059339,0.498246
2010_02_NO_SF,2010,2,0.340244,-4.445216,0.501619
2010_02_NYG_IND,2010,2,0.661197,4.142573,0.504213
2010_02_PHI_DET,2010,2,0.252634,-6.529161,0.499138
2010_02_PIT_TEN,2010,2,0.683763,6.127251,0.50376
2010_02_SEA_DEN,2010,2,0.620488,3.54452,0.501316
2010_02_STL_OAK,2010,2,0.63586,3.223157,0.506594
2010_02_TB_CAR,2010,2,0.668924,4.180391,0.505331
2010_03_ATL_NO,2010,3,0.604255,3.194528,0.505748
2010_03_BUF_NE,2010,3,0.879568,14.182699,0.505399
2010_03_CIN_CAR,2010,3,0.405586,-2.934034,0.501949
2010_03_CLE_BAL,2010,3,0.822056,11.844342,0.4954
2010_03_DAL_HOU,2010,3,0.533343,1.457283,0.498738
2010_03_DET_MIN,2010,3,0.843422,12.810515,0.494401
2010_03_GB_CHI,2010,3,0.397706,-2.916077,0.50248
2010_03_IND_DEN,2010,3,0.28937,-5.641477,0.495819
2010_03_NYJ_MIA,2010,3,0.542398,0.784634,0.493636
2010_03_OAK_ARI,2010,3,0.627335,5.218162,0.491672
2010_03_PHI_JAX,2010,3,0.429817,-2.164689,0.495133
2010_03_PIT_TB,2010,3,0.439222,-1.772684,0.506717
2010_03_SD_SEA,2010,3,0.341098,-3.681886,0.494625
2010_03_SF_KC,2010,3,0.421755,-2.585972,0.497459
2010_03_TEN_NYG,2010,3,0.627294,3.083264,0.502461
2010_03_WAS_STL,2010,3,0.354872,-4.429924,0.502071
2010_04_ARI_SD,2010,4,0.83056,10.069011,0.502039
2010_04_BAL_PIT,2010,4,0.547468,1.922318,0.497704
2010_04_CAR_NO,2010,4,0.847704,12.621427,0.503588
2010_04_CHI_NYG,2010,4,0.631966,3.610941,0.503278
2010_04_CIN_CLE,2010,4,0.476133,-1.427493,0.502143
2010_04_DEN_TEN,2010,4,0.675423,6.042665,0.501261
2010_04_DET_GB,2010,4,0.875002,14.460145,0.498822
2010_04_HOU_OAK,2010,4,0.375895,-3.624783,0.496313
2010_04_IND_JAX,2010,4,0.238573,-7.368915,0.489099
2010_04_NE_MIA,2010,4,0.555054,0.890707,0.49677
2010_04_NYJ_BUF,2010,4,0.353647,-5.673733,0.494866
2010_04_SEA_STL,2010,4,0.440084,-1.42849,0.502113
2010_04_SF_ATL,2010,4,0.730962,6.953568,0.498628
2010_04_WAS_PHI,2010,4,0.678539,5.108214,0.503198
2010_05_ATL_CLE,2010,5,0.409715,-2.784894,0.506356
2010_05_CHI_CAR,2010,5,0.617852,3.034232,0.515783
2010_05_DEN_BAL,2010,5,0.738686,7.953821,0.498635
2010_05_GB_WAS,2010,5,0.381877,-2.579863,0.49764
2010_05_JAX_BUF,2010,5,0.59182,2.509842,0.500291
2010_05_KC_IND,2010,5,0.741942,7.690386,0.505626
2010_05_MIN_NYJ,2010,5,0.628095,3.95173,0.498574
2010_05_NO_ARI,2010,5,0.24801,-6.764909,0.492172
2010_05_NYG_HOU,2010,5,0.574018,2.799432,0.494073
2010_05_PHI_SF,2010,5,0.616718,3.013221,0.500391
2010_05_SD_OAK,2010,5,0.247662,-7.116121,0.496569
2010_05_STL_DET,2010,5,0.60152,2.992081,0.499766
2010_05_TB_CIN,2010,5,0.717105,6.521966,0.500649
2010_05_TEN_DAL,2010,5,0.702508,6.3142,0.49451
2010_06_ATL_PHI,2010,6,0.542957,0.852487,0.495641
2010_06_BAL_NE,2010,6,0.593684,3.022149,0.500655
2010_06_CLE_PIT,2010,6,0.875404,14.202307,0.505978
2010_06_DAL_MIN,2010,6,0.526549,0.999958,0.499999
2010_06_DET_NYG,2010,6,0.793021,10.059024,0.501744
2010_06_IND_WAS,2010,6,0.384926,-3.130421,0.496146
2010_06_KC_HOU,2010,6,0.662948,4.517541,0.500518
2010_06_MIA_GB,2010,6,0.622313,3.681831,0.52014
2010_06_NO_TB,2010,6,0.322613,-5.684083,0.49456
2010_06_NYJ_DEN,2010,6,0.392772,-3.400887,0.502929
2010_06_OAK_SF,2010,6,0.766166,8.967757,0.499047
2010_06_SD_STL,2010,6,0.191947,-9.536482,0.498922
2010_06_SEA_CHI,2010,6,0.712085,6.164834,0.504871
2010_06_TEN_JAX,2010,6,0.381562,-3.234585,0.493068
2010_07_ARI_SEA,2010,7,0.738124,6.596757,0.502859
2010_07_BUF_BAL,2010,7,0.838645,11.9705,0.499128
2010_07_CIN_ATL,2010,7,0.633005,3.535808,0.501058
2010_07_CLE_NO,2010,7,0.851154,12.32636,0.509643
2010_07_JAX_KC,2010,7,0.792403,9.247656,0.507318
2010_07_MIN_GB,2010,7,0.560577,2.604652,0.503093
2010_07_NE_SD,2010,7,0.608734,2.561886,0.501829
2010_07_NYG_DAL,2010,7,0.62428,3.443944,0.498343
2010_07_OAK_DEN,2010,7,0.736979,7.188039,0.505557
2010_07_PHI_TEN,2010,7,0.573883,2.843134,0.495365
2010_07_PIT_MIA,2010,7,0.34626,-3.20247,0.494017
2010_07_SF_CAR,2010,7,0.475613,-0.98143,0.500549
2010_07_STL_TB,2010,7,0.632332,3.273017,0.508067
2010_07_WAS_CHI,2010,7,0.617888,3.128968,0.503811
2010_08_BUF_KC,2010,8,0.711114,6.939524,0.498213
2010_08_CAR_STL,2010,8,0.555379,2.279727,0.493491
2010_08_DEN_SF,2010,8,0.517336,1.875496,0.496321
2010_08_GB_NYJ,2010,8,0.6852,6.491713,0.499755
2010_08_HOU_IND,2010,8,0.680931,6.025244,0.515518
2010_08_JAX_DAL,2010,8,0.680619,6.308042,0.494328
2010_08_MIA_CIN,2010,8,0.452134,-0.993688,0.500187
2010_08_MIN_NE,2010,8,0.660301,5.016708,0.500494
2010_08_PIT_NO,2010,8,0.472935,1.043661,0.50129
2010_08_SEA_OAK,2010,8,0.519896,1.453319,0.498621
2010_08_TB_ARI,2010,8,0.551797,2.731185,0.492057
2010_08_TEN_SD,2010,8,0.683173,5.989554,0.499691
2010_08_WAS_DET,2010,8,0.555132,2.200851,0.49116
2010_09_ARI_MIN,2010,9,0.697788,6.86696,0.496069
2010_09_CHI_BUF,2010,9,0.41609,-2.996346,0.500108
2010_09_DAL_GB,2010,9,0.750903,7.421351,0.512449
2010_09_IND_PHI,2010,9,0.597754,3.268047,0.493146
2010_09_KC_OAK,2010,9,0.500033,-0.853603,0.504326
2010_09_MIA_BAL,2010,9,0.665288,4.954551,0.498657
2010_09_NE_CLE,2010,9,0.344381,-4.097664,0.497114
2010_09_NO_CAR,2010,9,0.319384,-5.444474,0.501641
2010_09_NYG_SEA,2010,9,0.26164,-7.227748,0.49327
2010_09_NYJ_DET,2010,9,0.302456,-5.753042,0.492523
2010_09_PIT_CIN,2010,9,0.288513,-5.133243,0.496063
2010_09_SD_HOU,2010,9,0.399844,-3.010647,0.499685
2010_09_TB_ATL,2010,9,0.763679,9.708087,0.491374
2010_10_BAL_ATL,2010,10,0.521774,1.091063,0.502691
2010_10_CAR_TB,2010,10,0.742999,6.874913,0.496304
2010_10_CIN_IND,2010,10,0.699253,6.7689,0.507946
2010_10_DAL_NYG,2010,10,0.869699,12.300446,0.52364
2010_10_DET_BUF,2010,10,0.546037,1.426928,0.497841
2010_10_HOU_JAX,2010,10,0.521081,0.862855,0.495947
2010_10_KC_DEN,2010,10,0.469607,-0.93699,0.501862
2010_10_MIN_CHI,2010,10,0.525541,1.013593,0.500402
2010_10_NE_PIT,2010,10,0.701055,4.535056,0.501036
2010_10_NYJ_CLE,2010,10,0.361067,-3.446669,0.501576
2010_10_PHI_WAS,2010,10,0.338649,-3.761452,0.492274
2010_10_SEA_ARI,2010,10,0.61177,3.586329,0.502551
2010_10_STL_SF,2010,10,0.650353,4.595946,0.502835
2010_10_TEN_MIA,2010,10,0.518218,0.773688,0.493313
2010_11_ARI_KC,2010,11,0.716012,6.975678,0.499281
2010_11_ATL_STL,2010,11,0.36852,-3.528392,0.499161
2010_11_BAL_CAR,2010,11,0.139287,-12.88376,0.503435
2010_11_BUF_CIN,2010,11,0.652533,3.975997,0.499291
2010_11_CHI_MIA,2010,11,0.564293,2.490296,0.499713
2010_11_CLE_JAX,2010,11,0.567119,2.584384,0.502494
2010_11_DEN_SD,2010,11,0.770932,8.916999,0.497547
2010_11_DET_DAL,2010,11,0.645802,4.866633,0.496059
2010_11_GB_MIN,2010,11,0.380731,-3.111564,0.496703
2010_11_HOU_NYJ,2010,11,0.695538,6.742269,0.507159
2010_11_IND_NE,2010,11,0.605057,4.000845,0.500025
2010_11_NYG_PHI,2010,11,0.613686,3.236039,0.4922
2010_11_OAK_PIT,2010,11,0.7249,6.904751,0.497185
2010_11_SEA_NO,2010,11,0.810502,11.07664,0.502265
2010_11_TB_SF,2010,11,0.617749,3.822745,0.509537
2010_11_WAS_TEN,2010,11,0.709191,7.19354,0.505719
2010_12_CAR_CLE,2010,12,0.740045,8.646641,0.489559
2010_12_CIN_NYJ,2010,12,0.772127,10.000275,0.500008
2010_12_GB_ATL,2010,12,0.580203,2.442221,0.498293
2010_12_JAX_NYG,2010,12,0.748935,8.447963,0.513235
2010_12_KC_SEA,2010,12,0.487122,-0.934984,0.501921
2010_12_MIA_OAK,2010,12,0.564371,2.54483,0.486552
2010_12_MIN_WAS,2010,12,0.480287,-0.946812,0.501572
2010_12_NE_DET,2010,12,0.279274,-6.183194,0.494587
2010_12_NO_DAL,2010,12,0.331476,-4.576118,0.497751
2010_12_PHI_CHI,2010,12,0.368766,-3.40474,0.488041
2010_12_PIT_BUF,2010,12,0.294089,-6.414118,0.502538
2010_12_SD_IND,2010,12,0.581401,2.008941,0.500264
2010_12_SF_ARI,2010,12,0.459282,-0.90334,0.502856
2010_12_STL_DEN,2010,12,0.60124,3.112214,0.503316
2010_12_TB_BAL,2010,12,0.73497,7.616567,0.503445
2010_12_TEN_HOU,2010,12,0.693556,4.981882,0.499465
2010_13_ATL_TB,2010,13,0.39353,-2.9731,0.500795
2010_13_BUF_MIN,2010,13,0.647452,5.222292,0.506569
2010_13_CAR_SEA,2010,13,0.639682,4.464828,0.498961
2010_13_CHI_DET,2010,13,0.291722,-5.067039,0.498019
2010_13_CLE_MIA,2010,13,0.742808,6.376753,0.511132
2010_13_DAL_IND,2010,13,0.700251,5.901472,0.511862
2010_13_DEN_KC,2010,13,0.761679,8.925044,0.497785
2010_13_HOU_PHI,2010,13,0.767967,8.645161,0.50429
2010_13_JAX_TEN,2010,13,0.581751,2.873365,0.496258
2010_13_NO_CIN,2010,13,0.273851,-6.493767,0.500184
2010_13_NYJ_NE,2010,13,0.635813,4.235081,0.506947
2010_13_OAK_SD,2010,13,0.85575,12.654092,0.504554
2010_13_PIT_BAL,2010,13,0.605557,3.10573,0.503124
2010_13_SF_GB,2010,13,0.756553,8.852843,0.495651
2010_13_STL_ARI,2010,13,0.396148,-2.928484,0.502113
2010_13_WAS_NYG,2010,13,0.712794,7.470632,0.513905
2010_14_ATL_CAR,2010,14,0.287104,-6.915628,0.502493
2010_14_BAL_HOU,2010,14,0.375519,-3.107734,0.496816
2010_14_CIN_PIT,2010,14,0.778549,9.058637,0.501733
2010_14_CLE_BUF,2010,14,0.572928,1.36283,0.510721
2010_14_DEN_ARI,2010,14,0.337297,-4.108599,0.496791
2010_14_GB_DET,2010,14,0.264852,-7.139627,0.495874
2010_14_IND_TEN,2010,14,0.399627,-3.153698,0.495458
2010_14_KC_SD,2010,14,0.842464,10.528127,0.515603
2010_14_MIA_NYJ,2010,14,0.639672,4.764849,0.493051
2010_14_NE_CHI,2010,14,0.399135,-3.1952,0.494232
2010_14_NYG_MIN,2010,14,0.32646,-4.8207,0.490524
2010_14_OAK_JAX,2010,14,0.615699,3.481897,0.499465
2010_14_PHI_DAL,2010,14,0.329449,-4.292208,0.491366
2010_14_SEA_SF,2010,14,0.633369,4.267546,0.493131
2010_14_STL_NO,2010,14,0.781068,9.541541,0.501228
2010_14_TB_WAS,2010,14,0.447695,-1.030099,0.499111
2010_15_ARI_CAR,2010,15,0.579596,2.499183,0.499976
2010_15_ATL_SEA,2010,15,0.308065,-5.421387,0.502323
2010_15_BUF_MIA,2010,15,0.674036,5.408871,0.497307
2010_15_CHI_MIN,2010,15,0.316114,-5.331109,0.504991
2010_15_CLE_CIN,2010,15,0.527413,0.899256,0.497023
2010_15_DEN_OAK,2010,15,0.790822,9.286067,0.508453
2010_15_DET_TB,2010,15,0.594546,3.512051,0.500356
2010_15_GB_NE,2010,15,0.904631,14.555331,0.516406
2010_15_HOU_TEN,2010,15,0.560083,2.203531,0.506014
2010_15_JAX_IND,2010,15,0.620845,4.189811,0.505609
2010_15_KC_STL,2010,15,0.585089,2.861979,0.495921
2010_15_NO_BAL,2010,15,0.544642,1.138708,0.504099
2010_15_NYJ_PIT,2010,15,0.581861,3.552241,0.501544
2010_15_PHI_NYG,2010,15,0.583926,3.133625,0.503949
2010_15_SF_SD,2010,15,0.779921,9.924383,0.497765
2010_15_WAS_DAL,2010,15,0.805982,10.009242,0.515045
2010_16_BAL_CLE,2010,16,0.379895,-3.405107,0.502804
2010_16_CAR_PIT,2010,16,0.865506,14.008268,0.500244
2010_16_DAL_ARI,2010,16,0.256243,-7.091837,0.497286
2010_16_DET_MIA,2010,16,0.609916,3.617333,0.503467
2010_16_HOU_DEN,2010,16,0.407255,-2.334572,0.490114
2010_16_IND_OAK,2010,16,0.454337,-1.083499,0.497533
2010_16_MIN_PHI,2010,16,0.888572,14.142151,0.504201
2010_16_NE_BUF,2010,16,0.250982,-7.25588,0.492439
2010_16_NO_ATL,2010,16,0.561444,1.977634,0.499339
2010_16_NYG_GB,2010,16,0.596253,3.155451,0.504594
2010_16_NYJ_CHI,2010,16,0.524997,1.359846,0.495858
2010_16_SD_CIN,2010,16,0.200995,-9.01901,0.499438
2010_16_SEA_TB,2010,16,0.669787,5.032701,0.500966
2010_16_SF_STL,2010,16,0.54452,1.899992,0.497045
2010_16_TEN_KC,2010,16,0.630858,4.036462,0.501077
2010_16_WAS_JAX,2010,16,0.719374,7.151009,0.504462
2010_17_ARI_SF,2010,17,0.704102,6.012414,0.500367
2010_17_BUF_NYJ,2010,17,0.539566,1.066385,0.501962
2010_17_CAR_ATL,2010,17,0.880278,13.928194,0.497878
2010_17_CHI_GB,2010,17,0.831742,11.302825,0.508948
2010_17_CIN_BAL,2010,17,0.779682,9.144257,0.489489
2010_17_DAL_PHI,2010,17,0.449069,-1.176012,0.509573
2010_17_JAX_HOU,2010,17,0.699561,5.167985,0.519732
2010_17_MIA_NE,2010,17,0.604865,4.137442,0.504062
2010_17_MIN_DET,2010,17,0.6293,3.473717,0.499223
2010_17_NYG_WAS,2010,17,0.307481,-4.971323,0.486075
2010_17_OAK_KC,2010,17,0.632659,4.50588,0.500174
2010_17_PIT_CLE,2010,17,0.302872,-6.359025,0.504166
2010_17_SD_DEN,2010,17,0.326491,-5.094551,0.497206
2010_17_STL_SEA,2010,17,0.360573,-3.115506,0.496587
2010_17_TB_NO,2010,17,0.713682,6.931521,0.497976
2010_17_TEN_IND,2010,17,0.782892,9.016757,0.500495
2010_18_BAL_KC,2010,18,0.395603,-2.926061,0.502185
2010_18_GB_PHI,2010,18,0.527675,0.860653,0.495882
2010_18_NO_SEA,2010,18,0.188171,-9.515493,0.499542
2010_18_NYJ_IND,2010,18,0.547433,1.151705,0.504483
2010_19_BAL_PIT,2010,19,0.613736,3.450171,0.498527
2010_19_GB_ATL,2010,19,0.508925,0.824634,0.494818
2010_19_NYJ_NE,2010,19,0.76996,9.438832,0.498192
2010_19_SEA_CHI,2010,19,0.800087,9.914029,0.497459
2010_20_GB_CHI,2010,20,0.359561,-3.658155,0.495326
2010_20_NYJ_PIT,2010,20,0.620211,3.877178,0.49637
2010_21_PIT_GB,2010,21,0.597873,3.182645,0.505397
2011_01_ATL_CHI,2011,1,0.473852,-0.748714,0.507425
2011_01_BUF_KC,2011,1,0.609763,3.543961,0.501299
2011_01_CAR_ARI,2011,1,0.711926,6.555049,0.501627
2011_01_CIN_CLE,2011,1,0.727131,6.70896,0.506175
2011_01_DAL_NYJ,2011,1,0.720217,6.426935,0.497841
2011_01_DET_TB,2011,1,0.534059,0.993507,0.499808
2011_01_IND_HOU,2011,1,0.776644,9.267689,0.50791
2011_01_MIN_SD,2011,1,0.767384,8.941906,0.498283
2011_01_NE_MIA,2011,1,0.273406,-7.021733,0.499358
2011_01_NO_GB,2011,1,0.64152,4.554856,0.501621
2011_01_NYG_WAS,2011,1,0.455365,-1.253637,0.492505
2011_01_OAK_DEN,2011,1,0.596059,2.880954,0.496482
2011_01_PHI_STL,2011,1,0.365377,-3.61369,0.49664
2011_01_PIT_BAL,2011,1,0.524414,0.966558,0.499012
2011_01_SEA_SF,2011,1,0.71626,5.975228,0.499268
2011_01_TEN_JAX,2011,1,0.439854,-1.218345,0.493548
2011_02_ARI_WAS,2011,2,0.645788,4.455859,0.498696
2011_02_BAL_TEN,2011,2,0.305398,-5.397751,0.503022
2011_02_CHI_NO,2011,2,0.643543,4.624684,0.503685
2011_02_CIN_DEN,2011,2,0.58567,3.633854,0.503955
2011_02_CLE_IND,2011,2,0.401957,-1.418279,0.487641
2011_02_DAL_SF,2011,2,0.417674,-3.100944,0.497017
2011_02_GB_CAR,2011,2,0.20446,-10.529266,0.499135
2011_02_HOU_MIA,2011,2,0.386153,-3.107261,0.49683
2011_02_JAX_NYJ,2011,2,0.80572,9.117659,0.503477
2011_02_KC_DET,2011,2,0.776898,9.10367,0.503064
2011_02_OAK_BUF,2011,2,0.626814,3.574785,0.50221
2011_02_PHI_ATL,2011,2,0.378183,-2.803649,0.491028
2011_02_SD_NE,2011,2,0.700807,6.569905,0.502066
2011_02_SEA_PIT,2011,2,0.881922,13.555826,0.50165
2011_02_STL_NYG,2011,2,0.733476,7.31883,0.509421
2011_02_TB_MIN,2011,2,0.516227,0.953738,0.498633
2011_03_ARI_SEA,2011,3,0.345203,-3.28885,0.491465
2011_03_ATL_TB,2011,3,0.516028,0.790629,0.493813
2011_03_BAL_STL,2011,3,0.317131,-5.50298,0.499912
2011_03_DEN_TEN,2011,3,0.759735,7.141964,0.504195
2011_03_DET_MIN,2011,3,0.377733,-3.102625,0.496967
2011_03_GB_CHI,2011,3,0.367951,-4.216152,0.493613
2011_03_HOU_NO,2011,3,0.586288,3.480684,0.499429
2011_03_JAX_CAR,2011,3,0.627594,3.417692,0.497568
2011_03_KC_SD,2011,3,0.852311,13.757152,0.492824
2011_03_MIA_CLE,2011,3,0.456712,-0.985932,0.500416
2011_03_NE_BUF,2011,3,0.284238,-7.151749,0.495516
2011_03_NYG_PHI,2011,3,0.783721,9.04377,0.501293
2011_03_NYJ_OAK,2011,3,0.465187,-1.014909,0.499559
2011_03_PIT_IND,2011,3,0.144761,-10.813246,0.490744
2011_03_SF_CIN,2011,3,0.522552,0.851076,0.495599
2011_03_WAS_DAL,2011,3,0.606988,3.765567,0.507847
2011_04_ATL_SEA,2011,4,0.284231,-5.841276,0.50469
2011_04_BUF_CIN,2011,4,0.370525,-3.087597,0.497411
2011_04_CAR_CHI,2011,4,0.694753,6.78328,0.493596
2011_04_DEN_GB,2011,4,0.80964,12.062792,0.501856
2011_04_DET_DAL,2011,4,0.527593,2.771227,0.508015
2011_04_IND_TB,2011,4,0.826212,10.425834,0.512582
2011_04_MIA_SD,2011,4,0.694339,6.499649,0.49999
2011_04_MIN_KC,2011,4,0.377643,-2.95303,0.501388
2011_04_NE_OAK,2011,4,0.268476,-6.403667,0.488073
2011_04_NO_JAX,2011,4,0.211387,-8.707997,0.508628
2011_04_NYG_ARI,2011,4,0.466798,-1.00592,0.499825
2011_04_NYJ_BAL,2011,4,0.636014,4.900009,0.497045
2011_04_PIT_HOU,2011,4,0.649868,4.221704,0.506551
2011_04_SF_PHI,2011,4,0.799478,9.708383,0.506158
2011_04_TEN_CLE,2011,4,0.50599,0.865408,0.496023
2011_04_WAS_STL,2011,4,0.372737,-3.063999,0.498109
2011_05_ARI_MIN,2011,5,0.609561,3.403228,0.49714
2011_05_CHI_DET,2011,5,0.720974,6.634524,0.503975
2011_05_CIN_JAX,2011,5,0.461491,-1.024868,0.499265
2011_05_GB_ATL,2011,5,0.291269,-6.105016,0.496897
2011_05_KC_IND,2011,5,0.488832,0.779572,0.493486
2011_05_NO_CAR,2011,5,0.287861,-6.470814,0.500862
2011_05_NYJ_NE,2011,5,0.711895,7.456528,0.498715
2011_05_OAK_HOU,2011,5,0.66293,4.720071,0.506503
2011_05_PHI_BUF,2011,5,0.399852,-3.385823,0.4886
2011_05_SD_DEN,2011,5,0.361849,-3.550034,0.498521
2011_05_SEA_NYG,2011,5,0.795615,10.335858,0.509924
2011_05_TB_SF,2011,5,0.565646,2.550667,0.501497
2011_05_TEN_PIT,2011,5,0.557459,2.7186,0.491685
2011_06_BUF_NYG,2011,6,0.557183,3.416105,0.512294
2011_06_CAR_ATL,2011,6,0.590038,3.47663,0.499309
2011_06_CLE_OAK,2011,6,0.690611,6.254131,0.492735
2011_06_DAL_NE,2011,6,0.712871,6.41833,0.497587
2011_06_HOU_BAL,2011,6,0.744189,6.853555,0.495672
2011_06_IND_CIN,2011,6,0.66802,4.848316,0.495518
2011_06_JAX_PIT,2011,6,0.813519,12.421237,0.497672
2011_06_MIA_NYJ,2011,6,0.73612,7.260269,0.507691
2011_06_MIN_CHI,2011,6,0.48154,0.878662,0.496414
2011_06_NO_TB,2011,6,0.28916,-6.020828,0.499385
2011_06_PHI_WAS,2011,6,0.404962,-3.144199,0.495739
2011_06_SF_DET,2011,6,0.6765,5.176133,0.49043
2011_06_STL_GB,2011,6,0.867306,13.98783,0.49964
2011_07_ATL_DET,2011,7,0.633959,4.461011,0.498848
2011_07_BAL_JAX,2011,7,0.188094,-9.936019,0.501891
2011_07_CHI_TB,2011,7,0.422407,-1.550019,0.498522
2011_07_DEN_MIA,2011,7,0.435583,-1.181411,0.494639
2011_07_GB_MIN,2011,7,0.181071,-10.139718,0.495871
2011_07_HOU_TEN,2011,7,0.600815,2.965221,0.498972
2011_07_IND_NO,2011,7,0.850112,13.310914,0.494412
2011_07_KC_OAK,2011,7,0.542553,3.057357,0.486922
2011_07_PIT_ARI,2011,7,0.373793,-3.770128,0.506793
2011_07_SD_NYJ,2011,7,0.438216,-1.044905,0.498673
2011_07_SEA_CLE,2011,7,0.609589,3.012732,0.500376
2011_07_STL_DAL,2011,7,0.861084,14.115059,0.5034
2011_07_WAS_CAR,2011,7,0.573592,1.579804,0.502358
2011_08_ARI_BAL,2011,8,0.84782,11.955044,0.498671
2011_08_CIN_SEA,2011,8,0.440127,-0.954099,0.501356
2011_08_CLE_SF,2011,8,0.786823,9.281579,0.50832
2011_08_DAL_PHI,2011,8,0.604615,3.073763,0.50218
2011_08_DET_DEN,2011,8,0.381911,-3.121445,0.496411
2011_08_IND_TEN,2011,8,0.791358,9.097877,0.502892
2011_08_JAX_HOU,2011,8,0.786414,10.085562,0.502528
2011_08_MIA_NYG,2011,8,0.794398,9.932211,0.51277
2011_08_MIN_CAR,2011,8,0.610593,3.115206,0.503404
2011_08_NE_PIT,2011,8,0.341083,-2.89602,0.503073
2011_08_NO_STL,2011,8,0.109575,-13.766398,0.492128
2011_08_SD_KC,2011,8,0.40991,-2.898462,0.503001
2011_08_WAS_BUF,2011,8,0.647148,3.851879,0.495623
2011_09_ATL_IND,2011,9,0.246878,-6.681374,0.49464
2011_09_BAL_PIT,2011,9,0.566641,3.985235,0.514336
2011_09_CHI_PHI,2011,9,0.781072,9.155529,0.504596
2011_09_CIN_TEN,2011,9,0.54872,1.701175,0.505945
2011_09_CLE_HOU,2011,9,0.792044,10.554572,0.501613
2011_09_DEN_OAK,2011,9,0.701742,6.899462,0.497029
2011_09_GB_SD,2011,9,0.263854,-5.772772,0.49194
2011_09_MIA_KC,2011,9,0.658528,5.125826,0.503718
2011_09_NYG_NE,2011,9,0.816104,9.409841,0.497336
2011_09_NYJ_BUF,2011,9,0.576313,2.454904,0.498667
2011_09_SEA_DAL,2011,9,0.793886,11.076073,0.502248
2011_09_SF_WAS,2011,9,0.317944,-5.101556,0.496999
2011_09_STL_ARI,2011,9,0.508959,0.991425,0.499747
2011_09_TB_NO,2011,9,0.774109,9.072111,0.502131
2011_10_ARI_PHI,2011,10,0.868648,13.544998,0.50133
2011_10_BAL_SEA,2011,10,0.266835,-6.9198,0.50237
2011_10_BUF_DAL,2011,10,0.604302,4.597034,0.502867
2011_10_DEN_KC,2011,10,0.600244,3.027724,0.500819
2011_10_DET_CHI,2011,10,0.55088,2.374992,0.496306
2011_10_HOU_TB,2011,10,0.396447,-3.649089,0.495594
2011_10_JAX_IND,2011,10,0.370699,-2.97982,0.500596
2011_10_MIN_GB,2011,10,0.85391,12.617671,0.503477
2011_10_NE_NYJ,2011,10,0.585467,2.626648,0.503743
2011_10_NO_ATL,2011,10,0.522102,0.938031,0.498169
2011_10_NYG_SF,2011,10,0.640584,3.988786,0.499669
2011_10_OAK_SD,2011,10,0.773567,7.762603,0.50776
2011_10_PIT_CIN,2011,10,0.390683,-3.836876,0.490046
2011_10_STL_CLE,2011,10,0.572955,2.276668,0.493401
2011_10_TEN_CAR,2011,10,0.625594,3.4188,0.4976
2011_10_WAS_MIA,2011,10,0.622016,3.948619,0.498482
2011_11_ARI_SF,2011,11,0.81391,10.076272,0.502254
2011_11_BUF_MIA,2011,11,0.622264,2.953097,0.498614
2011_11_CAR_DET,2011,11,0.726861,7.153206,0.504527
2011_11_CIN_BAL,2011,11,0.724762,6.819996,0.494681
2011_11_DAL_WAS,2011,11,0.295021,-7.067995,0.497991
2011_11_JAX_CLE,2011,11,0.500145,0.864756,0.496003
2011_11_KC_NE,2011,11,0.909552,17.021774,0.500643
2011_11_NYJ_DEN,2011,11,0.272868,-6.553525,0.498418
2011_11_OAK_MIN,2011,11,0.530745,0.94407,0.498347
2011_11_PHI_NYG,2011,11,0.698646,6.081476,0.502408
2011_11_SD_CHI,2011,11,0.680441,4.646939,0.504342
2011_11_SEA_STL,2011,11,0.560857,2.794706,0.493934
2011_11_TB_GB,2011,11,0.86333,13.631084,0.503874
2011_11_TEN_ATL,2011,11,0.693005,5.927301,0.497852
2011_12_ARI_STL,2011,12,0.561092,0.881282,0.496492
2011_12_BUF_NYJ,2011,12,0.817909,9.63124,0.503878
2011_12_CAR_IND,2011,12,0.38466,-3.298218,0.505963
2011_12_CHI_OAK,2011,12,0.594912,3.177367,0.505241
2011_12_CLE_CIN,2011,12,0.732473,7.180296,0.520095
2011_12_DEN_SD,2011,12,0.601515,4.415797,0.497512
2011_12_GB_DET,2011,12,0.339096,-3.961765,0.50113
2011_12_HOU_JAX,2011,12,0.318646,-5.769969,0.506797
2011_12_MIA_DAL,2011,12,0.675658,6.982861,0.499494
2011_12_MIN_ATL,2011,12,0.797885,10.070178,0.502074
2011_12_NE_PHI,2011,12,0.352388,-2.975757,0.500716
2011_12_NYG_NO,2011,12,0.758567,7.227082,0.50671
2011_12_PIT_KC,2011,12,0.161405,-10.816388,0.490651
2011_12_SF_BAL,2011,12,0.606932,2.978947,0.499378
2011_12_TB_TEN,2011,12,0.616115,3.08217,0.502428
2011_12_WAS_SEA,2011,12,0.586087,2.964155,0.498941
2011_13_ATL_HOU,2011,13,0.437855,-1.255783,0.492442
2011_13_BAL_CLE,2011,13,0.254855,-7.197558,0.494162
2011_13_CAR_TB,2011,13,0.413122,-1.48602,0.485641
2011_13_CIN_PIT,2011,13,0.73792,6.728261,0.49197
2011_13_DAL_ARI,2011,13,0.361317,-3.886034,0.503368
2011_13_DEN_MIN,2011,13,0.512639,0.934089,0.498052
2011_13_DET_NO,2011,13,0.804471,9.485518,0.499572
2011_13_GB_NYG,2011,13,0.264851,-6.569883,0.512708
2011_13_IND_NE,2011,13,0.944205,20.292137,0.493858
2011_13_KC_CHI,2011,13,0.765027,8.854505,0.495701
2011_13_NYJ_WAS,2011,13,0.384588,-3.088766,0.497377
2011_13_OAK_MIA,2011,13,0.646625,3.64375,0.504248
2011_13_PHI_SEA,2011,13,0.406435,-2.777824,0.506565
2011_13_SD_JAX,2011,13,0.375889,-3.151516,0.495523
2011_13_STL_SF,2011,13,0.871139,14.087286,0.502579
2011_13_TEN_BUF,2011,13,0.516768,1.2115,0.50625
2011_14_ATL_CAR,2011,14,0.395468,-2.999784,0.500006
2011_14_BUF_SD,2011,14,0.73762,7.129409,0.503824
2011_14_CHI_DEN,2011,14,0.643092,3.830966,0.509779
2011_14_CLE_PIT,2011,14,0.86577,14.570033,0.51684
2011_14_HOU_CIN,2011,14,0.617459,2.938046,0.512943
2011_14_IND_BAL,2011,14,0.904604,16.432484,0.498005
2011_14_KC_NYJ,2011,14,0.794308,10.55969,0.501764
2011_14_MIN_DET,2011,14,0.772245,9.903115,0.497137
2011_14_NE_WAS,2011,14,0.255705,-7.631282,0.496121
2011_14_NO_TEN,2011,14,0.344158,-3.972076,0.486052
2011_14_NYG_DAL,2011,14,0.694236,4.504315,0.500128
2011_14_OAK_GB,2011,14,0.82225,11.517493,0.500517
2011_14_PHI_MIA,2011,14,0.587425,2.817516,0.494608
2011_14_SF_ARI,2011,14,0.39605,-3.449588,0.50149
2011_14_STL_SEA,2011,14,0.79233,9.214102,0.506327
2011_14_TB_JAX,2011,14,0.39787,-3.160407,0.49526
2011_15_BAL_SD,2011,15,0.470046,-1.10487,0.496901
2011_15_CAR_HOU,2011,15,0.608322,4.433432,0.498033
2011_15_CIN_STL,2011,15,0.270553,-6.997886,0.500062
2011_15_CLE_ARI,2011,15,0.70401,6.123746,0.503657
2011_15_DAL_TB,2011,15,0.257494,-7.107626,0.49682
2011_15_DET_OAK,2011,15,0.412614,-1.402955,0.488094
2011_15_GB_KC,2011,15,0.189144,-10.697712,0.508932
2011_15_JAX_ATL,2011,15,0.870432,14.225977,0.506678
2011_15_MIA_BUF,2011,15,0.462876,-0.85658,0.504238
2011_15_NE_DEN,2011,15,0.287794,-7.117546,0.496526
2011_15_NO_MIN,2011,15,0.265199,-7.186247,0.494496
2011_15_NYJ_PHI,2011,15,0.596622,3.212173,0.50627
2011_15_PIT_SF,2011,15,0.591742,3.142473,0.50421
2011_15_SEA_CHI,2011,15,0.554484,3.265512,0.493071
2011_15_TEN_IND,2011,15,0.273872,-6.77887,0.49176
2011_15_WAS_NYG,2011,15,0.641154,5.753885,0.507502
2011_16_ARI_CIN,2011,16,0.628047,3.576092,0.502249
2011_16_ATL_NO,2011,16,0.720243,7.440933,0.513028
2011_16_CHI_GB,2011,16,0.849072,12.836753,0.495176
2011_16_CLE_BAL,2011,16,0.807642,10.643978,0.504255
2011_16_DEN_BUF,2011,16,0.372566,-3.047049,0.49861
2011_16_HOU_IND,2011,16,0.287844,-6.95266,0.501399
2011_16_JAX_TEN,2011,16,0.782271,8.502946,0.500087
2011_16_MIA_NE,2011,16,0.71931,7.554893,0.501622
2011_16_MIN_WAS,2011,16,0.713534,6.094186,0.502783
2011_16_NYG_NYJ,2011,16,0.586336,1.317399,0.494604
2011_16_OAK_KC,2011,16,0.633462,3.411534,0.512159
2011_16_PHI_DAL,2011,16,0.432614,-1.864165,0.48924
2011_16_SD_DET,2011,16,0.465455,-1.368817,0.489102
2011_16_SF_SEA,2011,16,0.439457,-1.619701,0.496463
2011_16_STL_PIT,2011,16,0.755895,9.558083,0.486943
2011_16_TB_CAR,2011,16,0.753802,8.897375,0.496967
2011_17_BAL_CIN,2011,17,0.413091,-2.392457,0.503178
2011_17_BUF_NE,2011,17,0.799335,10.266859,0.507886
2011_17_CAR_NO,2011,17,0.752361,7.015605,0.500461
2011_17_CHI_MIN,2011,17,0.535423,1.3319,0.495033
2011_17_DAL_NYG,2011,17,0.579114,3.046689,0.50138
2011_17_DET_GB,2011,17,0.220762,-6.661191,0.495237
2011_17_IND_JAX,2011,17,0.567776,3.140029,0.504138
2011_17_KC_DEN,2011,17,0.509845,0.639806,0.489357
2011_17_NYJ_MIA,2011,17,0.527658,1.502079,0.500061
2011_17_PIT_CLE,2011,17,0.265286,-7.58387,0.482751
2011_17_SD_OAK,2011,17,0.597133,2.278941,0.493468
2011_17_SEA_ARI,2011,17,0.556586,2.405753,0.497215
2011_17_SF_STL,2011,17,0.143448,-12.679542,0.494694
2011_17_TB_ATL,2011,17,0.806455,9.958106,0.498762
2011_17_TEN_HOU,2011,17,0.442803,-1.00628,0.499814
2011_17_WAS_PHI,2011,17,0.711931,7.452429,0.513367
2011_18_ATL_NYG,2011,18,0.600439,3.215111,0.506357
2011_18_CIN_HOU,2011,18,0.63191,4.030026,0.500887
2011_18_DET_NO,2011,18,0.804989,10.717111,0.506416
2011_18_PIT_DEN,2011,18,0.239027,-7.711667,0.493745
2011_19_DEN_NE,2011,19,0.87991,14.389232,0.511501
2011_19_HOU_BAL,2011,19,0.733424,7.418663,0.497596
2011_19_NO_SF,2011,19,0.369327,-3.608302,0.4968
2011_19_NYG_GB,2011,19,0.763572,8.680093,0.505322
2011_20_BAL_NE,2011,20,0.717247,7.094238,0.502785
2011_20_NYG_SF,2011,20,0.553033,2.132671,0.503921
2011_21_NYG_NE,2011,21,0.589762,3.091621,0.502707
2012_01_ATL_KC,2012,1,0.436161,-1.410699,0.487865
2012_01_BUF_NYJ,2012,1,0.591608,2.766576,0.493102
2012_01_CAR_TB,2012,1,0.397159,-2.711248,0.508532
2012_01_CIN_BAL,2012,1,0.715061,5.913584,0.46793
2012_01_DAL_NYG,2012,1,0.619545,3.813458,0.509262
2012_01_IND_CHI,2012,1,0.820293,10.780067,0.523039
2012_01_JAX_MIN,2012,1,0.629092,3.852086,0.510403
2012_01_MIA_HOU,2012,1,0.862371,13.633911,0.518726
2012_01_NE_TEN,2012,1,0.318514,-5.183615,0.479807
2012_01_PHI_CLE,2012,1,0.197495,-9.501027,0.485197
2012_01_PIT_DEN,2012,1,0.578971,2.438495,0.498182
2012_01_SD_OAK,2012,1,0.549639,1.449814,0.51329
2012_01_SEA_ARI,2012,1,0.469791,-0.777078,0.506587
2012_01_SF_GB,2012,1,0.697372,6.206514,0.506103
2012_01_STL_DET,2012,1,0.770224,8.909491,0.497325
2012_01_WAS_NO,2012,1,0.802521,10.30166,0.523676
2012_02_ARI_NE,2012,2,0.852991,12.923791,0.497748
2012_02_BAL_PHI,2012,2,0.596768,2.91516,0.497493
2012_02_CHI_GB,2012,2,0.652321,5.047274,0.501397
2012_02_CLE_CIN,2012,2,0.73306,7.441351,0.51304
2012_02_DAL_SEA,2012,2,0.395865,-2.851778,0.50438
2012_02_DEN_ATL,2012,2,0.598432,2.901258,0.497082
2012_02_DET_SF,2012,2,0.75142,7.787633,0.523262
2012_02_HOU_JAX,2012,2,0.228144,-7.641996,0.466293
2012_02_KC_BUF,2012,2,0.596091,2.917779,0.49757
2012_02_MIN_IND,2012,2,0.354064,-3.024538,0.499275
2012_02_NO_CAR,2012,2,0.392772,-3.190873,0.49436
2012_02_NYJ_PIT,2012,2,0.651873,4.896894,0.511727
2012_02_OAK_MIA,2012,2,0.443669,-1.374129,0.488945
2012_02_TB_NYG,2012,2,0.770094,8.934519,0.498065
2012_02_TEN_SD,2012,2,0.708666,6.630993,0.503871
2012_02_WAS_STL,2012,2,0.345912,-4.000969,0.485199
2012_03_ATL_SD,2012,3,0.590156,2.885491,0.496616
2012_03_BUF_CLE,2012,3,0.406241,-2.365541,0.503973
2012_03_CIN_WAS,2012,3,0.609193,3.373608,0.511039
2012_03_DET_TEN,2012,3,0.383608,-3.077852,0.512473
2012_03_GB_SEA,2012,3,0.378162,-3.289305,0.491451
2012_03_HOU_DEN,2012,3,0.436141,-1.267828,0.492086
2012_03_JAX_IND,2012,3,0.59391,3.342541,0.510121
2012_03_KC_NO,2012,3,0.776956,9.352746,0.510423
2012_03_NE_BAL,2012,3,0.577022,2.17979,0.490538
2012_03_NYG_CAR,2012,3,0.585954,2.128781,0.489031
2012_03_NYJ_MIA,2012,3,0.404099,-2.570784,0.497908
2012_03_PHI_ARI,2012,3,0.411698,-2.697758,0.508931
2012_03_PIT_OAK,2012,3,0.355447,-4.302119,0.47631
2012_03_SF_MIN,2012,3,0.268062,-6.749344,0.492632
2012_03_STL_CHI,2012,3,0.750644,7.623865,0.518429
2012_03_TB_DAL,2012,3,0.673713,5.562363,0.457596
2012_04_CAR_ATL,2012,4,0.717829,6.996866,0.499907
2012_04_CHI_DAL,2012,4,0.590829,2.761402,0.492949
2012_04_CIN_JAX,2012,4,0.540178,0.912819,0.497424
2012_04_CLE_BAL,2012,4,0.834432,11.668168,0.504969
2012_04_MIA_ARI,2012,4,0.636836,4.356202,0.510525
2012_04_MIN_DET,2012,4,0.598205,3.046606,0.486604
2012_04_NE_BUF,2012,4,0.381679,-3.560373,0.498216
2012_04_NO_GB,2012,4,0.745676,7.76665,0.507879
2012_04_NYG_PHI,2012,4,0.531486,0.582366,0.472904
2012_04_OAK_DEN,2012,4,0.723325,6.901454,0.511862
2012_04_SD_KC,2012,4,0.378105,-3.095296,0.482414
2012_04_SEA_STL,2012,4,0.428321,-1.590795,0.512091
2012_04_SF_NYJ,2012,4,0.36598,-3.068917,0.512737
2012_04_TEN_HOU,2012,4,0.872967,13.650936,0.519229
2012_04_WAS_TB,2012,4,0.532784,1.187227,0.490758
2012_05_ARI_STL,2012,5,0.428149,-1.287477,0.491505
2012_05_ATL_WAS,2012,5,0.394389,-2.88287,0.503461
2012_05_BAL_KC,2012,5,0.26894,-6.916655,0.472932
2012_05_BUF_SF,2012,5,0.81851,10.261017,0.507713
2012_05_CHI_JAX,2012,5,0.284552,-6.072569,0.497856
2012_05_CLE_NYG,2012,5,0.712141,7.731509,0.506841
2012_05_DEN_NE,2012,5,0.679124,6.026998,0.500798
2012_05_GB_IND,2012,5,0.254809,-7.074509,0.483028
2012_05_HOU_NYJ,2012,5,0.172834,-10.635083,0.466496
2012_05_MIA_CIN,2012,5,0.60372,3.194501,0.505748
2012_05_PHI_PIT,2012,5,0.647513,4.720882,0.521293
2012_05_SD_NO,2012,5,0.608104,3.549748,0.50147
2012_05_SEA_CAR,2012,5,0.505368,0.646992,0.489569
2012_05_TEN_MIN,2012,5,0.70433,6.23352,0.5069
2012_06_BUF_ARI,2012,6,0.692087,4.954868,0.498666
2012_06_CIN_CLE,2012,6,0.413286,-1.964697,0.471516
2012_06_DAL_BAL,2012,6,0.594794,3.027362,0.500809
2012_06_DEN_SD,2012,6,0.51833,0.906907,0.497249
2012_06_DET_PHI,2012,6,0.631374,4.052449,0.516321
2012_06_GB_HOU,2012,6,0.636199,4.001393,0.500041
2012_06_IND_NYJ,2012,6,0.638592,3.266407,0.493097
2012_06_KC_TB,2012,6,0.683992,5.805166,0.52378
2012_06_MIN_WAS,2012,6,0.447414,-1.316675,0.505417
2012_06_NE_SEA,2012,6,0.357265,-3.928473,0.48734
2012_06_NYG_SF,2012,6,0.735676,7.079663,0.502354
2012_06_OAK_ATL,2012,6,0.791079,9.761437,0.492951
2012_06_PIT_TEN,2012,6,0.293011,-6.797856,0.461706
2012_06_STL_MIA,2012,6,0.693287,5.734457,0.506928
2012_07_ARI_MIN,2012,7,0.733865,7.225618,0.506667
2012_07_BAL_HOU,2012,7,0.708583,6.499527,0.499986
2012_07_CLE_IND,2012,7,0.553712,1.276184,0.508161
2012_07_DAL_CAR,2012,7,0.396689,-2.895744,0.488307
2012_07_DET_CHI,2012,7,0.726367,7.268313,0.522692
2012_07_GB_STL,2012,7,0.350252,-4.661738,0.480453
2012_07_JAX_OAK,2012,7,0.712059,6.215657,0.506373
2012_07_NO_TB,2012,7,0.460437,-0.931736,0.502017
2012_07_NYJ_NE,2012,7,0.817542,11.215815,0.506377
2012_07_PIT_CIN,2012,7,0.490032,-0.729369,0.507997
2012_07_SEA_SF,2012,7,0.738308,7.48376,0.49952
2012_07_TEN_BUF,2012,7,0.616685,4.881024,0.526017
2012_07_WAS_NYG,2012,7,0.700449,6.217108,0.491641
2012_08_ATL_PHI,2012,8,0.526381,1.377731,0.496387
2012_08_CAR_CHI,2012,8,0.729284,7.344832,0.510189
2012_08_IND_TEN,2012,8,0.587357,3.236848,0.492224
2012_08_JAX_GB,2012,8,0.887305,16.367377,0.540339
2012_08_MIA_NYJ,2012,8,0.508481,0.486001,0.484814
2012_08_NE_STL,2012,8,0.243295,-7.764664,0.492179
2012_08_NO_DEN,2012,8,0.679685,5.563749,0.48711
2012_08_NYG_DAL,2012,8,0.422016,-1.508739,0.499742
2012_08_OAK_KC,2012,8,0.517822,0.437706,0.483388
2012_08_SD_CLE,2012,8,0.391847,-2.683203,0.494586
2012_08_SEA_DET,2012,8,0.556078,1.90853,0.467781
2012_08_SF_ARI,2012,8,0.25253,-7.289701,0.49144
2012_08_TB_MIN,2012,8,0.662088,5.011965,0.500354
2012_08_WAS_PIT,2012,8,0.618944,4.268762,0.493167
2012_09_ARI_GB,2012,9,0.824571,12.477522,0.55823
2012_09_BAL_CLE,2012,9,0.373688,-3.769826,0.492027
2012_09_BUF_HOU,2012,9,0.832147,10.699891,0.491132
2012_09_CAR_WAS,2012,9,0.605433,2.820627,0.494699
2012_09_CHI_TEN,2012,9,0.314129,-4.87339,0.488967
2012_09_DAL_ATL,2012,9,0.646821,4.518432,0.515317
2012_09_DEN_CIN,2012,9,0.329156,-4.799007,0.505939
2012_09_DET_JAX,2012,9,0.284236,-5.94074,0.501751
2012_09_KC_SD,2012,9,0.726826,7.462233,0.498884
2012_09_MIA_IND,2012,9,0.381062,-2.890697,0.488456
2012_09_MIN_SEA,2012,9,0.644918,4.696951,0.50582
2012_09_PHI_NO,2012,9,0.582643,2.68098,0.505348
2012_09_PIT_NYG,2012,9,0.626907,3.585369,0.502523
2012_09_TB_OAK,2012,9,0.52155,1.104875,0.503099
2012_10_ATL_NO,2012,10,0.44683,-0.345079,0.519346
2012_10_BUF_NE,2012,10,0.881488,13.686471,0.50551
2012_10_DAL_PHI,2012,10,0.416069,-1.254096,0.492492
2012_10_DEN_CAR,2012,10,0.395681,-3.271131,0.506763
2012_10_DET_MIN,2012,10,0.395196,-2.837033,0.504816
2012_10_HOU_CHI,2012,10,0.539122,1.692055,0.520442
2012_10_IND_JAX,2012,10,0.393277,-3.366259,0.489178
2012_10_KC_PIT,2012,10,0.838578,13.071547,0.516885
2012_10_NYG_CIN,2012,10,0.377936,-3.322763,0.505237
2012_10_NYJ_SEA,2012,10,0.639449,4.611691,0.488527
2012_10_OAK_BAL,2012,10,0.793557,10.040767,0.515976
2012_10_SD_TB,2012,10,0.617452,3.360112,0.510641
2012_10_STL_SF,2012,10,0.869391,13.492735,0.499785
2012_10_TEN_MIA,2012,10,0.710433,6.610311,0.50326
2012_11_ARI_ATL,2012,11,0.784031,9.900556,0.511835
2012_11_BAL_PIT,2012,11,0.342599,-3.380376,0.488761
2012_11_CHI_SF,2012,11,0.610818,3.246074,0.492497
2012_11_CIN_KC,2012,11,0.367971,-3.320361,0.490534
2012_11_CLE_DAL,2012,11,0.714195,6.780429,0.493512
2012_11_GB_DET,2012,11,0.370567,-4.787144,0.447341
2012_11_IND_NE,2012,11,0.78965,10.57039,0.516851
2012_11_JAX_HOU,2012,11,0.889546,14.951571,0.498569
2012_11_MIA_BUF,2012,11,0.503805,1.106364,0.503143
2012_11_NO_OAK,2012,11,0.274154,-7.102422,0.467458
2012_11_NYJ_STL,2012,11,0.61627,3.649032,0.504404
2012_11_PHI_WAS,2012,11,0.635086,4.069101,0.516813
2012_11_SD_DEN,2012,11,0.741763,8.395636,0.526448
2012_11_TB_CAR,2012,11,0.46834,-0.800434,0.505897
2012_12_ATL_TB,2012,12,0.462322,-0.822671,0.50524
2012_12_BAL_SD,2012,12,0.434521,-1.149292,0.495588
2012_12_BUF_IND,2012,12,0.550225,1.969114,0.499087
2012_12_CAR_PHI,2012,12,0.361281,-3.454333,0.486576
2012_12_DEN_KC,2012,12,0.16813,-10.507184,0.485016
2012_12_GB_NYG,2012,12,0.516754,-0.792162,0.447194
2012_12_HOU_DET,2012,12,0.349317,-3.247489,0.507462
2012_12_MIN_CHI,2012,12,0.71297,6.476647,0.49931
2012_12_NE_NYJ,2012,12,0.272198,-8.512436,0.455399
2012_12_OAK_CIN,2012,12,0.799605,9.814079,0.509281
2012_12_PIT_CLE,2012,12,0.507628,-0.213964,0.523215
2012_12_SEA_MIA,2012,12,0.384973,-3.182737,0.4946
2012_12_SF_NO,2012,12,0.463684,-0.223964,0.52292
2012_12_STL_ARI,2012,12,0.516541,0.650329,0.489668
2012_12_TEN_JAX,2012,12,0.364261,-3.58792,0.497402
2012_12_WAS_DAL,2012,12,0.569563,3.035808,0.486285
2012_13_ARI_NYJ,2012,13,0.704284,6.300504,0.50888
2012_13_CAR_KC,2012,13,0.319469,-5.089852,0.497345
2012_13_CIN_SD,2012,13,0.502734,0.434317,0.483288
2012_13_CLE_OAK,2012,13,0.390257,-2.808637,0.49088
2012_13_HOU_TEN,2012,13,0.290793,-6.674581,0.509616
2012_13_IND_DET,2012,13,0.714113,7.001734,0.500051
2012_13_JAX_BUF,2012,13,0.688548,6.114561,0.503385
2012_13_MIN_GB,2012,13,0.722228,8.430113,0.542183
2012_13_NE_MIA,2012,13,0.273412,-8.395712,0.458828
2012_13_NO_ATL,2012,13,0.589137,2.573025,0.472628
2012_13_NYG_WAS,2012,13,0.403067,-3.062056,0.483395
2012_13_PHI_DAL,2012,13,0.806107,10.677191,0.505236
2012_13_PIT_BAL,2012,13,0.729588,6.932934,0.498018
2012_13_SEA_CHI,2012,13,0.594994,3.553336,0.516347
2012_13_SF_STL,2012,13,0.248556,-7.192305,0.494317
2012_13_TB_DEN,2012,13,0.787492,9.542141,0.501245
2012_14_ARI_SEA,2012,14,0.804174,10.321933,0.494738
2012_14_ATL_CAR,2012,14,0.360952,-3.80747,0.476152
2012_14_BAL_WAS,2012,14,0.528481,0.734417,0.492152
2012_14_CHI_MIN,2012,14,0.473067,-1.274325,0.491894
2012_14_DAL_CIN,2012,14,0.622099,3.92206,0.51247
2012_14_DEN_OAK,2012,14,0.184751,-10.403545,0.488077
2012_14_DET_GB,2012,14,0.714236,8.336038,0.56869
2012_14_HOU_NE,2012,14,0.692351,6.362674,0.525476
2012_14_KC_CLE,2012,14,0.726989,7.192871,0.505699
2012_14_MIA_SF,2012,14,0.810558,10.610528,0.503266
2012_14_NO_NYG,2012,14,0.621377,3.921916,0.497693
2012_14_NYJ_JAX,2012,14,0.359389,-3.148436,0.495614
2012_14_PHI_TB,2012,14,0.76637,8.305152,0.509017
2012_14_SD_PIT,2012,14,0.76378,7.617307,0.518236
2012_14_STL_BUF,2012,14,0.588366,3.73396,0.506913
2012_14_TEN_IND,2012,14,0.582492,3.090385,0.487897
2012_15_CAR_SD,2012,15,0.600609,2.989656,0.499694
2012_15_CIN_PHI,2012,15,0.31405,-5.179773,0.47992
2012_15_DEN_BAL,2012,15,0.350378,-3.625829,0.481513
2012_15_DET_ARI,2012,15,0.305576,-6.104827,0.482133
2012_15_GB_CHI,2012,15,0.402337,-2.801116,0.505877
2012_15_IND_HOU,2012,15,0.83666,11.424789,0.527307
2012_15_JAX_MIA,2012,15,0.721023,7.107479,0.488402
2012_15_KC_OAK,2012,15,0.650699,4.508118,0.50024
2012_15_MIN_STL,2012,15,0.530392,1.038607,0.501141
2012_15_NYG_ATL,2012,15,0.531595,1.478875,0.514148
2012_15_NYJ_TEN,2012,15,0.546817,1.432104,0.512767
2012_15_PIT_DAL,2012,15,0.454236,-0.884017,0.503427
2012_15_SEA_BUF,2012,15,0.335785,-4.241625,0.507635
2012_15_SF_NE,2012,15,0.631918,4.740162,0.521862
2012_15_TB_NO,2012,15,0.586765,3.439378,0.498209
2012_15_WAS_CLE,2012,15,0.674262,5.212527,0.535784
2012_16_ATL_DET,2012,16,0.358525,-3.849402,0.489676
2012_16_BUF_MIA,2012,16,0.645028,4.393317,0.482078
2012_16_CHI_ARI,2012,16,0.263645,-7.661006,0.480474
2012_16_CIN_PIT,2012,16,0.606877,3.626159,0.503728
2012_16_CLE_DEN,2012,16,0.814064,11.105442,0.503116
2012_16_IND_KC,2012,16,0.375127,-3.461618,0.530655
2012_16_MIN_HOU,2012,16,0.73461,7.499806,0.499994
2012_16_NE_JAX,2012,16,0.108018,-15.032153,0.469528
2012_16_NO_DAL,2012,16,0.513349,0.276712,0.478636
2012_16_NYG_BAL,2012,16,0.459781,-1.025013,0.499261
2012_16_OAK_CAR,2012,16,0.783551,9.331075,0.495008
2012_16_SD_NYJ,2012,16,0.591597,3.333162,0.509844
2012_16_SF_SEA,2012,16,0.586476,2.724426,0.506632
2012_16_STL_TB,2012,16,0.605911,3.147071,0.504346
2012_16_TEN_GB,2012,16,0.81277,11.50319,0.529618
2012_16_WAS_PHI,2012,16,0.355006,-3.787432,0.491507
2012_17_ARI_SF,2012,17,0.893628,15.791628,0.493843
2012_17_BAL_CIN,2012,17,0.706888,6.18526,0.520242
2012_17_CAR_NO,2012,17,0.623044,4.567433,0.516763
2012_17_CHI_DET,2012,17,0.373128,-3.462568,0.486333
2012_17_CLE_PIT,2012,17,0.814645,10.856931,0.525306
2012_17_DAL_WAS,2012,17,0.609762,3.563208,0.516639
2012_17_GB_MIN,2012,17,0.369045,-3.664442,0.480373
2012_17_HOU_IND,2012,17,0.230656,-7.948473,0.457278
2012_17_JAX_TEN,2012,17,0.691418,5.830897,0.495003
2012_17_KC_DEN,2012,17,0.9308,18.137284,0.533568
2012_17_MIA_NE,2012,17,0.83698,12.454043,0.52817
2012_17_NYJ_BUF,2012,17,0.631362,4.067864,0.516776
2012_17_OAK_SD,2012,17,0.81056,10.155187,0.519354
2012_17_PHI_NYG,2012,17,0.698683,5.993166,0.485026
2012_17_STL_SEA,2012,17,0.815238,10.872278,0.496226
2012_17_TB_ATL,2012,17,0.590593,3.230902,0.506823
2012_18_CIN_HOU,2012,18,0.631887,4.06011,0.501776
2012_18_IND_BAL,2012,18,0.749998,7.642578,0.504213
2012_18_MIN_GB,2012,18,0.81954,11.269986,0.522742
2012_18_SEA_WAS,2012,18,0.375528,-3.108959,0.49678
2012_19_BAL_DEN,2012,19,0.78829,9.286679,0.493696
2012_19_GB_SF,2012,19,0.589125,2.487624,0.484862
2012_19_HOU_NE,2012,19,0.788541,9.639361,0.504118
2012_19_SEA_ATL,2012,19,0.578596,2.514884,0.50044
2012_20_BAL_NE,2012,20,0.748793,8.408815,0.512079
2012_20_SF_ATL,2012,20,0.37014,-3.343128,0.504636
2012_21_BAL_SF,2012,21,0.640821,4.23329,0.492119
2013_01_ARI_STL,2013,1,0.615212,3.358783,0.495827
2013_01_ATL_NO,2013,1,0.6097,3.325235,0.494836
2013_01_BAL_DEN,2013,1,0.73749,7.469177,0.499089
2013_01_CIN_CHI,2013,1,0.611198,3.018893,0.500558
2013_01_GB_SF,2013,1,0.672847,5.035016,0.501035
2013_01_HOU_SD,2013,1,0.318538,-4.972579,0.50081
2013_01_KC_JAX,2013,1,0.346142,-4.178853,0.479947
2013_01_MIA_CLE,2013,1,0.568827,2.312707,0.494465
2013_01_MIN_DET,2013,1,0.637333,4.16731,0.504944
2013_01_NE_BUF,2013,1,0.172243,-10.988128,0.470826
2013_01_NYG_DAL,2013,1,0.613783,3.25119,0.492648
2013_01_OAK_IND,2013,1,0.831082,11.320026,0.509456
2013_01_PHI_WAS,2013,1,0.631552,3.971075,0.499145
2013_01_SEA_CAR,2013,1,0.381397,-3.335949,0.490073
2013_01_TB_NYJ,2013,1,0.352584,-4.036898,0.49891
2013_01_TEN_PIT,2013,1,0.70719,6.329535,0.509737
2013_02_CAR_BUF,2013,2,0.351924,-3.868976,0.489098
2013_02_CLE_BAL,2013,2,0.675893,5.690971,0.505643
2013_02_DAL_KC,2013,2,0.615268,3.380772,0.511251
2013_02_DEN_NYG,2013,2,0.36721,-3.636206,0.495975
2013_02_DET_ARI,2013,2,0.471392,-0.710212,0.508563
2013_02_JAX_OAK,2013,2,0.652791,4.503815,0.529637
2013_02_MIA_IND,2013,2,0.527165,1.089388,0.502642
2013_02_MIN_CHI,2013,2,0.693906,5.979976,0.499408
2013_02_NO_TB,2013,2,0.402116,-2.470516,0.515643
2013_02_NYJ_NE,2013,2,0.81636,11.215041,0.521121
2013_02_PIT_CIN,2013,2,0.733873,7.254472,0.50752
2013_02_SD_PHI,2013,2,0.733217,7.360716,0.495884
2013_02_SF_SEA,2013,2,0.580055,2.929599,0.49792
2013_02_STL_ATL,2013,2,0.650765,4.756614,0.522347
2013_02_TEN_HOU,2013,2,0.737009,7.480977,0.499438
2013_02_WAS_GB,2013,2,0.770146,8.987137,0.49962
2013_03_ARI_NO,2013,3,0.719164,7.058779,0.472208
2013_03_ATL_MIA,2013,3,0.603025,2.802041,0.49415
2013_03_BUF_NYJ,2013,3,0.573154,2.363752,0.495974
2013_03_CHI_PIT,2013,3,0.392846,-2.751559,0.492567
2013_03_CLE_MIN,2013,3,0.739183,7.313908,0.509276
2013_03_DET_WAS,2013,3,0.473445,-0.901873,0.5029
2013_03_GB_CIN,2013,3,0.407216,-2.412965,0.517342
2013_03_HOU_BAL,2013,3,0.519565,0.685935,0.49072
2013_03_IND_SF,2013,3,0.830316,11.340814,0.524831
2013_03_JAX_SEA,2013,3,0.946483,20.314705,0.524061
2013_03_KC_PHI,2013,3,0.597667,3.000719,0.500021
2013_03_NYG_CAR,2013,3,0.446719,-1.358445,0.489409
2013_03_OAK_DEN,2013,3,0.91088,16.720655,0.521286
2013_03_SD_TEN,2013,3,0.613904,3.59715,0.517641
2013_03_STL_DAL,2013,3,0.615539,3.414954,0.497487
2013_03_TB_NE,2013,3,0.751484,8.09108,0.517462
2013_04_ARI_TB,2013,4,0.56119,2.436809,0.498133
2013_04_BAL_BUF,2013,4,0.327853,-4.675587,0.480044
2013_04_CHI_DET,2013,4,0.599478,3.198404,0.505863
2013_04_CIN_CLE,2013,4,0.383108,-3.282208,0.506436
2013_04_DAL_SD,2013,4,0.401962,-2.057002,0.468796
2013_04_IND_JAX,2013,4,0.188914,-9.774226,0.491897
2013_04_MIA_NO,2013,4,0.71856,6.762675,0.492987
2013_04_NE_ATL,2013,4,0.581611,2.567777,0.487229
2013_04_NYG_KC,2013,4,0.661946,3.949604,0.513284
2013_04_NYJ_TEN,2013,4,0.607372,3.396085,0.496929
2013_04_PHI_DEN,2013,4,0.819039,10.913051,0.512204
2013_04_PIT_MIN,2013,4,0.361252,-3.719064,0.478761
2013_04_SEA_HOU,2013,4,0.474744,-0.571066,0.512673
2013_04_SF_STL,2013,4,0.376462,-3.02972,0.499122
2013_04_WAS_OAK,2013,4,0.338006,-4.32328,0.475686
2013_05_BAL_MIA,2013,5,0.553371,2.31013,0.494389
2013_05_BUF_CLE,2013,5,0.613488,3.727539,0.506724
2013_05_CAR_ARI,2013,5,0.386113,-3.050434,0.49851
2013_05_DEN_DAL,2013,5,0.235309,-8.006797,0.485027
2013_05_DET_GB,2013,5,0.793681,9.611663,0.488526
2013_05_HOU_SF,2013,5,0.641862,4.056834,0.50168
2013_05_JAX_STL,2013,5,0.831268,11.479104,0.514155
2013_05_KC_TEN,2013,5,0.388367,-3.023103,0.484545
2013_05_NE_CIN,2013,5,0.387858,-2.310865,0.490814
2013_05_NO_CHI,2013,5,0.520112,0.747777,0.492547
2013_05_NYJ_ATL,2013,5,0.789697,9.767413,0.493127
2013_05_PHI_NYG,2013,5,0.392466,-1.69559,0.479454
2013_05_SD_OAK,2013,5,0.271965,-5.962027,0.501122
2013_05_SEA_IND,2013,5,0.387162,-3.158202,0.495325
2013_06_ARI_SF,2013,6,0.790685,9.921559,0.497682
2013_06_CAR_MIN,2013,6,0.596097,2.708356,0.506157
2013_06_CIN_BUF,2013,6,0.286801,-6.197172,0.494174
2013_06_DET_CLE,2013,6,0.456011,-1.157734,0.495339
2013_06_GB_BAL,2013,6,0.50255,-0.748701,0.507426
2013_06_IND_SD,2013,6,0.423546,-1.806558,0.476179
2013_06_JAX_DEN,2013,6,0.978599,27.454342,0.513424
2013_06_NO_NE,2013,6,0.574082,2.4558,0.498694
2013_06_NYG_CHI,2013,6,0.800994,9.766427,0.507873
2013_06_OAK_KC,2013,6,0.75666,7.768691,0.50794
2013_06_PHI_TB,2013,6,0.374952,-2.884105,0.488651
2013_06_PIT_NYJ,2013,6,0.450074,-1.21034,0.493784
2013_06_STL_HOU,2013,6,0.810163,10.253631,0.522259
2013_06_TEN_SEA,2013,6,0.812775,10.976927,0.499318
2013_06_WAS_DAL,2013,6,0.68815,5.858005,0.510578
2013_07_BAL_PIT,2013,7,0.580383,2.7984,0.508817
2013_07_BUF_MIA,2013,7,0.682724,5.811422,0.494427
2013_07_CHI_WAS,2013,7,0.458984,-1.109201,0.496773
2013_07_CIN_DET,2013,7,0.577185,2.680058,0.505321
2013_07_CLE_GB,2013,7,0.716263,8.128294,0.51856
2013_07_DAL_PHI,2013,7,0.612138,2.723314,0.491824
2013_07_DEN_IND,2013,7,0.304121,-6.166101,0.495092
2013_07_HOU_KC,2013,7,0.732394,7.287075,0.508483
2013_07_MIN_NYG,2013,7,0.608758,3.303242,0.479419
2013_07_NE_NYJ,2013,7,0.391089,-3.773455,0.49192
2013_07_SD_JAX,2013,7,0.239852,-7.7122,0.493729
2013_07_SEA_ARI,2013,7,0.330983,-4.908557,0.502702
2013_07_SF_TEN,2013,7,0.379277,-3.113795,0.496637
2013_07_STL_CAR,2013,7,0.769171,8.68824,0.52033
2013_07_TB_ATL,2013,7,0.709794,5.923857,0.49775
2013_08_ATL_ARI,2013,8,0.570789,2.390633,0.496768
2013_08_BUF_NO,2013,8,0.819728,11.170646,0.51981
2013_08_CAR_TB,2013,8,0.268531,-6.721214,0.493463
2013_08_CLE_KC,2013,8,0.729737,7.223467,0.506603
2013_08_DAL_DET,2013,8,0.59565,3.392034,0.511583
2013_08_GB_MIN,2013,8,0.26628,-8.238545,0.463451
2013_08_MIA_NE,2013,8,0.69888,6.612223,0.503316
2013_08_NYG_PHI,2013,8,0.703836,6.06441,0.516674
2013_08_NYJ_CIN,2013,8,0.683372,5.871366,0.496199
2013_08_PIT_OAK,2013,8,0.379116,-2.741231,0.492872
2013_08_SEA_STL,2013,8,0.110252,-14.237394,0.463485
2013_08_SF_JAX,2013,8,0.089471,-15.895485,0.503089
2013_08_WAS_DEN,2013,8,0.821732,11.441467,0.513044
2013_09_ATL_CAR,2013,9,0.79877,9.622877,0.488857
2013_09_BAL_CLE,2013,9,0.467254,-0.803379,0.50581
2013_09_CHI_GB,2013,9,0.809063,11.092858,0.53226
2013_09_CIN_MIA,2013,9,0.381148,-2.800087,0.505907
2013_09_IND_HOU,2013,9,0.466647,-0.732378,0.507908
2013_09_KC_BUF,2013,9,0.319592,-4.906677,0.487984
2013_09_MIN_DAL,2013,9,0.775701,10.109313,0.50323
2013_09_NO_NYJ,2013,9,0.293485,-6.179198,0.494705
2013_09_PHI_OAK,2013,9,0.431339,-1.252302,0.492545
2013_09_PIT_NE,2013,9,0.676527,5.695889,0.505789
2013_09_SD_WAS,2013,9,0.533949,1.319438,0.509439
2013_09_TB_SEA,2013,9,0.906975,16.061465,0.501816
2013_09_TEN_STL,2013,9,0.347122,-3.880882,0.473987
2013_10_BUF_PIT,2013,10,0.596496,3.148232,0.50438
2013_10_CAR_SF,2013,10,0.701011,6.75949,0.522432
2013_10_CIN_BAL,2013,10,0.522439,1.309806,0.509154
2013_10_DAL_NO,2013,10,0.695277,5.951021,0.498553
2013_10_DEN_SD,2013,10,0.254933,-7.348631,0.489699
2013_10_DET_CHI,2013,10,0.431223,-1.576186,0.482978
2013_10_HOU_ARI,2013,10,0.626632,3.841669,0.495321
2013_10_JAX_TEN,2013,10,0.826645,11.124741,0.488912
2013_10_MIA_TB,2013,10,0.456713,-0.805266,0.505754
2013_10_OAK_NYG,2013,10,0.722479,6.642866,0.474688
2013_10_PHI_GB,2013,10,0.382371,-2.71793,0.44937
2013_10_SEA_ATL,2013,10,0.38898,-2.973278,0.515561
2013_10_STL_IND,2013,10,0.765963,8.074966,0.516986
2013_10_WAS_MIN,2013,10,0.393707,-2.082649,0.468041
2013_11_ARI_JAX,2013,11,0.185891,-9.767431,0.492098
2013_11_ATL_TB,2013,11,0.505585,0.888736,0.496712
2013_11_BAL_CHI,2013,11,0.622791,4.117221,0.503464
2013_11_CLE_CIN,2013,11,0.587697,3.203054,0.476463
2013_11_DET_PIT,2013,11,0.345068,-3.922895,0.472749
2013_11_GB_NYG,2013,11,0.657636,4.500192,0.52953
2013_11_IND_TEN,2013,11,0.392424,-2.797729,0.491202
2013_11_KC_DEN,2013,11,0.738981,7.53071,0.500908
2013_11_MIN_SEA,2013,11,0.859911,13.109984,0.50325
2013_11_NE_CAR,2013,11,0.590422,2.790771,0.493817
2013_11_NYJ_BUF,2013,11,0.441318,-1.440898,0.486973
2013_11_OAK_HOU,2013,11,0.809166,10.253146,0.492706
2013_11_SD_MIA,2013,11,0.379505,-2.65103,0.495537
2013_11_SF_NO,2013,11,0.608538,3.410325,0.49735
2013_11_WAS_PHI,2013,11,0.659782,4.900669,0.511839
2013_12_CAR_MIA,2013,12,0.344399,-4.426813,0.502163
2013_12_CHI_STL,2013,12,0.494082,0.550694,0.486725
2013_12_DAL_NYG,2013,12,0.535282,1.237546,0.507019
2013_12_DEN_NE,2013,12,0.524666,1.042383,0.501252
2013_12_IND_ARI,2013,12,0.626551,3.842677,0.510125
2013_12_JAX_HOU,2013,12,0.810674,10.431298,0.49797
2013_12_MIN_GB,2013,12,0.65469,5.181698,0.475833
2013_12_NO_ATL,2013,12,0.266241,-7.413115,0.502568
2013_12_NYJ_BAL,2013,12,0.626601,3.83584,0.495149
2013_12_PIT_CLE,2013,12,0.575062,2.251075,0.492644
2013_12_SD_KC,2013,12,0.589425,3.021442,0.485861
2013_12_SF_WAS,2013,12,0.343425,-4.553898,0.527936
2013_12_TB_DET,2013,12,0.742425,7.412691,0.512194
2013_12_TEN_OAK,2013,12,0.371771,-3.470439,0.471347
2013_13_ARI_PHI,2013,13,0.615051,3.510987,0.500325
2013_13_ATL_BUF,2013,13,0.646249,4.647125,0.489573
2013_13_CHI_MIN,2013,13,0.55654,1.884986,0.481832
2013_13_CIN_SD,2013,13,0.385107,-2.70276,0.494008
2013_13_DEN_KC,2013,13,0.285148,-5.422246,0.487524
2013_13_GB_DET,2013,13,0.727787,7.386861,0.511431
2013_13_JAX_CLE,2013,13,0.726291,7.161331,0.489993
2013_13_MIA_NYJ,2013,13,0.456606,-0.931578,0.502022
2013_13_NE_HOU,2013,13,0.262384,-7.313984,0.490722
2013_13_NO_SEA,2013,13,0.706024,6.678709,0.505281
2013_13_NYG_WAS,2013,13,0.547223,1.323743,0.509566
2013_13_OAK_DAL,2013,13,0.7934,10.117007,0.503458
2013_13_PIT_BAL,2013,13,0.619166,3.285797,0.508445
2013_13_STL_SF,2013,13,0.705944,6.919293,0.482845
2013_13_TB_CAR,2013,13,0.715042,7.078843,0.487556
2013_13_TEN_IND,2013,13,0.60898,3.317106,0.494595
2013_14_ATL_GB,2013,14,0.580829,2.72192,0.477019
2013_14_BUF_TB,2013,14,0.576019,2.889476,0.496734
2013_14_CAR_NO,2013,14,0.615726,3.478141,0.514127
2013_14_CLE_NE,2013,14,0.77403,9.379394,0.496436
2013_14_DAL_CHI,2013,14,0.572798,2.442179,0.513065
2013_14_DET_PHI,2013,14,0.582041,2.466678,0.499015
2013_14_HOU_JAX,2013,14,0.373817,-3.311435,0.490798
2013_14_IND_CIN,2013,14,0.735582,7.158671,0.504689
2013_14_KC_WAS,2013,14,0.419935,-2.955055,0.516099
2013_14_MIA_PIT,2013,14,0.573725,2.620701,0.488793
2013_14_MIN_BAL,2013,14,0.684645,6.101729,0.503006
2013_14_NYG_SD,2013,14,0.660328,4.532358,0.500956
2013_14_OAK_NYJ,2013,14,0.626893,3.513784,0.515179
2013_14_SEA_SF,2013,14,0.564722,2.144382,0.489492
2013_14_STL_ARI,2013,14,0.656853,4.282237,0.50834
2013_14_TEN_DEN,2013,14,0.855206,12.811537,0.494431
2013_15_ARI_TEN,2013,15,0.394665,-2.717632,0.508344
2013_15_BAL_DET,2013,15,0.637787,4.301586,0.494137
2013_15_BUF_JAX,2013,15,0.34357,-4.397792,0.488246
2013_15_CHI_CLE,2013,15,0.536593,1.318124,0.5094
2013_15_CIN_PIT,2013,15,0.418785,-2.098321,0.497095
2013_15_GB_DAL,2013,15,0.610563,3.667319,0.49017
2013_15_HOU_IND,2013,15,0.658586,5.657969,0.489894
2013_15_KC_OAK,2013,15,0.299109,-6.610757,0.496727
2013_15_NE_MIA,2013,15,0.571304,2.006135,0.485409
2013_15_NO_STL,2013,15,0.254567,-6.775224,0.491867
2013_15_NYJ_CAR,2013,15,0.804824,10.282292,0.508341
2013_15_PHI_MIN,2013,15,0.251412,-7.026524,0.484444
2013_15_SD_DEN,2013,15,0.799821,10.775749,0.522912
2013_15_SEA_NYG,2013,15,0.200863,-9.538822,0.498853
2013_15_SF_TB,2013,15,0.326787,-4.549373,0.498541
2013_15_WAS_ATL,2013,15,0.689082,5.835018,0.509899
2013_16_ARI_SEA,2013,16,0.739472,7.954107,0.498644
2013_16_ATL_SF,2013,16,0.909606,16.326488,0.524409
2013_16_CHI_PHI,2013,16,0.597285,2.961068,0.513623
2013_16_CLE_NYJ,2013,16,0.592544,2.594487,0.502792
2013_16_DAL_WAS,2013,16,0.387575,-2.940565,0.501756
2013_16_DEN_HOU,2013,16,0.21385,-9.657068,0.48059
2013_16_IND_KC,2013,16,0.752601,7.780201,0.50828
2013_16_MIA_BUF,2013,16,0.516609,0.791872,0.49385
2013_16_MIN_CIN,2013,16,0.723006,7.173115,0.490341
2013_16_NE_BAL,2013,16,0.445493,-1.375323,0.48891
2013_16_NO_CAR,2013,16,0.600851,3.317195,0.494598
2013_16_NYG_DET,2013,16,0.780171,8.562447,0.472316
2013_16_OAK_SD,2013,16,0.794196,9.655868,0.489832
2013_16_PIT_GB,2013,16,0.443358,-1.14979,0.495574
2013_16_TB_STL,2013,16,0.594946,2.880311,0.481694
2013_16_TEN_JAX,2013,16,0.322341,-5.199298,0.464606
2013_17_BAL_CIN,2013,17,0.695182,5.952062,0.483812
2013_17_BUF_NE,2013,17,0.729886,7.60398,0.503073
2013_17_CAR_ATL,2013,17,0.281233,-6.222459,0.478661
2013_17_CLE_PIT,2013,17,0.818087,10.177488,0.520012
2013_17_DEN_OAK,2013,17,0.181183,-11.016362,0.469994
2013_17_DET_MIN,2013,17,0.401587,-2.895598,0.488311
2013_17_GB_CHI,2013,17,0.348662,-4.579152,0.45344
2013_17_HOU_TEN,2013,17,0.705285,6.936736,0.49813
2013_17_JAX_IND,2013,17,0.82046,11.500251,0.51478
2013_17_KC_SD,2013,17,0.913997,15.740033,0.507093
2013_17_NYJ_MIA,2013,17,0.736602,7.481454,0.499452
2013_17_PHI_DAL,2013,17,0.21068,-8.413721,0.473019
2013_17_SF_ARI,2013,17,0.58931,3.034527,0.50102
2013_17_STL_SEA,2013,17,0.880845,14.077589,0.53181
2013_17_TB_NO,2013,17,0.83426,11.31239,0.509231
2013_17_WAS_NYG,2013,17,0.615104,4.027228,0.515576
2013_18_KC_IND,2013,18,0.533116,-0.241653,0.551815
2013_18_NO_PHI,2013,18,0.598903,2.956203,0.498706
2013_18_SD_CIN,2013,18,0.699876,6.382856,0.496538
2013_18_SF_GB,2013,18,0.405426,-1.707621,0.538133
2013_19_IND_NE,2013,19,0.745959,7.837585,0.509975
2013_19_NO_SEA,2013,19,0.801005,9.883668,0.496562
2013_19_SD_DEN,2013,19,0.758647,8.229749,0.506789
2013_19_SF_CAR,2013,19,0.498679,0.264216,0.507807
2013_20_NE_DEN,2013,20,0.648861,4.648702,0.48962
2013_20_SF_SEA,2013,20,0.616251,3.940431,0.49824
2013_21_SEA_DEN,2013,21,0.546548,1.42252,0.49771
2014_01_BUF_CHI,2014,1,0.722175,6.938713,0.498189
2014_01_CAR_TB,2014,1,0.722902,5.953126,0.513388
2014_01_CIN_BAL,2014,1,0.52418,0.922004,0.497695
2014_01_CLE_PIT,2014,1,0.687146,5.598986,0.502925
2014_01_GB_SEA,2014,1,0.629972,4.296273,0.49398
2014_01_IND_DEN,2014,1,0.753162,7.95244,0.498595
2014_01_JAX_PHI,2014,1,0.803986,10.016318,0.500482
2014_01_MIN_STL,2014,1,0.596046,2.750574,0.49263
2014_01_NE_MIA,2014,1,0.360009,-3.741777,0.492856
2014_01_NO_ATL,2014,1,0.38495,-3.009302,0.499725
2014_01_NYG_DET,2014,1,0.704365,6.438454,0.498181
2014_01_OAK_NYJ,2014,1,0.717444,6.564018,0.501892
2014_01_SD_ARI,2014,1,0.599158,3.073448,0.50217
2014_01_SF_DAL,2014,1,0.373735,-3.557259,0.498308
2014_01_TEN_KC,2014,1,0.614121,3.121806,0.503599
2014_01_WAS_HOU,2014,1,0.598083,3.034931,0.501032
2014_02_ARI_NYG,2014,2,0.561275,1.268243,0.507926
2014_02_ATL_CIN,2014,2,0.686616,5.641798,0.50419
2014_02_CHI_SF,2014,2,0.726158,6.764212,0.493033
2014_02_DAL_TEN,2014,2,0.590764,3.067009,0.50198
2014_02_DET_CAR,2014,2,0.535178,0.973799,0.499226
2014_02_HOU_OAK,2014,2,0.361063,-3.251438,0.49257
2014_02_JAX_WAS,2014,2,0.680606,5.094461,0.502791
2014_02_KC_DEN,2014,2,0.85882,12.955317,0.49868
2014_02_MIA_BUF,2014,2,0.518599,0.894758,0.49689
2014_02_NE_MIN,2014,2,0.390494,-3.474617,0.50075
2014_02_NO_CLE,2014,2,0.318514,-4.507487,0.499779
2014_02_NYJ_GB,2014,2,0.731097,7.099371,0.502937
2014_02_PHI_IND,2014,2,0.599629,3.044075,0.501302
2014_02_PIT_BAL,2014,2,0.577925,2.40269,0.497124
2014_02_SEA_SD,2014,2,0.328011,-4.618782,0.49649
2014_02_STL_TB,2014,2,0.656587,4.398186,0.511765
2014_03_BAL_CLE,2014,3,0.417382,-1.972515,0.500812
2014_03_CHI_NYJ,2014,3,0.548818,1.411595,0.497388
2014_03_DAL_STL,2014,3,0.456297,-1.478827,0.500626
2014_03_DEN_SEA,2014,3,0.634577,3.864206,0.495987
2014_03_GB_DET,2014,3,0.529833,1.473108,0.499205
2014_03_HOU_NYG,2014,3,0.513068,0.777978,0.493439
2014_03_IND_JAX,2014,3,0.285411,-6.126039,0.496275
2014_03_KC_MIA,2014,3,0.692797,6.046715,0.50138
2014_03_MIN_NO,2014,3,0.793944,9.879476,0.496438
2014_03_OAK_NE,2014,3,0.883942,14.306813,0.509066
2014_03_PIT_CAR,2014,3,0.59578,3.059491,0.501758
2014_03_SD_BUF,2014,3,0.591103,2.604738,0.503095
2014_03_SF_ARI,2014,3,0.37628,-3.304343,0.491007
2014_03_TB_ATL,2014,3,0.699565,6.320355,0.494691
2014_03_TEN_CIN,2014,3,0.712268,6.779763,0.508267
2014_03_WAS_PHI,2014,3,0.634826,4.056687,0.501675
2014_04_ATL_MIN,2014,4,0.308397,-5.41707,0.502451
2014_04_BUF_HOU,2014,4,0.607897,3.018455,0.500545
2014_04_CAR_BAL,2014,4,0.591207,3.304741,0.49423
2014_04_DET_NYJ,2014,4,0.562233,1.97482,0.499256
2014_04_GB_CHI,2014,4,0.379577,-1.789292,0.506226
2014_04_JAX_SD,2014,4,0.846362,12.727174,0.491938
2014_04_MIA_OAK,2014,4,0.342026,-4.328459,0.490295
2014_04_NE_KC,2014,4,0.386669,-3.002284,0.499933
2014_04_NO_DAL,2014,4,0.411407,-2.839461,0.504744
2014_04_NYG_WAS,2014,4,0.602586,3.193076,0.505705
2014_04_PHI_SF,2014,4,0.615767,3.430251,0.497939
2014_04_TB_PIT,2014,4,0.734294,7.526795,0.500792
2014_04_TEN_IND,2014,4,0.761714,7.858848,0.510603
2014_05_ARI_DEN,2014,5,0.753991,7.975429,0.499274
2014_05_ATL_NYG,2014,5,0.634258,3.846453,0.495463
2014_05_BAL_IND,2014,5,0.57969,2.670808,0.505047
2014_05_BUF_DET,2014,5,0.670946,4.448421,0.498476
2014_05_CHI_CAR,2014,5,0.552697,1.245352,0.492475
2014_05_CIN_NE,2014,5,0.418877,-2.511062,0.499673
2014_05_CLE_TEN,2014,5,0.427623,-1.262546,0.492242
2014_05_HOU_DAL,2014,5,0.669061,4.910681,0.497361
2014_05_KC_SF,2014,5,0.620041,3.897751,0.496978
2014_05_MIN_GB,2014,5,0.778334,8.555297,0.501634
2014_05_NYJ_SD,2014,5,0.733344,7.034028,0.501006
2014_05_PIT_JAX,2014,5,0.301108,-5.859532,0.504151
2014_05_SEA_WAS,2014,5,0.258532,-7.019564,0.499422
2014_05_STL_PHI,2014,5,0.600188,3.603741,0.503066
2014_05_TB_NO,2014,5,0.826922,11.022765,0.500673
2014_06_BAL_TB,2014,6,0.373685,-3.558666,0.498266
2014_06_CAR_CIN,2014,6,0.733294,7.216829,0.506407
2014_06_CHI_ATL,2014,6,0.633395,3.659122,0.504702
2014_06_DAL_SEA,2014,6,0.803645,10.072079,0.50213
2014_06_DEN_NYJ,2014,6,0.186762,-9.948545,0.501521
2014_06_DET_MIN,2014,6,0.536879,0.958754,0.498781
2014_06_GB_MIA,2014,6,0.433334,-1.456862,0.501275
2014_06_IND_HOU,2014,6,0.411898,-2.764968,0.49217
2014_06_JAX_TEN,2014,6,0.61408,3.833587,0.495082
2014_06_NE_BUF,2014,6,0.541332,1.1438,0.504249
2014_06_NYG_PHI,2014,6,0.531377,1.147581,0.504361
2014_06_PIT_CLE,2014,6,0.574207,2.621143,0.50358
2014_06_SD_OAK,2014,6,0.285678,-6.535496,0.513724
2014_06_SF_STL,2014,6,0.391519,-3.486334,0.500404
2014_06_WAS_ARI,2014,6,0.668095,5.17372,0.505134
2014_07_ARI_OAK,2014,7,0.37945,-3.503951,0.499883
2014_07_ATL_BAL,2014,7,0.71928,7.063703,0.501882
2014_07_CAR_GB,2014,7,0.713406,6.639728,0.504129
2014_07_CIN_IND,2014,7,0.593943,2.961238,0.498855
2014_07_CLE_JAX,2014,7,0.356398,-3.963976,0.501065
2014_07_HOU_PIT,2014,7,0.583134,2.91056,0.497357
2014_07_KC_SD,2014,7,0.598602,2.969898,0.49911
2014_07_MIA_CHI,2014,7,0.585095,3.024228,0.500716
2014_07_MIN_BUF,2014,7,0.729411,7.032457,0.500959
2014_07_NO_DET,2014,7,0.546304,1.717786,0.506436
2014_07_NYG_DAL,2014,7,0.66169,5.042171,0.501246
2014_07_NYJ_NE,2014,7,0.784608,9.533152,0.50098
2014_07_SEA_STL,2014,7,0.286783,-7.08157,0.49759
2014_07_SF_DEN,2014,7,0.734821,6.903768,0.497156
2014_07_TEN_WAS,2014,7,0.714293,6.100988,0.502984
2014_08_BAL_CIN,2014,8,0.412961,-2.41758,0.502436
2014_08_BUF_NYJ,2014,8,0.600149,3.015343,0.500453
2014_08_CHI_NE,2014,8,0.686251,5.393225,0.496845
2014_08_DET_ATL,2014,8,0.37571,-3.452935,0.501391
2014_08_GB_NO,2014,8,0.579932,2.073301,0.502166
2014_08_HOU_TEN,2014,8,0.34526,-3.82429,0.490418
2014_08_IND_PIT,2014,8,0.296721,-5.232101,0.493141
2014_08_MIA_JAX,2014,8,0.249149,-7.106541,0.496852
2014_08_MIN_TB,2014,8,0.526804,0.970767,0.499136
2014_08_OAK_CLE,2014,8,0.722387,6.428371,0.497883
2014_08_PHI_ARI,2014,8,0.528994,1.007056,0.500209
2014_08_SD_DEN,2014,8,0.788592,9.104954,0.503101
2014_08_SEA_CAR,2014,8,0.290907,-6.07633,0.497744
2014_08_STL_KC,2014,8,0.733573,7.60422,0.50308
2014_08_WAS_DAL,2014,8,0.799331,9.724223,0.506626
2014_09_ARI_DAL,2014,9,0.491933,1.236157,0.492204
2014_09_BAL_PIT,2014,9,0.580106,2.472735,0.499194
2014_09_DEN_NE,2014,9,0.39483,-2.879308,0.503567
2014_09_IND_NYG,2014,9,0.393836,-3.03721,0.4989
2014_09_JAX_CIN,2014,9,0.787792,9.915284,0.497497
2014_09_NO_CAR,2014,9,0.384022,-2.86044,0.504124
2014_09_NYJ_KC,2014,9,0.798295,9.665605,0.504894
2014_09_OAK_SEA,2014,9,0.866976,13.705931,0.506085
2014_09_PHI_HOU,2014,9,0.426202,-1.629562,0.496171
2014_09_SD_MIA,2014,9,0.607734,3.24117,0.507127
2014_09_STL_SF,2014,9,0.816815,10.693453,0.505717
2014_09_TB_CLE,2014,9,0.723874,6.883285,0.496551
2014_09_WAS_MIN,2014,9,0.471836,-0.932054,0.502008
2014_10_ATL_TB,2014,10,0.340763,-3.511138,0.499671
2014_10_CAR_PHI,2014,10,0.733488,6.916435,0.497531
2014_10_CHI_GB,2014,10,0.795516,9.475311,0.49927
2014_10_CLE_CIN,2014,10,0.691767,6.510124,0.500299
2014_10_DAL_JAX,2014,10,0.240401,-7.608521,0.496793
2014_10_DEN_OAK,2014,10,0.135764,-12.942663,0.501694
2014_10_KC_BUF,2014,10,0.565184,2.101073,0.502987
2014_10_MIA_DET,2014,10,0.594427,3.032755,0.500968
2014_10_NYG_SEA,2014,10,0.776763,9.101603,0.503002
2014_10_PIT_NYJ,2014,10,0.348274,-4.509995,0.499705
2014_10_SF_NO,2014,10,0.7043,6.158765,0.504692
2014_10_STL_ARI,2014,10,0.736384,7.095945,0.502835
2014_10_TEN_BAL,2014,10,0.826517,10.688313,0.505565
2014_11_ATL_CAR,2014,11,0.383937,-2.419398,0.502382
2014_11_BUF_MIA,2014,11,0.617859,3.924564,0.497771
2014_11_CIN_NO,2014,11,0.786105,8.507825,0.500231
2014_11_DEN_STL,2014,11,0.222601,-8.12145,0.496411
2014_11_DET_ARI,2014,11,0.458036,-1.259041,0.492345
2014_11_HOU_CLE,2014,11,0.681567,4.760072,0.507685
2014_11_MIN_CHI,2014,11,0.583606,2.572939,0.502155
2014_11_NE_IND,2014,11,0.589591,2.918044,0.497578
2014_11_OAK_SD,2014,11,0.810237,10.432166,0.497995
2014_11_PHI_GB,2014,11,0.656359,4.525078,0.500741
2014_11_PIT_TEN,2014,11,0.275487,-6.947489,0.501552
2014_11_SEA_KC,2014,11,0.446247,-1.116695,0.496552
2014_11_SF_NYG,2014,11,0.35141,-4.137393,0.49594
2014_11_TB_WAS,2014,11,0.715805,6.521341,0.500631
2014_12_ARI_SEA,2014,12,0.743346,7.509071,0.500268
2014_12_BAL_NO,2014,12,0.582061,2.538695,0.501143
2014_12_CIN_HOU,2014,12,0.58276,2.943932,0.498343
2014_12_CLE_ATL,2014,12,0.598231,2.978069,0.499352
2014_12_DAL_NYG,2014,12,0.327584,-4.151348,0.495528
2014_12_DET_NE,2014,12,0.738557,7.353549,0.495672
2014_12_GB_MIN,2014,12,0.243978,-7.49942,0.500017
2014_12_JAX_IND,2014,12,0.873576,13.382753,0.511309
2014_12_KC_OAK,2014,12,0.245281,-7.628814,0.496193
2014_12_MIA_DEN,2014,12,0.713961,6.599337,0.502936
2014_12_NYJ_BUF,2014,12,0.586443,2.561074,0.501805
2014_12_STL_SD,2014,12,0.649159,4.136026,0.50402
2014_12_TB_CHI,2014,12,0.631331,3.913299,0.497438
2014_12_TEN_PHI,2014,12,0.818688,10.987351,0.499626
2014_12_WAS_SF,2014,12,0.785551,8.989808,0.499699
2014_13_ARI_ATL,2014,13,0.445012,-1.438808,0.501808
2014_13_CAR_MIN,2014,13,0.591239,2.370086,0.496161
2014_13_CHI_DET,2014,13,0.75239,7.723944,0.506618
2014_13_CIN_TB,2014,13,0.275355,-5.931973,0.50201
2014_13_CLE_BUF,2014,13,0.591672,2.721446,0.491769
2014_13_DEN_KC,2014,13,0.532588,0.951641,0.498571
2014_13_MIA_NYJ,2014,13,0.291109,-6.415383,0.502501
2014_13_NE_GB,2014,13,0.593325,2.793764,0.493906
2014_13_NO_PIT,2014,13,0.603714,3.559374,0.501755
2014_13_NYG_JAX,2014,13,0.382081,-3.009982,0.499705
2014_13_OAK_STL,2014,13,0.70701,6.392553,0.496825
2014_13_PHI_DAL,2014,13,0.610856,3.053954,0.501594
2014_13_SD_BAL,2014,13,0.713788,6.643113,0.504229
2014_13_SEA_SF,2014,13,0.50554,0.923369,0.497735
2014_13_TEN_HOU,2014,13,0.745083,7.062995,0.501862
2014_13_WAS_IND,2014,13,0.735224,7.694879,0.505759
2014_14_ATL_GB,2014,14,0.873789,13.401292,0.497083
2014_14_BAL_MIA,2014,14,0.589446,2.915435,0.497501
2014_14_BUF_DEN,2014,14,0.781781,9.036438,0.501077
2014_14_CAR_NO,2014,14,0.780986,8.474115,0.499235
2014_14_DAL_CHI,2014,14,0.354939,-3.564734,0.498087
2014_14_HOU_JAX,2014,14,0.278251,-6.398719,0.502993
2014_14_IND_CLE,2014,14,0.393506,-2.965721,0.501013
2014_14_KC_ARI,2014,14,0.39891,-2.524341,0.499281
2014_14_NE_SD,2014,14,0.341212,-4.260658,0.492298
2014_14_NYG_TEN,2014,14,0.36723,-2.845517,0.504565
2014_14_NYJ_MIN,2014,14,0.643903,4.478831,0.499374
2014_14_PIT_CIN,2014,14,0.593435,2.71555,0.491595
2014_14_SEA_PHI,2014,14,0.437048,-1.480844,0.500566
2014_14_SF_OAK,2014,14,0.244502,-7.968647,0.500927
2014_14_STL_WAS,2014,14,0.395335,-2.299463,0.505926
2014_14_TB_DET,2014,14,0.833112,10.691159,0.505649
2014_15_ARI_STL,2014,15,0.711382,5.950425,0.498535
2014_15_CIN_CLE,2014,15,0.581862,2.654057,0.504552
2014_15_DAL_PHI,2014,15,0.610527,3.512083,0.500357
2014_15_DEN_SD,2014,15,0.349688,-4.099967,0.497046
2014_15_GB_BUF,2014,15,0.361135,-3.507238,0.499786
2014_15_HOU_IND,2014,15,0.73058,7.032164,0.50095
2014_15_JAX_BAL,2014,15,0.880169,13.941291,0.498265
2014_15_MIA_NE,2014,15,0.80074,9.851788,0.510395
2014_15_MIN_DET,2014,15,0.768616,8.040983,0.501211
2014_15_NO_CHI,2014,15,0.362405,-3.073654,0.497823
2014_15_NYJ_TEN,2014,15,0.344476,-3.653021,0.495478
2014_15_OAK_KC,2014,15,0.81953,11.063766,0.501884
2014_15_PIT_ATL,2014,15,0.385938,-2.969395,0.500904
2014_15_SF_SEA,2014,15,0.808709,9.892024,0.496809
2014_15_TB_CAR,2014,15,0.607764,3.427016,0.497843
2014_15_WAS_NYG,2014,15,0.73013,6.662088,0.490015
2014_16_ATL_NO,2014,16,0.688876,5.670583,0.490266
2014_16_BAL_HOU,2014,16,0.257059,-6.222289,0.493431
2014_16_BUF_OAK,2014,16,0.255521,-7.034785,0.498972
2014_16_CLE_CAR,2014,16,0.703896,6.044679,0.50132
2014_16_DEN_CIN,2014,16,0.369045,-3.744365,0.492779
2014_16_DET_CHI,2014,16,0.163953,-10.301423,0.491093
2014_16_GB_TB,2014,16,0.151476,-11.540933,0.49879
2014_16_IND_DAL,2014,16,0.621096,3.311768,0.494438
2014_16_KC_PIT,2014,16,0.572693,2.175502,0.490412
2014_16_MIN_MIA,2014,16,0.660829,4.483632,0.499516
2014_16_NE_NYJ,2014,16,0.188895,-10.031181,0.499079
2014_16_NYG_STL,2014,16,0.734053,7.028049,0.500829
2014_16_PHI_WAS,2014,16,0.246682,-7.178181,0.494735
2014_16_SD_SF,2014,16,0.580661,2.182702,0.505399
2014_16_SEA_ARI,2014,16,0.18399,-9.871747,0.489016
2014_16_TEN_JAX,2014,16,0.616956,3.87449,0.496291
2014_17_ARI_SF,2014,17,0.709169,6.362009,0.510697
2014_17_BUF_NE,2014,17,0.634807,4.400882,0.497071
2014_17_CAR_ATL,2014,17,0.566695,2.469153,0.499088
2014_17_CHI_MIN,2014,17,0.738584,7.05295,0.501565
2014_17_CIN_PIT,2014,17,0.596367,2.946949,0.498432
2014_17_CLE_BAL,2014,17,0.87768,14.201449,0.505953
2014_17_DAL_WAS,2014,17,0.282448,-6.176154,0.494795
2014_17_DET_GB,2014,17,0.779686,8.92067,0.497656
2014_17_IND_TEN,2014,17,0.271083,-7.679688,0.49469
2014_17_JAX_HOU,2014,17,0.751553,8.295698,0.493963
2014_17_NO_TB,2014,17,0.292805,-6.087308,0.49742
2014_17_NYJ_MIA,2014,17,0.736175,7.078298,0.502314
2014_17_OAK_DEN,2014,17,0.910737,16.566111,0.501954
2014_17_PHI_NYG,2014,17,0.44193,-1.086938,0.497431
2014_17_SD_KC,2014,17,0.571083,2.749634,0.492602
2014_17_STL_SEA,2014,17,0.829293,11.273352,0.508077
2014_18_ARI_CAR,2014,18,0.694804,5.627971,0.503782
2014_18_BAL_PIT,2014,18,0.598508,2.942162,0.498291
2014_18_CIN_IND,2014,18,0.609586,3.506133,0.500181
2014_18_DET_DAL,2014,18,0.688395,5.853816,0.49568
2014_19_BAL_NE,2014,19,0.709285,7.184482,0.505452
2014_19_CAR_SEA,2014,19,0.874856,13.4624,0.498889
2014_19_DAL_GB,2014,19,0.689984,5.428399,0.497884
2014_19_IND_DEN,2014,19,0.796975,9.51341,0.500396
2014_20_GB_SEA,2014,20,0.76315,8.488739,0.499667
2014_20_IND_NE,2014,20,0.737343,7.156664,0.50463
2014_21_NE_SEA,2014,21,0.444651,-1.143653,0.495755
2015_01_BAL_DEN,2015,1,0.659791,4.379947,0.496452
2015_01_CAR_JAX,2015,1,0.38979,-3.058534,0.49827
2015_01_CIN_OAK,2015,1,0.383626,-3.00737,0.499782
2015_01_CLE_NYJ,2015,1,0.623664,3.532162,0.50095
2015_01_DET_SD,2015,1,0.617226,3.467037,0.499026
2015_01_GB_CHI,2015,1,0.309591,-5.395425,0.50309
2015_01_IND_BUF,2015,1,0.443379,-1.201208,0.494054
2015_01_KC_HOU,2015,1,0.443053,-1.086072,0.497456
2015_01_MIA_WAS,2015,1,0.351916,-3.997569,0.500072
2015_01_MIN_SF,2015,1,0.401315,-2.525422,0.499249
2015_01_NO_ARI,2015,1,0.596105,2.269759,0.507971
2015_01_NYG_DAL,2015,1,0.734238,7.073485,0.502172
2015_01_PHI_ATL,2015,1,0.377358,-3.419527,0.502378
2015_01_PIT_NE,2015,1,0.747629,7.577889,0.502302
2015_01_SEA_STL,2015,1,0.368645,-3.494998,0.500148
2015_01_TEN_TB,2015,1,0.60981,3.067403,0.501992
2015_02_ARI_CHI,2015,2,0.388227,-1.982599,0.500514
2015_02_ATL_NYG,2015,2,0.551223,1.84304,0.495362
2015_02_BAL_OAK,2015,2,0.288167,-6.134625,0.496022
2015_02_DAL_PHI,2015,2,0.73679,6.730336,0.492032
2015_02_DEN_KC,2015,2,0.602885,3.028919,0.500855
2015_02_DET_MIN,2015,2,0.575375,2.479466,0.499393
2015_02_HOU_CAR,2015,2,0.607359,3.062686,0.501852
2015_02_MIA_JAX,2015,2,0.310234,-5.179509,0.494695
2015_02_NE_BUF,2015,2,0.56781,1.898631,0.497004
2015_02_NYJ_IND,2015,2,0.680528,5.932379,0.498002
2015_02_SD_CIN,2015,2,0.636726,3.602488,0.503029
2015_02_SEA_GB,2015,2,0.609812,3.5218,0.500644
2015_02_SF_PIT,2015,2,0.704668,6.108204,0.503198
2015_02_STL_WAS,2015,2,0.374493,-2.849642,0.504443
2015_02_TB_NO,2015,2,0.791273,9.463403,0.498919
2015_02_TEN_CLE,2015,2,0.511949,0.90223,0.497111
2015_03_ATL_DAL,2015,3,0.510186,0.833623,0.495083
2015_03_BUF_MIA,2015,3,0.517317,0.962281,0.498885
2015_03_CHI_SEA,2015,3,0.918355,16.45402,0.498641
2015_03_CIN_BAL,2015,3,0.566123,2.498417,0.499953
2015_03_DEN_DET,2015,3,0.383172,-2.96966,0.500897
2015_03_IND_TEN,2015,3,0.403317,-2.961237,0.501145
2015_03_JAX_NE,2015,3,0.895696,14.702287,0.505978
2015_03_KC_GB,2015,3,0.627548,4.405707,0.497214
2015_03_NO_CAR,2015,3,0.826516,10.279686,0.508264
2015_03_OAK_CLE,2015,3,0.613249,3.643692,0.504246
2015_03_PHI_NYJ,2015,3,0.626721,3.390887,0.51155
2015_03_PIT_STL,2015,3,0.556607,1.554787,0.501619
2015_03_SD_MIN,2015,3,0.594436,2.595575,0.502824
2015_03_SF_ARI,2015,3,0.73871,7.193206,0.505709
2015_03_TB_HOU,2015,3,0.700441,6.106796,0.503156
2015_03_WAS_NYG,2015,3,0.575643,2.780875,0.493525
2015_04_BAL_PIT,2015,4,0.331782,-3.644525,0.480961
2015_04_CAR_TB,2015,4,0.36052,-3.278107,0.491782
2015_04_CLE_SD,2015,4,0.626458,4.443656,0.498335
2015_04_DAL_NO,2015,4,0.609972,3.077752,0.502298
2015_04_DET_SEA,2015,4,0.812916,10.037416,0.501106
2015_04_GB_SF,2015,4,0.26108,-7.458305,0.501232
2015_04_HOU_ATL,2015,4,0.609338,3.784801,0.493641
2015_04_JAX_IND,2015,4,0.624554,3.851199,0.495603
2015_04_KC_CIN,2015,4,0.608475,3.371364,0.496199
2015_04_MIN_DEN,2015,4,0.727145,7.061923,0.50183
2015_04_NYG_BUF,2015,4,0.701777,5.878444,0.496408
2015_04_NYJ_MIA,2015,4,0.411515,-2.533022,0.499024
2015_04_OAK_CHI,2015,4,0.385124,-2.683525,0.509351
2015_04_PHI_WAS,2015,4,0.370981,-2.877216,0.503628
2015_04_STL_ARI,2015,4,0.743437,7.216733,0.506404
2015_05_ARI_DET,2015,5,0.308511,-4.827021,0.490337
2015_05_BUF_TEN,2015,5,0.537202,1.032042,0.500947
2015_05_CHI_KC,2015,5,0.814388,9.649649,0.489648
2015_05_CLE_BAL,2015,5,0.693454,5.941752,0.498279
2015_05_DEN_OAK,2015,5,0.321105,-5.304109,0.491014
2015_05_IND_HOU,2015,5,0.652247,4.536595,0.501081
2015_05_JAX_TB,2015,5,0.504972,0.870671,0.496178
2015_05_NE_DAL,2015,5,0.22556,-7.862992,0.504049
2015_05_NO_PHI,2015,5,0.719562,6.404138,0.497167
2015_05_PIT_SD,2015,5,0.683332,4.6203,0.518324
2015_05_SEA_CIN,2015,5,0.604682,3.002571,0.500076
2015_05_SF_NYG,2015,5,0.737852,7.650741,0.504454
2015_05_STL_GB,2015,5,0.756249,8.600234,0.502962
2015_05_WAS_ATL,2015,5,0.746617,7.225164,0.491879
2015_06_ARI_PIT,2015,6,0.267165,-6.214821,0.478886
2015_06_ATL_NO,2015,6,0.366604,-2.767936,0.506857
2015_06_BAL_SF,2015,6,0.407034,-2.55132,0.498483
2015_06_CAR_SEA,2015,6,0.729618,6.892875,0.496834
2015_06_CHI_DET,2015,6,0.62418,3.46362,0.498925
2015_06_CIN_BUF,2015,6,0.361312,-3.174521,0.494843
2015_06_DEN_CLE,2015,6,0.386396,-3.614067,0.496629
2015_06_HOU_JAX,2015,6,0.578557,2.298986,0.49406
2015_06_KC_MIN,2015,6,0.643177,3.626072,0.503726
2015_06_MIA_TEN,2015,6,0.588054,2.525273,0.500747
2015_06_NE_IND,2015,6,0.234397,-7.989013,0.500325
2015_06_NYG_PHI,2015,6,0.622447,3.129104,0.489041
2015_06_SD_GB,2015,6,0.8261,10.65884,0.504694
2015_06_WAS_NYJ,2015,6,0.758546,7.551668,0.501527
2015_07_ATL_TEN,2015,7,0.281562,-5.710929,0.493767
2015_07_BAL_ARI,2015,7,0.806822,10.106103,0.503135
2015_07_BUF_JAX,2015,7,0.410371,-3.440777,0.50175
2015_07_CLE_STL,2015,7,0.714866,6.042317,0.486477
2015_07_DAL_NYG,2015,7,0.617276,3.138852,0.504103
2015_07_HOU_MIA,2015,7,0.635254,4.45829,0.498767
2015_07_MIN_DET,2015,7,0.52774,0.921882,0.497692
2015_07_NO_IND,2015,7,0.680975,5.597594,0.502884
2015_07_NYJ_NE,2015,7,0.712517,7.106132,0.503136
2015_07_OAK_SD,2015,7,0.598654,3.110189,0.488482
2015_07_PHI_CAR,2015,7,0.599295,3.028317,0.500837
2015_07_PIT_KC,2015,7,0.620673,3.84105,0.495303
2015_07_SEA_SF,2015,7,0.279841,-6.45062,0.501459
2015_07_TB_WAS,2015,7,0.608935,3.006239,0.500184
2015_08_ARI_CLE,2015,8,0.268622,-7.093938,0.497224
2015_08_CIN_PIT,2015,8,0.546438,1.278345,0.508225
2015_08_DET_KC,2015,8,0.583455,2.939213,0.498204
2015_08_GB_DEN,2015,8,0.399408,-2.503778,0.499888
2015_08_IND_CAR,2015,8,0.65933,5.056443,0.501668
2015_08_MIA_NE,2015,8,0.74546,8.024357,0.50072
2015_08_MIN_CHI,2015,8,0.454047,-1.044841,0.498675
2015_08_NYG_NO,2015,8,0.600743,2.981754,0.499461
2015_08_NYJ_OAK,2015,8,0.400221,-3.014039,0.499585
2015_08_SD_BAL,2015,8,0.668824,4.609848,0.503246
2015_08_SEA_DAL,2015,8,0.318334,-4.632423,0.496087
2015_08_SF_STL,2015,8,0.756605,7.64646,0.489554
2015_08_TB_ATL,2015,8,0.776406,8.220237,0.506508
2015_08_TEN_HOU,2015,8,0.643852,3.839285,0.510025
2015_09_ATL_SF,2015,9,0.188814,-9.347735,0.5045
2015_09_CHI_SD,2015,9,0.593132,3.125121,0.488923
2015_09_CLE_CIN,2015,9,0.879837,13.410619,0.512132
2015_09_DEN_IND,2015,9,0.367897,-3.391197,0.503215
2015_09_GB_CAR,2015,9,0.416415,-1.916135,0.502478
2015_09_JAX_NYJ,2015,9,0.738224,7.435406,0.498091
2015_09_MIA_BUF,2015,9,0.637215,3.992349,0.499774
2015_09_NYG_TB,2015,9,0.446908,-1.104248,0.511693
2015_09_OAK_PIT,2015,9,0.721472,6.315743,0.50933
2015_09_PHI_DAL,2015,9,0.370089,-3.117501,0.496528
2015_09_STL_MIN,2015,9,0.580361,2.605582,0.51789
2015_09_TEN_NO,2015,9,0.72726,7.028685,0.500848
2015_09_WAS_NE,2015,9,0.869527,13.502584,0.500076
2015_10_ARI_SEA,2015,10,0.591371,2.788661,0.493755
2015_10_BUF_NYJ,2015,10,0.559249,2.242436,0.492389
2015_10_CAR_TEN,2015,10,0.36087,-3.616427,0.496559
2015_10_CHI_STL,2015,10,0.746782,7.038274,0.486358
2015_10_CLE_PIT,2015,10,0.76684,7.400638,0.511838
2015_10_DAL_TB,2015,10,0.444256,-0.846644,0.504532
2015_10_DET_GB,2015,10,0.819016,10.440807,0.498251
2015_10_HOU_CIN,2015,10,0.809173,10.173419,0.505125
2015_10_JAX_BAL,2015,10,0.641868,3.982734,0.49949
2015_10_KC_DEN,2015,10,0.637819,4.194238,0.50574
2015_10_MIA_PHI,2015,10,0.684838,5.47393,0.49923
2015_10_MIN_OAK,2015,10,0.59229,2.892544,0.496825
2015_10_NE_NYG,2015,10,0.278208,-7.154364,0.495438
2015_10_NO_WAS,2015,10,0.461314,-0.956845,0.501275
2015_11_BUF_NE,2015,11,0.722538,7.209381,0.506187
2015_11_CIN_ARI,2015,11,0.634634,4.140455,0.504151
2015_11_DAL_MIA,2015,11,0.381391,-2.825791,0.490373
2015_11_DEN_CHI,2015,11,0.402449,-2.614465,0.496617
2015_11_GB_MIN,2015,11,0.461416,-0.991361,0.500255
2015_11_IND_ATL,2015,11,0.63325,3.679829,0.505314
2015_11_KC_SD,2015,11,0.388203,-3.194383,0.494256
2015_11_NYJ_HOU,2015,11,0.319132,-4.320031,0.490544
2015_11_OAK_DET,2015,11,0.426769,-1.898576,0.502997
2015_11_SF_SEA,2015,11,0.877516,14.06177,0.501825
2015_11_STL_BAL,2015,11,0.588413,2.978057,0.499352
2015_11_TB_PHI,2015,11,0.741517,6.969874,0.49911
2015_11_TEN_JAX,2015,11,0.590773,2.917713,0.497568
2015_11_WAS_CAR,2015,11,0.717169,7.132884,0.503927
2015_12_ARI_SF,2015,12,0.245158,-7.660074,0.49527
2015_12_BAL_CLE,2015,12,0.721338,6.144533,0.504271
2015_12_BUF_KC,2015,12,0.663635,4.201225,0.491172
2015_12_CAR_DAL,2015,12,0.473654,-0.846531,0.504535
2015_12_CHI_GB,2015,12,0.758555,7.716608,0.506401
2015_12_MIA_NYJ,2015,12,0.657969,4.581146,0.502398
2015_12_MIN_ATL,2015,12,0.553043,2.037541,0.501109
2015_12_NE_DEN,2015,12,0.403399,-2.570206,0.497925
2015_12_NO_HOU,2015,12,0.628134,3.680267,0.505327
2015_12_NYG_WAS,2015,12,0.471041,-1.104555,0.49691
2015_12_OAK_TEN,2015,12,0.474712,-0.784481,0.506369
2015_12_PHI_DET,2015,12,0.603535,3.091446,0.502702
2015_12_PIT_SEA,2015,12,0.566533,2.88281,0.496537
2015_12_SD_JAX,2015,12,0.686514,5.051485,0.501521
2015_12_STL_CIN,2015,12,0.833448,10.856743,0.510541
2015_12_TB_IND,2015,12,0.581682,3.040842,0.501207
2015_13_ARI_STL,2015,13,0.363737,-3.960338,0.486399
2015_13_ATL_TB,2015,13,0.505897,1.332781,0.509833
2015_13_BAL_MIA,2015,13,0.621415,3.63915,0.504112
2015_13_CAR_NO,2015,13,0.292593,-5.562885,0.498142
2015_13_CIN_CLE,2015,13,0.233257,-7.657563,0.495344
2015_13_DAL_WAS,2015,13,0.559564,1.901969,0.497103
2015_13_DEN_SD,2015,13,0.290751,-6.429691,0.487304
2015_13_GB_DET,2015,13,0.403603,-2.451187,0.501442
2015_13_HOU_BUF,2015,13,0.566771,2.845101,0.495423
2015_13_IND_PIT,2015,13,0.83288,10.023514,0.500695
2015_13_JAX_TEN,2015,13,0.598999,3.047991,0.501418
2015_13_KC_OAK,2015,13,0.396347,-3.356309,0.489472
2015_13_NYJ_NYG,2015,13,0.403435,-2.066515,0.498034
2015_13_PHI_NE,2015,13,0.782654,9.995056,0.514626
2015_13_SEA_MIN,2015,13,0.395457,-2.753791,0.492501
2015_13_SF_CHI,2015,13,0.690937,5.844244,0.495397
2015_14_ATL_CAR,2015,14,0.774595,8.626736,0.503745
2015_14_BUF_PHI,2015,14,0.540523,1.027368,0.500809
2015_14_DAL_GB,2015,14,0.686411,6.058448,0.501727
2015_14_DET_STL,2015,14,0.378644,-3.818945,0.475814
2015_14_IND_JAX,2015,14,0.539382,0.953583,0.498628
2015_14_MIN_ARI,2015,14,0.796568,10.001422,0.500042
2015_14_NE_HOU,2015,14,0.357638,-4.419601,0.487602
2015_14_NO_TB,2015,14,0.69453,6.127813,0.503777
2015_14_NYG_MIA,2015,14,0.405507,-2.481261,0.500554
2015_14_OAK_DEN,2015,14,0.699469,6.078597,0.502323
2015_14_PIT_CIN,2015,14,0.506025,0.904412,0.497175
2015_14_SD_KC,2015,14,0.837378,12.002538,0.514847
2015_14_SEA_BAL,2015,14,0.150172,-10.846114,0.489773
2015_14_SF_CLE,2015,14,0.590784,2.644786,0.504279
2015_14_TEN_NYJ,2015,14,0.763672,7.878608,0.496413
2015_14_WAS_CHI,2015,14,0.638396,4.340902,0.510073
2015_15_ARI_PHI,2015,15,0.384753,-3.607702,0.496817
2015_15_ATL_JAX,2015,15,0.570032,2.215951,0.506381
2015_15_BUF_WAS,2015,15,0.422762,-2.511181,0.49967
2015_15_CAR_NYG,2015,15,0.319786,-4.561057,0.498196
2015_15_CHI_MIN,2015,15,0.626567,3.913934,0.497457
2015_15_CIN_SF,2015,15,0.286074,-6.518925,0.514213
2015_15_CLE_SEA,2015,15,0.891749,14.58933,0.50264
2015_15_DEN_PIT,2015,15,0.758432,7.68316,0.505412
2015_15_DET_NO,2015,15,0.592104,2.325294,0.494837
2015_15_GB_OAK,2015,15,0.343407,-4.202438,0.494018
2015_15_HOU_IND,2015,15,0.591436,2.729799,0.506791
2015_15_KC_BAL,2015,15,0.26225,-7.111487,0.481936
2015_15_MIA_SD,2015,15,0.536765,1.067546,0.501996
2015_15_NYJ_DAL,2015,15,0.366246,-3.114244,0.496624
2015_15_TB_STL,2015,15,0.538609,0.684462,0.490676
2015_15_TEN_NE,2015,15,0.892615,14.84841,0.510295
2015_16_CAR_ATL,2015,16,0.257141,-7.091989,0.497282
2015_16_CHI_TB,2015,16,0.579968,2.941949,0.498285
2015_16_CIN_DEN,2015,16,0.6549,3.812642,0.509238
2015_16_CLE_KC,2015,16,0.825884,11.761858,0.507738
2015_16_DAL_BUF,2015,16,0.711813,6.355636,0.495734
2015_16_GB_ARI,2015,16,0.704995,6.004289,0.500127
2015_16_HOU_TEN,2015,16,0.348799,-3.671405,0.494935
2015_16_IND_MIA,2015,16,0.574908,2.355932,0.495743
2015_16_JAX_NO,2015,16,0.555779,2.494696,0.499843
2015_16_NE_NYJ,2015,16,0.407751,-2.795842,0.491258
2015_16_NYG_MIN,2015,16,0.74072,7.065714,0.501942
2015_16_PIT_BAL,2015,16,0.157986,-11.103517,0.496941
2015_16_SD_OAK,2015,16,0.634844,3.955961,0.498699
2015_16_SF_DET,2015,16,0.794311,8.714808,0.506348
2015_16_STL_SEA,2015,16,0.814316,10.991918,0.499761
2015_16_WAS_PHI,2015,16,0.611239,3.497254,0.499919
2015_17_BAL_CIN,2015,17,0.786188,9.741386,0.492358
2015_17_DET_CHI,2015,17,0.39839,-2.658282,0.495323
2015_17_JAX_HOU,2015,17,0.668782,4.994995,0.499852
2015_17_MIN_GB,2015,17,0.604619,3.218557,0.506458
2015_17_NE_MIA,2015,17,0.199708,-10.239747,0.492916
2015_17_NO_ATL,2015,17,0.726346,6.027466,0.500812
2015_17_NYJ_BUF,2015,17,0.40984,-2.418402,0.502411
2015_17_OAK_KC,2015,17,0.703653,6.735449,0.506957
2015_17_PHI_NYG,2015,17,0.63223,4.118354,0.503497
2015_17_PIT_CLE,2015,17,0.104531,-13.371834,0.489013
2015_17_SD_DEN,2015,17,0.81993,10.049195,0.501454
2015_17_SEA_ARI,2015,17,0.714562,6.003406,0.500101
2015_17_STL_SF,2015,17,0.347207,-3.361067,0.489331
2015_17_TB_CAR,2015,17,0.81588,10.246066,0.507271
2015_17_TEN_IND,2015,17,0.638021,3.668472,0.504978
2015_17_WAS_DAL,2015,17,0.595558,3.202168,0.505974
2015_18_GB_WAS,2015,18,0.572457,1.844005,0.49539
2015_18_KC_HOU,2015,18,0.386125,-3.031349,0.499074
2015_18_PIT_CIN,2015,18,0.407387,-2.161196,0.495237
2015_18_SEA_MIN,2015,18,0.356131,-4.011074,0.499673
2015_19_GB_ARI,2015,19,0.734809,7.043352,0.501281
2015_19_KC_NE,2015,19,0.719811,6.089741,0.502652
2015_19_PIT_DEN,2015,19,0.72718,6.565517,0.487163
2015_19_SEA_CAR,2015,19,0.574527,2.584125,0.502486
2015_20_ARI_CAR,2015,20,0.608316,3.591257,0.502697
2015_20_NE_DEN,2015,20,0.403213,-2.832949,0.490162
2015_21_CAR_DEN,2015,21,0.329583,-4.554505,0.498389
2016_01_BUF_BAL,2016,1,0.610053,3.3891,0.511497
2016_01_CAR_DEN,2016,1,0.377528,-3.113138,0.496657
2016_01_CHI_HOU,2016,1,0.680728,5.620913,0.503573
2016_01_CIN_NYJ,2016,1,0.514941,0.860638,0.495882
2016_01_CLE_PHI,2016,1,0.60949,3.466954,0.499023
2016_01_DET_IND,2016,1,0.586626,2.600986,0.502984
2016_01_GB_JAX,2016,1,0.365337,-3.603608,0.496938
2016_01_LA_SF,2016,1,0.39716,-2.492098,0.500234
2016_01_MIA_SEA,2016,1,0.81197,10.411034,0.497371
2016_01_MIN_TEN,2016,1,0.420442,-2.263256,0.506996
2016_01_NE_ARI,2016,1,0.797361,9.292779,0.508651
2016_01_NYG_DAL,2016,1,0.525099,0.982152,0.499473
2016_01_OAK_NO,2016,1,0.573072,2.455685,0.49869
2016_01_PIT_WAS,2016,1,0.404925,-2.610415,0.496737
2016_01_SD_KC,2016,1,0.707096,6.582097,0.502426
2016_01_TB_ATL,2016,1,0.578316,2.436397,0.49812
2016_02_ATL_OAK,2016,2,0.634584,4.113814,0.503363
2016_02_BAL_CLE,2016,2,0.352593,-4.330973,0.49022
2016_02_CIN_PIT,2016,2,0.578661,2.868593,0.496117
2016_02_DAL_WAS,2016,2,0.609023,3.448994,0.498493
2016_02_GB_MIN,2016,2,0.424776,-1.656775,0.495367
2016_02_IND_DEN,2016,2,0.662178,4.850631,0.495586
2016_02_JAX_SD,2016,2,0.596561,2.974961,0.49926
2016_02_KC_HOU,2016,2,0.455125,-1.050351,0.498512
2016_02_MIA_NE,2016,2,0.674183,5.465264,0.498974
2016_02_NO_NYG,2016,2,0.622701,3.601463,0.502998
2016_02_NYJ_BUF,2016,2,0.540314,1.553097,0.501569
2016_02_PHI_CHI,2016,2,0.60022,2.965174,0.498971
2016_02_SEA_LA,2016,2,0.308373,-5.505263,0.499844
2016_02_SF_CAR,2016,2,0.839921,11.90171,0.497095
2016_02_TB_ARI,2016,2,0.734306,7.461133,0.498851
2016_02_TEN_DET,2016,2,0.690736,5.871765,0.496211
2016_03_ARI_BUF,2016,3,0.324303,-4.938064,0.50183
2016_03_ATL_NO,2016,3,0.563863,2.506277,0.500185
2016_03_BAL_JAX,2016,3,0.42324,-1.277792,0.491791
2016_03_CHI_DAL,2016,3,0.725381,6.642046,0.504198
2016_03_CLE_MIA,2016,3,0.818049,10.181983,0.505378
2016_03_DEN_CIN,2016,3,0.638318,3.510703,0.500316
2016_03_DET_GB,2016,3,0.690541,5.796515,0.493987
2016_03_HOU_NE,2016,3,0.496538,0.734167,0.492145
2016_03_LA_TB,2016,3,0.601849,3.569091,0.502042
2016_03_MIN_CAR,2016,3,0.687566,5.895471,0.496911
2016_03_NYJ_KC,2016,3,0.601888,3.141358,0.504177
2016_03_OAK_TEN,2016,3,0.435639,-1.466474,0.500991
2016_03_PIT_PHI,2016,3,0.360939,-3.570397,0.49792
2016_03_SD_IND,2016,3,0.548515,1.897331,0.51174
2016_03_SF_SEA,2016,3,0.808654,10.404324,0.497173
2016_03_WAS_NYG,2016,3,0.61136,3.579295,0.502343
2016_04_BUF_NE,2016,4,0.596136,3.08867,0.487847
2016_04_CAR_ATL,2016,4,0.415098,-2.599766,0.497052
2016_04_CLE_WAS,2016,4,0.730633,7.328311,0.494926
2016_04_DAL_SF,2016,4,0.451514,-1.331315,0.49021
2016_04_DEN_TB,2016,4,0.354212,-4.008964,0.484963
2016_04_DET_CHI,2016,4,0.370682,-3.27539,0.491862
2016_04_IND_JAX,2016,4,0.5229,0.764261,0.493034
2016_04_KC_PIT,2016,4,0.580464,2.967157,0.499029
2016_04_LA_ARI,2016,4,0.809559,10.186894,0.505523
2016_04_MIA_CIN,2016,4,0.7716,7.831717,0.509802
2016_04_NO_SD,2016,4,0.612549,3.617234,0.48869
2016_04_NYG_MIN,2016,4,0.632876,3.549634,0.501467
2016_04_OAK_BAL,2016,4,0.616423,3.652094,0.504494
2016_04_SEA_NYJ,2016,4,0.46848,-0.623488,0.511125
2016_04_TEN_HOU,2016,4,0.637959,4.099256,0.502933
2016_05_ARI_SF,2016,5,0.384085,-3.286405,0.506312
2016_05_ATL_DEN,2016,5,0.617157,3.505958,0.500176
2016_05_BUF_LA,2016,5,0.367017,-3.0221,0.484575
2016_05_CHI_IND,2016,5,0.646016,4.129332,0.503822
2016_05_CIN_DAL,2016,5,0.384524,-2.447736,0.501544
2016_05_HOU_MIN,2016,5,0.69255,6.212798,0.506288
2016_05_NE_CLE,2016,5,0.186009,-10.024276,0.499283
2016_05_NYG_GB,2016,5,0.72473,6.954521,0.498656
2016_05_NYJ_PIT,2016,5,0.798064,9.832105,0.495039
2016_05_PHI_DET,2016,5,0.360096,-3.311587,0.505568
2016_05_SD_OAK,2016,5,0.612344,3.629916,0.503839
2016_05_TB_CAR,2016,5,0.703267,5.927157,0.497847
2016_05_TEN_MIA,2016,5,0.55679,2.31699,0.494592
2016_05_WAS_BAL,2016,5,0.616803,3.972207,0.499179
2016_06_ATL_SEA,2016,6,0.722021,7.045276,0.501338
2016_06_BAL_NYG,2016,6,0.621846,3.161112,0.489986
2016_06_CAR_NO,2016,6,0.373892,-2.685595,0.494516
2016_06_CIN_NE,2016,6,0.738488,7.592392,0.50273
2016_06_CLE_TEN,2016,6,0.74254,7.348532,0.495524
2016_06_DAL_GB,2016,6,0.651581,4.804244,0.494215
2016_06_DEN_SD,2016,6,0.361426,-3.52937,0.48436
2016_06_IND_HOU,2016,6,0.584975,2.868147,0.496104
2016_06_JAX_CHI,2016,6,0.596108,2.828532,0.509708
2016_06_KC_OAK,2016,6,0.454675,-0.980113,0.500588
2016_06_LA_DET,2016,6,0.5607,2.58837,0.502611
2016_06_NYJ_ARI,2016,6,0.746378,7.682881,0.505404
2016_06_PHI_WAS,2016,6,0.377044,-3.011231,0.499668
2016_06_PIT_MIA,2016,6,0.236964,-8.00425,0.485102
2016_06_SF_BUF,2016,6,0.749796,7.744771,0.507233
2016_07_BAL_NYJ,2016,7,0.56382,1.501121,0.485261
2016_07_BUF_MIA,2016,7,0.389497,-2.814324,0.490712
2016_07_CHI_GB,2016,7,0.735435,7.269732,0.493196
2016_07_CLE_CIN,2016,7,0.838079,11.457354,0.49874
2016_07_HOU_DEN,2016,7,0.773408,8.616784,0.503451
2016_07_IND_TEN,2016,7,0.643386,3.800087,0.494093
2016_07_MIN_PHI,2016,7,0.390933,-2.650236,0.49556
2016_07_NE_PIT,2016,7,0.197146,-8.126138,0.481503
2016_07_NO_KC,2016,7,0.729838,6.284568,0.508409
2016_07_NYG_LA,2016,7,0.372907,-3.259047,0.492345
2016_07_OAK_JAX,2016,7,0.542978,1.428269,0.49788
2016_07_SD_ATL,2016,7,0.649238,4.542562,0.501258
2016_07_SEA_ARI,2016,7,0.592663,2.651495,0.504477
2016_07_TB_SF,2016,7,0.527063,0.775857,0.493377
2016_07_WAS_DET,2016,7,0.434067,-1.220024,0.493498
2016_08_ARI_CAR,2016,8,0.580608,2.541461,0.501225
2016_08_DET_HOU,2016,8,0.547141,1.137924,0.504076
2016_08_GB_ATL,2016,8,0.615829,3.103264,0.503052
2016_08_JAX_TEN,2016,8,0.586771,2.993531,0.499809
2016_08_KC_IND,2016,8,0.374291,-3.006264,0.499815
2016_08_MIN_CHI,2016,8,0.288016,-5.510504,0.49969
2016_08_NE_BUF,2016,8,0.275215,-5.676683,0.494779
2016_08_NYJ_CLE,2016,8,0.414488,-2.581252,0.497599
2016_08_OAK_TB,2016,8,0.525995,1.139465,0.504121
2016_08_PHI_DAL,2016,8,0.661094,5.089308,0.502639
2016_08_SD_DEN,2016,8,0.615856,3.668914,0.504992
2016_08_SEA_NO,2016,8,0.452937,-1.239842,0.492913
2016_08_WAS_CIN,2016,8,0.602603,2.968134,0.499058
2016_09_ATL_TB,2016,9,0.328474,-4.574234,0.497806
2016_09_BUF_SEA,2016,9,0.682908,5.575397,0.502228
2016_09_CAR_LA,2016,9,0.398156,-3.198058,0.494147
2016_09_DAL_CLE,2016,9,0.277587,-6.826656,0.505122
2016_09_DEN_OAK,2016,9,0.530598,0.981183,0.499444
2016_09_DET_MIN,2016,9,0.625196,3.935028,0.49808
2016_09_IND_GB,2016,9,0.739769,7.538499,0.501138
2016_09_JAX_KC,2016,9,0.699993,6.704351,0.491264
2016_09_NO_SF,2016,9,0.336155,-4.58793,0.512175
2016_09_NYJ_MIA,2016,9,0.633255,3.472805,0.499196
2016_09_PHI_NYG,2016,9,0.602171,2.984133,0.499531
2016_09_PIT_BAL,2016,9,0.361963,-3.418988,0.502394
2016_09_TEN_SD,2016,9,0.597561,3.05226,0.486771
2016_10_ATL_PHI,2016,10,0.567091,2.167881,0.504961
2016_10_CHI_TB,2016,10,0.413593,-2.182139,0.509392
2016_10_CIN_NYG,2016,10,0.446796,-0.862052,0.504076
2016_10_CLE_BAL,2016,10,0.735499,7.755353,0.507546
2016_10_DAL_PIT,2016,10,0.607157,3.070588,0.502086
2016_10_DEN_NO,2016,10,0.580463,2.630705,0.489088
2016_10_GB_TEN,2016,10,0.40138,-3.14816,0.495622
2016_10_HOU_JAX,2016,10,0.597791,3.011656,0.500344
2016_10_KC_CAR,2016,10,0.603881,2.829453,0.49496
2016_10_LA_NYJ,2016,10,0.426545,-1.075563,0.497767
2016_10_MIA_SD,2016,10,0.625589,3.970583,0.499131
2016_10_MIN_WAS,2016,10,0.574981,2.563755,0.501884
2016_10_SEA_NE,2016,10,0.74259,7.493539,0.499809
2016_10_SF_ARI,2016,10,0.881064,13.987208,0.499622
2016_11_ARI_MIN,2016,11,0.564988,2.00875,0.500259
2016_11_BAL_DAL,2016,11,0.735843,6.889708,0.496741
2016_11_BUF_CIN,2016,11,0.585065,2.477738,0.499342
2016_11_CHI_NYG,2016,11,0.742459,7.228702,0.506758
2016_11_GB_WAS,2016,11,0.605436,2.442067,0.498288
2016_11_HOU_OAK,2016,11,0.71108,6.531335,0.500926
2016_11_JAX_DET,2016,11,0.674798,5.465468,0.49898
2016_11_MIA_LA,2016,11,0.527221,0.842372,0.495342
2016_11_NE_SF,2016,11,0.176357,-10.699925,0.494092
2016_11_NO_CAR,2016,11,0.628994,3.558579,0.501731
2016_11_PHI_SEA,2016,11,0.715673,6.694411,0.505745
2016_11_PIT_CLE,2016,11,0.233804,-8.124078,0.496333
2016_11_TB_KC,2016,11,0.714084,7.049236,0.501455
2016_11_TEN_IND,2016,11,0.598794,3.04363,0.501289
2016_12_ARI_ATL,2016,12,0.615758,3.419154,0.497611
2016_12_CAR_OAK,2016,12,0.60916,3.193299,0.490937
2016_12_CIN_BAL,2016,12,0.61906,3.556743,0.501677
2016_12_GB_PHI,2016,12,0.633109,3.849999,0.495567
2016_12_JAX_BUF,2016,12,0.772861,8.697461,0.505835
2016_12_KC_DEN,2016,12,0.632352,3.222003,0.491785
2016_12_LA_NO,2016,12,0.752904,7.69792,0.505849
2016_12_MIN_DET,2016,12,0.567372,1.919992,0.497636
2016_12_NE_NYJ,2016,12,0.216069,-9.008332,0.499754
2016_12_NYG_CLE,2016,12,0.24634,-7.089655,0.48258
2016_12_PIT_IND,2016,12,0.207799,-8.444506,0.486867
2016_12_SD_HOU,2016,12,0.417605,-2.15529,0.510186
2016_12_SEA_TB,2016,12,0.340373,-5.124408,0.496324
2016_12_SF_MIA,2016,12,0.721017,6.871327,0.496198
2016_12_TEN_CHI,2016,12,0.248613,-6.641418,0.495821
2016_12_WAS_DAL,2016,12,0.668327,5.422582,0.497712
2016_13_BUF_OAK,2016,13,0.585512,2.546667,0.486606
2016_13_CAR_SEA,2016,13,0.770064,8.139162,0.489338
2016_13_DAL_MIN,2016,13,0.389829,-2.819828,0.505324
2016_13_DEN_JAX,2016,13,0.382624,-3.357083,0.504223
2016_13_DET_NO,2016,13,0.706438,6.513671,0.500404
2016_13_HOU_GB,2016,13,0.728664,7.179064,0.505291
2016_13_IND_NYJ,2016,13,0.533838,1.202677,0.505989
2016_13_KC_ATL,2016,13,0.663439,4.849012,0.495538
2016_13_LA_NE,2016,13,0.875298,13.524505,0.515496
2016_13_MIA_BAL,2016,13,0.629569,3.661994,0.504787
2016_13_NYG_PIT,2016,13,0.731829,6.97636,0.499301
2016_13_PHI_CIN,2016,13,0.552367,1.082358,0.502434
2016_13_SF_CHI,2016,13,0.481608,0.024602,0.500727
2016_13_TB_SD,2016,13,0.600806,3.199719,0.491127
2016_13_WAS_ARI,2016,13,0.571463,2.29904,0.494062
2016_14_ARI_MIA,2016,14,0.41625,-2.104016,0.496926
2016_14_ATL_LA,2016,14,0.326305,-4.923853,0.487477
2016_14_BAL_NE,2016,14,0.696863,5.868137,0.496103
2016_14_CHI_DET,2016,14,0.748963,7.797836,0.508801
2016_14_CIN_CLE,2016,14,0.332235,-4.320587,0.490527
2016_14_DAL_NYG,2016,14,0.364186,-3.461594,0.501135
2016_14_DEN_TEN,2016,14,0.554736,2.004028,0.500119
2016_14_HOU_IND,2016,14,0.711793,6.620936,0.503574
2016_14_MIN_JAX,2016,14,0.383235,-3.078987,0.497666
2016_14_NO_TB,2016,14,0.56261,1.995131,0.499856
2016_14_NYJ_SF,2016,14,0.617976,3.146803,0.504338
2016_14_OAK_KC,2016,14,0.637155,3.828162,0.509697
2016_14_PIT_BUF,2016,14,0.46966,-0.913842,0.502546
2016_14_SD_CAR,2016,14,0.521246,1.179717,0.505311
2016_14_SEA_GB,2016,14,0.391711,-2.754834,0.507245
2016_14_WAS_PHI,2016,14,0.44751,-1.504659,0.499862
2016_15_CAR_WAS,2016,15,0.729887,7.018024,0.500533
2016_15_CLE_BUF,2016,15,0.827394,10.957185,0.513508
2016_15_DET_NYG,2016,15,0.643052,4.019332,0.500571
2016_15_GB_CHI,2016,15,0.327406,-4.692402,0.494314
2016_15_IND_MIN,2016,15,0.670254,4.90848,0.497296
2016_15_JAX_HOU,2016,15,0.615797,3.722432,0.506573
2016_15_LA_SEA,2016,15,0.902806,15.35379,0.510454
2016_15_MIA_NYJ,2016,15,0.403041,-2.337331,0.504807
2016_15_NE_DEN,2016,15,0.379157,-3.142193,0.495798
2016_15_NO_ARI,2016,15,0.607953,3.180344,0.505329
2016_15_OAK_SD,2016,15,0.406152,-2.329596,0.505036
2016_15_PHI_BAL,2016,15,0.669652,4.983546,0.499514
2016_15_PIT_CIN,2016,15,0.402502,-2.940342,0.501763
2016_15_SF_ATL,2016,15,0.871514,13.375272,0.496314
2016_15_TB_DAL,2016,15,0.724736,6.984423,0.49954
2016_15_TEN_KC,2016,15,0.688681,5.967985,0.499054
2016_16_ARI_SEA,2016,16,0.786425,9.019256,0.500569
2016_16_ATL_CAR,2016,16,0.394546,-2.856167,0.50425
2016_16_BAL_PIT,2016,16,0.666103,5.318022,0.494622
2016_16_CIN_HOU,2016,16,0.601524,2.656099,0.489838
2016_16_DEN_KC,2016,16,0.637359,3.811593,0.509207
2016_16_DET_DAL,2016,16,0.711454,6.514392,0.500425
2016_16_IND_OAK,2016,16,0.587992,3.051177,0.486739
2016_16_MIA_BUF,2016,16,0.65621,4.70075,0.505932
2016_16_MIN_GB,2016,16,0.703914,6.157964,0.504668
2016_16_NYG_PHI,2016,16,0.561126,1.98762,0.499634
2016_16_NYJ_NE,2016,16,0.922159,17.16026,0.504736
2016_16_SD_CLE,2016,16,0.338743,-4.583001,0.497547
2016_16_SF_LA,2016,16,0.664421,5.59991,0.488179
2016_16_TB_NO,2016,16,0.591763,2.807063,0.494299
2016_16_TEN_JAX,2016,16,0.357675,-3.951757,0.501426
2016_16_WAS_CHI,2016,16,0.373369,-3.169244,0.494999
2016_17_ARI_LA,2016,17,0.246532,-7.008336,0.499754
2016_17_BAL_CIN,2016,17,0.404681,-2.073322,0.512607
2016_17_BUF_NYJ,2016,17,0.391805,-3.216144,0.508388
2016_17_CAR_TB,2016,17,0.615538,3.318979,0.494651
2016_17_CHI_MIN,2016,17,0.678224,5.788192,0.493741
2016_17_CLE_PIT,2016,17,0.587636,3.240608,0.492335
2016_17_DAL_PHI,2016,17,0.763242,7.083521,0.517238
2016_17_GB_DET,2016,17,0.369361,-3.479606,0.500603
2016_17_HOU_TEN,2016,17,0.590156,2.608336,0.488427
2016_17_JAX_IND,2016,17,0.67803,5.698309,0.50586
2016_17_KC_SD,2016,17,0.280457,-5.840017,0.489953
2016_17_NE_MIA,2016,17,0.244439,-7.627102,0.496244
2016_17_NO_ATL,2016,17,0.740309,7.582151,0.502428
2016_17_NYG_WAS,2016,17,0.803788,10.088503,0.502615
2016_17_OAK_DEN,2016,17,0.561003,1.626127,0.518496
2016_17_SEA_SF,2016,17,0.153427,-11.451941,0.50142
2016_18_DET_SEA,2016,18,0.750086,7.873153,0.496252
2016_18_MIA_PIT,2016,18,0.818213,11.190642,0.505634
2016_18_NYG_GB,2016,18,0.651534,4.90404,0.497164
2016_18_OAK_HOU,2016,18,0.664016,4.406631,0.512015
2016_19_GB_DAL,2016,19,0.681428,5.416303,0.497527
2016_19_HOU_NE,2016,19,0.905547,16.014509,0.500429
2016_19_PIT_KC,2016,19,0.567549,2.316082,0.494565
2016_19_SEA_ATL,2016,19,0.711451,6.535913,0.501061
2016_20_GB_ATL,2016,20,0.715243,6.158508,0.48991
2016_20_PIT_NE,2016,20,0.677567,5.513776,0.500407
2016_21_NE_ATL,2016,21,0.383139,-3.098141,0.4971
2017_01_ARI_DET,2017,1,0.414263,-1.996616,0.514872
2017_01_ATL_CHI,2017,1,0.266738,-7.116045,0.481801
2017_01_BAL_CIN,2017,1,0.574711,2.176186,0.490432
2017_01_CAR_SF,2017,1,0.328606,-4.966601,0.486214
2017_01_IND_LA,2017,1,0.631813,4.307688,0.523854
2017_01_JAX_HOU,2017,1,0.678036,5.345095,0.495422
2017_01_KC_NE,2017,1,0.754662,8.054494,0.50161
2017_01_LAC_DEN,2017,1,0.592373,2.67726,0.490464
2017_01_NO_MIN,2017,1,0.598012,2.681341,0.490584
2017_01_NYG_DAL,2017,1,0.696152,5.540691,0.486429
2017_01_NYJ_BUF,2017,1,0.731211,7.33417,0.509874
2017_01_OAK_TEN,2017,1,0.581746,2.564805,0.501915
2017_01_PHI_WAS,2017,1,0.424385,-1.624003,0.51111
2017_01_PIT_CLE,2017,1,0.179909,-10.878995,0.474043
2017_01_SEA_GB,2017,1,0.596184,3.336446,0.524702
2017_02_ARI_IND,2017,2,0.267872,-7.53888,0.48408
2017_02_BUF_CAR,2017,2,0.708371,6.183404,0.490645
2017_02_CHI_TB,2017,2,0.736677,7.458499,0.513547
2017_02_CLE_BAL,2017,2,0.74651,7.861996,0.510696
2017_02_DAL_DEN,2017,2,0.40858,-2.404553,0.502821
2017_02_DET_NYG,2017,2,0.59137,2.667218,0.490167
2017_02_GB_ATL,2017,2,0.611411,2.822118,0.479976
2017_02_HOU_CIN,2017,2,0.709071,7.152278,0.548705
2017_02_MIA_LAC,2017,2,0.611609,3.240955,0.492345
2017_02_MIN_PIT,2017,2,0.787467,10.245591,0.551441
2017_02_NE_NO,2017,2,0.307405,-4.820949,0.520058
2017_02_NYJ_OAK,2017,2,0.886575,14.762711,0.522527
2017_02_PHI_KC,2017,2,0.632474,4.075489,0.502231
2017_02_SF_SEA,2017,2,0.876273,14.021085,0.515395
2017_02_TEN_JAX,2017,2,0.456357,-1.022233,0.499343
2017_02_WAS_LA,2017,2,0.59701,2.714978,0.491578
2017_03_ATL_DET,2017,3,0.380084,-3.696895,0.479415
2017_03_BAL_JAX,2017,3,0.397904,-2.270656,0.521543
2017_03_CIN_GB,2017,3,0.717187,6.978563,0.499367
2017_03_CLE_IND,2017,3,0.506929,0.126645,0.474209
2017_03_DAL_ARI,2017,3,0.400951,-1.867554,0.533426
2017_03_DEN_BUF,2017,3,0.360948,-3.531658,0.499064
2017_03_HOU_NE,2017,3,0.882189,15.231011,0.551014
2017_03_KC_LAC,2017,3,0.374567,-4.15017,0.466052
2017_03_LA_SF,2017,3,0.348109,-4.997789,0.441178
2017_03_MIA_NYJ,2017,3,0.307339,-4.965856,0.515781
2017_03_NO_CAR,2017,3,0.693193,5.583161,0.502458
2017_03_NYG_PHI,2017,3,0.666027,4.720239,0.491733
2017_03_OAK_WAS,2017,3,0.363043,-3.841356,0.489914
2017_03_PIT_CHI,2017,3,0.237351,-9.27114,0.4332
2017_03_SEA_TEN,2017,3,0.552794,1.038966,0.471624
2017_03_TB_MIN,2017,3,0.486205,-0.934446,0.472408
2017_04_BUF_ATL,2017,4,0.734924,7.134336,0.474436
2017_04_CAR_NE,2017,4,0.792013,9.768293,0.522692
2017_04_CHI_GB,2017,4,0.752401,9.654648,0.563403
2017_04_CIN_CLE,2017,4,0.382909,-3.426495,0.487399
2017_04_DET_MIN,2017,4,0.570586,1.437594,0.468637
2017_04_IND_SEA,2017,4,0.856002,13.098484,0.51768
2017_04_JAX_NYJ,2017,4,0.337373,-4.428467,0.48734
2017_04_LA_DAL,2017,4,0.661961,4.985313,0.499566
2017_04_NO_MIA,2017,4,0.34817,-4.778871,0.476996
2017_04_NYG_TB,2017,4,0.591173,3.346488,0.524998
2017_04_OAK_DEN,2017,4,0.619767,3.845351,0.510204
2017_04_PHI_LAC,2017,4,0.56722,2.396206,0.526465
2017_04_PIT_BAL,2017,4,0.368827,-3.859158,0.489388
2017_04_SF_ARI,2017,4,0.726578,8.452953,0.557512
2017_04_TEN_HOU,2017,4,0.415615,-1.309905,0.535123
2017_04_WAS_KC,2017,4,0.710625,6.768435,0.507932
2017_05_ARI_PHI,2017,5,0.703414,5.84426,0.495398
2017_05_BAL_OAK,2017,5,0.585924,2.299516,0.479309
2017_05_BUF_CIN,2017,5,0.600408,2.79177,0.493847
2017_05_CAR_DET,2017,5,0.565916,1.633276,0.489164
2017_05_GB_DAL,2017,5,0.560611,0.958547,0.454547
2017_05_JAX_PIT,2017,5,0.737852,8.120744,0.518337
2017_05_KC_HOU,2017,5,0.44474,-1.819461,0.505335
2017_05_LAC_NYG,2017,5,0.576838,3.066558,0.501967
2017_05_MIN_CHI,2017,5,0.341452,-4.858905,0.45991
2017_05_NE_TB,2017,5,0.360717,-4.11172,0.481929
2017_05_NYJ_CLE,2017,5,0.443564,-1.250699,0.507367
2017_05_SEA_LA,2017,5,0.563517,1.727809,0.491957
2017_05_SF_IND,2017,5,0.468914,-0.543757,0.51348
2017_05_TEN_MIA,2017,5,0.540204,2.589063,0.576044
2017_06_CHI_BAL,2017,6,0.671082,4.857136,0.48101
2017_06_CLE_HOU,2017,6,0.715295,5.56401,0.442985
2017_06_DET_NO,2017,6,0.705943,6.645111,0.519057
2017_06_GB_MIN,2017,6,0.387245,-2.192318,0.523854
2017_06_IND_TEN,2017,6,0.734274,6.950653,0.498542
2017_06_LAC_OAK,2017,6,0.593415,2.61565,0.488643
2017_06_LA_JAX,2017,6,0.524971,1.488346,0.514428
2017_06_MIA_ATL,2017,6,0.885535,14.457674,0.513522
2017_06_NE_NYJ,2017,6,0.208408,-8.947772,0.501543
2017_06_NYG_DEN,2017,6,0.893495,14.905421,0.526736
2017_06_PHI_CAR,2017,6,0.600323,3.001295,0.500038
2017_06_PIT_KC,2017,6,0.606587,2.709264,0.476646
2017_06_SF_WAS,2017,6,0.832159,11.003899,0.470591
2017_06_TB_ARI,2017,6,0.413277,-2.243283,0.507586
2017_07_ARI_LA,2017,7,0.591253,2.484998,0.484785
2017_07_ATL_NE,2017,7,0.601366,3.075552,0.502233
2017_07_BAL_MIN,2017,7,0.674784,5.983489,0.529038
2017_07_CAR_CHI,2017,7,0.398239,-3.015466,0.484771
2017_07_CIN_PIT,2017,7,0.622918,4.122096,0.503608
2017_07_DAL_SF,2017,7,0.287814,-5.642731,0.525316
2017_07_DEN_LAC,2017,7,0.438842,-2.621059,0.45221
2017_07_JAX_IND,2017,7,0.389384,-2.965988,0.501005
2017_07_KC_OAK,2017,7,0.391908,-3.346758,0.489754
2017_07_NO_GB,2017,7,0.318355,-6.11224,0.423284
2017_07_NYJ_MIA,2017,7,0.60275,3.011015,0.500326
2017_07_SEA_NYG,2017,7,0.341274,-4.291257,0.491394
2017_07_TB_BUF,2017,7,0.593744,3.218137,0.506446
2017_07_TEN_CLE,2017,7,0.327271,-3.913579,0.546773
2017_07_WAS_PHI,2017,7,0.67007,5.146723,0.504336
2017_08_ATL_NYJ,2017,8,0.266632,-6.804982,0.490988
2017_08_CAR_TB,2017,8,0.558457,1.991437,0.514519
2017_08_CHI_NO,2017,8,0.747343,8.863294,0.540219
2017_08_DAL_WAS,2017,8,0.359538,-2.90787,0.502723
2017_08_DEN_KC,2017,8,0.734591,7.98166,0.528984
2017_08_HOU_SEA,2017,8,0.693288,5.302603,0.4794
2017_08_IND_CIN,2017,8,0.823339,10.737241,0.492236
2017_08_LAC_NE,2017,8,0.700856,6.149981,0.489658
2017_08_MIA_BAL,2017,8,0.58514,1.697157,0.461559
2017_08_MIN_CLE,2017,8,0.170655,-10.744498,0.50755
2017_08_OAK_BUF,2017,8,0.586949,3.370354,0.525702
2017_08_PIT_DET,2017,8,0.38561,-2.936585,0.501874
2017_08_SF_PHI,2017,8,0.866676,13.209651,0.506195
2017_09_ARI_SF,2017,9,0.40098,-1.71636,0.523145
2017_09_ATL_CAR,2017,9,0.387986,-2.980498,0.500576
2017_09_BAL_TEN,2017,9,0.598329,3.362834,0.510721
2017_09_BUF_NYJ,2017,9,0.381317,-3.672614,0.480132
2017_09_CIN_JAX,2017,9,0.713967,7.296837,0.538264
2017_09_DEN_PHI,2017,9,0.720891,6.474361,0.484471
2017_09_DET_GB,2017,9,0.383036,-4.170881,0.450749
2017_09_IND_HOU,2017,9,0.651495,3.066708,0.413995
2017_09_KC_DAL,2017,9,0.552725,0.831214,0.465504
2017_09_LA_NYG,2017,9,0.284245,-6.167528,0.480282
2017_09_OAK_MIA,2017,9,0.389222,-2.382123,0.518253
2017_09_TB_NO,2017,9,0.731001,7.895703,0.52645
2017_09_WAS_SEA,2017,9,0.763821,6.702553,0.461718
2017_10_CIN_TEN,2017,10,0.669378,6.363963,0.554908
2017_10_CLE_DET,2017,10,0.809251,10.945558,0.513164
2017_10_DAL_ATL,2017,10,0.619561,3.30954,0.494372
2017_10_GB_CHI,2017,10,0.67493,5.315497,0.524084
2017_10_HOU_LA,2017,10,0.861186,13.726235,0.550874
2017_10_LAC_JAX,2017,10,0.667833,5.384185,0.511352
2017_10_MIA_CAR,2017,10,0.752299,7.857974,0.495803
2017_10_MIN_WAS,2017,10,0.46724,0.367209,0.540334
2017_10_NE_DEN,2017,10,0.267244,-8.14583,0.46618
2017_10_NO_BUF,2017,10,0.400026,-2.818321,0.475832
2017_10_NYG_SF,2017,10,0.396681,-2.249264,0.522174
2017_10_NYJ_TB,2017,10,0.52792,1.136092,0.504022
2017_10_PIT_IND,2017,10,0.183171,-10.256054,0.507209
2017_10_SEA_ARI,2017,10,0.307845,-5.758231,0.507144
2017_11_ARI_HOU,2017,11,0.567416,1.998952,0.485197
2017_11_ATL_SEA,2017,11,0.507038,0.354459,0.480931
2017_11_BAL_GB,2017,11,0.373829,-4.171025,0.450745
2017_11_BUF_LAC,2017,11,0.738601,6.749088,0.492586
2017_11_CIN_DEN,2017,11,0.609331,4.048575,0.545662
2017_11_DET_CHI,2017,11,0.376772,-3.903321,0.473326
2017_11_JAX_CLE,2017,11,0.263085,-7.107945,0.511584
2017_11_KC_NYG,2017,11,0.172631,-11.555941,0.454122
2017_11_LA_MIN,2017,11,0.522378,1.638194,0.518852
2017_11_NE_OAK,2017,11,0.258406,-9.402701,0.42937
2017_11_PHI_DAL,2017,11,0.274371,-7.234449,0.463571
2017_11_TB_MIA,2017,11,0.480261,0.246383,0.53678
2017_11_TEN_PIT,2017,11,0.715474,6.408942,0.482539
2017_11_WAS_NO,2017,11,0.793482,7.841246,0.451105
2017_12_BUF_KC,2017,12,0.768409,8.875627,0.511099
2017_12_CAR_NYJ,2017,12,0.30758,-5.507007,0.499793
2017_12_CHI_PHI,2017,12,0.890052,15.198483,0.53537
2017_12_CLE_CIN,2017,12,0.739654,7.384617,0.49659
2017_12_DEN_OAK,2017,12,0.621424,3.578906,0.502332
2017_12_GB_PIT,2017,12,0.893334,16.08871,0.561479
2017_12_HOU_BAL,2017,12,0.750307,7.900225,0.511825
2017_12_JAX_ARI,2017,12,0.266819,-7.607987,0.467294
2017_12_LAC_DAL,2017,12,0.448703,-1.034185,0.49899
2017_12_MIA_NE,2017,12,0.917627,18.575888,0.546464
2017_12_MIN_DET,2017,12,0.396289,-2.982233,0.485752
2017_12_NO_LA,2017,12,0.597134,3.757447,0.537105
2017_12_NYG_WAS,2017,12,0.745324,8.256546,0.537079
2017_12_SEA_SF,2017,12,0.284432,-6.126446,0.525797
2017_12_TB_ATL,2017,12,0.81866,10.88945,0.511507
2017_12_TEN_IND,2017,12,0.375178,-4.008025,0.470239
2017_13_CAR_NO,2017,13,0.674144,4.993795,0.485044
2017_13_CLE_LAC,2017,13,0.86657,12.894573,0.482115
2017_13_DEN_MIA,2017,13,0.480495,-0.036568,0.528446
2017_13_DET_BAL,2017,13,0.587936,2.047787,0.486639
2017_13_HOU_TEN,2017,13,0.747464,8.285294,0.537925
2017_13_IND_JAX,2017,13,0.815201,11.671008,0.549255
2017_13_KC_NYJ,2017,13,0.369691,-3.839305,0.489974
2017_13_LA_ARI,2017,13,0.222866,-10.408944,0.414698
2017_13_MIN_ATL,2017,13,0.56194,1.099648,0.473413
2017_13_NE_BUF,2017,13,0.238884,-8.721098,0.463964
2017_13_NYG_OAK,2017,13,0.825212,10.655464,0.519362
2017_13_PHI_SEA,2017,13,0.365093,-3.089791,0.51212
2017_13_PIT_CIN,2017,13,0.323507,-6.22407,0.44919
2017_13_SF_CHI,2017,13,0.561212,1.214995,0.462084
2017_13_TB_GB,2017,13,0.605533,3.544705,0.516092
2017_13_WAS_DAL,2017,13,0.439139,-1.869203,0.489091
2017_14_BAL_PIT,2017,14,0.688866,5.758512,0.492864
2017_14_CHI_CIN,2017,14,0.666216,3.967504,0.440163
2017_14_DAL_NYG,2017,14,0.355775,-4.014329,0.499577
2017_14_DET_TB,2017,14,0.49285,-0.522667,0.484558
2017_14_GB_CLE,2017,14,0.39113,-3.687685,0.464948
2017_14_IND_BUF,2017,14,0.580396,1.964291,0.454716
2017_14_MIN_CAR,2017,14,0.392858,-2.447381,0.501555
2017_14_NE_MIA,2017,14,0.171806,-12.288549,0.432693
2017_14_NO_ATL,2017,14,0.585181,2.234134,0.492144
2017_14_NYJ_DEN,2017,14,0.435869,-1.320995,0.490515
2017_14_OAK_KC,2017,14,0.669206,6.768531,0.566724
2017_14_PHI_LA,2017,14,0.462436,-0.571692,0.512655
2017_14_SEA_JAX,2017,14,0.600426,2.794296,0.493921
2017_14_SF_HOU,2017,14,0.486157,-1.312377,0.431999
2017_14_TEN_ARI,2017,14,0.389753,-3.951629,0.457185
2017_14_WAS_LAC,2017,14,0.705176,5.850329,0.495577
2017_15_ARI_WAS,2017,15,0.653149,5.600966,0.5472
2017_15_ATL_TB,2017,15,0.252334,-7.336645,0.490053
2017_15_BAL_CLE,2017,15,0.267741,-7.159089,0.480531
2017_15_CHI_DET,2017,15,0.653266,5.255632,0.507554
2017_15_CIN_MIN,2017,15,0.864878,14.674727,0.563989
2017_15_DAL_OAK,2017,15,0.353064,-5.815853,0.417387
2017_15_DEN_IND,2017,15,0.389611,-2.557704,0.513068
2017_15_GB_CAR,2017,15,0.553655,1.813593,0.464985
2017_15_HOU_JAX,2017,15,0.808247,9.585662,0.473001
2017_15_LAC_KC,2017,15,0.531629,1.952135,0.528113
2017_15_LA_SEA,2017,15,0.43979,-1.601611,0.482227
2017_15_MIA_BUF,2017,15,0.651434,5.655511,0.563428
2017_15_NE_PIT,2017,15,0.397777,-3.445575,0.47208
2017_15_NYJ_NO,2017,15,0.918428,18.035704,0.545284
2017_15_PHI_NYG,2017,15,0.278201,-5.195935,0.567759
2017_15_TEN_SF,2017,15,0.602661,4.279765,0.552442
2017_16_ATL_NO,2017,16,0.666286,4.467826,0.469528
2017_16_BUF_NE,2017,16,0.826938,11.010732,0.500317
2017_16_CLE_CHI,2017,16,0.676164,5.93718,0.512917
2017_16_DEN_WAS,2017,16,0.566766,1.855789,0.466228
2017_16_DET_CIN,2017,16,0.385553,-3.507735,0.484999
2017_16_IND_BAL,2017,16,0.87463,13.68551,0.505482
2017_16_JAX_SF,2017,16,0.375299,-2.965315,0.530546
2017_16_LAC_NYJ,2017,16,0.233069,-7.811721,0.490789
2017_16_LA_TEN,2017,16,0.29538,-6.297034,0.47646
2017_16_MIA_KC,2017,16,0.824404,10.953316,0.49862
2017_16_MIN_GB,2017,16,0.222878,-7.093379,0.541492
2017_16_NYG_ARI,2017,16,0.609387,4.090786,0.532199
2017_16_OAK_PHI,2017,16,0.80964,10.899719,0.526568
2017_16_PIT_HOU,2017,16,0.231657,-9.131832,0.466592
2017_16_SEA_DAL,2017,16,0.651421,5.147782,0.519135
2017_16_TB_CAR,2017,16,0.808584,11.332727,0.53932
2017_17_ARI_SEA,2017,17,0.74917,7.527003,0.486025
2017_17_BUF_MIA,2017,17,0.364941,-4.347204,0.445583
2017_17_CAR_ATL,2017,17,0.665906,5.210167,0.50621
2017_17_CHI_MIN,2017,17,0.872645,12.81615,0.4798
2017_17_CIN_BAL,2017,17,0.762258,8.342935,0.510133
2017_17_CLE_PIT,2017,17,0.653884,5.166199,0.504911
2017_17_DAL_PHI,2017,17,0.34126,-5.630938,0.437289
2017_17_GB_DET,2017,17,0.7223,3.975248,0.397011
2017_17_HOU_IND,2017,17,0.662643,3.786786,0.449508
2017_17_JAX_TEN,2017,17,0.587769,2.341204,0.495307
2017_17_KC_DEN,2017,17,0.614995,3.732457,0.521634
2017_17_NO_TB,2017,17,0.313551,-4.859704,0.533657
2017_17_NYJ_NE,2017,17,0.934085,20.433162,0.600371
2017_17_OAK_LAC,2017,17,0.72911,7.177355,0.505241
2017_17_SF_LA,2017,17,0.234236,-9.44274,0.413722
2017_17_WAS_NYG,2017,17,0.31013,-4.457726,0.516021
2017_18_ATL_LA,2017,18,0.655651,5.518998,0.471036
2017_18_BUF_JAX,2017,18,0.77476,9.044805,0.516095
2017_18_CAR_NO,2017,18,0.718438,6.606772,0.503155
2017_18_TEN_KC,2017,18,0.711984,5.913181,0.424021
2017_19_ATL_PHI,2017,19,0.363515,-4.777734,0.433008
2017_19_JAX_PIT,2017,19,0.714299,8.014562,0.529953
2017_19_NO_MIN,2017,19,0.688028,5.914666,0.512252
2017_19_TEN_NE,2017,19,0.876473,14.319654,0.524207
2017_20_JAX_NE,2017,20,0.740865,7.477087,0.499323
2017_20_MIN_PHI,2017,20,0.376618,-3.64049,0.48108
2017_21_PHI_NE,2017,21,0.648362,4.363869,0.495977
2018_01_ATL_PHI,2018,1,0.523244,1.263459,0.507785
2018_01_BUF_BAL,2018,1,0.75944,8.320682,0.524237
2018_01_CHI_GB,2018,1,0.728474,7.125303,0.518472
2018_01_CIN_IND,2018,1,0.463046,-0.888937,0.503282
2018_01_DAL_CAR,2018,1,0.627758,3.616889,0.532968
2018_01_HOU_NE,2018,1,0.682769,5.468888,0.484309
2018_01_JAX_NYG,2018,1,0.396556,-2.508367,0.499753
2018_01_KC_LAC,2018,1,0.647262,4.651856,0.533998
2018_01_LA_OAK,2018,1,0.306979,-5.550688,0.513275
2018_01_NYJ_DET,2018,1,0.780799,8.83736,0.554129
2018_01_PIT_CLE,2018,1,0.407503,-2.438389,0.53134
2018_01_SEA_DEN,2018,1,0.627512,3.791171,0.523367
2018_01_SF_MIN,2018,1,0.718054,6.820049,0.524219
2018_01_TB_NO,2018,1,0.824387,10.870865,0.525717
2018_01_TEN_MIA,2018,1,0.430724,-1.875884,0.474135
2018_01_WAS_ARI,2018,1,0.552163,1.827884,0.494914
2018_02_ARI_LA,2018,2,0.856637,12.288443,0.464245
2018_02_BAL_CIN,2018,2,0.538025,1.219332,0.506481
2018_02_CAR_ATL,2018,2,0.681228,5.223967,0.491843
2018_02_CLE_NO,2018,2,0.801031,9.593823,0.487999
2018_02_DET_SF,2018,2,0.69844,5.909174,0.497316
2018_02_HOU_TEN,2018,2,0.364056,-3.638859,0.495897
2018_02_IND_WAS,2018,2,0.716583,6.903368,0.526676
2018_02_KC_PIT,2018,2,0.697911,6.447928,0.557365
2018_02_LAC_BUF,2018,2,0.277879,-6.702126,0.523564
2018_02_MIA_NYJ,2018,2,0.558944,1.845469,0.465924
2018_02_MIN_GB,2018,2,0.449174,-1.069075,0.527488
2018_02_NE_JAX,2018,2,0.398463,-2.702797,0.479241
2018_02_NYG_DAL,2018,2,0.566982,2.008342,0.470722
2018_02_OAK_DEN,2018,2,0.736433,7.39186,0.555724
2018_02_PHI_TB,2018,2,0.393015,-3.124897,0.496309
2018_02_SEA_CHI,2018,2,0.70888,5.625671,0.518483
2018_03_BUF_MIN,2018,3,0.905395,16.002953,0.485315
2018_03_CHI_ARI,2018,3,0.304537,-5.6769,0.509547
2018_03_CIN_CAR,2018,3,0.555987,1.73146,0.477301
2018_03_DAL_SEA,2018,3,0.473736,-0.244995,0.463261
2018_03_DEN_BAL,2018,3,0.621278,3.570378,0.443171
2018_03_GB_WAS,2018,3,0.413184,-2.178762,0.509492
2018_03_IND_PHI,2018,3,0.783876,9.565623,0.58982
2018_03_LAC_LA,2018,3,0.735245,7.123368,0.488871
2018_03_NE_DET,2018,3,0.309597,-5.34006,0.54893
2018_03_NO_ATL,2018,3,0.582104,2.760521,0.537196
2018_03_NYG_HOU,2018,3,0.747224,7.466148,0.528527
2018_03_NYJ_CLE,2018,3,0.549227,1.780408,0.464008
2018_03_OAK_MIA,2018,3,0.633716,4.07943,0.531865
2018_03_PIT_TB,2018,3,0.535608,0.697699,0.491067
2018_03_SF_KC,2018,3,0.676575,5.371881,0.481445
2018_03_TEN_JAX,2018,3,0.790781,9.435999,0.483338
2018_04_BAL_PIT,2018,4,0.583459,2.514688,0.485661
2018_04_BUF_GB,2018,4,0.73607,7.707397,0.476591
2018_04_CIN_ATL,2018,4,0.650514,4.400043,0.526578
2018_04_CLE_OAK,2018,4,0.511651,0.329499,0.436134
2018_04_DET_DAL,2018,4,0.619079,3.360935,0.525424
2018_04_HOU_IND,2018,4,0.395109,-2.881228,0.444587
2018_04_KC_DEN,2018,4,0.392852,-2.956071,0.516069
2018_04_MIA_NE,2018,4,0.724854,7.020354,0.515373
2018_04_MIN_LA,2018,4,0.742254,7.424398,0.497766
2018_04_NO_NYG,2018,4,0.316876,-4.710078,0.464288
2018_04_NYJ_JAX,2018,4,0.73667,7.292377,0.493865
2018_04_PHI_TEN,2018,4,0.419515,-2.443831,0.516431
2018_04_SEA_ARI,2018,4,0.419527,-1.976944,0.544913
2018_04_SF_LAC,2018,4,0.831114,11.465802,0.543231
2018_04_TB_CHI,2018,4,0.579822,2.347434,0.480723
2018_05_ARI_SF,2018,5,0.60221,2.760236,0.492915
2018_05_ATL_PIT,2018,5,0.608978,3.340108,0.495275
2018_05_BAL_CLE,2018,5,0.387714,-3.098728,0.497082
2018_05_DAL_HOU,2018,5,0.635677,3.715046,0.506355
2018_05_DEN_NYJ,2018,5,0.441076,-1.5327,0.484262
2018_05_GB_DET,2018,5,0.508757,0.360901,0.481121
2018_05_IND_NE,2018,5,0.808187,10.117173,0.488688
2018_05_JAX_KC,2018,5,0.605268,3.281227,0.50831
2018_05_LA_SEA,2018,5,0.229931,-8.213013,0.478939
2018_05_MIA_CIN,2018,5,0.708702,6.236533,0.50699
2018_05_MIN_PHI,2018,5,0.635817,4.417613,0.527096
2018_05_NYG_CAR,2018,5,0.744781,7.236679,0.506994
2018_05_OAK_LAC,2018,5,0.650048,4.75941,0.478126
2018_05_TEN_BUF,2018,5,0.270716,-6.843507,0.475089
2018_05_WAS_NO,2018,5,0.690504,5.964418,0.513721
2018_06_ARI_MIN,2018,6,0.77113,8.979172,0.469862
2018_06_BAL_TEN,2018,6,0.376773,-3.170929,0.480181
2018_06_BUF_HOU,2018,6,0.802837,9.888352,0.481931
2018_06_CAR_WAS,2018,6,0.444696,-1.085318,0.497479
2018_06_CHI_MIA,2018,6,0.256502,-6.8379,0.519558
2018_06_IND_NYJ,2018,6,0.616085,2.991927,0.514534
2018_06_JAX_DAL,2018,6,0.398437,-2.783909,0.506386
2018_06_KC_NE,2018,6,0.668391,4.889819,0.526276
2018_06_LAC_CLE,2018,6,0.567521,2.227783,0.536233
2018_06_LA_DEN,2018,6,0.285695,-6.200107,0.523624
2018_06_PHI_NYG,2018,6,0.469695,-0.781325,0.521228
2018_06_PIT_CIN,2018,6,0.504991,0.301667,0.479373
2018_06_SEA_OAK,2018,6,0.393869,-2.753867,0.507273
2018_06_SF_GB,2018,6,0.809068,10.471391,0.543396
2018_06_TB_ATL,2018,6,0.601491,3.188707,0.505576
2018_07_BUF_IND,2018,7,0.651637,4.658761,0.431159
2018_07_CAR_PHI,2018,7,0.648602,4.548418,0.486658
2018_07_CIN_KC,2018,7,0.739371,7.917573,0.541814
2018_07_CLE_TB,2018,7,0.59514,3.063493,0.487103
2018_07_DAL_WAS,2018,7,0.424681,-1.222371,0.508204
2018_07_DEN_ARI,2018,7,0.474852,-0.609273,0.511545
2018_07_DET_MIA,2018,7,0.445247,-1.38819,0.547518
2018_07_HOU_JAX,2018,7,0.646163,4.508207,0.515015
2018_07_LA_SF,2018,7,0.224798,-9.069578,0.468426
2018_07_MIN_NYJ,2018,7,0.287473,-6.269697,0.418722
2018_07_NE_CHI,2018,7,0.42601,-2.332216,0.460695
2018_07_NO_BAL,2018,7,0.60519,3.396038,0.52646
2018_07_NYG_ATL,2018,7,0.654981,4.496847,0.499907
2018_07_TEN_LAC,2018,7,0.707413,6.022682,0.485898
2018_08_BAL_CAR,2018,8,0.400634,-3.115871,0.481807
2018_08_CLE_PIT,2018,8,0.776055,9.140899,0.518932
2018_08_DEN_KC,2018,8,0.785702,9.469143,0.528615
2018_08_GB_LA,2018,8,0.741013,8.074473,0.516971
2018_08_IND_OAK,2018,8,0.394315,-2.990741,0.515046
2018_08_MIA_HOU,2018,8,0.685942,5.017324,0.427045
2018_08_NE_BUF,2018,8,0.103707,-15.432178,0.443096
2018_08_NO_MIN,2018,8,0.319605,-4.941701,0.428236
2018_08_NYJ_CHI,2018,8,0.793409,9.511411,0.529861
2018_08_PHI_JAX,2018,8,0.308625,-5.512124,0.455408
2018_08_SEA_DET,2018,8,0.582471,2.684738,0.490684
2018_08_SF_ARI,2018,8,0.42803,-1.995713,0.514899
2018_08_TB_CIN,2018,8,0.577065,2.088043,0.458351
2018_08_WAS_NYG,2018,8,0.45618,-1.585105,0.482715
2018_09_ATL_WAS,2018,9,0.559355,2.345457,0.524968
2018_09_CHI_BUF,2018,9,0.151778,-12.105852,0.452657
2018_09_DET_MIN,2018,9,0.671491,5.291609,0.52338
2018_09_GB_NE,2018,9,0.692505,6.260725,0.537202
2018_09_HOU_DEN,2018,9,0.483866,-0.246665,0.463212
2018_09_KC_CLE,2018,9,0.214373,-9.09785,0.452891
2018_09_LAC_SEA,2018,9,0.525115,0.637562,0.489291
2018_09_LA_NO,2018,9,0.394254,-2.648179,0.495621
2018_09_NYJ_MIA,2018,9,0.638456,4.318112,0.53889
2018_09_OAK_SF,2018,9,0.433994,-1.690247,0.494378
2018_09_PIT_BAL,2018,9,0.572406,2.677899,0.534764
2018_09_TB_CAR,2018,9,0.665386,4.978185,0.469833
2018_09_TEN_DAL,2018,9,0.62978,3.897815,0.482211
2018_10_ARI_KC,2018,10,0.911525,16.910627,0.512133
2018_10_ATL_CLE,2018,10,0.30756,-5.486288,0.500405
2018_10_BUF_NYJ,2018,10,0.731146,7.314995,0.52407
2018_10_CAR_PIT,2018,10,0.603018,3.096586,0.48808
2018_10_DAL_PHI,2018,10,0.726344,7.053946,0.486821
2018_10_DET_CHI,2018,10,0.761275,7.752727,0.507468
2018_10_JAX_IND,2018,10,0.596641,2.863424,0.495964
2018_10_LAC_OAK,2018,10,0.219896,-8.856238,0.548455
2018_10_MIA_GB,2018,10,0.845537,11.93586,0.468586
2018_10_NE_TEN,2018,10,0.253311,-7.581371,0.453375
2018_10_NO_CIN,2018,10,0.267528,-6.146783,0.480894
2018_10_NYG_SF,2018,10,0.551699,2.020484,0.471079
2018_10_SEA_LA,2018,10,0.832671,11.230472,0.536312
2018_10_WAS_TB,2018,10,0.619765,3.304422,0.494221
2018_11_CAR_DET,2018,11,0.356621,-3.074995,0.527314
2018_11_CIN_BAL,2018,11,0.768596,8.39895,0.555932
2018_11_DAL_ATL,2018,11,0.648111,4.24702,0.522064
2018_11_DEN_LAC,2018,11,0.767397,8.527778,0.530343
2018_11_GB_SEA,2018,11,0.638933,3.509553,0.515054
2018_11_HOU_WAS,2018,11,0.371995,-2.995309,0.500139
2018_11_KC_LA,2018,11,0.623212,3.660071,0.519498
2018_11_MIN_CHI,2018,11,0.580733,2.414144,0.497463
2018_11_OAK_ARI,2018,11,0.637542,3.53899,0.471625
2018_11_PHI_NO,2018,11,0.760382,8.392796,0.541086
2018_11_PIT_JAX,2018,11,0.342923,-4.630707,0.481369
2018_11_TB_NYG,2018,11,0.6288,3.577071,0.517048
2018_11_TEN_IND,2018,11,0.525699,0.969692,0.469583
2018_12_ARI_LAC,2018,12,0.889082,14.900897,0.526603
2018_12_ATL_NO,2018,12,0.831818,11.797907,0.508803
2018_12_CHI_DET,2018,12,0.476987,0.616575,0.60561
2018_12_CLE_CIN,2018,12,0.401092,-2.055168,0.46885
2018_12_GB_MIN,2018,12,0.64418,3.902953,0.497132
2018_12_JAX_BUF,2018,12,0.400058,-2.666315,0.50986
2018_12_MIA_IND,2018,12,0.752479,7.894121,0.467356
2018_12_NE_NYJ,2018,12,0.113453,-14.402427,0.458631
2018_12_NYG_PHI,2018,12,0.559447,2.00012,0.426545
2018_12_OAK_BAL,2018,12,0.876195,14.028857,0.530375
2018_12_PIT_DEN,2018,12,0.37238,-3.9975,0.470549
2018_12_SEA_CAR,2018,12,0.625545,3.838186,0.524754
2018_12_SF_TB,2018,12,0.519952,0.68467,0.475921
2018_12_TEN_HOU,2018,12,0.61509,3.3869,0.496658
2018_12_WAS_DAL,2018,12,0.742152,7.392642,0.511601
2018_13_ARI_GB,2018,13,0.873979,14.013255,0.515164
2018_13_BAL_ATL,2018,13,0.606325,2.891157,0.511558
2018_13_BUF_MIA,2018,13,0.60548,3.666977,0.504934
2018_13_CAR_TB,2018,13,0.3147,-4.963223,0.456844
2018_13_CHI_NYG,2018,13,0.385326,-2.973039,0.515568
2018_13_CLE_HOU,2018,13,0.678468,5.367254,0.510851
2018_13_DEN_CIN,2018,13,0.378046,-3.122517,0.511154
2018_13_IND_JAX,2018,13,0.343278,-4.867908,0.47437
2018_13_KC_OAK,2018,13,0.099296,-15.718349,0.449357
2018_13_LAC_PIT,2018,13,0.6371,4.072157,0.516903
2018_13_LA_DET,2018,13,0.176625,-10.147213,0.510424
2018_13_MIN_NE,2018,13,0.693022,5.74775,0.492546
2018_13_NO_DAL,2018,13,0.233172,-8.134483,0.466514
2018_13_NYJ_TEN,2018,13,0.832096,11.207732,0.520905
2018_13_SF_SEA,2018,13,0.77868,8.911749,0.467876
2018_13_WAS_PHI,2018,13,0.659686,4.85242,0.480871
2018_14_ATL_GB,2018,14,0.626138,4.025667,0.500758
2018_14_BAL_KC,2018,14,0.758656,8.51737,0.559395
2018_14_CAR_CLE,2018,14,0.45417,-0.96998,0.500887
2018_14_CIN_LAC,2018,14,0.923442,17.636472,0.518802
2018_14_DEN_SF,2018,14,0.355857,-3.435541,0.487131
2018_14_DET_ARI,2018,14,0.381801,-3.407569,0.4732
2018_14_IND_HOU,2018,14,0.674156,4.773126,0.522834
2018_14_JAX_TEN,2018,14,0.728257,7.359294,0.554771
2018_14_LA_CHI,2018,14,0.390861,-2.740695,0.507662
2018_14_MIN_SEA,2018,14,0.588036,3.048795,0.501442
2018_14_NE_MIA,2018,14,0.23825,-7.427456,0.531662
2018_14_NO_TB,2018,14,0.168519,-11.040883,0.425355
2018_14_NYG_WAS,2018,14,0.318047,-5.00138,0.441073
2018_14_NYJ_BUF,2018,14,0.690575,5.81209,0.538713
2018_14_PHI_DAL,2018,14,0.667466,5.074334,0.546418
2018_14_PIT_OAK,2018,14,0.164973,-11.573375,0.468314
2018_15_ARI_ATL,2018,15,0.763101,8.500398,0.455776
2018_15_CLE_DEN,2018,15,0.516175,0.612566,0.488552
2018_15_DAL_IND,2018,15,0.56242,2.24666,0.477749
2018_15_DET_BUF,2018,15,0.602151,2.83013,0.509755
2018_15_GB_CHI,2018,15,0.719324,6.564614,0.51668
2018_15_HOU_NYJ,2018,15,0.230436,-8.24103,0.463378
2018_15_LAC_KC,2018,15,0.590964,3.293356,0.493894
2018_15_MIA_MIN,2018,15,0.749401,7.668865,0.50499
2018_15_NE_PIT,2018,15,0.400589,-2.121335,0.511189
2018_15_NO_CAR,2018,15,0.273093,-6.829855,0.475492
2018_15_OAK_CIN,2018,15,0.582784,2.251955,0.477906
2018_15_PHI_LA,2018,15,0.884464,14.292274,0.523399
2018_15_SEA_SF,2018,15,0.314563,-5.34458,0.445659
2018_15_TB_BAL,2018,15,0.790112,9.362224,0.525463
2018_15_TEN_NYG,2018,15,0.427846,-1.380797,0.533036
2018_15_WAS_JAX,2018,15,0.709015,6.09305,0.458498
2018_16_ATL_CAR,2018,16,0.306419,-5.680943,0.406862
2018_16_BAL_LAC,2018,16,0.61095,3.462074,0.484108
2018_16_BUF_NE,2018,16,0.879713,14.161909,0.504784
2018_16_CHI_SF,2018,16,0.349786,-4.537545,0.469369
2018_16_CIN_CLE,2018,16,0.815828,9.743231,0.492413
2018_16_DEN_OAK,2018,16,0.396575,-2.784157,0.491603
2018_16_GB_NYJ,2018,16,0.413941,-2.722659,0.508195
2018_16_HOU_PHI,2018,16,0.531941,0.768801,0.493168
2018_16_JAX_MIA,2018,16,0.602301,3.210637,0.506224
2018_16_KC_SEA,2018,16,0.406121,-2.801669,0.446916
2018_16_LA_ARI,2018,16,0.098165,-15.554454,0.468871
2018_16_MIN_DET,2018,16,0.296523,-5.798283,0.520727
2018_16_NYG_IND,2018,16,0.785981,8.579833,0.45811
2018_16_PIT_NO,2018,16,0.741118,6.893422,0.511624
2018_16_TB_DAL,2018,16,0.75944,8.303697,0.538466
2018_16_WAS_TEN,2018,16,0.84904,12.061114,0.487033
2018_17_ARI_SEA,2018,17,0.91566,17.122783,0.54784
2018_17_ATL_TB,2018,17,0.392587,-2.646661,0.495666
2018_17_CAR_NO,2018,17,0.745432,7.716944,0.491636
2018_17_CHI_MIN,2018,17,0.67636,4.813896,0.464994
2018_17_CIN_PIT,2018,17,0.867894,13.485013,0.484785
2018_17_CLE_BAL,2018,17,0.717973,6.661139,0.489987
2018_17_DAL_NYG,2018,17,0.761113,8.748888,0.536854
2018_17_DET_GB,2018,17,0.703874,6.714442,0.476799
2018_17_IND_TEN,2018,17,0.30377,-6.558865,0.454036
2018_17_JAX_HOU,2018,17,0.754832,7.908534,0.526828
2018_17_LAC_DEN,2018,17,0.26329,-7.026944,0.499204
2018_17_MIA_BUF,2018,17,0.671864,4.961228,0.484083
2018_17_NYJ_NE,2018,17,0.902661,15.63365,0.548159
2018_17_OAK_KC,2018,17,0.872025,14.23943,0.4923
2018_17_PHI_WAS,2018,17,0.28294,-6.250645,0.492594
2018_17_SF_LA,2018,17,0.819547,10.500534,0.500016
2018_18_IND_HOU,2018,18,0.643134,3.392564,0.541079
2018_18_LAC_BAL,2018,18,0.656111,4.833715,0.554022
2018_18_PHI_CHI,2018,18,0.706475,6.42952,0.497917
2018_18_SEA_DAL,2018,18,0.615735,3.663171,0.534331
2018_19_DAL_LA,2018,19,0.752086,7.409812,0.497335
2018_19_IND_KC,2018,19,0.654301,4.343339,0.510145
2018_19_LAC_NE,2018,19,0.680866,5.573447,0.546392
2018_19_PHI_NO,2018,19,0.777097,9.145051,0.519055
2018_20_LA_NO,2018,20,0.620477,4.026667,0.53031
2018_20_NE_KC,2018,20,0.603304,3.044778,0.501323
2018_21_NE_LA,2018,21,0.439594,-1.652406,0.510271
2019_01_ATL_MIN,2019,1,0.616212,3.43408,0.498052
2019_01_BAL_MIA,2019,1,0.287372,-6.183114,0.524125
2019_01_BUF_NYJ,2019,1,0.610079,3.208125,0.520916
2019_01_CIN_SEA,2019,1,0.794116,9.153291,0.489755
2019_01_DEN_OAK,2019,1,0.448715,-1.463798,0.545299
2019_01_DET_ARI,2019,1,0.426699,-1.626167,0.525805
2019_01_GB_CHI,2019,1,0.639875,4.121727,0.518366
2019_01_HOU_NO,2019,1,0.706779,6.604698,0.503094
2019_01_IND_LAC,2019,1,0.725307,6.454525,0.513429
2019_01_KC_JAX,2019,1,0.390222,-2.826675,0.519889
2019_01_LA_CAR,2019,1,0.431171,-1.723778,0.493387
2019_01_NYG_DAL,2019,1,0.729586,7.037413,0.501106
2019_01_PIT_NE,2019,1,0.70391,6.207271,0.520891
2019_01_SF_TB,2019,1,0.551534,1.862711,0.525477
2019_01_TEN_CLE,2019,1,0.690763,5.578006,0.502305
2019_01_WAS_PHI,2019,1,0.795702,9.773732,0.478548
2019_02_ARI_BAL,2019,2,0.858926,12.674437,0.49038
2019_02_BUF_NYG,2019,2,0.476698,-0.219233,0.52306
2019_02_CHI_DEN,2019,2,0.35827,-3.8052,0.476219
2019_02_CLE_NYJ,2019,2,0.291155,-6.386234,0.503362
2019_02_DAL_WAS,2019,2,0.273888,-6.190524,0.49437
2019_02_IND_TEN,2019,2,0.613875,2.980243,0.499416
2019_02_JAX_HOU,2019,2,0.745888,6.909203,0.482547
2019_02_KC_OAK,2019,2,0.260865,-7.65918,0.480528
2019_02_LAC_DET,2019,2,0.488441,-0.354666,0.519063
2019_02_MIN_GB,2019,2,0.588329,2.636409,0.489257
2019_02_NE_MIA,2019,2,0.070842,-17.739377,0.507701
2019_02_NO_LA,2019,2,0.546541,1.21808,0.476906
2019_02_PHI_ATL,2019,2,0.474714,-0.776034,0.506618
2019_02_SEA_PIT,2019,2,0.653372,4.434079,0.512825
2019_02_SF_CIN,2019,2,0.536273,1.834845,0.524655
2019_02_TB_CAR,2019,2,0.680392,5.604629,0.47356
2019_03_ATL_IND,2019,3,0.502317,0.917986,0.497576
2019_03_BAL_KC,2019,3,0.633374,4.569141,0.502043
2019_03_CAR_ARI,2019,3,0.672792,4.92999,0.571423
2019_03_CHI_WAS,2019,3,0.337884,-4.444997,0.516396
2019_03_CIN_BUF,2019,3,0.662056,4.431832,0.468467
2019_03_DEN_GB,2019,3,0.727073,7.130399,0.503853
2019_03_DET_PHI,2019,3,0.60655,3.897267,0.496964
2019_03_HOU_LAC,2019,3,0.572536,2.325391,0.480073
2019_03_LA_CLE,2019,3,0.278571,-5.952168,0.442511
2019_03_MIA_DAL,2019,3,0.95858,22.384753,0.511368
2019_03_NO_SEA,2019,3,0.680861,5.408572,0.512072
2019_03_NYG_TB,2019,3,0.672716,5.008704,0.500257
2019_03_NYJ_NE,2019,3,0.950977,20.807713,0.509093
2019_03_OAK_MIN,2019,3,0.766342,8.369403,0.496141
2019_03_PIT_SF,2019,3,0.757931,8.033495,0.559866
2019_03_TEN_JAX,2019,3,0.474519,-0.754317,0.522025
2019_04_CAR_HOU,2019,4,0.69101,5.177513,0.490471
2019_04_CIN_PIT,2019,4,0.515193,0.729851,0.418709
2019_04_CLE_BAL,2019,4,0.760645,8.083089,0.517226
2019_04_DAL_NO,2019,4,0.437483,-2.102283,0.511751
2019_04_JAX_DEN,2019,4,0.552409,1.745531,0.477716
2019_04_KC_DET,2019,4,0.258861,-7.860656,0.489343
2019_04_LAC_MIA,2019,4,0.107284,-15.333733,0.490139
2019_04_MIN_CHI,2019,4,0.405913,-1.852851,0.474814
2019_04_NE_BUF,2019,4,0.282324,-6.687399,0.509237
2019_04_OAK_IND,2019,4,0.685501,6.275566,0.522906
2019_04_PHI_GB,2019,4,0.623651,3.092748,0.487967
2019_04_SEA_ARI,2019,4,0.323002,-4.955363,0.51609
2019_04_TB_LA,2019,4,0.774823,8.779244,0.493477
2019_04_TEN_ATL,2019,4,0.618526,3.348997,0.495538
2019_04_WAS_NYG,2019,4,0.599711,2.640137,0.489367
2019_05_ARI_CIN,2019,5,0.63675,3.499118,0.514746
2019_05_ATL_HOU,2019,5,0.646326,4.202304,0.505978
2019_05_BAL_PIT,2019,5,0.371849,-3.697795,0.494155
2019_05_BUF_TEN,2019,5,0.597823,3.076104,0.487475
2019_05_CHI_OAK,2019,5,0.273778,-6.941209,0.486964
2019_05_CLE_SF,2019,5,0.690455,5.774787,0.522883
2019_05_DEN_LAC,2019,5,0.655015,4.766015,0.522625
2019_05_GB_DAL,2019,5,0.633785,3.200437,0.491148
2019_05_IND_KC,2019,5,0.817304,10.250255,0.49262
2019_05_JAX_CAR,2019,5,0.589393,3.431036,0.512735
2019_05_LA_SEA,2019,5,0.571798,2.062087,0.516606
2019_05_MIN_NYG,2019,5,0.295962,-5.501292,0.499962
2019_05_NE_WAS,2019,5,0.097425,-15.196489,0.508968
2019_05_NYJ_PHI,2019,5,0.872965,14.117981,0.503486
2019_05_TB_NO,2019,5,0.580446,2.26897,0.478408
2019_06_ATL_ARI,2019,6,0.385313,-2.795277,0.50605
2019_06_CAR_TB,2019,6,0.391557,-2.946476,0.472053
2019_06_CIN_BAL,2019,6,0.767637,8.55879,0.442832
2019_06_DAL_NYJ,2019,6,0.267285,-6.710555,0.508553
2019_06_DET_GB,2019,6,0.62291,4.317227,0.524135
2019_06_HOU_KC,2019,6,0.606055,4.493706,0.529339
2019_06_NO_JAX,2019,6,0.602273,2.613729,0.503361
2019_06_NYG_NE,2019,6,0.922575,16.684599,0.505455
2019_06_PHI_MIN,2019,6,0.662814,4.081912,0.517191
2019_06_PIT_LAC,2019,6,0.744699,7.624731,0.547897
2019_06_SEA_CLE,2019,6,0.527668,0.825344,0.494839
2019_06_SF_LA,2019,6,0.594351,2.906114,0.497226
2019_06_TEN_DEN,2019,6,0.522443,0.340529,0.48052
2019_06_WAS_MIA,2019,6,0.293976,-6.166444,0.495081
2019_07_ARI_NYG,2019,7,0.615218,3.714387,0.506335
2019_07_BAL_SEA,2019,7,0.625758,3.633345,0.518709
2019_07_HOU_IND,2019,7,0.500816,0.841835,0.480558
2019_07_JAX_CIN,2019,7,0.382171,-2.598568,0.54134
2019_07_KC_DEN,2019,7,0.362411,-4.998377,0.44116
2019_07_LAC_TEN,2019,7,0.612604,3.314494,0.509293
2019_07_LA_ATL,2019,7,0.412342,-2.438217,0.516597
2019_07_MIA_BUF,2019,7,0.919246,17.021535,0.500636
2019_07_MIN_DET,2019,7,0.416731,-2.182829,0.509372
2019_07_NE_NYJ,2019,7,0.213762,-8.821259,0.520049
2019_07_NO_CHI,2019,7,0.660461,4.114105,0.503372
2019_07_OAK_GB,2019,7,0.712835,7.036226,0.5453
2019_07_PHI_DAL,2019,7,0.623979,3.464516,0.513724
2019_07_SF_WAS,2019,7,0.22288,-8.786585,0.53581
2019_08_ARI_NO,2019,8,0.87525,13.912428,0.541663
2019_08_CAR_SF,2019,8,0.600513,3.527543,0.471287
2019_08_CIN_LA,2019,8,0.853426,12.0669,0.501977
2019_08_CLE_NE,2019,8,0.801634,10.099571,0.517712
2019_08_DEN_IND,2019,8,0.720443,6.761307,0.522486
2019_08_GB_KC,2019,8,0.222199,-8.4106,0.400274
2019_08_LAC_CHI,2019,8,0.677616,4.681234,0.534862
2019_08_MIA_PIT,2019,8,0.885779,14.133698,0.503951
2019_08_NYG_DET,2019,8,0.691596,5.676423,0.475677
2019_08_NYJ_JAX,2019,8,0.700212,5.434305,0.453835
2019_08_OAK_HOU,2019,8,0.671619,5.553925,0.516365
2019_08_PHI_BUF,2019,8,0.61536,2.483681,0.543757
2019_08_SEA_ATL,2019,8,0.233317,-8.461622,0.471607
2019_08_TB_TEN,2019,8,0.573016,1.872557,0.496234
2019_08_WAS_MIN,2019,8,0.926621,18.180089,0.549521
2019_09_CHI_PHI,2019,9,0.670586,5.290172,0.508574
2019_09_CLE_DEN,2019,9,0.359918,-4.270375,0.492011
2019_09_DAL_NYG,2019,9,0.27147,-6.964097,0.486288
2019_09_DET_OAK,2019,9,0.603781,2.832356,0.509821
2019_09_GB_LAC,2019,9,0.276599,-6.685693,0.421155
2019_09_HOU_JAX,2019,9,0.558222,1.009899,0.500293
2019_09_IND_PIT,2019,9,0.572817,1.467232,0.513805
2019_09_MIN_KC,2019,9,0.26164,-6.549817,0.469008
2019_09_NE_BAL,2019,9,0.37374,-3.509492,0.484947
2019_09_NYJ_MIA,2019,9,0.403308,-3.150508,0.510327
2019_09_SF_ARI,2019,9,0.209462,-9.902638,0.517647
2019_09_TB_SEA,2019,9,0.644061,4.042206,0.501247
2019_09_TEN_CAR,2019,9,0.618261,3.558778,0.501737
2019_09_WAS_BUF,2019,9,0.839754,11.891958,0.541061
2019_10_ARI_TB,2019,10,0.705987,5.941016,0.51303
2019_10_ATL_NO,2019,10,0.884686,14.549062,0.516221
2019_10_BAL_CIN,2019,10,0.174388,-10.786615,0.491531
2019_10_BUF_CLE,2019,10,0.591629,3.08886,0.502626
2019_10_CAR_GB,2019,10,0.662272,4.765461,0.493069
2019_10_DET_CHI,2019,10,0.745855,7.612071,0.547526
2019_10_KC_TEN,2019,10,0.267207,-6.73975,0.44873
2019_10_LAC_OAK,2019,10,0.4643,-1.042894,0.498732
2019_10_LA_PIT,2019,10,0.33929,-4.074553,0.497797
2019_10_MIA_IND,2019,10,0.801441,9.544088,0.457059
2019_10_MIN_DAL,2019,10,0.662248,4.140637,0.518925
2019_10_NYG_NYJ,2019,10,0.358471,-3.917995,0.472893
2019_10_SEA_SF,2019,10,0.696162,6.586432,0.502554
2019_11_ARI_SF,2019,11,0.77196,8.975295,0.469748
2019_11_ATL_CAR,2019,11,0.663949,4.781779,0.537821
2019_11_BUF_MIA,2019,11,0.293458,-6.234118,0.522621
2019_11_CHI_LA,2019,11,0.732534,7.232109,0.565662
2019_11_CIN_OAK,2019,11,0.862391,13.173727,0.505134
2019_11_DAL_DET,2019,11,0.205589,-9.493114,0.441314
2019_11_DEN_MIN,2019,11,0.779995,9.872785,0.496241
2019_11_HOU_BAL,2019,11,0.618723,3.322859,0.479998
2019_11_JAX_IND,2019,11,0.603602,3.76692,0.537384
2019_11_KC_LAC,2019,11,0.318394,-5.479534,0.500605
2019_11_NE_PHI,2019,11,0.312475,-5.047133,0.483836
2019_11_NO_TB,2019,11,0.315825,-5.511253,0.484895
2019_11_NYJ_WAS,2019,11,0.483492,-0.569295,0.45373
2019_11_PIT_CLE,2019,11,0.586922,2.800829,0.494114
2019_12_BAL_LA,2019,12,0.394117,-2.888701,0.518058
2019_12_CAR_NO,2019,12,0.800552,10.238693,0.507053
2019_12_DAL_NE,2019,12,0.704414,6.347183,0.525019
2019_12_DEN_BUF,2019,12,0.621564,3.586443,0.502554
2019_12_DET_WAS,2019,12,0.355486,-4.78117,0.476928
2019_12_GB_SF,2019,12,0.562356,2.569233,0.487272
2019_12_IND_HOU,2019,12,0.599123,2.60374,0.473534
2019_12_JAX_TEN,2019,12,0.654535,4.784922,0.508419
2019_12_MIA_CLE,2019,12,0.801885,10.309991,0.479618
2019_12_NYG_CHI,2019,12,0.711945,6.273765,0.50809
2019_12_OAK_NYJ,2019,12,0.37544,-3.359339,0.504157
2019_12_PIT_CIN,2019,12,0.297013,-6.482004,0.471006
2019_12_SEA_PHI,2019,12,0.467875,-0.590532,0.512098
2019_12_TB_ATL,2019,12,0.563762,2.239826,0.462814
2019_13_BUF_DAL,2019,13,0.671122,5.073879,0.457935
2019_13_CHI_DET,2019,13,0.322344,-5.731097,0.493171
2019_13_CLE_PIT,2019,13,0.455175,-0.979063,0.500619
2019_13_GB_NYG,2019,13,0.235249,-7.48618,0.470883
2019_13_LAC_DEN,2019,13,0.331049,-4.633549,0.496054
2019_13_LA_ARI,2019,13,0.40737,-2.517309,0.499488
2019_13_MIN_SEA,2019,13,0.549435,1.821864,0.479969
2019_13_NE_HOU,2019,13,0.355638,-4.464573,0.47152
2019_13_NO_ATL,2019,13,0.259332,-7.876567,0.474115
2019_13_NYJ_CIN,2019,13,0.504979,0.136591,0.577422
2019_13_OAK_KC,2019,13,0.851679,12.377559,0.525915
2019_13_PHI_MIA,2019,13,0.156257,-11.515705,0.470013
2019_13_SF_BAL,2019,13,0.683402,5.062144,0.487063
2019_13_TB_JAX,2019,13,0.358902,-3.887868,0.473781
2019_13_TEN_IND,2019,13,0.473289,-0.039379,0.528364
2019_13_WAS_CAR,2019,13,0.828154,10.765389,0.507842
2019_14_BAL_BUF,2019,14,0.296921,-5.8839,0.5182
2019_14_CAR_ATL,2019,14,0.640952,3.861188,0.510672
2019_14_CIN_CLE,2019,14,0.690826,5.597426,0.473348
2019_14_DAL_CHI,2019,14,0.389024,-2.462887,0.515868
2019_14_DEN_HOU,2019,14,0.749738,7.565065,0.487149
2019_14_DET_MIN,2019,14,0.853132,13.016847,0.530021
2019_14_IND_TB,2019,14,0.585195,1.901033,0.46756
2019_14_KC_NE,2019,14,0.613339,3.133927,0.503958
2019_14_LAC_JAX,2019,14,0.395053,-2.903909,0.51761
2019_14_MIA_NYJ,2019,14,0.600284,3.316204,0.45037
2019_14_NYG_PHI,2019,14,0.787134,9.490999,0.499734
2019_14_PIT_ARI,2019,14,0.428572,-2.394421,0.50312
2019_14_SEA_LA,2019,14,0.6033,2.884662,0.555514
2019_14_SF_NO,2019,14,0.513256,0.403227,0.48237
2019_14_TEN_OAK,2019,14,0.401351,-2.9948,0.500154
2019_14_WAS_GB,2019,14,0.888409,14.551532,0.545749
2019_15_ATL_SF,2019,15,0.765131,9.159992,0.460466
2019_15_BUF_PIT,2019,15,0.512747,0.84473,0.495412
2019_15_CHI_GB,2019,15,0.656384,4.227431,0.506721
2019_15_CLE_ARI,2019,15,0.410851,-3.060504,0.498212
2019_15_DEN_KC,2019,15,0.786689,9.040928,0.471682
2019_15_HOU_TEN,2019,15,0.562805,2.281955,0.478791
2019_15_IND_NO,2019,15,0.733317,6.741972,0.462877
2019_15_JAX_OAK,2019,15,0.713487,6.271753,0.47849
2019_15_LA_DAL,2019,15,0.422846,-1.958408,0.471702
2019_15_MIA_NYG,2019,15,0.594098,3.07542,0.487455
2019_15_MIN_LAC,2019,15,0.433988,-1.795513,0.476505
2019_15_NE_CIN,2019,15,0.193773,-10.096129,0.511933
2019_15_NYJ_BAL,2019,15,0.940275,18.94751,0.557352
2019_15_PHI_WAS,2019,15,0.238106,-8.38916,0.459021
2019_15_SEA_CAR,2019,15,0.311298,-5.548151,0.51335
2019_15_TB_DET,2019,15,0.229816,-8.705452,0.406157
2019_16_ARI_SEA,2019,16,0.68934,6.430983,0.453738
2019_16_BAL_CLE,2019,16,0.18169,-10.135133,0.481238
2019_16_BUF_NE,2019,16,0.723349,6.888871,0.496716
2019_16_CAR_IND,2019,16,0.761909,8.465237,0.5285
2019_16_CIN_MIA,2019,16,0.379104,-3.320368,0.446368
2019_16_DAL_PHI,2019,16,0.459109,-0.670672,0.53922
2019_16_DET_DEN,2019,16,0.789523,9.809948,0.509159
2019_16_GB_MIN,2019,16,0.633828,4.085093,0.502515
2019_16_HOU_TB,2019,16,0.424965,-1.198992,0.553065
2019_16_JAX_ATL,2019,16,0.745611,7.679685,0.50531
2019_16_KC_CHI,2019,16,0.230158,-7.883026,0.459201
2019_16_LA_SF,2019,16,0.726144,7.067137,0.501984
2019_16_NO_TEN,2019,16,0.351702,-3.953859,0.48659
2019_16_NYG_WAS,2019,16,0.436932,-1.379561,0.488785
2019_16_OAK_LAC,2019,16,0.752031,7.535548,0.50105
2019_16_PIT_NYJ,2019,16,0.356066,-3.601494,0.482231
2019_17_ARI_LA,2019,17,0.703718,6.818398,0.494634
2019_17_ATL_TB,2019,17,0.567271,2.671803,0.549278
2019_17_CHI_MIN,2019,17,0.280641,-7.286224,0.447368
2019_17_CLE_CIN,2019,17,0.409271,-2.605666,0.496877
2019_17_GB_DET,2019,17,0.119231,-14.109393,0.481998
2019_17_IND_JAX,2019,17,0.269423,-6.84978,0.445507
2019_17_LAC_KC,2019,17,0.816445,10.508387,0.51502
2019_17_MIA_NE,2019,17,0.941031,19.085336,0.546741
2019_17_NO_CAR,2019,17,0.129983,-12.925482,0.516973
2019_17_NYJ_BUF,2019,17,0.422796,-2.22078,0.47871
2019_17_OAK_DEN,2019,17,0.712428,6.334762,0.524653
2019_17_PHI_NYG,2019,17,0.37229,-4.088752,0.497377
2019_17_PIT_BAL,2019,17,0.322339,-5.097347,0.409266
2019_17_SF_SEA,2019,17,0.406825,-2.868654,0.51865
2019_17_TEN_HOU,2019,17,0.165658,-10.948513,0.471993
2019_17_WAS_DAL,2019,17,0.834726,10.819279,0.435836
2019_18_BUF_HOU,2019,18,0.587998,2.537439,0.501106
2019_18_MIN_NO,2019,18,0.806325,8.426818,0.527367
2019_18_SEA_PHI,2019,18,0.555135,1.684548,0.520221
2019_18_TEN_NE,2019,18,0.672399,4.937042,0.512913
2019_19_HOU_KC,2019,19,0.79325,9.796665,0.493991
2019_19_MIN_SF,2019,19,0.715333,6.383885,0.481799
2019_19_SEA_GB,2019,19,0.617657,3.408674,0.467785
2019_19_TEN_BAL,2019,19,0.837882,11.593259,0.546974
2019_20_GB_SF,2019,20,0.724286,7.06394,0.47236
2019_20_TEN_KC,2019,20,0.743921,7.693828,0.505728
2019_21_SF_KC,2019,21,0.578544,2.245155,0.522009
2020_01_ARI_SF,2020,1,0.728519,7.026017,0.500769
2020_01_CHI_DET,2020,1,0.597263,2.718589,0.506459
2020_01_CLE_BAL,2020,1,0.724914,7.015642,0.500462
2020_01_DAL_LA,2020,1,0.530888,1.019209,0.500568
2020_01_GB_MIN,2020,1,0.528254,0.998554,0.499957
2020_01_HOU_KC,2020,1,0.789199,9.407084,0.497254
2020_01_IND_JAX,2020,1,0.252008,-7.195729,0.494216
2020_01_LAC_CIN,2020,1,0.405892,-2.408254,0.502711
2020_01_LV_CAR,2020,1,0.385121,-3.012284,0.499637
2020_01_MIA_NE,2020,1,0.730246,7.34269,0.495351
2020_01_NYJ_BUF,2020,1,0.722331,6.645154,0.504289
2020_01_PHI_WAS,2020,1,0.313893,-5.701643,0.494041
2020_01_PIT_NYG,2020,1,0.28241,-6.115108,0.496598
2020_01_SEA_ATL,2020,1,0.533926,1.042137,0.501245
2020_01_TB_NO,2020,1,0.627389,3.907121,0.497255
2020_01_TEN_DEN,2020,1,0.380425,-2.89368,0.503142
2020_02_ATL_DAL,2020,2,0.590505,2.947974,0.498463
2020_02_BAL_HOU,2020,2,0.249403,-7.493094,0.500204
2020_02_BUF_MIA,2020,2,0.312856,-5.453184,0.501383
2020_02_CAR_TB,2020,2,0.750302,7.765511,0.507846
2020_02_CIN_CLE,2020,2,0.711414,6.112441,0.503323
2020_02_DEN_PIT,2020,2,0.718922,6.209934,0.506204
2020_02_DET_GB,2020,2,0.718675,6.864816,0.496005
2020_02_JAX_TEN,2020,2,0.716603,7.017726,0.500524
2020_02_KC_LAC,2020,2,0.218937,-8.64147,0.495819
2020_02_LA_PHI,2020,2,0.55889,2.073788,0.502181
2020_02_MIN_IND,2020,2,0.607576,3.543636,0.501289
2020_02_NE_SEA,2020,2,0.632146,3.958169,0.498764
2020_02_NO_LV,2020,2,0.350865,-4.371824,0.489014
2020_02_NYG_CHI,2020,2,0.648931,4.461318,0.498857
2020_02_SF_NYJ,2020,2,0.257434,-7.186056,0.494502
2020_02_WAS_ARI,2020,2,0.732751,7.404502,0.497178
2020_03_CAR_LAC,2020,3,0.681168,5.74925,0.49259
2020_03_CHI_ATL,2020,3,0.571642,2.615619,0.503417
2020_03_CIN_PHI,2020,3,0.677715,5.508022,0.500237
2020_03_DAL_SEA,2020,3,0.669806,5.403327,0.497143
2020_03_DET_ARI,2020,3,0.626901,4.20412,0.491257
2020_03_GB_NO,2020,3,0.613408,3.537062,0.501095
2020_03_HOU_PIT,2020,3,0.63968,4.037014,0.501094
2020_03_KC_BAL,2020,3,0.621859,3.569012,0.502039
2020_03_LA_BUF,2020,3,0.55031,1.546468,0.501373
2020_03_LV_NE,2020,3,0.744796,7.28381,0.508386
2020_03_MIA_JAX,2020,3,0.603085,3.118443,0.5035
2020_03_NYJ_IND,2020,3,0.864517,12.659469,0.504712
2020_03_SF_NYG,2020,3,0.430717,-2.729187,0.508002
2020_03_TB_DEN,2020,3,0.290592,-5.978398,0.500638
2020_03_TEN_MIN,2020,3,0.383398,-3.16637,0.495084
2020_03_WAS_CLE,2020,3,0.731799,7.490855,0.49973
2020_04_ARI_CAR,2020,4,0.429543,-2.759728,0.5071
2020_04_ATL_GB,2020,4,0.657596,5.279942,0.508272
2020_04_BAL_WAS,2020,4,0.096246,-14.650956,0.495539
2020_04_BUF_LV,2020,4,0.364847,-3.202194,0.494025
2020_04_CLE_DAL,2020,4,0.612002,3.391588,0.496796
2020_04_DEN_NYJ,2020,4,0.538483,1.105473,0.503117
2020_04_IND_CHI,2020,4,0.362798,-3.687764,0.494451
2020_04_JAX_CIN,2020,4,0.502932,0.859741,0.495855
2020_04_LAC_TB,2020,4,0.751105,7.815074,0.50931
2020_04_MIN_HOU,2020,4,0.617739,3.499865,0.499996
2020_04_NE_KC,2020,4,0.751026,7.355262,0.510497
2020_04_NO_DET,2020,4,0.396726,-3.392332,0.488408
2020_04_NYG_LA,2020,4,0.871713,13.50499,0.500147
2020_04_PHI_SF,2020,4,0.769863,8.362557,0.495938
2020_04_SEA_MIA,2020,4,0.349787,-4.456049,0.501299
2020_05_ARI_NYJ,2020,5,0.265051,-6.964379,0.501053
2020_05_BUF_TEN,2020,5,0.384439,-3.101084,0.497013
2020_05_CAR_ATL,2020,5,0.570526,2.498387,0.499952
2020_05_CIN_BAL,2020,5,0.860782,12.695121,0.505766
2020_05_IND_CLE,2020,5,0.495231,0.587414,0.487809
2020_05_JAX_HOU,2020,5,0.713191,6.446135,0.498408
2020_05_LAC_NO,2020,5,0.716817,7.032675,0.500966
2020_05_LA_WAS,2020,5,0.263428,-6.976026,0.500708
2020_05_LV_KC,2020,5,0.829332,11.009286,0.500274
2020_05_MIA_SF,2020,5,0.770173,8.525102,0.500742
2020_05_MIN_SEA,2020,5,0.700661,6.373094,0.49625
2020_05_NYG_DAL,2020,5,0.754996,7.647397,0.504356
2020_05_PHI_PIT,2020,5,0.755592,7.563842,0.501887
2020_05_TB_CHI,2020,5,0.363095,-3.939149,0.487025
2020_06_ARI_DAL,2020,6,0.496723,0.578388,0.487543
2020_06_ATL_MIN,2020,6,0.597495,3.339201,0.495248
2020_06_BAL_PHI,2020,6,0.170913,-10.661223,0.495236
2020_06_CHI_CAR,2020,6,0.574582,2.145109,0.504288
2020_06_CIN_IND,2020,6,0.736728,7.607352,0.503172
2020_06_CLE_PIT,2020,6,0.625709,3.280137,0.508278
2020_06_DEN_NE,2020,6,0.726984,7.083162,0.502458
2020_06_DET_JAX,2020,6,0.365011,-3.215155,0.493642
2020_06_GB_TB,2020,6,0.389823,-3.019244,0.499431
2020_06_HOU_TEN,2020,6,0.645598,4.122004,0.503605
2020_06_KC_BUF,2020,6,0.305687,-5.42556,0.5022
2020_06_LA_SF,2020,6,0.415777,-2.073214,0.497836
2020_06_NYJ_MIA,2020,6,0.791235,9.478429,0.499363
2020_06_WAS_NYG,2020,6,0.555275,1.926578,0.49783
2020_07_BUF_NYJ,2020,7,0.207168,-9.587287,0.497421
2020_07_CAR_NO,2020,7,0.723321,7.227246,0.506715
2020_07_CHI_LA,2020,7,0.715198,6.560832,0.501798
2020_07_CLE_CIN,2020,7,0.320522,-4.764836,0.492174
2020_07_DAL_WAS,2020,7,0.454509,-1.011355,0.499664
2020_07_DET_ATL,2020,7,0.531871,1.034782,0.501028
2020_07_GB_HOU,2020,7,0.421731,-2.405072,0.502805
2020_07_JAX_LAC,2020,7,0.77201,8.188899,0.505582
2020_07_KC_DEN,2020,7,0.246064,-7.374748,0.488927
2020_07_NYG_PHI,2020,7,0.657085,5.011657,0.500344
2020_07_PIT_TEN,2020,7,0.536871,0.984866,0.499553
2020_07_SEA_ARI,2020,7,0.363445,-3.491712,0.500245
2020_07_SF_NE,2020,7,0.623739,3.224236,0.506626
2020_07_TB_LV,2020,7,0.375158,-3.429504,0.502083
2020_08_ATL_CAR,2020,8,0.549114,1.464922,0.498963
2020_08_DAL_PHI,2020,8,0.819554,10.388524,0.51148
2020_08_IND_DET,2020,8,0.369424,-3.565913,0.498052
2020_08_LAC_DEN,2020,8,0.36079,-3.175096,0.494826
2020_08_LA_MIA,2020,8,0.343929,-3.882288,0.488704
2020_08_LV_CLE,2020,8,0.525907,0.97614,0.499295
2020_08_MIN_GB,2020,8,0.680052,5.475787,0.499284
2020_08_NE_BUF,2020,8,0.625619,3.828448,0.494931
2020_08_NO_CHI,2020,8,0.307452,-5.777456,0.491801
2020_08_NYJ_KC,2020,8,0.948837,20.2025,0.505984
2020_08_PIT_BAL,2020,8,0.63833,4.120145,0.50355
2020_08_SF_SEA,2020,8,0.531869,0.968997,0.499084
2020_08_TB_NYG,2020,8,0.123218,-13.488614,0.485564
2020_08_TEN_CIN,2020,8,0.244291,-7.564884,0.498083
2020_09_BAL_IND,2020,9,0.533821,1.129184,0.503817
2020_09_CAR_KC,2020,9,0.805937,10.122892,0.503632
2020_09_CHI_TEN,2020,9,0.712351,6.635992,0.504019
2020_09_DEN_ATL,2020,9,0.657031,4.706517,0.506103
2020_09_DET_MIN,2020,9,0.590742,2.752275,0.49268
2020_09_GB_SF,2020,9,0.286296,-5.753054,0.507297
2020_09_HOU_JAX,2020,9,0.260743,-7.092187,0.497276
2020_09_LV_LAC,2020,9,0.462417,-0.786681,0.506304
2020_09_MIA_ARI,2020,9,0.701168,6.284764,0.508415
2020_09_NE_NYJ,2020,9,0.198447,-9.490015,0.500295
2020_09_NO_TB,2020,9,0.612391,3.075405,0.502228
2020_09_NYG_WAS,2020,9,0.618333,3.261734,0.507734
2020_09_PIT_DAL,2020,9,0.118537,-14.025712,0.49924
2020_09_SEA_BUF,2020,9,0.391149,-2.927026,0.502156
2020_10_BAL_NE,2020,10,0.281207,-6.85782,0.504202
2020_10_BUF_ARI,2020,10,0.590543,3.002284,0.500067
2020_10_CIN_PIT,2020,10,0.716009,6.560106,0.501776
2020_10_DEN_LV,2020,10,0.631942,3.651606,0.50448
2020_10_HOU_CLE,2020,10,0.671751,4.719215,0.506478
2020_10_IND_TEN,2020,10,0.460025,-0.886996,0.503339
2020_10_JAX_GB,2020,10,0.874259,13.568759,0.502032
2020_10_LAC_MIA,2020,10,0.519804,0.717826,0.491662
2020_10_MIN_CHI,2020,10,0.351787,-3.766387,0.492128
2020_10_PHI_NYG,2020,10,0.330548,-4.578899,0.497668
2020_10_SEA_LA,2020,10,0.593489,2.92129,0.497674
2020_10_SF_NO,2020,10,0.803216,9.678009,0.50526
2020_10_TB_CAR,2020,10,0.283968,-6.090434,0.497328
2020_10_WAS_DET,2020,10,0.602089,2.85325,0.510438
2020_11_ARI_SEA,2020,11,0.603524,2.997164,0.499916
2020_11_ATL_NO,2020,11,0.566932,2.925638,0.483032
2020_11_CIN_WAS,2020,11,0.559465,1.968038,0.499055
2020_11_DAL_MIN,2020,11,0.740309,7.15269,0.504512
2020_11_DET_CAR,2020,11,0.360482,-3.439574,0.487012
2020_11_GB_IND,2020,11,0.553074,1.624806,0.503688
2020_11_KC_LV,2020,11,0.25399,-7.495691,0.500127
2020_11_LA_TB,2020,11,0.641555,4.112814,0.503334
2020_11_MIA_DEN,2020,11,0.345144,-4.074703,0.497792
2020_11_NE_HOU,2020,11,0.387538,-2.690842,0.494361
2020_11_NYJ_LAC,2020,11,0.804633,9.989069,0.499677
2020_11_PHI_CLE,2020,11,0.576868,2.490877,0.49973
2020_11_PIT_JAX,2020,11,0.155041,-11.136946,0.495953
2020_11_TEN_BAL,2020,11,0.699395,5.86152,0.495908
2020_12_ARI_NE,2020,12,0.478697,-0.759142,0.507117
2020_12_BAL_PIT,2020,12,0.832902,10.873209,0.511027
2020_12_CAR_MIN,2020,12,0.601851,3.04171,0.501233
2020_12_CHI_GB,2020,12,0.739882,7.45434,0.498651
2020_12_CLE_JAX,2020,12,0.244947,-7.379564,0.503559
2020_12_HOU_DET,2020,12,0.394497,-2.994386,0.500166
2020_12_KC_TB,2020,12,0.378215,-3.368235,0.503894
2020_12_LAC_BUF,2020,12,0.659349,4.572551,0.502144
2020_12_LV_ATL,2020,12,0.362317,-3.381481,0.503502
2020_12_MIA_NYJ,2020,12,0.237412,-7.792939,0.491344
2020_12_NO_DEN,2020,12,0.084045,-16.825063,0.505169
2020_12_NYG_CIN,2020,12,0.249125,-6.915849,0.487713
2020_12_SEA_PHI,2020,12,0.266838,-6.612607,0.496672
2020_12_SF_LA,2020,12,0.699225,5.419514,0.512395
2020_12_TEN_IND,2020,12,0.58834,2.921214,0.497672
2020_12_WAS_DAL,2020,12,0.581122,2.479867,0.499405
2020_13_BUF_SF,2020,13,0.524599,1.227151,0.491938
2020_13_CIN_MIA,2020,13,0.820703,10.694283,0.505741
2020_13_CLE_TEN,2020,13,0.618639,3.881116,0.496487
2020_13_DAL_BAL,2020,13,0.760313,8.400983,0.497074
2020_13_DEN_KC,2020,13,0.863082,12.984562,0.499544
2020_13_DET_CHI,2020,13,0.612224,3.187736,0.505548
2020_13_IND_HOU,2020,13,0.361647,-3.591586,0.497294
2020_13_JAX_MIN,2020,13,0.823659,10.558738,0.501736
2020_13_LA_ARI,2020,13,0.394147,-2.629668,0.496168
2020_13_LV_NYJ,2020,13,0.277724,-7.206727,0.508666
2020_13_NE_LAC,2020,13,0.571701,2.37541,0.496318
2020_13_NO_ATL,2020,13,0.435593,-2.298159,0.505964
2020_13_NYG_SEA,2020,13,0.834584,11.244626,0.507229
2020_13_PHI_GB,2020,13,0.758516,8.161423,0.50477
2020_13_WAS_PIT,2020,13,0.67601,5.434985,0.498079
2020_14_ARI_NYG,2020,14,0.39704,-2.925327,0.502207
2020_14_ATL_LAC,2020,14,0.524712,0.660543,0.48997
2020_14_BAL_CLE,2020,14,0.380458,-3.055726,0.498353
2020_14_DAL_CIN,2020,14,0.3688,-3.243531,0.492804
2020_14_DEN_CAR,2020,14,0.631474,4.117434,0.50347
2020_14_GB_DET,2020,14,0.206544,-9.389875,0.503254
2020_14_HOU_CHI,2020,14,0.464413,-0.954862,0.501334
2020_14_IND_LV,2020,14,0.384421,-2.719669,0.493509
2020_14_KC_MIA,2020,14,0.260039,-7.343557,0.504623
2020_14_MIN_TB,2020,14,0.731956,7.035812,0.501058
2020_14_NE_LA,2020,14,0.672299,5.04825,0.501426
2020_14_NO_PHI,2020,14,0.265645,-7.283778,0.506389
2020_14_NYJ_SEA,2020,14,0.914745,16.55866,0.501733
2020_14_PIT_BUF,2020,14,0.57043,2.025559,0.500755
2020_14_TEN_JAX,2020,14,0.271945,-7.175968,0.509575
2020_14_WAS_SF,2020,14,0.586648,2.866452,0.496054
2020_15_BUF_DEN,2020,15,0.31315,-5.452438,0.501406
2020_15_CAR_GB,2020,15,0.787167,9.287037,0.493707
2020_15_CHI_MIN,2020,15,0.567776,2.378801,0.496418
2020_15_CLE_NYG,2020,15,0.276911,-6.281426,0.491684
2020_15_DET_TEN,2020,15,0.794952,9.369903,0.496156
2020_15_HOU_IND,2020,15,0.742113,7.608048,0.503193
2020_15_JAX_BAL,2020,15,0.861213,12.887525,0.496676
2020_15_KC_NO,2020,15,0.407882,-2.133015,0.510844
2020_15_LAC_LV,2020,15,0.606776,3.394593,0.496885
2020_15_NE_MIA,2020,15,0.43284,-1.529876,0.499117
2020_15_NYJ_LA,2020,15,0.925709,17.594594,0.502795
2020_15_PHI_ARI,2020,15,0.710635,6.51202,0.500355
2020_15_PIT_CIN,2020,15,0.104448,-14.740141,0.492904
2020_15_SEA_WAS,2020,15,0.273102,-6.186025,0.494503
2020_15_SF_DAL,2020,15,0.347593,-4.096135,0.497159
2020_15_TB_ATL,2020,15,0.285802,-5.792639,0.506128
2020_16_ATL_KC,2020,16,0.812159,10.82928,0.494955
2020_16_BUF_NE,2020,16,0.267595,-6.947068,0.501564
2020_16_CAR_WAS,2020,16,0.445007,-1.143822,0.49575
2020_16_CHI_JAX,2020,16,0.189233,-9.665637,0.495105
2020_16_CIN_HOU,2020,16,0.750808,7.480065,0.499411
2020_16_CLE_NYJ,2020,16,0.27135,-6.655691,0.495399
2020_16_DEN_LAC,2020,16,0.570818,2.630546,0.503858
2020_16_IND_PIT,2020,16,0.427856,-1.388194,0.48853
2020_16_LA_SEA,2020,16,0.549355,1.513368,0.500395
2020_16_MIA_LV,2020,16,0.421093,-2.195032,0.494237
2020_16_MIN_NO,2020,16,0.740146,7.101816,0.517779
2020_16_NYG_BAL,2020,16,0.798914,9.89622,0.496933
2020_16_PHI_DAL,2020,16,0.365907,-3.405493,0.488019
2020_16_SF_ARI,2020,16,0.735884,6.493757,0.514588
2020_16_TB_DET,2020,16,0.151332,-11.813327,0.505516
2020_16_TEN_GB,2020,16,0.606677,3.060081,0.501775
2020_17_ARI_LA,2020,17,0.544551,1.171832,0.505078
2020_17_ATL_TB,2020,17,0.734285,7.493762,0.499816
2020_17_BAL_CIN,2020,17,0.123334,-13.64942,0.495585
2020_17_DAL_NYG,2020,17,0.454313,-1.30112,0.505877
2020_17_GB_CHI,2020,17,0.330832,-4.625774,0.496283
2020_17_JAX_IND,2020,17,0.8962,15.34826,0.495516
2020_17_LAC_KC,2020,17,0.217682,-7.489138,0.485549
2020_17_LV_DEN,2020,17,0.408121,-2.454319,0.50135
2020_17_MIA_BUF,2020,17,0.370623,-3.414671,0.502522
2020_17_MIN_DET,2020,17,0.43094,-2.56293,0.512914
2020_17_NO_CAR,2020,17,0.295224,-5.943207,0.501678
2020_17_NYJ_NE,2020,17,0.616255,3.244967,0.507239
2020_17_PIT_CLE,2020,17,0.832983,10.831692,0.509801
2020_17_SEA_SF,2020,17,0.233917,-7.182713,0.494601
2020_17_TEN_HOU,2020,17,0.269341,-6.983573,0.500485
2020_17_WAS_PHI,2020,17,0.263828,-6.561953,0.498169
2020_18_BAL_TEN,2020,18,0.354902,-3.69386,0.494271
2020_18_CHI_NO,2020,18,0.841972,11.601847,0.517779
2020_18_CLE_PIT,2020,18,0.678331,5.260291,0.507691
2020_18_IND_BUF,2020,18,0.717473,7.089445,0.502643
2020_18_LA_SEA,2020,18,0.609854,3.014718,0.500435
2020_18_TB_WAS,2020,18,0.188193,-10.085399,0.497476
2020_19_BAL_BUF,2020,19,0.583782,2.510575,0.500312
2020_19_CLE_KC,2020,19,0.695128,7.606025,0.503133
2020_19_LA_GB,2020,19,0.72046,6.811532,0.494431
2020_19_TB_NO,2020,19,0.585161,2.522463,0.500664
2020_20_BUF_KC,2020,20,0.612324,3.168088,0.504967
2020_20_TB_GB,2020,20,0.587497,2.804721,0.494229
2020_21_KC_TB,2020,21,0.372213,-3.092081,0.497279
2021_01_ARI_TEN,2021,1,0.576611,2.442749,0.498308
2021_01_BAL_LV,2021,1,0.387297,-2.981787,0.500538
2021_01_CHI_LA,2021,1,0.79987,9.631649,0.50389
2021_01_CLE_KC,2021,1,0.69073,5.63582,0.504014
2021_01_DAL_TB,2021,1,0.798028,9.89832,0.496995
2021_01_DEN_NYG,2021,1,0.369222,-3.217472,0.493574
2021_01_GB_NO,2021,1,0.347595,-4.139862,0.495867
2021_01_JAX_HOU,2021,1,0.346966,-3.779643,0.491737
2021_01_LAC_WAS,2021,1,0.59436,2.689839,0.50561
2021_01_MIA_NE,2021,1,0.609667,3.437328,0.498148
2021_01_MIN_CIN,2021,1,0.392024,-2.873486,0.503739
2021_01_NYJ_CAR,2021,1,0.611481,3.383972,0.496571
2021_01_PHI_ATL,2021,1,0.613053,3.459536,0.498804
2021_01_PIT_BUF,2021,1,0.706519,6.460559,0.498834
2021_01_SEA_IND,2021,1,0.369792,-3.197083,0.494176
2021_01_SF_DET,2021,1,0.196815,-9.485334,0.500433
2021_02_ATL_TB,2021,2,0.874794,13.597577,0.502883
2021_02_BUF_MIA,2021,2,0.36123,-3.630309,0.496149
2021_02_CIN_CHI,2021,2,0.559032,1.909341,0.497321
2021_02_DAL_LAC,2021,2,0.576028,2.692838,0.490924
2021_02_DEN_JAX,2021,2,0.269282,-6.298423,0.491182
2021_02_DET_GB,2021,2,0.851104,11.807615,0.50909
2021_02_HOU_CLE,2021,2,0.876848,13.659884,0.504725
2021_02_KC_BAL,2021,2,0.353588,-3.623698,0.496345
2021_02_LA_IND,2021,2,0.324114,-4.337073,0.49004
2021_02_LV_PIT,2021,2,0.685929,5.54131,0.501221
2021_02_MIN_ARI,2021,2,0.64323,4.127961,0.503781
2021_02_NE_NYJ,2021,2,0.291806,-5.691385,0.494345
2021_02_NO_CAR,2021,2,0.377314,-3.215048,0.493645
2021_02_NYG_WAS,2021,2,0.64623,4.199964,0.505909
2021_02_SF_PHI,2021,2,0.388613,-2.975876,0.500713
2021_02_TEN_SEA,2021,2,0.705531,6.381044,0.496485
2021_03_ARI_JAX,2021,3,0.223323,-8.278326,0.491776
2021_03_ATL_NYG,2021,3,0.612552,3.135047,0.503991
2021_03_BAL_DET,2021,3,0.226806,-7.776194,0.491839
2021_03_CAR_HOU,2021,3,0.203389,-8.37504,0.488919
2021_03_CHI_CLE,2021,3,0.760947,7.825189,0.509609
2021_03_CIN_PIT,2021,3,0.569931,2.395281,0.496905
2021_03_GB_SF,2021,3,0.623541,3.597231,0.502873
2021_03_IND_TEN,2021,3,0.651245,4.615773,0.503421
2021_03_LAC_KC,2021,3,0.735077,6.886087,0.511408
2021_03_MIA_LV,2021,3,0.640857,4.119502,0.503531
2021_03_NO_NE,2021,3,0.596912,3.010561,0.500312
2021_03_NYJ_DEN,2021,3,0.842181,11.069578,0.516827
2021_03_PHI_DAL,2021,3,0.606476,3.439526,0.498213
2021_03_SEA_MIN,2021,3,0.400477,-2.135464,0.495997
2021_03_TB_LA,2021,3,0.463794,-0.942001,0.501714
2021_03_WAS_BUF,2021,3,0.736197,7.472964,0.499201
2021_04_ARI_LA,2021,4,0.620388,3.549532,0.501464
2021_04_BAL_DEN,2021,4,0.559443,1.329773,0.509744
2021_04_CAR_DAL,2021,4,0.652032,4.50605,0.500179
2021_04_CLE_MIN,2021,4,0.446558,-1.03639,0.498925
2021_04_DET_CHI,2021,4,0.590708,2.794326,0.493922
2021_04_HOU_BUF,2021,4,0.941766,19.315454,0.509321
2021_04_IND_MIA,2021,4,0.59505,2.605404,0.503115
2021_04_JAX_CIN,2021,4,0.750057,7.647708,0.504365
2021_04_KC_PHI,2021,4,0.233139,-7.736294,0.493018
2021_04_LV_LAC,2021,4,0.589084,2.875386,0.496318
2021_04_NYG_NO,2021,4,0.74582,7.44535,0.498385
2021_04_PIT_GB,2021,4,0.702679,6.362202,0.495928
2021_04_SEA_SF,2021,4,0.579613,2.485485,0.499571
2021_04_TB_NE,2021,4,0.293175,-5.935639,0.501902
2021_04_TEN_NYJ,2021,4,0.271066,-6.440487,0.47223
2021_04_WAS_ATL,2021,4,0.441701,-1.115518,0.496586
2021_05_BUF_KC,2021,5,0.581073,2.487438,0.499629
2021_05_CHI_LV,2021,5,0.697463,5.660001,0.504728
2021_05_CLE_LAC,2021,5,0.575866,2.285845,0.493672
2021_05_DEN_PIT,2021,5,0.40907,-2.099341,0.497064
2021_05_DET_MIN,2021,5,0.804841,10.008448,0.50025
2021_05_GB_CIN,2021,5,0.393087,-2.266172,0.492135
2021_05_IND_BAL,2021,5,0.751991,7.699456,0.505894
2021_05_LA_SEA,2021,5,0.374011,-2.802339,0.491066
2021_05_MIA_TB,2021,5,0.823528,11.021357,0.500631
2021_05_NE_HOU,2021,5,0.209036,-8.36238,0.489292
2021_05_NO_WAS,2021,5,0.391061,-2.603018,0.496956
2021_05_NYG_DAL,2021,5,0.748477,7.498297,0.49995
2021_05_NYJ_ATL,2021,5,0.621434,3.435567,0.512869
2021_05_PHI_CAR,2021,5,0.566171,2.377649,0.496384
2021_05_SF_ARI,2021,5,0.713429,6.226292,0.506687
2021_05_TEN_JAX,2021,5,0.347785,-4.238486,0.492953
2021_06_ARI_CLE,2021,6,0.58232,2.940302,0.498236
2021_06_BUF_TEN,2021,6,0.277422,-6.143594,0.495757
2021_06_CIN_DET,2021,6,0.364186,-3.522948,0.499322
2021_06_DAL_NE,2021,6,0.364455,-3.547879,0.498585
2021_06_GB_CHI,2021,6,0.292744,-5.551411,0.498481
2021_06_HOU_IND,2021,6,0.830256,10.868898,0.5109
2021_06_KC_WAS,2021,6,0.279011,-6.104883,0.496901
2021_06_LAC_BAL,2021,6,0.617252,3.229836,0.506792
2021_06_LA_NYG,2021,6,0.23674,-7.473697,0.500777
2021_06_LV_DEN,2021,6,0.684842,5.276279,0.508164
2021_06_MIA_JAX,2021,6,0.399007,-2.732944,0.493117
2021_06_MIN_CAR,2021,6,0.384789,-2.666028,0.495094
2021_06_SEA_PIT,2021,6,0.693027,5.677588,0.505248
2021_06_TB_PHI,2021,6,0.274586,-6.850022,0.504432
2021_07_ATL_MIA,2021,7,0.46459,-1.244596,0.507547
2021_07_CAR_NYG,2021,7,0.374928,-2.889091,0.503277
2021_07_CHI_TB,2021,7,0.855394,12.719586,0.506489
2021_07_CIN_BAL,2021,7,0.711602,6.616967,0.503456
2021_07_DEN_CLE,2021,7,0.533474,1.740962,0.492346
2021_07_DET_LA,2021,7,0.919945,17.024892,0.500736
2021_07_HOU_ARI,2021,7,0.949287,20.480899,0.499436
2021_07_IND_SF,2021,7,0.614293,3.467725,0.499046
2021_07_KC_TEN,2021,7,0.349344,-3.950717,0.501456
2021_07_NO_SEA,2021,7,0.288634,-6.092279,0.497273
2021_07_NYJ_NE,2021,7,0.715538,6.895958,0.496925
2021_07_PHI_LV,2021,7,0.532151,1.08316,0.502457
2021_07_WAS_GB,2021,7,0.773803,8.493826,0.499818
2021_08_CAR_ATL,2021,8,0.581049,2.508988,0.500266
2021_08_CIN_NYJ,2021,8,0.151038,-11.348906,0.504465
2021_08_DAL_MIN,2021,8,0.67107,4.836578,0.509945
2021_08_GB_ARI,2021,8,0.702814,6.539581,0.50117
2021_08_JAX_SEA,2021,8,0.624501,3.884962,0.496601
2021_08_LA_HOU,2021,8,0.073111,-17.170713,0.494955
2021_08_MIA_BUF,2021,8,0.895544,15.063764,0.501884
2021_08_NE_LAC,2021,8,0.606171,3.40254,0.49712
2021_08_NYG_KC,2021,8,0.828064,10.469812,0.499108
2021_08_PHI_DET,2021,8,0.39484,-2.887339,0.503329
2021_08_PIT_CLE,2021,8,0.683047,5.67341,0.505124
2021_08_SF_CHI,2021,8,0.346316,-4.255072,0.507238
2021_08_TB_NO,2021,8,0.341645,-4.232417,0.493132
2021_08_TEN_IND,2021,8,0.604992,2.902083,0.497106
2021_08_WAS_DEN,2021,8,0.636914,4.100217,0.502962
2021_09_ARI_SF,2021,9,0.711351,5.784215,0.508398
2021_09_ATL_NO,2021,9,0.70869,6.700354,0.491146
2021_09_BUF_JAX,2021,9,0.10085,-14.782932,0.49164
2021_09_CHI_PIT,2021,9,0.743498,7.156419,0.504622
2021_09_CLE_CIN,2021,9,0.576691,2.331635,0.495025
2021_09_DEN_DAL,2021,9,0.819487,10.557721,0.501706
2021_09_GB_KC,2021,9,0.760601,7.545604,0.516119
2021_09_HOU_MIA,2021,9,0.623333,3.768712,0.493165
2021_09_LAC_PHI,2021,9,0.467006,-0.873623,0.503735
2021_09_LV_NYG,2021,9,0.373969,-2.979222,0.500614
2021_09_MIN_BAL,2021,9,0.7426,7.547725,0.50141
2021_09_NE_CAR,2021,9,0.365011,-3.544737,0.498678
2021_09_NYJ_IND,2021,9,0.809229,10.29991,0.494087
2021_09_TEN_LA,2021,9,0.721832,6.860777,0.495886
2021_10_ATL_DAL,2021,10,0.773029,8.331128,0.509784
2021_10_BAL_MIA,2021,10,0.215029,-8.570132,0.497928
2021_10_BUF_NYJ,2021,10,0.139681,-12.713001,0.508481
2021_10_CAR_ARI,2021,10,0.722296,7.169399,0.505006
2021_10_CLE_NE,2021,10,0.583485,2.518817,0.500556
2021_10_DET_PIT,2021,10,0.772798,8.953517,0.498626
2021_10_JAX_IND,2021,10,0.810812,10.47659,0.499308
2021_10_KC_LV,2021,10,0.392128,-2.637745,0.49593
2021_10_LA_SF,2021,10,0.356029,-3.704425,0.493959
2021_10_MIN_LAC,2021,10,0.594599,3.060405,0.501785
2021_10_NO_TEN,2021,10,0.592053,3.043808,0.501295
2021_10_PHI_DEN,2021,10,0.53742,1.141919,0.504194
2021_10_SEA_GB,2021,10,0.598494,3.052764,0.501559
2021_10_TB_WAS,2021,10,0.190175,-10.092814,0.497257
2021_11_ARI_SEA,2021,11,0.587199,2.379167,0.496429
2021_11_BAL_CHI,2021,11,0.333589,-4.674457,0.509619
2021_11_CIN_LV,2021,11,0.460262,-0.946381,0.501585
2021_11_DAL_KC,2021,11,0.571561,2.386047,0.496633
2021_11_DET_CLE,2021,11,0.86849,13.073508,0.502172
2021_11_GB_MIN,2021,11,0.447018,-1.281959,0.491668
2021_11_HOU_TEN,2021,11,0.791667,10.060548,0.487016
2021_11_IND_BUF,2021,11,0.738869,7.513462,0.500398
2021_11_MIA_NYJ,2021,11,0.368227,-3.488524,0.500339
2021_11_NE_ATL,2021,11,0.251956,-7.074935,0.497786
2021_11_NO_PHI,2021,11,0.582383,2.525645,0.500758
2021_11_NYG_TB,2021,11,0.840301,11.618937,0.503515
2021_11_PIT_LAC,2021,11,0.662401,4.960235,0.484053
2021_11_SF_JAX,2021,11,0.280259,-6.39828,0.503006
2021_11_WAS_CAR,2021,11,0.63355,3.688543,0.505572
2021_12_ATL_JAX,2021,12,0.434514,-1.529758,0.499121
2021_12_BUF_NO,2021,12,0.257131,-6.86874,0.503879
2021_12_CAR_MIA,2021,12,0.449227,-1.067175,0.498015
2021_12_CHI_DET,2021,12,0.42242,-2.118202,0.496507
2021_12_CLE_BAL,2021,12,0.591119,2.962641,0.498896
2021_12_LAC_DEN,2021,12,0.403103,-2.495901,0.500121
2021_12_LA_GB,2021,12,0.418438,-1.854554,0.504298
2021_12_LV_DAL,2021,12,0.727576,7.023472,0.500694
2021_12_MIN_SF,2021,12,0.617971,3.432527,0.498006
2021_12_NYJ_HOU,2021,12,0.638703,3.591728,0.517481
2021_12_PHI_NYG,2021,12,0.340453,-3.942816,0.50169
2021_12_PIT_CIN,2021,12,0.608832,3.410664,0.49736
2021_12_SEA_WAS,2021,12,0.436055,-1.121946,0.496396
2021_12_TB_IND,2021,12,0.381381,-3.19393,0.494269
2021_12_TEN_NE,2021,12,0.761023,7.682331,0.505388
2021_13_ARI_CHI,2021,13,0.235259,-7.541065,0.498786
2021_13_BAL_PIT,2021,13,0.333153,-4.246898,0.492704
2021_13_DAL_NO,2021,13,0.275489,-6.031339,0.499074
2021_13_DEN_KC,2021,13,0.765077,8.521324,0.50063
2021_13_IND_HOU,2021,13,0.174192,-10.064299,0.4981
2021_13_JAX_LA,2021,13,0.886408,14.181778,0.505372
2021_13_LAC_CIN,2021,13,0.581193,2.47215,0.499177
2021_13_MIN_DET,2021,13,0.25225,-7.149073,0.495595
2021_13_NE_BUF,2021,13,0.596136,3.054971,0.501624
2021_13_NYG_MIA,2021,13,0.726586,6.587996,0.5026
2021_13_PHI_NYJ,2021,13,0.319307,-4.91629,0.502474
2021_13_SF_SEA,2021,13,0.403865,-2.90353,0.502851
2021_13_TB_ATL,2021,13,0.157645,-11.198247,0.494142
2021_13_WAS_LV,2021,13,0.531392,1.122702,0.503626
2021_14_ATL_CAR,2021,14,0.589213,2.56225,0.50184
2021_14_BAL_CLE,2021,14,0.571232,2.70676,0.491335
2021_14_BUF_TB,2021,14,0.620742,3.546189,0.501365
2021_14_CHI_GB,2021,14,0.844131,11.587413,0.502583
2021_14_DAL_WAS,2021,14,0.274219,-6.508014,0.499763
2021_14_DET_DEN,2021,14,0.879506,13.316562,0.509354
2021_14_JAX_TEN,2021,14,0.748919,8.183591,0.490651
2021_14_LA_ARI,2021,14,0.606027,3.050572,0.501494
2021_14_LV_KC,2021,14,0.814184,10.102914,0.503041
2021_14_NO_NYJ,2021,14,0.306179,-4.840915,0.489927
2021_14_NYG_LAC,2021,14,0.799774,9.591932,0.502717
2021_14_PIT_MIN,2021,14,0.619672,3.714388,0.506335
2021_14_SEA_HOU,2021,14,0.17027,-10.190668,0.494366
2021_14_SF_CIN,2021,14,0.396388,-2.537921,0.498879
2021_15_ARI_DET,2021,15,0.11755,-13.410195,0.48788
2021_15_ATL_SF,2021,15,0.798797,9.606727,0.503154
2021_15_CAR_BUF,2021,15,0.880745,14.160082,0.504731
2021_15_CIN_DEN,2021,15,0.597548,3.039603,0.50117
2021_15_DAL_NYG,2021,15,0.147072,-11.63973,0.495871
2021_15_GB_BAL,2021,15,0.186686,-9.651996,0.495508
2021_15_HOU_JAX,2021,15,0.704121,6.077404,0.502287
2021_15_KC_LAC,2021,15,0.386755,-2.996514,0.500103
2021_15_LV_CLE,2021,15,0.367716,-3.252549,0.492537
2021_15_MIN_CHI,2021,15,0.25556,-7.033811,0.499001
2021_15_NE_IND,2021,15,0.461491,-0.935073,0.501919
2021_15_NO_TB,2021,15,0.824026,11.275227,0.493358
2021_15_NYJ_MIA,2021,15,0.814769,10.541354,0.501222
2021_15_SEA_LA,2021,15,0.738734,7.483466,0.499511
2021_15_TEN_PIT,2021,15,0.536902,1.154329,0.504561
2021_15_WAS_PHI,2021,15,0.80494,10.032196,0.500951
2021_16_BAL_CIN,2021,16,0.723949,7.273871,0.493318
2021_16_BUF_NE,2021,16,0.527732,1.005334,0.500158
2021_16_CHI_SEA,2021,16,0.723964,6.984902,0.499554
2021_16_CLE_GB,2021,16,0.75549,7.617785,0.503481
2021_16_DEN_LV,2021,16,0.460117,-0.827079,0.50511
2021_16_DET_ATL,2021,16,0.744166,7.535031,0.501035
2021_16_IND_ARI,2021,16,0.580485,2.914506,0.497474
2021_16_JAX_NYJ,2021,16,0.561901,2.367962,0.496098
2021_16_LAC_HOU,2021,16,0.111261,-13.720191,0.493493
2021_16_LA_MIN,2021,16,0.373967,-3.38448,0.503414
2021_16_MIA_NO,2021,16,0.375957,-3.073898,0.497816
2021_16_NYG_PHI,2021,16,0.828162,11.02521,0.500745
2021_16_PIT_KC,2021,16,0.82142,10.572929,0.502155
2021_16_SF_TEN,2021,16,0.380481,-3.362404,0.504066
2021_16_TB_CAR,2021,16,0.161253,-11.601901,0.496989
2021_16_WAS_DAL,2021,16,0.832805,10.797827,0.5088
2021_17_ARI_DAL,2021,17,0.716303,6.497447,0.499925
2021_17_ATL_BUF,2021,17,0.878647,14.03337,0.500986
2021_17_CAR_NO,2021,17,0.728014,7.075013,0.502217
2021_17_CLE_PIT,2021,17,0.473077,-0.818544,0.505362
2021_17_DEN_LAC,2021,17,0.755873,8.01989,0.500588
2021_17_DET_SEA,2021,17,0.764815,8.472985,0.499202
2021_17_HOU_SF,2021,17,0.875431,13.772371,0.493274
2021_17_JAX_NE,2021,17,0.920033,17.423672,0.497744
2021_17_KC_CIN,2021,17,0.383071,-3.420093,0.502361
2021_17_LA_BAL,2021,17,0.252568,-7.032149,0.49905
2021_17_LV_IND,2021,17,0.772027,8.53284,0.50097
2021_17_MIA_TEN,2021,17,0.596998,2.995837,0.499877
2021_17_MIN_GB,2021,17,0.876061,13.32861,0.50971
2021_17_NYG_CHI,2021,17,0.743177,7.208751,0.506169
2021_17_PHI_WAS,2021,17,0.265592,-6.626584,0.496259
2021_17_TB_NYJ,2021,17,0.102307,-14.942279,0.486932
2021_18_CAR_TB,2021,18,0.833123,11.396079,0.511703
2021_18_CHI_MIN,2021,18,0.601161,3.37068,0.496178
2021_18_CIN_CLE,2021,18,0.7424,6.935714,0.512874
2021_18_DAL_PHI,2021,18,0.272658,-6.53515,0.498961
2021_18_GB_DET,2021,18,0.351953,-3.995189,0.500142
2021_18_IND_JAX,2021,18,0.112023,-14.031327,0.499074
2021_18_KC_DEN,2021,18,0.137673,-11.838887,0.489987
2021_18_LAC_LV,2021,18,0.359438,-3.614585,0.496614
2021_18_NE_MIA,2021,18,0.295949,-5.942236,0.501707
2021_18_NO_ATL,2021,18,0.327745,-4.616045,0.496571
2021_18_NYJ_BUF,2021,18,0.910599,16.194282,0.505741
2021_18_PIT_BAL,2021,18,0.589377,2.973068,0.499204
2021_18_SEA_ARI,2021,18,0.681394,5.636802,0.504043
2021_18_SF_LA,2021,18,0.599024,3.035435,0.501047
2021_18_TEN_HOU,2021,18,0.170429,-10.491895,0.50024
2021_18_WAS_NYG,2021,18,0.306553,-5.794341,0.506077
2021_19_ARI_LA,2021,19,0.613642,3.751436,0.492655
2021_19_LV_CIN,2021,19,0.661504,5.699709,0.491127
2021_19_NE_BUF,2021,19,0.665213,4.674004,0.505142
2021_19_PHI_TB,2021,19,0.767438,7.816911,0.509364
2021_19_PIT_KC,2021,19,0.8661,13.044586,0.501318
2021_19_SF_DAL,2021,19,0.617674,3.273949,0.508095
2021_20_BUF_KC,2021,20,0.579289,2.454282,0.498649
2021_20_CIN_TEN,2021,20,0.637558,4.09635,0.502847
2021_20_LA_TB,2021,20,0.561235,2.390612,0.496767
2021_20_SF_GB,2021,20,0.68319,5.583942,0.502481
2021_21_CIN_KC,2021,21,0.728969,7.066825,0.501975
2021_21_SF_LA,2021,21,0.618663,3.558242,0.501721
2021_22_LA_CIN,2021,22,0.332216,-4.517754,0.499475
2022_01_BAL_NYJ,2022,1,0.272199,-6.55825,0.498279
2022_01_BUF_LA,2022,1,0.451195,-1.068819,0.497966
2022_01_CLE_CAR,2022,1,0.592736,2.652128,0.504495
2022_01_DEN_SEA,2022,1,0.276574,-6.186891,0.494477
2022_01_GB_MIN,2022,1,0.587983,2.494526,0.499838
2022_01_IND_HOU,2022,1,0.264988,-6.921498,0.50232
2022_01_JAX_WAS,2022,1,0.596955,2.993924,0.49982
2022_01_KC_ARI,2022,1,0.274162,-6.147763,0.495633
2022_01_LV_LAC,2022,1,0.606194,3.565565,0.501938
2022_01_NE_MIA,2022,1,0.593692,2.963344,0.498917
2022_01_NO_ATL,2022,1,0.288065,-6.102413,0.496974
2022_01_NYG_TEN,2022,1,0.67368,5.338493,0.495227
2022_01_PHI_DET,2022,1,0.287733,-5.979446,0.500607
2022_01_PIT_CIN,2022,1,0.743456,7.545423,0.501342
2022_01_SF_CHI,2022,1,0.283275,-6.381537,0.503501
2022_01_TB_DAL,2022,1,0.387102,-2.642217,0.495797
2022_02_ARI_LV,2022,2,0.671375,5.275634,0.49337
2022_02_ATL_LA,2022,2,0.80956,10.545674,0.50135
2022_02_CAR_NYG,2022,2,0.434338,-1.122626,0.496376
2022_02_CHI_GB,2022,2,0.806609,10.429385,0.497913
2022_02_CIN_DAL,2022,2,0.222445,-7.764955,0.492171
2022_02_HOU_DEN,2022,2,0.810264,10.474989,0.499261
2022_02_IND_JAX,2022,2,0.406349,-2.835015,0.504875
2022_02_LAC_KC,2022,2,0.642125,4.007424,0.500219
2022_02_MIA_BAL,2022,2,0.58963,2.918571,0.497594
2022_02_MIN_PHI,2022,2,0.575936,2.47439,0.499243
2022_02_NE_PIT,2022,2,0.381989,-2.939724,0.501781
2022_02_NYJ_CLE,2022,2,0.716234,6.608284,0.5032
2022_02_SEA_SF,2022,2,0.768326,8.572688,0.502148
2022_02_TB_NO,2022,2,0.398523,-2.68368,0.494572
2022_02_TEN_BUF,2022,2,0.80152,10.08426,0.50249
2022_02_WAS_DET,2022,2,0.440701,-1.137054,0.49595
2022_03_ATL_SEA,2022,3,0.502718,0.831883,0.495032
2022_03_BAL_NE,2022,3,0.385541,-2.744058,0.492788
2022_03_BUF_MIA,2022,3,0.367695,-3.996454,0.500105
2022_03_CIN_NYJ,2022,3,0.283821,-6.239171,0.507707
2022_03_DAL_NYG,2022,3,0.511445,0.924266,0.497762
2022_03_DET_MIN,2022,3,0.7012,6.372522,0.496233
2022_03_GB_TB,2022,3,0.514654,1.080156,0.502369
2022_03_HOU_CHI,2022,3,0.590081,2.918618,0.497595
2022_03_JAX_LAC,2022,3,0.692864,6.503135,0.500093
2022_03_KC_IND,2022,3,0.325236,-4.576677,0.497734
2022_03_LA_ARI,2022,3,0.366145,-3.488561,0.500338
2022_03_LV_TEN,2022,3,0.431072,-1.475998,0.500709
2022_03_NO_CAR,2022,3,0.423744,-1.929867,0.502072
2022_03_PHI_WAS,2022,3,0.29209,-5.897296,0.503035
2022_03_PIT_CLE,2022,3,0.639732,4.581349,0.502404
2022_03_SF_DEN,2022,3,0.448081,-1.010299,0.499696
2022_04_ARI_CAR,2022,4,0.539287,1.204346,0.506038
2022_04_BUF_BAL,2022,4,0.397833,-2.891165,0.503216
2022_04_CHI_NYG,2022,4,0.599512,3.197986,0.505851
2022_04_CLE_ATL,2022,4,0.47771,-1.069296,0.497952
2022_04_DEN_LV,2022,4,0.557158,2.295465,0.493956
2022_04_JAX_PHI,2022,4,0.70798,6.500831,0.500025
2022_04_KC_TB,2022,4,0.522383,1.138665,0.504098
2022_04_LAC_HOU,2022,4,0.307981,-5.509223,0.499727
2022_04_LA_SF,2022,4,0.518491,1.010856,0.500321
2022_04_MIA_CIN,2022,4,0.622045,3.83415,0.495099
2022_04_MIN_NO,2022,4,0.333658,-4.151432,0.495525
2022_04_NE_GB,2022,4,0.815113,10.259207,0.507659
2022_04_NYJ_PIT,2022,4,0.601542,3.16302,0.504817
2022_04_SEA_DET,2022,4,0.58511,3.020711,0.500612
2022_04_TEN_IND,2022,4,0.649652,4.582582,0.50244
2022_04_WAS_DAL,2022,4,0.589775,2.977563,0.499337
2022_05_ATL_TB,2022,5,0.802637,10.408597,0.497299
2022_05_CHI_MIN,2022,5,0.807921,10.158301,0.504678
2022_05_CIN_BAL,2022,5,0.580079,3.035612,0.501052
2022_05_DAL_LA,2022,5,0.672636,5.372999,0.496247
2022_05_DET_NE,2022,5,0.592011,2.766612,0.493103
2022_05_HOU_JAX,2022,5,0.729681,7.009893,0.500292
2022_05_IND_DEN,2022,5,0.645033,3.862459,0.51071
2022_05_LAC_CLE,2022,5,0.470246,-0.797752,0.505976
2022_05_LV_KC,2022,5,0.751915,7.761894,0.507739
2022_05_MIA_NYJ,2022,5,0.390317,-3.045676,0.49865
2022_05_NYG_GB,2022,5,0.786137,8.706664,0.506107
2022_05_PHI_ARI,2022,5,0.306777,-5.463765,0.501071
2022_05_PIT_BUF,2022,5,0.863981,13.852317,0.495636
2022_05_SEA_NO,2022,5,0.667171,5.451182,0.498557
2022_05_SF_CAR,2022,5,0.297447,-5.832272,0.504956
2022_05_TEN_WAS,2022,5,0.4608,-0.987973,0.500355
2022_06_ARI_SEA,2022,6,0.392885,-2.610601,0.496732
2022_06_BAL_NYG,2022,6,0.287465,-5.600225,0.497038
2022_06_BUF_KC,2022,6,0.392602,-2.684014,0.494562
2022_06_CAR_LA,2022,6,0.809996,10.123835,0.503659
2022_06_CIN_NO,2022,6,0.363734,-3.097002,0.497134
2022_06_DAL_PHI,2022,6,0.714063,6.539157,0.501157
2022_06_DEN_LAC,2022,6,0.615192,3.545309,0.501339
2022_06_JAX_IND,2022,6,0.504223,0.906099,0.497225
2022_06_MIN_MIA,2022,6,0.368011,-3.177692,0.494749
2022_06_NE_CLE,2022,6,0.578609,2.67534,0.505181
2022_06_NYJ_GB,2022,6,0.739155,7.53239,0.500957
2022_06_SF_ATL,2022,6,0.373502,-3.494697,0.500157
2022_06_TB_PIT,2022,6,0.182006,-10.104916,0.4969
2022_06_WAS_CHI,2022,6,0.463188,-0.867803,0.503907
2022_07_ATL_CIN,2022,7,0.694429,6.264404,0.493038
2022_07_CHI_NE,2022,7,0.79423,9.610799,0.503274
2022_07_CLE_BAL,2022,7,0.704875,6.491163,0.499739
2022_07_DET_DAL,2022,7,0.731533,7.083829,0.502477
2022_07_GB_WAS,2022,7,0.337043,-4.215153,0.493642
2022_07_HOU_LV,2022,7,0.716859,6.907099,0.497255
2022_07_IND_TEN,2022,7,0.578965,2.302906,0.494176
2022_07_KC_SF,2022,7,0.450609,-0.925501,0.502202
2022_07_NO_ARI,2022,7,0.586108,2.674765,0.505164
2022_07_NYG_JAX,2022,7,0.614809,3.107185,0.503167
2022_07_NYJ_DEN,2022,7,0.396789,-2.2201,0.493496
2022_07_PIT_MIA,2022,7,0.745525,7.590085,0.502662
2022_07_SEA_LAC,2022,7,0.681307,5.504713,0.500139
2022_07_TB_CAR,2022,7,0.125708,-13.173919,0.494861
2022_08_ARI_MIN,2022,8,0.63852,3.969656,0.499103
2022_08_BAL_TB,2022,8,0.549394,1.861127,0.495896
2022_08_CAR_ATL,2022,8,0.634794,4.324005,0.494799
2022_08_CHI_DAL,2022,8,0.804081,10.468903,0.499081
2022_08_CIN_CLE,2022,8,0.391282,-2.926604,0.502169
2022_08_DEN_JAX,2022,8,0.510034,0.761269,0.492946
2022_08_GB_BUF,2022,8,0.816801,10.52586,0.500764
2022_08_LV_NO,2022,8,0.437098,-1.061706,0.498177
2022_08_MIA_DET,2022,8,0.359379,-3.671297,0.494938
2022_08_NE_NYJ,2022,8,0.367646,-3.192535,0.494311
2022_08_NYG_SEA,2022,8,0.618589,3.283152,0.508367
2022_08_PIT_PHI,2022,8,0.826282,10.973196,0.499208
2022_08_SF_LA,2022,8,0.468969,-0.972598,0.50081
2022_08_TEN_HOU,2022,8,0.47259,-0.971591,0.50084
2022_08_WAS_IND,2022,8,0.597345,3.14935,0.504413
2022_09_BAL_NO,2022,9,0.458795,-1.054973,0.498375
2022_09_BUF_NYJ,2022,9,0.165127,-11.018688,0.499448
2022_09_CAR_CIN,2022,9,0.697496,6.774134,0.493326
2022_09_GB_DET,2022,9,0.35008,-4.003685,0.499891
2022_09_IND_NE,2022,9,0.677383,5.176333,0.505211
2022_09_LAC_ATL,2022,9,0.413216,-2.610751,0.496727
2022_09_LA_TB,2022,9,0.568586,2.888088,0.496693
2022_09_LV_JAX,2022,9,0.405033,-2.383624,0.503439
2022_09_MIA_CHI,2022,9,0.340049,-4.172667,0.494898
2022_09_MIN_WAS,2022,9,0.379449,-3.096774,0.49714
2022_09_PHI_HOU,2022,9,0.10632,-14.152868,0.495483
2022_09_SEA_ARI,2022,9,0.558457,1.647351,0.504354
2022_09_TEN_KC,2022,9,0.899546,14.404321,0.511946
2022_10_ARI_LA,2022,10,0.594999,3.180403,0.490556
2022_10_ATL_CAR,2022,10,0.408975,-2.388212,0.503303
2022_10_CLE_MIA,2022,10,0.612235,3.193092,0.505706
2022_10_DAL_GB,2022,10,0.333679,-4.000197,0.485222
2022_10_DEN_TEN,2022,10,0.568763,2.554039,0.501597
2022_10_DET_CHI,2022,10,0.592378,2.866627,0.496059
2022_10_HOU_NYG,2022,10,0.671983,5.430443,0.497945
2022_10_IND_LV,2022,10,0.642682,4.291568,0.493841
2022_10_JAX_KC,2022,10,0.806415,10.166264,0.504913
2022_10_LAC_SF,2022,10,0.759565,8.266655,0.493105
2022_10_MIN_BUF,2022,10,0.704186,6.744127,0.507214
2022_10_NO_PIT,2022,10,0.524103,1.175389,0.505183
2022_10_SEA_TB,2022,10,0.579834,2.532113,0.500949
2022_10_WAS_PHI,2022,10,0.830398,11.242653,0.50717
2022_11_CAR_BAL,2022,11,0.871862,13.32242,0.509527
2022_11_CHI_ATL,2022,11,0.588016,2.899639,0.497034
2022_11_CIN_PIT,2022,11,0.371906,-3.584394,0.497506
2022_11_CLE_BUF,2022,11,0.737584,7.567774,0.502003
2022_11_DAL_MIN,2022,11,0.427351,-1.533996,0.498995
2022_11_DET_NYG,2022,11,0.593155,2.9648,0.49896
2022_11_KC_LAC,2022,11,0.308125,-5.50541,0.49984
2022_11_LA_NO,2022,11,0.546711,2.365402,0.496023
2022_11_LV_DEN,2022,11,0.574662,2.515018,0.500444
2022_11_NYJ_NE,2022,11,0.612038,3.447537,0.49845
2022_11_PHI_IND,2022,11,0.245038,-6.85027,0.48965
2022_11_SF_ARI,2022,11,0.187733,-9.945698,0.501605
2022_11_TEN_GB,2022,11,0.60521,2.818686,0.494642
2022_11_WAS_HOU,2022,11,0.376563,-2.962738,0.501101
2022_12_ATL_WAS,2022,12,0.610267,3.424685,0.497774
2022_12_BAL_JAX,2022,12,0.365123,-3.592353,0.497271
2022_12_BUF_DET,2022,12,0.189018,-9.994142,0.500173
2022_12_CHI_NYJ,2022,12,0.783101,8.894486,0.511656
2022_12_CIN_TEN,2022,12,0.466969,-0.61588,0.51135
2022_12_DEN_CAR,2022,12,0.452992,-1.122249,0.496387
2022_12_GB_PHI,2022,12,0.716497,6.62872,0.503804
2022_12_HOU_MIA,2022,12,0.881768,14.210114,0.506209
2022_12_LAC_ARI,2022,12,0.400853,-2.540194,0.498812
2022_12_LA_KC,2022,12,0.91857,16.849194,0.510318
2022_12_LV_SEA,2022,12,0.620392,3.874657,0.496296
2022_12_NE_MIN,2022,12,0.576598,2.468691,0.499075
2022_12_NO_SF,2022,12,0.786152,9.47155,0.499159
2022_12_NYG_DAL,2022,12,0.817981,10.719322,0.506481
2022_12_PIT_IND,2022,12,0.565969,2.458983,0.498788
2022_12_TB_CLE,2022,12,0.393395,-3.030979,0.499085
2022_13_BUF_NE,2022,13,0.377737,-3.628534,0.496202
2022_13_CLE_HOU,2022,13,0.243532,-7.545203,0.498664
2022_13_DEN_BAL,2022,13,0.796365,9.595519,0.502823
2022_13_GB_CHI,2022,13,0.342867,-4.095099,0.49719
2022_13_IND_DAL,2022,13,0.817641,10.953919,0.498638
2022_13_JAX_DET,2022,13,0.526869,1.076839,0.502271
2022_13_KC_CIN,2022,13,0.399563,-2.495476,0.500134
2022_13_LAC_LV,2022,13,0.583993,2.435547,0.498095
2022_13_MIA_SF,2022,13,0.640068,4.391121,0.496783
2022_13_NO_TB,2022,13,0.611394,3.562713,0.501853
2022_13_NYJ_MIN,2022,13,0.589906,2.923298,0.497733
2022_13_PIT_ATL,2022,13,0.454475,-1.141553,0.495817
2022_13_SEA_LA,2022,13,0.230357,-7.077855,0.497699
2022_13_TEN_PHI,2022,13,0.652849,4.848412,0.49552
2022_13_WAS_NYG,2022,13,0.401883,-2.444793,0.501631
2022_14_BAL_PIT,2022,14,0.552773,1.600114,0.502958
2022_14_CAR_SEA,2022,14,0.595721,3.386777,0.496654
2022_14_CLE_CIN,2022,14,0.658288,4.582043,0.502424
2022_14_HOU_DAL,2022,14,0.919563,16.996943,0.49991
2022_14_JAX_TEN,2022,14,0.585336,3.137842,0.504073
2022_14_KC_DEN,2022,14,0.215579,-8.50261,0.499923
2022_14_LV_LA,2022,14,0.279992,-6.279542,0.506515
2022_14_MIA_LAC,2022,14,0.366719,-3.186996,0.494474
2022_14_MIN_DET,2022,14,0.569882,2.392813,0.496833
2022_14_NE_ARI,2022,14,0.420993,-1.952411,0.501406
2022_14_NYJ_BUF,2022,14,0.796683,9.986034,0.499587
2022_14_PHI_NYG,2022,14,0.230764,-7.751523,0.492568
2022_14_TB_SF,2022,14,0.604857,3.563498,0.501876
2022_15_ARI_DEN,2022,15,0.538755,1.524269,0.500717
2022_15_ATL_NO,2022,15,0.676956,5.162465,0.504801
2022_15_BAL_CLE,2022,15,0.576746,2.440816,0.498251
2022_15_CIN_TB,2022,15,0.369943,-3.514082,0.499584
2022_15_DAL_JAX,2022,15,0.340372,-4.152106,0.495505
2022_15_DET_NYJ,2022,15,0.543665,2.008254,0.500244
2022_15_IND_MIN,2022,15,0.613961,3.537614,0.501112
2022_15_KC_HOU,2022,15,0.10169,-14.863389,0.489263
2022_15_LA_GB,2022,15,0.766773,8.252947,0.507474
2022_15_MIA_BUF,2022,15,0.728074,7.122537,0.503621
2022_15_NE_LV,2022,15,0.528146,0.972414,0.499185
2022_15_NYG_WAS,2022,15,0.645982,4.479475,0.499393
2022_15_PHI_CHI,2022,15,0.213775,-8.639924,0.495865
2022_15_PIT_CAR,2022,15,0.587238,2.681083,0.505351
2022_15_SF_SEA,2022,15,0.392221,-2.995268,0.50014
2022_15_TEN_LAC,2022,15,0.60985,2.892945,0.496836
2022_16_ATL_BAL,2022,16,0.711394,6.710235,0.506212
2022_16_BUF_CHI,2022,16,0.238054,-8.074701,0.497793
2022_16_CIN_NE,2022,16,0.374798,-3.225503,0.493336
2022_16_DEN_LA,2022,16,0.381066,-3.139161,0.495888
2022_16_DET_CAR,2022,16,0.410877,-2.345106,0.504577
2022_16_GB_MIA,2022,16,0.614313,3.591485,0.502703
2022_16_HOU_TEN,2022,16,0.561471,2.487917,0.484871
2022_16_JAX_NYJ,2022,16,0.582566,2.554567,0.501613
2022_16_LAC_IND,2022,16,0.364443,-3.525917,0.499234
2022_16_LV_PIT,2022,16,0.576509,2.478257,0.499357
2022_16_NO_CLE,2022,16,0.598244,3.121071,0.503578
2022_16_NYG_MIN,2022,16,0.665634,4.777805,0.508209
2022_16_PHI_DAL,2022,16,0.643514,4.294664,0.508707
2022_16_SEA_KC,2022,16,0.831652,10.682399,0.50539
2022_16_TB_ARI,2022,16,0.23987,-7.741581,0.492861
2022_16_WAS_SF,2022,16,0.696626,6.484642,0.499546
2022_17_ARI_ATL,2022,17,0.725199,6.816533,0.494578
2022_17_CAR_TB,2022,17,0.603938,3.52108,0.500623
2022_17_CHI_DET,2022,17,0.641265,4.425011,0.497784
2022_17_CLE_WAS,2022,17,0.520483,0.864725,0.496003
2022_17_DAL_TEN,2022,17,0.093996,-14.138762,0.495899
2022_17_DEN_KC,2022,17,0.872922,13.595228,0.502814
2022_17_IND_NYG,2022,17,0.700357,5.760349,0.507693
2022_17_JAX_HOU,2022,17,0.377333,-3.353986,0.504315
2022_17_LA_LAC,2022,17,0.709418,6.443521,0.498331
2022_17_MIA_NE,2022,17,0.609688,3.160216,0.504734
2022_17_MIN_GB,2022,17,0.591351,2.987916,0.499643
2022_17_NO_PHI,2022,17,0.672123,5.432464,0.498004
2022_17_NYJ_SEA,2022,17,0.431111,-1.125092,0.496303
2022_17_PIT_BAL,2022,17,0.517978,0.995145,0.499857
2022_17_SF_LV,2022,17,0.183768,-10.147111,0.495653
2022_18_ARI_SF,2022,18,0.875831,13.949834,0.498518
2022_18_BAL_CIN,2022,18,0.825971,11.018934,0.50056
2022_18_CAR_NO,2022,18,0.623134,3.383665,0.496562
2022_18_CLE_PIT,2022,18,0.58643,2.494881,0.499849
2022_18_DAL_WAS,2022,18,0.219793,-7.838015,0.490012
2022_18_DET_GB,2022,18,0.675502,5.460797,0.498842
2022_18_HOU_IND,2022,18,0.57809,2.814993,0.494533
2022_18_KC_LV,2022,18,0.193262,-9.263236,0.492222
2022_18_LAC_DEN,2022,18,0.690786,5.976135,0.499295
2022_18_LA_SEA,2022,18,0.679314,5.636354,0.504029
2022_18_MIN_CHI,2022,18,0.278053,-6.61563,0.496583
2022_18_NE_BUF,2022,18,0.74941,7.973372,0.499213
2022_18_NYG_PHI,2022,18,0.926893,17.122195,0.51838
2022_18_NYJ_MIA,2022,18,0.589702,3.424785,0.497777
2022_18_TB_ATL,2022,18,0.718956,6.091036,0.50269
2022_18_TEN_JAX,2022,18,0.708989,6.186705,0.505517
2022_19_BAL_CIN,2022,19,0.751032,7.623667,0.503654
2022_19_DAL_TB,2022,19,0.411598,-2.231915,0.507922
2022_19_LAC_JAX,2022,19,0.425204,-1.974611,0.50075
2022_19_MIA_BUF,2022,19,0.8862,14.221955,0.506559
2022_19_NYG_MIN,2022,19,0.625364,3.117712,0.518248
2022_19_SEA_SF,2022,19,0.803392,10.036158,0.501069
2022_20_CIN_BUF,2022,20,0.690123,5.956093,0.498702
2022_20_DAL_SF,2022,20,0.614963,3.574891,0.502213
2022_20_JAX_KC,2022,20,0.799335,10.011663,0.500345
2022_20_NYG_PHI,2022,20,0.753096,8.034876,0.501031
2022_21_CIN_KC,2022,21,0.548997,1.912666,0.497419
2022_21_SF_PHI,2022,21,0.586351,2.585306,0.502521
2022_22_KC_PHI,2022,22,0.531766,1.085529,0.502527
2023_01_ARI_WAS,2023,1,0.721193,6.939856,0.498223
2023_01_BUF_NYJ,2023,1,0.411954,-2.396287,0.503065
2023_01_CAR_ATL,2023,1,0.621432,3.503236,0.500096
2023_01_CIN_CLE,2023,1,0.447943,-1.097511,0.497118
2023_01_DAL_NYG,2023,1,0.372639,-3.457789,0.501247
2023_01_DET_KC,2023,1,0.624959,3.990292,0.499713
2023_01_GB_CHI,2023,1,0.546387,1.124789,0.503688
2023_01_HOU_BAL,2023,1,0.803958,9.612187,0.503315
2023_01_JAX_IND,2023,1,0.353526,-3.947637,0.501547
2023_01_LA_SEA,2023,1,0.640033,4.407417,0.497264
2023_01_LV_DEN,2023,1,0.596392,2.902714,0.497125
2023_01_MIA_LAC,2023,1,0.58707,2.865266,0.496018
2023_01_PHI_NE,2023,1,0.355869,-3.576565,0.497737
2023_01_SF_PIT,2023,1,0.435828,-1.494914,0.50015
2023_01_TB_MIN,2023,1,0.647853,4.187066,0.505528
2023_01_TEN_NO,2023,1,0.595303,2.979703,0.4994
2023_02_BAL_CIN,2023,2,0.611846,3.427933,0.49787
2023_02_CHI_TB,2023,2,0.56108,2.323553,0.494786
2023_02_CLE_PIT,2023,2,0.396941,-2.541817,0.498764
2023_02_GB_ATL,2023,2,0.592865,2.857214,0.495781
2023_02_IND_HOU,2023,2,0.433966,-1.167432,0.495052
2023_02_KC_JAX,2023,2,0.358299,-3.649098,0.495594
2023_02_LAC_TEN,2023,2,0.395569,-2.59125,0.497303
2023_02_LV_BUF,2023,2,0.740247,7.332596,0.495053
2023_02_MIA_NE,2023,2,0.403284,-2.115288,0.496593
2023_02_MIN_PHI,2023,2,0.68422,5.906274,0.49723
2023_02_NO_CAR,2023,2,0.370696,-3.11123,0.496713
2023_02_NYG_ARI,2023,2,0.308214,-5.235552,0.493039
2023_02_NYJ_DAL,2023,2,0.759077,8.425168,0.497789
2023_02_SEA_DET,2023,2,0.656156,4.635914,0.504016
2023_02_SF_LA,2023,2,0.246106,-7.471872,0.500831
2023_02_WAS_DEN,2023,2,0.642929,4.172682,0.505103
2023_03_ATL_DET,2023,3,0.582929,2.871292,0.496197
2023_03_BUF_WAS,2023,3,0.291897,-5.651791,0.495514
2023_03_CAR_SEA,2023,3,0.641229,4.77235,0.493273
2023_03_CHI_KC,2023,3,0.861348,12.925897,0.49781
2023_03_DAL_ARI,2023,3,0.155683,-11.622585,0.496378
2023_03_DEN_MIA,2023,3,0.707756,6.103949,0.503072
2023_03_HOU_JAX,2023,3,0.738528,7.619599,0.503534
2023_03_IND_BAL,2023,3,0.724768,7.47131,0.499152
2023_03_LAC_MIN,2023,3,0.528842,1.022308,0.500659
2023_03_LA_CIN,2023,3,0.589886,2.92618,0.497819
2023_03_NE_NYJ,2023,3,0.389307,-2.625592,0.496289
2023_03_NO_GB,2023,3,0.442338,-1.30854,0.505658
2023_03_NYG_SF,2023,3,0.820192,10.494012,0.499823
2023_03_PHI_TB,2023,3,0.290299,-5.899469,0.502971
2023_03_PIT_LV,2023,3,0.606085,3.131901,0.503898
2023_03_TEN_CLE,2023,3,0.619036,3.43878,0.498191
2023_04_ARI_SF,2023,4,0.894502,15.071497,0.502113
2023_04_ATL_JAX,2023,4,0.595433,3.300432,0.494103
2023_04_BAL_CLE,2023,4,0.424843,-1.988554,0.500338
2023_04_CIN_TEN,2023,4,0.394968,-2.529689,0.499123
2023_04_DEN_CHI,2023,4,0.382615,-3.098913,0.497077
2023_04_DET_GB,2023,4,0.397145,-2.497379,0.500077
2023_04_KC_NYJ,2023,4,0.190707,-9.538455,0.498864
2023_04_LA_IND,2023,4,0.45592,-0.908823,0.502694
2023_04_LV_LAC,2023,4,0.724917,7.096449,0.50285
2023_04_MIA_BUF,2023,4,0.558588,2.179173,0.49052
2023_04_MIN_CAR,2023,4,0.308114,-4.798819,0.49117
2023_04_NE_DAL,2023,4,0.713267,6.636422,0.504031
2023_04_PIT_HOU,2023,4,0.372292,-3.186901,0.494477
2023_04_SEA_NYG,2023,4,0.408599,-2.489303,0.500316
2023_04_TB_NO,2023,4,0.629529,3.972614,0.499191
2023_04_WAS_PHI,2023,4,0.785478,9.393246,0.496845
2023_05_BAL_PIT,2023,5,0.32628,-4.604781,0.496904
2023_05_CAR_DET,2023,5,0.793648,9.733443,0.506898
2023_05_CHI_WAS,2023,5,0.704346,6.148274,0.504382
2023_05_CIN_ARI,2023,5,0.397672,-2.970706,0.500866
2023_05_DAL_SF,2023,5,0.620866,3.597087,0.502869
2023_05_GB_LV,2023,5,0.533493,1.072524,0.502143
2023_05_HOU_ATL,2023,5,0.582714,2.521848,0.500646
2023_05_JAX_BUF,2023,5,0.675626,5.683442,0.505421
2023_05_KC_MIN,2023,5,0.369105,-3.450267,0.50147
2023_05_NO_NE,2023,5,0.574118,2.589659,0.50265
2023_05_NYG_MIA,2023,5,0.864463,12.777272,0.508193
2023_05_NYJ_DEN,2023,5,0.585889,2.701775,0.505962
2023_05_PHI_LA,2023,5,0.382197,-3.378698,0.503585
2023_05_TEN_IND,2023,5,0.419048,-2.168254,0.509803
2023_06_ARI_LA,2023,6,0.72793,7.079912,0.502361
2023_06_BAL_TEN,2023,6,0.293888,-5.599791,0.497051
2023_06_CAR_MIA,2023,6,0.889237,14.303491,0.508968
2023_06_DAL_LAC,2023,6,0.437645,-1.334262,0.504898
2023_06_DEN_KC,2023,6,0.816567,10.525985,0.500768
2023_06_DET_TB,2023,6,0.391112,-2.868863,0.503875
2023_06_IND_JAX,2023,6,0.618968,3.805452,0.494251
2023_06_MIN_CHI,2023,6,0.374197,-3.067721,0.497999
2023_06_NE_LV,2023,6,0.601461,2.899505,0.49703
2023_06_NO_HOU,2023,6,0.430125,-1.886251,0.503361
2023_06_NYG_BUF,2023,6,0.901366,15.443891,0.498342
2023_06_PHI_NYJ,2023,6,0.278203,-6.466109,0.501002
2023_06_SEA_CIN,2023,6,0.597489,2.986494,0.499601
2023_06_SF_CLE,2023,6,0.194477,-9.470801,0.500863
2023_06_WAS_ATL,2023,6,0.542859,1.482084,0.499471
2023_07_ARI_SEA,2023,7,0.786275,9.446581,0.498421
2023_07_ATL_TB,2023,7,0.598082,3.088187,0.502606
2023_07_BUF_NE,2023,7,0.249288,-7.395645,0.503084
2023_07_CLE_IND,2023,7,0.355078,-3.596966,0.497135
2023_07_DET_BAL,2023,7,0.603684,3.024451,0.500723
2023_07_GB_DEN,2023,7,0.555782,1.614927,0.503396
2023_07_JAX_NO,2023,7,0.595395,2.672958,0.505111
2023_07_LAC_KC,2023,7,0.685099,5.570258,0.502076
2023_07_LV_CHI,2023,7,0.382522,-2.627724,0.496226
2023_07_MIA_PHI,2023,7,0.578695,2.824445,0.494812
2023_07_PIT_LA,2023,7,0.614172,3.573642,0.502176
2023_07_SF_MIN,2023,7,0.265762,-6.976777,0.500686
2023_07_WAS_NYG,2023,7,0.388822,-2.974635,0.50075
2023_08_ATL_TEN,2023,8,0.388863,-2.660725,0.49525
2023_08_BAL_ARI,2023,8,0.186077,-9.685814,0.494509
2023_08_CHI_LAC,2023,8,0.799831,9.627971,0.503782
2023_08_CIN_SF,2023,8,0.639897,4.191155,0.505649
2023_08_CLE_SEA,2023,8,0.633525,4.046245,0.501367
2023_08_HOU_CAR,2023,8,0.376824,-2.975545,0.500723
2023_08_JAX_PIT,2023,8,0.404597,-2.528742,0.499151
2023_08_KC_DEN,2023,8,0.263289,-6.896739,0.503051
2023_08_LA_DAL,2023,8,0.715658,6.520581,0.500608
2023_08_LV_DET,2023,8,0.714686,7.09432,0.502787
2023_08_MIN_GB,2023,8,0.44857,-1.058432,0.498273
2023_08_NE_MIA,2023,8,0.742428,7.494327,0.499832
2023_08_NO_IND,2023,8,0.407979,-2.121088,0.496422
2023_08_NYJ_NYG,2023,8,0.398127,-2.834265,0.504898
2023_08_PHI_WAS,2023,8,0.267304,-6.907076,0.502746
2023_08_TB_BUF,2023,8,0.801709,9.877685,0.496385
2023_09_ARI_CLE,2023,9,0.871209,13.08981,0.502654
2023_09_BUF_CIN,2023,9,0.544376,1.489412,0.499687
2023_09_CHI_NO,2023,9,0.790592,9.220963,0.506529
2023_09_DAL_PHI,2023,9,0.611685,3.432766,0.498013
2023_09_IND_CAR,2023,9,0.426819,-1.498952,0.500031
2023_09_LAC_NYJ,2023,9,0.38876,-2.944968,0.501626
2023_09_LA_GB,2023,9,0.637254,3.65126,0.50447
2023_09_MIA_KC,2023,9,0.53222,1.009979,0.500295
2023_09_MIN_ATL,2023,9,0.643724,3.825639,0.509622
2023_09_NYG_LV,2023,9,0.512296,0.771737,0.493255
2023_09_SEA_BAL,2023,9,0.693224,5.994158,0.499827
2023_09_TB_HOU,2023,9,0.571821,2.272058,0.493264
2023_09_TEN_PIT,2023,9,0.617129,3.507902,0.500234
2023_09_WAS_NE,2023,9,0.580644,2.560766,0.501796
2023_10_ATL_ARI,2023,10,0.42587,-1.961127,0.501149
2023_10_CAR_CHI,2023,10,0.608916,2.894034,0.496869
2023_10_CLE_BAL,2023,10,0.688717,5.868003,0.496099
2023_10_DEN_BUF,2023,10,0.727419,7.348977,0.495537
2023_10_DET_LAC,2023,10,0.397895,-2.53518,0.49896
2023_10_GB_PIT,2023,10,0.595213,2.889603,0.496738
2023_10_HOU_CIN,2023,10,0.689409,5.859912,0.510635
2023_10_IND_NE,2023,10,0.453112,-0.94183,0.501719
2023_10_NO_MIN,2023,10,0.36921,-3.145918,0.495688
2023_10_NYG_DAL,2023,10,0.929149,17.740845,0.507117
2023_10_NYJ_LV,2023,10,0.456022,-0.977318,0.50067
2023_10_SF_JAX,2023,10,0.374578,-3.203232,0.493994
2023_10_TEN_TB,2023,10,0.589996,2.71512,0.506357
2023_10_WAS_SEA,2023,10,0.692742,5.946251,0.498412
2023_11_ARI_HOU,2023,11,0.66264,5.295578,0.493959
2023_11_CHI_DET,2023,11,0.755901,8.135363,0.504
2023_11_CIN_BAL,2023,11,0.639865,3.898608,0.497004
2023_11_DAL_CAR,2023,11,0.16099,-11.046859,0.498615
2023_11_LAC_GB,2023,11,0.384758,-2.945198,0.501619
2023_11_LV_MIA,2023,11,0.878793,14.065237,0.501928
2023_11_MIN_DEN,2023,11,0.58657,2.579856,0.50236
2023_11_NYG_WAS,2023,11,0.7461,7.6565,0.504625
2023_11_NYJ_BUF,2023,11,0.753544,7.991081,0.499736
2023_11_PHI_KC,2023,11,0.584651,2.553148,0.501571
2023_11_PIT_CLE,2023,11,0.575537,2.534872,0.501031
2023_11_SEA_LA,2023,11,0.599154,2.666319,0.504915
2023_11_TB_SF,2023,11,0.873553,13.58295,0.502451
2023_11_TEN_JAX,2023,11,0.717035,6.562965,0.501861
2023_12_BAL_LAC,2023,12,0.392981,-2.942205,0.501708
2023_12_BUF_PHI,2023,12,0.578951,2.563503,0.501877
2023_12_CAR_TEN,2023,12,0.615755,3.506275,0.500185
2023_12_CHI_MIN,2023,12,0.587061,2.877937,0.496393
2023_12_CLE_DEN,2023,12,0.563188,1.62137,0.503587
2023_12_GB_DET,2023,12,0.772124,8.548141,0.501423
2023_12_JAX_HOU,2023,12,0.439054,-1.140734,0.495841
2023_12_KC_LV,2023,12,0.207356,-8.755333,0.50723
2023_12_LA_ARI,2023,12,0.365277,-3.209803,0.4938
2023_12_MIA_NYJ,2023,12,0.192297,-9.593201,0.497246
2023_12_NE_NYG,2023,12,0.321436,-4.548548,0.498565
2023_12_NO_ATL,2023,12,0.413898,-2.045012,0.49867
2023_12_PIT_CIN,2023,12,0.398184,-2.138279,0.495914
2023_12_SF_SEA,2023,12,0.249283,-7.165502,0.495109
2023_12_TB_IND,2023,12,0.596246,2.74484,0.507235
2023_12_WAS_DAL,2023,12,0.86416,12.953906,0.498638
2023_13_ARI_PIT,2023,13,0.706038,6.109175,0.503226
2023_13_ATL_NYJ,2023,13,0.414558,-1.994817,0.500153
2023_13_CAR_TB,2023,13,0.624636,3.991413,0.499746
2023_13_CIN_JAX,2023,13,0.813143,10.081251,0.502401
2023_13_CLE_LA,2023,13,0.619405,3.557833,0.501709
2023_13_DEN_HOU,2023,13,0.597951,3.422699,0.497716
2023_13_DET_NO,2023,13,0.336681,-4.171193,0.494941
2023_13_IND_TEN,2023,13,0.444184,-1.468139,0.500942
2023_13_KC_GB,2023,13,0.297629,-5.490863,0.50027
2023_13_LAC_NE,2023,13,0.338033,-4.460815,0.501158
2023_13_MIA_WAS,2023,13,0.212077,-8.550769,0.4985
2023_13_SEA_DAL,2023,13,0.796467,9.554219,0.501602
2023_13_SF_PHI,2023,13,0.367244,-3.247674,0.492681
2023_14_BUF_KC,2023,14,0.546656,1.937719,0.49816
2023_14_CAR_NO,2023,14,0.680421,5.510616,0.500314
2023_14_DEN_LAC,2023,14,0.590484,2.954727,0.498662
2023_14_DET_CHI,2023,14,0.387336,-3.01036,0.499694
2023_14_GB_NYG,2023,14,0.289494,-5.924929,0.502218
2023_14_HOU_NYJ,2023,14,0.386702,-3.280219,0.506495
2023_14_IND_CIN,2023,14,0.609753,3.058101,0.501717
2023_14_JAX_CLE,2023,14,0.591397,2.646125,0.504318
2023_14_LA_BAL,2023,14,0.739525,7.42673,0.497835
2023_14_MIN_LV,2023,14,0.389652,-2.870966,0.503813
2023_14_NE_PIT,2023,14,0.701044,6.027501,0.500813
2023_14_PHI_DAL,2023,14,0.615522,3.52913,0.500861
2023_14_SEA_SF,2023,14,0.895359,14.751051,0.507418
2023_14_TB_ATL,2023,14,0.552735,1.626669,0.503743
2023_14_TEN_MIA,2023,14,0.886508,14.124025,0.503665
2023_15_ATL_CAR,2023,15,0.366883,-3.238548,0.492951
2023_15_BAL_JAX,2023,15,0.345541,-4.049274,0.498544
2023_15_CHI_CLE,2023,15,0.582364,2.884486,0.496586
2023_15_DAL_BUF,2023,15,0.577286,2.217771,0.506435
2023_15_DEN_DET,2023,15,0.678439,5.397675,0.496976
2023_15_HOU_TEN,2023,15,0.622912,3.251983,0.507446
2023_15_KC_NE,2023,15,0.180013,-10.118015,0.496513
2023_15_LAC_LV,2023,15,0.621406,3.256964,0.507593
2023_15_MIN_CIN,2023,15,0.600495,3.038428,0.501136
2023_15_NYG_NO,2023,15,0.690016,5.96412,0.49894
2023_15_NYJ_MIA,2023,15,0.728901,7.466492,0.49901
2023_15_PHI_SEA,2023,15,0.307464,-5.036726,0.498915
2023_15_PIT_IND,2023,15,0.535362,1.420415,0.497648
2023_15_SF_ARI,2023,15,0.142654,-12.58293,0.497549
2023_15_TB_GB,2023,15,0.628648,3.975982,0.49929
2023_15_WAS_LA,2023,15,0.723217,6.762057,0.507744
2023_16_ARI_CHI,2023,16,0.662724,4.730545,0.506813
2023_16_BAL_SF,2023,16,0.701346,6.578562,0.502322
2023_16_BUF_LAC,2023,16,0.115,-13.178217,0.494734
2023_16_CIN_PIT,2023,16,0.38266,-3.147776,0.495633
2023_16_CLE_HOU,2023,16,0.36924,-2.93964,0.501784
2023_16_DAL_MIA,2023,16,0.540811,1.578427,0.502318
2023_16_DET_MIN,2023,16,0.424545,-2.228358,0.508027
2023_16_GB_CAR,2023,16,0.38634,-3.254498,0.507254
2023_16_IND_ATL,2023,16,0.586969,2.78232,0.493568
2023_16_JAX_TB,2023,16,0.415526,-1.988676,0.500335
2023_16_LV_KC,2023,16,0.821078,10.974802,0.499255
2023_16_NE_DEN,2023,16,0.743722,7.272665,0.508057
2023_16_NO_LA,2023,16,0.63599,3.996072,0.499884
2023_16_NYG_PHI,2023,16,0.873442,13.887155,0.496665
2023_16_SEA_TEN,2023,16,0.357909,-3.300239,0.491128
2023_16_WAS_NYJ,2023,16,0.603955,3.111209,0.503286
2023_17_ARI_PHI,2023,17,0.851699,12.189421,0.505597
2023_17_ATL_CHI,2023,17,0.59751,3.028987,0.500857
2023_17_CAR_JAX,2023,17,0.594767,3.27246,0.493276
2023_17_CIN_KC,2023,17,0.732176,7.460861,0.498843
2023_17_DET_DAL,2023,17,0.681717,5.533072,0.500977
2023_17_GB_MIN,2023,17,0.532588,1.125747,0.503716
2023_17_LAC_DEN,2023,17,0.610267,3.482232,0.499475
2023_17_LA_NYG,2023,17,0.307762,-5.924229,0.502239
2023_17_LV_IND,2023,17,0.611636,3.469335,0.499094
2023_17_MIA_BAL,2023,17,0.590693,2.7195,0.491711
2023_17_NE_BUF,2023,17,0.900399,15.192765,0.505696
2023_17_NO_TB,2023,17,0.570242,2.540739,0.501204
2023_17_NYJ_CLE,2023,17,0.712934,6.568964,0.502038
2023_17_PIT_SEA,2023,17,0.641856,4.557007,0.501685
2023_17_SF_WAS,2023,17,0.110876,-14.173872,0.494862
2023_17_TEN_HOU,2023,17,0.65571,5.205104,0.506061
2023_18_ATL_NO,2023,18,0.611393,3.454788,0.498664
2023_18_BUF_MIA,2023,18,0.390698,-2.469371,0.500905
2023_18_CHI_GB,2023,18,0.585349,2.583295,0.502461
2023_18_CLE_CIN,2023,18,0.75861,7.42096,0.497664
2023_18_DAL_WAS,2023,18,0.117798,-13.211222,0.493758
2023_18_DEN_LV,2023,18,0.622038,3.54892,0.501446
2023_18_HOU_IND,2023,18,0.437879,-1.769833,0.492027
2023_18_JAX_TEN,2023,18,0.368415,-3.447996,0.501537
2023_18_KC_LAC,2023,18,0.634526,3.737257,0.507011
2023_18_LA_SF,2023,18,0.671415,5.194644,0.490977
2023_18_MIN_DET,2023,18,0.590663,3.221939,0.491784
2023_18_NYJ_NE,2023,18,0.577112,2.465562,0.498982
2023_18_PHI_NYG,2023,18,0.35038,-4.470266,0.500879
2023_18_PIT_BAL,2023,18,0.331477,-3.531329,0.484303
2023_18_SEA_ARI,2023,18,0.390795,-2.629195,0.496182
2023_18_TB_CAR,2023,18,0.315823,-5.008558,0.499747
2023_19_CLE_HOU,2023,19,0.432544,-2.09232,0.512046
2023_19_GB_DAL,2023,19,0.733071,7.114499,0.503384
2023_19_LA_DET,2023,19,0.630085,3.520101,0.500594
2023_19_MIA_KC,2023,19,0.642367,4.391562,0.496796
2023_19_PHI_TB,2023,19,0.419777,-2.458267,0.501233
2023_19_PIT_BUF,2023,19,0.794705,9.562939,0.487087
2023_20_GB_SF,2023,20,0.799343,10.351203,0.495603
2023_20_HOU_BAL,2023,20,0.782764,9.685588,0.49071
2023_20_KC_BUF,2023,20,0.577005,2.544968,0.501329
2023_20_TB_DET,2023,20,0.694908,6.010965,0.500324
2023_21_DET_SF,2023,21,0.740832,7.494192,0.499828
2023_21_KC_BAL,2023,21,0.65033,4.542169,0.501246
2023_22_SF_KC,2023,22,0.433751,-1.543003,0.498729
2024_01_ARI_BUF,2024,1,0.710485,6.497626,0.49993
2024_01_BAL_KC,2024,1,0.595416,2.950945,0.49855
2024_01_CAR_NO,2024,1,0.613156,3.49633,0.499892
2024_01_DAL_CLE,2024,1,0.583551,2.605733,0.503125
2024_01_DEN_SEA,2024,1,0.713233,6.622656,0.503625
2024_01_GB_PHI,2024,1,0.552405,1.886047,0.496633
2024_01_HOU_IND,2024,1,0.363813,-3.180942,0.494653
2024_01_JAX_MIA,2024,1,0.613227,3.505298,0.500157
2024_01_LA_DET,2024,1,0.661467,4.951548,0.498568
2024_01_LV_LAC,2024,1,0.602265,3.059541,0.501759
2024_01_MIN_NYG,2024,1,0.456259,-0.971574,0.50084
2024_01_NE_CIN,2024,1,0.735029,7.800847,0.494115
2024_01_NYJ_SF,2024,1,0.604901,3.432742,0.498012
2024_01_PIT_ATL,2024,1,0.633747,4.054212,0.501602
2024_01_TEN_CHI,2024,1,0.618052,3.891209,0.496785
2024_01_WAS_TB,2024,1,0.63053,3.944669,0.498365
2024_02_ATL_PHI,2024,2,0.671324,5.444183,0.498351
2024_02_BUF_MIA,2024,2,0.580556,2.552373,0.501548
2024_02_CHI_HOU,2024,2,0.711956,6.118574,0.503504
2024_02_CIN_KC,2024,2,0.725944,6.586734,0.502563
2024_02_CLE_JAX,2024,2,0.604891,3.020999,0.500621
2024_02_IND_GB,2024,2,0.372906,-3.195055,0.494236
2024_02_LAC_CAR,2024,2,0.331394,-4.935931,0.501893
2024_02_LA_ARI,2024,2,0.447281,-1.143691,0.495754
2024_02_LV_BAL,2024,2,0.780357,9.003075,0.500091
2024_02_NO_DAL,2024,2,0.71661,6.609773,0.503244
2024_02_NYG_WAS,2024,2,0.54731,1.555551,0.501642
2024_02_NYJ_TEN,2024,2,0.358681,-3.592384,0.49727
2024_02_PIT_DEN,2024,2,0.370334,-3.155145,0.495415
2024_02_SEA_NE,2024,2,0.38818,-3.345872,0.504555
2024_02_SF_MIN,2024,2,0.349318,-4.363933,0.504021
2024_02_TB_DET,2024,2,0.746951,7.583692,0.502473
2024_03_BAL_DAL,2024,3,0.433262,-1.547456,0.498598
2024_03_CAR_LV,2024,3,0.665843,5.358323,0.495813
2024_03_CHI_IND,2024,3,0.568351,1.723998,0.506619
2024_03_DEN_TB,2024,3,0.68128,5.95706,0.498731
2024_03_DET_ARI,2024,3,0.381831,-3.021394,0.499368
2024_03_GB_TEN,2024,3,0.605843,3.075016,0.502217
2024_03_HOU_MIN,2024,3,0.429268,-1.845664,0.504561
2024_03_JAX_BUF,2024,3,0.623778,3.901383,0.497086
2024_03_KC_ATL,2024,3,0.389563,-2.90598,0.502778
2024_03_LAC_PIT,2024,3,0.598565,3.040587,0.501199
2024_03_MIA_SEA,2024,3,0.642308,4.246845,0.507294
2024_03_NE_NYJ,2024,3,0.703302,6.374316,0.496286
2024_03_NYG_CLE,2024,3,0.710643,6.473486,0.499216
2024_03_PHI_NO,2024,3,0.599378,2.553632,0.501585
2024_03_SF_LA,2024,3,0.301173,-5.986602,0.500396
2024_03_WAS_CIN,2024,3,0.730331,7.311673,0.494435
2024_04_BUF_BAL,2024,4,0.579948,2.526175,0.500773
2024_04_CIN_CAR,2024,4,0.367637,-4.181992,0.509397
2024_04_CLE_LV,2024,4,0.376352,-2.583725,0.497526
2024_04_DAL_NYG,2024,4,0.304931,-5.444283,0.501646
2024_04_DEN_NYJ,2024,4,0.753767,7.732864,0.506881
2024_04_JAX_HOU,2024,4,0.676787,5.429274,0.49791
2024_04_KC_LAC,2024,4,0.244451,-7.377492,0.50362
2024_04_LA_CHI,2024,4,0.583013,2.822104,0.494743
2024_04_MIN_GB,2024,4,0.570004,2.391071,0.496781
2024_04_NE_SF,2024,4,0.802542,10.363985,0.495981
2024_04_NO_ATL,2024,4,0.595228,2.597318,0.502876
2024_04_PHI_TB,2024,4,0.453094,-1.052112,0.49846
2024_04_PIT_IND,2024,4,0.38768,-2.68485,0.494538
2024_04_SEA_DET,2024,4,0.635051,3.615341,0.503408
2024_04_TEN_MIA,2024,4,0.577854,2.477977,0.499349
2024_04_WAS_ARI,2024,4,0.618015,3.502606,0.500077
2024_05_ARI_SF,2024,5,0.724163,6.996089,0.499884
2024_05_BAL_CIN,2024,5,0.393425,-2.573926,0.497815
2024_05_BUF_HOU,2024,5,0.543815,1.106133,0.503136
2024_05_CAR_CHI,2024,5,0.605117,3.777344,0.493421
2024_05_CLE_WAS,2024,5,0.601179,3.0688,0.502033
2024_05_DAL_PIT,2024,5,0.602375,2.630574,0.503859
2024_05_GB_LA,2024,5,0.401957,-2.877036,0.503634
2024_05_IND_JAX,2024,5,0.624438,3.498185,0.499946
2024_05_LV_DEN,2024,5,0.613415,3.09179,0.502712
2024_05_MIA_NE,2024,5,0.431773,-1.830885,0.504997
2024_05_NO_KC,2024,5,0.68509,5.435861,0.498105
2024_05_NYG_SEA,2024,5,0.7319,7.046258,0.501367
2024_05_NYJ_MIN,2024,5,0.580002,2.443458,0.498329
2024_05_TB_ATL,2024,5,0.606692,2.637024,0.504049
2024_06_ARI_GB,2024,6,0.681639,5.527316,0.500807
2024_06_ATL_CAR,2024,6,0.281642,-5.937356,0.501851
2024_06_BUF_NYJ,2024,6,0.4729,-0.932952,0.501981
2024_06_CIN_NYG,2024,6,0.313625,-4.593427,0.497239
2024_06_CLE_PHI,2024,6,0.758478,8.003599,0.500106
2024_06_DET_DAL,2024,6,0.347016,-3.575158,0.497779
2024_06_HOU_NE,2024,6,0.27236,-6.522179,0.499345
2024_06_IND_TEN,2024,6,0.573445,2.315277,0.494541
2024_06_JAX_CHI,2024,6,0.419714,-1.683721,0.494571
2024_06_LAC_DEN,2024,6,0.375163,-3.075494,0.497769
2024_06_PIT_LV,2024,6,0.368737,-3.578386,0.497684
2024_06_SF_SEA,2024,6,0.358346,-3.470251,0.500879
2024_06_TB_NO,2024,6,0.349783,-3.674524,0.494843
2024_06_WAS_BAL,2024,6,0.714164,6.493784,0.499816
2024_07_BAL_TB,2024,7,0.328517,-4.527975,0.499173
2024_07_CAR_WAS,2024,7,0.802806,10.116905,0.503455
2024_07_CIN_CLE,2024,7,0.298835,-5.495896,0.500121
2024_07_DEN_NO,2024,7,0.375971,-2.706854,0.493887
2024_07_DET_MIN,2024,7,0.524782,0.99307,0.499795
2024_07_HOU_GB,2024,7,0.612374,3.277394,0.508197
2024_07_KC_SF,2024,7,0.58467,2.589132,0.502634
2024_07_LAC_ARI,2024,7,0.471515,-0.963258,0.501086
2024_07_LV_LA,2024,7,0.7418,7.077818,0.5023
2024_07_MIA_IND,2024,7,0.595485,3.048148,0.501423
2024_07_NE_JAX,2024,7,0.713973,6.469051,0.499085
2024_07_NYJ_PIT,2024,7,0.376997,-2.958137,0.501237
2024_07_PHI_NYG,2024,7,0.388744,-3.006095,0.49982
2024_07_SEA_ATL,2024,7,0.594042,2.924396,0.497766
2024_07_TEN_BUF,2024,7,0.789604,9.497033,0.499912
2024_08_ARI_MIA,2024,8,0.618076,4.040088,0.501185
2024_08_ATL_TB,2024,8,0.436884,-1.409686,0.502669
2024_08_BAL_CLE,2024,8,0.254433,-7.41608,0.50248
2024_08_BUF_SEA,2024,8,0.385696,-2.928034,0.502127
2024_08_CAR_DEN,2024,8,0.869168,13.138999,0.504108
2024_08_CHI_WAS,2024,8,0.551514,1.656112,0.504613
2024_08_DAL_SF,2024,8,0.690501,5.53342,0.500988
2024_08_GB_JAX,2024,8,0.366332,-3.5439,0.498703
2024_08_IND_HOU,2024,8,0.654431,4.819846,0.494676
2024_08_KC_LV,2024,8,0.215431,-8.85979,0.504143
2024_08_MIN_LA,2024,8,0.377459,-3.165722,0.495103
2024_08_NO_LAC,2024,8,0.743005,7.224961,0.506648
2024_08_NYG_PIT,2024,8,0.693599,6.041044,0.501213
2024_08_NYJ_NE,2024,8,0.273222,-7.020747,0.499387
2024_08_PHI_CIN,2024,8,0.585473,2.4909,0.499731
2024_08_TEN_DET,2024,8,0.851791,12.455324,0.49868
2024_09_CHI_ARI,2024,9,0.553359,1.444507,0.49836
2024_09_DAL_ATL,2024,9,0.618794,3.065956,0.501949
2024_09_DEN_BAL,2024,9,0.775818,8.96966,0.499103
2024_09_DET_GB,2024,9,0.408405,-2.301714,0.505859
2024_09_HOU_NYJ,2024,9,0.569591,2.502635,0.500078
2024_09_IND_MIN,2024,9,0.702644,6.244498,0.49245
2024_09_JAX_PHI,2024,9,0.738356,7.340082,0.495274
2024_09_LAC_CLE,2024,9,0.422832,-1.863431,0.504036
2024_09_LA_SEA,2024,9,0.416573,-1.683384,0.494581
2024_09_LV_CIN,2024,9,0.747121,7.93554,0.498095
2024_09_MIA_BUF,2024,9,0.705166,6.394331,0.496877
2024_09_NE_TEN,2024,9,0.583314,2.775931,0.493379
2024_09_NO_CAR,2024,9,0.244818,-7.080205,0.49763
2024_09_TB_KC,2024,9,0.781842,8.953503,0.498626
2024_09_WAS_NYG,2024,9,0.352068,-4.374885,0.503697
2024_10_ATL_NO,2024,10,0.366979,-3.456565,0.501284
2024_10_BUF_IND,2024,10,0.34138,-4.447304,0.501557
2024_10_CIN_BAL,2024,10,0.702133,5.950539,0.498538
2024_10_DEN_KC,2024,10,0.739811,7.486076,0.499589
2024_10_DET_HOU,2024,10,0.312968,-4.687379,0.494463
2024_10_MIA_LA,2024,10,0.570491,2.328646,0.494936
2024_10_MIN_JAX,2024,10,0.239279,-7.174932,0.494831
2024_10_NE_CHI,2024,10,0.71636,6.651805,0.504486
2024_10_NYG_CAR,2024,10,0.293139,-6.190014,0.50916
2024_10_NYJ_ARI,2024,10,0.410803,-2.110738,0.496728
2024_10_PHI_DAL,2024,10,0.230098,-7.720076,0.493497
2024_10_PIT_WAS,2024,10,0.524901,1.267401,0.493127
2024_10_SF_TB,2024,10,0.283793,-6.368007,0.503901
2024_10_TEN_LAC,2024,10,0.741299,7.915599,0.497506
2024_11_ATL_DEN,2024,11,0.576812,2.20986,0.506201
2024_11_BAL_PIT,2024,11,0.376725,-2.94051,0.501758
2024_11_CIN_LAC,2024,11,0.533406,0.927391,0.497854
2024_11_CLE_NO,2024,11,0.459431,-0.948618,0.501518
2024_11_GB_CHI,2024,11,0.290708,-5.897378,0.503033
2024_11_HOU_DAL,2024,11,0.228868,-7.726358,0.493311
2024_11_IND_NYJ,2024,11,0.626891,3.856046,0.495746
2024_11_JAX_DET,2024,11,0.886261,14.167957,0.504963
2024_11_KC_BUF,2024,11,0.567266,2.481875,0.499464
2024_11_LA_NE,2024,11,0.351198,-4.012502,0.499631
2024_11_LV_MIA,2024,11,0.765944,8.103641,0.503063
2024_11_MIN_TEN,2024,11,0.292803,-5.908109,0.502715
2024_11_SEA_SF,2024,11,0.686429,5.995322,0.499862
2024_11_WAS_PHI,2024,11,0.664384,4.600314,0.502964
2024_12_ARI_SEA,2024,12,0.464086,-0.883177,0.503452
2024_12_BAL_LAC,2024,12,0.37901,-3.007766,0.49977
2024_12_DAL_WAS,2024,12,0.820411,10.54755,0.501405
2024_12_DEN_LV,2024,12,0.271371,-6.615826,0.496577
2024_12_DET_IND,2024,12,0.260732,-6.860775,0.504114
2024_12_KC_CAR,2024,12,0.159693,-11.062537,0.498152
2024_12_MIN_CHI,2024,12,0.395629,-2.888935,0.503282
2024_12_NE_MIA,2024,12,0.753937,7.629723,0.503833
2024_12_PHI_LA,2024,12,0.397671,-2.837076,0.504814
2024_12_PIT_CLE,2024,12,0.394677,-3.330091,0.505021
2024_12_SF_GB,2024,12,0.760082,6.867027,0.510845
2024_12_TB_NYG,2024,12,0.253113,-6.827001,0.490338
2024_12_TEN_HOU,2024,12,0.749214,7.981711,0.49946
2024_13_ARI_MIN,2024,13,0.618791,3.572821,0.502152
2024_13_CHI_DET,2024,13,0.781994,9.397577,0.496973
2024_13_CLE_DEN,2024,13,0.704304,6.455959,0.498699
2024_13_HOU_JAX,2024,13,0.389077,-3.227634,0.508048
2024_13_IND_NE,2024,13,0.411973,-2.517759,0.499475
2024_13_LAC_ATL,2024,13,0.467951,-0.836704,0.504825
2024_13_LA_NO,2024,13,0.416701,-2.421843,0.50231
2024_13_LV_KC,2024,13,0.87347,13.619446,0.50353
2024_13_MIA_GB,2024,13,0.591333,3.408669,0.497301
2024_13_NYG_DAL,2024,13,0.64141,4.428976,0.497901
2024_13_PHI_BAL,2024,13,0.586044,3.007817,0.500231
2024_13_PIT_CIN,2024,13,0.601232,2.906067,0.497224
2024_13_SEA_NYJ,2024,13,0.531401,1.058548,0.50173
2024_13_SF_BUF,2024,13,0.723446,6.316109,0.494566
2024_13_TB_CAR,2024,13,0.283445,-6.378254,0.503598
2024_13_TEN_WAS,2024,13,0.687476,5.983188,0.499503
2024_14_ATL_MIN,2024,14,0.695225,6.010047,0.500297
2024_14_BUF_LA,2024,14,0.373934,-3.361982,0.504079
2024_14_CAR_PHI,2024,14,0.880623,13.97833,0.49936
2024_14_CHI_SF,2024,14,0.594564,3.335399,0.50991
2024_14_CIN_DAL,2024,14,0.316688,-5.011633,0.499656
2024_14_CLE_PIT,2024,14,0.691646,5.97344,0.499215
2024_14_GB_DET,2024,14,0.600491,2.91983,0.497631
2024_14_JAX_TEN,2024,14,0.593251,2.922753,0.497717
2024_14_LAC_KC,2024,14,0.669304,5.057584,0.501702
2024_14_LV_TB,2024,14,0.734201,7.056995,0.501684
2024_14_NO_NYG,2024,14,0.283757,-5.732635,0.493126
2024_14_NYJ_MIA,2024,14,0.717922,6.647244,0.504351
2024_14_SEA_ARI,2024,14,0.604502,3.074387,0.502198
2024_15_ATL_LV,2024,15,0.261243,-6.424233,0.502239
2024_15_BAL_NYG,2024,15,0.07789,-16.661817,0.495218
2024_15_BUF_DET,2024,15,0.585318,2.5581,0.501717
2024_15_CHI_MIN,2024,15,0.731663,7.042529,0.501257
2024_15_CIN_TEN,2024,15,0.284133,-6.136194,0.495975
2024_15_DAL_CAR,2024,15,0.598754,2.602677,0.503034
2024_15_GB_SEA,2024,15,0.386421,-2.984301,0.500464
2024_15_IND_DEN,2024,15,0.651356,4.458276,0.498767
2024_15_KC_CLE,2024,15,0.327233,-4.603277,0.496948
2024_15_LA_SF,2024,15,0.597687,3.131281,0.503879
2024_15_MIA_HOU,2024,15,0.577391,2.437403,0.49815
2024_15_NE_ARI,2024,15,0.695671,5.966568,0.499012
2024_15_NYJ_JAX,2024,15,0.361003,-3.586742,0.497437
2024_15_PIT_PHI,2024,15,0.696347,5.627859,0.503778
2024_15_TB_LAC,2024,15,0.595893,3.005695,0.500168
2024_15_WAS_NO,2024,15,0.216877,-7.935604,0.48713
2024_16_ARI_CAR,2024,16,0.299678,-5.671059,0.494945
2024_16_CLE_CIN,2024,16,0.803143,10.084451,0.502496
2024_16_DEN_LAC,2024,16,0.589482,2.912914,0.497427
2024_16_DET_CHI,2024,16,0.259511,-6.989898,0.500299
2024_16_HOU_KC,2024,16,0.616986,3.529809,0.500881
2024_16_JAX_LV,2024,16,0.577282,2.655373,0.504591
2024_16_LA_NYJ,2024,16,0.359848,-3.313455,0.490738
2024_16_MIN_SEA,2024,16,0.403248,-2.50715,0.499789
2024_16_NE_BUF,2024,16,0.884247,14.131504,0.503886
2024_16_NO_GB,2024,16,0.891678,14.226881,0.506704
2024_16_NYG_ATL,2024,16,0.784524,9.402257,0.497112
2024_16_PHI_WAS,2024,16,0.372306,-3.693776,0.509049
2024_16_PIT_BAL,2024,16,0.729634,7.042192,0.501247
2024_16_SF_MIA,2024,16,0.405007,-2.057164,0.498311
2024_16_TB_DAL,2024,16,0.3323,-4.321973,0.505261
2024_16_TEN_IND,2024,16,0.626929,4.016213,0.500479
2024_17_ARI_LA,2024,17,0.718009,6.619931,0.503544
2024_17_ATL_WAS,2024,17,0.635571,3.779146,0.508249
2024_17_BAL_HOU,2024,17,0.312592,-5.307255,0.505696
2024_17_CAR_TB,2024,17,0.788295,9.306653,0.494287
2024_17_DAL_PHI,2024,17,0.744363,7.453773,0.498634
2024_17_DEN_CIN,2024,17,0.592992,3.36687,0.496066
2024_17_DET_SF,2024,17,0.356967,-3.735536,0.507815
2024_17_GB_MIN,2024,17,0.468302,-0.83983,0.504733
2024_17_IND_NYG,2024,17,0.246599,-7.480747,0.500569
2024_17_KC_PIT,2024,17,0.383283,-3.158175,0.495326
2024_17_LAC_NE,2024,17,0.282288,-6.089148,0.497366
2024_17_LV_NO,2024,17,0.390551,-2.198396,0.494137
2024_17_MIA_CLE,2024,17,0.414286,-2.715977,0.508393
2024_17_NYJ_BUF,2024,17,0.807567,9.992037,0.499765
2024_17_SEA_CHI,2024,17,0.366455,-3.486737,0.500392
2024_17_TEN_JAX,2024,17,0.464009,-0.936638,0.501872
2024_18_BUF_NE,2024,18,0.411779,-2.679414,0.509473
2024_18_CAR_ATL,2024,18,0.747185,7.583114,0.502456
2024_18_CHI_GB,2024,18,0.807826,10.162667,0.504807
2024_18_CIN_PIT,2024,18,0.420611,-2.380387,0.503535
2024_18_CLE_BAL,2024,18,0.949868,19.942763,0.513082
2024_18_HOU_TEN,2024,18,0.5649,2.313311,0.494483
2024_18_JAX_IND,2024,18,0.618886,3.590436,0.502672
2024_18_KC_DEN,2024,18,0.858816,11.049914,0.516246
2024_18_LAC_LV,2024,18,0.263024,-6.96398,0.501064
2024_18_MIA_NYJ,2024,18,0.540973,1.469902,0.499111
2024_18_MIN_DET,2024,18,0.596955,2.90934,0.497321
2024_18_NO_TB,2024,18,0.891388,14.65671,0.504631
2024_18_NYG_PHI,2024,18,0.512456,2.725311,0.491883
2024_18_SEA_LA,2024,18,0.206812,-7.691219,0.494349
2024_18_SF_ARI,2024,18,0.688107,4.900449,0.511832
2024_18_WAS_DAL,2024,18,0.240955,-7.387126,0.488562
2024_19_DEN_BUF,2024,19,0.708748,7.493852,0.499818
2024_19_GB_PHI,2024,19,0.633557,5.218849,0.491692
2024_19_LAC_HOU,2024,19,0.38762,-2.932165,0.502005
2024_19_MIN_LA,2024,19,0.369832,-2.738136,0.492963
2024_19_PIT_BAL,2024,19,0.784059,9.464558,0.498953
2024_19_WAS_TB,2024,19,0.598508,2.976234,0.499298
2024_20_BAL_BUF,2024,20,0.458567,-1.357619,0.504207
2024_20_HOU_KC,2024,20,0.780029,9.438544,0.498184
2024_20_LA_PHI,2024,20,0.72988,7.001026,0.50003
2024_20_WAS_DET,2024,20,0.76844,8.512091,0.500357
2024_21_BUF_KC,2024,21,0.547806,1.552534,0.501552
2024_21_WAS_PHI,2024,21,0.708293,6.109029,0.503222
2024_22_KC_PHI,2024,22,0.430766,-1.619004,0.496483
2025_01_ARI_NO,2025,1,0.273938,-6.107014,0.496838
2025_01_BAL_BUF,2025,1,0.445216,-1.458882,0.501215
2025_01_CAR_JAX,2025,1,0.64581,4.423649,0.497744
2025_01_CIN_CLE,2025,1,0.301973,-5.498858,0.500034
2025_01_DAL_PHI,2025,1,0.76593,8.439953,0.498226
2025_01_DET_GB,2025,1,0.537321,1.491736,0.499756
2025_01_HOU_LA,2025,1,0.620162,3.507068,0.500209
2025_01_KC_LAC,2025,1,0.380165,-3.011062,0.499673
2025_01_LV_NE,2025,1,0.56704,2.346941,0.495477
2025_01_MIA_IND,2025,1,0.541949,1.477695,0.499341
2025_01_MIN_CHI,2025,1,0.445606,-1.394429,0.50312
2025_01_NYG_WAS,2025,1,0.68836,5.859318,0.495843
2025_01_PIT_NYJ,2025,1,0.382246,-2.985883,0.500417
2025_01_SF_SEA,2025,1,0.399337,-2.526469,0.499218
2025_01_TB_ATL,2025,1,0.435075,-1.589203,0.497364
2025_01_TEN_DEN,2025,1,0.771868,8.524257,0.500717
2025_02_ATL_MIN,2025,2,0.580675,3.200052,0.491137
2025_02_BUF_NYJ,2025,2,0.289805,-5.967588,0.500958
2025_02_CAR_ARI,2025,2,0.724346,6.897011,0.496957
2025_02_CHI_DET,2025,2,0.7022,6.067273,0.501988
2025_02_CLE_BAL,2025,2,0.851226,12.422668,0.497715
2025_02_DEN_IND,2025,2,0.402763,-2.448166,0.501532
2025_02_JAX_CIN,2025,2,0.613416,3.465657,0.498985
2025_02_LAC_LV,2025,2,0.380178,-3.302338,0.505841
2025_02_LA_TEN,2025,2,0.289843,-5.741534,0.492863
2025_02_NE_MIA,2025,2,0.542275,1.444383,0.498356
2025_02_NYG_DAL,2025,2,0.648936,4.537534,0.501109
2025_02_PHI_KC,2025,2,0.444455,-1.439842,0.501778
2025_02_SEA_PIT,2025,2,0.632367,3.649226,0.50441
2025_02_SF_NO,2025,2,0.395622,-2.787258,0.506287
2025_02_TB_HOU,2025,2,0.57945,2.407789,0.497275
2025_02_WAS_GB,2025,2,0.608816,3.423209,0.497731
2025_03_ARI_SF,2025,3,0.52437,1.327511,0.494903
2025_03_ATL_CAR,2025,3,0.292288,-5.520918,0.499382
2025_03_CIN_MIN,2025,3,0.611938,3.235578,0.506961
2025_03_DAL_CHI,2025,3,0.423556,-1.719141,0.493524
2025_03_DEN_LAC,2025,3,0.575875,2.430632,0.49795
2025_03_DET_BAL,2025,3,0.625681,4.430137,0.497935
2025_03_GB_CLE,2025,3,0.219107,-8.532269,0.499046
2025_03_HOU_JAX,2025,3,0.547121,1.470751,0.499136
2025_03_IND_TEN,2025,3,0.265148,-6.349088,0.489685
2025_03_KC_NYG,2025,3,0.297478,-5.951123,0.501444
2025_03_LA_PHI,2025,3,0.604365,3.318169,0.494627
2025_03_LV_WAS,2025,3,0.563736,2.418125,0.49758
2025_03_MIA_BUF,2025,3,0.854227,12.493886,0.499819
2025_03_NO_SEA,2025,3,0.735522,7.259269,0.492886
2025_03_NYJ_TB,2025,3,0.713488,6.580844,0.502389
2025_03_PIT_NE,2025,3,0.451256,-1.357583,0.504209
2025_04_BAL_KC,2025,4,0.408742,-2.551842,0.498468
2025_04_CAR_NE,2025,4,0.703305,5.607785,0.503185
2025_04_CHI_LV,2025,4,0.553963,1.546902,0.501386
2025_04_CIN_DEN,2025,4,0.761048,7.804263,0.508991
2025_04_CLE_DET,2025,4,0.807008,10.022486,0.500665
2025_04_GB_DAL,2025,4,0.254678,-6.907417,0.502736
2025_04_IND_LA,2025,4,0.614646,3.382198,0.496519
2025_04_JAX_SF,2025,4,0.61655,3.648079,0.504376
2025_04_LAC_NYG,2025,4,0.28621,-6.064705,0.498088
2025_04_MIN_PIT,2025,4,0.413175,-2.437712,0.501841
2025_04_NO_BUF,2025,4,0.896905,15.330061,0.494978
2025_04_NYJ_MIA,2025,4,0.598386,2.719752,0.506494
2025_04_PHI_TB,2025,4,0.364043,-3.225786,0.508103
2025_04_SEA_ARI,2025,4,0.428939,-1.530749,0.499091
2025_04_TEN_HOU,2025,4,0.746901,7.652736,0.504513
2025_04_WAS_ATL,2025,4,0.590308,2.381948,0.496511
2025_05_DAL_NYJ,2025,5,0.542576,1.246472,0.492508
2025_05_DEN_PHI,2025,5,0.607527,3.448541,0.498479
2025_05_DET_CIN,2025,5,0.159858,-10.79609,0.491251
2025_05_HOU_BAL,2025,5,0.336918,-3.313376,0.475978
2025_05_KC_JAX,2025,5,0.363817,-3.526354,0.499221
2025_05_LV_IND,2025,5,0.734164,7.224808,0.506643
2025_05_MIA_CAR,2025,5,0.414725,-1.654593,0.495432
2025_05_MIN_CLE,2025,5,0.385637,-3.404299,0.502828
2025_05_NE_BUF,2025,5,0.746158,7.473738,0.499224
2025_05_NYG_NO,2025,5,0.547282,1.624317,0.503674
2025_05_SF_LA,2025,5,0.788722,8.576422,0.502258
2025_05_TB_SEA,2025,5,0.622625,3.382687,0.496533
2025_05_TEN_ARI,2025,5,0.745766,7.667846,0.50496
2025_05_WAS_LAC,2025,5,0.594685,2.475304,0.49927
2025_06_ARI_IND,2025,6,0.788544,8.796339,0.508756
2025_06_BUF_ATL,2025,6,0.370404,-3.410806,0.502636
2025_06_CHI_WAS,2025,6,0.68033,5.676282,0.505209
2025_06_CIN_GB,2025,6,0.889172,14.255948,0.507563
2025_06_CLE_PIT,2025,6,0.674338,5.413178,0.497434
2025_06_DAL_CAR,2025,6,0.386258,-2.983678,0.500482
2025_06_DEN_NYJ,2025,6,0.239989,-7.633668,0.49605
2025_06_DET_KC,2025,6,0.594507,2.59502,0.502808
2025_06_LAC_MIA,2025,6,0.370799,-3.422073,0.502303
2025_06_LA_BAL,2025,6,0.213612,-7.719762,0.47874
2025_06_NE_NO,2025,6,0.363183,-3.538723,0.498856
2025_06_PHI_NYG,2025,6,0.256425,-6.973247,0.500791
2025_06_SEA_JAX,2025,6,0.442269,-1.41192,0.502603
2025_06_SF_TB,2025,6,0.611369,3.478493,0.499364
2025_06_TEN_LV,2025,6,0.622402,3.547528,0.501405
2025_07_ATL_SF,2025,7,0.531676,1.48855,0.499662
2025_07_CAR_NYJ,2025,7,0.534159,1.225581,0.491891
2025_07_GB_ARI,2025,7,0.260563,-7.115117,0.496598
2025_07_HOU_SEA,2025,7,0.601292,2.986869,0.499612
2025_07_IND_LAC,2025,7,0.591033,2.674342,0.505152
2025_07_LA_JAX,2025,7,0.382896,-3.317341,0.490623
2025_07_LV_KC,2025,7,0.876117,13.56427,0.501899
2025_07_MIA_CLE,2025,7,0.574212,2.241071,0.492349
2025_07_NE_TEN,2025,7,0.256743,-6.593874,0.497226
2025_07_NO_CHI,2025,7,0.646197,4.42934,0.497912
2025_07_NYG_DEN,2025,7,0.741234,7.450677,0.498542
2025_07_PHI_MIN,2025,7,0.404587,-2.32021,0.505313
2025_07_PIT_CIN,2025,7,0.283236,-5.617041,0.496541
2025_07_TB_DET,2025,7,0.699403,5.826463,0.494872
2025_07_WAS_DAL,2025,7,0.560481,1.340836,0.495297
2025_08_BUF_CAR,2025,8,0.263863,-6.885979,0.503369
2025_08_CHI_BAL,2025,8,0.56794,2.368217,0.496106
2025_08_CLE_NE,2025,8,0.726594,6.966098,0.498998
2025_08_DAL_DEN,2025,8,0.625169,3.679234,0.505296
2025_08_GB_PIT,2025,8,0.391716,-3.041548,0.498772
2025_08_MIA_ATL,2025,8,0.723161,6.794797,0.493936
2025_08_MIN_LAC,2025,8,0.612911,2.991565,0.499751
2025_08_NYG_PHI,2025,8,0.706636,6.938863,0.498193
2025_08_NYJ_CIN,2025,8,0.680497,5.648581,0.504391
2025_08_SF_HOU,2025,8,0.584143,2.412001,0.4974
2025_08_TB_NO,2025,8,0.361337,-4.493462,0.500193
2025_08_TEN_IND,2025,8,0.908586,15.622829,0.50363
2025_08_WAS_KC,2025,8,0.822497,10.547283,0.501397
2025_09_ARI_DAL,2025,9,0.619432,3.481939,0.499466
2025_09_ATL_NE,2025,9,0.690316,5.484742,0.499549
2025_09_BAL_MIA,2025,9,0.219835,-7.82907,0.490277
2025_09_CAR_GB,2025,9,0.853402,12.387693,0.496681
2025_09_CHI_CIN,2025,9,0.386379,-2.824557,0.505184
2025_09_DEN_HOU,2025,9,0.540809,1.457039,0.49873
2025_09_IND_PIT,2025,9,0.373614,-3.553324,0.498424
2025_09_JAX_LV,2025,9,0.400744,-2.51633,0.499517
2025_09_KC_BUF,2025,9,0.397814,-2.54848,0.498567
2025_09_LAC_TEN,2025,9,0.165533,-10.184049,0.494561
2025_09_MIN_DET,2025,9,0.803904,9.7198,0.506495
2025_09_NO_LA,2025,9,0.884512,14.151092,0.504465
2025_09_SEA_WAS,2025,9,0.390627,-2.416963,0.502454
2025_09_SF_NYG,2025,9,0.420376,-2.466269,0.500997
2025_10_ARI_SEA,2025,10,0.728634,7.114934,0.503396
2025_10_ATL_IND,2025,10,0.702818,6.442782,0.498309
2025_10_BAL_MIN,2025,10,0.302355,-4.983677,0.48571
2025_10_BUF_MIA,2025,10,0.210561,-8.567857,0.497995
2025_10_CLE_NYJ,2025,10,0.4277,-1.599418,0.497062
2025_10_DET_WAS,2025,10,0.198198,-8.680152,0.494676
2025_10_JAX_HOU,2025,10,0.418554,-1.733061,0.493113
2025_10_LA_SF,2025,10,0.291088,-5.590998,0.497311
2025_10_LV_DEN,2025,10,0.797062,9.681139,0.505353
2025_10_NE_TB,2025,10,0.569001,2.679417,0.505302
2025_10_NO_CAR,2025,10,0.689977,5.664001,0.504846
2025_10_NYG_CHI,2025,10,0.637568,4.301584,0.494137
2025_10_PHI_GB,2025,10,0.554336,1.605568,0.50312
2025_10_PIT_LAC,2025,10,0.598353,3.035061,0.501036
2025_11_BAL_CLE,2025,11,0.236273,-7.727149,0.493288
2025_11_CAR_ATL,2025,11,0.639253,4.484477,0.499541
2025_11_CHI_MIN,2025,11,0.570398,2.798316,0.49404
2025_11_CIN_PIT,2025,11,0.673414,5.236181,0.492204
2025_11_DAL_LV,2025,11,0.371032,-3.481454,0.500548
2025_11_DET_PHI,2025,11,0.590548,2.420035,0.497637
2025_11_GB_NYG,2025,11,0.21854,-7.958033,0.486467
2025_11_HOU_TEN,2025,11,0.312142,-5.355564,0.504268
2025_11_KC_DEN,2025,11,0.363889,-3.439983,0.501774
2025_11_LAC_JAX,2025,11,0.3725,-3.098178,0.497099
2025_11_NYJ_NE,2025,11,0.859067,12.536926,0.501091
2025_11_SEA_LA,2025,11,0.598711,3.025726,0.50076
2025_11_SF_ARI,2025,11,0.352336,-3.592746,0.497259
2025_11_TB_BUF,2025,11,0.709422,5.934084,0.498052
2025_11_WAS_MIA,2025,11,0.610823,2.779117,0.508248
2025_12_ATL_NO,2025,12,0.585704,1.771386,0.508019
2025_12_BUF_HOU,2025,12,0.291465,-5.72068,0.493479
2025_12_CAR_SF,2025,12,0.734592,7.426276,0.497821
2025_12_CLE_LV,2025,12,0.616595,3.125774,0.503717
2025_12_IND_KC,2025,12,0.621672,3.449026,0.498494
2025_12_JAX_ARI,2025,12,0.401882,-2.469839,0.500891
2025_12_MIN_GB,2025,12,0.719592,6.683166,0.505413
2025_12_NE_CIN,2025,12,0.233279,-7.439454,0.501789
2025_12_NYG_DET,2025,12,0.88953,14.296948,0.508774
2025_12_NYJ_BAL,2025,12,0.887997,14.260721,0.507704
2025_12_PHI_DAL,2025,12,0.389912,-2.909795,0.502666
2025_12_PIT_CHI,2025,12,0.601393,2.871026,0.496189
2025_12_SEA_TEN,2025,12,0.134362,-12.644856,0.495719
2025_12_TB_LA,2025,12,0.746124,7.024222,0.500716
2025_13_ARI_TB,2025,13,0.655292,4.511685,0.500345
2025_13_ATL_NYJ,2025,13,0.400363,-2.953365,0.501378
2025_13_BUF_PIT,2025,13,0.389411,-3.181359,0.494641
2025_13_CHI_PHI,2025,13,0.740107,7.26704,0.507891
2025_13_CIN_BAL,2025,13,0.751907,6.991154,0.499739
2025_13_DEN_WAS,2025,13,0.254029,-6.652828,0.495484
2025_13_GB_DET,2025,13,0.580432,2.511768,0.500348
2025_13_HOU_IND,2025,13,0.583892,2.870964,0.496187
2025_13_JAX_TEN,2025,13,0.296057,-6.024546,0.499275
2025_13_KC_DAL,2025,13,0.371713,-3.375566,0.503677
2025_13_LA_CAR,2025,13,0.179334,-10.101929,0.496988
2025_13_LV_LAC,2025,13,0.803628,9.976397,0.499302
2025_13_MIN_SEA,2025,13,0.852796,12.370319,0.496168
2025_13_NO_MIA,2025,13,0.690296,5.752714,0.507468
2025_13_NYG_NE,2025,13,0.731593,7.015351,0.500454
2025_13_SF_CLE,2025,13,0.305977,-5.414536,0.502526
2025_14_CHI_GB,2025,14,0.716498,6.671122,0.505057
2025_14_CIN_BUF,2025,14,0.688587,5.860182,0.495868
2025_14_DAL_DET,2025,14,0.59317,3.447797,0.498457
2025_14_DEN_LV,2025,14,0.209552,-8.664825,0.495129
2025_14_HOU_KC,2025,14,0.643172,4.458778,0.498782
2025_14_IND_JAX,2025,14,0.404774,-2.43733,0.501852
2025_14_LA_ARI,2025,14,0.181961,-9.60472,0.496905
2025_14_MIA_NYJ,2025,14,0.39872,-2.61807,0.496511
2025_14_NO_TB,2025,14,0.744591,7.689272,0.505593
2025_14_PHI_LAC,2025,14,0.449346,-1.414301,0.502532
2025_14_PIT_BAL,2025,14,0.686467,5.620775,0.503569
2025_14_SEA_ATL,2025,14,0.238808,-7.009507,0.499719
2025_14_TEN_CLE,2025,14,0.649698,4.579446,0.502348
2025_14_WAS_MIN,2025,14,0.446433,-1.512453,0.499632
2025_15_ARI_HOU,2025,15,0.830396,10.598204,0.502902
2025_15_ATL_TB,2025,15,0.707211,6.043186,0.501276
2025_15_BAL_CIN,2025,15,0.401972,-2.345689,0.50456
2025_15_BUF_NE,2025,15,0.406121,-2.45151,0.501433
2025_15_CAR_NO,2025,15,0.398555,-2.629969,0.496159
2025_15_CLE_CHI,2025,15,0.735981,7.404102,0.497166
2025_15_DET_LA,2025,15,0.692847,5.532342,0.500956
2025_15_GB_DEN,2025,15,0.441735,-1.480624,0.500573
2025_15_IND_SEA,2025,15,0.891978,13.865861,0.51081
2025_15_LAC_KC,2025,15,0.679885,5.608909,0.503218
2025_15_LV_PHI,2025,15,0.849181,12.425573,0.497801
2025_15_MIA_PIT,2025,15,0.576883,2.942236,0.498293
2025_15_MIN_DAL,2025,15,0.680463,5.569332,0.502049
2025_15_NYJ_JAX,2025,15,0.888232,13.974278,0.514013
2025_15_TEN_SF,2025,15,0.850036,12.392752,0.496831
2025_15_WAS_NYG,2025,15,0.586819,2.502309,0.500068
2025_16_ATL_ARI,2025,16,0.421576,-2.33608,0.504844
2025_16_BUF_CLE,2025,16,0.176487,-10.372602,0.503765
2025_16_CIN_MIA,2025,16,0.359843,-3.785049,0.491577
2025_16_GB_CHI,2025,16,0.560363,1.543026,0.501271
2025_16_JAX_DEN,2025,16,0.614884,3.558357,0.501725
2025_16_KC_TEN,2025,16,0.407525,-3.146573,0.510443
2025_16_LAC_DAL,2025,16,0.540395,1.483552,0.499514
2025_16_LA_SEA,2025,16,0.548756,1.442842,0.498311
2025_16_LV_HOU,2025,16,0.893857,14.646524,0.50433
2025_16_MIN_NYG,2025,16,0.394827,-2.488352,0.500344
2025_16_NE_BAL,2025,16,0.61903,3.454414,0.498653
2025_16_NYJ_NO,2025,16,0.718991,6.665771,0.504899
2025_16_PHI_WAS,2025,16,0.261417,-6.865414,0.503977
2025_16_PIT_DET,2025,16,0.759933,7.52541,0.500751
2025_16_SF_IND,2025,16,0.312716,-4.732532,0.493129
2025_16_TB_CAR,2025,16,0.37925,-3.038225,0.49887
2025_17_ARI_CIN,2025,17,0.723032,6.959157,0.498793
2025_17_BAL_GB,2025,17,0.557245,2.550103,0.501481
2025_17_CHI_SF,2025,17,0.615377,3.512845,0.50038
2025_17_DAL_WAS,2025,17,0.200474,-8.77957,0.491739
2025_17_DEN_KC,2025,17,0.107121,-13.773508,0.491918
2025_17_DET_MIN,2025,17,0.247161,-7.187432,0.494461
2025_17_HOU_LAC,2025,17,0.544705,1.417388,0.497559
2025_17_JAX_IND,2025,17,0.342341,-3.679227,0.494704
2025_17_LA_ATL,2025,17,0.236404,-7.727244,0.493285
2025_17_NE_NYJ,2025,17,0.141865,-12.554693,0.498384
2025_17_NO_TEN,2025,17,0.445041,-1.470191,0.500881
2025_17_NYG_LV,2025,17,0.365476,-3.05314,0.49843
2025_17_PHI_BUF,2025,17,0.598261,2.972632,0.499191
2025_17_PIT_CLE,2025,17,0.370042,-4.251997,0.507328
2025_17_SEA_CAR,2025,17,0.270457,-6.480214,0.500585
2025_17_TB_MIA,2025,17,0.287281,-5.814601,0.490704
2025_18_ARI_LA,2025,18,0.888204,14.471324,0.499153
2025_18_BAL_PIT,2025,18,0.340814,-4.379916,0.503549
2025_18_CAR_TB,2025,18,0.591503,2.992893,0.49979
2025_18_CLE_CIN,2025,18,0.784579,9.431846,0.497986
2025_18_DAL_NYG,2025,18,0.383598,-3.002384,0.49993
2025_18_DET_CHI,2025,18,0.619375,3.383383,0.496554
2025_18_GB_MIN,2025,18,0.886278,13.08262,0.517212
2025_18_IND_HOU,2025,18,0.803035,9.678032,0.505261
2025_18_KC_LV,2025,18,0.375837,-3.463742,0.501071
2025_18_LAC_DEN,2025,18,0.901433,14.975136,0.514038
2025_18_MIA_NE,2025,18,0.88032,13.911448,0.497383
2025_18_NO_ATL,2025,18,0.659525,4.686161,0.505501
2025_18_NYJ_BUF,2025,18,0.845287,12.308339,0.494336
2025_18_SEA_SF,2025,18,0.396441,-2.422895,0.502279
2025_18_TEN_JAX,2025,18,0.864617,12.667293,0.504944
2025_18_WAS_PHI,2025,18,0.555054,2.576007,0.487473
2025_19_BUF_JAX,2025,19,0.577931,1.687163,0.505531
2025_19_GB_CHI,2025,19,0.439678,-2.41824,0.502416
2025_19_HOU_PIT,2025,19,0.392165,-2.907583,0.502731
2025_19_LAC_NE,2025,19,0.625236,3.555748,0.501647
2025_19_LA_CAR,2025,19,0.182627,-10.066513,0.498034
2025_19_SF_PHI,2025,19,0.675714,5.696643,0.491036
2025_20_BUF_DEN,2025,20,0.555598,1.607576,0.503179
2025_20_HOU_NE,2025,20,0.600269,2.91297,0.497428
2025_20_LA_CHI,2025,20,0.364503,-3.595584,0.497175
2025_20_SF_SEA,2025,20,0.720429,6.523424,0.500692
2025_21_LA_SEA,2025,21,0.577264,2.359512,0.495848
2025_21_NE_DEN,2025,21,0.349511,-3.75675,0.492413
2025_22_SEA_NE,2025,22,0.330115,-4.509418,0.499722
2026_01_ARI_LAC,2026,1,0.767151,8.555629,0.501644
2026_01_ATL_PIT,2026,1,0.73106,6.875277,0.511089
2026_01_BAL_IND,2026,1,0.416892,-2.505138,0.514621
2026_01_BUF_HOU,2026,1,0.423282,-1.582507,0.497562
2026_01_CHI_CAR,2026,1,0.37077,-3.145242,0.495708
2026_01_CLE_JAX,2026,1,0.77078,8.623356,0.503645
2026_01_DAL_NYG,2026,1,0.386049,-3.02552,0.499246
2026_01_DEN_KC,2026,1,0.592234,2.582185,0.502429
2026_01_GB_MIN,2026,1,0.548063,1.497772,0.499934
2026_01_MIA_LV,2026,1,0.596996,3.007541,0.500223
2026_01_NE_SEA,2026,1,0.591644,2.752204,0.492678
2026_01_NO_DET,2026,1,0.748502,7.18518,0.505472
2026_01_NYJ_TEN,2026,1,0.541195,1.279288,0.493478
2026_01_SF_LA,2026,1,0.596297,3.334304,0.495104
2026_01_TB_CIN,2026,1,0.612902,3.45751,0.498744
2026_01_WAS_PHI,2026,1,0.674915,5.801697,0.49414
2026_02_CAR_ATL,2026,2,0.393493,-2.537821,0.498882
2026_02_CIN_HOU,2026,2,0.567777,2.903936,0.497161
2026_02_CLE_TB,2026,2,0.768109,8.514533,0.500429
2026_02_DET_BUF,2026,2,0.687746,5.597426,0.502879
2026_02_GB_NYJ,2026,2,0.369409,-3.796342,0.491243
2026_02_IND_KC,2026,2,0.699519,5.933196,0.498026
2026_02_JAX_DEN,2026,2,0.579431,2.537577,0.50111
2026_02_LV_LAC,2026,2,0.72332,6.872064,0.510994
2026_02_MIA_SF,2026,2,0.862862,12.650373,0.504444
2026_02_MIN_CHI,2026,2,0.641546,4.343339,0.495371
2026_02_NO_BAL,2026,2,0.74872,8.345898,0.495446
2026_02_NYG_LA,2026,2,0.694729,6.599512,0.502941
2026_02_PHI_TEN,2026,2,0.271972,-6.943532,0.501669
2026_02_PIT_NE,2026,2,0.641458,4.366862,0.496066
2026_02_SEA_ARI,2026,2,0.385772,-3.133435,0.510831
2026_02_WAS_DAL,2026,2,0.62242,3.471134,0.499147
2026_03_ARI_SF,2026,3,0.71519,7.391755,0.496801
2026_03_ATL_GB,2026,3,0.664694,4.925987,0.512586
2026_03_BAL_DAL,2026,3,0.362662,-3.620019,0.481684
2026_03_CAR_CLE,2026,3,0.430902,-2.21957,0.508286
2026_03_CIN_PIT,2026,3,0.371733,-3.326836,0.505117
2026_03_HOU_IND,2026,3,0.468255,-1.282104,0.506439
2026_03_KC_MIA,2026,3,0.179664,-9.984225,0.500466
2026_03_LAC_BUF,2026,3,0.733102,7.135182,0.503995
2026_03_LA_DEN,2026,3,0.59595,1.696419,0.505804
2026_03_LV_NO,2026,3,0.621974,3.633929,0.503958
2026_03_MIN_TB,2026,3,0.414048,-1.890836,0.488452
2026_03_NE_JAX,2026,3,0.625312,3.231797,0.50685
2026_03_NYJ_DET,2026,3,0.718797,6.949661,0.498512
2026_03_PHI_CHI,2026,3,0.335864,-4.308915,0.47611
2026_03_SEA_WAS,2026,3,0.213742,-8.670675,0.494956
2026_03_TEN_NYG,2026,3,0.511399,1.468894,0.469559
2026_04_ARI_NYG,2026,4,0.358039,-3.24744,0.477923
2026_04_ATL_NO,2026,4,0.578344,2.455335,0.49868
2026_04_DAL_HOU,2026,4,0.599547,3.069627,0.502058
2026_04_DEN_SF,2026,4,0.586613,3.033097,0.500978
2026_04_DET_CAR,2026,4,0.374256,-3.262361,0.507022
2026_04_GB_TB,2026,4,0.372836,-3.350003,0.489658
2026_04_IND_WAS,2026,4,0.327324,-4.711722,0.493744
2026_04_JAX_CIN,2026,4,0.575442,2.437909,0.498165
2026_04_KC_LV,2026,4,0.317541,-4.845388,0.489794
2026_04_LAC_SEA,2026,4,0.730596,6.983434,0.49951
2026_04_LA_PHI,2026,4,0.38064,-3.335547,0.50486
2026_04_MIA_MIN,2026,4,0.807941,10.181165,0.505353
2026_04_NE_BUF,2026,4,0.738613,7.08249,0.502438
2026_04_NYJ_CHI,2026,4,0.590539,3.143935,0.489479
2026_04_PIT_CLE,2026,4,0.401759,-2.502019,0.49994
2026_04_TEN_BAL,2026,4,0.84617,11.897518,0.511745
2026_05_BAL_ATL,2026,5,0.287237,-6.019233,0.499432
2026_05_BUF_LA,2026,5,0.571261,2.511823,0.500349
2026_05_CHI_GB,2026,5,0.603302,2.823572,0.509561
2026_05_CIN_MIA,2026,5,0.224408,-8.469813,0.500892
2026_05_CLE_NYJ,2026,5,0.538146,1.330982,0.495005
2026_05_DEN_LAC,2026,5,0.398838,-2.489871,0.500299
2026_05_DET_ARI,2026,5,0.299783,-5.524401,0.499279
2026_05_HOU_TEN,2026,5,0.269413,-6.526862,0.499206
2026_05_IND_PIT,2026,5,0.544993,1.465899,0.498992
2026_05_LV_NE,2026,5,0.606971,3.505076,0.50015
2026_05_MIN_NO,2026,5,0.399902,-2.496299,0.500109
2026_05_NYG_WAS,2026,5,0.614715,3.043503,0.516057
2026_05_PHI_JAX,2026,5,0.60076,2.883383,0.496554
2026_05_SF_SEA,2026,5,0.605949,2.957317,0.498739
2026_05_TB_DAL,2026,5,0.79971,9.672406,0.505095
