game_id,season,week,p_home,margin,p_home_cover
2006_01_MIA_PIT,2006,1,0.7488733706863246,8.081101,0.7076073506067884
2006_01_ATL_CAR,2006,1,0.7729848478238553,9.017716,0.6462039370204914
2006_01_NO_CLE,2006,1,0.7084265556035083,6.6098347,0.6178020759381888
2006_01_SEA_DET,2006,1,0.3004031163595857,-6.302073,0.4899955052181402
2006_01_PHI_HOU,2006,1,0.584307054596751,2.5645244,0.7614844442846666
2006_01_CIN_KC,2006,1,0.7880054582355551,9.62965,0.8222724904257946
2006_01_BUF_NE,2006,1,0.8774077481836458,13.996979,0.6300012554420754
2006_01_DEN_STL,2006,1,0.41732111738668176,-2.514264,0.5326140500304226
2006_01_BAL_TB,2006,1,0.6762353515111448,5.506617,0.5824310338316443
2006_01_NYJ_TEN,2006,1,0.5543122719531012,1.6448164,0.4716975942687944
2006_01_SF_ARI,2006,1,0.7167191235846307,6.902855,0.4146369737190686
2006_01_CHI_GB,2006,1,0.557688039940593,1.7477489,0.6684743240377474
2006_01_DAL_JAX,2006,1,0.697506033179732,6.229802,0.7657151552657419
2006_01_IND_NYG,2006,1,0.48881847368936293,-0.3376208,0.5874728739585228
2006_01_MIN_WAS,2006,1,0.649004769221616,4.608567,0.5201489576652466
2006_01_SD_OAK,2006,1,0.36645327228869384,-4.110256,0.4632770744087422
2006_02_TB_ATL,2006,2,0.6549064079892425,4.8008676,0.5099645794362102
2006_02_OAK_BAL,2006,2,0.7708784416160694,8.933768,0.36782986057617184
2006_02_DET_CHI,2006,2,0.7213435657426742,7.068042,0.502253732002624
2006_02_CLE_CIN,2006,2,0.7343591599316486,7.540338,0.4029450449598303
2006_02_NO_GB,2006,2,0.6388390180088144,4.280027,0.669446084741622
2006_02_HOU_IND,2006,2,0.7833895192851719,9.4390135,0.3996920952906798
2006_02_BUF_MIA,2006,2,0.7926387244880223,9.82346,0.6087015728400634
2006_02_CAR_MIN,2006,2,0.5739761485578208,2.246337,0.5081588328903467
2006_02_NYG_PHI,2006,2,0.6308865530460444,4.0252304,0.5339176730101816
2006_02_ARI_SEA,2006,2,0.8447350867019182,12.214249,0.6674645693054931
2006_02_STL_SF,2006,2,0.44160772318337677,-1.769238,0.5406956101688235
2006_02_KC_DEN,2006,2,0.8219975564836891,11.116936,0.5038731934316553
2006_02_NE_NYJ,2006,2,0.2533585349686499,-7.9969068,0.43415837891421594
2006_02_TEN_SD,2006,2,0.7348035106106541,7.5566645,0.3560950636634949
2006_02_WAS_DAL,2006,2,0.5608885402546707,1.845455,0.3343380174754287
2006_02_PIT_JAX,2006,2,0.4701511866280328,-0.90199494,0.5527757305468334
2006_03_NYJ_BUF,2006,3,0.6416504065070097,4.370558,0.4461922833018422
2006_03_GB_DET,2006,3,0.5668654281139645,2.0282507,0.3552162137127168
2006_03_WAS_HOU,2006,3,0.40238978332208897,-2.9769425,0.5173197526410059
2006_03_JAX_IND,2006,3,0.7088075903256024,6.6232114,0.5040810511577377
2006_03_TEN_MIA,2006,3,0.7731588697493854,9.024672,0.4512547238623514
2006_03_CHI_MIN,2006,3,0.5588176563783495,1.7822207,0.6695120900191003
2006_03_CIN_PIT,2006,3,0.5761902406240751,2.3143907,0.5104123581178477
2006_03_CAR_TB,2006,3,0.3531031792586997,-4.5401673,0.44912383446529724
2006_03_BAL_CLE,2006,3,0.29488826557561376,-6.4937997,0.5002053725581551
2006_03_STL_ARI,2006,3,0.5274544859418557,0.8295218,0.3490911887869025
2006_03_NYG_SEA,2006,3,0.7189965599027313,6.9840417,0.5978382713336023
2006_03_PHI_SF,2006,3,0.44507544124007187,-1.6634768,0.6405943750041697
2006_03_DEN_NE,2006,3,0.6420177471312682,4.382405,0.4302187311388291
2006_03_ATL_NO,2006,3,0.525865588930227,0.78144467,0.6543120027985414
2006_04_ARI_ATL,2006,4,0.7457047414127104,7.9616866,0.5318200663151331
2006_04_SD_BAL,2006,4,0.42652501448899954,-2.230943,0.39425147851101056
2006_04_MIN_BUF,2006,4,0.5654662593662714,1.9854186,0.5326035740928862
2006_04_NO_CAR,2006,4,0.694144388158928,6.1140723,0.470681917183627
2006_04_MIA_HOU,2006,4,0.42142802977519733,-2.3876796,0.5367910084596987
2006_04_SF_KC,2006,4,0.7157017760432041,6.8666897,0.4955844615045541
2006_04_IND_NYJ,2006,4,0.2537167806345484,-7.983429,0.4839917138082845
2006_04_DAL_TEN,2006,4,0.3033590518294662,-6.1999655,0.6238108746887829
2006_04_DET_STL,2006,4,0.6197539944175128,3.6715188,0.43966717993625204
2006_04_NE_CIN,2006,4,0.614090190832106,3.4927917,0.4338218416859869
2006_04_CLE_OAK,2006,4,0.4999677366152502,-0.0009740498,0.5330527639615286
2006_04_JAX_WAS,2006,4,0.5570889238720765,1.7294718,0.6372657827282064
2006_04_SEA_CHI,2006,4,0.5260936986907953,0.788346,0.4109351163723073
2006_04_GB_PHI,2006,4,0.7875362459995626,9.610162,0.4213579191701568
2006_05_CLE_CAR,2006,5,0.7931664684313762,9.845696,0.577207958496487
2006_05_BUF_CHI,2006,5,0.8090270780910136,10.530525,0.534092414807734
2006_05_STL_GB,2006,5,0.5322155434416107,0.97366494,0.6134826086336562
2006_05_TEN_IND,2006,5,0.819706097306347,11.011441,0.41815438682907685
2006_05_DET_MIN,2006,5,0.681447555884266,5.681901,0.5555289634084568
2006_05_MIA_NE,2006,5,0.8216798347794202,11.102258,0.5529153538794146
2006_05_TB_NO,2006,5,0.7641179114980762,8.6672125,0.555047117195153
2006_05_WAS_NYG,2006,5,0.6728273122358717,5.392636,0.47989084048007247
2006_05_KC_ARI,2006,5,0.3098800210953415,-5.976263,0.4185530980052185
2006_05_NYJ_JAX,2006,5,0.7039375944114199,6.452843,0.4818827937755838
2006_05_OAK_SF,2006,5,0.5362427988255009,1.0957,0.4371858155532915
2006_05_DAL_PHI,2006,5,0.649836001091957,4.63558,0.6800736015051347
2006_05_PIT_SD,2006,5,0.6998072861684878,6.3093586,0.5922172426402662
2006_05_BAL_DEN,2006,5,0.7293955343127636,7.358893,0.5613284121359794
2006_06_NYG_ATL,2006,6,0.508018253172403,0.2420919,0.4094420352098218
2006_06_CAR_BAL,2006,6,0.5878537488227221,2.6741638,0.4892086665106576
2006_06_HOU_DAL,2006,6,0.6934602112324297,6.0905876,0.2830966002028354
2006_06_BUF_DET,2006,6,0.5559348659919836,1.6942763,0.5885035978384642
2006_06_PHI_NO,2006,6,0.4154625354361836,-2.5716405,0.5141855324506186
2006_06_SEA_STL,2006,6,0.4594044185057567,-1.2277263,0.5584917472088704
2006_06_CIN_TB,2006,6,0.3875158442781923,-3.4422529,0.5349907025280404
2006_06_TEN_WAS,2006,6,0.8107428990658005,10.606652,0.47043681248382074
2006_06_MIA_NYJ,2006,6,0.47037230178617645,-0.89530075,0.40501482360372554
2006_06_KC_PIT,2006,6,0.6576163013757049,4.8895764,0.4468165645529942
2006_06_SD_SF,2006,6,0.34443784884794326,-4.8223095,0.6511303749255324
2006_06_OAK_DEN,2006,6,0.8380979441838523,11.88375,0.430262603784204
2006_06_CHI_ARI,2006,6,0.2893934331026903,-6.6864805,0.6552933900931197
2006_07_PIT_ATL,2006,7,0.39062567471553966,-3.3445637,0.4720484811548207
2006_07_NE_BUF,2006,7,0.20326905954812002,-9.996777,0.3544427467535409
2006_07_CAR_CIN,2006,7,0.5652255513544931,1.9780524,0.46619067050508456
2006_07_JAX_HOU,2006,7,0.27219118098491113,-7.3012424,0.5065831373639529
2006_07_SD_KC,2006,7,0.26918614075554914,-7.4105678,0.45338444631507024
2006_07_GB_MIA,2006,7,0.6723174922464366,5.375627,0.4793281958493222
2006_07_DET_NYJ,2006,7,0.5942871949675914,2.8736153,0.46274514779061204
2006_07_PHI_TB,2006,7,0.33492788115648997,-5.1350355,0.5286255523158305
2006_07_DEN_CLE,2006,7,0.25557650623155426,-7.913623,0.3884265099170383
2006_07_WAS_IND,2006,7,0.638182615640365,4.2589245,0.37804862900837866
2006_07_ARI_OAK,2006,7,0.5574567442320465,1.7406924,0.6530636155288461
2006_07_MIN_SEA,2006,7,0.7449053973768696,7.9316854,0.5637098426558735
2006_07_NYG_DAL,2006,7,0.5731603723376134,2.221281,0.4742245040226286
2006_08_SF_CHI,2006,8,0.8102603864140225,10.585201,0.3265088775329313
2006_08_ATL_CIN,2006,8,0.6674829472651513,5.214858,0.556609798771135
2006_08_ARI_GB,2006,8,0.7456756139785992,7.9605927,0.6288600439660015
2006_08_SEA_KC,2006,8,0.7491121182100208,8.090131,0.632917644494276
2006_08_BAL_NO,2006,8,0.5610511407187037,1.8504221,0.5281450871465038
2006_08_TB_NYG,2006,8,0.8119557238770808,10.660719,0.5383869862254387
2006_08_JAX_PHI,2006,8,0.6680106487186599,5.232361,0.37721048758677717
2006_08_HOU_TEN,2006,8,0.49362811234008963,-0.19237906,0.39548421286151747
2006_08_STL_SD,2006,8,0.7385281181961881,7.694066,0.4404055585079436
2006_08_NYJ_CLE,2006,8,0.633905552707281,4.121741,0.6022550583877293
2006_08_IND_DEN,2006,8,0.6408391333633022,4.3444085,0.5444384531693633
2006_08_PIT_OAK,2006,8,0.2741289481296326,-7.2310643,0.5583823718258419
2006_08_DAL_CAR,2006,8,0.8182577353848031,10.945195,0.7037180949934577
2006_08_NE_MIN,2006,8,0.4021406774695783,-2.984697,0.4345573114652022
2006_09_CIN_BAL,2006,9,0.6654614629100202,5.1479115,0.57076981463131
2006_09_GB_BUF,2006,9,0.6109724985798229,3.3947394,0.49651350429257896
2006_09_MIA_CHI,2006,9,0.7732345407654408,9.027697,0.3707725389923044
2006_09_ATL_DET,2006,9,0.37569900573454246,-3.81559,0.5391679974204112
2006_09_TEN_JAX,2006,9,0.8295271812947149,11.469761,0.5649545792072828
2006_09_HOU_NYG,2006,9,0.7286647344773981,7.3323197,0.3189739880003731
2006_09_KC_STL,2006,9,0.5906229812987565,2.7599232,0.5086087510162189
2006_09_NO_TB,2006,9,0.5212346813570929,0.64139,0.48812354084413084
2006_09_DAL_WAS,2006,9,0.5894292645948025,2.7229385,0.6826627216589107
2006_09_MIN_SF,2006,9,0.39403863531961425,-3.2376046,0.5252359170236353
2006_09_DEN_PIT,2006,9,0.6009059186696389,3.079637,0.5026377934249725
2006_09_CLE_SD,2006,9,0.7931947626598909,9.8468895,0.39674054733906816
2006_09_IND_NE,2006,9,0.6069244948385049,3.2677622,0.5088683382095733
2006_09_OAK_SEA,2006,9,0.7826900866601352,9.410334,0.579307603261856
2006_10_CLE_ATL,2006,10,0.5922391146498721,2.8100371,0.3036493133861206
2006_10_SD_CIN,2006,10,0.48992520560899067,-0.30419606,0.5230342536655448
2006_10_SF_DET,2006,10,0.7701332730579951,8.904175,0.5791076389113178
2006_10_BUF_IND,2006,10,0.7620793342739609,8.5876665,0.38846753685254126
2006_10_HOU_JAX,2006,10,0.8163944282911479,10.860455,0.5284765530649548
2006_10_KC_MIA,2006,10,0.47418313245598065,-0.77997065,0.44125606308546317
2006_10_GB_MIN,2006,10,0.610729871559643,3.387118,0.44673586305718616
2006_10_NYJ_NE,2006,10,0.7526985837933693,8.226328,0.42513423121736194
2006_10_WAS_PHI,2006,10,0.7205888706177148,7.040994,0.43539695327432637
2006_10_BAL_TEN,2006,10,0.25120457379214906,-8.078155,0.4643359953553961
2006_10_DEN_OAK,2006,10,0.24357120943816346,-8.369109,0.5208874027561909
2006_10_DAL_ARI,2006,10,0.27323844935901304,-7.2632837,0.47473471725700744
2006_10_NO_PIT,2006,10,0.7351651286011937,7.569961,0.5353936890934362
2006_10_STL_SEA,2006,10,0.7563826707135596,8.367336,0.6720688800805934
2006_10_CHI_NYG,2006,10,0.7578097625142836,8.422267,0.7311344614014353
2006_10_TB_CAR,2006,10,0.8256195039600154,11.285445,0.5424970222589132
2006_11_ATL_BAL,2006,11,0.7344089243987897,7.5421658,0.6314169081706574
2006_11_STL_CAR,2006,11,0.7261882211002627,7.242534,0.5245793378053337
2006_11_PIT_CLE,2006,11,0.22000821280987526,-9.300187,0.32994755246898955
2006_11_NE_GB,2006,11,0.2610583660427487,-7.7093825,0.4272271276007214
2006_11_BUF_HOU,2006,11,0.5972981485778063,2.9672298,0.4989145576485235
2006_11_OAK_KC,2006,11,0.8626852335209216,13.157947,0.635036006994399
2006_11_MIN_MIA,2006,11,0.644129541362307,4.450595,0.5479320500547683
2006_11_CIN_NO,2006,11,0.5528106102620043,1.5990674,0.43729597148629007
2006_11_CHI_NYJ,2006,11,0.33635436023056686,-5.087911,0.5136469291870894
2006_11_TEN_PHI,2006,11,0.8217573012870754,11.105835,0.43751736653534756
2006_11_WAS_TB,2006,11,0.5900584082280639,2.7424278,0.49146910454042053
2006_11_DET_ARI,2006,11,0.49478560565525415,-0.15743,0.412687109160255
2006_11_SEA_SF,2006,11,0.27791878612294274,-7.094514,0.3669453177599063
2006_11_IND_DAL,2006,11,0.5012929893583418,0.039036147,0.5343732835784967
2006_11_SD_DEN,2006,11,0.5810115732058145,2.462841,0.4987691880312532
2006_11_NYG_JAX,2006,11,0.590078942806058,2.7430642,0.4584420468492512
2006_12_MIA_DET,2006,12,0.5113864414473493,0.34380978,0.6093502988801306
2006_12_TB_DAL,2006,12,0.6790379011348358,5.600718,0.28338130745541124
2006_12_DEN_KC,2006,12,0.5778358191411572,2.365018,0.5451167916465339
2006_12_NO_ATL,2006,12,0.5899501414480404,2.7390735,0.49135802565962233
2006_12_PIT_BAL,2006,12,0.5440974189308453,1.3340486,0.44499425664881803
2006_12_JAX_BUF,2006,12,0.23745865654733578,-8.605661,0.3208151533073361
2006_12_CIN_CLE,2006,12,0.3961268114083585,-3.1722894,0.49429346540882063
2006_12_ARI_MIN,2006,12,0.8097246375343352,10.561423,0.616268057151614
2006_12_HOU_NYJ,2006,12,0.7278982517205114,7.3044877,0.5920602268013164
2006_12_SF_STL,2006,12,0.8280436480685816,11.399472,0.7166240408647195
2006_12_CAR_WAS,2006,12,0.5002407612788435,0.0072687194,0.6762547972284427
2006_12_OAK_SD,2006,12,0.7898967196123393,9.708458,0.3764567927137672
2006_12_CHI_NE,2006,12,0.7578951513301473,8.425559,0.6277601744459302
2006_12_NYG_TEN,2006,12,0.21747441209190843,-9.403596,0.3268443504828138
2006_12_PHI_IND,2006,12,0.8316617432310027,11.571587,0.5519082167043868
2006_12_GB_SEA,2006,12,0.7357269518552987,7.5906377,0.4207239320311998
2006_13_BAL_CIN,2006,13,0.6923889344857275,6.053862,0.6000794049346024
2006_13_SD_BUF,2006,13,0.30094699202061237,-6.2832522,0.47407466347691896
2006_13_MIN_CHI,2006,13,0.6381791086128088,4.258812,0.3469211902532561
2006_13_KC_CLE,2006,13,0.3321534776382116,-5.226916,0.45943112487058707
2006_13_NYJ_GB,2006,13,0.5927468060809656,2.82579,0.5602446972007767
2006_13_DET_NE,2006,13,0.7776916192159196,9.2069025,0.37640776350020777
2006_13_SF_NO,2006,13,0.8155598587115279,10.822673,0.6245241027013133
2006_13_ARI_STL,2006,13,0.7431492184644009,7.865945,0.5615592173052357
2006_13_IND_TEN,2006,13,0.22956591503695334,-8.916115,0.45320197252488875
2006_13_ATL_WAS,2006,13,0.5764820293066768,2.3233647,0.6086985471905217
2006_13_JAX_MIA,2006,13,0.4298282390032019,-2.129569,0.397494233490257
2006_13_HOU_OAK,2006,13,0.6370345745199932,4.2220483,0.5404084785335815
2006_13_DAL_NYG,2006,13,0.45153885711499575,-1.4666861,0.5506509990710571
2006_13_TB_PIT,2006,13,0.7219503536309408,7.089815,0.43699331953890086
2006_13_SEA_DEN,2006,13,0.6051422696999094,3.2119734,0.4574179621429989
2006_13_CAR_PHI,2006,13,0.4869786496484118,-0.39319173,0.5856757170589116
2006_14_CLE_PIT,2006,14,0.7709896223622343,8.938189,0.5639224827708661
2006_14_NYG_CAR,2006,14,0.5497862259805095,1.5069971,0.6458729459233379
2006_14_OAK_CIN,2006,14,0.8509466765754639,12.532112,0.5669915280194665
2006_14_MIN_DET,2006,14,0.5951410807699855,2.9001458,0.5626782904453332
2006_14_TEN_HOU,2006,14,0.6071931092932745,3.2761765,0.5749472536058099
2006_14_IND_JAX,2006,14,0.5299133013394876,0.90394735,0.5628026496546418
2006_14_BAL_KC,2006,14,0.6489381898450169,4.6064043,0.5530514875547307
2006_14_NE_MIA,2006,14,0.2909976675825119,-6.6300516,0.381557851986126
2006_14_ATL_TB,2006,14,0.4750284645491591,-0.7543977,0.6062168453170624
2006_14_PHI_WAS,2006,14,0.4537794855295468,-1.3985599,0.5199131826804442
2006_14_SEA_ARI,2006,14,0.37008926396268926,-3.9940913,0.4671101284940744
2006_14_GB_SF,2006,14,0.5924761187339764,2.8173904,0.46089135441566476
2006_14_BUF_NYJ,2006,14,0.660342119057314,4.9790745,0.5158641682390704
2006_14_DEN_SD,2006,14,0.7824385331310435,9.400032,0.5132477986161161
2006_14_NO_DAL,2006,14,0.599974437252722,3.0505898,0.3559071072020541
2006_14_CHI_STL,2006,14,0.39835844378863494,-3.10259,0.5950530472136656
2006_15_SF_SEA,2006,15,0.8439870012734856,12.176538,0.571702864744801
2006_15_DAL_ATL,2006,15,0.46395358599872494,-1.0897466,0.5954662750905212
2006_15_CLE_BAL,2006,15,0.7981688422654551,10.058169,0.4035182091341666
2006_15_MIA_BUF,2006,15,0.472711754710116,-0.82449096,0.43979783712304943
2006_15_PIT_CAR,2006,15,0.4401901715784986,-1.8125105,0.5392695033840939
2006_15_TB_CHI,2006,15,0.7195644431193295,7.0043354,0.30931204328067363
2006_15_DET_GB,2006,15,0.651153733459376,4.678451,0.4563140998471547
2006_15_NYJ_MIN,2006,15,0.5420541868747253,1.2720002,0.42662084349731294
2006_15_HOU_NE,2006,15,0.7850631303316988,9.507857,0.3859304168289196
2006_15_WAS_NO,2006,15,0.7335518514002147,7.5107107,0.4181307012096708
2006_15_JAX_TEN,2006,15,0.26984653424442384,-7.38649,0.37346761718254967
2006_15_DEN_ARI,2006,15,0.38405917810705,-3.5511036,0.465228509130068
2006_15_PHI_NYG,2006,15,0.7208089898695189,7.048879,0.5511623634613706
2006_15_STL_OAK,2006,15,0.634603644174043,4.1440945,0.537838850500729
2006_15_KC_SD,2006,15,0.752212562943418,8.20781,0.4572808592618912
2006_15_CIN_IND,2006,15,0.49710503853337107,-0.087401286,0.382908546065279
2006_16_MIN_GB,2006,16,0.6102400522566976,3.3717365,0.47919950472167455
2006_16_KC_OAK,2006,16,0.3260130626084833,-5.4313645,0.5518112931953076
2006_16_CAR_ATL,2006,16,0.6604684370820948,4.9832287,0.46636151196819675
2006_16_TEN_BUF,2006,16,0.6946998397392941,6.133155,0.5209622906539775
2006_16_TB_CLE,2006,16,0.6710160230500352,5.3322544,0.5604563650319166
2006_16_CHI_DET,2006,16,0.4197520380118421,-2.4393048,0.6162449707870519
2006_16_IND_HOU,2006,16,0.2920856528589047,-6.5918646,0.5792362340020814
2006_16_NE_JAX,2006,16,0.5577739457795856,1.7503699,0.45868272787823094
2006_16_NO_NYG,2006,16,0.641657230299822,4.3707776,0.5453063438937521
2006_16_BAL_PIT,2006,16,0.6386193954373351,4.272965,0.509040625802733
2006_16_WAS_STL,2006,16,0.5392400038267229,1.1865946,0.5061803132765312
2006_16_ARI_SF,2006,16,0.6102411040495359,3.3717694,0.49575270767777685
2006_16_CIN_DEN,2006,16,0.45069416033890297,-1.4923811,0.3545785457027706
2006_16_SD_SEA,2006,16,0.33868540439194783,-5.0110707,0.46654966429035516
2006_16_PHI_DAL,2006,16,0.7125811954105746,6.7561398,0.5084834603356263
2006_16_NYJ_MIA,2006,16,0.6220730751756685,3.7449317,0.5411624797222364
2006_17_NYG_WAS,2006,17,0.48371755963144936,-0.4917126,0.5168309731420816
2006_17_PIT_CIN,2006,17,0.62318054164941,3.7800386,0.4268825983167971
2006_17_DET_DAL,2006,17,0.7238684053158227,7.158793,0.29927368098539864
2006_17_CLE_HOU,2006,17,0.7048961664811363,6.4862747,0.5161024699010085
2006_17_JAX_KC,2006,17,0.5282682664017838,0.8541503,0.4951691481533069
2006_17_STL_MIN,2006,17,0.5887516199600077,2.7019546,0.6207159753781364
2006_17_CAR_NO,2006,17,0.7245095408584914,7.181902,0.8010482849518611
2006_17_OAK_NYJ,2006,17,0.849119570568346,12.437716,0.5801963880530809
2006_17_SEA_TB,2006,17,0.5213024169740187,0.6434379,0.42243893227486484
2006_17_NE_TEN,2006,17,0.2169425968550861,-9.425388,0.1416008666135804
2006_17_BUF_BAL,2006,17,0.7774604256741386,9.197557,0.4899832685321441
2006_17_SF_DEN,2006,17,0.7388345998478358,7.7054167,0.40825909199916854
2006_17_MIA_IND,2006,17,0.7544804245372454,8.294386,0.4601331126830793
2006_17_ATL_PHI,2006,17,0.6740573239053187,5.4337173,0.4482659784655868
2006_17_ARI_SD,2006,17,0.8905145891595783,14.80568,0.5431634004032777
2006_17_GB_CHI,2006,17,0.6672913228853101,5.208505,0.588963191515289
2006_18_KC_IND,2006,18,0.8042256696173176,10.319697,0.6085816061194702
2006_18_DAL_SEA,2006,18,0.6540636606691027,4.7733335,0.6229691078113417
2006_18_NYJ_NE,2006,18,0.7232826783737153,7.137704,0.4222526140301726
2006_18_NYG_PHI,2006,18,0.600885689169978,3.0790062,0.3881919944906743
2006_19_IND_BAL,2006,19,0.6075148133781669,3.286256,0.476372537935732
2006_19_PHI_NO,2006,19,0.6712353889446963,5.33956,0.49468591494041697
2006_19_SEA_CHI,2006,19,0.6789411837125051,5.597465,0.5691246291222958
2006_19_NE_SD,2006,19,0.6046059072225413,3.195197,0.44044260393767454
2006_20_NO_CHI,2006,20,0.6370240644176384,4.221711,0.5568344953616723
2006_20_NE_IND,2006,20,0.5818825987169896,2.4896996,0.4665750902160831
2006_21_IND_CHI,2006,21,0.5145508488568812,0.4393958,0.7177452549079697
2007_01_NO_IND,2007,1,0.7322278955170537,7.608969,0.5681727849614739
2007_01_DEN_BUF,2007,1,0.5500766946446041,1.5456452,0.6443579108980755
2007_01_PIT_CLE,2007,1,0.23373737950588558,-8.923408,0.359356762099675
2007_01_PHI_GB,2007,1,0.5352963426631837,1.0879937,0.630382808969871
2007_01_KC_HOU,2007,1,0.4676724665107279,-0.99627125,0.37243961837751927
2007_01_TEN_JAX,2007,1,0.7967457511811697,10.194011,0.5868157610979841
2007_01_ATL_MIN,2007,1,0.4481724325939524,-1.5999886,0.35399502018103596
2007_01_NE_NYJ,2007,1,0.36954374405620327,-4.0903835,0.5617831481390461
2007_01_CAR_STL,2007,1,0.5510598874314888,1.5761577,0.5024738996281656
2007_01_MIA_WAS,2007,1,0.4496857918944524,-1.5530154,0.35541855262397926
2007_01_DET_OAK,2007,1,0.4600743165168468,-1.231142,0.36522637560929205
2007_01_CHI_SD,2007,1,0.7793325282824013,9.455758,0.5792446963312758
2007_01_TB_SEA,2007,1,0.7505672384172442,8.305444,0.5744527754030415
2007_01_NYG_DAL,2007,1,0.596450112065603,2.9986782,0.4034665357093495
2007_01_BAL_CIN,2007,1,0.6453283311664401,4.5776525,0.5671701588406095
2007_01_ARI_SF,2007,1,0.5926734719406395,2.8790398,0.4798372448741294
2007_02_HOU_CAR,2007,2,0.7194086660494041,7.1364,0.5206636527562299
2007_02_CIN_CLE,2007,2,0.24949095734278232,-8.303192,0.4577462617856195
2007_02_ATL_JAX,2007,2,0.6820438643571693,5.814163,0.36661415393185715
2007_02_GB_NYG,2007,2,0.5972245482520379,3.023246,0.500755127014472
2007_02_BUF_PIT,2007,2,0.7239768662174659,7.3035574,0.41310712140486033
2007_02_SF_STL,2007,2,0.6634334191276234,5.1808248,0.5704716171122005
2007_02_NO_TB,2007,2,0.42393794439752885,-2.3558846,0.5852327864525851
2007_02_IND_TEN,2007,2,0.1693032541860099,-11.752104,0.3493992165015258
2007_02_SEA_ARI,2007,2,0.3728422088588157,-3.9832063,0.4680954944481701
2007_02_MIN_DET,2007,2,0.5705032220041873,2.1818132,0.4734415710364306
2007_02_DAL_MIA,2007,2,0.5304980733977892,0.9397774,0.6411414799726818
2007_02_NYJ_BAL,2007,2,0.7998027805378787,10.327426,0.5268578832998885
2007_02_KC_CHI,2007,2,0.6578653666203073,4.9940586,0.29814254642817595
2007_02_OAK_DEN,2007,2,0.7958341919639813,10.154461,0.5050173943034687
2007_02_SD_NE,2007,2,0.6491443776716711,4.7038207,0.5390425239047374
2007_02_WAS_PHI,2007,2,0.6435152936138782,4.5178785,0.4358909730456332
2007_03_ARI_BAL,2007,3,0.7819559925623928,9.564756,0.5827122025589853
2007_03_SD_GB,2007,3,0.49137921358208286,-0.2654053,0.6650298999333304
2007_03_IND_HOU,2007,3,0.2662639404355331,-7.665301,0.4622029522939041
2007_03_MIN_KC,2007,3,0.48020761142578827,-0.60954446,0.3844135793210576
2007_03_BUF_NE,2007,3,0.7565104273796128,8.53689,0.25836277670104524
2007_03_MIA_NYJ,2007,3,0.44627612196834093,-1.6588813,0.3522131464534243
2007_03_DET_PHI,2007,3,0.643775114508496,4.5264378,0.4846205588490681
2007_03_SF_PIT,2007,3,0.8052886039628608,10.569949,0.5185076526781781
2007_03_STL_TB,2007,3,0.5669009338248765,2.0692456,0.4536281210159772
2007_03_JAX_DEN,2007,3,0.551571023475694,1.592024,0.438269500311115
2007_03_CLE_OAK,2007,3,0.47504968711726225,-0.7685786,0.37947541702375787
2007_03_CIN_SEA,2007,3,0.6553405119872648,4.9097505,0.545694131067356
2007_03_CAR_ATL,2007,3,0.4960010658515184,-0.123106346,0.6238767040782285
2007_03_NYG_WAS,2007,3,0.6024704855610713,3.1899898,0.48993066111551303
2007_03_DAL_CHI,2007,3,0.6067955894830956,3.327907,0.5106505075335571
2007_03_TEN_NO,2007,3,0.4445813047347217,-1.7115484,0.30650585252180035
2007_04_HOU_ATL,2007,4,0.4505263047422161,-1.5269367,0.5315760650187383
2007_04_NYJ_BUF,2007,4,0.46339384315706794,-1.12848,0.5765606418811124
2007_04_BAL_CLE,2007,4,0.4096200179716812,-2.806519,0.5225151530511435
2007_04_STL_DAL,2007,4,0.6158513883849984,3.618062,0.22245446468495433
2007_04_CHI_DET,2007,4,0.48411675464707227,-0.48908338,0.5650321329339363
2007_04_OAK_MIA,2007,4,0.8506925910265205,12.765129,0.7747011108485826
2007_04_GB_MIN,2007,4,0.4408570949697332,-1.8273921,0.473143213971119
2007_04_TB_CAR,2007,4,0.5722544351173381,2.2366023,0.4752176583544837
2007_04_SEA_SF,2007,4,0.2833234924979201,-7.037056,0.3115113308276365
2007_04_PIT_ARI,2007,4,0.2986152723647424,-6.4892025,0.46790133929729216
2007_04_DEN_IND,2007,4,0.7635103325972489,8.813442,0.4615155980642197
2007_04_KC_SD,2007,4,0.7986100298885646,10.275228,0.44415591948992933
2007_04_PHI_NYG,2007,4,0.4438907379264587,-1.7330172,0.5086720179513111
2007_04_NE_CIN,2007,4,0.3605923128388938,-4.3828473,0.6001811702673583
2007_05_MIA_HOU,2007,5,0.5445185796274923,1.3733289,0.3995194637723705
2007_05_JAX_KC,2007,5,0.5153758979918858,0.4734531,0.547749245620371
2007_05_CLE_NE,2007,5,0.7898859284638395,9.898918,0.32416927406170354
2007_05_CAR_NO,2007,5,0.5499001977763287,1.540169,0.43660579405282407
2007_05_NYJ_NYG,2007,5,0.6811875444899845,5.784693,0.5737903658198958
2007_05_SEA_PIT,2007,5,0.6669855796873704,5.3005996,0.493522937319455
2007_05_ARI_STL,2007,5,0.38740293412453414,-3.5135667,0.49955929673107674
2007_05_ATL_TEN,2007,5,0.581006153185406,2.5111034,0.2986239207301973
2007_05_DET_WAS,2007,5,0.7209983603853094,7.194418,0.6026095501572548
2007_05_TB_IND,2007,5,0.8044112685094806,10.530888,0.5496010487424418
2007_05_SD_DEN,2007,5,0.5071135683571568,0.21899763,0.5395331402125602
2007_05_BAL_SF,2007,5,0.4451702322492712,-1.6932437,0.5744946655590621
2007_05_CHI_GB,2007,5,0.588333526042715,2.7418923,0.49161621700796404
2007_05_DAL_BUF,2007,5,0.3451771206006506,-4.8924947,0.6760187538476606
2007_06_STL_BAL,2007,6,0.8133752586179785,10.935172,0.5626031912398884
2007_06_MIN_CHI,2007,6,0.6796737156238748,5.732675,0.5399752322875865
2007_06_MIA_CLE,2007,6,0.6137504661874585,3.5505726,0.4854040055332316
2007_06_WAS_GB,2007,6,0.46051345170973124,-1.2175562,0.36564234809025464
2007_06_HOU_JAX,2007,6,0.7270144046883089,7.4154577,0.5297103216674529
2007_06_CIN_KC,2007,6,0.42988956823021907,-2.1695302,0.462066186276535
2007_06_PHI_NYJ,2007,6,0.28329223636790113,-7.0381904,0.4023045558078022
2007_06_TEN_TB,2007,6,0.531431278490048,0.9685923,0.49897974917664145
2007_06_CAR_ARI,2007,6,0.5982264198599423,3.0550468,0.40524473931168964
2007_06_NE_DAL,2007,6,0.5407091828744294,1.2553854,0.6947460472687734
2007_06_OAK_SD,2007,6,0.8484230144138624,12.645817,0.60108251594143
2007_06_NO_SEA,2007,6,0.7214448252099829,7.210741,0.5553927192813428
2007_06_NYG_ATL,2007,6,0.44366749219481266,-1.7399586,0.5889084723326712
2007_07_BAL_BUF,2007,7,0.41780521803894033,-2.548479,0.514663955976261
2007_07_TB_DET,2007,7,0.4747141480733038,-0.77892846,0.3947389080574029
2007_07_TEN_HOU,2007,7,0.5533849536508385,1.6483527,0.48857860907495443
2007_07_NE_MIA,2007,7,0.4096484196682343,-2.8056216,0.8493495164371729
2007_07_ATL_NO,2007,7,0.6001846701778084,3.1172638,0.3159673934441252
2007_07_SF_NYG,2007,7,0.7948986211726783,10.113978,0.519936242366099
2007_07_ARI_WAS,2007,7,0.7583937703153011,8.610867,0.48736145716091483
2007_07_NYJ_CIN,2007,7,0.6863681222278639,5.963501,0.498814363101446
2007_07_KC_OAK,2007,7,0.5257562248068955,0.79343826,0.49329033994279464
2007_07_MIN_DAL,2007,7,0.7558484282408846,8.510961,0.4679066195990093
2007_07_CHI_PHI,2007,7,0.739150870448332,7.868897,0.5764770056062845
2007_07_STL_SEA,2007,7,0.8580527759382022,13.160623,0.6326127342737919
2007_07_PIT_DEN,2007,7,0.31306465143387646,-5.9831553,0.43585782627972236
2007_07_IND_JAX,2007,7,0.4009699870378269,-3.0805688,0.4973828125458728
2007_08_IND_CAR,2007,8,0.19433743178065893,-10.586632,0.3851266097554846
2007_08_DET_CHI,2007,8,0.7545750911291595,8.461193,0.579417744919198
2007_08_PIT_CIN,2007,8,0.25680457884036495,-8.022392,0.37163513305178764
2007_08_NYG_MIA,2007,8,0.2873182834379041,-6.8926244,0.5998736070261845
2007_08_PHI_MIN,2007,8,0.42248183133487177,-2.4015586,0.39090003659561884
2007_08_CLE_STL,2007,8,0.3545428934930476,-4.581902,0.4487550479763569
2007_08_OAK_TEN,2007,8,0.8690269044264314,13.777029,0.7094654404154533
2007_08_BUF_NYJ,2007,8,0.5214401346644854,0.660337,0.4244553432259149
2007_08_HOU_SD,2007,8,0.8251014582762535,11.482664,0.5480462978175448
2007_08_JAX_TB,2007,8,0.41000704340484145,-2.794291,0.30414478665535427
2007_08_WAS_NE,2007,8,0.7853915315159219,9.708645,0.33328805375388604
2007_08_NO_SF,2007,8,0.4507390450447567,-1.520337,0.48310236678371105
2007_08_GB_DEN,2007,8,0.5136439552508634,0.42010114,0.41680657994271275
2007_09_SF_ATL,2007,9,0.7491002576984387,8.248769,0.6505002577553123
2007_09_CIN_BUF,2007,9,0.494068715514914,-0.18259701,0.5265330252281895
2007_09_DEN_DET,2007,9,0.4879765042972434,-0.37019062,0.3918810003492683
2007_09_GB_KC,2007,9,0.47375210731030115,-0.80860615,0.44146069305959734
2007_09_SD_MIN,2007,9,0.41249321058561206,-2.7158058,0.6363964629867347
2007_09_JAX_NO,2007,9,0.5095287517960939,0.2933636,0.3970067960399062
2007_09_WAS_NYJ,2007,9,0.4530961195934077,-1.4472445,0.5663727570468422
2007_09_ARI_TB,2007,9,0.7268411635179106,7.4090586,0.6248703557423755
2007_09_CAR_TEN,2007,9,0.6542866168894652,4.874628,0.49592747386534575
2007_09_SEA_CLE,2007,9,0.5891927720913483,2.769018,0.5572668885225602
2007_09_NE_IND,2007,9,0.5806237846974907,2.499085,0.7292736115949481
2007_09_HOU_OAK,2007,9,0.4974808240965434,-0.077551514,0.401064970166228
2007_09_DAL_PHI,2007,9,0.5582182491560761,1.7986155,0.6520016646508591
2007_09_BAL_PIT,2007,9,0.8135768463011804,10.9444,0.546812111717482
2007_10_ATL_CAR,2007,10,0.5982844465737556,3.0568893,0.4856090613040503
2007_10_MIN_GB,2007,10,0.6607793036564694,5.0916524,0.48673763126037145
2007_10_DEN_KC,2007,10,0.6647513473453389,5.225206,0.5718902891528483
2007_10_BUF_MIA,2007,10,0.4483019898522178,-1.5959663,0.48064815359548935
2007_10_STL_NO,2007,10,0.7873864669863764,9.792811,0.4770402898355186
2007_10_CLE_PIT,2007,10,0.7173071613046194,7.0599465,0.4053993995359876
2007_10_JAX_TEN,2007,10,0.5929097836109168,2.8865175,0.44773782952916724
2007_10_PHI_WAS,2007,10,0.41875666109529425,-2.5185597,0.32658883807615513
2007_10_CIN_BAL,2007,10,0.5631198505153522,1.9512774,0.4659745257859072
2007_10_DET_ARI,2007,10,0.5777973328818123,2.410319,0.5133263750743757
2007_10_DAL_NYG,2007,10,0.5109566289390354,0.33733428,0.5433564248199536
2007_10_CHI_OAK,2007,10,0.41554840842332247,-2.6195083,0.5285775147751718
2007_10_IND_SD,2007,10,0.3821015763125698,-3.6839259,0.4940255534641944
2007_10_SF_SEA,2007,10,0.8075110175138523,10.66938,0.5379289642693776
2007_11_TB_ATL,2007,11,0.4471187743679236,-1.6327068,0.5443237330785979
2007_11_CLE_BAL,2007,11,0.5516408072623176,1.5941904,0.5836474798233029
2007_11_ARI_CIN,2007,11,0.6705377041691403,5.4208794,0.5781338040285422
2007_11_NYG_DET,2007,11,0.4539265467574915,-1.4215055,0.5349889686291471
2007_11_CAR_GB,2007,11,0.7985771351657474,10.27379,0.5088931021381224
2007_11_NO_HOU,2007,11,0.36034703468982154,-4.3908954,0.33034636198266804
2007_11_KC_IND,2007,11,0.8030421522798306,10.470142,0.37140531471136917
2007_11_SD_JAX,2007,11,0.5243638447766342,0.75049007,0.4273332090119208
2007_11_OAK_MIN,2007,11,0.7188399267445156,7.1156816,0.5843300763226774
2007_11_MIA_PHI,2007,11,0.8487494109160367,12.662902,0.6016195017804206
2007_11_PIT_NYJ,2007,11,0.18694588723681121,-10.920485,0.45395948889468096
2007_11_WAS_DAL,2007,11,0.7587228315419382,8.623824,0.4232909164093452
2007_11_CHI_SEA,2007,11,0.7975302349054203,10.228132,0.6346814836004118
2007_11_STL_SF,2007,11,0.5919970256939644,2.85764,0.6833053839830199
2007_11_NE_BUF,2007,11,0.3223274757386842,-5.664068,0.7884042954976629
2007_11_TEN_DEN,2007,11,0.5179085909501008,0.5514882,0.4854337277013145
2007_12_GB_DET,2007,12,0.4231976536730703,-2.3791013,0.5363609190258047
2007_12_NYJ_DAL,2007,12,0.7551089414629157,8.482041,0.32660648800789105
2007_12_IND_ATL,2007,12,0.2186035595562183,-9.541446,0.6263977773860724
2007_12_NO_CAR,2007,12,0.46018319667984303,-1.2277734,0.5573700406206529
2007_12_TEN_CIN,2007,12,0.5759858726281498,2.3534958,0.5438782779457404
2007_12_HOU_CLE,2007,12,0.7316244015939793,7.5864735,0.6455956097809697
2007_12_BUF_JAX,2007,12,0.7539029225597587,8.434978,0.4654469967361126
2007_12_OAK_KC,2007,12,0.7053063453973047,6.628432,0.5847349206295165
2007_12_MIN_NYG,2007,12,0.7333632311281294,7.6513605,0.5211489570995672
2007_12_SEA_STL,2007,12,0.3887526556486521,-3.4703026,0.48472636784461165
2007_12_WAS_TB,2007,12,0.6555015637408057,4.915121,0.5458674408504928
2007_12_SF_ARI,2007,12,0.7614478802078499,8.7315,0.45886703437390947
2007_12_DEN_CHI,2007,12,0.6140226108666139,3.5593088,0.5825390503290269
2007_12_BAL_SD,2007,12,0.747633044035549,8.192261,0.4737802061874605
2007_12_PHI_NE,2007,12,0.7882931911118232,9.831219,0.12431124381741837
2007_12_MIA_PIT,2007,12,0.7554803609455313,8.496561,0.2982131975830326
2007_13_GB_DAL,2007,13,0.6978675081936974,6.3650374,0.47938298597562856
2007_13_SF_CAR,2007,13,0.6899657573619518,6.0884194,0.5992771143859745
2007_13_JAX_IND,2007,13,0.7327267156809503,7.6275835,0.5203776283765027
2007_13_SD_KC,2007,13,0.391681952285858,-3.3765538,0.5845766288490197
2007_13_NYJ_MIA,2007,13,0.62237171079928,3.8282268,0.5910668237495305
2007_13_DET_MIN,2007,13,0.6747800102667407,5.565215,0.5021184455045683
2007_13_SEA_PHI,2007,13,0.565612714419004,2.0290327,0.4684918106176467
2007_13_ATL_STL,2007,13,0.4714686683603653,-0.8790664,0.37605614839435936
2007_13_HOU_TEN,2007,13,0.6239119299343083,3.8780334,0.5122781432098179
2007_13_BUF_WAS,2007,13,0.7132297594742211,6.9123816,0.5133933379191321
2007_13_CLE_ARI,2007,13,0.5586348710597029,1.8115801,0.5263442881083513
2007_13_DEN_OAK,2007,13,0.4296843891366253,-2.175946,0.5429275518293261
2007_13_NYG_CHI,2007,13,0.4668291562132676,-1.0223198,0.49927496155030465
2007_13_TB_NO,2007,13,0.6312858112928026,4.1173873,0.4551817365791023
2007_13_CIN_PIT,2007,13,0.652591046212056,4.8182044,0.4294973395336166
2007_13_NE_BAL,2007,13,0.2543024256086559,-8.117982,0.8122114407355675
2007_14_CHI_WAS,2007,14,0.6037329267810109,3.2302039,0.5074775320730031
2007_14_MIA_BUF,2007,14,0.688802297326645,6.047953,0.469104543035172
2007_14_STL_CIN,2007,14,0.8722022675613137,13.961986,0.6265035936053386
2007_14_DAL_DET,2007,14,0.29057411771796227,-6.775611,0.6035504525294185
2007_14_OAK_GB,2007,14,0.8327848268925504,11.854115,0.5438982540072502
2007_14_TB_HOU,2007,14,0.5144005647096004,0.44340724,0.610407602520282
2007_14_CAR_JAX,2007,14,0.8046826563105235,10.542959,0.48515685863578006
2007_14_NYG_PHI,2007,14,0.6066892979343861,3.3245127,0.5105402834552041
2007_14_SD_TEN,2007,14,0.3958772721283061,-3.2426274,0.4275530745984433
2007_14_ARI_SEA,2007,14,0.7644104921779163,8.849329,0.5437437387869652
2007_14_MIN_SF,2007,14,0.2950048014537931,-6.6173544,0.5286473014312503
2007_14_KC_DEN,2007,14,0.6815853079528277,5.798378,0.4449006595868643
2007_14_PIT_NE,2007,14,0.7584876373603011,8.614562,0.4229956464922935
2007_14_CLE_NYJ,2007,14,0.4478388948392168,-1.6103444,0.5450455927449168
2007_14_IND_BAL,2007,14,0.26524137233174766,-7.703587,0.5258526523447327
2007_14_NO_ATL,2007,14,0.29474790370332904,-6.6265,0.4153264081404563
2007_15_DEN_HOU,2007,15,0.5071864335122244,0.2212411,0.5876790767649023
2007_15_CIN_SF,2007,15,0.3260215472118375,-5.537885,0.6109917531908603
2007_15_SEA_CAR,2007,15,0.3410395567375387,-5.030698,0.5636979574829035
2007_15_BUF_CLE,2007,15,0.5904636553946769,2.809163,0.4452476784157822
2007_15_TEN_KC,2007,15,0.4423965920811191,-1.7794862,0.5557070967990128
2007_15_BAL_MIA,2007,15,0.4411817438641426,-1.8172874,0.5383600732705333
2007_15_NYJ_NE,2007,15,0.818478743362159,11.170722,0.22373425037684364
2007_15_ARI_NO,2007,15,0.7884218233360595,9.836676,0.6826973464316402
2007_15_JAX_PIT,2007,15,0.5217467702464207,0.6697904,0.408870453134065
2007_15_GB_STL,2007,15,0.3096704684202137,-6.1010857,0.5291743884592384
2007_15_ATL_TB,2007,15,0.8099012418656997,10.777105,0.42818356804186253
2007_15_IND_OAK,2007,15,0.24410195643835758,-8.512903,0.5320304795307358
2007_15_PHI_DAL,2007,15,0.6811066151726594,5.7819095,0.3656259859360012
2007_15_DET_SD,2007,15,0.8387196969074434,12.148629,0.5853760464559115
2007_15_WAS_NYG,2007,15,0.6707762192437337,5.428974,0.4814574094404353
2007_15_CHI_MIN,2007,15,0.7878427908579808,9.812129,0.4776667945475824
2007_16_PIT_STL,2007,16,0.2894497331703511,-6.815951,0.5705747171804135
2007_16_DAL_CAR,2007,16,0.2453752106684549,-8.463133,0.5658637431926182
2007_16_NYG_BUF,2007,16,0.4546099783484359,-1.4003272,0.48699802575561246
2007_16_GB_CHI,2007,16,0.3101655922768708,-6.0838475,0.5938459548655775
2007_16_CLE_CIN,2007,16,0.47931465231473575,-0.637069,0.5117877786862155
2007_16_KC_DET,2007,16,0.6302996854247207,4.085289,0.4380533544275609
2007_16_HOU_IND,2007,16,0.814175104030529,10.971822,0.6421161081782646
2007_16_OAK_JAX,2007,16,0.8399030067114195,12.20819,0.44200046969016377
2007_16_PHI_NO,2007,16,0.47037286793904975,-0.9128897,0.3750113459375535
2007_16_ATL_ARI,2007,16,0.7315705621611026,7.584468,0.39046327079848986
2007_16_TB_SF,2007,16,0.41536372083486617,-2.625325,0.6238081352290396
2007_16_MIA_NE,2007,16,0.8362062631325744,12.023058,0.20828720492854153
2007_16_BAL_SEA,2007,16,0.8380532042209609,12.115208,0.4875024048162807
2007_16_NYJ_TEN,2007,16,0.545995063276121,1.4190761,0.2685245747511715
2007_16_WAS_MIN,2007,16,0.6001299387256154,3.1155238,0.40715472395272195
2007_16_DEN_SD,2007,16,0.654625119621689,4.885905,0.368815287616971
2007_17_NE_NYG,2007,17,0.30945037702632544,-6.108752,0.7126435332251159
2007_17_SEA_ATL,2007,17,0.29198846252320987,-6.724972,0.35021735420501077
2007_17_NO_CHI,2007,17,0.47854224102729775,-0.6608803,0.44621177328894945
2007_17_SF_CLE,2007,17,0.8284235027915281,11.64196,0.5046113476115015
2007_17_DET_GB,2007,17,0.8347507321850794,11.950911,0.754311571468725
2007_17_JAX_HOU,2007,17,0.434265801689525,-2.032824,0.23101653608253275
2007_17_CIN_MIA,2007,17,0.2897568649160863,-6.8049245,0.31822448296258077
2007_17_BUF_PHI,2007,17,0.7876820906379319,9.805324,0.5099171467703811
2007_17_CAR_TB,2007,17,0.7989667046549377,10.290817,0.8604210398994687
2007_17_STL_ARI,2007,17,0.5780335043355675,2.4177313,0.385262429973683
2007_17_PIT_BAL,2007,17,0.30961189260106037,-6.1031256,0.4002601087139354
2007_17_MIN_DEN,2007,17,0.4490203338598343,-1.5736678,0.546229196650242
2007_17_KC_NYJ,2007,17,0.7623080596149581,8.765628,0.6510083261752903
2007_17_SD_OAK,2007,17,0.24634462396035706,-8.425332,0.5186607717600789
2007_17_DAL_WAS,2007,17,0.3982537041426707,-3.1669369,0.16091597463533025
2007_17_TEN_IND,2007,17,0.7494221130573142,8.2611885,0.8409511726098053
2007_18_WAS_SEA,2007,18,0.6693338171565382,5.3800564,0.5768327969677376
2007_18_JAX_PIT,2007,18,0.6647393354886051,5.224801,0.7353243785810993
2007_18_NYG_TB,2007,18,0.5544760786266025,1.6822524,0.45727612484912394
2007_18_TEN_SD,2007,18,0.7817074632950809,9.554399,0.46931329250120607
2007_19_SEA_GB,2007,19,0.6200066911846523,3.7518706,0.3345687097060115
2007_19_JAX_NE,2007,19,0.773524433165927,9.217052,0.3636416446964491
2007_19_SD_IND,2007,19,0.6728074788936786,5.498009,0.3418974425049409
2007_19_NYG_DAL,2007,19,0.6317540475208234,4.132638,0.4076956264265852
2007_20_SD_NE,2007,20,0.8182005803387656,11.157778,0.40849050274289556
2007_20_NYG_GB,2007,20,0.5963003013734427,2.993927,0.35684316737765653
2007_21_NYG_NE,2007,21,0.8180812140575133,11.152227,0.45630651549738516
2008_01_WAS_NYG,2008,1,0.5572524867410914,1.7846712,0.4132850702201978
2008_01_DET_ATL,2008,1,0.5203683074848653,0.63300717,0.615296616598689
2008_01_CIN_BAL,2008,1,0.34380700503248923,-4.9831476,0.404888724491845
2008_01_SEA_BUF,2008,1,0.5577104813676691,1.7990481,0.5257043848172299
2008_01_NYJ_MIA,2008,1,0.48628625782967755,-0.42609495,0.5822648604551908
2008_01_KC_NE,2008,1,0.8838496158472626,14.802806,0.4615209236239861
2008_01_TB_NO,2008,1,0.5491411521528834,1.530428,0.45280357185148945
2008_01_STL_PHI,2008,1,0.8621514169666669,13.508772,0.6716624279914895
2008_01_HOU_PIT,2008,1,0.7422090315537972,8.057538,0.5500071027507846
2008_01_JAX_TEN,2008,1,0.4792997348602899,-0.64333296,0.5754088303191722
2008_01_DAL_CLE,2008,1,0.5448281506223754,1.3955092,0.7246631786663056
2008_01_CAR_SD,2008,1,0.8715333200488702,14.049513,0.6432295447610183
2008_01_ARI_SF,2008,1,0.4385822705616274,-1.9155129,0.5188082794216701
2008_01_CHI_IND,2008,1,0.8421972863135336,12.436698,0.5779373765910456
2008_01_MIN_GB,2008,1,0.5884028268653952,2.769062,0.5086607090273723
2008_01_DEN_OAK,2008,1,0.520776263412867,0.645697,0.6156878757896808
2008_02_CHI_CAR,2008,2,0.5407040320156594,1.2666538,0.44438315794302286
2008_02_TEN_CIN,2008,2,0.529246319979664,0.9093387,0.4970815440770921
2008_02_GB_DET,2008,2,0.3150683926087354,-5.967634,0.405373930176885
2008_02_BUF_JAX,2008,2,0.6283126960704344,4.0573025,0.5018446202145728
2008_02_OAK_KC,2008,2,0.6719548410024667,5.5188007,0.5647010358336102
2008_02_IND_MIN,2008,2,0.401540973408135,-3.0903137,0.4330283099851914
2008_02_NYG_STL,2008,2,0.2265476120472646,-9.297999,0.458292306265031
2008_02_NO_WAS,2008,2,0.5736624805722099,2.301451,0.5418181945285245
2008_02_SF_SEA,2008,2,0.7510126999205403,8.398459,0.5608752178942813
2008_02_ATL_TB,2008,2,0.6300603615524165,4.1146255,0.4079491387803939
2008_02_MIA_ARI,2008,2,0.7189463100185531,7.184373,0.5220194895542387
2008_02_SD_DEN,2008,2,0.47720548726016615,-0.7084867,0.44517573423582274
2008_02_NE_NYJ,2008,2,0.2713887690800737,-7.542579,0.24531435342612212
2008_02_PIT_CLE,2008,2,0.3694356005300736,-4.131174,0.5757931878688979
2008_02_PHI_DAL,2008,2,0.5554386647562694,1.727757,0.35009017176411844
2008_03_KC_ATL,2008,3,0.6496180122527604,4.7624817,0.4442501644732011
2008_03_OAK_BUF,2008,3,0.8079692552427866,10.787292,0.5253267038191441
2008_03_TB_CHI,2008,3,0.5811813965991505,2.5395238,0.48518019939462337
2008_03_CAR_MIN,2008,3,0.6166727578857698,3.677657,0.5218036202300104
2008_03_MIA_NE,2008,3,0.8259306653541862,11.627144,0.4719250585163149
2008_03_CIN_NYG,2008,3,0.8058171947848353,10.6899805,0.4260664209509045
2008_03_HOU_TEN,2008,3,0.6732788188181189,5.564254,0.5181576483454731
2008_03_ARI_WAS,2008,3,0.5968198406941041,3.0378127,0.5012172289106803
2008_03_NO_DEN,2008,3,0.5528770891637778,1.6474415,0.37795095213948077
2008_03_STL_SEA,2008,3,0.8635028813620331,13.585075,0.6738845964553893
2008_03_DET_SF,2008,3,0.6152577562821231,3.631747,0.4560438188101777
2008_03_CLE_BAL,2008,3,0.5224816394225404,0.69875175,0.44221943623219706
2008_03_JAX_IND,2008,3,0.5788343873804279,2.4651134,0.4507164172967629
2008_03_PIT_PHI,2008,3,0.5184618655583699,0.57371414,0.4066678706115267
2008_03_DAL_GB,2008,3,0.459602391293086,-1.2570853,0.5559218459982032
2008_03_NYJ_SD,2008,3,0.7317210631470098,7.6591754,0.4890298812835448
2008_04_ATL_CAR,2008,4,0.5382590815661805,1.1903282,0.31961052162855075
2008_04_CLE_CIN,2008,4,0.5865278529950672,2.7093766,0.5548526414232585
2008_04_HOU_JAX,2008,4,0.7366025111876747,7.843578,0.5431666029971463
2008_04_DEN_KC,2008,4,0.2982213622550114,-6.562355,0.5779672776419056
2008_04_SF_NO,2008,4,0.7306203874661065,7.617831,0.6148285502168178
2008_04_ARI_NYJ,2008,4,0.5329046291309553,1.0233288,0.4846592360077495
2008_04_GB_TB,2008,4,0.5178897800581672,0.5559241,0.45361866557936753
2008_04_MIN_TEN,2008,4,0.600261111317936,3.1480963,0.5047672625467515
2008_04_SD_OAK,2008,4,0.2758257340673008,-7.3773694,0.5200347034057341
2008_04_BUF_STL,2008,4,0.37351589999564844,-3.9974182,0.6418162523152658
2008_04_WAS_DAL,2008,4,0.7214721635939072,7.277397,0.41305647980900956
2008_04_PHI_CHI,2008,4,0.476283243207151,-0.7371845,0.5724396752495108
2008_04_BAL_PIT,2008,4,0.7403883250949611,7.9877944,0.5637158653454217
2008_05_TEN_BAL,2008,5,0.456296583242926,-1.3603532,0.48840148584362336
2008_05_KC_CAR,2008,5,0.7898863065032073,9.989056,0.49964768940750365
2008_05_CHI_DET,2008,5,0.41332978429368983,-2.713906,0.525288230169052
2008_05_ATL_GB,2008,5,0.6740721113729145,5.5915236,0.5190345390636767
2008_05_IND_HOU,2008,5,0.38379035695502123,-3.6626256,0.5108590961681313
2008_05_SD_MIA,2008,5,0.4781810380740937,-0.6781342,0.6661936151755952
2008_05_SEA_NYG,2008,5,0.7074678316563292,6.7665834,0.508580938937361
2008_05_WAS_PHI,2008,5,0.6488748329745666,4.7376356,0.4434582774076392
2008_05_TB_DEN,2008,5,0.503205235432121,0.09957022,0.3918947462316804
2008_05_BUF_ARI,2008,5,0.5626502653729839,1.9542707,0.5306886463307602
2008_05_CIN_DAL,2008,5,0.8505447701165082,12.873465,0.4004110669151446
2008_05_NE_SF,2008,5,0.33400577449742697,-5.3150744,0.4259065053098532
2008_05_PIT_JAX,2008,5,0.5755082943648977,2.3598132,0.3999854388729736
2008_05_MIN_NO,2008,5,0.5960372242773135,3.012766,0.5004109471392584
2008_06_CHI_ATL,2008,6,0.5562175529894803,1.7521924,0.6493103146227047
2008_06_MIA_HOU,2008,6,0.5709128564296904,2.2146053,0.47473423524277675
2008_06_BAL_IND,2008,6,0.7689617347394775,9.114175,0.660075009033664
2008_06_DET_MIN,2008,6,0.8003776760531733,10.446903,0.418390801619998
2008_06_OAK_NO,2008,6,0.8083659538552569,10.805302,0.620598702724533
2008_06_CIN_NYJ,2008,6,0.7157090927435961,7.0657377,0.4221395310954994
2008_06_CAR_TB,2008,6,0.5151059901079419,0.46937275,0.4829237698517827
2008_06_STL_WAS,2008,6,0.807544928407986,10.768052,0.4604075226725211
2008_06_JAX_DEN,2008,6,0.6386896608796568,4.3989854,0.5289139227308627
2008_06_DAL_ARI,2008,6,0.4044586455714838,-2.9969025,0.5482679176179308
2008_06_GB_SEA,2008,6,0.4728912143090786,-0.84277093,0.4408971461823795
2008_06_PHI_SF,2008,6,0.40325209165057097,-3.03551,0.5470339750943677
2008_06_NE_SD,2008,6,0.4887075494235211,-0.35084158,0.30416605156558474
2008_06_NYG_CLE,2008,6,0.2835886609951496,-7.0914173,0.5611972745344663
2008_07_SD_BUF,2008,7,0.5190006293609638,0.59046906,0.5510586711168932
2008_07_NO_CAR,2008,7,0.4447821613560178,-1.7208304,0.3516281518491424
2008_07_MIN_CHI,2008,7,0.6730721664582785,5.557154,0.5817370638164936
2008_07_PIT_CIN,2008,7,0.2510516589898835,-8.317954,0.5219446958415562
2008_07_TEN_KC,2008,7,0.21153169809041844,-9.92822,0.4701475449044715
2008_07_BAL_MIA,2008,7,0.5877361157139442,2.7478316,0.4918829942166546
2008_07_SF_NYG,2008,7,0.8768874038104659,14.370461,0.6378271550014828
2008_07_DAL_STL,2008,7,0.31294943065564285,-6.041657,0.5943354046655919
2008_07_DET_HOU,2008,7,0.788063527409511,9.910897,0.4649857152190836
2008_07_IND_GB,2008,7,0.4406766961096294,-1.8496954,0.4726688271920857
2008_07_NYJ_OAK,2008,7,0.35846730825462153,-4.4931736,0.4520492185399211
2008_07_CLE_WAS,2008,7,0.7036791608089972,6.6303787,0.4881032671062879
2008_07_SEA_TB,2008,7,0.7996175769402288,10.413257,0.49720766320395887
2008_07_DEN_NE,2008,7,0.6759340885525894,5.6556377,0.584838001631684
2008_08_OAK_BAL,2008,8,0.8435189295698112,12.504816,0.6113376408829271
2008_08_ARI_CAR,2008,8,0.602492532838493,3.2197402,0.4428880580824308
2008_08_TB_DAL,2008,8,0.4264154908583583,-2.2989867,0.3950431638214731
2008_08_WAS_DET,2008,8,0.24352178854186846,-8.613337,0.44821132412025827
2008_08_BUF_MIA,2008,8,0.48724632917192856,-0.39625436,0.4551480149176437
2008_08_STL_NE,2008,8,0.7863120111721882,9.836164,0.5268966031084293
2008_08_SD_NO,2008,8,0.4753290208380778,-0.76688164,0.571499292481082
2008_08_KC_NYJ,2008,8,0.8437039726832525,12.514383,0.4522907331063516
2008_08_ATL_PHI,2008,8,0.7648522490758703,8.947694,0.4822265683925743
2008_08_CIN_HOU,2008,8,0.7226820845793867,7.322103,0.44615130069848274
2008_08_CLE_JAX,2008,8,0.7699251874499691,9.153444,0.5689743582863707
2008_08_NYG_PIT,2008,8,0.5638930265168746,1.9933692,0.4676310962833378
2008_08_SEA_SF,2008,8,0.6026297634534223,3.2241497,0.4430285527011531
2008_08_IND_TEN,2008,8,0.540160374145244,1.249678,0.412185661520222
2008_09_NYJ_BUF,2008,9,0.5516433656171151,1.6087842,0.3921804251632875
2008_09_DET_CHI,2008,9,0.8338198876492224,12.0133705,0.4843389109603201
2008_09_JAX_CIN,2008,9,0.43040027757882154,-2.1731691,0.6515401069125357
2008_09_BAL_CLE,2008,9,0.6221416437979579,3.8555775,0.5911170500516348
2008_09_TB_KC,2008,9,0.258375966785176,-8.035101,0.5470470536362437
2008_09_HOU_MIN,2008,9,0.49655097445465685,-0.107143715,0.2969693763168638
2008_09_ARI_STL,2008,9,0.270095295017293,-7.5909934,0.35552293411673075
2008_09_GB_TEN,2008,9,0.6112823815889104,3.5030293,0.5000975178399603
2008_09_MIA_DEN,2008,9,0.6591785769812387,5.083868,0.5348464200490678
2008_09_DAL_NYG,2008,9,0.7294331976781914,7.5733314,0.4382274479106718
2008_09_ATL_OAK,2008,9,0.44137723078689345,-1.8276929,0.5376815914629938
2008_09_PHI_SEA,2008,9,0.37714948095826684,-3.878697,0.5994257658391996
2008_09_NE_IND,2008,9,0.5999149312352988,3.1369908,0.39305532983989244
2008_09_PIT_WAS,2008,9,0.41454010092741594,-2.6754088,0.3833964953342314
2008_10_DEN_CLE,2008,10,0.6358981499147447,4.306751,0.5419878588941586
2008_10_NO_ATL,2008,10,0.40028540047097527,-3.1305654,0.3694541355250379
2008_10_TEN_CHI,2008,10,0.4464123538851962,-1.6697131,0.47845171984437307
2008_10_JAX_DET,2008,10,0.33674174317198635,-5.2220445,0.5089469300760208
2008_10_BAL_HOU,2008,10,0.6697474576774287,5.443184,0.5938610546108807
2008_10_SEA_MIA,2008,10,0.659306360804837,5.0881863,0.3761347974895607
2008_10_GB_MIN,2008,10,0.42556902082950376,-2.3257437,0.3484923350491961
2008_10_BUF_NE,2008,10,0.7631979708906627,8.881132,0.6679316245539686
2008_10_STL_NYJ,2008,10,0.8244743778393195,11.557078,0.5659166841269809
2008_10_CAR_OAK,2008,10,0.3231500663117829,-5.6872287,0.6360805858499213
2008_10_IND_PIT,2008,10,0.626703876985267,4.0046105,0.5162394552356974
2008_10_KC_SD,2008,10,0.8636735201194696,13.594746,0.4708848062444654
2008_10_NYG_PHI,2008,10,0.42906607002564634,-2.2152705,0.3369413052338852
2008_10_SF_ARI,2008,10,0.853707735780207,13.0432005,0.6125243165078137
2008_11_NYJ_NE,2008,11,0.5441363163380143,1.3738831,0.44780341145377284
2008_11_DEN_ATL,2008,11,0.6745292815048174,5.6072516,0.4712863299018284
2008_11_DET_CAR,2008,11,0.7718931648819041,9.233943,0.3502750934440025
2008_11_PHI_CIN,2008,11,0.3098305835021306,-6.151004,0.6065098156715654
2008_11_CHI_GB,2008,11,0.6847908280751214,5.9627237,0.5787589644700665
2008_11_HOU_IND,2008,11,0.7596131075837076,8.737761,0.49155886672113736
2008_11_NO_KC,2008,11,0.19262102520749963,-10.760534,0.3504402173204185
2008_11_OAK_MIA,2008,11,0.9065146011270893,16.353664,0.6959136317109662
2008_11_BAL_NYG,2008,11,0.7036614377428296,6.629743,0.4880828148192821
2008_11_MIN_TB,2008,11,0.7471379772362766,8.2476425,0.618826803612559
2008_11_ARI_SEA,2008,11,0.41327518244048134,-2.7156434,0.5091529339546516
2008_11_STL_SF,2008,11,0.7391561961166481,7.9407396,0.530254337615102
2008_11_TEN_JAX,2008,11,0.5156655393520451,0.48676783,0.5477460579367838
2008_11_SD_PIT,2008,11,0.7183182027633909,7.161303,0.5850162254950254
2008_11_DAL_WAS,2008,11,0.5260194060865778,0.8088547,0.5580228397260657
2008_11_CLE_BUF,2008,11,0.46940986422572645,-0.95120144,0.33001821749794075
2008_12_CIN_PIT,2008,12,0.7631487276792813,8.879154,0.41625689431362595
2008_12_PHI_BAL,2008,12,0.40388684046105056,-3.0151956,0.37297275541319425
2008_12_HOU_CLE,2008,12,0.6030505484762221,3.237673,0.5076504756685366
2008_12_SF_DAL,2008,12,0.8312342722249816,11.885517,0.5763207009788696
2008_12_TB_DET,2008,12,0.24768391589924837,-8.4494705,0.5177162945101064
2008_12_MIN_JAX,2008,12,0.6614588826568972,5.1610217,0.631472932247718
2008_12_BUF_KC,2008,12,0.3671999503890206,-4.204664,0.4612815786928591
2008_12_NE_MIA,2008,12,0.37731547137880384,-3.873282,0.40832804598007044
2008_12_CHI_STL,2008,12,0.3825474998154933,-3.7029772,0.6048958170446288
2008_12_NYJ_TEN,2008,12,0.5672021421001214,2.0975754,0.3918329053363616
2008_12_OAK_DEN,2008,12,0.7776915304445902,9.473425,0.5152363386992379
2008_12_NYG_ARI,2008,12,0.4733187670200413,-0.829459,0.5695164074682657
2008_12_CAR_ATL,2008,12,0.4413753843402881,-1.8277509,0.40975547403740276
2008_12_WAS_SEA,2008,12,0.5036307624569103,0.112789504,0.5991602378934116
2008_12_IND_SD,2008,12,0.506141037900675,0.19077602,0.41033664961010874
2008_12_GB_NO,2008,12,0.48486088158954005,-0.4704026,0.45277701979097373
2008_13_TEN_DET,2008,13,0.27606336330209047,-7.3685584,0.615248337836399
2008_13_SEA_DAL,2008,13,0.7293128590762299,7.5688267,0.37554202393892344
2008_13_ARI_PHI,2008,13,0.6604334894065921,5.126303,0.5681135859934208
2008_13_SF_BUF,2008,13,0.7415790908561996,8.033379,0.5492354092074648
2008_13_BAL_CIN,2008,13,0.42769460945868426,-2.258574,0.6489882464001107
2008_13_IND_CLE,2008,13,0.38373738926294454,-3.6643443,0.5108037878893366
2008_13_CAR_GB,2008,13,0.6283102957689779,4.057224,0.5339919086768156
2008_13_MIA_STL,2008,13,0.3206462271644165,-5.7737856,0.5394088157284064
2008_13_NO_TB,2008,13,0.5833753341905878,2.609164,0.47134773144892883
2008_13_NYG_WAS,2008,13,0.24911266266291332,-8.39356,0.3464707981638089
2008_13_ATL_SD,2008,13,0.6211230397047368,3.8223798,0.4144705543599722
2008_13_PIT_NE,2008,13,0.6254380678653195,3.9632034,0.5944874640230443
2008_13_DEN_NYJ,2008,13,0.8320870357929302,11.927544,0.6395524982950096
2008_13_KC_OAK,2008,13,0.5746881748199499,2.3338757,0.4785670792789596
2008_13_CHI_MIN,2008,13,0.5644255986742518,2.0101306,0.40467853740890014
2008_13_JAX_HOU,2008,13,0.5497635703304149,1.549913,0.45342647762932686
2008_14_OAK_SD,2008,14,0.8391370095213035,12.280395,0.5887586027169059
2008_14_JAX_CHI,2008,14,0.6396743905382483,4.43158,0.43372324125458506
2008_14_MIN_DET,2008,14,0.3127341256399918,-6.0491905,0.6402549103873353
2008_14_HOU_GB,2008,14,0.666972397016152,5.3484073,0.446990456444274
2008_14_CIN_IND,2008,14,0.7972819906729771,10.310346,0.39844411748949754
2008_14_ATL_NO,2008,14,0.6223021810424858,3.860812,0.5276881736129108
2008_14_PHI_NYG,2008,14,0.7120574772831076,6.9326873,0.5139258282854301
2008_14_CLE_TEN,2008,14,0.7918426526298741,10.073385,0.37568157674484276
2008_14_MIA_BUF,2008,14,0.5373365215569489,1.16154,0.5051999958361285
2008_14_KC_DEN,2008,14,0.7475476427492325,8.26353,0.4763061975221961
2008_14_NE_SEA,2008,14,0.30922532320069757,-6.17228,0.5426590832460132
2008_14_NYJ_SF,2008,14,0.33537826144572547,-5.268369,0.45924103353069656
2008_14_STL_ARI,2008,14,0.8430967578182964,12.483016,0.45128836903211283
2008_14_DAL_PIT,2008,14,0.5794662023964094,2.4851358,0.4513560983596856
2008_14_WAS_BAL,2008,14,0.6149528869333345,3.621862,0.42391249171355716
2008_14_TB_CAR,2008,14,0.3877770018453791,-3.5334506,0.2990306098277323
2008_15_NO_CHI,2008,15,0.3268254252935174,-5.5606723,0.24485531105847796
2008_15_TB_ATL,2008,15,0.572433425702349,2.262618,0.39695851062175275
2008_15_WAS_CIN,2008,15,0.43214202892977205,-2.1182454,0.638168721557786
2008_15_TEN_HOU,2008,15,0.4181698257619718,-2.560109,0.5141575830621732
2008_15_DET_IND,2008,15,0.8394078625568457,12.294149,0.36716390134122906
2008_15_GB_JAX,2008,15,0.4303087872176771,-2.1760554,0.5104269281129358
2008_15_SD_KC,2008,15,0.42009321629321605,-2.4991019,0.6112164572173124
2008_15_SF_MIA,2008,15,0.6960133988890035,6.357199,0.5275721542226285
2008_15_BUF_NYJ,2008,15,0.771615042406332,9.222543,0.5071635000166569
2008_15_SEA_STL,2008,15,0.5093113432934148,0.28927884,0.5414284954410324
2008_15_MIN_ARI,2008,15,0.6601898214809376,5.1180587,0.5359427181234435
2008_15_PIT_BAL,2008,15,0.44301914474833903,-1.7761456,0.34997352888271194
2008_15_DEN_CAR,2008,15,0.705553645640218,6.697666,0.49026852205107496
2008_15_NE_OAK,2008,15,0.2775409698477434,-7.3138537,0.4738200130583252
2008_15_NYG_DAL,2008,15,0.48997527458428963,-0.31144622,0.39465609181659456
2008_15_CLE_PHI,2008,15,0.8353719925379859,12.090736,0.39162090834715046
2008_16_IND_JAX,2008,16,0.29018122420692705,-6.851513,0.45657946511069913
2008_16_BAL_DAL,2008,16,0.5638416724977412,1.9917532,0.4041040202306431
2008_16_CIN_CLE,2008,16,0.6823687326138514,5.878387,0.6530772767344211
2008_16_NO_DET,2008,16,0.2309297575062848,-9.118593,0.4321309930644416
2008_16_MIA_KC,2008,16,0.36251305235550313,-4.3592167,0.47236305593637035
2008_16_ARI_NE,2008,16,0.7507758589402944,8.389205,0.4803458247029207
2008_16_SF_STL,2008,16,0.4422404657882976,-1.800588,0.5545348902514267
2008_16_SD_TB,2008,16,0.6332362350155805,4.21902,0.49095573033520923
2008_16_PIT_TEN,2008,16,0.5432696320269882,1.3467973,0.621872325822668
2008_16_BUF_DEN,2008,16,0.6444787483713763,4.591049,0.4387910150770826
2008_16_HOU_OAK,2008,16,0.29590391047775033,-6.645328,0.5114157039968038
2008_16_NYJ_SEA,2008,16,0.31813842333449566,-5.8607626,0.4244616959096308
2008_16_ATL_MIN,2008,16,0.5153033207915496,0.4755072,0.4192924732472037
2008_16_PHI_WAS,2008,16,0.23019412289174984,-9.148576,0.3537937176975775
2008_16_CAR_NYG,2008,16,0.6515947814327604,4.8286633,0.5266556781076732
2008_16_GB_CHI,2008,16,0.5660269549993167,2.0605514,0.43782102223612185
2008_17_STL_ATL,2008,17,0.8676694015082804,13.82362,0.494322329361688
2008_17_NE_BUF,2008,17,0.3275200461071,-5.536819,0.4988147601116989
2008_17_KC_CIN,2008,17,0.6052670905765788,3.3089733,0.5580266175519873
2008_17_DET_GB,2008,17,0.8052627105671397,10.665014,0.489217770810831
2008_17_CHI_HOU,2008,17,0.5514682371520961,1.6032982,0.4551337021235745
2008_17_TEN_IND,2008,17,0.5643326633512253,2.0072055,0.6569070192461719
2008_17_NYG_MIN,2008,17,0.4611945115434521,-1.2073817,0.25390173043285635
2008_17_CAR_NO,2008,17,0.5528624170289859,1.6469816,0.5845656556330633
2008_17_CLE_PIT,2008,17,0.8312998248965704,11.888742,0.5285850483480337
2008_17_OAK_TB,2008,17,0.8474370539793333,12.709015,0.55484110873784
2008_17_SEA_ARI,2008,17,0.6243831292558406,3.9287283,0.402135306780391
2008_17_JAX_BAL,2008,17,0.5781055169681824,2.4420233,0.2577795342031594
2008_17_MIA_NYJ,2008,17,0.643341527741732,4.553234,0.5657946232834058
2008_17_DAL_PHI,2008,17,0.5352908831096334,1.0977286,0.4549555511353666
2008_17_WAS_SF,2008,17,0.6102029417448711,3.4681444,0.5789300429429961
2008_17_DEN_SD,2008,17,0.7042262961656982,6.6499987,0.4887345874074786
2008_18_ATL_ARI,2008,18,0.48184490246975203,-0.5641745,0.4180417185072297
2008_18_IND_SD,2008,18,0.5695157568675178,2.1705205,0.6164529068047643
2008_18_BAL_MIA,2008,18,0.46668511583168454,-1.0361172,0.5787955463859052
2008_18_PHI_MIN,2008,18,0.40468031909634394,-2.9898124,0.5003279503284814
2008_19_BAL_TEN,2008,19,0.5524609087383967,1.6343993,0.4561286809456061
2008_19_ARI_CAR,2008,19,0.7351691685905135,7.7892528,0.4292093749870248
2008_19_PHI_NYG,2008,19,0.526851962998316,0.83477455,0.3992050823582214
2008_19_SD_PIT,2008,19,0.6709287690393158,5.483626,0.46731849115869767
2008_20_PHI_ARI,2008,20,0.4791895178712343,-0.6467614,0.5910437296803456
2008_20_BAL_PIT,2008,20,0.596636394918987,3.0319407,0.4053606325793271
2008_21_PIT_ARI,2008,21,0.49150714611220975,-0.2638465,0.6925886686184494
2009_01_TEN_PIT,2009,1,0.6153069929966836,3.6800327,0.4111222647524256
2009_01_MIA_ATL,2009,1,0.6096638344740242,3.4950743,0.48395645673127086
2009_01_KC_BAL,2009,1,0.7867389831594747,9.98098,0.4049647302390893
2009_01_PHI_CAR,2009,1,0.5273792644241111,0.8621309,0.5589670564638726
2009_01_DEN_CIN,2009,1,0.6545536718826045,4.99131,0.5156111439866861
2009_01_MIN_CLE,2009,1,0.48750124108152815,-0.39332184,0.6130717566141032
2009_01_NYJ_HOU,2009,1,0.5637383391527229,2.0140543,0.421503573680589
2009_01_JAX_IND,2009,1,0.7401255792061826,8.080266,0.5500926574729483
2009_01_DET_NO,2009,1,0.781670477333108,9.763701,0.3678721677332074
2009_01_DAL_TB,2009,1,0.5294073564881983,0.9261044,0.6672320666646894
2009_01_SF_ARI,2009,1,0.6825661608851215,5.960878,0.5305094311671829
2009_01_WAS_NYG,2009,1,0.7272183554754719,7.586828,0.5502995693990599
2009_01_STL_SEA,2009,1,0.7583568912143881,8.799437,0.5569955501692556
2009_01_CHI_GB,2009,1,0.6031308190158018,3.281891,0.44556400411948827
2009_01_BUF_NE,2009,1,0.782939510756135,9.817826,0.3846278311452864
2009_01_SD_OAK,2009,1,0.28808097692033263,-7.0166802,0.5939325926464488
2009_02_CAR_ATL,2009,2,0.6292254733943934,4.1397524,0.45685221362566797
2009_02_MIN_DET,2009,2,0.24704733226981046,-8.583336,0.5449299141989642
2009_02_CIN_GB,2009,2,0.7750229511544455,9.483088,0.5627665316217368
2009_02_ARI_JAX,2009,2,0.5938708447112869,2.9813213,0.49940634302035786
2009_02_OAK_KC,2009,2,0.5292157069385771,0.9200581,0.4815744729234542
2009_02_NE_NYJ,2009,2,0.474738063067859,-0.79536647,0.5852998312656463
2009_02_NO_PHI,2009,2,0.5860833723560026,2.729871,0.6615325839452088
2009_02_HOU_TEN,2009,2,0.7196243369602981,7.3019447,0.5095956738261502
2009_02_STL_WAS,2009,2,0.8580564719555899,13.451302,0.6083248677783083
2009_02_TB_BUF,2009,2,0.5407113206857928,1.283161,0.3988685863494591
2009_02_SEA_SF,2009,2,0.5514035547460647,1.6218486,0.5197559050922984
2009_02_PIT_CHI,2009,2,0.48537279348332796,-0.4603295,0.5171468676820946
2009_02_CLE_DEN,2009,2,0.704983619886487,6.762986,0.617830095347752
2009_02_BAL_SD,2009,2,0.5628213711605433,1.9848347,0.4677705092518546
2009_02_NYG_DAL,2009,2,0.519153622454098,0.60287595,0.42427365330931494
2009_02_IND_MIA,2009,2,0.4341488858297065,-2.0814207,0.5291688344455038
2009_03_CLE_BAL,2009,3,0.785046953371769,9.908115,0.38737948352287427
2009_03_WAS_DET,2009,3,0.29413120763676504,-6.7952104,0.49061830168943765
2009_03_JAX_HOU,2009,3,0.6261369369834631,4.037281,0.5011848878328
2009_03_SF_MIN,2009,3,0.692861272338922,6.326026,0.4785896173332456
2009_03_ATL_NE,2009,3,0.6783511401741575,5.81284,0.5416495652782184
2009_03_TEN_NYJ,2009,3,0.5922285857502716,2.928198,0.561043047178709
2009_03_KC_PHI,2009,3,0.7396181541580938,8.060635,0.5178125227822772
2009_03_GB_STL,2009,3,0.3402580089768633,-5.168486,0.5422397874279377
2009_03_NYG_TB,2009,3,0.40402760953571726,-3.0493796,0.5929219522854793
2009_03_NO_BUF,2009,3,0.41484353057361345,-2.700017,0.588258300799509
2009_03_CHI_SEA,2009,3,0.5019836902487858,0.062414534,0.5337260604754893
2009_03_PIT_CIN,2009,3,0.39819062467072225,-3.238887,0.508298258431934
2009_03_DEN_OAK,2009,3,0.4726590124262951,-0.86092377,0.5044201187223231
2009_03_MIA_SD,2009,3,0.7261600193111166,7.5468936,0.5647684924763677
2009_03_IND_ARI,2009,3,0.532855692750739,1.0349338,0.43779919449805565
2009_03_CAR_DAL,2009,3,0.7402529402647309,8.0851965,0.4709508519461804
2009_04_DET_CHI,2009,4,0.8157487580229457,11.287975,0.5566349815217015
2009_04_CIN_CLE,2009,4,0.3547624681502301,-4.675625,0.5420141659607397
2009_04_OAK_HOU,2009,4,0.7232669580918824,7.438116,0.45048701482253256
2009_04_SEA_IND,2009,4,0.8255091820950428,11.755978,0.555628094233965
2009_04_TEN_JAX,2009,4,0.47912688092119055,-0.65704596,0.5740350997871474
2009_04_NYG_KC,2009,4,0.20062844567045374,-10.536056,0.45130168148391636
2009_04_BAL_NE,2009,4,0.5627668245391465,1.9830968,0.5312134935812023
2009_04_TB_WAS,2009,4,0.7011258169550993,6.623063,0.4093576466686676
2009_04_BUF_MIA,2009,4,0.5215301182196802,0.67774683,0.48975907015305653
2009_04_NYJ_NO,2009,4,0.6673010464477571,5.4284873,0.43445950624296925
2009_04_DAL_DEN,2009,4,0.44904258582065243,-1.6076947,0.480693401943319
2009_04_STL_SF,2009,4,0.871037778967531,14.200445,0.6459732400582536
2009_04_SD_PIT,2009,4,0.6875504534945955,6.1370125,0.5202372481603397
2009_04_GB_MIN,2009,4,0.6311007464462774,4.2021046,0.49053298690166747
2009_05_CIN_BAL,2009,5,0.7679302114130162,9.188813,0.5060007550403224
2009_05_CLE_BUF,2009,5,0.721316921857408,7.3651104,0.5433014304488922
2009_05_WAS_CAR,2009,5,0.5448631679346742,1.4145507,0.38757582305455646
2009_05_PIT_DET,2009,5,0.22486407613285553,-9.487817,0.5479451641720255
2009_05_DAL_KC,2009,5,0.2438664280305634,-8.710219,0.4458124262141461
2009_05_OAK_NYG,2009,5,0.850312128175112,13.026343,0.42188660381460824
2009_05_TB_PHI,2009,5,0.7941801873816602,10.30551,0.33949902126475395
2009_05_MIN_STL,2009,5,0.1821304536534042,-11.388317,0.45596542221349107
2009_05_ATL_SF,2009,5,0.5464714870737388,1.4654884,0.5147910587512754
2009_05_HOU_ARI,2009,5,0.6741626987698275,5.666532,0.5052926717789444
2009_05_NE_DEN,2009,5,0.4178985888832846,-2.6017256,0.5126560869737798
2009_05_JAX_SEA,2009,5,0.480234527124518,-0.62215,0.44858694600687615
2009_05_IND_TEN,2009,5,0.3401153981726538,-5.1733704,0.43126815970178634
2009_05_NYJ_MIA,2009,5,0.550608838213519,1.5966375,0.642892629528637
2009_06_HOU_CIN,2009,6,0.6197662519642996,3.8267534,0.4944939406457263
2009_06_DET_GB,2009,6,0.8032959241127207,10.71272,0.3967036760181129
2009_06_STL_JAX,2009,6,0.8122053944575415,11.121917,0.551405702868162
2009_06_BAL_MIN,2009,6,0.5577793339216555,1.8243556,0.46268948068393867
2009_06_NYG_NO,2009,6,0.5421536696460735,1.328789,0.43133576968427234
2009_06_CLE_PIT,2009,6,0.8022743619429527,10.666529,0.39528577511574625
2009_06_CAR_TB,2009,6,0.44607288747506707,-1.7019483,0.541182090132874
2009_06_KC_WAS,2009,6,0.760711148150387,8.894395,0.5756411718670202
2009_06_PHI_OAK,2009,6,0.32586628249510535,-5.665522,0.7466500279478885
2009_06_ARI_SEA,2009,6,0.510280876229885,0.32351044,0.4155743433878977
2009_06_TEN_NE,2009,6,0.8595655267333036,13.535917,0.62609577525873
2009_06_BUF_NYJ,2009,6,0.6914054959239263,6.2740736,0.39858911998302
2009_06_CHI_ATL,2009,6,0.6885276095287134,6.1716843,0.5686790483984272
2009_06_DEN_SD,2009,6,0.6524708893114113,4.920466,0.5450499769679595
2009_07_GB_CLE,2009,7,0.2966778877498971,-6.702621,0.5881775703790241
2009_07_SF_HOU,2009,7,0.6243804721685605,3.9791253,0.531087651404599
2009_07_SD_KC,2009,7,0.37855481265151397,-3.8821294,0.5512781703483102
2009_07_MIN_PIT,2009,7,0.5681105170269455,2.1535287,0.3796356664408328
2009_07_IND_STL,2009,7,0.1736863881892225,-11.795279,0.5697132224975002
2009_07_NE_TB,2009,7,0.19881959684986267,-10.617224,0.6513609524120861
2009_07_BUF_CAR,2009,7,0.7349421975681325,7.8806477,0.5279663583955034
2009_07_NYJ_OAK,2009,7,0.3803928330981189,-3.8215103,0.5688921194893848
2009_07_CHI_CIN,2009,7,0.5251979693624135,0.7933498,0.5568040676880797
2009_07_ATL_DAL,2009,7,0.4930410397243811,-0.21896589,0.3243336808489199
2009_07_NO_MIA,2009,7,0.3603603071749817,-4.487363,0.547959487517102
2009_07_ARI_NYG,2009,7,0.7521700884605242,8.552254,0.48577246072153224
2009_07_PHI_WAS,2009,7,0.2649493703015676,-7.884803,0.5353973315330378
2009_08_DEN_BAL,2009,8,0.6952668229125059,6.4121118,0.5605377281204629
2009_08_HOU_BUF,2009,8,0.5347057725261466,1.0933537,0.6427950274351728
2009_08_CLE_CHI,2009,8,0.7886024420369583,10.061618,0.4543842792283788
2009_08_SEA_DAL,2009,8,0.7857678901080356,9.93912,0.49806509006351807
2009_08_STL_DET,2009,8,0.6062491934480252,3.383527,0.49629823555127983
2009_08_SF_IND,2009,8,0.8480364685062484,12.904279,0.49695775609226445
2009_08_MIA_NYJ,2009,8,0.6174848256447554,3.751625,0.5079967719020787
2009_08_NYG_PHI,2009,8,0.5386384191974407,1.2176154,0.5701167157521616
2009_08_OAK_SD,2009,8,0.8169465059529426,11.344556,0.35536105738704576
2009_08_JAX_TEN,2009,8,0.46117869957368024,-1.2233968,0.3682595870757114
2009_08_CAR_ARI,2009,8,0.7532002161293666,8.593179,0.45538094589055955
2009_08_MIN_GB,2009,8,0.4833086906381891,-0.52532405,0.37422398782517696
2009_08_ATL_NO,2009,8,0.7557357122530705,8.694301,0.4271288251331762
2009_09_WAS_ATL,2009,9,0.75691575883385,8.741556,0.4917865543065374
2009_09_ARI_CHI,2009,9,0.496115093439425,-0.12223555,0.4643798572169677
2009_09_BAL_CIN,2009,9,0.4738913883230707,-0.82206136,0.5688748675523738
2009_09_HOU_IND,2009,9,0.8283468402109433,11.895134,0.6368862771053214
2009_09_KC_JAX,2009,9,0.6760488766452426,5.732322,0.4597782445792506
2009_09_MIA_NE,2009,9,0.7791195054285505,9.655447,0.4731781191602256
2009_09_GB_TB,2009,9,0.3915978661197909,-3.4538262,0.6849840857435872
2009_09_CAR_NO,2009,9,0.7747671469675671,9.472384,0.4046993540630297
2009_09_DET_SEA,2009,9,0.881666532163428,14.853768,0.620585595563531
2009_09_SD_NYG,2009,9,0.6685083810484345,5.4702287,0.5149416113950057
2009_09_TEN_SF,2009,9,0.5878480300443112,2.7867508,0.44571702168057603
2009_09_DAL_PHI,2009,9,0.6673337570716469,5.4296174,0.5767401580411718
2009_09_PIT_DEN,2009,9,0.4385462801100118,-1.9412737,0.5336092566865938
2009_10_CHI_SF,2009,10,0.5885292624487388,2.808724,0.47804052563992405
2009_10_ATL_CAR,2009,10,0.4058294648275882,-2.9910214,0.4369844493867465
2009_10_TB_MIA,2009,10,0.7747451815449112,9.471466,0.4832067613059156
2009_10_DET_MIN,2009,10,0.8105436393554092,11.044706,0.3175924175207461
2009_10_JAX_NYJ,2009,10,0.7456593102616353,8.295658,0.5568766859252139
2009_10_CIN_PIT,2009,10,0.649275680738465,4.812086,0.44651488838994835
2009_10_NO_STL,2009,10,0.18211803820320144,-11.3889065,0.5823927953706911
2009_10_BUF_TEN,2009,10,0.5960649970221675,3.0523806,0.31781039326640387
2009_10_DEN_WAS,2009,10,0.5252476389137439,0.79491574,0.6338863122419224
2009_10_KC_OAK,2009,10,0.5351430048475001,1.1071637,0.5034059023696438
2009_10_SEA_ARI,2009,10,0.7109077316919422,6.9795113,0.4360597805798755
2009_10_DAL_GB,2009,10,0.4749816440292985,-0.7876873,0.5699507865835638
2009_10_PHI_SD,2009,10,0.52082177059067,0.6554281,0.48904997268058253
2009_10_NE_IND,2009,10,0.5558780873663628,1.763921,0.5242644434137187
2009_10_BAL_CLE,2009,10,0.2483369262811379,-8.532145,0.5622883742740725
2009_11_MIA_CAR,2009,11,0.5546406238856567,1.7246081,0.4437609426815406
2009_11_IND_BAL,2009,11,0.45399227315364543,-1.450798,0.4856755299251293
2009_11_WAS_DAL,2009,11,0.729847716061554,7.686376,0.39589484863004076
2009_11_CLE_DET,2009,11,0.5305144535311712,0.9610363,0.4198519431785975
2009_11_SF_GB,2009,11,0.7486429180513782,8.412808,0.576215770955794
2009_11_BUF_JAX,2009,11,0.6581503099558091,5.1140237,0.3784382619712579
2009_11_PIT_KC,2009,11,0.2574489824201497,-8.1743765,0.5734937325921448
2009_11_SEA_MIN,2009,11,0.8382665126614293,12.393529,0.559953864521087
2009_11_ATL_NYG,2009,11,0.6107791043874468,3.5315669,0.39115094201936407
2009_11_NO_TB,2009,11,0.20135877085903275,-10.503408,0.49989167105063725
2009_11_ARI_STL,2009,11,0.32703671775067555,-5.624777,0.621235922849411
2009_11_SD_DEN,2009,11,0.4273907203643772,-2.2973194,0.631118059586937
2009_11_NYJ_NE,2009,11,0.7359399783243127,7.918917,0.4185408399550066
2009_11_CIN_OAK,2009,11,0.31607981367980853,-6.008609,0.5941819605018136
2009_11_PHI_CHI,2009,11,0.4235076600599723,-2.421673,0.5342299632234353
2009_11_TEN_HOU,2009,11,0.6669016490168204,5.4146924,0.544867644985163
2009_12_GB_DET,2009,12,0.28926301690942263,-6.973242,0.6258193078319256
2009_12_OAK_DAL,2009,12,0.8130577798991705,11.161685,0.4261097995631833
2009_12_NYG_DEN,2009,12,0.4158382086560214,-2.6679971,0.5580198205182582
2009_12_TB_ATL,2009,12,0.8261587901280629,11.787705,0.49325304053832203
2009_12_MIA_BUF,2009,12,0.3280107373517985,-5.5909142,0.4338512918884608
2009_12_CLE_CIN,2009,12,0.8231304831297258,11.640431,0.48857352528024944
2009_12_IND_HOU,2009,12,0.31026936625912527,-6.214435,0.3989425208492192
2009_12_CAR_NYJ,2009,12,0.603672800619872,3.29954,0.493629125143045
2009_12_WAS_PHI,2009,12,0.7877868295514074,10.026273,0.5167214364218708
2009_12_SEA_STL,2009,12,0.6070969195067295,3.4111948,0.7090446386374009
2009_12_KC_SD,2009,12,0.8317656666772981,12.064757,0.4703030035988318
2009_12_JAX_SF,2009,12,0.5701171330607357,2.2176287,0.4751502700581492
2009_12_CHI_MIN,2009,12,0.8087618740616163,10.962381,0.530557075307278
2009_12_ARI_TEN,2009,12,0.5654794895987294,2.069567,0.45463527876447657
2009_12_PIT_BAL,2009,12,0.6604388811742035,5.192362,0.3808138327244409
2009_12_NE_NO,2009,12,0.5154722757342837,0.48693746,0.4836980600388618
2009_13_NYJ_BUF,2009,13,0.3795005234326521,-3.8509278,0.4888480416285295
2009_13_PHI_ATL,2009,13,0.5079528373907815,0.25024244,0.632546392994956
2009_13_TB_CAR,2009,13,0.7456987784583343,8.297203,0.6488360663403879
2009_13_STL_CHI,2009,13,0.7691922320975717,9.240801,0.4917625536652626
2009_13_DET_CIN,2009,13,0.8351574393777526,12.235245,0.45987065903925917
2009_13_TEN_IND,2009,13,0.7928459130385563,10.246816,0.6324435447143406
2009_13_HOU_JAX,2009,13,0.4253059265696766,-2.3640554,0.45673190274542
2009_13_DEN_KC,2009,13,0.3448078113551578,-5.0130606,0.5313352458274767
2009_13_NE_MIA,2009,13,0.36717936497178044,-4.2593813,0.5076470281786805
2009_13_OAK_PIT,2009,13,0.8360953547996481,12.282788,0.42989591445357195
2009_13_NO_WAS,2009,13,0.20858500748775533,-10.184118,0.46242134585853234
2009_13_SD_CLE,2009,13,0.3838506681073454,-3.7077088,0.7823413268053645
2009_13_DAL_NYG,2009,13,0.46536741453565567,-1.0910423,0.49710646180117846
2009_13_SF_SEA,2009,13,0.4218225546334549,-2.4757113,0.453205825646714
2009_13_MIN_ARI,2009,13,0.4105901361989011,-2.8371406,0.5210576319828757
2009_13_BAL_GB,2009,13,0.5214148185694176,0.6741138,0.3955185155528711
2009_14_PIT_CLE,2009,14,0.25328773404216876,-8.336919,0.5527028622887565
2009_14_NO_ATL,2009,14,0.2529781213969733,-8.349069,0.5523200593154236
2009_14_DET_BAL,2009,14,0.8450991825565106,12.748505,0.46028998156632805
2009_14_GB_CHI,2009,14,0.2744796194552289,-7.5227947,0.38948890403927316
2009_14_SEA_HOU,2009,14,0.7786460168575358,9.635432,0.5831496343270838
2009_14_DEN_IND,2009,14,0.7997080454438599,10.551122,0.6265545782930086
2009_14_MIA_JAX,2009,14,0.4225424280061718,-2.4526207,0.3916347613691778
2009_14_BUF_KC,2009,14,0.425414936756612,-2.3605642,0.5203141670963475
2009_14_CIN_MIN,2009,14,0.722005820452174,7.3908734,0.5441153281560852
2009_14_CAR_NE,2009,14,0.8228208678398488,11.625464,0.47222742600205425
2009_14_NYJ_TB,2009,14,0.33423051791599556,-5.3756227,0.4406088630033902
2009_14_WAS_OAK,2009,14,0.4558464078777445,-1.3920847,0.4875405406559323
2009_14_STL_TEN,2009,14,0.8484652177659259,12.927183,0.48180068811158705
2009_14_SD_DAL,2009,14,0.5799209676609082,2.5316713,0.4692544603747337
2009_14_PHI_NYG,2009,14,0.4525981226423555,-1.4949663,0.4842727436094108
2009_14_ARI_SF,2009,14,0.36105000481945293,-4.464238,0.4852486507883887
2009_15_IND_JAX,2009,15,0.2897688980169033,-6.9546766,0.3915718470392668
2009_15_DAL_NO,2009,15,0.6967921226688045,6.466853,0.46720090805353776
2009_15_NE_BUF,2009,15,0.20979598972355518,-10.131256,0.3861788926079283
2009_15_ARI_DET,2009,15,0.4048715488563334,-3.022038,0.8090998690195284
2009_15_CLE_KC,2009,15,0.4744640457772864,-0.8040056,0.44286072155103173
2009_15_ATL_NYJ,2009,15,0.7103836602578042,6.9602737,0.5463068706555314
2009_15_HOU_STL,2009,15,0.2004262295904649,-10.545108,0.6084347484771679
2009_15_MIA_TEN,2009,15,0.5972882927240524,3.0920403,0.4553449897147748
2009_15_OAK_DEN,2009,15,0.8056083139382795,10.817818,0.4153974880762025
2009_15_CIN_SD,2009,15,0.6950346869966133,6.403792,0.4969422831451021
2009_15_CHI_BAL,2009,15,0.7667954441108433,9.142201,0.45692959555237905
2009_15_SF_PHI,2009,15,0.7764358865451915,9.542333,0.580252960654149
2009_15_GB_PIT,2009,15,0.5155153601453705,0.48829412,0.43633534561467074
2009_15_TB_SEA,2009,15,0.6890751850599952,6.191134,0.49018441440150046
2009_15_MIN_CAR,2009,15,0.2980566158666409,-6.652647,0.5741724908096596
2009_15_NYG_WAS,2009,15,0.4729640322866466,-0.8513043,0.5047258308737778
2009_16_SD_TEN,2009,16,0.5295988510184555,0.9321461,0.49784343388263547
2009_16_BUF_ATL,2009,16,0.6997943297200843,6.5749607,0.4234026511565236
2009_16_KC_CIN,2009,16,0.8238945168666996,11.677437,0.45804310435330037
2009_16_OAK_CLE,2009,16,0.7166435142475527,7.19115,0.630771515583837
2009_16_SEA_GB,2009,16,0.8297115504341719,11.962582,0.4512586914783706
2009_16_HOU_MIA,2009,16,0.5415569819434723,1.309911,0.5098487880035897
2009_16_JAX_NE,2009,16,0.8128856167369658,11.153644,0.5524055181575113
2009_16_TB_NO,2009,16,0.8230386325058023,11.635989,0.42530732123944404
2009_16_CAR_NYG,2009,16,0.7255105051516835,7.5224233,0.4531469475595661
2009_16_BAL_PIT,2009,16,0.41966567545778966,-2.5449457,0.32933484968052906
2009_16_STL_ARI,2009,16,0.800580314515519,10.590247,0.33324140483215586
2009_16_DET_SF,2009,16,0.8589307241300546,13.500248,0.4841207583890251
2009_16_NYJ_IND,2009,16,0.7535685265503889,8.607833,0.6724760521068407
2009_16_DEN_PHI,2009,16,0.8024767475807403,10.675669,0.6151741143321556
2009_16_DAL_WAS,2009,16,0.39588899542053607,-3.3138144,0.6154943010205076
2009_16_MIN_CHI,2009,16,0.31388657006421106,-6.0861087,0.5917860263173719
2009_17_IND_BUF,2009,17,0.17972143852969968,-11.503185,0.051189041293144194
2009_17_NO_CAR,2009,17,0.6067185478147629,3.3988438,0.29948024261628936
2009_17_JAX_CLE,2009,17,0.39217061066070685,-3.4351144,0.36191926403143315
2009_17_CHI_DET,2009,17,0.28382577434785494,-7.173758,0.4001941584227424
2009_17_NE_HOU,2009,17,0.4187930368937086,-2.5729787,0.17826757128522008
2009_17_PIT_MIA,2009,17,0.49046771582923576,-0.29994968,0.5851575017152462
2009_17_NYG_MIN,2009,17,0.6541966583403303,4.979155,0.37435921846623
2009_17_SF_STL,2009,17,0.46072074421307513,-1.2378751,0.6769018226871419
2009_17_ATL_TB,2009,17,0.3034108116860024,-6.4595633,0.39142231741647204
2009_17_GB_ARI,2009,17,0.49055174866175527,-0.29730496,0.39639583233757425
2009_17_PHI_DAL,2009,17,0.5313211558352953,0.9864947,0.43627888622237593
2009_17_KC_DEN,2009,17,0.8401637987030424,12.4910965,0.594172856823167
2009_17_BAL_OAK,2009,17,0.28405851750215916,-7.1651373,0.5893392923457912
2009_17_WAS_SD,2009,17,0.7648290882417902,9.0617285,0.6854241731137085
2009_17_TEN_SEA,2009,17,0.48360435457032713,-0.5160133,0.6689059416069421
2009_17_CIN_NYJ,2009,17,0.6428585787949646,4.595492,0.34799889762479197
2009_18_NYJ_CIN,2009,18,0.38243415395382935,-3.7542906,0.3091496437805381
2009_18_PHI_DAL,2009,18,0.6471841712375124,4.741338,0.5393887713127149
2009_18_BAL_NE,2009,18,0.7089326017939654,6.907093,0.6069712723693079
2009_18_GB_ARI,2009,18,0.45936339400596043,-1.280798,0.5386886105294906
2009_19_ARI_NO,2009,19,0.6774214753369846,5.7802978,0.46129556657348786
2009_19_BAL_IND,2009,19,0.5361872170981183,1.1401504,0.33468803041309236
2009_19_DAL_MIN,2009,19,0.5534075824244298,1.6854523,0.47412968725676724
2009_19_NYJ_SD,2009,19,0.5935908045942935,2.9722588,0.3155377674834911
2009_20_NYJ_IND,2009,20,0.6014654018220477,3.2276993,0.35189993335225545
2009_20_MIN_NO,2009,20,0.5069903085918768,0.21995239,0.3816515808344048
2009_21_NO_IND,2009,21,0.5890403841725934,2.8252158,0.44692845832255806
2010_01_MIN_NO,2010,1,0.5583326613631062,1.8699114,0.4182396430620283
2010_01_MIA_BUF,2010,1,0.4733965104288876,-0.85038126,0.5669811669207374
2010_01_DET_CHI,2010,1,0.7873712572844973,10.1602125,0.613035341654815
2010_01_IND_HOU,2010,1,0.4344839282519649,-2.102166,0.4655370110824838
2010_01_DEN_JAX,2010,1,0.5823608109632002,2.649684,0.48903389199200337
2010_01_CIN_NE,2010,1,0.7919294209810749,10.361558,0.6630325933359451
2010_01_CAR_NYG,2010,1,0.4324041764717486,-2.1695356,0.27362872478860834
2010_01_ATL_PIT,2010,1,0.5166803272211202,0.53294694,0.5478770965213962
2010_01_CLE_TB,2010,1,0.4884472833626693,-0.36906058,0.4109303065192518
2010_01_OAK_TEN,2010,1,0.7260730828750896,7.6581225,0.536207967673497
2010_01_GB_PHI,2010,1,0.48825351593506217,-0.3752524,0.581596662096899
2010_01_SF_SEA,2010,1,0.35295122249185873,-4.8086634,0.44356498176551373
2010_01_ARI_STL,2010,1,0.41456400590391784,-2.7501392,0.5078219930017138
2010_01_DAL_WAS,2010,1,0.3714334636076455,-4.180373,0.4787093915713809
2010_01_BAL_NYJ,2010,1,0.532336954508445,1.0340185,0.5010650304978899
2010_01_SD_KC,2010,1,0.28034002683489456,-7.414131,0.39437755480030107
2010_02_ARI_ATL,2010,2,0.7053513404938323,6.8792276,0.4962189863413924
2010_02_TB_CAR,2010,2,0.7325727137194835,7.908305,0.6204673106491876
2010_02_BAL_CIN,2010,2,0.3850967390944351,-3.7224329,0.461787409288372
2010_02_KC_CLE,2010,2,0.5816311819231366,2.6258738,0.4882887590464158
2010_02_CHI_DAL,2010,2,0.8154351245982294,11.444316,0.6363698876927332
2010_02_PHI_DET,2010,2,0.35906871583068306,-4.599482,0.5592804449111588
2010_02_BUF_GB,2010,2,0.7905892138366313,10.302091,0.43152881836262474
2010_02_MIA_MIN,2010,2,0.7708877966277772,9.452231,0.6217786459221953
2010_02_PIT_TEN,2010,2,0.5858380329364212,2.763285,0.39974599937552924
2010_02_SEA_DEN,2010,2,0.5951905703943701,3.0699527,0.48653888750856833
2010_02_STL_OAK,2010,2,0.6448648532850375,4.7338405,0.5541150311021349
2010_02_NE_NYJ,2010,2,0.4458917248965568,-1.7336227,0.5395818333653962
2010_02_JAX_SD,2010,2,0.7711941360386948,9.46512,0.5766978551054163
2010_02_HOU_WAS,2010,2,0.414967098584558,-2.736962,0.4925817577320674
2010_02_NYG_IND,2010,2,0.6773929023132136,5.8670235,0.5582432158410148
2010_02_NO_SF,2010,2,0.36927360140258164,-4.253245,0.5077247818914203
2010_03_CLE_BAL,2010,3,0.7448612891014932,8.3898945,0.3884708275808729
2010_03_CIN_CAR,2010,3,0.4872636030901253,-0.4068864,0.5806268248022114
2010_03_DAL_HOU,2010,3,0.6472592945943705,4.8158846,0.6026520037595581
2010_03_SF_KC,2010,3,0.5119687251754127,0.3823542,0.5894754182346048
2010_03_DET_MIN,2010,3,0.8405751632258889,12.702278,0.49067994648583074
2010_03_BUF_NE,2010,3,0.836630475256841,12.496849,0.45304914309082345
2010_03_ATL_NO,2010,3,0.5685756828338638,2.2012973,0.4750110470630864
2010_03_TEN_NYG,2010,3,0.515588938253492,0.498058,0.4221710411633626
2010_03_PIT_TB,2010,3,0.4402460286212274,-1.9158136,0.5026356403479749
2010_03_PHI_JAX,2010,3,0.4522475715351978,-1.528936,0.5147444362166944
2010_03_WAS_STL,2010,3,0.3346835149970734,-5.4413657,0.4705550591050023
2010_03_OAK_ARI,2010,3,0.6818533797000184,6.025887,0.5164594897751488
2010_03_IND_DEN,2010,3,0.32746089996786865,-5.6951804,0.49388964493783893
2010_03_SD_SEA,2010,3,0.34902567849654836,-4.9435754,0.45490187212614175
2010_03_NYJ_MIA,2010,3,0.40291458780467426,-3.1322956,0.3728606727357481
2010_03_GB_CHI,2010,3,0.27495343825380225,-7.6188807,0.3584998562380671
2010_04_SF_ATL,2010,4,0.8483934002367397,13.11951,0.6844698260022866
2010_04_NYJ_BUF,2010,4,0.2655774136781406,-7.9800673,0.4228429220199854
2010_04_CIN_CLE,2010,4,0.44776092063948386,-1.6733822,0.49457202041642234
2010_04_DET_GB,2010,4,0.8252110533069501,11.919667,0.41976515049096796
2010_04_CAR_NO,2010,4,0.8061311684494339,11.006255,0.4533415944200724
2010_04_BAL_PIT,2010,4,0.5836835881012397,2.6928737,0.5216813997728865
2010_04_SEA_STL,2010,4,0.4251501392297877,-2.4050052,0.4716904284758851
2010_04_DEN_TEN,2010,4,0.6179991029065367,3.825752,0.43225877361108633
2010_04_IND_JAX,2010,4,0.30871320280664116,-6.3650136,0.5198715574389937
2010_04_HOU_OAK,2010,4,0.324608314300123,-5.7960453,0.42850383930104646
2010_04_WAS_PHI,2010,4,0.6912132865171547,6.362354,0.5425706597901455
2010_04_ARI_SD,2010,4,0.7745726177834933,9.607909,0.48772658801456065
2010_04_CHI_NYG,2010,4,0.5432202649907483,1.3832238,0.43403273998790026
2010_04_NE_MIA,2010,4,0.3840620695724962,-3.756936,0.3544605258288104
2010_05_DEN_BAL,2010,5,0.737777137137355,8.11085,0.5034703934750744
2010_05_JAX_BUF,2010,5,0.5011916108319133,0.038061675,0.42339992038281493
2010_05_CHI_CAR,2010,5,0.5827493142223211,2.6623657,0.5050831117754705
2010_05_TB_CIN,2010,5,0.672801713795955,5.7044516,0.47510960631427257
2010_05_ATL_CLE,2010,5,0.33030972087954324,-5.594804,0.4193213442207181
2010_05_STL_DET,2010,5,0.5230887799614701,0.73789823,0.4295496617322985
2010_05_NYG_HOU,2010,5,0.7095455834531212,7.034728,0.6242376298784352
2010_05_KC_IND,2010,5,0.7701365116860056,9.420664,0.5599041108842524
2010_05_GB_WAS,2010,5,0.28885977602786334,-7.094124,0.3592259057449343
2010_05_NO_ARI,2010,5,0.3100528116148822,-6.3165855,0.5057420340412286
2010_05_TEN_DAL,2010,5,0.6755423655290775,5.8013835,0.47813907616828455
2010_05_SD_OAK,2010,5,0.27492792415527956,-7.6198554,0.48060158103300155
2010_05_PHI_SF,2010,5,0.5511282089022459,1.6375988,0.45742786328555274
2010_05_MIN_NYJ,2010,5,0.655514941380632,5.100322,0.5344054679995234
2010_06_SEA_CHI,2010,6,0.7954339385250748,10.518138,0.6385424776036751
2010_06_MIA_GB,2010,6,0.7512384077398895,8.644574,0.6711040666726215
2010_06_KC_HOU,2010,6,0.6052702341930134,3.4024715,0.4656816587827851
2010_06_BAL_NE,2010,6,0.5785204409196232,2.5244627,0.4851156120072373
2010_06_DET_NYG,2010,6,0.7425523832808789,8.298511,0.4468886355191158
2010_06_ATL_PHI,2010,6,0.42019738270273954,-2.5662422,0.3897906957156121
2010_06_CLE_PIT,2010,6,0.8255668555228579,11.937281,0.4357025144875735
2010_06_SD_STL,2010,6,0.381130102276074,-3.8548589,0.6711201578149532
2010_06_NO_TB,2010,6,0.2845406961201328,-7.2557797,0.4452045157342897
2010_06_NYJ_DEN,2010,6,0.38124491050321224,-3.85102,0.48901185835014044
2010_06_OAK_SF,2010,6,0.6205806092606334,3.9120984,0.3448440372872362
2010_06_DAL_MIN,2010,6,0.578964766932933,2.5389378,0.5480632973950101
2010_06_IND_WAS,2010,6,0.28836750272103817,-7.112491,0.37344908851646363
2010_06_TEN_JAX,2010,6,0.36018360731606736,-4.5614944,0.451235722126487
2010_07_CIN_ATL,2010,7,0.6320196105924938,4.296943,0.5249339744952038
2010_07_BUF_BAL,2010,7,0.8183961701519167,11.586592,0.48705952613378
2010_07_SF_CAR,2010,7,0.5470514398335815,1.5063862,0.5779654328982168
2010_07_WAS_CHI,2010,7,0.56126785285576,1.9647326,0.4676240772511983
2010_07_JAX_KC,2010,7,0.7129614750856215,7.16215,0.4426605268270227
2010_07_PIT_MIA,2010,7,0.34333898261459583,-5.1400065,0.4333155335429389
2010_07_CLE_NO,2010,7,0.7974837008600055,10.610459,0.45658313730602806
2010_07_STL_TB,2010,7,0.5637926824246553,2.0463843,0.47017260368271385
2010_07_PHI_TEN,2010,7,0.648119647703933,4.8454127,0.5575737799577822
2010_07_ARI_SEA,2010,7,0.6013332293206595,3.2723298,0.4000202069225742
2010_07_OAK_DEN,2010,7,0.6994589911559134,6.662481,0.48943438326145816
2010_07_NE_SD,2010,7,0.5436449319878591,1.3968692,0.46550691606807515
2010_07_MIN_GB,2010,7,0.5726827797343613,2.3345783,0.4948212191375837
2010_07_NYG_DAL,2010,7,0.6187255906810532,3.8500338,0.5109572736498071
2010_08_MIA_CIN,2010,8,0.5031984259938922,0.10216303,0.5344628982863837
2010_08_JAX_DAL,2010,8,0.7066108786581543,6.925816,0.5133287187857957
2010_08_WAS_DET,2010,8,0.4431023334669808,-1.8235918,0.36719247429280827
2010_08_BUF_KC,2010,8,0.7601982271730514,9.008358,0.5626171497921213
2010_08_GB_NYJ,2010,8,0.6596378664446725,5.2433195,0.4607202655820585
2010_08_DEN_SF,2010,8,0.5431286976707921,1.3802818,0.48060587164169094
2010_08_CAR_STL,2010,8,0.4632910998035113,-1.1741902,0.386544805844502
2010_08_TEN_SD,2010,8,0.6484963849076832,4.8583508,0.46430567294802905
2010_08_TB_ARI,2010,8,0.6340500814220662,4.365656,0.5426734493482764
2010_08_MIN_NE,2010,8,0.6654799211608932,5.447085,0.5139942007594579
2010_08_SEA_OAK,2010,8,0.5830416912747729,2.6719115,0.5366378632084492
2010_08_PIT_NO,2010,8,0.5545597039619685,1.7481772,0.5234100408962502
2010_08_HOU_IND,2010,8,0.7032899040890438,6.803175,0.5407280313099361
2010_09_TB_ATL,2010,9,0.851574733731876,13.29337,0.6019704464798081
2010_09_MIA_BAL,2010,9,0.6374809348475554,4.482049,0.4837887575665179
2010_09_CHI_BUF,2010,9,0.44819598697659774,-1.6593661,0.5418944787567017
2010_09_NO_CAR,2010,9,0.2563500638169117,-8.341897,0.41175964127347764
2010_09_NE_CLE,2010,9,0.26894478265304067,-7.8496246,0.38128664822060654
2010_09_NYJ_DET,2010,9,0.2191807025314625,-9.875155,0.36566949999113896
2010_09_SD_HOU,2010,9,0.4482787824340076,-1.6566991,0.5419775160529678
2010_09_ARI_MIN,2010,9,0.8375589513110049,12.544909,0.6682705042258679
2010_09_NYG_SEA,2010,9,0.3383571132441996,-5.3130994,0.552658644910514
2010_09_KC_OAK,2010,9,0.5595172049721727,1.9081652,0.5902629032153974
2010_09_IND_PHI,2010,9,0.42342748748300224,-2.4610412,0.3199641839437699
2010_09_DAL_GB,2010,9,0.7349476255675268,8.000481,0.5312903104128041
2010_09_PIT_CIN,2010,9,0.34311178943730325,-5.1478796,0.49537037611952617
2010_10_BAL_ATL,2010,10,0.5615410006448729,1.9735622,0.5304500890476315
2010_10_DET_BUF,2010,10,0.5945036492097413,3.0473702,0.5483253649371097
2010_10_MIN_CHI,2010,10,0.35154933242150044,-4.8567805,0.3228955813570704
2010_10_NYJ_CLE,2010,10,0.43635547331091923,-2.0415907,0.5455595387055829
2010_10_CIN_IND,2010,10,0.7883880216882345,10.204905,0.6143773083195081
2010_10_HOU_JAX,2010,10,0.4945663908420005,-0.17356199,0.4633106818926179
2010_10_TEN_MIA,2010,10,0.47790715161632497,-0.70603573,0.44674756966850027
2010_10_CAR_TB,2010,10,0.6083949446823329,3.5060143,0.39196769826528954
2010_10_KC_DEN,2010,10,0.4998384091306882,-0.005161425,0.5311142121207347
2010_10_SEA_ARI,2010,10,0.7173559397624188,7.327136,0.6180405195355262
2010_10_DAL_NYG,2010,10,0.8003383870866594,10.739972,0.4762195929999835
2010_10_STL_SF,2010,10,0.7601234695068131,9.005293,0.6381647653116458
2010_10_NE_PIT,2010,10,0.5353332211219648,1.1300691,0.39571318250614307
2010_10_PHI_WAS,2010,10,0.39299154191254904,-3.4600425,0.5012509646545672
2010_11_CHI_MIA,2010,11,0.616581782121155,3.7784204,0.5399569972688443
2010_11_BAL_CAR,2010,11,0.22423551342114756,-9.658571,0.6034249007995908
2010_11_BUF_CIN,2010,11,0.6626135873464435,5.346939,0.5420907842394365
2010_11_DET_DAL,2010,11,0.6626240936950683,5.347306,0.5108718994491203
2010_11_CLE_JAX,2010,11,0.4952151383854719,-0.15283844,0.41754254271999813
2010_11_ARI_KC,2010,11,0.6617643431969498,5.3173313,0.44747269288337477
2010_11_GB_MIN,2010,11,0.4313584365516083,-2.2034333,0.5249222114308733
2010_11_HOU_NYJ,2010,11,0.7703109979569522,9.427991,0.5908675312337532
2010_11_OAK_PIT,2010,11,0.6916221369466848,6.3771505,0.480507956113107
2010_11_WAS_TEN,2010,11,0.6955830574744942,6.5209546,0.4850058597683194
2010_11_SEA_NO,2010,11,0.8449993276371901,12.936676,0.5603997019878946
2010_11_TB_SF,2010,11,0.6887466245759847,6.273261,0.5861430758146623
2010_11_ATL_STL,2010,11,0.20608858621314857,-10.449919,0.29273847902024985
2010_11_IND_NE,2010,11,0.6275677664891597,4.146722,0.5045933798116702
2010_11_NYG_PHI,2010,11,0.5701662011118348,2.2528825,0.4610182160368319
2010_11_DEN_SD,2010,11,0.8264782333803427,11.982501,0.5925288184107402
2010_12_NE_DET,2010,12,0.24512981841016912,-8.791165,0.4133095902069086
2010_12_NO_DAL,2010,12,0.29591700879134986,-6.8324056,0.42738411273979304
2010_12_CIN_NYJ,2010,12,0.7188987294274876,7.38535,0.4187128642713943
2010_12_GB_ATL,2010,12,0.4694930356241839,-0.97538424,0.3925286872480952
2010_12_PIT_BUF,2010,12,0.2908907774382632,-7.0185018,0.48377152935794093
2010_12_CAR_CLE,2010,12,0.7964954661858548,10.56588,0.5489005457885635
2010_12_TEN_HOU,2010,12,0.4412759074438877,-1.8825505,0.29455873912675556
2010_12_JAX_NYG,2010,12,0.7255440648776545,7.6378903,0.4886648087087552
2010_12_MIN_WAS,2010,12,0.39414821168410297,-3.421725,0.4246359899827897
2010_12_MIA_OAK,2010,12,0.4956377436952405,-0.13933899,0.4027006550940353
2010_12_KC_SEA,2010,12,0.5135300435650672,0.43225026,0.5447458178238408
2010_12_TB_BAL,2010,12,0.8034770047111833,10.883658,0.6047017631206425
2010_12_PHI_CHI,2010,12,0.47349341381334065,-0.84727913,0.5670769123192055
2010_12_STL_DEN,2010,12,0.6528741920708364,5.0090685,0.5626391186581998
2010_12_SD_IND,2010,12,0.5949821781868772,3.0631008,0.5332443676026737
2010_12_SF_ARI,2010,12,0.49392361877078306,-0.19409512,0.5252139875596971
2010_13_HOU_PHI,2010,13,0.710844735459131,7.0831065,0.4557319681305791
2010_13_NO_CIN,2010,13,0.28530670549163245,-7.2270246,0.4772510842117608
2010_13_CHI_DET,2010,13,0.3294318696215023,-5.625697,0.4804189098067326
2010_13_SF_GB,2010,13,0.8737809641253368,14.5834,0.6693659894675632
2010_13_DEN_KC,2010,13,0.6648857687282183,5.4262986,0.3895661556500326
2010_13_CLE_MIA,2010,13,0.6703398038038538,5.6176586,0.48803167600771125
2010_13_BUF_MIN,2010,13,0.7293290202156073,7.783075,0.5864431040842585
2010_13_WAS_NYG,2010,13,0.7505449712559017,8.6167145,0.5504796851103879
2010_13_JAX_TEN,2010,13,0.6349135039704843,4.394913,0.5435840616224153
2010_13_OAK_SD,2010,13,0.8293172353606417,12.124344,0.48824088155635464
2010_13_STL_ARI,2010,13,0.4765704376888823,-0.74880177,0.5701142878543309
2010_13_DAL_IND,2010,13,0.6136178795567497,3.6796074,0.44320147375230634
2010_13_CAR_SEA,2010,13,0.6077684611337459,3.4852362,0.4682639160130212
2010_13_ATL_TB,2010,13,0.3114780165747263,-6.265163,0.398883887913155
2010_13_PIT_BAL,2010,13,0.5384193615881405,1.229068,0.44473465940064266
2010_13_NYJ_NE,2010,13,0.6352501098435317,4.4063253,0.5127188400420613
2010_14_IND_TEN,2010,14,0.42863561612861273,-2.2917674,0.5221615218385496
2010_14_CLE_BUF,2010,14,0.5130142338743472,0.41576552,0.4817155358098294
2010_14_ATL_CAR,2010,14,0.19441966965433327,-10.980728,0.37737138594125236
2010_14_GB_DET,2010,14,0.22594987655457838,-9.585748,0.4195990694449914
2010_14_OAK_JAX,2010,14,0.6452847294462969,4.7482133,0.5390159256969898
2010_14_CIN_PIT,2010,14,0.7300770544291006,7.8118877,0.46285710232850863
2010_14_TB_WAS,2010,14,0.48590408076376956,-0.45033595,0.5172032246129095
2010_14_STL_NO,2010,14,0.8032342636347254,10.872497,0.5428863816301646
2010_14_SEA_SF,2010,14,0.6697410555171628,5.59659,0.5342890705324648
2010_14_DEN_ARI,2010,14,0.38276738695024864,-3.8001485,0.5062565774536356
2010_14_NE_CHI,2010,14,0.29760200149590343,-6.770345,0.3836601787173547
2010_14_MIA_NYJ,2010,14,0.671685425329475,5.665065,0.5208120100700592
2010_14_KC_SD,2010,14,0.6931884697986265,6.4339194,0.3897955621387349
2010_14_PHI_DAL,2010,14,0.42682482954225165,-2.350574,0.5514954218036835
2010_14_NYG_MIN,2010,14,0.521330373579111,0.68164515,0.6578619685646028
2010_14_BAL_HOU,2010,14,0.49834873298170523,-0.052743793,0.5914548615154059
2010_15_SF_SD,2010,15,0.8329378409374468,12.307447,0.5718473555246183
2010_15_NO_BAL,2010,15,0.5109176470847906,0.34876755,0.4796204681120992
2010_15_ARI_CAR,2010,15,0.5920047093938151,2.9652982,0.5145640458636955
2010_15_CLE_CIN,2010,15,0.4974957288440691,-0.079990245,0.46622873425768296
2010_15_WAS_DAL,2010,15,0.7608875608286151,9.036649,0.4854968669051502
2010_15_JAX_IND,2010,15,0.6433324035720748,4.681435,0.5213238068539154
2010_15_BUF_MIA,2010,15,0.7397535741289328,8.188306,0.5835437304333307
2010_15_PHI_NYG,2010,15,0.5654790497650521,2.1009672,0.47187694054185514
2010_15_KC_STL,2010,15,0.4775563077737834,-0.71725965,0.3852519464265176
2010_15_DET_TB,2010,15,0.6016725176776119,3.2835317,0.49322326229577995
2010_15_HOU_TEN,2010,15,0.6147597837100259,3.7176504,0.5536127895227541
2010_15_ATL_SEA,2010,15,0.3804228908253251,-3.8785121,0.550627925768048
2010_15_DEN_OAK,2010,15,0.7495635834971845,8.577356,0.48677054575258116
2010_15_NYJ_PIT,2010,15,0.6589955909250399,5.221,0.5537167122283119
2010_15_GB_NE,2010,15,0.7617154226021754,9.070684,0.349439846946812
2010_15_CHI_MIN,2010,15,0.6089484158630882,3.5243785,0.7605887098998331
2010_16_CAR_PIT,2010,16,0.8554324597702105,13.507573,0.48458722447935937
2010_16_DAL_ARI,2010,16,0.2841496438701683,-7.2704735,0.4915328107137643
2010_16_NE_BUF,2010,16,0.23616842257880855,-9.15798,0.4327607774611753
2010_16_NYJ_CHI,2010,16,0.5428090303769173,1.3700116,0.4959304689945876
2010_16_BAL_CLE,2010,16,0.340292209696032,-5.2457504,0.44551555801693976
2010_16_WAS_JAX,2010,16,0.7289369718679568,7.76799,0.5240292360807436
2010_16_TEN_KC,2010,16,0.586368047052995,2.7806196,0.46188253668979073
2010_16_DET_MIA,2010,16,0.7382778880663009,8.1304455,0.6418391293516554
2010_16_SF_STL,2010,16,0.5143424335364041,0.45821494,0.45184821133775954
2010_16_SD_CIN,2010,16,0.3579827870060527,-4.6365223,0.6339857726348143
2010_16_HOU_DEN,2010,16,0.3434953032710374,-5.1345906,0.40284487692535875
2010_16_IND_OAK,2010,16,0.3615531397846631,-4.514886,0.391337648071113
2010_16_NYG_GB,2010,16,0.6523898292463102,4.9923587,0.5621223864717056
2010_16_SEA_TB,2010,16,0.6631681816363585,5.36629,0.5114660163393634
2010_16_NO_ATL,2010,16,0.574564305982705,2.395721,0.5123870086580427
2010_16_MIN_PHI,2010,16,0.7606306494340844,9.0261,0.3481455311770579
2010_17_CAR_ATL,2010,17,0.8213483846635844,11.729897,0.42930307976468285
2010_17_CIN_BAL,2010,17,0.7779774644507045,9.753044,0.5079216365195715
2010_17_PIT_CLE,2010,17,0.33131950434557117,-5.559308,0.5294239043111236
2010_17_MIN_DET,2010,17,0.48469933750600286,-0.48884317,0.37712944875205107
2010_17_OAK_KC,2010,17,0.640684479394213,4.591069,0.5028511175010985
2010_17_MIA_NE,2010,17,0.7536046328210855,8.739952,0.6450434147137191
2010_17_TB_NO,2010,17,0.7700184933421131,9.41571,0.5751790706249008
2010_17_BUF_NYJ,2010,17,0.8062154416564993,11.010164,0.7839367986481339
2010_17_SD_DEN,2010,17,0.23902255857446902,-9.040341,0.3755952351626308
2010_17_CHI_GB,2010,17,0.8217632701316089,11.7501545,0.5234718389182274
2010_17_JAX_HOU,2010,17,0.6476170203509044,4.828159,0.5102726694912997
2010_17_TEN_IND,2010,17,0.7229526402509776,7.539058,0.45436169430242207
2010_17_DAL_PHI,2010,17,0.7452860290737608,8.406753,0.7815512122763273
2010_17_ARI_SF,2010,17,0.6719303455105599,5.673702,0.4897855624607328
2010_17_NYG_WAS,2010,17,0.3275912273441317,-5.690581,0.4627801531878424
2010_17_STL_SEA,2010,17,0.5642206844759071,2.0602338,0.6543557769707518
2010_18_NO_SEA,2010,18,0.3277702249938488,-5.6842647,0.6176992876516245
2010_18_NYJ_IND,2010,18,0.625292048622974,4.0701547,0.5951967116912508
2010_18_BAL_KC,2010,18,0.4083041186984295,-2.955164,0.5014036976812598
2010_18_GB_PHI,2010,18,0.44424197795006654,-1.786823,0.4134423194457469
2010_19_BAL_PIT,2010,19,0.6479629563200288,4.840033,0.5418757725652252
2010_19_GB_ATL,2010,19,0.5378255749178025,1.2100146,0.5065747156968122
2010_19_SEA_CHI,2010,19,0.8227315645449124,11.79755,0.5560905595095966
2010_19_NYJ_NE,2010,19,0.7777048991789743,9.74138,0.507556523349045
2010_20_GB_CHI,2010,20,0.33396726573132346,-5.4664383,0.4386793822377796
2010_20_NYJ_PIT,2010,20,0.6422836573285412,4.6456165,0.5202039394488157
2010_21_PIT_GB,2010,21,0.5558123366852488,1.7885749,0.46213046662981033
2011_01_NO_GB,2011,1,0.6817088071687457,6.0764794,0.5487804287404716
2011_01_PIT_BAL,2011,1,0.44624132570287195,-1.7383031,0.4156949060782572
2011_01_ATL_CHI,2011,1,0.48259270980130214,-0.561339,0.5136046895439054
2011_01_CIN_CLE,2011,1,0.5881951016953822,2.8667192,0.3887765137801356
2011_01_IND_HOU,2011,1,0.5513560560499927,1.6601704,0.2840962210923631
2011_01_TEN_JAX,2011,1,0.4814371654974742,-0.59862834,0.5124485864740264
2011_01_BUF_KC,2011,1,0.7191898809528612,7.464849,0.6210694279834519
2011_01_PHI_STL,2011,1,0.40021347287382614,-3.2511277,0.5077195726104727
2011_01_DET_TB,2011,1,0.6318859944119285,4.3321767,0.6022196634539239
2011_01_CAR_ARI,2011,1,0.6433521521282513,4.7254696,0.4451279771311949
2011_01_MIN_SD,2011,1,0.787778550416778,10.272356,0.5394043788455388
2011_01_SEA_SF,2011,1,0.6714538555080538,5.709288,0.49098284303068457
2011_01_NYG_WAS,2011,1,0.35623470561062553,-4.7397213,0.38560762137472165
2011_01_DAL_NYJ,2011,1,0.6668650431801152,5.546493,0.4704491508462096
2011_01_NE_MIA,2011,1,0.38432983127826087,-3.7827134,0.5987694494137104
2011_01_OAK_DEN,2011,1,0.451795610572192,-1.5577712,0.36152183712324787
2011_02_OAK_BUF,2011,2,0.5881419023538318,2.8649611,0.4803090042836346
2011_02_GB_CAR,2011,2,0.2159837302109432,-10.106354,0.5122090573411706
2011_02_KC_DET,2011,2,0.6946502931408982,6.54709,0.42436919231230474
2011_02_CLE_IND,2011,2,0.6101493206542498,3.5972571,0.6396278420494271
2011_02_TB_MIN,2011,2,0.5751302671990723,2.4364798,0.5444673333116058
2011_02_CHI_NO,2011,2,0.5841810345189015,2.7342122,0.44539661618977366
2011_02_JAX_NYJ,2011,2,0.7143101750306738,7.279451,0.44678709608841993
2011_02_SEA_PIT,2011,2,0.8570869096007384,13.726568,0.5070278157487671
2011_02_BAL_TEN,2011,2,0.32963795078967406,-5.6704726,0.49471206926788125
2011_02_ARI_WAS,2011,2,0.7686780760983551,9.446224,0.6497325411351227
2011_02_DAL_SF,2011,2,0.5469225415376452,1.516152,0.6372650169242993
2011_02_CIN_DEN,2011,2,0.494195479284447,-0.1871276,0.3871724737416697
2011_02_HOU_MIA,2011,2,0.3741940547525471,-4.125284,0.46513800878015105
2011_02_SD_NE,2011,2,0.6273833287098407,4.178855,0.42838674050893133
2011_02_PHI_ATL,2011,2,0.541301663219131,1.3338338,0.6171879087976526
2011_02_STL_NYG,2011,2,0.7515314478445911,8.736524,0.5537039802679977
2011_03_NE_BUF,2011,3,0.263133892341003,-8.15003,0.464373383692566
2011_03_JAX_CAR,2011,3,0.5490242239584061,1.5843983,0.44079674892226195
2011_03_SF_CIN,2011,3,0.64695449243937,4.8499312,0.617665462492545
2011_03_MIA_CLE,2011,3,0.5308998651504809,0.99712056,0.5617028840394648
2011_03_DET_MIN,2011,3,0.4555957736615197,-1.4344327,0.5484444475021706
2011_03_HOU_NO,2011,3,0.6083378876974371,3.536572,0.5011344666071004
2011_03_NYG_PHI,2011,3,0.6323657813110477,4.34855,0.35879631970092607
2011_03_DEN_TEN,2011,3,0.6948814313530567,6.5555735,0.48621656740612196
2011_03_NYJ_OAK,2011,3,0.5522525581427201,1.6893171,0.5828190001702941
2011_03_KC_SD,2011,3,0.828766167957508,12.208718,0.4446133191013716
2011_03_BAL_STL,2011,3,0.27704470494665945,-7.608977,0.4348712598460368
2011_03_GB_CHI,2011,3,0.34233469245464265,-5.2227454,0.46212732515837196
2011_03_ARI_SEA,2011,3,0.5346976798406704,1.1199671,0.6256492675299429
2011_03_ATL_TB,2011,3,0.5062734936312783,0.20224766,0.47526946664114555
2011_03_PIT_IND,2011,3,0.2841985062910841,-7.3359494,0.5971681095264729
2011_03_WAS_DAL,2011,3,0.7329475508068258,7.996197,0.6366828700700681
2011_04_CAR_CHI,2011,4,0.725701385098473,7.714693,0.5221584776112483
2011_04_BUF_CIN,2011,4,0.4993326893540347,-0.02151218,0.5915737908844863
2011_04_TEN_CLE,2011,4,0.46552525514209286,-1.1127532,0.43475568538855597
2011_04_DET_DAL,2011,4,0.616955269640671,3.8259943,0.5410597750019376
2011_04_PIT_HOU,2011,4,0.5527156150997216,1.7043751,0.42916573093022714
2011_04_NO_JAX,2011,4,0.29987611614607107,-6.748766,0.5694786083025297
2011_04_MIN_KC,2011,4,0.37000763533085657,-4.2676225,0.46074174276559837
2011_04_SF_PHI,2011,4,0.7338883530190857,8.033026,0.45459273201389405
2011_04_WAS_STL,2011,4,0.4137832219192798,-2.8013763,0.5061610898741489
2011_04_NYG_ARI,2011,4,0.32791484465052234,-5.7317557,0.35646559405766054
2011_04_ATL_SEA,2011,4,0.38858964365600734,-3.6395507,0.5728124539238073
2011_04_DEN_GB,2011,4,0.843427211815371,12.971912,0.5301201910726122
2011_04_NE_OAK,2011,4,0.354314242071429,-4.806045,0.5369835236328232
2011_04_MIA_SD,2011,4,0.7666410777252235,9.360435,0.5880049223865128
2011_04_NYJ_BAL,2011,4,0.6889404915763295,6.338412,0.5414429082739793
2011_04_IND_TB,2011,4,0.6685105543253564,5.6047664,0.36626738503938455
2011_05_PHI_BUF,2011,5,0.4455660294142083,-1.7602749,0.5383969791648268
2011_05_NO_CAR,2011,5,0.2248223696129636,-9.722821,0.4010641629371928
2011_05_OAK_HOU,2011,5,0.7513235418461812,8.728084,0.6288309822001551
2011_05_KC_IND,2011,5,0.6264731744095576,4.147936,0.5966830558781142
2011_05_CIN_JAX,2011,5,0.4731465334344773,-0.86633307,0.5041462930849014
2011_05_ARI_MIN,2011,5,0.7202396814511489,7.504937,0.622254684689877
2011_05_SEA_NYG,2011,5,0.842079927318213,12.899883,0.589198322608391
2011_05_TEN_PIT,2011,5,0.7163803498479901,7.3579173,0.6326401807953606
2011_05_TB_SF,2011,5,0.511782119691296,0.3798768,0.43453014008578444
2011_05_SD_DEN,2011,5,0.30532378426895623,-6.548041,0.4063270809950885
2011_05_NYJ_NE,2011,5,0.6852279979128985,6.2036233,0.4598542030015757
2011_05_GB_ATL,2011,5,0.3983478625320518,-3.3132606,0.5827407682947905
2011_05_CHI_DET,2011,5,0.6565684186342855,5.1843686,0.4592599917007511
2011_06_CAR_ATL,2011,6,0.6775043226265541,5.92535,0.5747911381276474
2011_06_IND_CIN,2011,6,0.6333380182969175,4.3817506,0.4808291971330095
2011_06_SF_DET,2011,6,0.6084955786357056,3.5418518,0.4394918334624927
2011_06_STL_GB,2011,6,0.8393793527380915,12.756708,0.4614928943095398
2011_06_BUF_NYG,2011,6,0.6153791419818525,3.772918,0.5239616032872348
2011_06_JAX_PIT,2011,6,0.8734913716428874,14.700497,0.5679281252587329
2011_06_PHI_WAS,2011,6,0.4525361567776208,-1.5337251,0.5453857130840211
2011_06_HOU_BAL,2011,6,0.6440400661813329,4.7492027,0.43053473480515414
2011_06_CLE_OAK,2011,6,0.7629163974850499,9.204634,0.5832837903506681
2011_06_DAL_NE,2011,6,0.7257795617856306,7.7177105,0.5377171922016577
2011_06_NO_TB,2011,6,0.29961689477214515,-6.7583575,0.47648926462886343
2011_06_MIN_CHI,2011,6,0.46186071386522703,-1.2313794,0.4311280039885196
2011_06_MIA_NYJ,2011,6,0.6937871896108969,6.5154366,0.48497232987727296
2011_07_WAS_CAR,2011,7,0.647302920186183,4.861994,0.6031137944462207
2011_07_SEA_CLE,2011,7,0.6080354948895833,3.5264494,0.5163259788919808
2011_07_ATL_DET,2011,7,0.5649060538038362,2.1017013,0.42603337477271463
2011_07_DEN_MIA,2011,7,0.644949339698049,4.7805977,0.6734558435656054
2011_07_SD_NYJ,2011,7,0.6202494324723496,3.9371376,0.6494707318221342
2011_07_CHI_TB,2011,7,0.517579121431489,0.5668837,0.5638400997136661
2011_07_HOU_TEN,2011,7,0.5292441797106936,0.94359386,0.4364807658219713
2011_07_PIT_ARI,2011,7,0.33360741101467106,-5.529783,0.4526575832841461
2011_07_KC_OAK,2011,7,0.6930877327305472,6.4898133,0.5919157783684972
2011_07_STL_DAL,2011,7,0.8170071465521448,11.626351,0.42678497759095446
2011_07_GB_MIN,2011,7,0.21651331118554273,-10.083122,0.49742155353364415
2011_07_IND_NO,2011,7,0.821158160755872,11.829159,0.44831569620901346
2011_07_BAL_JAX,2011,7,0.27790209335703503,-7.5760756,0.5747476904143155
2011_08_ARI_BAL,2011,8,0.8550582872932486,13.611525,0.5498592159548911
2011_08_MIN_CAR,2011,8,0.5525223332475988,1.6980897,0.45968342423098973
2011_08_JAX_HOU,2011,8,0.7829915014320337,10.061429,0.5019055300256569
2011_08_MIA_NYG,2011,8,0.6975714923730253,6.6545186,0.41244765220759083
2011_08_NO_STL,2011,8,0.19452659086534047,-11.077421,0.5747066830775454
2011_08_IND_TEN,2011,8,0.698139848345843,6.675474,0.4282835650326012
2011_08_WAS_BUF,2011,8,0.5961825525548987,3.131313,0.4730736816430092
2011_08_DET_DEN,2011,8,0.388139183837076,-3.654668,0.4797008674068236
2011_08_NE_PIT,2011,8,0.44015309486798515,-1.9365853,0.5329497276787567
2011_08_CIN_SEA,2011,8,0.4192877035999487,-2.6199408,0.44988176526209217
2011_08_CLE_SF,2011,8,0.7643091959855823,9.262734,0.508149492925604
2011_08_DAL_PHI,2011,8,0.574205746347798,2.406143,0.4815850120980094
2011_08_SD_KC,2011,8,0.3577723028078265,-4.6867104,0.44782760928949444
2011_09_NYJ_BUF,2011,9,0.6028199963227325,3.3521945,0.5264158664915163
2011_09_SEA_DAL,2011,9,0.8166817342328625,11.610575,0.5189330042696488
2011_09_CLE_HOU,2011,9,0.7884856392672179,10.303746,0.49391241550722254
2011_09_ATL_IND,2011,9,0.23585620944527647,-9.255824,0.415163659812498
2011_09_MIA_KC,2011,9,0.591912496874926,2.9897046,0.43789336094943776
2011_09_TB_NO,2011,9,0.8111495880625166,11.344987,0.5723407672971627
2011_09_SF_WAS,2011,9,0.39409497636348056,-3.4551919,0.5478051881241068
2011_09_DEN_OAK,2011,9,0.7536489864611514,8.8227,0.5563516942905836
2011_09_CIN_TEN,2011,9,0.4934624306297951,-0.2107618,0.4470880102312623
2011_09_STL_ARI,2011,9,0.6157917436439205,3.786806,0.5857753504502508
2011_09_NYG_NE,2011,9,0.7875819389828222,10.2636385,0.5236742653386501
2011_09_GB_SD,2011,9,0.4252883418017388,-2.4227421,0.5945538967719681
2011_09_BAL_PIT,2011,9,0.5273714121748126,0.8830688,0.41937914273581833
2011_09_CHI_PHI,2011,9,0.6063861044503329,3.471273,0.33363726269563787
2011_10_OAK_SD,2011,10,0.724010458350357,7.6495366,0.5046385429114243
2011_10_NO_ATL,2011,10,0.4542973751322276,-1.4765583,0.4236489649474289
2011_10_TEN_CAR,2011,10,0.5871123797602043,2.8309486,0.47925528532198497
2011_10_PIT_CIN,2011,10,0.3595369740489866,-4.625969,0.4651168493039622
2011_10_STL_CLE,2011,10,0.6191253050732,3.8991773,0.5433172153868164
2011_10_BUF_DAL,2011,10,0.5772633003618798,2.5065243,0.438408828180365
2011_10_JAX_IND,2011,10,0.3950206940614467,-3.4242628,0.486841693952294
2011_10_DEN_KC,2011,10,0.557756387185689,1.8684515,0.4649444349349624
2011_10_WAS_MIA,2011,10,0.7667847194682034,9.36647,0.6617614115532638
2011_10_ARI_PHI,2011,10,0.8301289213989166,12.277833,0.4621451864463974
2011_10_HOU_TB,2011,10,0.3524679582795819,-4.869928,0.4575848632348542
2011_10_BAL_SEA,2011,10,0.3842335996549513,-3.7859528,0.5986720555152357
2011_10_DET_CHI,2011,10,0.5041282979258507,0.13308679,0.42699039303510117
2011_10_NYG_SF,2011,10,0.6010012284158116,3.2915738,0.4780356231229243
2011_10_NE_NYJ,2011,10,0.4414926773910866,-1.8929197,0.3663350950778447
2011_10_MIN_GB,2011,10,0.7945250406558071,10.574405,0.44049018505387144
2011_11_NYJ_DEN,2011,11,0.34284599358694134,-5.2048507,0.540107916284437
2011_11_CIN_BAL,2011,11,0.6916031288389495,6.435513,0.4824951523562726
2011_11_JAX_CLE,2011,11,0.5418812466414018,1.3526201,0.5109369573222482
2011_11_CAR_DET,2011,11,0.7004680194155122,6.761501,0.49260214517904116
2011_11_TB_GB,2011,11,0.8591067556362562,13.842214,0.5106142641286714
2011_11_BUF_MIA,2011,11,0.5892263625065955,2.9008105,0.4969231571376322
2011_11_OAK_MIN,2011,11,0.5265578555507896,0.856782,0.4955574491775666
2011_11_DAL_WAS,2011,11,0.2826914680057943,-7.393188,0.4878051506968603
2011_11_ARI_SF,2011,11,0.8223586497323401,11.888362,0.5583674588904881
2011_11_SEA_STL,2011,11,0.4899714072905474,-0.32332695,0.39804581892572566
2011_11_TEN_ATL,2011,11,0.739377036191621,8.249219,0.5694170487189749
2011_11_SD_CHI,2011,11,0.5977215284915308,3.1824427,0.4592005608398353
2011_11_PHI_NYG,2011,11,0.575519170348205,2.4492452,0.3912385494855433
2011_11_KC_NE,2011,11,0.8613598886308433,13.972552,0.40694831024290673
2011_12_GB_DET,2011,12,0.36840761281432255,-4.3221602,0.4900075873136466
2011_12_MIA_DAL,2011,12,0.6633301013722137,5.42169,0.4511632119859115
2011_12_SF_BAL,2011,12,0.5593628330256396,1.9208038,0.46656242276805604
2011_12_MIN_ATL,2011,12,0.7447876132626166,8.464642,0.45248584930305813
2011_12_CLE_CIN,2011,12,0.7678503879515358,9.411315,0.5895439996181078
2011_12_CAR_IND,2011,12,0.4564175512947183,-1.4077787,0.5646158666873987
2011_12_HOU_JAX,2011,12,0.37389729495000645,-4.1353574,0.5576394731372345
2011_12_BUF_NYJ,2011,12,0.7427237392641938,8.382191,0.4653690012155438
2011_12_ARI_STL,2011,12,0.566654785754122,2.158854,0.5358992335345678
2011_12_TB_TEN,2011,12,0.5972049105352383,3.1652734,0.5051266647180115
2011_12_CHI_OAK,2011,12,0.600822501883517,3.2856205,0.5088592597498295
2011_12_WAS_SEA,2011,12,0.6010677103891664,3.2937884,0.5091125674646784
2011_12_NE_PHI,2011,12,0.38695069289976614,-3.6945777,0.4784645683428176
2011_12_DEN_SD,2011,12,0.7139435757103866,7.265584,0.5851321981755044
2011_12_PIT_KC,2011,12,0.18543503693854796,-11.508373,0.46875213463872817
2011_12_NYG_NO,2011,12,0.6938842910939368,6.518996,0.4850826563035759
2011_13_PHI_SEA,2011,13,0.4473483806171731,-1.702294,0.540186822990001
2011_13_TEN_BUF,2011,13,0.6150521447312998,3.7619145,0.5850209679914848
2011_13_KC_CHI,2011,13,0.7658126410140165,9.325664,0.5101010518013346
2011_13_ATL_HOU,2011,13,0.5981446785170843,3.1965098,0.6279027099460297
2011_13_OAK_MIA,2011,13,0.6664493000432001,5.531788,0.5627651572449424
2011_13_DEN_MIN,2011,13,0.5784318878159129,2.5449297,0.5478089328564619
2011_13_IND_NE,2011,13,0.8319378923170658,12.37013,0.26364574076992897
2011_13_CIN_PIT,2011,13,0.7560018198028793,8.918918,0.5593049748953232
2011_13_CAR_TB,2011,13,0.5367833019875453,1.1874727,0.5675299560286691
2011_13_NYJ_WAS,2011,13,0.3267514091846665,-5.773207,0.4146367487420618
2011_13_BAL_CLE,2011,13,0.26549486337697337,-8.057206,0.4672422086745246
2011_13_DAL_ARI,2011,13,0.32724762464977475,-5.7555203,0.445712144694529
2011_13_GB_NYG,2011,13,0.2823328804538979,-7.406829,0.48738221323665487
2011_13_STL_SF,2011,13,0.8533895108928201,13.5177,0.485042495814536
2011_13_DET_NO,2011,13,0.6600100131519582,5.304936,0.37213981370321414
2011_13_SD_JAX,2011,13,0.5134047649837686,0.43221232,0.6052173023883651
2011_14_CLE_PIT,2011,14,0.8391174924084632,12.742909,0.46106687387648176
2011_14_IND_BAL,2011,14,0.7928759541555881,10.500039,0.3204170853125753
2011_14_ATL_CAR,2011,14,0.30260859290417264,-6.647883,0.38834134165462453
2011_14_HOU_CIN,2011,14,0.41189771115786944,-2.863652,0.3383187283181035
2011_14_MIN_DET,2011,14,0.7359878382739296,8.115451,0.44174954884612433
2011_14_TB_JAX,2011,14,0.5421432979285129,1.3611151,0.6327338381875723
2011_14_PHI_MIA,2011,14,0.5826856763633912,2.6849244,0.4902272854534392
2011_14_KC_NYJ,2011,14,0.8360253381712869,12.581062,0.5642742409733519
2011_14_NO_TEN,2011,14,0.2239470472348905,-9.760415,0.31320546585181386
2011_14_NE_WAS,2011,14,0.20821207127619257,-10.451166,0.4092515066554129
2011_14_SF_ARI,2011,14,0.2862127782326721,-7.259672,0.3850144962683486
2011_14_CHI_DEN,2011,14,0.46381729411957834,-1.1680298,0.35831469139458477
2011_14_OAK_GB,2011,14,0.7876493265164238,10.266626,0.46179913578254256
2011_14_BUF_SD,2011,14,0.7752041994771435,9.723961,0.5838701167736218
2011_14_NYG_DAL,2011,14,0.6480697649214514,4.888556,0.5120512304545216
2011_14_STL_SEA,2011,14,0.7808317304736883,9.967148,0.5299728132061446
2011_15_JAX_ATL,2011,15,0.8113291618715115,11.353532,0.41848188576671236
2011_15_DAL_TB,2011,15,0.3291965118344468,-5.68616,0.5406847260398382
2011_15_MIA_BUF,2011,15,0.42229548620235213,-2.521022,0.452927436325683
2011_15_SEA_CHI,2011,15,0.7542287790848707,8.846364,0.6611895268767729
2011_15_CAR_HOU,2011,15,0.7536321100296379,8.822011,0.6315880099804172
2011_15_TEN_IND,2011,15,0.2874864849256529,-7.2115703,0.4779382434928984
2011_15_GB_KC,2011,15,0.22595406958950953,-9.674339,0.5410494831422568
2011_15_NO_MIN,2011,15,0.21170995019897826,-10.295057,0.3988941927170385
2011_15_WAS_NYG,2011,15,0.7444629089194921,8.451647,0.5907630157416196
2011_15_CIN_STL,2011,15,0.2574901283327352,-8.373667,0.4574695405401926
2011_15_DET_OAK,2011,15,0.5728111080256548,2.3604052,0.6030661709388825
2011_15_CLE_ARI,2011,15,0.6233312433711194,4.041383,0.4394774536545181
2011_15_NE_DEN,2011,15,0.2731223246604244,-7.7601366,0.4764341734124116
2011_15_NYJ_PHI,2011,15,0.5410559334535456,1.3258698,0.44821453051590937
2011_15_BAL_SD,2011,15,0.5578151918524517,1.8703673,0.588305484515313
2011_15_PIT_SF,2011,15,0.44152667957515257,-1.8918116,0.35183628885705065
2011_16_HOU_IND,2011,16,0.34912825100889844,-4.9857917,0.5622265418760926
2011_16_CLE_BAL,2011,16,0.8211708556604385,11.829783,0.5411766912424477
2011_16_DEN_BUF,2011,16,0.5550977453248992,1.781877,0.6449863813907525
2011_16_TB_CAR,2011,16,0.7261078193890178,7.730384,0.4606801994109148
2011_16_ARI_CIN,2011,16,0.7779680614842279,9.842958,0.6890653909454527
2011_16_OAK_KC,2011,16,0.5382934168198937,1.236371,0.445462957470073
2011_16_MIA_NE,2011,16,0.7636401346016827,9.2348,0.5536510081885483
2011_16_NYG_NYJ,2011,16,0.656958085366863,5.1979966,0.6131510698890881
2011_16_STL_PIT,2011,16,0.8078576329740148,11.189219,0.5368372578343282
2011_16_JAX_TEN,2011,16,0.6041016809928483,3.3949585,0.3457030963263133
2011_16_MIN_WAS,2011,16,0.6236795644422946,4.0531816,0.4398392612690154
2011_16_SD_DET,2011,16,0.4308200664797789,-2.2414577,0.46154952518205355
2011_16_PHI_DAL,2011,16,0.5182500900032609,0.5885356,0.5645030374959211
2011_16_SF_SEA,2011,16,0.34968834261767406,-4.9663324,0.39376167743698753
2011_16_CHI_GB,2011,16,0.765575883872305,9.315739,0.38725780898434164
2011_16_ATL_NO,2011,16,0.6315718465198135,4.32146,0.41750809907200637
2011_17_DET_GB,2011,17,0.6466322938908565,4.838781,0.8110190983313534
2011_17_TEN_HOU,2011,17,0.6717580163308117,5.720111,0.6993488901692616
2011_17_IND_JAX,2011,17,0.5423939165677852,1.3692399,0.4495488180904647
2011_17_NYJ_MIA,2011,17,0.5952031591107824,3.0988004,0.5494675730115005
2011_17_CHI_MIN,2011,17,0.4464747990651001,-1.7307078,0.40082710193698023
2011_17_BUF_NE,2011,17,0.8303032762916454,12.286701,0.5705618142310522
2011_17_CAR_NO,2011,17,0.8063746597983441,11.119583,0.6256379523385436
2011_17_WAS_PHI,2011,17,0.8229301892665397,11.916636,0.6488797789616819
2011_17_SF_STL,2011,17,0.35793656290124204,-4.681052,0.7283962829103475
2011_17_SEA_ARI,2011,17,0.4403532377396887,-1.9300599,0.3652488234462554
2011_17_TB_ATL,2011,17,0.8566269077923363,13.700385,0.6132221584333866
2011_17_BAL_CIN,2011,17,0.45521897089560837,-1.4466562,0.5326383823634094
2011_17_PIT_CLE,2011,17,0.2859779990459508,-7.26855,0.4916701477109925
2011_17_KC_DEN,2011,17,0.5598717676290652,1.9373959,0.5290524317530849
2011_17_SD_OAK,2011,17,0.4217724272649306,-2.5382133,0.3476210346895336
2011_17_DAL_NYG,2011,17,0.46706960541299014,-1.0627893,0.37603687462884
2011_18_CIN_HOU,2011,18,0.6923600760395442,6.4631844,0.5759437529409829
2011_18_DET_NO,2011,18,0.862224024967693,14.0229225,0.6079301283011947
2011_18_ATL_NYG,2011,18,0.47049881917289516,-0.95190144,0.37931362664220897
2011_18_PIT_DEN,2011,18,0.2787628570700905,-7.5430937,0.498663230224471
2011_19_NO_SF,2011,19,0.3984636738506029,-3.309401,0.5059121912443733
2011_19_DEN_NE,2011,19,0.8604951378530872,13.9223585,0.4975915643810947
2011_19_HOU_BAL,2011,19,0.6359060183724894,4.4695854,0.40685879456562607
2011_19_NYG_GB,2011,19,0.669189441334193,5.628842,0.4116705873044828
2011_20_BAL_NE,2011,20,0.6941021394963768,6.5269823,0.48533022975501305
2011_20_NYG_SF,2011,20,0.5477430766282878,1.5427914,0.4858203084440206
2011_21_NYG_NE,2011,21,0.7667931095180686,9.366823,0.6897206013886112
2012_01_DAL_NYG,2012,1,0.6335585950853013,4.4060163,0.5279750790971258
2012_01_IND_CHI,2012,1,0.7511520866585215,8.754366,0.4615666088201888
2012_01_PHI_CLE,2012,1,0.33913904762395863,-5.355151,0.6111557807802495
2012_01_STL_DET,2012,1,0.8358981476802189,12.622375,0.6104882443543189
2012_01_MIA_HOU,2012,1,0.6990735952506972,6.7355146,0.3137489278505346
2012_01_ATL_KC,2012,1,0.37828470397612485,-4.001884,0.40806391706653283
2012_01_JAX_MIN,2012,1,0.5724742685949636,2.3583174,0.4647652436226179
2012_01_WAS_NO,2012,1,0.871932748439816,14.6600065,0.6553104793697363
2012_01_BUF_NYJ,2012,1,0.7210033477199608,7.5628605,0.638121645510356
2012_01_NE_TEN,2012,1,0.3206291607510232,-6.0151787,0.45328467459818755
2012_01_SEA_ARI,2012,1,0.5270807558438914,0.87700695,0.5578002323954915
2012_01_SF_GB,2012,1,0.5618342699902052,2.0090358,0.3786063687190059
2012_01_CAR_TB,2012,1,0.3840897209596992,-3.8052452,0.475132148674682
2012_01_PIT_DEN,2012,1,0.37729608711124557,-4.035464,0.30634344693466103
2012_01_CIN_BAL,2012,1,0.7305480193810912,7.9326806,0.5287969807605197
2012_01_SD_OAK,2012,1,0.38328603434863995,-3.8324156,0.3540822113241262
2012_02_CHI_GB,2012,2,0.6537384666976065,5.104953,0.5032432540898207
2012_02_KC_BUF,2012,2,0.49076232881926,-0.29895762,0.39915314978056887
2012_02_NO_CAR,2012,2,0.33637850201131697,-5.452662,0.42466044232008804
2012_02_CLE_CIN,2012,2,0.5955469257512663,3.1220644,0.3819407052365687
2012_02_MIN_IND,2012,2,0.45526036297572486,-1.4508221,0.5477586071683872
2012_02_HOU_JAX,2012,2,0.33021924757200155,-5.6713614,0.5255893163255136
2012_02_OAK_MIA,2012,2,0.5875849170868548,2.8574069,0.6174527472261924
2012_02_ARI_NE,2012,2,0.8572008262746035,13.785402,0.524255822575941
2012_02_TB_NYG,2012,2,0.807454632568394,11.212838,0.5680485454904866
2012_02_BAL_PHI,2012,2,0.489149367125187,-0.35116962,0.3975923162316174
2012_02_DAL_SEA,2012,2,0.45497106869580406,-1.4602433,0.5474695449780747
2012_02_WAS_STL,2012,2,0.3656801078213432,-4.4321384,0.47121972974130855
2012_02_NYJ_PIT,2012,2,0.619286949179453,3.919516,0.4820677187202366
2012_02_TEN_SD,2012,2,0.7638868211042562,9.280332,0.5852592184293146
2012_02_DET_SF,2012,2,0.6819689476229992,6.109053,0.4724894770909023
2012_02_DEN_ATL,2012,2,0.7167050194544984,7.3983397,0.6333347645252158
2012_03_NYG_CAR,2012,3,0.4854047500783282,-0.47240746,0.40895075007096454
2012_03_STL_CHI,2012,3,0.7633064442831206,9.25603,0.5693634336334995
2012_03_BUF_CLE,2012,3,0.5265096350163425,0.8584837,0.6026262010484315
2012_03_TB_DAL,2012,3,0.8218980019178259,11.91084,0.6481747324429816
2012_03_JAX_IND,2012,3,0.573021205360534,2.3763163,0.4807341952229145
2012_03_NYJ_MIA,2012,3,0.5282645069243088,0.9154055,0.6043257120404075
2012_03_SF_MIN,2012,3,0.4070068485717483,-3.0370393,0.6057440464289304
2012_03_KC_NO,2012,3,0.8792044215442847,15.117581,0.6822045305240048
2012_03_DET_TEN,2012,3,0.35193229238328494,-4.907117,0.4566027092279795
2012_03_CIN_WAS,2012,3,0.560347976886037,1.9603677,0.46790759679114896
2012_03_PHI_ARI,2012,3,0.4904634480084706,-0.30863208,0.5825710811366573
2012_03_ATL_SD,2012,3,0.6909264649929583,6.4352365,0.6049173391457837
2012_03_HOU_DEN,2012,3,0.3570714646713288,-4.728818,0.38635306672940334
2012_03_PIT_OAK,2012,3,0.3813354423662231,-3.8984308,0.4876895007005922
2012_03_NE_BAL,2012,3,0.5284737618852776,0.92219424,0.4513631883087568
2012_03_GB_SEA,2012,3,0.47098621242387523,-0.9397149,0.5633984431130286
2012_04_CLE_BAL,2012,4,0.8370701748963281,12.683686,0.5365275136716532
2012_04_CAR_ATL,2012,4,0.7726778449113343,9.652564,0.5813973609923508
2012_04_NE_BUF,2012,4,0.28548283268910724,-7.315059,0.38379937396161534
2012_04_MIN_DET,2012,4,0.625152768502695,4.118761,0.5191138599532741
2012_04_TEN_HOU,2012,4,0.7806499146402748,9.997194,0.4080361935056735
2012_04_SD_KC,2012,4,0.34060946180777385,-5.3033366,0.4140463033479411
2012_04_SF_NYJ,2012,4,0.5437867326508542,1.4197949,0.6484321111328695
2012_04_SEA_STL,2012,4,0.3870218057901195,-3.7062614,0.4474256022267942
2012_04_MIA_ARI,2012,4,0.6378601775243149,4.553855,0.5171101770867458
2012_04_OAK_DEN,2012,4,0.6069641794672911,3.5039082,0.40823814285307813
2012_04_CIN_JAX,2012,4,0.4671061860032653,-1.0656523,0.43643780316162467
2012_04_NO_GB,2012,4,0.6128785065617854,3.7028997,0.38433074328141975
2012_04_WAS_TB,2012,4,0.5373195705100984,1.2094275,0.4910213807315133
2012_04_NYG_PHI,2012,4,0.5069887661781586,0.22616795,0.46069936371029535
2012_04_CHI_DAL,2012,4,0.6829951823577833,6.146222,0.5962717736209409
2012_05_ARI_STL,2012,5,0.35863506444842397,-4.6747503,0.38795658680279105
2012_05_MIA_CIN,2012,5,0.5928563038627479,3.0324867,0.501003914004795
2012_05_GB_IND,2012,5,0.2626370317732914,-8.200757,0.44759422579494196
2012_05_BAL_KC,2012,5,0.28274522965123655,-7.419314,0.45622804420277263
2012_05_CLE_NYG,2012,5,0.8185297600000838,11.745,0.6288544337508133
2012_05_PHI_PIT,2012,5,0.6209469048956354,3.9758034,0.49925226757574487
2012_05_ATL_WAS,2012,5,0.3368655160065934,-5.4354367,0.4251832894676677
2012_05_SEA_CAR,2012,5,0.5718085954826115,2.3364172,0.5412248052021852
2012_05_CHI_JAX,2012,5,0.3527802147490605,-4.8776355,0.5346400720793912
2012_05_TEN_MIN,2012,5,0.6785719174481148,5.9863763,0.49957899511989085
2012_05_DEN_NE,2012,5,0.7932498123709206,10.5569515,0.6379500871434175
2012_05_BUF_SF,2012,5,0.8683757770494933,14.442752,0.6346290572504681
2012_05_SD_NO,2012,5,0.6325478528991217,4.371363,0.5269067483634948
2012_05_HOU_NYJ,2012,5,0.42124427231274353,-2.5653172,0.7044233946410231
2012_06_PIT_TEN,2012,6,0.24625341301864084,-8.860323,0.39731885304514314
2012_06_OAK_ATL,2012,6,0.8147217868021555,11.559813,0.5480848694424186
2012_06_DAL_BAL,2012,6,0.6164447829758428,3.8233132,0.5254250879212973
2012_06_CIN_CLE,2012,6,0.40687841937723884,-3.041312,0.4371805193775815
2012_06_STL_MIA,2012,6,0.7015329704621835,6.8268733,0.540931441137419
2012_06_IND_NYJ,2012,6,0.633783568693737,4.413734,0.5282129798493512
2012_06_DET_PHI,2012,6,0.6075311022706845,3.5229456,0.5007090741810537
2012_06_KC_TB,2012,6,0.5467954596078323,1.5177897,0.3936822326278293
2012_06_BUF_ARI,2012,6,0.676793215637868,5.9223576,0.5284787964890625
2012_06_NE_SEA,2012,6,0.4371667638891789,-2.0417626,0.5449673366128511
2012_06_NYG_SF,2012,6,0.7887127766194265,10.353153,0.6024669500510156
2012_06_MIN_WAS,2012,6,0.47027861172189395,-0.96267515,0.5165998140643645
2012_06_GB_HOU,2012,6,0.5779101071819108,2.5374131,0.45489911176767805
2012_06_DEN_SD,2012,6,0.5601656737976425,1.9544001,0.5294663729140633
2012_07_SEA_SF,2012,7,0.7836902327690285,10.130512,0.580730025102383
2012_07_TEN_BUF,2012,7,0.6229930776469279,4.045291,0.5013995943759979
2012_07_DAL_CAR,2012,7,0.45618956994235504,-1.4205664,0.5333182196428513
2012_07_BAL_HOU,2012,7,0.5661026991467706,2.1489656,0.36804551345190073
2012_07_CLE_IND,2012,7,0.5148169851932272,0.4795877,0.48392238525929543
2012_07_ARI_MIN,2012,7,0.6563086250504188,5.195011,0.4444027790702092
2012_07_WAS_NYG,2012,7,0.7375717457492469,8.209025,0.5526590675151403
2012_07_GB_STL,2012,7,0.27933627056116866,-7.549817,0.391669090234957
2012_07_NO_TB,2012,7,0.2998630210956779,-6.774975,0.32731703539456847
2012_07_NYJ_NE,2012,7,0.7730191444319625,9.667176,0.4588856489082862
2012_07_JAX_OAK,2012,7,0.7062565900699076,7.00331,0.5309734724395297
2012_07_PIT_CIN,2012,7,0.39662924570807045,-3.3834128,0.4267631921037776
2012_07_DET_CHI,2012,7,0.653101349313171,5.0826664,0.4562888720844458
2012_08_TB_MIN,2012,8,0.6817183242674263,6.0999837,0.5339510088648464
2012_08_CAR_CHI,2012,8,0.6917501450575457,6.4654346,0.48348538437177624
2012_08_SD_CLE,2012,8,0.41096338324174453,-2.9055688,0.48746902613187765
2012_08_SEA_DET,2012,8,0.6189994816977497,3.909776,0.5280909733662504
2012_08_JAX_GB,2012,8,0.8470154446304292,13.215943,0.4450434140528525
2012_08_MIA_NYJ,2012,8,0.5416040622614233,1.3487564,0.5107760868363576
2012_08_ATL_PHI,2012,8,0.5047961966032075,0.15520859,0.4585178033563227
2012_08_WAS_PIT,2012,8,0.7165767552891837,7.393449,0.5886714087518995
2012_08_NE_STL,2012,8,0.2761088167573832,-7.674086,0.494620491509707
2012_08_IND_TEN,2012,8,0.5695524040064155,2.2622395,0.46180879680063414
2012_08_OAK_KC,2012,8,0.4892455208727139,-0.34805694,0.45841743811570546
2012_08_NYG_DAL,2012,8,0.4861327533379106,-0.4488343,0.5324476452373741
2012_08_NO_DEN,2012,8,0.5223293805219347,0.7229561,0.34135654202608384
2012_08_SF_ARI,2012,8,0.24471204270643093,-8.923554,0.44077684059418537
2012_09_KC_SD,2012,9,0.7870114899702185,10.277396,0.585170584678935
2012_09_DEN_CIN,2012,9,0.4708008105985185,-0.94573057,0.6232572109095847
2012_09_BAL_CLE,2012,9,0.3423008517186047,-5.2438407,0.44627463498774433
2012_09_ARI_GB,2012,9,0.7880108302837814,10.321853,0.49449500183251444
2012_09_BUF_HOU,2012,9,0.7995101220711125,10.842561,0.49513487642931486
2012_09_MIA_IND,2012,9,0.3580787693182565,-4.693977,0.4325258849432737
2012_09_DET_JAX,2012,9,0.34636244223179025,-5.101422,0.527745782419386
2012_09_CHI_TEN,2012,9,0.34232788260270697,-5.242891,0.47705558212170546
2012_09_CAR_WAS,2012,9,0.5615828983384958,2.0008028,0.4691532460124109
2012_09_TB_OAK,2012,9,0.5557387494327243,1.8096137,0.5250025858594597
2012_09_MIN_SEA,2012,9,0.7055004450256134,6.9749794,0.5760167720281276
2012_09_PIT_NYG,2012,9,0.6264788403815313,4.1639385,0.5205082277221852
2012_09_DAL_ATL,2012,9,0.7110644811596096,7.184248,0.5974120679256324
2012_09_PHI_NO,2012,9,0.6893895046292258,6.3789816,0.618090190625671
2012_10_IND_JAX,2012,10,0.49673768986118716,-0.10556948,0.5887009925261126
2012_10_OAK_BAL,2012,10,0.7858650472605402,10.226544,0.522440091256515
2012_10_DEN_CAR,2012,10,0.43918529018850794,-1.9756476,0.5469968583804687
2012_10_NYG_CIN,2012,10,0.3740915619361671,-4.1444993,0.4800917191994552
2012_10_TEN_MIA,2012,10,0.7132803945551967,7.268116,0.5237226011575192
2012_10_DET_MIN,2012,10,0.44969433128639713,-1.6322289,0.5421884165325089
2012_10_BUF_NE,2012,10,0.8222246343644872,11.927027,0.45151141637427933
2012_10_ATL_NO,2012,10,0.6128448116623467,3.7017639,0.6421464446316283
2012_10_SD_TB,2012,10,0.5713266670400776,2.3205662,0.4790135786095046
2012_10_NYJ_SEA,2012,10,0.6707350284023733,5.70539,0.521787374849575
2012_10_DAL_PHI,2012,10,0.45576551885130556,-1.4343729,0.48657938357532016
2012_10_STL_SF,2012,10,0.8706878310434196,14.583499,0.5334434098929153
2012_10_HOU_CHI,2012,10,0.48066996885861835,-0.6257645,0.44989251503241356
2012_10_KC_PIT,2012,10,0.8805719860837483,15.205781,0.5830068533746193
2012_11_MIA_BUF,2012,11,0.5184092116513584,0.5959334,0.487515425332941
2012_11_ARI_ATL,2012,11,0.8027284777233876,10.991471,0.5459876615856625
2012_11_TB_CAR,2012,11,0.5025564932086374,0.08272865,0.5334196891859112
2012_11_CLE_DAL,2012,11,0.7563469708257671,8.967123,0.5605543324032117
2012_11_GB_DET,2012,11,0.33892325602518203,-5.3627625,0.4273906468021411
2012_11_JAX_HOU,2012,11,0.8098248152435814,11.325104,0.38795225680028433
2012_11_CIN_KC,2012,11,0.3659880279115618,-4.421571,0.4561587224668308
2012_11_NYJ_STL,2012,11,0.5851511195566896,2.7767515,0.4776615993520579
2012_11_PHI_WAS,2012,11,0.6276681659325722,4.2045007,0.521759934279949
2012_11_NO_OAK,2012,11,0.33091762799746394,-5.646483,0.51092314692329
2012_11_SD_DEN,2012,11,0.6577131068055951,5.2443314,0.43064756656711384
2012_11_IND_NE,2012,11,0.846283900476214,13.176028,0.5971656502523364
2012_11_BAL_PIT,2012,11,0.467277504399307,-1.0600896,0.5597229712706955
2012_11_CHI_SF,2012,11,0.6814684473957389,6.0909443,0.5795320315903009
2012_12_HOU_DET,2012,12,0.4277836521449788,-2.349831,0.5354959710927308
2012_12_WAS_DAL,2012,12,0.6765579095775757,5.9138994,0.5741627928462592
2012_12_NE_NYJ,2012,12,0.27492122267205266,-7.7199917,0.4777620849903565
2012_12_MIN_CHI,2012,12,0.6300137217318997,4.2846184,0.4318740034254035
2012_12_OAK_CIN,2012,12,0.7698845823671052,9.533434,0.5010331857706977
2012_12_PIT_CLE,2012,12,0.3567867738370265,-4.7386713,0.38606104689464105
2012_12_BUF_IND,2012,12,0.5600028413941959,1.9490703,0.4984261571107365
2012_12_TEN_JAX,2012,12,0.44914588795933236,-1.6501206,0.5569706144985289
2012_12_DEN_KC,2012,12,0.3055432902610279,-6.5649133,0.6049128731682678
2012_12_SEA_MIA,2012,12,0.4118997988513795,-2.8744974,0.5038782652920214
2012_12_ATL_TB,2012,12,0.4179383811177946,-2.6745217,0.44839806180186587
2012_12_BAL_SD,2012,12,0.5249424367229403,0.80766344,0.5556790666594701
2012_12_STL_ARI,2012,12,0.5657442195602627,2.1372042,0.5350968995656279
2012_12_SF_NO,2012,12,0.5248831709037802,0.80574185,0.5556202635369595
2012_12_GB_NYG,2012,12,0.48692431293410243,-0.4232048,0.4561085325978475
2012_12_CAR_PHI,2012,12,0.49675499394521816,-0.10500951,0.5887178673556391
2012_13_NO_ATL,2012,13,0.5767432683674644,2.498929,0.46909551677862876
2012_13_JAX_BUF,2012,13,0.7010155571198708,6.8076243,0.5249412302695886
2012_13_SEA_CHI,2012,13,0.671153299349693,5.7203174,0.583446250925475
2012_13_IND_DET,2012,13,0.703279387633409,6.8919554,0.49666120486303544
2012_13_MIN_GB,2012,13,0.7382325107626608,8.235215,0.5381129056261005
2012_13_CAR_KC,2012,13,0.4240062071984647,-2.474222,0.5775574004479973
2012_13_NE_MIA,2012,13,0.2937216125755444,-7.004127,0.49987246516217115
2012_13_ARI_NYJ,2012,13,0.7206433271170554,7.549033,0.5477541670575352
2012_13_SF_STL,2012,13,0.39102377732622706,-3.571509,0.6047161289241596
2012_13_HOU_TEN,2012,13,0.34527361726171135,-5.1395397,0.5572942304852444
2012_13_TB_DEN,2012,13,0.7271063840833006,7.798594,0.4475743442712491
2012_13_PIT_BAL,2012,13,0.6888460762877546,6.359121,0.48020345177179263
2012_13_CLE_OAK,2012,13,0.45547821842711567,-1.4437279,0.5326049218051745
2012_13_CIN_SD,2012,13,0.5475208675600343,1.5414293,0.5167265401588195
2012_13_PHI_DAL,2012,13,0.7835783436337366,10.125587,0.48843138999395774
2012_13_NYG_WAS,2012,13,0.41118838810468084,-2.8981013,0.48769967801410335
2012_14_DEN_OAK,2012,14,0.28160237916584574,-7.4629803,0.5778981800463763
2012_14_STL_BUF,2012,14,0.6288801313403031,4.2458777,0.5230365670762391
2012_14_ATL_CAR,2012,14,0.31386820870532417,-6.2601433,0.4003145187059416
2012_14_DAL_CIN,2012,14,0.641646387906391,4.6844764,0.5365518277337523
2012_14_KC_CLE,2012,14,0.7306985915238147,7.938566,0.5289783827018958
2012_14_TEN_IND,2012,14,0.6646647300501716,5.489593,0.5612406026182175
2012_14_NYJ_JAX,2012,14,0.4090613355553534,-2.9687328,0.5009662283480818
2012_14_CHI_MIN,2012,14,0.46614973834127593,-1.0967116,0.49701140996225834
2012_14_SD_PIT,2012,14,0.684408476127143,6.197493,0.4752166027875381
2012_14_PHI_TB,2012,14,0.6943179129539975,6.559803,0.4555866532572319
2012_14_BAL_WAS,2012,14,0.5070057304943867,0.22671698,0.4761180099289486
2012_14_MIA_SF,2012,14,0.8618745533943338,14.055896,0.6085117759359722
2012_14_NO_NYG,2012,14,0.600692367568865,3.293793,0.47818741375832263
2012_14_ARI_SEA,2012,14,0.7918227089538799,10.492566,0.49977027521135325
2012_14_DET_GB,2012,14,0.7149689233294627,7.3322306,0.5410961176501791
2012_14_HOU_NE,2012,14,0.7431515046870143,8.431265,0.5898106521932132
2012_15_CIN_PHI,2012,15,0.349668667115484,-4.985947,0.484986631224644
2012_15_NYG_ATL,2012,15,0.5361915359038768,1.1727686,0.5053387982687109
2012_15_DEN_BAL,2012,15,0.5893094722099446,2.9146256,0.6765781090106755
2012_15_GB_CHI,2012,15,0.5138996241887032,0.44988266,0.6053541319818202
2012_15_WAS_CLE,2012,15,0.5772754910107784,2.5164797,0.4542564181287101
2012_15_IND_HOU,2012,15,0.7856151602957444,10.215482,0.4912084259477562
2012_15_JAX_MIA,2012,15,0.7622520785984219,9.211965,0.5527491027135653
2012_15_TB_NO,2012,15,0.6637997397722284,5.4589686,0.5603052388969759
2012_15_MIN_STL,2012,15,0.5492887229615695,1.5990618,0.5185057844770674
2012_15_DET_ARI,2012,15,0.38251666383261024,-3.8584418,0.5505916547956928
2012_15_SEA_BUF,2012,15,0.3723827318028322,-4.202764,0.5091844819982985
2012_15_CAR_SD,2012,15,0.5660475402460562,2.1471558,0.47366425550171437
2012_15_PIT_DAL,2012,15,0.5431389336563986,1.3987069,0.5737013936215712
2012_15_KC_OAK,2012,15,0.652983315398687,5.0785394,0.5178722508536396
2012_15_SF_NE,2012,15,0.7394877491333429,8.285062,0.6300266908612066
2012_15_NYJ_TEN,2012,15,0.521866905305759,0.7079674,0.4909762724384312
2012_16_ATL_DET,2012,16,0.3537135341235804,-4.845214,0.45850481846054014
2012_16_OAK_CAR,2012,16,0.805474836736479,11.119709,0.5499218290083138
2012_16_NO_DAL,2012,16,0.4670370448041017,-1.0678973,0.43636930864765455
2012_16_TEN_GB,2012,16,0.8726033822031842,14.701435,0.6275783214963642
2012_16_MIN_HOU,2012,16,0.7064924214677767,7.0121527,0.48492795242608877
2012_16_NE_JAX,2012,16,0.2816846747598323,-7.4598327,0.6937844099464822
2012_16_IND_KC,2012,16,0.40166329204680085,-3.2151024,0.5396409117490335
2012_16_BUF_MIA,2012,16,0.6572257010061264,5.2272067,0.5070208615033442
2012_16_SD_NYJ,2012,16,0.5613061364266061,1.991739,0.46887400093312004
2012_16_WAS_PHI,2012,16,0.3695469384681376,-4.299643,0.4753049333478924
2012_16_CIN_PIT,2012,16,0.5118976702185282,0.38506553,0.4046670739802283
2012_16_STL_TB,2012,16,0.5689027947379731,2.240896,0.47655540367342997
2012_16_CLE_DEN,2012,16,0.8508866636910926,13.429304,0.5746305327392909
2012_16_CHI_ARI,2012,16,0.34935039504474724,-4.997046,0.5616485814284623
2012_16_NYG_BAL,2012,16,0.5122819962927705,0.39750803,0.5431021008098684
2012_16_SF_SEA,2012,16,0.49491058187490483,-0.16469796,0.4182355401544837
2012_17_TB_ATL,2012,17,0.7774917615098107,9.859829,0.7024178931084788
2012_17_NYJ_BUF,2012,17,0.6137948450192386,3.7338085,0.5072248405209357
2012_17_BAL_CIN,2012,17,0.6222664349304121,4.020601,0.45438293300897153
2012_17_CHI_DET,2012,17,0.47774848330435077,-0.7204325,0.5700796582787325
2012_17_HOU_IND,2012,17,0.3986672423339777,-3.3152058,0.5974284415088057
2012_17_CAR_NO,2012,17,0.6733630040447743,5.799307,0.55542333648972
2012_17_PHI_NYG,2012,17,0.7395574742401075,8.287834,0.5550722080364978
2012_17_CLE_PIT,2012,17,0.7580131717805074,9.035878,0.4702340300848827
2012_17_JAX_TEN,2012,17,0.6031027259728189,3.3744373,0.4194197916582486
2012_17_KC_DEN,2012,17,0.8360407812166323,12.629821,0.36748669980339116
2012_17_GB_MIN,2012,17,0.40909981933200473,-2.9674542,0.5010057411879258
2012_17_MIA_NE,2012,17,0.7837388690127247,10.132654,0.4578246538977127
2012_17_OAK_SD,2012,17,0.7943888031289005,10.608528,0.5342140882242941
2012_17_STL_SEA,2012,17,0.8155261429470475,11.59873,0.5184955433522795
2012_17_ARI_SF,2012,17,0.8993317126122231,16.495491,0.51530808470077
2012_17_DAL_WAS,2012,17,0.5633256490872295,2.0578992,0.470912680552259
2012_18_CIN_HOU,2012,18,0.6044608141436768,3.419933,0.4820805918119928
2012_18_MIN_GB,2012,18,0.7218910417496848,7.59699,0.4110404843732387
2012_18_IND_BAL,2012,18,0.7479993769726169,8.626401,0.5347643349928606
2012_18_SEA_WAS,2012,18,0.46259513042695977,-1.2121999,0.5550711645104286
2012_19_BAL_DEN,2012,19,0.7518840716768929,8.7842,0.47789140899693955
2012_19_GB_SF,2012,19,0.6173629328957111,3.854368,0.526382728632399
2012_19_SEA_ATL,2012,19,0.5123575575481598,0.39995435,0.4353887095059138
2012_19_HOU_NE,2012,19,0.8156654438083633,11.605481,0.5647770467371737
2012_20_SF_ATL,2012,20,0.5701085940323131,2.2805185,0.6728379524242094
2012_20_BAL_NE,2012,20,0.7789070728397458,9.921249,0.5591527138973355
2012_21_BAL_SF,2012,21,0.6895835342459989,6.386077,0.5580775550605354
2013_01_BAL_DEN,2013,1,0.6719233358952545,5.772931,0.4470183595365174
2013_01_NE_BUF,2013,1,0.2633216863996846,-8.209377,0.5549191503718273
2013_01_SEA_CAR,2013,1,0.48675559602437396,-0.43054032,0.5785425855699243
2013_01_CIN_CHI,2013,1,0.5226289199144257,0.7358656,0.4306896590756251
2013_01_MIA_CLE,2013,1,0.5445796996575736,1.4519297,0.4677881172005212
2013_01_MIN_DET,2013,1,0.5350222021195703,1.1397353,0.41270411519074174
2013_01_OAK_IND,2013,1,0.706905735442106,7.0583625,0.3805662275201107
2013_01_KC_JAX,2013,1,0.5557632846170578,1.8183253,0.6591591504777654
2013_01_ATL_NO,2013,1,0.5385507017025047,1.2549068,0.4312667265935536
2013_01_TB_NYJ,2013,1,0.465993836965874,-1.1065886,0.5882909453296685
2013_01_TEN_PIT,2013,1,0.8498712063942735,13.43141,0.7167245272877705
2013_01_GB_SF,2013,1,0.6578462438723442,5.271943,0.5083665151476984
2013_01_ARI_STL,2013,1,0.6501706396439504,5.002104,0.5461134693741818
2013_01_NYG_DAL,2013,1,0.5174468189004789,0.5672263,0.4105281411080791
2013_01_PHI_WAS,2013,1,0.7479432997274997,8.661811,0.6404031133520525
2013_01_HOU_SD,2013,1,0.4967195624697254,-0.106619895,0.6470603310786787
2013_02_NYJ_NE,2013,2,0.775019197356152,9.795669,0.4783398271554779
2013_02_STL_ATL,2013,2,0.6939394339874202,6.5744696,0.5786937266658193
2013_02_CLE_BAL,2013,2,0.7697535977779398,9.569494,0.6231843411545692
2013_02_CAR_BUF,2013,2,0.4399261554697901,-1.9599198,0.5472739113908263
2013_02_MIN_CHI,2013,2,0.6589150936336072,5.309698,0.47877086224268384
2013_02_WAS_GB,2013,2,0.7368996823499052,8.21817,0.47595927601333154
2013_02_TEN_HOU,2013,2,0.7076825484573798,7.08766,0.48731528098920285
2013_02_MIA_IND,2013,2,0.5209493412171956,0.6811954,0.4901920270181524
2013_02_DAL_KC,2013,2,0.418408876290074,-2.6705852,0.33093348370916914
2013_02_SD_PHI,2013,2,0.5181033191906189,0.58858466,0.29700484246390446
2013_02_DET_ARI,2013,2,0.5493646486735231,1.6085348,0.5797211171313729
2013_02_NO_TB,2013,2,0.4199631938052387,-2.6190057,0.511720723422459
2013_02_DEN_NYG,2013,2,0.3832195267540517,-3.8514185,0.4891889006905872
2013_02_JAX_OAK,2013,2,0.7636551650613517,9.311131,0.6729870492154307
2013_02_SF_SEA,2013,2,0.6146932636591503,3.7805789,0.5240023036359844
2013_02_PIT_CIN,2013,2,0.5636305821597655,2.0769281,0.3520892782857056
2013_03_KC_PHI,2013,3,0.5656453362998161,2.1432834,0.4736597616069758
2013_03_HOU_BAL,2013,3,0.6328907280917191,4.4022646,0.6034917398146535
2013_03_NYG_CAR,2013,3,0.5958159138527104,3.1447072,0.6253852563087902
2013_03_GB_CIN,2013,3,0.4795832575144339,-0.66386193,0.5714911569807153
2013_03_STL_DAL,2013,3,0.6778198271680613,5.9853253,0.5760026626158189
2013_03_CLE_MIN,2013,3,0.6966371157852419,6.6743712,0.48998212724779266
2013_03_TB_NE,2013,3,0.7739585296653867,9.749871,0.5688780915281112
2013_03_ARI_NO,2013,3,0.8176817217960273,11.754683,0.6139294302539969
2013_03_SD_TEN,2013,3,0.5076650329235333,0.24913937,0.41599235893540437
2013_03_DET_WAS,2013,3,0.6165124423478069,3.842315,0.645596075562946
2013_03_ATL_MIA,2013,3,0.41237055610099077,-2.871374,0.32533824949203455
2013_03_BUF_NYJ,2013,3,0.5086789721249408,0.28210068,0.4320911270552147
2013_03_JAX_SEA,2013,3,0.8587736016016034,13.93637,0.333929512616423
2013_03_IND_SF,2013,3,0.8050522182761279,11.148399,0.5199416001845836
2013_03_CHI_PIT,2013,3,0.5333745647607935,1.0859872,0.6089428946101114
2013_03_OAK_DEN,2013,3,0.8063810903509956,11.211035,0.3559359904768141
2013_04_SF_STL,2013,4,0.45258168959330336,-1.5448067,0.5446794847760243
2013_04_BAL_BUF,2013,4,0.34336732683044585,-5.2291303,0.4622387576583228
2013_04_CIN_CLE,2013,4,0.3799341225067606,-3.9631588,0.48575258671224975
2013_04_CHI_DET,2013,4,0.4581004855857258,-1.3643047,0.3682123569066137
2013_04_SEA_HOU,2013,4,0.34780641956645786,-5.0730066,0.37671278814586784
2013_04_IND_JAX,2013,4,0.2730070369226363,-7.8282423,0.551294384329194
2013_04_NYG_KC,2013,4,0.5732025221622289,2.3926923,0.4659717918530935
2013_04_PIT_MIN,2013,4,0.5549160619674792,1.7905214,0.6441087314483626
2013_04_ARI_TB,2013,4,0.6790309009214537,6.029146,0.6072586197990483
2013_04_NYJ_TEN,2013,4,0.5633683152218517,2.0682945,0.45603872230126297
2013_04_PHI_DEN,2013,4,0.7965019409524203,10.751435,0.5077356605822367
2013_04_WAS_OAK,2013,4,0.5379580759915356,1.2355566,0.6425279184731343
2013_04_DAL_SD,2013,4,0.4940219199376393,-0.19430304,0.5247736915564274
2013_04_NE_ATL,2013,4,0.5291815068065455,0.94928616,0.4371658277416632
2013_04_MIA_NO,2013,4,0.6909391912894717,6.46382,0.483507546274242
2013_05_BUF_CLE,2013,5,0.6474599053631619,4.907328,0.543215718488443
2013_05_NO_CHI,2013,5,0.43511891725377105,-2.1181066,0.40497901041799717
2013_05_NE_CIN,2013,5,0.3694011969705594,-4.3234353,0.4288934222784995
2013_05_DET_GB,2013,5,0.7334085860459232,8.079929,0.4411385860674519
2013_05_SEA_IND,2013,5,0.42398206749311257,-2.4858308,0.5158157820297302
2013_05_BAL_MIA,2013,5,0.433951339912277,-2.1565735,0.35974795410341387
2013_05_PHI_NYG,2013,5,0.5910885500190675,2.9867053,0.6207570997375901
2013_05_JAX_STL,2013,5,0.7875487853345801,10.346289,0.47989516747438965
2013_05_KC_TEN,2013,5,0.5169453992236553,0.5509143,0.5930113002347883
2013_05_CAR_ARI,2013,5,0.3279604264514445,-5.777103,0.4152030752499132
2013_05_DEN_DAL,2013,5,0.3005490978753779,-6.778997,0.5221723511262369
2013_05_HOU_SF,2013,5,0.6162131940196215,3.8321538,0.49483586246548183
2013_05_SD_OAK,2013,5,0.3863416713903334,-3.7454948,0.5690185325231533
2013_05_NYJ_ATL,2013,5,0.7067872308968663,7.053896,0.41012839914527605
2013_06_NYG_CHI,2013,6,0.6711852977071965,5.7464566,0.38610418075389424
2013_06_GB_BAL,2013,6,0.45654020460815947,-1.4153081,0.4872240096678324
2013_06_CIN_BUF,2013,6,0.39146716197071285,-3.5721424,0.5742659529565652
2013_06_DET_CLE,2013,6,0.5325330883031367,1.0585444,0.5630720965075232
2013_06_STL_HOU,2013,6,0.7329454928489668,8.061661,0.4558358614386721
2013_06_OAK_KC,2013,6,0.6704973426695963,5.7218003,0.44545947837233935
2013_06_CAR_MIN,2013,6,0.48303637889979145,-0.55150706,0.40697095956289453
2013_06_PIT_NYJ,2013,6,0.5220246734115148,0.71619594,0.552650037931561
2013_06_PHI_TB,2013,6,0.664948041958551,5.523658,0.7319808373177911
2013_06_JAX_DEN,2013,6,0.823139995999294,12.0247965,0.12405659871632807
2013_06_TEN_SEA,2013,6,0.8095426031771192,11.361113,0.5111092541952252
2013_06_NO_NE,2013,6,0.5559695706700198,1.8250962,0.47924397532745044
2013_06_ARI_SF,2013,6,0.807933924696911,11.284559,0.5394586833126933
2013_06_WAS_DAL,2013,6,0.6391293108158149,4.6176734,0.4728735655422946
2013_06_IND_SD,2013,6,0.5623926980804778,2.036186,0.5925704543323916
2013_07_SEA_ARI,2013,7,0.32757334267052296,-5.791,0.47567765077966206
2013_07_TB_ATL,2013,7,0.7656628156594992,9.395774,0.6032987794769511
2013_07_STL_CAR,2013,7,0.8175034785146227,11.745948,0.6136716911915892
2013_07_CIN_DET,2013,7,0.48084626472674386,-0.6227619,0.4048398647502997
2013_07_SD_JAX,2013,7,0.3583744845790805,-4.7042184,0.585358510167654
2013_07_BUF_MIA,2013,7,0.6503601005447918,5.008738,0.46953059537600306
2013_07_NE_NYJ,2013,7,0.26870748501957253,-7.996583,0.3643732283694011
2013_07_DAL_PHI,2013,7,0.3999946131666312,-3.285122,0.31393309026078947
2013_07_CHI_WAS,2013,7,0.4837238023120001,-0.5291455,0.5144840398100974
2013_07_SF_TEN,2013,7,0.39213704401364824,-3.5495334,0.48309705122775076
2013_07_CLE_GB,2013,7,0.8608409330388824,14.056691,0.6934582383703844
2013_07_HOU_KC,2013,7,0.6298000655456912,4.296001,0.41740264455745657
2013_07_BAL_PIT,2013,7,0.49621916887114903,-0.122884005,0.4198462806514157
2013_07_DEN_IND,2013,7,0.2752930478458985,-7.7392735,0.4466461874677268
2013_07_MIN_NYG,2013,7,0.5659890556318874,2.1546092,0.4434122325179333
2013_08_CAR_TB,2013,8,0.2798844383273984,-7.5616727,0.4673709828825933
2013_08_DAL_DET,2013,8,0.40830636404596116,-3.006904,0.3215835699895566
2013_08_SF_JAX,2013,8,0.27855971797167384,-7.612768,0.7411371282012618
2013_08_CLE_KC,2013,8,0.647265128425623,4.9005284,0.4356847427736349
2013_08_MIA_NE,2013,8,0.7622753787871603,9.253188,0.5840776585082695
2013_08_BUF_NO,2013,8,0.8212799461425468,11.932167,0.5439753931734569
2013_08_NYG_PHI,2013,8,0.5876582963926756,2.872335,0.41970216249136866
2013_08_NYJ_CIN,2013,8,0.7499652756071086,8.744131,0.5838051835136334
2013_08_PIT_OAK,2013,8,0.5292312669342768,0.95090777,0.604937028628422
2013_08_ATL_ARI,2013,8,0.49350953909441114,-0.21095815,0.4171931445346943
2013_08_WAS_DEN,2013,8,0.8003553400879089,10.929069,0.49781759681816234
2013_08_GB_MIN,2013,8,0.28529144006305257,-7.3543234,0.4890995562436316
2013_08_SEA_STL,2013,8,0.34236982641194996,-5.2643166,0.724614499573463
2013_09_CIN_MIA,2013,9,0.32136161823994774,-6.014936,0.40806580487466937
2013_09_KC_BUF,2013,9,0.4727681745972074,-0.8857599,0.6097793081388794
2013_09_ATL_CAR,2013,9,0.6593361073753581,5.324582,0.3592045040628902
2013_09_MIN_DAL,2013,9,0.7529752152589384,8.8673315,0.4651943972565659
2013_09_NO_NYJ,2013,9,0.35866063054124997,-4.694287,0.5401063071760359
2013_09_TEN_STL,2013,9,0.5224281862553162,0.7293311,0.6131812340489727
2013_09_SD_WAS,2013,9,0.485171343014152,-0.48206264,0.4544990867188359
2013_09_PHI_OAK,2013,9,0.6586849099825636,5.3015637,0.686516578439704
2013_09_TB_SEA,2013,9,0.8227203492890234,12.003845,0.3789656135130517
2013_09_BAL_CLE,2013,9,0.3693537377452327,-4.325066,0.3988049012426092
2013_09_PIT_NE,2013,9,0.7635685581409923,9.307488,0.6154865247273508
2013_09_IND_HOU,2013,9,0.4827420452930196,-0.5610821,0.5135020198051535
2013_09_CHI_GB,2013,9,0.784982586795788,10.232019,0.5071383785839334
2013_10_WAS_MIN,2013,10,0.5099505476277766,0.32343993,0.5406489267184522
2013_10_SEA_ATL,2013,10,0.4276088679134904,-2.3658733,0.5348502964931404
2013_10_CIN_BAL,2013,10,0.48471117659140406,-0.4970293,0.45404162188100977
2013_10_DET_CHI,2013,10,0.5282386797203756,0.91856337,0.5588155432718758
2013_10_PHI_GB,2013,10,0.7553482876136961,8.965032,0.7789170698665823
2013_10_STL_IND,2013,10,0.7641483421702011,9.331886,0.5561764182770885
2013_10_OAK_NYG,2013,10,0.7352936707705171,8.15446,0.5201278371721829
2013_10_BUF_PIT,2013,10,0.6321232237471042,4.375849,0.5422527258776396
2013_10_JAX_TEN,2013,10,0.7840461112714849,10.190516,0.45977827528047055
2013_10_CAR_SF,2013,10,0.6055652446791037,3.4720662,0.4227106322466928
2013_10_HOU_ARI,2013,10,0.5970067721601982,3.184582,0.4749277959106548
2013_10_DEN_SD,2013,10,0.25620616043387523,-8.493957,0.45413553696436626
2013_10_DAL_NO,2013,10,0.69488947081612,6.609607,0.5187494502151923
2013_10_MIA_TB,2013,10,0.47060658746809014,-0.95619196,0.501347880638563
2013_11_IND_TEN,2013,11,0.5064446013182635,0.20946746,0.5827619808572159
2013_11_NYJ_BUF,2013,11,0.5606872612456456,1.9800882,0.59089027408676
2013_11_BAL_CHI,2013,11,0.48787605957270125,-0.3941053,0.36734628504044065
2013_11_CLE_CIN,2013,11,0.7351089363231893,8.147144,0.6254565044113473
2013_11_OAK_HOU,2013,11,0.7435646949743833,8.484729,0.4382430025092825
2013_11_ARI_JAX,2013,11,0.36082501701586744,-4.619255,0.6466982285584058
2013_11_WAS_PHI,2013,11,0.5182532656058565,0.5934632,0.3815978606005319
2013_11_DET_PIT,2013,11,0.41619607194935815,-2.7440894,0.5078733316866652
2013_11_ATL_TB,2013,11,0.4660982059948555,-1.1031841,0.43557200596095574
2013_11_SD_MIA,2013,11,0.4944527139900036,-0.18030018,0.5709934722062212
2013_11_SF_NO,2013,11,0.6047743416382917,3.44543,0.49832099975702027
2013_11_GB_NYG,2013,11,0.5450353519852328,1.4668331,0.4376990578570442
2013_11_MIN_SEA,2013,11,0.8016397546355822,10.988734,0.43836476473289976
2013_11_KC_DEN,2013,11,0.7684192598557622,9.512642,0.5616770699467374
2013_11_NE_CAR,2013,11,0.6032038814010443,3.3925822,0.5120770993288196
2013_12_NO_ATL,2013,12,0.24516998628529302,-8.94365,0.45567345855796015
2013_12_NYJ_BAL,2013,12,0.704793066377378,6.9788632,0.5908535655869612
2013_12_PIT_CLE,2013,12,0.46137043530291116,-1.2574819,0.38598797738716334
2013_12_TB_DET,2013,12,0.5837586205539055,2.7425835,0.3713242476438774
2013_12_MIN_GB,2013,12,0.6620976297446466,5.4223833,0.48223380119348686
2013_12_JAX_HOU,2013,12,0.7580594779033321,9.077278,0.4563134601297183
2013_12_SD_KC,2013,12,0.6136453512922203,3.7450554,0.5075394019432926
2013_12_CAR_MIA,2013,12,0.29330737951738906,-7.050331,0.4220346016089732
2013_12_CHI_STL,2013,12,0.48406452741162326,-0.5180624,0.45339883591543767
2013_12_IND_ARI,2013,12,0.5862805775547123,2.8264627,0.47928596279387464
2013_12_TEN_OAK,2013,12,0.5568318104510028,1.8534037,0.6314706690875196
2013_12_DAL_NYG,2013,12,0.5041296495303516,0.13422164,0.47338156541542803
2013_12_DEN_NE,2013,12,0.4601325994907055,-1.2979091,0.4296664369975098
2013_12_SF_WAS,2013,12,0.36303160730286166,-4.5429187,0.5294207010733818
2013_13_GB_DET,2013,13,0.5697175487154996,2.2775738,0.3578500821449113
2013_13_OAK_DAL,2013,13,0.8002010642065209,10.921918,0.5283416323175021
2013_13_PIT_BAL,2013,13,0.5943875769365119,3.09692,0.5029820013099834
2013_13_TB_CAR,2013,13,0.8397916450283591,12.88321,0.6609925706054596
2013_13_JAX_CLE,2013,13,0.778530720828509,9.948169,0.5748799340144396
2013_13_NE_HOU,2013,13,0.4058199884349252,-3.0899792,0.618504574553058
2013_13_TEN_IND,2013,13,0.5845463840127013,2.7687716,0.4775135305336456
2013_13_CHI_MIN,2013,13,0.48751586085306864,-0.4058178,0.4113367616138004
2013_13_MIA_NYJ,2013,13,0.44827607678005654,-1.6858358,0.47890808026420795
2013_13_ARI_PHI,2013,13,0.5255394603415373,0.83063513,0.41844563406066915
2013_13_ATL_BUF,2013,13,0.48594461028424724,-0.4569139,0.3369294388479368
2013_13_STL_SF,2013,13,0.8263854252607018,12.187905,0.6411554618630424
2013_13_DEN_KC,2013,13,0.3037150977153745,-6.661306,0.44902455053976104
2013_13_CIN_SD,2013,13,0.4824752852787665,-0.56976044,0.5591708606022496
2013_13_NYG_WAS,2013,13,0.5327739098275588,1.0663978,0.5020429141174326
2013_13_NO_SEA,2013,13,0.6780730980492836,5.994484,0.48445025224356764
2013_14_HOU_JAX,2013,14,0.32864340471524534,-5.7525992,0.4159400567340932
2013_14_MIN_BAL,2013,14,0.7016304297785123,6.8603425,0.5264515546504162
2013_14_IND_CIN,2013,14,0.7759758184439363,9.837078,0.5865994933373764
2013_14_ATL_GB,2013,14,0.583697394952655,2.7405486,0.4766465994998228
2013_14_CLE_NE,2013,14,0.8300231282466722,12.373053,0.5876798437837507
2013_14_OAK_NYJ,2013,14,0.5455729077470836,1.4844179,0.45347463009734407
2013_14_DET_PHI,2013,14,0.5072617717574475,0.23603052,0.4306946567386954
2013_14_MIA_PIT,2013,14,0.5401268916996531,1.3063856,0.44803877026569616
2013_14_BUF_TB,2013,14,0.601421012024145,3.3326545,0.5102339699992953
2013_14_KC_WAS,2013,14,0.4650105513728228,-1.1386667,0.572253746083314
2013_14_TEN_DEN,2013,14,0.8411012282097159,12.953126,0.49855778533465
2013_14_STL_ARI,2013,14,0.5962359745735138,3.1587691,0.47413520637346734
2013_14_NYG_SD,2013,14,0.588313306985159,2.8941565,0.4507175221961672
2013_14_SEA_SF,2013,14,0.5487952519701376,1.5898874,0.4720206870120882
2013_14_CAR_NO,2013,14,0.5152203162439413,0.49480113,0.42339708846242347
2013_14_DAL_CHI,2013,14,0.5360602736834438,1.1736087,0.4745908450181811
2013_15_SD_DEN,2013,15,0.7753376076314467,9.809441,0.49413709142069256
2013_15_WAS_ATL,2013,15,0.7484268159154921,8.681464,0.5969136923617229
2013_15_CHI_CLE,2013,15,0.51224043124948,0.39789316,0.4814810692398074
2013_15_HOU_IND,2013,15,0.6247696668694007,4.1236563,0.44246963246127957
2013_15_BUF_JAX,2013,15,0.4560489988676477,-1.4313694,0.578517571691569
2013_15_NE_MIA,2013,15,0.4711257229824396,-0.93927425,0.39540849655549853
2013_15_PHI_MIN,2013,15,0.45803651951896307,-1.3663952,0.6539190970917175
2013_15_SEA_NYG,2013,15,0.44042783821046055,-1.9434288,0.7199831277586832
2013_15_SF_TB,2013,15,0.4307188692440617,-2.2631705,0.5684827853750217
2013_15_NYJ_CAR,2013,15,0.8241294179664433,12.074321,0.5635513781782224
2013_15_KC_OAK,2013,15,0.4518362203030003,-1.5692108,0.6481316312363307
2013_15_GB_DAL,2013,15,0.6118450237163645,3.6840909,0.49028108811866
2013_15_NO_STL,2013,15,0.3060253538132428,-6.5757713,0.4976686855405113
2013_15_ARI_TEN,2013,15,0.4232811427805254,-2.5090384,0.5151022662803144
2013_15_CIN_PIT,2013,15,0.4219635570361657,-2.5526853,0.48300016151493885
2013_15_BAL_DET,2013,15,0.5989886858918252,3.2510114,0.4616305403342087
2013_16_MIA_BUF,2013,16,0.40526722330534315,-3.1084654,0.37567476169324143
2013_16_NO_CAR,2013,16,0.5387938298629289,1.2628461,0.4315073819050482
2013_16_MIN_CIN,2013,16,0.7547257631646878,8.939353,0.544195138281255
2013_16_DEN_HOU,2013,16,0.24918290079340183,-8.778916,0.50680195843228
2013_16_TEN_JAX,2013,16,0.321269656014045,-6.018265,0.43815200355935224
2013_16_IND_KC,2013,16,0.7481592028295329,8.670584,0.5359675835666681
2013_16_CLE_NYJ,2013,16,0.48969436192326127,-0.33498457,0.41346339756024364
2013_16_TB_STL,2013,16,0.6397922047230812,4.640636,0.5350498053084073
2013_16_DAL_WAS,2013,16,0.3949369264187964,-3.4551523,0.48599877804102437
2013_16_NYG_DET,2013,16,0.7470589104812289,8.625915,0.4731265486215061
2013_16_ARI_SEA,2013,16,0.7547617033320948,8.940834,0.5289221430336286
2013_16_NE_BAL,2013,16,0.47906404116097706,-0.68075985,0.5098213693219893
2013_16_PIT_GB,2013,16,0.48319558245483774,-0.5463281,0.5139557010479774
2013_16_OAK_SD,2013,16,0.8160142419634233,11.673176,0.5513376553007364
2013_16_CHI_PHI,2013,16,0.6173473088610553,3.8706763,0.5420944690794082
2013_16_ATL_SF,2013,16,0.7271068794068046,7.8326855,0.27714888665332826
2013_17_CAR_ATL,2013,17,0.24620803978459466,-8.9009,0.3965488290852206
2013_17_BAL_CIN,2013,17,0.7854756734442139,10.253914,0.6139067510071997
2013_17_JAX_IND,2013,17,0.8546748103051984,13.701297,0.5825159998512921
2013_17_NYJ_MIA,2013,17,0.704575497934522,6.970691,0.4837187812821261
2013_17_DET_MIN,2013,17,0.4414003408792321,-1.9114698,0.5181016450911206
2013_17_WAS_NYG,2013,17,0.7030486837957813,6.9134207,0.6038233364697054
2013_17_CLE_PIT,2013,17,0.797883637660715,10.814895,0.5403873642075709
2013_17_HOU_TEN,2013,17,0.6249720879141062,4.130577,0.41242912930145603
2013_17_SF_ARI,2013,17,0.48000109252098044,-0.65026426,0.38915495120087124
2013_17_GB_CHI,2013,17,0.48894356925655696,-0.3593951,0.5806878390045638
2013_17_BUF_NE,2013,17,0.8273545728067526,12.236988,0.6425691192554337
2013_17_TB_NO,2013,17,0.8126833424534108,11.511726,0.5157406797686178
2013_17_DEN_OAK,2013,17,0.29695570998416465,-6.9132557,0.5940832670425239
2013_17_KC_SD,2013,17,0.6635024539229532,5.4722548,0.2196494472088253
2013_17_STL_SEA,2013,17,0.8361903295010231,12.692846,0.4905503973840736
2013_17_PHI_DAL,2013,17,0.5107991402422218,0.35102966,0.7275769643439327
2013_18_KC_IND,2013,18,0.6132022331619151,3.7300422,0.670727374546488
2013_18_NO_PHI,2013,18,0.44837662379746135,-1.6825402,0.35899917976492945
2013_18_SD_CIN,2013,18,0.7345577400127372,8.125332,0.5498774570790256
2013_18_SF_GB,2013,18,0.4309499128623968,-2.2555463,0.5228927268959165
2013_19_NO_SEA,2013,19,0.7106714014036256,7.2007256,0.4145364950334398
2013_19_IND_NE,2013,19,0.7619710136329918,9.240432,0.5533891297271337
2013_19_SF_CAR,2013,19,0.601600599143168,3.3386877,0.6016005950086943
2013_19_SD_DEN,2013,19,0.7575151520303074,9.054688,0.5324148410687788
2013_20_NE_DEN,2013,20,0.7794845396486323,9.98983,0.6498200127931124
2013_20_SF_SEA,2013,20,0.6854755707426023,6.2635155,0.5692915856327392
2013_21_SEA_DEN,2013,21,0.6642987664007682,5.50056,0.6211636267058269
2014_01_GB_SEA,2014,1,0.7764286907055624,9.863835,0.6603361649365695
2014_01_NO_ATL,2014,1,0.37186639363158885,-4.2418857,0.46187552651212627
2014_01_CIN_BAL,2014,1,0.4042285574181576,-3.1454887,0.37467935765473626
2014_01_BUF_CHI,2014,1,0.5650004569608664,2.1235712,0.3535263808931307
2014_01_WAS_HOU,2014,1,0.636771835751317,4.5394025,0.5472192657320645
2014_01_TEN_KC,2014,1,0.7054146242582003,7.0072823,0.6212760025084397
2014_01_NE_MIA,2014,1,0.4375380561249295,-2.0399368,0.5447961648108495
2014_01_OAK_NYJ,2014,1,0.7110888200815106,7.2217712,0.5221799488204767
2014_01_JAX_PHI,2014,1,0.8179548682545918,11.776577,0.5544519837458435
2014_01_CLE_PIT,2014,1,0.7365949789916859,8.211994,0.5827791277619296
2014_01_MIN_STL,2014,1,0.6116594857393609,3.680469,0.5209119351583007
2014_01_SF_DAL,2014,1,0.41510623884442116,-2.7823312,0.5220540092944556
2014_01_CAR_TB,2014,1,0.43478694714473554,-2.1305792,0.27824115382346104
2014_01_IND_DEN,2014,1,0.799962481670609,10.918745,0.5889878886910083
2014_01_NYG_DET,2014,1,0.6761283132740257,5.9285126,0.4824348778205806
2014_01_SD_ARI,2014,1,0.5658233619070644,2.1507015,0.4739063267949172
2014_02_PIT_BAL,2014,2,0.4819057623899,-0.58871406,0.40592448578929896
2014_02_MIA_BUF,2014,2,0.5368445319976576,1.2000711,0.5061510892685361
2014_02_DET_CAR,2014,2,0.617994795390498,3.8954964,0.5882908082448792
2014_02_ATL_CIN,2014,2,0.6432980399461462,4.7657623,0.47743736441443924
2014_02_NO_CLE,2014,2,0.35684224950455334,-4.7608814,0.491979549114901
2014_02_NE_MIN,2014,2,0.5435469017719687,1.4191803,0.6476976611553564
2014_02_ARI_NYG,2014,2,0.5062561008313935,0.20348701,0.475525993783038
2014_02_DAL_TEN,2014,2,0.5440242875890338,1.4348013,0.45199326736017126
2014_02_JAX_WAS,2014,2,0.6094919664484002,3.6071353,0.45725745341087215
2014_02_SEA_SD,2014,2,0.28585463528102495,-7.33813,0.41343043403139346
2014_02_STL_TB,2014,2,0.6375633675621002,4.566782,0.5174205894018762
2014_02_KC_DEN,2014,2,0.7971976821803697,10.791145,0.43241372577387593
2014_02_NYJ_GB,2014,2,0.6185715881701584,3.9151258,0.4060392527435354
2014_02_HOU_OAK,2014,2,0.4797779269851694,-0.65800154,0.5716173985190893
2014_02_CHI_SF,2014,2,0.8218031990827642,11.966799,0.6490592560993432
2014_02_PHI_IND,2014,2,0.540231901181611,1.3107619,0.4482094695883032
2014_03_TB_ATL,2014,3,0.532025088443765,1.042732,0.337030374898042
2014_03_SD_BUF,2014,3,0.5665111913398089,2.1733856,0.4899590610230505
2014_03_TEN_CIN,2014,3,0.7579344142782478,9.078637,0.5787633119663544
2014_03_BAL_CLE,2014,3,0.4363514765980352,-2.0790193,0.4975705082735578
2014_03_GB_DET,2014,3,0.5960117655025692,3.153539,0.5507020028787072
2014_03_IND_JAX,2014,3,0.1769974847842536,-12.026608,0.3211593048518723
2014_03_OAK_NE,2014,3,0.8413413134703747,12.975348,0.46852904708911974
2014_03_MIN_NO,2014,3,0.7555663985458531,8.980517,0.46868747692105106
2014_03_HOU_NYG,2014,3,0.5150277853964587,0.4888919,0.4842896683032124
2014_03_WAS_PHI,2014,3,0.6374599792028632,4.5632043,0.5173106943310064
2014_03_DAL_STL,2014,3,0.45855095379139166,-1.350558,0.5045946013159291
2014_03_SF_ARI,2014,3,0.4357713357219364,-2.0981343,0.5277062151491961
2014_03_KC_MIA,2014,3,0.5729096419490886,2.3847315,0.39026747149619745
2014_03_DEN_SEA,2014,3,0.5314958089405853,1.0254625,0.4093403989852453
2014_03_PIT_CAR,2014,3,0.7301301770144121,7.956684,0.6487701984252949
2014_03_CHI_NYJ,2014,3,0.5051232514894661,0.1666375,0.45907682362279767
2014_04_NYG_WAS,2014,4,0.5858419291338419,2.8138957,0.49427828266842844
2014_04_CAR_BAL,2014,4,0.48485609955064163,-0.49267122,0.37915237847058963
2014_04_GB_CHI,2014,4,0.5754525708326951,2.4688993,0.634730905360874
2014_04_BUF_HOU,2014,4,0.5438732905073375,1.4298602,0.4518424541516408
2014_04_TEN_IND,2014,4,0.7175862121394804,7.46983,0.49907240310862927
2014_04_DET_NYJ,2014,4,0.41928526392331894,-2.6434052,0.36022458395738965
2014_04_MIA_OAK,2014,4,0.3869086978024754,-3.7289758,0.5083322333232938
2014_04_TB_PIT,2014,4,0.8071268360185433,11.254421,0.6138417783452389
2014_04_JAX_SD,2014,4,0.8543267676295826,13.691424,0.521248294605318
2014_04_ATL_MIN,2014,4,0.48413843860810213,-0.51603067,0.6495497595817056
2014_04_PHI_SF,2014,4,0.673454381029255,5.832138,0.5713191111899687
2014_04_NO_DAL,2014,4,0.5037582073414317,0.12223689,0.5950770977170788
2014_04_NE_KC,2014,4,0.46895350636811034,-1.0108036,0.560920587989017
2014_05_MIN_GB,2014,5,0.6684390927094176,5.652234,0.41314119684778616
2014_05_CHI_CAR,2014,5,0.6890352102804743,6.398462,0.6471046486648997
2014_05_HOU_DAL,2014,5,0.7224691590863623,7.6580606,0.5811560254067136
2014_05_BUF_DET,2014,5,0.7168689011701171,7.4423113,0.5896942044731243
2014_05_BAL_IND,2014,5,0.5605493880823658,1.9769814,0.483923761926981
2014_05_PIT_JAX,2014,5,0.20982794140602634,-10.471494,0.365193921763308
2014_05_TB_NO,2014,5,0.8239517107589094,12.074126,0.5329871220303783
2014_05_ATL_NYG,2014,5,0.6296781174937089,4.294914,0.5090665601090244
2014_05_STL_PHI,2014,5,0.6083317628624912,3.5679297,0.5020885404212493
2014_05_CLE_TEN,2014,5,0.5340675288349914,1.109391,0.5645702424055397
2014_05_ARI_DEN,2014,5,0.7197998466450035,7.554965,0.486319754394687
2014_05_NYJ_SD,2014,5,0.7405379460088988,8.36928,0.5420215091735723
2014_05_KC_SF,2014,5,0.6426127922866842,4.7419276,0.5227986866415029
2014_05_CIN_NE,2014,5,0.46781068501357,-1.0480908,0.5445470363733225
2014_05_SEA_WAS,2014,5,0.2894639618801215,-7.2007895,0.4938268270079476
2014_06_IND_HOU,2014,6,0.4235614194722456,-2.5015628,0.4999519495259521
2014_06_NE_BUF,2014,6,0.41832813218360687,-2.6751964,0.38849623680886586
2014_06_CAR_CIN,2014,6,0.6404838327494891,4.6679783,0.4286844087106295
2014_06_PIT_CLE,2014,6,0.4996131697225479,-0.012581593,0.4232289016394739
2014_06_GB_MIA,2014,6,0.4713614789687072,-0.9322647,0.5174498718285588
2014_06_DET_MIN,2014,6,0.4934135940693907,-0.21423152,0.4627219737257429
2014_06_DEN_NYJ,2014,6,0.3497556374314519,-5.0083,0.6497705217926675
2014_06_BAL_TB,2014,6,0.2955332316089987,-6.9716396,0.3945217933856895
2014_06_JAX_TEN,2014,6,0.7235050694623523,7.6981997,0.6121830385205054
2014_06_SD_OAK,2014,6,0.25639336396795825,-8.492546,0.4542115692142995
2014_06_WAS_ARI,2014,6,0.7566890765496053,9.026972,0.6218530450591692
2014_06_CHI_ATL,2014,6,0.647974737253455,4.928865,0.5438428766996115
2014_06_DAL_SEA,2014,6,0.776519323727302,9.867771,0.4959345970809773
2014_06_NYG_PHI,2014,6,0.5659196578789956,2.1538768,0.5354300870891721
2014_06_SF_STL,2014,6,0.4250051254787595,-2.4537425,0.5321331324440858
2014_07_NYJ_NE,2014,7,0.81129250495632,11.453104,0.5598236317596816
2014_07_ATL_BAL,2014,7,0.7790970043634042,9.980093,0.5908259714034799
2014_07_MIN_BUF,2014,7,0.6910679638949445,6.473231,0.4838085424316038
2014_07_MIA_CHI,2014,7,0.5683492179595184,2.2340357,0.47646353560765325
2014_07_NO_DET,2014,7,0.557412415904359,1.8738221,0.5114918454508317
2014_07_CAR_GB,2014,7,0.74389642103713,8.504227,0.561377265332353
2014_07_CIN_IND,2014,7,0.5450107087921116,1.4670858,0.45297882941638395
2014_07_CLE_JAX,2014,7,0.2972519564319759,-6.9071445,0.41135990168708575
2014_07_SEA_STL,2014,7,0.3242550188473142,-5.9146767,0.533330194963293
2014_07_TEN_WAS,2014,7,0.6049771715215089,3.454753,0.42224347242355664
2014_07_KC_SD,2014,7,0.599192810325184,3.2602108,0.5079998347543281
2014_07_NYG_DAL,2014,7,0.7347887258375878,8.140345,0.5956178556087403
2014_07_ARI_OAK,2014,7,0.28208545282414405,-7.4824367,0.3794525341314718
2014_07_SF_DEN,2014,7,0.7034003990347677,6.931604,0.4978971216030619
2014_07_HOU_PIT,2014,7,0.6353083340731422,4.488833,0.5456750187525266
2014_08_SD_DEN,2014,8,0.7080619894525189,7.107113,0.44200755888578624
2014_08_DET_ATL,2014,8,0.31038907164448293,-6.419616,0.41098599554045007
2014_08_SEA_CAR,2014,8,0.2799893030353941,-7.5630913,0.45205759130775214
2014_08_BAL_CIN,2014,8,0.4303135463335877,-2.2781916,0.506819331299231
2014_08_MIA_JAX,2014,8,0.3159613524228977,-6.2155704,0.5241031807037151
2014_08_STL_KC,2014,8,0.7423112691461338,8.44042,0.5288886157989312
2014_08_CHI_NE,2014,8,0.8142102491560183,11.59388,0.6806952769116177
2014_08_BUF_NYJ,2014,8,0.48446143743278336,-0.50551707,0.39351718030801525
2014_08_MIN_TB,2014,8,0.4915237630003528,-0.27570897,0.46084048636638053
2014_08_HOU_TEN,2014,8,0.4420269471270884,-1.8922498,0.5493052674185205
2014_08_PHI_ARI,2014,8,0.5407401765886943,1.3273791,0.5100644436242193
2014_08_OAK_CLE,2014,8,0.7428983420986255,8.464027,0.5601556750451762
2014_08_IND_PIT,2014,8,0.27236531986198326,-7.858955,0.41280540136625526
2014_08_GB_NO,2014,8,0.4859625922607178,-0.45665866,0.4249170571969349
2014_08_WAS_DAL,2014,8,0.7983261043148568,10.843097,0.5412208748799483
2014_09_NO_CAR,2014,9,0.3847271069033199,-3.8029842,0.4753274081135932
2014_09_JAX_CIN,2014,9,0.7797977940492351,10.010759,0.5003308042028347
2014_09_TB_CLE,2014,9,0.8079160299677313,11.291859,0.629589196925708
2014_09_ARI_DAL,2014,9,0.5401701656810226,1.3087437,0.4941198977836405
2014_09_PHI_HOU,2014,9,0.42770454903365607,-2.3644178,0.47344248485388857
2014_09_NYJ_KC,2014,9,0.813682351755035,11.568309,0.5633234037162282
2014_09_SD_MIA,2014,9,0.49648323714299625,-0.11438362,0.4051574839586169
2014_09_WAS_MIN,2014,9,0.5631189699941348,2.061575,0.5932642091317166
2014_09_STL_SF,2014,9,0.8072731473924553,11.261355,0.5233950065103524
2014_09_DEN_NE,2014,9,0.43957386019660655,-1.9729261,0.531545196911961
2014_09_OAK_SEA,2014,9,0.8586856904188697,13.941341,0.5135667499747247
2014_09_BAL_PIT,2014,9,0.3603658392857106,-4.6385074,0.2911077629270902
2014_09_IND_NYG,2014,9,0.43760098968658195,-2.0378644,0.5295544798869661
2014_10_CLE_CIN,2014,10,0.7240446461462737,7.7191367,0.5374281785226901
2014_10_TEN_BAL,2014,10,0.8150328167759866,11.633815,0.5348156591811761
2014_10_KC_BUF,2014,10,0.4381304795918237,-2.020431,0.3783386155710554
2014_10_MIA_DET,2014,10,0.5846955502504099,2.775735,0.4931051478850726
2014_10_DAL_JAX,2014,10,0.20053493538825135,-10.895711,0.3967759492709776
2014_10_SF_NO,2014,10,0.6299050193381344,4.30271,0.4479640078128714
2014_10_PIT_NYJ,2014,10,0.3701456444743695,-4.300969,0.5061191107135002
2014_10_ATL_TB,2014,10,0.4819245135005168,-0.58810353,0.5887825724302769
2014_10_DEN_OAK,2014,10,0.2942804109306974,-7.0187607,0.6775873988479103
2014_10_STL_ARI,2014,10,0.714305940859064,7.3442597,0.5105832772237053
2014_10_NYG_SEA,2014,10,0.833209063478374,12.546358,0.6076929917658793
2014_10_CHI_GB,2014,10,0.7968681719781592,10.776008,0.5391686524494856
2014_10_CAR_PHI,2014,10,0.6906089054650963,6.456327,0.48328926227915514
2014_11_BUF_MIA,2014,11,0.6140335666257696,3.7609265,0.4926499248205243
2014_11_ATL_CAR,2014,11,0.5020287483002095,0.065984994,0.5783818822610122
2014_11_MIN_CHI,2014,11,0.4481957629851117,-1.6896877,0.3733887455787963
2014_11_HOU_CLE,2014,11,0.6843557092659746,6.227139,0.5529457676563387
2014_11_SEA_KC,2014,11,0.5560410859102407,1.8287635,0.5862883705974301
2014_11_CIN_NO,2014,11,0.7176391980808277,7.4718637,0.4684222413012281
2014_11_SF_NYG,2014,11,0.48602188679369157,-0.4547289,0.6076607957096695
2014_11_DEN_STL,2014,11,0.19304962748709031,-11.246063,0.40122870666603605
2014_11_TB_WAS,2014,11,0.6897656579661449,6.425305,0.4977034565814095
2014_11_OAK_SD,2014,11,0.8171571374534367,11.737461,0.5379890562091644
2014_11_DET_ARI,2014,11,0.5041823394058229,0.1360324,0.5348835803326848
2014_11_PHI_GB,2014,11,0.5970339741889614,3.1877937,0.45972391633642257
2014_11_NE_IND,2014,11,0.5376154849497451,1.225256,0.4456038467940173
2014_11_PIT_TEN,2014,11,0.37890132401792403,-4.0012336,0.5913850626092312
2014_12_KC_OAK,2014,12,0.2685517167459507,-8.008487,0.4843702015379176
2014_12_CLE_ATL,2014,12,0.5930064568127342,3.0529556,0.5016281551930253
2014_12_TB_CHI,2014,12,0.5624115231673078,2.0382764,0.43991435231039705
2014_12_CIN_HOU,2014,12,0.44353857093546734,-1.8425727,0.35449681351042533
2014_12_JAX_IND,2014,12,0.7890109885751782,10.419279,0.4211738744619019
2014_12_GB_MIN,2014,12,0.2760057397406542,-7.7171807,0.4933229305263628
2014_12_DET_NE,2014,12,0.7568727491191632,9.034583,0.5470721258462098
2014_12_TEN_PHI,2014,12,0.7390263694403982,8.308839,0.4178476646685777
2014_12_STL_SD,2014,12,0.5987148416056977,3.244169,0.4767745551084201
2014_12_ARI_SEA,2014,12,0.6699866771323395,5.70763,0.44506702377628676
2014_12_MIA_DEN,2014,12,0.7471225994000223,8.634728,0.5653389124465026
2014_12_WAS_SF,2014,12,0.8272482879629454,12.24043,0.5986034185126394
2014_12_DAL_NYG,2014,12,0.4487736568094267,-1.6707336,0.5712322336255432
2014_12_NYJ_BUF,2014,12,0.6752961452182114,5.8984847,0.6033064588528143
2014_12_BAL_NO,2014,12,0.47815249133556575,-0.7109422,0.4022756149003772
2014_13_CHI_DET,2014,13,0.735825026239993,8.181421,0.5209411723062106
2014_13_PHI_DAL,2014,13,0.5837980277917596,2.745875,0.49218723579892903
2014_13_SEA_SF,2014,13,0.4670910252714208,-1.0715759,0.4365774184732685
2014_13_SD_BAL,2014,13,0.694106696873728,6.5854053,0.5026258313304508
2014_13_CLE_BUF,2014,13,0.6881444282825341,6.365764,0.6023340419718909
2014_13_TEN_HOU,2014,13,0.6443101666322557,4.8009963,0.43271226374565264
2014_13_WAS_IND,2014,13,0.7574776225786122,9.0596695,0.5478379623766094
2014_13_NYG_JAX,2014,13,0.3231614845020085,-5.954165,0.4099506322848504
2014_13_CAR_MIN,2014,13,0.6002284285957042,3.2949862,0.5244271535643888
2014_13_NO_PIT,2014,13,0.5800922911367905,2.622739,0.4730485016363217
2014_13_OAK_STL,2014,13,0.7489255986686595,8.708043,0.5675616805116208
2014_13_CIN_TB,2014,13,0.2908853833542818,-7.146924,0.4647828422008325
2014_13_ARI_ATL,2014,13,0.4453266106998532,-1.7838463,0.4912736339916049
2014_13_NE_GB,2014,13,0.5306788565860094,0.9988103,0.43871500312570955
2014_13_DEN_KC,2014,13,0.4712088855317021,-0.9372406,0.44065865089234846
2014_13_MIA_NYJ,2014,13,0.25388429735500034,-8.593905,0.43589966694821697
2014_14_DAL_CHI,2014,14,0.3613903398323249,-4.6030045,0.46612811531735415
2014_14_PIT_CIN,2014,14,0.5766186424044849,2.5075295,0.48486226657196685
2014_14_IND_CLE,2014,14,0.3878934370277131,-3.6956096,0.47862321201554286
2014_14_TB_DET,2014,14,0.7820755621474991,10.110822,0.48803622145981596
2014_14_HOU_JAX,2014,14,0.306244999304228,-6.5723977,0.4977740907432443
2014_14_BAL_MIA,2014,14,0.548791003837118,1.5908964,0.45676107743480626
2014_14_NYJ_MIN,2014,14,0.6931304828686549,6.549315,0.5627467287431379
2014_14_CAR_NO,2014,14,0.79696987223496,10.780678,0.5697617268064085
2014_14_NYG_TEN,2014,14,0.4806995580731377,-0.6279888,0.572525062504584
2014_14_STL_WAS,2014,14,0.43780882021848855,-2.031021,0.5144159618811661
2014_14_KC_ARI,2014,14,0.49984379888615316,-0.005080416,0.576238082848308
2014_14_BUF_DEN,2014,14,0.6945525054326958,6.6019034,0.4266863584436356
2014_14_SF_OAK,2014,14,0.24424962148424684,-8.988122,0.46964880125445063
2014_14_SEA_PHI,2014,14,0.45022786521314623,-1.6230531,0.4962166994513232
2014_14_NE_SD,2014,14,0.40979327916812774,-2.9594176,0.5319592112547648
2014_14_ATL_GB,2014,14,0.8271856341192803,12.23725,0.4612370279668067
2014_15_ARI_STL,2014,15,0.6385638183454205,4.6014166,0.4570826417798885
2014_15_PIT_ATL,2014,15,0.4769120449680665,-0.75135165,0.5687918433657805
2014_15_JAX_BAL,2014,15,0.8635595686012079,14.227054,0.5069805749772341
2014_15_GB_BUF,2014,15,0.42200333383733246,-2.5532098,0.5290839510142211
2014_15_TB_CAR,2014,15,0.7318119129630007,8.0227995,0.6362915576005472
2014_15_CIN_CLE,2014,15,0.4334419139797181,-2.1749325,0.3593157726854128
2014_15_HOU_IND,2014,15,0.6857434196742228,6.2778306,0.47780782842233227
2014_15_OAK_KC,2014,15,0.885359895033621,15.599381,0.6385050574983798
2014_15_MIA_NE,2014,15,0.7927481721229012,10.5879545,0.5334108095741458
2014_15_WAS_NYG,2014,15,0.7236098919652995,7.7022657,0.5215811401391897
2014_15_DEN_SD,2014,15,0.3131378603738115,-6.318766,0.429085469210197
2014_15_NYJ_TEN,2014,15,0.5161783367646079,0.5263421,0.6218345939446321
2014_15_MIN_DET,2014,15,0.6793029126753972,6.0433593,0.4400688568545355
2014_15_SF_SEA,2014,15,0.7678130541431628,9.493726,0.4844381752412612
2014_15_DAL_PHI,2014,15,0.5748476124604931,2.4488666,0.46771744329556214
2014_15_NO_CHI,2014,15,0.4182979282306477,-2.6762,0.5099544386441272
2014_16_TEN_JAX,2014,16,0.5444317006482223,1.4481344,0.42204386928613047
2014_16_PHI_WAS,2014,16,0.21027704369865763,-10.451277,0.39512597869345123
2014_16_SD_SF,2014,16,0.5282400524699404,0.9192715,0.46681058621624877
2014_16_CLE_CAR,2014,16,0.7201811150062184,7.5696616,0.5481429520293162
2014_16_DET_CHI,2014,16,0.2537002879403554,-8.601359,0.5429191073148463
2014_16_BAL_HOU,2014,16,0.41743034426588865,-2.7050312,0.6002279186855082
2014_16_MIN_MIA,2014,16,0.6875929054953385,6.3455396,0.5565517336544321
2014_16_ATL_NO,2014,16,0.701472531795921,6.8593903,0.526403280602449
2014_16_NE_NYJ,2014,16,0.20187926522298022,-10.833629,0.4743870949840217
2014_16_KC_PIT,2014,16,0.5610791699867644,1.9944155,0.4844593658428479
2014_16_GB_TB,2014,16,0.3432072801630085,-5.238554,0.6852951729099299
2014_16_NYG_STL,2014,16,0.5939376412735297,3.0841012,0.38140569714746264
2014_16_IND_DAL,2014,16,0.5761131228096645,2.4907796,0.46900203473136276
2014_16_BUF_OAK,2014,16,0.29070123613358045,-7.1538954,0.495268484345372
2014_16_SEA_ARI,2014,16,0.36317885668186867,-4.5411077,0.6488333127952778
2014_16_DEN_CIN,2014,16,0.38536923727086264,-3.781188,0.4913553444092885
2014_17_CLE_BAL,2014,17,0.8570016000333376,13.844175,0.49520917134068504
2014_17_JAX_HOU,2014,17,0.7571486301803025,9.0460205,0.5167828487910929
2014_17_SD_KC,2014,17,0.6033629768846265,3.4003873,0.5123082483457246
2014_17_NYJ_MIA,2014,17,0.78784156388047,10.3668585,0.6023665748290505
2014_17_CHI_MIN,2014,17,0.7383149590452196,8.280455,0.5393047164086663
2014_17_BUF_NE,2014,17,0.6402403883316405,4.659532,0.5049048072564393
2014_17_PHI_NYG,2014,17,0.5125212039932734,0.407317,0.5431843141843407
2014_17_NO_TB,2014,17,0.36727282179221926,-4.3998094,0.5490746128965878
2014_17_IND_TEN,2014,17,0.2278612554547289,-9.678564,0.4333318173420203
2014_17_DAL_WAS,2014,17,0.3293250255188236,-5.732301,0.5082300115664122
2014_17_CAR_ATL,2014,17,0.5974423691472819,3.2014854,0.5215571829633481
2014_17_OAK_DEN,2014,17,0.8549693911624776,13.727949,0.41541515938006146
2014_17_DET_GB,2014,17,0.7250368967089731,7.757691,0.46186256731439446
2014_17_STL_SEA,2014,17,0.8523298366168747,13.578611,0.5787625357677998
2014_17_ARI_SF,2014,17,0.6515511288837001,5.05412,0.47094396194454924
2014_17_CIN_PIT,2014,17,0.617664016411282,3.8842435,0.5271656884553257
2014_18_ARI_CAR,2014,18,0.6456780742300812,4.848672,0.4799828455040975
2014_18_BAL_PIT,2014,18,0.5069353849285644,0.22558363,0.4153440721945249
2014_18_CIN_IND,2014,18,0.5849197240459889,2.7831955,0.47797252267635626
2014_18_DET_DAL,2014,18,0.6827315208723587,6.1679296,0.5051629764460837
2014_19_BAL_NE,2014,19,0.5896124545440775,2.9395833,0.37716740808391713
2014_19_CAR_SEA,2014,19,0.8416898626801785,12.994053,0.48444822484013295
2014_19_DAL_GB,2014,19,0.6484877944150158,4.9468055,0.4829967786206085
2014_19_IND_DEN,2014,19,0.76146189744556,9.225772,0.49156928311267434
2014_20_GB_SEA,2014,20,0.6207889914733914,3.9906719,0.36409828772600594
2014_20_IND_NE,2014,20,0.7190062676799371,7.5244074,0.5161189026226782
2014_21_NE_SEA,2014,21,0.48681390978561073,-0.42895353,0.5175515778217389
2015_01_PIT_NE,2015,1,0.8013244504201141,11.06916,0.6075358632335282
2015_01_IND_BUF,2015,1,0.4996880549809448,-0.010226496,0.5301628728799453
2015_01_GB_CHI,2015,1,0.28224825792367747,-7.5355268,0.43815884770125385
2015_01_KC_HOU,2015,1,0.48293445909883365,-0.5596304,0.5134303261900354
2015_01_CAR_JAX,2015,1,0.349253975542298,-5.0657754,0.43724742769849284
2015_01_CLE_NYJ,2015,1,0.6630955184411877,5.505094,0.5609238552878085
2015_01_SEA_STL,2015,1,0.4251832042273902,-2.467276,0.5314691040988222
2015_01_MIA_WAS,2015,1,0.3785229414067929,-4.046004,0.4985967202204936
2015_01_NO_ARI,2015,1,0.5703421969022034,2.318109,0.5097025181971904
2015_01_DET_SD,2015,1,0.5509456808339281,1.6747178,0.4445025185199021
2015_01_BAL_DEN,2015,1,0.6323808615081639,4.4227095,0.4976423731612089
2015_01_CIN_OAK,2015,1,0.3442434605599003,-5.2433023,0.43190523917751805
2015_01_TEN_TB,2015,1,0.6816201382004703,6.1761255,0.595939365752216
2015_01_NYG_DAL,2015,1,0.664509035860096,5.5557675,0.45603506359674206
2015_01_PHI_ATL,2015,1,0.5084165506983025,0.27594027,0.6135994911144211
2015_01_MIN_SF,2015,1,0.6542379462855727,5.1893964,0.7217139241560506
2015_02_DEN_KC,2015,2,0.44434697822482344,-1.8304313,0.35593690853205673
2015_02_NE_BUF,2015,2,0.42795358542557127,-2.3748848,0.36899774028294846
2015_02_HOU_CAR,2015,2,0.6172454181883337,3.9007251,0.527453666080253
2015_02_ARI_CHI,2015,2,0.3835364527421821,-3.8739352,0.4430331942487617
2015_02_SD_CIN,2015,2,0.6644100842701639,5.5522175,0.5623441005891686
2015_02_TEN_CLE,2015,2,0.4454721381596727,-1.7931896,0.41544093127844406
2015_02_DET_MIN,2015,2,0.4940157842074043,-0.19618791,0.4183353821440259
2015_02_TB_NO,2015,2,0.7770196458005626,9.968013,0.5142730352986543
2015_02_ATL_NYG,2015,2,0.6326773710185691,4.4330034,0.5737895418727259
2015_02_SF_PIT,2015,2,0.6257741205251071,4.1940413,0.445086301463748
2015_02_STL_WAS,2015,2,0.37528524477696396,-4.157496,0.4647382303191606
2015_02_MIA_JAX,2015,2,0.3501176293676277,-5.03527,0.49892413234574495
2015_02_BAL_OAK,2015,2,0.26030453593842284,-8.401734,0.42714812286402376
2015_02_DAL_PHI,2015,2,0.451602589213388,-1.5905243,0.2556412710843048
2015_02_SEA_GB,2015,2,0.5689147874172992,2.2705886,0.4625536683865172
2015_02_NYJ_IND,2015,2,0.5563924081448294,1.8549124,0.3756451532505554
2015_03_WAS_NYG,2015,3,0.6640513707297926,5.5393515,0.5769754456673193
2015_03_CIN_BAL,2015,3,0.6231583241196634,4.1038623,0.5488012441688642
2015_03_NO_CAR,2015,3,0.7514060355296914,8.879286,0.46585595980171246
2015_03_OAK_CLE,2015,3,0.6880322385984433,6.412144,0.588102303726803
2015_03_ATL_DAL,2015,3,0.646077182109171,4.9011908,0.6172590055378129
2015_03_TB_HOU,2015,3,0.7019147032232204,6.930512,0.5283600477209411
2015_03_SD_MIN,2015,3,0.563984265122068,2.106671,0.48800385570977545
2015_03_JAX_NE,2015,3,0.840779587855901,13.048015,0.45580001752013627
2015_03_PHI_NYJ,2015,3,0.6503905886876453,5.053218,0.5623742429717572
2015_03_PIT_STL,2015,3,0.43742134726476545,-2.0600023,0.39273330733161615
2015_03_IND_TEN,2015,3,0.4098505869500475,-2.9809797,0.5005801882436366
2015_03_SF_ARI,2015,3,0.6461190091479865,4.902662,0.4362967657027875
2015_03_BUF_MIA,2015,3,0.5677101271312999,2.2305071,0.5374796091278451
2015_03_CHI_SEA,2015,3,0.8647902298262257,14.413802,0.4366322677912955
2015_03_DEN_DET,2015,3,0.40711686930403995,-3.0730321,0.4977722674252455
2015_03_KC_GB,2015,3,0.7091013152404951,7.2031446,0.5818723473483176
2015_04_BAL_PIT,2015,4,0.5667967771296079,2.2001321,0.6545405808878442
2015_04_NYJ_MIA,2015,4,0.499150360156893,-0.027853765,0.5749627278208563
2015_04_HOU_ATL,2015,4,0.6263574110385526,4.214177,0.506532884321807
2015_04_NYG_BUF,2015,4,0.6298994826651174,4.336671,0.44939889924211446
2015_04_OAK_CHI,2015,4,0.5695387521390453,2.2913575,0.657108208452038
2015_04_KC_CIN,2015,4,0.6171813116048268,3.898528,0.5121546658327436
2015_04_JAX_IND,2015,4,0.7574649691894625,9.131051,0.6525914765512756
2015_04_CAR_TB,2015,4,0.27039390802266994,-7.9991155,0.3511422481105426
2015_04_PHI_WAS,2015,4,0.4662236201308065,-1.1086173,0.5574935309391218
2015_04_CLE_SD,2015,4,0.739806938970027,8.406226,0.6174059114500059
2015_04_STL_ARI,2015,4,0.7223410657157936,7.713848,0.5217641395442545
2015_04_MIN_DEN,2015,4,0.7157123468272838,7.456734,0.5139292113031522
2015_04_GB_SF,2015,4,0.3208161013029592,-6.0869803,0.5430184966714466
2015_04_DAL_NO,2015,4,0.42004134488322714,-2.6390858,0.33317188475788095
2015_04_DET_SEA,2015,4,0.8426020535444955,13.14666,0.5950664354270877
2015_05_IND_HOU,2015,5,0.4993877227913334,-0.020072293,0.36481782619086445
2015_05_WAS_ATL,2015,5,0.7203730182614512,7.637205,0.5041851752226701
2015_05_CLE_BAL,2015,5,0.7554315610011038,9.046185,0.5920862878586135
2015_05_SEA_CIN,2015,5,0.5801331378938008,2.6449237,0.48917022003948263
2015_05_STL_GB,2015,5,0.8297307110869248,12.465164,0.6191241449562591
2015_05_CHI_KC,2015,5,0.8093213980616056,11.448919,0.5441070298823772
2015_05_NO_PHI,2015,5,0.6037254039674925,3.4396756,0.4074939894364504
2015_05_JAX_TB,2015,5,0.5704824603313304,2.3227801,0.540280885389096
2015_05_BUF_TEN,2015,5,0.3671863689094969,-4.4377346,0.3387870290466922
2015_05_ARI_DET,2015,5,0.4917241095728254,-0.271328,0.6267771100132258
2015_05_NE_DAL,2015,5,0.4030512730937682,-3.2102165,0.6429042714235458
2015_05_DEN_OAK,2015,5,0.24104338035477124,-9.193553,0.37424003012000057
2015_05_SF_NYG,2015,5,0.7634048522280348,9.381199,0.5571861021260285
2015_05_PIT_SD,2015,5,0.49264303534288967,-0.24119705,0.3728603444839108
2015_06_ATL_NO,2015,6,0.3991800528210435,-3.341171,0.48959423126949664
2015_06_CIN_BUF,2015,6,0.4787023661418155,-0.69853234,0.5698424313970972
2015_06_DEN_CLE,2015,6,0.3487949775371122,-5.081999,0.4518607418848778
2015_06_CHI_DET,2015,6,0.6527945645393759,5.1382422,0.549841932003178
2015_06_HOU_JAX,2015,6,0.5109027203176791,0.3574684,0.4349361960462709
2015_06_KC_MIN,2015,6,0.539982892059029,1.3129613,0.4335970416732979
2015_06_WAS_NYJ,2015,6,0.742944030108962,8.533063,0.5314794135743162
2015_06_ARI_PIT,2015,6,0.4918137871352484,-0.26838747,0.6554274386652994
2015_06_MIA_TEN,2015,6,0.5243079528613632,0.7973814,0.4482103106045744
2015_06_CAR_SEA,2015,6,0.7258913853648683,7.8527875,0.5259946780220796
2015_06_SD_GB,2015,6,0.8242525714415558,12.18518,0.5512621833406592
2015_06_BAL_SF,2015,6,0.46950251933461995,-1.0007747,0.5456318266829073
2015_06_NE_IND,2015,6,0.26804505697671743,-8.092158,0.4971888616164445
2015_06_NYG_PHI,2015,6,0.5302692914610582,0.99327224,0.4240013486617843
2015_07_SEA_SF,2015,7,0.31548069392106504,-6.282585,0.5066316331673681
2015_07_BUF_JAX,2015,7,0.31507972172938314,-6.297342,0.41531713488894373
2015_07_MIN_DET,2015,7,0.5237621680679768,0.7794564,0.4932729415117292
2015_07_NO_IND,2015,7,0.5956884481689223,3.1676543,0.4292303407307787
2015_07_PIT_KC,2015,7,0.4812215111590149,-0.61584276,0.3620693492234268
2015_07_HOU_MIA,2015,7,0.6092255436076367,3.6266894,0.4733806558025055
2015_07_NYJ_NE,2015,7,0.8227276919243274,12.1082325,0.6519467660604068
2015_07_CLE_STL,2015,7,0.6329844517022226,4.443667,0.43753189843926327
2015_07_ATL_TEN,2015,7,0.2646542735091424,-8.227201,0.41740947474146345
2015_07_TB_WAS,2015,7,0.6089300378874445,3.6166234,0.518802275340501
2015_07_OAK_SD,2015,7,0.7127751936140474,7.343729,0.6155813909469576
2015_07_DAL_NYG,2015,7,0.5604236717223121,1.9885043,0.46917645798837404
2015_07_PHI_CAR,2015,7,0.6213249827093441,4.0407743,0.5317139013027288
2015_07_BAL_ARI,2015,7,0.6603551631852768,5.407089,0.362726823885624
2015_08_MIA_NE,2015,8,0.8693501770807319,14.691429,0.6955466966039382
2015_08_DET_KC,2015,8,0.640833184274805,4.717251,0.552232226545707
2015_08_TB_ATL,2015,8,0.732733343055642,8.123082,0.503754395176987
2015_08_SD_BAL,2015,8,0.669772677170987,5.7452073,0.5379260135447311
2015_08_MIN_CHI,2015,8,0.3733893375532634,-4.222923,0.40267523260467547
2015_08_ARI_CLE,2015,8,0.3841774830158432,-3.8519833,0.595106642690077
2015_08_TEN_HOU,2015,8,0.668496865829777,5.699181,0.5667681749192965
2015_08_NYG_NO,2015,8,0.5883929525943107,2.9219124,0.4976180611945721
2015_08_CIN_PIT,2015,8,0.5919013409961997,3.0399551,0.5619746043673872
2015_08_SF_STL,2015,8,0.6680123905422568,5.6817217,0.42965271855000065
2015_08_NYJ_OAK,2015,8,0.3850085277387089,-3.8235407,0.4748956248937701
2015_08_SEA_DAL,2015,8,0.416199042422159,-2.7677684,0.552685238438335
2015_08_GB_DEN,2015,8,0.45787219024118747,-1.3836529,0.5340113137660933
2015_08_IND_CAR,2015,8,0.707053061027031,7.1251273,0.5645399296026852
2015_09_CLE_CIN,2015,9,0.8782575927855354,15.253756,0.5684089440755902
2015_09_MIA_BUF,2015,9,0.6060535605867838,3.5187488,0.48532341060776735
2015_09_GB_CAR,2015,9,0.4555368050329811,-1.460668,0.5164469138948521
2015_09_STL_MIN,2015,9,0.5982038840703463,3.2526398,0.5381516990695417
2015_09_WAS_NE,2015,9,0.8778674048090094,15.228531,0.5525733364359885
2015_09_TEN_NO,2015,9,0.7758373453544445,9.916268,0.5882250210332237
2015_09_JAX_NYJ,2015,9,0.7849951788652343,10.321247,0.5853954323472674
2015_09_OAK_PIT,2015,9,0.7592726060302426,9.20682,0.5968481780166406
2015_09_ATL_SF,2015,9,0.3748466326267531,-4.172623,0.6581200208323382
2015_09_NYG_TB,2015,9,0.4272499833011146,-2.3983383,0.4726189681942193
2015_09_DEN_IND,2015,9,0.33238213315911064,-5.6675115,0.43418449449291857
2015_09_PHI_DAL,2015,9,0.5433269675130923,1.4231919,0.6323947580154992
2015_09_CHI_SD,2015,9,0.7500682350014749,8.82414,0.6580291301995106
2015_10_BUF_NYJ,2015,10,0.5321176859724757,1.0540541,0.4559831169274355
2015_10_JAX_BAL,2015,10,0.7921589004107947,10.645069,0.694304915198048
2015_10_DET_GB,2015,10,0.8476040771967606,13.421335,0.5883757774122214
2015_10_MIA_PHI,2015,10,0.6593575697520392,5.371487,0.4960799565653247
2015_10_CLE_PIT,2015,10,0.7984045485242462,10.932811,0.6181812274062024
2015_10_CHI_STL,2015,10,0.6147948882545519,3.8168154,0.38911715050645473
2015_10_DAL_TB,2015,10,0.4309575249401633,-2.2748382,0.4611743221828182
2015_10_CAR_TEN,2015,10,0.25189156898039256,-8.743637,0.34423403379421363
2015_10_NO_WAS,2015,10,0.4628266202816436,-1.2204238,0.49327659548804503
2015_10_MIN_OAK,2015,10,0.5131492011448995,0.43114835,0.4221416891781979
2015_10_KC_DEN,2015,10,0.6825106928736645,6.2087836,0.5670569575028104
2015_10_NE_NYG,2015,10,0.2272155465805754,-9.783367,0.4157338202075025
2015_10_ARI_SEA,2015,10,0.5750066991795739,2.4736137,0.483947651258956
2015_10_HOU_CIN,2015,10,0.8299146223022191,12.474663,0.5750381309749156
2015_11_TEN_JAX,2015,11,0.5583600433514405,1.9200928,0.4670963230520919
2015_11_IND_ATL,2015,11,0.7025708873476403,6.955279,0.6041851040051602
2015_11_STL_BAL,2015,11,0.6824030592215671,6.2048345,0.5967894181778984
2015_11_WAS_CAR,2015,11,0.7806309565589526,10.127041,0.5944849537092549
2015_11_DEN_CHI,2015,11,0.4785300260232061,-0.7041903,0.5546070365796602
2015_11_OAK_DET,2015,11,0.5479265466124373,1.5749745,0.6077067204772268
2015_11_NYJ_HOU,2015,11,0.4245232772531372,-2.4893024,0.5459794653811905
2015_11_DAL_MIA,2015,11,0.515609070934929,0.51184285,0.591066463949425
2015_11_TB_PHI,2015,11,0.7283270484813817,7.94862,0.5289109802503036
2015_11_KC_SD,2015,11,0.4217020540300143,-2.5835466,0.5127011857196045
2015_11_GB_MIN,2015,11,0.4950971744462995,-0.16073339,0.5255831043347077
2015_11_SF_SEA,2015,11,0.822017621588536,12.072544,0.44141777107223434
2015_11_CIN_ARI,2015,11,0.6343928713699097,4.4926143,0.5150229626828257
2015_11_BUF_NE,2015,11,0.832533192997478,12.610629,0.6660367637023051
2015_12_PHI_DET,2015,12,0.5799789256553562,2.6397638,0.48901288466675574
2015_12_CAR_DAL,2015,12,0.4367092697213686,-2.0836413,0.4669828081269206
2015_12_CHI_GB,2015,12,0.7864883895284833,10.388219,0.5873902204852856
2015_12_MIN_ATL,2015,12,0.5557187585152028,1.8326076,0.4948940672488274
2015_12_STL_CIN,2015,12,0.8173393960713631,11.839625,0.5407920707383083
2015_12_NO_HOU,2015,12,0.577518833526999,2.5575068,0.47127541668001927
2015_12_TB_IND,2015,12,0.5647698859560876,2.1327665,0.4735656178718873
2015_12_SD_JAX,2015,12,0.5583671828532496,1.9203295,0.4069198993155531
2015_12_BUF_KC,2015,12,0.7149583798322585,7.427673,0.5885643251136957
2015_12_MIA_NYJ,2015,12,0.6425229497367037,4.776418,0.5084311263552345
2015_12_OAK_TEN,2015,12,0.4782967041861468,-0.7118505,0.5087888890270772
2015_12_NYG_WAS,2015,12,0.4154464281634474,-2.7930052,0.44547770811985465
2015_12_ARI_SF,2015,12,0.26474145222193,-8.223719,0.47793522803425237
2015_12_PIT_SEA,2015,12,0.6982041653724802,6.7909255,0.6140378628256915
2015_12_NE_DEN,2015,12,0.35573313517798655,-4.837584,0.4290730801981319
2015_12_BAL_CLE,2015,12,0.4579810969341242,-1.3800626,0.28627887653951556
2015_13_GB_DET,2015,13,0.4405934116627116,-1.9547802,0.5166263571285717
2015_13_HOU_BUF,2015,13,0.5906418124200609,2.9975493,0.49992524465668425
2015_13_SF_CHI,2015,13,0.7540626596973272,8.989265,0.5903956602859689
2015_13_CIN_CLE,2015,13,0.21859541821289374,-10.1613035,0.41937739414904646
2015_13_BAL_MIA,2015,13,0.5243146534487841,0.79760146,0.4181499279325679
2015_13_SEA_MIN,2015,13,0.4552245650301681,-1.4709686,0.5313568186256428
2015_13_NYJ_NYG,2015,13,0.5007042559930636,0.023087637,0.5614662545897662
2015_13_ARI_STL,2015,13,0.4176162970585454,-2.7202725,0.523770422110724
2015_13_ATL_TB,2015,13,0.48352027576503187,-0.54040855,0.4531203882061022
2015_13_JAX_TEN,2015,13,0.5262736189895895,0.8619517,0.435071134225661
2015_13_KC_OAK,2015,13,0.33102258232956594,-5.7165093,0.41772863580499064
2015_13_DEN_SD,2015,13,0.33805438626314593,-5.463932,0.5163474320930886
2015_13_PHI_NE,2015,13,0.8671257732897721,14.555181,0.6504461526479794
2015_13_CAR_NO,2015,13,0.29585226123256597,-7.0148973,0.45389328143019747
2015_13_IND_PIT,2015,13,0.729581596223285,7.998147,0.4391738555956599
2015_13_DAL_WAS,2015,13,0.5951736389929014,3.1502776,0.5350424389072531
2015_14_MIN_ARI,2015,14,0.7767731237732984,9.957211,0.49869476922671957
2015_14_SEA_BAL,2015,14,0.417791237247529,-2.7144125,0.7241770222981851
2015_14_ATL_CAR,2015,14,0.8096294314031571,11.46374,0.5896369582973676
2015_14_WAS_CHI,2015,14,0.7202019348552815,7.6305547,0.6093389921982506
2015_14_PIT_CIN,2015,14,0.6837022229956,6.2525396,0.6560165195716445
2015_14_SF_CLE,2015,14,0.5007399742658927,0.024258591,0.4249295509750247
2015_14_IND_JAX,2015,14,0.4871805714510861,-0.4203317,0.45675976470639545
2015_14_SD_KC,2015,14,0.8363695027809703,12.812323,0.5399635079894567
2015_14_TEN_NYJ,2015,14,0.7831678378520149,10.239656,0.5679851692027809
2015_14_BUF_PHI,2015,14,0.446843246702122,-1.7478267,0.4167939628962633
2015_14_DET_STL,2015,14,0.4020680581411981,-3.2434454,0.49257446466717425
2015_14_NO_TB,2015,14,0.6320873617665375,4.412523,0.45169485373876617
2015_14_OAK_DEN,2015,14,0.6303976527994314,4.353929,0.4499211390344396
2015_14_DAL_GB,2015,14,0.7231082545093184,7.743798,0.5530349465727957
2015_14_NE_HOU,2015,14,0.32828302802186465,-5.815487,0.44479843044314427
2015_14_NYG_MIA,2015,14,0.4832909998557108,-0.54793143,0.5593247915742431
2015_15_TB_STL,2015,15,0.5078772921124041,0.25825807,0.47738631500539996
2015_15_NYJ_DAL,2015,15,0.4888843969879066,-0.36445,0.579852973385043
2015_15_KC_BAL,2015,15,0.35573349048259206,-4.8375716,0.5505738459628882
2015_15_HOU_IND,2015,15,0.6038183510736826,3.4428303,0.528734840138796
2015_15_ATL_JAX,2015,15,0.5764967862750888,2.5233629,0.515960198784153
2015_15_CHI_MIN,2015,15,0.6195151525636216,3.9785874,0.49934683829376714
2015_15_TEN_NE,2015,15,0.8549340344312049,13.834887,0.47972037859956873
2015_15_CAR_NYG,2015,15,0.30300217254939865,-6.7457113,0.4318328307438001
2015_15_BUF_WAS,2015,15,0.39745077566601283,-3.3997762,0.4725752104874519
2015_15_GB_OAK,2015,15,0.41270212109389465,-2.885117,0.5339668147464078
2015_15_CLE_SEA,2015,15,0.8871688659286155,15.846053,0.5409871100047147
2015_15_DEN_PIT,2015,15,0.6677608596127624,5.6726613,0.44444039710860406
2015_15_MIA_SD,2015,15,0.6052298370527023,3.4907575,0.5755203103676194
2015_15_CIN_SF,2015,15,0.2747604112275393,-7.8272142,0.47478379116823954
2015_15_ARI_PHI,2015,15,0.3842359564019683,-3.8499818,0.48932556511062114
2015_15_DET_NO,2015,15,0.5140576814614242,0.4609484,0.4380526239817073
2015_16_SD_OAK,2015,16,0.5109734713496195,0.35978872,0.39037760900697094
2015_16_WAS_PHI,2015,16,0.534744290314227,1.1404659,0.42841423109434734
2015_16_CAR_ATL,2015,16,0.2866904642901793,-7.364246,0.4888906205148339
2015_16_PIT_BAL,2015,16,0.32521139564020424,-5.92686,0.6509544176896638
2015_16_DAL_BUF,2015,16,0.6869962606435022,6.373872,0.4961526939441975
2015_16_SF_DET,2015,16,0.7452150766756408,8.625387,0.50382470377274
2015_16_CLE_KC,2015,16,0.8648149465247339,14.41529,0.5881959067814003
2015_16_IND_MIA,2015,16,0.6174270190039727,3.9069495,0.5428344084884988
2015_16_NE_NYJ,2015,16,0.31209004925949946,-6.407624,0.38255331680654164
2015_16_CHI_TB,2015,16,0.6015584677476998,3.3661911,0.5111686937260065
2015_16_HOU_TEN,2015,16,0.3477996023169154,-5.1172075,0.4507947526235764
2015_16_JAX_NO,2015,16,0.5746188210930119,2.4606698,0.498800287266814
2015_16_GB_ARI,2015,16,0.6814244086072885,6.168953,0.5051535318027484
2015_16_STL_SEA,2015,16,0.8868706468907577,15.825705,0.6439284053304439
2015_16_NYG_MIN,2015,16,0.573638751711715,2.427974,0.3633259552695389
2015_16_CIN_DEN,2015,16,0.5298986473424285,0.9810868,0.42363644606185025
2015_17_NO_ATL,2015,17,0.5704533655733854,2.3218112,0.38926362420915367
2015_17_NYJ_BUF,2015,17,0.4987431314957492,-0.04120399,0.5745626696986039
2015_17_DET_CHI,2015,17,0.4942613757390045,-0.18813582,0.5701546686967565
2015_17_BAL_CIN,2015,17,0.8159968316429016,11.773473,0.553931994556545
2015_17_PIT_CLE,2015,17,0.24501662515483674,-9.02753,0.6193369785101911
2015_17_WAS_DAL,2015,17,0.501341455237794,0.04397701,0.4105924969316074
2015_17_JAX_HOU,2015,17,0.6180939213859091,3.9298165,0.46739192955362135
2015_17_TEN_IND,2015,17,0.7389538395282911,8.371871,0.6452431157928963
2015_17_NE_MIA,2015,17,0.2964524136303731,-6.992189,0.5909466941720263
2015_17_PHI_NYG,2015,17,0.6099884905464282,3.6526887,0.4894069968775907
2015_17_SEA_ARI,2015,17,0.5762256470768746,2.5143077,0.39491927210991806
2015_17_TB_CAR,2015,17,0.8331782048956604,12.64433,0.5801153951212737
2015_17_SD_DEN,2015,17,0.618528588614965,3.9447267,0.3216844861020488
2015_17_OAK_KC,2015,17,0.8407995366289849,13.04909,0.6917269646884479
2015_17_STL_SF,2015,17,0.3964009506135414,-3.4353878,0.4867215502246526
2015_17_MIN_GB,2015,17,0.5577004459843721,1.8982376,0.4664319743426853
2015_18_KC_HOU,2015,18,0.446526464618356,-1.7583054,0.5378193454785813
2015_18_PIT_CIN,2015,18,0.5743455361962951,2.4515512,0.6332114336421759
2015_18_SEA_MIN,2015,18,0.33182909707955965,-5.6874332,0.44866964481118926
2015_18_GB_WAS,2015,18,0.5570097335887821,1.875357,0.4961979966986199
2015_19_KC_NE,2015,19,0.5952491417361312,3.1528258,0.41383205263764117
2015_19_GB_ARI,2015,19,0.6668984749128207,5.6416173,0.4586387981871001
2015_19_SEA_CAR,2015,19,0.5536706725814745,1.7648271,0.4775863758345038
2015_19_PIT_DEN,2015,19,0.5052275239550782,0.17137884,0.30079175636883293
2015_20_NE_DEN,2015,20,0.5105904677479578,0.3472281,0.5861695542614244
2015_20_ARI_CAR,2015,20,0.6971820134485297,6.75261,0.598203010939212
2015_21_CAR_DEN,2015,21,0.32599629772671246,-5.89836,0.45742610717164367
2016_01_CAR_DEN,2016,1,0.4491835245214101,-1.6679808,0.5406210366255668
2016_01_TB_ATL,2016,1,0.6037974605971209,3.4370384,0.52860078155894
2016_01_BUF_BAL,2016,1,0.45416901522947295,-1.503574,0.3651005727788076
2016_01_CHI_HOU,2016,1,0.550721412084586,1.6648434,0.3845033649709301
2016_01_GB_JAX,2016,1,0.3958945872689065,-3.4474754,0.5016045540178538
2016_01_SD_KC,2016,1,0.7569849016180714,9.0975275,0.5788310094068849
2016_01_OAK_NO,2016,1,0.6221519859639612,4.0632124,0.5476403431688324
2016_01_CIN_NYJ,2016,1,0.49091506369148674,-0.2974174,0.4604306609447004
2016_01_CLE_PHI,2016,1,0.618398001872597,3.9344285,0.5132687863972695
2016_01_MIN_TEN,2016,1,0.3306599935563911,-5.72113,0.4025873354400724
2016_01_MIA_SEA,2016,1,0.8377087836801013,12.864432,0.5718376886840941
2016_01_NYG_DAL,2016,1,0.49871775554388875,-0.041973826,0.46820277351741757
2016_01_DET_IND,2016,1,0.4999004500007887,-0.003258729,0.42399437800515133
2016_01_NE_ARI,2016,1,0.631156795170309,4.373775,0.3615758100808033
2016_01_PIT_WAS,2016,1,0.4043965076565056,-3.160113,0.479842973178903
2016_01_LA_SF,2016,1,0.46061862583574037,-1.2912341,0.5368735919567199
2016_02_NYJ_BUF,2016,2,0.4854106507044681,-0.47768292,0.43981445220381366
2016_02_TB_ARI,2016,2,0.7523388511321701,8.904662,0.5428280337906812
2016_02_SF_CAR,2016,2,0.8076558632349903,11.35225,0.48022017976720544
2016_02_BAL_CLE,2016,2,0.37179968395475527,-4.271546,0.49170521813492263
2016_02_TEN_DET,2016,2,0.7548194978814832,9.007394,0.5910664128421963
2016_02_KC_HOU,2016,2,0.46349652679444286,-1.1965986,0.4939943895260263
2016_02_MIA_NE,2016,2,0.6811023582962382,6.1480637,0.519789393375279
2016_02_NO_NYG,2016,2,0.6221705291464212,4.0638494,0.5172195293627971
2016_02_CIN_PIT,2016,2,0.6251909600205459,4.1677566,0.5356259858942392
2016_02_DAL_WAS,2016,2,0.6063317864512362,3.5229974,0.5007025401660585
2016_02_SEA_LA,2016,2,0.23609960781699624,-9.388339,0.3829482124731435
2016_02_IND_DEN,2016,2,0.5934915412968754,3.0889719,0.44182822375292435
2016_02_ATL_OAK,2016,2,0.586379012365477,2.8500452,0.4649156981594043
2016_02_JAX_SD,2016,2,0.6567045294127329,5.269206,0.5689740745789178
2016_02_GB_MIN,2016,2,0.588166820538005,2.9100091,0.6322028423876894
2016_02_PHI_CHI,2016,2,0.6030792285177531,3.412705,0.5126055100285068
2016_03_HOU_NE,2016,3,0.6050074432278664,3.4780595,0.5752496927916528
2016_03_ARI_BUF,2016,3,0.4413343041731204,-1.927372,0.5930059616569008
2016_03_MIN_CAR,2016,3,0.6921090600770714,6.553602,0.5169067759564973
2016_03_DEN_CIN,2016,3,0.5319849694202734,1.0481392,0.425536514429953
2016_03_DET_GB,2016,3,0.6175655049662954,3.905921,0.4363016588831937
2016_03_BAL_JAX,2016,3,0.394395984914257,-3.4982975,0.42414318506297205
2016_03_CLE_MIA,2016,3,0.7177025130295334,7.5224977,0.4247670248393764
2016_03_WAS_NYG,2016,3,0.591247186118036,3.0134706,0.4851405880255155
2016_03_OAK_TEN,2016,3,0.526495692836013,0.8679643,0.5719438298609072
2016_03_SF_SEA,2016,3,0.8186236574484875,11.885613,0.5422494319296904
2016_03_LA_TB,2016,3,0.625017529026616,4.161783,0.520207981613808
2016_03_SD_IND,2016,3,0.5270109771935633,0.88487005,0.4812155131777466
2016_03_NYJ_KC,2016,3,0.6135524423033217,3.768759,0.5234710480925916
2016_03_PIT_PHI,2016,3,0.35205215445601074,-4.959706,0.45550053445583727
2016_03_CHI_DAL,2016,3,0.6818303511725446,6.1747,0.4900635219583843
2016_03_ATL_NO,2016,3,0.639551130928508,4.665525,0.5658520869635779
2016_04_MIA_CIN,2016,4,0.7658821051111894,9.472533,0.5600300202847378
2016_04_IND_JAX,2016,4,0.5044041739639316,0.14417177,0.47387424411127
2016_04_CAR_ATL,2016,4,0.3776999935960103,-4.0682983,0.45220540043924073
2016_04_OAK_BAL,2016,4,0.632259652723929,4.411978,0.5278371267668666
2016_04_DET_CHI,2016,4,0.4660281288391925,-1.1134028,0.5574332885165678
2016_04_TEN_HOU,2016,4,0.619454645988614,3.9706385,0.49910304489191054
2016_04_BUF_NE,2016,4,0.6473127497907942,4.937369,0.5438212848916978
2016_04_SEA_NYJ,2016,4,0.46544439309607477,-1.132582,0.4959498605688892
2016_04_CLE_WAS,2016,4,0.7369765885401833,8.280222,0.5238206105556927
2016_04_DEN_TB,2016,4,0.27655850749117106,-7.745365,0.3725580623221426
2016_04_LA_ARI,2016,4,0.7695731496056385,9.63041,0.48871101106979414
2016_04_NO_SD,2016,4,0.6476831699909206,4.950395,0.529007747201117
2016_04_DAL_SF,2016,4,0.47046443135590704,-0.9677198,0.5009861180306866
2016_04_KC_PIT,2016,4,0.5365305473272767,1.1974887,0.44510992561629453
2016_04_NYG_MIN,2016,4,0.6231573054763251,4.0977674,0.5182546534059389
2016_05_ARI_SF,2016,5,0.3907814353951381,-3.6210968,0.4963006991207324
2016_05_WAS_BAL,2016,5,0.5659603082287723,2.1691167,0.444251545697409
2016_05_NE_CLE,2016,5,0.253638063631899,-8.6593685,0.540882756776685
2016_05_PHI_DET,2016,5,0.4367595269055332,-2.0788984,0.5433273069568816
2016_05_CHI_IND,2016,5,0.661993706514236,5.457582,0.5444349886250756
2016_05_TEN_MIA,2016,5,0.6579204010961692,5.3124113,0.5852560473681248
2016_05_HOU_MIN,2016,5,0.7389197406900504,8.358139,0.5716485536783569
2016_05_NYJ_PIT,2016,5,0.6551026803443681,5.2123733,0.3569553056293938
2016_05_ATL_DEN,2016,5,0.5755937886676251,2.489529,0.4691621742859944
2016_05_CIN_DAL,2016,5,0.4942398551760824,-0.18856256,0.5702445002480884
2016_05_BUF_LA,2016,5,0.43378617787074314,-2.177531,0.509850014468149
2016_05_SD_OAK,2016,5,0.5419249709106748,1.3749329,0.4353672834375229
2016_05_NYG_GB,2016,5,0.7267658329009525,7.875498,0.5267253180293022
2016_05_TB_CAR,2016,5,0.7769611648932255,9.950734,0.6188739293493996
2016_06_DEN_SD,2016,6,0.43612159732681244,-2.1000497,0.5274705850601377
2016_06_SF_BUF,2016,6,0.7395749088524437,8.384478,0.5269990172564771
2016_06_JAX_CHI,2016,6,0.6072941616720706,3.5556788,0.5322145491855608
2016_06_LA_DET,2016,6,0.6872950349027036,6.375476,0.6166758172544491
2016_06_PIT_MIA,2016,6,0.22108275052098308,-10.036549,0.42299617223955716
2016_06_CIN_NE,2016,6,0.7610154516055907,9.266462,0.5537990570950245
2016_06_CAR_NO,2016,6,0.42176102955790484,-2.577763,0.49762445136811495
2016_06_BAL_NYG,2016,6,0.5537343870540472,1.764326,0.44713306871068903
2016_06_CLE_TEN,2016,6,0.7262716471169447,7.856104,0.5108771706798747
2016_06_PHI_WAS,2016,6,0.44569155624221485,-1.7832916,0.5371151829559835
2016_06_KC_OAK,2016,6,0.42388812613307314,-2.5068014,0.45407107674054115
2016_06_DAL_GB,2016,6,0.564075752640363,2.1065943,0.4123280248826423
2016_06_ATL_SEA,2016,6,0.7032414651144359,6.970307,0.49909291373246173
2016_06_IND_HOU,2016,6,0.5553714378936759,1.8184208,0.46395345388640785
2016_06_NYJ_ARI,2016,6,0.6879357322371514,6.3991137,0.4664091198091102
2016_07_CHI_GB,2016,7,0.7122902242438958,7.3143063,0.4943274848334947
2016_07_NYG_LA,2016,7,0.495222728111779,-0.1563858,0.5861871652999837
2016_07_CLE_CIN,2016,7,0.8280053869106656,12.358097,0.5261949173089865
2016_07_WAS_DET,2016,7,0.6214235615811443,4.0381923,0.6501761165503456
2016_07_OAK_JAX,2016,7,0.5432609654375203,1.4189171,0.49752303578146906
2016_07_NO_KC,2016,7,0.637827140659073,4.605421,0.4574782310118941
2016_07_BUF_MIA,2016,7,0.3216425369919707,-6.0478606,0.3929360003456227
2016_07_BAL_NYJ,2016,7,0.5291694832020035,0.95570356,0.4681320465034028
2016_07_MIN_PHI,2016,7,0.47862718861963605,-0.6999653,0.5548151327097958
2016_07_IND_TEN,2016,7,0.4898248029393643,-0.33311707,0.3700181198882794
2016_07_SD_ATL,2016,7,0.6840446369276703,6.2558756,0.5534785734339247
2016_07_TB_SF,2016,7,0.5744686236705493,2.4520319,0.5442664875716786
2016_07_NE_PIT,2016,7,0.45358343245089067,-1.522872,0.6764139672471366
2016_07_SEA_ARI,2016,7,0.5812892195019906,2.6796556,0.5054880742632908
2016_07_HOU_DEN,2016,7,0.6943249140628799,6.6360016,0.44324999275123117
2016_08_JAX_TEN,2016,8,0.6557247879206066,5.2344337,0.5679274976140307
2016_08_WAS_CIN,2016,8,0.6346736798448293,4.4957323,0.5455930046665994
2016_08_NE_BUF,2016,8,0.4553371968717417,-1.4650862,0.6213280739001377
2016_08_ARI_CAR,2016,8,0.5911341267196587,3.00967,0.5155658157050171
2016_08_NYJ_CLE,2016,8,0.3330545755671188,-5.6349735,0.40514250451463385
2016_08_DET_HOU,2016,8,0.43342792782264666,-2.1894233,0.40352719055243713
2016_08_KC_IND,2016,8,0.4144038265399064,-2.8238075,0.5053822929480335
2016_08_SEA_NO,2016,8,0.37048250015303874,-4.3170586,0.39974723866135015
2016_08_OAK_TB,2016,8,0.5535146027956845,1.7570657,0.5231144399995855
2016_08_SD_DEN,2016,8,0.5475422787328043,1.5599792,0.4409521108542066
2016_08_GB_ATL,2016,8,0.582901865249694,2.7335908,0.4918621053329458
2016_08_PHI_DAL,2016,8,0.5634145609809115,2.0846698,0.4116746203788405
2016_08_MIN_CHI,2016,8,0.29577407446269544,-7.0074944,0.454050044480735
2016_09_ATL_TB,2016,9,0.37556041751393165,-4.141884,0.5109386194506886
2016_09_PIT_BAL,2016,9,0.37222003375823487,-4.2570324,0.4768865743265086
2016_09_DAL_CLE,2016,9,0.2335686718498312,-9.495937,0.42421397717388454
2016_09_JAX_KC,2016,9,0.7392835307081016,8.37276,0.5418589539027099
2016_09_NYJ_MIA,2016,9,0.5834243140634995,2.7510743,0.47713381258271026
2016_09_DET_MIN,2016,9,0.4993452236042528,-0.021433849,0.37906458941995175
2016_09_PHI_NYG,2016,9,0.47949994520997236,-0.67135656,0.3893047646927224
2016_09_CAR_LA,2016,9,0.3937298139015389,-3.520906,0.4840912074262428
2016_09_NO_SF,2016,9,0.4620458179058714,-1.2442949,0.6131698707653006
2016_09_IND_GB,2016,9,0.7031935793518183,6.9684997,0.4837678256652704
2016_09_TEN_SD,2016,9,0.6080347391405934,3.5808432,0.5024696409179601
2016_09_DEN_OAK,2016,9,0.4188089577088516,-2.6763735,0.3891574504332407
2016_09_BUF_SEA,2016,9,0.6767665246275304,5.989946,0.5149637099318517
2016_10_CLE_BAL,2016,10,0.6804140909164215,6.1229043,0.45800932258760085
2016_10_KC_CAR,2016,10,0.5369792390887594,1.212239,0.44555629309689004
2016_10_HOU_JAX,2016,10,0.49423934955747867,-0.18857911,0.40355222251629747
2016_10_DEN_NO,2016,10,0.5536989425153359,1.763155,0.4622723781312017
2016_10_LA_NYJ,2016,10,0.6135593533961992,3.7689948,0.642512366310188
2016_10_ATL_PHI,2016,10,0.5035887722785113,0.117478594,0.4426899307301316
2016_10_CHI_TB,2016,10,0.5129164892129328,0.42288995,0.5885506230800747
2016_10_GB_TEN,2016,10,0.4430381088250916,-1.8710055,0.5344464234218478
2016_10_MIN_WAS,2016,10,0.561845423082885,2.0326626,0.4857264875723176
2016_10_MIA_SD,2016,10,0.6129571437016974,3.7484481,0.49231588734515136
2016_10_SF_ARI,2016,10,0.7789200280974143,10.036671,0.3807585681427901
2016_10_DAL_PIT,2016,10,0.47316425597876866,-0.87912077,0.38321763725298136
2016_10_SEA_NE,2016,10,0.6622596617037658,5.467084,0.43814692689738044
2016_10_CIN_NYG,2016,10,0.49272341352954896,-0.2382093,0.5232585400380827
2016_11_NO_CAR,2016,11,0.5774431195044138,2.551204,0.47104097347307866
2016_11_BUF_CIN,2016,11,0.5531864363075366,1.7462263,0.47698595719536707
2016_11_PIT_CLE,2016,11,0.21448307149100082,-10.329342,0.4292171080820918
2016_11_BAL_DAL,2016,11,0.6724294551367337,5.8326573,0.46438660762663514
2016_11_JAX_DET,2016,11,0.7265326194429185,7.866343,0.5718951080578982
2016_11_TEN_IND,2016,11,0.48112236895068766,-0.61818236,0.3908671176613444
2016_11_TB_KC,2016,11,0.700889446392589,6.881688,0.4963857727399296
2016_11_ARI_MIN,2016,11,0.5550331423646367,1.8072395,0.4941116280343171
2016_11_CHI_NYG,2016,11,0.6620517324762517,5.459655,0.45305330615712275
2016_11_MIA_LA,2016,11,0.5231823717284505,0.75929314,0.49264712954915557
2016_11_PHI_SEA,2016,11,0.7531754409293447,8.939246,0.5740848236002134
2016_11_NE_SF,2016,11,0.2602550723185733,-8.391318,0.5641386956979403
2016_11_GB_WAS,2016,11,0.6631867980159476,5.5002303,0.590853289399084
2016_11_HOU_OAK,2016,11,0.660476600799996,5.403435,0.46654067197914656
2016_12_MIN_DET,2016,12,0.5407936802283447,1.3377002,0.47977625920127753
2016_12_WAS_DAL,2016,12,0.6075560048969175,3.5645745,0.4410909539052339
2016_12_PIT_IND,2016,12,0.4190852850501778,-2.6671367,0.6584953810335719
2016_12_ARI_ATL,2016,12,0.6191519443998993,3.960262,0.5140575070345357
2016_12_CIN_BAL,2016,12,0.49683530875255755,-0.10359597,0.3912960010842784
2016_12_JAX_BUF,2016,12,0.752502484537934,8.911422,0.5125663303716874
2016_12_TEN_CHI,2016,12,0.426653846259331,-2.414645,0.6227962877313781
2016_12_NYG_CLE,2016,12,0.23271944305887415,-9.532186,0.4081962120360384
2016_12_SD_HOU,2016,12,0.48951365454020734,-0.3433058,0.5655859873524522
2016_12_SF_MIA,2016,12,0.6863061325184501,6.3390326,0.4798169101794847
2016_12_LA_NO,2016,12,0.7272243773530451,7.893509,0.512019375110194
2016_12_SEA_TB,2016,12,0.3213828541670456,-6.057325,0.467735330626043
2016_12_NE_NYJ,2016,12,0.3510126459545393,-4.996298,0.6204187057891568
2016_12_CAR_OAK,2016,12,0.49513145535040987,-0.15937379,0.3896566846957409
2016_12_KC_DEN,2016,12,0.5180593869391896,0.59136873,0.4118742385569171
2016_12_GB_PHI,2016,12,0.6012620998292764,3.3511934,0.4801879395638705
2016_13_DAL_MIN,2016,13,0.4365363651108416,-2.086297,0.5278897007282578
2016_13_KC_ATL,2016,13,0.5775872314695383,2.5560126,0.42577284852049835
2016_13_MIA_BAL,2016,13,0.5553276533276887,1.8169734,0.44872766197704506
2016_13_SF_CHI,2016,13,0.6568586680250933,5.27468,0.6568586654013439
2016_13_PHI_CIN,2016,13,0.5752276823167934,2.477326,0.5450343441021314
2016_13_HOU_GB,2016,13,0.6979198770728847,6.7702513,0.4929818322535017
2016_13_DEN_JAX,2016,13,0.42981057036642645,-2.3096063,0.5363147082840567
2016_13_LA_NE,2016,13,0.8676941125339883,14.568298,0.5477945995607593
2016_13_DET_NO,2016,13,0.6790357669301822,6.072589,0.4869454687282658
2016_13_BUF_OAK,2016,13,0.5443803940268191,1.4557837,0.4529358713308399
2016_13_WAS_ARI,2016,13,0.5540324528950193,1.7741729,0.4778383208668947
2016_13_NYG_PIT,2016,13,0.7465305506506249,8.666246,0.5507639237095365
2016_13_TB_SD,2016,13,0.6250577928547743,4.16317,0.5202502872978981
2016_13_CAR_SEA,2016,13,0.7068550266643024,7.1070876,0.45752885273759736
2016_13_IND_NYJ,2016,13,0.5701382493109414,2.3079045,0.5398881160308631
2016_14_OAK_KC,2016,14,0.6447987815897541,4.8490906,0.5411398045430286
2016_14_PIT_BUF,2016,14,0.45206371550800056,-1.57297,0.4825021122755307
2016_14_SD_CAR,2016,14,0.6452534716869569,4.8650403,0.6163707205639353
2016_14_CIN_CLE,2016,14,0.2608038922005743,-8.369246,0.3689740348959819
2016_14_CHI_DET,2016,14,0.6347625122311169,4.498818,0.4091183928443417
2016_14_HOU_IND,2016,14,0.697846052200122,6.767487,0.5081708159614766
2016_14_MIN_JAX,2016,14,0.4334981056418349,-2.1870935,0.5248172262415937
2016_14_ARI_MIA,2016,14,0.5701888619452102,2.3095875,0.6293013768855531
2016_14_WAS_PHI,2016,14,0.47955549060492364,-0.66953593,0.5253525265942183
2016_14_DEN_TEN,2016,14,0.5937456761560043,3.0975275,0.5334886347298919
2016_14_NYJ_SF,2016,14,0.5968072647404895,3.200704,0.5061310121726451
2016_14_SEA_GB,2016,14,0.3868393933860735,-3.755389,0.4769366945829025
2016_14_ATL_LA,2016,14,0.3441705371598438,-5.238147,0.47746256102480855
2016_14_NO_TB,2016,14,0.5229691047990115,0.7523002,0.4619422754022467
2016_14_DAL_NYG,2016,14,0.4028888348253343,-3.2109566,0.5088291861742003
2016_14_BAL_NE,2016,14,0.785630095356236,10.334408,0.6300191980313143
2016_15_LA_SEA,2016,15,0.8612806423125198,14.1834955,0.4750730739113066
2016_15_MIA_NYJ,2016,15,0.49637018308329667,-0.118822224,0.5723408657306547
2016_15_PHI_BAL,2016,15,0.6054668227970345,3.4936426,0.4540845484517485
2016_15_CLE_BUF,2016,15,0.862476636817094,14.254315,0.6131291351801272
2016_15_GB_CHI,2016,15,0.40662670732787504,-3.0849912,0.5431422741999371
2016_15_PIT_CIN,2016,15,0.48794832883378286,-0.3945666,0.5790677797300148
2016_15_JAX_HOU,2016,15,0.6420729064404714,4.7536206,0.5382377707507875
2016_15_TEN_KC,2016,15,0.6197099003034681,3.9793901,0.43851836561034985
2016_15_IND_MIN,2016,15,0.6297132457223551,4.323827,0.4793529989677974
2016_15_DET_NYG,2016,15,0.5573844478012994,1.8849816,0.4356702412298921
2016_15_NO_ARI,2016,15,0.5568492925930304,1.8672818,0.465440246771327
2016_15_SF_ATL,2016,15,0.8431133944890964,13.15502,0.4894625204142343
2016_15_NE_DEN,2016,15,0.5202916001842327,0.66452396,0.61049458089567
2016_15_OAK_SD,2016,15,0.5674123658190772,2.2173243,0.6410346521667056
2016_15_TB_DAL,2016,15,0.653095000705507,5.1412807,0.4434096315801037
2016_15_CAR_WAS,2016,15,0.6624739443033184,5.4747415,0.45351102029629087
2016_16_NYG_PHI,2016,16,0.5363951217497359,1.1930369,0.47536398870539953
2016_16_MIA_BUF,2016,16,0.7278496986971141,7.918095,0.6032383565298958
2016_16_ATL_CAR,2016,16,0.4764515583816667,-0.77129686,0.5677549751954492
2016_16_WAS_CHI,2016,16,0.4390899855073649,-2.001675,0.5304678768798924
2016_16_SD_CLE,2016,16,0.3068084111858106,-6.5938244,0.4363093381819544
2016_16_MIN_GB,2016,16,0.7101842726338947,7.2338004,0.5376350282644963
2016_16_TEN_JAX,2016,16,0.3885563354194477,-3.6968505,0.5092599967409414
2016_16_NYJ_NE,2016,16,0.8795732162517857,15.316576,0.4487156210134385
2016_16_IND_OAK,2016,16,0.6196679385140325,3.9779513,0.5145975417592196
2016_16_SF_LA,2016,16,0.5155851380327746,0.510303,0.3371077217929074
2016_16_TB_NO,2016,16,0.6488172854803211,4.990309,0.5605668255974258
2016_16_ARI_SEA,2016,16,0.7696599781924516,9.634141,0.5193645851854424
2016_16_CIN_HOU,2016,16,0.4837199236527298,-0.5330697,0.393371541154119
2016_16_BAL_PIT,2016,16,0.7189129215952716,7.569319,0.5629514964957903
2016_16_DEN_KC,2016,16,0.647277947234886,4.9361453,0.5437841321040334
2016_16_DET_DAL,2016,16,0.7001800332735182,6.855021,0.5108441018149794
2016_17_BAL_CIN,2016,17,0.603729458251943,3.434734,0.6752468092175494
2016_17_JAX_IND,2016,17,0.7188354032151503,7.5663166,0.5628609266744746
2016_17_NE_MIA,2016,17,0.2598951997430885,-8.405805,0.4723509984002034
2016_17_CHI_MIN,2016,17,0.7239135617071386,7.7637978,0.5537183981721174
2016_17_BUF_NYJ,2016,17,0.4036296328720142,-3.1859684,0.509592339368269
2016_17_DAL_PHI,2016,17,0.46990114415540285,-0.9862104,0.28323729936365394
2016_17_CLE_PIT,2016,17,0.736306415098996,8.253417,0.6420670843508743
2016_17_CAR_TB,2016,17,0.54987337292624,1.6368605,0.44327596533746716
2016_17_HOU_TEN,2016,17,0.620562473110586,4.008635,0.5307819037338608
2016_17_NO_ATL,2016,17,0.7057956739715522,7.0669093,0.48677205812651864
2016_17_OAK_DEN,2016,17,0.5795200315226563,2.620537,0.5493785743669772
2016_17_ARI_LA,2016,17,0.31228885602302175,-6.3908253,0.5186027622499596
2016_17_KC_SD,2016,17,0.41873248080005826,-2.67893,0.585514476182672
2016_17_SEA_SF,2016,17,0.25781106430352646,-8.489906,0.59114672969288
2016_17_NYG_WAS,2016,17,0.699810706628681,6.8411493,0.40443396170052326
2016_17_GB_DET,2016,17,0.5213874113764269,0.7004439,0.6261395560308705
2016_18_OAK_HOU,2016,18,0.6002403436532793,3.3166387,0.4791337095471145
2016_18_DET_SEA,2016,18,0.7435891114390651,8.546605,0.5166932128021863
2016_18_MIA_PIT,2016,18,0.741611988597435,8.466589,0.4230902326424085
2016_18_NYG_GB,2016,18,0.7244216496448118,7.7836533,0.5843974610460398
2016_19_SEA_ATL,2016,19,0.588353431756969,2.9162717,0.39188038219195015
2016_19_HOU_NE,2016,19,0.882868945221299,15.533299,0.4857459290517434
2016_19_GB_DAL,2016,19,0.5718589122932418,2.3651385,0.4051458304796013
2016_19_PIT_KC,2016,19,0.5554987607715053,1.8226292,0.47931646363013697
2016_20_GB_ATL,2016,20,0.7187085491432619,7.561406,0.5323889367756578
2016_20_PIT_NE,2016,20,0.7590286596486837,9.182997,0.6110370072901179
2016_21_NE_ATL,2016,21,0.5527606116347921,1.732163,0.6414592377967836
2017_01_KC_NE,2017,1,0.7592656273933622,9.139936,0.5349805725854996
2017_01_NYJ_BUF,2017,1,0.7351489097780126,8.159889,0.5355912388639454
2017_01_ATL_CHI,2017,1,0.27642198940017915,-7.7060127,0.46299744764661094
2017_01_BAL_CIN,2017,1,0.6777038021417714,5.9893236,0.6059357807162153
2017_01_PIT_CLE,2017,1,0.1858937145010609,-11.59634,0.4510743807895212
2017_01_ARI_DET,2017,1,0.5472678658837258,1.5419917,0.6222164823699996
2017_01_JAX_HOU,2017,1,0.5243108440388466,0.7917083,0.3584426797610736
2017_01_OAK_TEN,2017,1,0.5978569127813644,3.2174678,0.5220335945940575
2017_01_PHI_WAS,2017,1,0.6274200719940749,4.220141,0.6840536635886766
2017_01_IND_LA,2017,1,0.3415503864513649,-5.3005013,0.24894940189326442
2017_01_SEA_GB,2017,1,0.5936091455645426,3.0751007,0.5176646809992214
2017_01_CAR_SF,2017,1,0.41133413692374465,-2.909886,0.5487357529526089
2017_01_NYG_DAL,2017,1,0.7464648942604649,8.613624,0.5797667531745294
2017_01_NO_MIN,2017,1,0.5296609529206788,0.966233,0.43776537208684574
2017_01_LAC_DEN,2017,1,0.5858203518747649,2.814998,0.49431584571863235
2017_02_HOU_CIN,2017,2,0.7158037570694189,7.4063005,0.5583629519471025
2017_02_CLE_BAL,2017,2,0.7767614672011223,9.884684,0.5728615705986322
2017_02_BUF_CAR,2017,2,0.5930137599833613,3.0551758,0.39538361291878027
2017_02_ARI_IND,2017,2,0.48186682612611464,-0.59036356,0.689226564541929
2017_02_TEN_JAX,2017,2,0.5244832991941369,0.7973315,0.5550486760123844
2017_02_PHI_KC,2017,2,0.7251007504693721,7.765196,0.6140876483985351
2017_02_NE_NO,2017,2,0.4117258619451464,-2.896814,0.5794524519655354
2017_02_MIN_PIT,2017,2,0.6603598131794366,5.368145,0.40469613853466535
2017_02_CHI_TB,2017,2,0.6821826447136998,6.1519284,0.4739607956536679
2017_02_MIA_LAC,2017,2,0.6692724726615253,5.6857295,0.5668425455604873
2017_02_NYJ_OAK,2017,2,0.76662025891829,9.449206,0.36298387186325404
2017_02_DAL_DEN,2017,2,0.4345122708653626,-2.1410196,0.511028573742897
2017_02_WAS_LA,2017,2,0.40828691989915067,-3.0116727,0.32167905262033725
2017_02_SF_SEA,2017,2,0.8306657092821841,12.423015,0.46694661547492616
2017_02_GB_ATL,2017,2,0.7530929602090293,8.88432,0.6608159841861635
2017_02_DET_NYG,2017,2,0.5567233374961894,1.852376,0.46478413505951055
2017_03_LA_SF,2017,3,0.5779356816855975,2.5528386,0.6655543443659633
2017_03_DEN_BUF,2017,3,0.5372061612930342,1.2126682,0.6416832264956778
2017_03_NO_CAR,2017,3,0.5987340166647344,3.2469122,0.4311178333295576
2017_03_PIT_CHI,2017,3,0.2748821488611194,-7.7658615,0.4764818917180247
2017_03_ATL_DET,2017,3,0.3898203471577937,-3.6327386,0.48056626066877167
2017_03_CLE_IND,2017,3,0.7249692964302273,7.760081,0.6986946400353864
2017_03_TB_MIN,2017,3,0.49194979235525194,-0.26201892,0.4919497921253623
2017_03_HOU_NE,2017,3,0.8482875639166825,13.361979,0.4957592527668738
2017_03_MIA_NYJ,2017,3,0.43445665914040493,-2.1428542,0.6020132494929097
2017_03_NYG_PHI,2017,3,0.6804292270561545,6.0881567,0.5333954424355876
2017_03_SEA_TEN,2017,3,0.6209967490042068,4.0003443,0.5612200044895893
2017_03_CIN_GB,2017,3,0.6954678561753549,6.640106,0.4889433725825245
2017_03_KC_LAC,2017,3,0.40370379579730836,-3.1651154,0.494926826891479
2017_03_OAK_WAS,2017,3,0.5240672612000212,0.78376603,0.6292729384747915
2017_03_BAL_JAX,2017,3,0.4348863216223141,-2.12868,0.5267519680574339
2017_03_DAL_ARI,2017,3,0.5232915108046872,0.758474,0.6138896029338108
2017_04_CHI_GB,2017,4,0.7961431145114242,10.7497015,0.5988170799997046
2017_04_BUF_ATL,2017,4,0.7543333119756626,8.935406,0.5287162942565016
2017_04_PIT_BAL,2017,4,0.3950545696972213,-3.4559183,0.5013544447750473
2017_04_CIN_CLE,2017,4,0.3037736579246759,-6.668256,0.38877134151117415
2017_04_LA_DAL,2017,4,0.7410040230237664,8.393381,0.6030896198788815
2017_04_TEN_HOU,2017,4,0.4696228809760673,-0.9896076,0.5463036378592113
2017_04_DET_MIN,2017,4,0.5663331764769275,2.168917,0.48982829355899055
2017_04_CAR_NE,2017,4,0.7558959864946992,8.999964,0.4999988865067103
2017_04_JAX_NYJ,2017,4,0.38846973327110446,-3.6784728,0.5098781885548005
2017_04_SF_ARI,2017,4,0.7386254850431027,8.298206,0.5550752990917553
2017_04_PHI_LAC,2017,4,0.5238914305131452,0.77803314,0.47782837962711067
2017_04_NYG_TB,2017,4,0.6392738972079286,4.6290126,0.5651237620417159
2017_04_OAK_DEN,2017,4,0.541782197119438,1.3623341,0.4346139232699552
2017_04_IND_SEA,2017,4,0.750076586680699,8.760657,0.3866742234370256
2017_04_NO_MIA,2017,4,0.3827710374617201,-3.8719513,0.5039343402274157
2017_04_WAS_KC,2017,4,0.6193766529030161,3.94509,0.4220018910669455
2017_05_NE_TB,2017,5,0.39107124377372887,-3.5904212,0.49722175414043596
2017_05_BUF_CIN,2017,5,0.5291440871037444,0.9493654,0.43725347092221223
2017_05_NYJ_CLE,2017,5,0.316498183552465,-6.200004,0.35868114729981493
2017_05_CAR_DET,2017,5,0.6081630045168841,3.5645351,0.5479555953876154
2017_05_SF_IND,2017,5,0.6212676362564287,4.00959,0.6501887313866694
2017_05_TEN_MIA,2017,5,0.5297462540470024,0.96901697,0.5297462543573104
2017_05_LAC_NYG,2017,5,0.5838265232516212,2.7486002,0.492276011186071
2017_05_ARI_PHI,2017,5,0.6501230588639415,5.007288,0.4695277696357705
2017_05_JAX_PIT,2017,5,0.6970188732736915,6.697703,0.4753644165828493
2017_05_SEA_LA,2017,5,0.413883639585902,-2.8248615,0.35509438775971947
2017_05_BAL_OAK,2017,5,0.6612599557255436,5.400071,0.5733264075882045
2017_05_GB_DAL,2017,5,0.5223490666961481,0.727751,0.44571475892344903
2017_05_KC_HOU,2017,5,0.438213714122905,-2.0189965,0.49941631728164093
2017_05_MIN_CHI,2017,5,0.36891655435482873,-4.346036,0.4740232087847597
2017_06_PHI_CAR,2017,6,0.5156931727499344,0.51088,0.42398556394975917
2017_06_MIA_ATL,2017,6,0.8457125428566334,13.220456,0.47606223322762775
2017_06_CHI_BAL,2017,6,0.705941080942238,7.031649,0.5469523013309985
2017_06_CLE_HOU,2017,6,0.810164229655524,11.406404,0.6182410926228594
2017_06_GB_MIN,2017,6,0.41819692016849064,-2.68129,0.5097916554073129
2017_06_DET_NO,2017,6,0.6457928024209391,4.855814,0.46488935980956797
2017_06_NE_NYJ,2017,6,0.2533236100434625,-8.622204,0.5116064711513391
2017_06_SF_WAS,2017,6,0.8276076692032117,12.266615,0.5081913944720217
2017_06_TB_ARI,2017,6,0.4934150057440283,-0.2143242,0.5698682832539937
2017_06_LA_JAX,2017,6,0.7077037437456877,7.0981693,0.6807047961325772
2017_06_PIT_KC,2017,6,0.6846126314970012,6.240553,0.5835847247940245
2017_06_LAC_OAK,2017,6,0.585998170716096,2.820923,0.4944978839773363
2017_06_NYG_DEN,2017,6,0.7504144875474383,8.77447,0.3436722659176994
2017_06_IND_TEN,2017,6,0.7344149442886483,8.130807,0.5347011306138595
2017_07_KC_OAK,2017,7,0.4381241308099588,-2.0219476,0.5300230956721363
2017_07_TB_BUF,2017,7,0.6998222946022308,6.802144,0.6151757183010816
2017_07_CAR_CHI,2017,7,0.38043339076801946,-3.9515648,0.4554921698539524
2017_07_TEN_CLE,2017,7,0.23835595641889945,-9.239377,0.386673211401958
2017_07_NO_GB,2017,7,0.42584578273887386,-2.4274826,0.5329165720327887
2017_07_JAX_IND,2017,7,0.33101278113112553,-5.6755133,0.41837067486913126
2017_07_ARI_LA,2017,7,0.5194258461439132,0.6324814,0.4276570807703479
2017_07_NYJ_MIA,2017,7,0.5498969243074929,1.628197,0.45792847082048244
2017_07_BAL_MIN,2017,7,0.6902223717714191,6.4462714,0.5443461964260755
2017_07_DAL_SF,2017,7,0.3397458874327307,-5.364398,0.5348479032809929
2017_07_DEN_LAC,2017,7,0.5304560425752044,0.9921837,0.5609722095384377
2017_07_SEA_NYG,2017,7,0.4478500400690595,-1.7021296,0.5702371812737486
2017_07_CIN_PIT,2017,7,0.6304877946542893,4.3255386,0.5100014037472561
2017_07_ATL_NE,2017,7,0.6462585639268255,4.872074,0.5573223897220302
2017_07_WAS_PHI,2017,7,0.5489415259378616,1.5968618,0.39662068102144865
2017_08_MIA_BAL,2017,8,0.5796395467908625,2.609399,0.48800026433330657
2017_08_OAK_BUF,2017,8,0.6910120270769207,6.4753585,0.6202644114689129
2017_08_IND_CIN,2017,8,0.7930815038819653,10.609948,0.4880171276000404
2017_08_LAC_NE,2017,8,0.7507186157479582,8.786912,0.5699056813373401
2017_08_CHI_NO,2017,8,0.7221035840709733,7.648859,0.5045737200020807
2017_08_ATL_NYJ,2017,8,0.35950113356692603,-4.671521,0.5559964195092005
2017_08_SF_PHI,2017,8,0.8443058769305039,13.1438055,0.5044184561550831
2017_08_CAR_TB,2017,8,0.5235533700891604,0.76701117,0.4774902513295179
2017_08_HOU_SEA,2017,8,0.6844456649694893,6.234454,0.5072034119775646
2017_08_DAL_WAS,2017,8,0.5035516364615071,0.11559267,0.5948184408073405
2017_08_PIT_DET,2017,8,0.402220639310072,-3.2148652,0.4933983849492506
2017_08_MIN_CLE,2017,8,0.28660895363148414,-7.31409,0.611749782758103
2017_08_DEN_KC,2017,8,0.6794260464987698,6.0517373,0.47088970266554425
2017_09_BUF_NYJ,2017,9,0.46071646704444763,-1.2805905,0.5526763134330342
2017_09_ATL_CAR,2017,9,0.451903522680387,-1.5691538,0.5438751440134271
2017_09_IND_HOU,2017,9,0.7118261468014573,7.2544785,0.5384850325734903
2017_09_CIN_JAX,2017,9,0.6393168185080321,4.6305013,0.4579988794649881
2017_09_TB_NO,2017,9,0.7497897041083581,8.748937,0.5535755049485807
2017_09_LA_NYG,2017,9,0.5011335399664077,0.036892112,0.6651070789416559
2017_09_DEN_PHI,2017,9,0.7447206865088981,8.543012,0.5472989867629519
2017_09_BAL_TEN,2017,9,0.5640928573922496,2.095014,0.4722160361790008
2017_09_WAS_SEA,2017,9,0.6440364679070505,4.7945657,0.4025016849664448
2017_09_ARI_SF,2017,9,0.4832504614493179,-0.5452888,0.5598340585658356
2017_09_KC_DAL,2017,9,0.5065818759407037,0.2142227,0.44530297341522956
2017_09_OAK_MIA,2017,9,0.41989732381522676,-2.6247814,0.5115273072319713
2017_09_DET_GB,2017,9,0.5554528175768276,1.8106123,0.6300538515512435
2017_10_SEA_ARI,2017,10,0.3793455218455843,-3.988665,0.5615536948380617
2017_10_NO_BUF,2017,10,0.4186152567079845,-2.667383,0.4795031166818776
2017_10_GB_CHI,2017,10,0.5056121081439954,0.18265705,0.36975044969753157
2017_10_CLE_DET,2017,10,0.8069416504692906,11.252928,0.5231213875278679
2017_10_PIT_IND,2017,10,0.2511531346970709,-8.710469,0.5548112667019772
2017_10_LAC_JAX,2017,10,0.6988393152961743,6.7654734,0.5540789774846907
2017_10_NYJ_TB,2017,10,0.5027230157468219,0.08862364,0.4720201638341626
2017_10_CIN_TEN,2017,10,0.6428693416512729,4.753924,0.5078015304036247
2017_10_MIN_WAS,2017,10,0.5927642947524203,3.0468295,0.6223580871940116
2017_10_HOU_LA,2017,10,0.7250367177252237,7.7627044,0.3720800647016502
2017_10_DAL_ATL,2017,10,0.5531958219212826,1.7364678,0.44598011941842325
2017_10_NYG_SF,2017,10,0.46299394430266094,-1.2061273,0.5549434129241755
2017_10_NE_DEN,2017,10,0.30372234973841744,-6.6701612,0.5101334864439633
2017_10_MIA_CAR,2017,10,0.7798887741975704,10.021226,0.5618539628271348
2017_11_TEN_PIT,2017,11,0.7074464645244838,7.0884485,0.5027176351693621
2017_11_DET_CHI,2017,11,0.38996981941957704,-3.62768,0.48072150523637974
2017_11_JAX_CLE,2017,11,0.2663024953048748,-8.102419,0.4814968055227026
2017_11_BAL_GB,2017,11,0.5681863046796116,2.2301004,0.6421845790934425
2017_11_ARI_HOU,2017,11,0.562145569037461,2.0308328,0.4855875739481632
2017_11_TB_MIA,2017,11,0.49247492534916054,-0.24492474,0.5231872595390641
2017_11_LA_MIN,2017,11,0.5526715077013988,1.7192516,0.5220883210115602
2017_11_WAS_NO,2017,11,0.7784561117323635,9.958537,0.514086014609498
2017_11_KC_NYG,2017,11,0.3039586453968758,-6.661388,0.601462404989749
2017_11_BUF_LAC,2017,11,0.6666432400123368,5.5916963,0.4568133652224786
2017_11_CIN_DEN,2017,11,0.4565257857149523,-1.4177189,0.3814266621805042
2017_11_NE_OAK,2017,11,0.2633307743168354,-8.220261,0.46256157569917766
2017_11_PHI_DAL,2017,11,0.4833731834254477,-0.54129124,0.6629108153356462
2017_11_ATL_SEA,2017,11,0.5400179106099009,1.3046103,0.5093585507459842
2017_12_MIN_DET,2017,12,0.5287823243992008,0.9375603,0.6044009003462513
2017_12_LAC_DAL,2017,12,0.5559569155199635,1.8271803,0.5861859368789599
2017_12_NYG_WAS,2017,12,0.7411375464652986,8.398738,0.5428944287071922
2017_12_TB_ATL,2017,12,0.7812997332584362,10.083194,0.48719547339465535
2017_12_CLE_CIN,2017,12,0.8018414372322142,11.01319,0.6066429202294572
2017_12_TEN_IND,2017,12,0.45534479676323963,-1.4563913,0.5473172009750482
2017_12_BUF_KC,2017,12,0.7814259102238519,10.088746,0.5486940323565113
2017_12_MIA_NE,2017,12,0.8862952934334747,15.67237,0.45927840966782124
2017_12_CAR_NYJ,2017,12,0.3721074438281342,-4.236356,0.5387653374605106
2017_12_CHI_PHI,2017,12,0.8056197625558997,11.190426,0.4143424311092941
2017_12_SEA_SF,2017,12,0.24016256432505023,-9.1637945,0.43382203732924884
2017_12_JAX_ARI,2017,12,0.34683281254851345,-5.1141806,0.54249977317038
2017_12_NO_LA,2017,12,0.5022546980091596,0.073381536,0.4258718728665559
2017_12_DEN_OAK,2017,12,0.6381501137621035,4.5900593,0.5334536955361497
2017_12_GB_PIT,2017,12,0.7852980953317188,10.26006,0.38665662538150714
2017_12_HOU_BAL,2017,12,0.6787143202441615,6.0259275,0.45480497787614904
2017_13_WAS_DAL,2017,13,0.4793453407160023,-0.67252475,0.5254076807759848
2017_13_MIN_ATL,2017,13,0.6247719726963203,4.129384,0.5651350229128483
2017_13_DET_BAL,2017,13,0.5332618940224194,1.0837951,0.45657202623214926
2017_13_NE_BUF,2017,13,0.21523975200043127,-10.236158,0.4165473310751918
2017_13_SF_CHI,2017,13,0.6661997299438551,5.5758634,0.593631933346896
2017_13_TB_GB,2017,13,0.6069430366255135,3.523323,0.5160751938080009
2017_13_IND_JAX,2017,13,0.7772863096569489,9.907522,0.497158564963671
2017_13_DEN_MIA,2017,13,0.5471969503078069,1.5396674,0.5775386947904869
2017_13_KC_NYJ,2017,13,0.4369283320651497,-2.06135,0.5441134592302177
2017_13_HOU_TEN,2017,13,0.6310303274911309,4.344208,0.4189639836855618
2017_13_CLE_LAC,2017,13,0.8557513764902254,13.781454,0.5086472391077673
2017_13_LA_ARI,2017,13,0.39752656022269933,-3.3726346,0.6247130075855711
2017_13_CAR_NO,2017,13,0.6854512890964765,6.2712073,0.5236820757025158
2017_13_NYG_OAK,2017,13,0.7228595146821823,7.678143,0.4290373818043439
2017_13_PHI_SEA,2017,13,0.4684524499577903,-1.0278153,0.5755034939734676
2017_13_PIT_CIN,2017,13,0.3604801798357886,-4.6375427,0.49577396177107214
2017_14_NO_ATL,2017,14,0.5919639298354399,3.02006,0.5159750163551744
2017_14_IND_BUF,2017,14,0.5672141143761368,2.1979961,0.46006176898059686
2017_14_MIN_CAR,2017,14,0.4697571456287022,-0.98522514,0.5464373811643001
2017_14_CHI_CIN,2017,14,0.7629692375645369,9.295018,0.600165945922037
2017_14_GB_CLE,2017,14,0.3211718233967671,-6.030055,0.3928576091229416
2017_14_SF_HOU,2017,14,0.6651095077502752,5.5369787,0.6366168664299161
2017_14_OAK_KC,2017,14,0.7296264056502825,7.9420557,0.6045342615961863
2017_14_DAL_NYG,2017,14,0.39287766604593544,-3.5293777,0.514457105003771
2017_14_DET_TB,2017,14,0.5133097802884655,0.43325898,0.5133097808219483
2017_14_TEN_ARI,2017,14,0.42544778401957994,-2.4406655,0.5018230971711827
2017_14_NYJ_DEN,2017,14,0.47262409531720573,-0.89167345,0.5033283869580206
2017_14_WAS_LAC,2017,14,0.6736074480099788,5.841424,0.4951277382140135
2017_14_SEA_JAX,2017,14,0.5686595955106778,2.2457345,0.47683757762921675
2017_14_PHI_LA,2017,14,0.49197663170144074,-0.26114523,0.5226896951302695
2017_14_BAL_PIT,2017,14,0.6205849986454384,3.9862943,0.43837432909515506
2017_14_NE_MIA,2017,14,0.2536688693888316,-8.6082,0.542682480668351
2017_15_DEN_IND,2017,15,0.502153570862417,0.07009021,0.5934594476214761
2017_15_CHI_DET,2017,15,0.6326106099437256,4.3986387,0.4815292670477766
2017_15_LAC_KC,2017,15,0.4913260529328732,-0.28232354,0.4606634764127064
2017_15_MIA_BUF,2017,15,0.6563517701312435,5.226378,0.5528885497146636
2017_15_GB_CAR,2017,15,0.6330403723376827,4.4134545,0.5433439657259143
2017_15_BAL_CLE,2017,15,0.2779050720302883,-7.6485243,0.4647565814677297
2017_15_HOU_JAX,2017,15,0.7865841423714759,10.317354,0.49438823750361105
2017_15_CIN_MIN,2017,15,0.7339733739554978,8.11333,0.3677366756584379
2017_15_NYJ_NO,2017,15,0.8548521291194598,13.730156,0.41553531638392094
2017_15_PHI_NYG,2017,15,0.2908604567552441,-7.152493,0.5106761736876082
2017_15_ARI_WAS,2017,15,0.6890264506945074,6.402281,0.5733931502374524
2017_15_LA_SEA,2017,15,0.5910861533440458,2.9907165,0.6207146088111576
2017_15_NE_PIT,2017,15,0.4348944920613865,-2.1284106,0.5114158428441848
2017_15_TEN_SF,2017,15,0.508183893432611,0.26637074,0.4317068544172722
2017_15_DAL_OAK,2017,15,0.5053619422896161,0.17451441,0.5965765194088283
2017_15_ATL_TB,2017,15,0.2831377960459457,-7.446871,0.4862722244936245
2017_16_IND_BAL,2017,16,0.8334329050759173,12.566109,0.47133011763648713
2017_16_MIN_GB,2017,16,0.30724344989970265,-6.539734,0.5600028093065471
2017_16_TB_CAR,2017,16,0.722443107182569,7.662007,0.42854950300701333
2017_16_CLE_CHI,2017,16,0.7536583452841212,8.907589,0.6035114499455512
2017_16_DET_CIN,2017,16,0.4576176248855702,-1.3819768,0.5495867625802393
2017_16_MIA_KC,2017,16,0.8365696357750323,12.730181,0.5530043627060476
2017_16_BUF_NE,2017,16,0.8464329577603898,13.259891,0.5690880555486338
2017_16_ATL_NO,2017,16,0.5758400881003092,2.4833407,0.40813777775909515
2017_16_LAC_NYJ,2017,16,0.44312545823461574,-1.8573475,0.6680690398722662
2017_16_LA_TEN,2017,16,0.3975379862900472,-3.37225,0.5650854833582688
2017_16_DEN_WAS,2017,16,0.7260827299196548,7.8034477,0.6442913623495073
2017_16_JAX_SF,2017,16,0.3649123386933598,-4.4841137,0.48512864058719996
2017_16_NYG_ARI,2017,16,0.6021697110254285,3.3624115,0.511133955978418
2017_16_SEA_DAL,2017,16,0.6104373864612078,3.6414626,0.4736399169021646
2017_16_PIT_HOU,2017,16,0.2815955787284127,-7.5061145,0.5151713941477489
2017_16_OAK_PHI,2017,16,0.7424303401536567,8.450671,0.45250828515735375
2017_17_GB_DET,2017,17,0.6440189427951928,4.793955,0.41745248740508173
2017_17_HOU_IND,2017,17,0.6220437230500259,4.0360904,0.45511524731381614
2017_17_CHI_MIN,2017,17,0.7577455518869265,9.076663,0.3666730624959075
2017_17_NYJ_NE,2017,17,0.8720931557366901,14.754177,0.43133772712822255
2017_17_WAS_NYG,2017,17,0.4062003124104686,-3.0814788,0.5587343899012646
2017_17_DAL_PHI,2017,17,0.5528682092900399,1.72571,0.6563328447692713
2017_17_CLE_PIT,2017,17,0.8562012234890909,13.807199,0.7512141139077579
2017_17_CAR_ATL,2017,17,0.5863903955540241,2.8339946,0.433755044653536
2017_17_CIN_BAL,2017,17,0.7185509936912144,7.511753,0.48500173274844033
2017_17_KC_DEN,2017,17,0.38639577099435507,-3.74879,0.3016083741781111
2017_17_SF_LA,2017,17,0.7313651168211701,8.010395,0.8681237525718979
2017_17_OAK_LAC,2017,17,0.7042920381483454,6.9695826,0.49906539905292013
2017_17_BUF_MIA,2017,17,0.4065015796760895,-3.0713947,0.4824490774134338
2017_17_ARI_SEA,2017,17,0.7164556092983723,7.4312778,0.4825311111138488
2017_17_NO_TB,2017,17,0.26965478519906966,-7.970281,0.4396929758566434
2017_17_JAX_TEN,2017,17,0.40874861142096464,-2.996239,0.3360342181944828
2017_18_TEN_KC,2017,18,0.6558862440719458,5.209953,0.39998196025715166
2017_18_ATL_LA,2017,18,0.5377857409241746,1.2316148,0.34245874062091614
2017_18_BUF_JAX,2017,18,0.725118765811083,7.7658973,0.4774560806394556
2017_18_CAR_NO,2017,18,0.7037406931696523,6.948867,0.51378906906893
2017_19_ATL_PHI,2017,19,0.5289045747674807,0.94154954,0.604519246246997
2017_19_TEN_NE,2017,19,0.838134493137906,12.8127985,0.4788950030213748
2017_19_JAX_PIT,2017,19,0.6718531071910917,5.778315,0.4625180055546032
2017_19_NO_MIN,2017,19,0.5254777321907751,0.82975984,0.359538028147016
2017_20_JAX_NE,2017,20,0.7363629841437573,8.208086,0.5217457657361007
2017_20_MIN_PHI,2017,20,0.4946818402423538,-0.17308934,0.5861778470365625
2017_21_PHI_NE,2017,21,0.7212886351433587,7.617333,0.5948703935270538
2018_01_ATL_PHI,2018,1,0.5973456218999174,3.1983202,0.5672653804681806
2018_01_BUF_BAL,2018,1,0.7344283324319378,8.126278,0.5192474285227097
2018_01_PIT_CLE,2018,1,0.276487612069803,-7.698673,0.37312956916907614
2018_01_CIN_IND,2018,1,0.5528568781319789,1.7242645,0.5831461848902376
2018_01_TEN_MIA,2018,1,0.4908092363602336,-0.29896188,0.5215429217635212
2018_01_SF_MIN,2018,1,0.6865098566211144,6.3060236,0.5094078169651194
2018_01_HOU_NE,2018,1,0.8473947731379028,13.304448,0.7132574669893685
2018_01_TB_NO,2018,1,0.7687624425395491,9.534361,0.4856870071574739
2018_01_JAX_NYG,2018,1,0.3475072117936788,-5.0873027,0.42097740450602206
2018_01_KC_LAC,2018,1,0.658359713676221,5.2940254,0.554982050263578
2018_01_WAS_ARI,2018,1,0.6017131162529062,3.344964,0.5412769671116178
2018_01_DAL_CAR,2018,1,0.5615130175588202,2.0087445,0.4848999665712714
2018_01_SEA_DEN,2018,1,0.45336410212299993,-1.5203335,0.3637830119823585
2018_01_CHI_GB,2018,1,0.6166262581952349,3.8490524,0.4190601034310066
2018_01_NYJ_DET,2018,1,0.7321408855246114,8.035954,0.5318165953902216
2018_01_LA_OAK,2018,1,0.39416824711774123,-3.483645,0.5768830895937921
2018_02_BAL_CIN,2018,2,0.3778533493593748,-4.0370927,0.3489378044472842
2018_02_CAR_ATL,2018,2,0.5960857454629438,3.1560948,0.42832666927422336
2018_02_LAC_BUF,2018,2,0.33011199881941855,-5.704235,0.5550350220012474
2018_02_MIN_GB,2018,2,0.4596325626944431,-1.3152251,0.521043621015163
2018_02_CLE_NO,2018,2,0.7646275138378662,9.359059,0.48030230290781983
2018_02_MIA_NYJ,2018,2,0.6247816480783184,4.127146,0.5346105418228004
2018_02_KC_PIT,2018,2,0.6153011275129379,3.8040364,0.47861286777960754
2018_02_PHI_TB,2018,2,0.38584130932547095,-3.7652633,0.4764856272409179
2018_02_HOU_TEN,2018,2,0.609509936615217,3.6078312,0.7080763790027096
2018_02_IND_WAS,2018,2,0.7587723155724656,9.113705,0.5948199455641566
2018_02_ARI_LA,2018,2,0.7355457647466175,8.170545,0.34063854365250945
2018_02_DET_SF,2018,2,0.6641569496980881,5.499621,0.48461966750230834
2018_02_OAK_DEN,2018,2,0.6475564659461985,4.9143667,0.4820008279242084
2018_02_NE_JAX,2018,2,0.47482760420185893,-0.81929225,0.536250804076024
2018_02_NYG_DAL,2018,2,0.7362202157307751,8.197309,0.6556194794714645
2018_02_SEA_CHI,2018,2,0.5454439476518518,1.4813044,0.3931291363453733
2018_03_NYJ_CLE,2018,3,0.5651377027093719,2.1281476,0.4732150714677008
2018_03_NO_ATL,2018,3,0.617664323359455,3.8843493,0.5728963165741071
2018_03_DEN_BAL,2018,3,0.7291953754130852,7.9202166,0.5739803158878884
2018_03_CIN_CAR,2018,3,0.617290894727166,3.8716486,0.5420928993735897
2018_03_NYG_HOU,2018,3,0.6523875389394896,5.0836062,0.4565393268403589
2018_03_TEN_JAX,2018,3,0.7220239549718329,7.64102,0.4278707378034353
2018_03_SF_KC,2018,3,0.7260267906048108,7.7964134,0.5550547699853503
2018_03_OAK_MIA,2018,3,0.6472537817580628,4.9037914,0.5583227086520414
2018_03_BUF_MIN,2018,3,0.8279943694854386,12.278649,0.3724680866376313
2018_03_IND_PHI,2018,3,0.7752899159804649,9.814701,0.6008128116041365
2018_03_GB_WAS,2018,3,0.5297846714170515,0.96966714,0.6054171593947832
2018_03_LAC_LA,2018,3,0.5932493985218877,3.0611548,0.3661434332696488
2018_03_CHI_ARI,2018,3,0.5039608657919361,0.12883179,0.6816529365195436
2018_03_DAL_SEA,2018,3,0.5995745233242655,3.2731059,0.5695307855651176
2018_03_NE_DET,2018,3,0.37111918158883594,-4.267636,0.5833897649840427
2018_03_PIT_TB,2018,3,0.4896801335733526,-0.33569765,0.4590064116103438
2018_04_MIN_LA,2018,4,0.7609003941198471,9.2024975,0.552193456880447
2018_04_CIN_ATL,2018,4,0.7207438686827086,7.591557,0.6237409872650379
2018_04_TB_CHI,2018,4,0.49301505567978987,-0.22720136,0.40179323179964765
2018_04_DET_DAL,2018,4,0.5922084823091586,3.026354,0.5161783080948168
2018_04_BUF_GB,2018,4,0.6944455309660921,6.598106,0.44173500101082647
2018_04_HOU_IND,2018,4,0.6597998376035388,5.3449726,0.687573184110844
2018_04_NYJ_JAX,2018,4,0.6973596786518613,6.706201,0.4756098825941931
2018_04_MIA_NE,2018,4,0.7061657597030532,7.0357375,0.5164665602553076
2018_04_PHI_TEN,2018,4,0.4635583003494783,-1.1869426,0.5555615638181417
2018_04_SEA_ARI,2018,4,0.34804855742656404,-5.068294,0.45189996631179724
2018_04_CLE_OAK,2018,4,0.6187154584681204,3.9201195,0.5435745396078623
2018_04_SF_LAC,2018,4,0.7202614818928161,7.572946,0.4258131044556815
2018_04_NO_NYG,2018,4,0.3657330490793727,-4.453,0.4707263524458881
2018_04_BAL_PIT,2018,4,0.5544306019159934,1.7759187,0.46242139135040244
2018_04_KC_DEN,2018,4,0.37191571550809466,-4.240298,0.47725190107649124
2018_05_IND_NE,2018,5,0.7808982912242874,10.059277,0.4864525725228653
2018_05_TEN_BUF,2018,5,0.3351342009274185,-5.5248537,0.5146050988622957
2018_05_NYG_CAR,2018,5,0.7331119263639725,8.07425,0.5329901109439633
2018_05_MIA_CIN,2018,5,0.6969758025356666,6.691935,0.5212634512647447
2018_05_BAL_CLE,2018,5,0.2431308709751379,-9.034655,0.3209413435769676
2018_05_GB_DET,2018,5,0.5421365026497227,1.3730747,0.5114685922114061
2018_05_JAX_KC,2018,5,0.4985436063971908,-0.047370233,0.40716283279979604
2018_05_DEN_NYJ,2018,5,0.5982060512090626,3.2271771,0.6277018027878906
2018_05_ATL_PIT,2018,5,0.5412230071636633,1.3431995,0.4339932905910156
2018_05_OAK_LAC,2018,5,0.7563339492845701,9.012486,0.6066868433966414
2018_05_MIN_PHI,2018,5,0.680016428023175,6.069386,0.5784825155297352
2018_05_LA_SEA,2018,5,0.38692549111911345,-3.7284982,0.6143425717943886
2018_05_ARI_SF,2018,5,0.5889717232065297,2.9182775,0.4974874601253362
2018_05_DAL_HOU,2018,5,0.5010178847926807,0.033107385,0.39466514988267737
2018_05_WAS_NO,2018,5,0.6991324065973057,6.772186,0.539050754256391
2018_06_PHI_NYG,2018,6,0.3637782273388833,-4.5204988,0.40796671887373276
2018_06_TB_ATL,2018,6,0.7501217702947804,8.757051,0.6713609511346442
2018_06_PIT_CIN,2018,6,0.4581388391430146,-1.3640691,0.4277168486595417
2018_06_LAC_CLE,2018,6,0.372744864578468,-4.21186,0.3439677092085086
2018_06_BUF_HOU,2018,6,0.6777475527187214,5.9871798,0.3640004298433046
2018_06_CHI_MIA,2018,6,0.3621226955500172,-4.577759,0.5890905372815173
2018_06_ARI_MIN,2018,6,0.7555828480802937,8.981418,0.4687158392429591
2018_06_IND_NYJ,2018,6,0.5794018490338506,2.599887,0.5030709901375449
2018_06_SEA_OAK,2018,6,0.40727145196543746,-3.0437386,0.498655260096613
2018_06_CAR_WAS,2018,6,0.5593781471732531,1.9384985,0.5895777825572476
2018_06_LA_DEN,2018,6,0.2583871056372217,-8.41258,0.45665590028439523
2018_06_JAX_DAL,2018,6,0.40641546710511345,-3.072364,0.4977751790457646
2018_06_BAL_TEN,2018,6,0.5053713600765724,0.17471218,0.581655315026296
2018_06_KC_NE,2018,6,0.5542947034396682,1.771457,0.431818838541675
2018_06_SF_GB,2018,6,0.7260477139193813,7.7972283,0.46307369649984287
2018_07_DEN_ARI,2018,7,0.45785035016695863,-1.3735048,0.4885181896251198
2018_07_NE_CHI,2018,7,0.5217523098939004,0.7078586,0.5523568679256304
2018_07_BUF_IND,2018,7,0.6690713077431509,5.674991,0.4593333153340991
2018_07_HOU_JAX,2018,7,0.6521413976596584,5.0749626,0.5330119385241373
2018_07_DET_MIA,2018,7,0.39386627738044827,-3.493828,0.48482093095082623
2018_07_MIN_NYJ,2018,7,0.45783004424378493,-1.3741689,0.565067433598088
2018_07_CAR_PHI,2018,7,0.7028302377421903,6.910394,0.5585235297804388
2018_07_CLE_TB,2018,7,0.6578167325293036,5.2748375,0.5543976698841765
2018_07_NO_BAL,2018,7,0.5168610572514606,0.54858,0.4402290211766272
2018_07_LA_SF,2018,7,0.28449908432300425,-7.390105,0.5187443140624683
2018_07_DAL_WAS,2018,7,0.5266384852038412,0.8670785,0.5723741498107511
2018_07_CIN_KC,2018,7,0.6823540070703765,6.154337,0.4893738529367719
2018_07_TEN_LAC,2018,7,0.7593234205500117,9.136658,0.5805095805121273
2018_07_NYG_ATL,2018,7,0.7852185602606157,10.250142,0.671168411915718
2018_08_MIA_HOU,2018,8,0.6904599596840794,6.451003,0.4677837067776155
2018_08_BAL_CAR,2018,8,0.4818145817886627,-0.5916973,0.5584599200409268
2018_08_NYJ_CHI,2018,8,0.7431902727990383,8.475985,0.49926164663339734
2018_08_TB_CIN,2018,8,0.6318010086903659,4.368024,0.5266674848317329
2018_08_SEA_DET,2018,8,0.5463582372771019,1.5112406,0.4543283466016034
2018_08_DEN_KC,2018,8,0.7411030934575564,8.392131,0.49668360349758095
2018_08_WAS_NYG,2018,8,0.422715415629932,-2.529663,0.45307924158400126
2018_08_CLE_PIT,2018,8,0.8224415589957773,11.998897,0.6062839973486072
2018_08_IND_OAK,2018,8,0.46150516629643196,-1.2540182,0.568709405616011
2018_08_SF_ARI,2018,8,0.45149411468851386,-1.5815922,0.5282128708454376
2018_08_GB_LA,2018,8,0.7849921484478155,10.240085,0.5836219115206279
2018_08_NO_MIN,2018,8,0.4638345516422836,-1.17792,0.5405771043572745
2018_08_PHI_JAX,2018,8,0.49123911903314693,-0.28497612,0.6126769307400506
2018_08_NE_BUF,2018,8,0.1954637800858841,-11.132456,0.5723882311688233
2018_09_OAK_SF,2018,9,0.566344426275351,2.1679385,0.6112867036420555
2018_09_PIT_BAL,2018,9,0.5841950061811628,2.7591481,0.5386518133270318
2018_09_CHI_BUF,2018,9,0.27280331590598617,-7.8420405,0.5811510130111799
2018_09_TB_CAR,2018,9,0.6884315488356225,6.3764553,0.5115724870751663
2018_09_KC_CLE,2018,9,0.24657844638345505,-8.892304,0.4572756279753715
2018_09_NYJ_MIA,2018,9,0.5104135864571768,0.338747,0.41874983187772996
2018_09_DET_MIN,2018,9,0.4977986466963637,-0.07160078,0.36230062477758196
2018_09_ATL_WAS,2018,9,0.45168504359959294,-1.575336,0.40632662580492246
2018_09_HOU_DEN,2018,9,0.5038950856378357,0.12669215,0.47317042456576525
2018_09_LAC_SEA,2018,9,0.5682142162568086,2.229634,0.5377485670279867
2018_09_LA_NO,2018,9,0.5494150563786492,1.6113882,0.6243209867446841
2018_09_GB_NE,2018,9,0.7405345662192757,8.36935,0.6024381892934086
2018_09_TEN_DAL,2018,9,0.6294878367483465,4.288482,0.4934971773316907
2018_10_CAR_PIT,2018,10,0.6501313257936151,5.004462,0.546151221853642
2018_10_DET_CHI,2018,10,0.5998479496475323,3.2822878,0.37257419148319215
2018_10_NO_CIN,2018,10,0.3302284024148201,-5.700065,0.4938492452888387
2018_10_ATL_CLE,2018,10,0.283472511521156,-7.4294076,0.44089826731859694
2018_10_JAX_IND,2018,10,0.5038572846828562,0.12546259,0.41233997894467456
2018_10_ARI_KC,2018,10,0.8475221824281323,13.31146,0.4029460865901002
2018_10_BUF_NYJ,2018,10,0.7435102526463121,8.488872,0.5609092301369276
2018_10_WAS_TB,2018,10,0.5302158599497041,0.98373157,0.423119523493272
2018_10_NE_TEN,2018,10,0.2693732935854266,-7.976379,0.43947039897196993
2018_10_LAC_OAK,2018,10,0.3194622403968585,-6.0883093,0.6330688696469047
2018_10_MIA_GB,2018,10,0.742313270575622,8.440707,0.3626563215880837
2018_10_SEA_LA,2018,10,0.6696274601940684,5.6949024,0.37002857861649685
2018_10_DAL_PHI,2018,10,0.6830411248921366,6.179358,0.45946687894675164
2018_10_NYG_SF,2018,10,0.6738104283555201,5.8450956,0.5867765540038097
2018_11_GB_SEA,2018,11,0.6678462626597831,5.6311793,0.5803445822704573
2018_11_DAL_ATL,2018,11,0.5572997534174352,1.8701653,0.4500222160690546
2018_11_CIN_BAL,2018,11,0.5614032203318446,2.0051303,0.3645200558244571
2018_11_CAR_DET,2018,11,0.5369755455398311,1.2043802,0.6558201152755541
2018_11_TEN_IND,2018,11,0.46930497722766296,-0.9993622,0.408599312491118
2018_11_PIT_JAX,2018,11,0.355351754729469,-4.8128915,0.47502400618883645
2018_11_TB_NYG,2018,11,0.5375069308490561,1.2217395,0.4454980725461822
2018_11_HOU_WAS,2018,11,0.47206829385928695,-0.90924,0.5640033117301153
2018_11_OAK_ARI,2018,11,0.5300993863805209,0.97993237,0.3930884764086911
2018_11_DEN_LAC,2018,11,0.7655511892843241,9.398069,0.5581486621808204
2018_11_PHI_NO,2018,11,0.7297597863878711,7.942345,0.5289469345679221
2018_11_MIN_CHI,2018,11,0.6460278829012339,4.8609934,0.572190142889816
2018_11_KC_LA,2018,11,0.5212139058320266,0.69032127,0.42936217854788783
2018_12_CHI_DET,2018,12,0.5220176500602505,0.716502,0.6127205503695756
2018_12_WAS_DAL,2018,12,0.6964017783959618,6.6706185,0.4898742611837684
2018_12_ATL_NO,2018,12,0.8188971915965386,11.823211,0.509936079223379
2018_12_OAK_BAL,2018,12,0.7177043058128043,7.474547,0.33511737122707297
2018_12_JAX_BUF,2018,12,0.3865254411322514,-3.7420607,0.4771977901138754
2018_12_SEA_CAR,2018,12,0.5321516355943678,1.046887,0.44017755722894286
2018_12_CLE_CIN,2018,12,0.6800349290592735,6.0700574,0.7070760225779897
2018_12_NE_NYJ,2018,12,0.23779231320207456,-9.257258,0.6134946401544135
2018_12_NYG_PHI,2018,12,0.7022142409561614,6.8873167,0.5729860187476036
2018_12_SF_TB,2018,12,0.49960677856587404,-0.012789778,0.4535944582482598
2018_12_ARI_LAC,2018,12,0.813528804369836,11.561164,0.4254571736852196
2018_12_PIT_DEN,2018,12,0.38603406184284084,-3.7587247,0.4766863109383162
2018_12_MIA_IND,2018,12,0.8145454598680906,11.610426,0.5797194027343842
2018_12_GB_MIN,2018,12,0.5958494108005925,3.1481776,0.47382953717219084
2018_12_TEN_HOU,2018,12,0.6645169010877399,5.512431,0.5616250099073743
2018_13_NO_DAL,2018,13,0.2867224668734444,-7.305213,0.4906170987154203
2018_13_BAL_ATL,2018,13,0.536204743904341,1.1792034,0.45946214988826156
2018_13_DEN_CIN,2018,13,0.4472955280705783,-1.7192636,0.5545773388308344
2018_13_LA_DET,2018,13,0.3749870590795793,-4.13506,0.6881177051582663
2018_13_ARI_GB,2018,13,0.7932618118517523,10.611538,0.4119222924366597
2018_13_CLE_HOU,2018,13,0.7218571636179079,7.6345687,0.5804466648421885
2018_13_IND_JAX,2018,13,0.4528333118311962,-1.5377182,0.575250923667927
2018_13_BUF_MIA,2018,13,0.5595866576419224,1.9453567,0.4523166312975009
2018_13_CHI_NYG,2018,13,0.37405768570323417,-4.1668754,0.4795059531881307
2018_13_CAR_TB,2018,13,0.5091157790620188,0.29652232,0.6150798038076305
2018_13_KC_OAK,2018,13,0.22118281179456473,-9.968109,0.6219942593385331
2018_13_NYJ_TEN,2018,13,0.7301545099818214,7.9578347,0.42233830770424263
2018_13_MIN_NE,2018,13,0.6331302344650183,4.4138055,0.45135366758851286
2018_13_SF_SEA,2018,13,0.8197007428068597,11.86285,0.557077160186905
2018_13_LAC_PIT,2018,13,0.5555109764493424,1.8113959,0.4482300631511059
2018_13_WAS_PHI,2018,13,0.6120093451735756,3.6924074,0.44460482387868805
2018_14_JAX_TEN,2018,14,0.6063874801431477,3.502387,0.4388251685561423
2018_14_NYJ_BUF,2018,14,0.6491017293423831,4.968407,0.5143980410612551
2018_14_CAR_CLE,2018,14,0.44675061643028335,-1.7371451,0.47734867468235065
2018_14_ATL_GB,2018,14,0.515567917475984,0.506485,0.39387556115956096
2018_14_IND_HOU,2018,14,0.5617775581916674,2.017453,0.4392829538331453
2018_14_BAL_KC,2018,14,0.7471383202307296,8.635579,0.5653631217198821
2018_14_NE_MIA,2018,14,0.3081740092850706,-6.5013275,0.5612070227943038
2018_14_NO_TB,2018,14,0.21917950500057265,-10.05586,0.4522795040549017
2018_14_NYG_WAS,2018,14,0.5157433531325893,0.5121955,0.6066782205055271
2018_14_CIN_LAC,2018,14,0.868509266654912,14.524805,0.4243591839241372
2018_14_DEN_SF,2018,14,0.458600939144407,-1.3489566,0.5506246567595661
2018_14_DET_ARI,2018,14,0.39909696959842844,-3.3177328,0.4748754532046312
2018_14_PHI_DAL,2018,14,0.6356703091695749,4.501445,0.5307588616123362
2018_14_PIT_OAK,2018,14,0.28782835418532243,-7.2631044,0.5984957125064255
2018_14_LA_CHI,2018,14,0.5114387698248157,0.37210426,0.6025200465658225
2018_14_MIN_SEA,2018,14,0.7022425163052504,6.888376,0.6177827017850075
2018_15_LAC_KC,2018,15,0.6547418914165739,5.166395,0.5510928060083629
2018_15_HOU_NYJ,2018,15,0.33848291424594923,-5.4058313,0.5488896633245225
2018_15_CLE_DEN,2018,15,0.6644825064805132,5.511207,0.6359528837335673
2018_15_ARI_ATL,2018,15,0.7510104129967787,8.793382,0.46295594006595636
2018_15_TB_BAL,2018,15,0.6302815061410064,4.3157554,0.3735506126422151
2018_15_DET_BUF,2018,15,0.4458106686501391,-1.7679976,0.37110864446603015
2018_15_GB_CHI,2018,15,0.6160789103104406,3.830453,0.43360680547871405
2018_15_OAK_CIN,2018,15,0.6251248359409196,4.138889,0.5349702084868719
2018_15_DAL_IND,2018,15,0.5862158782538431,2.8264184,0.4946633965096531
2018_15_WAS_JAX,2018,15,0.5528440325652,1.723843,0.3281068829295811
2018_15_MIA_MIN,2018,15,0.6779065112980914,5.9929314,0.4537691678515002
2018_15_TEN_NYG,2018,15,0.47697708414818984,-0.7492511,0.5536638685917488
2018_15_SEA_SF,2018,15,0.3248723197439498,-5.8925543,0.4268556602906187
2018_15_NE_PIT,2018,15,0.5721208811695135,2.358703,0.6459622249539907
2018_15_PHI_LA,2018,15,0.7696949906777506,9.574138,0.38111586972356165
2018_15_NO_CAR,2018,15,0.3197387572567484,-6.078271,0.4975935770404516
2018_16_WAS_TEN,2018,16,0.6554120525596938,5.189999,0.28659684609897484
2018_16_BAL_LAC,2018,16,0.6907508565171359,6.4617114,0.5752336990764608
2018_16_ATL_CAR,2018,16,0.4224586721098621,-2.5381746,0.4988263235187834
2018_16_CIN_CLE,2018,16,0.6923116615937562,6.5192432,0.39425390161424084
2018_16_TB_DAL,2018,16,0.6707953906090429,5.7367606,0.46122299362938324
2018_16_MIN_DET,2018,16,0.5101551283150727,0.33033767,0.7006908129787267
2018_16_NYG_IND,2018,16,0.7438432048967165,8.50229,0.4540549697050169
2018_16_JAX_MIA,2018,16,0.5669774527150204,2.1888204,0.4750765338812034
2018_16_BUF_NE,2018,16,0.8536232055715245,13.6518955,0.48929881876949166
2018_16_GB_NYJ,2018,16,0.4070832597541549,-3.0500307,0.49846181073363544
2018_16_HOU_PHI,2018,16,0.5085707822676774,0.27879158,0.4778378733804189
2018_16_LA_ARI,2018,16,0.28162431011011363,-7.50034,0.7052074716795841
2018_16_CHI_SF,2018,16,0.37026696769017475,-4.296906,0.4755145350453982
2018_16_PIT_NO,2018,16,0.7146180954591024,7.35636,0.5263096688221602
2018_16_KC_SEA,2018,16,0.5385617012538717,1.2562033,0.569018971200772
2018_16_DEN_OAK,2018,16,0.41120520465091215,-2.9123757,0.4873236519596126
2018_17_MIA_BUF,2018,17,0.6206881277011779,3.9873304,0.45359812922846804
2018_17_DET_GB,2018,17,0.5565631388133644,1.8459597,0.33151428883511636
2018_17_JAX_HOU,2018,17,0.7166907939177596,7.435666,0.5133920284576032
2018_17_NYJ_NE,2018,17,0.7926840931442949,10.585307,0.39621458581541197
2018_17_CAR_NO,2018,17,0.8437446422554427,13.105191,0.6530019445397599
2018_17_DAL_NYG,2018,17,0.4572940226200482,-1.3917027,0.24659307768552619
2018_17_ATL_TB,2018,17,0.48158407353611904,-0.5992026,0.5582316420513591
2018_17_CLE_BAL,2018,17,0.6859567106805973,6.2857847,0.478052548832021
2018_17_LAC_DEN,2018,17,0.34961317400209463,-5.013415,0.5608397537400238
2018_17_OAK_KC,2018,17,0.8015107622896713,10.990933,0.39341452172164193
2018_17_SF_LA,2018,17,0.8267018548599235,12.213025,0.5525143369318785
2018_17_CHI_MIN,2018,17,0.49681640370852787,-0.103549585,0.3190426400362626
2018_17_CIN_PIT,2018,17,0.8314428521003348,12.455294,0.4526199709645543
2018_17_ARI_SEA,2018,17,0.8289303929643121,12.32637,0.403390944656893
2018_17_PHI_WAS,2018,17,0.416951638420239,-2.7210119,0.5997496920686606
2018_17_IND_TEN,2018,17,0.42342900454747323,-2.506012,0.5762081141018349
2018_18_IND_HOU,2018,18,0.4820232551620011,-0.58490306,0.4210497300965506
2018_18_SEA_DAL,2018,18,0.5465854091139911,1.5186801,0.4698580750844802
2018_18_LAC_BAL,2018,18,0.5526703173524278,1.718143,0.4606533410401285
2018_18_PHI_CHI,2018,18,0.6823386649996139,6.1537786,0.489356691768762
2018_19_IND_KC,2018,19,0.6890250083004907,6.3982444,0.5733163259941321
2018_19_DAL_LA,2018,19,0.7259125520587228,7.791963,0.508975642038482
2018_19_LAC_NE,2018,19,0.6374146465433939,4.561748,0.5172655380401106
2018_19_PHI_NO,2018,19,0.7465438869073759,8.611466,0.5034269902206134
2018_20_LA_NO,2018,20,0.6933920974951367,6.559143,0.6080690200956471
2018_20_NE_KC,2018,20,0.6881764627081285,6.3670955,0.6023711572805509
2018_21_NE_LA,2018,21,0.5075377234679403,0.24518384,0.5686852366264149
2019_01_GB_CHI,2019,1,0.668845192835464,5.669553,0.5663625914580859
2019_01_LA_CAR,2019,1,0.46644228102426255,-1.0932881,0.5124964550190051
2019_01_TEN_CLE,2019,1,0.5605311603522691,1.9773555,0.39306095594120877
2019_01_KC_JAX,2019,1,0.3433763805049906,-5.2351656,0.4468356748463074
2019_01_BAL_MIA,2019,1,0.31490565364421497,-6.25719,0.522814535609639
2019_01_ATL_MIN,2019,1,0.5532158892415415,1.7368586,0.44598373053298335
2019_01_BUF_NYJ,2019,1,0.5243943894657614,0.7943098,0.447733551566718
2019_01_WAS_PHI,2019,1,0.6472336563220822,4.905384,0.3332508195733543
2019_01_IND_LAC,2019,1,0.6650761248760726,5.5349345,0.4857113180064182
2019_01_CIN_SEA,2019,1,0.7912192009563188,10.523913,0.5314328731258692
2019_01_DET_ARI,2019,1,0.30299476168049677,-6.696162,0.37326011043176477
2019_01_NYG_DAL,2019,1,0.6658143574269382,5.5612545,0.45587683936514073
2019_01_SF_TB,2019,1,0.5924002042867721,3.034182,0.5622567561537551
2019_01_PIT_NE,2019,1,0.6161660972868396,3.8352098,0.4489798880752868
2019_01_HOU_NO,2019,1,0.7112529756656575,7.231567,0.5224695922609935
2019_01_DEN_OAK,2019,1,0.5033312146987252,0.10840186,0.5946180786285031
2019_02_TB_CAR,2019,2,0.660308247090218,5.365489,0.4651801307039058
2019_02_ARI_BAL,2019,2,0.837384758642727,12.77118,0.4929685943151588
2019_02_SF_CIN,2019,2,0.5658694845475951,2.1532829,0.5353945053502799
2019_02_LAC_DET,2019,2,0.5070020832380483,0.22786552,0.5376768525895993
2019_02_MIN_GB,2019,2,0.5259405507699494,0.84472364,0.4340700877703254
2019_02_JAX_HOU,2019,2,0.7355487876500723,8.17449,0.5207181557913085
2019_02_NE_MIA,2019,2,0.2443561871761104,-8.988144,0.7562168548424937
2019_02_BUF_NYG,2019,2,0.5824937492468634,2.7038398,0.6122956884595485
2019_02_SEA_PIT,2019,2,0.5972512274707706,3.1966512,0.4753283622316369
2019_02_IND_TEN,2019,2,0.6794693157125318,6.052373,0.5929440732232527
2019_02_DAL_WAS,2019,2,0.43569256591674843,-2.1017652,0.6180188596445411
2019_02_KC_OAK,2019,2,0.32106435525624166,-6.03302,0.5296884132664367
2019_02_CHI_DEN,2019,2,0.3682025301808428,-4.369947,0.45797872251396865
2019_02_NO_LA,2019,2,0.5675280378637633,2.2080204,0.5063923183518796
2019_02_PHI_ATL,2019,2,0.4736664255732365,-0.8575404,0.5043777793535773
2019_02_CLE_NYJ,2019,2,0.4929294548345453,-0.23009369,0.6854421849158168
2019_03_TEN_JAX,2019,3,0.44022681385238516,-1.9524062,0.48610010333616044
2019_03_CIN_BUF,2019,3,0.6136309825850645,3.749119,0.44635706599955305
2019_03_MIA_DAL,2019,3,0.8073298258332391,11.269592,0.2042417780697524
2019_03_DEN_GB,2019,3,0.7193190808032455,7.5401607,0.5165946692143022
2019_03_ATL_IND,2019,3,0.6162580242350848,3.8383348,0.5865337522256029
2019_03_BAL_KC,2019,3,0.6727328305966369,5.8090477,0.5401597446303478
2019_03_OAK_MIN,2019,3,0.7368364605154649,8.225643,0.49156947890395586
2019_03_NYJ_NE,2019,3,0.8459182517020318,13.229662,0.2877276408946624
2019_03_DET_PHI,2019,3,0.607942214064387,3.5565248,0.48637439252127956
2019_03_CAR_ARI,2019,3,0.4811340505809085,-0.61414325,0.40521047988760295
2019_03_NYG_TB,2019,3,0.6651711676449299,5.538322,0.5165382140854039
2019_03_HOU_LAC,2019,3,0.6812076557612176,6.115506,0.5948302150415165
2019_03_NO_SEA,2019,3,0.5622054788468653,2.0324929,0.40959473398878243
2019_03_PIT_SF,2019,3,0.6378555857184569,4.57915,0.45642345936260476
2019_03_LA_CLE,2019,3,0.3607126025319225,-4.6287665,0.4806851828922239
2019_03_CHI_WAS,2019,3,0.40849725852059027,-3.0041773,0.5610920640471346
2019_04_PHI_GB,2019,4,0.6770263005455823,5.9638886,0.5752646326327826
2019_04_TEN_ATL,2019,4,0.5727045375713221,2.379119,0.465597408690636
2019_04_CLE_BAL,2019,4,0.7612875086663659,9.223012,0.5527941352505162
2019_04_NE_BUF,2019,4,0.21817006076290074,-10.1049795,0.405484123192585
2019_04_KC_DET,2019,4,0.3607214725180009,-4.628459,0.5875298188786235
2019_04_CAR_HOU,2019,4,0.6856198157423602,6.2764025,0.5238450932864656
2019_04_OAK_IND,2019,4,0.7490803123930443,8.718641,0.5979066840443761
2019_04_LAC_MIA,2019,4,0.31156246609362415,-6.3796606,0.7466632461478743
2019_04_WAS_NYG,2019,4,0.5179691656111709,0.58493,0.42620933741569544
2019_04_SEA_ARI,2019,4,0.2982249378683896,-6.874094,0.45785199088026207
2019_04_TB_LA,2019,4,0.8380486727726877,12.806277,0.6153146722013514
2019_04_MIN_CHI,2019,4,0.6351380426611432,4.4851623,0.6636783454699975
2019_04_JAX_DEN,2019,4,0.5366314869930532,1.1937002,0.45992427243637574
2019_04_DAL_NO,2019,4,0.5045480616488822,0.14800106,0.5808138674985964
2019_04_CIN_PIT,2019,4,0.5821882133386291,2.69368,0.47523723164362713
2019_05_LA_SEA,2019,5,0.6106971058304016,3.6496918,0.5657606389340057
2019_05_JAX_CAR,2019,5,0.6655830022135486,5.553004,0.5779525391624188
2019_05_ARI_CIN,2019,5,0.6198269931432668,3.9598305,0.5294693103474529
2019_05_ATL_HOU,2019,5,0.6071137746758611,3.528544,0.48551505966220965
2019_05_TB_NO,2019,5,0.5887510692465701,2.91228,0.4973043353686152
2019_05_MIN_NYG,2019,5,0.4516238502428065,-1.5780796,0.6187144534402753
2019_05_CHI_OAK,2019,5,0.3514017621756973,-4.953108,0.547424661963041
2019_05_NYJ_PHI,2019,5,0.7904919784679187,10.491077,0.39346745546472156
2019_05_BAL_PIT,2019,5,0.47647138950462614,-0.7660857,0.5833979132285004
2019_05_BUF_TEN,2019,5,0.7132454070800476,7.307408,0.6153479534757803
2019_05_NE_WAS,2019,5,0.24375904328616843,-9.012855,0.6913589284735484
2019_05_DEN_LAC,2019,5,0.7812681253002842,10.080247,0.6802373049412203
2019_05_GB_DAL,2019,5,0.6513136331299467,5.048274,0.5474668270993034
2019_05_IND_KC,2019,5,0.7964419097597377,10.761746,0.5080430775416502
2019_05_CLE_SF,2019,5,0.6243424582144822,4.1140475,0.47279527326486714
2019_06_NYG_NE,2019,6,0.8337280105409254,12.579517,0.3813277602192593
2019_06_CAR_TB,2019,6,0.5375170217281363,1.2226413,0.5980258833001925
2019_06_CIN_BAL,2019,6,0.7886108403073256,10.406447,0.4971250982610632
2019_06_SEA_CLE,2019,6,0.5093258198968663,0.30349788,0.47860634041744615
2019_06_NO_JAX,2019,6,0.4828611822406624,-0.55788356,0.406891207024912
2019_06_HOU_KC,2019,6,0.7214033548298916,7.6205916,0.6245337004682097
2019_06_WAS_MIA,2019,6,0.3828189954594466,-3.8697226,0.5651720734005378
2019_06_PHI_MIN,2019,6,0.6017811422754922,3.3488188,0.4953542163194796
2019_06_ATL_ARI,2019,6,0.4313717483931784,-2.2443526,0.523208387680777
2019_06_SF_LA,2019,6,0.5969306547438521,3.1858995,0.505712606659959
2019_06_TEN_DEN,2019,6,0.4775878435414909,-0.72969496,0.44700230034031857
2019_06_DAL_NYJ,2019,6,0.3302247318288425,-5.702865,0.5397954961703697
2019_06_PIT_LAC,2019,6,0.6274949195967374,4.222058,0.4455331041646564
2019_06_DET_GB,2019,6,0.6425486309650551,4.742032,0.5381102332084162
2019_07_KC_DEN,2019,7,0.4368949892440023,-2.0621307,0.5287962295933089
2019_07_LA_ATL,2019,7,0.37610188110176646,-4.0988464,0.4662720762357239
2019_07_MIA_BUF,2019,7,0.7051570516288074,7.0010395,0.22058420303350307
2019_07_JAX_CIN,2019,7,0.4511248546696083,-1.5944389,0.5735034416929925
2019_07_MIN_DET,2019,7,0.49979260624221217,-0.006748772,0.5761506650515996
2019_07_OAK_GB,2019,7,0.7689438076304111,9.546557,0.6223684067404224
2019_07_HOU_IND,2019,7,0.48170984760570856,-0.59538597,0.43588605342038583
2019_07_ARI_NYG,2019,7,0.6954319482929724,6.6377497,0.5954942304264144
2019_07_SF_WAS,2019,7,0.33836024142752474,-5.4127164,0.6380904381548964
2019_07_LAC_TEN,2019,7,0.4169795643029233,-2.7213569,0.329708899648819
2019_07_NO_CHI,2019,7,0.6468761010719168,4.89289,0.5274174205727615
2019_07_BAL_SEA,2019,7,0.6342560552184033,4.4547086,0.5446106787353356
2019_07_PHI_DAL,2019,7,0.5985457704498442,3.2400913,0.5073777283625952
2019_07_NE_NYJ,2019,7,0.2309987122400855,-9.549008,0.49849394728417995
2019_08_WAS_MIN,2019,8,0.8156377571601039,11.669001,0.35489701480223623
2019_08_SEA_ATL,2019,8,0.3312177767149629,-5.667299,0.5561334789074766
2019_08_PHI_BUF,2019,8,0.596722005211636,3.1789026,0.5666459154592783
2019_08_LAC_CHI,2019,8,0.6569125583279745,5.245366,0.5534749886616626
2019_08_NYG_DET,2019,8,0.7370803956129378,8.235348,0.5531698730030191
2019_08_DEN_IND,2019,8,0.7052005975325987,7.002678,0.530782279604545
2019_08_NYJ_JAX,2019,8,0.7426884536263578,8.45975,0.5447646370586007
2019_08_CIN_LA,2019,8,0.8452533118607315,13.193345,0.5366206216270236
2019_08_ARI_NO,2019,8,0.8185592968093601,11.812103,0.47887041352794363
2019_08_TB_TEN,2019,8,0.595517088638318,3.1385157,0.534942465914837
2019_08_CAR_SF,2019,8,0.6746536094988407,5.878216,0.5422739641979154
2019_08_OAK_HOU,2019,8,0.7955561871887745,10.721159,0.6702855819439486
2019_08_CLE_NE,2019,8,0.8472794733868502,13.304333,0.615257428106066
2019_08_GB_KC,2019,8,0.5536502372374849,1.7511208,0.6984821585750154
2019_08_MIA_PIT,2019,8,0.703458556462366,6.9372025,0.2932040379039878
2019_09_SF_ARI,2019,9,0.2901069607207833,-7.1799436,0.6009259455872414
2019_09_HOU_JAX,2019,9,0.4321949786419229,-2.2171655,0.40213729640481083
2019_09_WAS_BUF,2019,9,0.7492096477999098,8.723915,0.44558964728699213
2019_09_TEN_CAR,2019,9,0.5054605264941588,0.1776958,0.39900720312253196
2019_09_MIN_KC,2019,9,0.5393557264980852,1.2827536,0.6993307665558147
2019_09_NYJ_MIA,2019,9,0.544823510566071,1.4616781,0.6488430949703867
2019_09_CHI_PHI,2019,9,0.5597005877921939,1.950017,0.4071273693029916
2019_09_IND_PIT,2019,9,0.6011623541211141,3.3280058,0.5711594061239491
2019_09_DET_OAK,2019,9,0.4616913491291996,-1.2485186,0.3863867145165589
2019_09_TB_SEA,2019,9,0.7394322989126632,8.329154,0.6306123070152684
2019_09_CLE_DEN,2019,9,0.5300051309456062,0.97731525,0.6492896830047356
2019_09_GB_LAC,2019,9,0.5296995280028997,0.96734273,0.6490048966297987
2019_09_NE_BAL,2019,9,0.32818134176766145,-5.776186,0.4153319798102113
2019_09_DAL_NYG,2019,9,0.2796433238156071,-7.580165,0.4668441523540411
2019_10_LAC_OAK,2019,10,0.38397817416316604,-3.830306,0.4137071649945927
2019_10_DET_CHI,2019,10,0.6587836673292085,5.3115005,0.4788519175255285
2019_10_BAL_CIN,2019,10,0.25523750952465546,-8.543383,0.5599011411561392
2019_10_BUF_CLE,2019,10,0.5491428040255072,1.6032151,0.45715864599542333
2019_10_ATL_NO,2019,10,0.8232425133760279,12.044539,0.4401340069572644
2019_10_NYG_NYJ,2019,10,0.47201692140373175,-0.9113415,0.5639098748736351
2019_10_ARI_TB,2019,10,0.763798828220627,9.328498,0.6159686314290725
2019_10_KC_TEN,2019,10,0.26776739421977114,-8.043333,0.40732617595443527
2019_10_MIA_IND,2019,10,0.6524554089409471,5.088371,0.32442015845202926
2019_10_CAR_GB,2019,10,0.6255979848975007,4.15703,0.47411322755557983
2019_10_LA_PIT,2019,10,0.4368112115144607,-2.0648916,0.5592475425881509
2019_10_MIN_DAL,2019,10,0.5847177858520772,2.777843,0.4778191267751905
2019_10_SEA_SF,2019,10,0.7041957391973643,6.964888,0.5142832343910888
2019_11_PIT_CLE,2019,11,0.4743722169664649,-0.8345246,0.3838540582464071
2019_11_HOU_BAL,2019,11,0.6307788001506411,4.3348823,0.5102899894420186
2019_11_ATL_CAR,2019,11,0.5837891221435753,2.7469316,0.47687073202466107
2019_11_DAL_DET,2019,11,0.40372795777829756,-3.163817,0.63081661281955
2019_11_JAX_IND,2019,11,0.5845041803986932,2.7707314,0.5083191351690489
2019_11_BUF_MIA,2019,11,0.33580362182481527,-5.503599,0.5458836565214515
2019_11_DEN_MIN,2019,11,0.7471315365171858,8.639346,0.4582627293627306
2019_11_NO_TB,2019,11,0.36921079854251415,-4.33524,0.5204195488613467
2019_11_NYJ_WAS,2019,11,0.5695267159468989,2.2740355,0.5390891094667778
2019_11_ARI_SF,2019,11,0.8054467101650709,11.180537,0.5362286706133189
2019_11_CIN_OAK,2019,11,0.7629750714781608,9.293829,0.3876355296519687
2019_11_NE_PHI,2019,11,0.23616783484258796,-9.329902,0.35492849098391444
2019_11_CHI_LA,2019,11,0.7244269454061152,7.7377934,0.5835145031923831
2019_11_KC_LAC,2019,11,0.49960097077945603,-0.012984757,0.663730424548176
2019_12_IND_HOU,2019,12,0.6511371510410302,5.042081,0.5472778509525326
2019_12_TB_ATL,2019,12,0.6831896120679025,6.1876636,0.582007251799796
2019_12_DEN_BUF,2019,12,0.6666128974956332,5.5897503,0.5639429942001248
2019_12_NYG_CHI,2019,12,0.788244670350937,10.390026,0.6323803789569646
2019_12_PIT_CIN,2019,12,0.2811043261553363,-7.523857,0.4380566839463019
2019_12_MIA_CLE,2019,12,0.8070511975441199,11.256382,0.5078782586128866
2019_12_CAR_NO,2019,12,0.7774028102005982,9.911066,0.49726702844913895
2019_12_OAK_NYJ,2019,12,0.4739189364454046,-0.8493058,0.580894923403424
2019_12_SEA_PHI,2019,12,0.4740564297758126,-0.84482205,0.5047685970117486
2019_12_DET_WAS,2019,12,0.29771186155418206,-6.89331,0.4118174937980988
2019_12_JAX_TEN,2019,12,0.5885193367152203,2.9045477,0.451093946197812
2019_12_DAL_NE,2019,12,0.725910387771558,7.7955265,0.5701769993060491
2019_12_GB_SF,2019,12,0.6659455854896545,5.5659356,0.5783422926923959
2019_12_BAL_LA,2019,12,0.5000374328789182,0.0012180982,0.6063042557286525
2019_13_CHI_DET,2019,13,0.4311481690018274,-2.251738,0.5987891422212578
2019_13_BUF_DAL,2019,13,0.6791703916443248,6.041531,0.48591390617075325
2019_13_NO_ATL,2019,13,0.3305315952000888,-5.69187,0.5401316796084292
2019_13_SF_BAL,2019,13,0.7365157772314443,8.212892,0.5827659327818631
2019_13_WAS_CAR,2019,13,0.7602612500844044,9.18008,0.45950786413470557
2019_13_NYJ_CIN,2019,13,0.44695811061665525,-1.7311457,0.5236135426753222
2019_13_TEN_IND,2019,13,0.6250738957443942,4.1390824,0.653897475068197
2019_13_TB_JAX,2019,13,0.47945610315934206,-0.66881186,0.5712556396782286
2019_13_PHI_MIA,2019,13,0.275353842069513,-7.7463155,0.5839920437755802
2019_13_GB_NYG,2019,13,0.4261566547971259,-2.4168143,0.6234401659845042
2019_13_CLE_PIT,2019,13,0.5535874399300749,1.7490587,0.5838530473191819
2019_13_LA_ARI,2019,13,0.2699088565414572,-7.9590716,0.33705527786657996
2019_13_LAC_DEN,2019,13,0.3527409046642346,-4.906273,0.48751703056838563
2019_13_OAK_KC,2019,13,0.8298054229252021,12.3769245,0.5269279309905839
2019_13_NE_HOU,2019,13,0.4033766671301124,-3.175594,0.5099681487456738
2019_13_MIN_SEA,2019,13,0.4907506454129115,-0.30100894,0.41458655344663714
2019_14_DAL_CHI,2019,14,0.5104352913297691,0.33961213,0.6015074562193665
2019_14_CAR_ATL,2019,14,0.6052259131577067,3.464842,0.4989195775960532
2019_14_BAL_BUF,2019,14,0.2556457634868901,-8.526893,0.4379645282540535
2019_14_CIN_CLE,2019,14,0.7287170870051186,7.9051824,0.5430979145828662
2019_14_WAS_GB,2019,14,0.7939450834408265,10.647599,0.4281030037135455
2019_14_DEN_HOU,2019,14,0.7087239764540776,7.135656,0.47345780355384776
2019_14_DET_MIN,2019,14,0.7496022951417747,8.739936,0.4008593868808348
2019_14_SF_NO,2019,14,0.5846189117505372,2.7745512,0.5543636584375342
2019_14_MIA_NYJ,2019,14,0.6347753524397136,4.472636,0.48379825419362804
2019_14_IND_TB,2019,14,0.5983516518024663,3.233575,0.5071775144308682
2019_14_LAC_JAX,2019,14,0.3525953016788961,-4.911362,0.4567132903266537
2019_14_PIT_ARI,2019,14,0.2852748995803537,-7.3638935,0.3539542289365986
2019_14_KC_NE,2019,14,0.5576602276084333,1.8828944,0.4657130011401583
2019_14_TEN_OAK,2019,14,0.3975610341078799,-3.370954,0.4886019133194343
2019_14_SEA_LA,2019,14,0.5131915192183208,0.42934167,0.4824689768356386
2019_14_NYG_PHI,2019,14,0.771943369889895,9.674938,0.5053757921201829
2019_15_NYJ_BAL,2019,15,0.8468923474845402,13.2830515,0.3873175946928523
2019_15_SEA_CAR,2019,15,0.3145000955149567,-6.272017,0.49164136765523553
2019_15_NE_CIN,2019,15,0.2975206921920439,-6.900474,0.609214414540288
2019_15_TB_DET,2019,15,0.4244376940718005,-2.473752,0.592162941548321
2019_15_CHI_GB,2019,15,0.6252249697766089,4.144255,0.5044329555337574
2019_15_DEN_KC,2019,15,0.8163507982326199,11.703795,0.5522087208439683
2019_15_MIA_NYG,2019,15,0.6267254868033671,4.1956687,0.5213680848222205
2019_15_HOU_TEN,2019,15,0.5110651690694867,0.36011633,0.41943046458674615
2019_15_PHI_WAS,2019,15,0.27748011904815173,-7.6637983,0.4796099685576076
2019_15_CLE_ARI,2019,15,0.4030214974515777,-3.187504,0.49423808944865216
2019_15_MIN_LAC,2019,15,0.6101709065394694,3.6318822,0.6393772467114327
2019_15_JAX_OAK,2019,15,0.6098474600000654,3.620938,0.3973201457184994
2019_15_LA_DAL,2019,15,0.5313732068973956,1.0219657,0.561885894380866
2019_15_ATL_SF,2019,15,0.7592397535075984,9.137447,0.4582046992369237
2019_15_BUF_PIT,2019,15,0.6082177787930607,3.5658357,0.5783392821687251
2019_15_IND_NO,2019,15,0.7347863430476822,8.144261,0.5044331460173535
2019_16_HOU_TB,2019,16,0.4933980032429885,-0.21484448,0.5849374080338798
2019_16_BUF_NE,2019,16,0.8133520144310133,11.5580225,0.6372453135021896
2019_16_LA_SF,2019,16,0.7417557919598903,8.422256,0.543619510037507
2019_16_JAX_ATL,2019,16,0.7199240744267391,7.563477,0.5019506793369819
2019_16_BAL_CLE,2019,16,0.2538610011523534,-8.599084,0.527663480144471
2019_16_CAR_IND,2019,16,0.703319411115006,6.9319797,0.48254996567660224
2019_16_CIN_MIA,2019,16,0.5282874195365594,0.9212697,0.5739779068093884
2019_16_PIT_NYJ,2019,16,0.36082498354078163,-4.62487,0.4501968555774266
2019_16_NO_TEN,2019,16,0.3475838656573678,-5.086991,0.4513520263686229
2019_16_NYG_WAS,2019,16,0.553481117373164,1.7455673,0.5837481303577626
2019_16_DET_DEN,2019,16,0.6910282374515594,6.4749565,0.40787308137890144
2019_16_OAK_LAC,2019,16,0.7903473884762993,10.484556,0.5909156064708534
2019_16_DAL_PHI,2019,16,0.5013972305298996,0.04546718,0.5625992994284873
2019_16_ARI_SEA,2019,16,0.7620636218030482,9.255547,0.538523625307978
2019_16_KC_CHI,2019,16,0.3493186034420013,-5.026092,0.5451969453641169
2019_16_GB_MIN,2019,16,0.7208664907487099,7.599847,0.6092239044127722
2019_17_NYJ_BUF,2019,17,0.7351239072096047,8.1576395,0.7715404857964032
2019_17_NO_CAR,2019,17,0.19174064756482906,-11.313746,0.5668686435003272
2019_17_CLE_CIN,2019,17,0.3798696857031518,-3.9701722,0.4549171217165391
2019_17_GB_DET,2019,17,0.30527584780456873,-6.6115146,0.7021593630134402
2019_17_LAC_KC,2019,17,0.833522283227887,12.568816,0.5784291001420901
2019_17_CHI_MIN,2019,17,0.5542013700295877,1.7692208,0.7122430084495881
2019_17_MIA_NE,2019,17,0.8326468488941992,12.523374,0.35072998590690113
2019_17_ATL_TB,2019,17,0.6168177414778663,3.8573663,0.5871046977022135
2019_17_PIT_BAL,2019,17,0.8115504595658449,11.471145,0.8502915497798041
2019_17_WAS_DAL,2019,17,0.7728990845353673,9.716042,0.40014805725397895
2019_17_OAK_DEN,2019,17,0.556672200620617,1.850409,0.38930587061633853
2019_17_TEN_HOU,2019,17,0.47220779883650965,-0.905115,0.7582176008335402
2019_17_IND_JAX,2019,17,0.3496949196001985,-5.012896,0.49960369645500513
2019_17_ARI_LA,2019,17,0.7687035312638135,9.536314,0.5774494114755149
2019_17_PHI_NYG,2019,17,0.375299566529691,-4.126298,0.49611885020521984
2019_17_SF_SEA,2019,17,0.43939461327921725,-1.979799,0.5466101288245371
2019_18_BUF_HOU,2019,18,0.5867145798397759,2.8443618,0.5105812011265118
2019_18_TEN_NE,2019,18,0.6805018997740583,6.089857,0.5487353988707229
2019_18_MIN_NO,2019,18,0.7497766856840528,8.747055,0.5382638853612034
2019_18_SEA_PHI,2019,18,0.6021185354816362,3.3601706,0.5721318667227149
2019_19_MIN_SF,2019,19,0.7011291064655545,6.8499227,0.4953881368630873
2019_19_TEN_BAL,2019,19,0.7999979770945341,10.925771,0.5284253904919328
2019_19_HOU_KC,2019,19,0.7814999086730002,10.090446,0.5027794513086579
2019_19_SEA_GB,2019,19,0.6105727557574093,3.6454823,0.4737591143170528
2019_20_TEN_KC,2019,20,0.7733961244768214,9.737456,0.5684194605202517
2019_20_GB_SF,2019,20,0.7422586517494165,8.442463,0.5135945162267643
2019_21_SF_KC,2019,21,0.6378696962411484,4.5796385,0.5937589143622302
2020_01_HOU_KC,2020,1,0.794928197464343,10.711546,0.5371114499412619
2020_01_SEA_ATL,2020,1,0.5272342867043426,0.8885009,0.49657971905796927
2020_01_CLE_BAL,2020,1,0.8071472894160305,11.281052,0.6289909856503377
2020_01_NYJ_BUF,2020,1,0.6827744851353564,6.1835604,0.49029392001628047
2020_01_LV_CAR,2020,1,0.4990011996872084,-0.032559916,0.5902448377579927
2020_01_CHI_DET,2020,1,0.5195218262765104,0.63664603,0.44303510168050814
2020_01_IND_JAX,2020,1,0.4253336093018443,-2.4484363,0.636824110323374
2020_01_GB_MIN,2020,1,0.592043642295897,3.0276577,0.5619489333797119
2020_01_MIA_NE,2020,1,0.721278685414848,7.629377,0.5039686736678048
2020_01_PHI_WAS,2020,1,0.27184803287908366,-7.89714,0.4268800925921891
2020_01_LAC_CIN,2020,1,0.37974272807065185,-3.9816012,0.4546488232782444
2020_01_TB_NO,2020,1,0.7254706043941721,7.7922893,0.614703690871918
2020_01_ARI_SF,2020,1,0.7577926120288279,9.093432,0.5639414546384216
2020_01_DAL_LA,2020,1,0.5486100989933126,1.5885818,0.5180490539412701
2020_01_PIT_NYG,2020,1,0.4720694027930976,-0.9112544,0.6522078147073745
2020_01_TEN_DEN,2020,1,0.4553282973693612,-1.459309,0.5471516058260542
2020_02_CIN_CLE,2020,2,0.6480296024523732,4.9420247,0.4675815261467026
2020_02_NYG_CHI,2020,2,0.738428599426074,8.303875,0.6150442542954697
2020_02_ATL_DAL,2020,2,0.7386685399888895,8.313468,0.658571469868118
2020_02_DET_GB,2020,2,0.7418301341440718,8.440292,0.5440919648443203
2020_02_MIN_IND,2020,2,0.5700612864014707,2.2957957,0.4631127909466291
2020_02_BUF_MIA,2020,2,0.295074729049365,-7.0048084,0.45394160140816603
2020_02_SF_NYJ,2020,2,0.31627340605337834,-6.2183347,0.5239637773996999
2020_02_LA_PHI,2020,2,0.5483624919952358,1.5804499,0.4871321996255312
2020_02_DEN_PIT,2020,2,0.6664622307592207,5.594347,0.48755828854172234
2020_02_CAR_TB,2020,2,0.6651089975177875,5.545995,0.4402841095127922
2020_02_JAX_TEN,2020,2,0.7128802923978055,7.3065195,0.5094018596661678
2020_02_WAS_ARI,2020,2,0.6735619629592444,5.8493147,0.44949954434236694
2020_02_BAL_HOU,2020,2,0.28086453181607285,-7.546546,0.4985721679540772
2020_02_KC_LAC,2020,2,0.2928742729247567,-7.087882,0.5432328742788508
2020_02_NE_SEA,2020,2,0.5556358912367769,1.8195932,0.433426316445877
2020_02_NO_LV,2020,2,0.3404278894936356,-5.348947,0.45869405442067046
2020_03_MIA_JAX,2020,3,0.6473189928669778,4.9171343,0.5585973170186885
2020_03_CHI_ATL,2020,3,0.5997381496831928,3.2859945,0.524096338210526
2020_03_LA_BUF,2020,3,0.5605135847501738,1.9803079,0.5147304798608661
2020_03_WAS_CLE,2020,3,0.6587816881336039,5.320918,0.43346639169610013
2020_03_TEN_MIN,2020,3,0.47218672565368713,-0.9074204,0.5639156302165257
2020_03_LV_NE,2020,3,0.6629020793338529,5.4673047,0.45309196309850625
2020_03_SF_NYG,2020,3,0.34750353450275817,-5.0989056,0.4358928192772414
2020_03_CIN_PHI,2020,3,0.6137476497005802,3.7597814,0.4467762841234124
2020_03_HOU_PIT,2020,3,0.678521368712298,6.0287557,0.561982205782593
2020_03_NYJ_IND,2020,3,0.745884761348643,8.604126,0.3822545922811385
2020_03_CAR_LAC,2020,3,0.7537019984804948,8.923924,0.5889437676795483
2020_03_DET_ARI,2020,3,0.6707302514246125,5.7473574,0.5382050956473248
2020_03_TB_DEN,2020,3,0.46608169207118716,-1.107038,0.6466283965705868
2020_03_DAL_SEA,2020,3,0.7071948801627348,7.090497,0.5486684128625774
2020_03_GB_NO,2020,3,0.6141488302907543,3.7734196,0.5083867468062582
2020_03_KC_BAL,2020,3,0.6080416324723434,3.5662427,0.5020320386565295
2020_04_DEN_NYJ,2020,4,0.5718197770970114,2.354044,0.541461455446622
2020_04_ARI_CAR,2020,4,0.4806376172350965,-0.6314421,0.572257721555014
2020_04_JAX_CIN,2020,4,0.5536593150484151,1.7545475,0.5231333655725929
2020_04_CLE_DAL,2020,4,0.7231085737968612,7.700344,0.6266434043795079
2020_04_NO_DET,2020,4,0.3389208565773456,-5.4024563,0.42671976512733767
2020_04_MIN_HOU,2020,4,0.5684815526475895,2.2435076,0.46151597609391065
2020_04_SEA_MIA,2020,4,0.28368936654230387,-7.437836,0.4106401798115114
2020_04_LAC_TB,2020,4,0.7115267759564029,7.254911,0.49248214299636955
2020_04_BAL_WAS,2020,4,0.2014256969807957,-10.879294,0.6096497436156517
2020_04_NYG_LA,2020,4,0.8207422178689852,11.941262,0.45229871269466815
2020_04_IND_CHI,2020,4,0.4696908249442958,-0.9890009,0.5765509804188725
2020_04_BUF_LV,2020,4,0.47582120204256745,-0.7886876,0.567508319242809
2020_04_PHI_SF,2020,4,0.7660354706555164,9.439798,0.5288039918357419
2020_04_NE_KC,2020,4,0.7827722302417397,10.164669,0.5961291158829735
2020_04_ATL_GB,2020,4,0.7349194891742485,8.164094,0.5961119898286013
2020_05_TB_CHI,2020,5,0.40705391845941546,-3.0578928,0.5135593789241057
2020_05_CAR_ATL,2020,5,0.6347211782825168,4.4787517,0.5604663930467046
2020_05_CIN_BAL,2020,5,0.8196084167992447,11.885035,0.4811424730448471
2020_05_JAX_HOU,2020,5,0.6860099655834632,6.3019133,0.4939237664145806
2020_05_LV_KC,2020,5,0.8265710557506506,12.233931,0.5377950883592366
2020_05_ARI_NYJ,2020,5,0.49038828996981987,-0.31336236,0.6964279842501465
2020_05_PHI_PIT,2020,5,0.7203089105486595,7.591859,0.5028178204059944
2020_05_LA_WAS,2020,5,0.2917516906814112,-7.130374,0.4960007420480959
2020_05_MIA_SF,2020,5,0.7916398479373987,10.56177,0.5629825131169414
2020_05_IND_CLE,2020,5,0.48329890383310903,-0.544598,0.4527293851008418
2020_05_NYG_DAL,2020,5,0.7617661948082861,9.2595825,0.5538123653357869
2020_05_MIN_SEA,2020,5,0.6905834407601465,6.4701076,0.4990830262523
2020_05_LAC_NO,2020,5,0.7663259302981695,9.452126,0.5747775700327509
2020_05_BUF_TEN,2020,5,0.5799856941040392,2.6251721,0.6673238156608505
2020_06_CHI_CAR,2020,6,0.563304500639266,2.0724003,0.5022209263814518
2020_06_CIN_IND,2020,6,0.7553565257694997,8.992301,0.5456772616534056
2020_06_DET_JAX,2020,6,0.44028452323882755,-1.9539912,0.5320525919565083
2020_06_ATL_MIN,2020,6,0.6637943360815332,5.499095,0.5610831846893605
2020_06_DEN_NE,2020,6,0.7716745466800288,9.6806555,0.5816526450888051
2020_06_WAS_NYG,2020,6,0.5843284638981392,2.769821,0.523601086912679
2020_06_BAL_PHI,2020,6,0.27388753600790217,-7.817342,0.5817127877245022
2020_06_CLE_PIT,2020,6,0.6828315794059483,6.185644,0.5967536504513969
2020_06_HOU_TEN,2020,6,0.6971746461388039,6.714433,0.5826667514029255
2020_06_NYJ_MIA,2020,6,0.7409564390956794,8.405166,0.4664547124826627
2020_06_GB_TB,2020,6,0.4851128535494127,-0.48541862,0.5766588380951909
2020_06_LA_SF,2020,6,0.5093809448359542,0.3058375,0.5703645465309627
2020_06_KC_BUF,2020,6,0.4096753565440561,-2.9701104,0.5771196804017941
2020_06_ARI_DAL,2020,6,0.555623587796271,1.8191881,0.525112640535154
2020_07_NYG_PHI,2020,7,0.6931051094501606,6.5633073,0.5478404551401262
2020_07_DET_ATL,2020,7,0.6299891464468491,4.3154173,0.6006121061468987
2020_07_CLE_CIN,2020,7,0.48255753588518424,-0.568788,0.6187814411443924
2020_07_GB_HOU,2020,7,0.4565365437403035,-1.4196794,0.5331016213738173
2020_07_CAR_NO,2020,7,0.7279350692143898,7.8886395,0.5272385254460018
2020_07_BUF_NYJ,2020,7,0.24767194799090303,-8.867331,0.5193999871095926
2020_07_PIT_TEN,2020,7,0.5487298035509101,1.5925133,0.5181695322468294
2020_07_DAL_WAS,2020,7,0.44295139763611024,-1.8661108,0.4734509878045892
2020_07_TB_LV,2020,7,0.4342704047938432,-2.1525059,0.5412616148698713
2020_07_KC_DEN,2020,7,0.32316455577748665,-5.9676285,0.5316355902081444
2020_07_JAX_LAC,2020,7,0.7281898353230964,7.898624,0.49689024018394296
2020_07_SF_NE,2020,7,0.521708905241097,0.70803803,0.43005449840938303
2020_07_SEA_ARI,2020,7,0.4914555192205955,-0.27856275,0.5978188203899895
2020_07_CHI_LA,2020,7,0.7358727798613932,8.201974,0.5520607575691305
2020_08_ATL_CAR,2020,8,0.5228404464961294,0.7449827,0.4768522470723383
2020_08_PIT_BAL,2020,8,0.6980762941652856,6.7480383,0.5836751299226066
2020_08_NE_BUF,2020,8,0.6143000907205001,3.7785628,0.4932075651838939
2020_08_TEN_CIN,2020,8,0.3651907214534431,-4.481799,0.5917612743313159
2020_08_LV_CLE,2020,8,0.6274918973670387,4.2294955,0.5980585276147354
2020_08_IND_DET,2020,8,0.38497541156719317,-3.8032057,0.49069976524404624
2020_08_MIN_GB,2020,8,0.7303814334018365,7.984712,0.5757593442619153
2020_08_NYJ_KC,2020,8,0.8637189053463108,14.268968,0.3297240629389917
2020_08_LA_MIA,2020,8,0.3703905438135082,-4.3023415,0.4754031407760188
2020_08_LAC_DEN,2020,8,0.48473455184474445,-0.4977597,0.5762872423635582
2020_08_NO_CHI,2020,8,0.3859397226797652,-3.770409,0.552900589304454
2020_08_SF_SEA,2020,8,0.5116163003706872,0.3787332,0.48094939160832373
2020_08_DAL_PHI,2020,8,0.7065021877406545,7.064312,0.41070441718648043
2020_08_TB_NYG,2020,8,0.26453281740962165,-8.185848,0.6443734652906626
2020_09_GB_SF,2020,9,0.6288437723159526,4.2759857,0.7852797721099541
2020_09_DEN_ATL,2020,9,0.6217840206611869,4.033792,0.4857017611981343
2020_09_SEA_BUF,2020,9,0.5197257099720942,0.6433005,0.6103163498040026
2020_09_BAL_IND,2020,9,0.42185268530123393,-2.564038,0.3920235085470895
2020_09_HOU_JAX,2020,9,0.3222763799207292,-5.999815,0.5306512537250739
2020_09_CAR_KC,2020,9,0.8342131458204032,12.627303,0.5800497467223231
2020_09_DET_MIN,2020,9,0.6002601443154557,3.303566,0.5093112827196561
2020_09_CHI_TEN,2020,9,0.6802972630421906,6.0932894,0.48752586087772787
2020_09_NYG_WAS,2020,9,0.6096541698965191,3.6208556,0.5190380075847111
2020_09_LV_LAC,2020,9,0.6023394940765321,3.3736217,0.6316777142380299
2020_09_MIA_ARI,2020,9,0.714715747106123,7.376689,0.5421522908852113
2020_09_PIT_DAL,2020,9,0.31044146221850144,-6.4323225,0.7196829998383237
2020_09_NO_TB,2020,9,0.6186853566829321,3.9279335,0.5284409637231402
2020_09_NE_NYJ,2020,9,0.2564703002314169,-8.508801,0.5303763932611582
2020_10_IND_TEN,2020,10,0.6272256510012364,4.220346,0.6559397961155826
2020_10_TB_CAR,2020,10,0.47194560382905704,-0.9153001,0.6520928497153609
2020_10_HOU_CLE,2020,10,0.519223901069775,0.6269225,0.3829233849000784
2020_10_WAS_DET,2020,10,0.6416213631373443,4.718204,0.5677166813677896
2020_10_JAX_GB,2020,10,0.8771456235952106,15.096802,0.5488603691698563
2020_10_PHI_NYG,2020,10,0.3771420090359334,-4.070544,0.5131715182676736
2020_10_BUF_ARI,2020,10,0.6516301340075836,5.068422,0.5631839939467905
2020_10_DEN_LV,2020,10,0.647455666440135,4.9219203,0.5435317892736341
2020_10_LAC_MIA,2020,10,0.546150424242747,1.5078286,0.5155740887768266
2020_10_SEA_LA,2020,10,0.5544378692861416,1.780163,0.46263532561931725
2020_10_SF_NO,2020,10,0.7174531218008562,7.48174,0.43833588327749196
2020_10_CIN_PIT,2020,10,0.7441031112073786,8.531969,0.5620795855538459
2020_10_BAL_NE,2020,10,0.25515220836824815,-8.562097,0.45219641657586224
2020_10_MIN_CHI,2020,10,0.4918884132568608,-0.26444775,0.598238670948614
2020_11_ARI_SEA,2020,11,0.6589703918854779,5.3276076,0.5710218497368278
2020_11_TEN_BAL,2020,11,0.7093670850781542,7.172798,0.5359278148024499
2020_11_DET_CAR,2020,11,0.4590028057227047,-1.3388282,0.5508195397714101
2020_11_PHI_CLE,2020,11,0.6262730871315227,4.187628,0.5516243999061343
2020_11_NE_HOU,2020,11,0.6015785271783844,3.3479726,0.6735247526759585
2020_11_PIT_JAX,2020,11,0.29728165454691385,-6.921777,0.623082284342654
2020_11_ATL_NO,2020,11,0.5831675100165817,2.7311192,0.4764277005104829
2020_11_CIN_WAS,2020,11,0.5455848110141794,1.4892673,0.4843368952251838
2020_11_MIA_DEN,2020,11,0.44542540862713986,-1.7846621,0.5676300279882561
2020_11_NYJ_LAC,2020,11,0.737900390668878,8.282774,0.4474753968736315
2020_11_GB_IND,2020,11,0.5492581350762309,1.6098675,0.5033702315864936
2020_11_DAL_MIN,2020,11,0.7255840199684989,7.7967143,0.5244245676521339
2020_11_KC_LV,2020,11,0.26922246798219523,-8.000308,0.4846564370590193
2020_11_LA_TB,2020,11,0.6220975328540306,4.044517,0.5013655930117096
2020_12_HOU_DET,2020,12,0.46646784168446953,-1.0944048,0.5582471482565459
2020_12_WAS_DAL,2020,12,0.5750376006347018,2.4607549,0.4987961262379638
2020_12_LV_ATL,2020,12,0.5347904679989859,1.1355755,0.6392453866390019
2020_12_LAC_BUF,2020,12,0.7061977211577245,7.052812,0.5778095486535899
2020_12_NYG_CIN,2020,12,0.4036430491109646,-3.17232,0.600976206869128
2020_12_TEN_IND,2020,12,0.6099510987924267,3.630919,0.5193463533987226
2020_12_CLE_JAX,2020,12,0.3742476197087674,-4.169754,0.6010523798471169
2020_12_CAR_MIN,2020,12,0.5892618009603086,2.9345584,0.49799253499290425
2020_12_ARI_NE,2020,12,0.543259467323992,1.41299,0.5735978736728417
2020_12_MIA_NYJ,2020,12,0.2992673047616068,-6.84731,0.5200133819368771
2020_12_NO_DEN,2020,12,0.2515927585801925,-8.706742,0.7381628925351867
2020_12_SF_LA,2020,12,0.6437402215486919,4.792052,0.4936212948518701
2020_12_KC_TB,2020,12,0.469684841097623,-0.98919654,0.5765450903533906
2020_12_CHI_GB,2020,12,0.7645251322413882,9.375838,0.5573439276121787
2020_12_SEA_PHI,2020,12,0.4581593004449413,-1.3664747,0.6534793740424011
2020_12_BAL_PIT,2020,12,0.6161970552165184,3.8431149,0.3043721638355376
2020_13_NO_ATL,2020,13,0.35560284677012544,-4.8149786,0.42935943359402484
2020_13_DET_CHI,2020,13,0.6187361090133193,3.9296653,0.5284939549794485
2020_13_IND_HOU,2020,13,0.5879774519871702,2.8916261,0.6884530215240742
2020_13_CIN_MIA,2020,13,0.6879383683301317,6.372702,0.37548539036383977
2020_13_JAX_MIN,2020,13,0.7585379841807594,9.124485,0.45788352063480753
2020_13_LV_NYJ,2020,13,0.3044934004769665,-6.6523805,0.5259830077254748
2020_13_CLE_TEN,2020,13,0.7026185093994679,6.918027,0.5887673625588272
2020_13_LA_ARI,2020,13,0.5480361315031081,1.5697325,0.6228342970686059
2020_13_NYG_SEA,2020,13,0.8101180075039454,11.422799,0.5129674152945303
2020_13_PHI_GB,2020,13,0.7465133789615728,8.629648,0.5193074172382435
2020_13_NE_LAC,2020,13,0.5607586745828032,1.9883913,0.4843100418595383
2020_13_DEN_KC,2020,13,0.8485645103426018,13.399121,0.512241441771195
2020_13_WAS_PIT,2020,13,0.839007303075259,12.880087,0.7148044806633889
2020_13_BUF_SF,2020,13,0.6111395194878056,3.6712172,0.5662957028761328
2020_13_DAL_BAL,2020,13,0.8125306657784648,11.538925,0.5923800020473546
2020_14_NE_LA,2020,14,0.662857062512168,5.4657016,0.5142827145131779
2020_14_DEN_CAR,2020,14,0.671778370803568,5.7850537,0.5545864929226044
2020_14_HOU_CHI,2020,14,0.5078369918699966,0.25549445,0.538453554014386
2020_14_DAL_CIN,2020,14,0.45360622063877487,-1.5158155,0.5454299069729686
2020_14_TEN_JAX,2020,14,0.23882917734307652,-9.234592,0.44694733906913553
2020_14_KC_MIA,2020,14,0.2978511543520198,-6.900396,0.5183868200566477
2020_14_ARI_NYG,2020,14,0.5544470329780176,1.7804645,0.6434080513332517
2020_14_MIN_TB,2020,14,0.642744183067993,4.757318,0.4315434002421539
2020_14_IND_LV,2020,14,0.48938521883204744,-0.346072,0.5657726252585726
2020_14_NYJ_SEA,2020,14,0.8645332934423482,14.3175335,0.43336401618803577
2020_14_GB_DET,2020,14,0.3073490886737721,-6.5464954,0.5898282882952344
2020_14_ATL_LAC,2020,14,0.48613709777651226,-0.4520076,0.45555087604858424
2020_14_NO_PHI,2020,14,0.2606756964554444,-8.339708,0.4742591646882634
2020_14_WAS_SF,2020,14,0.6560649021061555,5.2247667,0.5679150820140538
2020_14_PIT_BUF,2020,14,0.5542676702188238,1.7745626,0.4930848743725753
2020_14_BAL_CLE,2020,14,0.2828807541703764,-7.4689016,0.36556361652094227
2020_15_LAC_LV,2020,15,0.6723572901357314,5.8058963,0.5703663212370105
2020_15_BUF_DEN,2020,15,0.35282176271165455,-4.912206,0.5180249069385092
2020_15_CAR_GB,2020,15,0.7938629251136324,10.66287,0.535624498573062
2020_15_TB_ATL,2020,15,0.45523265202602353,-1.4624467,0.636419784759845
2020_15_JAX_BAL,2020,15,0.8460324779531134,13.259554,0.5079614944323956
2020_15_SF_DAL,2020,15,0.3984077166240624,-3.348436,0.5199788828265487
2020_15_HOU_IND,2020,15,0.6675566231451067,5.633507,0.44293978750205715
2020_15_NE_MIA,2020,15,0.5509378035478861,1.6650587,0.5961407213071941
2020_15_CHI_MIN,2020,15,0.550221907131384,1.641532,0.47368492035025755
2020_15_DET_TEN,2020,15,0.8000161655714548,10.946133,0.5442700209876603
2020_15_SEA_WAS,2020,15,0.40644846184168176,-3.078187,0.5888806130599894
2020_15_PHI_ARI,2020,15,0.7571058106122155,9.064865,0.5781721964347795
2020_15_NYJ_LA,2020,15,0.8367290545416137,12.759359,0.3577344136298588
2020_15_KC_NO,2020,15,0.5489818132430009,1.6007907,0.6237411664138808
2020_15_CLE_NYG,2020,15,0.4614289500381937,-1.2593427,0.642266065419528
2020_15_PIT_CIN,2020,15,0.2319989098703959,-9.523383,0.6490163241708669
2020_16_MIN_NO,2020,16,0.78206680330457,10.133487,0.6100268596310496
2020_16_TB_DET,2020,16,0.3230032819689058,-5.97347,0.6784600380657183
2020_16_SF_ARI,2020,16,0.7014296237876299,6.873421,0.5267727632913571
2020_16_MIA_LV,2020,16,0.5514016741489178,1.680306,0.6114074043301938
2020_16_NYG_BAL,2020,16,0.8430735618995737,13.098369,0.5941534149291057
2020_16_CIN_HOU,2020,16,0.7127500890660978,7.30155,0.49391262166167677
2020_16_CHI_JAX,2020,16,0.247545691245312,-8.872524,0.5192408527791212
2020_16_ATL_KC,2020,16,0.7981329846319714,10.858894,0.49567155663015183
2020_16_CLE_NYJ,2020,16,0.2598164568884595,-8.374142,0.44270757844178316
2020_16_IND_PIT,2020,16,0.5437570641406938,1.4293083,0.5740898511483059
2020_16_DEN_LAC,2020,16,0.6135488498893306,3.7530246,0.5383781404033946
2020_16_CAR_WAS,2020,16,0.5524558759155698,1.714966,0.5826827452068786
2020_16_PHI_DAL,2020,16,0.5200548790534026,0.6540444,0.6106332090156816
2020_16_LA_SEA,2020,16,0.5832292881114929,2.733178,0.5377721027034701
2020_16_TEN_GB,2020,16,0.5887760192882442,2.9183164,0.4974943058681677
2020_16_BUF_NE,2020,16,0.4450639179104497,-1.7965585,0.6554612517062404
2020_17_MIA_BUF,2020,17,0.7191962100245018,7.548889,0.8022207489991942
2020_17_BAL_CIN,2020,17,0.20853783859945574,-10.553718,0.5896123688808824
2020_17_PIT_CLE,2020,17,0.5450950247710452,1.4731969,0.24381089562685782
2020_17_MIN_DET,2020,17,0.3783372953719983,-4.0296426,0.4684478595245901
2020_17_NYJ_NE,2020,17,0.7678840983100143,9.518397,0.6918911283247018
2020_17_DAL_NYG,2020,17,0.48686746767148203,-0.42818463,0.5328416083979065
2020_17_ATL_TB,2020,17,0.7469378172806618,8.6469,0.5351365269081988
2020_17_NO_CAR,2020,17,0.26650093119320306,-8.107781,0.435624083387324
2020_17_GB_CHI,2020,17,0.39843279072428395,-3.3475914,0.5353048432187746
2020_17_LV_DEN,2020,17,0.4791588048639709,-0.6797112,0.5556570219305926
2020_17_TEN_HOU,2020,17,0.4140766184682852,-2.8230298,0.6259626344695385
2020_17_JAX_IND,2020,17,0.8448197034219929,13.193244,0.42960771709997
2020_17_LAC_KC,2020,17,0.6855540071443831,6.285203,0.8464998881208479
2020_17_ARI_LA,2020,17,0.6420173576561659,4.7319937,0.6129298720398748
2020_17_SEA_SF,2020,17,0.4340512482904175,-2.159749,0.6451207845225105
2020_17_WAS_PHI,2020,17,0.6075522134031272,3.5496798,0.7801642958463539
2020_18_IND_BUF,2020,18,0.7085754677773155,7.142772,0.5043795629474237
2020_18_LA_SEA,2020,18,0.6271532790424703,4.2178593,0.5373042732580975
2020_18_TB_WAS,2020,18,0.241109561987565,-9.139187,0.526386860020808
2020_18_BAL_TEN,2020,18,0.3418402357938012,-5.298882,0.4449933214657526
2020_18_CHI_NO,2020,18,0.78958250905985,10.468773,0.4837087156132052
2020_18_CLE_PIT,2020,18,0.5880711761513795,2.894758,0.4357009661947592
2020_19_LA_GB,2020,19,0.7424690301539784,8.466019,0.5448762288674988
2020_19_BAL_BUF,2020,19,0.5333222002572351,1.0875362,0.4567565795967774
2020_19_CLE_KC,2020,19,0.7143838529396686,7.363985,0.49582770945879157
2020_19_TB_NO,2020,19,0.6191274966503809,3.943022,0.5441751862616496
2020_20_TB_GB,2020,20,0.6018683352667553,3.3577394,0.5109725588306727
2020_20_BUF_KC,2020,20,0.6030392072963998,3.3972175,0.5121830694018925
2020_21_KC_TB,2020,21,0.5593624509056577,1.9423529,0.6480389646266398
2021_01_DAL_TB,2021,1,0.7701516731913675,9.609058,0.4880015921416393
2021_01_PHI_ATL,2021,1,0.6708778396117596,5.7489367,0.5686896703549331
2021_01_PIT_BUF,2021,1,0.684434031737505,6.240157,0.4920244787239433
2021_01_NYJ_CAR,2021,1,0.6651660439641423,5.544439,0.5624975789367089
2021_01_MIN_CIN,2021,1,0.42798510366601217,-2.3589814,0.5196685254103212
2021_01_SF_DET,2021,1,0.40720366629615745,-3.0508974,0.690127239338042
2021_01_JAX_HOU,2021,1,0.6502351695848069,5.0161443,0.743848109684853
2021_01_SEA_IND,2021,1,0.5141577128102761,0.4613251,0.6050049710356074
2021_01_ARI_TEN,2021,1,0.601293770872299,3.336216,0.5256505156183092
2021_01_LAC_WAS,2021,1,0.601563344606457,3.3452928,0.5259285527879438
2021_01_CLE_KC,2021,1,0.6961766765695746,6.672965,0.5359561364707116
2021_01_MIA_NE,2021,1,0.49321434074499326,-0.22107305,0.387320649299466
2021_01_GB_NO,2021,1,0.5479430183663944,1.5656604,0.6657605829947773
2021_01_DEN_NYG,2021,1,0.6007625112174672,3.318332,0.6865693067579453
2021_01_CHI_LA,2021,1,0.6953124434820084,6.6408634,0.41293964937693806
2021_01_BAL_LV,2021,1,0.281307357318496,-7.5245934,0.36386970086389914
2021_02_NYG_WAS,2021,2,0.6266905836459158,4.199243,0.5061156611174503
2021_02_NO_CAR,2021,2,0.2439654255051854,-9.014552,0.3217626208027771
2021_02_CIN_CHI,2021,2,0.5785778109050485,2.576679,0.517695744662543
2021_02_HOU_CLE,2021,2,0.6798844246358218,6.0743375,0.2838811579892774
2021_02_LA_IND,2021,2,0.49624812868843604,-0.12222981,0.6172880482554697
2021_02_DEN_JAX,2021,2,0.3188360895958633,-6.12087,0.49628986365359157
2021_02_BUF_MIA,2021,2,0.39687929212002937,-3.3977647,0.5031381498018198
2021_02_NE_NYJ,2021,2,0.39287555774439525,-3.5329182,0.5601511649582309
2021_02_SF_PHI,2021,2,0.4894510295441618,-0.34370312,0.5809727051090029
2021_02_LV_PIT,2021,2,0.6224350078578087,4.053438,0.4556883165478095
2021_02_MIN_ARI,2021,2,0.6815881582440824,6.1363163,0.5652815701980256
2021_02_ATL_TB,2021,2,0.7903742279343239,10.497694,0.40865531273334343
2021_02_DAL_LAC,2021,2,0.5453237772538913,1.4797432,0.45344089020023093
2021_02_TEN_SEA,2021,2,0.7305531972908044,7.986298,0.545523675236839
2021_02_KC_BAL,2021,2,0.5694973218423727,2.2756498,0.6716210506884287
2021_02_DET_GB,2021,2,0.7947273134314337,10.695424,0.4753187639443585
2021_03_CAR_HOU,2021,3,0.3996385655172974,-3.3048348,0.641046872651686
2021_03_WAS_BUF,2021,3,0.7984292786386167,10.865546,0.6021646500416753
2021_03_CHI_CLE,2021,3,0.6864437264868753,6.313728,0.46363707229649576
2021_03_BAL_DET,2021,3,0.23211128105449608,-9.512429,0.43847308280976616
2021_03_ARI_JAX,2021,3,0.28038407551170164,-7.5601883,0.5134977413732057
2021_03_LAC_KC,2021,3,0.7486855416961873,8.712451,0.5675860936420923
2021_03_NO_NE,2021,3,0.37284481459369473,-4.215193,0.2893939644782077
2021_03_ATL_NYG,2021,3,0.5788078336744352,2.5843217,0.4872426497909863
2021_03_CIN_PIT,2021,3,0.7337966848057903,8.114309,0.6671219642141877
2021_03_IND_TEN,2021,3,0.5380373556612418,1.2410598,0.40100312285789214
2021_03_NYJ_DEN,2021,3,0.7732263171256752,9.741205,0.47672150667447544
2021_03_MIA_LV,2021,3,0.7056727504318423,7.028441,0.5921256139773674
2021_03_TB_LA,2021,3,0.5517715517668642,1.6913694,0.5820267360349174
2021_03_SEA_MIN,2021,3,0.43907285912322974,-1.9926564,0.5002254182843285
2021_03_GB_SF,2021,3,0.538090010682084,1.2427831,0.43105995164262995
2021_03_PHI_DAL,2021,3,0.5999099684575802,3.289646,0.49354332093297953
2021_04_JAX_CIN,2021,4,0.8018102052845016,11.022558,0.6068179282588578
2021_04_WAS_ATL,2021,4,0.5604534530771904,1.9770436,0.5905894897583265
2021_04_HOU_BUF,2021,4,0.8414130994362206,13.000364,0.32217410439903066
2021_04_DET_CHI,2021,4,0.5573739523350154,1.8756118,0.4655291489194604
2021_04_CAR_DAL,2021,4,0.5811791729022199,2.6631653,0.44380425987829913
2021_04_IND_MIA,2021,4,0.4752478800627368,-0.8068896,0.3995774992850639
2021_04_CLE_MIN,2021,4,0.46197434653134917,-1.2406769,0.49261268271509434
2021_04_NYG_NO,2021,4,0.8117004599671136,11.491415,0.6206201942760317
2021_04_TEN_NYJ,2021,4,0.2379835374672074,-9.264094,0.38605371522428894
2021_04_KC_PHI,2021,4,0.3543190873404817,-4.856678,0.5805826245234667
2021_04_ARI_LA,2021,4,0.6794788821776723,6.059605,0.5780638495883841
2021_04_SEA_SF,2021,4,0.5220762673069296,0.7195654,0.4455188140167229
2021_04_BAL_DEN,2021,4,0.5037230006411707,0.121289216,0.4730479138112931
2021_04_PIT_GB,2021,4,0.7230285866337536,7.6922517,0.5365457068380481
2021_04_TB_NE,2021,4,0.3354141400315349,-5.523744,0.5146157254695215
2021_04_LV_LAC,2021,4,0.5299068457608229,0.9752159,0.4380983891283147
2021_05_LA_SEA,2021,5,0.5304043378556842,0.9914696,0.6058977605571603
2021_05_NYJ_ATL,2021,5,0.6999898933578081,6.8150945,0.6154466131713088
2021_05_PHI_CAR,2021,5,0.6198241445478813,3.9642377,0.5448508650913486
2021_05_GB_CIN,2021,5,0.37832952153952876,-4.0272985,0.43802214119332317
2021_05_NE_HOU,2021,5,0.34041158934702176,-5.3460608,0.580901830523563
2021_05_TEN_JAX,2021,5,0.2972061014085039,-6.9201293,0.4111131459046677
2021_05_DET_MIN,2021,5,0.739558809431452,8.343693,0.4492958161412362
2021_05_DEN_PIT,2021,5,0.5420772303897184,1.3733383,0.6023959297560981
2021_05_MIA_TB,2021,5,0.7768606704608332,9.898719,0.46623584007832175
2021_05_NO_WAS,2021,5,0.2861333391942378,-7.3394456,0.3548125034598928
2021_05_CLE_LAC,2021,5,0.5268409131021384,0.8750807,0.45025164360931264
2021_05_CHI_LV,2021,5,0.6656022607105891,5.5600076,0.5018419664438737
2021_05_SF_ARI,2021,5,0.6905222439874603,6.4636607,0.5142293606976416
2021_05_NYG_DAL,2021,5,0.744507532158003,8.5427885,0.5319747873153919
2021_05_BUF_KC,2021,5,0.4788745247311402,-0.6885451,0.40309848512655744
2021_05_IND_BAL,2021,5,0.7512263551083007,8.816358,0.5403375081490377
2021_06_TB_PHI,2021,6,0.2508483931698212,-8.731469,0.4470081850959854
2021_06_MIA_JAX,2021,6,0.48689558873859445,-0.4269907,0.5633636348869006
2021_06_LAC_BAL,2021,6,0.7287769602702634,7.9165225,0.6473925121832129
2021_06_MIN_CAR,2021,6,0.5679480085594915,2.2244143,0.6418876379643699
2021_06_GB_CHI,2021,6,0.3577882458873694,-4.7356963,0.5234473026759973
2021_06_CIN_DET,2021,6,0.43145318482653827,-2.2442126,0.5384873458320829
2021_06_HOU_IND,2021,6,0.768617627438134,9.543496,0.4706659502744064
2021_06_LA_NYG,2021,6,0.29627288630819937,-6.9551873,0.5167184969240275
2021_06_KC_WAS,2021,6,0.33878709770103943,-5.403708,0.5182971670837155
2021_06_ARI_CLE,2021,6,0.5499509449560664,1.6315712,0.45807263497236195
2021_06_LV_DEN,2021,6,0.6500923193890433,5.0111313,0.5003416823249541
2021_06_DAL_NE,2021,6,0.44451161229366554,-1.8135623,0.5516214436610382
2021_06_SEA_PIT,2021,6,0.5858772674327859,2.8196633,0.41830476532770355
2021_06_BUF_TEN,2021,6,0.2580399333584884,-8.440052,0.42553864179193196
2021_07_DEN_CLE,2021,7,0.5955658219171838,3.1437204,0.5350620102906274
2021_07_CIN_BAL,2021,7,0.7696796674213555,9.58886,0.5939295485530112
2021_07_WAS_GB,2021,7,0.8091326228866792,11.368264,0.5873338095418004
2021_07_ATL_MIA,2021,7,0.44049585691947535,-1.945763,0.48631968588956953
2021_07_NYJ_NE,2021,7,0.8071708589665758,11.274864,0.6288916858049721
2021_07_CAR_NYG,2021,7,0.4585583149715143,-1.3525194,0.5504354246502944
2021_07_KC_TEN,2021,7,0.4996075812397496,-0.012784172,0.6204972284970336
2021_07_DET_LA,2021,7,0.8198735394242319,11.890456,0.347107362980313
2021_07_PHI_LV,2021,7,0.6836034053554444,6.2098083,0.655737094769171
2021_07_HOU_ARI,2021,7,0.8246365199699266,12.128256,0.2597409739691894
2021_07_CHI_TB,2021,7,0.7822918358681141,10.136858,0.427859480118636
2021_07_IND_SF,2021,7,0.5600348668040199,1.9632493,0.45293808761026744
2021_07_NO_SEA,2021,7,0.39415526476703433,-3.4896786,0.5765795565606322
2021_08_GB_ARI,2021,8,0.6538367041461974,5.142787,0.4584150241677482
2021_08_CAR_ATL,2021,8,0.5427136197902868,1.3941884,0.4660972758754137
2021_08_MIA_BUF,2021,8,0.8527600687745239,13.625012,0.45787242711335024
2021_08_SF_CHI,2021,8,0.4684523018051314,-1.0288305,0.6052965922381209
2021_08_PIT_CLE,2021,8,0.5550898437289091,1.8004524,0.3879550022440161
2021_08_PHI_DET,2021,8,0.48640182198711707,-0.44308558,0.5779828413126256
2021_08_LA_HOU,2021,8,0.24942468361289405,-8.7896805,0.7362162918992551
2021_08_TEN_IND,2021,8,0.5041483431296799,0.13514665,0.41276837277634265
2021_08_CIN_NYJ,2021,8,0.23552434388818028,-9.367676,0.5651606718351773
2021_08_NE_LAC,2021,8,0.5409014747333671,1.3348262,0.43384467657695847
2021_08_JAX_SEA,2021,8,0.7431511588725088,8.488022,0.6350732029976489
2021_08_WAS_DEN,2021,8,0.7034464965957244,6.9446397,0.5896203082441073
2021_08_TB_NO,2021,8,0.4295753199387119,-2.3063343,0.5518414445679792
2021_08_DAL_MIN,2021,8,0.48855033876073173,-0.3730569,0.3538503484375778
2021_08_NYG_KC,2021,8,0.7270078652836262,7.8472533,0.4191340212318983
2021_09_NYJ_IND,2021,9,0.8046580300433336,11.156071,0.5201299842654057
2021_09_MIN_BAL,2021,9,0.6787967946602846,6.0348434,0.45512110826637897
2021_09_NE_CAR,2021,9,0.4594278849269159,-1.32404,0.5664818270397617
2021_09_CLE_CIN,2021,9,0.6125353448159241,3.7161853,0.5372772194703856
2021_09_DEN_DAL,2021,9,0.6842648418574294,6.2339725,0.3713653096232987
2021_09_BUF_JAX,2021,9,0.2266681170557021,-9.74576,0.6427442665876263
2021_09_HOU_MIA,2021,9,0.6103255649513081,3.641253,0.4889894164017506
2021_09_ATL_NO,2021,9,0.6101061364310394,3.6338189,0.3978165037307707
2021_09_LV_NYG,2021,9,0.4244417863379423,-2.4764302,0.5160669837027549
2021_09_LAC_PHI,2021,9,0.5872198951657588,2.8644617,0.616897258911806
2021_09_GB_KC,2021,9,0.5533887830571852,1.7445176,0.3429700562274549
2021_09_ARI_SF,2021,9,0.48270281587211045,-0.5636822,0.32040886815723413
2021_09_TEN_LA,2021,9,0.7137703107272173,7.335764,0.5103053544667266
2021_09_CHI_PIT,2021,9,0.8040922919610318,11.129455,0.6246555702505845
2021_10_BAL_MIA,2021,10,0.2805427307065326,-7.554067,0.5290104335673546
2021_10_ATL_DAL,2021,10,0.7530265359535523,8.890319,0.5273075800068794
2021_10_JAX_IND,2021,10,0.8225711313783306,12.024644,0.5466928552459437
2021_10_CLE_NE,2021,10,0.5369607535547283,1.2058307,0.46034015065768535
2021_10_BUF_NYJ,2021,10,0.19616339677829858,-11.11744,0.5575850069845271
2021_10_DET_PIT,2021,10,0.6243282450727166,4.1182404,0.3536013756480111
2021_10_NO_TEN,2021,10,0.5915062892996032,3.007713,0.500236758173345
2021_10_TB_WAS,2021,10,0.21699846549376356,-10.168227,0.49483629670906026
2021_10_CAR_ARI,2021,10,0.8407360273454711,12.964038,0.6768430160923755
2021_10_MIN_LAC,2021,10,0.5554823357529137,1.8133631,0.4636259216745123
2021_10_PHI_DEN,2021,10,0.6442671646101767,4.8073254,0.6152181714973618
2021_10_SEA_GB,2021,10,0.5548669473042305,1.7931211,0.46300720922119554
2021_10_KC_LV,2021,10,0.5168296110828906,0.54843575,0.5927228222266091
2021_10_LA_SF,2021,10,0.4374734096536628,-2.0453956,0.5445570228049189
2021_11_NE_ATL,2021,11,0.2838478893031497,-7.426938,0.4868972043575301
2021_11_IND_BUF,2021,11,0.7851712836062141,10.264502,0.584222665856424
2021_11_WAS_CAR,2021,11,0.5531466487516491,1.7365584,0.4460356016090463
2021_11_BAL_CHI,2021,11,0.3819952712040122,-3.9021876,0.5336580646067134
2021_11_DET_CLE,2021,11,0.7837359157167674,10.20075,0.41473487459607017
2021_11_SF_JAX,2021,11,0.27274373156599696,-7.856966,0.45842256482961424
2021_11_GB_MIN,2021,11,0.4629665862671887,-1.208208,0.4936091891452774
2021_11_MIA_NYJ,2021,11,0.35660986326567257,-4.776744,0.4608724257351921
2021_11_NO_PHI,2021,11,0.5001480126572906,0.0048219385,0.4238767385670318
2021_11_HOU_TEN,2021,11,0.85574639452818,13.794716,0.6000606797065603
2021_11_CIN_LV,2021,11,0.6053167451475355,3.4718497,0.6346054196564186
2021_11_DAL_KC,2021,11,0.5241991552475103,0.7888412,0.4476261807485562
2021_11_ARI_SEA,2021,11,0.5585109568535173,1.9130485,0.4819892497244536
2021_11_PIT_LAC,2021,11,0.5340556531749051,1.1108118,0.36778869644421514
2021_11_NYG_TB,2021,11,0.826385715717443,12.216612,0.5219857447406533
2021_12_CHI_DET,2021,12,0.39949026283713673,-3.309825,0.45986199570975617
2021_12_LV_DAL,2021,12,0.7448493807149591,8.556616,0.5476673840144579
2021_12_BUF_NO,2021,12,0.4496092509684345,-1.6460134,0.659811932763906
2021_12_PIT_CIN,2021,12,0.5533192225879613,1.742231,0.44620813474475196
2021_12_NYJ_HOU,2021,12,0.7132985977948301,7.3177505,0.6301381108887172
2021_12_TB_IND,2021,12,0.466704688646362,-1.0859529,0.5585412771402369
2021_12_ATL_JAX,2021,12,0.45869155478583973,-1.3481553,0.5046608708916831
2021_12_CAR_MIA,2021,12,0.49145886680697504,-0.27827325,0.5221425093505973
2021_12_TEN_NE,2021,12,0.621760429224825,4.030373,0.3947490996241401
2021_12_PHI_NYG,2021,12,0.42751961614612977,-2.3743994,0.5497691058983751
2021_12_LAC_DEN,2021,12,0.5118178473260588,0.3850567,0.5878367939719759
2021_12_LA_GB,2021,12,0.6461421384994157,4.872794,0.7015317131521994
2021_12_MIN_SF,2021,12,0.6491843504877479,4.979284,0.5453097640667921
2021_12_CLE_BAL,2021,12,0.66105257462673,5.398014,0.5731931340615222
2021_12_SEA_WAS,2021,12,0.5063047767165524,0.20540479,0.5369477363410675
2021_13_DAL_NO,2021,13,0.47057498833316397,-0.9594753,0.6509295689085185
2021_13_TB_ATL,2021,13,0.21937089349011019,-10.063595,0.5287187407305275
2021_13_ARI_CHI,2021,13,0.29469511406728943,-7.0145736,0.5148970285603145
2021_13_LAC_CIN,2021,13,0.645094561110787,4.8362007,0.5713269437352851
2021_13_MIN_DET,2021,13,0.30862474616530033,-6.495127,0.5154935150204475
2021_13_IND_HOU,2021,13,0.24946918038627602,-8.787858,0.5371536468126796
2021_13_NYG_MIA,2021,13,0.673234927642893,5.8337407,0.47955767482746664
2021_13_PHI_NYJ,2021,13,0.26538548083808744,-8.146711,0.404345021282692
2021_13_JAX_LA,2021,13,0.8313496351814601,12.470487,0.4531587015788097
2021_13_WAS_LV,2021,13,0.6103560189851074,3.6422849,0.5805514408156162
2021_13_BAL_PIT,2021,13,0.33219822331895876,-5.638632,0.4498340329211862
2021_13_SF_SEA,2021,13,0.4768290213514476,-0.7552862,0.5685619691014826
2021_13_DEN_KC,2021,13,0.719483075558196,7.555063,0.47102004739691056
2021_13_NE_BUF,2021,13,0.6293714846791622,4.291367,0.5395742567786986
2021_14_PIT_MIN,2021,14,0.6654190649312552,5.553468,0.56277131910108
2021_14_ATL_CAR,2021,14,0.6266819733634775,4.1989474,0.5520021944751077
2021_14_BAL_CLE,2021,14,0.4467943329377499,-1.7384983,0.3577077642893637
2021_14_SEA_HOU,2021,14,0.2563999476137001,-8.50613,0.545754571054397
2021_14_LV_KC,2021,14,0.7404683177524471,8.380136,0.4504056008495683
2021_14_NO_NYJ,2021,14,0.29383235171413036,-7.047109,0.42231239191965886
2021_14_JAX_TEN,2021,14,0.8249881166423849,12.14597,0.6104647804966371
2021_14_DAL_WAS,2021,14,0.45034333986435615,-1.6219085,0.6462936905836787
2021_14_DET_DEN,2021,14,0.7434886352989288,8.501634,0.3646276854148741
2021_14_NYG_LAC,2021,14,0.7245097001052532,7.7498155,0.4464388341799802
2021_14_SF_CIN,2021,14,0.4829517349472161,-0.5555654,0.559463820414066
2021_14_BUF_TB,2021,14,0.5841875089213829,2.76333,0.4773995182449796
2021_14_CHI_GB,2021,14,0.8161162096842349,11.705639,0.506311961220459
2021_14_LA_ARI,2021,14,0.5797340223938718,2.6151047,0.48818710460460407
2021_15_KC_LAC,2021,15,0.39144544781562907,-3.5812864,0.48216296714997425
2021_15_NE_IND,2021,15,0.47570445295988073,-0.79198724,0.5063848196669337
2021_15_CAR_BUF,2021,15,0.8161933596117521,11.70941,0.43005109407159126
2021_15_ARI_DET,2021,15,0.3643212833552406,-4.508966,0.7432258541785831
2021_15_HOU_JAX,2021,15,0.6069717999806025,3.5277586,0.424568055205101
2021_15_NYJ_MIA,2021,15,0.7971920788183291,10.808485,0.509468267493378
2021_15_DAL_NYG,2021,15,0.25047628788292337,-8.746666,0.5838875082724513
2021_15_TEN_PIT,2021,15,0.34558360363891744,-5.1632166,0.3176735798916188
2021_15_CIN_DEN,2021,15,0.6415791602918833,4.71368,0.5524505336025991
2021_15_ATL_SF,2021,15,0.8080365676454353,11.316009,0.555562750225694
2021_15_GB_BAL,2021,15,0.46782418592316216,-1.0493587,0.7422232352093501
2021_15_NO_TB,2021,15,0.7513717027045671,8.822319,0.4183845715956396
2021_15_LV_CLE,2021,15,0.6239114548644498,4.1039658,0.7076725094544096
2021_15_MIN_CHI,2021,15,0.3475002755982486,-5.095718,0.5582447496122159
2021_15_SEA_LA,2021,15,0.65372770227884,5.138947,0.4279225537476092
2021_15_WAS_PHI,2021,15,0.6801897830697698,6.085436,0.38163216354220897
2021_16_SF_TEN,2021,16,0.5129233576857726,0.42108923,0.6185592320627693
2021_16_CLE_GB,2021,16,0.7129166817802796,7.3031754,0.4939585683116635
2021_16_IND_ARI,2021,16,0.5707886108475898,2.3183794,0.4790867826101917
2021_16_DET_ATL,2021,16,0.6351414364301847,4.4903812,0.4084367664568105
2021_16_TB_CAR,2021,16,0.2306521501306184,-9.574675,0.5588837153681115
2021_16_BAL_CIN,2021,16,0.5772053733537037,2.5310962,0.3511117807607841
2021_16_LAC_HOU,2021,16,0.31806738669837953,-6.148864,0.7141725396759768
2021_16_LA_MIN,2021,16,0.49586020600692465,-0.13486812,0.6021523508565162
2021_16_BUF_NE,2021,16,0.5179687825668219,0.58558285,0.4872813408362992
2021_16_JAX_NYJ,2021,16,0.5264489042906858,0.8622814,0.4498618425053865
2021_16_NYG_PHI,2021,16,0.7711970594976891,9.653876,0.4587535825654429
2021_16_CHI_SEA,2021,16,0.8054128368435878,11.191656,0.6264695170757575
2021_16_PIT_KC,2021,16,0.7701208430027151,9.6077385,0.472632929567144
2021_16_DEN_LV,2021,16,0.5582080627406164,1.903074,0.5883763047715647
2021_16_WAS_DAL,2021,16,0.7699210058366113,9.599185,0.472370997901638
2021_16_MIA_NO,2021,16,0.6146509547864004,3.7880404,0.6992657188774878
2021_17_LA_BAL,2021,17,0.4463175575733584,-1.7541715,0.6567568326640915
2021_17_ATL_BUF,2021,17,0.8533924124070511,13.660753,0.48958777410373794
2021_17_NYG_CHI,2021,17,0.6516257921475844,5.0649867,0.4408221694237859
2021_17_KC_CIN,2021,17,0.3456360142974272,-5.161369,0.4491417065079406
2021_17_LV_IND,2021,17,0.8035834522085485,11.105555,0.5794467252644998
2021_17_JAX_NE,2021,17,0.8490572260841769,13.417764,0.37672327587273835
2021_17_TB_NYJ,2021,17,0.21324035555340864,-10.335338,0.6256826551492302
2021_17_MIA_TEN,2021,17,0.6219453752674658,4.0366955,0.5317883553353518
2021_17_PHI_WAS,2021,17,0.37337022006919984,-4.197156,0.5703192159344138
2021_17_DEN_LAC,2021,17,0.5875096841680157,2.8741353,0.34664375300767236
2021_17_HOU_SF,2021,17,0.8016412656403891,11.014674,0.40916288390476363
2021_17_ARI_DAL,2021,17,0.7120316720297979,7.2694373,0.5236046088056622
2021_17_CAR_NO,2021,17,0.658261697483999,5.2990584,0.4479371156382136
2021_17_DET_SEA,2021,17,0.8093837358095004,11.380262,0.5876932045293172
2021_17_MIN_GB,2021,17,0.752057369909503,8.850465,0.3747585281225719
2021_17_CLE_PIT,2021,17,0.4353090037526458,-2.1168172,0.46576068308158186
2021_18_KC_DEN,2021,18,0.21039592506580446,-10.462964,0.5317987728332739
2021_18_DAL_PHI,2021,18,0.4733874085788794,-0.8676257,0.6676269311752778
2021_18_PIT_BAL,2021,18,0.5581808968174164,1.9021795,0.46634168745313137
2021_18_CIN_CLE,2021,18,0.470978347644232,-0.94629925,0.28334334001733535
2021_18_GB_DET,2021,18,0.2687084680528268,-8.015369,0.37867857876426303
2021_18_TEN_HOU,2021,18,0.2154669497956006,-10.236124,0.5080992945334577
2021_18_IND_JAX,2021,18,0.226338366818866,-9.759996,0.6278775162934163
2021_18_CHI_MIN,2021,18,0.6502726803778001,5.017461,0.5464738707603408
2021_18_WAS_NYG,2021,18,0.4217214791483958,-2.566736,0.6041733902767701
2021_18_SEA_ARI,2021,18,0.6501534110604172,5.013275,0.4850631431921863
2021_18_NO_ATL,2021,18,0.3493293476058668,-5.031432,0.483691875484275
2021_18_NYJ_BUF,2021,18,0.8502651599339088,13.484996,0.4232793637124658
2021_18_SF_LA,2021,18,0.5824109518852759,2.7041588,0.4909197380331123
2021_18_NE_MIA,2021,18,0.283788291887601,-7.4292245,0.4562172502877375
2021_18_CAR_TB,2021,18,0.8497752115619562,13.457682,0.574992989864753
2021_18_LAC_LV,2021,18,0.48703748139748254,-0.4223657,0.5935945427090331
2021_19_LV_CIN,2021,19,0.6738134899103243,5.854594,0.4955367647368948
2021_19_NE_BUF,2021,19,0.6906557354411643,6.4685826,0.5601967093512029
2021_19_PHI_TB,2021,19,0.774221050703372,9.784174,0.5697549794440709
2021_19_SF_DAL,2021,19,0.6767231257135529,5.9596987,0.5900707816935518
2021_19_PIT_KC,2021,19,0.7985132803859012,10.869428,0.4348923855817913
2021_19_ARI_LA,2021,19,0.6842320632758568,6.2327747,0.5682008888198267
2021_20_CIN_TEN,2021,20,0.6065585028017257,3.5137913,0.485078976475105
2021_20_SF_GB,2021,20,0.6356567294479543,4.508205,0.46958570223198787
2021_20_LA_TB,2021,20,0.662167010334668,5.4376154,0.5894101438104633
2021_20_BUF_KC,2021,20,0.560452342452693,1.977007,0.483950708866712
2021_21_CIN_KC,2021,21,0.74846237102365,8.703351,0.5521362127208441
2021_21_SF_LA,2021,21,0.6467345068589937,4.8935037,0.5426927213411609
2021_22_LA_CIN,2021,22,0.40143218852099266,-3.2445176,0.5384780291554915
2022_01_BUF_LA,2022,1,0.530016716976881,0.98089427,0.5604422906424466
2022_01_NO_ATL,2022,1,0.309535553729969,-6.47532,0.4854440375143241
2022_01_CLE_CAR,2022,1,0.5563643767353155,1.8463156,0.47998584919207105
2022_01_SF_CHI,2022,1,0.33152840333498823,-5.6747007,0.5252622637483698
2022_01_PIT_CIN,2022,1,0.7025578407335037,6.926019,0.4824244804262124
2022_01_PHI_DET,2022,1,0.44050683201530644,-1.9495531,0.6220952915116362
2022_01_IND_HOU,2022,1,0.264767678934803,-8.18866,0.4636414679408046
2022_01_NE_MIA,2022,1,0.38900043253941496,-3.6719148,0.30423397475390684
2022_01_BAL_NYJ,2022,1,0.3167848646950776,-6.2088556,0.5089170990172112
2022_01_JAX_WAS,2022,1,0.7165865839404336,7.4594946,0.6339730323265672
2022_01_KC_ARI,2022,1,0.4056342565092823,-3.110102,0.5877974753642299
2022_01_LV_LAC,2022,1,0.683841056742223,6.231759,0.5830651545282481
2022_01_GB_MIN,2022,1,0.4072074542625672,-3.0572813,0.33480571475961435
2022_01_NYG_TEN,2022,1,0.7880304177208697,10.414411,0.6470330323849391
2022_01_TB_DAL,2022,1,0.5029326677134114,0.09574485,0.578985241602179
2022_01_DEN_SEA,2022,1,0.54525511587337,1.4806451,0.7171361723588856
2022_02_LAC_KC,2022,2,0.7051739727925561,7.0246,0.5918184261266078
2022_02_MIA_BAL,2022,2,0.5667861449262757,2.1906798,0.4752262167652631
2022_02_NYJ_CLE,2022,2,0.6742343903965207,5.8823013,0.48108679005271365
2022_02_WAS_DET,2022,2,0.4536397876608824,-1.5169632,0.48416941361344423
2022_02_IND_JAX,2022,2,0.27359702803538777,-7.840317,0.35508280087191796
2022_02_TB_NO,2022,2,0.28482147980107225,-7.405396,0.3532241487201128
2022_02_CAR_NYG,2022,2,0.5196454027964483,0.6416308,0.5501508337815191
2022_02_NE_PIT,2022,2,0.4384660185931922,-2.0169573,0.530082336197274
2022_02_ATL_LA,2022,2,0.7866921616117034,10.354373,0.4955394924615684
2022_02_SEA_SF,2022,2,0.5158552575607018,0.51776934,0.2699824554974014
2022_02_CIN_DAL,2022,2,0.5152510398249295,0.4980282,0.7304184272517992
2022_02_HOU_DEN,2022,2,0.7336332859743955,8.125145,0.4276585397621573
2022_02_ARI_LV,2022,2,0.5534056618427444,1.7487967,0.38666844362152153
2022_02_CHI_GB,2022,2,0.6724354488681505,5.8173375,0.3595996247804715
2022_02_TEN_BUF,2022,2,0.8197820202559085,11.911292,0.5583340229677511
2022_02_MIN_PHI,2022,2,0.49366435036973955,-0.2068512,0.41768133242367345
2022_03_PIT_CLE,2022,3,0.5507288417811781,1.6606535,0.41371393023327385
2022_03_NO_CAR,2022,3,0.45748563771887046,-1.3906212,0.5186586528354098
2022_03_HOU_CHI,2022,3,0.6432433802692652,4.7818127,0.554407704214521
2022_03_KC_IND,2022,3,0.25634207980809326,-8.526624,0.37860016911493155
2022_03_BUF_MIA,2022,3,0.28182889102883146,-7.520527,0.3934640354442257
2022_03_DET_MIN,2022,3,0.6883338207619192,6.3967276,0.4968367665979835
2022_03_BAL_NE,2022,3,0.6005948745827807,3.3197598,0.6725025936570563
2022_03_CIN_NYJ,2022,3,0.36702488551203694,-4.424964,0.5632911324808364
2022_03_LV_TEN,2022,3,0.6377480804012188,4.5904074,0.6799697244430392
2022_03_PHI_WAS,2022,3,0.3674424133522983,-4.410526,0.5485655042412242
2022_03_JAX_LAC,2022,3,0.7668778396296259,9.489643,0.5907758468947485
2022_03_LA_ARI,2022,3,0.3324635109663575,-5.641151,0.4347101035170411
2022_03_ATL_SEA,2022,3,0.6675790731917777,5.6426783,0.6392516653653704
2022_03_GB_TB,2022,3,0.6564500258619534,5.246159,0.6277934885821973
2022_03_SF_DEN,2022,3,0.4399445217112581,-1.9681199,0.4703734750043518
2022_03_DAL_NYG,2022,3,0.3068757557243805,-6.573764,0.28045025551538805
2022_04_MIA_CIN,2022,4,0.5163714055565973,0.534634,0.39509394840002154
2022_04_MIN_NO,2022,4,0.5172824595660259,0.564404,0.6369992861904191
2022_04_CLE_ATL,2022,4,0.5103088798299553,0.33659562,0.5408685892769581
2022_04_BUF_BAL,2022,4,0.30967134068368907,-6.470304,0.394947963168044
2022_04_WAS_DAL,2022,4,0.6804102668898615,6.1064563,0.5942572084246913
2022_04_SEA_DET,2022,4,0.5405783099144822,1.327069,0.44889816401707316
2022_04_LAC_HOU,2022,4,0.47914306698164044,-0.6812352,0.6443009148949579
2022_04_TEN_IND,2022,4,0.5184190500450206,0.60154796,0.38234853884978065
2022_04_CHI_NYG,2022,4,0.5630172970427492,2.0659823,0.47141525443561905
2022_04_JAX_PHI,2022,4,0.7079208160473108,7.1285405,0.5192449191896362
2022_04_NYJ_PIT,2022,4,0.7131604464705547,7.3280826,0.6301705042309373
2022_04_ARI_CAR,2022,4,0.5567674415570649,1.8596084,0.5263109671295049
2022_04_NE_GB,2022,4,0.6996329852217138,6.8162727,0.4034439705040499
2022_04_DEN_LV,2022,4,0.4817171296386037,-0.59709734,0.40602144376544286
2022_04_KC_TB,2022,4,0.5991248755380206,3.2702074,0.5691866393354845
2022_04_LA_SF,2022,4,0.5393299840155301,1.2861089,0.5087628973712933
2022_05_IND_DEN,2022,5,0.5905578988240912,2.9823382,0.48414803317979827
2022_05_NYG_GB,2022,5,0.7976110154625522,10.850891,0.5716194183220615
2022_05_PIT_BUF,2022,5,0.8535409676759556,13.698336,0.49076075415723436
2022_05_LAC_CLE,2022,5,0.571789050911452,2.3565204,0.6016844791766635
2022_05_HOU_JAX,2022,5,0.7327805754041745,8.091353,0.5333894138466038
2022_05_CHI_MIN,2022,5,0.6849284204319196,6.271593,0.3873385041883517
2022_05_DET_NE,2022,5,0.5897474283731287,2.955182,0.4986272158940164
2022_05_SEA_NO,2022,5,0.6205481250615809,3.9974668,0.4540788258132197
2022_05_MIA_NYJ,2022,5,0.30909129130361634,-6.491737,0.3943145013975683
2022_05_ATL_TB,2022,5,0.7838627815414272,10.228157,0.4916739711286804
2022_05_TEN_WAS,2022,5,0.4211258002173692,-2.592047,0.45135627646680987
2022_05_SF_CAR,2022,5,0.3342080311353848,-5.578661,0.5129034936048494
2022_05_PHI_ARI,2022,5,0.4140640362951763,-2.8276427,0.5812843992877805
2022_05_DAL_LA,2022,5,0.5910244869984898,2.9979777,0.4238310542297811
2022_05_CIN_BAL,2022,5,0.5272977879245603,0.89189845,0.43570903697654423
2022_05_LV_KC,2022,5,0.7812835690273201,10.113932,0.5795312787959395
2022_06_WAS_CHI,2022,6,0.5838403697236002,2.757636,0.6135205755777797
2022_06_SF_ATL,2022,6,0.3538844486643539,-4.882262,0.45774022785761576
2022_06_NE_CLE,2022,6,0.54754113365911,1.5557865,0.4711037631573354
2022_06_NYJ_GB,2022,6,0.7858864354193473,10.318332,0.5856573846850633
2022_06_JAX_IND,2022,6,0.5847345248338744,2.7874968,0.5545801842668246
2022_06_MIN_MIA,2022,6,0.5383531396582097,1.2540654,0.6280231050119875
2022_06_CIN_NO,2022,6,0.5122352528783788,0.39951187,0.6029577664129601
2022_06_BAL_NYG,2022,6,0.40928835443611566,-2.9874911,0.5764842567536721
2022_06_TB_PIT,2022,6,0.25288096405979144,-8.667123,0.5407552880447947
2022_06_CAR_LA,2022,6,0.7692378737238347,9.590399,0.4874558566497447
2022_06_ARI_SEA,2022,6,0.5736394645747425,2.417955,0.647134131541222
2022_06_BUF_KC,2022,6,0.47222398850216224,-0.9075485,0.5486560223683548
2022_06_DAL_PHI,2022,6,0.5964184280699254,3.1790988,0.3993712853836337
2022_06_DEN_LAC,2022,6,0.6184380745994139,3.9253178,0.5130252989493439
2022_07_NO_ARI,2022,7,0.5662694226960847,2.1735716,0.4900024439357623
2022_07_CLE_BAL,2022,7,0.6978418316092552,6.7493043,0.5076358009574703
2022_07_TB_CAR,2022,7,0.28646207147045466,-7.3425245,0.6679916171209435
2022_07_ATL_CIN,2022,7,0.7114791903138894,7.2638702,0.5233841738626973
2022_07_DET_DAL,2022,7,0.7548412228384956,8.984302,0.560545455092744
2022_07_NYG_JAX,2022,7,0.5410513270714334,1.3425932,0.4493698030565467
2022_07_IND_TEN,2022,7,0.6445165685267016,4.826305,0.5708783778752904
2022_07_GB_WAS,2022,7,0.4511835044985328,-1.5977299,0.5731671881614488
2022_07_NYJ_DEN,2022,7,0.6102191419902183,3.6454108,0.6676552732679109
2022_07_HOU_LV,2022,7,0.7050861958197657,7.0212855,0.5006519821615444
2022_07_SEA_LAC,2022,7,0.6077083663850936,3.5602431,0.44080356810694366
2022_07_KC_SF,2022,7,0.5016143756137098,0.052705318,0.5322096143493003
2022_07_PIT_MIA,2022,7,0.6882416129008756,6.3933315,0.4661431483776651
2022_07_CHI_NE,2022,7,0.7606107398631279,9.224793,0.49157096545810797
2022_08_BAL_TB,2022,8,0.5852569871135842,2.8049517,0.5246402300950125
2022_08_DEN_JAX,2022,8,0.5329729555715368,1.0777099,0.5023802644271222
2022_08_CAR_ATL,2022,8,0.6125677007927408,3.7252169,0.47628214343159114
2022_08_CHI_DAL,2022,8,0.8029233378681694,11.09824,0.5183178308701866
2022_08_MIA_DET,2022,8,0.3760410164577862,-4.114355,0.4811890905111271
2022_08_ARI_MIN,2022,8,0.6795728767531916,6.0759583,0.5633190234583996
2022_08_LV_NO,2022,8,0.5364309136075974,1.1910326,0.566796802770061
2022_08_NE_NYJ,2022,8,0.4586115612641,-1.3536581,0.5502939909955733
2022_08_PIT_PHI,2022,8,0.793999437248035,10.684944,0.49035068351590055
2022_08_TEN_HOU,2022,8,0.3246969389404777,-5.920963,0.3527800790181985
2022_08_WAS_IND,2022,8,0.5650430057995997,2.1329813,0.47346255155690087
2022_08_SF_LA,2022,8,0.5503178172890609,1.647126,0.5805275029439768
2022_08_NYG_SEA,2022,8,0.6651656857395474,5.5562587,0.5777991946654573
2022_08_GB_BUF,2022,8,0.8466739069828989,13.314509,0.5855430112197959
2022_08_CIN_CLE,2022,8,0.3662519368243632,-4.4517074,0.4556256559243366
2022_09_PHI_HOU,2022,9,0.3034900316930157,-6.699623,0.7124356019336361
2022_09_LAC_ATL,2022,9,0.4792151893145841,-0.67887735,0.5556003178757561
2022_09_MIA_CHI,2022,9,0.41430476765343777,-2.8195965,0.5361066859193381
2022_09_CAR_CIN,2022,9,0.7727013443509552,9.739312,0.5832914613203924
2022_09_GB_DET,2022,9,0.4088424688816883,-3.002438,0.5305257805100864
2022_09_LV_JAX,2022,9,0.5443178969599433,1.4498531,0.6191560260431642
2022_09_IND_NE,2022,9,0.6804669755559758,6.108523,0.5339134480515972
2022_09_BUF_NYJ,2022,9,0.20619928416945954,-10.675864,0.509927353905827
2022_09_MIN_WAS,2022,9,0.5046524997963652,0.15189548,0.5956094292119409
2022_09_SEA_ARI,2022,9,0.42566826654780476,-2.4409523,0.3811043808916468
2022_09_LA_TB,2022,9,0.6534697259325726,5.1408086,0.5652795503448041
2022_09_TEN_KC,2022,9,0.744171522060001,8.54741,0.3377384234356526
2022_09_BAL_NO,2022,9,0.549888000401335,1.6329819,0.5801030754449217
2022_10_ATL_CAR,2022,10,0.47691476011454226,-0.75409424,0.5533179045105505
2022_10_SEA_TB,2022,10,0.5917635933184595,3.0227609,0.516008028007225
2022_10_MIN_BUF,2022,10,0.8391527414303213,12.906971,0.6886118781374659
2022_10_DET_CHI,2022,10,0.5113689050202039,0.37121546,0.42002289461987935
2022_10_JAX_KC,2022,10,0.8316184683379461,12.511015,0.5764393402554602
2022_10_CLE_MIA,2022,10,0.5997293975899975,3.2905796,0.5088998029159506
2022_10_HOU_NYG,2022,10,0.696136720615205,6.6857176,0.5362687886739982
2022_10_NO_PIT,2022,10,0.3427906858303218,-5.2730536,0.31503174060897454
2022_10_DEN_TEN,2022,10,0.6558788943036947,5.2259436,0.5828908909669591
2022_10_IND_LV,2022,10,0.6027124244300878,3.391225,0.46607886076632454
2022_10_DAL_GB,2022,10,0.3690197576321108,-4.356029,0.4737984327861446
2022_10_ARI_LA,2022,10,0.6080067188865735,3.5703557,0.5021550048384957
2022_10_LAC_SF,2022,10,0.7129897585456936,7.3215556,0.4639530759395931
2022_10_WAS_PHI,2022,10,0.8022642526309558,11.067335,0.5020624865218838
2022_11_TEN_GB,2022,11,0.5442337751279415,1.4470897,0.45254633846577424
2022_11_CHI_ATL,2022,11,0.5681014724835363,2.2342458,0.4765582185465963
2022_11_CAR_BAL,2022,11,0.8308820615075282,12.472933,0.4838601752783732
2022_11_CLE_BUF,2022,11,0.8333034044147924,12.598554,0.6522716733212058
2022_11_WAS_HOU,2022,11,0.42466330624867576,-2.474351,0.516096422919357
2022_11_PHI_IND,2022,11,0.3533098084960728,-4.902394,0.548812731928298
2022_11_NYJ_NE,2022,11,0.6835301613261284,6.220381,0.582724185114592
2022_11_LA_NO,2022,11,0.5736440280610462,2.4181066,0.49749159514306496
2022_11_DET_NYG,2022,11,0.6870377421304275,6.349033,0.6014626080792018
2022_11_LV_DEN,2022,11,0.5559499286754626,1.8326494,0.479567785042501
2022_11_DAL_MIN,2022,11,0.4608789612301382,-1.2792542,0.506761188124002
2022_11_CIN_PIT,2022,11,0.23606741724749075,-9.364694,0.32625279681634156
2022_11_KC_LAC,2022,11,0.3016495181657537,-6.7683034,0.4612127873271443
2022_11_SF_ARI,2022,11,0.34385013567018036,-5.235533,0.6427465779184808
2022_12_BUF_DET,2022,12,0.24752308172825432,-8.886632,0.5340613173543004
2022_12_NYG_DAL,2022,12,0.8220702779392725,12.025242,0.5466120642532888
2022_12_NE_MIN,2022,12,0.4762184955160349,-0.77686477,0.40067755320911813
2022_12_DEN_CAR,2022,12,0.49890672530232333,-0.035692625,0.5295100683182224
2022_12_TB_CLE,2022,12,0.3942324266139098,-3.4945145,0.4848565083235362
2022_12_BAL_JAX,2022,12,0.33438833262139495,-5.57221,0.43679434508523507
2022_12_HOU_MIA,2022,12,0.7981608388098693,10.876309,0.405229783580009
2022_12_CHI_NYJ,2022,12,0.6039128081372174,3.4317822,0.34858937974298093
2022_12_CIN_TEN,2022,12,0.5189568234343993,0.6191241,0.549466826418186
2022_12_ATL_WAS,2022,12,0.6531260501593312,5.1286817,0.5497573103151238
2022_12_LAC_ARI,2022,12,0.5021004804013968,0.068575546,0.578169232936028
2022_12_LV_SEA,2022,12,0.7223652440268338,7.6828814,0.6113223478246195
2022_12_LA_KC,2022,12,0.7995717821048329,10.941728,0.3347779987147095
2022_12_NO_SF,2022,12,0.7444082403833702,8.556997,0.4711407533959504
2022_12_GB_PHI,2022,12,0.6764443200141248,5.962308,0.48353500353666123
2022_12_PIT_IND,2022,12,0.7003363977759236,6.8426223,0.6305918589766005
2022_13_BUF_NE,2022,13,0.3308394044398676,-5.699445,0.4329491653890021
2022_13_PIT_ATL,2022,13,0.6220838937088523,4.0500565,0.6508947568492297
2022_13_DEN_BAL,2022,13,0.784764848742844,10.268292,0.5235193927274642
2022_13_GB_CHI,2022,13,0.42819070274073023,-2.3571923,0.5501865969818068
2022_13_JAX_DET,2022,13,0.561889935120883,2.0287194,0.5314772608685269
2022_13_CLE_HOU,2022,13,0.37653028288815615,-4.097568,0.6030442117530691
2022_13_NYJ_MIN,2022,13,0.5592701290989127,1.9421897,0.46763453066704835
2022_13_WAS_NYG,2022,13,0.5394197876786336,1.2890551,0.6144433981545552
2022_13_TEN_PHI,2022,13,0.60656465827141,3.5214987,0.45481012505318913
2022_13_SEA_LA,2022,13,0.45809869132866465,-1.3704938,0.6672116743443767
2022_13_MIA_SF,2022,13,0.6546836666288982,5.183679,0.5209316882508809
2022_13_KC_CIN,2022,13,0.5218423207849493,0.7134517,0.5974394514479738
2022_13_LAC_LV,2022,13,0.5376379417224493,1.2306097,0.46117965132163613
2022_13_IND_DAL,2022,13,0.8216095477962462,12.002225,0.5306681890674834
2022_13_NO_TB,2022,13,0.6839695386381974,6.2364626,0.5832060851780267
2022_14_LV_LA,2022,14,0.5577997687650602,1.893663,0.7403598943296259
2022_14_NYJ_BUF,2022,14,0.8309496558241438,12.476423,0.575399030960399
2022_14_CLE_CIN,2022,14,0.7485388501636148,8.72505,0.6271802124647952
2022_14_HOU_DAL,2022,14,0.8441911768506261,13.178555,0.3846059280588215
2022_14_MIN_DET,2022,14,0.5744592549553823,2.4451895,0.4983211417437713
2022_14_PHI_NYG,2022,14,0.2818878274787076,-7.5182543,0.49944086596815856
2022_14_BAL_PIT,2022,14,0.38370441928030347,-3.8521824,0.34056042302226053
2022_14_JAX_TEN,2022,14,0.7401173450460137,8.383919,0.6603325160947725
2022_14_KC_DEN,2022,14,0.21963589543608353,-10.0734,0.4519232512538158
2022_14_CAR_SEA,2022,14,0.7545795548114274,8.973467,0.6628471932591505
2022_14_TB_SF,2022,14,0.5975219676411321,3.216229,0.4913086934371782
2022_14_MIA_LAC,2022,14,0.43300648309111284,-2.1975467,0.5245638492528866
2022_14_NE_ARI,2022,14,0.4381933985839226,-2.0259655,0.49920467073813635
2022_15_SF_SEA,2022,15,0.4207510810111538,-2.6045265,0.5121116132407967
2022_15_IND_MIN,2022,15,0.575675234080022,2.4856057,0.4689601750156076
2022_15_BAL_CLE,2022,15,0.5175604761384496,0.5734892,0.4412048544450733
2022_15_MIA_BUF,2022,15,0.8085979282593767,11.366957,0.631296709168673
2022_15_PIT_CAR,2022,15,0.5719318649149384,2.36126,0.49575042956482784
2022_15_PHI_CHI,2022,15,0.2756640650294624,-7.759579,0.522667107661553
2022_15_KC_HOU,2022,15,0.31059789936445015,-6.436104,0.7320866922277905
2022_15_DAL_JAX,2022,15,0.27277504819497445,-7.8725066,0.3831086669522813
2022_15_ATL_NO,2022,15,0.720406763684786,7.606922,0.5793208448020111
2022_15_DET_NYJ,2022,15,0.5096248009193,0.31425524,0.4485089222321422
2022_15_ARI_DEN,2022,15,0.5467496933530678,1.5297661,0.500911743478574
2022_15_NE_LV,2022,15,0.5168238973660711,0.54941946,0.48620133199214194
2022_15_TEN_LAC,2022,15,0.5331465547417343,1.083397,0.4415050497297115
2022_15_CIN_TB,2022,15,0.4402396805021569,-1.9583737,0.5471104596837452
2022_15_NYG_WAS,2022,15,0.6270820870964973,4.2216735,0.4914754221409761
2022_15_LA_GB,2022,15,0.6940524454086558,6.608207,0.45744995503370184
2022_16_JAX_NYJ,2022,16,0.5907501683706675,2.9887824,0.514968041978482
2022_16_ATL_BAL,2022,16,0.7628837994191628,9.320408,0.5857195051532373
2022_16_DET_CAR,2022,16,0.4470406834046034,-1.7340938,0.5234464289692783
2022_16_BUF_CHI,2022,16,0.19754410480796797,-11.076315,0.40664038720530304
2022_16_NO_CLE,2022,16,0.6745662438804266,5.8943014,0.5879290668956544
2022_16_SEA_KC,2022,16,0.7581299515084365,9.121005,0.4578397452066023
2022_16_NYG_MIN,2022,16,0.669698517136509,5.718777,0.5372771091194162
2022_16_CIN_NE,2022,16,0.439577550566331,-1.9802389,0.5312037113301739
2022_16_HOU_TEN,2022,16,0.6216099863191783,4.033821,0.5316330378365307
2022_16_WAS_SF,2022,16,0.7763895743822486,9.899302,0.602951539245176
2022_16_PHI_DAL,2022,16,0.6154247412685455,3.8224907,0.4945630036107577
2022_16_LV_PIT,2022,16,0.5000915732294551,0.0029896281,0.4239817690211346
2022_16_GB_MIA,2022,16,0.687478235066455,6.365233,0.5870601911529563
2022_16_DEN_LA,2022,16,0.5415245285253546,1.3581252,0.6310409544201017
2022_16_TB_ARI,2022,16,0.40916299784832016,-2.991693,0.6353821418071879
2022_16_LAC_IND,2022,16,0.5079223144103693,0.25866,0.6135506596951747
2022_17_DAL_TEN,2022,17,0.24910568669147143,-8.821533,0.6545361580267927
2022_17_ARI_ATL,2022,17,0.6343564552380669,4.47277,0.4230731976535853
2022_17_CHI_DET,2022,17,0.7115290554152984,7.265772,0.5840840312622655
2022_17_JAX_HOU,2022,17,0.3758677936285609,-4.1203003,0.4810071914699971
2022_17_DEN_KC,2022,17,0.8734477146684043,14.884852,0.5423386637567016
2022_17_MIA_NE,2022,17,0.5700690940149662,2.299464,0.47855270797086885
2022_17_IND_NYG,2022,17,0.6098896689074274,3.6342258,0.44304562437198725
2022_17_NO_PHI,2022,17,0.732027140643055,8.061542,0.5779579177475882
2022_17_CAR_TB,2022,17,0.6775577602263066,6.002703,0.5761894212473866
2022_17_CLE_WAS,2022,17,0.5042700600971879,0.13940904,0.47365900252869214
2022_17_SF_LV,2022,17,0.2968679844143809,-6.947621,0.592646466017198
2022_17_NYJ_SEA,2022,17,0.6438619917474317,4.8034234,0.6720496182539202
2022_17_MIN_GB,2022,17,0.6379310854473484,4.5967655,0.5487871750222676
2022_17_LA_LAC,2022,17,0.5992584958152272,3.2747097,0.40220883828236026
2022_17_PIT_BAL,2022,17,0.6408380750073589,4.6979094,0.6117645481883565
2022_18_KC_LV,2022,18,0.32456026429752904,-5.925911,0.5932933077219522
2022_18_TEN_JAX,2022,18,0.6818983077580187,6.1607337,0.5049231977062795
2022_18_TB_ATL,2022,18,0.4308685940514036,-2.2683766,0.2627676930881977
2022_18_NE_BUF,2022,18,0.8159405820046837,11.722021,0.612473735868944
2022_18_MIN_CHI,2022,18,0.42636270323078446,-2.417883,0.6230192162158484
2022_18_BAL_CIN,2022,18,0.7265397198184573,7.8456683,0.4043181040669086
2022_18_HOU_IND,2022,18,0.5597040264285316,1.956515,0.4680718924735683
2022_18_NYJ_MIA,2022,18,0.5899536983148042,2.9620922,0.4835284001033305
2022_18_CAR_NO,2022,18,0.6623542308993763,5.455892,0.5596851624144153
2022_18_CLE_PIT,2022,18,0.49465774145203245,-0.17441608,0.4186538547992845
2022_18_LAC_DEN,2022,18,0.3508598870767077,-4.988356,0.19942615129084412
2022_18_NYG_PHI,2022,18,0.7846633402997443,10.263771,0.31603684948724353
2022_18_LA_SEA,2022,18,0.6714700267089002,5.7825336,0.5086534138078896
2022_18_ARI_SF,2022,18,0.8604199510384501,14.095141,0.50291418476566
2022_18_DAL_WAS,2022,18,0.2273981825445508,-9.735015,0.43187531482321156
2022_18_DET_GB,2022,18,0.5876165372723541,2.883844,0.42040194536822983
2022_19_SEA_SF,2022,19,0.7737524700532157,9.784758,0.49340735959180576
2022_19_LAC_JAX,2022,19,0.603353189010791,3.4128704,0.6611463196909703
2022_19_MIA_BUF,2022,19,0.8414325636337039,13.029157,0.4702902855088625
2022_19_NYG_MIN,2022,19,0.6168119965980614,3.8697996,0.5418801629029254
2022_19_BAL_CIN,2022,19,0.7347381966444134,8.169012,0.5204830378344683
2022_19_DAL_TB,2022,19,0.37041182965733155,-4.3079967,0.44479784933316097
2022_20_JAX_KC,2022,20,0.8141908983101558,11.636628,0.5499988089221891
2022_20_NYG_PHI,2022,20,0.7597690498571317,9.189514,0.5363845965662262
2022_20_CIN_BUF,2022,20,0.7168493539622103,7.4696045,0.5449191020864256
2022_20_DAL_SF,2022,20,0.6669615864218368,5.6205435,0.5646670746780361
2022_21_SF_PHI,2022,21,0.45574462778999214,-1.4477991,0.38090406173791397
2022_21_CIN_KC,2022,21,0.6428444801707143,4.7678843,0.5841472907594832
2022_22_KC_PHI,2022,22,0.5449462351894038,1.4704959,0.5144083016051739
2023_01_DET_KC,2023,1,0.7188304775543118,7.5208583,0.6068929247358327
2023_01_CAR_ATL,2023,1,0.5251601414528284,0.8192228,0.4181946445225801
2023_01_HOU_BAL,2023,1,0.7384467903960412,8.289254,0.4628445189653316
2023_01_CIN_CLE,2023,1,0.33307972909168737,-5.600361,0.3615234360310784
2023_01_JAX_IND,2023,1,0.3773789932531283,-4.054923,0.49831207698541186
2023_01_TB_MIN,2023,1,0.606093372703204,3.4938745,0.484449391880228
2023_01_TEN_NO,2023,1,0.610091066795218,3.628944,0.5193215186127937
2023_01_SF_PIT,2023,1,0.4107767785983627,-2.9278471,0.4562068777890151
2023_01_ARI_WAS,2023,1,0.6600150799041664,5.354751,0.44957227722669835
2023_01_GB_CHI,2023,1,0.375731277824397,-4.1112566,0.34688405779505493
2023_01_LV_DEN,2023,1,0.5269007293892604,0.8759803,0.43501347272264207
2023_01_MIA_LAC,2023,1,0.577446029840569,2.5360367,0.48574424025053775
2023_01_PHI_NE,2023,1,0.3712664381453629,-4.264298,0.476524704759211
2023_01_LA_SEA,2023,1,0.5606647510044178,1.9816242,0.42308654920314526
2023_01_DAL_NYG,2023,1,0.2957476986081103,-6.9665594,0.3947164626942567
2023_01_BUF_NYJ,2023,1,0.2740194261182638,-7.797754,0.34159518502283004
2023_02_MIN_PHI,2023,2,0.7526500705715552,8.864167,0.5873142720064995
2023_02_GB_ATL,2023,2,0.4453178481936268,-1.7848969,0.3562109207179014
2023_02_LV_BUF,2023,2,0.7337967043738167,8.104563,0.5185730676385322
2023_02_BAL_CIN,2023,2,0.6445384695979849,4.8110046,0.5402221866058281
2023_02_SEA_DET,2023,2,0.7322481297270687,8.043421,0.6075611291544225
2023_02_IND_HOU,2023,2,0.5309214329580642,1.0071541,0.5614401396082416
2023_02_KC_JAX,2023,2,0.4373091939885029,-2.0483487,0.5445202007600607
2023_02_CHI_TB,2023,2,0.7053215154093377,7.006773,0.6357719953147362
2023_02_LAC_TEN,2023,2,0.5138211895881374,0.44981414,0.5898812400537781
2023_02_NYG_ARI,2023,2,0.565598857461154,2.144215,0.7089623784897905
2023_02_SF_LA,2023,2,0.29871609826356704,-6.855266,0.5198062021916409
2023_02_NYJ_DAL,2023,2,0.8331343766974477,12.547844,0.6224137804420318
2023_02_WAS_DEN,2023,2,0.5599639977890847,1.9585586,0.4375188567832111
2023_02_MIA_NE,2023,2,0.5607919597847913,1.9858122,0.6205965051628515
2023_02_NO_CAR,2023,2,0.43734416281887145,-2.0471966,0.5292558480836901
2023_02_CLE_PIT,2023,2,0.4525286368989533,-1.5483218,0.5292213601784383
2023_03_NYG_SF,2023,3,0.8012977569709918,10.985444,0.5149154790851482
2023_03_IND_BAL,2023,3,0.7281015973562406,7.8805737,0.5116943434032147
2023_03_TEN_CLE,2023,3,0.5396071203803322,1.2908903,0.43243461130804306
2023_03_ATL_DET,2023,3,0.6313642838062304,4.3547482,0.5415594725946612
2023_03_NO_GB,2023,3,0.5817738726041428,2.6797307,0.6262684805018293
2023_03_HOU_JAX,2023,3,0.7816541883085252,10.0965805,0.5792706870422257
2023_03_DEN_MIA,2023,3,0.7199056526711372,7.5622745,0.5478970946044135
2023_03_LAC_MIN,2023,3,0.5274930081606513,0.8952972,0.4967822471057225
2023_03_NE_NYJ,2023,3,0.476442919466035,-0.7669638,0.553102905749761
2023_03_BUF_WAS,2023,3,0.2854225856124017,-7.35777,0.44310020748185497
2023_03_CAR_SEA,2023,3,0.6301386041341874,4.3125806,0.47888368777149426
2023_03_DAL_ARI,2023,3,0.2692313435343089,-7.985173,0.6067142437795381
2023_03_CHI_KC,2023,3,0.8379021309363479,12.7976885,0.4937826939375476
2023_03_PIT_LV,2023,3,0.5765719757096993,2.5070543,0.48485414086936546
2023_03_PHI_TB,2023,3,0.3664530255178021,-4.4299545,0.5481341861769937
2023_03_LA_CIN,2023,3,0.6402876171220764,4.663163,0.5509738234024784
2023_04_DET_GB,2023,4,0.43610020734423244,-2.08819,0.512653864759875
2023_04_ATL_JAX,2023,4,0.6114638250321133,3.675415,0.50539079518113
2023_04_MIA_BUF,2023,4,0.6104267785565933,3.640304,0.5349994850768824
2023_04_MIN_CAR,2023,4,0.42591462257388635,-2.4246705,0.5635096008999838
2023_04_DEN_CHI,2023,4,0.512260904809212,0.39901724,0.6032791191230189
2023_04_BAL_CLE,2023,4,0.48319395356668254,-0.54700947,0.5445611009844673
2023_04_PIT_HOU,2023,4,0.49870690948934865,-0.04207561,0.5901241187789614
2023_04_LA_IND,2023,4,0.4588312592123651,-1.3419656,0.4894917266920844
2023_04_TB_NO,2023,4,0.7177920447785624,7.4809294,0.6057096308703717
2023_04_WAS_PHI,2023,4,0.8342059476153295,12.603591,0.5944804426909919
2023_04_CIN_TEN,2023,4,0.3528208659745026,-4.903159,0.4265643902964359
2023_04_LV_LAC,2023,4,0.7248519361165051,7.7538123,0.5231535944990845
2023_04_NE_DAL,2023,4,0.73251710670447,8.054028,0.5476454652738056
2023_04_ARI_SF,2023,4,0.8338951786261409,12.5873995,0.4262791813845363
2023_04_KC_NYJ,2023,4,0.2668183842734769,-8.0802555,0.5435455999538089
2023_04_SEA_NYG,2023,4,0.44424011780217443,-1.8203046,0.5208792611204438
2023_05_CHI_WAS,2023,5,0.6561254304098406,5.2172456,0.47595849608182994
2023_05_JAX_BUF,2023,5,0.8197410556644796,11.869623,0.6881754182586098
2023_05_HOU_ATL,2023,5,0.5381153911342257,1.2421198,0.4614024910061755
2023_05_CAR_DET,2023,5,0.8098862590104137,11.390602,0.55789834736484
2023_05_TEN_IND,2023,5,0.4464261329479478,-1.7484992,0.5230826763933948
2023_05_NYG_MIA,2023,5,0.7864058322589296,10.307136,0.43292674472654924
2023_05_NO_NE,2023,5,0.5250878548670778,0.81686604,0.44841749996086533
2023_05_BAL_PIT,2023,5,0.2700464915772323,-7.9531493,0.3951142080559363
2023_05_CIN_ARI,2023,5,0.4587563981272491,-1.3444145,0.5507428372776947
2023_05_PHI_LA,2023,5,0.4132532504717869,-2.8452487,0.5201136773208378
2023_05_NYJ_DEN,2023,5,0.507608355363084,0.24758133,0.43112312267648234
2023_05_KC_MIN,2023,5,0.2721928233592332,-7.8690586,0.3682200621706535
2023_05_DAL_SF,2023,5,0.5731555155861676,2.3938882,0.4660474071344137
2023_05_GB_LV,2023,5,0.5701377635457991,2.2940803,0.5397046683667391
2023_06_DEN_KC,2023,6,0.8533577833314286,13.6423855,0.5956386897866469
2023_06_BAL_TEN,2023,6,0.5019218266927438,0.062534064,0.6658603888963547
2023_06_WAS_ATL,2023,6,0.5820930908330295,2.6903422,0.5365311007896127
2023_06_MIN_CHI,2023,6,0.419902402754888,-2.6240366,0.5115527170650703
2023_06_SEA_CIN,2023,6,0.5621378820160148,2.030134,0.47022120800052325
2023_06_SF_CLE,2023,6,0.2941554220392456,-7.02647,0.57556046208903
2023_06_NO_HOU,2023,6,0.4731933369622091,-0.8729125,0.5345948503183111
2023_06_IND_JAX,2023,6,0.6301715130155116,4.313712,0.5096402489541321
2023_06_CAR_MIA,2023,6,0.831532077039872,12.464916,0.4529326197591996
2023_06_NE_LV,2023,6,0.6298915152103646,4.3040853,0.5400106120230957
2023_06_ARI_LA,2023,6,0.7171231777300006,7.4552484,0.5139880956481946
2023_06_PHI_NYJ,2023,6,0.23312695630211205,-9.457855,0.4098779523312469
2023_06_DET_TB,2023,6,0.4533361790876632,-1.5218611,0.5453290661534417
2023_06_NYG_BUF,2023,6,0.8713844162235254,14.707041,0.47564545344958625
2023_06_DAL_LAC,2023,6,0.5167668550392757,0.5457331,0.5626114125506056
2023_07_JAX_NO,2023,7,0.5080136246693125,0.2607708,0.43152244796873407
2023_07_DET_BAL,2023,7,0.49556222752198437,-0.14440252,0.4043011125125183
2023_07_LV_CHI,2023,7,0.4929353406531108,-0.22988714,0.5694124774040531
2023_07_CLE_IND,2023,7,0.4407393419462484,-1.9354138,0.5479676259350348
2023_07_BUF_NE,2023,7,0.2296588009868739,-9.605622,0.4355714185179666
2023_07_WAS_NYG,2023,7,0.5524144461515529,1.7104367,0.6416487718662449
2023_07_ATL_TB,2023,7,0.6857386920957589,6.2803416,0.5997506486146436
2023_07_PIT_LA,2023,7,0.7091046865912941,7.1496034,0.6107015141423162
2023_07_ARI_SEA,2023,7,0.7578962311539363,9.080932,0.48712317951913703
2023_07_GB_DEN,2023,7,0.3987244516877673,-3.3315954,0.3548709041428243
2023_07_LAC_KC,2023,7,0.7826454153124491,10.140284,0.6396281860552467
2023_07_MIA_PHI,2023,7,0.5627759069191661,2.0511525,0.4708653994838762
2023_07_SF_MIN,2023,7,0.26759090720938505,-8.0497675,0.4677730515241319
2023_08_TB_BUF,2023,8,0.8238192275847891,12.072643,0.5634280920775914
2023_08_HOU_CAR,2023,8,0.36975118580356137,-4.31637,0.45961376381202657
2023_08_LA_DAL,2023,8,0.7201084602830301,7.5700955,0.532849602872412
2023_08_MIN_GB,2023,8,0.49093869000397505,-0.29486898,0.5216598534530373
2023_08_NO_IND,2023,8,0.504550949100705,0.14808537,0.5657161825621165
2023_08_NE_MIA,2023,8,0.7411368906071227,8.396868,0.5275411599091948
2023_08_NYJ_NYG,2023,8,0.46290488335336333,-1.208773,0.5548748560778002
2023_08_JAX_PIT,2023,8,0.3638657541456122,-4.5192943,0.4381912220769475
2023_08_ATL_TEN,2023,8,0.5380895816570199,1.2412761,0.6134069716916645
2023_08_PHI_WAS,2023,8,0.21761234141475055,-10.128908,0.40476359408467627
2023_08_CLE_SEA,2023,8,0.594476681388843,3.1034648,0.4724690372068918
2023_08_BAL_ARI,2023,8,0.2500039440703114,-8.755445,0.5228695812006946
2023_08_KC_DEN,2023,8,0.22850666113324258,-9.654987,0.41897067012225636
2023_08_CIN_SF,2023,8,0.7518424161534188,8.831016,0.6451124684699076
2023_08_CHI_LAC,2023,8,0.7212459922323265,7.614013,0.44224200022051985
2023_08_LV_DET,2023,8,0.7529232677127438,8.875394,0.5574358501059521
2023_09_TEN_PIT,2023,9,0.4931349838852537,-0.22339001,0.3871204578204872
2023_09_MIA_KC,2023,9,0.6477138310137966,4.921849,0.6187198460633097
2023_09_MIN_ATL,2023,9,0.5159255988848689,0.51833665,0.4091651663475347
2023_09_SEA_BAL,2023,9,0.7452744562558862,8.563523,0.5782746229671913
2023_09_ARI_CLE,2023,9,0.7794837620688079,10.001285,0.4086548331185109
2023_09_LA_GB,2023,9,0.633045422226015,4.41266,0.5280253229382466
2023_09_TB_HOU,2023,9,0.5631748883407558,2.064299,0.4866122948947907
2023_09_WAS_NE,2023,9,0.5893583301049761,2.9323568,0.5132849909267195
2023_09_CHI_NO,2023,9,0.7064304965129031,7.048553,0.4402520966601837
2023_09_IND_CAR,2023,9,0.4654216067624769,-1.12655,0.5114755056701382
2023_09_NYG_LV,2023,9,0.5456184564948783,1.4876169,0.5149822088323883
2023_09_DAL_PHI,2023,9,0.5737198529450239,2.4125686,0.4666194567619968
2023_09_BUF_CIN,2023,9,0.3928607653475157,-3.5291739,0.3492214050954201
2023_09_LAC_NYJ,2023,9,0.462943999150519,-1.2074947,0.5549137684829432
2023_10_CAR_CHI,2023,10,0.6574700334965506,5.264713,0.5692490324128837
2023_10_IND_NE,2023,10,0.5265063756156804,0.86311966,0.557062522650253
2023_10_CLE_BAL,2023,10,0.7664832779629671,9.441325,0.6045349957078678
2023_10_HOU_CIN,2023,10,0.6617014482118598,5.414553,0.4973740160544679
2023_10_SF_JAX,2023,10,0.5183264451831948,0.59652936,0.6091327224911374
2023_10_NO_MIN,2023,10,0.5040283812317022,0.13108069,0.5953012604404117
2023_10_GB_PIT,2023,10,0.5261731748747364,0.85225403,0.4342941063782539
2023_10_TEN_TB,2023,10,0.5829398134990085,2.718498,0.5067146930837165
2023_10_ATL_ARI,2023,10,0.4984397941367782,-0.050767265,0.559680616665135
2023_10_DET_LAC,2023,10,0.5423256367510768,1.3798169,0.6174851238033805
2023_10_NYG_DAL,2023,10,0.8619989760659668,14.140867,0.39790580095636796
2023_10_WAS_SEA,2023,10,0.7030401850020636,6.9210525,0.5282825986032221
2023_10_NYJ_LV,2023,10,0.564291862213741,2.1011147,0.5944064847226979
2023_10_DEN_BUF,2023,10,0.8391682977142403,12.86484,0.6602997848526682
2023_11_CIN_BAL,2023,11,0.6482554354057923,4.9407907,0.5288876467173629
2023_11_DAL_CAR,2023,11,0.26178520280713025,-8.280001,0.5829849513227388
2023_11_PIT_CLE,2023,11,0.59202394163199,3.0214036,0.5160197761732295
2023_11_CHI_DET,2023,11,0.7485614400351338,8.69693,0.5214081798707841
2023_11_LAC_GB,2023,11,0.4431627642477088,-1.8557135,0.535121402374645
2023_11_ARI_HOU,2023,11,0.6973875373457598,6.70994,0.5371308224441891
2023_11_TEN_JAX,2023,11,0.6873804306597492,6.3404617,0.4950970985147947
2023_11_LV_MIA,2023,11,0.7983231861998472,10.847598,0.4040623955252157
2023_11_NYG_WAS,2023,11,0.7431362694070516,8.477225,0.5300043261805871
2023_11_TB_SF,2023,11,0.7859015505900655,10.284662,0.4021855273375258
2023_11_NYJ_BUF,2023,11,0.8057106808362156,11.19226,0.5971265024673075
2023_11_SEA_LA,2023,11,0.5534515198067527,1.7444819,0.4767940714081522
2023_11_MIN_DEN,2023,11,0.4694421706314741,-0.9952876,0.3938647500481295
2023_11_PHI_KC,2023,11,0.6189167584636854,3.9285557,0.543814767311301
2023_12_GB_DET,2023,12,0.7426197788351074,8.456436,0.4986611726029644
2023_12_WAS_DAL,2023,12,0.8251094294563496,12.13749,0.47351232923544173
2023_12_SF_SEA,2023,12,0.2629107959463437,-8.235162,0.4620974755784406
2023_12_MIA_NYJ,2023,12,0.2784975775813462,-7.623925,0.5574565593186039
2023_12_NO_ATL,2023,12,0.35613335412712643,-4.787598,0.414983788456157
2023_12_PIT_CIN,2023,12,0.5778622576044394,2.5498426,0.6370175004895646
2023_12_JAX_HOU,2023,12,0.5086544545249934,0.28162715,0.5393238308742653
2023_12_TB_IND,2023,12,0.5538509557340741,1.7575978,0.4771964861503188
2023_12_NE_NYG,2023,12,0.3434868403774999,-5.230926,0.4775486108238104
2023_12_CAR_TEN,2023,12,0.7092565418921977,7.1553545,0.6108714016147678
2023_12_LA_ARI,2023,12,0.4557153651488283,-1.4439385,0.5477075268943361
2023_12_CLE_DEN,2023,12,0.45358937230325175,-1.513566,0.40821051055456187
2023_12_KC_LV,2023,12,0.2778598938285738,-7.6485944,0.5414573014962945
2023_12_BUF_PHI,2023,12,0.5876648742772762,2.8758576,0.5115494651425234
2023_12_BAL_LAC,2023,12,0.4140954599584109,-2.8171847,0.5056182031567051
2023_12_CHI_MIN,2023,12,0.6317345883923466,4.367497,0.541949125859861
2023_13_SEA_DAL,2023,13,0.830961844101864,12.435526,0.5894532640827769
2023_13_DEN_HOU,2023,13,0.6643417197483477,5.5084147,0.5614784216351473
2023_13_LAC_NE,2023,13,0.4433257809554646,-1.8503548,0.5808685439568857
2023_13_DET_NO,2023,13,0.48648831353169214,-0.43973735,0.6080597061481575
2023_13_ATL_NYJ,2023,13,0.496916298020288,-0.10034078,0.5581737451294752
2023_13_ARI_PIT,2023,13,0.7512981751301102,8.808709,0.5856501083727976
2023_13_IND_TEN,2023,13,0.5046078796301731,0.14993794,0.5505706734552941
2023_13_MIA_WAS,2023,13,0.26770706729091853,-8.045187,0.5139747243591967
2023_13_CAR_TB,2023,13,0.7390233669386642,8.312271,0.6301296040301023
2023_13_CLE_LA,2023,13,0.5653037901261381,2.1344829,0.4581113831885362
2023_13_SF_PHI,2023,13,0.47574185005960046,-0.78981674,0.5675979086082067
2023_13_KC_GB,2023,13,0.3120234094032158,-6.3623266,0.47351794413629356
2023_13_CIN_JAX,2023,13,0.6805847039256611,6.0924683,0.3817005940211958
2023_14_NE_PIT,2023,14,0.6903026380479259,6.447811,0.5137596685335389
2023_14_TB_ATL,2023,14,0.49580285352660575,-0.13657239,0.449836806634254
2023_14_LA_BAL,2023,14,0.777522579732649,9.915637,0.5738125382249107
2023_14_DET_CHI,2023,14,0.38740358464601243,-3.7137916,0.47807438153255305
2023_14_IND_CIN,2023,14,0.6563079233092768,5.223684,0.5680068093843191
2023_14_JAX_CLE,2023,14,0.48476757579109403,-0.4957644,0.4087431393621627
2023_14_CAR_NO,2023,14,0.7580482182153122,9.08725,0.6088582472140112
2023_14_HOU_NYJ,2023,14,0.4735461665236031,-0.8614062,0.580535878446826
2023_14_MIN_LV,2023,14,0.5000384343698302,0.001250606,0.5914210272079942
2023_14_SEA_SF,2023,14,0.8725910727973053,14.78188,0.5086622345924362
2023_14_BUF_KC,2023,14,0.5807957851442875,2.6472278,0.5198827500886694
2023_14_DEN_LAC,2023,14,0.714511597947704,7.355255,0.6313790092365704
2023_14_PHI_DAL,2023,14,0.717871494015619,7.483982,0.6205428500144567
2023_14_TEN_MIA,2023,14,0.8394989380671725,12.882432,0.4656966159014263
2023_14_GB_NYG,2023,14,0.21646155370103926,-10.179755,0.37373080291991273
2023_15_LAC_LV,2023,15,0.506447164636886,0.20979176,0.41490540332107395
2023_15_MIN_CIN,2023,15,0.6893107035212224,6.4113226,0.6036445044454355
2023_15_PIT_IND,2023,15,0.588877531646302,2.9163103,0.5434406864901156
2023_15_DEN_DET,2023,15,0.6770562456827612,5.964583,0.5142747910221769
2023_15_ATL_CAR,2023,15,0.43463008427036975,-2.1366637,0.5265130181746325
2023_15_CHI_CLE,2023,15,0.5869592533152894,2.8523319,0.49546187334014175
2023_15_TB_GB,2023,15,0.6460041856031378,4.8621254,0.5264758853155564
2023_15_NYJ_MIA,2023,15,0.8250707847451051,12.135544,0.6394915275481824
2023_15_KC_NE,2023,15,0.32122926186179473,-6.02665,0.6202310925953058
2023_15_NYG_NO,2023,15,0.7908287327172678,10.5055895,0.6357377497499755
2023_15_HOU_TEN,2023,15,0.6204126100449354,3.97954,0.5300752644009079
2023_15_SF_ARI,2023,15,0.3232095026511543,-5.9549747,0.6929386212496258
2023_15_WAS_LA,2023,15,0.8062122820189499,11.215947,0.6418073196205069
2023_15_DAL_BUF,2023,15,0.47950486686261995,-0.66717947,0.41860376527846477
2023_15_BAL_JAX,2023,15,0.3745995169556612,-4.1499953,0.49539035703196166
2023_15_PHI_SEA,2023,15,0.4073782224834789,-3.0413942,0.5599654294709127
2023_16_NO_LA,2023,16,0.609931647817195,3.6235502,0.48843234167904775
2023_16_CIN_PIT,2023,16,0.3841472113228664,-3.824312,0.47468376977797894
2023_16_BUF_LAC,2023,16,0.26748818950580955,-8.053819,0.6484095120901104
2023_16_IND_ATL,2023,16,0.5115334906019142,0.37533757,0.41988356014248773
2023_16_GB_CAR,2023,16,0.422960781598557,-2.5225458,0.5300113404048911
2023_16_CLE_HOU,2023,16,0.5650129741636358,2.1248918,0.6535036493484436
2023_16_DET_MIN,2023,16,0.4783838897804937,-0.70370555,0.5550291127297072
2023_16_WAS_NYJ,2023,16,0.5523377141255552,1.707918,0.46035644080277893
2023_16_SEA_TEN,2023,16,0.540235775143619,1.311449,0.6301056957713065
2023_16_JAX_TB,2023,16,0.5494133132115091,1.6119804,0.6095896186932033
2023_16_ARI_CHI,2023,16,0.6589501446813368,5.3170447,0.5250933350779962
2023_16_DAL_MIA,2023,16,0.5253988491905657,0.8270057,0.4793264002567929
2023_16_NE_DEN,2023,16,0.7068079436235729,7.0627894,0.5019296748717503
2023_16_LV_KC,2023,16,0.8055002699529693,11.182334,0.5056034109596551
2023_16_NYG_PHI,2023,16,0.8704202774289947,14.647592,0.5198939175313555
2023_16_BAL_SF,2023,16,0.7124414376960726,7.276301,0.5238435279744997
2023_17_NYJ_CLE,2023,17,0.7848401952176502,10.237462,0.6132945183166085
2023_17_DET_DAL,2023,17,0.6849847354696397,6.252777,0.5231218332265531
2023_17_MIA_BAL,2023,17,0.5596436938719954,1.9480177,0.46770520797479664
2023_17_NE_BUF,2023,17,0.8690988299305524,14.5666065,0.4866831680227633
2023_17_ATL_CHI,2023,17,0.5278975099618975,0.90849096,0.4359995242101929
2023_17_TEN_HOU,2023,17,0.6325659955499351,4.396136,0.48144837787695705
2023_17_LV_IND,2023,17,0.5854086679275324,2.8006673,0.478518083105383
2023_17_CAR_JAX,2023,17,0.7481178631951293,8.678873,0.6550369923256238
2023_17_LA_NYG,2023,17,0.3130480846174707,-6.3247566,0.49002042747155106
2023_17_ARI_PHI,2023,17,0.8248417544097122,12.124012,0.5038111523220464
2023_17_NO_TB,2023,17,0.653107323786846,5.1109533,0.5797036042735592
2023_17_SF_WAS,2023,17,0.2588500309716241,-8.397392,0.6669831760599811
2023_17_PIT_SEA,2023,17,0.6543225385332738,5.1537094,0.5200816980030427
2023_17_LAC_DEN,2023,17,0.5666150383495886,2.1777418,0.45943373562051776
2023_17_CIN_KC,2023,17,0.7308640560394786,7.9889245,0.5150223665606889
2023_17_GB_MIN,2023,17,0.5331477869694292,1.0798314,0.5024534093962346
2023_18_PIT_BAL,2023,18,0.733316853845623,8.085598,0.8034422825750058
2023_18_HOU_IND,2023,18,0.5112972623705209,0.36764786,0.5572002563696983
2023_18_TB_CAR,2023,18,0.31498441430977764,-6.2539043,0.46152410923442266
2023_18_CLE_CIN,2023,18,0.5489109494925243,1.5955089,0.32460728608717737
2023_18_MIN_DET,2023,18,0.751885128109061,8.8327675,0.6593943475206281
2023_18_NYJ_NE,2023,18,0.6771750948386109,5.968881,0.6053523887490461
2023_18_ATL_NO,2023,18,0.7437664207672794,8.50262,0.6500212222563247
2023_18_JAX_TEN,2023,18,0.3763705095716844,-4.089393,0.48189264139909377
2023_18_SEA_ARI,2023,18,0.42753882139156385,-2.3709116,0.5039671561075193
2023_18_CHI_GB,2023,18,0.6494012222758002,4.9808974,0.5757828023093151
2023_18_KC_LAC,2023,18,0.38073436221645357,-3.9404414,0.28326282897136457
2023_18_DEN_LV,2023,18,0.5744591147747863,2.4370465,0.46736915179973515
2023_18_PHI_NYG,2023,18,0.22702395586268848,-9.718722,0.34383271535198756
2023_18_LA_SF,2023,18,0.7314574816768705,8.012273,0.5767293804595918
2023_18_DAL_WAS,2023,18,0.25045869325011294,-8.736877,0.6286993310637031
2023_18_BUF_MIA,2023,18,0.5517956545924584,1.6901284,0.6265718497178271
2023_19_CLE_HOU,2023,19,0.6125031364323568,3.7106295,0.6838304053557469
2023_19_MIA_KC,2023,19,0.5839159189382683,2.7509718,0.4464100196680521
2023_19_GB_DAL,2023,19,0.7271685536048792,7.844102,0.5259231716237465
2023_19_LA_DET,2023,19,0.709785651283888,7.175404,0.6114634965747608
2023_19_PIT_BUF,2023,19,0.7827459140077672,10.144721,0.5044475606189289
2023_19_PHI_TB,2023,19,0.5705533347763,2.3078165,0.644446982434478
2023_20_HOU_BAL,2023,20,0.7337210880852769,8.101573,0.4418637207141296
2023_20_GB_SF,2023,20,0.7426496461355669,8.457638,0.4374909069791135
2023_20_TB_DET,2023,20,0.6982864281557053,6.743391,0.5228338537757392
2023_20_KC_BUF,2023,20,0.638662220626431,4.606794,0.5644641166118284
2023_21_KC_BAL,2023,21,0.654306462423313,5.1531434,0.5200643252027496
2023_21_DET_SF,2023,21,0.7098478577740701,7.1777625,0.49009782285714687
2023_22_SF_KC,2023,22,0.4847480319940483,-0.4964008,0.5308125084886739
2024_01_BAL_KC,2024,1,0.5578552844109778,1.8918275,0.46603168261655203
2024_01_GB_PHI,2024,1,0.47299486491551707,-0.8806149,0.4123130768320983
2024_01_PIT_ATL,2024,1,0.5904270198470435,2.9721904,0.4684896815974949
2024_01_ARI_BUF,2024,1,0.8408614541298371,12.973292,0.690749186553238
2024_01_TEN_CHI,2024,1,0.6088601169653403,3.5923288,0.48749074947778887
2024_01_NE_CIN,2024,1,0.6825694217072862,6.1732817,0.44412255508226195
2024_01_HOU_IND,2024,1,0.4670673245043503,-1.0743078,0.5588834409436221
2024_01_JAX_MIA,2024,1,0.690276910105031,6.4558783,0.5899392525741146
2024_01_CAR_NO,2024,1,0.8113519816440534,11.476883,0.7302742745677611
2024_01_MIN_NYG,2024,1,0.48456420626423075,-0.50308913,0.5152463248508359
2024_01_LV_LAC,2024,1,0.5749215951713103,2.4557931,0.4833033403583821
2024_01_DEN_SEA,2024,1,0.664256962789347,5.513095,0.4697412642849067
2024_01_DAL_CLE,2024,1,0.43011559205748684,-2.288903,0.3562878837099684
2024_01_WAS_TB,2024,1,0.8069544557839741,11.266796,0.7119250831015961
2024_01_LA_DET,2024,1,0.6701655848249558,5.724477,0.522222460410205
2024_01_NYJ_SF,2024,1,0.8345158216494106,12.6374,0.7589467352603076
2024_02_BUF_MIA,2024,2,0.485496825754562,-0.47267902,0.4095583704599335
2024_02_LV_BAL,2024,2,0.7959224019510076,10.752241,0.5536133212917178
2024_02_LAC_CAR,2024,2,0.27869278715441076,-7.6270285,0.4199227610015604
2024_02_NO_DAL,2024,2,0.6182328802215322,3.910727,0.4210583754719571
2024_02_TB_DET,2024,2,0.6487328755791691,4.964429,0.4226747573595529
2024_02_IND_GB,2024,2,0.6091245162519322,3.60128,0.6942105019866808
2024_02_CLE_JAX,2024,2,0.6702993031023814,5.729278,0.583149344057588
2024_02_SF_MIN,2024,2,0.3522367106083132,-4.9304624,0.48679165980813854
2024_02_SEA_NE,2024,2,0.5403287549992906,1.3163279,0.6444982531371835
2024_02_NYJ_TEN,2024,2,0.566823568426448,2.187678,0.669139970792666
2024_02_NYG_WAS,2024,2,0.5347888068540984,1.1350073,0.4887999595412706
2024_02_LA_ARI,2024,2,0.39289887527591616,-3.53282,0.42275759885615505
2024_02_PIT_DEN,2024,2,0.39853379298513536,-3.3426747,0.48948463832744826
2024_02_CIN_KC,2024,2,0.7473866220165186,8.661237,0.5660233665426039
2024_02_CHI_HOU,2024,2,0.6336435698272231,4.439485,0.45222306997992334
2024_02_ATL_PHI,2024,2,0.701849443268817,6.8860455,0.5424568349740928
2024_03_NE_NYJ,2024,3,0.5040559769851911,0.1321632,0.31211556279580654
2024_03_NYG_CLE,2024,3,0.646658246885168,4.891792,0.4507702111950817
2024_03_CHI_IND,2024,3,0.5866685848216,2.8466182,0.541253490188534
2024_03_HOU_MIN,2024,3,0.6010533050597575,3.3287702,0.6590712299661866
2024_03_PHI_NO,2024,3,0.7442065482486213,8.532289,0.6786939213847483
2024_03_LAC_PIT,2024,3,0.5426490932357465,1.3923459,0.45078708629034825
2024_03_DEN_TB,2024,3,0.8046811593768519,11.159339,0.6542778226658041
2024_03_GB_TEN,2024,3,0.4656621111852254,-1.120259,0.37563630485586086
2024_03_CAR_LV,2024,3,0.8207368203210601,11.935591,0.6897263238360565
2024_03_MIA_SEA,2024,3,0.6187522839017222,3.9284387,0.4978038162230545
2024_03_DET_ARI,2024,3,0.5000027790847182,9.055436e-05,0.591260971187063
2024_03_BAL_DAL,2024,3,0.5565615616727407,1.8492336,0.6016609454293892
2024_03_SF_LA,2024,3,0.2649041611152627,-8.167398,0.4337901360731236
2024_03_KC_ATL,2024,3,0.3595460458097508,-4.675465,0.44872251761800525
2024_03_JAX_BUF,2024,3,0.8029157296228526,11.076411,0.7069070937343337
2024_03_WAS_CIN,2024,3,0.7768307608746439,9.899349,0.5732192934291827
2024_04_DAL_NYG,2024,4,0.3643965723252184,-4.507241,0.5304378770166285
2024_04_NO_ATL,2024,4,0.2886991157213891,-7.2430296,0.226775480687407
2024_04_CIN_CAR,2024,4,0.3049597179403174,-6.632057,0.4348600177184633
2024_04_LA_CHI,2024,4,0.5680588267461756,2.228513,0.47633719905025745
2024_04_MIN_GB,2024,4,0.5511984862236554,1.6728696,0.47463274595048977
2024_04_JAX_HOU,2024,4,0.6559556471137439,5.2185435,0.49136286445668814
2024_04_PIT_IND,2024,4,0.44744130059490606,-1.7175697,0.5239980478177796
2024_04_DEN_NYJ,2024,4,0.618046677824341,3.9043796,0.3910426485196512
2024_04_PHI_TB,2024,4,0.525770038174513,0.84028184,0.5562895848075696
2024_04_WAS_ARI,2024,4,0.7133309848127902,7.3204155,0.6155811281650305
2024_04_NE_SF,2024,4,0.816866565118751,11.744651,0.5381396578364981
2024_04_KC_LAC,2024,4,0.45385024300895954,-1.5071243,0.6776070596860924
2024_04_CLE_LV,2024,4,0.6529345438126255,5.1120167,0.7209192278923509
2024_04_BUF_BAL,2024,4,0.4928382508483027,-0.23337269,0.41672773741385505
2024_04_TEN_MIA,2024,4,0.6911690231813806,6.488783,0.6205203205657833
2024_04_SEA_DET,2024,4,0.6683537935308519,5.659501,0.5659708294131297
2024_05_TB_ATL,2024,5,0.4815338261794978,-0.60192126,0.40569878720639985
2024_05_NYJ_MIN,2024,5,0.6710501179281421,5.7562504,0.598897958454151
2024_05_CAR_CHI,2024,5,0.6408421413163978,4.6889615,0.5211341167151999
2024_05_BAL_CIN,2024,5,0.3446644712543872,-5.196649,0.41783045742323105
2024_05_BUF_HOU,2024,5,0.3091463271057382,-6.4771466,0.2825782974345894
2024_05_IND_JAX,2024,5,0.5307858458660849,1.0041311,0.4238705991384483
2024_05_MIA_NE,2024,5,0.548103066280182,1.5712192,0.6082364064011606
2024_05_CLE_WAS,2024,5,0.6249248142069954,4.139489,0.5349258298749305
2024_05_LV_DEN,2024,5,0.5570552039995894,1.8654836,0.46522620159603884
2024_05_ARI_SF,2024,5,0.7620923906831761,9.269093,0.569285705213219
2024_05_GB_LA,2024,5,0.4418151450217268,-1.9026812,0.5336364150939412
2024_05_NYG_SEA,2024,5,0.7272502469057361,7.8582644,0.526320741136674
2024_05_DAL_PIT,2024,5,0.5073522097026915,0.23957972,0.4309764356079256
2024_05_NO_KC,2024,5,0.5702666690121033,2.3015544,0.40282221169814525
2024_06_SF_SEA,2024,6,0.3346577820334936,-5.5518093,0.4372911115261621
2024_06_JAX_CHI,2024,6,0.5650278903140922,2.1283555,0.6099239381644033
2024_06_WAS_BAL,2024,6,0.7348026707998818,8.155765,0.5506778222642715
2024_06_ARI_GB,2024,6,0.6980087222884832,6.7424664,0.5380729256175335
2024_06_HOU_NE,2024,6,0.4125797363301038,-2.8717108,0.6099219817536929
2024_06_TB_NO,2024,6,0.5310633639349983,1.013201,0.6357756579053682
2024_06_CLE_PHI,2024,6,0.6853492974241333,6.2748632,0.447211095911907
2024_06_IND_TEN,2024,6,0.5063799959425046,0.20789617,0.4300188715226013
2024_06_LAC_DEN,2024,6,0.46157312072353424,-1.2540531,0.5534218934667812
2024_06_PIT_LV,2024,6,0.4599415734235295,-1.3074745,0.5669702376137014
2024_06_ATL_CAR,2024,6,0.26504263151046314,-8.161903,0.43395645604562105
2024_06_DET_DAL,2024,6,0.5014933846373767,0.048660915,0.6075695797636821
2024_06_CIN_NYG,2024,6,0.4515055738836769,-1.5840657,0.5887442562340994
2024_06_BUF_NYJ,2024,6,0.39187903940036967,-3.5673132,0.4217191874774432
2024_07_DEN_NO,2024,7,0.5799599540685662,2.6231282,0.653250129643736
2024_07_NE_JAX,2024,7,0.6818007405140877,6.1452594,0.4891144732649607
2024_07_SEA_ATL,2024,7,0.6400263661504859,4.6606045,0.5508251536338056
2024_07_TEN_BUF,2024,7,0.7874210541475316,10.366949,0.5265866836746058
2024_07_CIN_CLE,2024,7,0.29948700119597144,-6.83599,0.45907095487378147
2024_07_HOU_GB,2024,7,0.6800517991414008,6.0816073,0.5936951713527069
2024_07_MIA_IND,2024,7,0.6514325813149756,5.059184,0.5629324057576363
2024_07_DET_MIN,2024,7,0.49490338231140757,-0.16607392,0.4642614946783675
2024_07_PHI_NYG,2024,7,0.43781769331384,-2.034438,0.5296055705607071
2024_07_LV_LA,2024,7,0.6401951193596133,4.6664686,0.4287674383808569
2024_07_CAR_WAS,2024,7,0.7725985624125896,9.71604,0.4912860395870251
2024_07_KC_SF,2024,7,0.5568034774951567,1.8571969,0.4802806129805452
2024_07_NYJ_PIT,2024,7,0.5763244632477773,2.5023434,0.6639553281202046
2024_07_BAL_TB,2024,7,0.4975610964750329,-0.07947031,0.6330946598502978
2024_07_LAC_ARI,2024,7,0.45394423527456507,-1.5040411,0.4845350135070234
2024_08_MIN_LA,2024,8,0.3686334347059159,-4.3609157,0.4583100975120036
2024_08_PHI_CIN,2024,8,0.603722773844952,3.4187322,0.5281721450601722
2024_08_BAL_CLE,2024,8,0.24198105830377525,-9.098737,0.4510586829778033
2024_08_TEN_DET,2024,8,0.8430420290150202,13.0907345,0.5181232170714202
2024_08_IND_HOU,2024,8,0.6459388100500837,4.8666387,0.49590725430312343
2024_08_GB_JAX,2024,8,0.4017154093419479,-3.2356315,0.5081128277592644
2024_08_ARI_MIA,2024,8,0.47422431724806485,-0.8404662,0.35481033041133125
2024_08_NYJ_NE,2024,8,0.34888143836953917,-5.0481486,0.5596773778521136
2024_08_ATL_TB,2024,8,0.6964426146624652,6.684156,0.7355178252220208
2024_08_NO_LAC,2024,8,0.6739490566999194,5.8606267,0.46507771254802144
2024_08_BUF_SEA,2024,8,0.36585738085363273,-4.4567266,0.45538691587639896
2024_08_CAR_DEN,2024,8,0.8394696249130735,12.898882,0.49689674904331743
2024_08_KC_LV,2024,8,0.23950299886892124,-9.202184,0.4937952953989671
2024_08_CHI_WAS,2024,8,0.5689901384032356,2.2593145,0.5232898789882319
2024_08_DAL_SF,2024,8,0.7005176580960459,6.8361645,0.5409343729477117
2024_08_NYG_PIT,2024,8,0.7727676999521443,9.723329,0.6127243943260945
2024_09_HOU_NYJ,2024,9,0.5200691594673961,0.6542143,0.4435431934734002
2024_09_DAL_ATL,2024,9,0.5479713937346606,1.5668974,0.45610746213836145
2024_09_DEN_BAL,2024,9,0.7978328022684611,10.840126,0.5562848508267172
2024_09_MIA_BUF,2024,9,0.8547774820257374,13.742082,0.7112759770456691
2024_09_NO_CAR,2024,9,0.3020968372833501,-6.7385316,0.5080238420830084
2024_09_LV_CIN,2024,9,0.7188988701447311,7.53401,0.4857019740168008
2024_09_LAC_CLE,2024,9,0.37348389129700466,-4.1940737,0.4329829210183666
2024_09_WAS_NYG,2024,9,0.37108110048405785,-4.2766347,0.5068546735743508
2024_09_NE_TEN,2024,9,0.6078674910296316,3.5587378,0.517142207155708
2024_09_CHI_ARI,2024,9,0.5031208288726832,0.101690866,0.4571689488733124
2024_09_JAX_PHI,2024,9,0.7460363916695163,8.606383,0.5339136058690481
2024_09_DET_GB,2024,9,0.4003882768613411,-3.2802546,0.47606860287651814
2024_09_LA_SEA,2024,9,0.5495809271967662,1.6197383,0.5948325780943057
2024_09_IND_MIN,2024,9,0.7151779335355714,7.391046,0.5273245230946106
2024_09_TB_KC,2024,9,0.7217547570308102,7.644357,0.4584710391033083
2024_10_CIN_BAL,2024,10,0.7962646043594055,10.767947,0.6431110052152779
2024_10_NYG_CAR,2024,10,0.31540194386504217,-6.247374,0.5077525225732461
2024_10_NE_CHI,2024,10,0.7235227373179542,7.712946,0.5371709821573785
2024_10_BUF_IND,2024,10,0.286280993052755,-7.3352365,0.4136724690328401
2024_10_MIN_JAX,2024,10,0.3105308506771917,-6.4261203,0.5176064684645855
2024_10_DEN_KC,2024,10,0.7872055013069952,10.357299,0.5869885785526426
2024_10_ATL_NO,2024,10,0.5243159069340447,0.7928065,0.6293889644638571
2024_10_SF_TB,2024,10,0.49647169149324283,-0.11496875,0.6883523146134107
2024_10_PIT_WAS,2024,10,0.4949490584596724,-0.16458549,0.4490536656693576
2024_10_TEN_LAC,2024,10,0.7821965678621619,10.13463,0.5652178909912913
2024_10_NYJ_ARI,2024,10,0.609008823447266,3.5973632,0.6666174335997628
2024_10_PHI_DAL,2024,10,0.40479502766020103,-3.1322286,0.6315654376201153
2024_10_DET_HOU,2024,10,0.2734867781375879,-7.829454,0.39892638413197434
2024_10_MIA_LA,2024,10,0.6026366252255493,3.3821092,0.5270508901568122
2024_11_WAS_PHI,2024,11,0.701895506147916,6.887772,0.5728699672797362
2024_11_GB_CHI,2024,11,0.375352638769329,-4.1299796,0.557193004305701
2024_11_JAX_DET,2024,11,0.8294719332916072,12.376314,0.45029886282734705
2024_11_LV_MIA,2024,11,0.7279208054497056,7.8845105,0.496455710785607
2024_11_LA_NE,2024,11,0.43677488836257017,-2.0688426,0.5590493291997543
2024_11_CLE_NO,2024,11,0.6578132515284001,5.2842183,0.6856047861670981
2024_11_IND_NYJ,2024,11,0.5759756586525342,2.4907663,0.4537859408028994
2024_11_BAL_PIT,2024,11,0.3462964988750008,-5.1390977,0.4346468432130271
2024_11_MIN_TEN,2024,11,0.25783173847637586,-8.450078,0.42525070583522884
2024_11_ATL_DEN,2024,11,0.5535147913121135,1.7490014,0.49229741017980533
2024_11_SEA_SF,2024,11,0.7275130331198199,7.8685465,0.557148235935149
2024_11_KC_BUF,2024,11,0.6558206206242874,5.2137747,0.5826838634695711
2024_11_CIN_LAC,2024,11,0.5706932103338985,2.3156738,0.5403087843113411
2024_11_HOU_DAL,2024,11,0.46336020482108176,-1.1955632,0.6861566468226563
2024_12_PIT_CLE,2024,12,0.3218808858622477,-6.0114374,0.4234015870931437
2024_12_KC_CAR,2024,12,0.23497738162672394,-9.392629,0.5492043018582479
2024_12_MIN_CHI,2024,12,0.3365413679041633,-5.4846473,0.4242087262211267
2024_12_TEN_HOU,2024,12,0.7573879975752346,9.07249,0.5328770692936291
2024_12_DET_IND,2024,12,0.2382090579663118,-9.256432,0.43109701392834404
2024_12_NE_MIA,2024,12,0.7210207129203301,7.6159425,0.5035581909466191
2024_12_TB_NYG,2024,12,0.2545364153094829,-8.5831585,0.4363411071158468
2024_12_DAL_WAS,2024,12,0.7619404657578559,9.262711,0.46208523445527244
2024_12_DEN_LV,2024,12,0.28041286756985256,-7.5605536,0.46748801769484005
2024_12_SF_GB,2024,12,0.6846291237658907,6.2485104,0.49228234365106177
2024_12_ARI_SEA,2024,12,0.43558829446110464,-2.108009,0.46603668022376155
2024_12_PHI_LA,2024,12,0.40613578423661306,-3.087273,0.49732164285637387
2024_12_BAL_LAC,2024,12,0.4302007117684929,-2.286086,0.521898784206912
2024_13_CHI_DET,2024,13,0.8474631101738022,13.332187,0.6159270670624553
2024_13_NYG_DAL,2024,13,0.6515046418367415,5.0617166,0.5172335407834235
2024_13_MIA_GB,2024,13,0.6298597461183635,4.3090096,0.5248122300108128
2024_13_LV_KC,2024,13,0.8620414315285886,14.163142,0.5203428014871508
2024_13_LAC_ATL,2024,13,0.4230389346994907,-2.5234778,0.4533517585714024
2024_13_PIT_CIN,2024,13,0.5254633308450651,0.83026737,0.43371949079396804
2024_13_HOU_JAX,2024,13,0.40672778182126784,-3.0674348,0.5132728405058166
2024_13_ARI_MIN,2024,13,0.5925866118934578,3.0444689,0.4860227542008207
2024_13_IND_NE,2024,13,0.46909821158297216,-1.0079203,0.5456911053432725
2024_13_SEA_NYJ,2024,13,0.5107816246391064,0.3513538,0.48010151018513114
2024_13_TEN_WAS,2024,13,0.7337591911298385,8.114409,0.5646055552372666
2024_13_TB_CAR,2024,13,0.21868167608766742,-10.095895,0.391034542775954
2024_13_LA_NO,2024,13,0.6520814356759475,5.0819974,0.7201425752671707
2024_13_PHI_BAL,2024,13,0.6970313838832174,6.7060614,0.6122156697820569
2024_13_SF_BUF,2024,13,0.7161223602367388,7.4272475,0.5284328207831854
2024_13_CLE_DEN,2024,13,0.77287033096942,9.727753,0.5980501543517847
2024_14_GB_DET,2024,14,0.7335635583953113,8.106665,0.6527825071030633
2024_14_NYJ_MIA,2024,14,0.6412404619116727,4.7028155,0.44502017725051335
2024_14_ATL_MIN,2024,14,0.6703859337623561,5.732389,0.491787681992504
2024_14_NO_NYG,2024,14,0.3204991804589703,-6.061585,0.4827704944274262
2024_14_CAR_PHI,2024,14,0.8408082094979554,12.970438,0.46843606984128927
2024_14_CLE_PIT,2024,14,0.767641170022597,9.503746,0.6062409496839118
2024_14_LV_TB,2024,14,0.8224688023675424,12.021877,0.6503705724526573
2024_14_JAX_TEN,2024,14,0.5685578258073599,2.245015,0.47684276505918116
2024_14_SEA_ARI,2024,14,0.6789401378216484,6.041225,0.5924897457108558
2024_14_BUF_LA,2024,14,0.2869692906431306,-7.3089533,0.384755818427287
2024_14_CHI_SF,2024,14,0.6809717350757967,6.11507,0.5946933653371671
2024_14_LAC_KC,2024,14,0.658960957095148,5.3248625,0.5099688894753369
2024_14_CIN_DAL,2024,14,0.45562415504437814,-1.4489479,0.6076402783724736
2024_15_LA_SF,2024,15,0.7234198332277512,7.7089477,0.6414167153733817
2024_15_DAL_CAR,2024,15,0.42076476290754494,-2.5990326,0.34743434834490516
2024_15_KC_CLE,2024,15,0.2445053388755637,-8.993949,0.3647807663800535
2024_15_MIA_HOU,2024,15,0.5319116486288833,1.0409281,0.4553153898882135
2024_15_NYJ_JAX,2024,15,0.48799461033600955,-0.39124554,0.5945050222898293
2024_15_WAS_NO,2024,15,0.4540425615917674,-1.5008157,0.6777811288590901
2024_15_BAL_NYG,2024,15,0.25972325316943845,-8.374089,0.7340496066500487
2024_15_CIN_TEN,2024,15,0.4198358475706652,-2.629919,0.6022797277861152
2024_15_NE_ARI,2024,15,0.7514824538216853,8.828586,0.5861282027710499
2024_15_IND_DEN,2024,15,0.7379516404834421,8.281071,0.6144241740236479
2024_15_BUF_DET,2024,15,0.6018151368768104,3.3544278,0.5262032513310156
2024_15_TB_LAC,2024,15,0.5139257219026585,0.45385122,0.4223562741334105
2024_15_PIT_PHI,2024,15,0.7270318229054604,7.8497224,0.571721461618788
2024_15_GB_SEA,2024,15,0.4372636225171156,-2.0527163,0.5290461297568415
2024_15_CHI_MIN,2024,15,0.788887752966415,10.432766,0.6041387653747977
2024_15_ATL_LV,2024,15,0.4442670017678304,-1.8219651,0.6405278787179999
2024_16_DEN_LAC,2024,16,0.5368195286650153,1.2014446,0.44497850502782677
2024_16_HOU_KC,2024,16,0.7577185277771153,9.086235,0.6663060930351347
2024_16_PIT_BAL,2024,16,0.7834243255255475,10.188932,0.5968945126378099
2024_16_NYG_ATL,2024,16,0.7177869894690965,7.4911947,0.4385948914782861
2024_16_ARI_CAR,2024,16,0.280232629573012,-7.567509,0.4368152979200999
2024_16_DET_CHI,2024,16,0.24871619932435285,-8.820436,0.444313484463423
2024_16_CLE_CIN,2024,16,0.7207670326337603,7.606131,0.42694606066565544
2024_16_TEN_IND,2024,16,0.6396371163819248,4.647082,0.5198505398808051
2024_16_LA_NYJ,2024,16,0.5209112569580024,0.6816897,0.6114973070402626
2024_16_PHI_WAS,2024,16,0.44056133194944525,-1.9439855,0.562836344631113
2024_16_MIN_SEA,2024,16,0.390570399050914,-3.6116111,0.465926537265963
2024_16_NE_BUF,2024,16,0.8611636937275313,14.111476,0.503421119680804
2024_16_JAX_LV,2024,16,0.5454637536780547,1.484623,0.46887005694811956
2024_16_SF_MIA,2024,16,0.5134518530365993,0.4384015,0.574397224521638
2024_16_TB_DAL,2024,16,0.3165478533376057,-6.205497,0.4478086155386676
2024_16_NO_GB,2024,16,0.8064662133553989,11.243652,0.41603818796698244
2024_17_KC_PIT,2024,17,0.4286985441704096,-2.3358128,0.5203748300900877
2024_17_BAL_HOU,2024,17,0.34688056234193776,-5.118526,0.5117056372810174
2024_17_SEA_CHI,2024,17,0.4636408568826088,-1.1863799,0.5706311749533765
2024_17_LAC_NE,2024,17,0.3637462038372808,-4.5297523,0.5450254238344616
2024_17_DEN_CIN,2024,17,0.528914337010765,0.942978,0.42202894600880037
2024_17_ARI_LA,2024,17,0.6381446631777306,4.595279,0.44175321763472564
2024_17_NYJ_BUF,2024,17,0.8442017230336692,13.15363,0.595842865949333
2024_17_TEN_JAX,2024,17,0.5392647678057633,1.2814852,0.5696602498998595
2024_17_LV_NO,2024,17,0.5942353029043387,3.0997117,0.6525849471829646
2024_17_IND_NYG,2024,17,0.34638206009726513,-5.1360836,0.5721499703226369
2024_17_DAL_PHI,2024,17,0.8060884093098519,11.225768,0.6127962509069033
2024_17_CAR_TB,2024,17,0.8487282247339775,13.402131,0.6179807198256303
2024_17_MIA_CLE,2024,17,0.380519277930125,-3.9532902,0.47077002518851147
2024_17_GB_MIN,2024,17,0.48224293213640146,-0.57879174,0.512924487192917
2024_17_ATL_WAS,2024,17,0.7113813818631141,7.2460933,0.6133947882355797
2024_17_DET_SF,2024,17,0.3268616564324226,-5.8313994,0.44398030836902647
2024_18_CLE_BAL,2024,18,0.8802554301764178,15.290535,0.37303557579355573
2024_18_CIN_PIT,2024,18,0.5054370341037825,0.1771671,0.5815842837977173
2024_18_CAR_ATL,2024,18,0.7326595156935084,8.070915,0.5175155771560809
2024_18_WAS_DAL,2024,18,0.41927378176376473,-2.648615,0.6310900487398414
2024_18_CHI_GB,2024,18,0.8531316972900181,13.648668,0.6105233833034995
2024_18_JAX_IND,2024,18,0.6454451180480072,4.8493886,0.5413380577049325
2024_18_BUF_NE,2024,18,0.2845423339616885,-7.4017625,0.3674490752188027
2024_18_NYG_PHI,2024,18,0.7888942664028129,10.433059,0.7162738383653733
2024_18_NO_TB,2024,18,0.8495099076335306,13.445542,0.46767448048873445
2024_18_HOU_TEN,2024,18,0.49691340062142214,-0.10057549,0.4207183476075368
2024_18_SF_ARI,2024,18,0.6127537524491878,3.7243252,0.47620890347752676
2024_18_KC_DEN,2024,18,0.5945308649940557,3.109621,0.2848394875172171
2024_18_SEA_LA,2024,18,0.6099965748071545,3.6308165,0.8040750421895697
2024_18_LAC_LV,2024,18,0.30342922539930206,-6.688923,0.5095459476185492
2024_18_MIA_NYJ,2024,18,0.40956099793704726,-2.9725912,0.36539838348292997
2024_18_MIN_DET,2024,18,0.7788949844138517,9.989474,0.7046022849732836
2024_19_LAC_HOU,2024,19,0.45751724942762084,-1.3868947,0.5493789305681128
2024_19_PIT_BAL,2024,19,0.8451389877117695,13.204689,0.6121752299015485
2024_19_DEN_BUF,2024,19,0.6765509940386127,5.9546323,0.4526846276517927
2024_19_GB_PHI,2024,19,0.5744880093011485,2.4414122,0.4069918607608017
2024_19_WAS_TB,2024,19,0.6965643171848097,6.6886826,0.611703463324849
2024_19_MIN_LA,2024,19,0.5336002980485641,1.0961378,0.6089726333381724
2024_20_HOU_KC,2024,20,0.7102811091965956,7.204253,0.42990879701929563
2024_20_WAS_DET,2024,20,0.7851594286812971,10.265979,0.5540310835692386
2024_20_LA_PHI,2024,20,0.7463126538490291,8.617594,0.5495156207855411
2024_20_BAL_BUF,2024,20,0.5507663732702218,1.6586735,0.5959931468395344
2024_21_WAS_PHI,2024,21,0.6430409760501281,4.7655067,0.4621706611622087
2024_21_BUF_KC,2024,21,0.3866216127819429,-3.745536,0.3432804096060509
2024_22_KC_PHI,2024,22,0.6405466295324735,4.6786866,0.6827176002479087
2025_01_DAL_PHI,2025,1,0.8057053353481081,11.19487,0.5822085546976736
2025_01_KC_LAC,2025,1,0.5328493327621799,1.0703603,0.6230423010826778
2025_01_TB_ATL,2025,1,0.3351040240149612,-5.5295687,0.3781515036287826
2025_01_CIN_CLE,2025,1,0.31129672859227286,-6.390637,0.47265685812443947
2025_01_MIA_IND,2025,1,0.4752897066976327,-0.8047624,0.4295568834805178
2025_01_CAR_JAX,2025,1,0.6703237289109943,5.7236176,0.5375397558819075
2025_01_LV_NE,2025,1,0.5029115419194953,0.09476298,0.42652019527838997
2025_01_ARI_NO,2025,1,0.43013275387795924,-2.2857244,0.6125826796691471
2025_01_PIT_NYJ,2025,1,0.5087537973308475,0.28493327,0.5998623228771225
2025_01_NYG_WAS,2025,1,0.71995686289606,7.566183,0.5480041310094693
2025_01_TEN_DEN,2025,1,0.80280416572562,11.058555,0.5781051494410339
2025_01_SF_SEA,2025,1,0.5240671365884921,0.78379035,0.5998283126038513
2025_01_DET_GB,2025,1,0.4433237566484052,-1.8508945,0.39817613641925065
2025_01_HOU_LA,2025,1,0.6630843104882079,5.4650755,0.5601467383866344
2025_01_BAL_BUF,2025,1,0.5331406394519591,1.079874,0.5787474836913155
2025_01_MIN_CHI,2025,1,0.48135603728183607,-0.6070273,0.5274147392375149
2025_02_WAS_GB,2025,2,0.6565798295705891,5.234617,0.5531375542175215
2025_02_CLE_BAL,2025,2,0.8597593236830686,14.013266,0.5463896477577938
2025_02_JAX_CIN,2025,2,0.6527798269281295,5.1007442,0.5490581462367765
2025_02_NYG_DAL,2025,2,0.7030732100303698,6.9240613,0.574048260731605
2025_02_CHI_DET,2025,2,0.7964798014637102,10.765536,0.6431980000313297
2025_02_NE_MIA,2025,2,0.6711476733720407,5.7531857,0.6283782695210892
2025_02_SF_NO,2025,2,0.4406492655076913,-1.9388734,0.5325665809271567
2025_02_BUF_NYJ,2025,2,0.2789938682044548,-7.60669,0.45076056231974576
2025_02_SEA_PIT,2025,2,0.6139309597008296,3.7600138,0.5079883222657837
2025_02_LA_TEN,2025,2,0.33600933706118374,-5.497324,0.5000822197065591
2025_02_CAR_ARI,2025,2,0.8301240970886893,12.395632,0.6611293328633383
2025_02_DEN_IND,2025,2,0.49112969559621766,-0.28872615,0.567613817671625
2025_02_PHI_KC,2025,2,0.39598910078421634,-3.4245405,0.4410847955243501
2025_02_ATL_MIN,2025,2,0.5947420649625322,3.1131473,0.4881158095374378
2025_02_TB_HOU,2025,2,0.426882427070374,-2.3932443,0.35314045007229916
2025_02_LAC_LV,2025,2,0.3913081425230164,-3.582541,0.4974639669154846
2025_03_MIA_BUF,2025,3,0.8301343787939652,12.39616,0.49680958119535706
2025_03_ATL_CAR,2025,3,0.29800929924661673,-6.8834796,0.4575732454719784
2025_03_GB_CLE,2025,3,0.2232600316300018,-9.884107,0.4575540889052627
2025_03_HOU_JAX,2025,3,0.5565436245775377,1.8465343,0.5106459098915013
2025_03_CIN_MIN,2025,3,0.5301904095482253,0.98354894,0.4382932060321226
2025_03_PIT_NE,2025,3,0.5399160155543655,1.3013244,0.585406887178483
2025_03_LA_PHI,2025,3,0.6735614471678237,5.8399787,0.5715079576087463
2025_03_NYJ_TB,2025,3,0.7917157765887616,10.548384,0.6223992812239163
2025_03_IND_TEN,2025,3,0.26223890276099715,-8.264028,0.430789229272985
2025_03_LV_WAS,2025,3,0.6447297201414862,4.818903,0.5708707489347127
2025_03_DEN_LAC,2025,3,0.5693900982997201,2.2699537,0.4929322585767494
2025_03_NO_SEA,2025,3,0.7188060496817192,7.5218406,0.5006710455221575
2025_03_DAL_CHI,2025,3,0.452896903651676,-1.536647,0.4988740332255387
2025_03_ARI_SF,2025,3,0.4950455378649816,-0.16125734,0.44909721684667725
2025_03_KC_NYG,2025,3,0.3154728969314705,-6.2376547,0.4926985299809892
2025_03_DET_BAL,2025,3,0.6338185572183579,4.440458,0.4981705886263113
2025_04_SEA_ARI,2025,4,0.5301680977404218,0.9828207,0.5758216833623039
2025_04_MIN_PIT,2025,4,0.46864562102939117,-1.0215459,0.5453271482171755
2025_04_WAS_ATL,2025,4,0.4810473272220533,-0.61708605,0.40514035100354107
2025_04_NO_BUF,2025,4,0.8704445568541165,14.652832,0.4739894425242299
2025_04_CLE_DET,2025,4,0.8397109291495322,12.897021,0.5882772027352656
2025_04_TEN_HOU,2025,4,0.7388658559838613,8.3081045,0.5248127792859918
2025_04_CAR_NE,2025,4,0.5628504962542606,2.0541353,0.3953564563474339
2025_04_LAC_NYG,2025,4,0.32069197768911806,-6.0476747,0.4985352120332449
2025_04_PHI_TB,2025,4,0.5531407804395755,1.7347231,0.656582820273431
2025_04_IND_LA,2025,4,0.6257646678076232,4.163533,0.5203780135569013
2025_04_JAX_SF,2025,4,0.6823812055397045,6.1593823,0.5811411371997492
2025_04_BAL_KC,2025,4,0.3345030858824041,-5.5509915,0.407114603835838
2025_04_CHI_LV,2025,4,0.5761371443819534,2.4932783,0.5304884744291044
2025_04_GB_DAL,2025,4,0.3165187109245056,-6.19948,0.5245801919765707
2025_04_NYJ_MIA,2025,4,0.6026887253835697,3.3800046,0.5270172264539268
2025_04_CIN_DEN,2025,4,0.7514674808256617,8.8179,0.5404227040456441
2025_05_SF_LA,2025,5,0.7275389880672068,7.860584,0.4803620425060101
2025_05_MIN_CLE,2025,5,0.307207298005833,-6.5413065,0.40740409700720537
2025_05_HOU_BAL,2025,5,0.56891208204304,2.2541578,0.6428711162014412
2025_05_MIA_CAR,2025,5,0.4341185598316214,-2.1540875,0.479911828751835
2025_05_LV_IND,2025,5,0.7322876735096336,8.047037,0.5321351099449307
2025_05_NYG_NO,2025,5,0.548154794914062,1.5711226,0.5021852136661322
2025_05_DAL_NYJ,2025,5,0.5374209680099088,1.2197342,0.49138957540491923
2025_05_DEN_PHI,2025,5,0.6345320350636963,4.465086,0.529624733702397
2025_05_TEN_ARI,2025,5,0.8409501981483768,12.963245,0.6630328360388631
2025_05_TB_SEA,2025,5,0.5518535029513437,1.6924596,0.4446426491645356
2025_05_DET_CIN,2025,5,0.2112756901145933,-10.413524,0.5026569427189804
2025_05_WAS_LAC,2025,5,0.5821363675433838,2.6924694,0.505913353839517
2025_05_NE_BUF,2025,5,0.8201576448927326,11.89327,0.632450209566159
2025_05_KC_JAX,2025,5,0.5097257308646642,0.31657535,0.6155963803960299
2025_06_PHI_NYG,2025,6,0.23188953258979045,-9.512869,0.42327201995534774
2025_06_DEN_NYJ,2025,6,0.31675683789555625,-6.1907954,0.5401569121649661
2025_06_LA_BAL,2025,6,0.4784534063085544,-0.7016196,0.6861876744667832
2025_06_DAL_CAR,2025,6,0.38955911569173135,-3.6417127,0.48029157056205707
2025_06_ARI_IND,2025,6,0.7540159424361992,8.922645,0.512983351872063
2025_06_SEA_JAX,2025,6,0.4423144424514418,-1.8840863,0.4882007717660926
2025_06_LAC_MIA,2025,6,0.5502398002040859,1.6395041,0.6538816226950988
2025_06_NE_NO,2025,6,0.4592535667442015,-1.328491,0.5664093312962393
2025_06_CLE_PIT,2025,6,0.738142151545367,8.279221,0.5847432556013741
2025_06_TEN_LV,2025,6,0.6593186879388563,5.331452,0.5560848467225736
2025_06_CIN_GB,2025,6,0.8658477256643149,14.373411,0.5114713789511025
2025_06_SF_TB,2025,6,0.6850780550213742,6.257787,0.5840995217478948
2025_06_DET_KC,2025,6,0.43555038187813333,-2.1068544,0.36137002470897334
2025_06_BUF_ATL,2025,6,0.33596606397934986,-5.498864,0.4388271376584739
2025_06_CHI_WAS,2025,6,0.7656166725207332,9.407032,0.6182553878434256
2025_07_PIT_CIN,2025,7,0.37980223430228954,-3.9732292,0.5468017585609415
2025_07_LA_JAX,2025,7,0.4183044461912978,-2.677812,0.5098981227286811
2025_07_NO_CHI,2025,7,0.6797310440229117,6.0630245,0.5479077867994943
2025_07_MIA_CLE,2025,7,0.41002973396685666,-2.9535418,0.3372400921479518
2025_07_LV_KC,2025,7,0.836140637207253,12.708082,0.4756836101257383
2025_07_PHI_MIN,2025,7,0.466514476176891,-1.0911384,0.5432021156184746
2025_07_CAR_NYJ,2025,7,0.6091045272939545,3.5964954,0.5641354783500343
2025_07_NE_TEN,2025,7,0.3393488686384844,-5.378669,0.534409829625654
2025_07_NYG_DEN,2025,7,0.8097794649300152,11.388408,0.6177083707579611
2025_07_IND_LAC,2025,7,0.47748098336703854,-0.7333175,0.40167437862837924
2025_07_GB_ARI,2025,7,0.3747598334877344,-4.1455655,0.5870004357487255
2025_07_WAS_DAL,2025,7,0.45132992869137323,-1.588018,0.4060083255742838
2025_07_ATL_SF,2025,7,0.507656171748141,0.24920121,0.46162889042775274
2025_07_TB_DET,2025,7,0.643179458725985,4.7648907,0.4621087413764128
2025_07_HOU_SEA,2025,7,0.5950698349829185,3.1241274,0.5038137232452176
2025_08_MIN_LAC,2025,8,0.5713061646740658,2.3333037,0.47952492846940875
2025_08_MIA_ATL,2025,8,0.6216716230001598,4.023528,0.4093433474147138
2025_08_CHI_BAL,2025,8,0.5582193783637334,1.9016463,0.4816222434024152
2025_08_BUF_CAR,2025,8,0.27207583135452673,-7.8756475,0.4731163386966219
2025_08_NYJ_CIN,2025,8,0.5264749767306406,0.8623162,0.36048095774619854
2025_08_SF_HOU,2025,8,0.6887287717297078,6.391574,0.6178013822322573
2025_08_CLE_NE,2025,8,0.7334423255372438,8.092624,0.5335309989091543
2025_08_NYG_PHI,2025,8,0.7658925602977222,9.41871,0.5738866703029726
2025_08_TB_NO,2025,8,0.26670314369852194,-8.086875,0.3911799682962794
2025_08_DAL_DEN,2025,8,0.5991730419225277,3.2617748,0.49268100336600834
2025_08_TEN_IND,2025,8,0.8721796129242705,14.76008,0.477278461095007
2025_08_GB_PIT,2025,8,0.39763285822940686,-3.3691785,0.488658614794428
2025_08_WAS_KC,2025,8,0.7178180054221732,7.4838405,0.4081559945280825
2025_09_BAL_MIA,2025,9,0.4395625893228556,-1.9746454,0.6647777064744824
2025_09_CHI_CIN,2025,9,0.4915679905760873,-0.27445757,0.583130649872408
2025_09_MIN_DET,2025,9,0.8373905039998504,12.773917,0.5995344820121052
2025_09_CAR_GB,2025,9,0.8609757075302612,14.084353,0.5485583169415992
2025_09_DEN_HOU,2025,9,0.5025805520385698,0.08398998,0.45657954774875825
2025_09_ATL_NE,2025,9,0.6734098330933593,5.8345194,0.5102768832413318
2025_09_SF_NYG,2025,9,0.48009941369266507,-0.6479745,0.556710638588122
2025_09_IND_PIT,2025,9,0.3676313216583295,-4.3904595,0.4726622953798427
2025_09_LAC_TEN,2025,9,0.27488417705265783,-7.766064,0.5682999745802465
2025_09_NO_LA,2025,9,0.8586123003762635,13.946615,0.49835977127599246
2025_09_JAX_LV,2025,9,0.4050736941015286,-3.119319,0.4809788003932074
2025_09_KC_BUF,2025,9,0.572063734792121,2.358366,0.6458608777874617
2025_09_SEA_WAS,2025,9,0.43457344936467585,-2.1390786,0.5110877866740426
2025_09_ARI_DAL,2025,9,0.5571622283065242,1.8668748,0.4499546425324087
2025_10_LV_DEN,2025,10,0.7832046771970722,10.167591,0.5205025272972319
2025_10_ATL_IND,2025,10,0.7512733926144797,8.809946,0.5705998875035736
2025_10_NO_CAR,2025,10,0.6808725898953543,6.104489,0.5185660540183735
2025_10_NYG_CHI,2025,10,0.6658683630664519,5.564241,0.5326619483515136
2025_10_JAX_HOU,2025,10,0.5974075392107291,3.2025046,0.6413859019899357
2025_10_BUF_MIA,2025,10,0.320735287993127,-6.0461035,0.5749489099136988
2025_10_BAL_MIN,2025,10,0.3954570297125038,-3.442474,0.532456324729045
2025_10_CLE_NYJ,2025,10,0.6111639573419367,3.6661973,0.6546396603242204
2025_10_NE_TB,2025,10,0.6318705705163534,4.3732977,0.5573575301741145
2025_10_ARI_SEA,2025,10,0.747258562799665,8.6461525,0.5504424395380623
2025_10_LA_SF,2025,10,0.38787880073444114,-3.698631,0.5551695564156743
2025_10_DET_WAS,2025,10,0.23254222068107688,-9.485107,0.4697618451048955
2025_10_PIT_LAC,2025,10,0.6177747630585779,3.8906677,0.5273440846249711
2025_10_PHI_GB,2025,10,0.5813828865289435,2.6674178,0.5358203371493611
2025_11_NYJ_NE,2025,11,0.7212917181227358,7.6177278,0.35345450433745473
2025_11_WAS_MIA,2025,11,0.6779304169313399,5.9977455,0.606181592914498
2025_11_CAR_ATL,2025,11,0.6683339706028069,5.652335,0.5353587735476133
2025_11_TB_BUF,2025,11,0.6916431795396645,6.4988656,0.5153237443699762
2025_11_LAC_JAX,2025,11,0.4122420808773758,-2.8796966,0.5036962371918103
2025_11_CHI_MIN,2025,11,0.5269053557104563,0.87635523,0.435041306443562
2025_11_GB_NYG,2025,11,0.272701642133174,-7.8511796,0.48921141453170847
2025_11_CIN_PIT,2025,11,0.6915680275284579,6.4960933,0.5305747114010486
2025_11_HOU_TEN,2025,11,0.25867369857925976,-8.406616,0.4114352668037652
2025_11_SF_ARI,2025,11,0.48787071329720966,-0.3948335,0.594503786865988
2025_11_SEA_LA,2025,11,0.591537872092668,3.0059242,0.5001820202434212
2025_11_BAL_CLE,2025,11,0.23996406645829454,-9.172416,0.448757191490942
2025_11_KC_DEN,2025,11,0.5054550753399328,0.17755222,0.6114991593742336
2025_11_DET_PHI,2025,11,0.4676164887398747,-1.0551484,0.392118582352777
2025_11_DAL_LV,2025,11,0.4859047951680858,-0.458853,0.5925911349324612
2025_12_BUF_HOU,2025,12,0.4461347776015569,-1.7585158,0.6133849016051112
2025_12_NYJ_BAL,2025,12,0.8068586483516447,11.249403,0.41611648170796756
2025_12_PIT_CHI,2025,12,0.5502290018589817,1.6391498,0.45826465556308194
2025_12_NE_CIN,2025,12,0.33380594049482704,-5.575863,0.5589029453606835
2025_12_NYG_DET,2025,12,0.8667170186612901,14.42574,0.5130784134490193
2025_12_MIN_GB,2025,12,0.7357325276402936,8.18334,0.5515756652150915
2025_12_IND_KC,2025,12,0.6450554646841119,4.8302627,0.540800582762854
2025_12_SEA_TEN,2025,12,0.19573657614846068,-11.126966,0.5421076047721912
2025_12_JAX_ARI,2025,12,0.5181205870841095,0.5899748,0.5940501214725586
2025_12_CLE_LV,2025,12,0.6158417229126776,3.8249137,0.5253282181391116
2025_12_PHI_DAL,2025,12,0.334960190658514,-5.534695,0.4226139625095073
2025_12_ATL_NO,2025,12,0.46706924402219846,-1.0730195,0.42145901455715307
2025_12_TB_LA,2025,12,0.7057129332622573,7.023307,0.5007160963449027
2025_12_CAR_SF,2025,12,0.7658893616230009,9.418574,0.5587338913418215
2025_13_GB_DET,2025,13,0.5986867699967426,3.2454433,0.5228909751771804
2025_13_KC_DAL,2025,13,0.3460926064780025,-5.140411,0.44973256236688935
2025_13_CIN_BAL,2025,13,0.8043956111875015,11.133179,0.6248784377783408
2025_13_CHI_PHI,2025,13,0.7492419192214824,8.726894,0.552902370176555
2025_13_LA_CAR,2025,13,0.3077715939328809,-6.5204635,0.6056419602746097
2025_13_SF_CLE,2025,13,0.3854413705770875,-3.7813225,0.5526521218303895
2025_13_HOU_IND,2025,13,0.610135623502172,3.63138,0.5193913447712052
2025_13_NO_MIA,2025,13,0.7674124882008029,9.483183,0.6204895597800182
2025_13_ATL_NYJ,2025,13,0.5219675678623277,0.7153415,0.6126141162080596
2025_13_ARI_TB,2025,13,0.6949642019989807,6.6216707,0.5648988465748206
2025_13_JAX_TEN,2025,13,0.26023540041448656,-8.344033,0.4283694775639326
2025_13_MIN_SEA,2025,13,0.835842204297319,12.69241,0.505911544677244
2025_13_LV_LAC,2025,13,0.7933617234273236,10.623073,0.5191363979768586
2025_13_BUF_PIT,2025,13,0.40522654131810754,-3.1141987,0.4964913206974911
2025_13_DEN_WAS,2025,13,0.3071826043650845,-6.542219,0.49870282964311063
2025_13_NYG_NE,2025,13,0.7245373486378068,7.743561,0.5228332292314148
2025_14_DAL_DET,2025,14,0.7893048745359053,10.439609,0.7034874366855215
2025_14_SEA_ATL,2025,14,0.26722689443774,-8.066191,0.4672783462065506
2025_14_PIT_BAL,2025,14,0.6993145767926786,6.7834425,0.5393693140892972
2025_14_TEN_CLE,2025,14,0.6721487330508495,5.7891498,0.5395438099311937
2025_14_CHI_GB,2025,14,0.7914572001522514,10.536682,0.6220567623736328
2025_14_IND_JAX,2025,14,0.4658529405629304,-1.1127471,0.5425420311383629
2025_14_WAS_MIN,2025,14,0.5596456689269543,1.9485807,0.6047241042509669
2025_14_MIA_NYJ,2025,14,0.4076770904121918,-3.0321748,0.4836536451560417
2025_14_NO_TB,2025,14,0.8060432857176603,11.210829,0.6124810187328908
2025_14_DEN_LV,2025,14,0.23680765767105744,-9.304739,0.47529042608972055
2025_14_LA_ARI,2025,14,0.2352792200303585,-9.369163,0.5040198779035869
2025_14_CIN_BUF,2025,14,0.7933025899838955,10.620383,0.6390202162382557
2025_14_HOU_KC,2025,14,0.6567050993297889,5.23904,0.5226945521712174
2025_14_PHI_LAC,2025,14,0.4640734110192249,-1.17089,0.5101107363421356
2025_15_ATL_TB,2025,15,0.6834111098374613,6.1969204,0.5060500953895827
2025_15_CLE_CHI,2025,15,0.7350595312989766,8.156641,0.5201665258567445
2025_15_BAL_CIN,2025,15,0.47024095001246013,-0.96946967,0.5469164705795833
2025_15_ARI_HOU,2025,15,0.7810812381470023,10.073947,0.48691198086294957
2025_15_NYJ_JAX,2025,15,0.8221525425483411,11.992384,0.4537827631972808
2025_15_LAC_KC,2025,15,0.6726458899672075,5.8070273,0.509432455231048
2025_15_BUF_NE,2025,15,0.47060436722263743,-0.9576089,0.5472783477090224
2025_15_WAS_NYG,2025,15,0.589012348617072,2.9215562,0.5129499293229068
2025_15_LV_PHI,2025,15,0.870724184315783,14.670048,0.5663650573179201
2025_15_GB_DEN,2025,15,0.4986151146859348,-0.045074042,0.5446088491547698
2025_15_DET_LA,2025,15,0.642277260449855,4.733495,0.47646301413416214
2025_15_CAR_NO,2025,15,0.4654178638330083,-1.1269603,0.5421077941693544
2025_15_IND_SEA,2025,15,0.7990394266408049,10.88346,0.420148295798847
2025_15_TEN_SF,2025,15,0.8606016758939332,14.062449,0.5478902455662092
2025_15_MIN_DAL,2025,15,0.6004112425017523,3.303383,0.4328300728365897
2025_15_MIA_PIT,2025,15,0.5463726413278809,1.5127083,0.45440308442923505
2025_16_LA_SEA,2025,16,0.5150665410501033,0.49048832,0.4690142393341976
2025_16_GB_CHI,2025,16,0.45447107357038724,-1.4850643,0.40908621473241247
2025_16_PHI_WAS,2025,16,0.3147678956521338,-6.263419,0.5226191204076426
2025_16_NE_BAL,2025,16,0.6053714228551237,3.47041,0.49909085915882584
2025_16_TB_CAR,2025,16,0.4240381332138059,-2.4874675,0.5157433369314925
2025_16_BUF_CLE,2025,16,0.2581850262143467,-8.426239,0.5634459187034166
2025_16_LAC_DAL,2025,16,0.5593232157075221,1.9379677,0.5134538898437488
2025_16_NYJ_NO,2025,16,0.6073488323482497,3.5371554,0.4097512337059962
2025_16_MIN_NYG,2025,16,0.48003738690392717,-0.6499958,0.5566491621473377
2025_16_KC_TEN,2025,16,0.3125919117982652,-6.3430977,0.4133396012552256
2025_16_ATL_ARI,2025,16,0.575886187882017,2.484959,0.6494807849061479
2025_16_JAX_DEN,2025,16,0.6264801383593097,4.1880555,0.5211304350095298
2025_16_PIT_DET,2025,16,0.7291249085317282,7.9226723,0.512984201162377
2025_16_LV_HOU,2025,16,0.8769022381380606,15.057226,0.5171153740553561
2025_16_CIN_MIA,2025,16,0.529670245468254,0.96657133,0.6345750513726105
2025_16_SF_IND,2025,16,0.5446750373537691,1.4570937,0.6768069789115814
2025_17_DAL_WAS,2025,17,0.4289962105068588,-2.3233027,0.6828564351811998
2025_17_DET_MIN,2025,17,0.39916753250843867,-3.3175457,0.6116438465602146
2025_17_DEN_KC,2025,17,0.4357896658358394,-2.0989637,0.8100434551494289
2025_17_SEA_CAR,2025,17,0.26885157764297735,-8.002155,0.4539494198773954
2025_17_ARI_CIN,2025,17,0.7193706843979623,7.5435863,0.5166966672647132
2025_17_PIT_CLE,2025,17,0.23256196095956844,-9.484269,0.35053890188621517
2025_17_BAL_GB,2025,17,0.6906169838044218,6.4610367,0.6198402282970178
2025_17_JAX_IND,2025,17,0.4374349337587066,-2.044729,0.5446193842889923
2025_17_HOU_LAC,2025,17,0.5169613463372411,0.5522084,0.4709051927476116
2025_17_NYG_LV,2025,17,0.5237169630061312,0.7723728,0.6142950396629934
2025_17_TB_MIA,2025,17,0.45754114162667864,-1.3845304,0.6243610968471504
2025_17_NE_NYJ,2025,17,0.2908519982837847,-7.1530724,0.6597556239052301
2025_17_NO_TEN,2025,17,0.4583084300863793,-1.3594176,0.5043192741589798
2025_17_PHI_BUF,2025,17,0.6461782112315525,4.869445,0.557240375650444
2025_17_CHI_SF,2025,17,0.6351629972568006,4.486879,0.5302924255328727
2025_17_LA_ATL,2025,17,0.2534927648356468,-8.615653,0.46576398478722547
2025_18_NO_ATL,2025,18,0.6554827644809876,5.1959114,0.5213714627003834
2025_18_NYJ_BUF,2025,18,0.8393733479540462,12.87904,0.5116442431875083
2025_18_DET_CHI,2025,18,0.5029867789999253,0.09721179,0.39663473395517346
2025_18_CLE_CIN,2025,18,0.7486240742952097,8.701706,0.47548806798221444
2025_18_LAC_DEN,2025,18,0.7472342537850554,8.6451645,0.3260261088121327
2025_18_IND_HOU,2025,18,0.7198246541960769,7.5610847,0.4406479964294423
2025_18_TEN_JAX,2025,18,0.8485975423173258,13.379605,0.5270049846306429
2025_18_ARI_LA,2025,18,0.8450611881680341,13.185384,0.4596776636152168
2025_18_KC_LV,2025,18,0.3007533058709398,-6.78091,0.4002574019635869
2025_18_GB_MIN,2025,18,0.6609558033408441,5.389475,0.29197621851620925
2025_18_MIA_NE,2025,18,0.7884637819840976,10.401833,0.3908460396822351
2025_18_DAL_NYG,2025,18,0.5394631462654698,1.2865114,0.6293482990658525
2025_18_WAS_PHI,2025,18,0.7839549204919123,10.200804,0.7104067766425078
2025_18_BAL_PIT,2025,18,0.5129654388813225,0.42206126,0.647683907556821
2025_18_SEA_SF,2025,18,0.45650550776589915,-1.4184341,0.5331924379384644
2025_18_CAR_TB,2025,18,0.729252965915545,7.927693,0.6478449286037122
2025_19_GB_CHI,2025,19,0.580996477450173,2.6545744,0.6543096675769053
2025_19_BUF_JAX,2025,19,0.5523698451633021,1.7094098,0.5064337831017401
2025_19_SF_PHI,2025,19,0.5843668884333933,2.7666883,0.4016745526204068
2025_19_LAC_NE,2025,19,0.741110154009622,8.397943,0.6469939990092839
2025_19_HOU_PIT,2025,19,0.48253582285250285,-0.5685893,0.5742701555388809
2025_19_LA_CAR,2025,19,0.31960328246169667,-6.0871964,0.6184248595378272
2025_20_BUF_DEN,2025,20,0.5181047103032348,0.5894576,0.4720467360319153
2025_20_SF_SEA,2025,20,0.6692340584740482,5.6845593,0.47496225983050355
2025_20_LA_CHI,2025,20,0.36843214254806933,-4.3628716,0.4735079961296821
2025_20_HOU_NE,2025,20,0.5883275768978515,2.8987021,0.49688768161995134
2025_21_NE_DEN,2025,21,0.45796550486079773,-1.3706406,0.565131934033521
2025_21_LA_SEA,2025,21,0.6114144114028726,3.674681,0.5360425907998839
2025_22_SEA_NE,2025,22,0.5157253442979126,0.5119464,0.650250749883208
2026_01_NE_SEA,2026,1,0.6409581970744433,4.682246,0.5516014203521232
2026_01_SF_LA,2026,1,0.7205679845710561,7.581028,0.6234918741706911
2026_01_CHI_CAR,2026,1,0.456249734065533,-1.4251661,0.5483233545665407
2026_01_TB_CIN,2026,1,0.5349621370904782,1.1380635,0.42774608434425615
2026_01_NO_DET,2026,1,0.7635785005399842,9.310263,0.5706900005538104
2026_01_BUF_HOU,2026,1,0.5378838279734601,1.2334446,0.5834628238561523
2026_01_BAL_IND,2026,1,0.4972562889977487,-0.08919762,0.5887906978092018
2026_01_CLE_JAX,2026,1,0.814240429513226,11.589908,0.594154493863851
2026_01_ATL_PIT,2026,1,0.6553061556106161,5.1837096,0.4595801075555836
2026_01_NYJ_TEN,2026,1,0.5705965417932145,2.3071759,0.5248128352607269
2026_01_ARI_LAC,2026,1,0.7469051609272879,8.621862,0.5037484514565693
2026_01_MIA_LV,2026,1,0.4547900005579413,-1.4729186,0.36509186496851964
2026_01_GB_MIN,2026,1,0.5838917088826524,2.7477024,0.5383203988013451
2026_01_WAS_PHI,2026,1,0.7202408446970048,7.5684147,0.5481273439823982
2026_01_DAL_NYG,2026,1,0.5742873747997086,2.4291809,0.6622505225168172
2026_01_DEN_KC,2026,1,0.5165437829369182,0.53798586,0.4398775512321747
2026_02_DET_BUF,2026,2,0.622190782465709,4.0366073,0.4550811473228558
2026_02_CAR_ATL,2026,2,0.6687823421815803,5.6618567,0.7354282542771623
2026_02_NO_BAL,2026,2,0.7736271402634878,9.738051,0.5380248942462316
2026_02_MIN_CHI,2026,2,0.6147514090692262,3.783508,0.47797180270443873
2026_02_CIN_HOU,2026,2,0.6103357392346578,3.6339645,0.519493084125874
2026_02_PIT_NE,2026,2,0.6897458005986419,6.421563,0.5588920386442687
2026_02_GB_NYJ,2026,2,0.31265846685246484,-6.3333564,0.4135338474212681
2026_02_CLE_TB,2026,2,0.7068927766913982,7.05966,0.4557858223601935
2026_02_PHI_TEN,2026,2,0.24577944192882722,-8.920796,0.4411312894800394
2026_02_JAX_DEN,2026,2,0.47875017223960725,-0.6911502,0.40282125448846573
2026_02_LV_LAC,2026,2,0.6871812989919972,6.3274884,0.49469367368109657
2026_02_SEA_ARI,2026,2,0.2926553209902547,-7.076703,0.3913588722053576
2026_02_WAS_DAL,2026,2,0.5635496248583886,2.074788,0.4562483351708075
2026_02_MIA_SF,2026,2,0.7545444630906591,8.934141,0.3916800328657573
2026_02_IND_KC,2026,2,0.6893039048348402,6.4053288,0.5124659456874192
2026_02_NYG_LA,2026,2,0.7124326789098585,7.2694488,0.5236544854303111
2026_03_ATL_GB,2026,3,0.7257399186823004,7.781399,0.5998697059119744
2026_03_LAC_BUF,2026,3,0.8131103319535031,11.535241,0.6367129958820641
2026_03_CAR_CLE,2026,3,0.3746265060095894,-4.145354,0.4495240959304505
2026_03_NYJ_DET,2026,3,0.7756624545685091,9.825989,0.5862448540881917
2026_03_HOU_IND,2026,3,0.47363259097978866,-0.8578187,0.5197455265760174
2026_03_NE_JAX,2026,3,0.5353153918343151,1.1495925,0.4432736978993662
2026_03_KC_MIA,2026,3,0.29733391331228287,-6.9008365,0.5944312161410478
2026_03_TEN_NYG,2026,3,0.6747390556149839,5.8756447,0.6026748008758746
2026_03_CIN_PIT,2026,3,0.4395942630707457,-1.9713302,0.5469134701134629
2026_03_SEA_WAS,2026,3,0.3004320653963081,-6.7850747,0.5525980494867834
2026_03_ARI_SF,2026,3,0.8282817083923792,12.287216,0.6439789302003838
2026_03_MIN_TB,2026,3,0.41836339983639487,-2.6727712,0.4639744784157622
2026_03_BAL_DAL,2026,3,0.421150902160676,-2.580273,0.5129086167302447
2026_03_LV_NO,2026,3,0.6179931928544179,3.893616,0.5121058293454491
2026_03_LA_DEN,2026,3,0.487023808378858,-0.4219251,0.4410969492971462
2026_03_PHI_CHI,2026,3,0.4952456466511264,-0.15456574,0.6017762014385254
2026_04_PIT_CLE,2026,4,0.4299530764013576,-2.2890253,0.5064893279759213
2026_04_IND_WAS,2026,4,0.45996542751818903,-1.3036997,0.5973324317115729
2026_04_TEN_BAL,2026,4,0.8353461067778063,12.651816,0.5353835305225982
2026_04_NE_BUF,2026,4,0.6917780637559887,6.4963536,0.48451165259642753
2026_04_NYJ_CHI,2026,4,0.6824121319781293,6.1534157,0.5810536433773481
2026_04_JAX_CIN,2026,4,0.4045194233214575,-3.1342773,0.3319892483734783
2026_04_DAL_HOU,2026,4,0.6329570009658143,4.405661,0.5431538500672399
2026_04_ARI_NYG,2026,4,0.6249262834157292,4.130056,0.6953964656220305
2026_04_LA_PHI,2026,4,0.41503197632078814,-2.7834976,0.5220285194903783
2026_04_GB_TB,2026,4,0.4690410088093585,-1.0074764,0.5610500795435527
2026_04_MIA_MIN,2026,4,0.7299302110466117,7.9451103,0.4370547428193493
2026_04_KC_LV,2026,4,0.3757001251793036,-4.1086383,0.5120365200836972
2026_04_LAC_SEA,2026,4,0.7359579652977986,8.182859,0.5363345593387401
2026_04_DEN_SF,2026,4,0.6305308159088187,4.322193,0.540600525565732
2026_04_DET_CAR,2026,4,0.4311916088384663,-2.2481403,0.5384476857757515
2026_04_ATL_NO,2026,4,0.5613415410229783,2.002112,0.4846886463644973
2026_05_TB_DAL,2026,5,0.6432154824724545,4.7606573,0.3573976235866134
2026_05_PHI_JAX,2026,5,0.7495318838437318,8.728665,0.6706485018151289
2026_05_CIN_MIA,2026,5,0.34707351166604017,-5.1000223,0.603398182508876
2026_05_LV_NE,2026,5,0.7249154927713249,7.7493353,0.6284087846235181
2026_05_MIN_NO,2026,5,0.41311376623947227,-2.8473446,0.48931690239431713
2026_05_CLE_NYJ,2026,5,0.5328522594836206,1.0692234,0.48675168132989294
2026_05_IND_PIT,2026,5,0.5026099767680394,0.08484988,0.4565559872217943
2026_05_HOU_TEN,2026,5,0.2918680394572748,-7.106424,0.4813531033554748
2026_05_NYG_WAS,2026,5,0.5958982378515785,3.1482594,0.5199322593857163
2026_05_DEN_LAC,2026,5,0.3814617775398017,-3.9121552,0.4566475673087761
2026_05_DET_ARI,2026,5,0.36267290593089097,-4.55647,0.5289975502268067
2026_05_CHI_GB,2026,5,0.4553179594425347,-1.4556452,0.38018416211799255
2026_05_SF_SEA,2026,5,0.5775469033270916,2.5371072,0.48576436922786176
2026_05_BAL_ATL,2026,5,0.436747270679585,-2.0650125,0.6192091362341864
2026_05_BUF_LA,2026,5,0.5262273596189656,0.8532558,0.4494816701644298
